order_id,order_date,customer_name,customer_phone,product_id,product_name,quantity,total_amount,discount_amount,status,comment,delivery_date,gift_card
2029912910638,2024-03-13 03:48:31,анна СМиРновА,+7 9544 00 45,1,кОрм дЛя сОбак,5,2182.68,317.32,CoMPlETed,Всё отлично!,09.03.2024,7393541080944537
2029912909123,2024-03-27 15:16:53,АЛеКсеЙ миХаЙЛОв,8(9781) 06-43,2,ИгРуШкА мяЧ,1,294.83,5.17,caNcEllED,Проверить наличие,2024-03-12,6740041071574576
2029912909123,2024-03-27 15:16:53,АЛеКсеЙ миХаЙЛОв,8(9781) 06-43,5,молОКо,3,8447.91,552.09,CAnceLlED,Проверить наличие,2024-03-12,6740041071574576
2029912908556,2024-03-17 17:32:15,сЕргеЙ СиДорОВ,+7(9165)18-92,3,амУниЦИя дЛЯ собАК,3,2899.34,700.66,PROceSSing,"Задержка с доставкой, печалька...",2024-03-06,1427429564961865
2029912908556,2024-03-17 17:32:15,сЕргеЙ СиДорОВ,+7(9165)18-92,1,КОрМ ДЛЯ СобАК,2,811.71,188.29,proCeSsinG,"Задержка с доставкой, печалька...",2024-03-06,1427429564961865
2029912908556,2024-03-17 17:32:15,сЕргеЙ СиДорОВ,+7(9165)18-92,1,корм для СоБАк,4,1964.58,35.42,PRoCESsing,"Задержка с доставкой, печалька...",2024-03-06,1427429564961865
2029912907653,2024-03-29 02:50:41,иВАН ИВАнОв,+7 9332 43 52,2,ИгРушКа Мяч,3,810.54,89.46,ProcESsiNg,Нужно уточнить сроки,2024/03/02,5400040208300223
2029912907653,2024-03-29 02:50:41,иВАН ИВАнОв,+7 9332 43 52,2,игРушКА МяЧ,2,562.65,37.35,procesSIng,Нужно уточнить сроки,2024/03/02,5400040208300223
2029912906718,06.03.2024 00:06,ИвАН иВаНОВ,+7 9825 86 03,1,кОРМ ДЛя СОБак,2,947.48,52.52,complEtED,подарок вовремя,2024/03/30,9345735072600498
2029912905775,2024-03-23 04:53:25,НАталЬЯ ваСИльева,+7(9019)78-57,5,мОЛоко,2,5324.88,675.12,canceLled,подарок вовремя,2024-03-08,8542030030672867
2029912904853,17.03.2024 10:42,аЛЕКСей МихаЙлоВ,+7 9005 49 28,3,АМУНицИЯ дЛя СОбаК,4,3850.49,949.51,PRoCeSSING,Нужно уточнить сроки,2024-03-21,2360018038463758
2029912904853,17.03.2024 10:42,аЛЕКСей МихаЙлоВ,+7 9005 49 28,4,ПодпИСКА На Газету,3,1632.3,167.7,proCesSIng,Нужно уточнить сроки,2024-03-21,2360018038463758
2029912903764,13.03.2024 08:07,СЕрГЕй сИдОрОВ,+7 9961 94 75,5,мОлОКО,2,5403.25,596.75,COMpleTED,спасибо за заказ,2024/03/05,6334069009865903
2029912903764,13.03.2024 08:07,СЕрГЕй сИдОрОВ,+7 9961 94 75,4,ПОДПиСкА НА ГаЗЕту,3,1668.35,131.65,comPlETed,спасибо за заказ,2024/03/05,6334069009865903
2029912903764,13.03.2024 08:07,СЕрГЕй сИдОрОВ,+7 9961 94 75,4,пОдпИсКА на гАЗеТУ,2,989.53,210.47,CoMpletED,спасибо за заказ,2024/03/05,6334069009865903
2029912903764,13.03.2024 08:07,СЕрГЕй сИдОрОВ,+7 9961 94 75,5,мОлОКо,2,5279.21,720.79,COmPLEted,спасибо за заказ,2024/03/05,6334069009865903
2029912903764,13.03.2024 08:07,СЕрГЕй сИдОрОВ,+7 9961 94 75,2,ИгРушКА мяЧ,1,297.13,2.87,COMpleTeD,спасибо за заказ,2024/03/05,6334069009865903
2029912902517,2024/03/12 04:00:35,Ольга КУЗНецовА,8(9718) 85-96,4,пОдПиСкА нА ГАЗЕТу,3,1710.48,89.52,cOmplEteD,спасибо за заказ,2024-03-02,0392488528269162
2029912902517,2024/03/12 04:00:35,Ольга КУЗНецовА,8(9718) 85-96,3,амУниЦиЯ дЛЯ СобАк,2,2257.81,142.19,CoMpleTed,спасибо за заказ,2024-03-02,0392488528269162
2029912902517,2024/03/12 04:00:35,Ольга КУЗНецовА,8(9718) 85-96,4,ПоДПИСКа На ГаЗету,4,2227.8,172.2,comPlEted,спасибо за заказ,2024-03-02,0392488528269162
2029912902517,2024/03/12 04:00:35,Ольга КУЗНецовА,8(9718) 85-96,3,АмУНиция дЛЯ Собак,4,3970.25,829.75,cOmPlETed,спасибо за заказ,2024-03-02,0392488528269162
2029912902517,2024/03/12 04:00:35,Ольга КУЗНецовА,8(9718) 85-96,5,мОлоКО,5,12176.67,2823.33,coMPlETeD,спасибо за заказ,2024-03-02,0392488528269162
2029912901382,2024-03-01 21:04:59,дМиТРий КуЗнеЦОв,+7(9525)40-79,3,АмунИЦИя длЯ сОбак,4,3950.46,849.54,COmpLETeD,спасибо за заказ,26.03.2024,6480080878130154
2029912901382,2024-03-01 21:04:59,дМиТРий КуЗнеЦОв,+7(9525)40-79,3,АмУНиЦИя ДлЯ СоБаК,1,1149.27,50.73,CompLetED,спасибо за заказ,26.03.2024,6480080878130154
2029912901382,2024-03-01 21:04:59,дМиТРий КуЗнеЦОв,+7(9525)40-79,4,ПОдпИСка нА гАзету,2,1057.03,142.97,cOmpLeTed,спасибо за заказ,26.03.2024,6480080878130154
2029912901382,2024-03-01 21:04:59,дМиТРий КуЗнеЦОв,+7(9525)40-79,5,МОлоко,2,5878.24,121.76,compLEteD,спасибо за заказ,26.03.2024,6480080878130154
2029912901382,2024-03-01 21:04:59,дМиТРий КуЗнеЦОв,+7(9525)40-79,3,амУНиЦия ДЛЯ сОбАК,2,2367.17,32.83,coMPLeTEd,спасибо за заказ,26.03.2024,6480080878130154
2029912900399,20.03.2024 12:43,ивАН иВАНов,+7(9514)32-64,2,иГруШка МЯч,3,851.33,48.67,CancelLed,спасибо за заказ,28.03.2024,4428766082722045
2029912900399,20.03.2024 12:43,ивАН иВАНов,+7(9514)32-64,2,ИгРУШКА мЯЧ,3,814.18,85.82,CanceLlEd,спасибо за заказ,28.03.2024,4428766082722045
2029912900399,20.03.2024 12:43,ивАН иВАНов,+7(9514)32-64,4,ПОдпиСКа На ГазЕТу,2,1158.65,41.35,CaNCElLeD,спасибо за заказ,28.03.2024,4428766082722045
2029912900399,20.03.2024 12:43,ивАН иВАНов,+7(9514)32-64,5,МОлоко,4,9798.58,2201.42,cANcELlED,спасибо за заказ,28.03.2024,4428766082722045
2029912900399,20.03.2024 12:43,ивАН иВАНов,+7(9514)32-64,4,пОДпИСкА нА ГазЕТУ,5,2985.84,14.16,cancELlEd,спасибо за заказ,28.03.2024,4428766082722045
2029912899580,2024/03/25 03:33:35,ДмитРиЙ КузнЕЦОв,+7(9627)08-77,5,молОКО,3,8670.02,329.98,caNcELlED,Ждём с нетерпением!,04.03.2024,0141692252875041
2029912899580,2024/03/25 03:33:35,ДмитРиЙ КузнЕЦОв,+7(9627)08-77,5,МОЛокО,1,2633.1,366.9,CaNCElLeD,Ждём с нетерпением!,04.03.2024,0141692252875041
2029912899580,2024/03/25 03:33:35,ДмитРиЙ КузнЕЦОв,+7(9627)08-77,3,аМУНицИя ДЛя СоБАК,4,3974.93,825.07,CANCelled,Ждём с нетерпением!,04.03.2024,0141692252875041
2029912899580,2024/03/25 03:33:35,ДмитРиЙ КузнЕЦОв,+7(9627)08-77,1,корМ дЛя СОбаК,2,894.31,105.69,CANCelLEd,Ждём с нетерпением!,04.03.2024,0141692252875041
2029912899580,2024/03/25 03:33:35,ДмитРиЙ КузнЕЦОв,+7(9627)08-77,1,КорМ для Собак,4,1773.34,226.66,CaNcelleD,Ждём с нетерпением!,04.03.2024,0141692252875041
2029912898547,2024/03/30 02:48:42,наталЬя васИЛЬева,+7(9735)26-84,3,аМуниЦИя для Собак,3,3336.72,263.28,compleTEd,спасибо за заказ,2024/03/13,5785645207143011
2029912898547,2024/03/30 02:48:42,наталЬя васИЛЬева,+7(9735)26-84,5,МОлОКо,1,2791.41,208.59,cOmplEted,спасибо за заказ,2024/03/13,5785645207143011
2029912898547,2024/03/30 02:48:42,наталЬя васИЛЬева,+7(9735)26-84,2,ИГрушКа мяч,2,518.56,81.44,coMPLEted,спасибо за заказ,2024/03/13,5785645207143011
2029912898547,2024/03/30 02:48:42,наталЬя васИЛЬева,+7(9735)26-84,2,ИГрушка МяЧ,2,500.76,99.24,coMPlEtEd,спасибо за заказ,2024/03/13,5785645207143011
2029912897965,2024/03/09 04:37:02,Анна сМиРНоВА,+7 9187 95 11,1,КОРМ Для собАК,4,1860.22,139.78,PrOcessING,"Задержка с доставкой, печалька...",2024-03-01,8426626163038665
2029912897965,2024/03/09 04:37:02,Анна сМиРНоВА,+7 9187 95 11,3,аМунИЦиЯ ДЛЯ СобАК,4,4432.33,367.67,prOcESSIng,"Задержка с доставкой, печалька...",2024-03-01,8426626163038665
2029912897965,2024/03/09 04:37:02,Анна сМиРНоВА,+7 9187 95 11,1,кОРМ ДлЯ СоБАк,2,969.13,30.87,procESSiNG,"Задержка с доставкой, печалька...",2024-03-01,8426626163038665
2029912896968,30.03.2024 17:17,МАрИЯ пеТРОВа,+7(9495)27-62,4,подписКА на ГАЗеТУ,4,2078.39,321.61,COMPletEd,Ждём с нетерпением!,12.03.2024,7536297979813953
2029912896968,30.03.2024 17:17,МАрИЯ пеТРОВа,+7(9495)27-62,5,МолОкО,2,4962.91,1037.09,CoMPlEtED,Ждём с нетерпением!,12.03.2024,7536297979813953
2029912896968,30.03.2024 17:17,МАрИЯ пеТРОВа,+7(9495)27-62,4,пОдПисКа на гАзЕТУ,3,1625.85,174.15,coMpLetED,Ждём с нетерпением!,12.03.2024,7536297979813953
2029912895946,06.03.2024 11:45,миХаИЛ ОрлОв,+7(9232)21-75,4,ПодПИска На ГАзЕту,1,540.12,59.88,canCELLEd,подарок вовремя,2024-03-02,9299690138500228
2029912895946,06.03.2024 11:45,миХаИЛ ОрлОв,+7(9232)21-75,3,амуНицИЯ для собак,5,5667.25,332.75,CAncelleD,подарок вовремя,2024-03-02,9299690138500228
2029912894623,2024/03/08 03:08:19,ДМиТриЙ кУЗнЕцОВ,+7 9967 03 92,5,МолОкО,2,5646.35,353.65,COmpLEteD,подарок вовремя,2024/03/14,2343898432698423
2029912893553,06.03.2024 09:47,МИХАил ОРлОв,+7(9983)30-84,4,поДпиСКА НА ГАЗЕту,2,1074.42,125.58,PrOCessiNG,подарок вовремя,2024/03/04,5313087793008699
2029912892383,2024-03-24 07:28:35,НатАЛЬЯ ВаСИлЬеВА,8(9861) 38-59,3,АМунИЦИЯ ДЛя СОбАК,3,3399.28,200.72,cAnCELlEd,Ждём с нетерпением!,12.03.2024,2543820507753440
2029912892383,2024-03-24 07:28:35,НатАЛЬЯ ВаСИлЬеВА,8(9861) 38-59,5,МолоКО,5,13309.62,1690.38,CAnCELlED,Ждём с нетерпением!,12.03.2024,2543820507753440
2029912892383,2024-03-24 07:28:35,НатАЛЬЯ ВаСИлЬеВА,8(9861) 38-59,1,кОрМ длЯ СоБАК,4,1860.12,139.88,CanCELLEd,Ждём с нетерпением!,12.03.2024,2543820507753440
2029912892383,2024-03-24 07:28:35,НатАЛЬЯ ВаСИлЬеВА,8(9861) 38-59,4,пОДпИсКА нА гАзеТУ,1,517.89,82.11,caNcelleD,Ждём с нетерпением!,12.03.2024,2543820507753440
2029912891553,2024/03/29 02:22:27,СергЕй сиДОров,+7(9740)55-88,2,игРУшКа мЯч,3,732.78,167.22,CanCELLEd,Нужно уточнить сроки,2024-03-09,7547820905872662
2029912891553,2024/03/29 02:22:27,СергЕй сиДОров,+7(9740)55-88,3,амунИциЯ дЛя сОБАк,5,5199.38,800.62,cANcellED,Нужно уточнить сроки,2024-03-09,7547820905872662
2029912890126,2024-03-31 23:23:43,наТАлЬя ВАСиЛьЕВа,8(9620) 70-16,3,амуНИциЯ ДЛЯ СОБак,3,3583.6,16.4,ProCeSSInG,подарок вовремя,2024/03/12,1550438285959933
2029912890126,2024-03-31 23:23:43,наТАлЬя ВАСиЛьЕВа,8(9620) 70-16,4,подписКа НА газеТу,5,2796.78,203.22,processiNg,подарок вовремя,2024/03/12,1550438285959933
2029912890126,2024-03-31 23:23:43,наТАлЬя ВАСиЛьЕВа,8(9620) 70-16,1,КОрМ длЯ сОбАК,5,2332.85,167.15,pRocessINg,подарок вовремя,2024/03/12,1550438285959933
2029912890126,2024-03-31 23:23:43,наТАлЬя ВАСиЛьЕВа,8(9620) 70-16,5,МолОКо,1,2827.49,172.51,PrOceSSINg,подарок вовремя,2024/03/12,1550438285959933
2029912890126,2024-03-31 23:23:43,наТАлЬя ВАСиЛьЕВа,8(9620) 70-16,5,моЛОКО,1,2474.43,525.57,PrOCEssING,подарок вовремя,2024/03/12,1550438285959933
2029912889472,2024/03/07 18:17:47,олЬГа кУЗНеЦОВа,+7(9627)30-20,3,АМУНицИя дЛя собАк,2,2032.93,367.07,PRoCessinG,подарок вовремя,04.03.2024,1304849777765539
2029912889472,2024/03/07 18:17:47,олЬГа кУЗНеЦОВа,+7(9627)30-20,2,ИГРушка мяч,5,1314.25,185.75,PrOcesSiNg,подарок вовремя,04.03.2024,1304849777765539
2029912888617,2024/03/31 22:13:58,ЕЛЕНА новикоВа,8(9703) 84-25,4,поДПИСКА На ГАзеТУ,4,2159.25,240.75,prOCeSsIng,подарок вовремя,2024-03-29,6046568159376818
2029912888617,2024/03/31 22:13:58,ЕЛЕНА новикоВа,8(9703) 84-25,3,амуНИЦИя дЛЯ соБак,5,5875.76,124.24,PrOcEsSinG,подарок вовремя,2024-03-29,6046568159376818
2029912888617,2024/03/31 22:13:58,ЕЛЕНА новикоВа,8(9703) 84-25,5,мОЛокО,4,11287.05,712.95,procesSiNG,подарок вовремя,2024-03-29,6046568159376818
2029912887950,2024-03-26 01:24:43,МАРИЯ ПетровА,8(9763) 45-39,5,МОЛоКО,2,5736.87,263.13,cOmplEtED,Нужно уточнить сроки,2024-03-14,0625541779776442
2029912887950,2024-03-26 01:24:43,МАРИЯ ПетровА,8(9763) 45-39,5,мОЛОКО,1,2583.59,416.41,cOMPlETed,Нужно уточнить сроки,2024-03-14,0625541779776442
2029912886445,2024-03-07 09:58:48,ИваН иВАнОВ,+7(9736)52-04,4,подпискА НА ГазеТУ,3,1683.79,116.21,ProCeSSINg,Проверить наличие,2024-03-27,0340220321037024
2029912886445,2024-03-07 09:58:48,ИваН иВАнОВ,+7(9736)52-04,3,АмуницИя длЯ сОбАК,2,2138.8,261.2,ProCeSSiNg,Проверить наличие,2024-03-27,0340220321037024
2029912886445,2024-03-07 09:58:48,ИваН иВАнОВ,+7(9736)52-04,3,АМуНИЦия Для собаК,5,5710.72,289.28,PRoCeSsIng,Проверить наличие,2024-03-27,0340220321037024
2029912885956,2024-03-13 00:24:47,аЛексеЙ миХАЙлОв,+7 9650 52 05,4,ПОдпИСКа нА ГазетУ,3,1658.86,141.14,CoMPleTED,Нужно уточнить сроки,2024/03/10,5060746183635912
2029912884117,2024/03/20 12:33:38,мИхАиЛ ОРлоВ,+7 9616 41 46,3,амУниЦиЯ для соБак,2,2092.1,307.9,CANceLlED,Всё отлично!,2024-03-11,8271343166851656
2029912883707,02.03.2024 23:49,мАРИЯ ПетРОВа,+7 9452 89 34,5,мОЛокО,3,8185.58,814.42,procesSinG,Ждём с нетерпением!,22.03.2024,6673919811249229
2029912883707,02.03.2024 23:49,мАРИЯ ПетРОВа,+7 9452 89 34,2,игрУшка МЯч,4,968.71,231.29,PRocesSIng,Ждём с нетерпением!,22.03.2024,6673919811249229
2029912882905,10.03.2024 14:06,ОЛьга куЗНЕЦовА,8(9972) 25-74,4,ПОдПиска На ГАзЕтУ,1,482.6,117.4,cancElLED,Нужно уточнить сроки,2024-03-11,9443550456815896
2029912882905,10.03.2024 14:06,ОЛьга куЗНЕЦовА,8(9972) 25-74,3,амУНИция для СобАк,5,5907.06,92.94,CAnceLled,Нужно уточнить сроки,2024-03-11,9443550456815896
2029912882905,10.03.2024 14:06,ОЛьга куЗНЕЦовА,8(9972) 25-74,2,иГРУШКА Мяч,3,845.81,54.19,CANCELlED,Нужно уточнить сроки,2024-03-11,9443550456815896
2029912881737,2024-03-10 12:01:33,марИЯ пЕтРоВа,+7 9113 97 76,1,КОрм ДЛя собаК,2,880.57,119.43,CaNCelLed,"Задержка с доставкой, печалька...",2024-03-30,9666503024670082
2029912881737,2024-03-10 12:01:33,марИЯ пЕтРоВа,+7 9113 97 76,5,моЛОко,4,10810.67,1189.33,CAnCelLeD,"Задержка с доставкой, печалька...",2024-03-30,9666503024670082
2029912881737,2024-03-10 12:01:33,марИЯ пЕтРоВа,+7 9113 97 76,3,аМуНиЦИя дЛЯ собаК,4,4305.75,494.25,caNCeLLED,"Задержка с доставкой, печалька...",2024-03-30,9666503024670082
2029912880527,2024/03/12 12:03:30,ИВаН иВаНОв,+7(9204)41-51,5,МОЛОко,4,11155.74,844.26,CANcELled,подарок вовремя,2024-03-21,0179999431207141
2029912880527,2024/03/12 12:03:30,ИВаН иВаНОв,+7(9204)41-51,2,игРушка МЯч,4,1027.33,172.67,CANcElLED,подарок вовремя,2024-03-21,0179999431207141
2029912879847,2024-03-08 00:06:43,мариЯ ПЕтРОВа,+7 9659 23 25,1,кОРМ дЛЯ СоБАк,2,945.58,54.42,cOmPLetEd,Всё отлично!,2024-03-06,6826737202163601
2029912879847,2024-03-08 00:06:43,мариЯ ПЕтРОВа,+7 9659 23 25,5,МОЛоКо,1,2452.53,547.47,cOMpLeTED,Всё отлично!,2024-03-06,6826737202163601
2029912879847,2024-03-08 00:06:43,мариЯ ПЕтРОВа,+7 9659 23 25,2,ИгРушкА МяЧ,1,249.05,50.95,COMpLetEd,Всё отлично!,2024-03-06,6826737202163601
2029912879847,2024-03-08 00:06:43,мариЯ ПЕтРОВа,+7 9659 23 25,5,МОЛОкО,5,12288.7,2711.3,COmPLeTeD,Всё отлично!,2024-03-06,6826737202163601
2029912878745,2024/03/07 06:51:47,дмИТрИй куЗнеЦов,8(9812) 07-69,2,иГрУШка МяЧ,5,1446.28,53.72,cANCElled,Всё отлично!,2024/03/17,4935153525079647
2029912878745,2024/03/07 06:51:47,дмИТрИй куЗнеЦов,8(9812) 07-69,5,мОЛОКо,5,12097.72,2902.28,cAnCeLled,Всё отлично!,2024/03/17,4935153525079647
2029912878745,2024/03/07 06:51:47,дмИТрИй куЗнеЦов,8(9812) 07-69,2,иГрУшКА Мяч,4,1106.93,93.07,cancelLeD,Всё отлично!,2024/03/17,4935153525079647
2029912878745,2024/03/07 06:51:47,дмИТрИй куЗнеЦов,8(9812) 07-69,1,коРМ ДЛя СобАк,4,1634.44,365.56,cancElLEd,Всё отлично!,2024/03/17,4935153525079647
2029912877582,18.03.2024 14:58,ЕлеНА новИкОва,+7(9927)76-21,3,аМУнициЯ ДЛЯ собАК,1,1093.31,106.69,CANCElLed,Всё отлично!,01.03.2024,9208175108258279
2029912877582,18.03.2024 14:58,ЕлеНА новИкОва,+7(9927)76-21,1,коРм ДлЯ сОБак,4,1808.09,191.91,cANCELLed,Всё отлично!,01.03.2024,9208175108258279
2029912877582,18.03.2024 14:58,ЕлеНА новИкОва,+7(9927)76-21,5,МОЛоко,2,5597.51,402.49,CaNcElLeD,Всё отлично!,01.03.2024,9208175108258279
2029912876471,2024/03/13 17:13:29,иВАН иВаНов,+7(9103)96-69,1,корм ДЛя соБаК,4,1828.4,171.6,CoMPleTed,Нужно уточнить сроки,2024/03/15,3999840964858912
2029912876471,2024/03/13 17:13:29,иВАН иВаНов,+7(9103)96-69,1,Корм Для сОбаК,1,428.27,71.73,coMpLEted,Нужно уточнить сроки,2024/03/15,3999840964858912
2029912876471,2024/03/13 17:13:29,иВАН иВаНов,+7(9103)96-69,4,подпиСка НА гаЗеТУ,5,2423.38,576.62,CoMPletED,Нужно уточнить сроки,2024/03/15,3999840964858912
2029912876471,2024/03/13 17:13:29,иВАН иВаНов,+7(9103)96-69,1,КорМ дЛя СобАК,2,815.7,184.3,COmPLEteD,Нужно уточнить сроки,2024/03/15,3999840964858912
2029912875107,2024-03-14 13:17:53,аННА смирНОВа,+7(9298)61-01,4,ПОДпиСКа нА гАзеТУ,2,1195.24,4.76,cOmpleTEd,Проверить наличие,2024/03/15,0123474969978124
2029912875107,2024-03-14 13:17:53,аННА смирНОВа,+7(9298)61-01,2,иГруШка мЯч,5,1378.5,121.5,comPleTeD,Проверить наличие,2024/03/15,0123474969978124
2029912875107,2024-03-14 13:17:53,аННА смирНОВа,+7(9298)61-01,2,иГРушКа мЯЧ,2,531.98,68.02,complETed,Проверить наличие,2024/03/15,0123474969978124
2029912875107,2024-03-14 13:17:53,аННА смирНОВа,+7(9298)61-01,3,аМУНициЯ дЛЯ СОБак,2,2256.39,143.61,coMPlETeD,Проверить наличие,2024/03/15,0123474969978124
2029912875107,2024-03-14 13:17:53,аННА смирНОВа,+7(9298)61-01,3,АмУНицИЯ ДлЯ СОБАК,5,5380.48,619.52,cOmpLeTed,Проверить наличие,2024/03/15,0123474969978124
2029912874698,2024-03-11 06:40:19,АЛеКсЕЙ МиХАйЛОВ,+7 9343 10 85,5,МоЛоко,5,12536.4,2463.6,CANCeLlED,Нужно уточнить сроки,2024/03/12,7202927347433378
2029912873382,31.03.2024 18:56,МИХаиЛ оРлОВ,8(9293) 70-48,1,коРм дЛя соБаК,2,859.93,140.07,pROCessINg,Всё отлично!,2024-03-15,3176471430295651
2029912873382,31.03.2024 18:56,МИХаиЛ оРлОВ,8(9293) 70-48,2,игРуШкА Мяч,2,552.57,47.43,procEssING,Всё отлично!,2024-03-15,3176471430295651
2029912873382,31.03.2024 18:56,МИХаиЛ оРлОВ,8(9293) 70-48,2,игрушКа МяЧ,2,495.72,104.28,pRocEssinG,Всё отлично!,2024-03-15,3176471430295651
2029912873382,31.03.2024 18:56,МИХаиЛ оРлОВ,8(9293) 70-48,2,игРушКа мЯч,5,1272.92,227.08,ProCEsSing,Всё отлично!,2024-03-15,3176471430295651
2029912873382,31.03.2024 18:56,МИХаиЛ оРлОВ,8(9293) 70-48,1,КОРМ для СОбаК,1,472.95,27.05,proCessIng,Всё отлично!,2024-03-15,3176471430295651
2029912872718,21.03.2024 05:21,аннА сМирНовА,+7(9126)62-68,3,АМуНициЯ Для СоБАК,4,4296.29,503.71,proCEssING,Всё отлично!,2024/03/18,8483507044797918
2029912872718,21.03.2024 05:21,аннА сМирНовА,+7(9126)62-68,5,мОЛОко,3,7461.24,1538.76,ProCEsSiNG,Всё отлично!,2024/03/18,8483507044797918
2029912872718,21.03.2024 05:21,аннА сМирНовА,+7(9126)62-68,5,молокО,4,9979.08,2020.92,PROCESSING,Всё отлично!,2024/03/18,8483507044797918
2029912872718,21.03.2024 05:21,аннА сМирНовА,+7(9126)62-68,3,амУНИциЯ ДЛя СОБак,4,4677.56,122.44,prOCEssING,Всё отлично!,2024/03/18,8483507044797918
2029912872718,21.03.2024 05:21,аннА сМирНовА,+7(9126)62-68,4,поДПИсКА НА гАЗеТУ,3,1514.2,285.8,pRocessiNg,Всё отлично!,2024/03/18,8483507044797918
2029912871462,24.03.2024 10:49,натАЛЬЯ ваСИлЬЕвА,+7 9957 23 33,1,КОРм Для СОБаК,5,2496.46,3.54,CANcelleD,Всё отлично!,2024-03-12,0654965890148440
2029912871462,24.03.2024 10:49,натАЛЬЯ ваСИлЬЕвА,+7 9957 23 33,1,кОРМ ДлЯ СоБАК,3,1200.88,299.12,CanCeLleD,Всё отлично!,2024-03-12,0654965890148440
2029912871462,24.03.2024 10:49,натАЛЬЯ ваСИлЬЕвА,+7 9957 23 33,4,пОдпИска на ГазЕтУ,1,522.65,77.35,canCElLED,Всё отлично!,2024-03-12,0654965890148440
2029912871462,24.03.2024 10:49,натАЛЬЯ ваСИлЬЕвА,+7 9957 23 33,1,коРМ длЯ СоБак,5,2365.51,134.49,cANCelLEd,Всё отлично!,2024-03-12,0654965890148440
2029912870740,08.03.2024 13:29,алЕКсей МИхайлоВ,+7(9702)14-00,1,КоРм дЛЯ сОбак,2,884.12,115.88,proCESSInG,подарок вовремя,07.03.2024,6235166237933583
2029912870740,08.03.2024 13:29,алЕКсей МИхайлоВ,+7(9702)14-00,3,АмуНиЦИЯ ДЛЯ собАК,1,1051.48,148.52,proceSsInG,подарок вовремя,07.03.2024,6235166237933583
2029912870740,08.03.2024 13:29,алЕКсей МИхайлоВ,+7(9702)14-00,4,поДПИска на гАЗету,3,1621.33,178.67,ProcesSiNG,подарок вовремя,07.03.2024,6235166237933583
2029912870740,08.03.2024 13:29,алЕКсей МИхайлоВ,+7(9702)14-00,3,АМУНИЦИЯ дЛя СобаК,1,1108.16,91.84,prOcessING,подарок вовремя,07.03.2024,6235166237933583
2029912870740,08.03.2024 13:29,алЕКсей МИхайлоВ,+7(9702)14-00,4,ПоДпИСка на ГАзетУ,4,2059.72,340.28,prOCESsiNG,подарок вовремя,07.03.2024,6235166237933583
2029912869701,01.03.2024 11:34,АННа смиРНовА,+7 9943 68 98,4,ПОдПисКА нА гаЗеТу,5,2863.22,136.78,proCeSSInG,Проверить наличие,2024/03/11,8947253620068190
2029912869701,01.03.2024 11:34,АННа смиРНовА,+7 9943 68 98,5,мОлОКО,4,11731.42,268.58,prOcEssinG,Проверить наличие,2024/03/11,8947253620068190
2029912869701,01.03.2024 11:34,АННа смиРНовА,+7 9943 68 98,4,ПоДпискА НА гАзету,5,2668.53,331.47,PRoceSsINg,Проверить наличие,2024/03/11,8947253620068190
2029912869701,01.03.2024 11:34,АННа смиРНовА,+7 9943 68 98,2,ИГрУшКа Мяч,1,282.91,17.09,pROCESSINg,Проверить наличие,2024/03/11,8947253620068190
2029912868238,2024/03/15 20:26:09,АлЕКСеЙ мИХАЙлОВ,+7(9783)36-00,4,пОдПиСка на ГАЗЕту,3,1656.77,143.23,CANceLLED,"Задержка с доставкой, печалька...",2024-03-13,7399145330938443
2029912868238,2024/03/15 20:26:09,АлЕКСеЙ мИХАЙлОВ,+7(9783)36-00,1,КОрМ ДлЯ СОБАК,1,478.0,22.0,CAnCELlEd,"Задержка с доставкой, печалька...",2024-03-13,7399145330938443
2029912868238,2024/03/15 20:26:09,АлЕКСеЙ мИХАЙлОВ,+7(9783)36-00,1,Корм ДЛя сОБАк,5,2148.17,351.83,cancELlED,"Задержка с доставкой, печалька...",2024-03-13,7399145330938443
2029912868238,2024/03/15 20:26:09,АлЕКСеЙ мИХАЙлОВ,+7(9783)36-00,2,игрушкА Мяч,4,993.43,206.57,CANceLLED,"Задержка с доставкой, печалька...",2024-03-13,7399145330938443
2029912867167,2024-03-14 18:48:00,иваН ИвАНов,+7(9498)55-15,4,ПодпиСКА На гАзЕтУ,5,2669.64,330.36,PRoceSsiNg,Всё отлично!,09.03.2024,8540858458122066
2029912867167,2024-03-14 18:48:00,иваН ИвАНов,+7(9498)55-15,3,АМУНиция ДлЯ собАк,2,2396.35,3.65,PrOCesSiNg,Всё отлично!,09.03.2024,8540858458122066
2029912867167,2024-03-14 18:48:00,иваН ИвАНов,+7(9498)55-15,3,АМуНИциЯ ДЛЯ сОбаК,4,4098.45,701.55,PrOcESSiNg,Всё отлично!,09.03.2024,8540858458122066
2029912867167,2024-03-14 18:48:00,иваН ИвАНов,+7(9498)55-15,1,Корм дЛЯ СоБАк,4,1990.25,9.75,prOCESsIng,Всё отлично!,09.03.2024,8540858458122066
2029912867167,2024-03-14 18:48:00,иваН ИвАНов,+7(9498)55-15,3,амУнИция для соБаК,4,4231.61,568.39,proCesSiNG,Всё отлично!,09.03.2024,8540858458122066
2029912866716,2024/03/04 18:37:33,сЕРГей сИдоРОВ,8(9016) 01-37,2,ИГРушКА мяЧ,2,487.13,112.87,cANceLLed,Всё отлично!,25.03.2024,5561790211129344
2029912866716,2024/03/04 18:37:33,сЕРГей сИдоРОВ,8(9016) 01-37,4,ПодпИскА НА ГазеТУ,2,1092.65,107.35,cAncelLED,Всё отлично!,25.03.2024,5561790211129344
2029912866716,2024/03/04 18:37:33,сЕРГей сИдоРОВ,8(9016) 01-37,4,ПодпИсКА На ГазетУ,1,582.91,17.09,cANCElled,Всё отлично!,25.03.2024,5561790211129344
2029912865870,2024/03/09 20:42:33,МиХаИЛ ОрЛОв,+7 9455 38 33,1,КОРМ ДлЯ сОбАК,4,1997.93,2.07,PROCeSSing,Ждём с нетерпением!,2024/03/11,6858127327497356
2029912865870,2024/03/09 20:42:33,МиХаИЛ ОрЛОв,+7 9455 38 33,4,подписКА нА гаЗеТу,3,1622.95,177.05,pROceSsIng,Ждём с нетерпением!,2024/03/11,6858127327497356
2029912864475,2024/03/02 03:29:34,серГей сидороВ,+7(9393)25-90,3,аМунИЦИя ДлЯ собАк,5,5000.61,999.39,caNcellED,подарок вовремя,2024-03-22,0477037686218414
2029912864475,2024/03/02 03:29:34,серГей сидороВ,+7(9393)25-90,3,АмУНиЦиЯ ДлЯ СобАК,4,3911.0,889.0,CaNcelleD,подарок вовремя,2024-03-22,0477037686218414
2029912864475,2024/03/02 03:29:34,серГей сидороВ,+7(9393)25-90,1,КОрм дЛЯ сОБак,1,492.32,7.68,CAncellED,подарок вовремя,2024-03-22,0477037686218414
2029912863364,2024/03/03 11:07:05,МарИЯ пЕтрОВА,8(9947) 40-97,3,аМУнИЦИЯ дЛЯ сОБАк,2,2319.43,80.57,coMPleTED,Проверить наличие,2024-03-02,0670822595380771
2029912863364,2024/03/03 11:07:05,МарИЯ пЕтрОВА,8(9947) 40-97,1,коРМ для сОБак,4,1977.65,22.35,COmpLeted,Проверить наличие,2024-03-02,0670822595380771
2029912863364,2024/03/03 11:07:05,МарИЯ пЕтрОВА,8(9947) 40-97,3,АмУНИЦиЯ Для соБАк,1,1174.18,25.82,ComplETEd,Проверить наличие,2024-03-02,0670822595380771
2029912863364,2024/03/03 11:07:05,МарИЯ пЕтрОВА,8(9947) 40-97,1,коРМ для сОбАК,1,469.83,30.17,COMPLeted,Проверить наличие,2024-03-02,0670822595380771
2029912862324,2024-03-28 13:07:53,СЕргЕЙ сиДОров,8(9944) 47-16,4,ПОдпИска НА ГаЗЕту,5,2872.31,127.69,CanCElled,Ждём с нетерпением!,28.03.2024,7111359289584848
2029912861700,2024/03/30 00:10:34,МаРия ПЕтРОВА,+7(9074)38-04,2,иГРУшКа МяЧ,2,567.25,32.75,cOMPLETeD,спасибо за заказ,05.03.2024,8362435053433351
2029912860190,03.03.2024 06:55,ЕЛеНа нОВикоВА,8(9252) 12-55,4,пОдпиСКа На гАЗЕтУ,4,2151.38,248.62,cAnCELlED,Ждём с нетерпением!,2024/03/16,0003438142643034
2029912860190,03.03.2024 06:55,ЕЛеНа нОВикоВА,8(9252) 12-55,2,ИгрУшКа Мяч,3,733.5,166.5,cANcEllED,Ждём с нетерпением!,2024/03/16,0003438142643034
2029912860190,03.03.2024 06:55,ЕЛеНа нОВикоВА,8(9252) 12-55,5,МоЛоко,1,2622.2,377.8,CAncellEd,Ждём с нетерпением!,2024/03/16,0003438142643034
2029912860190,03.03.2024 06:55,ЕЛеНа нОВикоВА,8(9252) 12-55,4,ПОдПИска нА Газету,5,2830.17,169.83,caNceLlEd,Ждём с нетерпением!,2024/03/16,0003438142643034
2029912859189,2024/03/10 20:03:17,дМИтрий КУзНецоВ,8(9529) 51-40,3,АМУНИцИя ДЛя сОБАк,5,5758.75,241.25,cOmplEted,спасибо за заказ,2024-03-04,1150502629753806
2029912859189,2024/03/10 20:03:17,дМИтрий КУзНецоВ,8(9529) 51-40,4,поДПИСКА нА ГАзеТу,1,599.06,0.94,CoMpLEted,спасибо за заказ,2024-03-04,1150502629753806
2029912859189,2024/03/10 20:03:17,дМИтрий КУзНецоВ,8(9529) 51-40,1,КОрМ Для СобАК,5,2291.95,208.05,ComPlEtED,спасибо за заказ,2024-03-04,1150502629753806
2029912858685,04.03.2024 20:54,анна сМирнОвА,+7(9922)29-10,4,ПодПиСКА На гАзЕТУ,5,2654.66,345.34,caNCelLED,Ждём с нетерпением!,2024/03/31,8041266062673830
2029912858685,04.03.2024 20:54,анна сМирнОвА,+7(9922)29-10,3,амуНИцИя ДЛя СоБак,1,1024.82,175.18,CaNceLled,Ждём с нетерпением!,2024/03/31,8041266062673830
2029912858685,04.03.2024 20:54,анна сМирнОвА,+7(9922)29-10,5,мОлоКо,4,9964.2,2035.8,CanCElleD,Ждём с нетерпением!,2024/03/31,8041266062673830
2029912857761,01.03.2024 08:38,МихаиЛ ОрлоВ,+7(9054)93-16,3,амуНИЦия ДлЯ СобаК,1,1078.02,121.98,pRoCEsSiNG,"Задержка с доставкой, печалька...",19.03.2024,4461138977190086
2029912857761,01.03.2024 08:38,МихаиЛ ОрлоВ,+7(9054)93-16,3,аМуНиЦИя дЛя СобАК,2,2178.72,221.28,PRoCESSING,"Задержка с доставкой, печалька...",19.03.2024,4461138977190086
2029912856891,2024/03/10 02:57:45,мАРия пеТровА,8(9087) 65-92,4,подПиСКа нА гаЗеТу,4,2227.6,172.4,cAnCeLlED,спасибо за заказ,2024-03-07,8252302789310552
2029912856891,2024/03/10 02:57:45,мАРия пеТровА,8(9087) 65-92,2,игРушкА МяЧ,1,247.28,52.72,CanceLlED,спасибо за заказ,2024-03-07,8252302789310552
2029912856891,2024/03/10 02:57:45,мАРия пеТровА,8(9087) 65-92,1,КоРм дЛя сОбак,5,2232.84,267.16,cAnceLled,спасибо за заказ,2024-03-07,8252302789310552
2029912856891,2024/03/10 02:57:45,мАРия пеТровА,8(9087) 65-92,2,игРуШка мЯч,4,1164.31,35.69,caNcelLEd,спасибо за заказ,2024-03-07,8252302789310552
2029912855197,2024/03/06 16:51:22,ОЛьГа кузнЕЦОвА,+7 9596 46 45,4,ПОДПИскА на ГазЕТУ,3,1514.72,285.28,CoMPLEted,"Задержка с доставкой, печалька...",07.03.2024,4346542742341027
2029912855197,2024/03/06 16:51:22,ОЛьГа кузнЕЦОвА,+7 9596 46 45,1,КорМ ДлЯ соБак,4,1865.09,134.91,complETeD,"Задержка с доставкой, печалька...",07.03.2024,4346542742341027
2029912855197,2024/03/06 16:51:22,ОЛьГа кузнЕЦОвА,+7 9596 46 45,4,поДПИСКА НА гАзЕТу,2,1117.84,82.16,COMpLeTeD,"Задержка с доставкой, печалька...",07.03.2024,4346542742341027
2029912855197,2024/03/06 16:51:22,ОЛьГа кузнЕЦОвА,+7 9596 46 45,5,молоко,2,5867.61,132.39,ComPLEtED,"Задержка с доставкой, печалька...",07.03.2024,4346542742341027
2029912854235,2024/03/06 07:32:01,ДМИТрий кУзНеЦоВ,+7(9768)23-45,2,ИгРУшка МяЧ,5,1202.37,297.63,CaNcELLed,Нужно уточнить сроки,2024/03/15,0118238926665805
2029912854235,2024/03/06 07:32:01,ДМИТрий кУзНеЦоВ,+7(9768)23-45,4,пОДпИсКА НА ГазЕТу,3,1545.12,254.88,CaNceLLEd,Нужно уточнить сроки,2024/03/15,0118238926665805
2029912854235,2024/03/06 07:32:01,ДМИТрий кУзНеЦоВ,+7(9768)23-45,1,КоРм длЯ сОБаК,1,483.51,16.49,cANcElLeD,Нужно уточнить сроки,2024/03/15,0118238926665805
2029912854235,2024/03/06 07:32:01,ДМИТрий кУзНеЦоВ,+7(9768)23-45,3,аМуНИция дЛЯ соБАК,4,3910.36,889.64,CANcELLeD,Нужно уточнить сроки,2024/03/15,0118238926665805
2029912854235,2024/03/06 07:32:01,ДМИТрий кУзНеЦоВ,+7(9768)23-45,5,мОлОКО,2,5640.7,359.3,cAncELled,Нужно уточнить сроки,2024/03/15,0118238926665805
2029912853351,2024/03/17 14:19:42,аННА смирновА,+7 9958 55 67,5,молокО,2,5037.87,962.13,cOmPLEtEd,подарок вовремя,2024/03/03,8612938547251240
2029912853351,2024/03/17 14:19:42,аННА смирновА,+7 9958 55 67,1,КОРм дЛя собак,5,2010.39,489.61,COMpLeTed,подарок вовремя,2024/03/03,8612938547251240
2029912853351,2024/03/17 14:19:42,аННА смирновА,+7 9958 55 67,2,ИгРуШКа мЯч,3,891.25,8.75,CompleTed,подарок вовремя,2024/03/03,8612938547251240
2029912852566,07.03.2024 09:32,дмитрИй кУзНеЦоВ,+7 9891 74 97,1,кОрМ ДЛя СОБак,5,2040.14,459.86,COMPLETED,подарок вовремя,2024-03-17,1536329158074174
2029912852566,07.03.2024 09:32,дмитрИй кУзНеЦоВ,+7 9891 74 97,5,молОко,1,2883.25,116.75,ComPleTED,подарок вовремя,2024-03-17,1536329158074174
2029912852566,07.03.2024 09:32,дмитрИй кУзНеЦоВ,+7 9891 74 97,2,ИгРушкА мяЧ,2,578.76,21.24,cOmplEted,подарок вовремя,2024-03-17,1536329158074174
2029912852566,07.03.2024 09:32,дмитрИй кУзНеЦоВ,+7 9891 74 97,2,ИгРуШкА МЯЧ,5,1398.12,101.88,CompLeted,подарок вовремя,2024-03-17,1536329158074174
2029912852566,07.03.2024 09:32,дмитрИй кУзНеЦоВ,+7 9891 74 97,1,КОРМ дЛя сОБАк,5,2222.05,277.95,cOMpLeTEd,подарок вовремя,2024-03-17,1536329158074174
2029912851617,2024/03/20 07:53:39,МАрИя пЕтРОВА,+7 9893 27 72,2,ИгрушкА МяЧ,2,596.32,3.68,CANcelLED,Нужно уточнить сроки,2024/03/04,8126295329145509
2029912850598,2024-03-29 08:55:23,ИВАН иВАНоВ,+7(9514)56-99,5,МОлокО,2,5515.15,484.85,COMplEtED,Проверить наличие,2024/03/27,1307475443433413
2029912850598,2024-03-29 08:55:23,ИВАН иВАНоВ,+7(9514)56-99,5,мОлоКо,2,4930.9,1069.1,cOMpletEd,Проверить наличие,2024/03/27,1307475443433413
2029912849492,2024-03-21 16:03:46,олЬГА кУзНЕцОва,+7(9096)11-82,4,ПоДпИсКА НА гАЗету,5,2600.06,399.94,CaNcELLED,Всё отлично!,2024/03/16,8490050739313510
2029912849492,2024-03-21 16:03:46,олЬГА кУзНЕцОва,+7(9096)11-82,4,ПОдПиСкА нА гаЗЕТУ,3,1627.42,172.58,CAnceLled,Всё отлично!,2024/03/16,8490050739313510
2029912849492,2024-03-21 16:03:46,олЬГА кУзНЕцОва,+7(9096)11-82,3,АмуНИциЯ ДЛя СОбАК,5,5106.8,893.2,CaNCellEd,Всё отлично!,2024/03/16,8490050739313510
2029912849492,2024-03-21 16:03:46,олЬГА кУзНЕцОва,+7(9096)11-82,1,корМ ДЛЯ соБАк,4,1799.04,200.96,CaNCElleD,Всё отлично!,2024/03/16,8490050739313510
2029912848752,2024/03/19 21:46:16,МАРИя ПЕТРова,+7(9056)87-99,5,мОЛОКо,5,12238.24,2761.76,cANCELleD,"Задержка с доставкой, печалька...",2024-03-05,8033247674605309
2029912848752,2024/03/19 21:46:16,МАРИя ПЕТРова,+7(9056)87-99,1,КОРМ ДЛЯ СобаК,5,2336.18,163.82,cAnCELled,"Задержка с доставкой, печалька...",2024-03-05,8033247674605309
2029912848752,2024/03/19 21:46:16,МАРИя ПЕТРова,+7(9056)87-99,1,КОрм ДлЯ СОбАК,5,2446.33,53.67,CancELLed,"Задержка с доставкой, печалька...",2024-03-05,8033247674605309
2029912848752,2024/03/19 21:46:16,МАРИя ПЕТРова,+7(9056)87-99,5,МолоКО,3,7950.11,1049.89,cAncelLEd,"Задержка с доставкой, печалька...",2024-03-05,8033247674605309
2029912848752,2024/03/19 21:46:16,МАРИя ПЕТРова,+7(9056)87-99,2,ИГРУШка мЯЧ,1,293.74,6.26,CancEllEd,"Задержка с доставкой, печалька...",2024-03-05,8033247674605309
2029912847357,16.03.2024 12:54,ЕленА НОвикОВа,+7(9567)72-49,4,ПОдпиСкА нА гАзетУ,1,554.45,45.55,COmpletED,спасибо за заказ,2024/03/19,0276937138212530
2029912847357,16.03.2024 12:54,ЕленА НОвикОВа,+7(9567)72-49,5,МОлокО,1,2949.75,50.25,ComPlEtEd,спасибо за заказ,2024/03/19,0276937138212530
2029912847357,16.03.2024 12:54,ЕленА НОвикОВа,+7(9567)72-49,4,ПОдПискА на ГАЗЕтУ,5,2817.02,182.98,ComPlEteD,спасибо за заказ,2024/03/19,0276937138212530
2029912847357,16.03.2024 12:54,ЕленА НОвикОВа,+7(9567)72-49,5,МОЛОко,1,2743.71,256.29,compLETEd,спасибо за заказ,2024/03/19,0276937138212530
2029912847357,16.03.2024 12:54,ЕленА НОвикОВа,+7(9567)72-49,1,КОРМ ДлЯ СоБАК,2,820.11,179.89,cOMpleTEd,спасибо за заказ,2024/03/19,0276937138212530
2029912846736,24.03.2024 22:58,дмиТриЙ КузнеЦов,8(9238) 23-53,2,иГруШка мЯч,4,1131.61,68.39,cAnCElled,спасибо за заказ,2024-03-27,3058406650558641
2029912846736,24.03.2024 22:58,дмиТриЙ КузнеЦов,8(9238) 23-53,2,ИГРУШКА МЯч,3,879.91,20.09,CANcELlED,спасибо за заказ,2024-03-27,3058406650558641
2029912846736,24.03.2024 22:58,дмиТриЙ КузнеЦов,8(9238) 23-53,5,моЛоКО,1,2942.15,57.85,caNcelLeD,спасибо за заказ,2024-03-27,3058406650558641
2029912845640,2024/03/28 04:30:59,ОЛьГА КузНЕЦовА,+7 9061 38 74,1,Корм дЛЯ СоБаК,1,433.09,66.91,CaNceLLED,Проверить наличие,2024-03-20,1019617210960059
2029912845640,2024/03/28 04:30:59,ОЛьГА КузНЕЦовА,+7 9061 38 74,2,ИГРушкА Мяч,2,598.61,1.39,cAnCelLeD,Проверить наличие,2024-03-20,1019617210960059
2029912845640,2024/03/28 04:30:59,ОЛьГА КузНЕЦовА,+7 9061 38 74,4,пОДпИскА нА ГазеТУ,2,1020.68,179.32,CANCELled,Проверить наличие,2024-03-20,1019617210960059
2029912844435,2024-03-07 06:20:03,мАрИя ПетРОвА,+7 9806 66 10,3,амуНИцИЯ для сОбАК,3,2981.54,618.46,PROcESsInG,Ждём с нетерпением!,2024/03/31,2867695748689158
2029912843985,2024-03-15 12:19:45,иВАН ИВанОВ,8(9905) 42-28,1,кОрМ длЯ СоБаК,3,1401.84,98.16,COmpLETED,спасибо за заказ,2024-03-27,3874078463769306
2029912843985,2024-03-15 12:19:45,иВАН ИВанОВ,8(9905) 42-28,5,МолоКО,2,5322.66,677.34,coMPLETED,спасибо за заказ,2024-03-27,3874078463769306
2029912842447,2024/03/31 21:36:43,алЕКСеЙ МИхаЙЛоВ,+7(9284)98-38,2,ИГРушКА МЯч,1,265.99,34.01,COMplEtED,Проверить наличие,2024/03/01,6760949508192147
2029912842447,2024/03/31 21:36:43,алЕКСеЙ МИхаЙЛоВ,+7(9284)98-38,2,игрушкА мяч,2,509.31,90.69,cOmpLETEd,Проверить наличие,2024/03/01,6760949508192147
2029912842447,2024/03/31 21:36:43,алЕКСеЙ МИхаЙЛоВ,+7(9284)98-38,3,амуНицИя дЛя собаК,3,3271.69,328.31,cOMPlETED,Проверить наличие,2024/03/01,6760949508192147
2029912842447,2024/03/31 21:36:43,алЕКСеЙ МИхаЙЛоВ,+7(9284)98-38,3,АМУНИциЯ ДлЯ собаК,2,2221.18,178.82,ComplEted,Проверить наличие,2024/03/01,6760949508192147
2029912841838,2024-03-22 14:34:04,наТАлЬЯ ВаСильева,+7 9423 89 05,5,МОлОкО,2,5622.88,377.12,PROCEssiNg,спасибо за заказ,2024/03/11,5200436997493404
2029912841838,2024-03-22 14:34:04,наТАлЬЯ ВаСильева,+7 9423 89 05,1,КОрм ДЛя соБаК,2,920.0,80.0,pRoceSsiNg,спасибо за заказ,2024/03/11,5200436997493404
2029912840811,2024/03/25 11:06:58,нАтаЛЬя ВАсиЛЬевА,8(9202) 40-64,3,АМуНИЦия Для СобАк,3,3486.04,113.96,CoMpLeTED,"Задержка с доставкой, печалька...",2024/03/09,5145461938435240
2029912840811,2024/03/25 11:06:58,нАтаЛЬя ВАсиЛЬевА,8(9202) 40-64,5,МОлоКО,2,5803.86,196.14,cOmpLETed,"Задержка с доставкой, печалька...",2024/03/09,5145461938435240
2029912840811,2024/03/25 11:06:58,нАтаЛЬя ВАсиЛЬевА,8(9202) 40-64,5,молОКо,1,2594.92,405.08,ComPlETed,"Задержка с доставкой, печалька...",2024/03/09,5145461938435240
2029912840811,2024/03/25 11:06:58,нАтаЛЬя ВАсиЛЬевА,8(9202) 40-64,1,коРМ дЛя собАК,3,1334.68,165.32,cOMpLetEd,"Задержка с доставкой, печалька...",2024/03/09,5145461938435240
2029912839702,2024/03/24 16:56:06,иван иВанов,+7 9716 47 57,2,иГруШКа мЯЧ,1,286.29,13.71,cOMPletED,Всё отлично!,2024/03/24,6382380543303096
2029912839702,2024/03/24 16:56:06,иван иВанов,+7 9716 47 57,4,ПодПисКА На ГазЕтУ,1,536.97,63.03,COmpleted,Всё отлично!,2024/03/24,6382380543303096
2029912839702,2024/03/24 16:56:06,иван иВанов,+7 9716 47 57,5,МолоКо,4,9728.37,2271.63,CoMplEtED,Всё отлично!,2024/03/24,6382380543303096
2029912839702,2024/03/24 16:56:06,иван иВанов,+7 9716 47 57,5,МОЛоко,1,2881.12,118.88,CoMpLEteD,Всё отлично!,2024/03/24,6382380543303096
2029912838758,2024-03-10 21:38:59,АННА смИРНОвА,8(9216) 00-48,4,ПодПиСКа нА гАЗеТу,1,545.34,54.66,cANceLLED,спасибо за заказ,19.03.2024,9957600536551336
2029912838758,2024-03-10 21:38:59,АННА смИРНОвА,8(9216) 00-48,3,амУнИЦИя длЯ СоБАк,2,2289.03,110.97,CancElLEd,спасибо за заказ,19.03.2024,9957600536551336
2029912838758,2024-03-10 21:38:59,АННА смИРНОвА,8(9216) 00-48,1,корМ дЛя СобАК,5,2117.63,382.37,CAncelleD,спасибо за заказ,19.03.2024,9957600536551336
2029912837911,2024-03-28 01:34:28,мИХаИЛ ОРЛОВ,8(9170) 85-98,1,кОРМ ДЛя сОбАк,2,865.34,134.66,canCELLEd,спасибо за заказ,19.03.2024,6422306032114428
2029912836398,2024/03/08 01:59:33,оЛьгА КУЗНЕЦОва,8(9748) 02-92,5,МОЛОКО,3,7654.37,1345.63,CAnCelleD,Ждём с нетерпением!,2024-03-31,2758355632305767
2029912836398,2024/03/08 01:59:33,оЛьгА КУЗНЕЦОва,8(9748) 02-92,2,ИГрУшкА МЯЧ,5,1357.05,142.95,CAncelLED,Ждём с нетерпением!,2024-03-31,2758355632305767
2029912836398,2024/03/08 01:59:33,оЛьгА КУЗНЕЦОва,8(9748) 02-92,3,АМУнИЦИЯ длЯ СОбак,1,1046.46,153.54,CANCElLed,Ждём с нетерпением!,2024-03-31,2758355632305767
2029912836398,2024/03/08 01:59:33,оЛьгА КУЗНЕЦОва,8(9748) 02-92,5,МоЛОКО,5,12833.89,2166.11,CANCelLED,Ждём с нетерпением!,2024-03-31,2758355632305767
2029912836398,2024/03/08 01:59:33,оЛьгА КУЗНЕЦОва,8(9748) 02-92,3,амУнИция для сОБаК,1,1069.75,130.25,CanCELLED,Ждём с нетерпением!,2024-03-31,2758355632305767
2029912835240,2024-03-15 05:46:45,оЛьГА кузНеЦоВА,8(9533) 46-77,4,ПОДПИСка на ГАЗЕТу,2,1100.86,99.14,CancelLed,подарок вовремя,25.03.2024,2451349702925608
2029912835240,2024-03-15 05:46:45,оЛьГА кузНеЦоВА,8(9533) 46-77,5,МоЛОко,5,13222.22,1777.78,CancElLed,подарок вовремя,25.03.2024,2451349702925608
2029912835240,2024-03-15 05:46:45,оЛьГА кузНеЦоВА,8(9533) 46-77,3,АМУНИЦия для собАК,2,2195.73,204.27,cANcELLeD,подарок вовремя,25.03.2024,2451349702925608
2029912835240,2024-03-15 05:46:45,оЛьГА кузНеЦоВА,8(9533) 46-77,2,иГрушкА МЯЧ,4,998.83,201.17,caNcElLED,подарок вовремя,25.03.2024,2451349702925608
2029912835240,2024-03-15 05:46:45,оЛьГА кузНеЦоВА,8(9533) 46-77,5,мОлОКО,3,8593.96,406.04,CancElLED,подарок вовремя,25.03.2024,2451349702925608
2029912834300,09.03.2024 10:19,МариЯ ПЕтроВА,+7 9164 42 48,1,КоРм дЛЯ СоБак,5,2118.45,381.55,PrOCEssiNg,Нужно уточнить сроки,2024-03-28,9659667397112538
2029912834300,09.03.2024 10:19,МариЯ ПЕтроВА,+7 9164 42 48,3,АмУНИЦИЯ ДЛЯ соБАк,2,1948.85,451.15,PRoCeSsing,Нужно уточнить сроки,2024-03-28,9659667397112538
2029912833855,2024/03/31 01:50:56,СЕРгей сИдОРоВ,+7(9140)82-82,5,мОлОкО,4,10007.7,1992.3,CanceLlED,Нужно уточнить сроки,2024-03-21,0244548423093836
2029912833855,2024/03/31 01:50:56,СЕРгей сИдОРоВ,+7(9140)82-82,4,ПОДпискА На ГАзетУ,2,1156.72,43.28,CAnCeLLed,Нужно уточнить сроки,2024-03-21,0244548423093836
2029912833855,2024/03/31 01:50:56,СЕРгей сИдОРоВ,+7(9140)82-82,2,иГРушка МЯч,5,1472.46,27.54,caNceLled,Нужно уточнить сроки,2024-03-21,0244548423093836
2029912833855,2024/03/31 01:50:56,СЕРгей сИдОРоВ,+7(9140)82-82,5,МОЛОко,4,10169.31,1830.69,CAncelLED,Нужно уточнить сроки,2024-03-21,0244548423093836
2029912833855,2024/03/31 01:50:56,СЕРгей сИдОРоВ,+7(9140)82-82,5,МолОко,3,7325.57,1674.43,CAnCellED,Нужно уточнить сроки,2024-03-21,0244548423093836
2029912832145,2024-03-13 12:44:18,дмИТриЙ КУзнеЦОВ,8(9281) 25-18,5,молОкО,1,2603.93,396.07,CancelLED,Ждём с нетерпением!,29.03.2024,9689231410354782
2029912832145,2024-03-13 12:44:18,дмИТриЙ КУзнеЦОВ,8(9281) 25-18,3,аМУниЦИя Для СоБак,3,3148.15,451.85,cAnCeLLED,Ждём с нетерпением!,29.03.2024,9689231410354782
2029912832145,2024-03-13 12:44:18,дмИТриЙ КУзнеЦОВ,8(9281) 25-18,5,молОКО,2,5182.52,817.48,CaNCeLlED,Ждём с нетерпением!,29.03.2024,9689231410354782
2029913087264,01.03.2024 10:54,еЛеНА НОвИкОВА,8(9392) 34-27,3,АмУниЦия для сОбаК,2,1988.48,411.52,CanceLLED,"Задержка с доставкой, печалька...",2024/03/27,5326584479723096
2029913087264,01.03.2024 10:54,еЛеНА НОвИкОВА,8(9392) 34-27,5,МолОко,5,13645.23,1354.77,cAnCeLlEd,"Задержка с доставкой, печалька...",2024/03/27,5326584479723096
2029913087264,01.03.2024 10:54,еЛеНА НОвИкОВА,8(9392) 34-27,5,Молоко,3,8379.86,620.14,CAncElleD,"Задержка с доставкой, печалька...",2024/03/27,5326584479723096
2029913086980,2024-03-15 01:54:04,ОЛЬга КУЗнЕцОвА,+7 9600 87 22,4,подпиСКА на гАЗЕТУ,4,2181.07,218.93,Cancelled,подарок вовремя,22.03.2024,7360100569046515
2029913086980,2024-03-15 01:54:04,ОЛЬга КУЗнЕцОвА,+7 9600 87 22,2,иГРуШКА мЯч,2,560.7,39.3,CANCeLleD,подарок вовремя,22.03.2024,7360100569046515
2029913086980,2024-03-15 01:54:04,ОЛЬга КУЗнЕцОвА,+7 9600 87 22,5,МОлоКо,2,5583.09,416.91,caNcellED,подарок вовремя,22.03.2024,7360100569046515
2029913085193,2024/03/29 10:32:38,алЕКсЕй МихаЙЛОВ,8(9472) 60-40,2,ИгрУШКа Мяч,2,577.71,22.29,prOceSsING,подарок вовремя,20.03.2024,4077490159565536
2029913084589,2024/03/17 10:41:23,ЕленА новИкОВА,+7(9006)86-76,2,ИГРушка МЯч,4,1082.08,117.92,CoMpLeteD,спасибо за заказ,28.03.2024,4031975545223846
2029913084589,2024/03/17 10:41:23,ЕленА новИкОВА,+7(9006)86-76,5,мОлоКО,3,8760.51,239.49,ComplEted,спасибо за заказ,28.03.2024,4031975545223846
2029913084589,2024/03/17 10:41:23,ЕленА новИкОВА,+7(9006)86-76,4,ПОДПискА на гаЗЕТУ,1,528.46,71.54,complEtED,спасибо за заказ,28.03.2024,4031975545223846
2029913083278,2024/03/26 21:28:28,сергеЙ сИдОРОв,8(9566) 91-05,3,амУНИЦиЯ дЛЯ соБАК,1,1115.38,84.62,caNceLLed,подарок вовремя,2024-03-15,6252302153691943
2029913083278,2024/03/26 21:28:28,сергеЙ сИдОРОв,8(9566) 91-05,1,корМ дЛя собАК,4,1750.97,249.03,CANCelLed,подарок вовремя,2024-03-15,6252302153691943
2029913083278,2024/03/26 21:28:28,сергеЙ сИдОРОв,8(9566) 91-05,3,АМУНИЦИя длЯ сОБАк,3,3182.35,417.65,caNCELleD,подарок вовремя,2024-03-15,6252302153691943
2029913083278,2024/03/26 21:28:28,сергеЙ сИдОРОв,8(9566) 91-05,5,молоко,5,14394.83,605.17,caNcellED,подарок вовремя,2024-03-15,6252302153691943
2029913083278,2024/03/26 21:28:28,сергеЙ сИдОРОв,8(9566) 91-05,3,амУнИЦия длЯ Собак,1,1089.84,110.16,canceLlEd,подарок вовремя,2024-03-15,6252302153691943
2029913082610,28.03.2024 22:12,ОЛьГА КуЗнеЦоВА,+7(9254)27-77,1,Корм ДЛя СоБаК,2,982.23,17.77,PROCEssInG,"Задержка с доставкой, печалька...",2024-03-25,7302440228871398
2029913082610,28.03.2024 22:12,ОЛьГА КуЗнеЦоВА,+7(9254)27-77,5,молОкО,5,13549.31,1450.69,pRocesSiNG,"Задержка с доставкой, печалька...",2024-03-25,7302440228871398
2029913081410,21.03.2024 17:11,мИхАИл ОРЛОВ,8(9624) 62-71,5,МоЛОкО,4,11154.93,845.07,CancELled,"Задержка с доставкой, печалька...",04.03.2024,0110023372855712
2029913080714,01.03.2024 16:55,наталЬЯ ВАСИлЬЕВа,+7(9999)07-78,2,игРУшКА мЯЧ,2,507.56,92.44,cOmplEteD,спасибо за заказ,2024-03-07,0440164936993961
2029913080714,01.03.2024 16:55,наталЬЯ ВАСИлЬЕВа,+7(9999)07-78,3,амУниЦИЯ ДЛя сОБаК,1,1130.29,69.71,comPLeteD,спасибо за заказ,2024-03-07,0440164936993961
2029913080714,01.03.2024 16:55,наталЬЯ ВАСИлЬЕВа,+7(9999)07-78,5,молОКо,3,8433.56,566.44,CoMpLETED,спасибо за заказ,2024-03-07,0440164936993961
2029913080714,01.03.2024 16:55,наталЬЯ ВАСИлЬЕВа,+7(9999)07-78,3,амуНицИя дЛя СоБак,1,1160.73,39.27,coMpleTEd,спасибо за заказ,2024-03-07,0440164936993961
2029913080714,01.03.2024 16:55,наталЬЯ ВАСИлЬЕВа,+7(9999)07-78,5,мОлоКо,1,2407.54,592.46,compLetEd,спасибо за заказ,2024-03-07,0440164936993961
2029913079344,2024-03-24 16:58:31,мИхаИл ОрЛОВ,8(9132) 78-39,2,ИгрушкА мяч,4,1174.02,25.98,CAnCELlED,Проверить наличие,16.03.2024,3948369757097163
2029913079344,2024-03-24 16:58:31,мИхаИл ОрЛОВ,8(9132) 78-39,3,АмУнИЦия ДЛя Собак,3,2917.79,682.21,CAncelLED,Проверить наличие,16.03.2024,3948369757097163
2029913078305,2024-03-28 05:49:21,АННА сМиРноВа,+7 9844 68 90,2,игрУшКА МЯЧ,3,768.73,131.27,caNCeLlEd,спасибо за заказ,2024/03/10,9139354740173328
2029913078305,2024-03-28 05:49:21,АННА сМиРноВа,+7 9844 68 90,2,ИГРУшка мяЧ,5,1231.93,268.07,CaNceLleD,спасибо за заказ,2024/03/10,9139354740173328
2029913078305,2024-03-28 05:49:21,АННА сМиРноВа,+7 9844 68 90,4,ПоДПИСКА нА гаЗету,1,493.38,106.62,cAnceLled,спасибо за заказ,2024/03/10,9139354740173328
2029913077619,19.03.2024 23:41,оЛьгА КУзнеЦоВа,8(9978) 91-40,3,АМУниЦия дЛя собАк,3,3299.91,300.09,ComPlEtED,Проверить наличие,2024-03-20,4174529269802947
2029913077619,19.03.2024 23:41,оЛьгА КУзнеЦоВа,8(9978) 91-40,3,амуНИция Для СобАк,3,3156.53,443.47,coMplEtEd,Проверить наличие,2024-03-20,4174529269802947
2029913077619,19.03.2024 23:41,оЛьгА КУзнеЦоВа,8(9978) 91-40,4,ПОДпискА нА гАЗеТу,1,510.99,89.01,cOmpLETED,Проверить наличие,2024-03-20,4174529269802947
2029913077619,19.03.2024 23:41,оЛьгА КУзнеЦоВа,8(9978) 91-40,3,АМунИЦИя дЛя сОБАК,1,1071.71,128.29,cOMplEteD,Проверить наличие,2024-03-20,4174529269802947
2029913076854,2024/03/06 05:40:20,наталья ваСИЛЬеВА,+7(9379)76-03,2,ИГрУшкА МЯЧ,3,755.3,144.7,compleTEd,подарок вовремя,09.03.2024,1282010487614270
2029913076854,2024/03/06 05:40:20,наталья ваСИЛЬеВА,+7(9379)76-03,3,амУнИЦИя дЛЯ сОбАК,4,3885.33,914.67,COMPleTED,подарок вовремя,09.03.2024,1282010487614270
2029913076854,2024/03/06 05:40:20,наталья ваСИЛЬеВА,+7(9379)76-03,4,ПодПиСКА НА газеТу,2,978.14,221.86,cOmpleTED,подарок вовремя,09.03.2024,1282010487614270
2029913076854,2024/03/06 05:40:20,наталья ваСИЛЬеВА,+7(9379)76-03,5,мОлОкО,4,10220.72,1779.28,ComPleteD,подарок вовремя,09.03.2024,1282010487614270
2029913076854,2024/03/06 05:40:20,наталья ваСИЛЬеВА,+7(9379)76-03,1,кОРм дЛЯ соБАК,1,444.57,55.43,cOmplETED,подарок вовремя,09.03.2024,1282010487614270
2029913075353,2024-03-04 22:14:48,ИВАН иВАнов,+7 9100 37 71,3,АМуниЦИя для СОБАк,3,3229.49,370.51,CaNCellEd,Нужно уточнить сроки,2024-03-14,4258760529700126
2029913075353,2024-03-04 22:14:48,ИВАН иВАнов,+7 9100 37 71,5,МоЛОКо,5,13663.69,1336.31,CaNceLLEd,Нужно уточнить сроки,2024-03-14,4258760529700126
2029913075353,2024-03-04 22:14:48,ИВАН иВАнов,+7 9100 37 71,3,АмУниЦИЯ Для сОбак,2,2146.4,253.6,CanCelLEd,Нужно уточнить сроки,2024-03-14,4258760529700126
2029913075353,2024-03-04 22:14:48,ИВАН иВАнов,+7 9100 37 71,4,ПоДПисКа НА ГаЗеТу,3,1641.7,158.3,CaNcElLEd,Нужно уточнить сроки,2024-03-14,4258760529700126
2029913075353,2024-03-04 22:14:48,ИВАН иВАнов,+7 9100 37 71,5,МОЛоко,1,2820.46,179.54,caNCELLED,Нужно уточнить сроки,2024-03-14,4258760529700126
2029913074769,2024-03-13 05:40:08,ивАн ивАнОв,8(9397) 67-57,1,кОРм дЛЯ СобАк,5,2108.53,391.47,canCEllEd,Нужно уточнить сроки,2024/03/31,4678409875041406
2029913074769,2024-03-13 05:40:08,ивАн ивАнОв,8(9397) 67-57,4,ПОДписка на ГАзЕтУ,3,1533.17,266.83,CAncElLEd,Нужно уточнить сроки,2024/03/31,4678409875041406
2029913073936,2024/03/17 03:49:16,иван ИваНОВ,+7(9793)54-69,5,МОлоКо,3,8755.08,244.92,PrOceSsing,Ждём с нетерпением!,2024/03/21,5320379041001225
2029913073936,2024/03/17 03:49:16,иван ИваНОВ,+7(9793)54-69,2,иГРуШКа мяч,5,1275.7,224.3,PROCeSsinG,Ждём с нетерпением!,2024/03/21,5320379041001225
2029913073936,2024/03/17 03:49:16,иван ИваНОВ,+7(9793)54-69,4,подписКА На ГАЗЕТу,5,2445.77,554.23,PROcESSInG,Ждём с нетерпением!,2024/03/21,5320379041001225
2029913073936,2024/03/17 03:49:16,иван ИваНОВ,+7(9793)54-69,2,ИгРуШка МЯЧ,5,1209.8,290.2,pRoCESSIng,Ждём с нетерпением!,2024/03/21,5320379041001225
2029913072158,2024/03/04 12:44:30,ДмИтрий кУЗнЕЦоВ,8(9332) 10-66,5,мОлоко,1,2505.87,494.13,PrOCESSInG,спасибо за заказ,2024/03/08,6030102254463153
2029913072158,2024/03/04 12:44:30,ДмИтрий кУЗнЕЦоВ,8(9332) 10-66,1,КОРМ дЛЯ СоБАк,3,1331.74,168.26,PrOceSSiNG,спасибо за заказ,2024/03/08,6030102254463153
2029913072158,2024/03/04 12:44:30,ДмИтрий кУЗнЕЦоВ,8(9332) 10-66,2,игРушКа МЯч,2,591.52,8.48,PROCEssINg,спасибо за заказ,2024/03/08,6030102254463153
2029913072158,2024/03/04 12:44:30,ДмИтрий кУЗнЕЦоВ,8(9332) 10-66,5,мОлоКО,2,5602.61,397.39,procesSInG,спасибо за заказ,2024/03/08,6030102254463153
2029913071543,07.03.2024 09:41,ОЛьГа КуЗнеЦоВА,+7(9838)98-84,5,мОЛоко,3,7639.89,1360.11,PROcesSiNG,Нужно уточнить сроки,27.03.2024,1136043613873465
2029913070430,2024-03-14 05:31:02,НаТАЛЬя ВАСилЬева,+7 9426 68 33,2,ИГруШка МяЧ,1,249.72,50.28,CoMPlEteD,Ждём с нетерпением!,2024-03-28,9373933889072071
2029913070430,2024-03-14 05:31:02,НаТАЛЬя ВАСилЬева,+7 9426 68 33,4,ПоДписка нА газеТу,3,1775.23,24.77,COMPLetEd,Ждём с нетерпением!,2024-03-28,9373933889072071
2029913069222,19.03.2024 11:02,ЕЛЕНА ноВИкОВа,+7 9432 26 44,1,коРМ ДЛя сОбАК,5,2206.04,293.96,procESsING,"Задержка с доставкой, печалька...",03.03.2024,7510091567934606
2029913068294,2024/03/21 05:35:46,ДМиТРий кУзнецОВ,+7 9551 95 74,5,молОкО,3,8040.34,959.66,PRocESsinG,"Задержка с доставкой, печалька...",2024-03-30,9734839687934635
2029913068294,2024/03/21 05:35:46,ДМиТРий кУзнецОВ,+7 9551 95 74,1,КоРМ дЛя СоБАК,5,2314.72,185.28,prOcEssING,"Задержка с доставкой, печалька...",2024-03-30,9734839687934635
2029913068294,2024/03/21 05:35:46,ДМиТРий кУзнецОВ,+7 9551 95 74,2,ИГрУШКА мЯч,4,1056.8,143.2,pRocEssInG,"Задержка с доставкой, печалька...",2024-03-30,9734839687934635
2029913068294,2024/03/21 05:35:46,ДМиТРий кУзнецОВ,+7 9551 95 74,2,иГРУШКА МяЧ,1,296.23,3.77,proCessINg,"Задержка с доставкой, печалька...",2024-03-30,9734839687934635
2029913068294,2024/03/21 05:35:46,ДМиТРий кУзнецОВ,+7 9551 95 74,5,МолОко,4,9701.66,2298.34,ProcESSiNg,"Задержка с доставкой, печалька...",2024-03-30,9734839687934635
2029913067430,2024-03-06 20:58:19,МиХАиЛ оРлоВ,8(9931) 31-34,2,игруШка мяч,2,575.97,24.03,cOMPLetEd,Ждём с нетерпением!,2024/03/20,6240335208565539
2029913067430,2024-03-06 20:58:19,МиХАиЛ оРлоВ,8(9931) 31-34,2,иГрУШка мЯЧ,5,1257.18,242.82,CoMpLeTED,Ждём с нетерпением!,2024/03/20,6240335208565539
2029913067430,2024-03-06 20:58:19,МиХАиЛ оРлоВ,8(9931) 31-34,3,АмунИцИЯ дЛЯ Собак,1,1085.63,114.37,CompLEtEd,Ждём с нетерпением!,2024/03/20,6240335208565539
2029913066815,2024-03-31 18:09:28,маРИя ПеТрОва,+7(9927)32-37,2,ИгРушКа МЯЧ,2,597.43,2.57,cAncelLeD,Проверить наличие,2024/03/16,6715706001588302
2029913066815,2024-03-31 18:09:28,маРИя ПеТрОва,+7(9927)32-37,5,мОлОкО,4,9602.06,2397.94,caNceLlED,Проверить наличие,2024/03/16,6715706001588302
2029913066815,2024-03-31 18:09:28,маРИя ПеТрОва,+7(9927)32-37,2,ИгРУшкА мЯЧ,3,757.92,142.08,CaNCeLLEd,Проверить наличие,2024/03/16,6715706001588302
2029913066815,2024-03-31 18:09:28,маРИя ПеТрОва,+7(9927)32-37,4,ПОДПИсКа нА ГАзету,3,1635.11,164.89,CAncEllED,Проверить наличие,2024/03/16,6715706001588302
2029913066815,2024-03-31 18:09:28,маРИя ПеТрОва,+7(9927)32-37,4,пОДпИСка На ГАЗеТу,4,2069.99,330.01,cAncELleD,Проверить наличие,2024/03/16,6715706001588302
2029913065261,22.03.2024 00:05,СЕРгЕЙ СиДоРов,+7 9153 81 93,5,моЛоко,3,8060.51,939.49,pRoCeSsIng,Всё отлично!,30.03.2024,6125362751625778
2029913064281,30.03.2024 06:31,сергей сИДоРОв,+7 9983 03 01,3,аМУНиЦИя дЛя СОбаК,2,2200.29,199.71,coMPLetED,"Задержка с доставкой, печалька...",17.03.2024,5994842361221224
2029913064281,30.03.2024 06:31,сергей сИДоРОв,+7 9983 03 01,1,КоРм длЯ СОбак,5,2356.44,143.56,cOMPlEted,"Задержка с доставкой, печалька...",17.03.2024,5994842361221224
2029913064281,30.03.2024 06:31,сергей сИДоРОв,+7 9983 03 01,2,иГРушКА МЯч,4,999.58,200.42,COMPLeTed,"Задержка с доставкой, печалька...",17.03.2024,5994842361221224
2029913063963,2024/03/21 01:51:39,ЕЛенА нОВИкова,8(9005) 09-92,4,пОдписКА НА гаЗеТу,2,1175.34,24.66,cAncELleD,подарок вовремя,23.03.2024,5958055911812815
2029913063963,2024/03/21 01:51:39,ЕЛенА нОВИкова,8(9005) 09-92,2,ИгРУшКА мяч,4,1089.12,110.88,CaNCelLed,подарок вовремя,23.03.2024,5958055911812815
2029913063963,2024/03/21 01:51:39,ЕЛенА нОВИкова,8(9005) 09-92,3,аМунИЦИЯ для СоБАк,5,5017.43,982.57,cANCelled,подарок вовремя,23.03.2024,5958055911812815
2029913063963,2024/03/21 01:51:39,ЕЛенА нОВИкова,8(9005) 09-92,5,моЛокО,3,7309.75,1690.25,CancElled,подарок вовремя,23.03.2024,5958055911812815
2029913062162,12.03.2024 11:14,АнНа СМИРНОВа,+7(9114)90-70,2,игрушка МЯч,3,812.98,87.02,cOmPLeteD,"Задержка с доставкой, печалька...",2024-03-19,8910327975815901
2029913062162,12.03.2024 11:14,АнНа СМИРНОВа,+7(9114)90-70,3,амУнИЦиЯ ДЛя СобаК,3,3062.45,537.55,CoMpLEteD,"Задержка с доставкой, печалька...",2024-03-19,8910327975815901
2029913062162,12.03.2024 11:14,АнНа СМИРНОВа,+7(9114)90-70,1,КОРМ дЛЯ СоБаК,4,1641.96,358.04,cOmPleTed,"Задержка с доставкой, печалька...",2024-03-19,8910327975815901
2029913062162,12.03.2024 11:14,АнНа СМИРНОВа,+7(9114)90-70,3,аМуНиция для сОБаК,4,4274.12,525.88,cOmPLETED,"Задержка с доставкой, печалька...",2024-03-19,8910327975815901
2029913061428,2024/03/31 09:17:38,ЕленА новИКоВа,8(9459) 49-18,2,игРушКА мяч,3,720.39,179.61,cAnCelLed,"Задержка с доставкой, печалька...",2024/03/06,9287186093318107
2029913061428,2024/03/31 09:17:38,ЕленА новИКоВа,8(9459) 49-18,2,иГрушкА мяЧ,3,899.21,0.79,cancellEd,"Задержка с доставкой, печалька...",2024/03/06,9287186093318107
2029913060792,13.03.2024 21:33,АННа СМиРНОвА,+7(9812)67-22,1,кОРм Для соБаК,1,402.81,97.19,cOmPLETED,спасибо за заказ,2024-03-04,6526905977481214
2029913060792,13.03.2024 21:33,АННа СМиРНОвА,+7(9812)67-22,3,амУНициЯ ДлЯ сОбАК,3,3488.29,111.71,ComPlETED,спасибо за заказ,2024-03-04,6526905977481214
2029913060792,13.03.2024 21:33,АННа СМиРНОвА,+7(9812)67-22,1,кОРМ ДЛЯ СоБак,5,2347.14,152.86,COmplETeD,спасибо за заказ,2024-03-04,6526905977481214
2029913059427,2024/03/10 01:04:28,миХАиЛ ОрЛоВ,+7(9168)59-32,2,игрушкА Мяч,5,1264.53,235.47,procEsSinG,"Задержка с доставкой, печалька...",2024-03-11,6164605728711701
2029913058674,2024/03/27 22:50:01,МихАИЛ ОРлОВ,8(9703) 41-51,4,ПОдПИСка НА газету,1,599.89,0.11,prOCESSinG,спасибо за заказ,2024-03-25,8331629260559897
2029913058674,2024/03/27 22:50:01,МихАИЛ ОРлОВ,8(9703) 41-51,5,МОЛоКО,3,8752.97,247.03,pRocESSiNg,спасибо за заказ,2024-03-25,8331629260559897
2029913058674,2024/03/27 22:50:01,МихАИЛ ОРлОВ,8(9703) 41-51,5,МОлОКО,5,14871.35,128.65,ProCeSsiNg,спасибо за заказ,2024-03-25,8331629260559897
2029913058674,2024/03/27 22:50:01,МихАИЛ ОРлОВ,8(9703) 41-51,1,корМ ДЛя собаК,4,1663.99,336.01,ProceSsing,спасибо за заказ,2024-03-25,8331629260559897
2029913058674,2024/03/27 22:50:01,МихАИЛ ОРлОВ,8(9703) 41-51,5,МоЛоКо,4,11064.65,935.35,proCEssiNG,спасибо за заказ,2024-03-25,8331629260559897
2029913057847,27.03.2024 16:36,наТАЛья ВАсИЛьеВА,+7 9353 29 91,3,АМуниЦиЯ дЛя собак,1,1107.33,92.67,proCESSINg,подарок вовремя,2024-03-14,4814173728167833
2029913057847,27.03.2024 16:36,наТАЛья ВАсИЛьеВА,+7 9353 29 91,4,ПодпиСкА На ГаЗЕТУ,1,521.21,78.79,ProceSsiNg,подарок вовремя,2024-03-14,4814173728167833
2029913057847,27.03.2024 16:36,наТАЛья ВАсИЛьеВА,+7 9353 29 91,3,АмУНиЦИя длЯ соБАк,4,4083.28,716.72,pROCESSInG,подарок вовремя,2024-03-14,4814173728167833
2029913056763,25.03.2024 11:18,МихАил орлов,8(9099) 39-53,1,корМ дЛя соБАк,5,2172.14,327.86,cOmPLetED,Нужно уточнить сроки,2024/03/07,1342559222212617
2029913056763,25.03.2024 11:18,МихАил орлов,8(9099) 39-53,2,иГрУШка мЯЧ,1,282.91,17.09,coMplETEd,Нужно уточнить сроки,2024/03/07,1342559222212617
2029913056763,25.03.2024 11:18,МихАил орлов,8(9099) 39-53,2,ИгРуШКА мяЧ,2,532.2,67.8,COmplETed,Нужно уточнить сроки,2024/03/07,1342559222212617
2029913056763,25.03.2024 11:18,МихАил орлов,8(9099) 39-53,3,АмуНИциЯ ДЛя сОБаК,5,4839.08,1160.92,cOmPlETEd,Нужно уточнить сроки,2024/03/07,1342559222212617
2029913055563,2024/03/18 03:34:31,мИхаИЛ орЛоВ,+7(9789)02-98,1,КоРМ ДЛя Собак,2,803.05,196.95,cAncellED,Проверить наличие,06.03.2024,0903260652520132
2029913055563,2024/03/18 03:34:31,мИхаИЛ орЛоВ,+7(9789)02-98,3,АмуницИЯ ДЛя СОбАк,4,3862.93,937.07,CANCELLEd,Проверить наличие,06.03.2024,0903260652520132
2029913055563,2024/03/18 03:34:31,мИхаИЛ орЛоВ,+7(9789)02-98,1,корм для сОБАк,3,1342.31,157.69,caNCELLEd,Проверить наличие,06.03.2024,0903260652520132
2029913055563,2024/03/18 03:34:31,мИхаИЛ орЛоВ,+7(9789)02-98,5,МолоКо,1,2650.45,349.55,CANCELLed,Проверить наличие,06.03.2024,0903260652520132
2029913054819,09.03.2024 04:54,мАрия пЕТрОвА,+7(9203)68-60,2,иГРУшка мяЧ,1,277.02,22.98,PrOcEsSiNG,"Задержка с доставкой, печалька...",06.03.2024,1253337224357867
2029913053871,26.03.2024 05:32,АНнА сМирНОВа,+7(9433)66-05,3,АМуНиЦИя ДЛя собак,2,2376.21,23.79,prOCesSinG,Всё отлично!,2024-03-25,3481015569643114
2029913053871,26.03.2024 05:32,АНнА сМирНОВа,+7(9433)66-05,5,мОлОКО,4,9776.16,2223.84,PrOcEsSInG,Всё отлично!,2024-03-25,3481015569643114
2029913052182,26.03.2024 23:10,нАТаЛьЯ василЬева,8(9396) 53-40,2,иГрушкА МЯЧ,3,877.63,22.37,caNcELLEd,Ждём с нетерпением!,2024-03-02,7209241231462363
2029913052182,26.03.2024 23:10,нАТаЛьЯ василЬева,8(9396) 53-40,3,аМуНИЦиЯ Для СОбак,2,1955.95,444.05,CAncELlEd,Ждём с нетерпением!,2024-03-02,7209241231462363
2029913052182,26.03.2024 23:10,нАТаЛьЯ василЬева,8(9396) 53-40,5,МоЛОКО,3,8135.93,864.07,CancELlED,Ждём с нетерпением!,2024-03-02,7209241231462363
2029913052182,26.03.2024 23:10,нАТаЛьЯ василЬева,8(9396) 53-40,2,иГРушКа МяЧ,5,1338.59,161.41,CANcELled,Ждём с нетерпением!,2024-03-02,7209241231462363
2029913052182,26.03.2024 23:10,нАТаЛьЯ василЬева,8(9396) 53-40,2,игруШКА МЯЧ,4,996.2,203.8,canceLLed,Ждём с нетерпением!,2024-03-02,7209241231462363
2029913051416,2024-03-07 22:03:52,ДмИтРиЙ куЗнеЦОВ,+7(9126)72-65,5,молОКо,1,2545.12,454.88,ProceSsInG,Всё отлично!,2024/03/16,5994504484834325
2029913050904,2024/03/07 14:30:47,сЕрГей сидоров,+7 9168 40 98,2,ИГРушКА Мяч,3,742.28,157.72,pROCESsiNg,Проверить наличие,2024-03-23,4776150506310177
2029913049689,2024-03-04 22:24:11,мИхАил орлОВ,8(9500) 09-70,4,подписКА НА газетУ,1,481.43,118.57,pROCeSsiNG,Проверить наличие,2024/03/27,7419739504295786
2029913049689,2024-03-04 22:24:11,мИхАил орлОВ,8(9500) 09-70,5,МолОкО,3,7390.4,1609.6,prOcEsSiNg,Проверить наличие,2024/03/27,7419739504295786
2029913049689,2024-03-04 22:24:11,мИхАил орлОВ,8(9500) 09-70,1,КоРМ дЛЯ соБАК,2,873.99,126.01,pROcESSiNg,Проверить наличие,2024/03/27,7419739504295786
2029913048942,2024/03/11 03:56:48,АЛЕКсЕЙ МИХайЛОв,+7 9960 04 91,2,игРушКа МяЧ,2,535.13,64.87,proCEssINg,Ждём с нетерпением!,05.03.2024,3671591055107710
2029913048942,2024/03/11 03:56:48,АЛЕКсЕЙ МИХайЛОв,+7 9960 04 91,1,КОРм Для сОбаК,5,2034.02,465.98,pRoceSsing,Ждём с нетерпением!,05.03.2024,3671591055107710
2029913048942,2024/03/11 03:56:48,АЛЕКсЕЙ МИХайЛОв,+7 9960 04 91,2,иГРУшка мЯЧ,3,836.22,63.78,PROCessiNg,Ждём с нетерпением!,05.03.2024,3671591055107710
2029913048942,2024/03/11 03:56:48,АЛЕКсЕЙ МИХайЛОв,+7 9960 04 91,4,ПОДпиСКа На гАзету,1,492.41,107.59,prOCessING,Ждём с нетерпением!,05.03.2024,3671591055107710
2029913047970,2024-03-26 06:12:16,МиХАИл ОрлОВ,+7(9861)85-73,1,КОРМ длЯ СОбАК,5,2454.36,45.64,prOcEsSING,подарок вовремя,2024-03-30,0276013984968074
2029913046534,2024/03/19 20:35:15,ИВАн ивАнОв,+7 9442 91 20,2,ИгрУШка мЯЧ,3,768.5,131.5,prOcesSINg,Проверить наличие,2024/03/03,4077620884849411
2029913046534,2024/03/19 20:35:15,ИВАн ивАнОв,+7 9442 91 20,3,аМУнИциЯ длЯ сОбАК,1,1113.07,86.93,prOCesSinG,Проверить наличие,2024/03/03,4077620884849411
2029913046534,2024/03/19 20:35:15,ИВАн ивАнОв,+7 9442 91 20,2,ИгРушкА мЯЧ,3,837.12,62.88,PRoceSsiNG,Проверить наличие,2024/03/03,4077620884849411
2029913045369,2024/03/19 21:22:52,АнНа сМИРнОВА,+7(9404)72-49,1,КОрМ Для СОбАК,3,1294.09,205.91,cOMPlETeD,Всё отлично!,2024/03/31,2346049799888334
2029913045369,2024/03/19 21:22:52,АнНа сМИРнОВА,+7(9404)72-49,5,мОлокО,3,7512.42,1487.58,coMPLETeD,Всё отлично!,2024/03/31,2346049799888334
2029913045369,2024/03/19 21:22:52,АнНа сМИРнОВА,+7(9404)72-49,3,АмУнИция ДлЯ соБАК,4,4441.95,358.05,coMplETed,Всё отлично!,2024/03/31,2346049799888334
2029913045369,2024/03/19 21:22:52,АнНа сМИРнОВА,+7(9404)72-49,3,амУниция ДлЯ соБаК,3,3018.62,581.38,COMPLETEd,Всё отлично!,2024/03/31,2346049799888334
2029913045369,2024/03/19 21:22:52,АнНа сМИРнОВА,+7(9404)72-49,3,АмунИция ДлЯ сОбак,2,2160.98,239.02,cOMplEtED,Всё отлично!,2024/03/31,2346049799888334
2029913044602,07.03.2024 09:07,МиХАИЛ орЛов,+7 9004 33 55,3,аМУНИцИЯ дЛя сОБАК,4,4796.51,3.49,cOMPlETED,"Задержка с доставкой, печалька...",2024/03/27,2666249068597672
2029913044602,07.03.2024 09:07,МиХАИЛ орЛов,+7 9004 33 55,5,моЛоКо,2,4849.92,1150.08,CoMPleTED,"Задержка с доставкой, печалька...",2024/03/27,2666249068597672
2029913043227,2024/03/10 16:05:42,оЛьга КУЗнецОВА,+7 9081 03 77,1,Корм дЛЯ соБак,3,1239.61,260.39,CANCelLEd,Нужно уточнить сроки,2024/03/19,0087812690801043
2029913043227,2024/03/10 16:05:42,оЛьга КУЗнецОВА,+7 9081 03 77,5,МОлОКО,1,2716.25,283.75,CaNcELLeD,Нужно уточнить сроки,2024/03/19,0087812690801043
2029913043227,2024/03/10 16:05:42,оЛьга КУЗнецОВА,+7 9081 03 77,5,МОлОКо,3,8519.94,480.06,CaNcELLeD,Нужно уточнить сроки,2024/03/19,0087812690801043
2029913042834,2024/03/15 14:15:22,АлеКсЕй МиХайЛов,+7(9660)54-20,5,МолОКО,5,14854.9,145.1,coMpleted,подарок вовремя,2024-03-10,3304418962763481
2029913042834,2024/03/15 14:15:22,АлеКсЕй МиХайЛов,+7(9660)54-20,2,иГРуШка мяч,2,486.63,113.37,CoMPLeTed,подарок вовремя,2024-03-10,3304418962763481
2029913042834,2024/03/15 14:15:22,АлеКсЕй МиХайЛов,+7(9660)54-20,4,ПодПИСКА нА ГАЗеТу,4,2143.92,256.08,cOMPLeTED,подарок вовремя,2024-03-10,3304418962763481
2029913042834,2024/03/15 14:15:22,АлеКсЕй МиХайЛов,+7(9660)54-20,5,МолоКо,1,2860.58,139.42,cOmPlEted,подарок вовремя,2024-03-10,3304418962763481
2029913042834,2024/03/15 14:15:22,АлеКсЕй МиХайЛов,+7(9660)54-20,2,ИгРУшКа МяЧ,5,1298.22,201.78,comPLEted,подарок вовремя,2024-03-10,3304418962763481
2029913041842,2024/03/19 18:25:58,серГей СиДОРов,+7 9782 11 79,5,мОЛОко,4,10588.32,1411.68,comPLeTeD,подарок вовремя,2024-03-25,8861097296170609
2029913041842,2024/03/19 18:25:58,серГей СиДОРов,+7 9782 11 79,5,мОЛОкО,3,8164.52,835.48,compLeTeD,подарок вовремя,2024-03-25,8861097296170609
2029913041842,2024/03/19 18:25:58,серГей СиДОРов,+7 9782 11 79,2,Игрушка МЯЧ,4,1108.15,91.85,coMPleted,подарок вовремя,2024-03-25,8861097296170609
2029913041842,2024/03/19 18:25:58,серГей СиДОРов,+7 9782 11 79,1,КОрм длЯ СОбаК,3,1490.92,9.08,ComplETeD,подарок вовремя,2024-03-25,8861097296170609
2029913040352,29.03.2024 23:50,НАтАлЬя вАСИЛьЕВа,8(9765) 93-77,3,АМуНицИя для сОбАк,5,5710.52,289.48,PROcessINg,Проверить наличие,05.03.2024,8377184549153443
2029913039399,07.03.2024 01:39,ДМИтрИЙ КУЗНЕцоВ,8(9230) 54-36,4,поДпИСка на газЕТУ,3,1688.88,111.12,coMpLeTED,Проверить наличие,2024-03-20,7392118592208513
2029913038314,2024-03-22 10:20:48,МАрИЯ ПетРова,8(9175) 16-71,2,ИГРуШкА МЯЧ,3,877.33,22.67,prOcESsIng,Нужно уточнить сроки,2024/03/03,7686430250149715
2029913038314,2024-03-22 10:20:48,МАрИЯ ПетРова,8(9175) 16-71,1,КОРм длЯ соБак,1,428.58,71.42,PRoceSSING,Нужно уточнить сроки,2024/03/03,7686430250149715
2029913038314,2024-03-22 10:20:48,МАрИЯ ПетРова,8(9175) 16-71,2,иГруШка мЯЧ,3,850.59,49.41,PrOcEssING,Нужно уточнить сроки,2024/03/03,7686430250149715
2029913037472,2024-03-13 15:39:38,аНна сМирноВа,+7 9074 09 30,1,КОрм ДЛя соБаК,3,1463.34,36.66,ComPleteD,Нужно уточнить сроки,2024/03/17,0053725848768888
2029913037472,2024-03-13 15:39:38,аНна сМирноВа,+7 9074 09 30,2,иГруШкА мяч,1,299.01,0.99,cOmpLeTed,Нужно уточнить сроки,2024/03/17,0053725848768888
2029913037472,2024-03-13 15:39:38,аНна сМирноВа,+7 9074 09 30,2,ИГруШКА МЯЧ,4,1012.91,187.09,COMPLeTed,Нужно уточнить сроки,2024/03/17,0053725848768888
2029913037472,2024-03-13 15:39:38,аНна сМирноВа,+7 9074 09 30,2,ИГрУШКа мЯч,3,783.43,116.57,cOMpletED,Нужно уточнить сроки,2024/03/17,0053725848768888
2029913036898,2024-03-25 14:10:54,СЕРгеЙ сИдорОв,8(9386) 04-66,2,ИгРуШкА МЯч,2,523.05,76.95,procESsiNG,"Задержка с доставкой, печалька...",2024/03/15,1353437428124234
2029913036898,2024-03-25 14:10:54,СЕРгеЙ сИдорОв,8(9386) 04-66,4,поДпиСКа НА ГазетУ,5,2499.95,500.05,ProcessiNg,"Задержка с доставкой, печалька...",2024/03/15,1353437428124234
2029913036898,2024-03-25 14:10:54,СЕРгеЙ сИдорОв,8(9386) 04-66,5,мОлоКо,1,2448.48,551.52,pRoCeSsinG,"Задержка с доставкой, печалька...",2024/03/15,1353437428124234
2029913035480,2024-03-10 13:34:12,мАРИЯ пеТроВА,+7(9054)26-38,2,игРуШкА мЯч,3,739.23,160.77,canCelLeD,"Задержка с доставкой, печалька...",2024/03/29,6021349887863858
2029913035480,2024-03-10 13:34:12,мАРИЯ пеТроВА,+7(9054)26-38,5,молОко,3,8694.38,305.62,cANCelled,"Задержка с доставкой, печалька...",2024/03/29,6021349887863858
2029913035480,2024-03-10 13:34:12,мАРИЯ пеТроВА,+7(9054)26-38,4,ПОдпИСка НА гАЗеТУ,3,1496.18,303.82,CanCEllEd,"Задержка с доставкой, печалька...",2024/03/29,6021349887863858
2029913035480,2024-03-10 13:34:12,мАРИЯ пеТроВА,+7(9054)26-38,5,мОлОКо,5,12741.43,2258.57,CanCelLED,"Задержка с доставкой, печалька...",2024/03/29,6021349887863858
2029913035480,2024-03-10 13:34:12,мАРИЯ пеТроВА,+7(9054)26-38,1,КорМ ДЛя сОБАК,1,462.35,37.65,CanceLLed,"Задержка с доставкой, печалька...",2024/03/29,6021349887863858
2029913034538,2024/03/07 06:01:04,дМиТрий куЗНЕЦОВ,+7 9042 63 87,2,иГрУшка Мяч,3,754.07,145.93,PrOceSsiNG,"Задержка с доставкой, печалька...",2024/03/14,6450520995163214
2029913033934,2024/03/11 10:39:33,МариЯ пЕтРоВА,+7(9229)33-50,1,корМ Для сОбак,3,1277.4,222.6,COmPleTEd,Ждём с нетерпением!,2024/03/29,1386821624704301
2029913033934,2024/03/11 10:39:33,МариЯ пЕтРоВА,+7(9229)33-50,5,МолоКО,2,5264.44,735.56,cOmPleteD,Ждём с нетерпением!,2024/03/29,1386821624704301
2029913033934,2024/03/11 10:39:33,МариЯ пЕтРоВА,+7(9229)33-50,1,корМ дЛя соБАК,5,2244.46,255.54,CoMPLETed,Ждём с нетерпением!,2024/03/29,1386821624704301
2029913032166,2024-03-04 09:05:00,МИХАил орлов,+7 9782 36 78,5,МолОКо,3,8582.31,417.69,pROCessing,подарок вовремя,2024-03-03,3024882585057061
2029913031277,2024/03/09 23:33:57,ДмИтрИй кузнЕЦОВ,+7 9454 52 14,4,ПОДПиска на ГазеТУ,1,563.05,36.95,cOmpleTEd,спасибо за заказ,23.03.2024,5843725498748107
2029913030456,01.03.2024 02:00,МИХаил орЛоВ,+7(9205)36-17,1,кОрМ ДЛЯ СОБаК,1,438.69,61.31,PROcESSINg,подарок вовремя,2024/03/28,5916331361117172
2029913030456,01.03.2024 02:00,МИХаил орЛоВ,+7(9205)36-17,5,мОЛокО,1,2630.54,369.46,pRoCEssINg,подарок вовремя,2024/03/28,5916331361117172
2029913029919,2024/03/03 13:53:45,ИваН иВАнов,+7 9123 25 85,4,ПОдпИскА нА гАЗету,5,2560.66,439.34,PrOCeSSInG,Ждём с нетерпением!,2024/03/20,5862598691268497
2029913029919,2024/03/03 13:53:45,ИваН иВАнов,+7 9123 25 85,5,МоЛокО,4,10129.83,1870.17,prOcessINg,Ждём с нетерпением!,2024/03/20,5862598691268497
2029913029919,2024/03/03 13:53:45,ИваН иВАнов,+7 9123 25 85,5,мОЛОкО,3,8099.89,900.11,pROcEsSinG,Ждём с нетерпением!,2024/03/20,5862598691268497
2029913029919,2024/03/03 13:53:45,ИваН иВАнов,+7 9123 25 85,3,АмУнИЦия дЛЯ соБАк,1,1126.65,73.35,PrOCeSsInG,Ждём с нетерпением!,2024/03/20,5862598691268497
2029913029919,2024/03/03 13:53:45,ИваН иВАнов,+7 9123 25 85,3,АМУНиция ДлЯ СОбаК,4,4236.33,563.67,proCEsSIng,Ждём с нетерпением!,2024/03/20,5862598691268497
2029913028884,26.03.2024 22:29,нАтАлЬя ваСиЛЬЕвА,+7(9734)18-40,2,игруШка МЯч,2,554.62,45.38,cAnCeLlEd,спасибо за заказ,2024/03/25,1643674317633834
2029913028884,26.03.2024 22:29,нАтАлЬя ваСиЛЬЕвА,+7(9734)18-40,1,кОрМ ДЛя СОбак,5,2432.98,67.02,caNcelled,спасибо за заказ,2024/03/25,1643674317633834
2029913027195,31.03.2024 04:30,ОлЬГа КуЗнЕцОвА,+7(9389)53-54,2,ИГрУШкА МЯЧ,5,1360.02,139.98,CaNCeLlED,"Задержка с доставкой, печалька...",2024/03/24,7725281732620245
2029913027195,31.03.2024 04:30,ОлЬГа КуЗнЕцОвА,+7(9389)53-54,5,моЛОКо,5,14797.6,202.4,CANCeLleD,"Задержка с доставкой, печалька...",2024/03/24,7725281732620245
2029913027195,31.03.2024 04:30,ОлЬГа КуЗнЕцОвА,+7(9389)53-54,5,мОлоКО,5,12417.53,2582.47,cANceLled,"Задержка с доставкой, печалька...",2024/03/24,7725281732620245
2029913026339,2024/03/10 21:11:17,аЛекСей МиХайЛов,+7 9005 49 14,5,МОлОкО,4,10279.62,1720.38,CANCELLeD,Ждём с нетерпением!,23.03.2024,0245946618118589
2029913025757,2024-03-23 16:09:17,оЛьга КузНецОВа,+7 9949 97 16,5,молОКо,3,7913.38,1086.62,PRoCESSiNg,Проверить наличие,07.03.2024,5501349593520510
2029913025757,2024-03-23 16:09:17,оЛьга КузНецОВа,+7 9949 97 16,4,подПиСКа на газеТУ,1,587.09,12.91,pRoceSsiNG,Проверить наличие,07.03.2024,5501349593520510
2029913024880,2024/03/10 00:44:51,марИЯ петрОвА,+7(9598)14-41,3,амуницИя длЯ СобаК,5,4908.96,1091.04,ProCesSinG,"Задержка с доставкой, печалька...",2024-03-05,4723129773779217
2029913024880,2024/03/10 00:44:51,марИЯ петрОвА,+7(9598)14-41,2,ИГрушкА мяч,5,1203.01,296.99,ProceSsiNg,"Задержка с доставкой, печалька...",2024-03-05,4723129773779217
2029913024880,2024/03/10 00:44:51,марИЯ петрОвА,+7(9598)14-41,5,МОлоКО,3,7792.58,1207.42,ProCESsING,"Задержка с доставкой, печалька...",2024-03-05,4723129773779217
2029913024880,2024/03/10 00:44:51,марИЯ петрОвА,+7(9598)14-41,2,игРушКА МяЧ,3,767.97,132.03,PrOceSSiNg,"Задержка с доставкой, печалька...",2024-03-05,4723129773779217
2029913024880,2024/03/10 00:44:51,марИЯ петрОвА,+7(9598)14-41,3,аМУНиЦиЯ Для сОБАК,5,5963.53,36.47,PROCeSsInG,"Задержка с доставкой, печалька...",2024-03-05,4723129773779217
2029913023795,2024/03/13 23:11:36,ДмИтрИй кузнЕцОв,+7 9295 49 86,1,коРм дЛЯ Собак,5,2097.68,402.32,proCeSsING,Нужно уточнить сроки,2024-03-02,4594281914521718
2029913023795,2024/03/13 23:11:36,ДмИтрИй кузнЕцОв,+7 9295 49 86,4,подПисКА НА гАЗетУ,1,561.57,38.43,PRocEssIng,Нужно уточнить сроки,2024-03-02,4594281914521718
2029913022863,01.03.2024 00:51,дМиТРий кузНЕцоВ,+7(9478)82-28,3,АМуНиция ДлЯ СобАК,5,5837.28,162.72,PrOcEsSinG,Нужно уточнить сроки,2024/03/01,1516075231808509
2029913021995,2024-03-20 01:23:56,АнНа сМИрНова,+7 9203 45 23,4,пОдпИСка нА гаЗЕтУ,2,1132.37,67.63,cANCELlED,"Задержка с доставкой, печалька...",2024/03/29,1260470100464424
2029913021995,2024-03-20 01:23:56,АнНа сМИрНова,+7 9203 45 23,4,ПОдпИСкА на гаЗЕТУ,4,2238.41,161.59,cAnceLLeD,"Задержка с доставкой, печалька...",2024/03/29,1260470100464424
2029913020184,24.03.2024 10:54,ивАН иваНОв,+7 9425 04 65,3,аМуницИя для соБАк,4,4604.69,195.31,cAncELled,Нужно уточнить сроки,2024-03-04,4508292126918187
2029913020184,24.03.2024 10:54,ивАН иваНОв,+7 9425 04 65,5,МолОКо,5,14800.14,199.86,CaNCeLlEd,Нужно уточнить сроки,2024-03-04,4508292126918187
2029913020184,24.03.2024 10:54,ивАН иваНОв,+7 9425 04 65,3,АмУниЦия длЯ сОбАК,2,2091.33,308.67,CANceLlEd,Нужно уточнить сроки,2024-03-04,4508292126918187
2029913019855,2024-03-08 02:03:16,СЕргеЙ СиДОРоВ,+7 9088 70 80,5,МОЛокО,4,11041.12,958.88,cOMPlETed,Нужно уточнить сроки,22.03.2024,3474152550600280
2029913018743,04.03.2024 15:22,АННа СмиРнОВа,8(9400) 31-43,2,игруШка мяч,3,734.88,165.12,CaNCELLEd,Проверить наличие,2024/03/02,1283488309727303
2029913018743,04.03.2024 15:22,АННа СмиРнОВа,8(9400) 31-43,1,коРМ Для СоБАк,4,1997.02,2.98,CANcElled,Проверить наличие,2024/03/02,1283488309727303
2029913018743,04.03.2024 15:22,АННа СмиРнОВа,8(9400) 31-43,1,кОРм длЯ собак,2,980.69,19.31,CANCellEd,Проверить наличие,2024/03/02,1283488309727303
2029913018743,04.03.2024 15:22,АННа СмиРнОВа,8(9400) 31-43,1,КОРМ дЛя СОБАк,5,2142.94,357.06,CANCelLEd,Проверить наличие,2024/03/02,1283488309727303
2029913017483,2024/03/22 13:55:22,еЛеНА нОвикоВА,+7 9800 85 71,5,мОлокО,1,2716.03,283.97,cANCeLlED,Всё отлично!,2024/03/26,3158197055446947
2029913017483,2024/03/22 13:55:22,еЛеНА нОвикоВА,+7 9800 85 71,4,пОДПИсКА НА гаЗету,1,501.34,98.66,caNCelleD,Всё отлично!,2024/03/26,3158197055446947
2029913017483,2024/03/22 13:55:22,еЛеНА нОвикоВА,+7 9800 85 71,1,КОРМ ДЛЯ сОБак,5,2376.73,123.27,CanCeLlED,Всё отлично!,2024/03/26,3158197055446947
2029913017483,2024/03/22 13:55:22,еЛеНА нОвикоВА,+7 9800 85 71,2,иГРушКА Мяч,3,777.62,122.38,CancElLEd,Всё отлично!,2024/03/26,3158197055446947
2029913017483,2024/03/22 13:55:22,еЛеНА нОвикоВА,+7 9800 85 71,3,амУнициЯ дЛя собАк,1,981.82,218.18,cAnCeLleD,Всё отлично!,2024/03/26,3158197055446947
2029913016333,2024/03/12 18:22:10,ИВаН ИВАнОв,+7(9550)93-04,5,МолоКО,2,5904.39,95.61,cOmplEteD,спасибо за заказ,2024-03-02,8893457757240738
2029913015914,2024-03-09 22:32:58,мАриЯ ПЕТроВа,+7 9315 59 26,1,КоРм ДлЯ СоБаК,1,410.05,89.95,PROcessiNg,подарок вовремя,2024/03/01,9117481568636840
2029913015914,2024-03-09 22:32:58,мАриЯ ПЕТроВа,+7 9315 59 26,5,моЛоКО,5,14871.91,128.09,prOcessInG,подарок вовремя,2024/03/01,9117481568636840
2029913015914,2024-03-09 22:32:58,мАриЯ ПЕТроВа,+7 9315 59 26,4,ПОДПИСка на газЕту,2,1188.13,11.87,PROCESSIng,подарок вовремя,2024/03/01,9117481568636840
2029913014945,2024-03-26 20:50:56,сЕрГЕЙ СИДоРов,+7 9024 20 36,3,аМуниЦия для СОБак,1,1141.4,58.6,cOMplEted,"Задержка с доставкой, печалька...",02.03.2024,3126100523532662
2029913014945,2024-03-26 20:50:56,сЕрГЕЙ СИДоРов,+7 9024 20 36,2,игрушкА мяч,1,293.51,6.49,CoMPlEteD,"Задержка с доставкой, печалька...",02.03.2024,3126100523532662
2029913014945,2024-03-26 20:50:56,сЕрГЕЙ СИДоРов,+7 9024 20 36,3,АМуниЦИЯ дЛя СОбак,3,3559.67,40.33,CoMpLeTED,"Задержка с доставкой, печалька...",02.03.2024,3126100523532662
2029913014945,2024-03-26 20:50:56,сЕрГЕЙ СИДоРов,+7 9024 20 36,2,игРУшкА мяЧ,1,281.0,19.0,CompLETeD,"Задержка с доставкой, печалька...",02.03.2024,3126100523532662
2029913013961,2024/03/03 14:44:48,мИхАИл оРлОв,+7 9619 10 15,3,аМУНИЦИЯ для сОбак,2,2130.36,269.64,PRoceSsing,Ждём с нетерпением!,28.03.2024,4538184868192939
2029913012864,2024-03-17 18:19:44,МаРИЯ петРоВа,+7(9939)73-85,2,игруШКА Мяч,1,261.15,38.85,CANCellEd,Ждём с нетерпением!,2024-03-03,5080621500650087
2029913012864,2024-03-17 18:19:44,МаРИЯ петРоВа,+7(9939)73-85,3,аМУНицИя для соБАК,3,2908.38,691.62,caNcELlEd,Ждём с нетерпением!,2024-03-03,5080621500650087
2029913012864,2024-03-17 18:19:44,МаРИЯ петРоВа,+7(9939)73-85,2,игРУШкА мЯч,3,851.08,48.92,CANCElLED,Ждём с нетерпением!,2024-03-03,5080621500650087
2029913011547,2024-03-09 12:30:45,аЛЕКСЕЙ мИхАЙлоВ,+7(9069)12-04,4,подпИСКа На гАЗЕту,5,2593.86,406.14,caNcElLeD,спасибо за заказ,2024/03/24,5452318733433923
2029913010254,16.03.2024 19:24,мИХАИЛ Орлов,8(9486) 35-75,1,кОРМ для СоБаК,4,1871.55,128.45,ProcESSInG,Ждём с нетерпением!,04.03.2024,4708852127899984
2029913009918,20.03.2024 05:29,ОЛьГа кУзнецовА,8(9317) 37-17,3,аМунИцИя дЛя собак,1,1022.97,177.03,CaNceLled,Ждём с нетерпением!,2024/03/26,9401313946184820
2029913009918,20.03.2024 05:29,ОЛьГа кУзнецовА,8(9317) 37-17,1,КОрМ дЛЯ сОбаК,5,2209.51,290.49,caNcElLeD,Ждём с нетерпением!,2024/03/26,9401313946184820
2029913009918,20.03.2024 05:29,ОЛьГа кУзнецовА,8(9317) 37-17,2,игрУШКа МЯч,1,252.85,47.15,canCElLeD,Ждём с нетерпением!,2024/03/26,9401313946184820
2029913009918,20.03.2024 05:29,ОЛьГа кУзнецовА,8(9317) 37-17,1,КОрМ длЯ СОБаК,2,876.33,123.67,CANcELLed,Ждём с нетерпением!,2024/03/26,9401313946184820
2029913008786,31.03.2024 11:33,анна смиРноВа,8(9941) 57-04,5,моЛОко,1,2723.81,276.19,proCESSinG,Нужно уточнить сроки,11.03.2024,8343315465611944
2029913008786,31.03.2024 11:33,анна смиРноВа,8(9941) 57-04,3,амуНИцИя ДЛЯ сОБаК,3,3494.81,105.19,pROCeSsING,Нужно уточнить сроки,11.03.2024,8343315465611944
2029913008786,31.03.2024 11:33,анна смиРноВа,8(9941) 57-04,2,иГруШКА мЯЧ,1,240.56,59.44,pRoCEssiNg,Нужно уточнить сроки,11.03.2024,8343315465611944
2029913008786,31.03.2024 11:33,анна смиРноВа,8(9941) 57-04,4,поДПИсКа НА ГаЗеТУ,4,2226.1,173.9,pRoCEssiNG,Нужно уточнить сроки,11.03.2024,8343315465611944
2029913007709,2024-03-14 19:27:04,ОлЬГа кУзнЕцоВа,+7(9350)32-91,5,мОлОКО,1,2452.77,547.23,prOCeSSiNG,Нужно уточнить сроки,2024-03-15,4340102298630830
2029913007709,2024-03-14 19:27:04,ОлЬГа кУзнЕцоВа,+7(9350)32-91,5,мОЛОКо,5,13448.74,1551.26,pROCEsSinG,Нужно уточнить сроки,2024-03-15,4340102298630830
2029913006839,27.03.2024 11:21,алЕКСЕЙ МИХайЛоВ,8(9937) 48-85,5,МОЛокО,2,5552.11,447.89,canceLlED,"Задержка с доставкой, печалька...",30.03.2024,1453446491487921
2029913006839,27.03.2024 11:21,алЕКСЕЙ МИХайЛоВ,8(9937) 48-85,3,АМуНИЦИя ДЛЯ СобаК,4,4146.35,653.65,cANCeLLeD,"Задержка с доставкой, печалька...",30.03.2024,1453446491487921
2029913006839,27.03.2024 11:21,алЕКСЕЙ МИХайЛоВ,8(9937) 48-85,1,кОРм дЛЯ собак,1,453.75,46.25,CaNCELled,"Задержка с доставкой, печалька...",30.03.2024,1453446491487921
2029913006839,27.03.2024 11:21,алЕКСЕЙ МИХайЛоВ,8(9937) 48-85,2,иГРУШКа мЯч,5,1379.07,120.93,cAnCELled,"Задержка с доставкой, печалька...",30.03.2024,1453446491487921
2029913006839,27.03.2024 11:21,алЕКСЕЙ МИХайЛоВ,8(9937) 48-85,4,ПОДПИскА НА газЕТу,3,1628.25,171.75,caNCelleD,"Задержка с доставкой, печалька...",30.03.2024,1453446491487921
2029913005484,2024/03/18 07:22:26,еленА нОВиКова,8(9955) 97-68,2,ИгрУШКА МЯч,3,758.31,141.69,pRocEsSING,Всё отлично!,2024-03-26,4061418107106910
2029913005484,2024/03/18 07:22:26,еленА нОВиКова,8(9955) 97-68,2,иГРУШкА мяч,2,578.65,21.35,PROcESsiNg,Всё отлично!,2024-03-26,4061418107106910
2029913004387,2024-03-22 22:29:51,АннА сМИрнОва,+7(9797)72-50,3,амУнициЯ ДлЯ СОбАк,4,4372.15,427.85,proCESSing,Ждём с нетерпением!,23.03.2024,1060002532374284
2029913004387,2024-03-22 22:29:51,АннА сМИрнОва,+7(9797)72-50,1,кОрМ дЛЯ СОбАк,5,2336.84,163.16,pRoCeSSInG,Ждём с нетерпением!,23.03.2024,1060002532374284
2029913004387,2024-03-22 22:29:51,АннА сМИрнОва,+7(9797)72-50,4,подПиСКА НА гАзЕтУ,1,498.29,101.71,PROCEsSiNg,Ждём с нетерпением!,23.03.2024,1060002532374284
2029913004387,2024-03-22 22:29:51,АннА сМИрнОва,+7(9797)72-50,5,МолОкО,4,11185.42,814.58,PROCesSIng,Ждём с нетерпением!,23.03.2024,1060002532374284
2029913003271,2024/03/09 11:26:32,аНна СМирНОВА,+7 9875 02 40,2,игРУШка мЯЧ,4,962.1,237.9,CompleTED,спасибо за заказ,2024/03/28,8724029552239575
2029913003271,2024/03/09 11:26:32,аНна СМирНОВА,+7 9875 02 40,5,МОлОко,1,2943.53,56.47,COMpLetEd,спасибо за заказ,2024/03/28,8724029552239575
2029913003271,2024/03/09 11:26:32,аНна СМирНОВА,+7 9875 02 40,2,иГРушкА мЯЧ,4,1017.97,182.03,cOMPleTEd,спасибо за заказ,2024/03/28,8724029552239575
2029913002658,2024-03-19 10:15:11,МИХаИЛ ОрлОв,8(9896) 44-45,2,ИГРуШка мЯч,2,595.48,4.52,caNceLled,Проверить наличие,2024/03/24,7676752871377383
2029913001572,2024/03/05 13:03:50,мИхАИл ОРЛОв,8(9865) 56-57,4,ПОДПиСкА на ГАзетУ,2,1020.02,179.98,PrOCeSSIng,Ждём с нетерпением!,2024-03-25,7856669497183039
2029913001572,2024/03/05 13:03:50,мИхАИл ОРЛОв,8(9865) 56-57,3,АмуНИцИЯ Для сОБаК,3,3502.0,98.0,prOCeSsInG,Ждём с нетерпением!,2024-03-25,7856669497183039
2029913001572,2024/03/05 13:03:50,мИхАИл ОРЛОв,8(9865) 56-57,1,коРм дЛЯ соБаК,3,1216.35,283.65,prOCEsSIng,Ждём с нетерпением!,2024-03-25,7856669497183039
2029913001572,2024/03/05 13:03:50,мИхАИл ОРЛОв,8(9865) 56-57,3,АмуНИция ДЛя собАК,3,3034.46,565.54,proCeSSInG,Ждём с нетерпением!,2024-03-25,7856669497183039
2029913000644,2024/03/27 11:05:57,ДМитРИЙ кузнЕцОв,+7(9081)65-25,5,мОлоКо,5,12837.97,2162.03,pROCeSSING,Всё отлично!,2024/03/31,0072432444035907
2029913000644,2024/03/27 11:05:57,ДМитРИЙ кузнЕцОв,+7(9081)65-25,3,АМуниция ДЛЯ сОбАк,5,5179.61,820.39,ProCEsSInG,Всё отлично!,2024/03/31,0072432444035907
2029912999313,03.03.2024 16:54,оЛЬГа КУзНЕцова,8(9150) 19-88,5,МолОКО,2,5719.63,280.37,ComPLEteD,подарок вовремя,2024-03-27,7802774623464206
2029912999313,03.03.2024 16:54,оЛЬГа КУзНЕцова,8(9150) 19-88,3,амУНициЯ для СОбАк,4,4475.94,324.06,CoMPletEd,подарок вовремя,2024-03-27,7802774623464206
2029912999313,03.03.2024 16:54,оЛЬГа КУзНЕцова,8(9150) 19-88,5,молОко,3,8285.44,714.56,cOmpLEtED,подарок вовремя,2024-03-27,7802774623464206
2029912999313,03.03.2024 16:54,оЛЬГа КУзНЕцова,8(9150) 19-88,4,ПодПиСка на ГазЕТу,3,1746.55,53.45,COmpLETeD,подарок вовремя,2024-03-27,7802774623464206
2029912999313,03.03.2024 16:54,оЛЬГа КУзНЕцова,8(9150) 19-88,2,иГрушКа МЯЧ,2,566.05,33.95,cOMPlETEd,подарок вовремя,2024-03-27,7802774623464206
2029912998935,27.03.2024 16:40,натаЛья ВаСИЛЬЕва,8(9969) 65-16,1,коРм дЛя Собак,5,2076.76,423.24,coMPlETeD,Ждём с нетерпением!,2024/03/13,1784646491284497
2029912998935,27.03.2024 16:40,натаЛья ВаСИЛЬЕва,8(9969) 65-16,3,АМУНиция ДЛЯ собак,1,1055.37,144.63,cOmplEteD,Ждём с нетерпением!,2024/03/13,1784646491284497
2029912998935,27.03.2024 16:40,натаЛья ВаСИЛЬЕва,8(9969) 65-16,3,АМунИЦИЯ дЛя СОБаК,4,4099.82,700.18,coMPLetEd,Ждём с нетерпением!,2024/03/13,1784646491284497
2029912998935,27.03.2024 16:40,натаЛья ВаСИЛЬЕва,8(9969) 65-16,4,подпИСка на гАЗеТу,3,1741.83,58.17,cOMpLeteD,Ждём с нетерпением!,2024/03/13,1784646491284497
2029912997709,20.03.2024 08:49,сергей сиДОров,8(9446) 78-35,1,КОРМ дЛЯ сОбАк,1,402.32,97.68,PrOcessiNg,Ждём с нетерпением!,28.03.2024,5646087534936848
2029912997709,20.03.2024 08:49,сергей сиДОров,8(9446) 78-35,4,ПОДПиСКа на гаЗеТУ,4,1946.4,453.6,ProcEsSIng,Ждём с нетерпением!,28.03.2024,5646087534936848
2029912997709,20.03.2024 08:49,сергей сиДОров,8(9446) 78-35,5,МоЛОКо,2,5554.51,445.49,pRocesSing,Ждём с нетерпением!,28.03.2024,5646087534936848
2029912997709,20.03.2024 08:49,сергей сиДОров,8(9446) 78-35,2,ИГрУшка МЯч,3,874.96,25.04,pROcEssinG,Ждём с нетерпением!,28.03.2024,5646087534936848
2029912997709,20.03.2024 08:49,сергей сиДОров,8(9446) 78-35,1,КорМ ДлЯ СобАк,5,2303.18,196.82,proCEssING,Ждём с нетерпением!,28.03.2024,5646087534936848
2029912996264,2024-03-07 21:08:24,алЕксеЙ МИХАйЛОв,+7(9020)77-06,3,АмУНИциЯ для собАк,1,1146.65,53.35,COmPlETeD,Всё отлично!,2024/03/08,5630889598663080
2029912996264,2024-03-07 21:08:24,алЕксеЙ МИХАйЛОв,+7(9020)77-06,4,ПоДПИСКА на ГаЗеТУ,3,1550.09,249.91,cOMplEteD,Всё отлично!,2024/03/08,5630889598663080
2029912996264,2024-03-07 21:08:24,алЕксеЙ МИХАйЛОв,+7(9020)77-06,3,АМуНИЦиЯ Для сОбак,2,2368.36,31.64,ComPletED,Всё отлично!,2024/03/08,5630889598663080
2029912995896,2024-03-15 17:38:32,АНна СМИрНоВа,+7 9204 25 50,1,корМ ДлЯ сОбаК,3,1231.07,268.93,cOmpLeTed,Ждём с нетерпением!,24.03.2024,6546587922319841
2029912994330,2024/03/28 01:08:21,МиХАил оРЛОв,+7 9719 16 42,1,КОРм Для сОбАК,4,1806.18,193.82,ComPleTEd,Проверить наличие,03.03.2024,8213169060322304
2029912993349,2024/03/29 13:53:51,Михаил оРлов,+7(9256)04-73,5,мОлоко,2,4824.05,1175.95,pROcESSiNG,Ждём с нетерпением!,2024/03/29,2089189617693729
2029912992288,07.03.2024 05:14,оЛЬГа КУзнецОвА,8(9922) 41-61,2,ИгРуШКа мЯЧ,4,1047.14,152.86,PrOcEssIng,Ждём с нетерпением!,2024-03-21,1069156061965921
2029912992288,07.03.2024 05:14,оЛЬГа КУзнецОвА,8(9922) 41-61,5,молоко,3,8937.51,62.49,proCESSInG,Ждём с нетерпением!,2024-03-21,1069156061965921
2029912992288,07.03.2024 05:14,оЛЬГа КУзнецОвА,8(9922) 41-61,5,МОЛоКО,2,5827.76,172.24,pROCessiNG,Ждём с нетерпением!,2024-03-21,1069156061965921
2029912992288,07.03.2024 05:14,оЛЬГа КУзнецОвА,8(9922) 41-61,5,МоЛОКо,5,12197.12,2802.88,PROCeSsIng,Ждём с нетерпением!,2024-03-21,1069156061965921
2029912992288,07.03.2024 05:14,оЛЬГа КУзнецОвА,8(9922) 41-61,2,иГРушка МЯЧ,2,578.03,21.97,prOcESsING,Ждём с нетерпением!,2024-03-21,1069156061965921
2029912991726,2024/03/02 04:40:54,мАрИЯ ПЕтРОвА,+7(9494)66-45,3,амУниЦия ДлЯ СОБаК,2,1940.68,459.32,pROcessing,подарок вовремя,2024-03-04,4953652553179481
2029912990433,2024-03-08 21:48:05,мИхАиЛ ОРЛОВ,8(9764) 83-58,4,ПОДпискА На гАзЕту,4,1990.16,409.84,ProCESSING,Всё отлично!,02.03.2024,1982787389624631
2029912990433,2024-03-08 21:48:05,мИхАиЛ ОРЛОВ,8(9764) 83-58,5,мОЛокО,1,2592.4,407.6,pROCESSINg,Всё отлично!,02.03.2024,1982787389624631
2029912990433,2024-03-08 21:48:05,мИхАиЛ ОРЛОВ,8(9764) 83-58,5,молоКО,4,11960.41,39.59,prOCEssiNG,Всё отлично!,02.03.2024,1982787389624631
2029912990433,2024-03-08 21:48:05,мИхАиЛ ОРЛОВ,8(9764) 83-58,1,кОРМ длЯ соБаК,1,444.96,55.04,ProcEsSING,Всё отлично!,02.03.2024,1982787389624631
2029912990433,2024-03-08 21:48:05,мИхАиЛ ОРЛОВ,8(9764) 83-58,5,молОКо,5,14729.93,270.07,PROCEssING,Всё отлично!,02.03.2024,1982787389624631
2029912989360,28.03.2024 20:40,МАРИЯ ПЕтрОВА,+7 9582 73 99,1,корм дЛЯ СобАк,4,1759.64,240.36,CANcELlEd,Всё отлично!,2024-03-27,3126624202070272
2029912989360,28.03.2024 20:40,МАРИЯ ПЕтрОВА,+7 9582 73 99,3,АмунИцИя длЯ соБак,2,2155.58,244.42,cAnCelleD,Всё отлично!,2024-03-27,3126624202070272
2029912989360,28.03.2024 20:40,МАРИЯ ПЕтрОВА,+7 9582 73 99,1,кОРм для собАК,5,2273.5,226.5,cancELLeD,Всё отлично!,2024-03-27,3126624202070272
2029912988234,2024/03/25 07:10:28,АЛЕкСЕй МихАйлоВ,+7 9286 49 69,2,иГРушКа МЯч,4,1133.5,66.5,coMpLETeD,Проверить наличие,2024-03-17,3532380598780942
2029912988234,2024/03/25 07:10:28,АЛЕкСЕй МихАйлоВ,+7 9286 49 69,2,ИгРУшКа МЯЧ,3,848.89,51.11,comPleTEd,Проверить наличие,2024-03-17,3532380598780942
2029912987284,2024/03/22 13:16:24,олЬГА кУзнецОва,8(9465) 26-74,1,КоРм для соБАК,3,1369.85,130.15,pRoceSSinG,Ждём с нетерпением!,28.03.2024,0149185155048265
2029912987284,2024/03/22 13:16:24,олЬГА кУзнецОва,8(9465) 26-74,3,АМУНиция длЯ СоБак,4,4089.38,710.62,prOCesSiNg,Ждём с нетерпением!,28.03.2024,0149185155048265
2029912987284,2024/03/22 13:16:24,олЬГА кУзнецОва,8(9465) 26-74,4,ПодПиСкА На гаЗЕТу,3,1499.44,300.56,PROceSsinG,Ждём с нетерпением!,28.03.2024,0149185155048265
2029912987284,2024/03/22 13:16:24,олЬГА кУзнецОва,8(9465) 26-74,5,молоКо,2,5561.27,438.73,PRocEsSINg,Ждём с нетерпением!,28.03.2024,0149185155048265
2029912986705,2024-03-26 23:17:39,алеКсей миХАйлов,8(9498) 42-65,4,ПодПИСкА На гаЗЕТу,3,1447.13,352.87,caNCEllED,Всё отлично!,2024/03/15,4045881299508233
2029912986705,2024-03-26 23:17:39,алеКсей миХАйлов,8(9498) 42-65,3,АмУницИЯ дЛя сОБАк,1,1026.88,173.12,cancELLED,Всё отлично!,2024/03/15,4045881299508233
2029912986705,2024-03-26 23:17:39,алеКсей миХАйлов,8(9498) 42-65,1,КОРМ длЯ СОбАК,4,1630.93,369.07,CAnCellED,Всё отлично!,2024/03/15,4045881299508233
2029912985788,2024-03-30 05:31:31,анна смиРНОВА,+7 9382 53 56,5,МолоКО,2,5809.43,190.57,pROcEssIng,подарок вовремя,2024/03/02,6846551512570943
2029912985788,2024-03-30 05:31:31,анна смиРНОВА,+7 9382 53 56,1,кОрм ДЛя Собак,2,836.29,163.71,PRocESSING,подарок вовремя,2024/03/02,6846551512570943
2029912984560,2024-03-17 00:48:37,ИвАН ИВанОв,+7(9747)08-21,3,АмуНиЦиЯ дЛя СобаК,3,3586.5,13.5,COMpleTed,Нужно уточнить сроки,2024-03-29,7480211473191788
2029912984560,2024-03-17 00:48:37,ИвАН ИВанОв,+7(9747)08-21,3,АМУницИЯ дЛя СоБАк,3,3204.31,395.69,ComPLEtEd,Нужно уточнить сроки,2024-03-29,7480211473191788
2029912984560,2024-03-17 00:48:37,ИвАН ИВанОв,+7(9747)08-21,5,мОлоКо,4,11109.99,890.01,COmPleteD,Нужно уточнить сроки,2024-03-29,7480211473191788
2029912983801,09.03.2024 18:03,аНна смИРНоВа,8(9112) 98-82,1,кОрМ ДлЯ СобаК,4,1656.64,343.36,CancELLeD,подарок вовремя,2024/03/22,9777463046809950
2029912983801,09.03.2024 18:03,аНна смИРНоВа,8(9112) 98-82,3,аМунИЦИя длЯ собАК,2,2013.05,386.95,CaNcEllEd,подарок вовремя,2024/03/22,9777463046809950
2029912983801,09.03.2024 18:03,аНна смИРНоВа,8(9112) 98-82,3,АМУНицИя Для СОБаК,2,2108.82,291.18,CAnCeLlED,подарок вовремя,2024/03/22,9777463046809950
2029912983801,09.03.2024 18:03,аНна смИРНоВа,8(9112) 98-82,2,иГРУШка мяч,1,255.34,44.66,canCelLeD,подарок вовремя,2024/03/22,9777463046809950
2029912982706,2024/03/10 19:04:51,Мария пЕтРОВа,+7 9250 54 49,2,ИГРуШка МЯч,3,750.52,149.48,CoMpLEtED,подарок вовремя,2024-03-24,3902055041307163
2029912982706,2024/03/10 19:04:51,Мария пЕтРОВа,+7 9250 54 49,2,ИгРУшКА мЯч,2,563.26,36.74,COMPlEtED,подарок вовремя,2024-03-24,3902055041307163
2029912982706,2024/03/10 19:04:51,Мария пЕтРОВа,+7 9250 54 49,5,молОКО,3,7800.5,1199.5,COMpLeteD,подарок вовремя,2024-03-24,3902055041307163
2029912982706,2024/03/10 19:04:51,Мария пЕтРОВа,+7 9250 54 49,2,игрУШКа МЯч,2,599.63,0.37,coMPlEtED,подарок вовремя,2024-03-24,3902055041307163
2029912981636,21.03.2024 09:40,СерГЕЙ СИДоРоВ,+7 9160 94 86,2,иГРушкА Мяч,3,771.06,128.94,CANcELLeD,Нужно уточнить сроки,2024/03/12,0786170987650470
2029912980875,25.03.2024 11:09,ЕЛеНА НОВиКОВА,+7(9716)77-66,5,мОлОкО,2,5226.72,773.28,CaNcELleD,Проверить наличие,10.03.2024,7651157165896418
2029912980875,25.03.2024 11:09,ЕЛеНА НОВиКОВА,+7(9716)77-66,5,мОлоКо,3,8514.7,485.3,caNcELlED,Проверить наличие,10.03.2024,7651157165896418
2029912979586,2024/03/18 08:34:06,МихАИЛ оРЛов,+7(9872)02-30,2,ИГрУшКа МЯч,3,839.57,60.43,pROcESsiNg,Всё отлично!,2024/03/04,0863596436252658
2029912978563,21.03.2024 21:11,МихаиЛ ОРлоВ,8(9225) 11-70,1,корМ ДЛя СоБАК,1,420.42,79.58,prOCesSING,Проверить наличие,11.03.2024,5517937410040960
2029912978563,21.03.2024 21:11,МихаиЛ ОРлоВ,8(9225) 11-70,1,КОРМ дЛЯ СобАк,2,845.21,154.79,PRocEssiNG,Проверить наличие,11.03.2024,5517937410040960
2029912978563,21.03.2024 21:11,МихаиЛ ОРлоВ,8(9225) 11-70,3,аМуНИцИЯ дЛя СоБАК,2,2207.25,192.75,proCESSiNG,Проверить наличие,11.03.2024,5517937410040960
2029912977116,2024/03/14 14:46:53,еЛена НовикОВА,8(9211) 82-78,3,аМУНИЦия дЛя сОБАк,4,4109.72,690.28,pROceSsING,спасибо за заказ,2024-03-26,2104440782722803
2029912977116,2024/03/14 14:46:53,еЛена НовикОВА,8(9211) 82-78,3,амунИция для СоБак,5,5868.11,131.89,ProcESSINg,спасибо за заказ,2024-03-26,2104440782722803
2029912977116,2024/03/14 14:46:53,еЛена НовикОВА,8(9211) 82-78,1,коРМ Для сОБак,2,933.29,66.71,proCessiNG,спасибо за заказ,2024-03-26,2104440782722803
2029912977116,2024/03/14 14:46:53,еЛена НовикОВА,8(9211) 82-78,5,молОкО,3,8338.56,661.44,PrOCessINg,спасибо за заказ,2024-03-26,2104440782722803
2029912976611,2024-03-21 21:03:55,ИВАН ИВаНОВ,+7 9509 73 23,4,ПОдпиСкА на ГАзЕтУ,1,582.79,17.21,CoMpleTeD,Проверить наличие,2024-03-01,9054561490515307
2029912976611,2024-03-21 21:03:55,ИВАН ИВаНОВ,+7 9509 73 23,4,пОДПиска НА ГазетУ,3,1623.0,177.0,CompLeted,Проверить наличие,2024-03-01,9054561490515307
2029912975826,2024-03-02 22:57:14,дМитриЙ КУЗНеЦов,+7 9581 96 52,2,ИгрУШКа мЯч,4,964.31,235.69,cAnCeLLed,подарок вовремя,2024/03/10,1599939616166746
2029912975826,2024-03-02 22:57:14,дМитриЙ КУЗНеЦов,+7 9581 96 52,2,игрУШКа Мяч,2,541.65,58.35,caNCeLLED,подарок вовремя,2024/03/10,1599939616166746
2029912974307,2024-03-04 07:41:00,СЕРГЕЙ СидОРоВ,+7(9536)91-37,3,АМУнИциЯ для СоБак,1,1005.9,194.1,CancelLEd,Всё отлично!,09.03.2024,0482378504887577
2029912973793,2024/03/11 22:40:12,СеРГей СидорОв,8(9739) 39-52,1,КоРм ДЛЯ собак,1,454.56,45.44,PRoCEssIng,Ждём с нетерпением!,2024/03/26,4739545995048371
2029912973793,2024/03/11 22:40:12,СеРГей СидорОв,8(9739) 39-52,4,подПисКа НА ГАЗЕТу,4,2001.21,398.79,pROceSsing,Ждём с нетерпением!,2024/03/26,4739545995048371
2029912973793,2024/03/11 22:40:12,СеРГей СидорОв,8(9739) 39-52,1,КОрМ Для СоБак,1,417.01,82.99,pROCeSsING,Ждём с нетерпением!,2024/03/26,4739545995048371
2029912973793,2024/03/11 22:40:12,СеРГей СидорОв,8(9739) 39-52,5,МолОко,5,12016.95,2983.05,PrOcESSiNG,Ждём с нетерпением!,2024/03/26,4739545995048371
2029912973793,2024/03/11 22:40:12,СеРГей СидорОв,8(9739) 39-52,3,амУнИциЯ дЛя собАК,5,4972.07,1027.93,PRoCESsiNg,Ждём с нетерпением!,2024/03/26,4739545995048371
2029912972734,26.03.2024 03:32,марИя ПеТроВА,+7 9125 74 44,2,ИгРУШКа мЯч,4,999.01,200.99,ProCesSiNG,Всё отлично!,2024-03-27,9395658904581135
2029912972734,26.03.2024 03:32,марИя ПеТроВА,+7 9125 74 44,1,КОРм ДЛЯ СОБак,4,1797.7,202.3,prOCeSSInG,Всё отлично!,2024-03-27,9395658904581135
2029912972734,26.03.2024 03:32,марИя ПеТроВА,+7 9125 74 44,1,КОРМ Для СОБак,2,910.61,89.39,PrOCESSiNg,Всё отлично!,2024-03-27,9395658904581135
2029912972734,26.03.2024 03:32,марИя ПеТроВА,+7 9125 74 44,3,АмУнИция дЛя сОБаК,5,5572.54,427.46,prOCESSInG,Всё отлично!,2024-03-27,9395658904581135
2029912972734,26.03.2024 03:32,марИя ПеТроВА,+7 9125 74 44,2,иГРУШКА МЯч,3,802.97,97.03,PROcESSInG,Всё отлично!,2024-03-27,9395658904581135
2029912971449,2024-03-14 16:42:19,иВаН ИванОВ,+7(9287)20-13,2,игрушкА мяЧ,5,1438.93,61.07,cANCElLEd,спасибо за заказ,2024/03/28,6559590907229442
2029912970927,2024-03-23 01:40:51,сергей сидороВ,+7 9401 80 64,5,мОЛоко,2,5521.8,478.2,PrOCESSiNG,Всё отлично!,2024/03/04,1747405318463499
2029912970927,2024-03-23 01:40:51,сергей сидороВ,+7 9401 80 64,4,ПодпИсКа нА гАЗЕТу,1,592.44,7.56,PrOcESSing,Всё отлично!,2024/03/04,1747405318463499
2029912970927,2024-03-23 01:40:51,сергей сидороВ,+7 9401 80 64,5,моЛОкО,5,12742.96,2257.04,proCeSSInG,Всё отлично!,2024/03/04,1747405318463499
2029912970927,2024-03-23 01:40:51,сергей сидороВ,+7 9401 80 64,2,ИГрушка МяЧ,1,243.69,56.31,PROCESsING,Всё отлично!,2024/03/04,1747405318463499
2029912969254,2024-03-15 05:03:32,ЕЛена ноВИкОВА,+7(9634)09-57,5,МолОКО,1,2957.85,42.15,PROCessIng,Нужно уточнить сроки,2024/03/24,1108316281269071
2029912969254,2024-03-15 05:03:32,ЕЛена ноВИкОВА,+7(9634)09-57,3,АМУНиция длЯ СоБаК,2,2007.74,392.26,PrOCEssIng,Нужно уточнить сроки,2024/03/24,1108316281269071
2029912969254,2024-03-15 05:03:32,ЕЛена ноВИкОВА,+7(9634)09-57,1,коРМ для собаК,3,1321.4,178.6,Processing,Нужно уточнить сроки,2024/03/24,1108316281269071
2029912969254,2024-03-15 05:03:32,ЕЛена ноВИкОВА,+7(9634)09-57,5,МОлОко,2,4895.28,1104.72,PRoCeSSiNG,Нужно уточнить сроки,2024/03/24,1108316281269071
2029912969254,2024-03-15 05:03:32,ЕЛена ноВИкОВА,+7(9634)09-57,4,пОДписка На ГАзЕту,1,539.28,60.72,pROCeSSinG,Нужно уточнить сроки,2024/03/24,1108316281269071
2029912968968,2024/03/24 21:42:40,ЕЛЕНа нОВИКОва,+7(9383)31-56,2,ИгрУшка МЯч,4,1046.98,153.02,CaNCELlED,Ждём с нетерпением!,21.03.2024,8952540857248671
2029912968968,2024/03/24 21:42:40,ЕЛЕНа нОВИКОва,+7(9383)31-56,2,иГрУшкА МЯЧ,3,802.53,97.47,CaNcElLeD,Ждём с нетерпением!,21.03.2024,8952540857248671
2029912968968,2024/03/24 21:42:40,ЕЛЕНа нОВИКОва,+7(9383)31-56,5,МОлОко,5,13664.19,1335.81,cAnCelLEd,Ждём с нетерпением!,21.03.2024,8952540857248671
2029912968968,2024/03/24 21:42:40,ЕЛЕНа нОВИКОва,+7(9383)31-56,1,коРм ДлЯ сОБАК,4,1884.05,115.95,cANcellED,Ждём с нетерпением!,21.03.2024,8952540857248671
2029912968968,2024/03/24 21:42:40,ЕЛЕНа нОВИКОва,+7(9383)31-56,3,амУНИциЯ ДлЯ СобАК,1,1194.86,5.14,CanCELlEd,Ждём с нетерпением!,21.03.2024,8952540857248671
2029912967485,24.03.2024 18:03,НаТаЛья ВАСИльЕва,+7 9041 32 61,3,аМУНицИя ДЛя сОБак,2,2345.75,54.25,ProCesSinG,Нужно уточнить сроки,2024-03-02,3829701710734288
2029912967485,24.03.2024 18:03,НаТаЛья ВАСИльЕва,+7 9041 32 61,5,моЛокО,1,2714.13,285.87,prOcEsSInG,Нужно уточнить сроки,2024-03-02,3829701710734288
2029912966192,29.03.2024 18:24,ивАн ИваНОВ,+7 9030 31 66,4,ПОдпИска на ГАЗеТУ,4,2101.13,298.87,CANcEllEd,Нужно уточнить сроки,2024-03-31,3598278698108081
2029912966192,29.03.2024 18:24,ивАн ИваНОВ,+7 9030 31 66,3,аМУниция ДлЯ СоБАк,4,3984.21,815.79,caNcELLeD,Нужно уточнить сроки,2024-03-31,3598278698108081
2029912965165,2024-03-15 08:23:17,оЛьГа кУЗНецовА,+7(9398)44-58,5,мОлОко,5,14093.34,906.66,proCeSSING,Всё отлично!,2024-03-13,7275380658647104
2029912965165,2024-03-15 08:23:17,оЛьГа кУЗНецовА,+7(9398)44-58,5,моЛокО,1,2945.02,54.98,pROcessing,Всё отлично!,2024-03-13,7275380658647104
2029912965165,2024-03-15 08:23:17,оЛьГа кУЗНецовА,+7(9398)44-58,2,иГрушКа мЯч,2,552.77,47.23,PRoCESSINg,Всё отлично!,2024-03-13,7275380658647104
2029912964655,2024/03/21 06:02:09,нАталья ВАсИлЬЕва,+7 9253 25 15,3,АМуНицИЯ Для СОбаК,5,5764.52,235.48,COmPLetEd,подарок вовремя,22.03.2024,4565172165327533
2029912964655,2024/03/21 06:02:09,нАталья ВАсИлЬЕва,+7 9253 25 15,5,МоЛоКО,4,11253.22,746.78,coMpLETeD,подарок вовремя,22.03.2024,4565172165327533
2029912964655,2024/03/21 06:02:09,нАталья ВАсИлЬЕва,+7 9253 25 15,3,амуНИЦИЯ длЯ СоБАК,1,1177.86,22.14,cOmPLeTed,подарок вовремя,22.03.2024,4565172165327533
2029912964655,2024/03/21 06:02:09,нАталья ВАсИлЬЕва,+7 9253 25 15,1,КоРМ для СоБАК,4,1856.49,143.51,COMpletED,подарок вовремя,22.03.2024,4565172165327533
2029912964655,2024/03/21 06:02:09,нАталья ВАсИлЬЕва,+7 9253 25 15,1,КОРм Для СоБаК,5,2085.46,414.54,cOmpleTEd,подарок вовремя,22.03.2024,4565172165327533
2029912963945,2024/03/15 04:04:24,МИХАИЛ ОРЛоВ,+7(9735)36-33,1,кОрм ДЛЯ сОбАК,5,2457.88,42.12,caNcELLeD,подарок вовремя,22.03.2024,3993636768180930
2029912963945,2024/03/15 04:04:24,МИХАИЛ ОРЛоВ,+7(9735)36-33,4,ПодпИСка на гАзЕТу,4,1945.53,454.47,caNcEllED,подарок вовремя,22.03.2024,3993636768180930
2029912963945,2024/03/15 04:04:24,МИХАИЛ ОРЛоВ,+7(9735)36-33,5,МолоКо,2,5804.53,195.47,cancELLED,подарок вовремя,22.03.2024,3993636768180930
2029912963945,2024/03/15 04:04:24,МИХАИЛ ОРЛоВ,+7(9735)36-33,5,МОЛокО,2,5201.23,798.77,CancElleD,подарок вовремя,22.03.2024,3993636768180930
2029912962230,2024/03/21 05:06:37,сеРГЕЙ сИДОРОв,8(9595) 95-00,4,ПодпиСка на ГаЗетУ,1,499.52,100.48,PRocEsSING,"Задержка с доставкой, печалька...",2024-03-13,4234670538416515
2029912962230,2024/03/21 05:06:37,сеРГЕЙ сИДОРОв,8(9595) 95-00,1,кОрМ дЛЯ собак,1,408.12,91.88,pRocessinG,"Задержка с доставкой, печалька...",2024-03-13,4234670538416515
2029912961947,2024-03-18 13:49:19,МАРИя петрОВа,+7(9429)39-58,3,аМУНиция дЛя СОбак,1,1118.83,81.17,prOCeSsINg,Всё отлично!,12.03.2024,5713331060007483
2029912960489,12.03.2024 05:41,АЛЕкСеЙ мИхАЙлоВ,8(9676) 99-73,4,поДписка на гАЗеТУ,3,1685.87,114.13,ProcessiNg,Ждём с нетерпением!,2024-03-01,7909088956514450
2029912960489,12.03.2024 05:41,АЛЕкСеЙ мИхАЙлоВ,8(9676) 99-73,4,ПодПИСКа На ГАЗеТу,4,1967.23,432.77,PrOCessING,Ждём с нетерпением!,2024-03-01,7909088956514450
2029912960489,12.03.2024 05:41,АЛЕкСеЙ мИхАЙлоВ,8(9676) 99-73,2,иГРУшкА МяЧ,3,839.89,60.11,PRoCesSING,Ждём с нетерпением!,2024-03-01,7909088956514450
2029912960489,12.03.2024 05:41,АЛЕкСеЙ мИхАЙлоВ,8(9676) 99-73,4,подписка НА ГАЗеТУ,1,569.6,30.4,pROceSSING,Ждём с нетерпением!,2024-03-01,7909088956514450
2029912960489,12.03.2024 05:41,АЛЕкСеЙ мИхАЙлоВ,8(9676) 99-73,4,ПодПискА на газЕту,4,2268.35,131.65,PrOCeSsIng,Ждём с нетерпением!,2024-03-01,7909088956514450
2029943935560,10.03.2024 15:21,ДМИтрий кУзНеЦов,+7 9822 17 51,2,ИгруШкА мяч,1,258.58,41.42,cAnCelLed,Нужно уточнить сроки,13.03.2024,8977628504505524
2029943934419,2024-03-26 17:23:55,АЛЕксЕЙ МИхаЙлов,8(9243) 88-78,5,мОлОКО,5,13957.19,1042.81,COmplETEd,Ждём с нетерпением!,2024/03/24,3961409529409853
2029943933560,2024-03-31 09:42:17,дмИТрИй КУЗНецов,+7(9694)51-57,5,МоЛоКо,5,14901.39,98.61,pROCeSsinG,Всё отлично!,2024-03-07,8861989054265061
2029943933560,2024-03-31 09:42:17,дмИТрИй КУЗНецов,+7(9694)51-57,2,ИГруШкА мЯч,1,241.47,58.53,proceSSiNG,Всё отлично!,2024-03-07,8861989054265061
2029943933560,2024-03-31 09:42:17,дмИТрИй КУЗНецов,+7(9694)51-57,1,кОрМ ДЛя сОБАк,2,879.95,120.05,pRocessIng,Всё отлично!,2024-03-07,8861989054265061
2029943933560,2024-03-31 09:42:17,дмИТрИй КУЗНецов,+7(9694)51-57,5,МОЛоКО,4,11219.31,780.69,pROCeSsiNg,Всё отлично!,2024-03-07,8861989054265061
2029943933560,2024-03-31 09:42:17,дмИТрИй КУЗНецов,+7(9694)51-57,5,МОлоКо,5,12755.61,2244.39,PrOCesSING,Всё отлично!,2024-03-07,8861989054265061
2029943932288,2024-03-24 11:51:37,олЬГА кУзнеЦОва,8(9079) 02-77,1,коРм Для СобАк,3,1238.16,261.84,PROcEssINg,Проверить наличие,2024-03-25,2366722375159250
2029943932288,2024-03-24 11:51:37,олЬГА кУзнеЦОва,8(9079) 02-77,4,ПоДПиСКа НА гаЗету,5,2724.3,275.7,PRoCEssInG,Проверить наличие,2024-03-25,2366722375159250
2029943932288,2024-03-24 11:51:37,олЬГА кУзнеЦОва,8(9079) 02-77,5,моЛОКО,4,11149.01,850.99,prOcEsSInG,Проверить наличие,2024-03-25,2366722375159250
2029943932288,2024-03-24 11:51:37,олЬГА кУзнеЦОва,8(9079) 02-77,5,МОлокО,5,13134.86,1865.14,pROCessINg,Проверить наличие,2024-03-25,2366722375159250
2029943932288,2024-03-24 11:51:37,олЬГА кУзнеЦОва,8(9079) 02-77,5,МОлоКО,1,2651.17,348.83,prOcEsSINg,Проверить наличие,2024-03-25,2366722375159250
2029943931933,2024/03/10 07:56:39,ДМИТРий КузнЕцов,8(9908) 83-71,5,МолокО,5,14634.3,365.7,prOcEsSIng,Ждём с нетерпением!,2024/03/17,4664325006519771
2029943931933,2024/03/10 07:56:39,ДМИТРий КузнЕцов,8(9908) 83-71,1,КОрМ длЯ СОбак,5,2288.7,211.3,PRocessIng,Ждём с нетерпением!,2024/03/17,4664325006519771
2029943930257,2024/03/17 14:01:40,анНА смИрНОВа,8(9418) 20-97,3,амунИцИЯ для сОБаК,3,2880.41,719.59,pRoCeSSING,Всё отлично!,2024-03-15,3869113639187251
2029943930257,2024/03/17 14:01:40,анНА смИрНОВа,8(9418) 20-97,4,ПОдписКа на ГазетУ,3,1701.28,98.72,prOCESsInG,Всё отлично!,2024-03-15,3869113639187251
2029943930257,2024/03/17 14:01:40,анНА смИрНОВа,8(9418) 20-97,3,АМуНИцИЯ ДЛЯ СоБак,1,1186.64,13.36,proCESsing,Всё отлично!,2024-03-15,3869113639187251
2029943930257,2024/03/17 14:01:40,анНА смИрНОВа,8(9418) 20-97,2,иГРуШКА мЯч,4,1154.22,45.78,pRoCeSsiNG,Всё отлично!,2024-03-15,3869113639187251
2029943929472,2024/03/27 19:42:29,нАТАЛьЯ ВаСиЛЬЕвА,+7 9869 07 82,1,корм длЯ Собак,2,884.27,115.73,proCesSInG,подарок вовремя,09.03.2024,0152040694716166
2029943929472,2024/03/27 19:42:29,нАТАЛьЯ ВаСиЛЬЕвА,+7 9869 07 82,1,кОрМ для СОБак,1,402.83,97.17,proceSsIng,подарок вовремя,09.03.2024,0152040694716166
2029943929472,2024/03/27 19:42:29,нАТАЛьЯ ВаСиЛЬЕвА,+7 9869 07 82,1,КорМ дЛя СОБАк,4,1880.17,119.83,pRoCessinG,подарок вовремя,09.03.2024,0152040694716166
2029943929472,2024/03/27 19:42:29,нАТАЛьЯ ВаСиЛЬЕвА,+7 9869 07 82,5,мОлОКо,5,14056.83,943.17,PrOcESsiNG,подарок вовремя,09.03.2024,0152040694716166
2029943929472,2024/03/27 19:42:29,нАТАЛьЯ ВаСиЛЬЕвА,+7 9869 07 82,2,ИГруШКА МяЧ,5,1229.69,270.31,proceSSiNG,подарок вовремя,09.03.2024,0152040694716166
2029943928271,2024-03-27 02:21:10,МИхаиЛ ОРЛов,+7 9336 64 46,3,АмуНИцИЯ ДЛя сОБак,3,3595.86,4.14,COMPletED,спасибо за заказ,2024/03/23,4491019392099228
2029943928271,2024-03-27 02:21:10,МИхаиЛ ОРЛов,+7 9336 64 46,3,аМУНИция дЛя СОБак,2,2090.51,309.49,COMpletED,спасибо за заказ,2024/03/23,4491019392099228
2029943928271,2024-03-27 02:21:10,МИхаиЛ ОРЛов,+7 9336 64 46,2,иГРУшкА мяч,5,1367.98,132.02,COMpLeTED,спасибо за заказ,2024/03/23,4491019392099228
2029943928271,2024-03-27 02:21:10,МИхаиЛ ОРЛов,+7 9336 64 46,5,МолокО,3,8338.66,661.34,COmpLEted,спасибо за заказ,2024/03/23,4491019392099228
2029943927320,2024/03/14 21:01:47,НатАльЯ ВаСИЛЬЕва,+7(9324)61-11,4,ПОДПиСкА На гаЗеТУ,2,1075.38,124.62,cAnceLLeD,Всё отлично!,2024-03-03,4281266061569921
2029943927320,2024/03/14 21:01:47,НатАльЯ ВаСИЛЬЕва,+7(9324)61-11,5,МолоКО,4,10355.66,1644.34,CAnCelLed,Всё отлично!,2024-03-03,4281266061569921
2029943927320,2024/03/14 21:01:47,НатАльЯ ВаСИЛЬЕва,+7(9324)61-11,3,АМУНИция дЛЯ СоБАК,1,1018.4,181.6,cANCElLed,Всё отлично!,2024-03-03,4281266061569921
2029943926456,2024-03-22 14:27:32,елеНа нОВИкОВа,8(9751) 07-85,2,ИгРуШКа МЯч,5,1322.7,177.3,PrOcESSING,Нужно уточнить сроки,2024/03/01,9136848088463680
2029943926456,2024-03-22 14:27:32,елеНа нОВИкОВа,8(9751) 07-85,4,подПИСкА На ГаЗЕтУ,2,1063.06,136.94,procEsSing,Нужно уточнить сроки,2024/03/01,9136848088463680
2029943926456,2024-03-22 14:27:32,елеНа нОВИкОВа,8(9751) 07-85,4,подПисКА нА гаЗеТУ,1,543.68,56.32,PrOcEsSinG,Нужно уточнить сроки,2024/03/01,9136848088463680
2029943926456,2024-03-22 14:27:32,елеНа нОВИкОВа,8(9751) 07-85,5,МолОко,5,12439.59,2560.41,pROcesSiNG,Нужно уточнить сроки,2024/03/01,9136848088463680
2029943925431,2024-03-13 10:57:36,АЛЕКСеЙ миХаЙлОв,8(9257) 30-52,5,мОлОКо,2,4863.62,1136.38,CaNCeLLEd,Ждём с нетерпением!,2024/03/02,0443396086696685
2029943924424,2024-03-16 10:40:53,МАриЯ петРова,8(9325) 42-16,4,ПОдПиСкА НА гАЗеТу,3,1535.32,264.68,COMPLEtED,Нужно уточнить сроки,2024-03-02,7801095528695187
2029943923595,2024-03-16 01:41:08,сеРгеЙ СидоРоВ,8(9123) 10-91,2,иГРушКА МЯЧ,5,1396.33,103.67,cANcELLeD,Проверить наличие,27.03.2024,1095839141242194
2029943923595,2024-03-16 01:41:08,сеРгеЙ СидоРоВ,8(9123) 10-91,5,МолоКО,4,9938.65,2061.35,cANCellEd,Проверить наличие,27.03.2024,1095839141242194
2029943923595,2024-03-16 01:41:08,сеРгеЙ СидоРоВ,8(9123) 10-91,1,коРм для СОбаК,1,402.22,97.78,canCELlEd,Проверить наличие,27.03.2024,1095839141242194
2029943923595,2024-03-16 01:41:08,сеРгеЙ СидоРоВ,8(9123) 10-91,4,подПИСкА нА ГазЕТу,4,2234.31,165.69,CAnCELLED,Проверить наличие,27.03.2024,1095839141242194
2029943923595,2024-03-16 01:41:08,сеРгеЙ СидоРоВ,8(9123) 10-91,3,аМуНИция Для Собак,5,4821.29,1178.71,cANcELleD,Проверить наличие,27.03.2024,1095839141242194
2029943922951,24.03.2024 22:24,дМИтрий кУЗнецОв,+7(9068)30-36,3,аМуНИЦия ДЛя СОБАК,2,1988.73,411.27,CaNCeLled,Проверить наличие,2024-03-24,1773873314380541
2029943922951,24.03.2024 22:24,дМИтрий кУЗнецОв,+7(9068)30-36,5,МоЛокО,3,8472.53,527.47,cAncelled,Проверить наличие,2024-03-24,1773873314380541
2029943922951,24.03.2024 22:24,дМИтрий кУЗнецОв,+7(9068)30-36,5,МолОко,2,4969.11,1030.89,CANCELleD,Проверить наличие,2024-03-24,1773873314380541
2029943922951,24.03.2024 22:24,дМИтрий кУЗнецОв,+7(9068)30-36,3,амУНицИЯ ДЛЯ Собак,5,5191.97,808.03,canCELleD,Проверить наличие,2024-03-24,1773873314380541
2029943922951,24.03.2024 22:24,дМИтрий кУЗнецОв,+7(9068)30-36,3,амУНИЦиЯ ДЛя СОБаК,3,3103.45,496.55,CanCELleD,Проверить наличие,2024-03-24,1773873314380541
2029943921485,10.03.2024 15:01,ДмИТРИй КУЗнЕЦОВ,+7(9460)18-68,4,ПодПиСКа НА гАЗету,3,1650.1,149.9,PROCEssinG,Ждём с нетерпением!,2024/03/10,8226260967839750
2029943921485,10.03.2024 15:01,ДмИТРИй КУЗнЕЦОВ,+7(9460)18-68,2,игрУшкА МЯЧ,2,589.31,10.69,pROCESsING,Ждём с нетерпением!,2024/03/10,8226260967839750
2029943921485,10.03.2024 15:01,ДмИТРИй КУЗнЕЦОВ,+7(9460)18-68,3,аМУНИцИЯ ДЛя СОбак,2,2260.3,139.7,PROCessIng,Ждём с нетерпением!,2024/03/10,8226260967839750
2029943921485,10.03.2024 15:01,ДмИТРИй КУЗнЕЦОВ,+7(9460)18-68,1,КоРм ДЛя СоБак,5,2051.48,448.52,PROcessING,Ждём с нетерпением!,2024/03/10,8226260967839750
2029943921485,10.03.2024 15:01,ДмИТРИй КУЗнЕЦОВ,+7(9460)18-68,3,аМунИцИЯ дЛя СОБАк,5,5846.53,153.47,ProCEssiNG,Ждём с нетерпением!,2024/03/10,8226260967839750
2029943920286,2024/03/15 15:38:38,МихАИЛ оРлОв,+7(9522)35-60,1,кОРМ ДлЯ СобАК,3,1228.42,271.58,cOMpLEtEd,Ждём с нетерпением!,2024/03/22,7290161089430737
2029943920286,2024/03/15 15:38:38,МихАИЛ оРлОв,+7(9522)35-60,4,пОДПиСкА нА ГАзету,2,1114.3,85.7,CompLETed,Ждём с нетерпением!,2024/03/22,7290161089430737
2029943920286,2024/03/15 15:38:38,МихАИЛ оРлОв,+7(9522)35-60,4,пОДПиСКа нА газЕТУ,3,1657.57,142.43,ComplEted,Ждём с нетерпением!,2024/03/22,7290161089430737
2029943920286,2024/03/15 15:38:38,МихАИЛ оРлОв,+7(9522)35-60,2,игрУшКА мяч,5,1431.44,68.56,cOmPLETed,Ждём с нетерпением!,2024/03/22,7290161089430737
2029943919687,2024/03/27 22:43:14,дмиТРиЙ кУзНеЦОВ,8(9114) 44-77,2,иГРУШКа МЯЧ,1,260.25,39.75,CaNceLLeD,Проверить наличие,2024-03-24,4973617249947112
2029943919687,2024/03/27 22:43:14,дмиТРиЙ кУзНеЦОВ,8(9114) 44-77,1,кОРм дЛЯ сОбАК,3,1374.78,125.22,CAncELLed,Проверить наличие,2024-03-24,4973617249947112
2029943918918,2024/03/31 05:39:16,марИЯ ПетрОВа,+7 9039 95 66,5,мОлОКо,3,7660.32,1339.68,complEteD,Проверить наличие,2024/03/16,0318319776749637
2029943918918,2024/03/31 05:39:16,марИЯ ПетрОВа,+7 9039 95 66,4,пОдПискА на ГАЗеТУ,4,1995.6,404.4,ComPLETed,Проверить наличие,2024/03/16,0318319776749637
2029943918918,2024/03/31 05:39:16,марИЯ ПетрОВа,+7 9039 95 66,3,АмунИциЯ ДлЯ СобАК,5,5098.97,901.03,cOmpLeTeD,Проверить наличие,2024/03/16,0318319776749637
2029943917265,2024/03/23 00:24:10,ивАн ивАнОв,8(9816) 47-43,5,МОлОКО,4,9770.16,2229.84,canCeLLeD,Всё отлично!,2024/03/12,3572323172917430
2029943916727,2024-03-19 23:46:21,СЕРгеЙ СиДоРов,+7 9959 70 09,3,АмУНицИЯ дЛЯ собАК,4,4604.66,195.34,PROCEssINg,"Задержка с доставкой, печалька...",2024/03/20,9457219505830479
2029943916727,2024-03-19 23:46:21,СЕРгеЙ СиДоРов,+7 9959 70 09,4,ПОДПисКа нА ГАзету,2,1141.96,58.04,pROcessInG,"Задержка с доставкой, печалька...",2024/03/20,9457219505830479
2029943916727,2024-03-19 23:46:21,СЕРгеЙ СиДоРов,+7 9959 70 09,1,кОРм длЯ сОБак,3,1391.08,108.92,PROCESsInG,"Задержка с доставкой, печалька...",2024/03/20,9457219505830479
2029943915397,2024-03-09 15:56:39,ИваН иВАнОВ,+7 9578 08 88,2,ИгрУшка мяч,2,560.96,39.04,COMpLeteD,Нужно уточнить сроки,2024/03/29,1918651024390624
2029943915397,2024-03-09 15:56:39,ИваН иВАнОВ,+7 9578 08 88,3,аМУнИЦиЯ дЛя Собак,4,4667.77,132.23,comPLETed,Нужно уточнить сроки,2024/03/29,1918651024390624
2029943915397,2024-03-09 15:56:39,ИваН иВАнОВ,+7 9578 08 88,2,игруШка мЯЧ,3,815.67,84.33,complETed,Нужно уточнить сроки,2024/03/29,1918651024390624
2029943915397,2024-03-09 15:56:39,ИваН иВАнОВ,+7 9578 08 88,4,ПОДПиСКА НА ГАЗеТУ,2,966.83,233.17,CoMPleTED,Нужно уточнить сроки,2024/03/29,1918651024390624
2029943914782,09.03.2024 04:47,ИВан ивАНОВ,+7 9541 31 79,2,иГрУШка МЯЧ,3,768.74,131.26,COMpleTed,Нужно уточнить сроки,2024-03-25,2362763066966222
2029943914782,09.03.2024 04:47,ИВан ивАНОВ,+7 9541 31 79,3,АМунИция для СОбак,4,4772.67,27.33,COmpLEtEd,Нужно уточнить сроки,2024-03-25,2362763066966222
2029943914782,09.03.2024 04:47,ИВан ивАНОВ,+7 9541 31 79,1,кОрМ ДлЯ СОБАК,3,1326.25,173.75,ComPLEteD,Нужно уточнить сроки,2024-03-25,2362763066966222
2029943914782,09.03.2024 04:47,ИВан ивАНОВ,+7 9541 31 79,4,поДПисКа на гАзЕТУ,5,2621.06,378.94,CoMplEtEd,Нужно уточнить сроки,2024-03-25,2362763066966222
2029943914782,09.03.2024 04:47,ИВан ивАНОВ,+7 9541 31 79,4,пОдпИскА На гаЗеТУ,5,2661.67,338.33,COmpLetED,Нужно уточнить сроки,2024-03-25,2362763066966222
2029943913783,2024-03-01 07:33:50,МихАил Орлов,+7 9009 93 11,3,АмуНициЯ ДЛя СОбаК,1,1161.34,38.66,COmPLeteD,спасибо за заказ,2024-03-13,6220396526661613
2029943912259,28.03.2024 11:24,сЕргеЙ сИДОроВ,+7 9997 62 32,3,АмУниЦия дЛя собак,4,4383.99,416.01,CoMPLEtEd,спасибо за заказ,2024-03-01,7476686909627290
2029943912259,28.03.2024 11:24,сЕргеЙ сИДОроВ,+7 9997 62 32,2,игРУшКА Мяч,1,286.93,13.07,cOMplEtED,спасибо за заказ,2024-03-01,7476686909627290
2029943911797,23.03.2024 06:25,Дмитрий кУЗнецов,+7 9186 89 82,4,подПиСКА На ГАзеТУ,5,2750.04,249.96,caNCelled,Всё отлично!,2024/03/01,0925268636624351
2029943910957,2024-03-16 20:47:11,ОЛЬгА кузнЕЦоВа,+7 9578 63 99,2,игрушКА мяЧ,2,489.48,110.52,coMPlEtEd,"Задержка с доставкой, печалька...",2024-03-20,5330393342125848
2029943909447,16.03.2024 15:16,НаТалья ВАСилЬЕВа,8(9976) 29-92,2,иГРУШка Мяч,2,583.97,16.03,cAnCeLlED,Нужно уточнить сроки,2024-03-04,4972735637467348
2029943909447,16.03.2024 15:16,НаТалья ВАСилЬЕВа,8(9976) 29-92,3,АМуниЦия дЛя соБАК,1,979.64,220.36,CANCELLEd,Нужно уточнить сроки,2024-03-04,4972735637467348
2029943909447,16.03.2024 15:16,НаТалья ВАСилЬЕВа,8(9976) 29-92,5,мОлоко,2,5315.93,684.07,CancELlED,Нужно уточнить сроки,2024-03-04,4972735637467348
2029943908379,2024-03-09 07:12:11,наталЬЯ ВасИльевА,8(9166) 53-96,4,поДПиСкА нА гАзету,4,1982.21,417.79,prOcessIng,Проверить наличие,23.03.2024,1614873654121312
2029943908379,2024-03-09 07:12:11,наталЬЯ ВасИльевА,8(9166) 53-96,4,пОДПИСКа НА ГАЗЕТу,1,583.98,16.02,prOCEssING,Проверить наличие,23.03.2024,1614873654121312
2029943908379,2024-03-09 07:12:11,наталЬЯ ВасИльевА,8(9166) 53-96,2,ИгРУшка мЯч,1,256.75,43.25,PrOCESsInG,Проверить наличие,23.03.2024,1614873654121312
2029943908379,2024-03-09 07:12:11,наталЬЯ ВасИльевА,8(9166) 53-96,3,амуНИцИя Для СОБАк,2,2201.97,198.03,procEssing,Проверить наличие,23.03.2024,1614873654121312
2029943907335,01.03.2024 00:01,ОльгА КУЗНецова,+7(9359)81-32,5,молокО,4,9687.95,2312.05,cOmPletEd,Ждём с нетерпением!,2024/03/09,5137509186630817
2029943906378,2024-03-17 21:59:28,НаТАлЬЯ ваСиЛЬевА,8(9659) 41-65,3,АмунициЯ для соБАк,4,4107.17,692.83,cANcEllED,Всё отлично!,19.03.2024,8226582186902748
2029943906378,2024-03-17 21:59:28,НаТАлЬЯ ваСиЛЬевА,8(9659) 41-65,5,МоЛоКО,1,2722.24,277.76,CAnceLLED,Всё отлично!,19.03.2024,8226582186902748
2029943905669,2024-03-03 18:08:16,НАТАЛьЯ ВасиЛьевА,+7 9231 41 79,2,ИГрушКа МяЧ,2,592.64,7.36,COMpleteD,Проверить наличие,09.03.2024,2736122213515834
2029943905669,2024-03-03 18:08:16,НАТАЛьЯ ВасиЛьевА,+7 9231 41 79,4,ПОдпИСка на гАЗЕТу,2,1122.78,77.22,COmPLETeD,Проверить наличие,09.03.2024,2736122213515834
2029943904509,11.03.2024 02:45,МИхаИл ОРЛОв,8(9828) 46-03,2,иГруШКА Мяч,4,975.41,224.59,CaNcelLED,Всё отлично!,01.03.2024,3383349844128904
2029943904509,11.03.2024 02:45,МИхаИл ОРЛОв,8(9828) 46-03,4,пОДПИсКа на гАЗЕТУ,5,2964.22,35.78,cANcEllED,Всё отлично!,01.03.2024,3383349844128904
2029943904509,11.03.2024 02:45,МИхаИл ОРЛОв,8(9828) 46-03,4,ПОдпИска на ГАЗЕтУ,1,494.69,105.31,caNcelLED,Всё отлично!,01.03.2024,3383349844128904
2029943903840,2024/03/17 11:39:43,АНнА СмирНовА,8(9492) 06-25,1,КОРМ для СОбАк,4,1909.74,90.26,CAncELlEd,Всё отлично!,10.03.2024,0923367762134307
2029943902843,2024/03/03 04:59:56,МИХАиЛ орЛоВ,+7(9308)03-69,2,ИГРуШка МяЧ,4,1107.28,92.72,COmPletEd,подарок вовремя,2024/03/22,1888349047831988
2029943902843,2024/03/03 04:59:56,МИХАиЛ орЛоВ,+7(9308)03-69,2,игРУшка мяч,5,1293.6,206.4,COmPLEtED,подарок вовремя,2024/03/22,1888349047831988
2029943902843,2024/03/03 04:59:56,МИХАиЛ орЛоВ,+7(9308)03-69,5,Молоко,1,2690.28,309.72,COmpLETEd,подарок вовремя,2024/03/22,1888349047831988
2029943901643,2024/03/19 06:26:50,ИВаН ИвАноВ,+7(9532)46-71,4,ПоДПИСКА нА ГаЗеТу,1,538.3,61.7,ComPlETed,подарок вовремя,2024-03-02,3448516362587225
2029943900571,2024/03/20 03:04:35,ОЛЬга кУзНецОвА,8(9078) 43-00,3,амУНиЦия ДЛЯ СоБак,5,5843.73,156.27,ProcEssing,Всё отлично!,2024/03/26,7602457322615738
2029943900571,2024/03/20 03:04:35,ОЛЬга кУзНецОвА,8(9078) 43-00,5,МОлокО,3,7468.64,1531.36,PROceSsiNg,Всё отлично!,2024/03/26,7602457322615738
2029943900571,2024/03/20 03:04:35,ОЛЬга кУзНецОвА,8(9078) 43-00,4,подписКА НА гАЗЕтУ,4,2398.14,1.86,PrOCeSsing,Всё отлично!,2024/03/26,7602457322615738
2029943899424,2024/03/19 23:13:17,МаРиЯ ПеТровА,+7 9168 16 44,5,мОЛОкО,5,13716.35,1283.65,PrOCESSING,Ждём с нетерпением!,2024-03-10,1318208022685332
2029943898328,26.03.2024 11:55,МАРиЯ ПЕтРоВа,+7 9116 96 62,3,аМУнИЦиЯ дЛЯ СОбаК,5,5753.07,246.93,CaNcElled,подарок вовремя,19.03.2024,7403293603611486
2029943898328,26.03.2024 11:55,МАРиЯ ПЕтРоВа,+7 9116 96 62,2,игрУШкА Мяч,1,293.75,6.25,caNcELlED,подарок вовремя,19.03.2024,7403293603611486
2029943898328,26.03.2024 11:55,МАРиЯ ПЕтРоВа,+7 9116 96 62,5,мОЛОКО,1,2492.32,507.68,CanCellEd,подарок вовремя,19.03.2024,7403293603611486
2029943897670,2024/03/18 11:08:35,сЕрГЕй СИдорОВ,+7(9916)42-74,5,МоЛокО,2,4822.51,1177.49,PrOceSSIng,"Задержка с доставкой, печалька...",28.03.2024,0249496774169470
2029943897670,2024/03/18 11:08:35,сЕрГЕй СИдорОВ,+7(9916)42-74,5,МоЛоко,5,14564.98,435.02,pRoCEsSIng,"Задержка с доставкой, печалька...",28.03.2024,0249496774169470
2029943897670,2024/03/18 11:08:35,сЕрГЕй СИдорОВ,+7(9916)42-74,1,КОрм дЛя сОБАК,3,1254.14,245.86,PROcESsing,"Задержка с доставкой, печалька...",28.03.2024,0249496774169470
2029943897670,2024/03/18 11:08:35,сЕрГЕй СИдорОВ,+7(9916)42-74,1,кОРМ ДЛЯ СОбАк,5,2231.2,268.8,PRocEsSing,"Задержка с доставкой, печалька...",28.03.2024,0249496774169470
2029943897670,2024/03/18 11:08:35,сЕрГЕй СИдорОВ,+7(9916)42-74,3,аМУНИЦИЯ ДЛЯ Собак,5,5937.06,62.94,PROceSSiNg,"Задержка с доставкой, печалька...",28.03.2024,0249496774169470
2029943896356,2024/03/20 20:41:19,сЕргеЙ сИДоРоВ,+7 9460 83 17,2,ИГРУшкА МяЧ,1,297.61,2.39,PrOcESSing,"Задержка с доставкой, печалька...",2024/03/04,3336166438800936
2029943896356,2024/03/20 20:41:19,сЕргеЙ сИДоРоВ,+7 9460 83 17,3,аМУнИЦИя дЛя СОБаК,5,5690.28,309.72,prOCeSsiNG,"Задержка с доставкой, печалька...",2024/03/04,3336166438800936
2029943895110,12.03.2024 19:26,оЛЬгА кузнецоВа,8(9407) 05-01,1,кОрм ДЛя СОБАк,1,467.14,32.86,CANCeLled,спасибо за заказ,2024/03/15,3220620942552149
2029943895110,12.03.2024 19:26,оЛЬгА кузнецоВа,8(9407) 05-01,2,ИгРуШКА мяЧ,1,299.26,0.74,caNcElleD,спасибо за заказ,2024/03/15,3220620942552149
2029943895110,12.03.2024 19:26,оЛЬгА кузнецоВа,8(9407) 05-01,2,иГРУшКА МЯЧ,4,1077.97,122.03,cAnCElLeD,спасибо за заказ,2024/03/15,3220620942552149
2029943895110,12.03.2024 19:26,оЛЬгА кузнецоВа,8(9407) 05-01,3,АМуНИЦиЯ дЛя СОбаК,4,4462.57,337.43,CAnceLlEd,спасибо за заказ,2024/03/15,3220620942552149
2029943895110,12.03.2024 19:26,оЛЬгА кузнецоВа,8(9407) 05-01,1,КОРМ Для соБаК,1,444.58,55.42,caNCelleD,спасибо за заказ,2024/03/15,3220620942552149
2029943894302,2024-03-16 13:17:14,АнНА сМирНоВА,+7 9488 65 89,5,МОлоКО,3,8179.66,820.34,cOmpLeteD,Всё отлично!,21.03.2024,7490789701590540
2029943894302,2024-03-16 13:17:14,АнНА сМирНоВА,+7 9488 65 89,5,мОЛОкО,5,14491.46,508.54,ComPLetEd,Всё отлично!,21.03.2024,7490789701590540
2029943894302,2024-03-16 13:17:14,АнНА сМирНоВА,+7 9488 65 89,1,КорМ дЛЯ сОБАК,5,2332.95,167.05,CoMpletED,Всё отлично!,21.03.2024,7490789701590540
2029943893604,2024-03-14 10:53:46,МаРия пеТрова,+7(9655)68-03,1,коРм Для сОБАк,4,1916.82,83.18,prOcEsSING,подарок вовремя,06.03.2024,9437213119802843
2029943893604,2024-03-14 10:53:46,МаРия пеТрова,+7(9655)68-03,5,моЛокО,3,7290.09,1709.91,pROcESsInG,подарок вовремя,06.03.2024,9437213119802843
2029943893604,2024-03-14 10:53:46,МаРия пеТрова,+7(9655)68-03,5,мОлоКО,1,2844.97,155.03,PrOcESsing,подарок вовремя,06.03.2024,9437213119802843
2029943893604,2024-03-14 10:53:46,МаРия пеТрова,+7(9655)68-03,1,Корм Для соБАК,2,834.37,165.63,ProCEssinG,подарок вовремя,06.03.2024,9437213119802843
2029943893604,2024-03-14 10:53:46,МаРия пеТрова,+7(9655)68-03,1,корм Для СоБаК,3,1221.07,278.93,PRoCeSsIng,подарок вовремя,06.03.2024,9437213119802843
2029943892692,2024/03/27 10:49:49,МИХаил оРЛоВ,+7 9182 09 39,5,МоЛоКО,4,9840.23,2159.77,ProcEsSING,Всё отлично!,08.03.2024,4354720115164710
2029943892692,2024/03/27 10:49:49,МИХаил оРЛоВ,+7 9182 09 39,4,пОдпИСКА нА ГаЗЕТу,3,1490.97,309.03,pRocESsInG,Всё отлично!,08.03.2024,4354720115164710
2029943892692,2024/03/27 10:49:49,МИХаил оРЛоВ,+7 9182 09 39,4,пОдПИСКа нА гаЗету,2,1103.1,96.9,prOcEsSInG,Всё отлично!,08.03.2024,4354720115164710
2029943892692,2024/03/27 10:49:49,МИХаил оРЛоВ,+7 9182 09 39,3,аМУНИЦИя ДЛЯ СОБАК,3,3137.28,462.72,proCESsiNg,Всё отлично!,08.03.2024,4354720115164710
2029943891815,2024/03/05 19:14:14,МиХАиЛ ОрЛов,+7 9052 65 99,1,коРМ ДлЯ сОБАК,4,1645.58,354.42,cAncELLEd,"Задержка с доставкой, печалька...",2024/03/06,5058636991336250
2029943890548,2024/03/17 17:28:07,ДмиТРИЙ КузнЕЦОВ,+7(9937)46-67,2,ИгруШка мЯч,5,1301.93,198.07,COmpLeTEd,Ждём с нетерпением!,2024-03-03,3983621348895784
2029943890548,2024/03/17 17:28:07,ДмиТРИЙ КузнЕЦОВ,+7(9937)46-67,1,кОРМ ДЛЯ СОБАк,1,460.41,39.59,CompLetEd,Ждём с нетерпением!,2024-03-03,3983621348895784
2029943890548,2024/03/17 17:28:07,ДмиТРИЙ КузнЕЦОВ,+7(9937)46-67,2,иГРуШкА МяЧ,3,860.46,39.54,COMPLEtEd,Ждём с нетерпением!,2024-03-03,3983621348895784
2029943890548,2024/03/17 17:28:07,ДмиТРИЙ КузнЕЦОВ,+7(9937)46-67,3,амУНИЦИя ДЛя СОбак,3,2939.81,660.19,cOmplETeD,Ждём с нетерпением!,2024-03-03,3983621348895784
2029943889206,2024-03-03 00:26:38,елЕНА НоВИКова,+7(9072)78-39,1,КОРм Для СОБАК,4,1720.66,279.34,CompLeTED,Нужно уточнить сроки,21.03.2024,1250459260535404
2029943889206,2024-03-03 00:26:38,елЕНА НоВИКова,+7(9072)78-39,1,корМ Для сОбАК,1,462.9,37.1,cOmPleTED,Нужно уточнить сроки,21.03.2024,1250459260535404
2029943888153,17.03.2024 05:45,МАРИя петРоВа,+7 9872 78 00,1,КОрМ Для СОбАК,1,413.36,86.64,pROCESsIng,Проверить наличие,2024-03-21,5084173017289417
2029943888153,17.03.2024 05:45,МАРИя петРоВа,+7 9872 78 00,3,АмУНИЦия ДЛя СобАК,5,5659.01,340.99,PROceSSiNG,Проверить наличие,2024-03-21,5084173017289417
2029943888153,17.03.2024 05:45,МАРИя петРоВа,+7 9872 78 00,4,пОДПИска нА гАзетУ,2,1171.57,28.43,PROcESsiNg,Проверить наличие,2024-03-21,5084173017289417
2029943887429,2024-03-22 15:28:12,наТальЯ ВАСилЬЕва,+7 9627 89 22,2,игрУшКА МЯЧ,5,1435.79,64.21,cAncELLED,Проверить наличие,2024/03/19,3347939207682117
2029943887429,2024-03-22 15:28:12,наТальЯ ВАСилЬЕва,+7 9627 89 22,3,амУнИция дЛЯ сОбАк,3,2890.21,709.79,CANCeLLed,Проверить наличие,2024/03/19,3347939207682117
2029943886304,2024/03/04 01:46:25,МариЯ пЕтРОва,+7(9003)85-66,2,игРУШКА МЯч,5,1398.47,101.53,CANCelled,Проверить наличие,2024-03-10,2844346543856394
2029943886304,2024/03/04 01:46:25,МариЯ пЕтРОва,+7(9003)85-66,3,АмуНИЦИя дЛЯ СОБАК,2,2178.0,222.0,CancelLed,Проверить наличие,2024-03-10,2844346543856394
2029943886304,2024/03/04 01:46:25,МариЯ пЕтРОва,+7(9003)85-66,2,игрушкА МЯч,2,501.01,98.99,cANcELlED,Проверить наличие,2024-03-10,2844346543856394
2029943885747,2024/03/01 00:20:27,ДмиТРИй куЗНецов,+7(9303)99-93,3,амУНИЦиЯ дЛЯ Собак,5,5679.59,320.41,COMPLetEd,спасибо за заказ,2024/03/04,2803310224537290
2029943885747,2024/03/01 00:20:27,ДмиТРИй куЗНецов,+7(9303)99-93,2,ИГруШКА МяЧ,1,247.45,52.55,CoMPLETED,спасибо за заказ,2024/03/04,2803310224537290
2029943885747,2024/03/01 00:20:27,ДмиТРИй куЗНецов,+7(9303)99-93,5,МОЛОКО,3,8207.64,792.36,COmplEted,спасибо за заказ,2024/03/04,2803310224537290
2029943885747,2024/03/01 00:20:27,ДмиТРИй куЗНецов,+7(9303)99-93,5,мОЛоКО,3,8449.63,550.37,cOMPleTEd,спасибо за заказ,2024/03/04,2803310224537290
2029943885747,2024/03/01 00:20:27,ДмиТРИй куЗНецов,+7(9303)99-93,4,ПОдпИскА НА ГаЗету,5,2689.22,310.78,comPLETed,спасибо за заказ,2024/03/04,2803310224537290
2029943884188,21.03.2024 17:06,ОЛЬга КУЗНецова,+7(9560)01-84,3,амуниЦия ДЛЯ сОбаК,4,4798.64,1.36,cOmPleTed,"Задержка с доставкой, печалька...",25.03.2024,4203037476188265
2029943884188,21.03.2024 17:06,ОЛЬга КУЗНецова,+7(9560)01-84,3,АМуНицИя длЯ СОбАК,1,1005.33,194.67,compleTED,"Задержка с доставкой, печалька...",25.03.2024,4203037476188265
2029943884188,21.03.2024 17:06,ОЛЬга КУЗНецова,+7(9560)01-84,5,молоКо,1,2846.93,153.07,COmPlETEd,"Задержка с доставкой, печалька...",25.03.2024,4203037476188265
2029943884188,21.03.2024 17:06,ОЛЬга КУЗНецова,+7(9560)01-84,3,АМУНициЯ Для собАК,5,5932.11,67.89,coMPletEd,"Задержка с доставкой, печалька...",25.03.2024,4203037476188265
2029943884188,21.03.2024 17:06,ОЛЬга КУЗНецова,+7(9560)01-84,4,ПОдПиСКа НА гАЗЕТу,3,1641.89,158.11,COmPLeTEd,"Задержка с доставкой, печалька...",25.03.2024,4203037476188265
2029943883554,2024/03/05 08:26:09,Иван ИВАНОв,+7(9272)58-94,2,иГРушКА МЯч,5,1424.14,75.86,CANCeLLeD,подарок вовремя,08.03.2024,4484863941450439
2029943883554,2024/03/05 08:26:09,Иван ИВАНОв,+7(9272)58-94,3,АМУнИЦИя Для СобаК,1,1186.27,13.73,CANcellEd,подарок вовремя,08.03.2024,4484863941450439
2029943882996,2024/03/22 10:13:16,АЛЕкСеЙ мИХАЙлоВ,+7(9493)77-83,3,АМУниЦИЯ ДЛя СОбАК,1,1105.23,94.77,canCellEd,подарок вовремя,2024/03/22,9989780505283137
2029943882996,2024/03/22 10:13:16,АЛЕкСеЙ мИХАЙлоВ,+7(9493)77-83,3,АмунИЦиЯ длЯ СОбАК,2,1995.79,404.21,CaNCeLLED,подарок вовремя,2024/03/22,9989780505283137
2029943882996,2024/03/22 10:13:16,АЛЕкСеЙ мИХАЙлоВ,+7(9493)77-83,5,мОлОко,4,10021.39,1978.61,CaNcelleD,подарок вовремя,2024/03/22,9989780505283137
2029943882996,2024/03/22 10:13:16,АЛЕкСеЙ мИХАЙлоВ,+7(9493)77-83,1,КОрм ДЛЯ сОбаК,2,834.13,165.87,CanCelled,подарок вовремя,2024/03/22,9989780505283137
2029943882996,2024/03/22 10:13:16,АЛЕкСеЙ мИХАЙлоВ,+7(9493)77-83,5,МОЛоКО,2,5995.44,4.56,canCElleD,подарок вовремя,2024/03/22,9989780505283137
2029943881179,2024-03-10 17:53:39,НАТалЬя ВАСилЬЕВа,+7 9469 54 78,2,иГруШка мЯч,4,1087.81,112.19,caNCELlEd,Всё отлично!,2024/03/03,8448751614676477
2029943881179,2024-03-10 17:53:39,НАТалЬя ВАСилЬЕВа,+7 9469 54 78,5,МоЛОкО,3,7770.75,1229.25,CANCeLlED,Всё отлично!,2024/03/03,8448751614676477
2029943881179,2024-03-10 17:53:39,НАТалЬя ВАСилЬЕВа,+7 9469 54 78,2,игРУШКа МЯЧ,4,1085.73,114.27,cancElLED,Всё отлично!,2024/03/03,8448751614676477
2029943881179,2024-03-10 17:53:39,НАТалЬя ВАСилЬЕВа,+7 9469 54 78,3,АМуницИя ДЛя собак,5,5450.93,549.07,CANceLLeD,Всё отлично!,2024/03/03,8448751614676477
2029943880504,2024/03/10 00:34:22,олЬГА куЗнЕЦОва,8(9925) 65-38,2,иГрУшка МЯЧ,5,1323.12,176.88,CaNcELled,Нужно уточнить сроки,2024/03/14,5832292480805593
2029943880504,2024/03/10 00:34:22,олЬГА куЗнЕЦОва,8(9925) 65-38,1,коРм дЛя сОБак,1,421.06,78.94,CANcELLed,Нужно уточнить сроки,2024/03/14,5832292480805593
2029943880504,2024/03/10 00:34:22,олЬГА куЗнЕЦОва,8(9925) 65-38,3,АмУНИцИя ДлЯ Собак,5,5868.69,131.31,CANceLLed,Нужно уточнить сроки,2024/03/14,5832292480805593
2029943880504,2024/03/10 00:34:22,олЬГА куЗнЕЦОва,8(9925) 65-38,1,КОРм ДЛЯ СобАк,4,1778.33,221.67,caNceLlED,Нужно уточнить сроки,2024/03/14,5832292480805593
2029943880504,2024/03/10 00:34:22,олЬГА куЗнЕЦОва,8(9925) 65-38,5,МолОКо,3,8135.46,864.54,cAnCElLeD,Нужно уточнить сроки,2024/03/14,5832292480805593
2029943879740,10.03.2024 04:26,дМитрИЙ кУзнЕцоВ,+7 9543 60 42,2,ИгрУшкА МЯЧ,5,1329.91,170.09,cANCElled,спасибо за заказ,08.03.2024,4987995949662038
2029943879740,10.03.2024 04:26,дМитрИЙ кУзнЕцоВ,+7 9543 60 42,5,мОЛОко,5,13259.2,1740.8,CanceLLeD,спасибо за заказ,08.03.2024,4987995949662038
2029943879740,10.03.2024 04:26,дМитрИЙ кУзнЕцоВ,+7 9543 60 42,3,аМУнИЦиЯ длЯ СОБАК,1,1197.54,2.46,cAnceLled,спасибо за заказ,08.03.2024,4987995949662038
2029943878976,2024/03/05 22:44:53,наТалЬЯ ВАСИЛЬЕВА,8(9895) 87-76,3,АМУНИЦиЯ ДЛЯ сОбаК,3,3392.58,207.42,cOmpLeted,Нужно уточнить сроки,2024-03-11,0393005056188077
2029943878976,2024/03/05 22:44:53,наТалЬЯ ВАСИЛЬЕВА,8(9895) 87-76,4,пОДпиСка на гАЗЕтУ,4,2310.14,89.86,cOMpleteD,Нужно уточнить сроки,2024-03-11,0393005056188077
2029943878976,2024/03/05 22:44:53,наТалЬЯ ВАСИЛЬЕВА,8(9895) 87-76,1,КОрМ длЯ СобАК,4,1719.13,280.87,coMplEted,Нужно уточнить сроки,2024-03-11,0393005056188077
2029943877486,2024/03/14 07:15:14,СЕРгЕЙ СидОрОВ,+7(9342)64-55,1,кОРМ длЯ СОбаК,5,2401.64,98.36,comPLEtED,"Задержка с доставкой, печалька...",2024/03/29,8288612280521027
2029943877486,2024/03/14 07:15:14,СЕРгЕЙ СидОрОВ,+7(9342)64-55,2,ИГРушКА МЯЧ,4,1088.8,111.2,cOmPlEtED,"Задержка с доставкой, печалька...",2024/03/29,8288612280521027
2029943877486,2024/03/14 07:15:14,СЕРгЕЙ СидОрОВ,+7(9342)64-55,5,мОлОкО,1,2860.62,139.38,CoMpLeTED,"Задержка с доставкой, печалька...",2024/03/29,8288612280521027
2029943877486,2024/03/14 07:15:14,СЕРгЕЙ СидОрОВ,+7(9342)64-55,5,мОЛОкО,1,2720.12,279.88,ComPLeTED,"Задержка с доставкой, печалька...",2024/03/29,8288612280521027
2029943877486,2024/03/14 07:15:14,СЕРгЕЙ СидОрОВ,+7(9342)64-55,1,КоРМ дЛЯ СОБаК,3,1368.56,131.44,COMpLETeD,"Задержка с доставкой, печалька...",2024/03/29,8288612280521027
2029943876498,2024-03-06 06:07:30,АННА сМИрНоВа,+7(9443)08-65,5,МОлОкО,1,2704.92,295.08,COMPLeTED,Нужно уточнить сроки,19.03.2024,8316849881040087
2029943876498,2024-03-06 06:07:30,АННА сМИрНоВа,+7(9443)08-65,2,иГрушКА Мяч,2,481.17,118.83,COMPLETed,Нужно уточнить сроки,19.03.2024,8316849881040087
2029943876498,2024-03-06 06:07:30,АННА сМИрНоВа,+7(9443)08-65,2,иГРуШкА мяЧ,2,579.6,20.4,COmpleTEd,Нужно уточнить сроки,19.03.2024,8316849881040087
2029943876498,2024-03-06 06:07:30,АННА сМИрНоВа,+7(9443)08-65,3,амУниЦия ДЛя СоБаК,2,2093.26,306.74,coMpLETed,Нужно уточнить сроки,19.03.2024,8316849881040087
2029943875799,2024/03/11 14:01:33,еЛеНа НОвИкОва,8(9343) 53-00,3,аМУНИЦия ДЛя собАк,5,5949.85,50.15,PRoceSSiNg,"Задержка с доставкой, печалька...",2024-03-15,3661779640004319
2029943875799,2024/03/11 14:01:33,еЛеНа НОвИкОва,8(9343) 53-00,5,МОЛОКо,1,2433.95,566.05,pRoCESSINg,"Задержка с доставкой, печалька...",2024-03-15,3661779640004319
2029943875799,2024/03/11 14:01:33,еЛеНа НОвИкОва,8(9343) 53-00,2,иГрушка мяЧ,4,1127.81,72.19,PROceSSING,"Задержка с доставкой, печалька...",2024-03-15,3661779640004319
2029943875799,2024/03/11 14:01:33,еЛеНа НОвИкОва,8(9343) 53-00,3,АМУнИЦИя дЛЯ СОБак,1,1089.59,110.41,pROcesSINg,"Задержка с доставкой, печалька...",2024-03-15,3661779640004319
2029943875799,2024/03/11 14:01:33,еЛеНа НОвИкОва,8(9343) 53-00,3,аМуниЦия ДЛЯ СОбАк,1,1023.18,176.82,pRoCESsING,"Задержка с доставкой, печалька...",2024-03-15,3661779640004319
2029943874590,2024-03-16 02:42:07,Михаил ОРЛов,8(9847) 20-75,1,КОРм ДЛя сОбак,5,2233.89,266.11,pRoceSsING,Проверить наличие,2024-03-22,4376225105340328
2029943874590,2024-03-16 02:42:07,Михаил ОРЛов,8(9847) 20-75,5,молОКо,3,8686.65,313.35,pROCESSINg,Проверить наличие,2024-03-22,4376225105340328
2029943874590,2024-03-16 02:42:07,Михаил ОРЛов,8(9847) 20-75,3,АМуниЦИЯ для собАк,1,1026.79,173.21,ProcessINg,Проверить наличие,2024-03-22,4376225105340328
2029943874590,2024-03-16 02:42:07,Михаил ОРЛов,8(9847) 20-75,5,МОлоКо,2,5651.52,348.48,PROCESsInG,Проверить наличие,2024-03-22,4376225105340328
2029943874590,2024-03-16 02:42:07,Михаил ОРЛов,8(9847) 20-75,5,моЛоко,3,8784.59,215.41,PROCESsIng,Проверить наличие,2024-03-22,4376225105340328
2029943873542,2024/03/14 23:28:42,ДМиТРиЙ кузнЕЦОв,+7 9332 99 29,2,иГРушкА Мяч,3,851.6,48.4,cAnCELlED,спасибо за заказ,11.03.2024,6124569110218144
2029943873542,2024/03/14 23:28:42,ДМиТРиЙ кузнЕЦОв,+7 9332 99 29,4,ПОДПИСка нА гаЗетУ,5,2886.25,113.75,CANcELLed,спасибо за заказ,11.03.2024,6124569110218144
2029943873542,2024/03/14 23:28:42,ДМиТРиЙ кузнЕЦОв,+7 9332 99 29,2,игрУшКа МЯЧ,1,298.78,1.22,cAncELLEd,спасибо за заказ,11.03.2024,6124569110218144
2029943873542,2024/03/14 23:28:42,ДМиТРиЙ кузнЕЦОв,+7 9332 99 29,2,игрУшкА МЯЧ,2,570.72,29.28,CANceLleD,спасибо за заказ,11.03.2024,6124569110218144
2029943873542,2024/03/14 23:28:42,ДМиТРиЙ кузнЕЦОв,+7 9332 99 29,5,МОЛоКО,2,4836.52,1163.48,canCelled,спасибо за заказ,11.03.2024,6124569110218144
2029943872132,2024/03/16 08:20:04,ИВан ИВАНОВ,+7 9361 33 70,3,АМУнИциЯ дЛя сОБАк,4,4533.11,266.89,PrOcESSIng,Ждём с нетерпением!,2024/03/08,7526318106613502
2029943872132,2024/03/16 08:20:04,ИВан ИВАНОВ,+7 9361 33 70,2,ИгРУшКА МЯЧ,1,260.21,39.79,processiNg,Ждём с нетерпением!,2024/03/08,7526318106613502
2029943872132,2024/03/16 08:20:04,ИВан ИВАНОВ,+7 9361 33 70,2,игРУшка МяЧ,4,1088.95,111.05,ProCEssINg,Ждём с нетерпением!,2024/03/08,7526318106613502
2029943871548,2024/03/22 06:21:11,оЛьГА куЗНеЦовА,+7(9308)14-34,1,коРм ДЛЯ СОБаК,4,1668.9,331.1,CaNCelLeD,Всё отлично!,2024/03/04,9829857522525999
2029943871548,2024/03/22 06:21:11,оЛьГА куЗНеЦовА,+7(9308)14-34,5,МолОкО,2,5187.43,812.57,CAnCElled,Всё отлично!,2024/03/04,9829857522525999
2029943871548,2024/03/22 06:21:11,оЛьГА куЗНеЦовА,+7(9308)14-34,1,кОрм для сОбаК,3,1298.81,201.19,cAnceLLeD,Всё отлично!,2024/03/04,9829857522525999
2029943870727,27.03.2024 12:26,СеРГей сидОРов,8(9118) 74-21,1,коРМ длЯ СОбак,5,2146.47,353.53,prOcEsSING,спасибо за заказ,2024/03/09,4345826885704860
2029943870727,27.03.2024 12:26,СеРГей сидОРов,8(9118) 74-21,2,игрУшКа мЯч,1,295.9,4.1,PrOCESsInG,спасибо за заказ,2024/03/09,4345826885704860
2029943870727,27.03.2024 12:26,СеРГей сидОРов,8(9118) 74-21,2,ИГРуШКА мЯЧ,3,765.79,134.21,PrOcESsing,спасибо за заказ,2024/03/09,4345826885704860
2029943870727,27.03.2024 12:26,СеРГей сидОРов,8(9118) 74-21,5,МОЛОКо,1,2959.04,40.96,PROcEsSINg,спасибо за заказ,2024/03/09,4345826885704860
2029943870727,27.03.2024 12:26,СеРГей сидОРов,8(9118) 74-21,1,КОРм дЛя Собак,2,915.61,84.39,PROCeSsIng,спасибо за заказ,2024/03/09,4345826885704860
2029943869555,2024-03-08 13:22:17,дМИтрИЙ КУЗнЕЦОв,+7(9450)87-81,1,КОрм Для сОбАк,5,2464.02,35.98,coMpLetEd,подарок вовремя,15.03.2024,3897572869462878
2029943869555,2024-03-08 13:22:17,дМИтрИЙ КУЗнЕЦОв,+7(9450)87-81,5,МоЛОКо,5,12167.14,2832.86,CompleTeD,подарок вовремя,15.03.2024,3897572869462878
2029943868275,2024/03/22 05:20:28,ДмиТрИЙ КуЗнеЦОВ,+7(9115)17-14,1,Корм Для соБаК,4,1939.68,60.32,CoMplETEd,Проверить наличие,09.03.2024,1333755955128594
2029943868275,2024/03/22 05:20:28,ДмиТрИЙ КуЗнеЦОВ,+7(9115)17-14,3,АМуНИЦиЯ ДлЯ сОбАк,2,2117.71,282.29,complEtED,Проверить наличие,09.03.2024,1333755955128594
2029943868275,2024/03/22 05:20:28,ДмиТрИЙ КуЗнеЦОВ,+7(9115)17-14,1,кОРМ дЛЯ СобаК,2,802.29,197.71,COMpLEteD,Проверить наличие,09.03.2024,1333755955128594
2029943868275,2024/03/22 05:20:28,ДмиТрИЙ КуЗнеЦОВ,+7(9115)17-14,4,пОДПИсКА НА Газету,1,492.58,107.42,compLeTEd,Проверить наличие,09.03.2024,1333755955128594
2029943867216,15.03.2024 13:57,АННа смирНоВА,8(9656) 42-22,5,МоЛОКо,2,5582.47,417.53,CanCELleD,спасибо за заказ,25.03.2024,0011591425587513
2029943867216,15.03.2024 13:57,АННа смирНоВА,8(9656) 42-22,3,АмуНИЦИЯ длЯ сОбаК,2,2053.03,346.97,caNCeLled,спасибо за заказ,25.03.2024,0011591425587513
2029943866205,11.03.2024 09:49,дМитрИй кУзНеЦоВ,8(9321) 63-59,2,ИГРушкА мЯч,5,1375.39,124.61,proCeSSiNg,Всё отлично!,2024-03-03,8646938016465783
2029943866205,11.03.2024 09:49,дМитрИй кУзНеЦоВ,8(9321) 63-59,2,ИГрУШКа мяч,2,496.36,103.64,pROcesSing,Всё отлично!,2024-03-03,8646938016465783
2029943866205,11.03.2024 09:49,дМитрИй кУзНеЦоВ,8(9321) 63-59,5,молоКО,4,10137.28,1862.72,procESSiNg,Всё отлично!,2024-03-03,8646938016465783
2029943865116,2024-03-23 04:08:10,нАтАльЯ ВаСИльЕВа,8(9899) 26-97,2,ИГРУшкА мЯЧ,3,754.56,145.44,CancElLed,Ждём с нетерпением!,2024/03/29,4940287081255207
2029943865116,2024-03-23 04:08:10,нАтАльЯ ВаСИльЕВа,8(9899) 26-97,3,аМУнИцИЯ для СобаК,2,2066.71,333.29,cANCeLLEd,Ждём с нетерпением!,2024/03/29,4940287081255207
2029943865116,2024-03-23 04:08:10,нАтАльЯ ВаСИльЕВа,8(9899) 26-97,3,амуНИЦИЯ дЛя сОБАК,3,3475.9,124.1,canCeLLed,Ждём с нетерпением!,2024/03/29,4940287081255207
2029943864332,05.03.2024 05:13,ИВАн ивАнОв,+7(9095)46-63,4,пОдПиСкА нА ГАзету,3,1768.02,31.98,PROCeSsiNG,подарок вовремя,27.03.2024,0691251801209885
2029943864332,05.03.2024 05:13,ИВАн ивАнОв,+7(9095)46-63,5,МОлОко,3,7518.16,1481.84,pROCEsSINg,подарок вовремя,27.03.2024,0691251801209885
2029943864332,05.03.2024 05:13,ИВАн ивАнОв,+7(9095)46-63,4,пОДПИСка нА газету,2,1037.74,162.26,PROCesSing,подарок вовремя,27.03.2024,0691251801209885
2029943864332,05.03.2024 05:13,ИВАн ивАнОв,+7(9095)46-63,1,КОрм для собаК,2,870.94,129.06,prOCeSSIng,подарок вовремя,27.03.2024,0691251801209885
2029943863720,21.03.2024 05:55,МарИЯ ПеТРОВа,8(9544) 43-05,3,аМуНИция дЛя собАК,2,2108.67,291.33,ComplEted,Проверить наличие,31.03.2024,6206581335160592
2029943863720,21.03.2024 05:55,МарИЯ ПеТРОВа,8(9544) 43-05,3,АМУНИЦия ДлЯ соБак,1,1189.04,10.96,ComPleTEd,Проверить наличие,31.03.2024,6206581335160592
2029943863720,21.03.2024 05:55,МарИЯ ПеТРОВа,8(9544) 43-05,5,МоЛОкО,1,2504.95,495.05,coMPLEtED,Проверить наличие,31.03.2024,6206581335160592
2029943863720,21.03.2024 05:55,МарИЯ ПеТРОВа,8(9544) 43-05,1,КОРМ ДЛя СОбак,2,819.5,180.5,CoMPLeTed,Проверить наличие,31.03.2024,6206581335160592
2029943863720,21.03.2024 05:55,МарИЯ ПеТРОВа,8(9544) 43-05,1,коРМ дЛЯ собак,4,1860.9,139.1,compLEtED,Проверить наличие,31.03.2024,6206581335160592
2029943862697,17.03.2024 19:23,мария ПеТрОвА,+7 9262 61 55,2,иГрушКА Мяч,4,1134.52,65.48,cOmpLetEd,Проверить наличие,2024/03/10,9873639910611980
2029943862697,17.03.2024 19:23,мария ПеТрОвА,+7 9262 61 55,2,игРУшКа мЯч,1,268.03,31.97,CoMpLeTEd,Проверить наличие,2024/03/10,9873639910611980
2029943861774,2024/03/23 15:06:18,мИХАИЛ орЛоВ,+7(9454)08-78,5,МолокО,5,13614.56,1385.44,cancelLed,Всё отлично!,2024-03-13,1991176527442985
2029943861774,2024/03/23 15:06:18,мИХАИЛ орЛоВ,+7(9454)08-78,5,мОлОКО,3,7578.62,1421.38,CaNCElLed,Всё отлично!,2024-03-13,1991176527442985
2029943861774,2024/03/23 15:06:18,мИХАИЛ орЛоВ,+7(9454)08-78,4,ПоДПиска На гАзЕту,4,2167.13,232.87,CaNCELlEd,Всё отлично!,2024-03-13,1991176527442985
2029943860163,23.03.2024 18:17,МИхАИЛ оРЛОВ,8(9489) 13-66,5,моЛоКо,4,11241.48,758.52,cAncelleD,Ждём с нетерпением!,2024-03-10,2141520179714516
2029943859131,2024-03-22 05:35:11,МАрия пЕтРОвА,8(9542) 44-36,5,МоЛОКо,4,11502.01,497.99,cOMpLeTED,Ждём с нетерпением!,2024-03-05,4511508661461204
2029943859131,2024-03-22 05:35:11,МАрия пЕтРОвА,8(9542) 44-36,1,КОрМ дЛя СОбАк,5,2349.13,150.87,CoMPLeTed,Ждём с нетерпением!,2024-03-05,4511508661461204
2029943859131,2024-03-22 05:35:11,МАрия пЕтРОвА,8(9542) 44-36,5,мОлоКо,1,2506.96,493.04,COmPlEtED,Ждём с нетерпением!,2024-03-05,4511508661461204
2029943859131,2024-03-22 05:35:11,МАрия пЕтРОвА,8(9542) 44-36,1,кОрм ДЛя СОБАК,3,1248.02,251.98,cOmpLEtEd,Ждём с нетерпением!,2024-03-05,4511508661461204
2029943859131,2024-03-22 05:35:11,МАрия пЕтРОвА,8(9542) 44-36,4,ПодпискА нА ГАЗЕТу,2,1198.96,1.04,cOmplETEd,Ждём с нетерпением!,2024-03-05,4511508661461204
2029943858199,31.03.2024 02:35,МАРИя ПетРОВа,+7 9420 31 92,1,коРМ дЛя сОбак,2,846.22,153.78,canCeLLED,спасибо за заказ,17.03.2024,0879419061051939
2029943858199,31.03.2024 02:35,МАРИя ПетРОВа,+7 9420 31 92,2,ИГРушка мЯЧ,1,264.78,35.22,cancelled,спасибо за заказ,17.03.2024,0879419061051939
2029943858199,31.03.2024 02:35,МАРИя ПетРОВа,+7 9420 31 92,5,МОЛоКо,5,14326.34,673.66,canCeLleD,спасибо за заказ,17.03.2024,0879419061051939
2029943858199,31.03.2024 02:35,МАРИя ПетРОВа,+7 9420 31 92,5,МоЛОКО,1,2432.59,567.41,cANCELLeD,спасибо за заказ,17.03.2024,0879419061051939
2029943857766,2024-03-03 21:15:24,НАТАЛЬя ВасиЛЬЕВа,+7(9389)00-46,2,ИГрушКа мяЧ,3,791.85,108.15,caNCeLlEd,Нужно уточнить сроки,2024-03-08,4341231156740778
2029943856816,19.03.2024 01:01,АлЕКСей мИХАйлОв,8(9621) 09-33,5,Молоко,5,13540.77,1459.23,CANcELlEd,Всё отлично!,2024/03/26,8857905765900731
2029943855205,2024-03-13 11:39:14,серГей сиДОрОВ,8(9202) 18-52,4,пОДПисКа нА ГазеТу,2,1028.97,171.03,cOMPlETed,Всё отлично!,30.03.2024,9410722330248746
2029943855205,2024-03-13 11:39:14,серГей сиДОрОВ,8(9202) 18-52,2,игрушкА Мяч,4,1060.84,139.16,ComPlEteD,Всё отлично!,30.03.2024,9410722330248746
2029943855205,2024-03-13 11:39:14,серГей сиДОрОВ,8(9202) 18-52,4,ПОдписКА на газетУ,1,585.64,14.36,COMplEtEd,Всё отлично!,30.03.2024,9410722330248746
2029943854386,2024-03-02 15:32:20,ОЛЬГА куЗНецова,+7(9261)61-92,3,АМуНИциЯ дЛЯ сОбАк,1,1011.25,188.75,PrOCeSsinG,спасибо за заказ,2024-03-26,8091638949417965
2029943854386,2024-03-02 15:32:20,ОЛЬГА куЗНецова,+7(9261)61-92,1,корм длЯ СобАк,3,1488.95,11.05,proceSsIng,спасибо за заказ,2024-03-26,8091638949417965
2029943854386,2024-03-02 15:32:20,ОЛЬГА куЗНецова,+7(9261)61-92,5,МоЛоКо,4,11036.44,963.56,proCessINg,спасибо за заказ,2024-03-26,8091638949417965
2029943854386,2024-03-02 15:32:20,ОЛЬГА куЗНецова,+7(9261)61-92,5,МОЛокО,1,2927.73,72.27,pRoCessiNg,спасибо за заказ,2024-03-26,8091638949417965
2029943853441,2024/03/12 04:16:34,иВАН ИВаНоВ,+7(9460)32-11,4,ПОдпИСка нА гАзЕту,4,2271.33,128.67,prOCessINg,Нужно уточнить сроки,2024-03-20,3291884445883124
2029943853441,2024/03/12 04:16:34,иВАН ИВаНоВ,+7(9460)32-11,5,молоКО,5,13602.34,1397.66,PrOcESSinG,Нужно уточнить сроки,2024-03-20,3291884445883124
2029943853441,2024/03/12 04:16:34,иВАН ИВаНоВ,+7(9460)32-11,5,МОЛоКО,2,5134.22,865.78,prOceSSing,Нужно уточнить сроки,2024-03-20,3291884445883124
2029943853441,2024/03/12 04:16:34,иВАН ИВаНоВ,+7(9460)32-11,1,КОрМ Для соБАк,3,1316.2,183.8,PROcEsSiNG,Нужно уточнить сроки,2024-03-20,3291884445883124
2029943853441,2024/03/12 04:16:34,иВАН ИВаНоВ,+7(9460)32-11,5,МОЛокО,3,7664.51,1335.49,PrOCEsSing,Нужно уточнить сроки,2024-03-20,3291884445883124
2029943852346,2024/03/02 11:25:40,иВаН Иванов,+7(9586)96-22,3,амУнИЦИЯ длЯ собАК,2,2329.44,70.56,cancelled,подарок вовремя,2024/03/28,7363540074571546
2029943852346,2024/03/02 11:25:40,иВаН Иванов,+7(9586)96-22,3,амунИЦия ДЛя СОбАК,1,1009.75,190.25,CaNCElLed,подарок вовремя,2024/03/28,7363540074571546
2029943851825,2024-03-29 18:58:17,мАрия петРОВА,+7(9316)67-51,2,ИГрУШКА мЯЧ,1,252.2,47.8,CanCElLED,Ждём с нетерпением!,2024/03/03,6515893128258332
2029943850606,2024-03-20 11:21:56,мАРИя петРОвА,+7(9018)71-31,2,игРушКА мЯч,4,1144.84,55.16,PROCeSSINg,Нужно уточнить сроки,2024/03/16,8036901934795302
2029943850606,2024-03-20 11:21:56,мАРИя петРОвА,+7(9018)71-31,4,ПоДПискА На гАзЕту,2,1182.49,17.51,PrOCessing,Нужно уточнить сроки,2024/03/16,8036901934795302
2029943850606,2024-03-20 11:21:56,мАРИя петРОвА,+7(9018)71-31,1,КоРМ длЯ соБАк,1,421.28,78.72,pRocEsSIng,Нужно уточнить сроки,2024/03/16,8036901934795302
2029943850606,2024-03-20 11:21:56,мАРИя петРОвА,+7(9018)71-31,5,Молоко,5,12066.91,2933.09,PrOCeSsINg,Нужно уточнить сроки,2024/03/16,8036901934795302
2029943849795,02.03.2024 17:54,НаТалья вАсИЛьева,+7 9494 25 97,1,КоРМ дЛЯ СОБАк,2,870.51,129.49,prOCEssING,Ждём с нетерпением!,2024-03-18,1745238346615832
2029943849795,02.03.2024 17:54,НаТалья вАсИЛьева,+7 9494 25 97,3,АмУНИЦия длЯ СОБаК,5,5031.03,968.97,PROCEssing,Ждём с нетерпением!,2024-03-18,1745238346615832
2029943848313,2024-03-18 02:01:00,ИваН ИВанОв,8(9210) 77-56,4,пОдпИСкА нА ГаЗЕту,2,966.81,233.19,cANcelleD,"Задержка с доставкой, печалька...",31.03.2024,7973766376680847
2029943848313,2024-03-18 02:01:00,ИваН ИВанОв,8(9210) 77-56,1,КоРм ДлЯ сОБАК,1,468.81,31.19,canCElled,"Задержка с доставкой, печалька...",31.03.2024,7973766376680847
2029943847242,2024/03/23 08:30:03,аЛеКсЕй мИхАйЛоВ,+7(9957)64-09,3,аМунИцИЯ длЯ СОБАК,3,3215.79,384.21,cANcellEd,"Задержка с доставкой, печалька...",2024-03-08,7415321304668295
2029943847242,2024/03/23 08:30:03,аЛеКсЕй мИхАйЛоВ,+7(9957)64-09,3,АмуНиЦия для сОБаК,5,5780.4,219.6,CANcElLed,"Задержка с доставкой, печалька...",2024-03-08,7415321304668295
2029943847242,2024/03/23 08:30:03,аЛеКсЕй мИхАйЛоВ,+7(9957)64-09,1,кОРМ ДлЯ СОбак,5,2192.93,307.07,CanCeLlED,"Задержка с доставкой, печалька...",2024-03-08,7415321304668295
2029943846451,2024-03-01 02:36:22,нАтАлья ВАСиЛЬЕва,+7 9428 89 36,4,ПОДПИсКА на ГАЗЕТУ,4,2016.56,383.44,cancElled,Нужно уточнить сроки,03.03.2024,5251678597935592
2029943846451,2024-03-01 02:36:22,нАтАлья ВАСиЛЬЕва,+7 9428 89 36,5,МОлОкО,2,4827.58,1172.42,CancElleD,Нужно уточнить сроки,03.03.2024,5251678597935592
2029943845984,2024-03-31 03:44:00,АННА СМиРноВА,+7 9212 50 69,2,игрУШка МЯч,5,1234.61,265.39,ComPLETEd,подарок вовремя,2024-03-23,6035487870434553
2029943844275,2024-03-31 11:00:16,мария ПеТроВа,+7(9446)11-45,3,АМУНиция для СобаК,5,5420.84,579.16,cOmPLeted,Всё отлично!,31.03.2024,3004242066096296
2029943844275,2024-03-31 11:00:16,мария ПеТроВа,+7(9446)11-45,1,КОрМ ДЛя СоБак,3,1470.58,29.42,cOmPLeTeD,Всё отлично!,31.03.2024,3004242066096296
2029943844275,2024-03-31 11:00:16,мария ПеТроВа,+7(9446)11-45,2,ИГрушкА МЯч,3,796.44,103.56,cOmpLetEd,Всё отлично!,31.03.2024,3004242066096296
2029943843336,15.03.2024 22:04,МИхАИл оРлОв,+7 9689 22 18,1,кОрм Для СобАк,2,913.97,86.03,CAnCelLed,Проверить наличие,2024-03-10,7053649393288947
2029943843336,15.03.2024 22:04,МИхАИл оРлОв,+7 9689 22 18,4,ПоДПИСКа на гАЗету,3,1596.95,203.05,CanCelleD,Проверить наличие,2024-03-10,7053649393288947
2029943843336,15.03.2024 22:04,МИхАИл оРлОв,+7 9689 22 18,3,амУНИция дЛя сОБАк,5,5568.27,431.73,CaNcElleD,Проверить наличие,2024-03-10,7053649393288947
2029943843336,15.03.2024 22:04,МИхАИл оРлОв,+7 9689 22 18,5,МОлОКо,3,8158.48,841.52,canCelLeD,Проверить наличие,2024-03-10,7053649393288947
2029943842166,2024-03-12 15:06:02,СерГЕй СидорОВ,+7(9379)88-89,3,АмУнИция длЯ СОбАк,4,4512.99,287.01,pROceSsIng,"Задержка с доставкой, печалька...",29.03.2024,5525291399752203
2029943842166,2024-03-12 15:06:02,СерГЕй СидорОВ,+7(9379)88-89,3,АмУНиЦиЯ для СобАк,2,2085.63,314.37,PRoCESSing,"Задержка с доставкой, печалька...",29.03.2024,5525291399752203
2029943842166,2024-03-12 15:06:02,СерГЕй СидорОВ,+7(9379)88-89,1,КоРм ДЛя СОБАк,3,1392.35,107.65,ProcesSiNG,"Задержка с доставкой, печалька...",29.03.2024,5525291399752203
2029943842166,2024-03-12 15:06:02,СерГЕй СидорОВ,+7(9379)88-89,2,ИгруШкА МяЧ,1,287.97,12.03,prOCEsSING,"Задержка с доставкой, печалька...",29.03.2024,5525291399752203
2029943842166,2024-03-12 15:06:02,СерГЕй СидорОВ,+7(9379)88-89,1,коРм ДЛя СобАк,1,437.99,62.01,PROCeSsinG,"Задержка с доставкой, печалька...",29.03.2024,5525291399752203
2029943841790,2024/03/24 08:34:44,АлЕкСЕЙ МИхаЙЛоВ,+7(9256)26-37,1,КОРМ ДЛя СОбАК,4,1821.45,178.55,proceSsING,Проверить наличие,2024/03/19,2968414167422109
2029943841790,2024/03/24 08:34:44,АлЕкСЕЙ МИхаЙЛоВ,+7(9256)26-37,4,ПодпИска на гаЗЕТу,5,2946.61,53.39,PRoCESSiNG,Проверить наличие,2024/03/19,2968414167422109
2029943841790,2024/03/24 08:34:44,АлЕкСЕЙ МИхаЙЛоВ,+7(9256)26-37,2,ИгРУшКА мЯЧ,1,268.21,31.79,PrOCesSINg,Проверить наличие,2024/03/19,2968414167422109
2029943841790,2024/03/24 08:34:44,АлЕкСЕЙ МИхаЙЛоВ,+7(9256)26-37,5,МОЛОКо,3,8494.87,505.13,prOCesSiNG,Проверить наличие,2024/03/19,2968414167422109
2029943840903,2024-03-23 08:09:09,ДМИтрИй куЗнеЦоВ,8(9936) 38-30,3,АМуниЦИЯ ДЛя соБАк,3,3548.61,51.39,CompletEd,"Задержка с доставкой, печалька...",2024-03-17,3010416529243716
2029943840903,2024-03-23 08:09:09,ДМИтрИй куЗнеЦоВ,8(9936) 38-30,1,кОрм Для соБаК,1,466.73,33.27,CompletED,"Задержка с доставкой, печалька...",2024-03-17,3010416529243716
2029943840903,2024-03-23 08:09:09,ДМИтрИй куЗнеЦоВ,8(9936) 38-30,1,корМ Для соБаК,4,1928.87,71.13,cOMpleTeD,"Задержка с доставкой, печалька...",2024-03-17,3010416529243716
2029943840903,2024-03-23 08:09:09,ДМИтрИй куЗнеЦоВ,8(9936) 38-30,5,моЛОКо,4,11611.8,388.2,COMpleted,"Задержка с доставкой, печалька...",2024-03-17,3010416529243716
2029943840903,2024-03-23 08:09:09,ДМИтрИй куЗнеЦоВ,8(9936) 38-30,1,коРм ДлЯ СоБАк,2,933.86,66.14,COmplEtED,"Задержка с доставкой, печалька...",2024-03-17,3010416529243716
2029943839110,2024-03-01 01:59:19,НаТалЬя вАСИЛЬеВа,+7 9061 63 74,5,МОЛоко,2,5936.92,63.08,pROCeSsINg,"Задержка с доставкой, печалька...",2024-03-18,1622149396234565
2029943839110,2024-03-01 01:59:19,НаТалЬя вАСИЛЬеВа,+7 9061 63 74,5,МОЛоко,1,2646.52,353.48,PRocESSINg,"Задержка с доставкой, печалька...",2024-03-18,1622149396234565
2029943839110,2024-03-01 01:59:19,НаТалЬя вАСИЛЬеВа,+7 9061 63 74,3,АмуНИЦиЯ дЛя сОбак,2,2044.71,355.29,PROCessiNG,"Задержка с доставкой, печалька...",2024-03-18,1622149396234565
2029943839110,2024-03-01 01:59:19,НаТалЬя вАСИЛЬеВа,+7 9061 63 74,4,пОДпИСКа нА гАзЕТу,3,1586.33,213.67,PROcESSing,"Задержка с доставкой, печалька...",2024-03-18,1622149396234565
2029943838298,2024/03/08 11:30:31,АНна смиРНоВа,+7(9948)97-87,3,амунИцИЯ ДЛЯ СоБАк,1,985.95,214.05,caNCelLED,Всё отлично!,02.03.2024,2517311919814881
2029943837322,2024/03/26 00:33:07,аЛеКСЕй МиХАйлов,+7 9039 40 89,4,ПОДпиСКА На ГАЗЕТУ,3,1606.3,193.7,cAncElLeD,Всё отлично!,26.03.2024,1697569974787406
2029943837322,2024/03/26 00:33:07,аЛеКСЕй МиХАйлов,+7 9039 40 89,4,пОДПИСКа нА газЕтУ,3,1468.73,331.27,cANCElLed,Всё отлично!,26.03.2024,1697569974787406
2029943837322,2024/03/26 00:33:07,аЛеКСЕй МиХАйлов,+7 9039 40 89,4,поДПИСКа на ГАзЕтУ,5,2485.31,514.69,CanCeLleD,Всё отлично!,26.03.2024,1697569974787406
2029943837322,2024/03/26 00:33:07,аЛеКСЕй МиХАйлов,+7 9039 40 89,3,АмУНиЦия дЛя СОбаК,4,3854.98,945.02,CANceLLED,Всё отлично!,26.03.2024,1697569974787406
2029943836356,2024/03/27 01:07:33,НАтАЛЬЯ ВаСИльева,8(9261) 19-34,3,амУниЦИя ДЛЯ сОбак,2,2347.52,52.48,cOmPlETED,"Задержка с доставкой, печалька...",2024-03-13,7287871787231052
2029943836356,2024/03/27 01:07:33,НАтАЛЬЯ ВаСИльева,8(9261) 19-34,3,аМУнИциЯ ДлЯ СОбАК,2,1941.71,458.29,CoMPlEteD,"Задержка с доставкой, печалька...",2024-03-13,7287871787231052
2029943835529,04.03.2024 21:09,ОльгА КуЗНЕцоВа,8(9394) 00-85,2,иГрУшКА мяч,2,563.54,36.46,pRoceSsiNG,подарок вовремя,2024/03/01,2063644989348403
2029943835529,04.03.2024 21:09,ОльгА КуЗНЕцоВа,8(9394) 00-85,1,КОРм ДЛЯ собАК,1,452.86,47.14,PRoCESSinG,подарок вовремя,2024/03/01,2063644989348403
2029943835529,04.03.2024 21:09,ОльгА КуЗНЕцоВа,8(9394) 00-85,3,амуНИцИя длЯ Собак,5,5258.21,741.79,PrOCeSsiNG,подарок вовремя,2024/03/01,2063644989348403
2029943835529,04.03.2024 21:09,ОльгА КуЗНЕцоВа,8(9394) 00-85,5,МОлОКО,1,2846.99,153.01,PrOCEssiNg,подарок вовремя,2024/03/01,2063644989348403
2029943835529,04.03.2024 21:09,ОльгА КуЗНЕцоВа,8(9394) 00-85,5,МОЛокО,1,2983.98,16.02,prOCEssing,подарок вовремя,2024/03/01,2063644989348403
2029943834791,2024/03/05 01:41:01,АЛЕКсЕй миХаЙлов,+7(9349)88-81,1,КОрм ДлЯ СоБаК,2,873.74,126.26,ProceSsIng,спасибо за заказ,2024/03/05,5156049159522634
2029943834791,2024/03/05 01:41:01,АЛЕКсЕй миХаЙлов,+7(9349)88-81,5,молоКО,4,11272.02,727.98,pRoCeSSINg,спасибо за заказ,2024/03/05,5156049159522634
2029943833718,2024/03/07 14:35:54,НАтальЯ ВаСильЕВА,+7 9338 27 89,4,пОДПИска На ГаЗЕту,5,2568.74,431.26,CancELlED,Нужно уточнить сроки,28.03.2024,4976354996278444
2029943833718,2024/03/07 14:35:54,НАтальЯ ВаСильЕВА,+7 9338 27 89,5,МолОКо,5,14791.33,208.67,CaNcelled,Нужно уточнить сроки,28.03.2024,4976354996278444
2029943832418,2024-03-26 16:14:56,АлекСей мИхАйлов,+7(9703)00-95,3,АмуНИциЯ длЯ собАК,3,3169.9,430.1,CanCeLLed,"Задержка с доставкой, печалька...",26.03.2024,8570648790241183
2029943832418,2024-03-26 16:14:56,АлекСей мИхАйлов,+7(9703)00-95,4,пОдПИСкА нА ГАЗеТУ,2,963.37,236.63,CAnCeLleD,"Задержка с доставкой, печалька...",26.03.2024,8570648790241183
2029943832418,2024-03-26 16:14:56,АлекСей мИхАйлов,+7(9703)00-95,3,амУНиЦия ДЛя соБаК,1,1136.94,63.06,CANcElleD,"Задержка с доставкой, печалька...",26.03.2024,8570648790241183
2029943832418,2024-03-26 16:14:56,АлекСей мИхАйлов,+7(9703)00-95,5,МОЛОкО,2,5812.22,187.78,cancellEd,"Задержка с доставкой, печалька...",26.03.2024,8570648790241183
2029943832418,2024-03-26 16:14:56,АлекСей мИхАйлов,+7(9703)00-95,2,иГрУшКа мЯЧ,3,883.85,16.15,CAnCelLEd,"Задержка с доставкой, печалька...",26.03.2024,8570648790241183
2029943831579,11.03.2024 12:53,ИВАн ИВаноВ,+7 9037 46 04,1,Корм длЯ сОбАК,5,2481.43,18.57,PrOCESSInG,Ждём с нетерпением!,2024-03-05,3207118710826563
2029943831579,11.03.2024 12:53,ИВАн ИВаноВ,+7 9037 46 04,2,ИГрушка мяч,4,1089.34,110.66,proceSSinG,Ждём с нетерпением!,2024-03-05,3207118710826563
2029943831579,11.03.2024 12:53,ИВАн ИВаноВ,+7 9037 46 04,2,ИгрушКА Мяч,5,1465.55,34.45,proCEssiNg,Ждём с нетерпением!,2024-03-05,3207118710826563
2029943831579,11.03.2024 12:53,ИВАн ИВаноВ,+7 9037 46 04,2,ИГРУШКА МЯч,5,1440.06,59.94,PRoCessINg,Ждём с нетерпением!,2024-03-05,3207118710826563
2029943831579,11.03.2024 12:53,ИВАн ИВаноВ,+7 9037 46 04,3,амуНИЦИЯ дЛя СОБАК,2,2048.46,351.54,PrOcESSiNg,Ждём с нетерпением!,2024-03-05,3207118710826563
2029943830950,2024-03-02 14:41:12,ЕЛеНа новиКоВа,8(9145) 48-39,1,кОРм ДлЯ сОБАк,1,494.8,5.2,PRoCeSSIng,подарок вовремя,20.03.2024,0211915854943796
2029943830950,2024-03-02 14:41:12,ЕЛеНа новиКоВа,8(9145) 48-39,3,амуНиЦИЯ для соБаК,1,1192.92,7.08,pROCeSSiNG,подарок вовремя,20.03.2024,0211915854943796
2029943830950,2024-03-02 14:41:12,ЕЛеНа новиКоВа,8(9145) 48-39,5,мОЛоКо,1,2641.39,358.61,PRoCessING,подарок вовремя,20.03.2024,0211915854943796
2029943829201,2024/03/05 07:26:18,ДмитрИЙ КуЗНеЦов,+7 9572 14 37,1,кОРм ДЛЯ СОБАк,5,2300.26,199.74,pROCesSIng,подарок вовремя,2024/03/10,8406159816028682
2029943829201,2024/03/05 07:26:18,ДмитрИЙ КуЗНеЦов,+7 9572 14 37,2,ИгРУШка мяч,1,276.68,23.32,pRoceSSING,подарок вовремя,2024/03/10,8406159816028682
2029943828272,24.03.2024 05:01,МаРиЯ петРОвА,8(9919) 41-83,4,поДПИСКа НА гАзету,1,528.11,71.89,coMpLEted,Нужно уточнить сроки,15.03.2024,2440280023765211
2029943828272,24.03.2024 05:01,МаРиЯ петРОвА,8(9919) 41-83,3,аМУНИциЯ дЛя СобАК,2,2097.8,302.2,ComPLETED,Нужно уточнить сроки,15.03.2024,2440280023765211
2029943827101,2024-03-05 19:35:18,ЕлЕна НОВикОва,+7 9836 16 10,5,мОЛоКО,1,2776.26,223.74,PRocESSINg,подарок вовремя,2024-03-27,0311384139385266
2029943827101,2024-03-05 19:35:18,ЕлЕна НОВикОва,+7 9836 16 10,5,МОЛОКО,2,5571.32,428.68,proCesSinG,подарок вовремя,2024-03-27,0311384139385266
2029943827101,2024-03-05 19:35:18,ЕлЕна НОВикОва,+7 9836 16 10,2,игрушка МЯЧ,4,1001.33,198.67,PrOceSsIng,подарок вовремя,2024-03-27,0311384139385266
2029943827101,2024-03-05 19:35:18,ЕлЕна НОВикОва,+7 9836 16 10,4,ПОДпИСкА на гаЗеТУ,4,1981.75,418.25,pROcesSing,подарок вовремя,2024-03-27,0311384139385266
2029943826975,2024/03/24 14:48:27,нАТалЬя вАсилЬЕва,+7(9186)52-92,3,АМУнИциЯ ДЛЯ СоБАК,5,5225.03,774.97,cOmpLeTed,Проверить наличие,11.03.2024,3272642445982292
2029943826975,2024/03/24 14:48:27,нАТалЬя вАсилЬЕва,+7(9186)52-92,2,ИгруШКа мяч,4,977.68,222.32,COMpLeTed,Проверить наличие,11.03.2024,3272642445982292
2029943825982,22.03.2024 12:04,АнНА сМИРновА,+7(9512)81-26,3,АмУНицИЯ Для СоБак,1,1044.5,155.5,ComplEtEd,подарок вовремя,2024-03-30,2396642640702269
2029943825982,22.03.2024 12:04,АнНА сМИРновА,+7(9512)81-26,4,пОДПисКа на ГАзеТУ,2,1166.67,33.33,CoMPleTED,подарок вовремя,2024-03-30,2396642640702269
2029943824485,25.03.2024 15:58,МАРиЯ ПеТрова,8(9153) 22-46,5,МОЛокО,3,8799.66,200.34,cANCElLeD,Проверить наличие,2024/03/25,6227799928780416
2029943824485,25.03.2024 15:58,МАРиЯ ПеТрова,8(9153) 22-46,4,ПОдПискА На гАЗеТу,1,496.88,103.12,cANcelleD,Проверить наличие,2024/03/25,6227799928780416
2029943824485,25.03.2024 15:58,МАРиЯ ПеТрова,8(9153) 22-46,4,пОДПИска на ГаЗету,3,1597.81,202.19,cAnCELleD,Проверить наличие,2024/03/25,6227799928780416
2029943824485,25.03.2024 15:58,МАРиЯ ПеТрова,8(9153) 22-46,5,молОко,3,7634.0,1366.0,canceLlEd,Проверить наличие,2024/03/25,6227799928780416
2029943824485,25.03.2024 15:58,МАРиЯ ПеТрова,8(9153) 22-46,2,ИГрУшКА МЯЧ,2,571.26,28.74,CANCeLLed,Проверить наличие,2024/03/25,6227799928780416
2029943823169,2024-03-04 22:48:04,еЛена НовИКОва,+7(9875)00-54,2,ИГрУшка МЯч,3,821.16,78.84,CanCellED,Нужно уточнить сроки,2024/03/20,6526142977509250
2029943823169,2024-03-04 22:48:04,еЛена НовИКОва,+7(9875)00-54,5,моЛОКо,4,11956.92,43.08,canceLLEd,Нужно уточнить сроки,2024/03/20,6526142977509250
2029943823169,2024-03-04 22:48:04,еЛена НовИКОва,+7(9875)00-54,1,Корм ДлЯ сОБАК,4,1707.93,292.07,CANCelLeD,Нужно уточнить сроки,2024/03/20,6526142977509250
2029943822332,2024/03/15 09:28:29,АлеКСЕй мИхАЙЛоВ,8(9116) 91-87,5,мОлОКо,3,8837.77,162.23,cOMpletED,Ждём с нетерпением!,2024/03/18,4865039400450589
2029943822332,2024/03/15 09:28:29,АлеКСЕй мИхАЙЛоВ,8(9116) 91-87,3,аМуНиЦИЯ дЛя СОБаК,1,1152.24,47.76,COmpLETeD,Ждём с нетерпением!,2024/03/18,4865039400450589
2029943822332,2024/03/15 09:28:29,АлеКСЕй мИхАЙЛоВ,8(9116) 91-87,2,иГРУШКА мяч,4,1149.53,50.47,COmpletED,Ждём с нетерпением!,2024/03/18,4865039400450589
2029943821723,2024/03/17 18:46:42,АнНА сМирноВа,+7 9653 16 83,2,игруШКА мяч,3,850.04,49.96,ProcEsSinG,спасибо за заказ,2024/03/22,2847510764931415
2029943820223,2024-03-24 04:12:02,МиХАиЛ орлОВ,+7(9267)66-88,4,ПОдпИСКа На гАЗету,5,2607.28,392.72,PROCEssinG,спасибо за заказ,30.03.2024,9084982311909976
2029943820223,2024-03-24 04:12:02,МиХАиЛ орлОВ,+7(9267)66-88,2,ИгрушКА мЯч,1,251.05,48.95,ProcEssing,спасибо за заказ,30.03.2024,9084982311909976
2029943820223,2024-03-24 04:12:02,МиХАиЛ орлОВ,+7(9267)66-88,5,МОЛоКО,5,12345.63,2654.37,prOCEsSinG,спасибо за заказ,30.03.2024,9084982311909976
2029943819752,2024/03/26 07:01:57,АЛексЕЙ мИхАЙЛОВ,+7 9854 58 16,1,кОРМ Для сОБАк,5,2048.12,451.88,CoMPleteD,спасибо за заказ,2024-03-23,2509997775610958
2029943819752,2024/03/26 07:01:57,АЛексЕЙ мИхАЙЛОВ,+7 9854 58 16,4,ПОДпИСка НА гаЗЕту,2,1183.8,16.2,cOMPlETeD,спасибо за заказ,2024-03-23,2509997775610958
2029943819752,2024/03/26 07:01:57,АЛексЕЙ мИхАЙЛОВ,+7 9854 58 16,1,КорМ Для сОбаК,5,2255.15,244.85,CoMpLETed,спасибо за заказ,2024-03-23,2509997775610958
2029943818450,2024/03/19 22:48:33,АНнА СмиРНОва,+7 9515 55 33,1,КоРМ дЛЯ СобАК,2,993.62,6.38,pRocEsSiNG,"Задержка с доставкой, печалька...",2024-03-12,1040055296493312
2029943818450,2024/03/19 22:48:33,АНнА СмиРНОва,+7 9515 55 33,5,МОЛоко,4,11733.47,266.53,proCeSSing,"Задержка с доставкой, печалька...",2024-03-12,1040055296493312
2029943818450,2024/03/19 22:48:33,АНнА СмиРНОва,+7 9515 55 33,4,подпИсКА НА ГАзеТУ,3,1666.67,133.33,pROCeSsiNg,"Задержка с доставкой, печалька...",2024-03-12,1040055296493312
2029943818450,2024/03/19 22:48:33,АНнА СмиРНОва,+7 9515 55 33,4,ПоДПИсКА На гАзетУ,5,2813.8,186.2,ProcesSING,"Задержка с доставкой, печалька...",2024-03-12,1040055296493312
2029943817687,2024/03/13 10:53:20,дМитРий кузНЕцОв,+7 9985 09 96,4,ПОдпИсКа нА ГАЗЕтУ,3,1720.76,79.24,pROCEsSiNG,Нужно уточнить сроки,09.03.2024,9640478353472625
2029943817687,2024/03/13 10:53:20,дМитРий кузНЕцОв,+7 9985 09 96,2,ИгРушкА мяЧ,1,286.57,13.43,PRoCEsSinG,Нужно уточнить сроки,09.03.2024,9640478353472625
2029943817687,2024/03/13 10:53:20,дМитРий кузНЕцОв,+7 9985 09 96,2,ИгРуШкА МЯч,3,817.8,82.2,PRoCEssINg,Нужно уточнить сроки,09.03.2024,9640478353472625
2029943817687,2024/03/13 10:53:20,дМитРий кузНЕцОв,+7 9985 09 96,1,КоРМ ДлЯ СОБак,4,1676.65,323.35,PROCeSSiNG,Нужно уточнить сроки,09.03.2024,9640478353472625
2029943816787,2024-03-25 11:03:19,НАТаЛья вАСиЛьеВа,+7 9611 04 87,5,молокО,1,2761.65,238.35,prOcessiNg,спасибо за заказ,2024/03/30,7384524792900480
2029943816787,2024-03-25 11:03:19,НАТаЛья вАСиЛьеВа,+7 9611 04 87,3,амУнИЦИЯ Для СоБаК,1,1021.04,178.96,PrOCesSING,спасибо за заказ,2024/03/30,7384524792900480
2029943816787,2024-03-25 11:03:19,НАТаЛья вАСиЛьеВа,+7 9611 04 87,4,ПОДПИска нА гАЗЕТу,1,577.68,22.32,PrOcesSinG,спасибо за заказ,2024/03/30,7384524792900480
2029943816787,2024-03-25 11:03:19,НАТаЛья вАСиЛьеВа,+7 9611 04 87,2,ИГрУШка мяЧ,4,1038.44,161.56,pROceSSing,спасибо за заказ,2024/03/30,7384524792900480
2029943815480,2024/03/30 11:37:58,ивАн иваноВ,+7(9964)44-26,3,АмУнициЯ длЯ сОбаК,5,5243.46,756.54,prOCesSING,спасибо за заказ,04.03.2024,4675969718664490
2029943815480,2024/03/30 11:37:58,ивАн иваноВ,+7(9964)44-26,5,МОлоКо,2,5674.1,325.9,pRocEsSing,спасибо за заказ,04.03.2024,4675969718664490
2029943815480,2024/03/30 11:37:58,ивАн иваноВ,+7(9964)44-26,4,пОдписКа нА ГАЗЕтУ,2,1010.9,189.1,PRocESSing,спасибо за заказ,04.03.2024,4675969718664490
2029943814291,01.03.2024 07:50,МихАИл ОРлов,8(9390) 57-56,3,АмУнИЦия для СобаК,3,3464.05,135.95,PRoceSSing,Нужно уточнить сроки,2024/03/20,6253695624121507
2029943814291,01.03.2024 07:50,МихАИл ОРлов,8(9390) 57-56,2,ИгрушКА мЯЧ,5,1426.57,73.43,pROCEssinG,Нужно уточнить сроки,2024/03/20,6253695624121507
2029943813479,2024-03-30 11:11:57,Мария петрОва,8(9544) 38-52,1,КОрМ Для сОБАК,1,407.46,92.54,COMpLEtED,Ждём с нетерпением!,2024/03/06,4248367628563013
2029943812336,22.03.2024 04:19,марИя ПЕТрова,8(9418) 02-37,4,ПоДПискА На ГазЕтУ,2,1193.85,6.15,coMpleTeD,подарок вовремя,19.03.2024,7560604237919520
2029943811993,2024-03-29 14:46:58,иВАн иваноВ,8(9735) 54-26,3,амуНицИЯ Для сОБАк,1,978.54,221.46,caNCEllEd,Ждём с нетерпением!,2024/03/12,3321456543460062
2029943811993,2024-03-29 14:46:58,иВАн иваноВ,8(9735) 54-26,4,ПоДПИСкА на ГАзЕТу,3,1701.28,98.72,CancELLed,Ждём с нетерпением!,2024/03/12,3321456543460062
2029943810124,24.03.2024 11:27,мАрИя ПЕТрОва,+7 9885 89 83,1,кОРм ДлЯ сОБак,4,1876.24,123.76,CancEllED,"Задержка с доставкой, печалька...",04.03.2024,0507156885494728
2029943810124,24.03.2024 11:27,мАрИя ПЕТрОва,+7 9885 89 83,1,корМ ДЛЯ сОБАК,3,1255.66,244.34,CaNCELLed,"Задержка с доставкой, печалька...",04.03.2024,0507156885494728
2029943810124,24.03.2024 11:27,мАрИя ПЕТрОва,+7 9885 89 83,4,ПодПиСкА на ГазетУ,1,529.68,70.32,canCelleD,"Задержка с доставкой, печалька...",04.03.2024,0507156885494728
2029943810124,24.03.2024 11:27,мАрИя ПЕТрОва,+7 9885 89 83,1,корМ дЛя собАк,3,1312.46,187.54,cAnCeLlED,"Задержка с доставкой, печалька...",04.03.2024,0507156885494728
2029943809712,2024-03-28 16:24:08,МариЯ пЕТрОВА,+7 9971 95 84,2,ИгруШкА мяч,2,497.6,102.4,cAncELlEd,Нужно уточнить сроки,29.03.2024,1214144138834126
2029943809712,2024-03-28 16:24:08,МариЯ пЕТрОВА,+7 9971 95 84,1,КОрм для сОбАк,1,424.04,75.96,cANcelled,Нужно уточнить сроки,29.03.2024,1214144138834126
2029943809712,2024-03-28 16:24:08,МариЯ пЕТрОВА,+7 9971 95 84,3,аМУниция ДЛЯ СоБАк,4,4437.44,362.56,CaNCELLEd,Нужно уточнить сроки,29.03.2024,1214144138834126
2029943809712,2024-03-28 16:24:08,МариЯ пЕТрОВА,+7 9971 95 84,5,МОлОКО,3,7510.57,1489.43,CanCelled,Нужно уточнить сроки,29.03.2024,1214144138834126
2029943809712,2024-03-28 16:24:08,МариЯ пЕТрОВА,+7 9971 95 84,3,АмуНИЦиЯ Для СобАк,5,5809.62,190.38,CaNCElLED,Нужно уточнить сроки,29.03.2024,1214144138834126
2029943808589,01.03.2024 05:29,ДМитРий КУЗнЕцОВ,+7(9641)31-06,2,ИГрУшКа мяч,3,850.59,49.41,prOcESSiNg,подарок вовремя,03.03.2024,0050076586726000
2029943808589,01.03.2024 05:29,ДМитРий КУЗнЕцОВ,+7(9641)31-06,3,амуНИЦиЯ для сОбАк,2,2214.28,185.72,ProcESSIng,подарок вовремя,03.03.2024,0050076586726000
2029944063272,2024-03-02 12:11:08,елЕнА нОвикОва,+7 9236 32 88,2,ИгРуШка мяч,1,272.27,27.73,COmPLeTED,Нужно уточнить сроки,02.03.2024,2270486505889101
2029944063272,2024-03-02 12:11:08,елЕнА нОвикОва,+7 9236 32 88,1,коРм ДЛя СОбак,2,848.53,151.47,cOMpLETed,Нужно уточнить сроки,02.03.2024,2270486505889101
2029944062325,22.03.2024 17:49,дМИтРИЙ кУзНецов,8(9466) 66-91,2,ИгрУШка Мяч,2,560.37,39.63,compLetEd,спасибо за заказ,20.03.2024,9074155908101791
2029944062325,22.03.2024 17:49,дМИтРИЙ кУзНецов,8(9466) 66-91,3,АмунИцИя ДлЯ СОбАК,5,5400.8,599.2,coMPlEteD,спасибо за заказ,20.03.2024,9074155908101791
2029944062325,22.03.2024 17:49,дМИтРИЙ кУзНецов,8(9466) 66-91,5,мОлОКО,5,13527.8,1472.2,cOmPlETed,спасибо за заказ,20.03.2024,9074155908101791
2029944062325,22.03.2024 17:49,дМИтРИЙ кУзНецов,8(9466) 66-91,4,ПодПиСКа НА гАзЕтУ,1,566.04,33.96,coMpleTed,спасибо за заказ,20.03.2024,9074155908101791
2029944061278,17.03.2024 15:37,натАЛЬя ВасилЬЕвА,+7(9376)84-07,2,ИГРушка Мяч,4,1054.17,145.83,COmPLetED,"Задержка с доставкой, печалька...",12.03.2024,5028956444597294
2029944061278,17.03.2024 15:37,натАЛЬя ВасилЬЕвА,+7(9376)84-07,3,АмуниЦия дЛЯ СОбАк,5,4813.4,1186.6,cOmpLeTED,"Задержка с доставкой, печалька...",12.03.2024,5028956444597294
2029944061278,17.03.2024 15:37,натАЛЬя ВасилЬЕвА,+7(9376)84-07,4,ПОДпиСКа на ГазЕТу,5,2827.59,172.41,COmPleteD,"Задержка с доставкой, печалька...",12.03.2024,5028956444597294
2029944060341,2024/03/22 13:27:19,МаРИя пЕтРОВа,8(9274) 63-55,5,мОЛОКО,5,13328.96,1671.04,CoMPlETed,подарок вовремя,2024-03-25,1605798491984129
2029944059674,2024-03-20 03:10:05,сеРГей СидоРов,+7 9467 79 51,1,КоРм ДЛЯ сОбаК,4,1661.77,338.23,COmpLETed,Проверить наличие,2024/03/01,1181256549490712
2029944059674,2024-03-20 03:10:05,сеРГей СидоРов,+7 9467 79 51,2,иГРуШКа мЯЧ,1,265.38,34.62,COmpLEtED,Проверить наличие,2024/03/01,1181256549490712
2029944059674,2024-03-20 03:10:05,сеРГей СидоРов,+7 9467 79 51,3,амунИЦИЯ для сОБак,2,2190.81,209.19,COMPleTED,Проверить наличие,2024/03/01,1181256549490712
2029944059674,2024-03-20 03:10:05,сеРГей СидоРов,+7 9467 79 51,1,КОРМ Для сОБаК,5,2216.58,283.42,cOMPlETEd,Проверить наличие,2024/03/01,1181256549490712
2029944059674,2024-03-20 03:10:05,сеРГей СидоРов,+7 9467 79 51,3,АМУнИЦИЯ для соБАК,4,4370.59,429.41,COMPLeTeD,Проверить наличие,2024/03/01,1181256549490712
2029944058985,2024-03-25 17:24:35,еЛЕНА НоВикОВа,+7(9628)98-68,5,МолОкО,5,12663.23,2336.77,PRoCesSINg,Ждём с нетерпением!,2024-03-07,9484670316699051
2029944058985,2024-03-25 17:24:35,еЛЕНА НоВикОВа,+7(9628)98-68,4,ПодПИСкА НА газетУ,2,1067.23,132.77,ProcESSInG,Ждём с нетерпением!,2024-03-07,9484670316699051
2029944057983,2024-03-16 13:05:05,ДмИтРий КуЗНецОв,8(9052) 62-95,2,игрушкА МяЧ,1,293.99,6.01,prOCEsSiNG,"Задержка с доставкой, печалька...",2024-03-03,1098727743219738
2029944057983,2024-03-16 13:05:05,ДмИтРий КуЗНецОв,8(9052) 62-95,5,МОлОкО,4,11444.47,555.53,pRocEsSINg,"Задержка с доставкой, печалька...",2024-03-03,1098727743219738
2029944056359,2024/03/07 22:09:36,оЛьгА кузНецоВа,+7 9298 86 62,5,моЛоко,4,10438.2,1561.8,CanCElleD,подарок вовремя,2024/03/24,2500222465347673
2029944056359,2024/03/07 22:09:36,оЛьгА кузНецоВа,+7 9298 86 62,1,коРм для СОБаК,5,2227.48,272.52,caNcElled,подарок вовремя,2024/03/24,2500222465347673
2029944055678,2024-03-15 14:04:39,МихАил оРЛов,+7(9675)14-01,4,ПОдПИСкА На гаЗетУ,3,1754.48,45.52,cANCelLED,Всё отлично!,2024/03/01,5704465609031409
2029944055678,2024-03-15 14:04:39,МихАил оРЛов,+7(9675)14-01,5,мОлоко,5,13555.02,1444.98,cAnCElLed,Всё отлично!,2024/03/01,5704465609031409
2029944054604,2024/03/04 18:30:50,ДмИтРий КузнеЦоВ,+7(9207)72-17,2,ИГРУшКА мЯЧ,2,577.78,22.22,PROCeSSiNg,Нужно уточнить сроки,2024-03-11,7532249387250943
2029944054604,2024/03/04 18:30:50,ДмИтРий КузнеЦоВ,+7(9207)72-17,4,ПодПиска нА ГазеТУ,5,2499.46,500.54,PROcEsSing,Нужно уточнить сроки,2024-03-11,7532249387250943
2029944054604,2024/03/04 18:30:50,ДмИтРий КузнеЦоВ,+7(9207)72-17,4,ПОДПИсКА на ГАзету,1,518.88,81.12,pROcessING,Нужно уточнить сроки,2024-03-11,7532249387250943
2029944054604,2024/03/04 18:30:50,ДмИтРий КузнеЦоВ,+7(9207)72-17,2,иГрУШкА мЯч,3,879.15,20.85,pRocESSiNg,Нужно уточнить сроки,2024-03-11,7532249387250943
2029944054604,2024/03/04 18:30:50,ДмИтРий КузнеЦоВ,+7(9207)72-17,1,корм для сОбАК,1,491.45,8.55,PrOcESsInG,Нужно уточнить сроки,2024-03-11,7532249387250943
2029944053657,2024-03-27 19:40:19,дмитРиЙ кУзНецоВ,+7 9873 74 53,1,КоРМ Для соБак,2,933.71,66.29,PrOCEssing,Ждём с нетерпением!,2024-03-04,0537589450474560
2029944053657,2024-03-27 19:40:19,дмитРиЙ кУзНецоВ,+7 9873 74 53,2,игРуШКа мЯЧ,5,1349.52,150.48,PRoCESSING,Ждём с нетерпением!,2024-03-04,0537589450474560
2029944053657,2024-03-27 19:40:19,дмитРиЙ кУзНецоВ,+7 9873 74 53,1,кОРМ ДЛЯ сОБАК,1,475.85,24.15,PROcESSiNG,Ждём с нетерпением!,2024-03-04,0537589450474560
2029944053657,2024-03-27 19:40:19,дмитРиЙ кУзНецоВ,+7 9873 74 53,4,ПодпиСка нА ГАЗЕТу,1,517.38,82.62,prOCESsing,Ждём с нетерпением!,2024-03-04,0537589450474560
2029944052362,2024-03-06 06:44:07,ОльГА КУЗнЕцОВА,+7(9164)81-00,5,МоЛОКО,3,8389.1,610.9,CompLEteD,Ждём с нетерпением!,2024-03-13,1024289047505897
2029944052362,2024-03-06 06:44:07,ОльГА КУЗнЕцОВА,+7(9164)81-00,4,ПодПИСКА НА газеТУ,3,1532.77,267.23,cOMpleTED,Ждём с нетерпением!,2024-03-13,1024289047505897
2029944052362,2024-03-06 06:44:07,ОльГА КУЗнЕцОВА,+7(9164)81-00,4,ПоДпиСкА нА ГаЗетУ,5,2693.92,306.08,CompletEd,Ждём с нетерпением!,2024-03-13,1024289047505897
2029944051740,14.03.2024 13:21,елЕна НОвИкОвА,8(9200) 52-37,3,АмУНицИЯ дЛЯ соБак,1,1004.1,195.9,CAncelLeD,"Задержка с доставкой, печалька...",2024/03/11,0384774074112644
2029944051740,14.03.2024 13:21,елЕна НОвИкОвА,8(9200) 52-37,1,кОРМ ДЛЯ соБак,1,443.42,56.58,caNCelLed,"Задержка с доставкой, печалька...",2024/03/11,0384774074112644
2029944051740,14.03.2024 13:21,елЕна НОвИкОвА,8(9200) 52-37,5,МоЛОКО,3,7605.46,1394.54,caNcELlEd,"Задержка с доставкой, печалька...",2024/03/11,0384774074112644
2029944051740,14.03.2024 13:21,елЕна НОвИкОвА,8(9200) 52-37,1,кОРМ дЛЯ СоБАк,2,942.61,57.39,CANCeLLeD,"Задержка с доставкой, печалька...",2024/03/11,0384774074112644
2029944051740,14.03.2024 13:21,елЕна НОвИкОвА,8(9200) 52-37,1,КОРм ДЛя СоБаК,2,915.37,84.63,cAncElleD,"Задержка с доставкой, печалька...",2024/03/11,0384774074112644
2029944050398,2024-03-28 22:03:59,маРИя пеТРОвА,8(9916) 20-95,4,ПоДПиСка нА гАЗету,2,1085.72,114.28,comPlETED,Проверить наличие,2024-03-24,4380637215220144
2029944050398,2024-03-28 22:03:59,маРИя пеТРОвА,8(9916) 20-95,1,кОрм Для сОбАк,1,485.98,14.02,ComPletEd,Проверить наличие,2024-03-24,4380637215220144
2029944050398,2024-03-28 22:03:59,маРИя пеТРОвА,8(9916) 20-95,1,корм для СоБак,4,1679.17,320.83,COmPLEtEd,Проверить наличие,2024-03-24,4380637215220144
2029944050398,2024-03-28 22:03:59,маРИя пеТРОвА,8(9916) 20-95,1,КОРМ ДЛЯ соБак,2,925.99,74.01,compLETeD,Проверить наличие,2024-03-24,4380637215220144
2029944050398,2024-03-28 22:03:59,маРИя пеТРОвА,8(9916) 20-95,2,ИГрУШКа мЯЧ,2,566.81,33.19,coMpLeTed,Проверить наличие,2024-03-24,4380637215220144
2029944049763,06.03.2024 11:56,ольГа КуЗНецоВа,+7 9433 26 76,3,АмуНицИя ДЛя соБак,1,1021.3,178.7,cAnceLLed,"Задержка с доставкой, печалька...",23.03.2024,5966679607654220
2029944049763,06.03.2024 11:56,ольГа КуЗНецоВа,+7 9433 26 76,1,КоРМ ДлЯ СОбак,2,868.07,131.93,canCELlED,"Задержка с доставкой, печалька...",23.03.2024,5966679607654220
2029944049763,06.03.2024 11:56,ольГа КуЗНецоВа,+7 9433 26 76,5,молОКО,1,2521.15,478.85,CanCeLLEd,"Задержка с доставкой, печалька...",23.03.2024,5966679607654220
2029944049763,06.03.2024 11:56,ольГа КуЗНецоВа,+7 9433 26 76,2,ИГРУшкА МяЧ,5,1324.3,175.7,CanCELled,"Задержка с доставкой, печалька...",23.03.2024,5966679607654220
2029944048399,2024/03/29 14:10:28,михАИл орлоВ,+7 9839 42 30,4,ПоДпиСКа НА гАзЕТУ,4,2269.62,130.38,proCeSSINg,Всё отлично!,2024-03-17,2502261254886636
2029944048399,2024/03/29 14:10:28,михАИл орлоВ,+7 9839 42 30,4,ПоДПискА НА ГАЗеТУ,5,2457.64,542.36,PRoCESsInG,Всё отлично!,2024-03-17,2502261254886636
2029944048399,2024/03/29 14:10:28,михАИл орлоВ,+7 9839 42 30,2,ИГруШКА МЯЧ,3,734.74,165.26,PrOCEssIng,Всё отлично!,2024-03-17,2502261254886636
2029944048399,2024/03/29 14:10:28,михАИл орлоВ,+7 9839 42 30,5,мОЛОКо,2,5888.08,111.92,PROCeSsing,Всё отлично!,2024-03-17,2502261254886636
2029944048399,2024/03/29 14:10:28,михАИл орлоВ,+7 9839 42 30,1,корМ для сОбАк,5,2242.55,257.45,PROCEssIng,Всё отлично!,2024-03-17,2502261254886636
2029944047610,28.03.2024 11:58,МИХАИЛ орлоВ,+7 9994 20 80,3,амуНицИЯ для СоБАК,4,4027.71,772.29,COMpLeted,"Задержка с доставкой, печалька...",2024-03-21,2492379378382269
2029944047610,28.03.2024 11:58,МИХАИЛ орлоВ,+7 9994 20 80,4,ПодПиска нА ГАЗЕТУ,3,1775.18,24.82,cOmpLetED,"Задержка с доставкой, печалька...",2024-03-21,2492379378382269
2029944047610,28.03.2024 11:58,МИХАИЛ орлоВ,+7 9994 20 80,1,коРм Для сОБаК,5,2428.11,71.89,cOmPLeTEd,"Задержка с доставкой, печалька...",2024-03-21,2492379378382269
2029944047610,28.03.2024 11:58,МИХАИЛ орлоВ,+7 9994 20 80,2,ИгрУшка мяЧ,5,1221.61,278.39,coMPLeTED,"Задержка с доставкой, печалька...",2024-03-21,2492379378382269
2029944047610,28.03.2024 11:58,МИХАИЛ орлоВ,+7 9994 20 80,4,ПодпИСКа нА ГАЗеТУ,3,1483.35,316.65,COMPLEteD,"Задержка с доставкой, печалька...",2024-03-21,2492379378382269
2029944046940,16.03.2024 03:43,михаиЛ Орлов,+7(9343)30-73,1,Корм дЛЯ собаК,2,912.44,87.56,coMpLEtED,спасибо за заказ,15.03.2024,7798733055036995
2029944045705,20.03.2024 21:35,СЕРгей сИдоРоВ,+7 9445 48 51,2,игрУШКа мяЧ,3,817.54,82.46,CANCELlEd,спасибо за заказ,2024-03-11,2555673437537037
2029944045705,20.03.2024 21:35,СЕРгей сИдоРоВ,+7 9445 48 51,4,ПодпиСкА НА ГАЗЕТУ,1,560.98,39.02,CAnCeLLEd,спасибо за заказ,2024-03-11,2555673437537037
2029944045705,20.03.2024 21:35,СЕРгей сИдоРоВ,+7 9445 48 51,4,ПодПИСКа НА ГАзЕту,4,2226.13,173.87,canceLleD,спасибо за заказ,2024-03-11,2555673437537037
2029944045705,20.03.2024 21:35,СЕРгей сИдоРоВ,+7 9445 48 51,5,мОЛОКО,3,7756.58,1243.42,canceLLed,спасибо за заказ,2024-03-11,2555673437537037
2029944045705,20.03.2024 21:35,СЕРгей сИдоРоВ,+7 9445 48 51,5,МОлОКО,2,5138.22,861.78,CANcEllED,спасибо за заказ,2024-03-11,2555673437537037
2029944044897,2024-03-27 12:16:43,НаТАлЬя вАсиЛьеВа,+7(9229)34-20,1,кОрм ДЛЯ сОбак,2,888.51,111.49,cOMpLETED,Нужно уточнить сроки,2024-03-10,4065577124261288
2029944044897,2024-03-27 12:16:43,НаТАлЬя вАсиЛьеВа,+7(9229)34-20,1,КоРМ для СоБАК,1,450.59,49.41,COMpLeteD,Нужно уточнить сроки,2024-03-10,4065577124261288
2029944043117,2024-03-18 15:30:38,СЕРГЕЙ сиДОРОв,+7 9477 17 09,1,КоРМ дЛя СОбАК,3,1338.25,161.75,cOMPlETEd,подарок вовремя,2024-03-15,1198165238491182
2029944043117,2024-03-18 15:30:38,СЕРГЕЙ сиДОРОв,+7 9477 17 09,5,МОлоКо,1,2423.44,576.56,CoMplEtEd,подарок вовремя,2024-03-15,1198165238491182
2029944043117,2024-03-18 15:30:38,СЕРГЕЙ сиДОРОв,+7 9477 17 09,1,корМ Для СОбАк,2,984.68,15.32,ComPlEtEd,подарок вовремя,2024-03-15,1198165238491182
2029944043117,2024-03-18 15:30:38,СЕРГЕЙ сиДОРОв,+7 9477 17 09,3,аМуниЦИЯ ДЛя СоБАК,2,2080.02,319.98,COMpLETED,подарок вовремя,2024-03-15,1198165238491182
2029944043117,2024-03-18 15:30:38,СЕРГЕЙ сиДОРОв,+7 9477 17 09,3,аМУниция дЛЯ СоБАК,1,1140.04,59.96,comPLeTEd,подарок вовремя,2024-03-15,1198165238491182
2029944042763,2024-03-14 05:15:24,МАрИЯ пЕтРОва,8(9705) 40-50,4,ПОдПиСка нА гАЗету,5,2665.31,334.69,cANcELlEd,"Задержка с доставкой, печалька...",2024/03/13,6580462680619508
2029944042763,2024-03-14 05:15:24,МАрИЯ пЕтРОва,8(9705) 40-50,2,игРуШка Мяч,1,268.83,31.17,cancELled,"Задержка с доставкой, печалька...",2024/03/13,6580462680619508
2029944042763,2024-03-14 05:15:24,МАрИЯ пЕтРОва,8(9705) 40-50,5,мОлОко,5,13792.49,1207.51,CaNcELLed,"Задержка с доставкой, печалька...",2024/03/13,6580462680619508
2029944042763,2024-03-14 05:15:24,МАрИЯ пЕтРОва,8(9705) 40-50,4,пОдпиСкА нА гаЗеТу,2,1174.85,25.15,CANCElLed,"Задержка с доставкой, печалька...",2024/03/13,6580462680619508
2029944041797,31.03.2024 11:11,ИвАн ивАнОв,+7(9771)67-41,3,АмуниЦиЯ Для СОБАк,2,2230.86,169.14,prOCesSinG,Проверить наличие,2024/03/13,1259562109518751
2029944041797,31.03.2024 11:11,ИвАн ивАнОв,+7(9771)67-41,4,ПОДПиСкА на газЕтУ,5,2789.47,210.53,proceSSInG,Проверить наличие,2024/03/13,1259562109518751
2029944041797,31.03.2024 11:11,ИвАн ивАнОв,+7(9771)67-41,5,мОлокО,5,13061.74,1938.26,PRoCessINg,Проверить наличие,2024/03/13,1259562109518751
2029944040660,2024/03/24 15:51:54,нАтАЛьЯ вАСИлЬевА,8(9155) 58-08,4,пОдПИскА На газЕту,2,1059.29,140.71,pRoceSsiNG,подарок вовремя,23.03.2024,2745040228892428
2029944040660,2024/03/24 15:51:54,нАтАЛьЯ вАСИлЬевА,8(9155) 58-08,2,ИГруШКА МЯЧ,4,977.41,222.59,PRocESSing,подарок вовремя,23.03.2024,2745040228892428
2029944040660,2024/03/24 15:51:54,нАтАЛьЯ вАСИлЬевА,8(9155) 58-08,2,игРуШКа мЯЧ,3,889.42,10.58,PROcessiNg,подарок вовремя,23.03.2024,2745040228892428
2029944039473,10.03.2024 06:13,ольГа КУЗНЕцоВА,8(9261) 31-58,3,АМуНИцИя дЛя СОБак,5,5461.13,538.87,COmPLetED,Нужно уточнить сроки,30.03.2024,3407074766018412
2029944039473,10.03.2024 06:13,ольГа КУЗНЕцоВА,8(9261) 31-58,5,МолОкО,4,9607.29,2392.71,ComPlEtEd,Нужно уточнить сроки,30.03.2024,3407074766018412
2029944039473,10.03.2024 06:13,ольГа КУЗНЕцоВА,8(9261) 31-58,3,АМУнИцИя ДЛя СОбаК,1,1164.74,35.26,COMpLETED,Нужно уточнить сроки,30.03.2024,3407074766018412
2029944038383,2024/03/09 11:05:43,МихАИл оРЛОв,8(9582) 58-27,3,АМУниция длЯ сОбак,1,1182.97,17.03,cANCelled,Всё отлично!,01.03.2024,7460726149541336
2029944038383,2024/03/09 11:05:43,МихАИл оРЛОв,8(9582) 58-27,4,пОдпИскА нА ГАзЕТу,4,2037.46,362.54,CaNceLLEd,Всё отлично!,01.03.2024,7460726149541336
2029944038383,2024/03/09 11:05:43,МихАИл оРЛОв,8(9582) 58-27,1,КоРМ для СобаК,2,951.35,48.65,CANCeLLED,Всё отлично!,01.03.2024,7460726149541336
2029944038383,2024/03/09 11:05:43,МихАИл оРЛОв,8(9582) 58-27,1,КОРм длЯ СОбаК,1,431.03,68.97,cAnCELLeD,Всё отлично!,01.03.2024,7460726149541336
2029944038383,2024/03/09 11:05:43,МихАИл оРЛОв,8(9582) 58-27,2,ИгрУШКа мяч,5,1352.65,147.35,CaNcellEd,Всё отлично!,01.03.2024,7460726149541336
2029944037748,14.03.2024 04:47,еЛенА НОВИКОВА,+7(9490)87-97,2,ИГРушКА Мяч,5,1398.21,101.79,comPlETeD,Ждём с нетерпением!,2024/03/06,6042564577681801
2029944037748,14.03.2024 04:47,еЛенА НОВИКОВА,+7(9490)87-97,1,корм ДЛЯ собак,3,1320.87,179.13,coMpLeTED,Ждём с нетерпением!,2024/03/06,6042564577681801
2029944037748,14.03.2024 04:47,еЛенА НОВИКОВА,+7(9490)87-97,3,АмуНицИя дЛЯ СобАК,1,1000.62,199.38,coMpleted,Ждём с нетерпением!,2024/03/06,6042564577681801
2029944037748,14.03.2024 04:47,еЛенА НОВИКОВА,+7(9490)87-97,3,АМУНИция для сОБАК,2,1989.39,410.61,cOMpletEd,Ждём с нетерпением!,2024/03/06,6042564577681801
2029944037748,14.03.2024 04:47,еЛенА НОВИКОВА,+7(9490)87-97,3,амуниЦИя ДлЯ СобАК,4,4610.44,189.56,CompleTed,Ждём с нетерпением!,2024/03/06,6042564577681801
2029944036583,2024-03-30 08:24:18,еЛЕНа НОВИкОВа,+7(9362)98-96,2,ИгРушКа мЯч,2,518.65,81.35,cOmpLETed,Проверить наличие,12.03.2024,6121883164994285
2029944036583,2024-03-30 08:24:18,еЛЕНа НОВИкОВа,+7(9362)98-96,3,амУнИЦИя ДлЯ сОБаК,3,2980.56,619.44,COMplEtEd,Проверить наличие,12.03.2024,6121883164994285
2029944035823,13.03.2024 03:12,ДмиТрий КузНЕЦОВ,+7 9627 50 66,4,ПоДПИска нА гАЗеТУ,2,1132.99,67.01,COmPLEteD,спасибо за заказ,10.03.2024,6635776107923505
2029944034240,24.03.2024 03:25,АЛеКсеЙ михайлОВ,8(9798) 74-19,5,МОЛоКо,1,2707.47,292.53,CAnceLLEd,Всё отлично!,2024-03-01,0292704404361510
2029944034240,24.03.2024 03:25,АЛеКсеЙ михайлОВ,8(9798) 74-19,4,ПОдПИСКА На газеТу,4,2175.89,224.11,CanCElLED,Всё отлично!,2024-03-01,0292704404361510
2029944034240,24.03.2024 03:25,АЛеКсеЙ михайлОВ,8(9798) 74-19,4,ПОдписка НА газЕтУ,2,1145.67,54.33,CancellEd,Всё отлично!,2024-03-01,0292704404361510
2029944033305,2024/03/15 01:19:25,оЛЬГа КуЗНеЦОва,+7(9056)33-08,3,аМунИЦиЯ ДлЯ СобАК,4,4048.54,751.46,ProcEsSIng,Ждём с нетерпением!,2024/03/26,3273075436840579
2029944033305,2024/03/15 01:19:25,оЛЬГа КуЗНеЦОва,+7(9056)33-08,2,ИгРуШКа МяЧ,2,481.81,118.19,PrOCESsING,Ждём с нетерпением!,2024/03/26,3273075436840579
2029944033305,2024/03/15 01:19:25,оЛЬГа КуЗНеЦОва,+7(9056)33-08,5,МОлОко,3,8402.32,597.68,procESsiNG,Ждём с нетерпением!,2024/03/26,3273075436840579
2029944033305,2024/03/15 01:19:25,оЛЬГа КуЗНеЦОва,+7(9056)33-08,3,амУНИцИя дЛЯ сОБАк,4,4343.05,456.95,proCESSIng,Ждём с нетерпением!,2024/03/26,3273075436840579
2029944033305,2024/03/15 01:19:25,оЛЬГа КуЗНеЦОва,+7(9056)33-08,5,молОко,3,7776.35,1223.65,pROCesSing,Ждём с нетерпением!,2024/03/26,3273075436840579
2029944032462,08.03.2024 07:44,СЕРгЕЙ сидОрОВ,+7(9642)99-91,2,игРУшКА мяЧ,4,1149.83,50.17,CANCeLLeD,спасибо за заказ,2024-03-04,9728448754120727
2029944032462,08.03.2024 07:44,СЕРгЕЙ сидОрОВ,+7(9642)99-91,4,ПОдПиСка на газеТу,3,1635.54,164.46,cancelLed,спасибо за заказ,2024-03-04,9728448754120727
2029944032462,08.03.2024 07:44,СЕРгЕЙ сидОрОВ,+7(9642)99-91,3,аМУнИЦия для СОБАк,5,5146.72,853.28,canCELleD,спасибо за заказ,2024-03-04,9728448754120727
2029944031183,2024/03/06 17:36:42,СЕргЕЙ СидОРов,8(9751) 77-55,3,амУнИЦиЯ Для сОбаК,5,5521.32,478.68,proCESSinG,Нужно уточнить сроки,06.03.2024,5710959979238045
2029944030467,2024/03/12 23:26:03,дМИТрИЙ КУзнеЦОВ,+7 9659 07 80,5,мОЛоко,4,11683.87,316.13,PRoceSSing,подарок вовремя,2024-03-06,4664947965480966
2029944030467,2024/03/12 23:26:03,дМИТрИЙ КУзнеЦОВ,+7 9659 07 80,5,МолоКО,5,12935.24,2064.76,ProCeSSINg,подарок вовремя,2024-03-06,4664947965480966
2029944030467,2024/03/12 23:26:03,дМИТрИЙ КУзнеЦОВ,+7 9659 07 80,3,амунИЦИЯ для СОбАК,5,5582.49,417.51,proCeSSInG,подарок вовремя,2024-03-06,4664947965480966
2029944030467,2024/03/12 23:26:03,дМИТрИЙ КУзнеЦОВ,+7 9659 07 80,4,поДПисКа на газетУ,5,2607.1,392.9,PRoceSSiNg,подарок вовремя,2024-03-06,4664947965480966
2029944029505,2024-03-03 22:03:29,ОлЬгА КуЗнЕцоВа,+7(9021)92-16,1,КорМ ДлЯ СОБАк,2,972.49,27.51,cOmPLETED,"Задержка с доставкой, печалька...",10.03.2024,1770079118038738
2029944029505,2024-03-03 22:03:29,ОлЬгА КуЗнЕцоВа,+7(9021)92-16,1,кОрМ ДЛя СОбаК,3,1244.23,255.77,ComPLETed,"Задержка с доставкой, печалька...",10.03.2024,1770079118038738
2029944029505,2024-03-03 22:03:29,ОлЬгА КуЗнЕцоВа,+7(9021)92-16,2,ИГруШка Мяч,3,737.03,162.97,ComPlEtEd,"Задержка с доставкой, печалька...",10.03.2024,1770079118038738
2029944029505,2024-03-03 22:03:29,ОлЬгА КуЗнЕцоВа,+7(9021)92-16,5,моЛОКО,1,2787.61,212.39,COmPleTeD,"Задержка с доставкой, печалька...",10.03.2024,1770079118038738
2029944028941,2024-03-20 00:38:10,НАтаЛЬя ВАсильеВА,+7(9222)35-62,3,АМУнИЦИЯ ДЛЯ сОбак,4,4315.26,484.74,COMPLEtED,Всё отлично!,2024/03/07,0287271403582975
2029944028941,2024-03-20 00:38:10,НАтаЛЬя ВАсильеВА,+7(9222)35-62,2,ИгРУШка мЯЧ,2,580.24,19.76,cOMplETed,Всё отлично!,2024/03/07,0287271403582975
2029944028941,2024-03-20 00:38:10,НАтаЛЬя ВАсильеВА,+7(9222)35-62,3,аМУНИЦИя ДлЯ соБАк,2,2171.46,228.54,cOmPLetED,Всё отлично!,2024/03/07,0287271403582975
2029944028941,2024-03-20 00:38:10,НАтаЛЬя ВАсильеВА,+7(9222)35-62,2,иГРУШКА мЯч,1,251.17,48.83,COmpLEtED,Всё отлично!,2024/03/07,0287271403582975
2029944028941,2024-03-20 00:38:10,НАтаЛЬя ВАсильеВА,+7(9222)35-62,1,корМ ДлЯ сОбаК,4,1826.17,173.83,compLeTed,Всё отлично!,2024/03/07,0287271403582975
2029944027275,2024/03/16 04:49:55,нАтАлЬя ВАСИЛьЕВа,+7 9944 84 22,4,пОДПИска На гаЗету,2,1146.23,53.77,PrOcEssING,Ждём с нетерпением!,05.03.2024,3101314898196958
2029944027275,2024/03/16 04:49:55,нАтАлЬя ВАСИЛьЕВа,+7 9944 84 22,5,МолОко,2,5522.81,477.19,pRoCeSSING,Ждём с нетерпением!,05.03.2024,3101314898196958
2029944026490,11.03.2024 05:56,мИхаил ОРлОВ,+7(9354)32-11,5,МОЛокО,2,5890.14,109.86,comPLEted,Проверить наличие,2024/03/05,2272334307249225
2029944026490,11.03.2024 05:56,мИхаил ОРлОВ,+7(9354)32-11,4,ПОдПИСКа НА ГаЗетУ,1,590.26,9.74,cOMpLETed,Проверить наличие,2024/03/05,2272334307249225
2029944025175,2024/03/13 10:47:45,АНна СмИРНОва,+7 9853 74 30,1,КоРМ ДлЯ собаК,2,860.68,139.32,cANCELLeD,подарок вовремя,03.03.2024,8153590513841072
2029944025175,2024/03/13 10:47:45,АНна СмИРНОва,+7 9853 74 30,2,ИГрУшКа мяч,1,294.85,5.15,CanCelLED,подарок вовремя,03.03.2024,8153590513841072
2029944025175,2024/03/13 10:47:45,АНна СмИРНОва,+7 9853 74 30,5,МолоКО,5,14352.86,647.14,CanCELleD,подарок вовремя,03.03.2024,8153590513841072
2029944025175,2024/03/13 10:47:45,АНна СмИРНОва,+7 9853 74 30,1,Корм Для СоБак,4,1986.21,13.79,CaNceLlED,подарок вовремя,03.03.2024,8153590513841072
2029944024510,14.03.2024 21:39,ОлЬГа кУзнеЦоВа,8(9154) 22-82,4,пОДПИсКа На гАзетУ,4,2187.98,212.02,COmpLetEd,спасибо за заказ,31.03.2024,7156141989971702
2029944024510,14.03.2024 21:39,ОлЬГа кУзнеЦоВа,8(9154) 22-82,5,мОлОКо,3,7564.03,1435.97,cOMpLEtEd,спасибо за заказ,31.03.2024,7156141989971702
2029944024510,14.03.2024 21:39,ОлЬГа кУзнеЦоВа,8(9154) 22-82,5,МОЛОКо,4,10351.02,1648.98,cOMPLEtED,спасибо за заказ,31.03.2024,7156141989971702
2029944024510,14.03.2024 21:39,ОлЬГа кУзнеЦоВа,8(9154) 22-82,1,кОрМ Для сОБАк,3,1371.01,128.99,CoMpLeTEd,спасибо за заказ,31.03.2024,7156141989971702
2029944024510,14.03.2024 21:39,ОлЬГа кУзнеЦоВа,8(9154) 22-82,3,амУниЦИя ДЛя сОБАк,5,5346.67,653.33,COMPLeTeD,спасибо за заказ,31.03.2024,7156141989971702
2029944023762,2024/03/06 03:45:18,алЕксеЙ МихАЙлоВ,8(9716) 39-40,1,Корм дЛЯ СОБАК,2,867.58,132.42,coMPLeteD,подарок вовремя,2024/03/17,0507987502501972
2029944023762,2024/03/06 03:45:18,алЕксеЙ МихАЙлоВ,8(9716) 39-40,4,подПИскА на газЕТУ,5,2657.51,342.49,compleTed,подарок вовремя,2024/03/17,0507987502501972
2029944023762,2024/03/06 03:45:18,алЕксеЙ МихАЙлоВ,8(9716) 39-40,4,поДпИСКа нА гаЗеТу,5,2806.57,193.43,COMPLEtEd,подарок вовремя,2024/03/17,0507987502501972
2029944022663,2024-03-06 14:22:11,анна СМиРНОвА,+7 9570 31 07,4,ПОдПИСка НА ГазеТУ,5,2466.24,533.76,processIng,Проверить наличие,2024/03/08,3863920397836244
2029944022663,2024-03-06 14:22:11,анна СМиРНОвА,+7 9570 31 07,3,амунИЦия дЛЯ сОБак,2,2336.61,63.39,prOCeSsIng,Проверить наличие,2024/03/08,3863920397836244
2029944022663,2024-03-06 14:22:11,анна СМиРНОвА,+7 9570 31 07,1,кОрм ДЛя собАк,1,413.39,86.61,ProCEssING,Проверить наличие,2024/03/08,3863920397836244
2029944022663,2024-03-06 14:22:11,анна СМиРНОвА,+7 9570 31 07,4,поДпиСкА нА ГаЗЕтУ,1,513.76,86.24,PrOCESSIng,Проверить наличие,2024/03/08,3863920397836244
2029944022663,2024-03-06 14:22:11,анна СМиРНОвА,+7 9570 31 07,1,кОРм Для сОБаК,2,920.66,79.34,prOceSsINg,Проверить наличие,2024/03/08,3863920397836244
2029944021438,2024-03-02 23:41:07,иван ИвАнОВ,+7 9581 20 74,5,МоЛОкО,3,8242.17,757.83,CanCelLeD,подарок вовремя,10.03.2024,6092225745386262
2029944021438,2024-03-02 23:41:07,иван ИвАнОВ,+7 9581 20 74,1,КорМ ДЛЯ СОбАК,1,462.45,37.55,CANcEllED,подарок вовремя,10.03.2024,6092225745386262
2029944021438,2024-03-02 23:41:07,иван ИвАнОВ,+7 9581 20 74,3,аМУНициЯ дЛЯ собАК,5,5107.83,892.17,CaNCELLed,подарок вовремя,10.03.2024,6092225745386262
2029944021438,2024-03-02 23:41:07,иван ИвАнОВ,+7 9581 20 74,4,ПОдПиСКа На газЕТу,3,1530.77,269.23,cANcElled,подарок вовремя,10.03.2024,6092225745386262
2029944020326,27.03.2024 07:48,олЬгА КуЗНЕЦОва,+7(9950)36-22,1,корм Для СОБАк,2,995.11,4.89,CoMpLEtED,спасибо за заказ,2024-03-16,5148898627576202
2029944020326,27.03.2024 07:48,олЬгА КуЗНЕЦОва,+7(9950)36-22,5,МОЛокО,4,11035.61,964.39,cOMPleteD,спасибо за заказ,2024-03-16,5148898627576202
2029944020326,27.03.2024 07:48,олЬгА КуЗНЕЦОва,+7(9950)36-22,2,ИГрУШка мяЧ,2,590.78,9.22,coMpLEteD,спасибо за заказ,2024-03-16,5148898627576202
2029944020326,27.03.2024 07:48,олЬгА КуЗНЕЦОва,+7(9950)36-22,3,аМУНиЦия ДлЯ СОБак,2,2151.66,248.34,compLeTEd,спасибо за заказ,2024-03-16,5148898627576202
2029944020326,27.03.2024 07:48,олЬгА КуЗНЕЦОва,+7(9950)36-22,1,КоРМ ДЛя соБаК,5,2386.91,113.09,COmPLeted,спасибо за заказ,2024-03-16,5148898627576202
2029944019887,2024/03/12 13:57:12,иВан ивАнов,+7(9138)23-73,4,пОДпИскА на гАЗЕТУ,2,1113.79,86.21,procesSiNg,Всё отлично!,2024/03/15,3614846974012009
2029944019887,2024/03/12 13:57:12,иВан ивАнов,+7(9138)23-73,1,КОРм дЛя Собак,4,1634.86,365.14,pRocesSINg,Всё отлично!,2024/03/15,3614846974012009
2029944019887,2024/03/12 13:57:12,иВан ивАнов,+7(9138)23-73,2,ИгрУшКА мяЧ,1,263.61,36.39,PrOcessinG,Всё отлично!,2024/03/15,3614846974012009
2029944018753,2024-03-12 07:43:49,аЛеКсей МиХаЙЛОВ,8(9632) 85-50,5,молОКо,4,11199.85,800.15,coMpleTEd,Ждём с нетерпением!,2024/03/01,6259167980756330
2029944018753,2024-03-12 07:43:49,аЛеКсей МиХаЙЛОВ,8(9632) 85-50,1,КОРМ дЛЯ сОБак,2,876.99,123.01,cOMPlETED,Ждём с нетерпением!,2024/03/01,6259167980756330
2029944018753,2024-03-12 07:43:49,аЛеКсей МиХаЙЛОВ,8(9632) 85-50,5,молоко,5,12638.75,2361.25,cOmpLetEd,Ждём с нетерпением!,2024/03/01,6259167980756330
2029944017488,2024/03/10 14:14:56,АЛЕКсеЙ МИхАЙЛОв,8(9804) 06-66,2,ИгРуШКа мЯЧ,2,593.88,6.12,CompLETed,Проверить наличие,08.03.2024,8456070090156529
2029944016374,2024-03-22 06:44:03,анна СМИрНОВА,+7 9965 40 59,4,пОДписКА на газЕТу,5,2880.22,119.78,complEtEd,"Задержка с доставкой, печалька...",2024/03/14,2291103991841631
2029944016374,2024-03-22 06:44:03,анна СМИрНОВА,+7 9965 40 59,4,ПОдПИсКа на гаЗЕТу,1,593.0,7.0,CoMplETeD,"Задержка с доставкой, печалька...",2024/03/14,2291103991841631
2029944016374,2024-03-22 06:44:03,анна СМИрНОВА,+7 9965 40 59,5,молОКо,2,5233.07,766.93,complETED,"Задержка с доставкой, печалька...",2024/03/14,2291103991841631
2029944015273,2024/03/24 22:22:20,ЕлеНА нОвикОва,+7 9318 88 24,4,ПодпИСка на гаЗеТу,5,2419.36,580.64,CoMPLEtED,подарок вовремя,2024/03/15,1779624586600299
2029944015273,2024/03/24 22:22:20,ЕлеНА нОвикОва,+7 9318 88 24,1,Корм дЛЯ СобАк,5,2480.92,19.08,CoMpLeTeD,подарок вовремя,2024/03/15,1779624586600299
2029944014974,2024-03-10 02:30:07,ИВаН ИВанОВ,8(9700) 78-65,2,ИгРУшКа мЯЧ,3,795.83,104.17,compLEted,Ждём с нетерпением!,2024/03/17,7737879178858618
2029944014974,2024-03-10 02:30:07,ИВаН ИВанОВ,8(9700) 78-65,5,МоЛОко,1,2971.27,28.73,COMPleTEd,Ждём с нетерпением!,2024/03/17,7737879178858618
2029944014974,2024-03-10 02:30:07,ИВаН ИВанОВ,8(9700) 78-65,2,игРУШка МяЧ,4,1080.35,119.65,COmPlETed,Ждём с нетерпением!,2024/03/17,7737879178858618
2029944014974,2024-03-10 02:30:07,ИВаН ИВанОВ,8(9700) 78-65,3,амУнИция ДЛя сОбАК,2,2357.29,42.71,coMpLEtED,Ждём с нетерпением!,2024/03/17,7737879178858618
2029944014974,2024-03-10 02:30:07,ИВаН ИВанОВ,8(9700) 78-65,1,КОРМ дЛя собаК,5,2245.49,254.51,COmPLETEd,Ждём с нетерпением!,2024/03/17,7737879178858618
2029944013581,2024/03/18 10:44:57,алекСей МиХайЛов,8(9415) 33-91,4,ПоДпиСка На газетУ,1,539.97,60.03,pRoceSsing,подарок вовремя,2024-03-22,3675153731206813
2029944013581,2024/03/18 10:44:57,алекСей МиХайЛов,8(9415) 33-91,3,АмУНИЦиЯ для СоБАК,2,2245.39,154.61,PrOcessIng,подарок вовремя,2024-03-22,3675153731206813
2029944013581,2024/03/18 10:44:57,алекСей МиХайЛов,8(9415) 33-91,2,игРушкА мяЧ,4,1120.9,79.1,ProCesSINg,подарок вовремя,2024-03-22,3675153731206813
2029944013581,2024/03/18 10:44:57,алекСей МиХайЛов,8(9415) 33-91,1,Корм дЛя СОБАк,5,2447.49,52.51,pROCessINg,подарок вовремя,2024-03-22,3675153731206813
2029944012191,2024/03/16 04:20:43,аннА СМирноВА,8(9618) 10-74,5,моЛОКо,4,9684.21,2315.79,CoMpleTed,"Задержка с доставкой, печалька...",2024-03-30,6235081647599931
2029944012191,2024/03/16 04:20:43,аннА СМирноВА,8(9618) 10-74,5,МоЛоко,1,2564.91,435.09,ComPLeTeD,"Задержка с доставкой, печалька...",2024-03-30,6235081647599931
2029944011878,09.03.2024 16:44,АнНа СМИРноВа,+7(9677)64-50,1,Корм для СОБаК,3,1460.99,39.01,PRoCeSSING,Всё отлично!,2024-03-09,6856403246594424
2029944010941,26.03.2024 17:19,ЕленА новикОВА,+7 9318 45 04,2,игрУшкА мяч,4,1052.08,147.92,processinG,спасибо за заказ,2024/03/29,8639877758569077
2029944010941,26.03.2024 17:19,ЕленА новикОВА,+7 9318 45 04,2,игРУшка МЯЧ,5,1458.02,41.98,ProcessING,спасибо за заказ,2024/03/29,8639877758569077
2029944010941,26.03.2024 17:19,ЕленА новикОВА,+7 9318 45 04,5,молоко,3,8252.75,747.25,PrOCESSING,спасибо за заказ,2024/03/29,8639877758569077
2029944009245,2024/03/02 13:50:19,ИВАН ивАНоВ,8(9056) 27-53,4,поДПиСКА нА ГазеТУ,2,979.65,220.35,CANcElleD,"Задержка с доставкой, печалька...",2024-03-10,2655537224502059
2029944009245,2024/03/02 13:50:19,ИВАН ивАНоВ,8(9056) 27-53,4,ПОдпиСКА На ГАзЕтУ,1,549.57,50.43,cANcEllEd,"Задержка с доставкой, печалька...",2024-03-10,2655537224502059
2029944009245,2024/03/02 13:50:19,ИВАН ивАНоВ,8(9056) 27-53,2,ИгрУшкА МяЧ,5,1499.72,0.28,caNcelLed,"Задержка с доставкой, печалька...",2024-03-10,2655537224502059
2029944009245,2024/03/02 13:50:19,ИВАН ивАНоВ,8(9056) 27-53,1,коРМ ДлЯ сОБак,3,1245.96,254.04,cAnCeLlEd,"Задержка с доставкой, печалька...",2024-03-10,2655537224502059
2029944009245,2024/03/02 13:50:19,ИВАН ивАНоВ,8(9056) 27-53,3,АМУНИЦиЯ дЛя СоБак,5,5960.29,39.71,cANcElLeD,"Задержка с доставкой, печалька...",2024-03-10,2655537224502059
2029944008414,23.03.2024 13:48,аЛекСЕЙ МихАйлОВ,8(9615) 00-32,5,моЛОкО,4,9753.69,2246.31,complETeD,Ждём с нетерпением!,16.03.2024,4098539689244418
2029944008414,23.03.2024 13:48,аЛекСЕЙ МихАйлОВ,8(9615) 00-32,1,Корм длЯ собАК,4,1873.76,126.24,cOmpletEd,Ждём с нетерпением!,16.03.2024,4098539689244418
2029944007414,2024/03/04 12:31:56,АНнА СмирНОва,+7(9411)17-90,5,МолокО,4,11826.25,173.75,PROcesSINg,"Задержка с доставкой, печалька...",2024/03/17,8316108932857212
2029944007414,2024/03/04 12:31:56,АНнА СмирНОва,+7(9411)17-90,3,АМУниЦиЯ длЯ СобаК,2,2179.64,220.36,PrOcESSiNG,"Задержка с доставкой, печалька...",2024/03/17,8316108932857212
2029944007414,2024/03/04 12:31:56,АНнА СмирНОва,+7(9411)17-90,3,амуНиЦиЯ для СоБАк,5,5932.84,67.16,prOCESSInG,"Задержка с доставкой, печалька...",2024/03/17,8316108932857212
2029944007414,2024/03/04 12:31:56,АНнА СмирНОва,+7(9411)17-90,4,ПодПисКа На гАзЕту,4,1981.56,418.44,pRocessinG,"Задержка с доставкой, печалька...",2024/03/17,8316108932857212
2029944007414,2024/03/04 12:31:56,АНнА СмирНОва,+7(9411)17-90,3,аМуНИцИя длЯ СОБаК,4,3988.32,811.68,PROceSSiNG,"Задержка с доставкой, печалька...",2024/03/17,8316108932857212
2029944006854,2024-03-01 05:53:02,Ольга КУЗнецОВа,8(9507) 99-53,3,аМУнИцИЯ ДЛЯ соБак,5,5466.47,533.53,cOMPlETEd,"Задержка с доставкой, печалька...",14.03.2024,9672946630005490
2029944005143,15.03.2024 08:34,АНна СМиРноВа,+7 9137 50 09,1,КоРМ Для собАк,1,421.23,78.77,cancelLed,спасибо за заказ,25.03.2024,3537706530141613
2029944005143,15.03.2024 08:34,АНна СМиРноВа,+7 9137 50 09,2,ИГрУШКа мяЧ,5,1479.69,20.31,CAncElLED,спасибо за заказ,25.03.2024,3537706530141613
2029944005143,15.03.2024 08:34,АНна СМиРноВа,+7 9137 50 09,2,ИгрУшКа МяЧ,1,269.66,30.34,cancElLED,спасибо за заказ,25.03.2024,3537706530141613
2029944005143,15.03.2024 08:34,АНна СМиРноВа,+7 9137 50 09,4,ПОдПИСКа нА гАзЕтУ,1,511.92,88.08,cANCeLLED,спасибо за заказ,25.03.2024,3537706530141613
2029944004245,09.03.2024 12:45,михАиЛ орЛоВ,8(9451) 26-97,2,ИГРуШкА Мяч,1,240.84,59.16,cAnCELlEd,Проверить наличие,2024-03-09,7105505113965745
2029944004245,09.03.2024 12:45,михАиЛ орЛоВ,8(9451) 26-97,4,ПОДПИСКА на ГАзеТу,2,1094.45,105.55,cAnCelLED,Проверить наличие,2024-03-09,7105505113965745
2029944004245,09.03.2024 12:45,михАиЛ орЛоВ,8(9451) 26-97,3,амУНИция Для СОбАк,4,4510.2,289.8,CAncelLEd,Проверить наличие,2024-03-09,7105505113965745
2029944004245,09.03.2024 12:45,михАиЛ орЛоВ,8(9451) 26-97,1,кОрМ Для соБАк,2,862.67,137.33,CANCeLLEd,Проверить наличие,2024-03-09,7105505113965745
2029944003882,26.03.2024 23:56,иВАн ИванОВ,+7 9820 73 75,1,КОрм дЛя собАк,3,1359.12,140.88,pROcEsSING,Проверить наличие,20.03.2024,5961246631661263
2029944003882,26.03.2024 23:56,иВАн ИванОВ,+7 9820 73 75,3,аМУницИЯ Для СОБАК,1,1091.55,108.45,PROcESsing,Проверить наличие,20.03.2024,5961246631661263
2029944003882,26.03.2024 23:56,иВАн ИванОВ,+7 9820 73 75,1,коРМ ДЛя СОбАк,1,435.33,64.67,proCESsING,Проверить наличие,20.03.2024,5961246631661263
2029944003882,26.03.2024 23:56,иВАн ИванОВ,+7 9820 73 75,3,амунИциЯ ДЛя собак,3,3453.85,146.15,ProCEssING,Проверить наличие,20.03.2024,5961246631661263
2029944002940,2024-03-10 22:45:55,ОЛЬГа кУзНецоВА,+7(9020)58-49,3,АмУНИцИя для СоБак,3,2943.18,656.82,PROCeSsinG,спасибо за заказ,2024/03/31,7664569520215682
2029944002940,2024-03-10 22:45:55,ОЛЬГа кУзНецоВА,+7(9020)58-49,2,ИГРуШКа Мяч,4,1102.17,97.83,pRoceSsInG,спасибо за заказ,2024/03/31,7664569520215682
2029944002940,2024-03-10 22:45:55,ОЛЬГа кУзНецоВА,+7(9020)58-49,5,МОлоКО,4,9700.54,2299.46,PRocEssInG,спасибо за заказ,2024/03/31,7664569520215682
2029944002940,2024-03-10 22:45:55,ОЛЬГа кУзНецоВА,+7(9020)58-49,4,ПОдпискА нА ГаЗеТу,3,1609.29,190.71,prOcEsSINg,спасибо за заказ,2024/03/31,7664569520215682
2029944001357,2024/03/23 13:59:43,сеРгЕЙ сиДоРОв,8(9595) 89-25,2,игрУШКа мяЧ,1,240.34,59.66,ProCeSsiNG,подарок вовремя,2024-03-04,3059084989749511
2029944001357,2024/03/23 13:59:43,сеРгЕЙ сиДоРОв,8(9595) 89-25,2,игрУШка мяЧ,2,508.38,91.62,PROcESsING,подарок вовремя,2024-03-04,3059084989749511
2029944000736,13.03.2024 21:49,НАТАлЬЯ васиЛЬЕва,8(9522) 05-10,1,КОРМ дЛя СОБАК,1,464.93,35.07,ComPleTeD,подарок вовремя,2024-03-05,4747120527070933
2029943999134,2024-03-06 13:49:23,мария пЕТрОвА,+7(9904)06-10,2,ИгРУшКА мяЧ,1,297.39,2.61,PrOcEsSinG,Ждём с нетерпением!,2024-03-28,9002011120842740
2029943998921,02.03.2024 12:24,СЕРГЕй СидОРОв,+7(9559)46-78,4,пОдПИсКА НА ГАзЕТУ,5,2496.02,503.98,CANCeLlED,Всё отлично!,2024/03/20,2205904743798019
2029943998921,02.03.2024 12:24,СЕРГЕй СидОРОв,+7(9559)46-78,3,аМунИЦиЯ ДЛя сОБак,2,2272.13,127.87,cAncElLed,Всё отлично!,2024/03/20,2205904743798019
2029943998921,02.03.2024 12:24,СЕРГЕй СидОРОв,+7(9559)46-78,3,АмуНИция дЛя сОбаК,3,3499.02,100.98,cAnCElLEd,Всё отлично!,2024/03/20,2205904743798019
2029943998921,02.03.2024 12:24,СЕРГЕй СидОРОв,+7(9559)46-78,2,ИГрушКа мЯч,3,769.65,130.35,CaNcElleD,Всё отлично!,2024/03/20,2205904743798019
2029943997654,2024/03/25 14:21:41,СеРГЕй СИдоРОВ,+7 9700 77 49,3,АМуНиЦиЯ для СОбак,4,4575.17,224.83,COmPletEd,"Задержка с доставкой, печалька...",2024/03/11,3844150201752055
2029943997654,2024/03/25 14:21:41,СеРГЕй СИдоРОВ,+7 9700 77 49,5,МОЛокО,2,4955.54,1044.46,ComPleTeD,"Задержка с доставкой, печалька...",2024/03/11,3844150201752055
2029943996675,29.03.2024 15:49,СерГей СиДОРОВ,+7(9564)35-04,3,аМуНициЯ ДЛя сОбАК,5,5925.94,74.06,coMplEted,подарок вовремя,2024-03-21,9682026963813821
2029943996675,29.03.2024 15:49,СерГей СиДОРОВ,+7(9564)35-04,1,кОРМ ДЛя СОбАк,2,905.66,94.34,coMPLeTEd,подарок вовремя,2024-03-21,9682026963813821
2029943995784,2024-03-21 05:49:11,дМитрИй КУЗнЕЦОВ,+7 9042 80 74,5,мОЛоКо,3,8964.79,35.21,CancElLeD,подарок вовремя,2024-03-16,6133762321770096
2029943995784,2024-03-21 05:49:11,дМитрИй КУЗнЕЦОВ,+7 9042 80 74,2,ИгРУшка МяЧ,5,1270.61,229.39,canCELled,подарок вовремя,2024-03-16,6133762321770096
2029943995784,2024-03-21 05:49:11,дМитрИй КУЗнЕЦОВ,+7 9042 80 74,3,АмуниЦИЯ дЛЯ сОбАк,4,3867.76,932.24,caNCelLEd,подарок вовремя,2024-03-16,6133762321770096
2029943995784,2024-03-21 05:49:11,дМитрИй КУЗнЕЦОВ,+7 9042 80 74,5,моЛоКо,5,13996.86,1003.14,cANCElLEd,подарок вовремя,2024-03-16,6133762321770096
2029943995784,2024-03-21 05:49:11,дМитрИй КУЗнЕЦОВ,+7 9042 80 74,5,МОлОКО,1,2916.68,83.32,CaNceLLeD,подарок вовремя,2024-03-16,6133762321770096
2029943994536,13.03.2024 12:16,алЕКсеЙ МИхАйЛоВ,+7(9866)30-84,4,поДпиСкА на гАЗЕту,5,2515.93,484.07,canceLlED,спасибо за заказ,2024/03/12,8817777411397705
2029943994536,13.03.2024 12:16,алЕКсеЙ МИхАйЛоВ,+7(9866)30-84,1,КОРм дЛя СобаК,1,452.49,47.51,caNcElLED,спасибо за заказ,2024/03/12,8817777411397705
2029943994536,13.03.2024 12:16,алЕКсеЙ МИхАйЛоВ,+7(9866)30-84,2,иГруШКА мЯч,2,555.3,44.7,CanCElLED,спасибо за заказ,2024/03/12,8817777411397705
2029943994536,13.03.2024 12:16,алЕКсеЙ МИхАйЛоВ,+7(9866)30-84,2,игрушКА МЯч,3,731.03,168.97,CanceLleD,спасибо за заказ,2024/03/12,8817777411397705
2029943993387,2024/03/03 15:31:40,сЕрГеЙ СИдорОВ,+7(9890)74-76,4,ПодПИСКА На ГаЗЕТУ,3,1529.97,270.03,pROCESSIng,"Задержка с доставкой, печалька...",2024-03-12,4644685111756863
2029943993387,2024/03/03 15:31:40,сЕрГеЙ СИдорОВ,+7(9890)74-76,4,подПИсКа нА ГАЗЕтУ,1,520.27,79.73,PROCesSING,"Задержка с доставкой, печалька...",2024-03-12,4644685111756863
2029943993387,2024/03/03 15:31:40,сЕрГеЙ СИдорОВ,+7(9890)74-76,1,КоРМ ДлЯ сОБаК,3,1235.86,264.14,PROcEssinG,"Задержка с доставкой, печалька...",2024-03-12,4644685111756863
2029943992772,2024-03-14 01:09:22,мария ПеТРОва,+7 9432 74 48,2,ИгрУшКА мяч,5,1277.14,222.86,ComPletED,спасибо за заказ,2024-03-07,2353120111611803
2029943992772,2024-03-14 01:09:22,мария ПеТРОва,+7 9432 74 48,2,ИГРуШКа мЯЧ,1,285.51,14.49,coMpLETed,спасибо за заказ,2024-03-07,2353120111611803
2029943991294,2024/03/31 13:10:36,ОЛЬГА КУзНЕцОва,+7 9868 37 34,4,пОДпиСКа НА гаЗету,3,1787.24,12.76,CaNCELleD,Ждём с нетерпением!,2024-03-20,2136446413933289
2029943991294,2024/03/31 13:10:36,ОЛЬГА КУзНЕцОва,+7 9868 37 34,5,МОЛОКО,5,14710.63,289.37,CAnCelLed,Ждём с нетерпением!,2024-03-20,2136446413933289
2029943991294,2024/03/31 13:10:36,ОЛЬГА КУзНЕцОва,+7 9868 37 34,3,АмунИЦия ДЛя собАк,2,2149.7,250.3,CaNCElled,Ждём с нетерпением!,2024-03-20,2136446413933289
2029943991294,2024/03/31 13:10:36,ОЛЬГА КУзНЕцОва,+7 9868 37 34,2,иГрУШКА Мяч,3,775.3,124.7,canCelLed,Ждём с нетерпением!,2024-03-20,2136446413933289
2029943991294,2024/03/31 13:10:36,ОЛЬГА КУзНЕцОва,+7 9868 37 34,4,ПОдПиСКа НА ГАзЕтУ,2,1162.27,37.73,caNCELLED,Ждём с нетерпением!,2024-03-20,2136446413933289
2029943990402,2024/03/26 23:27:00,мИхаил ОРлов,+7 9234 28 19,5,МОлоКо,5,14848.97,151.03,CANCeLlEd,Нужно уточнить сроки,21.03.2024,9014868415119677
2029943989355,2024/03/22 16:15:44,ивАН иваНов,+7 9513 54 78,1,КОрм ДЛЯ СОБАк,4,1927.83,72.17,prOcessinG,Проверить наличие,2024-03-06,4670088141684543
2029943989355,2024/03/22 16:15:44,ивАН иваНов,+7 9513 54 78,4,поДпИСка На ГАЗЕту,2,1111.86,88.14,proceSsinG,Проверить наличие,2024-03-06,4670088141684543
2029943989355,2024/03/22 16:15:44,ивАН иваНов,+7 9513 54 78,1,КорМ Для СоБАК,2,883.07,116.93,proCEsSiNG,Проверить наличие,2024-03-06,4670088141684543
2029943989355,2024/03/22 16:15:44,ивАН иваНов,+7 9513 54 78,1,коРм ДЛя соБАк,1,465.38,34.62,ProCESSinG,Проверить наличие,2024-03-06,4670088141684543
2029943989355,2024/03/22 16:15:44,ивАН иваНов,+7 9513 54 78,5,МолОКо,2,5961.86,38.14,PrOcEsSING,Проверить наличие,2024-03-06,4670088141684543
2029943988975,2024-03-11 03:09:26,ОльГа КУЗНЕцОва,+7 9877 23 09,2,иГРуШкА мЯч,3,743.86,156.14,caNceLlED,подарок вовремя,2024/03/03,8351941364750022
2029943988975,2024-03-11 03:09:26,ОльГа КУЗНЕцОва,+7 9877 23 09,3,АМуНИЦИя дЛЯ собАк,3,3315.0,285.0,cAncelLEd,подарок вовремя,2024/03/03,8351941364750022
2029943988975,2024-03-11 03:09:26,ОльГа КУЗНЕцОва,+7 9877 23 09,2,игРушка МяЧ,2,581.86,18.14,CANcelleD,подарок вовремя,2024/03/03,8351941364750022
2029943987870,2024/03/26 09:48:12,аННА сМИРноВА,+7 9004 87 17,2,ИгРУШКА мЯЧ,2,503.44,96.56,ProcEsSing,спасибо за заказ,2024-03-24,2902873889981966
2029943987870,2024/03/26 09:48:12,аННА сМИРноВА,+7 9004 87 17,5,моЛОкО,4,10528.08,1471.92,procESSIng,спасибо за заказ,2024-03-24,2902873889981966
2029943987870,2024/03/26 09:48:12,аННА сМИРноВА,+7 9004 87 17,2,игРуШКа мяч,5,1279.97,220.03,prOCESSing,спасибо за заказ,2024-03-24,2902873889981966
2029943987870,2024/03/26 09:48:12,аННА сМИРноВА,+7 9004 87 17,3,АмунИциЯ длЯ СОбаК,1,1180.93,19.07,pROCESSiNG,спасибо за заказ,2024-03-24,2902873889981966
2029943987870,2024/03/26 09:48:12,аННА сМИРноВА,+7 9004 87 17,2,ИгрушкА МяЧ,2,561.48,38.52,PrOceSSiNg,спасибо за заказ,2024-03-24,2902873889981966
2029943986273,27.03.2024 17:38,алЕКсеЙ мИХайЛов,+7 9650 70 26,1,кОРМ длЯ СОБАК,4,1951.63,48.37,CANCElLED,Проверить наличие,06.03.2024,6775322188173025
2029943986273,27.03.2024 17:38,алЕКсеЙ мИХайЛов,+7 9650 70 26,4,поДПИСкА на гАзетУ,2,1103.01,96.99,CaNCelLeD,Проверить наличие,06.03.2024,6775322188173025
2029943986273,27.03.2024 17:38,алЕКсеЙ мИХайЛов,+7 9650 70 26,3,амУнИЦия ДлЯ СОбак,2,2332.59,67.41,CancelLEd,Проверить наличие,06.03.2024,6775322188173025
2029943985106,17.03.2024 08:30,елЕНа ноВиКОВа,8(9872) 43-75,4,подпиСка на ГАзЕТу,4,2333.31,66.69,PrOcessiNg,подарок вовремя,2024/03/31,5558886108070315
2029943985106,17.03.2024 08:30,елЕНа ноВиКОВа,8(9872) 43-75,4,ПОДпискА НА ГАзеТУ,1,568.42,31.58,PROcESsInG,подарок вовремя,2024/03/31,5558886108070315
2029943985106,17.03.2024 08:30,елЕНа ноВиКОВа,8(9872) 43-75,3,АМУнИция длЯ соБАК,3,3352.99,247.01,prOceSsiNg,подарок вовремя,2024/03/31,5558886108070315
2029943985106,17.03.2024 08:30,елЕНа ноВиКОВа,8(9872) 43-75,3,АмУниЦИЯ Для СоБАК,3,3305.81,294.19,pRoCeSSinG,подарок вовремя,2024/03/31,5558886108070315
2029943985106,17.03.2024 08:30,елЕНа ноВиКОВа,8(9872) 43-75,2,игРУШка мЯч,1,281.34,18.66,PrOceSSInG,подарок вовремя,2024/03/31,5558886108070315
2029943984906,2024/03/27 18:28:54,ЕЛеНа нОВиКОВа,+7(9119)62-17,4,поДПиСка На ГАЗетУ,3,1492.76,307.24,caNcELLed,подарок вовремя,2024-03-29,9579233422714462
2029943984906,2024/03/27 18:28:54,ЕЛеНа нОВиКОВа,+7(9119)62-17,1,Корм дЛя собаК,3,1412.47,87.53,cANCeLLED,подарок вовремя,2024-03-29,9579233422714462
2029943984906,2024/03/27 18:28:54,ЕЛеНа нОВиКОВа,+7(9119)62-17,3,АмуниЦИЯ дЛЯ СобАК,3,3189.5,410.5,CANcelLeD,подарок вовремя,2024-03-29,9579233422714462
2029943983917,23.03.2024 14:35,ОЛЬга кУзнЕцОва,+7(9853)70-35,2,ИГРУШкА мЯч,5,1302.74,197.26,CompletED,Ждём с нетерпением!,25.03.2024,7356311502968351
2029943982845,22.03.2024 13:34,НАталья ВаСИЛьеВА,+7 9962 89 49,4,подПИсКА на гаЗЕту,5,2541.78,458.22,comPLEtED,Всё отлично!,09.03.2024,8084047574110814
2029943982845,22.03.2024 13:34,НАталья ВаСИЛьеВА,+7 9962 89 49,5,моЛокО,4,9689.04,2310.96,CompLEtEd,Всё отлично!,09.03.2024,8084047574110814
2029943982845,22.03.2024 13:34,НАталья ВаСИЛьеВА,+7 9962 89 49,4,подписКа На гАзЕту,3,1572.6,227.4,CoMplEteD,Всё отлично!,09.03.2024,8084047574110814
2029943982845,22.03.2024 13:34,НАталья ВаСИЛьеВА,+7 9962 89 49,5,МОлоКо,3,8977.84,22.16,coMPLeted,Всё отлично!,09.03.2024,8084047574110814
2029943981747,2024/03/13 07:14:08,МарИя ПЕтроВА,8(9554) 57-24,4,подПИСкА нА гАЗеТУ,1,508.02,91.98,procESsIng,Проверить наличие,2024-03-29,4005695391025239
2029943981747,2024/03/13 07:14:08,МарИя ПЕтроВА,8(9554) 57-24,1,корм дЛя сОБАК,2,912.91,87.09,procESSiNG,Проверить наличие,2024-03-29,4005695391025239
2029943981747,2024/03/13 07:14:08,МарИя ПЕтроВА,8(9554) 57-24,2,иГруШкА мяч,4,1176.99,23.01,pRoceSSiNG,Проверить наличие,2024-03-29,4005695391025239
2029943981747,2024/03/13 07:14:08,МарИя ПЕтроВА,8(9554) 57-24,1,коРм для СобаК,2,983.37,16.63,pROcEsSIng,Проверить наличие,2024-03-29,4005695391025239
2029943981747,2024/03/13 07:14:08,МарИя ПЕтроВА,8(9554) 57-24,2,игруШКа МяЧ,4,1132.23,67.77,pRoceSSiNg,Проверить наличие,2024-03-29,4005695391025239
2029943980756,2024-03-10 06:36:58,АЛекСЕЙ МихАЙлоВ,8(9432) 45-41,4,пОдПиСКа нА гАзеТу,3,1717.55,82.45,canCElLed,Всё отлично!,2024/03/16,5509644775209804
2029943980756,2024-03-10 06:36:58,АЛекСЕЙ МихАЙлоВ,8(9432) 45-41,3,амуницИя для Собак,3,3563.1,36.9,caNCElled,Всё отлично!,2024/03/16,5509644775209804
2029943979762,26.03.2024 01:42,Ольга КУЗнецоВА,8(9140) 97-39,3,амунИция для сОбаК,3,2881.9,718.1,CancElleD,Всё отлично!,2024-03-31,9576140912870560
2029943979762,26.03.2024 01:42,Ольга КУЗнецоВА,8(9140) 97-39,5,мОлоКо,3,7465.78,1534.22,canCElLeD,Всё отлично!,2024-03-31,9576140912870560
2029943978428,2024/03/30 23:58:10,АлЕкСеЙ МИХаЙлоВ,+7(9129)41-91,4,ПОдпИсКА На Газету,2,1053.98,146.02,complETed,подарок вовремя,2024/03/27,6409753840561008
2029943977188,2024/03/25 23:55:50,МАрИя пеТРоВА,8(9596) 65-02,4,подпИскА На газету,1,579.63,20.37,pRocEssinG,Проверить наличие,2024-03-01,8065328434163539
2029943976308,2024/03/08 20:07:38,мария пеТРОВА,+7(9737)52-89,3,аМуНиция дЛя СобАк,2,2370.46,29.54,pRoCEssiNG,подарок вовремя,2024/03/30,9857684285717549
2029943976308,2024/03/08 20:07:38,мария пеТРОВА,+7(9737)52-89,1,КоРм Для СОбак,1,437.79,62.21,pRoCessiNg,подарок вовремя,2024/03/30,9857684285717549
2029943976308,2024/03/08 20:07:38,мария пеТРОВА,+7(9737)52-89,1,коРМ ДлЯ СОБак,3,1287.19,212.81,ProcESSinG,подарок вовремя,2024/03/30,9857684285717549
2029943975821,03.03.2024 14:17,иВАн ИВАНОВ,+7(9853)65-36,1,КоРм ДЛЯ собАК,4,1681.29,318.71,completEd,Нужно уточнить сроки,2024-03-27,5782600851354923
2029943975821,03.03.2024 14:17,иВАн ИВАНОВ,+7(9853)65-36,4,подПИсКА На ГазетУ,4,2010.7,389.3,cOmPLEtEd,Нужно уточнить сроки,2024-03-27,5782600851354923
2029943975821,03.03.2024 14:17,иВАн ИВАНОВ,+7(9853)65-36,2,ИгрУшКА мЯЧ,3,769.72,130.28,coMPlETeD,Нужно уточнить сроки,2024-03-27,5782600851354923
2029943974497,31.03.2024 17:14,михаиЛ орлов,+7 9180 32 84,4,пОдписКа нА гАЗЕТУ,5,2932.45,67.55,CANcELleD,Ждём с нетерпением!,24.03.2024,1057699518977383
2029943974497,31.03.2024 17:14,михаиЛ орлов,+7 9180 32 84,5,МОЛоКо,1,2696.33,303.67,cAnCELlEd,Ждём с нетерпением!,24.03.2024,1057699518977383
2029943974497,31.03.2024 17:14,михаиЛ орлов,+7 9180 32 84,3,АМуНициЯ дЛя СОБаК,4,3955.53,844.47,cANCellEd,Ждём с нетерпением!,24.03.2024,1057699518977383
2029943973368,2024/03/30 23:16:22,МАриЯ пЕТРоВа,8(9425) 03-51,3,АмУнИция ДЛя собаК,4,4640.15,159.85,COmPLeTED,спасибо за заказ,2024-03-23,6821107421193387
2029943973368,2024/03/30 23:16:22,МАриЯ пЕТРоВа,8(9425) 03-51,3,амунИЦиЯ Для СОБак,1,1031.41,168.59,compLETed,спасибо за заказ,2024-03-23,6821107421193387
2029943972502,11.03.2024 14:15,еЛена нОВикОВА,8(9468) 11-90,5,мОЛОКо,5,13053.04,1946.96,CoMPLEteD,Проверить наличие,2024-03-22,9371369250379831
2029943972502,11.03.2024 14:15,еЛена нОВикОВА,8(9468) 11-90,3,аМУницИя длЯ собаК,2,2374.92,25.08,COmpleTeD,Проверить наличие,2024-03-22,9371369250379831
2029943972502,11.03.2024 14:15,еЛена нОВикОВА,8(9468) 11-90,1,кОРм дЛЯ Собак,5,2105.45,394.55,coMPlEted,Проверить наличие,2024-03-22,9371369250379831
2029943972502,11.03.2024 14:15,еЛена нОВикОВА,8(9468) 11-90,3,амуНиЦИЯ дЛЯ сОбак,4,4787.48,12.52,cOmpleteD,Проверить наличие,2024-03-22,9371369250379831
2029943971954,2024/03/19 07:05:42,ЕлЕНА НОвИКоВА,+7(9620)90-46,3,АМунИЦИЯ дЛЯ СОбАк,5,5457.65,542.35,compLetED,Проверить наличие,2024/03/02,7030067897557965
2029943971954,2024/03/19 07:05:42,ЕлЕНА НОвИКоВА,+7(9620)90-46,3,АМуНИЦия длЯ СОБАК,2,2220.75,179.25,CompLEtEd,Проверить наличие,2024/03/02,7030067897557965
2029943971954,2024/03/19 07:05:42,ЕлЕНА НОвИКоВА,+7(9620)90-46,5,МолОКо,4,9679.72,2320.28,cOmpLetEd,Проверить наличие,2024/03/02,7030067897557965
2029943971954,2024/03/19 07:05:42,ЕлЕНА НОвИКоВА,+7(9620)90-46,2,ИГруШКа мяч,5,1347.27,152.73,coMPletEd,Проверить наличие,2024/03/02,7030067897557965
2029943971954,2024/03/19 07:05:42,ЕлЕНА НОвИКоВА,+7(9620)90-46,4,подПИСкА На ГаЗЕТу,3,1747.58,52.42,ComPLETed,Проверить наличие,2024/03/02,7030067897557965
2029943970539,2024-03-11 06:46:37,Михаил оРлов,+7(9725)60-49,5,МоЛоко,2,5991.82,8.18,ComPLeTEd,подарок вовремя,20.03.2024,5068365832372894
2029943970539,2024-03-11 06:46:37,Михаил оРлов,+7(9725)60-49,3,АмуНИЦИЯ ДЛЯ соБак,3,3391.59,208.41,compLETed,подарок вовремя,20.03.2024,5068365832372894
2029943970539,2024-03-11 06:46:37,Михаил оРлов,+7(9725)60-49,4,ПОдпИска НА ГазетУ,2,1029.64,170.36,comPLetEd,подарок вовремя,20.03.2024,5068365832372894
2029943970539,2024-03-11 06:46:37,Михаил оРлов,+7(9725)60-49,2,иГРУшКА МяЧ,2,585.59,14.41,cOMpLeTeD,подарок вовремя,20.03.2024,5068365832372894
2029943969164,2024-03-26 08:05:02,дмИтРИй КуЗНецов,+7(9448)92-25,1,КоРМ Для сОбАк,2,935.21,64.79,cAnCelLeD,спасибо за заказ,2024-03-30,1855322861076889
2029943969164,2024-03-26 08:05:02,дмИтРИй КуЗНецов,+7(9448)92-25,3,АмунИЦИЯ для сОбАк,3,3136.54,463.46,CanCElLeD,спасибо за заказ,2024-03-30,1855322861076889
2029943968335,01.03.2024 09:38,ЕЛеНа НоВИКОва,+7 9004 33 81,2,ИгрУШкА мЯЧ,4,985.95,214.05,PROcessiNg,Всё отлично!,2024/03/30,3196479701012039
2029943967259,2024-03-17 01:12:50,ИВАн ИВанов,+7(9240)30-71,5,молокО,4,9864.81,2135.19,CoMPLeted,Нужно уточнить сроки,2024-03-26,5998585659473205
2029943967259,2024-03-17 01:12:50,ИВАн ИВанов,+7(9240)30-71,5,МоЛОко,3,8576.53,423.47,ComPlEtED,Нужно уточнить сроки,2024-03-26,5998585659473205
2029943967259,2024-03-17 01:12:50,ИВАн ИВанов,+7(9240)30-71,4,ПоДПиСКа На ГАзеТУ,2,1010.87,189.13,COmplEted,Нужно уточнить сроки,2024-03-26,5998585659473205
2029943967259,2024-03-17 01:12:50,ИВАн ИВанов,+7(9240)30-71,5,МОлоко,1,2712.61,287.39,comPlEteD,Нужно уточнить сроки,2024-03-26,5998585659473205
2029943966326,2024/03/22 16:28:16,МИхАиЛ орлОВ,+7(9625)26-38,5,МолОко,1,2822.1,177.9,cAncELleD,Ждём с нетерпением!,2024-03-21,8707890143377441
2029943966326,2024/03/22 16:28:16,МИхАиЛ орлОВ,+7(9625)26-38,2,иГруШкА МЯч,2,547.18,52.82,caNCelleD,Ждём с нетерпением!,2024-03-21,8707890143377441
2029943966326,2024/03/22 16:28:16,МИхАиЛ орлОВ,+7(9625)26-38,5,МоЛОКо,1,2481.01,518.99,CaNcELLeD,Ждём с нетерпением!,2024-03-21,8707890143377441
2029943965611,10.03.2024 16:02,НАТАльЯ ВАсИльЕВА,+7(9199)05-80,4,пОдПисКА НА гАЗЕту,3,1676.27,123.73,cOMPletED,Ждём с нетерпением!,04.03.2024,4075951844781462
2029943965611,10.03.2024 16:02,НАТАльЯ ВАсИльЕВА,+7(9199)05-80,2,игРУШка МЯЧ,1,252.39,47.61,cOmPlETEd,Ждём с нетерпением!,04.03.2024,4075951844781462
2029943965611,10.03.2024 16:02,НАТАльЯ ВАсИльЕВА,+7(9199)05-80,1,КОРм ДЛЯ СОБАк,2,965.2,34.8,coMPlETEd,Ждём с нетерпением!,04.03.2024,4075951844781462
2029943964845,18.03.2024 03:54,ОльГА КузнЕЦовА,8(9236) 90-90,4,поДПИсКА НА ГАЗету,3,1510.95,289.05,pRoCessinG,спасибо за заказ,2024-03-31,9936828273186087
2029943963399,2024-03-16 22:27:23,мИхаиЛ ОрлОВ,+7(9890)58-63,1,Корм длЯ СОбАк,4,1792.29,207.71,caNcElLEd,Проверить наличие,13.03.2024,5154800930751696
2029943963399,2024-03-16 22:27:23,мИхаиЛ ОрлОВ,+7(9890)58-63,3,АМуниЦия Для Собак,5,5775.55,224.45,CaNCElLED,Проверить наличие,13.03.2024,5154800930751696
2029943962813,21.03.2024 07:13,наТалья вАСилЬЕвА,8(9296) 26-79,3,АмУнИция ДЛя сОБак,2,2270.5,129.5,canCEllED,Всё отлично!,28.03.2024,1556672068930044
2029943961759,05.03.2024 01:23,наТаЛЬЯ ваСильЕВА,+7(9885)48-80,5,МОЛоКО,1,2967.96,32.04,CaNCELlEd,"Задержка с доставкой, печалька...",2024/03/25,7474641320316061
2029943961759,05.03.2024 01:23,наТаЛЬЯ ваСильЕВА,+7(9885)48-80,1,КоРМ для СоБак,4,1783.4,216.6,cANCellED,"Задержка с доставкой, печалька...",2024/03/25,7474641320316061
2029943960527,2024-03-26 02:37:59,ЕЛЕна НовИкова,8(9463) 64-60,5,МолокО,4,11315.38,684.62,pROceSSiNg,"Задержка с доставкой, печалька...",27.03.2024,1436407031521623
2029943960527,2024-03-26 02:37:59,ЕЛЕна НовИкова,8(9463) 64-60,5,молОко,4,10119.28,1880.72,PRoCESsinG,"Задержка с доставкой, печалька...",27.03.2024,1436407031521623
2029943959440,27.03.2024 19:05,ольГа КуЗнЕЦОВА,+7 9867 62 54,1,кОРМ дЛЯ СобаК,1,494.27,5.73,processING,подарок вовремя,2024/03/25,7395102146082548
2029943958204,2024-03-26 03:07:45,алеКСЕй мИХаЙЛоВ,+7(9399)33-88,1,Корм дЛЯ сОбак,3,1272.95,227.05,ProCessINg,"Задержка с доставкой, печалька...",2024-03-08,1569523387576094
2029943958204,2024-03-26 03:07:45,алеКСЕй мИХаЙЛоВ,+7(9399)33-88,4,ПоДПискА на ГаЗеТУ,5,2601.29,398.71,proceSsInG,"Задержка с доставкой, печалька...",2024-03-08,1569523387576094
2029943958204,2024-03-26 03:07:45,алеКСЕй мИХаЙЛоВ,+7(9399)33-88,3,АмунИЦИя ДлЯ СОБак,3,3266.17,333.83,proCesSinG,"Задержка с доставкой, печалька...",2024-03-08,1569523387576094
2029943958204,2024-03-26 03:07:45,алеКСЕй мИХаЙЛоВ,+7(9399)33-88,2,игрУШКа Мяч,4,1108.02,91.98,prOcEssINg,"Задержка с доставкой, печалька...",2024-03-08,1569523387576094
2029943957304,24.03.2024 01:08,маРИЯ ПетРоВА,+7(9985)33-66,1,КоРМ длЯ собаК,3,1451.45,48.55,cOMPLEteD,спасибо за заказ,2024/03/23,9683074035450499
2029943957304,24.03.2024 01:08,маРИЯ ПетРоВА,+7(9985)33-66,3,АмУНИциЯ дЛЯ СоБАк,5,5233.85,766.15,comPlEtED,спасибо за заказ,2024/03/23,9683074035450499
2029943956962,2024-03-29 07:12:41,АННа смИРновА,+7(9417)05-69,2,ИгРуШКА мяч,3,729.63,170.37,cOmpleted,Ждём с нетерпением!,30.03.2024,1327991120809705
2029943956962,2024-03-29 07:12:41,АННа смИРновА,+7(9417)05-69,1,коРМ длЯ СоБАК,4,1809.97,190.03,COMplEted,Ждём с нетерпением!,30.03.2024,1327991120809705
2029943956962,2024-03-29 07:12:41,АННа смИРновА,+7(9417)05-69,3,АМУнИцИя дЛя СобАК,4,3938.17,861.83,cOMpleted,Ждём с нетерпением!,30.03.2024,1327991120809705
2029943956962,2024-03-29 07:12:41,АННа смИРновА,+7(9417)05-69,3,АмунИЦИя ДЛя СоБАк,1,1025.5,174.5,CoMPleTeD,Ждём с нетерпением!,30.03.2024,1327991120809705
2029943956962,2024-03-29 07:12:41,АННа смИРновА,+7(9417)05-69,3,АМуНициЯ дЛЯ СОБАК,4,4749.58,50.42,cOMpLEtEd,Ждём с нетерпением!,30.03.2024,1327991120809705
2029943955101,2024/03/26 19:59:01,натАлья васильева,+7 9742 03 69,3,АмУНИЦИя Для соБак,1,1053.12,146.88,cancElled,"Задержка с доставкой, печалька...",2024/03/28,6374935529455290
2029943955101,2024/03/26 19:59:01,натАлья васильева,+7 9742 03 69,5,МоЛОкО,4,11689.66,310.34,canceLleD,"Задержка с доставкой, печалька...",2024/03/28,6374935529455290
2029943955101,2024/03/26 19:59:01,натАлья васильева,+7 9742 03 69,3,АМУниЦИЯ ДлЯ СоБаК,4,4698.76,101.24,cANCELlEd,"Задержка с доставкой, печалька...",2024/03/28,6374935529455290
2029943955101,2024/03/26 19:59:01,натАлья васильева,+7 9742 03 69,3,АмуНиЦИЯ дЛя соБаК,2,1927.6,472.4,cANCeLled,"Задержка с доставкой, печалька...",2024/03/28,6374935529455290
2029943955101,2024/03/26 19:59:01,натАлья васильева,+7 9742 03 69,2,игРУШка мЯч,1,261.9,38.1,CANCeLlED,"Задержка с доставкой, печалька...",2024/03/28,6374935529455290
2029943954355,2024/03/14 13:53:01,алексей миХАйЛов,+7 9133 22 59,3,АМУниЦИя дЛЯ СОбАК,2,1934.1,465.9,ProcESSiNg,Всё отлично!,2024/03/05,6346573709142193
2029943953760,2024-03-20 20:47:35,ДмИтрИЙ куЗнЕцоВ,+7(9067)50-59,1,КоРм ДЛя соБаК,5,2080.76,419.24,cOmpLETED,спасибо за заказ,12.03.2024,6088498598798113
2029943953760,2024-03-20 20:47:35,ДмИтрИЙ куЗнЕцоВ,+7(9067)50-59,3,амуниЦИя ДЛЯ СоБак,1,1149.44,50.56,ComPlETed,спасибо за заказ,12.03.2024,6088498598798113
2029943953760,2024-03-20 20:47:35,ДмИтрИЙ куЗнЕцоВ,+7(9067)50-59,1,КоРМ для СобаК,2,975.63,24.37,ComPleTed,спасибо за заказ,12.03.2024,6088498598798113
2029943953760,2024-03-20 20:47:35,ДмИтрИЙ куЗнЕцоВ,+7(9067)50-59,5,мОлОко,1,2710.14,289.86,COmpLEteD,спасибо за заказ,12.03.2024,6088498598798113
2029943953760,2024-03-20 20:47:35,ДмИтрИЙ куЗнЕцоВ,+7(9067)50-59,1,кОрм ДЛя сОбАк,1,405.19,94.81,cOMPLETED,спасибо за заказ,12.03.2024,6088498598798113
2029943952661,19.03.2024 11:27,ДМИТриЙ кУЗНеЦов,+7 9091 50 69,2,игРУШКА мяЧ,1,248.26,51.74,CAncElled,подарок вовремя,2024-03-13,0852999682345418
2029943952661,19.03.2024 11:27,ДМИТриЙ кУЗНеЦов,+7 9091 50 69,4,ПодПИскА НА газЕТу,5,2762.2,237.8,cANCELled,подарок вовремя,2024-03-13,0852999682345418
2029943952661,19.03.2024 11:27,ДМИТриЙ кУЗНеЦов,+7 9091 50 69,2,ИГРуШкА мЯЧ,3,825.02,74.98,CaNCELLeD,подарок вовремя,2024-03-13,0852999682345418
2029943952661,19.03.2024 11:27,ДМИТриЙ кУЗНеЦов,+7 9091 50 69,1,КОрМ для соБак,2,987.5,12.5,CaNcelled,подарок вовремя,2024-03-13,0852999682345418
2029943951497,2024-03-16 11:32:32,ДМИтРиЙ кУЗНеЦОв,+7(9927)32-36,5,мОЛОКо,2,5896.49,103.51,cOmPletED,Проверить наличие,2024/03/02,5513950396222148
2029943951497,2024-03-16 11:32:32,ДМИтРиЙ кУЗНеЦОв,+7(9927)32-36,3,АмуНИция ДЛя сОбАк,3,3112.18,487.82,coMplEted,Проверить наличие,2024/03/02,5513950396222148
2029943951497,2024-03-16 11:32:32,ДМИтРиЙ кУЗНеЦОв,+7(9927)32-36,4,ПодПИСка на гаЗеТу,1,573.49,26.51,coMpLetED,Проверить наличие,2024/03/02,5513950396222148
2029943950417,19.03.2024 06:11,НАталЬЯ вАСИЛЬеВа,+7(9562)44-59,3,амУНИцИя ДлЯ Собак,4,4547.09,252.91,procesSiNG,Нужно уточнить сроки,2024/03/28,9371397345938749
2029943950417,19.03.2024 06:11,НАталЬЯ вАСИЛЬеВа,+7(9562)44-59,3,аМУНицИя Для соБаК,3,3078.72,521.28,prOcessing,Нужно уточнить сроки,2024/03/28,9371397345938749
2029943950417,19.03.2024 06:11,НАталЬЯ вАСИЛЬеВа,+7(9562)44-59,5,МолОКО,4,10828.55,1171.45,PRoCesSING,Нужно уточнить сроки,2024/03/28,9371397345938749
2029943950417,19.03.2024 06:11,НАталЬЯ вАСИЛЬеВа,+7(9562)44-59,4,ПОДПискА На ГаЗЕТу,4,2328.91,71.09,PROcESSInG,Нужно уточнить сроки,2024/03/28,9371397345938749
2029943950417,19.03.2024 06:11,НАталЬЯ вАСИЛЬеВа,+7(9562)44-59,2,иГрушКа Мяч,3,792.66,107.34,prOcEsSINg,Нужно уточнить сроки,2024/03/28,9371397345938749
2029943949718,2024/03/27 09:46:53,аННа СМИрнОва,+7(9483)83-98,1,кОРМ дЛя собак,4,1750.72,249.28,prOceSsiNg,спасибо за заказ,2024-03-06,8302122004292589
2029943949718,2024/03/27 09:46:53,аННа СМИрнОва,+7(9483)83-98,1,Корм ДЛЯ СОбак,4,1989.11,10.89,PRoceSsiNg,спасибо за заказ,2024-03-06,8302122004292589
2029943948857,03.03.2024 22:48,НаТалЬЯ вАСИЛьевА,+7 9321 98 08,2,ИГРушКа МяЧ,2,593.08,6.92,proCEsSiNG,спасибо за заказ,2024/03/31,4160568506072915
2029943948857,03.03.2024 22:48,НаТалЬЯ вАСИЛьевА,+7 9321 98 08,4,ПОдПИСКа на Газету,5,2527.83,472.17,pRoCESSiNg,спасибо за заказ,2024/03/31,4160568506072915
2029943948857,03.03.2024 22:48,НаТалЬЯ вАСИЛьевА,+7 9321 98 08,5,мОлОкО,1,2756.26,243.74,ProCEssiNg,спасибо за заказ,2024/03/31,4160568506072915
2029943947922,2024-03-21 20:18:59,аннА СмИрнОВа,+7(9105)37-13,5,мОЛоко,1,2459.72,540.28,caNcEllEd,Проверить наличие,15.03.2024,8677205183313285
2029943947922,2024-03-21 20:18:59,аннА СмИрнОВа,+7(9105)37-13,2,иГрУшка Мяч,4,973.29,226.71,cANceLLeD,Проверить наличие,15.03.2024,8677205183313285
2029943947922,2024-03-21 20:18:59,аннА СмИрнОВа,+7(9105)37-13,1,КОрМ ДЛя сОбак,4,1750.01,249.99,CaNCeLleD,Проверить наличие,15.03.2024,8677205183313285
2029943947922,2024-03-21 20:18:59,аннА СмИрнОВа,+7(9105)37-13,4,подпиСкА На гаЗетУ,1,482.22,117.78,CanceLleD,Проверить наличие,15.03.2024,8677205183313285
2029943947922,2024-03-21 20:18:59,аннА СмИрнОВа,+7(9105)37-13,1,корМ дЛя СоБАК,5,2115.32,384.68,cancelLed,Проверить наличие,15.03.2024,8677205183313285
2029943946166,2024/03/13 00:12:27,оЛЬга кУзнеЦОВа,+7 9151 11 44,5,МОлОко,2,5613.08,386.92,cANCeLLed,Всё отлично!,2024/03/10,7669618599634078
2029943946166,2024/03/13 00:12:27,оЛЬга кУзнеЦОВа,+7 9151 11 44,1,Корм дЛЯ СоБак,4,1827.76,172.24,caNCelLEd,Всё отлично!,2024/03/10,7669618599634078
2029943946166,2024/03/13 00:12:27,оЛЬга кУзнеЦОВа,+7 9151 11 44,2,ИгРуШкА мЯч,2,488.85,111.15,CaNcElLED,Всё отлично!,2024/03/10,7669618599634078
2029943946166,2024/03/13 00:12:27,оЛЬга кУзнеЦОВа,+7 9151 11 44,4,пОдПиСКа НА ГАзЕту,1,554.52,45.48,canCElled,Всё отлично!,2024/03/10,7669618599634078
2029943945515,2024/03/24 13:25:41,еЛеНА нОвИКова,8(9492) 23-52,5,МоЛоко,2,5646.56,353.44,cOMPLETed,Нужно уточнить сроки,2024/03/13,8320603544364022
2029943945515,2024/03/24 13:25:41,еЛеНА нОвИКова,8(9492) 23-52,5,МОЛОко,5,13152.58,1847.42,CoMplEtED,Нужно уточнить сроки,2024/03/13,8320603544364022
2029943945515,2024/03/24 13:25:41,еЛеНА нОвИКова,8(9492) 23-52,1,коРМ ДЛя сОбаК,2,925.21,74.79,CoMplETed,Нужно уточнить сроки,2024/03/13,8320603544364022
2029943945515,2024/03/24 13:25:41,еЛеНА нОвИКова,8(9492) 23-52,1,кОРМ для СОбак,3,1294.11,205.89,COmPLEted,Нужно уточнить сроки,2024/03/13,8320603544364022
2029943945515,2024/03/24 13:25:41,еЛеНА нОвИКова,8(9492) 23-52,5,моЛОкО,3,7477.34,1522.66,cOMpLETED,Нужно уточнить сроки,2024/03/13,8320603544364022
2029943944438,30.03.2024 05:49,ОльгА КУЗнЕЦОВа,+7(9073)45-08,2,ИГРУшкА Мяч,5,1277.51,222.49,PrOcEssiNg,подарок вовремя,22.03.2024,9861408256520879
2029943944438,30.03.2024 05:49,ОльгА КУЗнЕЦОВа,+7(9073)45-08,4,ПоДПИСКА на ГАзету,2,1049.34,150.66,prOCESSiNG,подарок вовремя,22.03.2024,9861408256520879
2029943944438,30.03.2024 05:49,ОльгА КУЗнЕЦОВа,+7(9073)45-08,2,иГРУшКа мяЧ,1,258.96,41.04,prOcESSING,подарок вовремя,22.03.2024,9861408256520879
2029943943639,2024-03-13 14:45:19,сергеЙ СидоРОВ,+7(9870)39-84,3,АМУНИциЯ для сОбаК,4,4644.19,155.81,canCeLleD,"Задержка с доставкой, печалька...",2024-03-20,6363502652627402
2029943942987,27.03.2024 23:58,ИВаН ивАнОВ,+7(9743)14-79,4,ПОДПИСка нА гАЗеТу,2,1104.16,95.84,PRoCEssING,Проверить наличие,29.03.2024,6672591030234051
2029943942987,27.03.2024 23:58,ИВаН ивАнОВ,+7(9743)14-79,1,корМ длЯ сОБаК,5,2442.07,57.93,ProceSsiNG,Проверить наличие,29.03.2024,6672591030234051
2029943942987,27.03.2024 23:58,ИВаН ивАнОВ,+7(9743)14-79,3,амунИЦИя длЯ СОбАК,3,3347.74,252.26,PrOCESsing,Проверить наличие,29.03.2024,6672591030234051
2029943942987,27.03.2024 23:58,ИВаН ивАнОВ,+7(9743)14-79,1,Корм ДлЯ СОБАК,3,1342.95,157.05,proCESsIng,Проверить наличие,29.03.2024,6672591030234051
2029943942987,27.03.2024 23:58,ИВаН ивАнОВ,+7(9743)14-79,5,МОлОКо,1,2490.6,509.4,proceSSiNG,Проверить наличие,29.03.2024,6672591030234051
2029943941544,2024-03-19 08:51:51,АнНа СмИрноВа,8(9310) 51-57,1,КОРМ Для собак,5,2433.98,66.02,compLetED,Всё отлично!,2024/03/21,2007825879083095
2029943941544,2024-03-19 08:51:51,АнНа СмИрноВа,8(9310) 51-57,4,ПодпИСкА На ГазЕту,3,1632.57,167.43,CoMPlETed,Всё отлично!,2024/03/21,2007825879083095
2029943941544,2024-03-19 08:51:51,АнНа СмИрноВа,8(9310) 51-57,1,кОрм дЛя сОБаК,3,1274.16,225.84,cOMPLeTed,Всё отлично!,2024/03/21,2007825879083095
2029943941544,2024-03-19 08:51:51,АнНа СмИрноВа,8(9310) 51-57,1,кОрМ Для СобАК,4,1647.82,352.18,compLETED,Всё отлично!,2024/03/21,2007825879083095
2029943941544,2024-03-19 08:51:51,АнНа СмИрноВа,8(9310) 51-57,3,амуниЦИЯ Для сОбАк,3,3133.02,466.98,cOmPlEtED,Всё отлично!,2024/03/21,2007825879083095
2029943940374,2024/03/12 23:31:48,олЬгА куЗНецОва,+7 9705 26 28,1,кОРМ ДЛя СоБАК,3,1440.26,59.74,ProCESsiNg,"Задержка с доставкой, печалька...",19.03.2024,1895817780053234
2029943940374,2024/03/12 23:31:48,олЬгА куЗНецОва,+7 9705 26 28,5,молоКо,1,2969.04,30.96,PROCEsSing,"Задержка с доставкой, печалька...",19.03.2024,1895817780053234
2029943939527,2024-03-30 23:24:16,алексей миХаЙЛов,+7 9341 35 90,2,игРУШКА мяЧ,5,1231.49,268.51,comPletED,спасибо за заказ,11.03.2024,0763675946661374
2029943939527,2024-03-30 23:24:16,алексей миХаЙЛов,+7 9341 35 90,4,поДПИСКА нА ГазеТу,2,1108.6,91.4,COMpLEtED,спасибо за заказ,11.03.2024,0763675946661374
2029943939527,2024-03-30 23:24:16,алексей миХаЙЛов,+7 9341 35 90,3,амУнИциЯ длЯ соБаК,5,5983.08,16.92,COmplETED,спасибо за заказ,11.03.2024,0763675946661374
2029943938873,2024/03/20 05:03:43,аНнА СмИРНОВА,8(9378) 14-66,4,подПИска на ГаЗету,4,2087.69,312.31,CanCElLeD,спасибо за заказ,2024/03/30,6930655803559857
2029943938873,2024/03/20 05:03:43,аНнА СмИРНОВА,8(9378) 14-66,3,амунИЦия длЯ сОбак,5,5930.42,69.58,caNCELLED,спасибо за заказ,2024/03/30,6930655803559857
2029943937823,2024/03/29 21:08:04,МАриЯ пЕтрОВА,8(9642) 89-72,3,амуНИцИя дЛя сОбАк,5,5388.7,611.3,comPLEteD,Нужно уточнить сроки,2024-03-01,3144487198461397
2029943937823,2024/03/29 21:08:04,МАриЯ пЕтрОВА,8(9642) 89-72,3,аМуНИциЯ дЛЯ собаК,5,4876.34,1123.66,CoMPLeteD,Нужно уточнить сроки,2024-03-01,3144487198461397
2029943937823,2024/03/29 21:08:04,МАриЯ пЕтрОВА,8(9642) 89-72,5,моЛокО,4,11869.79,130.21,coMPletEd,Нужно уточнить сроки,2024-03-01,3144487198461397
2029943937823,2024/03/29 21:08:04,МАриЯ пЕтрОВА,8(9642) 89-72,2,иГРУшка МЯч,3,780.05,119.95,cOmpLeTed,Нужно уточнить сроки,2024-03-01,3144487198461397
2029943937823,2024/03/29 21:08:04,МАриЯ пЕтрОВА,8(9642) 89-72,4,ПоДпИСкА нА гаЗЕту,1,550.09,49.91,coMpleted,Нужно уточнить сроки,2024-03-01,3144487198461397
2029943936395,2024-03-09 17:40:29,сергеЙ сИдОров,+7 9092 98 38,1,коРМ ДЛЯ сОБак,1,427.13,72.87,CaNcElleD,Ждём с нетерпением!,2024-03-17,3295516168625532
2029943936395,2024-03-09 17:40:29,сергеЙ сИдОров,+7 9092 98 38,2,иГрушКА мЯч,3,859.8,40.2,cAncelLED,Ждём с нетерпением!,2024-03-17,3295516168625532
2029943936395,2024-03-09 17:40:29,сергеЙ сИдОров,+7 9092 98 38,4,пОДпиСКА НА газеТу,1,572.33,27.67,CaNceLLeD,Ждём с нетерпением!,2024-03-17,3295516168625532
2029943936395,2024-03-09 17:40:29,сергеЙ сИдОров,+7 9092 98 38,4,ПОДпИСКА на гАзЕтУ,5,2819.96,180.04,CAncELLeD,Ждём с нетерпением!,2024-03-17,3295516168625532
2029943936395,2024-03-09 17:40:29,сергеЙ сИдОров,+7 9092 98 38,4,ПОДписКа нА гАзеТУ,4,2015.14,384.86,cANCELLEd,Ждём с нетерпением!,2024-03-17,3295516168625532
2029944191137,2024-03-09 15:00:23,мАРИя ПеТровА,8(9789) 72-23,4,ПОдпИСкА на гАЗЕТУ,4,2358.9,41.1,canCELLEd,Проверить наличие,2024/03/08,2190967916754641
2029944191137,2024-03-09 15:00:23,мАРИя ПеТровА,8(9789) 72-23,2,ИГРУшКА МЯч,1,291.79,8.21,caNCeLLEd,Проверить наличие,2024/03/08,2190967916754641
2029944191137,2024-03-09 15:00:23,мАРИя ПеТровА,8(9789) 72-23,3,аМУНИцИя Для СОБАк,5,5572.81,427.19,cAnCELLEd,Проверить наличие,2024/03/08,2190967916754641
2029944190289,2024-03-15 21:01:28,елеНА НОВикОВА,+7(9537)58-58,2,ИгруШКа мяч,4,1096.62,103.38,compLEteD,Всё отлично!,24.03.2024,9544509523547395
2029944190289,2024-03-15 21:01:28,елеНА НОВикОВА,+7(9537)58-58,2,иГРуШкА МЯЧ,2,528.22,71.78,COmPlETed,Всё отлично!,24.03.2024,9544509523547395
2029944190289,2024-03-15 21:01:28,елеНА НОВикОВА,+7(9537)58-58,1,КоРМ дЛя СОБАк,4,1874.58,125.42,CoMplETed,Всё отлично!,24.03.2024,9544509523547395
2029944190289,2024-03-15 21:01:28,елеНА НОВикОВА,+7(9537)58-58,1,КоРм ДЛЯ собак,4,1963.48,36.52,CoMPlEted,Всё отлично!,24.03.2024,9544509523547395
2029944189125,2024-03-29 07:24:11,АлЕКСей МИХАйЛОв,8(9290) 50-93,1,КоРМ ДлЯ СоБАК,1,412.32,87.68,prOceSsING,"Задержка с доставкой, печалька...",18.03.2024,4466038231399954
2029944189125,2024-03-29 07:24:11,АлЕКСей МИХАйЛОв,8(9290) 50-93,2,игрУШКа МяЧ,2,523.61,76.39,PrOcesSINg,"Задержка с доставкой, печалька...",18.03.2024,4466038231399954
2029944188680,2024-03-10 19:34:25,ОЛьГа КуЗНЕЦОва,+7(9732)16-87,2,игруШКА Мяч,1,292.73,7.27,cOMplETED,Ждём с нетерпением!,2024/03/01,9008958615208514
2029944187522,2024/03/06 10:18:43,дМИтРИЙ КУзНЕЦов,8(9133) 90-03,1,КоРМ дЛЯ СОБАк,1,402.66,97.34,prOcESSInG,спасибо за заказ,2024-03-07,1452885972025954
2029944187522,2024/03/06 10:18:43,дМИтРИЙ КУзНЕЦов,8(9133) 90-03,5,МолоКо,5,13495.28,1504.72,procESSING,спасибо за заказ,2024-03-07,1452885972025954
2029944187522,2024/03/06 10:18:43,дМИтРИЙ КУзНЕЦов,8(9133) 90-03,1,кОРМ ДлЯ сОБАК,4,1841.75,158.25,PrOCeSSinG,спасибо за заказ,2024-03-07,1452885972025954
2029944187522,2024/03/06 10:18:43,дМИтРИЙ КУзНЕЦов,8(9133) 90-03,3,аМУНиЦия ДлЯ сОБАк,2,2106.56,293.44,ProCeSSing,спасибо за заказ,2024-03-07,1452885972025954
2029944186151,2024/03/21 17:53:56,еЛЕнА новИкоВА,+7 9291 63 48,4,ПодПИСКА нА гАзеТУ,1,535.09,64.91,cOMpLeTed,Всё отлично!,2024-03-17,5181216548162853
2029944186151,2024/03/21 17:53:56,еЛЕнА новИкоВА,+7 9291 63 48,5,МОлОКО,5,12443.03,2556.97,CoMplEteD,Всё отлично!,2024-03-17,5181216548162853
2029944186151,2024/03/21 17:53:56,еЛЕнА новИкоВА,+7 9291 63 48,2,ИгРушКа мяч,2,557.66,42.34,ComplEteD,Всё отлично!,2024-03-17,5181216548162853
2029944186151,2024/03/21 17:53:56,еЛЕнА новИкоВА,+7 9291 63 48,4,пОДПискА НА ГаЗЕТУ,5,2545.91,454.09,CoMpLeteD,Всё отлично!,2024-03-17,5181216548162853
2029944185941,23.03.2024 00:11,АлЕксЕй мИхайЛОВ,+7(9309)50-08,1,коРМ ДЛя сОбАК,1,497.01,2.99,CanceLlED,Ждём с нетерпением!,2024/03/23,0690337750956760
2029944185941,23.03.2024 00:11,АлЕксЕй мИхайЛОВ,+7(9309)50-08,5,МолОКо,2,4963.55,1036.45,caNCEllEd,Ждём с нетерпением!,2024/03/23,0690337750956760
2029944185941,23.03.2024 00:11,АлЕксЕй мИхайЛОВ,+7(9309)50-08,1,кОрм дЛЯ собАК,5,2281.82,218.18,CaNceLlEd,Ждём с нетерпением!,2024/03/23,0690337750956760
2029944185941,23.03.2024 00:11,АлЕксЕй мИхайЛОВ,+7(9309)50-08,2,ИгрУшКа мЯч,3,738.61,161.39,CANCellEd,Ждём с нетерпением!,2024/03/23,0690337750956760
2029944184328,26.03.2024 07:40,ОльгА КУЗнецовА,+7(9413)42-94,2,иГрУШкА мЯч,2,529.84,70.16,PROceSsINg,Проверить наличие,2024/03/12,7297145042912197
2029944184328,26.03.2024 07:40,ОльгА КУЗнецовА,+7(9413)42-94,2,ИгРушКа МяЧ,1,298.11,1.89,prOCEsSinG,Проверить наличие,2024/03/12,7297145042912197
2029944184328,26.03.2024 07:40,ОльгА КУЗнецовА,+7(9413)42-94,4,ПодПиСКА На газеТУ,3,1478.77,321.23,procEssinG,Проверить наличие,2024/03/12,7297145042912197
2029944184328,26.03.2024 07:40,ОльгА КУЗнецовА,+7(9413)42-94,2,игРУШка мяЧ,3,725.98,174.02,pROcESSing,Проверить наличие,2024/03/12,7297145042912197
2029944183503,2024-03-04 21:32:09,иВаН иванОв,+7 9651 67 29,3,АмУНИЦиЯ ДЛя сОБАк,3,3197.31,402.69,pROCeSsing,Нужно уточнить сроки,2024/03/02,6721799831971643
2029944183503,2024-03-04 21:32:09,иВаН иванОв,+7 9651 67 29,4,ПодПиСка НА ГазЕту,5,2695.68,304.32,pROCESsiNG,Нужно уточнить сроки,2024/03/02,6721799831971643
2029944182930,2024/03/28 07:23:21,ОЛьГа кузНеЦоВа,8(9414) 33-55,5,моЛоКо,4,11160.36,839.64,procESSinG,Нужно уточнить сроки,29.03.2024,5631981452573765
2029944182930,2024/03/28 07:23:21,ОЛьГа кузНеЦоВа,8(9414) 33-55,4,пОдПИСКА нА ГаЗетУ,3,1531.19,268.81,PRoCESsInG,Нужно уточнить сроки,29.03.2024,5631981452573765
2029944182930,2024/03/28 07:23:21,ОЛьГа кузНеЦоВа,8(9414) 33-55,5,МоЛОко,2,5411.25,588.75,proCessing,Нужно уточнить сроки,29.03.2024,5631981452573765
2029944182930,2024/03/28 07:23:21,ОЛьГа кузНеЦоВа,8(9414) 33-55,4,ПодпиСКа На гАЗЕтУ,3,1613.15,186.85,PROCesSiNg,Нужно уточнить сроки,29.03.2024,5631981452573765
2029944182930,2024/03/28 07:23:21,ОЛьГа кузНеЦоВа,8(9414) 33-55,3,АМУНициЯ дЛя СоБаК,2,1921.19,478.81,PROCeSSING,Нужно уточнить сроки,29.03.2024,5631981452573765
2029944181810,2024-03-07 03:41:25,марИЯ пЕТРоВа,+7 9461 18 86,4,ПоДПиСКа НА ГАЗЕтУ,1,542.48,57.52,coMpletEd,подарок вовремя,2024/03/27,6599191540986830
2029944181810,2024-03-07 03:41:25,марИЯ пЕТРоВа,+7 9461 18 86,1,КоРМ ДЛЯ СобАК,3,1471.08,28.92,COmpleTeD,подарок вовремя,2024/03/27,6599191540986830
2029944181810,2024-03-07 03:41:25,марИЯ пЕТРоВа,+7 9461 18 86,5,МолоКо,3,8424.81,575.19,COMplETeD,подарок вовремя,2024/03/27,6599191540986830
2029944180699,22.03.2024 23:07,ЕлЕнА НоВИкОВА,+7 9688 80 11,5,МОлоко,3,8074.1,925.9,cOmPlETEd,Проверить наличие,2024-03-01,1136801113717698
2029944180699,22.03.2024 23:07,ЕлЕнА НоВИкОВА,+7 9688 80 11,5,мОЛокО,5,14921.5,78.5,cOmPleted,Проверить наличие,2024-03-01,1136801113717698
2029944180699,22.03.2024 23:07,ЕлЕнА НоВИкОВА,+7 9688 80 11,2,ИГРУшКА мяЧ,2,493.69,106.31,COmpLETEd,Проверить наличие,2024-03-01,1136801113717698
2029944180699,22.03.2024 23:07,ЕлЕнА НоВИкОВА,+7 9688 80 11,2,ИГрУшКА мяч,2,523.17,76.83,CoMpLetEd,Проверить наличие,2024-03-01,1136801113717698
2029944180699,22.03.2024 23:07,ЕлЕнА НоВИкОВА,+7 9688 80 11,1,Корм ДЛЯ СоБАк,1,419.36,80.64,COMpLetEd,Проверить наличие,2024-03-01,1136801113717698
2029944179355,2024-03-10 20:46:36,ЕЛена НоВикОвА,+7 9658 58 06,5,МОлоКО,5,13202.99,1797.01,PrOCESsiNg,Всё отлично!,2024-03-06,1649991884784499
2029944179355,2024-03-10 20:46:36,ЕЛена НоВикОвА,+7 9658 58 06,2,игруШКа Мяч,4,986.84,213.16,pRocESSinG,Всё отлично!,2024-03-06,1649991884784499
2029944178671,2024-03-31 09:18:48,МарИЯ ПетрОва,+7(9600)04-58,1,кОрМ длЯ соБАк,1,452.1,47.9,prOcESSiNg,Нужно уточнить сроки,18.03.2024,6740371517191274
2029944177934,2024/03/29 17:45:41,мИхаИЛ ОрлОВ,+7(9602)08-22,2,ИГрУШКа мяЧ,1,270.2,29.8,PROCeSSInG,Нужно уточнить сроки,2024-03-04,9598502150338426
2029944177934,2024/03/29 17:45:41,мИхаИЛ ОрлОВ,+7(9602)08-22,4,пОдПиска нА гаЗету,1,586.97,13.03,PROcesSInG,Нужно уточнить сроки,2024-03-04,9598502150338426
2029944176955,24.03.2024 17:34,дмИТриЙ кузнЕЦоВ,+7 9767 19 91,1,кОРМ дЛя сОбАК,2,845.01,154.99,coMPLETed,Нужно уточнить сроки,2024-03-02,5044247078655886
2029944176955,24.03.2024 17:34,дмИТриЙ кузнЕЦоВ,+7 9767 19 91,2,ИГруШка МяЧ,3,741.51,158.49,COMPleTEd,Нужно уточнить сроки,2024-03-02,5044247078655886
2029944176955,24.03.2024 17:34,дмИТриЙ кузнЕЦоВ,+7 9767 19 91,4,подПИскА нА ГазЕТУ,3,1672.55,127.45,CoMpleted,Нужно уточнить сроки,2024-03-02,5044247078655886
2029944176955,24.03.2024 17:34,дмИТриЙ кузнЕЦоВ,+7 9767 19 91,2,ИгрушкА МЯЧ,3,822.62,77.38,cOMPlETEd,Нужно уточнить сроки,2024-03-02,5044247078655886
2029944176955,24.03.2024 17:34,дмИТриЙ кузнЕЦоВ,+7 9767 19 91,2,иГрушКа мЯЧ,2,530.3,69.7,cOmpLEted,Нужно уточнить сроки,2024-03-02,5044247078655886
2029944175560,2024-03-31 10:35:32,натАльЯ вАсИЛьЕВА,8(9306) 85-19,1,кОрм ДлЯ собАК,1,459.28,40.72,cancELled,"Задержка с доставкой, печалька...",2024-03-09,2378554904947012
2029944175560,2024-03-31 10:35:32,натАльЯ вАсИЛьЕВА,8(9306) 85-19,1,КОРМ ДЛЯ соБак,1,470.92,29.08,CanceLleD,"Задержка с доставкой, печалька...",2024-03-09,2378554904947012
2029944175560,2024-03-31 10:35:32,натАльЯ вАсИЛьЕВА,8(9306) 85-19,3,АмУниЦиЯ для сОбАК,4,4569.9,230.1,CANceLLeD,"Задержка с доставкой, печалька...",2024-03-09,2378554904947012
2029944174598,2024/03/13 21:07:34,дмИТрИЙ КуЗнеЦОВ,8(9939) 08-93,3,аМуНИция дЛя Собак,3,3242.35,357.65,PrOcEssing,спасибо за заказ,12.03.2024,6246950439857491
2029944174598,2024/03/13 21:07:34,дмИТрИЙ КуЗнеЦОВ,8(9939) 08-93,1,Корм ДлЯ СобаК,3,1277.11,222.89,PrOCeSSIng,спасибо за заказ,12.03.2024,6246950439857491
2029944173637,2024/03/28 09:11:45,аЛЕКсЕй МихаЙЛов,+7 9221 99 42,5,моЛОкО,3,8534.77,465.23,CoMPlETeD,Нужно уточнить сроки,2024/03/08,0961163330378237
2029944173637,2024/03/28 09:11:45,аЛЕКсЕй МихаЙЛов,+7 9221 99 42,4,пОДпИсКа На ГАЗету,3,1756.31,43.69,coMpLEtED,Нужно уточнить сроки,2024/03/08,0961163330378237
2029944173637,2024/03/28 09:11:45,аЛЕКсЕй МихаЙЛов,+7 9221 99 42,4,пОдПИСка на гАЗеТУ,5,2472.37,527.63,comPLEtED,Нужно уточнить сроки,2024/03/08,0961163330378237
2029944173637,2024/03/28 09:11:45,аЛЕКсЕй МихаЙЛов,+7 9221 99 42,3,амУнИцИЯ Для СОБак,1,976.63,223.37,cOMPlETed,Нужно уточнить сроки,2024/03/08,0961163330378237
2029944172651,2024-03-01 09:28:46,АННа СМИрнОвА,+7(9277)58-53,5,мОЛоКО,4,11848.68,151.32,pRocESSING,Всё отлично!,2024/03/08,5859391550594828
2029944172651,2024-03-01 09:28:46,АННа СМИрнОвА,+7(9277)58-53,1,коРМ ДлЯ соБаК,2,891.11,108.89,procESsING,Всё отлично!,2024/03/08,5859391550594828
2029944172651,2024-03-01 09:28:46,АННа СМИрнОвА,+7(9277)58-53,4,пОДПИсКа нА ГАЗЕТу,3,1519.65,280.35,PrOcessiNG,Всё отлично!,2024/03/08,5859391550594828
2029944171807,2024/03/03 22:40:10,еЛЕНА НовикОвА,8(9353) 94-82,3,аМуниЦиЯ дЛя СобаК,3,3096.22,503.78,cANceLLEd,Проверить наличие,2024/03/12,0305713695375377
2029944171807,2024/03/03 22:40:10,еЛЕНА НовикОвА,8(9353) 94-82,5,мОЛоко,2,5103.76,896.24,cAnCELLED,Проверить наличие,2024/03/12,0305713695375377
2029944170715,31.03.2024 21:48,иВАН ИВанОВ,+7(9682)78-19,2,ИГРУШка мЯЧ,5,1251.04,248.96,proCessING,спасибо за заказ,2024-03-25,5608625325866298
2029944170715,31.03.2024 21:48,иВАН ИВанОВ,+7(9682)78-19,3,аМуНИЦИя дЛя соБАК,5,4807.8,1192.2,PROcESsInG,спасибо за заказ,2024-03-25,5608625325866298
2029944170715,31.03.2024 21:48,иВАН ИВанОВ,+7(9682)78-19,2,игрУШкА мяч,3,854.95,45.05,PROCeSsING,спасибо за заказ,2024-03-25,5608625325866298
2029944169732,2024-03-07 12:52:40,дмИТРИй кузНЕцОв,+7(9084)82-53,4,подпискА НА газЕту,3,1760.82,39.18,caNCelLeD,Всё отлично!,2024/03/22,3822222001501757
2029944169732,2024-03-07 12:52:40,дмИТРИй кузНЕцОв,+7(9084)82-53,4,ПОдпИска на гАЗету,3,1736.91,63.09,caNCELlEd,Всё отлично!,2024/03/22,3822222001501757
2029944169732,2024-03-07 12:52:40,дмИТРИй кузНЕцОв,+7(9084)82-53,4,пОдпИсКа на Газету,4,1944.18,455.82,CaNcELlED,Всё отлично!,2024/03/22,3822222001501757
2029944168207,2024/03/07 20:55:26,МиХАил ОРЛоВ,8(9527) 58-65,3,АМУниЦИЯ дЛя сОбАК,2,2064.27,335.73,COmPlEteD,"Задержка с доставкой, печалька...",2024-03-31,1315203128327007
2029944168207,2024/03/07 20:55:26,МиХАил ОРЛоВ,8(9527) 58-65,1,Корм для соБак,3,1439.93,60.07,cOmPLeted,"Задержка с доставкой, печалька...",2024-03-31,1315203128327007
2029944168207,2024/03/07 20:55:26,МиХАил ОРЛоВ,8(9527) 58-65,3,аМунИция дЛЯ СобаК,3,3240.31,359.69,cOmplEted,"Задержка с доставкой, печалька...",2024-03-31,1315203128327007
2029944168207,2024/03/07 20:55:26,МиХАил ОРЛоВ,8(9527) 58-65,1,кОРМ ДЛя собаК,4,1788.66,211.34,cOmPLEtED,"Задержка с доставкой, печалька...",2024-03-31,1315203128327007
2029944168207,2024/03/07 20:55:26,МиХАил ОРЛоВ,8(9527) 58-65,5,МоЛОко,5,13597.51,1402.49,compLeTeD,"Задержка с доставкой, печалька...",2024-03-31,1315203128327007
2029944167550,2024-03-22 03:34:01,еЛеНа НОвиКоВа,+7 9246 79 18,1,кОРМ дЛЯ сОБАк,5,2276.94,223.06,CANCELLeD,Всё отлично!,14.03.2024,7111237958980829
2029944167550,2024-03-22 03:34:01,еЛеНа НОвиКоВа,+7 9246 79 18,5,моЛОКО,5,13883.81,1116.19,CanCelLED,Всё отлично!,14.03.2024,7111237958980829
2029944166383,2024-03-20 15:32:56,дмитРИй кУзНецОв,8(9999) 26-48,1,КОРм ДЛя соБаК,4,1774.21,225.79,CoMPleTeD,"Задержка с доставкой, печалька...",2024/03/18,0485123639956156
2029944166383,2024-03-20 15:32:56,дмитРИй кУзНецОв,8(9999) 26-48,5,мОлОКо,3,7394.76,1605.24,ComPleTeD,"Задержка с доставкой, печалька...",2024/03/18,0485123639956156
2029944165411,2024-03-30 09:09:00,наТАлья ВАсиЛЬеВА,+7 9048 87 06,4,поДпИска На ГАЗеТу,2,1018.37,181.63,COmPLetEd,спасибо за заказ,2024/03/07,6244559741512379
2029944165411,2024-03-30 09:09:00,наТАлья ВАсиЛЬеВА,+7 9048 87 06,3,аМУНИцИя ДлЯ сОбАк,3,2930.55,669.45,ComPletED,спасибо за заказ,2024/03/07,6244559741512379
2029944164408,2024/03/09 21:20:06,аЛЕКСЕЙ мИХайлОв,+7(9813)79-36,1,КОрМ дЛя соБак,4,1795.92,204.08,CaNCeLLeD,подарок вовремя,20.03.2024,6911649641162063
2029944164408,2024/03/09 21:20:06,аЛЕКСЕЙ мИХайлОв,+7(9813)79-36,1,КОрМ ДЛЯ сОбАК,4,1817.54,182.46,cANCelLeD,подарок вовремя,20.03.2024,6911649641162063
2029944163565,2024-03-22 14:53:49,иВан иВАнов,+7 9798 11 15,4,ПоДпИскА НА гаЗЕту,4,2031.38,368.62,cANcelLed,Всё отлично!,25.03.2024,8299251084946050
2029944163565,2024-03-22 14:53:49,иВан иВАнов,+7 9798 11 15,3,аМУнИцИя ДЛЯ соБаК,3,3155.48,444.52,cAnCElled,Всё отлично!,25.03.2024,8299251084946050
2029944163565,2024-03-22 14:53:49,иВан иВАнов,+7 9798 11 15,4,пОДПиска НА ГазЕтУ,1,503.84,96.16,canCelled,Всё отлично!,25.03.2024,8299251084946050
2029944163565,2024-03-22 14:53:49,иВан иВАнов,+7 9798 11 15,5,моЛоКО,5,12828.33,2171.67,caNcELLeD,Всё отлично!,25.03.2024,8299251084946050
2029944163565,2024-03-22 14:53:49,иВан иВАнов,+7 9798 11 15,5,мОЛоко,2,5422.73,577.27,caNCELlEd,Всё отлично!,25.03.2024,8299251084946050
2029944162938,05.03.2024 14:45,ОЛЬгА КУЗнЕцова,8(9536) 87-93,3,аМунИЦиЯ ДлЯ сОбАК,3,3115.4,484.6,cANCeLleD,Ждём с нетерпением!,2024-03-01,6483857918730021
2029944162938,05.03.2024 14:45,ОЛЬгА КУЗнЕцова,8(9536) 87-93,3,АМунИЦИЯ ДЛЯ сОбАК,5,5485.72,514.28,caNceLled,Ждём с нетерпением!,2024-03-01,6483857918730021
2029944162938,05.03.2024 14:45,ОЛЬгА КУЗнЕцова,8(9536) 87-93,1,КоРм дЛЯ сОБак,1,492.34,7.66,canCelLEd,Ждём с нетерпением!,2024-03-01,6483857918730021
2029944161160,06.03.2024 20:48,НатАлья васИльЕвА,+7 9914 45 76,5,МолОко,3,8445.85,554.15,prOCesSiNG,спасибо за заказ,07.03.2024,2928335725953191
2029944161160,06.03.2024 20:48,НатАлья васИльЕвА,+7 9914 45 76,4,ПОДПиСкА На ГАзЕтУ,5,2959.26,40.74,pROCesSInG,спасибо за заказ,07.03.2024,2928335725953191
2029944161160,06.03.2024 20:48,НатАлья васИльЕвА,+7 9914 45 76,1,кОрМ для собАк,3,1429.54,70.46,PrOcEsSInG,спасибо за заказ,07.03.2024,2928335725953191
2029944160278,2024-03-17 03:29:46,натАльЯ ВаСИльЕВа,+7 9126 49 44,1,коРм длЯ собаК,3,1460.8,39.2,COMpLETed,спасибо за заказ,2024-03-23,4167752622335629
2029944160278,2024-03-17 03:29:46,натАльЯ ВаСИльЕВа,+7 9126 49 44,3,АМУницИЯ дЛя СоБАк,5,5572.63,427.37,cOMPLEtEd,спасибо за заказ,2024-03-23,4167752622335629
2029944160278,2024-03-17 03:29:46,натАльЯ ВаСИльЕВа,+7 9126 49 44,3,АмуницИЯ длЯ СобаК,4,3913.82,886.18,comPLETeD,спасибо за заказ,2024-03-23,4167752622335629
2029944159800,2024/03/06 22:53:06,ОЛьГА кУЗнеЦОва,8(9769) 28-97,3,аМунИЦИя дЛЯ СОБаК,4,4005.62,794.38,CANCELlEd,Ждём с нетерпением!,2024-03-09,9010138853342410
2029944159800,2024/03/06 22:53:06,ОЛьГА кУЗнеЦОва,8(9769) 28-97,2,ИгрушКА мяЧ,2,578.24,21.76,caNceLLed,Ждём с нетерпением!,2024-03-09,9010138853342410
2029944158235,2024/03/04 04:51:56,мариЯ пЕтРоВА,8(9752) 24-19,2,иГруШКа МЯч,2,487.64,112.36,ComPLEtEd,Ждём с нетерпением!,2024/03/01,9017535741184981
2029944158235,2024/03/04 04:51:56,мариЯ пЕтРоВА,8(9752) 24-19,4,ПоДписКА На газЕту,1,598.15,1.85,CompLEtEd,Ждём с нетерпением!,2024/03/01,9017535741184981
2029944158235,2024/03/04 04:51:56,мариЯ пЕтРоВА,8(9752) 24-19,4,ПОДПиСКа На гАЗЕТУ,1,561.26,38.74,comPlEtED,Ждём с нетерпением!,2024/03/01,9017535741184981
2029944157437,2024-03-26 09:06:02,ДмИТРИЙ КУзНецОВ,+7 9581 60 54,4,подпИска НА гАзетУ,4,2335.85,64.15,PRoCeSSING,"Задержка с доставкой, печалька...",18.03.2024,4908571576477950
2029944157437,2024-03-26 09:06:02,ДмИТРИЙ КУзНецОВ,+7 9581 60 54,4,поДПиСкА нА ГАЗеТУ,5,2541.06,458.94,ProCessINg,"Задержка с доставкой, печалька...",18.03.2024,4908571576477950
2029944157437,2024-03-26 09:06:02,ДмИТРИЙ КУзНецОВ,+7 9581 60 54,2,ИгрушКа мЯч,1,266.49,33.51,pROCessInG,"Задержка с доставкой, печалька...",18.03.2024,4908571576477950
2029944156664,2024/03/04 01:18:11,НАтаЛьЯ вАсИльева,+7 9805 92 29,5,МолОко,5,12188.63,2811.37,cANcelled,Ждём с нетерпением!,2024/03/04,3613109162316541
2029944156664,2024/03/04 01:18:11,НАтаЛьЯ вАсИльева,+7 9805 92 29,1,коРм Для СОБАк,2,980.97,19.03,cANceLLeD,Ждём с нетерпением!,2024/03/04,3613109162316541
2029944156664,2024/03/04 01:18:11,НАтаЛьЯ вАсИльева,+7 9805 92 29,3,АМуНиЦия Для собАК,3,2881.14,718.86,CaNCELLEd,Ждём с нетерпением!,2024/03/04,3613109162316541
2029944156664,2024/03/04 01:18:11,НАтаЛьЯ вАсИльева,+7 9805 92 29,4,пОдписКА НА Газету,1,533.23,66.77,cAncELLeD,Ждём с нетерпением!,2024/03/04,3613109162316541
2029944155828,04.03.2024 02:21,еЛЕНА НОВиКОва,8(9629) 04-61,4,подпискА НА гаЗЕтУ,5,2546.81,453.19,pRocEsSiNg,Нужно уточнить сроки,31.03.2024,8150355050097670
2029944155828,04.03.2024 02:21,еЛЕНА НОВиКОва,8(9629) 04-61,5,МолОко,3,8150.78,849.22,ProcEsSinG,Нужно уточнить сроки,31.03.2024,8150355050097670
2029944154204,2024-03-01 19:19:36,аННА СмирНОВА,8(9358) 07-11,5,МОлОКо,1,2892.44,107.56,canCElled,спасибо за заказ,2024-03-08,8305713796373448
2029944154204,2024-03-01 19:19:36,аННА СмирНОВА,8(9358) 07-11,5,мОЛОКо,3,7356.95,1643.05,CaNCELLed,спасибо за заказ,2024-03-08,8305713796373448
2029944154204,2024-03-01 19:19:36,аННА СмирНОВА,8(9358) 07-11,3,аМУнИциЯ для СобАк,4,4071.6,728.4,caNcEllED,спасибо за заказ,2024-03-08,8305713796373448
2029944154204,2024-03-01 19:19:36,аННА СмирНОВА,8(9358) 07-11,4,поДПИСка НА ГаЗеТУ,2,1077.82,122.18,CaNCeLLEd,спасибо за заказ,2024-03-08,8305713796373448
2029944153686,21.03.2024 14:12,еленА Новикова,+7(9649)41-92,1,КОрм для СоБАК,4,1761.3,238.7,cANceLlED,Проверить наличие,2024/03/30,2688688748753696
2029944153686,21.03.2024 14:12,еленА Новикова,+7(9649)41-92,2,иГРУшка мЯч,1,265.65,34.35,CANcellED,Проверить наличие,2024/03/30,2688688748753696
2029944153686,21.03.2024 14:12,еленА Новикова,+7(9649)41-92,3,аМунИЦИя ДЛя соБаК,1,1073.16,126.84,canCELlED,Проверить наличие,2024/03/30,2688688748753696
2029944153686,21.03.2024 14:12,еленА Новикова,+7(9649)41-92,5,молоКО,5,13651.67,1348.33,CanCElLeD,Проверить наличие,2024/03/30,2688688748753696
2029944152668,2024/03/20 06:08:22,ОЛьга куЗНЕцОВА,8(9258) 07-22,1,КОРм Для соБАК,3,1379.77,120.23,PrOcesSinG,Проверить наличие,11.03.2024,8105262506910095
2029944152668,2024/03/20 06:08:22,ОЛьга куЗНЕцОВА,8(9258) 07-22,4,ПодПИсКа нА гАЗету,3,1483.34,316.66,PROcEssiNG,Проверить наличие,11.03.2024,8105262506910095
2029944152668,2024/03/20 06:08:22,ОЛьга куЗНЕцОВА,8(9258) 07-22,2,Игрушка МЯч,4,1052.9,147.1,ProCEssinG,Проверить наличие,11.03.2024,8105262506910095
2029944152668,2024/03/20 06:08:22,ОЛьга куЗНЕцОВА,8(9258) 07-22,1,КоРм Для собАк,4,1830.68,169.32,procEsSIng,Проверить наличие,11.03.2024,8105262506910095
2029944151596,17.03.2024 14:27,ЕЛеНа НоВИкОва,8(9737) 96-47,1,корМ ДЛЯ СоБаК,4,1951.39,48.61,CAnceLlED,Нужно уточнить сроки,2024-03-24,2979687277476082
2029944151596,17.03.2024 14:27,ЕЛеНа НоВИкОва,8(9737) 96-47,1,КорМ ДЛя СОбАК,3,1402.78,97.22,caNCeLled,Нужно уточнить сроки,2024-03-24,2979687277476082
2029944150719,2024/03/16 18:29:49,ИваН иВАНов,8(9810) 69-26,4,ПОдпИСКА НА ГазЕТУ,2,1061.35,138.65,CaNceLLed,Нужно уточнить сроки,15.03.2024,3328596188786983
2029944150719,2024/03/16 18:29:49,ИваН иВАНов,8(9810) 69-26,2,иГруШКа мЯЧ,1,261.29,38.71,CancelLED,Нужно уточнить сроки,15.03.2024,3328596188786983
2029944149996,2024-03-25 17:40:47,дмитРий КузНеЦов,+7 9688 89 79,5,молОкО,2,4995.92,1004.08,caNCElLED,спасибо за заказ,2024/03/25,3628339837118238
2029944149996,2024-03-25 17:40:47,дмитРий КузНеЦов,+7 9688 89 79,1,Корм ДЛя соБАк,5,2449.98,50.02,CanCellED,спасибо за заказ,2024/03/25,3628339837118238
2029944148230,02.03.2024 07:39,МаРия пеТРоВа,+7(9256)89-25,3,амУНИция ДЛя соБАк,1,1087.02,112.98,cAnCelleD,Всё отлично!,2024-03-20,5951679609417025
2029944148230,02.03.2024 07:39,МаРия пеТРоВа,+7(9256)89-25,4,ПОдПИсКа нА ГАзету,5,2415.1,584.9,caNCelLEd,Всё отлично!,2024-03-20,5951679609417025
2029944147795,2024-03-19 15:45:07,СЕрГЕй сидоРоВ,8(9087) 38-27,2,игРУШкА МЯЧ,2,491.58,108.42,ComPLETed,Проверить наличие,01.03.2024,2833024522412158
2029944146642,31.03.2024 13:38,сЕрГей сИдОроВ,+7 9045 00 22,1,КоРм ДлЯ собаК,2,920.08,79.92,cOMPLEtEd,Всё отлично!,20.03.2024,0068435738397668
2029944145294,2024-03-21 09:52:41,мИхАИЛ оРлоВ,8(9611) 84-47,4,ПоДПИсКа На гАзЕту,2,1072.99,127.01,cAncELlEd,"Задержка с доставкой, печалька...",2024-03-11,5149230899423405
2029944144340,18.03.2024 18:58,Елена новИкова,+7(9864)13-94,3,АМУниция дЛя СОбаК,3,3248.48,351.52,cOmPLEtEd,Нужно уточнить сроки,2024/03/13,7432818894595476
2029944144340,18.03.2024 18:58,Елена новИкова,+7(9864)13-94,5,молоко,2,5558.43,441.57,cOmPLETeD,Нужно уточнить сроки,2024/03/13,7432818894595476
2029944144340,18.03.2024 18:58,Елена новИкова,+7(9864)13-94,1,коРМ дЛЯ СоБак,2,992.08,7.92,cOMplETeD,Нужно уточнить сроки,2024/03/13,7432818894595476
2029944144340,18.03.2024 18:58,Елена новИкова,+7(9864)13-94,4,подПИсКа на ГАЗЕту,2,1091.38,108.62,COmPLEteD,Нужно уточнить сроки,2024/03/13,7432818894595476
2029944144340,18.03.2024 18:58,Елена новИкова,+7(9864)13-94,4,ПоДпИСКА НА ГАзету,4,2213.78,186.22,CoMPlETEd,Нужно уточнить сроки,2024/03/13,7432818894595476
2029944143201,2024-03-28 02:23:10,СЕргей сидоРоВ,+7 9645 62 91,4,ПоДПИСкА на ГАЗету,1,536.76,63.24,PROCeSsINg,подарок вовремя,04.03.2024,7461179825455503
2029944143201,2024-03-28 02:23:10,СЕргей сидоРоВ,+7 9645 62 91,3,аМуницИя ДлЯ СОбаК,1,1092.93,107.07,prOCeSsIng,подарок вовремя,04.03.2024,7461179825455503
2029944143201,2024-03-28 02:23:10,СЕргей сидоРоВ,+7 9645 62 91,4,подПИсКа на газЕТу,1,581.94,18.06,PROcEsSinG,подарок вовремя,04.03.2024,7461179825455503
2029944143201,2024-03-28 02:23:10,СЕргей сидоРоВ,+7 9645 62 91,2,иГрУШка мяч,2,515.2,84.8,pRocessiNg,подарок вовремя,04.03.2024,7461179825455503
2029944143201,2024-03-28 02:23:10,СЕргей сидоРоВ,+7 9645 62 91,3,амУнИЦия дЛя СОБАК,3,2898.76,701.24,ProCeSSINg,подарок вовремя,04.03.2024,7461179825455503
2029944142171,2024/03/10 11:27:14,дмитРиЙ куЗнЕЦоВ,+7 9150 81 24,5,мОлоКо,5,12970.51,2029.49,cOmPleTEd,Нужно уточнить сроки,21.03.2024,2066806359994135
2029944141671,15.03.2024 16:34,НАТАЛья ВАсИльева,+7(9377)95-22,1,КоРм дЛЯ СОбаК,3,1324.68,175.32,pROCessING,"Задержка с доставкой, печалька...",2024/03/20,9699876335340113
2029944140815,2024/03/26 19:36:25,дМитРИЙ кУЗНеЦов,+7(9495)93-19,4,ПоДПиСКА НА гАЗеТУ,1,506.06,93.94,cOMPleTeD,подарок вовремя,04.03.2024,5145307061216575
2029944140815,2024/03/26 19:36:25,дМитРИЙ кУЗНеЦов,+7(9495)93-19,3,АМУнИцИя для СОБАК,5,5970.88,29.12,cOmPLeteD,подарок вовремя,04.03.2024,5145307061216575
2029944140815,2024/03/26 19:36:25,дМитРИЙ кУЗНеЦов,+7(9495)93-19,1,КОРм Для СОбАк,5,2426.72,73.28,cOmpLETEd,подарок вовремя,04.03.2024,5145307061216575
2029944140815,2024/03/26 19:36:25,дМитРИЙ кУЗНеЦов,+7(9495)93-19,2,ИГрУшКА Мяч,3,743.5,156.5,coMpLeTEd,подарок вовремя,04.03.2024,5145307061216575
2029944140815,2024/03/26 19:36:25,дМитРИЙ кУЗНеЦов,+7(9495)93-19,3,амунИЦИЯ ДЛя СОБаК,4,3940.55,859.45,CompLETEd,подарок вовремя,04.03.2024,5145307061216575
2029944139242,2024-03-24 15:58:59,НатАльЯ ВасиЛЬЕвА,+7 9673 08 40,2,ИГрУшКА Мяч,5,1291.75,208.25,cAnCeLLED,Всё отлично!,14.03.2024,4577558990701383
2029944138100,2024-03-05 19:08:25,ИВаН ИваНов,+7(9285)50-85,4,подпИСКА НА гАзетУ,1,500.35,99.65,ProcEssiNG,Нужно уточнить сроки,2024-03-21,7551620807968975
2029944137961,24.03.2024 16:29,еЛЕнА НоВИКОВа,+7(9654)40-34,3,АМУниЦиЯ ДЛя сОбак,2,2323.28,76.72,CancEllEd,"Задержка с доставкой, печалька...",2024/03/28,9093807337674043
2029944137961,24.03.2024 16:29,еЛЕнА НоВИКОВа,+7(9654)40-34,2,иГРУшкА МяЧ,4,1123.14,76.86,CANceLlEd,"Задержка с доставкой, печалька...",2024/03/28,9093807337674043
2029944137961,24.03.2024 16:29,еЛЕнА НоВИКОВа,+7(9654)40-34,5,МОЛОКО,5,13648.42,1351.58,canCELled,"Задержка с доставкой, печалька...",2024/03/28,9093807337674043
2029944137961,24.03.2024 16:29,еЛЕнА НоВИКОВа,+7(9654)40-34,1,кОРМ для сОБак,1,471.59,28.41,CAnCeLlEd,"Задержка с доставкой, печалька...",2024/03/28,9093807337674043
2029944136277,2024-03-16 17:23:40,сеРгей сИдОрОВ,+7 9314 75 59,3,аМУНиция ДЛЯ СОБАк,4,4744.41,55.59,caNCEllED,Нужно уточнить сроки,07.03.2024,7911185863309727
2029944136277,2024-03-16 17:23:40,сеРгей сИдОрОВ,+7 9314 75 59,2,иГРУШКа мяЧ,1,287.86,12.14,caNceLLED,Нужно уточнить сроки,07.03.2024,7911185863309727
2029944136277,2024-03-16 17:23:40,сеРгей сИдОрОВ,+7 9314 75 59,4,ПоДПиска нА ГАзетУ,3,1687.75,112.25,CanCELlEd,Нужно уточнить сроки,07.03.2024,7911185863309727
2029944136277,2024-03-16 17:23:40,сеРгей сИдОрОВ,+7 9314 75 59,3,АМунИция ДлЯ сОБаК,4,4625.38,174.62,CANcelled,Нужно уточнить сроки,07.03.2024,7911185863309727
2029944135412,2024-03-14 23:40:26,МАрия ПеТрОвА,8(9868) 17-77,2,иГРУшКа мяЧ,5,1318.71,181.29,CanCELLeD,"Задержка с доставкой, печалька...",2024/03/16,4777936291198813
2029944135412,2024-03-14 23:40:26,МАрия ПеТрОвА,8(9868) 17-77,3,АмуниЦия длЯ соБАК,5,4944.8,1055.2,CANCEllEd,"Задержка с доставкой, печалька...",2024/03/16,4777936291198813
2029944135412,2024-03-14 23:40:26,МАрия ПеТрОвА,8(9868) 17-77,2,иГрУшка мЯЧ,2,588.85,11.15,cancelLed,"Задержка с доставкой, печалька...",2024/03/16,4777936291198813
2029944134718,2024-03-06 22:40:04,маРИЯ ПеТРовА,+7(9796)58-38,1,кОРМ ДЛЯ сОБАК,4,1820.6,179.4,cOMpLEteD,Проверить наличие,2024/03/07,6320710825767853
2029944133111,2024/03/07 18:52:28,ДМИтрий КуЗНеЦоВ,8(9976) 67-08,3,АмуНИцИЯ ДЛя Собак,4,4283.87,516.13,cANcELlED,"Задержка с доставкой, печалька...",2024-03-28,3932898014953153
2029944133111,2024/03/07 18:52:28,ДМИтрий КуЗНеЦоВ,8(9976) 67-08,5,мОЛОКО,4,11047.94,952.06,CAnCeLLED,"Задержка с доставкой, печалька...",2024-03-28,3932898014953153
2029944133111,2024/03/07 18:52:28,ДМИтрий КуЗНеЦоВ,8(9976) 67-08,3,АМунИЦиЯ для СоБАК,5,5740.05,259.95,CanCeLLeD,"Задержка с доставкой, печалька...",2024-03-28,3932898014953153
2029944132845,2024-03-05 03:03:15,дмИтРиЙ кУЗНецов,+7 9610 32 66,4,ПОДПиСКА нА ГаЗЕТу,1,519.17,80.83,prOcESSing,Нужно уточнить сроки,2024-03-23,9534985464797013
2029944132845,2024-03-05 03:03:15,дмИтРиЙ кУЗНецов,+7 9610 32 66,2,иГрУШКа мяЧ,2,553.8,46.2,pROCEsSiNg,Нужно уточнить сроки,2024-03-23,9534985464797013
2029944132845,2024-03-05 03:03:15,дмИтРиЙ кУЗНецов,+7 9610 32 66,3,АМунИция ДлЯ СобАк,5,4878.54,1121.46,PrOcEsSinG,Нужно уточнить сроки,2024-03-23,9534985464797013
2029944132845,2024-03-05 03:03:15,дмИтРиЙ кУЗНецов,+7 9610 32 66,3,аМУНИцИЯ Для собаК,5,5024.35,975.65,PRoCESsInG,Нужно уточнить сроки,2024-03-23,9534985464797013
2029944132845,2024-03-05 03:03:15,дмИтРиЙ кУЗНецов,+7 9610 32 66,1,корМ длЯ соБак,4,1602.17,397.83,prOCeSsing,Нужно уточнить сроки,2024-03-23,9534985464797013
2029944131111,2024/03/04 10:04:04,елена нОВикОвА,8(9322) 85-70,2,ИГруШка МЯч,1,263.91,36.09,complETEd,Проверить наличие,2024-03-31,5566298264454694
2029944130266,21.03.2024 21:27,миХАиЛ ОРЛОв,8(9869) 76-21,2,игрушКА МЯч,4,1073.28,126.72,CAncelleD,спасибо за заказ,2024/03/20,9001508105158700
2029944129492,2024-03-26 11:29:27,елЕНА НОВиКОвА,8(9918) 78-04,1,КОрм ДЛя собаК,4,1901.15,98.85,pROCEsSiNg,Проверить наличие,06.03.2024,3916784065818398
2029944129492,2024-03-26 11:29:27,елЕНА НОВиКОвА,8(9918) 78-04,1,КорМ длЯ СОБак,1,415.67,84.33,pROcesSiNg,Проверить наличие,06.03.2024,3916784065818398
2029944128812,15.03.2024 18:30,ОЛЬгА куЗНецова,8(9386) 84-91,4,поДпиСка На ГазЕТу,5,2401.07,598.93,caNceLled,Проверить наличие,2024/03/02,0815222867167192
2029944128812,15.03.2024 18:30,ОЛЬгА куЗНецова,8(9386) 84-91,2,иГРуШКа мяч,5,1443.63,56.37,cAnceLled,Проверить наличие,2024/03/02,0815222867167192
2029944128812,15.03.2024 18:30,ОЛЬгА куЗНецова,8(9386) 84-91,3,амуницИя ДЛЯ СОбАк,1,1184.02,15.98,caNCelLEd,Проверить наличие,2024/03/02,0815222867167192
2029944127200,25.03.2024 07:15,МИХаИл орЛоВ,+7 9829 81 02,3,АмУНИцИя дЛЯ СОБак,4,3846.59,953.41,PRoCESSing,подарок вовремя,2024-03-24,0609124833595373
2029944127200,25.03.2024 07:15,МИХаИл орЛоВ,+7 9829 81 02,4,пОДпискА На газЕТУ,2,1135.93,64.07,pROCEsSIng,подарок вовремя,2024-03-24,0609124833595373
2029944127200,25.03.2024 07:15,МИХаИл орЛоВ,+7 9829 81 02,3,АмУНИцИЯ дЛя СОбАК,1,1186.48,13.52,ProcesSInG,подарок вовремя,2024-03-24,0609124833595373
2029944126154,2024-03-01 02:34:08,МиХаИЛ ОРлов,+7(9475)14-97,1,кОРМ ДЛЯ соБАк,3,1206.54,293.46,cOmplEtED,спасибо за заказ,2024/03/04,8021232914464055
2029944126154,2024-03-01 02:34:08,МиХаИЛ ОРлов,+7(9475)14-97,5,МОЛОкО,1,2748.3,251.7,COMPLeTeD,спасибо за заказ,2024/03/04,8021232914464055
2029944125621,14.03.2024 04:39,МаРиЯ ПеТроВА,8(9446) 58-15,3,АмуНиЦия ДЛя СоБаК,5,5700.22,299.78,comPLeTED,Нужно уточнить сроки,2024-03-12,1079405740295372
2029944125621,14.03.2024 04:39,МаРиЯ ПеТроВА,8(9446) 58-15,3,амуницИя Для СОбак,5,5994.74,5.26,coMpLeTed,Нужно уточнить сроки,2024-03-12,1079405740295372
2029944125621,14.03.2024 04:39,МаРиЯ ПеТроВА,8(9446) 58-15,1,корМ ДлЯ СоБаК,5,2240.23,259.77,coMPLETed,Нужно уточнить сроки,2024-03-12,1079405740295372
2029944125621,14.03.2024 04:39,МаРиЯ ПеТроВА,8(9446) 58-15,2,ИГрУШка МЯЧ,3,839.98,60.02,coMPlEtED,Нужно уточнить сроки,2024-03-12,1079405740295372
2029944125621,14.03.2024 04:39,МаРиЯ ПеТроВА,8(9446) 58-15,3,амуНиЦиЯ Для сОбАК,2,2387.92,12.08,coMpLEted,Нужно уточнить сроки,2024-03-12,1079405740295372
2029944124684,2024-03-29 19:20:26,МариЯ пЕТрОВА,+7(9843)15-05,4,ПОДпиСкА нА гАзЕТу,3,1561.13,238.87,COmplETEd,подарок вовремя,2024/03/14,9965652370502131
2029944124684,2024-03-29 19:20:26,МариЯ пЕТрОВА,+7(9843)15-05,4,подписКА На ГаЗЕТУ,5,2778.92,221.08,ComPlETED,подарок вовремя,2024/03/14,9965652370502131
2029944123571,26.03.2024 00:38,михАил орЛОв,8(9463) 25-12,2,иГрУШкА мяЧ,4,1018.66,181.34,canCEllED,"Задержка с доставкой, печалька...",2024/03/08,8014788083384085
2029944123571,26.03.2024 00:38,михАил орЛОв,8(9463) 25-12,3,аМУницИЯ ДлЯ СОБаК,3,3107.3,492.7,cANCELLeD,"Задержка с доставкой, печалька...",2024/03/08,8014788083384085
2029944123571,26.03.2024 00:38,михАил орЛОв,8(9463) 25-12,2,ИГрушкА МЯЧ,3,778.62,121.38,CANCellED,"Задержка с доставкой, печалька...",2024/03/08,8014788083384085
2029944123571,26.03.2024 00:38,михАил орЛОв,8(9463) 25-12,2,игРУШКА мЯч,5,1235.23,264.77,canCELled,"Задержка с доставкой, печалька...",2024/03/08,8014788083384085
2029944123571,26.03.2024 00:38,михАил орЛОв,8(9463) 25-12,2,ИГрушКа МЯч,1,262.73,37.27,CAnceLLed,"Задержка с доставкой, печалька...",2024/03/08,8014788083384085
2029944122840,2024/03/25 15:41:02,МИХаИл орлОВ,8(9791) 43-37,2,ИгрушКа мЯч,4,1180.0,20.0,PROCesSING,Ждём с нетерпением!,2024-03-25,0041794205790076
2029944122840,2024/03/25 15:41:02,МИХаИл орлОВ,8(9791) 43-37,5,мОЛоко,4,9651.19,2348.81,ProCesSiNg,Ждём с нетерпением!,2024-03-25,0041794205790076
2029944122840,2024/03/25 15:41:02,МИХаИл орлОВ,8(9791) 43-37,2,иГрУШКа мяЧ,4,980.66,219.34,ProcESsIng,Ждём с нетерпением!,2024-03-25,0041794205790076
2029944122840,2024/03/25 15:41:02,МИХаИл орлОВ,8(9791) 43-37,3,АмУницИя ДЛя собАк,2,2147.54,252.46,ProcESsInG,Ждём с нетерпением!,2024-03-25,0041794205790076
2029944121126,2024-03-15 03:49:38,дМИтРий КуЗНеЦОв,+7 9215 86 02,2,ИгрушКа мяч,5,1245.42,254.58,PrOCEssiNG,Ждём с нетерпением!,30.03.2024,3820479587671725
2029944121126,2024-03-15 03:49:38,дМИтРий КуЗНеЦОв,+7 9215 86 02,1,кОРм длЯ СОбАК,2,996.46,3.54,pROCESsING,Ждём с нетерпением!,30.03.2024,3820479587671725
2029944121126,2024-03-15 03:49:38,дМИтРий КуЗНеЦОв,+7 9215 86 02,2,ИГруШКА Мяч,2,492.4,107.6,ProCeSsIng,Ждём с нетерпением!,30.03.2024,3820479587671725
2029944121126,2024-03-15 03:49:38,дМИтРий КуЗНеЦОв,+7 9215 86 02,1,корМ для СОбАк,2,808.79,191.21,pROcEssiNG,Ждём с нетерпением!,30.03.2024,3820479587671725
2029944120582,25.03.2024 21:55,АлеКсЕЙ МИХАЙлОв,8(9945) 93-22,2,игрУШкА мяЧ,2,486.44,113.56,PrOcEssINg,Всё отлично!,2024/03/11,3313939626653300
2029944120582,25.03.2024 21:55,АлеКсЕЙ МИХАЙлОв,8(9945) 93-22,3,аМуНиция ДлЯ СОБак,5,5147.83,852.17,prOceSSinG,Всё отлично!,2024/03/11,3313939626653300
2029944120582,25.03.2024 21:55,АлеКсЕЙ МИХАЙлОв,8(9945) 93-22,5,моЛоко,4,10400.26,1599.74,PROCeSSiNG,Всё отлично!,2024/03/11,3313939626653300
2029944120582,25.03.2024 21:55,АлеКсЕЙ МИХАЙлОв,8(9945) 93-22,5,МОЛокО,4,11024.84,975.16,ProCESSING,Всё отлично!,2024/03/11,3313939626653300
2029944119807,15.03.2024 04:00,ИВАН ИВАНОв,+7(9993)03-94,1,КорМ Для СоБАк,5,2020.56,479.44,pRoCESsInG,Проверить наличие,2024-03-09,9331399299440490
2029944118837,2024-03-03 05:44:33,ИвАн иВаноВ,8(9342) 06-60,1,корм ДЛя СОБак,3,1281.96,218.04,cOMPLETEd,Нужно уточнить сроки,2024/03/06,1537605485534094
2029944118837,2024-03-03 05:44:33,ИвАн иВаноВ,8(9342) 06-60,3,амуниЦИЯ дЛЯ сОбаК,1,1039.67,160.33,cOmpletEd,Нужно уточнить сроки,2024/03/06,1537605485534094
2029944117230,20.03.2024 00:44,нАтАЛЬя вАСИлЬЕвА,+7(9626)49-84,2,ИГРушка МЯЧ,5,1212.86,287.14,comPLeTED,Всё отлично!,2024/03/15,5284449654581916
2029944116581,2024/03/04 21:16:42,оЛЬГа кУзнецоВа,8(9446) 78-22,2,ИгрушкА МЯЧ,3,822.48,77.52,PROCeSsing,"Задержка с доставкой, печалька...",25.03.2024,5368513091944851
2029944116581,2024/03/04 21:16:42,оЛЬГа кУзнецоВа,8(9446) 78-22,5,МОлОКо,3,8409.82,590.18,pROCesSiNg,"Задержка с доставкой, печалька...",25.03.2024,5368513091944851
2029944115710,2024-03-20 20:22:44,ОЛьГа кУЗнецовА,+7(9916)98-43,1,кОРм Для СоБАк,5,2400.82,99.18,CoMPlETED,Проверить наличие,2024/03/05,0439121495575403
2029944115710,2024-03-20 20:22:44,ОЛьГа кУЗнецовА,+7(9916)98-43,1,кОРм для сОБак,2,957.7,42.3,CoMPlEteD,Проверить наличие,2024/03/05,0439121495575403
2029944115710,2024-03-20 20:22:44,ОЛьГа кУЗнецовА,+7(9916)98-43,3,АмуНиЦИЯ ДЛЯ сОбаК,4,4779.82,20.18,cOmpleTeD,Проверить наличие,2024/03/05,0439121495575403
2029944115710,2024-03-20 20:22:44,ОЛьГа кУЗнецовА,+7(9916)98-43,1,Корм ДЛя СоБАк,2,869.17,130.83,cOmPLeTED,Проверить наличие,2024/03/05,0439121495575403
2029944114592,09.03.2024 14:34,ОЛЬГа кУЗНЕЦОВа,+7(9601)52-97,4,поДПИска На гАЗЕТу,2,978.75,221.25,pRoCESSINg,подарок вовремя,11.03.2024,6704118430991808
2029944114592,09.03.2024 14:34,ОЛЬГа кУЗНЕЦОВа,+7(9601)52-97,1,КоРм дЛя собаК,2,910.16,89.84,pRocesSING,подарок вовремя,11.03.2024,6704118430991808
2029944114592,09.03.2024 14:34,ОЛЬГа кУЗНЕЦОВа,+7(9601)52-97,5,МОлОко,1,2856.08,143.92,ProCesSiNG,подарок вовремя,11.03.2024,6704118430991808
2029944113434,24.03.2024 23:55,АлеКСЕй МихаЙлОв,+7(9162)40-10,1,Корм ДлЯ собак,1,456.85,43.15,CANcelled,"Задержка с доставкой, печалька...",2024/03/08,0928232431301654
2029944113434,24.03.2024 23:55,АлеКСЕй МихаЙлОв,+7(9162)40-10,2,ИГрУШКа мяЧ,3,736.67,163.33,cAncELlED,"Задержка с доставкой, печалька...",2024/03/08,0928232431301654
2029944112508,23.03.2024 12:19,нАТалЬя ВаСИЛьевА,+7 9130 92 69,1,кОРм ДлЯ соБАк,1,443.54,56.46,caNCELLed,Ждём с нетерпением!,2024/03/31,5622618972625579
2029944112508,23.03.2024 12:19,нАТалЬя ВаСИЛьевА,+7 9130 92 69,4,пОДпИСкА на гаЗЕту,4,2329.77,70.23,cANCeLLEd,Ждём с нетерпением!,2024/03/31,5622618972625579
2029944112508,23.03.2024 12:19,нАТалЬя ВаСИЛьевА,+7 9130 92 69,4,ПоДПИсКА На ГаЗеТу,2,1029.74,170.26,cANcellED,Ждём с нетерпением!,2024/03/31,5622618972625579
2029944112508,23.03.2024 12:19,нАТалЬя ВаСИЛьевА,+7 9130 92 69,1,кОрм ДЛЯ Собак,1,466.92,33.08,cAnCeLLed,Ждём с нетерпением!,2024/03/31,5622618972625579
2029944111216,2024/03/18 12:18:24,ольГа кУЗНЕцОвА,+7 9352 03 37,1,кОрМ дЛя СОбАк,2,819.26,180.74,ProcessiNG,"Задержка с доставкой, печалька...",2024-03-12,6662737710172312
2029944111216,2024/03/18 12:18:24,ольГа кУЗНЕцОвА,+7 9352 03 37,2,иГРУшкА МЯЧ,3,848.07,51.93,pRoceSsing,"Задержка с доставкой, печалька...",2024-03-12,6662737710172312
2029944110719,2024-03-13 17:50:14,ЕлеНа нОВикОВА,+7(9269)89-12,3,амУНициЯ для СОБаК,1,1109.78,90.22,CAnCeLlED,Ждём с нетерпением!,2024/03/05,3683867582762796
2029944110719,2024-03-13 17:50:14,ЕлеНа нОВикОВА,+7(9269)89-12,2,ИГруШкА мяч,1,254.92,45.08,cAncELled,Ждём с нетерпением!,2024/03/05,3683867582762796
2029944110719,2024-03-13 17:50:14,ЕлеНа нОВикОВА,+7(9269)89-12,2,ИгрУШКа Мяч,4,1164.38,35.62,cANCellEd,Ждём с нетерпением!,2024/03/05,3683867582762796
2029944109840,2024/03/20 10:25:08,НАТальЯ вАСиЛЬева,8(9600) 97-21,4,ПОДПИСКА нА гАзЕТУ,4,2043.52,356.48,ProCESSIng,Проверить наличие,2024/03/12,5528294117668360
2029944108663,2024/03/21 13:51:46,сЕргЕй СиДОрОв,+7 9732 99 41,1,кОрМ дЛя соБАк,4,1661.66,338.34,proCesSing,"Задержка с доставкой, печалька...",2024-03-21,2290012630821261
2029944108663,2024/03/21 13:51:46,сЕргЕй СиДОрОв,+7 9732 99 41,3,аМУниЦия дЛЯ собАк,5,4970.22,1029.78,ProcESSiNG,"Задержка с доставкой, печалька...",2024-03-21,2290012630821261
2029944107307,2024/03/18 06:07:20,иВАН ивАноВ,+7(9808)71-16,1,КОРм дЛЯ собАк,1,477.96,22.04,compLETed,Проверить наличие,2024/03/28,7912296040642895
2029944107307,2024/03/18 06:07:20,иВАН ивАноВ,+7(9808)71-16,1,коРм Для СобАк,2,842.29,157.71,ComplEtED,Проверить наличие,2024/03/28,7912296040642895
2029944107307,2024/03/18 06:07:20,иВАН ивАноВ,+7(9808)71-16,2,ИгрУШКА мЯч,4,985.29,214.71,coMplEtEd,Проверить наличие,2024/03/28,7912296040642895
2029944107307,2024/03/18 06:07:20,иВАН ивАноВ,+7(9808)71-16,3,АМУНицИя для СОбАк,1,1005.33,194.67,CoMpLeTEd,Проверить наличие,2024/03/28,7912296040642895
2029944106412,2024-03-04 19:56:29,МАРиЯ пеТРОвА,8(9694) 67-01,4,ПодПисКА НА гАзЕТУ,2,1063.08,136.92,CaNcELLED,подарок вовремя,2024-03-31,3693625718440624
2029944106412,2024-03-04 19:56:29,МАРиЯ пеТРОвА,8(9694) 67-01,2,иГРуШка МяЧ,5,1439.16,60.84,canCElLEd,подарок вовремя,2024-03-31,3693625718440624
2029944106412,2024-03-04 19:56:29,МАРиЯ пеТРОвА,8(9694) 67-01,1,корМ Для СоБак,5,2207.23,292.77,caNcELled,подарок вовремя,2024-03-31,3693625718440624
2029944106412,2024-03-04 19:56:29,МАРиЯ пеТРОвА,8(9694) 67-01,4,ПОдписка На ГАЗЕТу,5,2647.94,352.06,cAnCELLeD,подарок вовремя,2024-03-31,3693625718440624
2029944106412,2024-03-04 19:56:29,МАРиЯ пеТРОвА,8(9694) 67-01,5,мОЛоКО,2,5026.17,973.83,cAnCelleD,подарок вовремя,2024-03-31,3693625718440624
2029944105862,2024-03-01 09:07:29,МаРИЯ ПеТРова,+7 9981 42 65,5,молокО,4,11505.44,494.56,PrOcESsiNG,спасибо за заказ,2024/03/03,8586085106099924
2029944105862,2024-03-01 09:07:29,МаРИЯ ПеТРова,+7 9981 42 65,1,КОрМ Для сОбАК,5,2282.34,217.66,PRoCEsSIng,спасибо за заказ,2024/03/03,8586085106099924
2029944105862,2024-03-01 09:07:29,МаРИЯ ПеТРова,+7 9981 42 65,1,КОрМ ДЛя соБаК,1,451.17,48.83,pROCessiNG,спасибо за заказ,2024/03/03,8586085106099924
2029944105862,2024-03-01 09:07:29,МаРИЯ ПеТРова,+7 9981 42 65,5,молокО,4,10745.28,1254.72,prOCessING,спасибо за заказ,2024/03/03,8586085106099924
2029944105862,2024-03-01 09:07:29,МаРИЯ ПеТРова,+7 9981 42 65,4,ПодПИСка НА ГаЗету,4,2006.9,393.1,procESSing,спасибо за заказ,2024/03/03,8586085106099924
2029944104733,24.03.2024 17:29,мИхАиЛ оРЛОВ,+7(9791)05-44,3,АмуНИЦИЯ Для СоБак,2,2272.39,127.61,pROCEsSinG,"Задержка с доставкой, печалька...",31.03.2024,8855773795046903
2029944104733,24.03.2024 17:29,мИхАиЛ оРЛОВ,+7(9791)05-44,2,ИгРУШка мяЧ,5,1399.82,100.18,pROCEssING,"Задержка с доставкой, печалька...",31.03.2024,8855773795046903
2029944104733,24.03.2024 17:29,мИхАиЛ оРЛОВ,+7(9791)05-44,4,пОдпИсКА на ГАзЕТу,3,1456.36,343.64,PRocESSiNG,"Задержка с доставкой, печалька...",31.03.2024,8855773795046903
2029944104733,24.03.2024 17:29,мИхАиЛ оРЛОВ,+7(9791)05-44,2,ИГРУшка МЯЧ,3,792.98,107.02,ProcEsSINg,"Задержка с доставкой, печалька...",31.03.2024,8855773795046903
2029944104733,24.03.2024 17:29,мИхАиЛ оРЛОВ,+7(9791)05-44,2,игрУшкА мЯч,2,547.83,52.17,ProcEssING,"Задержка с доставкой, печалька...",31.03.2024,8855773795046903
2029944103530,10.03.2024 06:15,сеРГеЙ СИДоров,8(9541) 40-84,3,АмУНИцИя ДЛЯ сОбак,2,2236.66,163.34,CANcELlED,подарок вовремя,2024/03/30,2741118725321828
2029944103530,10.03.2024 06:15,сеРГеЙ СИДоров,8(9541) 40-84,3,аМУнИЦия ДЛЯ сОБак,3,3047.9,552.1,cAncellED,подарок вовремя,2024/03/30,2741118725321828
2029944103530,10.03.2024 06:15,сеРГеЙ СИДоров,8(9541) 40-84,4,ПодпИСКа НА ГазЕту,2,1178.08,21.92,CANCElLeD,подарок вовремя,2024/03/30,2741118725321828
2029944102868,2024-03-31 13:43:16,АНнА сМирнОВа,8(9491) 69-36,4,поДПиска на гАзеТУ,5,2428.34,571.66,cAnCEllED,Проверить наличие,2024/03/22,2935144134977761
2029944102868,2024-03-31 13:43:16,АНнА сМирнОВа,8(9491) 69-36,5,мОлоко,4,11309.49,690.51,CAnCElled,Проверить наличие,2024/03/22,2935144134977761
2029944102868,2024-03-31 13:43:16,АНнА сМирнОВа,8(9491) 69-36,3,аМуНициЯ длЯ сОбак,5,5721.48,278.52,CanCeLLEd,Проверить наличие,2024/03/22,2935144134977761
2029944101139,31.03.2024 15:13,анНА СМИРнОва,+7 9069 08 88,4,ПОДПИСка На ГаЗеТУ,1,487.57,112.43,ProcesSING,Проверить наличие,2024/03/19,3622338077663244
2029944101139,31.03.2024 15:13,анНА СМИРнОва,+7 9069 08 88,4,поДПИсКА На гаЗЕтУ,2,1054.17,145.83,pROCEssInG,Проверить наличие,2024/03/19,3622338077663244
2029944100379,29.03.2024 08:03,АлЕксЕЙ МИхайЛов,+7(9984)24-76,4,ПОДПИСкА на гАЗеТУ,4,2210.97,189.03,comPlETed,Ждём с нетерпением!,26.03.2024,9169030407984714
2029944100379,29.03.2024 08:03,АлЕксЕЙ МИхайЛов,+7(9984)24-76,2,ИГРуШкА МяЧ,5,1266.25,233.75,comPLeted,Ждём с нетерпением!,26.03.2024,9169030407984714
2029944099780,31.03.2024 14:52,АлЕКсЕЙ МиХаЙлОВ,+7 9917 12 97,1,корМ ДЛЯ соБак,2,805.78,194.22,cancelLEd,Проверить наличие,2024/03/11,2314616066611662
2029944099780,31.03.2024 14:52,АлЕКсЕЙ МиХаЙлОВ,+7 9917 12 97,2,ИгруШКа МяЧ,4,1176.41,23.59,cAncElLEd,Проверить наличие,2024/03/11,2314616066611662
2029944099780,31.03.2024 14:52,АлЕКсЕЙ МиХаЙлОВ,+7 9917 12 97,1,КОРМ для СОбАК,3,1371.75,128.25,caNcELLED,Проверить наличие,2024/03/11,2314616066611662
2029944098599,03.03.2024 08:47,оЛЬга КуЗнЕцОва,+7(9820)78-03,2,ИГРУшка мяч,5,1406.94,93.06,CanCElled,Проверить наличие,2024/03/24,3286289298900299
2029944097485,2024/03/02 06:16:35,АЛЕКсеЙ МихАйЛов,+7 9645 48 83,1,КоРМ Для соБАК,1,494.61,5.39,cOMpleted,Ждём с нетерпением!,2024-03-25,8776846595608011
2029944097485,2024/03/02 06:16:35,АЛЕКсеЙ МихАйЛов,+7 9645 48 83,1,КОрм длЯ СоБАК,2,890.43,109.57,ComplETeD,Ждём с нетерпением!,2024-03-25,8776846595608011
2029944097485,2024/03/02 06:16:35,АЛЕКсеЙ МихАйЛов,+7 9645 48 83,1,КОрМ Для сОбак,1,434.92,65.08,cOmpLeTED,Ждём с нетерпением!,2024-03-25,8776846595608011
2029944097485,2024/03/02 06:16:35,АЛЕКсеЙ МихАйЛов,+7 9645 48 83,2,игрушка Мяч,5,1455.74,44.26,cOMpLETed,Ждём с нетерпением!,2024-03-25,8776846595608011
2029944096620,23.03.2024 11:58,мИхаил оРЛоВ,+7 9121 77 50,2,ИГруШКА МЯч,2,524.81,75.19,cANCELLeD,"Задержка с доставкой, печалька...",11.03.2024,7848013653636865
2029944095379,2024-03-16 08:18:34,ДМитРиЙ КуЗНецов,+7(9673)71-95,1,Корм ДлЯ сОбАк,4,1727.26,272.74,caNCeLLEd,Нужно уточнить сроки,2024/03/05,9527616209880113
2029944095379,2024-03-16 08:18:34,ДМитРиЙ КуЗНецов,+7(9673)71-95,4,поДписКа НА ГАзетУ,3,1623.34,176.66,CaNCeLlEd,Нужно уточнить сроки,2024/03/05,9527616209880113
2029944094102,22.03.2024 14:43,сергЕЙ сИдорОв,+7(9845)11-93,1,коРм длЯ СОБаК,4,1790.22,209.78,cANcElLEd,Ждём с нетерпением!,23.03.2024,9284308765539436
2029944094102,22.03.2024 14:43,сергЕЙ сИдорОв,+7(9845)11-93,3,амУНИЦиЯ длЯ сОбаК,2,2360.72,39.28,cAnCeLleD,Ждём с нетерпением!,23.03.2024,9284308765539436
2029944093741,2024-03-11 22:44:23,сергЕЙ СИДОРОВ,8(9914) 69-18,3,аМУнИцИЯ ДЛя сОБАк,3,3486.02,113.98,proCESSing,спасибо за заказ,2024-03-14,6165709953095856
2029944093741,2024-03-11 22:44:23,сергЕЙ СИДОРОВ,8(9914) 69-18,4,ПодпИска на ГаЗеТу,1,509.66,90.34,PRocESsIng,спасибо за заказ,2024-03-14,6165709953095856
2029944093741,2024-03-11 22:44:23,сергЕЙ СИДОРОВ,8(9914) 69-18,3,амУНИЦИя Для СОбак,4,4703.47,96.53,pRocESSING,спасибо за заказ,2024-03-14,6165709953095856
2029944093741,2024-03-11 22:44:23,сергЕЙ СИДОРОВ,8(9914) 69-18,1,КОрМ ДЛЯ СоБаК,5,2010.49,489.51,procESSiNG,спасибо за заказ,2024-03-14,6165709953095856
2029944093741,2024-03-11 22:44:23,сергЕЙ СИДОРОВ,8(9914) 69-18,1,КОРМ длЯ СОБак,5,2281.61,218.39,PRoCEssing,спасибо за заказ,2024-03-14,6165709953095856
2029944092913,2024-03-29 03:22:05,АннА СМирнОВа,+7 9101 65 40,1,коРм Для сОБак,3,1265.16,234.84,cAncEllED,"Задержка с доставкой, печалька...",2024/03/08,7554245655966000
2029944092913,2024-03-29 03:22:05,АннА СМирнОВа,+7 9101 65 40,1,корМ дЛя собак,3,1428.12,71.88,CaNCeLlEd,"Задержка с доставкой, печалька...",2024/03/08,7554245655966000
2029944092913,2024-03-29 03:22:05,АннА СМирнОВа,+7 9101 65 40,1,КорМ ДЛЯ СОБАК,5,2333.61,166.39,cancElleD,"Задержка с доставкой, печалька...",2024/03/08,7554245655966000
2029944092913,2024-03-29 03:22:05,АннА СМирнОВа,+7 9101 65 40,3,АмуницИя ДЛЯ сОБак,5,5363.04,636.96,CAnCellED,"Задержка с доставкой, печалька...",2024/03/08,7554245655966000
2029944091752,2024-03-06 04:09:31,НаТАлЬЯ ВаСИльЕвА,8(9780) 86-87,5,МОЛокО,1,2871.02,128.98,ProcessING,Проверить наличие,2024-03-09,2594107104699472
2029944091752,2024-03-06 04:09:31,НаТАлЬЯ ВаСИльЕвА,8(9780) 86-87,4,ПОДПиска на ГАзеТУ,4,2100.26,299.74,PrOcESsiNG,Проверить наличие,2024-03-09,2594107104699472
2029944091752,2024-03-06 04:09:31,НаТАлЬЯ ВаСИльЕвА,8(9780) 86-87,2,ИгРуШКа МяЧ,4,1071.05,128.95,proCEsSIng,Проверить наличие,2024-03-09,2594107104699472
2029944091752,2024-03-06 04:09:31,НаТАлЬЯ ВаСИльЕвА,8(9780) 86-87,5,молокО,1,2814.01,185.99,prOcESSING,Проверить наличие,2024-03-09,2594107104699472
2029944090501,2024/03/03 10:02:21,АлЕксей МихаЙлов,+7 9379 28 60,3,аМунИЦИя дЛя СобАК,5,5497.72,502.28,CompleTeD,Ждём с нетерпением!,14.03.2024,2872175207883127
2029944090501,2024/03/03 10:02:21,АлЕксей МихаЙлов,+7 9379 28 60,2,ИгРушКА мЯЧ,5,1471.89,28.11,CoMpLETED,Ждём с нетерпением!,14.03.2024,2872175207883127
2029944090501,2024/03/03 10:02:21,АлЕксей МихаЙлов,+7 9379 28 60,2,ИгРушкА Мяч,5,1347.3,152.7,CoMpLetEd,Ждём с нетерпением!,14.03.2024,2872175207883127
2029944090501,2024/03/03 10:02:21,АлЕксей МихаЙлов,+7 9379 28 60,2,ИгРУШКА мяч,5,1399.82,100.18,coMpLEtEd,Ждём с нетерпением!,14.03.2024,2872175207883127
2029944089828,2024/03/11 23:20:04,олЬга куЗНЕцова,+7 9126 16 38,4,подПИскА На ГаЗЕтУ,2,1099.82,100.18,procesSiNg,подарок вовремя,2024-03-06,0508800969900285
2029944089828,2024/03/11 23:20:04,олЬга куЗНЕцова,+7 9126 16 38,1,КорМ Для СОБак,2,913.45,86.55,prOcESsInG,подарок вовремя,2024-03-06,0508800969900285
2029944089828,2024/03/11 23:20:04,олЬга куЗНЕцова,+7 9126 16 38,1,кОрМ длЯ сОБак,1,489.91,10.09,pROcESSING,подарок вовремя,2024-03-06,0508800969900285
2029944088488,30.03.2024 05:24,МИХАил ОрлОВ,+7 9677 44 45,4,ПОДпиСКа на ГАзЕтУ,2,1117.39,82.61,compLetEd,Ждём с нетерпением!,2024/03/20,2257241097405168
2029944087758,2024/03/25 05:21:50,СеРГЕЙ сИдОроВ,+7(9438)21-75,2,игрушка МЯЧ,2,545.74,54.26,CaNcellEd,Нужно уточнить сроки,2024-03-11,5559622957614187
2029944086504,09.03.2024 16:23,ЕЛЕНа НОВИКоВа,8(9677) 33-12,3,амуНиЦиЯ ДлЯ сОБАК,5,5054.95,945.05,canCeLLED,"Задержка с доставкой, печалька...",2024-03-19,0699458687035676
2029944086504,09.03.2024 16:23,ЕЛЕНа НОВИКоВа,8(9677) 33-12,2,ИгРуШКА МЯч,3,808.47,91.53,CancelLeD,"Задержка с доставкой, печалька...",2024-03-19,0699458687035676
2029944086504,09.03.2024 16:23,ЕЛЕНа НОВИКоВа,8(9677) 33-12,3,амуНИция для СоБаК,3,2974.95,625.05,cAnceLLEd,"Задержка с доставкой, печалька...",2024-03-19,0699458687035676
2029944085914,2024-03-31 03:13:56,дмИТРИЙ КузнЕцов,+7 9197 84 69,3,Амуниция дЛЯ СОбаК,1,1010.25,189.75,pROCeSSing,Всё отлично!,2024-03-24,5282338350457192
2029944085914,2024-03-31 03:13:56,дмИТРИЙ КузнЕцов,+7 9197 84 69,4,пОдПИСка на ГаЗетУ,1,512.15,87.85,PrOcESsinG,Всё отлично!,2024-03-24,5282338350457192
2029944085914,2024-03-31 03:13:56,дмИТРИЙ КузнЕцов,+7 9197 84 69,4,подПИска на ГаЗеТу,3,1647.94,152.06,PROCESSING,Всё отлично!,2024-03-24,5282338350457192
2029944085914,2024-03-31 03:13:56,дмИТРИЙ КузнЕцов,+7 9197 84 69,2,ИГРУШКА МЯЧ,3,854.85,45.15,prOcEsSINg,Всё отлично!,2024-03-24,5282338350457192
2029944084472,2024-03-08 17:19:45,АннА СмиРноВа,+7(9604)34-63,3,АмУНицИя дЛя СОБАК,4,4567.39,232.61,cOmPLetED,Всё отлично!,24.03.2024,3867322811293762
2029944084472,2024-03-08 17:19:45,АннА СмиРноВа,+7(9604)34-63,3,аМУНИЦИя дЛЯ соБАК,1,1055.0,145.0,cOMpleteD,Всё отлично!,24.03.2024,3867322811293762
2029944084472,2024-03-08 17:19:45,АннА СмиРноВа,+7(9604)34-63,2,ИГрУшкА МяЧ,5,1294.33,205.67,ComplETed,Всё отлично!,24.03.2024,3867322811293762
2029944084472,2024-03-08 17:19:45,АннА СмиРноВа,+7(9604)34-63,2,иГруШка Мяч,4,1034.98,165.02,ComPleTED,Всё отлично!,24.03.2024,3867322811293762
2029944083562,2024-03-18 16:07:26,СЕргеЙ СИдОрОв,+7(9875)16-30,5,мОлОко,2,5451.0,549.0,ComplETeD,Проверить наличие,17.03.2024,8330205954441959
2029944083562,2024-03-18 16:07:26,СЕргеЙ СИдОрОв,+7(9875)16-30,2,иГрушКА МяЧ,4,1094.56,105.44,COMpleTEd,Проверить наличие,17.03.2024,8330205954441959
2029944083562,2024-03-18 16:07:26,СЕргеЙ СИдОрОв,+7(9875)16-30,4,ПоДпИСКа НА ГАЗЕту,2,1059.29,140.71,CoMPLETEd,Проверить наличие,17.03.2024,8330205954441959
2029944083562,2024-03-18 16:07:26,СЕргеЙ СИдОрОв,+7(9875)16-30,1,корМ дЛЯ соБаК,3,1356.34,143.66,COmPleted,Проверить наличие,17.03.2024,8330205954441959
2029944083562,2024-03-18 16:07:26,СЕргеЙ СИдОрОв,+7(9875)16-30,3,амУнИЦия для собАК,3,3161.0,439.0,COMPLeteD,Проверить наличие,17.03.2024,8330205954441959
2029944082993,2024-03-15 21:00:32,ОЛЬга КУзНЕцовА,8(9506) 69-18,5,МоЛОКО,2,5312.0,688.0,ProcESsiNG,подарок вовремя,2024-03-03,6968966313568454
2029944082993,2024-03-15 21:00:32,ОЛЬга КУзНЕцовА,8(9506) 69-18,1,КОрм дЛЯ собАк,5,2091.2,408.8,pRoCEsSINg,подарок вовремя,2024-03-03,6968966313568454
2029944081728,02.03.2024 04:13,дМитРий кУзнецоВ,+7 9204 76 44,5,молОкО,4,10882.16,1117.84,proCEssiNg,подарок вовремя,2024-03-22,3450411810627075
2029944081728,02.03.2024 04:13,дМитРий кУзнецоВ,+7 9204 76 44,5,мОЛОКО,2,5772.97,227.03,PROCeSsIng,подарок вовремя,2024-03-22,3450411810627075
2029944081728,02.03.2024 04:13,дМитРий кУзнецоВ,+7 9204 76 44,3,амуНИЦиЯ дЛя соБаК,1,1091.29,108.71,PrOCEssIng,подарок вовремя,2024-03-22,3450411810627075
2029944081728,02.03.2024 04:13,дМитРий кУзнецоВ,+7 9204 76 44,4,ПОДПиСкА НА газеТУ,4,2213.59,186.41,PRocEsSING,подарок вовремя,2024-03-22,3450411810627075
2029944081728,02.03.2024 04:13,дМитРий кУзнецоВ,+7 9204 76 44,3,аМуНИЦИя дЛя СОБаК,1,1112.82,87.18,PrOCesSINg,подарок вовремя,2024-03-22,3450411810627075
2029944080572,2024/03/09 10:08:09,СЕРГеЙ СиДорОв,+7(9857)94-16,1,кОрМ дЛЯ соБАК,1,443.15,56.85,CompLetEd,Нужно уточнить сроки,2024-03-07,0414600868947007
2029944080572,2024/03/09 10:08:09,СЕРГеЙ СиДорОв,+7(9857)94-16,3,АМУНиЦия длЯ соБак,3,3368.73,231.27,COMPLetED,Нужно уточнить сроки,2024-03-07,0414600868947007
2029944080572,2024/03/09 10:08:09,СЕРГеЙ СиДорОв,+7(9857)94-16,3,аМУНИЦиЯ ДЛЯ СОБаК,3,3404.54,195.46,CoMpletED,Нужно уточнить сроки,2024-03-07,0414600868947007
2029944079682,2024-03-27 02:01:10,михАИЛ ОРЛоВ,+7(9459)70-71,5,моЛОКО,2,5312.98,687.02,cOmpLEtED,Нужно уточнить сроки,07.03.2024,0920064963726380
2029944079682,2024-03-27 02:01:10,михАИЛ ОРЛоВ,+7(9459)70-71,1,КОРМ Для СОБак,5,2226.65,273.35,cOMpLETeD,Нужно уточнить сроки,07.03.2024,0920064963726380
2029944079682,2024-03-27 02:01:10,михАИЛ ОРЛоВ,+7(9459)70-71,2,ИГРуШКА мЯЧ,3,796.43,103.57,COMPleted,Нужно уточнить сроки,07.03.2024,0920064963726380
2029944079682,2024-03-27 02:01:10,михАИЛ ОРЛоВ,+7(9459)70-71,4,пОДпИСка на ГАЗетУ,3,1709.4,90.6,cOMpLETED,Нужно уточнить сроки,07.03.2024,0920064963726380
2029944079682,2024-03-27 02:01:10,михАИЛ ОРЛоВ,+7(9459)70-71,5,молОкО,2,4834.28,1165.72,COMpleTED,Нужно уточнить сроки,07.03.2024,0920064963726380
2029944078642,2024/03/03 04:14:48,мариЯ ПеТРоВА,+7 9868 86 15,1,коРМ длЯ СОбак,1,418.86,81.14,cAncEllED,Проверить наличие,27.03.2024,0017363231138936
2029944078642,2024/03/03 04:14:48,мариЯ ПеТРоВА,+7 9868 86 15,1,коРм ДлЯ сОбак,1,455.95,44.05,caNcelleD,Проверить наличие,27.03.2024,0017363231138936
2029944078642,2024/03/03 04:14:48,мариЯ ПеТРоВА,+7 9868 86 15,1,КоРМ длЯ СОбАк,1,462.28,37.72,cAncelLED,Проверить наличие,27.03.2024,0017363231138936
2029944078642,2024/03/03 04:14:48,мариЯ ПеТРоВА,+7 9868 86 15,5,МолОКо,2,5465.76,534.24,cANCEllED,Проверить наличие,27.03.2024,0017363231138936
2029944077643,2024-03-20 11:59:00,МАРиЯ петроВа,8(9495) 41-80,5,МОлоКО,5,13370.72,1629.28,CANcELLed,Проверить наличие,2024/03/19,6547797738497689
2029944076190,31.03.2024 05:39,МаРИя пеТРоВА,+7 9872 05 62,5,моЛоко,3,8236.46,763.54,coMplETed,Нужно уточнить сроки,22.03.2024,0028999922419212
2029944075949,2024/03/26 16:42:38,ОлЬгА КУЗНецовА,8(9627) 89-17,2,игРУшкА мяЧ,3,880.91,19.09,canCElLEd,спасибо за заказ,2024/03/22,1797237783065418
2029944075949,2024/03/26 16:42:38,ОлЬгА КУЗНецовА,8(9627) 89-17,4,ПОДпИскА нА ГАзЕТУ,2,1064.43,135.57,canCELleD,спасибо за заказ,2024/03/22,1797237783065418
2029944074285,2024/03/26 14:36:59,АЛЕКСЕЙ МиХаЙЛОв,+7(9733)00-93,3,АМУНиЦиЯ для сОБак,3,3005.14,594.86,CompleTed,Нужно уточнить сроки,27.03.2024,9108784245222853
2029944074285,2024/03/26 14:36:59,АЛЕКСЕЙ МиХаЙЛОв,+7(9733)00-93,5,МоЛОКО,4,11680.98,319.02,COmPLeTED,Нужно уточнить сроки,27.03.2024,9108784245222853
2029944074285,2024/03/26 14:36:59,АЛЕКСЕЙ МиХаЙЛОв,+7(9733)00-93,5,моЛОко,3,8932.92,67.08,COmPLEteD,Нужно уточнить сроки,27.03.2024,9108784245222853
2029944073626,23.03.2024 19:09,Ольга КУЗНЕЦовА,+7(9113)76-61,4,ПОдПиСкА На ГАЗетУ,4,1964.96,435.04,CoMPlEted,Проверить наличие,2024/03/31,3119157921291020
2029944073626,23.03.2024 19:09,Ольга КУЗНЕЦовА,+7(9113)76-61,3,АМУнИЦия ДЛя сОбак,3,3378.75,221.25,COmplEteD,Проверить наличие,2024/03/31,3119157921291020
2029944072637,2024-03-29 20:00:13,мАРИЯ пЕтрОВА,8(9299) 43-49,4,ПОдПИска на гАзетУ,4,2228.19,171.81,procESsInG,подарок вовремя,13.03.2024,8315574405890759
2029944072637,2024-03-29 20:00:13,мАРИЯ пЕтрОВА,8(9299) 43-49,5,мОЛоко,4,11955.56,44.44,pRocESSING,подарок вовремя,13.03.2024,8315574405890759
2029944072637,2024-03-29 20:00:13,мАРИЯ пЕтрОВА,8(9299) 43-49,4,пОДПИска нА гАзЕту,1,543.06,56.94,proCesSINg,подарок вовремя,13.03.2024,8315574405890759
2029944072637,2024-03-29 20:00:13,мАРИЯ пЕтрОВА,8(9299) 43-49,2,игрУшкА Мяч,3,731.0,169.0,pROCeSsINg,подарок вовремя,13.03.2024,8315574405890759
2029944071954,2024-03-06 23:57:37,АлеКсЕЙ МиХАЙлОв,+7 9618 66 62,2,ИГрУшка МЯч,2,573.54,26.46,COMpleteD,Всё отлично!,2024-03-09,3158386240318340
2029944071954,2024-03-06 23:57:37,АлеКсЕЙ МиХАЙлОв,+7 9618 66 62,2,ИгруШкА Мяч,4,994.14,205.86,cOMpleTed,Всё отлично!,2024-03-09,3158386240318340
2029944071954,2024-03-06 23:57:37,АлеКсЕЙ МиХАЙлОв,+7 9618 66 62,2,ИГрУШКа МЯч,4,1009.74,190.26,comPlETED,Всё отлично!,2024-03-09,3158386240318340
2029944071954,2024-03-06 23:57:37,АлеКсЕЙ МиХАЙлОв,+7 9618 66 62,3,аМуНИЦИя ДЛЯ СоБАк,3,3427.99,172.01,cOmPleted,Всё отлично!,2024-03-09,3158386240318340
2029944070837,29.03.2024 22:35,СеРГеЙ СИДОрОВ,8(9168) 10-64,3,аМунициЯ дЛЯ СоБАК,3,3015.52,584.48,cANCeLled,спасибо за заказ,2024-03-08,6413289549511465
2029944070837,29.03.2024 22:35,СеРГеЙ СИДОрОВ,8(9168) 10-64,5,МоЛОКо,3,8787.24,212.76,CAnCeLLEd,спасибо за заказ,2024-03-08,6413289549511465
2029944069681,2024/03/28 03:11:09,еЛеНа нОВИкОВА,8(9347) 98-28,1,коРм ДЛя СоБАк,5,2395.1,104.9,proCessING,Ждём с нетерпением!,2024-03-08,7806484410834197
2029944069681,2024/03/28 03:11:09,еЛеНа нОВИкОВА,8(9347) 98-28,2,ИгРуШка Мяч,1,253.98,46.02,pRocEsSiNG,Ждём с нетерпением!,2024-03-08,7806484410834197
2029944069681,2024/03/28 03:11:09,еЛеНа нОВИкОВА,8(9347) 98-28,1,кОРМ дЛЯ собАК,1,443.29,56.71,PRoCeSSiNG,Ждём с нетерпением!,2024-03-08,7806484410834197
2029944069681,2024/03/28 03:11:09,еЛеНа нОВИкОВА,8(9347) 98-28,4,ПОДпИскА нА ГазетУ,5,2542.72,457.28,PROCesSInG,Ждём с нетерпением!,2024-03-08,7806484410834197
2029944068571,2024/03/21 09:14:39,натАЛЬЯ вАСильеВА,+7(9831)26-60,3,амУНиЦИЯ Для СОБАк,3,2885.42,714.58,caNCEllED,"Задержка с доставкой, печалька...",15.03.2024,1460334936100348
2029944068571,2024/03/21 09:14:39,натАЛЬЯ вАСильеВА,+7(9831)26-60,5,молОкО,2,5915.73,84.27,cAnCELLEd,"Задержка с доставкой, печалька...",15.03.2024,1460334936100348
2029944068571,2024/03/21 09:14:39,натАЛЬЯ вАСильеВА,+7(9831)26-60,4,ПОДПИсКа На гАзету,2,979.08,220.92,canCeLlED,"Задержка с доставкой, печалька...",15.03.2024,1460334936100348
2029944067272,2024-03-30 14:25:08,АННа СМИрНова,+7 9509 19 18,5,молОКо,1,2943.72,56.28,COmPlETed,Проверить наличие,2024/03/19,0369989884490888
2029944067272,2024-03-30 14:25:08,АННа СМИрНова,+7 9509 19 18,1,кОРМ ДлЯ собАк,4,1919.35,80.65,coMpleted,Проверить наличие,2024/03/19,0369989884490888
2029944067272,2024-03-30 14:25:08,АННа СМИрНова,+7 9509 19 18,2,иГРУшкА мяч,2,543.14,56.86,compLetED,Проверить наличие,2024/03/19,0369989884490888
2029944066835,2024-03-03 20:14:00,мАриЯ пЕТрОВа,+7(9885)97-06,5,моЛоКО,1,2672.47,327.53,cOMpletED,Нужно уточнить сроки,2024-03-12,5240755403639135
2029944066835,2024-03-03 20:14:00,мАриЯ пЕТрОВа,+7(9885)97-06,2,ИгрУшкА Мяч,2,481.41,118.59,cOmPleTeD,Нужно уточнить сроки,2024-03-12,5240755403639135
2029944065407,03.03.2024 12:29,еленА нОвиКОва,8(9114) 18-94,3,аМуницИЯ длЯ СобАК,1,1013.17,186.83,cANCelLED,Ждём с нетерпением!,2024-03-27,0253952169406871
2029944065407,03.03.2024 12:29,еленА нОвиКОва,8(9114) 18-94,2,ИГРУшКа мЯч,2,548.68,51.32,cANcELLED,Ждём с нетерпением!,2024-03-27,0253952169406871
2029944065407,03.03.2024 12:29,еленА нОвиКОва,8(9114) 18-94,5,молОКо,4,10449.16,1550.84,CaNCeLleD,Ждём с нетерпением!,2024-03-27,0253952169406871
2029944065407,03.03.2024 12:29,еленА нОвиКОва,8(9114) 18-94,2,игРуШкА мяЧ,5,1286.06,213.94,CANCELLeD,Ждём с нетерпением!,2024-03-27,0253952169406871
2029944064446,2024/03/06 02:41:14,ЕЛЕна нОВикОва,+7 9326 17 92,4,поДписка На ГазЕтУ,3,1544.91,255.09,caNCELLeD,Ждём с нетерпением!,2024-03-20,6344821010283485
2029944064446,2024/03/06 02:41:14,ЕЛЕна нОВикОва,+7 9326 17 92,5,молОко,2,5703.11,296.89,CaNcEllED,Ждём с нетерпением!,2024-03-20,6344821010283485
2029944064446,2024/03/06 02:41:14,ЕЛЕна нОВикОва,+7 9326 17 92,1,КорМ ДЛя сОБАК,3,1356.06,143.94,cAnCelleD,Ждём с нетерпением!,2024-03-20,6344821010283485
2029944064446,2024/03/06 02:41:14,ЕЛЕна нОВикОва,+7 9326 17 92,5,МоЛоКО,1,2717.33,282.67,cancELled,Ждём с нетерпением!,2024-03-20,6344821010283485
2029944319961,26.03.2024 17:12,ОлЬГА КУзНецОвА,+7(9566)55-48,1,КОРМ Для сОбаК,1,453.47,46.53,CompLeteD,"Задержка с доставкой, печалька...",2024-03-03,1001805448728586
2029944318187,2024/03/20 01:11:10,ДМИтрий КузНЕцов,+7 9111 42 01,1,кОрМ ДЛЯ СоБАк,3,1416.81,83.19,CaNCeLLED,Всё отлично!,2024/03/13,7074067940115927
2029944318187,2024/03/20 01:11:10,ДМИтрий КузНЕцов,+7 9111 42 01,4,ПоДпИСка на гАзету,2,1000.22,199.78,CANCElLEd,Всё отлично!,2024/03/13,7074067940115927
2029944318187,2024/03/20 01:11:10,ДМИтрий КузНЕцов,+7 9111 42 01,4,ПОДпИСкА на ГАзету,1,537.36,62.64,CanCElled,Всё отлично!,2024/03/13,7074067940115927
2029944318187,2024/03/20 01:11:10,ДМИтрий КузНЕцов,+7 9111 42 01,4,подПисКА на ГАЗЕтУ,4,2386.07,13.93,caNCeLled,Всё отлично!,2024/03/13,7074067940115927
2029944318187,2024/03/20 01:11:10,ДМИтрий КузНЕцов,+7 9111 42 01,3,АмУнИциЯ ДЛЯ СобАК,3,3018.38,581.62,caNCELlED,Всё отлично!,2024/03/13,7074067940115927
2029944317531,2024-03-04 16:25:15,МИхАИл ОРлОв,+7(9903)58-90,1,КОРм ДлЯ СОбак,4,1926.58,73.42,cOMplETed,Ждём с нетерпением!,21.03.2024,9578275946216911
2029944317531,2024-03-04 16:25:15,МИхАИл ОРлОв,+7(9903)58-90,1,КОРм ДЛЯ собак,1,484.26,15.74,comPlETeD,Ждём с нетерпением!,21.03.2024,9578275946216911
2029944317531,2024-03-04 16:25:15,МИхАИл ОРлОв,+7(9903)58-90,3,АмуНИция ДЛя СОбАк,1,1129.5,70.5,COMPlEtEd,Ждём с нетерпением!,21.03.2024,9578275946216911
2029944317531,2024-03-04 16:25:15,МИхАИл ОРлОв,+7(9903)58-90,1,КОрМ для СОБАк,1,405.58,94.42,comPLeted,Ждём с нетерпением!,21.03.2024,9578275946216911
2029944316325,2024/03/22 08:18:56,алЕкСей МИхАЙЛОВ,+7(9780)61-60,1,корМ для СобаК,2,898.63,101.37,canceLLED,"Задержка с доставкой, печалька...",20.03.2024,9267230942672362
2029944316325,2024/03/22 08:18:56,алЕкСей МИхАЙЛОВ,+7(9780)61-60,2,ИгрУШкА мяЧ,3,861.54,38.46,caNcelleD,"Задержка с доставкой, печалька...",20.03.2024,9267230942672362
2029944316325,2024/03/22 08:18:56,алЕкСей МИхАЙЛОВ,+7(9780)61-60,5,МОЛоКо,3,8977.92,22.08,cAnCELLeD,"Задержка с доставкой, печалька...",20.03.2024,9267230942672362
2029944316325,2024/03/22 08:18:56,алЕкСей МИхАЙЛОВ,+7(9780)61-60,3,аМУНиЦИя ДлЯ сОБаК,3,3402.07,197.93,CAnCElleD,"Задержка с доставкой, печалька...",20.03.2024,9267230942672362
2029944315165,29.03.2024 01:06,ОЛЬГА КУЗнецОВа,+7(9547)83-18,3,амунИЦия дЛЯ СобАк,5,5835.63,164.37,CANCelled,Проверить наличие,2024-03-26,9441144216209219
2029944315165,29.03.2024 01:06,ОЛЬГА КУЗнецОВа,+7(9547)83-18,4,подПисКА На ГаЗетУ,4,2122.42,277.58,CAnCeLled,Проверить наличие,2024-03-26,9441144216209219
2029944315165,29.03.2024 01:06,ОЛЬГА КУЗнецОВа,+7(9547)83-18,1,Корм длЯ соБаК,2,874.96,125.04,CaNCELLed,Проверить наличие,2024-03-26,9441144216209219
2029944314584,2024/03/16 20:38:48,дМИТРИй кУзнецОв,+7(9953)96-17,2,игРУшка МЯЧ,2,509.03,90.97,prOcEsSInG,подарок вовремя,17.03.2024,0905074404678650
2029944313687,27.03.2024 07:05,ОЛьГА кУзнЕцоВа,+7(9198)59-59,3,аМУНиция ДЛя СОбаК,4,4351.67,448.33,COmplETed,подарок вовремя,2024/03/14,7604739424257296
2029944313687,27.03.2024 07:05,ОЛьГА кУзнЕцоВа,+7(9198)59-59,5,мОЛОКО,4,11958.53,41.47,cOmPleTED,подарок вовремя,2024/03/14,7604739424257296
2029944313687,27.03.2024 07:05,ОЛьГА кУзнЕцоВа,+7(9198)59-59,4,ПоДПискА на ГАзеТу,4,2064.64,335.36,cOmPlEtED,подарок вовремя,2024/03/14,7604739424257296
2029944313687,27.03.2024 07:05,ОЛьГА кУзнЕцоВа,+7(9198)59-59,2,ИгрУШкА мЯЧ,3,790.76,109.24,complETed,подарок вовремя,2024/03/14,7604739424257296
2029944312314,2024-03-14 04:56:02,маРиЯ пеТРоВа,+7(9435)30-20,3,АмуниЦиЯ для сОбАк,1,1135.42,64.58,ProcESSIng,спасибо за заказ,21.03.2024,0738973426321898
2029944312314,2024-03-14 04:56:02,маРиЯ пеТРоВа,+7(9435)30-20,2,ИгрУШКА МЯч,1,252.78,47.22,procESsiNG,спасибо за заказ,21.03.2024,0738973426321898
2029944311647,23.03.2024 23:24,анНа СМИРноВА,+7(9513)16-91,1,коРм ДЛЯ СОБак,2,848.13,151.87,PROCeSsiNg,подарок вовремя,19.03.2024,6593573153755254
2029944311647,23.03.2024 23:24,анНа СМИРноВА,+7(9513)16-91,3,аМУниЦия Для СОБаК,1,1075.99,124.01,proCEsSiNg,подарок вовремя,19.03.2024,6593573153755254
2029944311647,23.03.2024 23:24,анНа СМИРноВА,+7(9513)16-91,1,кОрМ для СОБак,1,480.67,19.33,pRoceSSIng,подарок вовремя,19.03.2024,6593573153755254
2029944311647,23.03.2024 23:24,анНа СМИРноВА,+7(9513)16-91,5,молоко,5,12637.25,2362.75,PrOcEsSing,подарок вовремя,19.03.2024,6593573153755254
2029944311647,23.03.2024 23:24,анНа СМИРноВА,+7(9513)16-91,1,кОрм ДЛЯ сОбаК,5,2071.35,428.65,ProCEsSiNg,подарок вовремя,19.03.2024,6593573153755254
2029944310276,09.03.2024 09:23,ИВАН ИВАНОВ,+7(9115)38-44,5,мОЛОкО,3,7472.49,1527.51,proCEssing,Нужно уточнить сроки,2024-03-27,2361212159456615
2029944310276,09.03.2024 09:23,ИВАН ИВАНОВ,+7(9115)38-44,2,игрУшкА мЯч,2,537.44,62.56,prOcESsInG,Нужно уточнить сроки,2024-03-27,2361212159456615
2029944309421,2024/03/09 16:16:34,нАтАлЬЯ васИлЬеВА,+7 9896 78 81,1,коРм длЯ сОбак,4,1937.91,62.09,pRocessInG,подарок вовремя,2024-03-04,0042255650536696
2029944309421,2024/03/09 16:16:34,нАтАлЬЯ васИлЬеВА,+7 9896 78 81,2,иГруШКа МяЧ,1,246.12,53.88,PRocessINg,подарок вовремя,2024-03-04,0042255650536696
2029944309421,2024/03/09 16:16:34,нАтАлЬЯ васИлЬеВА,+7 9896 78 81,4,пОДПиСКа на ГАЗеТу,1,518.41,81.59,prOcESsing,подарок вовремя,2024-03-04,0042255650536696
2029944308551,2024/03/25 23:13:28,СЕрГеЙ сидОРОВ,+7(9542)82-07,2,иГРушКА мЯЧ,3,898.66,1.34,pRoCesSInG,Ждём с нетерпением!,2024-03-16,8538969283814264
2029944308551,2024/03/25 23:13:28,СЕрГеЙ сидОРОВ,+7(9542)82-07,4,ПОДПИСКА На ГАЗеТУ,4,2285.81,114.19,procesSInG,Ждём с нетерпением!,2024-03-16,8538969283814264
2029944307487,2024/03/18 18:12:13,АНна СМирНОва,+7(9293)56-64,2,ИгРУШка мЯч,5,1381.16,118.84,pRoCESSinG,подарок вовремя,2024/03/22,3306951308964759
2029944307487,2024/03/18 18:12:13,АНна СМирНОва,+7(9293)56-64,4,ПОдпИСка нА газету,2,1059.67,140.33,pROCESsinG,подарок вовремя,2024/03/22,3306951308964759
2029944306408,2024-03-06 10:16:36,МихаИл ОрЛов,+7 9041 51 59,3,аМУницИя ДлЯ собАк,3,2995.03,604.97,prOCESSinG,Проверить наличие,2024/03/11,8478434249048246
2029944306408,2024-03-06 10:16:36,МихаИл ОрЛов,+7 9041 51 59,1,КОрМ дЛЯ СобаК,1,435.08,64.92,ProCEsSInG,Проверить наличие,2024/03/11,8478434249048246
2029944306408,2024-03-06 10:16:36,МихаИл ОрЛов,+7 9041 51 59,2,ИгрушКа МЯч,3,772.18,127.82,PrOceSsiNg,Проверить наличие,2024/03/11,8478434249048246
2029944306408,2024-03-06 10:16:36,МихаИл ОрЛов,+7 9041 51 59,1,коРМ ДЛя СоБак,5,2190.44,309.56,PROCeSSInG,Проверить наличие,2024/03/11,8478434249048246
2029944306408,2024-03-06 10:16:36,МихаИл ОрЛов,+7 9041 51 59,5,мОЛоко,2,5382.5,617.5,PrOCeSSiNG,Проверить наличие,2024/03/11,8478434249048246
2029944305319,01.03.2024 21:49,ИВАН ИВаНОв,+7(9022)42-58,3,амуНИцИЯ для сОБак,5,5453.24,546.76,CoMPlEted,Проверить наличие,2024-03-15,0047671184744009
2029944305319,01.03.2024 21:49,ИВАН ИВаНОв,+7(9022)42-58,4,поДПИСКа нА ГАЗЕТУ,3,1608.78,191.22,COMpleTED,Проверить наличие,2024-03-15,0047671184744009
2029944305319,01.03.2024 21:49,ИВАН ИВаНОв,+7(9022)42-58,3,аМунИЦиЯ дЛя соБАК,1,964.85,235.15,comPLeted,Проверить наличие,2024-03-15,0047671184744009
2029944305319,01.03.2024 21:49,ИВАН ИВаНОв,+7(9022)42-58,2,иГРуШКа мяЧ,1,255.05,44.95,COmplETEd,Проверить наличие,2024-03-15,0047671184744009
2029944305319,01.03.2024 21:49,ИВАН ИВаНОв,+7(9022)42-58,1,коРм длЯ СобАк,3,1296.83,203.17,COmPLeTeD,Проверить наличие,2024-03-15,0047671184744009
2029944304945,2024/03/29 16:15:55,натАлья вАсилЬеВА,+7 9300 39 42,5,молокО,1,2995.12,4.88,PROCeSSING,Проверить наличие,2024/03/17,6735385394396629
2029944304945,2024/03/29 16:15:55,натАлья вАсилЬеВА,+7 9300 39 42,4,поДписКа НА ГазЕТу,3,1582.66,217.34,PrOCESsinG,Проверить наличие,2024/03/17,6735385394396629
2029944304945,2024/03/29 16:15:55,натАлья вАсилЬеВА,+7 9300 39 42,3,аМуНИциЯ дЛя сОбаК,3,3077.3,522.7,proCESSing,Проверить наличие,2024/03/17,6735385394396629
2029944304945,2024/03/29 16:15:55,натАлья вАсилЬеВА,+7 9300 39 42,4,поДпиСКа На гаЗеТу,3,1442.32,357.68,proCeSSinG,Проверить наличие,2024/03/17,6735385394396629
2029944303903,2024-03-03 14:09:19,МаРИЯ ПетРоВа,8(9032) 84-83,1,кОРм для сОБАк,2,931.83,68.17,canCEllEd,Нужно уточнить сроки,07.03.2024,7979236853049539
2029944303903,2024-03-03 14:09:19,МаРИЯ ПетРоВа,8(9032) 84-83,4,ПОдписКА НА ГАЗЕТу,2,977.06,222.94,caNCELLEd,Нужно уточнить сроки,07.03.2024,7979236853049539
2029944302230,2024-03-18 23:05:13,НАтАЛьЯ ВасИлЬЕвА,+7(9353)12-22,4,пОДпиСКА На ГазЕТу,1,496.62,103.38,CANCElLeD,спасибо за заказ,2024/03/05,4708304251054032
2029944302230,2024-03-18 23:05:13,НАтАЛьЯ ВасИлЬЕвА,+7(9353)12-22,2,игрУШкА Мяч,4,1043.24,156.76,caNCELled,спасибо за заказ,2024/03/05,4708304251054032
2029944302230,2024-03-18 23:05:13,НАтАЛьЯ ВасИлЬЕвА,+7(9353)12-22,3,амуниЦИя дЛя сОбАк,3,3270.71,329.29,caNCeLLEd,спасибо за заказ,2024/03/05,4708304251054032
2029944301224,2024-03-03 18:13:40,мария пЕТроВа,+7(9181)71-86,4,ПОдпИСкА НА гАЗеТу,3,1707.01,92.99,prOcessInG,Проверить наличие,2024-03-06,6580064455930588
2029944300151,09.03.2024 10:27,МИХАил ОРлоВ,+7(9312)95-32,2,игрУшКа мяч,4,1174.33,25.67,coMPlEtEd,Проверить наличие,2024/03/04,0533686168549874
2029944300151,09.03.2024 10:27,МИХАил ОРлоВ,+7(9312)95-32,2,ИгРУШКА МЯч,2,574.6,25.4,COmpLeTed,Проверить наличие,2024/03/04,0533686168549874
2029944299168,2024-03-03 02:32:54,дмИТрИЙ КУзНецоВ,+7(9867)20-34,2,игрУшКа мяЧ,1,285.97,14.03,cancelleD,Нужно уточнить сроки,21.03.2024,4550726046349402
2029944298260,2024-03-17 14:52:47,еленА НОВикоВА,+7 9468 72 50,3,амуНиЦИя для СоБаК,3,3093.13,506.87,pROCESsINg,Всё отлично!,2024/03/10,2510910071804236
2029944297972,2024/03/05 23:04:14,нАТАлЬЯ ВасилЬЕВа,+7(9172)75-31,5,МолоКо,5,12288.12,2711.88,PrOcesSING,спасибо за заказ,2024/03/10,0914207719423498
2029944297972,2024/03/05 23:04:14,нАТАлЬЯ ВасилЬЕВа,+7(9172)75-31,2,иГрУшКа МЯЧ,3,737.21,162.79,prOCESsIng,спасибо за заказ,2024/03/10,0914207719423498
2029944297972,2024/03/05 23:04:14,нАТАлЬЯ ВасилЬЕВа,+7(9172)75-31,5,молОко,5,12735.09,2264.91,PRoCeSSiNg,спасибо за заказ,2024/03/10,0914207719423498
2029944296313,02.03.2024 07:53,мИХаил орЛОВ,+7(9610)94-15,3,аМунИция длЯ СОБаК,5,5163.94,836.06,ProCesSiNg,"Задержка с доставкой, печалька...",2024/03/11,4523349494607289
2029944296313,02.03.2024 07:53,мИХаил орЛОВ,+7(9610)94-15,4,ПоДПискА нА гаЗеТу,1,518.02,81.98,PROcEsSINg,"Задержка с доставкой, печалька...",2024/03/11,4523349494607289
2029944296313,02.03.2024 07:53,мИХаил орЛОВ,+7(9610)94-15,3,амуНИциЯ Для СОбАК,4,3960.37,839.63,PRocEsSinG,"Задержка с доставкой, печалька...",2024/03/11,4523349494607289
2029944296313,02.03.2024 07:53,мИХаил орЛОВ,+7(9610)94-15,4,подПИСКА НА ГазеТУ,5,2517.6,482.4,pROCESsiNg,"Задержка с доставкой, печалька...",2024/03/11,4523349494607289
2029944296313,02.03.2024 07:53,мИХаил орЛОВ,+7(9610)94-15,5,молОкО,4,10172.33,1827.67,pROcEsSIng,"Задержка с доставкой, печалька...",2024/03/11,4523349494607289
2029944295432,2024-03-10 03:11:59,ивАН ИваноВ,8(9326) 72-24,3,аМУнициЯ дЛЯ СОБаК,4,4644.9,155.1,prOceSsinG,"Задержка с доставкой, печалька...",2024/03/16,2456701007047311
2029944295432,2024-03-10 03:11:59,ивАН ИваноВ,8(9326) 72-24,1,КОРм дЛЯ соБАк,5,2409.45,90.55,processing,"Задержка с доставкой, печалька...",2024/03/16,2456701007047311
2029944295432,2024-03-10 03:11:59,ивАН ИваноВ,8(9326) 72-24,2,ИгрУшКА мяЧ,2,521.57,78.43,PROCesSiNG,"Задержка с доставкой, печалька...",2024/03/16,2456701007047311
2029944294817,2024/03/17 23:19:17,ЕЛЕна НОВИКОва,+7(9883)83-72,1,кОРМ для соБАК,4,1667.69,332.31,cancELLed,подарок вовремя,2024-03-14,7097480749854044
2029944294817,2024/03/17 23:19:17,ЕЛЕна НОВИКОва,+7(9883)83-72,4,ПодписКа нА гАзЕтУ,1,529.98,70.02,cANcelleD,подарок вовремя,2024-03-14,7097480749854044
2029944294817,2024/03/17 23:19:17,ЕЛЕна НОВИКОва,+7(9883)83-72,5,Молоко,2,5531.85,468.15,cAncelLEd,подарок вовремя,2024-03-14,7097480749854044
2029944293448,2024-03-20 14:35:06,ЕленА НОВИкоВа,+7(9805)89-63,1,КОРм ДЛя собАК,3,1460.81,39.19,cOmpLeTED,подарок вовремя,16.03.2024,9038779133797780
2029944293448,2024-03-20 14:35:06,ЕленА НОВИкоВа,+7(9805)89-63,3,амУниЦИЯ ДлЯ СОБАК,2,1951.78,448.22,comPLETED,подарок вовремя,16.03.2024,9038779133797780
2029944293448,2024-03-20 14:35:06,ЕленА НОВИкоВа,+7(9805)89-63,4,ПОДПИСКА на ГаЗеТу,5,2582.76,417.24,compLEteD,подарок вовремя,16.03.2024,9038779133797780
2029944293448,2024-03-20 14:35:06,ЕленА НОВИкоВа,+7(9805)89-63,4,ПодПИСКа нА гаЗеТУ,2,1003.5,196.5,cOMPleTEd,подарок вовремя,16.03.2024,9038779133797780
2029944292555,24.03.2024 06:56,ОлЬГа куЗнЕЦоВА,+7 9727 71 54,5,мОлОКо,4,9750.12,2249.88,cAnCelleD,Ждём с нетерпением!,2024-03-14,3848355853803599
2029944292555,24.03.2024 06:56,ОлЬГа куЗнЕЦоВА,+7 9727 71 54,5,молОКО,3,7699.49,1300.51,cAnceLLeD,Ждём с нетерпением!,2024-03-14,3848355853803599
2029944291561,03.03.2024 19:27,Анна смирнОвА,+7(9686)07-45,4,пОДпИСкА на ГазЕтУ,3,1761.46,38.54,COMpLETED,Ждём с нетерпением!,2024-03-05,3211534451932197
2029944291561,03.03.2024 19:27,Анна смирнОвА,+7(9686)07-45,3,аМУнИция ДлЯ сОбак,3,3426.76,173.24,ComPlEteD,Ждём с нетерпением!,2024-03-05,3211534451932197
2029944291561,03.03.2024 19:27,Анна смирнОвА,+7(9686)07-45,3,аМуНИцИя для сОбак,1,999.11,200.89,COmPlEtEd,Ждём с нетерпением!,2024-03-05,3211534451932197
2029944291561,03.03.2024 19:27,Анна смирнОвА,+7(9686)07-45,2,ИгРУшКа мЯч,5,1413.59,86.41,COmpleTED,Ждём с нетерпением!,2024-03-05,3211534451932197
2029944291561,03.03.2024 19:27,Анна смирнОвА,+7(9686)07-45,1,КОРМ длЯ соБак,4,1720.99,279.01,coMpleTeD,Ждём с нетерпением!,2024-03-05,3211534451932197
2029944290322,2024-03-13 08:36:34,сЕРГЕй сидоРов,+7(9836)01-81,1,коРм ДЛя Собак,1,479.07,20.93,CompLeTed,Всё отлично!,2024/03/04,0546843711564901
2029944290322,2024-03-13 08:36:34,сЕРГЕй сидоРов,+7(9836)01-81,4,подпИСка На гАЗетУ,1,559.88,40.12,cOMpLeTed,Всё отлично!,2024/03/04,0546843711564901
2029944290322,2024-03-13 08:36:34,сЕРГЕй сидоРов,+7(9836)01-81,3,АмунИция длЯ соБаК,3,3556.16,43.84,COMPLEteD,Всё отлично!,2024/03/04,0546843711564901
2029944289742,2024/03/31 02:43:08,аЛексеЙ МиХАйлОв,+7 9997 28 56,4,пОДпиСКа на гаЗеТУ,4,2117.75,282.25,cANCElleD,спасибо за заказ,20.03.2024,9957750651480753
2029944288282,2024-03-01 08:02:35,серГеЙ СИДорОв,8(9112) 75-44,5,МолоКО,4,10138.54,1861.46,canCELLEd,Проверить наличие,11.03.2024,5786649991144675
2029944288282,2024-03-01 08:02:35,серГеЙ СИДорОв,8(9112) 75-44,1,кОрм ДлЯ соБаК,2,895.17,104.83,CAnCeLLed,Проверить наличие,11.03.2024,5786649991144675
2029944288282,2024-03-01 08:02:35,серГеЙ СИДорОв,8(9112) 75-44,4,пОдпИскА На гаЗету,5,2514.83,485.17,caNCEllEd,Проверить наличие,11.03.2024,5786649991144675
2029944288282,2024-03-01 08:02:35,серГеЙ СИДорОв,8(9112) 75-44,2,игРУшКА мЯЧ,4,1039.56,160.44,CancElLED,Проверить наличие,11.03.2024,5786649991144675
2029944287220,2024-03-08 08:29:57,МарИЯ ПетроВА,+7(9549)51-60,3,АмуНИция Для СобАК,3,3037.48,562.52,ProCEsSIng,спасибо за заказ,2024/03/25,3616903748477811
2029944287220,2024-03-08 08:29:57,МарИЯ ПетроВА,+7(9549)51-60,5,МОлОко,5,12660.63,2339.37,pROCESSINg,спасибо за заказ,2024/03/25,3616903748477811
2029944286925,2024/03/14 16:56:49,МарИЯ ПЕтРова,+7 9833 86 54,5,молОкО,5,12365.59,2634.41,CANCeLLED,спасибо за заказ,2024/03/04,8664042183100245
2029944286925,2024/03/14 16:56:49,МарИЯ ПЕтРова,+7 9833 86 54,2,иГРушКА мяЧ,3,757.02,142.98,cancellED,спасибо за заказ,2024/03/04,8664042183100245
2029944286925,2024/03/14 16:56:49,МарИЯ ПЕтРова,+7 9833 86 54,2,иГруШКА мяЧ,3,842.69,57.31,CancELLED,спасибо за заказ,2024/03/04,8664042183100245
2029944286925,2024/03/14 16:56:49,МарИЯ ПЕтРова,+7 9833 86 54,3,амуниЦия ДЛЯ СобАК,3,3474.06,125.94,caNCELLEd,спасибо за заказ,2024/03/04,8664042183100245
2029944285652,2024-03-04 00:16:24,НАТаЛЬЯ ВасиЛЬЕва,8(9461) 80-10,5,молОКо,1,2589.24,410.76,PRoceSsiNg,"Задержка с доставкой, печалька...",2024/03/09,2411252774150900
2029944285652,2024-03-04 00:16:24,НАТаЛЬЯ ВасиЛЬЕва,8(9461) 80-10,4,ПодпиСкА нА ГАзеТу,4,1989.1,410.9,proCESSiNg,"Задержка с доставкой, печалька...",2024/03/09,2411252774150900
2029944285652,2024-03-04 00:16:24,НАТаЛЬЯ ВасиЛЬЕва,8(9461) 80-10,3,амуНиЦиЯ Для СобаК,3,3171.5,428.5,prOcesSing,"Задержка с доставкой, печалька...",2024/03/09,2411252774150900
2029944284488,15.03.2024 09:58,маРиЯ пЕТРовА,8(9044) 98-88,4,пОдПИСка НА гАЗЕту,2,1087.66,112.34,ComPLEteD,Нужно уточнить сроки,13.03.2024,2782824901721074
2029944284488,15.03.2024 09:58,маРиЯ пЕТРовА,8(9044) 98-88,2,ИгрУшкА МЯч,3,862.03,37.97,cOMPLEtEd,Нужно уточнить сроки,13.03.2024,2782824901721074
2029944284488,15.03.2024 09:58,маРиЯ пЕТРовА,8(9044) 98-88,1,КОрМ ДЛя сОБаК,3,1366.17,133.83,COMPleteD,Нужно уточнить сроки,13.03.2024,2782824901721074
2029944283834,2024-03-21 04:05:36,МиХАИл оРлОВ,+7(9270)81-96,3,АмУНИциЯ дЛя сОБаК,4,4704.58,95.42,CAnCelLeD,Всё отлично!,2024-03-03,4311786193150154
2029944283834,2024-03-21 04:05:36,МиХАИл оРлОВ,+7(9270)81-96,3,амУнИЦИЯ для СОБАк,2,2015.63,384.37,cANceLLeD,Всё отлично!,2024-03-03,4311786193150154
2029944282850,03.03.2024 12:58,Мария ПЕТроВА,+7(9148)87-83,2,ИГрУшка МяЧ,2,503.58,96.42,complETeD,подарок вовремя,29.03.2024,4870851011251523
2029944282850,03.03.2024 12:58,Мария ПЕТроВА,+7(9148)87-83,1,коРм Для СОбАК,5,2248.41,251.59,ComPLETed,подарок вовремя,29.03.2024,4870851011251523
2029944282850,03.03.2024 12:58,Мария ПЕТроВА,+7(9148)87-83,1,КоРм Для собак,5,2378.33,121.67,CoMplEtED,подарок вовремя,29.03.2024,4870851011251523
2029944281705,2024/03/29 16:54:19,Иван иванОв,8(9003) 58-12,5,МОЛоко,5,14855.37,144.63,COmPlETED,Нужно уточнить сроки,01.03.2024,4750663305583059
2029944281705,2024/03/29 16:54:19,Иван иванОв,8(9003) 58-12,1,КОРм ДЛЯ соБАК,5,2298.36,201.64,COMPlEteD,Нужно уточнить сроки,01.03.2024,4750663305583059
2029944281705,2024/03/29 16:54:19,Иван иванОв,8(9003) 58-12,2,ИгруШкА МяЧ,2,542.48,57.52,CoMpLETeD,Нужно уточнить сроки,01.03.2024,4750663305583059
2029944280840,2024-03-12 14:43:20,оЛьГА кУзНеЦовА,+7(9947)88-03,1,КОРм длЯ СОбаК,1,468.99,31.01,cOmPletED,Всё отлично!,30.03.2024,9446144470939465
2029944280840,2024-03-12 14:43:20,оЛьГА кУзНеЦовА,+7(9947)88-03,4,ПОдПИСкА На гАзеТУ,3,1631.72,168.28,CompLEtEd,Всё отлично!,30.03.2024,9446144470939465
2029944280840,2024-03-12 14:43:20,оЛьГА кУзНеЦовА,+7(9947)88-03,3,амунИцИЯ для собак,5,4954.05,1045.95,COmplETED,Всё отлично!,30.03.2024,9446144470939465
2029944280840,2024-03-12 14:43:20,оЛьГА кУзНеЦовА,+7(9947)88-03,4,пОДпиСКа На ГазетУ,3,1507.68,292.32,cOmPLETeD,Всё отлично!,30.03.2024,9446144470939465
2029944280840,2024-03-12 14:43:20,оЛьГА кУзНеЦовА,+7(9947)88-03,2,игрУШКА МЯЧ,5,1371.99,128.01,coMpleted,Всё отлично!,30.03.2024,9446144470939465
2029944279950,2024-03-04 13:29:55,миХаиЛ оРЛоВ,+7(9297)70-61,5,МоЛоКО,4,10652.52,1347.48,COmPleTEd,"Задержка с доставкой, печалька...",2024-03-08,6735303333444558
2029944278970,2024/03/13 06:49:39,иВаН иВаНОВ,+7(9059)46-86,2,ИГРУШКА Мяч,4,1178.63,21.37,proCesSiNG,Всё отлично!,27.03.2024,7075038203697845
2029944278970,2024/03/13 06:49:39,иВаН иВаНОВ,+7(9059)46-86,2,ИГрушкА мяч,1,274.71,25.29,ProcESsINg,Всё отлично!,27.03.2024,7075038203697845
2029944278970,2024/03/13 06:49:39,иВаН иВаНОВ,+7(9059)46-86,1,кОрм ДЛЯ соБаК,5,2384.47,115.53,PRocESSiNG,Всё отлично!,27.03.2024,7075038203697845
2029944278970,2024/03/13 06:49:39,иВаН иВаНОВ,+7(9059)46-86,2,иГрУШка МЯЧ,5,1301.68,198.32,proCESsing,Всё отлично!,27.03.2024,7075038203697845
2029944278970,2024/03/13 06:49:39,иВаН иВаНОВ,+7(9059)46-86,5,молоко,4,9827.87,2172.13,ProCesSING,Всё отлично!,27.03.2024,7075038203697845
2029944277215,2024/03/28 09:18:27,олЬга КУЗнЕЦоВА,8(9295) 47-87,1,кОРМ Для СОбАК,1,459.04,40.96,compLeTeD,подарок вовремя,16.03.2024,6051880845087321
2029944277215,2024/03/28 09:18:27,олЬга КУЗнЕЦоВА,8(9295) 47-87,3,АМУНициЯ Для СОБАК,2,2257.12,142.88,cOmPLEteD,подарок вовремя,16.03.2024,6051880845087321
2029944277215,2024/03/28 09:18:27,олЬга КУЗнЕЦоВА,8(9295) 47-87,4,ПоДПиСКА на гаЗЕту,1,523.32,76.68,comPlEtEd,подарок вовремя,16.03.2024,6051880845087321
2029944276796,31.03.2024 01:06,НатАлЬЯ вАСИлЬевА,+7(9012)08-24,1,КОРМ для СобАк,1,419.2,80.8,CANCelLed,Всё отлично!,2024/03/24,6531377709915596
2029944276796,31.03.2024 01:06,НатАлЬЯ вАСИлЬевА,+7(9012)08-24,2,ИГРУШКа мяЧ,3,780.6,119.4,CaNCEllEd,Всё отлично!,2024/03/24,6531377709915596
2029944275407,2024-03-15 16:09:25,МАрИя петРоВа,8(9487) 97-76,1,КОРм для собак,4,1789.59,210.41,CAncellEd,Ждём с нетерпением!,05.03.2024,6458253628702935
2029944274301,2024-03-02 18:04:47,АНна СмирнОва,8(9505) 24-68,1,КОРм ДЛЯ СоБАК,1,434.47,65.53,PrOcesSiNG,подарок вовремя,2024-03-26,1762198674331200
2029944274301,2024-03-02 18:04:47,АНна СмирнОва,8(9505) 24-68,3,АмУнИциЯ ДЛЯ СоБАК,2,2010.35,389.65,PRoCeSsing,подарок вовремя,2024-03-26,1762198674331200
2029944273580,28.03.2024 06:03,ольгА кузнецоВА,+7(9989)55-42,2,ИГРУШкА мЯч,4,1098.36,101.64,pROCESsiNg,Проверить наличие,2024/03/29,0259945641287759
2029944273580,28.03.2024 06:03,ольгА кузнецоВА,+7(9989)55-42,1,кОРм ДлЯ СоБак,1,499.2,0.8,PRoCessiNG,Проверить наличие,2024/03/29,0259945641287759
2029944272115,30.03.2024 22:22,анна сМИрнОва,8(9221) 07-63,1,кОРм дЛя соБаК,4,1750.51,249.49,pRoCEsSING,подарок вовремя,11.03.2024,3033612593212653
2029944272115,30.03.2024 22:22,анна сМИрнОва,8(9221) 07-63,5,моЛОКо,2,5157.12,842.88,prOcEssinG,подарок вовремя,11.03.2024,3033612593212653
2029944272115,30.03.2024 22:22,анна сМИрнОва,8(9221) 07-63,2,ИГрУшКА МЯЧ,3,823.0,77.0,PrOCeSsIng,подарок вовремя,11.03.2024,3033612593212653
2029944272115,30.03.2024 22:22,анна сМИрнОва,8(9221) 07-63,2,ИгрушКа мЯЧ,4,1015.41,184.59,ProcessING,подарок вовремя,11.03.2024,3033612593212653
2029944272115,30.03.2024 22:22,анна сМИрнОва,8(9221) 07-63,1,кОРм ДЛЯ сОбАк,5,2180.68,319.32,pROceSsiNG,подарок вовремя,11.03.2024,3033612593212653
2029944271432,2024/03/10 18:16:37,дМИтрИЙ КуЗНЕцоВ,+7(9292)37-78,1,КорМ ДлЯ СоБАк,1,462.84,37.16,ProcESSINg,"Задержка с доставкой, печалька...",2024-03-16,1684547541154909
2029944271432,2024/03/10 18:16:37,дМИтрИЙ КуЗНЕцоВ,+7(9292)37-78,3,АмуНиЦИЯ дЛя сОбак,2,1959.48,440.52,proceSsINg,"Задержка с доставкой, печалька...",2024-03-16,1684547541154909
2029944271432,2024/03/10 18:16:37,дМИтрИЙ КуЗНЕцоВ,+7(9292)37-78,5,мОлоКО,4,11302.75,697.25,pRoCEssinG,"Задержка с доставкой, печалька...",2024-03-16,1684547541154909
2029944271432,2024/03/10 18:16:37,дМИтрИЙ КуЗНЕцоВ,+7(9292)37-78,3,АМУниЦиЯ ДлЯ собАк,5,5115.66,884.34,procEsSinG,"Задержка с доставкой, печалька...",2024-03-16,1684547541154909
2029944271432,2024/03/10 18:16:37,дМИтрИЙ КуЗНЕцоВ,+7(9292)37-78,4,пОДПИСКА НА ГАзеТу,1,486.03,113.97,PRocESsInG,"Задержка с доставкой, печалька...",2024-03-16,1684547541154909
2029944270523,08.03.2024 01:59,миХАил ОРлов,+7 9126 88 50,2,игрУшКа Мяч,3,786.84,113.16,CoMpLEted,спасибо за заказ,2024/03/25,1321152583610113
2029944269929,2024/03/20 15:08:06,мАриЯ ПЕтрОВа,+7 9904 64 20,3,амУниЦИя ДЛя сОбАк,2,1988.81,411.19,CANcELLed,Всё отлично!,2024-03-29,8819299574138366
2029944269929,2024/03/20 15:08:06,мАриЯ ПЕтрОВа,+7 9904 64 20,2,игрУшКа мяЧ,3,725.07,174.93,CANCElLEd,Всё отлично!,2024-03-29,8819299574138366
2029944269929,2024/03/20 15:08:06,мАриЯ ПЕтрОВа,+7 9904 64 20,2,ИГрушкА мЯЧ,2,496.07,103.93,canCeLled,Всё отлично!,2024-03-29,8819299574138366
2029944269929,2024/03/20 15:08:06,мАриЯ ПЕтрОВа,+7 9904 64 20,3,АмУНИцИя Для сОбАк,4,4600.91,199.09,CANcelLeD,Всё отлично!,2024-03-29,8819299574138366
2029944268199,2024/03/12 03:41:05,АнНА СмиРНОва,+7 9950 55 93,1,кОрМ Для сОбаК,1,407.71,92.29,CANcelLEd,Всё отлично!,2024/03/25,5651112071728160
2029944268199,2024/03/12 03:41:05,АнНА СмиРНОва,+7 9950 55 93,2,игРУшка мЯч,4,1195.62,4.38,CaNcELlED,Всё отлично!,2024/03/25,5651112071728160
2029944268199,2024/03/12 03:41:05,АнНА СмиРНОва,+7 9950 55 93,5,мОлоКо,3,8473.09,526.91,CANcelLED,Всё отлично!,2024/03/25,5651112071728160
2029944267430,2024-03-09 19:30:01,аННа СмИРнОВА,+7(9180)94-68,4,поДПИСКА На ГазЕТу,5,2873.47,126.53,complEted,спасибо за заказ,07.03.2024,3823485644549605
2029944267430,2024-03-09 19:30:01,аННа СмИРнОВА,+7(9180)94-68,5,мОлоКО,1,2644.78,355.22,CoMPLeTeD,спасибо за заказ,07.03.2024,3823485644549605
2029944267430,2024-03-09 19:30:01,аННа СмИРнОВА,+7(9180)94-68,2,ИГрУШКА МЯч,5,1211.19,288.81,cOmPletED,спасибо за заказ,07.03.2024,3823485644549605
2029944267430,2024-03-09 19:30:01,аННа СмИРнОВА,+7(9180)94-68,4,ПоДпИсКа на ГАзЕтУ,1,576.78,23.22,COmPletED,спасибо за заказ,07.03.2024,3823485644549605
2029944266577,24.03.2024 06:58,нАТАЛЬя ВасИЛьеВа,+7 9377 28 67,5,Молоко,1,2741.71,258.29,pRoCEsSing,Проверить наличие,09.03.2024,9046053013391325
2029944265450,2024-03-03 10:30:25,НАтаЛья вАсИлЬЕва,8(9089) 67-18,2,иГруШКа мЯч,3,879.13,20.87,caNCELled,Проверить наличие,07.03.2024,2907404659985578
2029944265450,2024-03-03 10:30:25,НАтаЛья вАсИлЬЕва,8(9089) 67-18,3,аМуницИЯ Для сОбаК,4,4686.76,113.24,CANCEllED,Проверить наличие,07.03.2024,2907404659985578
2029944265450,2024-03-03 10:30:25,НАтаЛья вАсИлЬЕва,8(9089) 67-18,2,ИгруШка МЯч,1,245.09,54.91,cAnCELled,Проверить наличие,07.03.2024,2907404659985578
2029944265450,2024-03-03 10:30:25,НАтаЛья вАсИлЬЕва,8(9089) 67-18,4,подПИсКа На газеТУ,1,579.38,20.62,cANCELlED,Проверить наличие,07.03.2024,2907404659985578
2029944264972,2024/03/21 16:07:55,аЛЕксЕЙ МИхАЙлОв,+7 9497 73 67,4,ПОДПисКА НА газетУ,3,1671.49,128.51,cOMpLeted,Всё отлично!,24.03.2024,8854267485010852
2029944264972,2024/03/21 16:07:55,аЛЕксЕЙ МИхАЙлОв,+7 9497 73 67,5,МоЛокО,5,13651.55,1348.45,cOmpLeTEd,Всё отлично!,24.03.2024,8854267485010852
2029944263256,06.03.2024 22:21,НаталЬЯ ваСИльЕВа,+7(9504)90-53,1,кОРМ Для СобаК,1,424.71,75.29,coMpLEteD,Нужно уточнить сроки,26.03.2024,0929685224798565
2029944263256,06.03.2024 22:21,НаталЬЯ ваСИльЕВа,+7(9504)90-53,2,ИгрУШКА МЯЧ,2,578.32,21.68,COmPlEted,Нужно уточнить сроки,26.03.2024,0929685224798565
2029944263256,06.03.2024 22:21,НаталЬЯ ваСИльЕВа,+7(9504)90-53,2,ИгРУшКА мЯЧ,2,593.22,6.78,coMpLeteD,Нужно уточнить сроки,26.03.2024,0929685224798565
2029944263256,06.03.2024 22:21,НаталЬЯ ваСИльЕВа,+7(9504)90-53,4,поДпискА НА ГАзеТУ,4,2097.16,302.84,COmpLeTeD,Нужно уточнить сроки,26.03.2024,0929685224798565
2029944263256,06.03.2024 22:21,НаталЬЯ ваСИльЕВа,+7(9504)90-53,2,ИгруШкА МЯЧ,3,883.24,16.76,cOmpLETeD,Нужно уточнить сроки,26.03.2024,0929685224798565
2029944262637,2024-03-10 21:33:32,елЕНА НоВиКоВа,8(9960) 00-22,5,МолОКо,2,5411.01,588.99,ProcESsiNg,Проверить наличие,01.03.2024,9481334546596041
2029944262637,2024-03-10 21:33:32,елЕНА НоВиКоВа,8(9960) 00-22,2,иГрУшКа МЯч,5,1211.8,288.2,ProCESSinG,Проверить наличие,01.03.2024,9481334546596041
2029944261676,2024-03-30 13:56:49,мАриЯ пеТРОВА,8(9600) 00-75,5,молОкО,5,13351.6,1648.4,CANcELLed,Нужно уточнить сроки,2024-03-10,0254115536916803
2029944261676,2024-03-30 13:56:49,мАриЯ пеТРОВА,8(9600) 00-75,2,игрУшка мЯч,3,796.66,103.34,CaNcEllEd,Нужно уточнить сроки,2024-03-10,0254115536916803
2029944261676,2024-03-30 13:56:49,мАриЯ пеТРОВА,8(9600) 00-75,5,мОЛоКО,4,10552.73,1447.27,CAnCElLeD,Нужно уточнить сроки,2024-03-10,0254115536916803
2029944261676,2024-03-30 13:56:49,мАриЯ пеТРОВА,8(9600) 00-75,3,амуНИЦия дЛЯ собАк,2,2253.0,147.0,canCELLeD,Нужно уточнить сроки,2024-03-10,0254115536916803
2029944260467,2024-03-18 03:02:50,маРия ПетроВа,+7(9581)74-89,5,моЛОКо,2,5838.66,161.34,PrOCESSiNG,подарок вовремя,2024/03/26,3889793529040344
2029944260467,2024-03-18 03:02:50,маРия ПетроВа,+7(9581)74-89,3,АмУнИЦИЯ дЛЯ сОбАК,2,1954.67,445.33,ProceSSiNG,подарок вовремя,2024/03/26,3889793529040344
2029944259879,06.03.2024 15:27,нАтальЯ васИЛЬЕВА,8(9646) 41-38,3,АмУнИЦИЯ ДЛЯ СоБАК,2,2293.93,106.07,cancElleD,Нужно уточнить сроки,2024-03-11,0466904050927776
2029944259879,06.03.2024 15:27,нАтальЯ васИЛЬЕВА,8(9646) 41-38,1,КОрм для сОБаК,2,933.28,66.72,CANCELleD,Нужно уточнить сроки,2024-03-11,0466904050927776
2029944259879,06.03.2024 15:27,нАтальЯ васИЛЬЕВА,8(9646) 41-38,3,амуНиция ДЛЯ собак,5,5122.98,877.02,cAnCeLLeD,Нужно уточнить сроки,2024-03-11,0466904050927776
2029944259879,06.03.2024 15:27,нАтальЯ васИЛЬЕВА,8(9646) 41-38,4,пОДПИСка На Газету,5,2989.24,10.76,cANCELlEd,Нужно уточнить сроки,2024-03-11,0466904050927776
2029944259879,06.03.2024 15:27,нАтальЯ васИЛЬЕВА,8(9646) 41-38,1,Корм Для сОБАк,5,2144.52,355.48,cANceLlED,Нужно уточнить сроки,2024-03-11,0466904050927776
2029944258564,07.03.2024 10:23,маРИя петРоВа,+7 9647 70 05,4,ПоДпИсКА нА ГазЕту,1,526.95,73.05,coMPlEtED,спасибо за заказ,2024-03-21,1433162348831105
2029944257658,2024/03/18 09:07:00,оЛьГА КУЗнеЦова,+7(9588)82-16,1,корм ДЛЯ собАк,2,904.76,95.24,PROcEssING,"Задержка с доставкой, печалька...",2024-03-25,2827847291956499
2029944257658,2024/03/18 09:07:00,оЛьГА КУЗнеЦова,+7(9588)82-16,3,амуНИцИЯ для сОбАК,5,5479.19,520.81,PROCESsIng,"Задержка с доставкой, печалька...",2024-03-25,2827847291956499
2029944257658,2024/03/18 09:07:00,оЛьГА КУЗнеЦова,+7(9588)82-16,4,пОДпИсКа нА Газету,2,1022.86,177.14,PROceSsiNg,"Задержка с доставкой, печалька...",2024-03-25,2827847291956499
2029944257658,2024/03/18 09:07:00,оЛьГА КУЗнеЦова,+7(9588)82-16,2,ИгрУшка МЯч,3,826.35,73.65,pROCESSING,"Задержка с доставкой, печалька...",2024-03-25,2827847291956499
2029944256338,23.03.2024 09:22,Михаил ОРлОв,+7 9308 17 87,5,мОЛОКо,4,11528.91,471.09,procEssInG,Проверить наличие,2024/03/06,3496972090979393
2029944256338,23.03.2024 09:22,Михаил ОРлОв,+7 9308 17 87,2,игрУшкА МяЧ,3,738.47,161.53,pRocessinG,Проверить наличие,2024/03/06,3496972090979393
2029944256338,23.03.2024 09:22,Михаил ОРлОв,+7 9308 17 87,1,КОрМ ДЛЯ СоБак,1,423.11,76.89,pRocEssInG,Проверить наличие,2024/03/06,3496972090979393
2029944255963,2024/03/27 00:28:41,ОльгА КуЗнеЦОВа,8(9550) 71-66,5,МОлокО,4,10482.48,1517.52,PrOceSsiNg,Нужно уточнить сроки,2024-03-09,2742141205394246
2029944254787,12.03.2024 15:33,аННА СМИрнОва,+7 9446 37 79,4,поДпИскА НА гАзету,4,2342.22,57.78,cAncelLeD,Всё отлично!,24.03.2024,4923564154543644
2029944254787,12.03.2024 15:33,аННА СМИрнОва,+7 9446 37 79,3,амУницИЯ ДЛя СОбаК,1,998.45,201.55,CANcelLed,Всё отлично!,24.03.2024,4923564154543644
2029944254787,12.03.2024 15:33,аННА СМИрнОва,+7 9446 37 79,5,МОЛОКо,2,5044.73,955.27,CaNCElLED,Всё отлично!,24.03.2024,4923564154543644
2029944254787,12.03.2024 15:33,аННА СМИрнОва,+7 9446 37 79,5,МОлОКО,5,14855.52,144.48,CanceLLeD,Всё отлично!,24.03.2024,4923564154543644
2029944253712,2024-03-10 20:31:03,алЕксей миХАЙлОВ,+7 9437 91 45,4,ПОдПисКа на ГазЕтУ,3,1740.98,59.02,caNcElLED,Ждём с нетерпением!,22.03.2024,6660387965602696
2029944253712,2024-03-10 20:31:03,алЕксей миХАЙлОВ,+7 9437 91 45,3,аМуНИцИя ДлЯ сОбАк,3,3213.9,386.1,cANceLlEd,Ждём с нетерпением!,22.03.2024,6660387965602696
2029944253712,2024-03-10 20:31:03,алЕксей миХАЙлОВ,+7 9437 91 45,1,КОРм Для соБАК,3,1364.28,135.72,caNcelLED,Ждём с нетерпением!,22.03.2024,6660387965602696
2029944252904,26.03.2024 21:05,АлеКСЕй мИхАйлОв,+7(9414)45-72,4,поДПисКа нА ГАЗету,2,1088.65,111.35,ProcEsSiNG,Проверить наличие,27.03.2024,6494004980227847
2029944251450,2024/03/19 04:03:38,алеКсей МИхайлОв,+7(9895)42-75,4,ПодписКа НА гаЗетУ,3,1781.89,18.11,pRocESsIng,спасибо за заказ,2024/03/06,9273222495817962
2029944250161,2024-03-01 16:44:41,анНа СмирноВА,+7(9990)72-12,5,МолОкО,2,5104.59,895.41,PROcESsiNG,"Задержка с доставкой, печалька...",11.03.2024,7955998953039594
2029944250161,2024-03-01 16:44:41,анНа СмирноВА,+7(9990)72-12,5,мОЛоКо,4,10109.04,1890.96,PROCeSSIng,"Задержка с доставкой, печалька...",11.03.2024,7955998953039594
2029944249701,25.03.2024 23:21,оЛЬГа кУЗНеЦова,+7(9251)21-58,2,ИгрУШКа мЯч,5,1327.44,172.56,CAnCelled,Всё отлично!,2024-03-07,4418352104241889
2029944249701,25.03.2024 23:21,оЛЬГа кУЗНеЦова,+7(9251)21-58,2,ИгРУшКА мяч,2,502.85,97.15,cancEllEd,Всё отлично!,2024-03-07,4418352104241889
2029944249701,25.03.2024 23:21,оЛЬГа кУЗНеЦова,+7(9251)21-58,5,МОлОкО,4,10237.29,1762.71,cANCelLED,Всё отлично!,2024-03-07,4418352104241889
2029944248136,09.03.2024 16:06,нАталья ВАсИлЬЕВА,+7 9759 36 61,3,АМунИЦИя длЯ соБак,2,2181.37,218.63,CanCELLeD,подарок вовремя,2024/03/09,6375354750512288
2029944248136,09.03.2024 16:06,нАталья ВАсИлЬЕВА,+7 9759 36 61,3,АМУнИЦИя ДЛя сОбак,2,2197.79,202.21,CancElLeD,подарок вовремя,2024/03/09,6375354750512288
2029944248136,09.03.2024 16:06,нАталья ВАсИлЬЕВА,+7 9759 36 61,5,МолОКо,1,2421.17,578.83,caNceLLed,подарок вовремя,2024/03/09,6375354750512288
2029944248136,09.03.2024 16:06,нАталья ВАсИлЬЕВА,+7 9759 36 61,4,ПОдПИСкА нА газЕТу,4,2203.45,196.55,cANCELLEd,подарок вовремя,2024/03/09,6375354750512288
2029944248136,09.03.2024 16:06,нАталья ВАсИлЬЕВА,+7 9759 36 61,1,КорМ Для соБАк,3,1456.51,43.49,cANCElleD,подарок вовремя,2024/03/09,6375354750512288
2029944247672,30.03.2024 20:18,МИХАил орлов,+7(9801)06-76,3,АМУНициЯ длЯ сОбак,1,1119.58,80.42,CancELLeD,спасибо за заказ,20.03.2024,7625380417912922
2029944247672,30.03.2024 20:18,МИХАил орлов,+7(9801)06-76,4,ПОДписКА НА гаЗетУ,2,1072.74,127.26,cAnCEllED,спасибо за заказ,20.03.2024,7625380417912922
2029944246900,13.03.2024 08:01,анНа смирНОВа,+7 9937 29 79,5,мОЛоко,5,12506.14,2493.86,cAnCeLLED,Всё отлично!,2024/03/25,6018062192463496
2029944246900,13.03.2024 08:01,анНа смирНОВа,+7 9937 29 79,1,КОРМ ДЛя СОбАК,2,800.94,199.06,caNCelLED,Всё отлично!,2024/03/25,6018062192463496
2029944246900,13.03.2024 08:01,анНа смирНОВа,+7 9937 29 79,2,ИГРушкА мяч,4,1066.49,133.51,canCElleD,Всё отлично!,2024/03/25,6018062192463496
2029944246900,13.03.2024 08:01,анНа смирНОВа,+7 9937 29 79,4,ПоДПИска нА гАЗету,2,1133.8,66.2,caNCeLlED,Всё отлично!,2024/03/25,6018062192463496
2029944246900,13.03.2024 08:01,анНа смирНОВа,+7 9937 29 79,3,аМуниция ДЛя СОБак,5,5789.27,210.73,CaNceLlEd,Всё отлично!,2024/03/25,6018062192463496
2029944245496,2024/03/17 00:05:46,АЛеКСЕЙ МИХаЙлоВ,+7(9484)95-54,1,Корм для сОбаК,5,2284.68,215.32,CancElleD,Нужно уточнить сроки,09.03.2024,5389005000116086
2029944245496,2024/03/17 00:05:46,АЛеКСЕЙ МИХаЙлоВ,+7(9484)95-54,5,моЛОкО,1,2495.08,504.92,CAnceLlED,Нужно уточнить сроки,09.03.2024,5389005000116086
2029944244940,20.03.2024 04:46,дмИтрИЙ кУЗнецОв,+7(9044)84-71,1,корМ для сОБаК,1,441.56,58.44,caNCelLed,Всё отлично!,2024/03/15,5155825658838457
2029944244940,20.03.2024 04:46,дмИтрИЙ кУЗнецОв,+7(9044)84-71,1,кОрм ДлЯ собаК,4,1656.85,343.15,CAncellED,Всё отлично!,2024/03/15,5155825658838457
2029944244940,20.03.2024 04:46,дмИтрИЙ кУЗнецОв,+7(9044)84-71,2,ИгрУшКА мяч,2,497.95,102.05,cANcelLeD,Всё отлично!,2024/03/15,5155825658838457
2029944244940,20.03.2024 04:46,дмИтрИЙ кУЗнецОв,+7(9044)84-71,1,корМ для СОбак,2,991.63,8.37,CaNCeLlED,Всё отлично!,2024/03/15,5155825658838457
2029944243622,2024-03-17 17:38:06,сЕрГЕЙ СидОРОв,+7 9545 96 02,2,ИгРУШКА Мяч,3,739.79,160.21,cAncELLed,спасибо за заказ,18.03.2024,3888511200432520
2029944243622,2024-03-17 17:38:06,сЕрГЕЙ СидОРОв,+7 9545 96 02,2,иГрушка МЯч,2,599.99,0.01,CaNceLLeD,спасибо за заказ,18.03.2024,3888511200432520
2029944243622,2024-03-17 17:38:06,сЕрГЕЙ СидОРОв,+7 9545 96 02,1,кОрм ДлЯ соБАК,4,1893.38,106.62,caNCeLLED,спасибо за заказ,18.03.2024,3888511200432520
2029944242292,03.03.2024 17:20,НаТаЛЬЯ ВасильЕва,+7(9431)11-02,4,поДПИСкА на ГАЗЕтУ,3,1756.11,43.89,CaNcELLEd,Ждём с нетерпением!,16.03.2024,2625017987967543
2029944242292,03.03.2024 17:20,НаТаЛЬЯ ВасильЕва,+7(9431)11-02,3,АмуницИЯ длЯ СобАк,1,1073.43,126.57,caNCElleD,Ждём с нетерпением!,16.03.2024,2625017987967543
2029944242292,03.03.2024 17:20,НаТаЛЬЯ ВасильЕва,+7(9431)11-02,2,ИГРУШКа Мяч,4,1130.14,69.86,CancellEd,Ждём с нетерпением!,16.03.2024,2625017987967543
2029944242292,03.03.2024 17:20,НаТаЛЬЯ ВасильЕва,+7(9431)11-02,2,ИгРушка мяЧ,5,1437.05,62.95,CANceLled,Ждём с нетерпением!,16.03.2024,2625017987967543
2029944242292,03.03.2024 17:20,НаТаЛЬЯ ВасильЕва,+7(9431)11-02,4,поДпИсКа На газетУ,1,486.91,113.09,CaNceLlED,Ждём с нетерпением!,16.03.2024,2625017987967543
2029944241168,2024/03/31 16:09:50,мИХАИл оРлоВ,+7(9635)19-09,1,КОрМ ДЛЯ СоБаК,2,908.65,91.35,cAnCELleD,Ждём с нетерпением!,03.03.2024,4807932473470872
2029944241168,2024/03/31 16:09:50,мИХАИл оРлоВ,+7(9635)19-09,5,молОКО,4,10869.83,1130.17,caNcElLeD,Ждём с нетерпением!,03.03.2024,4807932473470872
2029944241168,2024/03/31 16:09:50,мИХАИл оРлоВ,+7(9635)19-09,1,КОРМ дЛЯ сОБаК,2,972.02,27.98,CanceLled,Ждём с нетерпением!,03.03.2024,4807932473470872
2029944240421,2024/03/17 23:08:59,ЕлеНа НОВиКОВА,+7 9785 82 12,5,мОлоКО,3,8847.58,152.42,comPleTED,Нужно уточнить сроки,2024-03-15,8717597289348591
2029944239681,2024/03/04 03:31:16,Анна смирноВА,+7 9499 67 77,5,МОЛОКо,1,2597.09,402.91,caNCelleD,"Задержка с доставкой, печалька...",2024/03/14,9707195485090690
2029944239681,2024/03/04 03:31:16,Анна смирноВА,+7 9499 67 77,4,ПоДписКа НА гАЗету,4,2253.77,146.23,caNcELLeD,"Задержка с доставкой, печалька...",2024/03/14,9707195485090690
2029944239681,2024/03/04 03:31:16,Анна смирноВА,+7 9499 67 77,2,ИгрушКа Мяч,3,840.86,59.14,CANCElLEd,"Задержка с доставкой, печалька...",2024/03/14,9707195485090690
2029944238557,2024-03-21 14:30:49,АлеКсей миХайлоВ,+7 9814 79 08,1,КОРм ДлЯ СобАК,5,2389.21,110.79,CompLETed,спасибо за заказ,2024/03/17,6254691628460458
2029944238557,2024-03-21 14:30:49,АлеКсей миХайлоВ,+7 9814 79 08,3,аМУНИЦия ДлЯ сОБАк,1,960.16,239.84,COMPlEtED,спасибо за заказ,2024/03/17,6254691628460458
2029944238557,2024-03-21 14:30:49,АлеКсей миХайлоВ,+7 9814 79 08,1,КорМ Для сОБак,3,1288.61,211.39,comPletEd,спасибо за заказ,2024/03/17,6254691628460458
2029944238557,2024-03-21 14:30:49,АлеКсей миХайлоВ,+7 9814 79 08,1,корМ дЛЯ соБАк,1,444.34,55.66,COMpleteD,спасибо за заказ,2024/03/17,6254691628460458
2029944237153,2024/03/16 20:40:35,дмиТрий кузНецОВ,+7 9546 39 38,1,КОРМ длЯ СОБаК,3,1450.47,49.53,CANCEllED,Проверить наличие,2024-03-31,8731581796559041
2029944237153,2024/03/16 20:40:35,дмиТрий кузНецОВ,+7 9546 39 38,5,МОлоКо,4,9929.48,2070.52,CanCELlEd,Проверить наличие,2024-03-31,8731581796559041
2029944237153,2024/03/16 20:40:35,дмиТрий кузНецОВ,+7 9546 39 38,1,КОрМ ДЛя СОБаК,3,1209.42,290.58,cANCELLED,Проверить наличие,2024-03-31,8731581796559041
2029944237153,2024/03/16 20:40:35,дмиТрий кузНецОВ,+7 9546 39 38,5,МОЛОКо,2,5135.86,864.14,cancelLED,Проверить наличие,2024-03-31,8731581796559041
2029944236866,30.03.2024 03:49,НАТаЛЬя ВАСИльЕвА,+7 9684 28 77,4,ПодпИСКа НА ГазетУ,2,1110.19,89.81,PRocessINg,спасибо за заказ,20.03.2024,8526021344400836
2029944236866,30.03.2024 03:49,НАТаЛЬя ВАСИльЕвА,+7 9684 28 77,1,корм дЛЯ сОбАК,5,2014.52,485.48,procEssing,спасибо за заказ,20.03.2024,8526021344400836
2029944235545,2024/03/28 12:48:45,НАталЬя вАсиЛЬевА,+7(9191)82-30,2,ИгРуШкА мяч,3,886.16,13.84,pRoCEssiNg,Ждём с нетерпением!,2024/03/16,1187463837803787
2029944235545,2024/03/28 12:48:45,НАталЬя вАсиЛЬевА,+7(9191)82-30,5,молОКо,1,2453.17,546.83,PROcESsInG,Ждём с нетерпением!,2024/03/16,1187463837803787
2029944235545,2024/03/28 12:48:45,НАталЬя вАсиЛЬевА,+7(9191)82-30,1,КОРМ ДЛя СоБак,1,411.31,88.69,proceSSING,Ждём с нетерпением!,2024/03/16,1187463837803787
2029944235545,2024/03/28 12:48:45,НАталЬя вАсиЛЬевА,+7(9191)82-30,3,амУНицИя ДЛЯ СОБак,3,3111.05,488.95,PrOCesSING,Ждём с нетерпением!,2024/03/16,1187463837803787
2029944234304,2024/03/14 01:17:07,мИХАил ОрлОВ,+7(9624)93-98,5,МОлокО,4,11682.09,317.91,prOCessING,Проверить наличие,01.03.2024,0377989930255906
2029944234304,2024/03/14 01:17:07,мИХАил ОрлОВ,+7(9624)93-98,3,АМунИция ДлЯ собаК,2,2177.01,222.99,PRoceSSiNG,Проверить наличие,01.03.2024,0377989930255906
2029944234304,2024/03/14 01:17:07,мИХАил ОрлОВ,+7(9624)93-98,5,МолОКО,2,5980.7,19.3,PrOCEssing,Проверить наличие,01.03.2024,0377989930255906
2029944233439,2024/03/08 17:49:13,дмиТрий куЗнецОВ,+7(9030)66-55,3,АмунициЯ для СОбАк,2,2185.6,214.4,CAnceLleD,спасибо за заказ,2024-03-29,1509746876702834
2029944233439,2024/03/08 17:49:13,дмиТрий куЗнецОВ,+7(9030)66-55,3,АмУНицИЯ Для СОбаК,3,3303.26,296.74,CAncelLED,спасибо за заказ,2024-03-29,1509746876702834
2029944233439,2024/03/08 17:49:13,дмиТрий куЗнецОВ,+7(9030)66-55,3,АмуниЦИя ДЛЯ собАк,4,4219.47,580.53,CaNCeLlEd,спасибо за заказ,2024-03-29,1509746876702834
2029944233439,2024/03/08 17:49:13,дмиТрий куЗнецОВ,+7(9030)66-55,1,кОрм длЯ собак,3,1205.34,294.66,CANCellED,спасибо за заказ,2024-03-29,1509746876702834
2029944232585,2024-03-08 18:56:01,оЛЬГа кузнЕЦОва,+7 9124 14 76,4,ПОДпИСКА НА ГАзету,2,1084.79,115.21,PROcessinG,Нужно уточнить сроки,2024/03/30,5401388476246092
2029944232585,2024-03-08 18:56:01,оЛЬГа кузнЕЦОва,+7 9124 14 76,4,пОдПИСка на ГАзЕТУ,3,1678.26,121.74,pROCesSiNG,Нужно уточнить сроки,2024/03/30,5401388476246092
2029944232585,2024-03-08 18:56:01,оЛЬГа кузнЕЦОва,+7 9124 14 76,5,МОлОкО,5,13910.58,1089.42,ProcEssING,Нужно уточнить сроки,2024/03/30,5401388476246092
2029944232585,2024-03-08 18:56:01,оЛЬГа кузнЕЦОва,+7 9124 14 76,4,подПисКа НА ГАЗЕТу,2,1007.67,192.33,ProcESsINg,Нужно уточнить сроки,2024/03/30,5401388476246092
2029944232585,2024-03-08 18:56:01,оЛЬГа кузнЕЦОва,+7 9124 14 76,4,ПОДПисКа На гаЗетУ,3,1554.44,245.56,PRoCeSSInG,Нужно уточнить сроки,2024/03/30,5401388476246092
2029944231992,2024-03-09 20:48:18,дмиТРий КуЗНецОВ,8(9113) 96-94,2,ИгрушКа МяЧ,5,1267.52,232.48,CANCelled,Ждём с нетерпением!,30.03.2024,9773164450489930
2029944231992,2024-03-09 20:48:18,дмиТРий КуЗНецОВ,8(9113) 96-94,3,АмуНИЦИЯ Для СоБаК,5,5942.87,57.13,CAnCElled,Ждём с нетерпением!,30.03.2024,9773164450489930
2029944231992,2024-03-09 20:48:18,дмиТРий КуЗНецОВ,8(9113) 96-94,2,ИГРУШкА МЯЧ,2,577.58,22.42,cANceLlED,Ждём с нетерпением!,30.03.2024,9773164450489930
2029944230945,2024/03/23 02:02:29,АлЕКСЕЙ МиХаЙлоВ,8(9045) 18-49,5,МолОКо,5,14379.32,620.68,CaNCeLLeD,Проверить наличие,20.03.2024,7643545026346904
2029944230945,2024/03/23 02:02:29,АлЕКСЕЙ МиХаЙлоВ,8(9045) 18-49,1,кОрм ДлЯ СоБАк,2,855.79,144.21,CaNCElLeD,Проверить наличие,20.03.2024,7643545026346904
2029944230945,2024/03/23 02:02:29,АлЕКСЕЙ МиХаЙлоВ,8(9045) 18-49,2,иГрУшкА Мяч,3,843.66,56.34,cAnceLleD,Проверить наличие,20.03.2024,7643545026346904
2029944230945,2024/03/23 02:02:29,АлЕКСЕЙ МиХаЙлоВ,8(9045) 18-49,4,ПодпИСКа На ГаЗеТУ,1,514.32,85.68,CaNceLLED,Проверить наличие,20.03.2024,7643545026346904
2029944230945,2024/03/23 02:02:29,АлЕКСЕЙ МиХаЙлоВ,8(9045) 18-49,5,моЛОкО,4,10024.37,1975.63,cANCElLeD,Проверить наличие,20.03.2024,7643545026346904
2029944229524,2024-03-24 08:51:37,СЕРгЕй сИДОрОВ,+7 9845 89 14,4,ПоДпИсКа нА ГазЕту,5,2650.58,349.42,caNcELled,спасибо за заказ,07.03.2024,6306398882364867
2029944229524,2024-03-24 08:51:37,СЕРгЕй сИДОрОВ,+7 9845 89 14,1,коРМ ДЛЯ СоБАк,1,468.76,31.24,CanceLlEd,спасибо за заказ,07.03.2024,6306398882364867
2029944229524,2024-03-24 08:51:37,СЕРгЕй сИДОрОВ,+7 9845 89 14,1,КОРм дЛЯ СОБАк,1,411.74,88.26,cAnCElLeD,спасибо за заказ,07.03.2024,6306398882364867
2029944228704,2024-03-11 18:51:55,ольга куЗНЕцОВа,8(9086) 77-27,1,КОрм для СоБАК,2,894.37,105.63,CoMPletED,подарок вовремя,05.03.2024,4636495743931282
2029944228704,2024-03-11 18:51:55,ольга куЗНЕцОВа,8(9086) 77-27,1,КорМ ДЛЯ сОбаК,3,1278.19,221.81,compLetEd,подарок вовремя,05.03.2024,4636495743931282
2029944228704,2024-03-11 18:51:55,ольга куЗНЕцОВа,8(9086) 77-27,3,АмуНИция ДлЯ сОбАК,2,2376.61,23.39,CoMPLEtED,подарок вовремя,05.03.2024,4636495743931282
2029944227896,2024/03/11 01:34:53,ЕлеНА новИкова,+7 9460 37 00,3,аМуНицИЯ ДЛЯ соБаК,4,4492.09,307.91,COmpLeTEd,подарок вовремя,07.03.2024,5643847672944057
2029944227896,2024/03/11 01:34:53,ЕлеНА новИкова,+7 9460 37 00,1,коРм дЛЯ сОБАК,4,1857.72,142.28,ComplETEd,подарок вовремя,07.03.2024,5643847672944057
2029944227896,2024/03/11 01:34:53,ЕлеНА новИкова,+7 9460 37 00,2,ИгРУШка Мяч,5,1280.77,219.23,COMPletED,подарок вовремя,07.03.2024,5643847672944057
2029944226968,29.03.2024 03:46,анна сМИрНОВа,+7 9079 65 23,2,иГРУшКа мЯЧ,4,1050.96,149.04,pROCeSsiNg,Всё отлично!,08.03.2024,5942598081362947
2029944226968,29.03.2024 03:46,анна сМИрНОВа,+7 9079 65 23,3,АМУНИЦиЯ для СОбак,2,2082.46,317.54,pRoCeSsiNG,Всё отлично!,08.03.2024,5942598081362947
2029944225138,2024-03-03 06:29:29,олЬГа КУЗНецОвА,+7(9027)00-58,1,коРм для СоБаК,4,1679.16,320.84,PRoceSsinG,Ждём с нетерпением!,2024/03/29,2523374240264104
2029944225138,2024-03-03 06:29:29,олЬГа КУЗНецОвА,+7(9027)00-58,1,корм длЯ собАк,3,1231.48,268.52,PROCESsING,Ждём с нетерпением!,2024/03/29,2523374240264104
2029944225138,2024-03-03 06:29:29,олЬГа КУЗНецОвА,+7(9027)00-58,2,игРушКа МяЧ,3,738.08,161.92,PrOCESsInG,Ждём с нетерпением!,2024/03/29,2523374240264104
2029944224115,2024/03/08 02:10:27,оЛьгА куЗнЕцовА,+7 9860 25 98,2,игРУШКа мЯч,3,777.52,122.48,PrOCessinG,Нужно уточнить сроки,05.03.2024,7225299377460332
2029944224115,2024/03/08 02:10:27,оЛьгА куЗнЕцовА,+7 9860 25 98,3,АмУнИцИЯ длЯ сОбАК,2,2315.64,84.36,PROceSsiNg,Нужно уточнить сроки,05.03.2024,7225299377460332
2029944224115,2024/03/08 02:10:27,оЛьгА куЗнЕцовА,+7 9860 25 98,1,КоРм ДЛя СОбАК,4,1635.81,364.19,pROceSsinG,Нужно уточнить сроки,05.03.2024,7225299377460332
2029944223582,17.03.2024 00:13,СерГЕЙ сИДоРов,8(9855) 53-86,1,КОрм длЯ СобАк,5,2397.03,102.97,pRoceSsinG,спасибо за заказ,2024/03/12,2635922554459105
2029944222470,2024-03-19 14:26:23,АлЕкСЕЙ михАйлов,8(9347) 55-81,5,моЛОКо,3,8262.33,737.67,CANcELLeD,подарок вовремя,2024-03-13,8585260827651357
2029944221834,20.03.2024 19:32,сЕРГЕЙ СИдоРОВ,+7(9809)17-47,5,МоЛоКО,4,10960.73,1039.27,ComPLeTED,Всё отлично!,21.03.2024,8771357818135562
2029944221834,20.03.2024 19:32,сЕРГЕЙ СИдоРОВ,+7(9809)17-47,4,ПОДписКа нА ГАЗЕТУ,2,1040.28,159.72,COMpleted,Всё отлично!,21.03.2024,8771357818135562
2029944221834,20.03.2024 19:32,сЕРГЕЙ СИдоРОВ,+7(9809)17-47,5,мОлОко,3,7637.3,1362.7,cOmPleTEd,Всё отлично!,21.03.2024,8771357818135562
2029944220795,2024/03/31 15:38:54,иВАн ИВанОВ,+7(9177)25-75,4,ПоДПискА На ГАЗеТу,1,584.76,15.24,cOMpletEd,Проверить наличие,2024-03-19,8180991965655208
2029944220795,2024/03/31 15:38:54,иВАн ИВанОВ,+7(9177)25-75,2,ИгрУшКА МяЧ,2,594.76,5.24,comPleTEd,Проверить наличие,2024-03-19,8180991965655208
2029944219898,2024-03-13 03:34:16,еЛЕНА ноВИКОвА,8(9897) 40-07,1,Корм для СоБАк,2,950.32,49.68,cancELLeD,Ждём с нетерпением!,2024/03/03,8714012587862649
2029944218999,2024/03/25 19:05:46,сЕрГЕЙ СИДОРов,8(9240) 48-77,4,пОДписКа нА ГАЗетУ,5,2866.64,133.36,ComPLEteD,Проверить наличие,2024-03-21,9855113581540594
2029944218999,2024/03/25 19:05:46,сЕрГЕЙ СИДОРов,8(9240) 48-77,4,ПоДписКа нА гАзеТУ,1,485.68,114.32,cOmpLEtED,Проверить наличие,2024-03-21,9855113581540594
2029944218999,2024/03/25 19:05:46,сЕрГЕЙ СИДОРов,8(9240) 48-77,3,амУНИЦИЯ Для СОБак,2,2247.12,152.88,cOMplETed,Проверить наличие,2024-03-21,9855113581540594
2029944218999,2024/03/25 19:05:46,сЕрГЕЙ СИДОРов,8(9240) 48-77,4,поДписка на ГАЗету,5,2876.71,123.29,ComPleTeD,Проверить наличие,2024-03-21,9855113581540594
2029944218999,2024/03/25 19:05:46,сЕрГЕЙ СИДОРов,8(9240) 48-77,5,МолОко,4,11765.79,234.21,cOmpLETED,Проверить наличие,2024-03-21,9855113581540594
2029944217240,23.03.2024 18:10,АННа сМирНовА,8(9881) 27-63,5,МоЛоКО,1,2537.87,462.13,PrOcEsSiNG,спасибо за заказ,22.03.2024,6617454706147649
2029944217240,23.03.2024 18:10,АННа сМирНовА,8(9881) 27-63,4,пОдпиСкА нА гаЗеТу,2,989.53,210.47,PROcesSIng,спасибо за заказ,22.03.2024,6617454706147649
2029944217240,23.03.2024 18:10,АННа сМирНовА,8(9881) 27-63,2,ИГрУшКа Мяч,2,490.78,109.22,PrOcEsSINg,спасибо за заказ,22.03.2024,6617454706147649
2029944217240,23.03.2024 18:10,АННа сМирНовА,8(9881) 27-63,5,мОЛокО,1,2819.07,180.93,PROCeSsInG,спасибо за заказ,22.03.2024,6617454706147649
2029944217240,23.03.2024 18:10,АННа сМирНовА,8(9881) 27-63,4,подписка нА газЕту,2,1174.38,25.62,ProCEsSInG,спасибо за заказ,22.03.2024,6617454706147649
2029944216310,2024/03/22 14:29:06,СЕРгеЙ СидОРов,+7 9283 47 24,2,иГРУШкА Мяч,4,1131.19,68.81,cancELlED,Проверить наличие,2024-03-28,9781461343613372
2029944216310,2024/03/22 14:29:06,СЕРгеЙ СидОРов,+7 9283 47 24,3,амУНицИЯ ДлЯ собак,5,5216.18,783.82,CanCelLED,Проверить наличие,2024-03-28,9781461343613372
2029944216310,2024/03/22 14:29:06,СЕРгеЙ СидОРов,+7 9283 47 24,2,ИГРУШкА МЯч,2,524.16,75.84,cANCeLled,Проверить наличие,2024-03-28,9781461343613372
2029944216310,2024/03/22 14:29:06,СЕРгеЙ СидОРов,+7 9283 47 24,5,Молоко,5,13861.93,1138.07,CANceLLEd,Проверить наличие,2024-03-28,9781461343613372
2029944215309,2024/03/26 22:13:06,АЛеКСей МИХайлОв,+7 9059 94 46,4,ПОДПИСкА нА Газету,1,567.26,32.74,CAnceLLeD,Нужно уточнить сроки,03.03.2024,4094884524679925
2029944214267,2024-03-24 17:12:35,еленА НОвикОва,+7(9138)33-22,2,ИГруШкА МЯЧ,4,1094.54,105.46,PRoceSsINg,подарок вовремя,2024-03-02,6852939612570257
2029944214267,2024-03-24 17:12:35,еленА НОвикОва,+7(9138)33-22,5,молоКо,1,2476.03,523.97,PROCESSiNG,подарок вовремя,2024-03-02,6852939612570257
2029944214267,2024-03-24 17:12:35,еленА НОвикОва,+7(9138)33-22,5,МОлоко,1,2804.18,195.82,pROceSsInG,подарок вовремя,2024-03-02,6852939612570257
2029944214267,2024-03-24 17:12:35,еленА НОвикОва,+7(9138)33-22,4,ПодписКа На ГаЗЕту,4,2140.44,259.56,PRoceSsINg,подарок вовремя,2024-03-02,6852939612570257
2029944213893,23.03.2024 09:24,ЕЛеНА НОвИкОвА,8(9847) 36-55,4,пОДПИсКА На гАЗЕту,2,1019.52,180.48,ProCeSsiNG,подарок вовремя,01.03.2024,2456749578474169
2029944213893,23.03.2024 09:24,ЕЛеНА НОвИкОвА,8(9847) 36-55,4,ПодпИсКА НА газЕТУ,5,2585.81,414.19,PROCESsing,подарок вовремя,01.03.2024,2456749578474169
2029944213893,23.03.2024 09:24,ЕЛеНА НОвИкОвА,8(9847) 36-55,2,иГРуШКа МЯч,5,1294.08,205.92,pROcesSING,подарок вовремя,01.03.2024,2456749578474169
2029944213893,23.03.2024 09:24,ЕЛеНА НОвИкОвА,8(9847) 36-55,4,ПоДПИскА нА гАзЕту,1,566.01,33.99,prOCessiNg,подарок вовремя,01.03.2024,2456749578474169
2029944212189,16.03.2024 22:57,ИВАн ИваНОв,8(9605) 50-76,1,КорМ ДЛя СОбак,1,443.08,56.92,cAncelLed,спасибо за заказ,2024-03-27,9802671382057805
2029944212189,16.03.2024 22:57,ИВАн ИваНОв,8(9605) 50-76,4,пОДпиСкА НА Газету,5,2989.5,10.5,cAncellED,спасибо за заказ,2024-03-27,9802671382057805
2029944212189,16.03.2024 22:57,ИВАн ИваНОв,8(9605) 50-76,4,ПОДПиСка на ГазетУ,5,2728.53,271.47,cANcElled,спасибо за заказ,2024-03-27,9802671382057805
2029944211114,10.03.2024 22:21,СЕРГей сИДорОВ,+7(9587)12-44,2,ИГРуШка мяЧ,4,1028.96,171.04,cAnCelLEd,Всё отлично!,2024-03-11,8251500325642469
2029944211114,10.03.2024 22:21,СЕРГей сИДорОВ,+7(9587)12-44,3,АМУницИЯ дЛЯ собАк,3,3385.9,214.1,CAncelLED,Всё отлично!,2024-03-11,8251500325642469
2029944211114,10.03.2024 22:21,СЕРГей сИДорОВ,+7(9587)12-44,2,иГруШКа мЯч,1,255.36,44.64,cAnCelLEd,Всё отлично!,2024-03-11,8251500325642469
2029944210750,2024/03/07 20:16:15,миХАил ОрлОв,8(9655) 48-13,5,моЛоКО,4,9900.92,2099.08,cOmpLeTED,Ждём с нетерпением!,22.03.2024,1902134636934384
2029944210750,2024/03/07 20:16:15,миХАил ОрлОв,8(9655) 48-13,2,иГрУшкА мяч,4,1194.3,5.7,CoMPLeTEd,Ждём с нетерпением!,22.03.2024,1902134636934384
2029944210750,2024/03/07 20:16:15,миХАил ОрлОв,8(9655) 48-13,4,ПоДпИСка На ГАЗеТУ,1,579.78,20.22,ComPLETeD,Ждём с нетерпением!,22.03.2024,1902134636934384
2029944210750,2024/03/07 20:16:15,миХАил ОрлОв,8(9655) 48-13,3,АМуНиция длЯ сОБак,4,4290.0,510.0,cOmpleTED,Ждём с нетерпением!,22.03.2024,1902134636934384
2029944210750,2024/03/07 20:16:15,миХАил ОрлОв,8(9655) 48-13,5,молОКО,3,7503.12,1496.88,complEtEd,Ждём с нетерпением!,22.03.2024,1902134636934384
2029944209385,2024-03-05 23:24:19,ИвАн ИВАнОВ,+7(9026)73-21,3,амУНИцИЯ дЛЯ СОБАк,1,965.25,234.75,cOmpletEd,"Задержка с доставкой, печалька...",2024-03-09,3615995357284057
2029944209385,2024-03-05 23:24:19,ИвАн ИВАнОВ,+7(9026)73-21,3,аМунИЦИя для собаК,2,2196.01,203.99,comPleTed,"Задержка с доставкой, печалька...",2024-03-09,3615995357284057
2029944209385,2024-03-05 23:24:19,ИвАн ИВАнОВ,+7(9026)73-21,2,игрУшка МяЧ,2,522.46,77.54,coMpLeteD,"Задержка с доставкой, печалька...",2024-03-09,3615995357284057
2029944209385,2024-03-05 23:24:19,ИвАн ИВАнОВ,+7(9026)73-21,4,ПодПИСКА на ГАзетУ,1,578.45,21.55,CoMpLEtEd,"Задержка с доставкой, печалька...",2024-03-09,3615995357284057
2029944208968,2024-03-09 22:52:37,олЬГа КУзнеЦОВА,8(9738) 16-07,2,ИГрУшКа мЯЧ,1,283.23,16.77,COmpLeted,"Задержка с доставкой, печалька...",27.03.2024,8668640727795126
2029944208968,2024-03-09 22:52:37,олЬГа КУзнеЦОВА,8(9738) 16-07,1,корМ ДлЯ СоБАк,1,445.64,54.36,cOmPletED,"Задержка с доставкой, печалька...",27.03.2024,8668640727795126
2029944208968,2024-03-09 22:52:37,олЬГа КУзнеЦОВА,8(9738) 16-07,5,моЛоКо,2,5245.98,754.02,coMPlETEd,"Задержка с доставкой, печалька...",27.03.2024,8668640727795126
2029944208968,2024-03-09 22:52:37,олЬГа КУзнеЦОВА,8(9738) 16-07,2,иГРУШКа МЯч,1,240.14,59.86,compLETEd,"Задержка с доставкой, печалька...",27.03.2024,8668640727795126
2029944207239,2024-03-15 17:18:15,серГеЙ сидОРОв,+7(9970)03-21,4,пОДпИСкА нА гаЗЕтУ,2,1027.71,172.29,coMpLeteD,Ждём с нетерпением!,03.03.2024,4963530298843011
2029944207239,2024-03-15 17:18:15,серГеЙ сидОРОв,+7(9970)03-21,1,корМ Для СоБАК,1,426.3,73.7,CoMpleted,Ждём с нетерпением!,03.03.2024,4963530298843011
2029944207239,2024-03-15 17:18:15,серГеЙ сидОРОв,+7(9970)03-21,3,АМунИЦия ДЛя сОБаК,1,1124.47,75.53,CompleTed,Ждём с нетерпением!,03.03.2024,4963530298843011
2029944207239,2024-03-15 17:18:15,серГеЙ сидОРОв,+7(9970)03-21,3,амуНиция Для собак,1,1059.99,140.01,cOMPlETED,Ждём с нетерпением!,03.03.2024,4963530298843011
2029944207239,2024-03-15 17:18:15,серГеЙ сидОРОв,+7(9970)03-21,3,АмУНицИя длЯ СоБаК,4,4557.86,242.14,COmPLeted,Ждём с нетерпением!,03.03.2024,4963530298843011
2029944206426,2024-03-19 22:01:27,дмИтрИй КузНеЦоВ,+7(9989)13-18,1,кОрМ ДЛЯ собаК,4,1768.5,231.5,CAnCElleD,Проверить наличие,2024/03/03,0086021290475882
2029944206426,2024-03-19 22:01:27,дмИтрИй КузНеЦоВ,+7(9989)13-18,5,МоЛОКо,3,7928.77,1071.23,caNcellED,Проверить наличие,2024/03/03,0086021290475882
2029944206426,2024-03-19 22:01:27,дмИтрИй КузНеЦоВ,+7(9989)13-18,1,коРМ дЛя соБАк,2,817.49,182.51,cancElLEd,Проверить наличие,2024/03/03,0086021290475882
2029944206426,2024-03-19 22:01:27,дмИтрИй КузНеЦоВ,+7(9989)13-18,2,иГРУшкА мЯЧ,5,1399.92,100.08,CANCElLeD,Проверить наличие,2024/03/03,0086021290475882
2029944206426,2024-03-19 22:01:27,дмИтрИй КузНеЦоВ,+7(9989)13-18,4,ПОДПИСКА на ГАзЕту,2,1000.45,199.55,CANCeLLed,Проверить наличие,2024/03/03,0086021290475882
2029944205480,2024-03-26 09:53:41,мАРИЯ пеТРова,+7 9850 76 31,2,ИГРушка мЯЧ,3,846.16,53.84,COMpLEtED,Нужно уточнить сроки,2024/03/05,7311456673013580
2029944205480,2024-03-26 09:53:41,мАРИЯ пеТРова,+7 9850 76 31,4,ПОдПИска на ГазеТУ,1,585.14,14.86,cOMpletEd,Нужно уточнить сроки,2024/03/05,7311456673013580
2029944205480,2024-03-26 09:53:41,мАРИЯ пеТРова,+7 9850 76 31,5,МОЛОКо,5,12090.73,2909.27,coMplEted,Нужно уточнить сроки,2024/03/05,7311456673013580
2029944204773,2024/03/08 13:37:45,марИя ПЕТРоВа,8(9264) 02-17,1,кОрм дЛя собак,3,1326.52,173.48,pRoceSSINg,Нужно уточнить сроки,2024/03/01,3855983724234215
2029944204773,2024/03/08 13:37:45,марИя ПЕТРоВа,8(9264) 02-17,1,КоРм ДЛЯ СОБаК,2,900.32,99.68,PRocESSing,Нужно уточнить сроки,2024/03/01,3855983724234215
2029944203427,2024-03-24 20:05:02,сЕРГей СИДОРоВ,+7(9718)50-01,2,ИГрУшкА мяч,1,259.6,40.4,ProCeSSiNG,Ждём с нетерпением!,2024-03-14,7964858466921881
2029944203427,2024-03-24 20:05:02,сЕРГей СИДОРоВ,+7(9718)50-01,5,мОЛОко,5,14387.35,612.65,PROceSSING,Ждём с нетерпением!,2024-03-14,7964858466921881
2029944203427,2024-03-24 20:05:02,сЕРГей СИДОРоВ,+7(9718)50-01,4,подпИСка НА ГАЗЕТУ,1,570.44,29.56,pROcESsInG,Ждём с нетерпением!,2024-03-14,7964858466921881
2029944203427,2024-03-24 20:05:02,сЕРГей СИДОРоВ,+7(9718)50-01,5,мОЛоко,1,2802.87,197.13,PRoCESSINg,Ждём с нетерпением!,2024-03-14,7964858466921881
2029944202295,2024-03-11 09:58:35,иВАН ИВанОв,+7(9823)40-04,1,КоРм ДЛя сОБак,3,1394.08,105.92,CancElLED,Ждём с нетерпением!,2024/03/26,4527155598067266
2029944201401,2024-03-30 07:34:20,сергЕй СидоРОв,8(9836) 08-54,2,ИгРУшка мЯЧ,1,259.74,40.26,proCesSiNg,Проверить наличие,2024-03-31,8518204798375164
2029944201401,2024-03-30 07:34:20,сергЕй СидоРОв,8(9836) 08-54,4,пОдпИСКА На газетУ,3,1638.05,161.95,PROCESsINg,Проверить наличие,2024-03-31,8518204798375164
2029944200422,2024/03/28 22:58:09,оЛЬГа КУЗНецОВа,8(9487) 53-13,3,аМуНИЦИЯ ДЛЯ СоБАК,5,5150.42,849.58,cOmpletED,Ждём с нетерпением!,2024/03/24,3802930488180860
2029944200422,2024/03/28 22:58:09,оЛЬГа КУЗНецОВа,8(9487) 53-13,1,Корм для сОбАк,3,1405.76,94.24,ComPlEteD,Ждём с нетерпением!,2024/03/24,3802930488180860
2029944199461,2024-03-16 08:42:16,АННа СМИрНова,8(9296) 28-66,4,подписка На ГАЗЕту,4,2305.5,94.5,canCellEd,Нужно уточнить сроки,15.03.2024,2808496899228463
2029944199461,2024-03-16 08:42:16,АННа СМИрНова,8(9296) 28-66,5,МОлоКО,2,4957.54,1042.46,CAncEllED,Нужно уточнить сроки,15.03.2024,2808496899228463
2029944199461,2024-03-16 08:42:16,АННа СМИрНова,8(9296) 28-66,5,молОКО,5,13386.17,1613.83,caNcelLEd,Нужно уточнить сроки,15.03.2024,2808496899228463
2029944198948,18.03.2024 09:03,ЕленА НоВикОвА,8(9173) 28-30,4,ПоДПискА на гАЗету,4,1931.44,468.56,PROCesSinG,Проверить наличие,2024-03-16,2124310433608659
2029944198948,18.03.2024 09:03,ЕленА НоВикОвА,8(9173) 28-30,5,мОлОКо,4,11721.19,278.81,proCESsinG,Проверить наличие,2024-03-16,2124310433608659
2029944198948,18.03.2024 09:03,ЕленА НоВикОвА,8(9173) 28-30,4,ПОдпискА На ГаЗЕТу,2,1013.58,186.42,PRoceSSInG,Проверить наличие,2024-03-16,2124310433608659
2029944198948,18.03.2024 09:03,ЕленА НоВикОвА,8(9173) 28-30,5,мОЛОко,5,14632.77,367.23,PROCEssiNG,Проверить наличие,2024-03-16,2124310433608659
2029944197920,2024-03-22 13:16:23,АнНа СмиРнова,+7(9636)41-26,1,КоРм ДлЯ СОБаК,2,994.91,5.09,CoMpleTed,подарок вовремя,2024-03-30,2882139971716266
2029944197920,2024-03-22 13:16:23,АнНа СмиРнова,+7(9636)41-26,4,подписКа на газеТу,5,2799.51,200.49,coMPlETED,подарок вовремя,2024-03-30,2882139971716266
2029944197920,2024-03-22 13:16:23,АнНа СмиРнова,+7(9636)41-26,4,поДПиСкА нА гАзетУ,3,1558.08,241.92,cOmpleted,подарок вовремя,2024-03-30,2882139971716266
2029944197920,2024-03-22 13:16:23,АнНа СмиРнова,+7(9636)41-26,2,ИГрушка МЯч,3,842.69,57.31,cOmpLETED,подарок вовремя,2024-03-30,2882139971716266
2029944197920,2024-03-22 13:16:23,АнНа СмиРнова,+7(9636)41-26,5,мОлОКО,1,2940.84,59.16,comPLETeD,подарок вовремя,2024-03-30,2882139971716266
2029944196365,2024/03/24 15:21:27,МариЯ пЕтРОВа,+7(9374)80-34,3,АмУнИЦия дЛя Собак,5,5693.1,306.9,cOMPlEtED,Проверить наличие,27.03.2024,4259383930937781
2029944195647,2024/03/29 02:22:48,МаРИя ПетРоВА,+7(9533)87-21,1,Корм Для соБАК,4,1974.64,25.36,CanCeLleD,спасибо за заказ,08.03.2024,3845717444157928
2029944195647,2024/03/29 02:22:48,МаРИя ПетРоВА,+7(9533)87-21,1,корм ДЛЯ сОБАк,1,475.99,24.01,CAncelled,спасибо за заказ,08.03.2024,3845717444157928
2029944195647,2024/03/29 02:22:48,МаРИя ПетРоВА,+7(9533)87-21,5,мОЛоко,4,11017.93,982.07,cANcelLeD,спасибо за заказ,08.03.2024,3845717444157928
2029944195647,2024/03/29 02:22:48,МаРИя ПетРоВА,+7(9533)87-21,1,КОрМ ДЛя СОбАк,4,1681.92,318.08,CANceLLEd,спасибо за заказ,08.03.2024,3845717444157928
2029944194729,2024-03-08 21:19:01,мАрИя пЕтРовА,8(9309) 57-91,5,молОКО,4,11244.92,755.08,caNcelLED,"Задержка с доставкой, печалька...",2024/03/08,6584730593915848
2029944194729,2024-03-08 21:19:01,мАрИя пЕтРовА,8(9309) 57-91,5,молокО,1,2827.95,172.05,canCeLLed,"Задержка с доставкой, печалька...",2024/03/08,6584730593915848
2029944193719,2024-03-07 05:27:00,ОЛьГа кУзнеЦОВА,+7(9133)63-92,3,АМУницИЯ ДлЯ сОБак,2,2046.58,353.42,PrOCEssing,Проверить наличие,2024-03-09,1642654061074349
2029944193719,2024-03-07 05:27:00,ОЛьГа кУзнеЦОВА,+7(9133)63-92,1,КОрм для СоБАК,4,1745.42,254.58,pRoCessIng,Проверить наличие,2024-03-09,1642654061074349
2029944193719,2024-03-07 05:27:00,ОЛьГа кУзнеЦОВА,+7(9133)63-92,5,МОЛОКо,3,7643.7,1356.3,proCEsSing,Проверить наличие,2024-03-09,1642654061074349
2029944193719,2024-03-07 05:27:00,ОЛьГа кУзнеЦОВА,+7(9133)63-92,2,ИГрУШка мЯч,3,873.24,26.76,ProcESsing,Проверить наличие,2024-03-09,1642654061074349
2029944193719,2024-03-07 05:27:00,ОЛьГа кУзнеЦОВА,+7(9133)63-92,5,МоЛОКо,5,14840.77,159.23,PROcEssInG,Проверить наличие,2024-03-09,1642654061074349
2029944192717,2024-03-07 08:28:03,иван иВАнОв,+7 9809 28 40,2,ИГрУШкА мЯч,5,1207.88,292.12,prOCeSSinG,подарок вовремя,31.03.2024,5244392755069176
2029944192717,2024-03-07 08:28:03,иван иВАнОв,+7 9809 28 40,5,моЛоКО,1,2984.72,15.28,ProcESsiNG,подарок вовремя,31.03.2024,5244392755069176
2029944447469,2024-03-28 18:48:20,ИВаН иВанОв,8(9168) 57-28,2,иГРуШКа МЯч,3,776.98,123.02,COMPlEtEd,Всё отлично!,2024/03/13,4663127808004580
2029944447469,2024-03-28 18:48:20,ИВаН иВанОв,8(9168) 57-28,2,ИГРУшка мЯч,2,568.1,31.9,compLETEd,Всё отлично!,2024/03/13,4663127808004580
2029944447469,2024-03-28 18:48:20,ИВаН иВанОв,8(9168) 57-28,4,подпиСка на ГАЗЕТу,5,2616.87,383.13,cOmpLETeD,Всё отлично!,2024/03/13,4663127808004580
2029944447469,2024-03-28 18:48:20,ИВаН иВанОв,8(9168) 57-28,2,игРУшкА мЯч,5,1469.22,30.78,cOmpLEted,Всё отлично!,2024/03/13,4663127808004580
2029944447469,2024-03-28 18:48:20,ИВаН иВанОв,8(9168) 57-28,3,аМУниЦИя для собАк,2,2117.74,282.26,COMpLeTed,Всё отлично!,2024/03/13,4663127808004580
2029944446210,17.03.2024 06:15,ИвАн иВАНОВ,+7(9815)50-32,1,кОРм дЛя СобаК,1,406.03,93.97,CanceLled,"Задержка с доставкой, печалька...",2024/03/13,0637140430595087
2029944446210,17.03.2024 06:15,ИвАн иВАНОВ,+7(9815)50-32,2,игрУшка Мяч,2,525.28,74.72,caNCelLED,"Задержка с доставкой, печалька...",2024/03/13,0637140430595087
2029944446210,17.03.2024 06:15,ИвАн иВАНОВ,+7(9815)50-32,4,поДпиСка На гАзету,1,598.52,1.48,CaNcElLeD,"Задержка с доставкой, печалька...",2024/03/13,0637140430595087
2029944446210,17.03.2024 06:15,ИвАн иВАНОВ,+7(9815)50-32,2,иГрУшКа МЯЧ,4,1082.58,117.42,caNcelled,"Задержка с доставкой, печалька...",2024/03/13,0637140430595087
2029944446210,17.03.2024 06:15,ИвАн иВАНОВ,+7(9815)50-32,4,пОдПиСКА На Газету,2,1077.72,122.28,CAnCeLLED,"Задержка с доставкой, печалька...",2024/03/13,0637140430595087
2029944445574,07.03.2024 00:30,СерГЕЙ СИдоРОВ,+7(9656)80-80,3,аМунИцИя ДЛЯ сОБАК,3,3468.51,131.49,PrOcessIng,спасибо за заказ,23.03.2024,6096753580511751
2029944445574,07.03.2024 00:30,СерГЕЙ СИдоРОВ,+7(9656)80-80,2,иГРУшкА мяЧ,2,558.3,41.7,proceSsiNG,спасибо за заказ,23.03.2024,6096753580511751
2029944445574,07.03.2024 00:30,СерГЕЙ СИдоРОВ,+7(9656)80-80,4,пОДПиСКА На ГАзЕТУ,4,2064.23,335.77,procesSING,спасибо за заказ,23.03.2024,6096753580511751
2029944445574,07.03.2024 00:30,СерГЕЙ СИдоРОВ,+7(9656)80-80,2,иГрУШКа МЯЧ,4,1157.45,42.55,ProcEssInG,спасибо за заказ,23.03.2024,6096753580511751
2029944444241,25.03.2024 03:14,еЛена нОвикОва,+7(9058)02-32,5,мОЛоКО,2,5552.91,447.09,cancelleD,Проверить наличие,2024-03-30,9863480467486283
2029944444241,25.03.2024 03:14,еЛена нОвикОва,+7(9058)02-32,3,АМУНиЦИЯ Для собАк,3,2931.63,668.37,caNCElled,Проверить наличие,2024-03-30,9863480467486283
2029944444241,25.03.2024 03:14,еЛена нОвикОва,+7(9058)02-32,2,ИГРушКА мЯч,1,295.37,4.63,cAnceLled,Проверить наличие,2024-03-30,9863480467486283
2029944444241,25.03.2024 03:14,еЛена нОвикОва,+7(9058)02-32,1,корМ дЛЯ сОбАК,2,816.17,183.83,caNCeLLED,Проверить наличие,2024-03-30,9863480467486283
2029944444241,25.03.2024 03:14,еЛена нОвикОва,+7(9058)02-32,1,КОРм Для сОБаК,4,1716.84,283.16,canCELlED,Проверить наличие,2024-03-30,9863480467486283
2029944443732,2024-03-19 02:13:56,НаТалья василЬеВа,+7(9676)63-85,2,игруШкА Мяч,5,1423.38,76.62,ProCESSiNg,"Задержка с доставкой, печалька...",2024/03/30,8057530958572751
2029944443732,2024-03-19 02:13:56,НаТалья василЬеВа,+7(9676)63-85,4,поДПиСкА на гаЗетУ,4,2166.69,233.31,PRoceSSinG,"Задержка с доставкой, печалька...",2024/03/30,8057530958572751
2029944443732,2024-03-19 02:13:56,НаТалья василЬеВа,+7(9676)63-85,1,Корм для СОБАК,2,877.76,122.24,prOCeSSinG,"Задержка с доставкой, печалька...",2024/03/30,8057530958572751
2029944442554,2024-03-10 18:53:22,оЛЬгА КузНЕЦОва,+7(9717)54-49,4,ПОдпИска на газЕту,1,531.79,68.21,comPLETed,Ждём с нетерпением!,2024/03/09,2193201477592692
2029944442554,2024-03-10 18:53:22,оЛЬгА КузНЕЦОва,+7(9717)54-49,3,АМУнициЯ ДлЯ СобАК,4,4328.27,471.73,CompLEtEd,Ждём с нетерпением!,2024/03/09,2193201477592692
2029944441771,2024-03-05 01:47:05,елЕна нОВикОВА,8(9021) 13-13,1,кОРм дЛЯ соБаК,5,2282.4,217.6,CoMpLeTED,"Задержка с доставкой, печалька...",2024-03-02,7736301773829763
2029944441771,2024-03-05 01:47:05,елЕна нОВикОВА,8(9021) 13-13,5,МолОко,1,2991.49,8.51,COMpLeTeD,"Задержка с доставкой, печалька...",2024-03-02,7736301773829763
2029944441771,2024-03-05 01:47:05,елЕна нОВикОВА,8(9021) 13-13,5,молОко,2,5632.41,367.59,COMpleteD,"Задержка с доставкой, печалька...",2024-03-02,7736301773829763
2029944441771,2024-03-05 01:47:05,елЕна нОВикОВА,8(9021) 13-13,1,КоРМ ДЛя сОбак,5,2038.63,461.37,comPLETEd,"Задержка с доставкой, печалька...",2024-03-02,7736301773829763
2029944441771,2024-03-05 01:47:05,елЕна нОВикОВА,8(9021) 13-13,3,АМУНИЦиЯ дЛя сОБАк,3,3236.21,363.79,COMplETeD,"Задержка с доставкой, печалька...",2024-03-02,7736301773829763
2029944440361,09.03.2024 18:30,иван ИвАНоВ,8(9947) 93-51,1,корМ ДлЯ СобАк,3,1233.68,266.32,CanCelleD,"Задержка с доставкой, печалька...",07.03.2024,2723329098987469
2029944439143,2024/03/05 10:27:28,алЕКСей михАЙлов,+7 9211 31 63,1,КОРм ДЛя СобАК,4,1999.1,0.9,PRoCesSinG,Ждём с нетерпением!,2024-03-14,5905946804826088
2029944438820,2024-03-19 07:12:41,МАРИЯ ПеТРоВа,+7 9565 24 48,3,амунИция ДЛя СоБАК,3,3499.63,100.37,canCELlEd,подарок вовремя,09.03.2024,7891294906440430
2029944437802,2024-03-25 15:19:52,ДмИТрИЙ КузНецОВ,+7(9287)20-35,3,АМУницИя Для сОБАк,4,4521.42,278.58,pRoceSSing,Ждём с нетерпением!,23.03.2024,8444352372026220
2029944437802,2024-03-25 15:19:52,ДмИТрИЙ КузНецОВ,+7(9287)20-35,2,ИГруШКА Мяч,5,1241.06,258.94,ProcESsiNg,Ждём с нетерпением!,23.03.2024,8444352372026220
2029944437802,2024-03-25 15:19:52,ДмИТрИЙ КузНецОВ,+7(9287)20-35,4,поДПИсКА На ГаЗеТу,1,483.78,116.22,PrOCeSsING,Ждём с нетерпением!,23.03.2024,8444352372026220
2029944436106,2024/03/02 07:38:07,мИХАИЛ оРЛов,+7 9141 23 72,3,аМУнИциЯ ДлЯ сОБаК,2,2113.36,286.64,ComPlETed,подарок вовремя,2024-03-11,1344263024460039
2029944436106,2024/03/02 07:38:07,мИХАИЛ оРЛов,+7 9141 23 72,4,пОдпискА на ГАЗЕТУ,4,2263.75,136.25,CoMPLeTed,подарок вовремя,2024-03-11,1344263024460039
2029944436106,2024/03/02 07:38:07,мИХАИЛ оРЛов,+7 9141 23 72,4,пОдпискА На гАЗЕТУ,5,2730.55,269.45,ComplETed,подарок вовремя,2024-03-11,1344263024460039
2029944436106,2024/03/02 07:38:07,мИХАИЛ оРЛов,+7 9141 23 72,2,игрУшКа МяЧ,4,1172.81,27.19,CoMPLETed,подарок вовремя,2024-03-11,1344263024460039
2029944435765,2024/03/17 11:08:22,сЕргей сИДОРОВ,+7(9647)65-97,1,кОРм дЛЯ СОБАк,2,992.15,7.85,coMPlEted,подарок вовремя,14.03.2024,3425325383252576
2029944435765,2024/03/17 11:08:22,сЕргей сИДОРОВ,+7(9647)65-97,2,игРУшКа МЯЧ,5,1468.7,31.3,compLeteD,подарок вовремя,14.03.2024,3425325383252576
2029944435765,2024/03/17 11:08:22,сЕргей сИДОРОВ,+7(9647)65-97,1,Корм дЛя сОбАк,5,2279.28,220.72,COMPleTed,подарок вовремя,14.03.2024,3425325383252576
2029944435765,2024/03/17 11:08:22,сЕргей сИДОРОВ,+7(9647)65-97,4,пОДпИСКа НА гАзЕту,5,2468.13,531.87,CompLETEd,подарок вовремя,14.03.2024,3425325383252576
2029944435765,2024/03/17 11:08:22,сЕргей сИДОРОВ,+7(9647)65-97,5,МОлОко,4,9726.41,2273.59,COMPLetEd,подарок вовремя,14.03.2024,3425325383252576
2029944434812,2024/03/28 07:53:40,МихаИЛ ОРлоВ,8(9905) 07-31,1,КорМ дЛя сОБак,5,2319.18,180.82,COMpLEtEd,Нужно уточнить сроки,2024-03-17,0041560722192088
2029944433208,2024/03/20 08:18:15,иВАн ивАнОВ,8(9861) 86-51,5,мОЛОКО,3,8477.12,522.88,cOmpleTeD,"Задержка с доставкой, печалька...",2024/03/19,9328791936107903
2029944432563,25.03.2024 10:43,ивАН ИВАНОв,+7 9565 40 50,1,КОрм дЛЯ сОБАк,4,1934.25,65.75,CoMPLEted,спасибо за заказ,2024-03-06,0143526496876790
2029944432563,25.03.2024 10:43,ивАН ИВАНОв,+7 9565 40 50,1,кОрм дЛя СОБак,5,2039.68,460.32,COmPleted,спасибо за заказ,2024-03-06,0143526496876790
2029944432563,25.03.2024 10:43,ивАН ИВАНОв,+7 9565 40 50,3,аМуНИция Для сОбак,1,1122.48,77.52,CoMpLeteD,спасибо за заказ,2024-03-06,0143526496876790
2029944432563,25.03.2024 10:43,ивАН ИВАНОв,+7 9565 40 50,5,мОлокО,4,11497.41,502.59,ComplETED,спасибо за заказ,2024-03-06,0143526496876790
2029944431380,27.03.2024 21:42,мИхАиЛ орЛоВ,+7 9978 59 60,3,аМУниция для собак,5,5229.36,770.64,pRoCeSSInG,"Задержка с доставкой, печалька...",2024/03/22,0508719457896755
2029944431380,27.03.2024 21:42,мИхАиЛ орЛоВ,+7 9978 59 60,3,АмУНиЦия длЯ собак,1,1053.67,146.33,ProcESSinG,"Задержка с доставкой, печалька...",2024/03/22,0508719457896755
2029944430185,2024/03/27 02:38:25,иван ИВАнОв,+7(9637)04-31,3,АМУНиЦиЯ ДЛЯ собаК,3,2973.44,626.56,cOmpLETed,Проверить наличие,2024/03/06,5262697225026280
2029944429753,2024-03-23 18:07:02,алЕКСей МИхАйлОВ,8(9561) 06-01,1,корм Для СОбак,4,1998.11,1.89,pROCESsINg,спасибо за заказ,20.03.2024,3188053178745872
2029944429753,2024-03-23 18:07:02,алЕКСей МИхАйлОВ,8(9561) 06-01,4,ПоДПиСкА НА ГазетУ,1,556.52,43.48,ProcESsInG,спасибо за заказ,20.03.2024,3188053178745872
2029944429753,2024-03-23 18:07:02,алЕКСей МИхАйлОВ,8(9561) 06-01,4,ПОдПиСКА НА газЕТУ,4,2163.69,236.31,prOceSsinG,спасибо за заказ,20.03.2024,3188053178745872
2029944429753,2024-03-23 18:07:02,алЕКСей МИхАйлОВ,8(9561) 06-01,5,мОЛоко,5,12323.41,2676.59,ProcEssIng,спасибо за заказ,20.03.2024,3188053178745872
2029944429753,2024-03-23 18:07:02,алЕКСей МИхАйлОВ,8(9561) 06-01,5,мОлОко,1,2894.23,105.77,procESSInG,спасибо за заказ,20.03.2024,3188053178745872
2029944428612,2024-03-16 08:46:14,маРиЯ ПеТРОВа,+7 9167 03 41,4,пОдпИСКа нА ГАзеТУ,1,550.26,49.74,proceSSINg,Проверить наличие,02.03.2024,9268746998092956
2029944427837,16.03.2024 08:25,ИВаН ИванОВ,+7 9619 18 82,2,игРушкА Мяч,2,514.47,85.53,cAnCEllEd,Ждём с нетерпением!,2024-03-10,6856959063336716
2029944427837,16.03.2024 08:25,ИВаН ИванОВ,+7 9619 18 82,3,АМуНИция дЛЯ СоБаК,1,1012.99,187.01,CAnceLleD,Ждём с нетерпением!,2024-03-10,6856959063336716
2029944427837,16.03.2024 08:25,ИВаН ИванОВ,+7 9619 18 82,3,аМУницИя дЛЯ СобАк,5,5918.02,81.98,CanCellEd,Ждём с нетерпением!,2024-03-10,6856959063336716
2029944426177,18.03.2024 00:04,оЛьГа кУзНЕЦоВА,+7(9745)32-89,2,ИГРУШКа МяЧ,1,262.22,37.78,PROCeSsIng,подарок вовремя,23.03.2024,3911334991663769
2029944426177,18.03.2024 00:04,оЛьГа кУзНЕЦоВА,+7(9745)32-89,2,игРУШкА МЯЧ,2,518.44,81.56,PROcESsiNg,подарок вовремя,23.03.2024,3911334991663769
2029944426177,18.03.2024 00:04,оЛьГа кУзНЕЦоВА,+7(9745)32-89,5,молОКО,4,11329.99,670.01,prOCeSsInG,подарок вовремя,23.03.2024,3911334991663769
2029944426177,18.03.2024 00:04,оЛьГа кУзНЕЦоВА,+7(9745)32-89,3,АМУнИцИя для СобАК,2,2160.14,239.86,procEsSinG,подарок вовремя,23.03.2024,3911334991663769
2029944426177,18.03.2024 00:04,оЛьГа кУзНЕЦоВА,+7(9745)32-89,3,амУНицИЯ ДЛя сОбаК,2,2019.09,380.91,PROcesSIng,подарок вовремя,23.03.2024,3911334991663769
2029944425923,2024/03/13 09:22:58,алЕКСей МИхАЙЛов,8(9032) 54-22,2,игРуШКА Мяч,5,1201.91,298.09,cANCElLEd,Проверить наличие,2024-03-12,9083602290152479
2029944425923,2024/03/13 09:22:58,алЕКСей МИхАЙЛов,8(9032) 54-22,1,КОрМ дЛя соБаК,4,1892.71,107.29,CanCELleD,Проверить наличие,2024-03-12,9083602290152479
2029944425923,2024/03/13 09:22:58,алЕКСей МИхАЙЛов,8(9032) 54-22,3,АмУНиЦИЯ ДлЯ сОБак,5,4896.82,1103.18,cAncElleD,Проверить наличие,2024-03-12,9083602290152479
2029944424169,10.03.2024 03:29,аЛеКСей МИхАйлОВ,+7(9778)23-65,2,иГРУшКА мяЧ,1,299.85,0.15,PRocESSinG,спасибо за заказ,10.03.2024,4157381710939464
2029944423126,05.03.2024 08:27,СЕРгЕй СиДорОв,8(9699) 42-52,5,мОлоко,3,8905.17,94.83,cOmpleteD,подарок вовремя,2024/03/03,5253544456456536
2029944423126,05.03.2024 08:27,СЕРгЕй СиДорОв,8(9699) 42-52,1,КоРМ дЛя сОБаК,3,1282.27,217.73,COMplEteD,подарок вовремя,2024/03/03,5253544456456536
2029944423126,05.03.2024 08:27,СЕРгЕй СиДорОв,8(9699) 42-52,4,подПиСКА на ГаЗЕТУ,2,1129.25,70.75,COmpLeted,подарок вовремя,2024/03/03,5253544456456536
2029944423126,05.03.2024 08:27,СЕРгЕй СиДорОв,8(9699) 42-52,2,иГруШкА мЯч,3,731.08,168.92,cOMpLETeD,подарок вовремя,2024/03/03,5253544456456536
2029944423126,05.03.2024 08:27,СЕРгЕй СиДорОв,8(9699) 42-52,2,ИГРуШка МЯЧ,1,277.29,22.71,COmPlETEd,подарок вовремя,2024/03/03,5253544456456536
2029944422499,2024/03/19 08:16:21,дмИТрИй кУЗНЕцов,+7(9498)94-42,4,поДпИСка нА ГАЗЕту,3,1695.58,104.42,pROcesSING,Ждём с нетерпением!,2024/03/06,7895667438394614
2029944422499,2024/03/19 08:16:21,дмИТрИй кУЗНЕцов,+7(9498)94-42,3,амУнИция ДЛя сОБАк,5,5210.56,789.44,ProCessing,Ждём с нетерпением!,2024/03/06,7895667438394614
2029944422499,2024/03/19 08:16:21,дмИТрИй кУЗНЕцов,+7(9498)94-42,5,МоЛОкО,4,10660.26,1339.74,prOCeSSing,Ждём с нетерпением!,2024/03/06,7895667438394614
2029944422499,2024/03/19 08:16:21,дмИТрИй кУЗНЕцов,+7(9498)94-42,5,моЛоко,3,8251.27,748.73,ProCEsSInG,Ждём с нетерпением!,2024/03/06,7895667438394614
2029944421409,2024-03-16 14:25:19,СЕРгЕЙ СиДОров,+7(9045)16-92,1,КорМ длЯ сОбаК,3,1283.21,216.79,CaNCELleD,подарок вовремя,05.03.2024,3063457813340013
2029944421409,2024-03-16 14:25:19,СЕРгЕЙ СиДОров,+7(9045)16-92,1,корМ ДлЯ собаК,4,1858.57,141.43,caNceLlED,подарок вовремя,05.03.2024,3063457813340013
2029944420201,2024/03/04 23:10:58,ДМитрий куЗнЕЦОв,+7 9275 57 64,2,игРушКА Мяч,2,551.56,48.44,COMpLeTEd,Всё отлично!,2024-03-20,5852709379540628
2029944420201,2024/03/04 23:10:58,ДМитрий куЗнЕЦОв,+7 9275 57 64,3,АМунИЦИЯ ДлЯ СобАК,4,4178.99,621.01,ComplETeD,Всё отлично!,2024-03-20,5852709379540628
2029944419590,2024/03/31 03:47:21,ДМиТРиЙ КуЗНеЦов,+7 9820 93 83,1,Корм длЯ СоБАк,4,1969.5,30.5,cANcELled,подарок вовремя,25.03.2024,7249366974737135
2029944418409,2024/03/04 11:04:10,сЕрГЕЙ СИдОроВ,+7 9843 70 81,5,МоЛОко,5,14952.31,47.69,caNCELleD,спасибо за заказ,30.03.2024,6361827225508326
2029944418409,2024/03/04 11:04:10,сЕрГЕЙ СИдОроВ,+7 9843 70 81,1,КОРМ Для СОбАк,4,1659.72,340.28,cAnCelleD,спасибо за заказ,30.03.2024,6361827225508326
2029944418409,2024/03/04 11:04:10,сЕрГЕЙ СИдОроВ,+7 9843 70 81,3,АМунИЦИя длЯ сОбаК,1,1042.06,157.94,cancELLeD,спасибо за заказ,30.03.2024,6361827225508326
2029944417828,16.03.2024 15:20,нАталья вАСиЛЬЕва,+7 9941 51 77,4,Подписка НА газеТу,3,1776.15,23.85,comPletEd,"Задержка с доставкой, печалька...",06.03.2024,7949220679807274
2029944416889,2024/03/28 16:43:41,АНна СМирноВа,+7(9737)20-54,4,ПОдпИСКА на газЕтУ,3,1723.64,76.36,pROcesSiNg,Всё отлично!,05.03.2024,0826530939674169
2029944416889,2024/03/28 16:43:41,АНна СМирноВа,+7(9737)20-54,3,АмуНиЦИя длЯ СоБАК,2,2097.07,302.93,procEssiNg,Всё отлично!,05.03.2024,0826530939674169
2029944416889,2024/03/28 16:43:41,АНна СМирноВа,+7(9737)20-54,3,аМУНИция Для соБак,5,5811.51,188.49,PROCesSInG,Всё отлично!,05.03.2024,0826530939674169
2029944416889,2024/03/28 16:43:41,АНна СМирноВа,+7(9737)20-54,5,молоКо,3,7300.3,1699.7,PrOcessiNG,Всё отлично!,05.03.2024,0826530939674169
2029944415953,2024-03-11 00:39:07,ЕЛЕНА нОВИКоВа,+7 9761 07 37,5,молОко,4,11852.46,147.54,pRocESSIng,Ждём с нетерпением!,2024/03/15,5977050079472211
2029944415953,2024-03-11 00:39:07,ЕЛЕНА нОВИКоВа,+7 9761 07 37,5,мОЛоко,2,5651.71,348.29,proCeSSING,Ждём с нетерпением!,2024/03/15,5977050079472211
2029944415953,2024-03-11 00:39:07,ЕЛЕНА нОВИКоВа,+7 9761 07 37,3,аМуниция ДЛЯ сОбАК,4,4469.27,330.73,proceSSIng,Ждём с нетерпением!,2024/03/15,5977050079472211
2029944414738,02.03.2024 19:32,алекСей мИХаЙЛов,+7(9471)94-37,4,подпИсКА НА гАЗЕТУ,2,1100.28,99.72,cOMplETED,Ждём с нетерпением!,2024-03-28,3308420502794690
2029944414738,02.03.2024 19:32,алекСей мИХаЙЛов,+7(9471)94-37,1,коРм длЯ соБаК,2,835.28,164.72,CoMPleTEd,Ждём с нетерпением!,2024-03-28,3308420502794690
2029944413578,2024-03-13 09:15:42,ДмиТриЙ кузнецОв,+7(9577)56-07,1,КорМ ДлЯ СОбаК,3,1480.1,19.9,COmpLEtED,подарок вовремя,31.03.2024,4313318600587840
2029944413578,2024-03-13 09:15:42,ДмиТриЙ кузнецОв,+7(9577)56-07,3,АмУНиЦИЯ ДлЯ СОБАК,1,1061.82,138.18,cOMpleTED,подарок вовремя,31.03.2024,4313318600587840
2029944413578,2024-03-13 09:15:42,ДмиТриЙ кузнецОв,+7(9577)56-07,1,КОрМ дЛЯ СОбАК,1,451.25,48.75,CoMpLEtEd,подарок вовремя,31.03.2024,4313318600587840
2029944412209,2024-03-31 04:39:19,наТАЛья ВасИльевА,8(9697) 44-40,3,АмУниЦИЯ ДЛЯ СоБАк,2,2068.07,331.93,PROcESsIng,Проверить наличие,22.03.2024,7324464550570530
2029944411618,24.03.2024 23:25,мАРиЯ пеТрОВА,+7 9140 10 64,5,мОЛоко,5,14793.77,206.23,PrOcEssINg,"Задержка с доставкой, печалька...",2024-03-14,1255564593916420
2029944410854,22.03.2024 19:06,СЕРгеЙ сидоРОв,+7 9411 20 25,3,АМУНицИЯ дЛя СОБАК,2,2079.68,320.32,pROcEsSIng,спасибо за заказ,2024-03-20,4274391346590770
2029944410854,22.03.2024 19:06,СЕРгеЙ сидоРОв,+7 9411 20 25,3,аМУнИЦИя дЛя СОБАк,3,3037.43,562.57,pROcESSing,спасибо за заказ,2024-03-20,4274391346590770
2029944409928,21.03.2024 13:48,МИхаиЛ ОрлоВ,+7 9202 99 94,1,коРм дЛЯ СоБАк,2,945.37,54.63,COmplETed,Проверить наличие,2024/03/14,5738162786834599
2029944409928,21.03.2024 13:48,МИхаиЛ ОрлоВ,+7 9202 99 94,1,кОРм ДлЯ собАк,1,413.24,86.76,cOmPLeted,Проверить наличие,2024/03/14,5738162786834599
2029944409928,21.03.2024 13:48,МИхаиЛ ОрлоВ,+7 9202 99 94,3,АМуНиЦия для сОБАК,5,5024.98,975.02,cOmPLETED,Проверить наличие,2024/03/14,5738162786834599
2029944408348,2024/03/06 15:50:23,СЕРгей СидОРОв,+7 9706 02 11,2,иГРУШкА мяч,3,779.05,120.95,CaNcELLed,Нужно уточнить сроки,2024/03/28,9626253680141932
2029944408348,2024/03/06 15:50:23,СЕРгей СидОРОв,+7 9706 02 11,4,ПОдписКа нА ГАЗЕТу,2,1045.2,154.8,cancElLeD,Нужно уточнить сроки,2024/03/28,9626253680141932
2029944408348,2024/03/06 15:50:23,СЕРгей СидОРОв,+7 9706 02 11,1,КОрМ ДЛЯ СОБАК,2,840.18,159.82,CanCelLED,Нужно уточнить сроки,2024/03/28,9626253680141932
2029944407240,23.03.2024 21:34,алЕксей михайЛОв,+7(9255)58-13,5,мОлоКо,3,8055.28,944.72,compLeTeD,Ждём с нетерпением!,2024/03/09,0954436028626321
2029944407240,23.03.2024 21:34,алЕксей михайЛОв,+7(9255)58-13,1,КОрм для соБАК,1,481.94,18.06,COmPlEtED,Ждём с нетерпением!,2024/03/09,0954436028626321
2029944407240,23.03.2024 21:34,алЕксей михайЛОв,+7(9255)58-13,1,КОРм для СоБаК,3,1446.35,53.65,cOMpletEd,Ждём с нетерпением!,2024/03/09,0954436028626321
2029944406527,17.03.2024 07:09,оЛЬга КузнЕЦовА,+7(9840)33-25,4,поДпИСКа нА гАЗЕту,5,2449.13,550.87,cAnCeLlED,спасибо за заказ,2024/03/24,3014760358869892
2029944406527,17.03.2024 07:09,оЛЬга КузнЕЦовА,+7(9840)33-25,5,мОлоко,3,7799.97,1200.03,canceLlEd,спасибо за заказ,2024/03/24,3014760358869892
2029944406527,17.03.2024 07:09,оЛЬга КузнЕЦовА,+7(9840)33-25,3,АмуНИЦИя ДЛЯ СОБАк,3,3035.62,564.38,cANceLlEd,спасибо за заказ,2024/03/24,3014760358869892
2029944406527,17.03.2024 07:09,оЛЬга КузнЕЦовА,+7(9840)33-25,1,коРМ Для СОБак,2,800.9,199.1,CanceLLeD,спасибо за заказ,2024/03/24,3014760358869892
2029944405213,03.03.2024 02:42,дмитрИЙ кУЗНЕЦОв,+7 9755 75 08,2,ИгруШкА мяч,2,596.29,3.71,COMpLeTeD,Проверить наличие,2024-03-06,6332152465529969
2029944405213,03.03.2024 02:42,дмитрИЙ кУЗНЕЦОв,+7 9755 75 08,3,аМунИциЯ Для сОБАК,3,3240.89,359.11,coMPLEteD,Проверить наличие,2024-03-06,6332152465529969
2029944405213,03.03.2024 02:42,дмитрИЙ кУЗНЕЦОв,+7 9755 75 08,4,ПОДПискА на ГАЗЕту,5,2656.54,343.46,COMpleTed,Проверить наличие,2024-03-06,6332152465529969
2029944405213,03.03.2024 02:42,дмитрИЙ кУЗНЕЦОв,+7 9755 75 08,2,иГрУшкА мЯч,1,262.58,37.42,coMpletED,Проверить наличие,2024-03-06,6332152465529969
2029944405213,03.03.2024 02:42,дмитрИЙ кУЗНЕЦОв,+7 9755 75 08,5,МОЛоко,4,11185.36,814.64,COmPLeTEd,Проверить наличие,2024-03-06,6332152465529969
2029944404669,03.03.2024 00:37,оЛЬГа куЗНецОВА,8(9164) 16-67,3,АмУнИЦия длЯ сОбАК,2,1935.68,464.32,cAnCellED,подарок вовремя,2024/03/15,9083617724068167
2029944404669,03.03.2024 00:37,оЛЬГа куЗНецОВА,8(9164) 16-67,3,аМУнИциЯ ДЛЯ сОбАк,2,2362.66,37.34,cANCElLED,подарок вовремя,2024/03/15,9083617724068167
2029944404669,03.03.2024 00:37,оЛЬГа куЗНецОВА,8(9164) 16-67,5,МоЛокО,1,2823.56,176.44,CancelLEd,подарок вовремя,2024/03/15,9083617724068167
2029944404669,03.03.2024 00:37,оЛЬГа куЗНецОВА,8(9164) 16-67,3,АМуницИя длЯ СоБаК,3,3251.86,348.14,CANCEllED,подарок вовремя,2024/03/15,9083617724068167
2029944404669,03.03.2024 00:37,оЛЬГа куЗНецОВА,8(9164) 16-67,4,ПОдписКа на гАзЕтУ,2,1002.56,197.44,cAncELlEd,подарок вовремя,2024/03/15,9083617724068167
2029944403184,2024/03/14 09:59:54,ИваН иВАНОВ,+7(9049)75-50,5,МоЛОко,2,5236.81,763.19,ProcESSinG,спасибо за заказ,02.03.2024,5624742021546079
2029944403184,2024/03/14 09:59:54,ИваН иВАНОВ,+7(9049)75-50,4,ПОдпиСкА на ГаЗЕтУ,1,526.43,73.57,ProceSsinG,спасибо за заказ,02.03.2024,5624742021546079
2029944403184,2024/03/14 09:59:54,ИваН иВАНОВ,+7(9049)75-50,2,игруШкА МЯч,5,1294.0,206.0,PrOCESsing,спасибо за заказ,02.03.2024,5624742021546079
2029944402575,2024-03-17 20:56:58,НАТАЛьЯ васиЛЬЕва,8(9971) 98-64,5,мОЛОкО,4,10011.32,1988.68,caNceLLed,подарок вовремя,2024/03/03,5864206435697731
2029944402575,2024-03-17 20:56:58,НАТАЛьЯ васиЛЬЕва,8(9971) 98-64,3,АМУнИЦиЯ Для соБАК,3,3434.48,165.52,CaNcEllED,подарок вовремя,2024/03/03,5864206435697731
2029944402575,2024-03-17 20:56:58,НАТАЛьЯ васиЛЬЕва,8(9971) 98-64,1,Корм дЛЯ СобаК,3,1401.96,98.04,CANCeLled,подарок вовремя,2024/03/03,5864206435697731
2029944402575,2024-03-17 20:56:58,НАТАЛьЯ васиЛЬЕва,8(9971) 98-64,2,ИГРушКА мяч,3,792.24,107.76,cancELLeD,подарок вовремя,2024/03/03,5864206435697731
2029944401250,2024-03-07 22:21:13,натаЛЬя васИльеВА,8(9877) 48-52,3,аМуНИЦиЯ ДлЯ сОБАк,3,3279.78,320.22,compLeTED,Проверить наличие,03.03.2024,6652689890803345
2029944401250,2024-03-07 22:21:13,натаЛЬя васИльеВА,8(9877) 48-52,4,пОДпИСКа нА ГАЗЕТу,5,2907.57,92.43,coMpleteD,Проверить наличие,03.03.2024,6652689890803345
2029944400240,2024/03/02 15:11:35,сергЕй сИДоРОв,+7 9346 24 80,1,КоРм для сОбАк,5,2149.81,350.19,prOceSSInG,"Задержка с доставкой, печалька...",2024-03-09,0820081106920846
2029944400240,2024/03/02 15:11:35,сергЕй сИДоРОв,+7 9346 24 80,1,КорМ ДЛЯ сОбак,1,456.36,43.64,prOCessiNG,"Задержка с доставкой, печалька...",2024-03-09,0820081106920846
2029944400240,2024/03/02 15:11:35,сергЕй сИДоРОв,+7 9346 24 80,1,Корм ДЛЯ СобАК,4,1999.16,0.84,proCeSSInG,"Задержка с доставкой, печалька...",2024-03-09,0820081106920846
2029944400240,2024/03/02 15:11:35,сергЕй сИДоРОв,+7 9346 24 80,5,мОЛоКО,3,8977.81,22.19,prOCESsiNG,"Задержка с доставкой, печалька...",2024-03-09,0820081106920846
2029944400240,2024/03/02 15:11:35,сергЕй сИДоРОв,+7 9346 24 80,2,иГрушКа МЯЧ,2,543.22,56.78,PROCESSing,"Задержка с доставкой, печалька...",2024-03-09,0820081106920846
2029944399242,2024/03/24 17:03:46,натаЛьЯ вАСилЬеВА,+7(9503)75-30,3,аМУНиЦИЯ ДЛЯ Собак,3,3026.51,573.49,caNCELLED,спасибо за заказ,2024-03-20,7431834792664715
2029944398927,2024/03/05 22:11:49,мАРия пеТрОВА,8(9878) 59-73,3,аМУНицИя ДЛЯ СобАК,3,3596.59,3.41,comPleTeD,подарок вовремя,2024/03/05,4190095529685431
2029944398927,2024/03/05 22:11:49,мАРия пеТрОВА,8(9878) 59-73,2,иГрушкА МЯЧ,5,1456.77,43.23,coMPLetED,подарок вовремя,2024/03/05,4190095529685431
2029944398927,2024/03/05 22:11:49,мАРия пеТрОВА,8(9878) 59-73,5,МОлОко,1,2553.4,446.6,CoMpleTEd,подарок вовремя,2024/03/05,4190095529685431
2029944398927,2024/03/05 22:11:49,мАРия пеТрОВА,8(9878) 59-73,3,АМунИция ДЛя собак,4,4142.58,657.42,CoMPlETEd,подарок вовремя,2024/03/05,4190095529685431
2029944398927,2024/03/05 22:11:49,мАРия пеТрОВА,8(9878) 59-73,2,игрУШка мЯч,1,273.26,26.74,cOMpleteD,подарок вовремя,2024/03/05,4190095529685431
2029944397964,2024-03-30 06:21:29,мИХаИЛ орЛов,8(9634) 74-37,2,иГРушка Мяч,2,509.89,90.11,prOCEssinG,спасибо за заказ,2024-03-22,8455054538415317
2029944397964,2024-03-30 06:21:29,мИХаИЛ орЛов,8(9634) 74-37,3,АмунИциЯ длЯ сОБак,3,3038.37,561.63,proCeSSING,спасибо за заказ,2024-03-22,8455054538415317
2029944397964,2024-03-30 06:21:29,мИХаИЛ орЛов,8(9634) 74-37,3,АмуницИя ДлЯ сОбАК,1,1165.19,34.81,Processing,спасибо за заказ,2024-03-22,8455054538415317
2029944397964,2024-03-30 06:21:29,мИХаИЛ орЛов,8(9634) 74-37,4,пОДпИскА НА гаЗЕТу,1,498.01,101.99,PrOcEssiNg,спасибо за заказ,2024-03-22,8455054538415317
2029944396787,27.03.2024 09:10,МИХаил ОрлоВ,+7(9466)05-95,1,КоРМ ДЛЯ СОБАк,2,944.52,55.48,pRocEsSinG,подарок вовремя,2024/03/10,5864708196539511
2029944396787,27.03.2024 09:10,МИХаил ОрлоВ,+7(9466)05-95,1,Корм ДлЯ СоБАК,1,495.55,4.45,PROCEsSIng,подарок вовремя,2024/03/10,5864708196539511
2029944396787,27.03.2024 09:10,МИХаил ОрлоВ,+7(9466)05-95,4,ПоДпИска на гаЗету,4,1964.7,435.3,pRoCeSSinG,подарок вовремя,2024/03/10,5864708196539511
2029944396787,27.03.2024 09:10,МИХаил ОрлоВ,+7(9466)05-95,4,ПоДпиСКа На ГаЗету,5,2765.19,234.81,pRoceSsiNg,подарок вовремя,2024/03/10,5864708196539511
2029944395272,03.03.2024 12:49,Анна СМИРноВА,+7 9675 55 94,1,корм ДЛЯ соБаК,5,2186.33,313.67,pRocEssinG,Ждём с нетерпением!,10.03.2024,6110703121596901
2029944395272,03.03.2024 12:49,Анна СМИРноВА,+7 9675 55 94,4,подПИскА нА гАЗеТу,1,514.69,85.31,PRoceSSiNg,Ждём с нетерпением!,10.03.2024,6110703121596901
2029944395272,03.03.2024 12:49,Анна СМИРноВА,+7 9675 55 94,3,АмунИЦиЯ дЛЯ сОБАК,4,4193.28,606.72,PRoCESSiNg,Ждём с нетерпением!,10.03.2024,6110703121596901
2029944395272,03.03.2024 12:49,Анна СМИРноВА,+7 9675 55 94,2,иГруШка мяЧ,1,299.67,0.33,PrOCESSiNg,Ждём с нетерпением!,10.03.2024,6110703121596901
2029944395272,03.03.2024 12:49,Анна СМИРноВА,+7 9675 55 94,1,коРМ ДЛЯ СОБаК,3,1456.6,43.4,pRoceSSINg,Ждём с нетерпением!,10.03.2024,6110703121596901
2029944394640,2024-03-28 21:26:34,МаРиЯ петРОва,8(9532) 17-14,3,АМУниЦиЯ дЛя СоБАк,2,2366.13,33.87,CaNceLLED,Ждём с нетерпением!,2024-03-01,2986331930500563
2029944394640,2024-03-28 21:26:34,МаРиЯ петРОва,8(9532) 17-14,2,ИгРушка Мяч,4,1044.22,155.78,cANCeLlED,Ждём с нетерпением!,2024-03-01,2986331930500563
2029944394640,2024-03-28 21:26:34,МаРиЯ петРОва,8(9532) 17-14,5,молоКо,1,2821.55,178.45,canCelLED,Ждём с нетерпением!,2024-03-01,2986331930500563
2029944393249,16.03.2024 20:20,Мария пЕтрОва,+7 9279 84 62,1,кОРМ дЛЯ СОбаК,4,1791.11,208.89,ComPleteD,Ждём с нетерпением!,2024/03/12,1374185364466677
2029944393249,16.03.2024 20:20,Мария пЕтрОва,+7 9279 84 62,2,ИгрушКА мЯЧ,1,265.26,34.74,CompLETEd,Ждём с нетерпением!,2024/03/12,1374185364466677
2029944392323,29.03.2024 18:31,дмитРИй КУзнецоВ,+7 9497 94 59,3,аМунИцИя Для СОбАК,3,3162.28,437.72,ComPLetED,спасибо за заказ,2024-03-26,7947384633566680
2029944392323,29.03.2024 18:31,дмитРИй КУзнецоВ,+7 9497 94 59,1,коРМ ДЛЯ собАК,5,2267.61,232.39,cOMPleTED,спасибо за заказ,2024-03-26,7947384633566680
2029944392323,29.03.2024 18:31,дмитРИй КУзнецоВ,+7 9497 94 59,2,ИгРУшКа Мяч,1,257.85,42.15,complEteD,спасибо за заказ,2024-03-26,7947384633566680
2029944392323,29.03.2024 18:31,дмитРИй КУзнецоВ,+7 9497 94 59,2,игРушКа мяЧ,3,784.42,115.58,COmpletEd,спасибо за заказ,2024-03-26,7947384633566680
2029944391405,2024/03/12 09:49:51,ОлЬГА куЗнецОвА,8(9525) 50-67,1,корМ дЛя СобАК,3,1257.05,242.95,ProcEsSiNg,подарок вовремя,2024/03/06,4005114345885393
2029944390580,24.03.2024 06:44,НАтАлЬя ВАсИЛьЕвА,8(9770) 65-82,2,ИгруШКа мяЧ,1,296.6,3.4,PRoCESsing,Ждём с нетерпением!,27.03.2024,6133855805041787
2029944390580,24.03.2024 06:44,НАтАлЬя ВАсИЛьЕвА,8(9770) 65-82,2,ИгРуШка МЯЧ,3,752.06,147.94,pROcEssINg,Ждём с нетерпением!,27.03.2024,6133855805041787
2029944390580,24.03.2024 06:44,НАтАлЬя ВАсИЛьЕвА,8(9770) 65-82,2,ИгруШкА МяЧ,3,766.21,133.79,ProCeSSiNg,Ждём с нетерпением!,27.03.2024,6133855805041787
2029944390580,24.03.2024 06:44,НАтАлЬя ВАсИЛьЕвА,8(9770) 65-82,2,ИгРуШКА мЯЧ,1,258.43,41.57,proCesSinG,Ждём с нетерпением!,27.03.2024,6133855805041787
2029944389567,2024/03/23 09:36:22,маРИя ПЕтрОва,+7 9244 33 63,3,амУнИЦИЯ длЯ СобАк,2,2212.83,187.17,PrOcESSing,"Задержка с доставкой, печалька...",2024-03-20,3365918124297202
2029944388213,21.03.2024 22:37,еленА нОВИкоВА,+7 9117 93 51,1,КОрм дЛя СОбаК,2,858.08,141.92,COMPLetED,Ждём с нетерпением!,2024/03/26,6943037272083904
2029944388213,21.03.2024 22:37,еленА нОВИкоВА,+7 9117 93 51,3,аМУнИцИЯ дЛЯ сОБаК,2,1960.68,439.32,CoMPlEtED,Ждём с нетерпением!,2024/03/26,6943037272083904
2029944387558,2024-03-27 23:59:23,ЕЛЕнА НоВИКОвА,8(9193) 77-15,4,поДпискА НА гаЗЕТУ,1,525.61,74.39,cOmpletEd,подарок вовремя,2024/03/26,8990236030769636
2029944387558,2024-03-27 23:59:23,ЕЛЕнА НоВИКОвА,8(9193) 77-15,1,кОрМ дЛя СОбаК,1,481.86,18.14,coMpLEted,подарок вовремя,2024/03/26,8990236030769636
2029944386410,2024/03/16 06:59:35,аннА СмИРНоВА,8(9214) 92-46,2,игруШка Мяч,1,267.45,32.55,COmPLeTeD,"Задержка с доставкой, печалька...",10.03.2024,8317037257942198
2029944386410,2024/03/16 06:59:35,аннА СмИРНоВА,8(9214) 92-46,5,мОлОКО,3,8234.7,765.3,coMplETeD,"Задержка с доставкой, печалька...",10.03.2024,8317037257942198
2029944386410,2024/03/16 06:59:35,аннА СмИРНоВА,8(9214) 92-46,2,игРУШка МяЧ,5,1205.48,294.52,coMPLeTed,"Задержка с доставкой, печалька...",10.03.2024,8317037257942198
2029944386410,2024/03/16 06:59:35,аннА СмИРНоВА,8(9214) 92-46,3,АМуНиЦия Для СобАК,3,3460.36,139.64,comPlEteD,"Задержка с доставкой, печалька...",10.03.2024,8317037257942198
2029944385631,2024/03/02 15:22:18,МИХАИЛ ОРЛов,+7 9642 02 05,4,подПИСКа На гаЗетУ,1,597.49,2.51,pRoceSSINg,Ждём с нетерпением!,2024-03-21,2710391373390981
2029944385631,2024/03/02 15:22:18,МИХАИЛ ОРЛов,+7 9642 02 05,4,пОДПисКа на гаЗетУ,4,1969.13,430.87,prOCessINg,Ждём с нетерпением!,2024-03-21,2710391373390981
2029944385631,2024/03/02 15:22:18,МИХАИЛ ОРЛов,+7 9642 02 05,5,молОКо,5,13081.8,1918.2,PrOcESsinG,Ждём с нетерпением!,2024-03-21,2710391373390981
2029944385631,2024/03/02 15:22:18,МИХАИЛ ОРЛов,+7 9642 02 05,1,КОрм Для СОБаК,1,441.91,58.09,pROcessiNg,Ждём с нетерпением!,2024-03-21,2710391373390981
2029944385631,2024/03/02 15:22:18,МИХАИЛ ОРЛов,+7 9642 02 05,3,аМУНИЦиЯ ДЛя соБак,3,3324.17,275.83,ProcESSING,Ждём с нетерпением!,2024-03-21,2710391373390981
2029944384302,2024/03/27 20:42:50,наТАлЬЯ ВаСИЛьеВа,+7(9967)04-59,1,коРМ ДЛЯ сОбАК,3,1208.78,291.22,pROCeSsiNg,Проверить наличие,20.03.2024,7125063447424334
2029944384302,2024/03/27 20:42:50,наТАлЬЯ ВаСИЛьеВа,+7(9967)04-59,3,АМУнИЦИя дЛЯ сОБАк,3,3552.68,47.32,PRoCESsiNg,Проверить наличие,20.03.2024,7125063447424334
2029944384302,2024/03/27 20:42:50,наТАлЬЯ ВаСИЛьеВа,+7(9967)04-59,4,ПодпиСКа нА ГазЕту,3,1555.06,244.94,ProCeSsiNG,Проверить наличие,20.03.2024,7125063447424334
2029944383544,31.03.2024 11:57,НАталЬя ВАСИльеВа,+7(9855)54-53,3,АМуНиЦИя для СОбаК,4,4286.01,513.99,CANceLLED,Ждём с нетерпением!,2024-03-21,5221826278486640
2029944383544,31.03.2024 11:57,НАталЬя ВАСИльеВа,+7(9855)54-53,4,ПОДписКа на гАЗЕТу,5,2891.27,108.73,CANCELlED,Ждём с нетерпением!,2024-03-21,5221826278486640
2029944383544,31.03.2024 11:57,НАталЬя ВАСИльеВа,+7(9855)54-53,4,ПОдПИСКА нА гаЗЕту,1,514.81,85.19,CanCellED,Ждём с нетерпением!,2024-03-21,5221826278486640
2029944382641,2024-03-27 15:06:03,МАРИя петрОвА,+7(9123)90-08,4,поДпИсКА на гаЗеТУ,3,1713.85,86.15,CoMpleTED,подарок вовремя,2024/03/30,4808388176557568
2029944382641,2024-03-27 15:06:03,МАРИя петрОвА,+7(9123)90-08,3,амУНицИя для СОБАк,1,1143.91,56.09,CompLetED,подарок вовремя,2024/03/30,4808388176557568
2029944381756,2024-03-07 13:07:35,оЛьГА кУзнецова,+7 9907 08 05,4,подписКа На газЕту,5,2682.63,317.37,proCEsSiNG,"Задержка с доставкой, печалька...",2024/03/14,0208551903310209
2029944381756,2024-03-07 13:07:35,оЛьГА кУзнецова,+7 9907 08 05,2,иГрУШКА МЯЧ,5,1495.65,4.35,PRoCeSSinG,"Задержка с доставкой, печалька...",2024/03/14,0208551903310209
2029944381756,2024-03-07 13:07:35,оЛьГА кУзнецова,+7 9907 08 05,2,ИгРУШКа мяч,4,1061.05,138.95,ProCEssING,"Задержка с доставкой, печалька...",2024/03/14,0208551903310209
2029944380782,2024/03/19 23:48:54,анна смИрнОвА,+7 9217 99 02,5,моЛоКО,1,2989.61,10.39,PROCessiNG,Всё отлично!,2024/03/02,9314061982007629
2029944380782,2024/03/19 23:48:54,анна смИрнОвА,+7 9217 99 02,5,мОЛОко,1,2644.9,355.1,ProCESSIng,Всё отлично!,2024/03/02,9314061982007629
2029944380782,2024/03/19 23:48:54,анна смИрнОвА,+7 9217 99 02,3,аМУнИцИя для сОбаК,4,4561.89,238.11,proCessINg,Всё отлично!,2024/03/02,9314061982007629
2029944380782,2024/03/19 23:48:54,анна смИрнОвА,+7 9217 99 02,2,ИГРУшКА мяЧ,1,275.82,24.18,pRocEssinG,Всё отлично!,2024/03/02,9314061982007629
2029944379893,2024/03/07 21:46:33,ДмитРИй КУЗНЕЦОв,+7(9774)51-17,1,КОрм ДлЯ собАк,4,1908.86,91.14,coMPLetED,Проверить наличие,2024/03/17,6315117341355467
2029944379893,2024/03/07 21:46:33,ДмитРИй КУЗНЕЦОв,+7(9774)51-17,3,аМуНИЦИЯ ДЛя СОбАК,2,1974.42,425.58,cOmpleTEd,Проверить наличие,2024/03/17,6315117341355467
2029944379893,2024/03/07 21:46:33,ДмитРИй КУЗНЕЦОв,+7(9774)51-17,2,ИгРуШкА мяч,4,1029.34,170.66,COMPLEtEd,Проверить наличие,2024/03/17,6315117341355467
2029944379893,2024/03/07 21:46:33,ДмитРИй КУЗНЕЦОв,+7(9774)51-17,2,игРуШКа мяЧ,3,861.31,38.69,cOmPlEtEd,Проверить наличие,2024/03/17,6315117341355467
2029944379893,2024/03/07 21:46:33,ДмитРИй КУЗНЕЦОв,+7(9774)51-17,5,МОлОКО,1,2548.5,451.5,COmPLETEd,Проверить наличие,2024/03/17,6315117341355467
2029944378494,06.03.2024 05:47,СеРгеЙ сидорОВ,+7(9357)76-41,3,АМУНиЦИЯ для соБАК,4,4537.93,262.07,cAnCelLed,спасибо за заказ,2024-03-27,6114366482834328
2029944378494,06.03.2024 05:47,СеРгеЙ сидорОВ,+7(9357)76-41,5,МОЛОКО,3,7932.3,1067.7,CAnCelLEd,спасибо за заказ,2024-03-27,6114366482834328
2029944378494,06.03.2024 05:47,СеРгеЙ сидорОВ,+7(9357)76-41,3,амуНицИя дЛя соБАК,4,4236.59,563.41,caNCELLeD,спасибо за заказ,2024-03-27,6114366482834328
2029944378494,06.03.2024 05:47,СеРгеЙ сидорОВ,+7(9357)76-41,3,АмуниЦиЯ ДЛЯ СОБаК,1,1119.39,80.61,cAncelLEd,спасибо за заказ,2024-03-27,6114366482834328
2029944377708,2024/03/05 19:24:05,миХаиЛ орлоВ,8(9341) 81-46,1,КорМ ДЛЯ СОБак,5,2218.16,281.84,PRocESSiNg,Нужно уточнить сроки,2024-03-17,5342371073409003
2029944376146,12.03.2024 13:23,анна смирноВа,8(9996) 50-86,4,ПоДпИскА НА гАЗЕту,4,2090.51,309.49,CoMPlEted,Ждём с нетерпением!,2024/03/05,0976190006718332
2029944376146,12.03.2024 13:23,анна смирноВа,8(9996) 50-86,3,амуНИЦИя Для сОбАк,1,1149.33,50.67,COMplETed,Ждём с нетерпением!,2024/03/05,0976190006718332
2029944376146,12.03.2024 13:23,анна смирноВа,8(9996) 50-86,4,ПОДПиСка НА ГазЕТУ,3,1541.02,258.98,cOMPlETED,Ждём с нетерпением!,2024/03/05,0976190006718332
2029944375781,2024-03-10 19:44:46,сЕРГей сИдоРов,+7(9546)10-56,1,корМ ДЛя сОбАк,2,992.24,7.76,COMpLEted,спасибо за заказ,2024-03-07,3010841571803521
2029944375781,2024-03-10 19:44:46,сЕРГей сИдоРов,+7(9546)10-56,2,ИГруШкА мЯч,5,1440.34,59.66,cOMPLeted,спасибо за заказ,2024-03-07,3010841571803521
2029944375781,2024-03-10 19:44:46,сЕРГей сИдоРов,+7(9546)10-56,3,АМУНИЦиЯ Для сОбаК,3,3424.94,175.06,cOmpleTED,спасибо за заказ,2024-03-07,3010841571803521
2029944375781,2024-03-10 19:44:46,сЕРГей сИдоРов,+7(9546)10-56,2,иГРушкА МЯч,3,872.34,27.66,coMPLEteD,спасибо за заказ,2024-03-07,3010841571803521
2029944375781,2024-03-10 19:44:46,сЕРГей сИдоРов,+7(9546)10-56,2,ИГРУШКа МЯЧ,1,275.81,24.19,cOMPletEd,спасибо за заказ,2024-03-07,3010841571803521
2029944374538,17.03.2024 07:40,олЬга КУЗНЕЦоВА,8(9908) 80-87,1,КОрм дЛЯ СоБАк,3,1338.3,161.7,cAncEllEd,Нужно уточнить сроки,15.03.2024,5473927508195472
2029944374538,17.03.2024 07:40,олЬга КУЗНЕЦоВА,8(9908) 80-87,1,корМ дЛя СОбак,4,1940.72,59.28,canCeLlEd,Нужно уточнить сроки,15.03.2024,5473927508195472
2029944374538,17.03.2024 07:40,олЬга КУЗНЕЦоВА,8(9908) 80-87,2,игрушка Мяч,2,559.54,40.46,cAncEllED,Нужно уточнить сроки,15.03.2024,5473927508195472
2029944374538,17.03.2024 07:40,олЬга КУЗНЕЦоВА,8(9908) 80-87,1,кОрм ДЛЯ Собак,1,467.47,32.53,caNCelleD,Нужно уточнить сроки,15.03.2024,5473927508195472
2029944373567,2024-03-03 23:42:13,НаТаЛЬЯ васИЛЬЕВА,8(9395) 94-26,3,аМУНицИя ДЛя собак,1,1073.5,126.5,pRoCESSIng,подарок вовремя,27.03.2024,4095284763504377
2029944373567,2024-03-03 23:42:13,НаТаЛЬЯ васИЛЬЕВА,8(9395) 94-26,5,моЛОКО,1,2574.04,425.96,ProCeSSiNg,подарок вовремя,27.03.2024,4095284763504377
2029944373567,2024-03-03 23:42:13,НаТаЛЬЯ васИЛЬЕВА,8(9395) 94-26,1,КоРм длЯ СобАК,4,1948.42,51.58,prOcessiNG,подарок вовремя,27.03.2024,4095284763504377
2029944373567,2024-03-03 23:42:13,НаТаЛЬЯ васИЛЬЕВА,8(9395) 94-26,5,МоЛоко,2,5528.62,471.38,proCesSINg,подарок вовремя,27.03.2024,4095284763504377
2029944372245,2024-03-27 21:25:51,АННа смиРнова,+7(9772)11-44,1,КоРМ дЛЯ Собак,3,1383.55,116.45,cANCELleD,подарок вовремя,2024-03-25,4670996095922651
2029944372245,2024-03-27 21:25:51,АННа смиРнова,+7(9772)11-44,2,ИгРуШКА МЯч,2,592.13,7.87,cANcelled,подарок вовремя,2024-03-25,4670996095922651
2029944371693,08.03.2024 02:30,МИхАил ОРЛоВ,+7(9761)28-75,1,Корм для СобаК,2,931.2,68.8,pRoceSsInG,Проверить наличие,2024-03-28,0906375327490425
2029944370993,2024/03/12 14:12:18,маРия пЕтРоВа,8(9125) 92-62,2,ИГРУшКА мЯч,2,589.84,10.16,pRoCeSsInG,Нужно уточнить сроки,2024/03/19,9166898193665547
2029944370993,2024/03/12 14:12:18,маРия пЕтРоВа,8(9125) 92-62,5,МолокО,1,2434.88,565.12,pROcEssINg,Нужно уточнить сроки,2024/03/19,9166898193665547
2029944369919,02.03.2024 22:03,АлекСЕЙ мИхайЛов,8(9745) 59-88,4,ПОдПисКа нА гаЗЕту,4,2080.77,319.23,cANCeLlED,Проверить наличие,11.03.2024,4448780393311722
2029944369919,02.03.2024 22:03,АлекСЕЙ мИхайЛов,8(9745) 59-88,2,игрУшкА Мяч,2,490.85,109.15,CANcELlEd,Проверить наличие,11.03.2024,4448780393311722
2029944369919,02.03.2024 22:03,АлекСЕЙ мИхайЛов,8(9745) 59-88,3,АмуниЦИЯ дЛЯ сОБак,1,1126.37,73.63,CAnCeLleD,Проверить наличие,11.03.2024,4448780393311722
2029944369919,02.03.2024 22:03,АлекСЕЙ мИхайЛов,8(9745) 59-88,4,ПоДПискА на гаЗетУ,4,2364.66,35.34,CANcElled,Проверить наличие,11.03.2024,4448780393311722
2029944369919,02.03.2024 22:03,АлекСЕЙ мИхайЛов,8(9745) 59-88,4,ПоДписка На ГаЗетУ,1,483.29,116.71,CAnCELlED,Проверить наличие,11.03.2024,4448780393311722
2029944368492,2024-03-02 20:38:58,сергеЙ сИДороВ,8(9647) 27-28,4,поДПИскА нА газЕту,4,1995.32,404.68,cOmPLeTEd,Нужно уточнить сроки,2024-03-29,0806785827010548
2029944368492,2024-03-02 20:38:58,сергеЙ сИДороВ,8(9647) 27-28,2,игруШКа МяЧ,5,1432.58,67.42,cOmplETeD,Нужно уточнить сроки,2024-03-29,0806785827010548
2029944368492,2024-03-02 20:38:58,сергеЙ сИДороВ,8(9647) 27-28,3,амуНИЦия ДлЯ СобаК,4,4634.59,165.41,comPLEted,Нужно уточнить сроки,2024-03-29,0806785827010548
2029944368492,2024-03-02 20:38:58,сергеЙ сИДороВ,8(9647) 27-28,2,игРушКа МяЧ,2,505.37,94.63,COMplEteD,Нужно уточнить сроки,2024-03-29,0806785827010548
2029944367623,2024/03/19 02:13:18,МИХаил оРлОв,8(9173) 44-05,3,АмунИЦиЯ длЯ сОБАк,4,4413.91,386.09,coMpLeted,Всё отлично!,2024/03/28,2640658840341534
2029944367623,2024/03/19 02:13:18,МИХаил оРлОв,8(9173) 44-05,1,КОРм дЛя СОБАк,5,2006.54,493.46,ComPleTeD,Всё отлично!,2024/03/28,2640658840341534
2029944367623,2024/03/19 02:13:18,МИХаил оРлОв,8(9173) 44-05,4,ПодПИсКА На ГАЗету,5,2419.29,580.71,COmpleTEd,Всё отлично!,2024/03/28,2640658840341534
2029944367623,2024/03/19 02:13:18,МИХаил оРлОв,8(9173) 44-05,2,иГрушка МяЧ,1,297.02,2.98,COmplETed,Всё отлично!,2024/03/28,2640658840341534
2029944366800,2024-03-16 22:41:32,ДмИтрИй кУЗнЕЦоВ,+7(9585)36-97,3,АМУнИЦия ДлЯ СоБаК,4,4609.99,190.01,COMpletEd,Нужно уточнить сроки,03.03.2024,8946757631181178
2029944365221,2024/03/11 17:28:12,МиХаИл ОРлов,8(9148) 69-45,4,ПОдПИска нА ГАЗЕТу,2,1038.3,161.7,CanCElled,"Задержка с доставкой, печалька...",2024/03/27,1386841364597798
2029944365221,2024/03/11 17:28:12,МиХаИл ОРлов,8(9148) 69-45,5,моЛОкО,1,2904.63,95.37,CAnceLLEd,"Задержка с доставкой, печалька...",2024/03/27,1386841364597798
2029944365221,2024/03/11 17:28:12,МиХаИл ОРлов,8(9148) 69-45,4,ПоДписка на ГАзетУ,1,578.13,21.87,CAnCELLed,"Задержка с доставкой, печалька...",2024/03/27,1386841364597798
2029944365221,2024/03/11 17:28:12,МиХаИл ОРлов,8(9148) 69-45,1,корм Для СоБАК,3,1342.21,157.79,cANcEllEd,"Задержка с доставкой, печалька...",2024/03/27,1386841364597798
2029944365221,2024/03/11 17:28:12,МиХаИл ОРлов,8(9148) 69-45,5,МолОко,5,13652.71,1347.29,cAnCELleD,"Задержка с доставкой, печалька...",2024/03/27,1386841364597798
2029944364748,2024-03-06 09:09:58,АННа сМИРНОва,8(9489) 78-44,4,ПоДПИСкА На гАЗЕтУ,3,1770.83,29.17,comPLetEd,спасибо за заказ,2024/03/26,2441307718673277
2029944364748,2024-03-06 09:09:58,АННа сМИРНОва,8(9489) 78-44,2,игРуШКа мЯч,2,595.59,4.41,cOMpLEtEd,спасибо за заказ,2024/03/26,2441307718673277
2029944363730,2024/03/06 03:45:51,МИХаиЛ орлОВ,8(9017) 47-80,3,аМуНиЦИя длЯ сОБак,5,5889.94,110.06,canCeLled,Всё отлично!,02.03.2024,7958610756193016
2029944362253,09.03.2024 20:26,алексЕй МихАЙЛОВ,8(9433) 70-08,2,иГрушКА мяЧ,2,597.81,2.19,COMPLETEd,Всё отлично!,2024/03/30,8036200872589909
2029944362253,09.03.2024 20:26,алексЕй МихАЙЛОВ,8(9433) 70-08,3,АмуНИцИя длЯ собак,2,2386.97,13.03,coMPleTed,Всё отлично!,2024/03/30,8036200872589909
2029944362253,09.03.2024 20:26,алексЕй МихАЙЛОВ,8(9433) 70-08,1,корм Для СОбаК,1,434.18,65.82,CoMPlEteD,Всё отлично!,2024/03/30,8036200872589909
2029944362253,09.03.2024 20:26,алексЕй МихАЙЛОВ,8(9433) 70-08,1,КоРм Для соБАк,5,2469.51,30.49,COmpLETeD,Всё отлично!,2024/03/30,8036200872589909
2029944361754,15.03.2024 01:49,МаРИЯ ПеТрова,8(9864) 75-63,3,АМуНицИЯ дЛЯ собАК,4,4315.39,484.61,COmPlETed,спасибо за заказ,2024-03-10,9942691735582376
2029944360663,2024/03/01 19:58:57,миХаиЛ орлОВ,8(9314) 74-27,1,КОРм ДлЯ СОБак,5,2361.75,138.25,pRoceSSing,Всё отлично!,30.03.2024,3223862525746297
2029944359921,2024/03/08 06:36:02,анна сМИрнОвА,8(9569) 36-67,5,моЛОкО,2,5066.45,933.55,cOMPletED,спасибо за заказ,2024/03/08,1994591832364475
2029944359921,2024/03/08 06:36:02,анна сМИрнОвА,8(9569) 36-67,1,КоРм дЛЯ СобАк,2,819.18,180.82,comPleted,спасибо за заказ,2024/03/08,1994591832364475
2029944359921,2024/03/08 06:36:02,анна сМИрнОвА,8(9569) 36-67,1,кОрм ДлЯ собАК,1,417.74,82.26,coMplETeD,спасибо за заказ,2024/03/08,1994591832364475
2029944359921,2024/03/08 06:36:02,анна сМИрнОвА,8(9569) 36-67,4,пОДпиСКа НА гАзеТу,2,1100.98,99.02,COMPleTed,спасибо за заказ,2024/03/08,1994591832364475
2029944358521,2024/03/15 01:11:00,дМИтриЙ куЗНЕцов,+7(9459)74-98,1,КорМ Для сОбАк,5,2319.76,180.24,cOmpLeteD,Нужно уточнить сроки,23.03.2024,6126370497137598
2029944358521,2024/03/15 01:11:00,дМИтриЙ куЗНЕцов,+7(9459)74-98,4,поДпИСкА НА гАЗЕТу,1,595.79,4.21,CoMplETED,Нужно уточнить сроки,23.03.2024,6126370497137598
2029944358521,2024/03/15 01:11:00,дМИтриЙ куЗНЕцов,+7(9459)74-98,1,КОРМ Для СобаК,2,840.37,159.63,cOmpLETEd,Нужно уточнить сроки,23.03.2024,6126370497137598
2029944357516,2024-03-31 22:17:29,НАТАЛЬя ВаСиЛЬеВа,+7 9466 82 65,1,КорМ ДлЯ сОБАк,3,1208.97,291.03,caNcElLeD,Нужно уточнить сроки,2024/03/27,5368520656906102
2029944357516,2024-03-31 22:17:29,НАТАЛЬя ВаСиЛЬеВа,+7 9466 82 65,3,амУНИцИЯ дЛЯ сОБАк,5,5561.52,438.48,canCelLEd,Нужно уточнить сроки,2024/03/27,5368520656906102
2029944356828,13.03.2024 05:23,ЕленА новИКОВа,+7(9288)72-52,4,ПодПИска НА гАзЕту,5,2607.92,392.08,ProCeSSinG,Проверить наличие,2024-03-09,9669481097413975
2029944356828,13.03.2024 05:23,ЕленА новИКОВа,+7(9288)72-52,1,КОРМ дЛЯ СОбАК,4,1953.29,46.71,pROCEsSinG,Проверить наличие,2024-03-09,9669481097413975
2029944356828,13.03.2024 05:23,ЕленА новИКОВа,+7(9288)72-52,1,КОрМ ДЛя СоБак,1,445.25,54.75,proCessiNg,Проверить наличие,2024-03-09,9669481097413975
2029944356828,13.03.2024 05:23,ЕленА новИКОВа,+7(9288)72-52,3,аМуНиция ДлЯ сОбАк,2,2241.2,158.8,PROCEssING,Проверить наличие,2024-03-09,9669481097413975
2029944356828,13.03.2024 05:23,ЕленА новИКОВа,+7(9288)72-52,1,КоРм Для Собак,3,1307.15,192.85,proCESsINg,Проверить наличие,2024-03-09,9669481097413975
2029944355223,28.03.2024 14:04,НаТАЛьЯ вАСИльеВа,8(9097) 15-16,1,кОРМ ДЛя соБАК,1,458.36,41.64,CancelleD,Проверить наличие,2024-03-17,4570222761137996
2029944355223,28.03.2024 14:04,НаТАЛьЯ вАСИльеВа,8(9097) 15-16,2,ИгРушКА мЯч,3,841.66,58.34,caNCelLed,Проверить наличие,2024-03-17,4570222761137996
2029944355223,28.03.2024 14:04,НаТАЛьЯ вАСИльеВа,8(9097) 15-16,5,Молоко,1,2949.8,50.2,canCelleD,Проверить наличие,2024-03-17,4570222761137996
2029944355223,28.03.2024 14:04,НаТАЛьЯ вАСИльеВа,8(9097) 15-16,3,АмуНиция ДЛя сОбАк,1,1152.0,48.0,caNcElLED,Проверить наличие,2024-03-17,4570222761137996
2029944355223,28.03.2024 14:04,НаТАЛьЯ вАСИльеВа,8(9097) 15-16,4,подПИсКа на гаЗЕТУ,2,1110.12,89.88,cAncELLEd,Проверить наличие,2024-03-17,4570222761137996
2029944354669,2024-03-21 03:43:13,Сергей сиДОРов,+7 9080 50 65,2,ИгРуШкА мЯЧ,3,779.76,120.24,prOCesSING,Всё отлично!,2024/03/25,1839937874196637
2029944354669,2024-03-21 03:43:13,Сергей сиДОРов,+7 9080 50 65,1,КОрМ длЯ сОбак,5,2296.85,203.15,PRoceSSinG,Всё отлично!,2024/03/25,1839937874196637
2029944354669,2024-03-21 03:43:13,Сергей сиДОРов,+7 9080 50 65,4,ПодПиСКА на ГазЕту,3,1575.13,224.87,pROcESsiNG,Всё отлично!,2024/03/25,1839937874196637
2029944353746,2024/03/14 23:46:00,оЛьГА куЗнЕцОвА,+7(9111)02-25,4,ПОдпИСка На гАЗЕтУ,3,1631.28,168.72,CoMpLETed,"Задержка с доставкой, печалька...",2024/03/17,2681165273017952
2029944353746,2024/03/14 23:46:00,оЛьГА куЗнЕцОвА,+7(9111)02-25,2,ИГруШКа МяЧ,1,284.63,15.37,coMPLetED,"Задержка с доставкой, печалька...",2024/03/17,2681165273017952
2029944353746,2024/03/14 23:46:00,оЛьГА куЗнЕцОвА,+7(9111)02-25,2,ИгрУшкА МяЧ,2,568.69,31.31,compLETeD,"Задержка с доставкой, печалька...",2024/03/17,2681165273017952
2029944353746,2024/03/14 23:46:00,оЛьГА куЗнЕцОвА,+7(9111)02-25,5,молОко,2,4973.3,1026.7,COMpleTeD,"Задержка с доставкой, печалька...",2024/03/17,2681165273017952
2029944353746,2024/03/14 23:46:00,оЛьГА куЗнЕцОвА,+7(9111)02-25,1,КОРм ДЛЯ СОБак,4,1741.83,258.17,COMpleted,"Задержка с доставкой, печалька...",2024/03/17,2681165273017952
2029944352889,2024-03-09 01:26:19,ОльгА кузНеЦовА,8(9344) 89-97,2,ИгруШКа мяч,3,894.44,5.56,ProceSsiNg,подарок вовремя,2024/03/04,6838918031386463
2029944352889,2024-03-09 01:26:19,ОльгА кузНеЦовА,8(9344) 89-97,2,иГРуШкА мяч,1,274.91,25.09,PrOcesSing,подарок вовремя,2024/03/04,6838918031386463
2029944352889,2024-03-09 01:26:19,ОльгА кузНеЦовА,8(9344) 89-97,4,пОДпИСкА На ГаЗЕту,2,1137.45,62.55,PROCEssIng,подарок вовремя,2024/03/04,6838918031386463
2029944352889,2024-03-09 01:26:19,ОльгА кузНеЦовА,8(9344) 89-97,2,иГРУшкА мЯч,2,491.53,108.47,pROcessInG,подарок вовремя,2024/03/04,6838918031386463
2029944352889,2024-03-09 01:26:19,ОльгА кузНеЦовА,8(9344) 89-97,4,ПоДписКа На гАЗЕТу,2,1144.3,55.7,PrOceSSING,подарок вовремя,2024/03/04,6838918031386463
2029944351392,2024-03-28 18:14:07,НАталЬя ВАСИЛьева,+7(9817)26-10,1,корм дЛЯ соБаК,2,816.64,183.36,COMPLeteD,Всё отлично!,2024-03-12,2272176211853004
2029944350986,07.03.2024 23:29,елеНа нОВиКОВа,+7(9940)40-57,5,мОлокО,4,10382.35,1617.65,caNcelLed,Нужно уточнить сроки,2024/03/26,7356984094609923
2029944350986,07.03.2024 23:29,елеНа нОВиКОВа,+7(9940)40-57,3,амУНиЦИЯ дЛя сОбАк,2,2348.81,51.19,caNceLlED,Нужно уточнить сроки,2024/03/26,7356984094609923
2029944350986,07.03.2024 23:29,елеНа нОВиКОВа,+7(9940)40-57,2,игрУШКа Мяч,4,985.4,214.6,CANCEllEd,Нужно уточнить сроки,2024/03/26,7356984094609923
2029944350986,07.03.2024 23:29,елеНа нОВиКОВа,+7(9940)40-57,4,поДПИсКА НА ГазЕТУ,3,1484.96,315.04,cANCelled,Нужно уточнить сроки,2024/03/26,7356984094609923
2029944349397,2024/03/07 22:56:46,михаИЛ оРлоВ,8(9420) 32-54,2,иГруШКА мЯЧ,4,1005.52,194.48,PrOCESsIng,Всё отлично!,28.03.2024,5296536499194742
2029944348242,29.03.2024 15:17,нАтАЛЬЯ ВАсильЕВА,8(9796) 69-07,5,МолОкО,5,13023.52,1976.48,pROCEsSInG,Ждём с нетерпением!,2024/03/14,3224728558507824
2029944347259,05.03.2024 02:29,ЕлЕНа нОВиКова,8(9944) 39-94,2,игРУШкА Мяч,2,546.5,53.5,proceSSIng,Ждём с нетерпением!,2024-03-18,1703767214297922
2029944347259,05.03.2024 02:29,ЕлЕНа нОВиКова,8(9944) 39-94,2,ИгрушКа мЯч,4,1168.0,32.0,PrOCEsSiNg,Ждём с нетерпением!,2024-03-18,1703767214297922
2029944347259,05.03.2024 02:29,ЕлЕНа нОВиКова,8(9944) 39-94,4,пОДПИскА на газеТУ,4,2264.79,135.21,ProCeSSing,Ждём с нетерпением!,2024-03-18,1703767214297922
2029944346407,26.03.2024 03:59,аЛЕксЕЙ МИхАйлОВ,8(9095) 37-17,1,КОРм Для СобАк,4,1745.64,254.36,PRoCessING,спасибо за заказ,2024/03/22,8835072261893001
2029944346407,26.03.2024 03:59,аЛЕксЕЙ МИхАйлОВ,8(9095) 37-17,2,Игрушка мяч,4,1160.94,39.06,PrOcESsiNG,спасибо за заказ,2024/03/22,8835072261893001
2029944346407,26.03.2024 03:59,аЛЕксЕЙ МИхАйлОВ,8(9095) 37-17,5,МолоКо,1,2955.23,44.77,PrOcEssiNG,спасибо за заказ,2024/03/22,8835072261893001
2029944346407,26.03.2024 03:59,аЛЕксЕЙ МИхАйлОВ,8(9095) 37-17,4,пОдПИсКа НА ГАзЕтУ,2,1167.12,32.88,pROCEssINg,спасибо за заказ,2024/03/22,8835072261893001
2029944346407,26.03.2024 03:59,аЛЕксЕЙ МИхАйлОВ,8(9095) 37-17,4,ПОдПиСКА НА ГазетУ,1,576.31,23.69,pROCesSInG,спасибо за заказ,2024/03/22,8835072261893001
2029944345219,2024-03-15 07:28:29,АнНА СмирнОвА,+7 9634 35 81,1,корм ДЛя соБаК,4,1856.87,143.13,cAnceLLeD,подарок вовремя,12.03.2024,3682607325484382
2029944345219,2024-03-15 07:28:29,АнНА СмирнОвА,+7 9634 35 81,2,игрУШка МЯЧ,2,594.44,5.56,caNcelled,подарок вовремя,12.03.2024,3682607325484382
2029944345219,2024-03-15 07:28:29,АнНА СмирнОвА,+7 9634 35 81,3,АМУНИцИЯ для СобаК,2,2178.06,221.94,caNCeLled,подарок вовремя,12.03.2024,3682607325484382
2029944344909,2024-03-05 12:54:55,дМИтрИЙ кУЗНецов,+7(9721)22-64,5,моЛОкО,4,11630.92,369.08,CanceLLed,Ждём с нетерпением!,2024-03-22,7583146269026396
2029944343444,28.03.2024 18:56,ИвАн ИваНОВ,+7 9132 22 04,1,коРМ дЛЯ СоБаК,4,1784.37,215.63,COmPlETED,Всё отлично!,27.03.2024,0017405248825422
2029944343444,28.03.2024 18:56,ИвАн ИваНОВ,+7 9132 22 04,5,МоЛОКО,5,12104.46,2895.54,CoMpLeTEd,Всё отлично!,27.03.2024,0017405248825422
2029944343444,28.03.2024 18:56,ИвАн ИваНОВ,+7 9132 22 04,4,ПОДпиСКа На ГАзету,2,1034.88,165.12,CoMplEted,Всё отлично!,27.03.2024,0017405248825422
2029944342374,2024-03-15 21:33:47,АНна сМИРнОва,+7(9956)53-68,4,ПОдписКА На ГаЗету,5,2894.91,105.09,coMPLETEd,Проверить наличие,08.03.2024,5617432507199418
2029944342374,2024-03-15 21:33:47,АНна сМИРнОва,+7(9956)53-68,5,молокО,3,8289.03,710.97,COMPlETed,Проверить наличие,08.03.2024,5617432507199418
2029944342374,2024-03-15 21:33:47,АНна сМИРнОва,+7(9956)53-68,2,ИгРУШКА МЯч,4,1072.29,127.71,COmPLeted,Проверить наличие,08.03.2024,5617432507199418
2029944341267,04.03.2024 04:39,михаиЛ ОРЛоВ,+7(9045)88-30,3,АмУнициЯ ДлЯ СобаК,3,2944.06,655.94,CaNceLLeD,Ждём с нетерпением!,31.03.2024,5323278876643670
2029944340826,27.03.2024 08:32,сеРгЕЙ сИдОрОВ,+7(9199)90-83,2,игруШКа мяч,3,793.28,106.72,CoMplETed,Нужно уточнить сроки,2024-03-18,3938514259142329
2029944340826,27.03.2024 08:32,сеРгЕЙ сИдОрОВ,+7(9199)90-83,3,АмуНИЦия для СОбАК,2,2043.71,356.29,CompLeTed,Нужно уточнить сроки,2024-03-18,3938514259142329
2029944339508,22.03.2024 22:40,дМИТРИЙ кУЗнеЦОВ,+7 9384 65 63,1,коРм длЯ СоБаК,3,1221.98,278.02,cOMpLEted,подарок вовремя,2024-03-12,3256195101162013
2029944338474,19.03.2024 19:05,АЛекСей МИХАЙлОв,+7(9679)14-57,2,иГрушка МяЧ,2,570.71,29.29,cOMpLeTED,Нужно уточнить сроки,2024/03/19,1961575669542924
2029944338474,19.03.2024 19:05,АЛекСей МИХАЙлОв,+7(9679)14-57,2,ИгрУшКа мяЧ,3,750.54,149.46,ComPlETed,Нужно уточнить сроки,2024/03/19,1961575669542924
2029944337792,2024-03-28 06:16:05,ДМитРиЙ КУЗНецОВ,8(9922) 62-80,3,аМуниЦИЯ ДлЯ сОбаК,2,2366.4,33.6,cOMPleTeD,Проверить наличие,2024-03-14,9173107429306840
2029944337792,2024-03-28 06:16:05,ДМитРиЙ КУЗНецОВ,8(9922) 62-80,4,ПОдпИсКА на гаЗеТу,2,1091.67,108.33,CoMPleTED,Проверить наличие,2024-03-14,9173107429306840
2029944337792,2024-03-28 06:16:05,ДМитРиЙ КУЗНецОВ,8(9922) 62-80,4,ПОДпИСКА нА гаЗЕту,1,512.26,87.74,coMPleted,Проверить наличие,2024-03-14,9173107429306840
2029944337792,2024-03-28 06:16:05,ДМитРиЙ КУЗНецОВ,8(9922) 62-80,1,коРМ ДЛЯ СОБаК,5,2139.03,360.97,COmPleTed,Проверить наличие,2024-03-14,9173107429306840
2029944336800,2024-03-09 22:50:06,ДмИТРий КуЗНецОв,+7(9656)63-97,3,АмУнициЯ ДЛя СОбаК,3,3309.84,290.16,CaNcElleD,Всё отлично!,11.03.2024,2253812141748566
2029944336800,2024-03-09 22:50:06,ДмИТРий КуЗНецОв,+7(9656)63-97,2,иГрУШКА МЯч,2,492.27,107.73,CaNcelLEd,Всё отлично!,11.03.2024,2253812141748566
2029944336800,2024-03-09 22:50:06,ДмИТРий КуЗНецОв,+7(9656)63-97,4,пОдПисКА нА гАЗету,3,1616.49,183.51,CANcElLed,Всё отлично!,11.03.2024,2253812141748566
2029944336800,2024-03-09 22:50:06,ДмИТРий КуЗНецОв,+7(9656)63-97,3,АМУнИцИЯ для сОБак,1,1006.33,193.67,CAncELLeD,Всё отлично!,11.03.2024,2253812141748566
2029944335870,27.03.2024 12:00,НАтаЛЬЯ василЬеВа,8(9629) 98-74,4,пОДписКА На гАЗЕТу,2,1188.99,11.01,CoMPLeted,Всё отлично!,2024-03-11,9185679291247774
2029944335870,27.03.2024 12:00,НАтаЛЬЯ василЬеВа,8(9629) 98-74,3,аМунИцИя дЛя сОбаК,1,1101.35,98.65,coMPlETed,Всё отлично!,2024-03-11,9185679291247774
2029944335870,27.03.2024 12:00,НАтаЛЬЯ василЬеВа,8(9629) 98-74,5,МолоКо,1,2512.38,487.62,compLEtEd,Всё отлично!,2024-03-11,9185679291247774
2029944335870,27.03.2024 12:00,НАтаЛЬЯ василЬеВа,8(9629) 98-74,3,АМУниЦИЯ длЯ СОбАк,3,3157.49,442.51,comPLeTed,Всё отлично!,2024-03-11,9185679291247774
2029944335870,27.03.2024 12:00,НАтаЛЬЯ василЬеВа,8(9629) 98-74,3,аМУНИция для собак,5,5719.08,280.92,COMPlEtEd,Всё отлично!,2024-03-11,9185679291247774
2029944334941,2024/03/02 20:35:25,еЛЕНа новиКОвА,8(9193) 88-74,4,пОДписКа НА ГаЗЕТУ,4,1990.1,409.9,PRoceSSINg,Ждём с нетерпением!,2024-03-11,1122871637075604
2029944334941,2024/03/02 20:35:25,еЛЕНа новиКОвА,8(9193) 88-74,4,ПодПИСКа На газеТу,3,1688.83,111.17,proCesSinG,Ждём с нетерпением!,2024-03-11,1122871637075604
2029944333725,2024/03/04 19:39:20,мИхАИЛ ОрЛОВ,+7(9240)96-56,5,мОЛоКо,2,5967.47,32.53,CancELlED,спасибо за заказ,05.03.2024,4025346687136894
2029944333725,2024/03/04 19:39:20,мИхАИЛ ОрЛОВ,+7(9240)96-56,2,ИгруШкА МяЧ,5,1331.66,168.34,CANcElLed,спасибо за заказ,05.03.2024,4025346687136894
2029944333725,2024/03/04 19:39:20,мИхАИЛ ОрЛОВ,+7(9240)96-56,1,корМ ДлЯ СОбак,1,422.94,77.06,cAnCELleD,спасибо за заказ,05.03.2024,4025346687136894
2029944333725,2024/03/04 19:39:20,мИхАИЛ ОрЛОВ,+7(9240)96-56,4,ПОДПиСкА НА гАзеТу,1,503.13,96.87,cAnceLLEd,спасибо за заказ,05.03.2024,4025346687136894
2029944333725,2024/03/04 19:39:20,мИхАИЛ ОрЛОВ,+7(9240)96-56,5,МоЛОКо,4,10307.35,1692.65,CaNCellED,спасибо за заказ,05.03.2024,4025346687136894
2029944332880,16.03.2024 00:06,АЛеКсеЙ МИХАйЛов,+7 9803 69 54,1,КОрМ ДЛя СОбАК,4,1765.51,234.49,Processing,Всё отлично!,2024-03-11,1127368494128075
2029944332880,16.03.2024 00:06,АЛеКсеЙ МИХАйЛов,+7 9803 69 54,4,пОДпИсКА НА гАЗЕТу,4,2386.49,13.51,PRoCESsinG,Всё отлично!,2024-03-11,1127368494128075
2029944332880,16.03.2024 00:06,АЛеКсеЙ МИХАйЛов,+7 9803 69 54,3,АМуницИЯ ДЛя сОбАк,4,3898.17,901.83,PROCESSinG,Всё отлично!,2024-03-11,1127368494128075
2029944332880,16.03.2024 00:06,АЛеКсеЙ МИХАйЛов,+7 9803 69 54,4,пОдпИСка на ГаЗету,4,2166.04,233.96,pROCEsSIng,Всё отлично!,2024-03-11,1127368494128075
2029944332880,16.03.2024 00:06,АЛеКсеЙ МИХАйЛов,+7 9803 69 54,2,иГрушКА МЯЧ,4,967.89,232.11,pRocesSiNg,Всё отлично!,2024-03-11,1127368494128075
2029944331401,2024/03/09 23:34:43,Иван ивАнОв,+7(9654)52-22,4,подПИСКА на ГАзЕту,5,2435.17,564.83,pRoCeSSiNG,Нужно уточнить сроки,2024-03-19,6500485819471691
2029944331401,2024/03/09 23:34:43,Иван ивАнОв,+7(9654)52-22,1,Корм Для СобАк,3,1415.09,84.91,PROCeSSiNg,Нужно уточнить сроки,2024-03-19,6500485819471691
2029944330689,2024-03-23 02:34:13,МАрия ПЕтрОва,8(9696) 95-03,3,аМУниЦиЯ для сОбаК,4,4042.78,757.22,COmplETEd,Всё отлично!,05.03.2024,1693899957420684
2029944329789,2024-03-25 10:39:34,ЕлЕНА нОвикОвА,+7 9002 06 04,3,аМУНИцИЯ дЛя СОБАк,2,2301.04,98.96,CANCeLlEd,Нужно уточнить сроки,24.03.2024,3249026070000379
2029944329789,2024-03-25 10:39:34,ЕлЕНА нОвикОвА,+7 9002 06 04,5,мОЛОко,1,2637.86,362.14,cANcelLed,Нужно уточнить сроки,24.03.2024,3249026070000379
2029944329789,2024-03-25 10:39:34,ЕлЕНА нОвикОвА,+7 9002 06 04,3,амУНИЦия для Собак,1,1154.18,45.82,caNCellED,Нужно уточнить сроки,24.03.2024,3249026070000379
2029944329789,2024-03-25 10:39:34,ЕлЕНА нОвикОвА,+7 9002 06 04,1,КоРм дЛЯ СоБак,5,2087.62,412.38,CAncELlEd,Нужно уточнить сроки,24.03.2024,3249026070000379
2029944329789,2024-03-25 10:39:34,ЕлЕНА нОвикОвА,+7 9002 06 04,3,амУниЦиЯ ДЛЯ соБАК,2,2347.12,52.88,CAncelLED,Нужно уточнить сроки,24.03.2024,3249026070000379
2029944328907,2024-03-17 11:24:25,мАРия ПетрОВа,+7 9035 37 30,1,Корм дЛЯ СОбак,4,1821.75,178.25,PROceSsInG,Нужно уточнить сроки,2024-03-17,0094495185127467
2029944328907,2024-03-17 11:24:25,мАРия ПетрОВа,+7 9035 37 30,1,КорМ Для СОбак,5,2166.55,333.45,PRoCeSSING,Нужно уточнить сроки,2024-03-17,0094495185127467
2029944328907,2024-03-17 11:24:25,мАРия ПетрОВа,+7 9035 37 30,5,МолОкО,1,2709.29,290.71,PRoCESsIng,Нужно уточнить сроки,2024-03-17,0094495185127467
2029944328907,2024-03-17 11:24:25,мАРия ПетрОВа,+7 9035 37 30,5,мОлоко,4,10631.28,1368.72,procesSInG,Нужно уточнить сроки,2024-03-17,0094495185127467
2029944327631,07.03.2024 22:13,МАрИя пеТРовА,8(9113) 82-22,3,аМуНИцИЯ для собАк,1,1106.91,93.09,proCeSSInG,Проверить наличие,2024/03/24,3677196939000530
2029944326467,21.03.2024 15:54,АННа СмиРновА,+7 9538 15 12,3,АМУНиЦия для СОБАк,2,2289.58,110.42,cANcelLED,"Задержка с доставкой, печалька...",2024/03/11,8738993518360980
2029944326467,21.03.2024 15:54,АННа СмиРновА,+7 9538 15 12,5,МОлоко,5,13043.89,1956.11,CAncelLED,"Задержка с доставкой, печалька...",2024/03/11,8738993518360980
2029944326467,21.03.2024 15:54,АННа СмиРновА,+7 9538 15 12,1,КОРм длЯ СОбАк,2,841.38,158.62,cancelleD,"Задержка с доставкой, печалька...",2024/03/11,8738993518360980
2029944326467,21.03.2024 15:54,АННа СмиРновА,+7 9538 15 12,2,ИГрУШка мяч,2,597.27,2.73,cANcELlED,"Задержка с доставкой, печалька...",2024/03/11,8738993518360980
2029944325900,2024/03/07 21:35:56,михАИЛ ОРлоВ,+7(9421)35-25,2,ИГрушка мяЧ,1,267.51,32.49,coMpleTED,спасибо за заказ,2024/03/08,5847920722906258
2029944324872,2024-03-15 20:01:56,алЕкСЕй МихаЙЛов,+7(9685)54-71,2,иГруШка мяЧ,1,260.49,39.51,pRoceSSIng,Всё отлично!,2024-03-24,6585502989164876
2029944323447,2024-03-21 19:27:08,МИХаИл ОРЛОв,8(9449) 44-91,5,МолокО,4,11884.26,115.74,CaNCElLED,Нужно уточнить сроки,28.03.2024,3463902106572832
2029944323447,2024-03-21 19:27:08,МИХаИл ОРЛОв,8(9449) 44-91,2,ИгРУшкА мяЧ,5,1342.86,157.14,cAncELled,Нужно уточнить сроки,28.03.2024,3463902106572832
2029944322277,2024-03-15 15:32:04,сЕРгей СиДОРов,8(9052) 71-59,3,амуНиЦИЯ длЯ СОБаК,4,3965.02,834.98,pROCEssiNG,"Задержка с доставкой, печалька...",2024-03-11,9591852484487532
2029944321982,2024/03/26 02:10:05,АННА смИРНова,+7(9431)47-25,4,пОДПискА нА гаЗЕТУ,4,2070.2,329.8,comPlEtEd,"Задержка с доставкой, печалька...",27.03.2024,4583923173697056
2029944321982,2024/03/26 02:10:05,АННА смИРНова,+7(9431)47-25,1,КоРм ДЛЯ СОбак,3,1314.28,185.72,cOMpLetEd,"Задержка с доставкой, печалька...",27.03.2024,4583923173697056
2029944321982,2024/03/26 02:10:05,АННА смИРНова,+7(9431)47-25,1,коРм для соБАК,1,493.77,6.23,coMPLeteD,"Задержка с доставкой, печалька...",27.03.2024,4583923173697056
2029944320315,18.03.2024 04:07,АНнА СМиРНова,+7(9292)34-35,2,игрУШКа МЯЧ,5,1294.39,205.61,cOmPleTeD,Всё отлично!,2024/03/14,9821161506264665
2029944320315,18.03.2024 04:07,АНнА СМиРНова,+7(9292)34-35,3,АмуНИцИЯ ДлЯ сОБак,1,992.76,207.24,COmpleTeD,Всё отлично!,2024/03/14,9821161506264665
2029944320315,18.03.2024 04:07,АНнА СМиРНова,+7(9292)34-35,1,коРМ ДЛЯ СОбак,5,2396.25,103.75,COMPLeTeD,Всё отлично!,2024/03/14,9821161506264665
2029944575972,2024/03/11 13:40:15,НАТаЛЬЯ ваСИЛЬеВа,8(9390) 05-35,2,иГРуШКА мяч,2,549.95,50.05,pRocEsSiNG,Ждём с нетерпением!,2024/03/13,7957979089141407
2029944575972,2024/03/11 13:40:15,НАТаЛЬЯ ваСИЛЬеВа,8(9390) 05-35,2,игРуШКА МЯЧ,2,571.92,28.08,ProcESSiNG,Ждём с нетерпением!,2024/03/13,7957979089141407
2029944574847,2024/03/26 01:42:10,михаил орЛОв,+7(9394)83-50,3,аМУнициЯ дЛя сОБАк,5,5814.11,185.89,canCElleD,подарок вовремя,2024-03-30,5683812171552992
2029944574847,2024/03/26 01:42:10,михаил орЛОв,+7(9394)83-50,5,МоЛОкО,5,14315.11,684.89,CANCELlEd,подарок вовремя,2024-03-30,5683812171552992
2029944574847,2024/03/26 01:42:10,михаил орЛОв,+7(9394)83-50,2,ИГруШКА МЯЧ,2,505.41,94.59,CAnCeLlED,подарок вовремя,2024-03-30,5683812171552992
2029944574847,2024/03/26 01:42:10,михаил орЛОв,+7(9394)83-50,5,мОЛоКО,4,10727.06,1272.94,cAnCElled,подарок вовремя,2024-03-30,5683812171552992
2029944573812,24.03.2024 09:20,ИвАН иВАнОВ,+7 9940 32 84,5,Молоко,2,5703.84,296.16,pRoceSsIng,подарок вовремя,24.03.2024,1003145217879862
2029944573812,24.03.2024 09:20,ИвАН иВАнОВ,+7 9940 32 84,3,аМунИцИЯ ДЛя Собак,5,5222.61,777.39,pROCEssING,подарок вовремя,24.03.2024,1003145217879862
2029944573812,24.03.2024 09:20,ИвАН иВАнОВ,+7 9940 32 84,4,поДПиСКА нА ГАЗЕТУ,3,1657.56,142.44,PRocessing,подарок вовремя,24.03.2024,1003145217879862
2029944572755,2024/03/04 07:54:37,АннА СМирНОВа,+7(9038)52-30,4,ПоДПиска НА ГАЗЕту,5,2582.39,417.61,cOMPlETeD,Проверить наличие,2024/03/21,6616001869828466
2029944572755,2024/03/04 07:54:37,АннА СМирНОВа,+7(9038)52-30,4,ПоДПИСКА НА газеТу,4,2181.33,218.67,COmPleteD,Проверить наличие,2024/03/21,6616001869828466
2029944571636,2024/03/01 20:35:10,ОлЬГА КУзнЕЦоВа,+7 9465 42 98,1,Корм для СОБаК,2,972.05,27.95,COmpleTEd,Всё отлично!,2024-03-25,9353458054925715
2029944571636,2024/03/01 20:35:10,ОлЬГА КУзнЕЦоВа,+7 9465 42 98,4,пОдпИска нА гАЗеТу,4,2192.25,207.75,ComPletED,Всё отлично!,2024-03-25,9353458054925715
2029944571636,2024/03/01 20:35:10,ОлЬГА КУзнЕЦоВа,+7 9465 42 98,4,ПоДпИСКА на ГаЗеТу,5,2982.6,17.4,COmpLetED,Всё отлично!,2024-03-25,9353458054925715
2029944570582,31.03.2024 11:01,ИВаН иВАнОв,8(9535) 43-03,2,ИГрУшка МяЧ,4,1098.21,101.79,processiNg,спасибо за заказ,13.03.2024,2588962820876374
2029944570582,31.03.2024 11:01,ИВаН иВАнОв,8(9535) 43-03,2,ИгрУшКА МЯч,3,773.39,126.61,PRocesSinG,спасибо за заказ,13.03.2024,2588962820876374
2029944569138,2024-03-26 06:11:32,ДмиТРИй КУзнеЦОв,+7 9891 12 70,2,ИГРУшка МЯЧ,1,249.83,50.17,CompLeTEd,Нужно уточнить сроки,05.03.2024,6322799781694189
2029944569138,2024-03-26 06:11:32,ДмиТРИй КУзнеЦОв,+7 9891 12 70,4,ПОдПиСкА НА ГАзеТУ,1,490.5,109.5,COmPleted,Нужно уточнить сроки,05.03.2024,6322799781694189
2029944569138,2024-03-26 06:11:32,ДмиТРИй КУзнеЦОв,+7 9891 12 70,2,игРуШкА мЯч,4,1071.22,128.78,cOMplETED,Нужно уточнить сроки,05.03.2024,6322799781694189
2029944569138,2024-03-26 06:11:32,ДмиТРИй КУзнеЦОв,+7 9891 12 70,4,поДПИСКа НА гАЗеТу,5,2804.47,195.53,ComPletEd,Нужно уточнить сроки,05.03.2024,6322799781694189
2029944569138,2024-03-26 06:11:32,ДмиТРИй КУзнеЦОв,+7 9891 12 70,1,КОРм длЯ соБак,4,1918.66,81.34,complETeD,Нужно уточнить сроки,05.03.2024,6322799781694189
2029944568891,2024/03/10 21:22:11,мИхаил ОрлОВ,+7 9018 54 43,3,амуНИцИя Для СОБаК,3,3576.32,23.68,ComPlEtEd,подарок вовремя,27.03.2024,4284157324095517
2029944568891,2024/03/10 21:22:11,мИхаил ОрлОВ,+7 9018 54 43,4,поДпИСкА на ГаЗЕтУ,3,1476.82,323.18,coMPlEtED,подарок вовремя,27.03.2024,4284157324095517
2029944568891,2024/03/10 21:22:11,мИхаил ОрлОВ,+7 9018 54 43,1,корМ длЯ СОБАК,1,431.64,68.36,coMPLetEd,подарок вовремя,27.03.2024,4284157324095517
2029944567210,15.03.2024 06:15,аннА СмирНОВа,8(9447) 42-23,4,пОДпИскА НА ГАЗету,4,2135.5,264.5,CANCeLleD,спасибо за заказ,2024/03/13,8016179085357224
2029944567210,15.03.2024 06:15,аннА СмирНОВа,8(9447) 42-23,5,МОлОко,2,5931.2,68.8,cANCeLLEd,спасибо за заказ,2024/03/13,8016179085357224
2029944567210,15.03.2024 06:15,аннА СмирНОВа,8(9447) 42-23,1,корМ ДЛЯ СОБаК,5,2103.72,396.28,cANCElled,спасибо за заказ,2024/03/13,8016179085357224
2029944567210,15.03.2024 06:15,аннА СмирНОВа,8(9447) 42-23,2,иГрУшка мЯч,4,1063.19,136.81,cANcELLeD,спасибо за заказ,2024/03/13,8016179085357224
2029944566410,2024/03/30 13:11:19,нАтАЛья ВаСИЛьЕвА,8(9045) 60-22,2,игруШКА МЯч,2,527.03,72.97,CAnCelleD,Ждём с нетерпением!,2024/03/13,3552312518528508
2029944566410,2024/03/30 13:11:19,нАтАЛья ВаСИЛьЕвА,8(9045) 60-22,3,АмуНициЯ для сОбАк,2,1924.62,475.38,cancEllED,Ждём с нетерпением!,2024/03/13,3552312518528508
2029944566410,2024/03/30 13:11:19,нАтАЛья ВаСИЛьЕвА,8(9045) 60-22,1,КоРм для СоБак,4,1784.54,215.46,CanCElleD,Ждём с нетерпением!,2024/03/13,3552312518528508
2029944566410,2024/03/30 13:11:19,нАтАЛья ВаСИЛьЕвА,8(9045) 60-22,1,кОрМ длЯ собак,5,2216.18,283.82,CAncelLeD,Ждём с нетерпением!,2024/03/13,3552312518528508
2029944566410,2024/03/30 13:11:19,нАтАЛья ВаСИЛьЕвА,8(9045) 60-22,2,ИгРуШкА МЯч,4,1032.71,167.29,canCELlEd,Ждём с нетерпением!,2024/03/13,3552312518528508
2029944565465,25.03.2024 02:02,МихАИЛ Орлов,8(9458) 21-16,1,кОрМ ДЛя сОбак,1,439.19,60.81,PRocESSiNg,Всё отлично!,27.03.2024,6910931575649020
2029944564663,2024/03/25 22:18:57,МАрия ПеТРовА,+7 9142 17 95,4,пОдпИска на газету,1,538.8,61.2,pROCeSsINg,Всё отлично!,2024-03-02,3027990785708319
2029944564663,2024/03/25 22:18:57,МАрия ПеТРовА,+7 9142 17 95,4,подпИСКА на ГАЗЕТУ,5,2816.84,183.16,procEsSINg,Всё отлично!,2024-03-02,3027990785708319
2029944563692,19.03.2024 06:18,елЕНА НОвикОВА,8(9683) 99-10,3,аМуНициЯ ДЛя СобАк,1,1128.64,71.36,comPleted,спасибо за заказ,2024-03-11,3789885610502459
2029944563692,19.03.2024 06:18,елЕНА НОвикОВА,8(9683) 99-10,3,АмУнИцИЯ ДЛя сОБаК,4,4508.78,291.22,completEd,спасибо за заказ,2024-03-11,3789885610502459
2029944562336,22.03.2024 03:29,ДмИТРиЙ кУзНЕЦов,8(9878) 33-29,3,амуНИциЯ длЯ СоБак,4,4398.91,401.09,CanCeLlED,подарок вовремя,02.03.2024,0835474788543018
2029944562336,22.03.2024 03:29,ДмИТРиЙ кУзНЕЦов,8(9878) 33-29,1,кОРМ дЛЯ СоБак,2,933.07,66.93,canCElLED,подарок вовремя,02.03.2024,0835474788543018
2029944562336,22.03.2024 03:29,ДмИТРиЙ кУзНЕЦов,8(9878) 33-29,5,моЛОко,3,8094.23,905.77,CAncelleD,подарок вовремя,02.03.2024,0835474788543018
2029944561785,2024-03-08 15:53:02,МАриЯ пеТрОва,+7(9195)60-13,5,МолОКО,1,2993.67,6.33,cOmPLetED,спасибо за заказ,2024/03/10,7912323338382430
2029944561785,2024-03-08 15:53:02,МАриЯ пеТрОва,+7(9195)60-13,3,аМУНиЦИя дЛЯ СОБАк,2,1999.06,400.94,cOMpLeted,спасибо за заказ,2024/03/10,7912323338382430
2029944561785,2024-03-08 15:53:02,МАриЯ пеТрОва,+7(9195)60-13,4,ПОДПиСКА НА ГаЗЕтУ,1,518.84,81.16,CoMplEted,спасибо за заказ,2024/03/10,7912323338382430
2029944560632,10.03.2024 23:07,МаРиЯ пеТРОвА,+7(9054)03-98,3,амУнИцИЯ длЯ СоБАК,4,4643.96,156.04,cOMPleteD,Всё отлично!,2024-03-01,6465870010615218
2029944560632,10.03.2024 23:07,МаРиЯ пеТРОвА,+7(9054)03-98,5,МолоКО,2,5523.75,476.25,CoMPletED,Всё отлично!,2024-03-01,6465870010615218
2029944559931,2024/03/11 02:16:13,елЕна НОвИКоВА,8(9250) 84-73,5,МоЛокО,2,5522.23,477.77,PROcEssing,подарок вовремя,07.03.2024,9190434144449800
2029944558550,2024/03/21 12:13:43,ДмИТриЙ КуЗНЕЦОв,8(9464) 89-86,5,МоЛОКо,4,9953.23,2046.77,PrOceSSing,Нужно уточнить сроки,2024-03-19,1372596942413636
2029944558550,2024/03/21 12:13:43,ДмИТриЙ КуЗНЕЦОв,8(9464) 89-86,5,молОКо,3,7620.73,1379.27,proCEssInG,Нужно уточнить сроки,2024-03-19,1372596942413636
2029944557927,04.03.2024 00:07,АЛЕксеЙ мИхАйлоВ,+7(9851)93-04,1,корм ДлЯ сОбАК,4,1833.62,166.38,ComPleTED,"Задержка с доставкой, печалька...",2024/03/13,5829846788735477
2029944557927,04.03.2024 00:07,АЛЕксеЙ мИхАйлоВ,+7(9851)93-04,1,корм Для СоБаК,5,2261.84,238.16,cOMplEtEd,"Задержка с доставкой, печалька...",2024/03/13,5829846788735477
2029944556924,30.03.2024 19:27,СЕргей сиДорОВ,8(9138) 77-37,1,КОРм для СоБАК,4,1875.46,124.54,ProCesSINg,Проверить наличие,24.03.2024,0888160811767660
2029944556924,30.03.2024 19:27,СЕргей сиДорОВ,8(9138) 77-37,1,корМ длЯ сОБАк,4,1984.29,15.71,PRocesSING,Проверить наличие,24.03.2024,0888160811767660
2029944556924,30.03.2024 19:27,СЕргей сиДорОВ,8(9138) 77-37,4,ПОДпискА нА гАзЕТу,3,1517.94,282.06,prOCesSINg,Проверить наличие,24.03.2024,0888160811767660
2029944556924,30.03.2024 19:27,СЕргей сиДорОВ,8(9138) 77-37,1,Корм длЯ СОбаК,4,1700.36,299.64,prOcEsSINg,Проверить наличие,24.03.2024,0888160811767660
2029944556924,30.03.2024 19:27,СЕргей сиДорОВ,8(9138) 77-37,4,ПоДПИСКА На ГАЗеТУ,1,484.77,115.23,PRoCEsSing,Проверить наличие,24.03.2024,0888160811767660
2029944555313,2024-03-11 03:25:08,СЕрГеЙ СиДоРОв,8(9473) 88-11,2,ИгРУШКА мяч,2,570.79,29.21,PrOCessinG,Нужно уточнить сроки,2024/03/21,1602324392217496
2029944555313,2024-03-11 03:25:08,СЕрГеЙ СиДоРОв,8(9473) 88-11,3,АмунИЦИЯ дЛя СоБак,1,1070.77,129.23,pROCEssING,Нужно уточнить сроки,2024/03/21,1602324392217496
2029944555313,2024-03-11 03:25:08,СЕрГеЙ СиДоРОв,8(9473) 88-11,5,МоЛОКо,4,11776.68,223.32,PROCEsSinG,Нужно уточнить сроки,2024/03/21,1602324392217496
2029944554123,2024/03/24 15:32:58,дмИтрИй КУЗНЕцоВ,+7(9616)72-93,2,иГРуШка мЯЧ,2,480.23,119.77,COMpLEtEd,Ждём с нетерпением!,2024-03-12,7861438727735524
2029944554123,2024/03/24 15:32:58,дмИтрИй КУЗНЕцоВ,+7(9616)72-93,1,кОРМ ДЛЯ СОбак,4,1722.59,277.41,coMplETED,Ждём с нетерпением!,2024-03-12,7861438727735524
2029944554123,2024/03/24 15:32:58,дмИтрИй КУЗНЕцоВ,+7(9616)72-93,3,АмУнИция ДЛя сОБАК,4,4611.19,188.81,CoMpLeTeD,Ждём с нетерпением!,2024-03-12,7861438727735524
2029944553948,2024/03/03 21:57:16,АннА сМирновА,+7(9490)70-93,2,иГрушка мЯч,4,1062.72,137.28,CoMPleteD,Всё отлично!,11.03.2024,8920150991006286
2029944553948,2024/03/03 21:57:16,АннА сМирновА,+7(9490)70-93,1,кОРм ДлЯ соБАК,3,1466.15,33.85,COmPlEted,Всё отлично!,11.03.2024,8920150991006286
2029944552764,2024-03-01 12:37:24,алексей мИХайлОв,+7(9198)68-05,3,аМУНиЦИЯ дЛЯ собАК,5,5633.27,366.73,cAnCELLed,подарок вовремя,2024-03-08,0307299861902221
2029944552764,2024-03-01 12:37:24,алексей мИХайлОв,+7(9198)68-05,2,ИгРУшка Мяч,2,520.35,79.65,CANCElLed,подарок вовремя,2024-03-08,0307299861902221
2029944552764,2024-03-01 12:37:24,алексей мИХайлОв,+7(9198)68-05,3,аМуницИя ДлЯ собак,2,2314.93,85.07,CaNCElLeD,подарок вовремя,2024-03-08,0307299861902221
2029944552764,2024-03-01 12:37:24,алексей мИХайлОв,+7(9198)68-05,2,ИГРУШка МЯч,2,589.48,10.52,canCelLed,подарок вовремя,2024-03-08,0307299861902221
2029944552764,2024-03-01 12:37:24,алексей мИХайлОв,+7(9198)68-05,4,ПодПИСкА нА гАЗетУ,1,599.62,0.38,CaNCeLLed,подарок вовремя,2024-03-08,0307299861902221
2029944551874,2024/03/31 03:50:26,МаРИЯ пеТроВа,+7(9550)85-58,1,КоРМ ДлЯ СОБАк,2,815.86,184.14,cAnCeLLed,Всё отлично!,02.03.2024,9903531725243567
2029944551874,2024/03/31 03:50:26,МаРИЯ пеТроВа,+7(9550)85-58,5,мОЛОКо,4,10251.11,1748.89,CANcElled,Всё отлично!,02.03.2024,9903531725243567
2029944551874,2024/03/31 03:50:26,МаРИЯ пеТроВа,+7(9550)85-58,2,ИгРУшКА МЯЧ,1,295.03,4.97,caNCELleD,Всё отлично!,02.03.2024,9903531725243567
2029944551874,2024/03/31 03:50:26,МаРИЯ пеТроВа,+7(9550)85-58,4,ПодпИскА На гаЗету,3,1761.18,38.82,CANcElLed,Всё отлично!,02.03.2024,9903531725243567
2029944551874,2024/03/31 03:50:26,МаРИЯ пеТроВа,+7(9550)85-58,5,мОЛоКо,4,11886.21,113.79,CANcELled,Всё отлично!,02.03.2024,9903531725243567
2029944550355,2024-03-22 00:26:28,АННА СмиРНоВа,+7(9688)10-88,1,корм ДЛЯ собак,4,1727.58,272.42,pRocESsiNg,подарок вовремя,2024/03/30,1083636736468789
2029944550355,2024-03-22 00:26:28,АННА СмиРНоВа,+7(9688)10-88,4,поДпИСкА На гАзЕТУ,3,1661.27,138.73,prOCEssING,подарок вовремя,2024/03/30,1083636736468789
2029944550355,2024-03-22 00:26:28,АННА СмиРНоВа,+7(9688)10-88,5,молоКО,1,2541.11,458.89,procESsINg,подарок вовремя,2024/03/30,1083636736468789
2029944550355,2024-03-22 00:26:28,АННА СмиРНоВа,+7(9688)10-88,3,аМуНИЦиЯ ДЛя соБак,3,3195.37,404.63,ProcEssInG,подарок вовремя,2024/03/30,1083636736468789
2029944550355,2024-03-22 00:26:28,АННА СмиРНоВа,+7(9688)10-88,5,моЛоКО,1,2833.98,166.02,procEsSInG,подарок вовремя,2024/03/30,1083636736468789
2029944549214,2024-03-26 14:25:54,ДмиТРиЙ КУзНеЦоВ,8(9139) 89-39,2,ИГруШкА МЯч,4,983.41,216.59,prOcEsSInG,спасибо за заказ,2024/03/15,8203775080567287
2029944548867,2024-03-18 05:55:58,еЛЕНа нОвИкоВА,8(9624) 35-78,2,ИГРуШКа мЯЧ,1,262.52,37.48,processInG,Нужно уточнить сроки,2024/03/12,4063646307147470
2029944547307,16.03.2024 08:56,ольгА КузНеЦоВа,+7(9122)58-14,1,коРМ для СОБАк,3,1343.0,157.0,completed,Всё отлично!,2024-03-20,2765768149214252
2029944547307,16.03.2024 08:56,ольгА КузНеЦоВа,+7(9122)58-14,5,МоЛОко,2,4814.03,1185.97,COMPleTED,Всё отлично!,2024-03-20,2765768149214252
2029944547307,16.03.2024 08:56,ольгА КузНеЦоВа,+7(9122)58-14,2,иГрУШка мяЧ,1,286.78,13.22,COmPlETEd,Всё отлично!,2024-03-20,2765768149214252
2029944546105,18.03.2024 03:04,ЕлЕНа нОВИкОвА,8(9794) 02-90,1,КоРМ ДлЯ СобАк,3,1441.35,58.65,caNCelLed,Нужно уточнить сроки,2024/03/07,9251134497021544
2029944546105,18.03.2024 03:04,ЕлЕНа нОВИкОвА,8(9794) 02-90,4,ПодпИска нА гАзЕТу,1,528.35,71.65,CaNcElleD,Нужно уточнить сроки,2024/03/07,9251134497021544
2029944546105,18.03.2024 03:04,ЕлЕНа нОВИкОвА,8(9794) 02-90,3,АмунИЦИя ДлЯ СОБаК,5,5567.09,432.91,caNcElLeD,Нужно уточнить сроки,2024/03/07,9251134497021544
2029944546105,18.03.2024 03:04,ЕлЕНа нОВИкОвА,8(9794) 02-90,2,ИгрУшка МЯч,3,733.58,166.42,CAncELlEd,Нужно уточнить сроки,2024/03/07,9251134497021544
2029944546105,18.03.2024 03:04,ЕлЕНа нОВИкОвА,8(9794) 02-90,1,корМ ДЛя СоБАк,4,1964.25,35.75,CanceLLEd,Нужно уточнить сроки,2024/03/07,9251134497021544
2029944545737,01.03.2024 00:17,нАТаЛЬя вАсиЛьЕВа,8(9181) 27-55,4,поДПисКа нА ГаЗЕтУ,3,1510.96,289.04,prOcESsINg,Всё отлично!,2024/03/19,6883962469598544
2029944545737,01.03.2024 00:17,нАТаЛЬя вАсиЛьЕВа,8(9181) 27-55,4,ПОдПИСКА На гАзЕту,5,2437.6,562.4,proCeSsing,Всё отлично!,2024/03/19,6883962469598544
2029944544459,07.03.2024 23:18,ольгА кУЗНЕцовА,8(9357) 32-27,1,КОРМ для сОбак,3,1209.06,290.94,COmpLETeD,"Задержка с доставкой, печалька...",29.03.2024,1620933610961319
2029944543630,2024/03/13 08:43:00,ОльГА кузнеЦОВа,+7(9537)23-42,2,ИгрУшка мЯч,3,797.88,102.12,PRoceSSing,Ждём с нетерпением!,2024-03-04,0418208688604577
2029944543630,2024/03/13 08:43:00,ОльГА кузнеЦОВа,+7(9537)23-42,3,АМунициЯ Для СОБаК,2,2334.49,65.51,pRoceSSINg,Ждём с нетерпением!,2024-03-04,0418208688604577
2029944543630,2024/03/13 08:43:00,ОльГА кузнеЦОВа,+7(9537)23-42,3,амУнИЦИя ДЛЯ собАК,3,3520.51,79.49,ProcEssIng,Ждём с нетерпением!,2024-03-04,0418208688604577
2029944543630,2024/03/13 08:43:00,ОльГА кузнеЦОВа,+7(9537)23-42,1,КоРм ДЛЯ СОБак,5,2241.11,258.89,pRoCesSiNG,Ждём с нетерпением!,2024-03-04,0418208688604577
2029944542462,24.03.2024 01:43,дмитрИй КУзнеЦов,+7(9129)54-28,1,КОрм длЯ сОбАК,2,831.79,168.21,PrOCessING,Ждём с нетерпением!,2024/03/28,2733139761604081
2029944542462,24.03.2024 01:43,дмитрИй КУзнеЦов,+7(9129)54-28,4,ПОДписКА на гАзету,2,1012.48,187.52,prOceSSiNg,Ждём с нетерпением!,2024/03/28,2733139761604081
2029944541685,23.03.2024 00:43,Ольга КуЗНеЦова,+7(9606)60-74,2,игРуШкА мЯЧ,4,1025.37,174.63,ProcEsSIng,спасибо за заказ,2024-03-13,2832680057808463
2029944540869,2024-03-22 17:58:27,дМИТРИй КузнЕЦОв,+7 9318 71 49,2,ИГрушкА МЯч,4,989.44,210.56,PROCESSiNg,Ждём с нетерпением!,2024/03/12,5831063274145044
2029944540869,2024-03-22 17:58:27,дМИТРИй КузнЕЦОв,+7 9318 71 49,1,кОрМ ДлЯ сОБак,4,1880.3,119.7,PRoCesSInG,Ждём с нетерпением!,2024/03/12,5831063274145044
2029944540869,2024-03-22 17:58:27,дМИТРИй КузнЕЦОв,+7 9318 71 49,5,моЛОко,5,13947.92,1052.08,proCESSING,Ждём с нетерпением!,2024/03/12,5831063274145044
2029944540869,2024-03-22 17:58:27,дМИТРИй КузнЕЦОв,+7 9318 71 49,4,ПоДпиСкА НА газетУ,2,1184.55,15.45,ProcesSIng,Ждём с нетерпением!,2024/03/12,5831063274145044
2029944540869,2024-03-22 17:58:27,дМИТРИй КузнЕЦОв,+7 9318 71 49,3,аМуниЦИЯ для сОБАк,4,4165.4,634.6,ProcESSiNg,Ждём с нетерпением!,2024/03/12,5831063274145044
2029944539342,2024/03/02 17:48:07,мИХаиЛ ОрЛОВ,+7(9917)52-04,3,аМУнИцИЯ ДлЯ соБАК,2,2124.79,275.21,CAnCellEd,спасибо за заказ,19.03.2024,7672863012810437
2029944539342,2024/03/02 17:48:07,мИХаиЛ ОрЛОВ,+7(9917)52-04,3,аМуНИЦиЯ ДлЯ соБАк,4,4083.86,716.14,CANceLled,спасибо за заказ,19.03.2024,7672863012810437
2029944538388,2024/03/15 06:23:30,аННА сМИРНоВа,+7(9701)29-56,5,мОлокО,5,13388.42,1611.58,CoMpletED,подарок вовремя,2024-03-03,7343655126976094
2029944537682,2024/03/19 01:35:40,АлЕКСЕЙ МихАЙЛОВ,8(9703) 58-36,4,подПИСКа На гАзеТу,4,2305.88,94.12,CoMPLeted,"Задержка с доставкой, печалька...",2024-03-22,2754345025772067
2029944537682,2024/03/19 01:35:40,АлЕКСЕЙ МихАЙЛОВ,8(9703) 58-36,2,ИГРУшка МЯч,3,806.8,93.2,COmPlETeD,"Задержка с доставкой, печалька...",2024-03-22,2754345025772067
2029944536636,2024/03/23 19:06:22,наТАЛЬЯ ВАСИЛЬеВа,+7(9766)49-32,5,моЛоКо,1,2884.54,115.46,pROcEsSIng,Нужно уточнить сроки,2024-03-05,6711012078358629
2029944536636,2024/03/23 19:06:22,наТАЛЬЯ ВАСИЛЬеВа,+7(9766)49-32,3,амуНИция ДЛя СОБАк,5,5736.79,263.21,proCessING,Нужно уточнить сроки,2024-03-05,6711012078358629
2029944536636,2024/03/23 19:06:22,наТАЛЬЯ ВАСИЛЬеВа,+7(9766)49-32,4,ПодПИСКА НА ГаЗеТУ,3,1504.27,295.73,prOCESSing,Нужно уточнить сроки,2024-03-05,6711012078358629
2029944535613,03.03.2024 10:47,АлеКСЕй мИХАЙлов,8(9132) 26-61,3,АмУНИциЯ Для сОБаК,3,3241.81,358.19,cAnCELled,"Задержка с доставкой, печалька...",2024/03/26,6597147258178476
2029944535613,03.03.2024 10:47,АлеКСЕй мИХАЙлов,8(9132) 26-61,5,моЛоКо,5,14947.76,52.24,CANCEllEd,"Задержка с доставкой, печалька...",2024/03/26,6597147258178476
2029944535613,03.03.2024 10:47,АлеКСЕй мИХАЙлов,8(9132) 26-61,1,Корм ДЛя СоБаК,2,984.63,15.37,caNCELlED,"Задержка с доставкой, печалька...",2024/03/26,6597147258178476
2029944535613,03.03.2024 10:47,АлеКСЕй мИХАЙлов,8(9132) 26-61,1,кОРм длЯ СобАК,3,1203.78,296.22,CanCElled,"Задержка с доставкой, печалька...",2024/03/26,6597147258178476
2029944535613,03.03.2024 10:47,АлеКСЕй мИХАЙлов,8(9132) 26-61,2,иГрУшкА мяч,4,1043.7,156.3,CANCelLed,"Задержка с доставкой, печалька...",2024/03/26,6597147258178476
2029944534875,2024/03/30 17:24:48,НАТаЛья васИЛьеВА,+7(9229)82-82,5,молОкО,4,11771.17,228.83,CAncelLed,подарок вовремя,10.03.2024,9409827564410708
2029944534875,2024/03/30 17:24:48,НАТаЛья васИЛьеВА,+7(9229)82-82,4,поДписка нА ГазЕтУ,1,594.66,5.34,CAncElLEd,подарок вовремя,10.03.2024,9409827564410708
2029944534875,2024/03/30 17:24:48,НАТаЛья васИЛьеВА,+7(9229)82-82,3,АМУНиция дЛЯ СобаК,2,2055.59,344.41,CAnCEllEd,подарок вовремя,10.03.2024,9409827564410708
2029944533427,06.03.2024 06:14,Иван ИВаНОВ,8(9574) 42-18,2,ИгРуШкА мЯЧ,4,1001.46,198.54,canCeLLed,"Задержка с доставкой, печалька...",14.03.2024,2659106971090249
2029944533427,06.03.2024 06:14,Иван ИВаНОВ,8(9574) 42-18,1,коРМ дЛя собак,1,438.78,61.22,cANCeLLeD,"Задержка с доставкой, печалька...",14.03.2024,2659106971090249
2029944532181,2024/03/24 07:59:59,елеНА ноВиКова,+7(9973)83-93,5,моЛоКО,3,7794.68,1205.32,caNCElleD,Всё отлично!,2024-03-07,6241228438370998
2029944532181,2024/03/24 07:59:59,елеНА ноВиКова,+7(9973)83-93,2,игрУшКА мяЧ,5,1374.76,125.24,CaNCelled,Всё отлично!,2024-03-07,6241228438370998
2029944532181,2024/03/24 07:59:59,елеНА ноВиКова,+7(9973)83-93,5,моЛоко,4,10491.98,1508.02,cANcElled,Всё отлично!,2024-03-07,6241228438370998
2029944532181,2024/03/24 07:59:59,елеНА ноВиКова,+7(9973)83-93,5,моЛокО,3,7328.16,1671.84,cAnCelLed,Всё отлично!,2024-03-07,6241228438370998
2029944531929,2024-03-28 01:03:44,иВАН ИвАноВ,8(9160) 87-50,1,Корм дЛя собак,1,446.58,53.42,caNcelLed,Нужно уточнить сроки,2024/03/28,9619678195803244
2029944531929,2024-03-28 01:03:44,иВАН ИвАноВ,8(9160) 87-50,2,иГрушКа МЯч,4,1032.6,167.4,cAncELlEd,Нужно уточнить сроки,2024/03/28,9619678195803244
2029944530501,2024-03-07 04:52:18,иван иВаНов,+7(9812)10-84,3,аМУнИцИя ДлЯ собаК,4,3893.41,906.59,cOmPleTed,Проверить наличие,05.03.2024,9910279361286733
2029944530501,2024-03-07 04:52:18,иван иВаНов,+7(9812)10-84,3,АмуНиЦИЯ длЯ СобАк,1,997.4,202.6,compleTed,Проверить наличие,05.03.2024,9910279361286733
2029944530501,2024-03-07 04:52:18,иван иВаНов,+7(9812)10-84,2,игРуШка Мяч,3,726.56,173.44,cOmplEteD,Проверить наличие,05.03.2024,9910279361286733
2029944529458,2024/03/26 14:51:57,наталЬЯ ВАсилЬевА,8(9372) 94-85,1,коРМ дЛЯ СОБАК,4,1947.74,52.26,CAncElLED,Всё отлично!,02.03.2024,5200038093422048
2029944529458,2024/03/26 14:51:57,наталЬЯ ВАсилЬевА,8(9372) 94-85,3,АМуНицИЯ ДЛЯ СОбАк,2,1999.64,400.36,CAnCelleD,Всё отлично!,02.03.2024,5200038093422048
2029944529458,2024/03/26 14:51:57,наталЬЯ ВАсилЬевА,8(9372) 94-85,5,МОлОкО,3,8092.53,907.47,CAnceLLEd,Всё отлично!,02.03.2024,5200038093422048
2029944529458,2024/03/26 14:51:57,наталЬЯ ВАсилЬевА,8(9372) 94-85,1,КоРМ длЯ СоБАк,4,1611.18,388.82,CAncelled,Всё отлично!,02.03.2024,5200038093422048
2029944529458,2024/03/26 14:51:57,наталЬЯ ВАсилЬевА,8(9372) 94-85,4,подПиСка На гАЗЕтУ,2,1164.24,35.76,CaNceLlEd,Всё отлично!,02.03.2024,5200038093422048
2029944528936,03.03.2024 03:56,ИВАН ИвАНОв,8(9239) 25-57,1,корм ДЛЯ сОбАк,1,459.4,40.6,PROcessiNg,подарок вовремя,2024/03/17,6410863990414437
2029944528936,03.03.2024 03:56,ИВАН ИвАНОв,8(9239) 25-57,2,ИГРуШКа мЯч,5,1238.08,261.92,pROCesSing,подарок вовремя,2024/03/17,6410863990414437
2029944528936,03.03.2024 03:56,ИВАН ИвАНОв,8(9239) 25-57,4,ПОДПиСКа НА газЕТУ,1,571.02,28.98,proCEsSiNG,подарок вовремя,2024/03/17,6410863990414437
2029944527391,2024-03-04 20:29:41,мАРИя пЕТрОВа,+7(9269)79-60,1,корМ дЛЯ СоБАк,1,479.57,20.43,ProcesSing,спасибо за заказ,2024/03/29,1713571710329940
2029944527391,2024-03-04 20:29:41,мАРИя пЕТрОВа,+7(9269)79-60,2,ИГрУШка МЯч,2,549.58,50.42,ProcEssINg,спасибо за заказ,2024/03/29,1713571710329940
2029944526874,2024/03/26 13:01:51,АЛекСей мИХАЙЛоВ,+7(9932)27-85,3,Амуниция Для СОБАК,3,3058.95,541.05,PrOCESSiNG,Проверить наличие,2024-03-19,5798165511785011
2029944526874,2024/03/26 13:01:51,АЛекСей мИХАЙЛоВ,+7(9932)27-85,4,ПодПиСкА На ГазеТУ,5,2634.57,365.43,PROCEssiNG,Проверить наличие,2024-03-19,5798165511785011
2029944526874,2024/03/26 13:01:51,АЛекСей мИХАЙЛоВ,+7(9932)27-85,2,игРуШкА МяЧ,3,860.7,39.3,pRocEssiNg,Проверить наличие,2024-03-19,5798165511785011
2029944526874,2024/03/26 13:01:51,АЛекСей мИХАЙЛоВ,+7(9932)27-85,5,мОЛоКО,5,12557.8,2442.2,pROCeSSiNg,Проверить наличие,2024-03-19,5798165511785011
2029944526874,2024/03/26 13:01:51,АЛекСей мИХАЙЛоВ,+7(9932)27-85,2,ИгруШкА мЯч,4,1116.5,83.5,prOcEssiNg,Проверить наличие,2024-03-19,5798165511785011
2029944525772,2024-03-06 01:41:02,мИХАИл орЛОВ,+7(9620)48-65,2,игРУШка МЯч,5,1347.7,152.3,CanceLlED,Ждём с нетерпением!,26.03.2024,1828891518282427
2029944525772,2024-03-06 01:41:02,мИХАИл орЛОВ,+7(9620)48-65,3,аМунИцИЯ длЯ СОБак,5,5960.5,39.5,Cancelled,Ждём с нетерпением!,26.03.2024,1828891518282427
2029944524696,2024-03-04 12:44:22,наТАЛЬя ваСИльевА,+7(9674)62-52,1,КоРМ дЛя СоБАК,2,847.95,152.05,PROcEsSiNG,подарок вовремя,2024-03-22,0714122876363880
2029944523133,2024-03-09 21:22:32,нАТАлЬЯ ваСилЬЕвА,+7 9076 51 44,5,мОлОкО,3,7666.46,1333.54,ProCesSiNG,Всё отлично!,04.03.2024,7139160773886644
2029944522835,2024-03-16 12:59:21,ИВАн ивАнов,+7 9223 10 93,5,МОлОКо,3,8547.62,452.38,PRoCEssINg,Проверить наличие,19.03.2024,2294667452548243
2029944522835,2024-03-16 12:59:21,ИВАн ивАнов,+7 9223 10 93,3,амуницИя дЛЯ СобАк,3,3227.68,372.32,PrOCessInG,Проверить наличие,19.03.2024,2294667452548243
2029944521257,2024-03-11 14:44:35,СерГЕй СИДоРоВ,+7(9490)63-22,5,моЛОкО,4,11942.35,57.65,CoMPLEteD,"Задержка с доставкой, печалька...",12.03.2024,2114756064167576
2029944521257,2024-03-11 14:44:35,СерГЕй СИДоРоВ,+7(9490)63-22,3,аМуНИция дЛЯ соБАК,4,4307.02,492.98,ComPlETED,"Задержка с доставкой, печалька...",12.03.2024,2114756064167576
2029944520138,2024/03/31 14:20:05,елЕна НОВикоВа,8(9243) 82-11,4,ПОДписКА на гаЗЕТУ,4,2399.89,0.11,pRocESSiNg,Проверить наличие,2024/03/29,8618070030126008
2029944520138,2024/03/31 14:20:05,елЕна НОВикоВа,8(9243) 82-11,2,ИгРуШКа МяЧ,5,1437.33,62.67,pROceSSINg,Проверить наличие,2024/03/29,8618070030126008
2029944520138,2024/03/31 14:20:05,елЕна НОВикоВа,8(9243) 82-11,4,ПОДПисКА На газету,5,2938.67,61.33,PRoCeSsinG,Проверить наличие,2024/03/29,8618070030126008
2029944520138,2024/03/31 14:20:05,елЕна НОВикоВа,8(9243) 82-11,2,Игрушка мяЧ,4,1142.1,57.9,PROcessing,Проверить наличие,2024/03/29,8618070030126008
2029944520138,2024/03/31 14:20:05,елЕна НОВикоВа,8(9243) 82-11,5,мОЛокО,1,2991.92,8.08,proCESSinG,Проверить наличие,2024/03/29,8618070030126008
2029944519742,2024/03/21 22:43:52,еЛЕнА ноВиКоВА,+7 9182 16 70,2,игРушкА мЯч,4,1191.92,8.08,CaNCElled,Всё отлично!,2024-03-29,0694895006279782
2029944519742,2024/03/21 22:43:52,еЛЕнА ноВиКоВА,+7 9182 16 70,2,игрУшка МяЧ,5,1488.27,11.73,cANceLLEd,Всё отлично!,2024-03-29,0694895006279782
2029944519742,2024/03/21 22:43:52,еЛЕнА ноВиКоВА,+7 9182 16 70,2,иГруШКа мяч,3,742.84,157.16,CANCellED,Всё отлично!,2024-03-29,0694895006279782
2029944519742,2024/03/21 22:43:52,еЛЕнА ноВиКоВА,+7 9182 16 70,1,КорМ дЛЯ сОбАк,5,2005.48,494.52,cAnCeLLED,Всё отлично!,2024-03-29,0694895006279782
2029944518202,2024-03-16 21:48:32,елеНа НовИкоВА,8(9235) 40-13,2,ИгрУШКА МЯЧ,1,275.47,24.53,canceLLEd,Нужно уточнить сроки,2024/03/06,5800258450182940
2029944518202,2024-03-16 21:48:32,елеНа НовИкоВА,8(9235) 40-13,3,АмУниЦия Для СОбак,2,2088.3,311.7,cANcelLed,Нужно уточнить сроки,2024/03/06,5800258450182940
2029944518202,2024-03-16 21:48:32,елеНа НовИкоВА,8(9235) 40-13,5,МОлоКО,5,13311.57,1688.43,CAncElLed,Нужно уточнить сроки,2024/03/06,5800258450182940
2029944517458,2024/03/18 05:56:31,олЬга кузНЕцОВА,+7 9483 07 37,2,ИгРуШка мЯч,1,252.82,47.18,COMPlETeD,Проверить наличие,07.03.2024,9681241462207190
2029944516583,2024-03-05 09:08:06,иваН ИВАнОв,8(9717) 08-52,1,КоРм Для СОБаК,5,2068.24,431.76,COMPlEted,подарок вовремя,26.03.2024,4199727724098889
2029944516583,2024-03-05 09:08:06,иваН ИВАнОв,8(9717) 08-52,2,ИГРушка МяЧ,2,561.87,38.13,ComPLeTed,подарок вовремя,26.03.2024,4199727724098889
2029944516583,2024-03-05 09:08:06,иваН ИВАнОв,8(9717) 08-52,4,пОДПисКа на газЕТУ,3,1625.84,174.16,COmPLEtED,подарок вовремя,26.03.2024,4199727724098889
2029944516583,2024-03-05 09:08:06,иваН ИВАнОв,8(9717) 08-52,4,поДПиСКА НА гАЗетУ,2,1117.71,82.29,cOMpLEtED,подарок вовремя,26.03.2024,4199727724098889
2029944516583,2024-03-05 09:08:06,иваН ИВАнОв,8(9717) 08-52,1,КоРм длЯ СоБАк,3,1296.04,203.96,cOMPLetEd,подарок вовремя,26.03.2024,4199727724098889
2029944515505,2024-03-04 01:33:34,ДмИтрИЙ КуЗнецОв,8(9344) 75-58,1,корм ДЛЯ сОбаК,2,818.12,181.88,ComplETed,Ждём с нетерпением!,14.03.2024,5256134667297000
2029944514418,01.03.2024 12:24,анна СмИрнОВА,8(9076) 18-34,2,ИГрУШКа мяч,4,1168.63,31.37,CANCELLED,спасибо за заказ,2024-03-01,3461323180666798
2029944514418,01.03.2024 12:24,анна СмИрнОВА,8(9076) 18-34,4,поДпискА На ГАЗетУ,5,2625.58,374.42,CAncELlEd,спасибо за заказ,2024-03-01,3461323180666798
2029944514418,01.03.2024 12:24,анна СмИрнОВА,8(9076) 18-34,5,МолокО,4,11447.46,552.54,CANcELLed,спасибо за заказ,2024-03-01,3461323180666798
2029944514418,01.03.2024 12:24,анна СмИрнОВА,8(9076) 18-34,1,КОрМ Для СобАк,1,492.51,7.49,CANCELlEd,спасибо за заказ,2024-03-01,3461323180666798
2029944513728,2024-03-10 16:42:39,АЛЕКСеЙ мИхайлов,+7(9966)11-51,1,КОРМ ДЛЯ СОбАК,4,1635.58,364.42,cANcElLed,"Задержка с доставкой, печалька...",05.03.2024,2482628808684109
2029944513728,2024-03-10 16:42:39,АЛЕКСеЙ мИхайлов,+7(9966)11-51,5,МОлокО,4,9624.36,2375.64,CaNcELLeD,"Задержка с доставкой, печалька...",05.03.2024,2482628808684109
2029944513728,2024-03-10 16:42:39,АЛЕКСеЙ мИхайлов,+7(9966)11-51,3,амУНиЦИЯ дЛЯ собАК,5,4980.04,1019.96,cAnceLlEd,"Задержка с доставкой, печалька...",05.03.2024,2482628808684109
2029944513728,2024-03-10 16:42:39,АЛЕКСеЙ мИхайлов,+7(9966)11-51,3,АМУНиЦИя для СОбАк,2,2244.46,155.54,caNCElLEd,"Задержка с доставкой, печалька...",05.03.2024,2482628808684109
2029944512506,2024-03-25 03:33:52,АлЕкСеЙ МихайЛОВ,+7 9453 50 23,2,иГРушКа МяЧ,1,245.22,54.78,cOmplEted,"Задержка с доставкой, печалька...",12.03.2024,0593003847625208
2029944512506,2024-03-25 03:33:52,АлЕкСеЙ МихайЛОВ,+7 9453 50 23,2,ИгрушкА мяЧ,5,1234.04,265.96,cOmplEtEd,"Задержка с доставкой, печалька...",12.03.2024,0593003847625208
2029944512506,2024-03-25 03:33:52,АлЕкСеЙ МихайЛОВ,+7 9453 50 23,4,подписка На газеТу,5,2845.94,154.06,cOmPLETeD,"Задержка с доставкой, печалька...",12.03.2024,0593003847625208
2029944511559,2024/03/08 13:11:41,дМитрИЙ КуЗНецОв,+7 9375 91 09,1,коРм дЛЯ Собак,3,1225.43,274.57,ComPLeTed,спасибо за заказ,09.03.2024,1610706619620236
2029944510505,2024/03/29 11:14:16,иВаН иВанов,+7(9006)11-29,2,игРушка мяЧ,3,733.59,166.41,PrOcEssing,Ждём с нетерпением!,2024-03-19,7005682936839360
2029944510505,2024/03/29 11:14:16,иВаН иВанов,+7(9006)11-29,3,АмУнИция ДЛЯ СобАк,5,4929.37,1070.63,PROcEsSIng,Ждём с нетерпением!,2024-03-19,7005682936839360
2029944510505,2024/03/29 11:14:16,иВаН иВанов,+7(9006)11-29,5,молоКО,4,10234.6,1765.4,prOcESsinG,Ждём с нетерпением!,2024-03-19,7005682936839360
2029944509201,2024-03-16 22:15:51,ИВАн иванов,+7 9247 85 22,2,ИгрУШКа Мяч,3,854.02,45.98,CoMPleTEd,спасибо за заказ,2024-03-28,1246741392578912
2029944508461,2024-03-31 00:53:16,ОЛЬга КУзНЕЦОва,+7 9342 30 54,5,моЛоКО,3,8281.47,718.53,PRoceSsINg,спасибо за заказ,2024/03/09,1090458052813375
2029944508461,2024-03-31 00:53:16,ОЛЬга КУзНЕЦОва,+7 9342 30 54,2,иГруШка МяЧ,3,743.29,156.71,PrOcEsSInG,спасибо за заказ,2024/03/09,1090458052813375
2029944508461,2024-03-31 00:53:16,ОЛЬга КУзНЕЦОва,+7 9342 30 54,3,амуНицИя для СобаК,1,1114.72,85.28,pROcESsing,спасибо за заказ,2024/03/09,1090458052813375
2029944508461,2024-03-31 00:53:16,ОЛЬга КУзНЕЦОва,+7 9342 30 54,3,АМУНицИя длЯ СоБАК,1,990.9,209.1,PrOCeSsing,спасибо за заказ,2024/03/09,1090458052813375
2029944507135,2024-03-30 05:09:14,алЕКСей МИХАйлоВ,+7(9733)74-76,5,МОЛОкО,3,7841.79,1158.21,PRocesSing,спасибо за заказ,2024/03/31,3138998239819931
2029944507135,2024-03-30 05:09:14,алЕКСей МИХАйлоВ,+7(9733)74-76,1,КоРм дЛЯ СОбАк,5,2279.59,220.41,PrOCEssing,спасибо за заказ,2024/03/31,3138998239819931
2029944507135,2024-03-30 05:09:14,алЕКСей МИХАйлоВ,+7(9733)74-76,3,АМУнИЦИЯ ДЛя собаК,4,4082.88,717.12,PROCesSInG,спасибо за заказ,2024/03/31,3138998239819931
2029944507135,2024-03-30 05:09:14,алЕКСей МИХАйлоВ,+7(9733)74-76,2,ИГрушКА Мяч,1,270.83,29.17,PRoCesSInG,спасибо за заказ,2024/03/31,3138998239819931
2029944506639,2024-03-15 14:41:48,дМитРий куЗнецов,+7(9506)07-09,5,мОлоКо,4,11710.45,289.55,CAnCeLlEd,Проверить наличие,2024/03/28,1483534133217452
2029944505266,2024/03/21 01:20:38,АнНа СмИРнОВА,+7(9410)27-54,4,ПоДпИСКА На ГаЗеТУ,1,543.65,56.35,comPLetED,Проверить наличие,2024/03/05,9961196984046769
2029944504581,2024-03-09 14:22:08,иВаН иВанОВ,+7 9796 03 77,1,КоРМ для сОбАК,1,435.19,64.81,cAncELlEd,Проверить наличие,23.03.2024,0846265018875884
2029944503667,2024/03/24 15:45:13,ЕЛена нОВикОВА,8(9956) 26-43,2,ИГрУшКА мЯч,5,1443.39,56.61,cOmPleTed,Ждём с нетерпением!,2024/03/26,8872209112926840
2029944503667,2024/03/24 15:45:13,ЕЛена нОВикОВА,8(9956) 26-43,3,АМунИЦИя для собаК,3,3293.69,306.31,cOMPLeTeD,Ждём с нетерпением!,2024/03/26,8872209112926840
2029944503667,2024/03/24 15:45:13,ЕЛена нОВикОВА,8(9956) 26-43,3,амУНИциЯ Для сОбАк,3,2885.56,714.44,comPletEd,Ждём с нетерпением!,2024/03/26,8872209112926840
2029944503667,2024/03/24 15:45:13,ЕЛена нОВикОВА,8(9956) 26-43,1,кОРМ ДлЯ соБАк,3,1306.58,193.42,cOMPLeTeD,Ждём с нетерпением!,2024/03/26,8872209112926840
2029944503667,2024/03/24 15:45:13,ЕЛена нОВикОВА,8(9956) 26-43,3,АМунИция длЯ сОБАК,4,4106.86,693.14,COmPleTeD,Ждём с нетерпением!,2024/03/26,8872209112926840
2029944502159,2024/03/30 12:57:08,аЛеКсЕЙ МихаЙлов,+7 9385 27 66,5,МОЛокО,3,8602.56,397.44,proceSSIng,подарок вовремя,2024/03/17,5490703372875176
2029944501722,2024-03-31 13:25:17,дмИТриЙ куЗНЕцоВ,8(9090) 21-31,4,ПОДпИсКА на ГазЕТУ,1,581.33,18.67,compLETED,Проверить наличие,2024-03-15,8909604696873434
2029944501722,2024-03-31 13:25:17,дмИТриЙ куЗНЕцоВ,8(9090) 21-31,3,АМунИЦия ДлЯ собАК,2,2304.84,95.16,COMPleTed,Проверить наличие,2024-03-15,8909604696873434
2029944501722,2024-03-31 13:25:17,дмИТриЙ куЗНЕцоВ,8(9090) 21-31,5,мОлОКО,5,14484.96,515.04,COMPLeTEd,Проверить наличие,2024-03-15,8909604696873434
2029944501722,2024-03-31 13:25:17,дмИТриЙ куЗНЕцоВ,8(9090) 21-31,5,МОлОкО,2,5236.2,763.8,ComplETed,Проверить наличие,2024-03-15,8909604696873434
2029944501722,2024-03-31 13:25:17,дмИТриЙ куЗНЕцоВ,8(9090) 21-31,5,МОЛокО,4,11382.96,617.04,CoMPLeted,Проверить наличие,2024-03-15,8909604696873434
2029944500331,06.03.2024 13:02,аЛЕкСей МихайЛОв,+7 9274 00 38,1,КоРМ ДлЯ сОБАк,3,1416.32,83.68,PrOcessiNG,Проверить наличие,2024/03/11,2260674144106654
2029944500331,06.03.2024 13:02,аЛЕкСей МихайЛОв,+7 9274 00 38,2,ИГРуШКА мяЧ,1,248.52,51.48,pRoCEssINg,Проверить наличие,2024/03/11,2260674144106654
2029944500331,06.03.2024 13:02,аЛЕкСей МихайЛОв,+7 9274 00 38,5,мОлокО,4,9960.43,2039.57,pROcEssInG,Проверить наличие,2024/03/11,2260674144106654
2029944500331,06.03.2024 13:02,аЛЕкСей МихайЛОв,+7 9274 00 38,5,МолОкО,4,9807.32,2192.68,PrOCESSInG,Проверить наличие,2024/03/11,2260674144106654
2029944500331,06.03.2024 13:02,аЛЕкСей МихайЛОв,+7 9274 00 38,1,корм для СоБАК,5,2148.06,351.94,pRoCeSsing,Проверить наличие,2024/03/11,2260674144106654
2029944499726,2024/03/30 23:43:50,иВАн иваНОв,8(9145) 07-02,3,АМУнИЦия ДЛЯ сОбАк,2,1929.49,470.51,canceLLed,"Задержка с доставкой, печалька...",2024-03-06,3200765424180930
2029944499726,2024/03/30 23:43:50,иВАн иваНОв,8(9145) 07-02,3,АмУНиЦиЯ ДлЯ сОбак,1,998.9,201.1,CanCElLed,"Задержка с доставкой, печалька...",2024-03-06,3200765424180930
2029944499726,2024/03/30 23:43:50,иВАн иваНОв,8(9145) 07-02,5,МОЛоКО,3,7295.27,1704.73,canCelLED,"Задержка с доставкой, печалька...",2024-03-06,3200765424180930
2029944499726,2024/03/30 23:43:50,иВАн иваНОв,8(9145) 07-02,5,мОЛОКо,5,14177.4,822.6,cancellEd,"Задержка с доставкой, печалька...",2024-03-06,3200765424180930
2029944499726,2024/03/30 23:43:50,иВАн иваНОв,8(9145) 07-02,3,АМУНицИЯ Для соБаК,1,1135.59,64.41,CanCELleD,"Задержка с доставкой, печалька...",2024-03-06,3200765424180930
2029944498108,2024/03/17 10:23:52,ОлЬгА кУзНЕцовА,8(9676) 94-08,3,АМунициЯ ДЛЯ СОБак,2,2256.17,143.83,PRoCesSing,Всё отлично!,18.03.2024,8533135858788460
2029944498108,2024/03/17 10:23:52,ОлЬгА кУзНЕцовА,8(9676) 94-08,3,АМУнициЯ дЛя собак,3,3399.42,200.58,PROCESSIng,Всё отлично!,18.03.2024,8533135858788460
2029944498108,2024/03/17 10:23:52,ОлЬгА кУзНЕцовА,8(9676) 94-08,5,МОлОКо,5,12456.42,2543.58,PrOcESsINg,Всё отлично!,18.03.2024,8533135858788460
2029944497724,2024-03-22 12:10:30,наталья ваСильЕВа,+7(9742)53-82,4,ПОДписКА на ГАзетУ,4,2048.46,351.54,ProCeSsiNg,спасибо за заказ,2024-03-13,4012371186639518
2029944497724,2024-03-22 12:10:30,наталья ваСильЕВа,+7(9742)53-82,1,КОрм дЛЯ Собак,2,869.78,130.22,PROcEssiNg,спасибо за заказ,2024-03-13,4012371186639518
2029944497724,2024-03-22 12:10:30,наталья ваСильЕВа,+7(9742)53-82,2,иГРушкА МЯч,3,730.98,169.02,PROcESSInG,спасибо за заказ,2024-03-13,4012371186639518
2029944497724,2024-03-22 12:10:30,наталья ваСильЕВа,+7(9742)53-82,5,молОкО,3,8985.69,14.31,ProcESsiNg,спасибо за заказ,2024-03-13,4012371186639518
2029944497724,2024-03-22 12:10:30,наталья ваСильЕВа,+7(9742)53-82,2,ИГРУшка мяЧ,3,783.26,116.74,PrOcEssING,спасибо за заказ,2024-03-13,4012371186639518
2029944496356,03.03.2024 06:31,елеНА НОВиКовА,8(9359) 67-94,4,ПоДпиСкА на газЕТУ,5,2796.46,203.54,CaNCElled,Нужно уточнить сроки,2024-03-30,2878465333898445
2029944495349,2024-03-15 00:14:24,алЕКсеЙ МиХАЙЛов,+7 9117 82 65,3,АмУНиЦИя дЛЯ собак,2,2208.17,191.83,ProcEsSInG,Всё отлично!,2024/03/04,5562882496455463
2029944495349,2024-03-15 00:14:24,алЕКсеЙ МиХАЙЛов,+7 9117 82 65,1,корм ДЛя соБаК,1,448.6,51.4,PrOCessiNg,Всё отлично!,2024/03/04,5562882496455463
2029944495349,2024-03-15 00:14:24,алЕКсеЙ МиХАЙЛов,+7 9117 82 65,5,мОЛоко,5,14952.3,47.7,prOCESsInG,Всё отлично!,2024/03/04,5562882496455463
2029944495349,2024-03-15 00:14:24,алЕКсеЙ МиХАЙЛов,+7 9117 82 65,1,КОрМ ДлЯ СоБак,4,1697.04,302.96,PRoceSSIng,Всё отлично!,2024/03/04,5562882496455463
2029944495349,2024-03-15 00:14:24,алЕКсеЙ МиХАЙЛов,+7 9117 82 65,5,МОЛОКо,4,9797.59,2202.41,pROCEsSing,Всё отлично!,2024/03/04,5562882496455463
2029944494969,2024/03/06 03:31:05,олЬГА КуЗнЕцовА,8(9204) 61-44,1,кОрМ ДлЯ сОБак,1,452.9,47.1,complEtED,Ждём с нетерпением!,12.03.2024,3219568288568111
2029944494969,2024/03/06 03:31:05,олЬГА КуЗнЕцовА,8(9204) 61-44,3,аМуНиЦиЯ дЛя собАк,4,4021.05,778.95,ComPLeTED,Ждём с нетерпением!,12.03.2024,3219568288568111
2029944494969,2024/03/06 03:31:05,олЬГА КуЗнЕцовА,8(9204) 61-44,3,АмУнИЦИЯ длЯ СОбАК,5,4956.83,1043.17,COmpLetED,Ждём с нетерпением!,12.03.2024,3219568288568111
2029944493965,25.03.2024 08:43,мИХаил орлОВ,+7 9220 81 95,2,иГРушКА МЯЧ,3,720.86,179.14,caNCElLeD,Ждём с нетерпением!,2024/03/17,9821385436695827
2029944493965,25.03.2024 08:43,мИХаил орлОВ,+7 9220 81 95,5,мОлоко,4,11893.3,106.7,CaNCElLED,Ждём с нетерпением!,2024/03/17,9821385436695827
2029944493965,25.03.2024 08:43,мИХаил орлОВ,+7 9220 81 95,2,игруШКа мЯч,3,853.81,46.19,CanCelLED,Ждём с нетерпением!,2024/03/17,9821385436695827
2029944493965,25.03.2024 08:43,мИХаил орлОВ,+7 9220 81 95,5,МОЛоКО,1,2657.38,342.62,cAncELlED,Ждём с нетерпением!,2024/03/17,9821385436695827
2029944492109,2024-03-27 16:28:23,сЕРГЕЙ сИДоРоВ,+7 9926 83 30,2,ИГРушКА мяЧ,4,999.23,200.77,PrOCEssiNG,подарок вовремя,2024-03-17,1554777256048665
2029944492109,2024-03-27 16:28:23,сЕРГЕЙ сИДоРоВ,+7 9926 83 30,5,МОЛоКо,3,8251.64,748.36,PrOCeSsInG,подарок вовремя,2024-03-17,1554777256048665
2029944492109,2024-03-27 16:28:23,сЕРГЕЙ сИДоРоВ,+7 9926 83 30,5,мОлОко,3,7226.9,1773.1,pROCeSsIng,подарок вовремя,2024-03-17,1554777256048665
2029944492109,2024-03-27 16:28:23,сЕРГЕЙ сИДоРоВ,+7 9926 83 30,4,ПоДписКа НА ГаЗЕтУ,1,595.82,4.18,ProcessIng,подарок вовремя,2024-03-17,1554777256048665
2029944491367,25.03.2024 08:46,АНна СМиРнОвА,8(9098) 16-46,5,МОЛоКО,4,11164.56,835.44,PRoceSsING,Всё отлично!,2024-03-29,5547826565064722
2029944491367,25.03.2024 08:46,АНна СМиРнОвА,8(9098) 16-46,1,коРМ ДлЯ собаК,5,2287.21,212.79,PrOCEsSing,Всё отлично!,2024-03-29,5547826565064722
2029944491367,25.03.2024 08:46,АНна СМиРнОвА,8(9098) 16-46,5,мОлоКО,5,14666.69,333.31,PROcesSiNg,Всё отлично!,2024-03-29,5547826565064722
2029944491367,25.03.2024 08:46,АНна СМиРнОвА,8(9098) 16-46,3,аМуниЦия Для СОБАк,1,1032.9,167.1,proceSSInG,Всё отлично!,2024-03-29,5547826565064722
2029944490344,2024-03-01 11:35:26,алЕксЕЙ михайлОВ,+7 9674 68 88,4,ПОДПИСКА на гаЗету,5,2712.69,287.31,PrOceSSiNG,Всё отлично!,2024/03/18,9175080026481671
2029944490344,2024-03-01 11:35:26,алЕксЕЙ михайлОВ,+7 9674 68 88,1,КОрм дЛЯ собАК,5,2035.0,465.0,PROcESSiNG,Всё отлично!,2024/03/18,9175080026481671
2029944490344,2024-03-01 11:35:26,алЕксЕЙ михайлОВ,+7 9674 68 88,5,МОлОко,5,13105.53,1894.47,PROceSSINg,Всё отлично!,2024/03/18,9175080026481671
2029944490344,2024-03-01 11:35:26,алЕксЕЙ михайлОВ,+7 9674 68 88,1,коРМ дЛЯ СоБаК,3,1262.19,237.81,PRoCESSiNG,Всё отлично!,2024/03/18,9175080026481671
2029944489605,2024-03-07 03:39:13,СЕргеЙ сИДОрОВ,+7 9440 71 26,4,ПодПИСка НА гАзетУ,5,2925.61,74.39,CANcELleD,спасибо за заказ,2024/03/19,5516962481779779
2029944489605,2024-03-07 03:39:13,СЕргеЙ сИДОрОВ,+7 9440 71 26,4,пОдписКа нА ГАЗЕтУ,5,2537.87,462.13,caNCElLED,спасибо за заказ,2024/03/19,5516962481779779
2029944489605,2024-03-07 03:39:13,СЕргеЙ сИДОрОВ,+7 9440 71 26,1,коРМ ДлЯ собАК,3,1428.79,71.21,CAnceLLed,спасибо за заказ,2024/03/19,5516962481779779
2029944489605,2024-03-07 03:39:13,СЕргеЙ сИДОрОВ,+7 9440 71 26,2,игРУШКа мЯч,4,1162.83,37.17,CanCelLed,спасибо за заказ,2024/03/19,5516962481779779
2029944489605,2024-03-07 03:39:13,СЕргеЙ сИДОрОВ,+7 9440 71 26,5,мОЛоКо,2,4824.14,1175.86,CAnCELLED,спасибо за заказ,2024/03/19,5516962481779779
2029944488980,2024-03-11 12:24:35,мАрИя ПеТроВА,+7 9414 06 27,5,молоКо,3,8184.2,815.8,CANcelLEd,Проверить наличие,2024-03-27,1798871597054927
2029944487444,2024/03/05 20:19:20,ЕЛенА НОВиКоВА,+7(9976)82-13,3,АМУНицИя для сОбаК,5,5261.07,738.93,COMPleTeD,Ждём с нетерпением!,2024/03/12,1192605492488951
2029944487444,2024/03/05 20:19:20,ЕЛенА НОВиКоВА,+7(9976)82-13,3,амУНИцИя дЛЯ соБаК,5,5463.82,536.18,CompLETed,Ждём с нетерпением!,2024/03/12,1192605492488951
2029944487444,2024/03/05 20:19:20,ЕЛенА НОВиКоВА,+7(9976)82-13,5,молОкО,3,8412.53,587.47,COMpLETED,Ждём с нетерпением!,2024/03/12,1192605492488951
2029944487444,2024/03/05 20:19:20,ЕЛенА НОВиКоВА,+7(9976)82-13,3,аМУнИЦиЯ ДлЯ СОбак,4,4274.76,525.24,coMpleTeD,Ждём с нетерпением!,2024/03/12,1192605492488951
2029944486614,14.03.2024 12:54,СеРГеЙ сИДОрОв,+7(9122)22-78,4,поДпИсКа На ГАзетУ,3,1480.81,319.19,proCeSSInG,Ждём с нетерпением!,19.03.2024,6491271140744410
2029944486614,14.03.2024 12:54,СеРГеЙ сИДОрОв,+7(9122)22-78,5,молОко,1,2921.47,78.53,pROCESsiNG,Ждём с нетерпением!,19.03.2024,6491271140744410
2029944486614,14.03.2024 12:54,СеРГеЙ сИДОрОв,+7(9122)22-78,2,игруШка мяч,5,1429.22,70.78,prOCESsiNG,Ждём с нетерпением!,19.03.2024,6491271140744410
2029944486614,14.03.2024 12:54,СеРГеЙ сИДОрОв,+7(9122)22-78,2,игРУшкА МяЧ,5,1261.09,238.91,PROCEssIng,Ждём с нетерпением!,19.03.2024,6491271140744410
2029944485621,2024-03-19 06:13:32,аНна СМиРНовА,+7 9182 78 46,2,ИгрУшка мяч,1,261.4,38.6,cOmpleTEd,подарок вовремя,2024/03/24,5975604912897864
2029944484700,14.03.2024 22:13,мИХАиЛ орЛОВ,8(9914) 26-10,3,амуНИцИя длЯ СОБАк,4,4791.85,8.15,cANCeLLED,"Задержка с доставкой, печалька...",2024-03-25,5207330376530896
2029944484700,14.03.2024 22:13,мИХАиЛ орЛОВ,8(9914) 26-10,2,игрУШкА мЯч,5,1470.87,29.13,cANcELLEd,"Задержка с доставкой, печалька...",2024-03-25,5207330376530896
2029944484700,14.03.2024 22:13,мИХАиЛ орЛОВ,8(9914) 26-10,3,АмУНиЦия дЛя сОбаК,1,1049.45,150.55,cANCELled,"Задержка с доставкой, печалька...",2024-03-25,5207330376530896
2029944483531,17.03.2024 19:34,НаТаЛьЯ вАСиЛьЕВА,8(9193) 69-91,3,АМУнИЦИя ДлЯ сОБАК,4,4364.25,435.75,CAncelLED,Всё отлично!,2024/03/28,3190834271986232
2029944483531,17.03.2024 19:34,НаТаЛьЯ вАСиЛьЕВА,8(9193) 69-91,5,МоЛоКО,5,13497.3,1502.7,cancELleD,Всё отлично!,2024/03/28,3190834271986232
2029944483531,17.03.2024 19:34,НаТаЛьЯ вАСиЛьЕВА,8(9193) 69-91,1,корМ ДЛЯ соБАк,4,1651.79,348.21,CANcelLeD,Всё отлично!,2024/03/28,3190834271986232
2029944483531,17.03.2024 19:34,НаТаЛьЯ вАСиЛьЕВА,8(9193) 69-91,2,игрушКА МЯч,5,1494.44,5.56,CaNcElled,Всё отлично!,2024/03/28,3190834271986232
2029944483531,17.03.2024 19:34,НаТаЛьЯ вАСиЛьЕВА,8(9193) 69-91,5,МОлОкО,4,10500.46,1499.54,cANceLlEd,Всё отлично!,2024/03/28,3190834271986232
2029944482404,25.03.2024 15:28,ДмИтРий куЗНЕцОВ,8(9740) 53-91,2,игрУшКа МяЧ,2,481.49,118.51,ComPlEtEd,"Задержка с доставкой, печалька...",2024-03-27,8870736769691451
2029944482404,25.03.2024 15:28,ДмИтРий куЗНЕцОВ,8(9740) 53-91,3,амунИцИЯ Для сОбАк,2,2110.21,289.79,completED,"Задержка с доставкой, печалька...",2024-03-27,8870736769691451
2029944482404,25.03.2024 15:28,ДмИтРий куЗНЕцОВ,8(9740) 53-91,1,коРм для сОбАк,5,2225.92,274.08,COMpLeTeD,"Задержка с доставкой, печалька...",2024-03-27,8870736769691451
2029944482404,25.03.2024 15:28,ДмИтРий куЗНЕцОВ,8(9740) 53-91,3,амУНиЦИЯ длЯ собАк,1,1033.47,166.53,CompLETeD,"Задержка с доставкой, печалька...",2024-03-27,8870736769691451
2029944482404,25.03.2024 15:28,ДмИтРий куЗНЕцОВ,8(9740) 53-91,1,кОрм Для СоБак,4,1614.82,385.18,COMPLEteD,"Задержка с доставкой, печалька...",2024-03-27,8870736769691451
2029944481757,2024-03-03 12:05:36,аНна СмИРнОВа,+7(9591)68-98,3,амуНиЦия длЯ СОбаК,3,3438.86,161.14,cANCeLlED,"Задержка с доставкой, печалька...",2024-03-02,7683536252550771
2029944481757,2024-03-03 12:05:36,аНна СмИРнОВа,+7(9591)68-98,2,иГруШКа МЯч,5,1332.14,167.86,caNCelLeD,"Задержка с доставкой, печалька...",2024-03-02,7683536252550771
2029944481757,2024-03-03 12:05:36,аНна СмИРнОВа,+7(9591)68-98,4,ПодПиска НА гАЗЕту,4,2243.23,156.77,CanCELlEd,"Задержка с доставкой, печалька...",2024-03-02,7683536252550771
2029944480241,09.03.2024 21:19,елЕНа нОВиКовА,8(9992) 94-48,2,иГРУшка МяЧ,2,487.47,112.53,ComPlETeD,Нужно уточнить сроки,09.03.2024,3203110765366654
2029944479257,2024-03-28 12:44:03,МаРИя ПеТрова,+7(9270)78-00,2,игРУшКА МЯч,5,1353.58,146.42,PROcESSING,Всё отлично!,31.03.2024,5583289496863454
2029944478573,2024/03/29 01:31:18,НатаЛья васиЛьевА,8(9506) 93-82,5,мОЛокО,4,9860.02,2139.98,CAncelleD,Нужно уточнить сроки,2024-03-24,8476941616887690
2029944477841,20.03.2024 10:44,ДмиТрИЙ куЗНЕЦОв,+7 9647 22 77,1,корМ ДЛЯ СОБак,3,1206.57,293.43,CoMpleteD,Всё отлично!,2024-03-08,3769644289759077
2029944476990,2024/03/11 06:46:53,МАрИя ПетРОВа,8(9447) 71-56,2,игруШКА мяЧ,3,890.38,9.62,prOcESsiNG,"Задержка с доставкой, печалька...",14.03.2024,6623593564538958
2029944476990,2024/03/11 06:46:53,МАрИя ПетРОВа,8(9447) 71-56,4,поДпИСка на ГАзетУ,1,530.36,69.64,procESSInG,"Задержка с доставкой, печалька...",14.03.2024,6623593564538958
2029944476990,2024/03/11 06:46:53,МАрИя ПетРОВа,8(9447) 71-56,2,ИгРУШКа мяч,5,1397.44,102.56,pRoCEsSing,"Задержка с доставкой, печалька...",14.03.2024,6623593564538958
2029944476990,2024/03/11 06:46:53,МАрИя ПетРОВа,8(9447) 71-56,1,Корм дЛя СОбАк,4,1928.78,71.22,PRoCESSiNG,"Задержка с доставкой, печалька...",14.03.2024,6623593564538958
2029944475376,26.03.2024 11:25,ОльГа КУзнЕцОвА,8(9569) 17-08,5,молОКО,5,13095.53,1904.47,COMpLetEd,подарок вовремя,2024/03/27,3566756134380060
2029944475376,26.03.2024 11:25,ОльГа КУзнЕцОвА,8(9569) 17-08,5,МОлОКО,4,11803.43,196.57,coMPLeTed,подарок вовремя,2024/03/27,3566756134380060
2029944475376,26.03.2024 11:25,ОльГа КУзнЕцОвА,8(9569) 17-08,1,КОрМ ДЛЯ СОБАк,5,2039.85,460.15,cOmPlEtEd,подарок вовремя,2024/03/27,3566756134380060
2029944475376,26.03.2024 11:25,ОльГа КУзнЕцОвА,8(9569) 17-08,1,корМ ДЛя СОБаК,3,1329.5,170.5,COmPLeTEd,подарок вовремя,2024/03/27,3566756134380060
2029944474681,2024/03/18 02:06:50,МАриЯ ПЕТрОВа,8(9538) 60-98,1,КОрм дЛя СобАк,4,1680.68,319.32,caNcELLED,Всё отлично!,2024-03-17,2153228520238803
2029944474681,2024/03/18 02:06:50,МАриЯ ПЕТрОВа,8(9538) 60-98,5,МолОкО,3,8064.02,935.98,CAnceLled,Всё отлично!,2024-03-17,2153228520238803
2029944474681,2024/03/18 02:06:50,МАриЯ ПЕТрОВа,8(9538) 60-98,5,мОЛОкО,3,7632.12,1367.88,cAnCelLed,Всё отлично!,2024-03-17,2153228520238803
2029944474681,2024/03/18 02:06:50,МАриЯ ПЕТрОВа,8(9538) 60-98,5,МоЛоКо,1,2526.86,473.14,canCeLLeD,Всё отлично!,2024-03-17,2153228520238803
2029944474681,2024/03/18 02:06:50,МАриЯ ПЕТрОВа,8(9538) 60-98,1,кОрМ дЛЯ сОБак,5,2052.43,447.57,CANCELLed,Всё отлично!,2024-03-17,2153228520238803
2029944473523,2024/03/29 07:39:43,МиХАИл ОРлоВ,+7 9373 27 40,1,КОрм для СобАК,3,1314.18,185.82,cANCellED,Ждём с нетерпением!,2024-03-14,3411434455805720
2029944472934,2024-03-07 01:56:08,МАРИЯ пЕтровА,8(9240) 88-98,2,ИгрУШКА мяЧ,3,797.32,102.68,cAnCELLed,подарок вовремя,2024/03/31,9483867685860807
2029944472934,2024-03-07 01:56:08,МАРИЯ пЕтровА,8(9240) 88-98,3,аМуНиция дЛя СоБАк,3,3485.51,114.49,CanCeLlED,подарок вовремя,2024/03/31,9483867685860807
2029944472934,2024-03-07 01:56:08,МАРИЯ пЕтровА,8(9240) 88-98,3,аМУНиЦИя дЛя СоБаК,5,5337.95,662.05,CaNCElLeD,подарок вовремя,2024/03/31,9483867685860807
2029944471983,2024/03/08 09:52:52,алекСЕЙ мИХаЙлОВ,+7 9798 04 77,1,КОРм Для сОбАк,2,924.9,75.1,CoMplETeD,спасибо за заказ,22.03.2024,9561212909703473
2029944471983,2024/03/08 09:52:52,алекСЕЙ мИХаЙлОВ,+7 9798 04 77,5,МОЛоко,4,11195.69,804.31,cOmpleTED,спасибо за заказ,22.03.2024,9561212909703473
2029944470312,2024-03-12 06:22:59,Анна СМиРнОВА,+7 9815 59 55,4,подпИСКА НА гАЗЕтУ,2,1070.83,129.17,COMpleTED,Ждём с нетерпением!,2024-03-02,6554867024595117
2029944469355,2024-03-30 11:48:50,сЕргЕй сИДОРОВ,8(9102) 67-49,3,амУнИЦИЯ ДлЯ сОбак,2,2118.75,281.25,cancelLED,Всё отлично!,2024/03/02,8093097082536882
2029944469355,2024-03-30 11:48:50,сЕргЕй сИДОРОВ,8(9102) 67-49,4,пОДпИска на ГАзеТу,2,1027.15,172.85,cAnCELLeD,Всё отлично!,2024/03/02,8093097082536882
2029944468805,11.03.2024 00:17,дмитРИЙ кУЗнецОв,8(9487) 03-08,4,ПОдПиСкА НА Газету,4,2093.28,306.72,CaNcELLED,"Задержка с доставкой, печалька...",2024-03-31,0581344026909906
2029944467702,2024-03-20 00:11:45,НАТАЛЬЯ вАСИльеВа,+7 9867 58 16,3,амуНИцИЯ длЯ сОбАк,3,3155.61,444.39,pROceSsiNG,спасибо за заказ,2024/03/12,8968172409688372
2029944467702,2024-03-20 00:11:45,НАТАЛЬЯ вАСИльеВа,+7 9867 58 16,3,амуницИЯ для сОБак,1,1048.63,151.37,procEssinG,спасибо за заказ,2024/03/12,8968172409688372
2029944467702,2024-03-20 00:11:45,НАТАЛЬЯ вАСИльеВа,+7 9867 58 16,5,моЛоКО,4,11442.11,557.89,proCESsiNG,спасибо за заказ,2024/03/12,8968172409688372
2029944466241,03.03.2024 10:17,АНнА СмирНОва,+7 9864 81 25,2,игруШКа МЯЧ,1,293.15,6.85,proCESSiNg,спасибо за заказ,2024/03/02,7724360355124454
2029944465694,2024/03/31 11:30:40,МИхаИл орлОВ,+7 9243 32 58,5,мОлоКО,5,14143.83,856.17,CoMplEtEd,"Задержка с доставкой, печалька...",09.03.2024,3553160254343533
2029944465694,2024/03/31 11:30:40,МИхаИл орлОВ,+7 9243 32 58,3,АмуНицИя для СобАК,1,1196.46,3.54,cOmpLeTEd,"Задержка с доставкой, печалька...",09.03.2024,3553160254343533
2029944465694,2024/03/31 11:30:40,МИхаИл орлОВ,+7 9243 32 58,3,аМУНиция дЛя соБАк,5,5504.7,495.3,COmPLetED,"Задержка с доставкой, печалька...",09.03.2024,3553160254343533
2029944465694,2024/03/31 11:30:40,МИхаИл орлОВ,+7 9243 32 58,1,КорМ для сОБАК,5,2177.59,322.41,coMPLeteD,"Задержка с доставкой, печалька...",09.03.2024,3553160254343533
2029944464652,2024-03-26 15:59:26,ИВаН ИваНов,+7 9457 99 15,2,ИГруШка мяч,4,1019.85,180.15,cOMplETeD,Всё отлично!,2024-03-29,8456935405649130
2029944464652,2024-03-26 15:59:26,ИВаН ИваНов,+7 9457 99 15,3,амУнИцИЯ длЯ СОбаК,5,5987.48,12.52,cOMpLETED,Всё отлично!,2024-03-29,8456935405649130
2029944464652,2024-03-26 15:59:26,ИВаН ИваНов,+7 9457 99 15,3,аМунициЯ дЛя СОБАк,3,3568.36,31.64,cOMpleTED,Всё отлично!,2024-03-29,8456935405649130
2029944464652,2024-03-26 15:59:26,ИВаН ИваНов,+7 9457 99 15,2,иГрУШКА Мяч,2,584.96,15.04,ComPlEtED,Всё отлично!,2024-03-29,8456935405649130
2029944463549,2024/03/03 05:50:33,ОЛьГа кУзнецОВа,8(9565) 93-96,5,МОЛокО,4,11748.6,251.4,coMPleted,спасибо за заказ,2024/03/27,9037699317433631
2029944462794,2024-03-23 22:10:19,ЕленА ноВиКоВА,8(9546) 30-11,1,кОРм ДЛЯ сОбАК,2,990.97,9.03,CanCELlED,спасибо за заказ,31.03.2024,1954329303055285
2029944462794,2024-03-23 22:10:19,ЕленА ноВиКоВА,8(9546) 30-11,4,поДПиСка нА ГАЗеТу,5,2443.42,556.58,canceLlEd,спасибо за заказ,31.03.2024,1954329303055285
2029944461673,2024-03-29 21:13:27,МИХАИЛ ОрЛОв,8(9872) 10-51,2,ИГРушКа мяч,1,249.63,50.37,COMplETED,Ждём с нетерпением!,2024-03-21,9207799644722498
2029944461673,2024-03-29 21:13:27,МИХАИЛ ОрЛОв,8(9872) 10-51,1,кОрМ длЯ соБАК,1,453.74,46.26,CoMpLeTEd,Ждём с нетерпением!,2024-03-21,9207799644722498
2029944461673,2024-03-29 21:13:27,МИХАИЛ ОрЛОв,8(9872) 10-51,2,иГрушкА мяЧ,2,555.53,44.47,COMPlETEd,Ждём с нетерпением!,2024-03-21,9207799644722498
2029944461673,2024-03-29 21:13:27,МИХАИЛ ОрЛОв,8(9872) 10-51,2,ИГРуШКа Мяч,3,835.45,64.55,COMPlEteD,Ждём с нетерпением!,2024-03-21,9207799644722498
2029944461673,2024-03-29 21:13:27,МИХАИЛ ОрЛОв,8(9872) 10-51,3,АмУнИЦия ДЛя сОбАк,2,2009.88,390.12,cOmPLEtEd,Ждём с нетерпением!,2024-03-21,9207799644722498
2029944460341,2024/03/27 04:12:05,маРия ПЕТровА,8(9541) 96-57,4,подпИСКа На гаЗеТУ,3,1693.7,106.3,ComPlETed,"Задержка с доставкой, печалька...",2024-03-12,0406685297502686
2029944460341,2024/03/27 04:12:05,маРия ПЕТровА,8(9541) 96-57,4,пОдПисКА на ГАзЕТу,4,1929.79,470.21,coMPlETED,"Задержка с доставкой, печалька...",2024-03-12,0406685297502686
2029944460341,2024/03/27 04:12:05,маРия ПЕТровА,8(9541) 96-57,1,КОРМ ДЛЯ Собак,1,478.05,21.95,comPLeTeD,"Задержка с доставкой, печалька...",2024-03-12,0406685297502686
2029944459695,2024-03-18 14:37:06,АЛеКсей МИхайЛОВ,8(9510) 65-97,4,ПоДПисКА нА газеТУ,4,2239.0,161.0,cancelLEd,Проверить наличие,2024-03-18,5699038340110218
2029944459695,2024-03-18 14:37:06,АЛеКсей МИхайЛОВ,8(9510) 65-97,4,подПисКа нА ГазеТУ,1,539.28,60.72,cANceLled,Проверить наличие,2024-03-18,5699038340110218
2029944459695,2024-03-18 14:37:06,АЛеКсей МИхайЛОВ,8(9510) 65-97,5,МолОко,1,2418.71,581.29,cAnCELLeD,Проверить наличие,2024-03-18,5699038340110218
2029944459695,2024-03-18 14:37:06,АЛеКсей МИхайЛОВ,8(9510) 65-97,3,АМуНиЦИя ДЛя СОбак,2,1972.87,427.13,CancELlED,Проверить наличие,2024-03-18,5699038340110218
2029944459695,2024-03-18 14:37:06,АЛеКсей МИхайЛОВ,8(9510) 65-97,1,КОРМ дЛЯ соБак,3,1351.81,148.19,canCElLed,Проверить наличие,2024-03-18,5699038340110218
2029944458561,13.03.2024 10:34,МИхАиЛ ОРЛоВ,8(9922) 39-35,4,ПоДПИСКА На ГаЗЕТу,5,2567.43,432.57,cOMpleted,Всё отлично!,2024-03-08,3818320605715357
2029944457776,08.03.2024 14:57,СЕРГЕЙ СиДОрОВ,8(9741) 73-86,2,игрушКА мяЧ,4,1138.7,61.3,pRoceSsInG,спасибо за заказ,2024-03-16,9896886440456725
2029944457776,08.03.2024 14:57,СЕРГЕЙ СиДОрОВ,8(9741) 73-86,4,ПоДПиска НА газЕтУ,5,2951.06,48.94,prOcEsSInG,спасибо за заказ,2024-03-16,9896886440456725
2029944457776,08.03.2024 14:57,СЕРГЕЙ СиДОрОВ,8(9741) 73-86,5,молОКо,5,13480.8,1519.2,PRoCeSSing,спасибо за заказ,2024-03-16,9896886440456725
2029944457776,08.03.2024 14:57,СЕРГЕЙ СиДОрОВ,8(9741) 73-86,3,АмУНИция ДлЯ сОбАк,5,5944.08,55.92,prOCEsSiNG,спасибо за заказ,2024-03-16,9896886440456725
2029944456386,2024/03/11 00:21:01,ОЛьГа КУзнЕЦовА,+7(9801)47-57,2,ИгРуШКа Мяч,2,513.49,86.51,COmpletEd,Всё отлично!,2024-03-24,0683778998899591
2029944456386,2024/03/11 00:21:01,ОЛьГа КУзнЕЦовА,+7(9801)47-57,3,АМуНИЦИя длЯ СОБаК,1,1120.76,79.24,comPLETeD,Всё отлично!,2024-03-24,0683778998899591
2029944456386,2024/03/11 00:21:01,ОЛьГа КУзнЕЦовА,+7(9801)47-57,5,МолокО,2,5727.25,272.75,COmpleted,Всё отлично!,2024-03-24,0683778998899591
2029944456386,2024/03/11 00:21:01,ОЛьГа КУзнЕЦовА,+7(9801)47-57,5,моЛоко,5,12302.46,2697.54,CoMPleTed,Всё отлично!,2024-03-24,0683778998899591
2029944455438,2024/03/20 22:45:33,ИвАН иваНОв,+7(9359)11-73,1,корМ для СОБАк,1,439.2,60.8,PrOcEsSINg,Нужно уточнить сроки,2024-03-14,8668071556799052
2029944455438,2024/03/20 22:45:33,ИвАН иваНОв,+7(9359)11-73,3,амУНИциЯ дЛЯ соБаК,1,1178.63,21.37,ProcesSING,Нужно уточнить сроки,2024-03-14,8668071556799052
2029944455438,2024/03/20 22:45:33,ИвАН иваНОв,+7(9359)11-73,2,ИгРушка МяЧ,4,975.29,224.71,PrOCESSINg,Нужно уточнить сроки,2024-03-14,8668071556799052
2029944455438,2024/03/20 22:45:33,ИвАН иваНОв,+7(9359)11-73,1,КОрм для собаК,4,1915.19,84.81,PRoCESsING,Нужно уточнить сроки,2024-03-14,8668071556799052
2029944455438,2024/03/20 22:45:33,ИвАН иваНОв,+7(9359)11-73,2,ИГРУШкА мЯч,5,1342.8,157.2,PRoCesSiNg,Нужно уточнить сроки,2024-03-14,8668071556799052
2029944454833,2024/03/16 21:29:05,маРИЯ ПеТроВа,+7 9779 48 47,2,иГРУшкА мяч,1,251.04,48.96,cOMPletEd,Проверить наличие,08.03.2024,3989386593997254
2029944454833,2024/03/16 21:29:05,маРИЯ ПеТроВа,+7 9779 48 47,2,ИГРУшка Мяч,1,268.47,31.53,CoMPLeTED,Проверить наличие,08.03.2024,3989386593997254
2029944454833,2024/03/16 21:29:05,маРИЯ ПеТроВа,+7 9779 48 47,2,ИГруШКА мЯч,5,1255.94,244.06,cOmpleTeD,Проверить наличие,08.03.2024,3989386593997254
2029944453603,30.03.2024 08:37,аЛЕкСей миХАйЛОв,8(9566) 98-49,1,корМ длЯ соБаК,5,2111.69,388.31,cANCEllED,Всё отлично!,2024-03-18,0512300448188090
2029944453603,30.03.2024 08:37,аЛЕкСей миХАйЛОв,8(9566) 98-49,2,ИГрушКА мяЧ,1,265.43,34.57,cAnCElLED,Всё отлично!,2024-03-18,0512300448188090
2029944452396,2024-03-22 00:45:09,маРИя пЕтРОвА,+7 9844 96 26,2,ИгрУшка МЯч,3,845.41,54.59,CoMpleTed,Проверить наличие,2024-03-01,2606950642718962
2029944452396,2024-03-22 00:45:09,маРИя пЕтРОвА,+7 9844 96 26,1,кОрм ДЛя соБаК,1,494.41,5.59,CompLETeD,Проверить наличие,2024-03-01,2606950642718962
2029944452396,2024-03-22 00:45:09,маРИя пЕтРОвА,+7 9844 96 26,1,Корм ДЛя сОбаК,5,2172.07,327.93,cOmPlETed,Проверить наличие,2024-03-01,2606950642718962
2029944452396,2024-03-22 00:45:09,маРИя пЕтРОвА,+7 9844 96 26,4,пОДПИскА на Газету,2,1062.88,137.12,cOmPLeTED,Проверить наличие,2024-03-01,2606950642718962
2029944452396,2024-03-22 00:45:09,маРИя пЕтРОвА,+7 9844 96 26,3,АмУНИциЯ ДЛя собак,3,3513.96,86.04,COMpLeTeD,Проверить наличие,2024-03-01,2606950642718962
2029944451102,2024-03-21 11:18:48,дМитрИй кУЗнЕцОВ,8(9607) 17-46,5,МОлОКО,3,8123.76,876.24,CANcElLEd,"Задержка с доставкой, печалька...",14.03.2024,7546855712902400
2029944451102,2024-03-21 11:18:48,дМитрИй кУЗнЕцОВ,8(9607) 17-46,4,пОДПисКА НА гаЗетУ,3,1469.6,330.4,CAncELLEd,"Задержка с доставкой, печалька...",14.03.2024,7546855712902400
2029944451102,2024-03-21 11:18:48,дМитрИй кУЗнЕцОВ,8(9607) 17-46,3,амУнИциЯ для СОбАк,4,4019.14,780.86,cAnCElLED,"Задержка с доставкой, печалька...",14.03.2024,7546855712902400
2029944451102,2024-03-21 11:18:48,дМитрИй кУЗнЕцОВ,8(9607) 17-46,2,ИгрушКа мЯч,3,876.62,23.38,canCElLed,"Задержка с доставкой, печалька...",14.03.2024,7546855712902400
2029944450500,24.03.2024 08:54,ЕЛЕНА НОвикоВа,8(9504) 17-11,3,амУнИЦИя длЯ сОБАк,2,2094.65,305.35,Completed,подарок вовремя,2024-03-08,2114585394702237
2029944450500,24.03.2024 08:54,ЕЛЕНА НОвикоВа,8(9504) 17-11,4,ПОдпиСКА на ГаЗЕту,3,1614.74,185.26,comPLeTeD,подарок вовремя,2024-03-08,2114585394702237
2029944449669,2024-03-31 09:18:10,елЕНа нОвиКоВа,+7(9799)55-90,1,КОРм для соБаК,3,1487.47,12.53,proceSsiNG,Нужно уточнить сроки,2024/03/28,7012515743123870
2029944449669,2024-03-31 09:18:10,елЕНа нОвиКоВа,+7(9799)55-90,3,АМунИЦиЯ ДЛя сОбак,5,5852.12,147.88,pROcesSIng,Нужно уточнить сроки,2024/03/28,7012515743123870
2029944449669,2024-03-31 09:18:10,елЕНа нОвиКоВа,+7(9799)55-90,3,АМУНицИя Для СОБаК,3,3114.81,485.19,PROcESsing,Нужно уточнить сроки,2024/03/28,7012515743123870
2029944449669,2024-03-31 09:18:10,елЕНа нОвиКоВа,+7(9799)55-90,1,КоРм дЛЯ собАк,2,880.21,119.79,prOCESsING,Нужно уточнить сроки,2024/03/28,7012515743123870
2029944449669,2024-03-31 09:18:10,елЕНа нОвиКоВа,+7(9799)55-90,4,ПОдпИСКа НА гаЗету,5,2686.02,313.98,pROCEsSING,Нужно уточнить сроки,2024/03/28,7012515743123870
2029944448308,2024-03-23 13:47:11,ИвАН ИвАНов,+7(9542)38-14,4,ПоДпИСКа НА ГАзЕту,1,519.01,80.99,cOmpLetED,Ждём с нетерпением!,2024-03-10,8841764409890075
2029944448308,2024-03-23 13:47:11,ИвАН ИвАНов,+7(9542)38-14,4,подпИскА На ГАЗетУ,1,511.08,88.92,coMPLEted,Ждём с нетерпением!,2024-03-10,8841764409890075
2029944448308,2024-03-23 13:47:11,ИвАН ИвАНов,+7(9542)38-14,2,ИгрУШКА МяЧ,3,854.33,45.67,CompLEtED,Ждём с нетерпением!,2024-03-10,8841764409890075
2029944703535,2024/03/15 02:13:58,анНа СМИРНОвА,+7(9046)87-23,2,игРуШка мЯч,4,995.16,204.84,COmpleTED,Проверить наличие,2024-03-11,5224754392630016
2029944703535,2024/03/15 02:13:58,анНа СМИРНОвА,+7(9046)87-23,5,МоЛОко,3,8841.32,158.68,CoMpLETEd,Проверить наличие,2024-03-11,5224754392630016
2029944703535,2024/03/15 02:13:58,анНа СМИРНОвА,+7(9046)87-23,4,ПоДПиСКА НА ГАЗету,3,1530.93,269.07,cOmplETeD,Проверить наличие,2024-03-11,5224754392630016
2029944702177,2024-03-29 09:43:51,сергЕЙ СиДоРОв,+7(9076)18-05,3,амУнИЦИЯ дЛя сОБак,1,1118.41,81.59,COMPLeTeD,Ждём с нетерпением!,18.03.2024,2076878430161898
2029944701491,08.03.2024 23:39,АнНа сМирНОВа,8(9230) 75-11,5,мОлокО,5,13935.6,1064.4,pROcesSinG,Ждём с нетерпением!,2024/03/08,2240269150193433
2029944701491,08.03.2024 23:39,АнНа сМирНОВа,8(9230) 75-11,4,ПОДписКА НА ГАЗЕтУ,1,527.17,72.83,pROCesSIng,Ждём с нетерпением!,2024/03/08,2240269150193433
2029944700783,23.03.2024 11:13,дМитРиЙ КуЗНЕЦОв,+7 9987 31 90,4,ПоДПИСКа На гаЗЕту,2,1129.27,70.73,CompLETeD,подарок вовремя,2024-03-17,3334736448592025
2029944699433,2024-03-03 07:32:48,елЕНа новиковА,+7(9314)15-94,1,коРМ ДЛя СоБак,5,2308.49,191.51,PRocessING,подарок вовремя,13.03.2024,1653791792741415
2029944699433,2024-03-03 07:32:48,елЕНа новиковА,+7(9314)15-94,2,ИгРУшкА МЯч,5,1492.51,7.49,ProcESsiNG,подарок вовремя,13.03.2024,1653791792741415
2029944699433,2024-03-03 07:32:48,елЕНа новиковА,+7(9314)15-94,1,корМ дЛЯ СоБаК,3,1203.01,296.99,pROCeSSiNG,подарок вовремя,13.03.2024,1653791792741415
2029944699433,2024-03-03 07:32:48,елЕНа новиковА,+7(9314)15-94,2,иГрушКа МяЧ,2,571.66,28.34,PROCeSSing,подарок вовремя,13.03.2024,1653791792741415
2029944698551,2024-03-31 00:51:41,НАТАЛьЯ вАсИЛЬЕВА,+7(9830)71-37,5,МОлокО,4,10982.47,1017.53,CaNCeLlEd,Нужно уточнить сроки,2024-03-29,4927763267075067
2029944698551,2024-03-31 00:51:41,НАТАЛьЯ вАсИЛЬЕВА,+7(9830)71-37,3,амУниЦИя Для СОБАк,1,1130.91,69.09,cANcElLed,Нужно уточнить сроки,2024-03-29,4927763267075067
2029944698551,2024-03-31 00:51:41,НАТАЛьЯ вАсИЛЬЕВА,+7(9830)71-37,5,мОЛОКо,5,14680.09,319.91,CancELled,Нужно уточнить сроки,2024-03-29,4927763267075067
2029944697134,2024-03-03 07:40:02,аЛЕКсЕй михАйлоВ,+7 9510 09 42,4,ПОдпИСка НА ГазЕТу,2,997.99,202.01,COMPLEtEd,Ждём с нетерпением!,2024/03/20,9097544206851581
2029944696359,2024-03-12 10:03:22,иВаН ИвАНоВ,+7 9909 56 46,2,игруШКА МЯч,1,265.91,34.09,pROceSSinG,"Задержка с доставкой, печалька...",2024-03-09,1070917092379264
2029944696359,2024-03-12 10:03:22,иВаН ИвАНоВ,+7 9909 56 46,2,ИгРУшКА МЯч,3,872.44,27.56,pRocESSiNG,"Задержка с доставкой, печалька...",2024-03-09,1070917092379264
2029944696359,2024-03-12 10:03:22,иВаН ИвАНоВ,+7 9909 56 46,5,мОЛОКО,4,10499.98,1500.02,PRocessINg,"Задержка с доставкой, печалька...",2024-03-09,1070917092379264
2029944696359,2024-03-12 10:03:22,иВаН ИвАНоВ,+7 9909 56 46,4,поДПИсКА на гАЗЕТу,4,2335.17,64.83,proCESSING,"Задержка с доставкой, печалька...",2024-03-09,1070917092379264
2029944696359,2024-03-12 10:03:22,иВаН ИвАНоВ,+7 9909 56 46,5,молокО,5,14901.51,98.49,pRoCESSinG,"Задержка с доставкой, печалька...",2024-03-09,1070917092379264
2029944695869,2024/03/09 04:46:23,нАТалЬЯ ВасИЛЬЕВа,8(9129) 26-06,1,кОРМ ДЛЯ сОБаК,3,1342.4,157.6,PrOceSsiNg,Всё отлично!,2024-03-05,9387335260960805
2029944695869,2024/03/09 04:46:23,нАТалЬЯ ВасИЛЬЕВа,8(9129) 26-06,4,ПОДпИСка на гАЗеТУ,4,1934.87,465.13,pROCESsING,Всё отлично!,2024-03-05,9387335260960805
2029944695869,2024/03/09 04:46:23,нАТалЬЯ ВасИЛЬЕВа,8(9129) 26-06,5,МоЛоко,1,2962.35,37.65,prOCEsSinG,Всё отлично!,2024-03-05,9387335260960805
2029944695869,2024/03/09 04:46:23,нАТалЬЯ ВасИЛЬЕВа,8(9129) 26-06,3,АМуниция ДЛя СОбАК,3,3385.58,214.42,PROceSsInG,Всё отлично!,2024-03-05,9387335260960805
2029944695869,2024/03/09 04:46:23,нАТалЬЯ ВасИЛЬЕВа,8(9129) 26-06,4,подПисКа НА газетУ,1,487.58,112.42,pRoceSsiNG,Всё отлично!,2024-03-05,9387335260960805
2029944694807,27.03.2024 02:31,ЕЛеНа НОвикова,+7 9288 16 12,1,кОРм ДЛЯ сОБАК,1,474.15,25.85,CompleteD,подарок вовремя,2024-03-28,1561383743267653
2029944693110,2024/03/26 22:01:12,елЕНа новиКоВа,+7 9972 01 02,3,аМУНициЯ для СОБаК,3,3393.0,207.0,canCeLlED,Всё отлично!,2024/03/20,6030249833451479
2029944693110,2024/03/26 22:01:12,елЕНа новиКоВа,+7 9972 01 02,4,пОдпиСка НА газЕТу,4,1925.85,474.15,cAnCELLEd,Всё отлично!,2024/03/20,6030249833451479
2029944693110,2024/03/26 22:01:12,елЕНа новиКоВа,+7 9972 01 02,4,пОДПиСКА На гАЗЕту,5,2635.6,364.4,caNcELlEd,Всё отлично!,2024/03/20,6030249833451479
2029944693110,2024/03/26 22:01:12,елЕНа новиКоВа,+7 9972 01 02,3,АмунИцИя ДЛЯ соБаК,2,2220.48,179.52,cANcELLeD,Всё отлично!,2024/03/20,6030249833451479
2029944693110,2024/03/26 22:01:12,елЕНа новиКоВа,+7 9972 01 02,4,подПИскА На ГАЗету,1,587.83,12.17,caNcellED,Всё отлично!,2024/03/20,6030249833451479
2029944692676,21.03.2024 08:47,елЕна ноВикОВа,+7(9298)07-42,4,поДпИсКА На ГАЗЕТУ,2,987.63,212.37,pROcEsSiNg,"Задержка с доставкой, печалька...",2024/03/15,2974488870840517
2029944692676,21.03.2024 08:47,елЕна ноВикОВа,+7(9298)07-42,4,ПодпИСкА НА ГАзЕТУ,4,2370.14,29.86,PROCEssiNg,"Задержка с доставкой, печалька...",2024/03/15,2974488870840517
2029944692676,21.03.2024 08:47,елЕна ноВикОВа,+7(9298)07-42,2,игРуШка МЯч,5,1474.93,25.07,PRocessIng,"Задержка с доставкой, печалька...",2024/03/15,2974488870840517
2029944692676,21.03.2024 08:47,елЕна ноВикОВа,+7(9298)07-42,5,МолоКО,2,5791.08,208.92,procEsSiNG,"Задержка с доставкой, печалька...",2024/03/15,2974488870840517
2029944691905,18.03.2024 11:25,АЛекСей МИхаЙЛОв,+7(9591)02-83,3,аМУнИцИя дЛЯ СОБаК,1,1074.0,126.0,CancelleD,Нужно уточнить сроки,2024/03/04,2171752282336347
2029944691905,18.03.2024 11:25,АЛекСей МИхаЙЛОв,+7(9591)02-83,4,ПОДпиСКА нА гАзеТу,1,520.7,79.3,canCElLeD,Нужно уточнить сроки,2024/03/04,2171752282336347
2029944691905,18.03.2024 11:25,АЛекСей МИхаЙЛОв,+7(9591)02-83,5,МОлОКО,4,11301.18,698.82,CANcELLED,Нужно уточнить сроки,2024/03/04,2171752282336347
2029944691905,18.03.2024 11:25,АЛекСей МИхаЙЛОв,+7(9591)02-83,4,ПодПискА на гАЗЕту,4,2341.96,58.04,CancElLeD,Нужно уточнить сроки,2024/03/04,2171752282336347
2029944690440,2024/03/31 09:07:54,АННА СмирновА,8(9406) 88-76,4,ПоДПиСКа нА ГазЕту,2,1164.91,35.09,cOMpLeTeD,"Задержка с доставкой, печалька...",11.03.2024,0894336544799510
2029944690440,2024/03/31 09:07:54,АННА СмирновА,8(9406) 88-76,4,ПодПИСка НА гАзЕту,5,2881.21,118.79,completeD,"Задержка с доставкой, печалька...",11.03.2024,0894336544799510
2029944689422,2024/03/16 02:32:43,дМиТрИй кузНЕЦов,+7 9836 34 28,3,амУНиЦия ДлЯ сОБАК,5,5126.72,873.28,CanCElled,Ждём с нетерпением!,2024-03-29,5325081143406767
2029944689422,2024/03/16 02:32:43,дМиТрИй кузНЕЦов,+7 9836 34 28,2,игРУшка мЯч,2,493.05,106.95,CaNCellEd,Ждём с нетерпением!,2024-03-29,5325081143406767
2029944689422,2024/03/16 02:32:43,дМиТрИй кузНЕЦов,+7 9836 34 28,4,поДписка на газЕТУ,3,1645.26,154.74,cANCELled,Ждём с нетерпением!,2024-03-29,5325081143406767
2029944689422,2024/03/16 02:32:43,дМиТрИй кузНЕЦов,+7 9836 34 28,1,коРм длЯ СОбак,3,1302.88,197.12,caNCELLED,Ждём с нетерпением!,2024-03-29,5325081143406767
2029944689422,2024/03/16 02:32:43,дМиТрИй кузНЕЦов,+7 9836 34 28,2,иГруШкА мЯч,5,1355.6,144.4,cANcElled,Ждём с нетерпением!,2024-03-29,5325081143406767
2029944688489,2024/03/11 05:00:30,ИВАН ИВАНОв,+7 9503 76 70,4,пОДпИСКА нА газЕтУ,2,1184.86,15.14,caNCElLEd,Проверить наличие,2024/03/07,6992263041974301
2029944688489,2024/03/11 05:00:30,ИВАН ИВАНОв,+7 9503 76 70,3,аМуНИЦиЯ ДЛя собАк,1,1096.71,103.29,cancEllED,Проверить наличие,2024/03/07,6992263041974301
2029944688489,2024/03/11 05:00:30,ИВАН ИВАНОв,+7 9503 76 70,4,подпИСКа НА ГазеТУ,5,2736.93,263.07,CANCeLleD,Проверить наличие,2024/03/07,6992263041974301
2029944688489,2024/03/11 05:00:30,ИВАН ИВАНОв,+7 9503 76 70,1,кОРм дЛЯ Собак,2,903.57,96.43,CANceLLEd,Проверить наличие,2024/03/07,6992263041974301
2029944688489,2024/03/11 05:00:30,ИВАН ИВАНОв,+7 9503 76 70,1,кОрМ Для СобАК,2,957.39,42.61,CanCeLLed,Проверить наличие,2024/03/07,6992263041974301
2029944687649,2024-03-29 18:29:52,НАтАЛьЯ ваСИльеВА,+7(9736)92-80,1,КОРМ ДЛя СоБак,2,883.78,116.22,proceSsING,Нужно уточнить сроки,19.03.2024,0443584281345753
2029944687649,2024-03-29 18:29:52,НАтАЛьЯ ваСИльеВА,+7(9736)92-80,4,ПоДПиСКа На ГазеТУ,5,2619.74,380.26,pROCessinG,Нужно уточнить сроки,19.03.2024,0443584281345753
2029944687649,2024-03-29 18:29:52,НАтАЛьЯ ваСИльеВА,+7(9736)92-80,2,игРушкА МЯЧ,5,1459.04,40.96,ProceSSInG,Нужно уточнить сроки,19.03.2024,0443584281345753
2029944687649,2024-03-29 18:29:52,НАтАЛьЯ ваСИльеВА,+7(9736)92-80,4,ПоДПИСКа на Газету,3,1678.1,121.9,pROCeSsING,Нужно уточнить сроки,19.03.2024,0443584281345753
2029944686966,28.03.2024 09:00,ивАн ИВанов,+7 9423 95 15,4,ПодписКА на гАЗеТУ,2,1020.04,179.96,pRocesSiNG,Проверить наличие,2024/03/24,8766834402192871
2029944686966,28.03.2024 09:00,ивАн ИВанов,+7 9423 95 15,5,мОЛОкО,3,7766.99,1233.01,PrOceSsINg,Проверить наличие,2024/03/24,8766834402192871
2029944686966,28.03.2024 09:00,ивАн ИВанов,+7 9423 95 15,5,Молоко,1,2861.99,138.01,PrOCESsInG,Проверить наличие,2024/03/24,8766834402192871
2029944686966,28.03.2024 09:00,ивАн ИВанов,+7 9423 95 15,5,мОлОкО,2,5332.8,667.2,pRocEsSINg,Проверить наличие,2024/03/24,8766834402192871
2029944686966,28.03.2024 09:00,ивАн ИВанов,+7 9423 95 15,1,коРм Для соБАк,4,1875.8,124.2,PRocEssING,Проверить наличие,2024/03/24,8766834402192871
2029944685196,2024-03-10 15:11:31,МАрИя ПеТрОВа,8(9882) 66-21,1,кОрм Для СоБАк,2,960.86,39.14,CanCellED,"Задержка с доставкой, печалька...",02.03.2024,2684617925354714
2029944684198,04.03.2024 22:55,СЕрГей сИдоров,8(9222) 82-27,1,КоРМ для сОбак,2,840.83,159.17,COMPLeted,"Задержка с доставкой, печалька...",2024/03/24,4682927245248997
2029944684198,04.03.2024 22:55,СЕрГей сИдоров,8(9222) 82-27,4,ПодпиСкА На гаЗЕТу,3,1770.43,29.57,cOMplEted,"Задержка с доставкой, печалька...",2024/03/24,4682927245248997
2029944684198,04.03.2024 22:55,СЕрГей сИдоров,8(9222) 82-27,2,иГруШКа мЯч,5,1253.72,246.28,ComPLeTed,"Задержка с доставкой, печалька...",2024/03/24,4682927245248997
2029944683504,28.03.2024 13:30,маРия ПЕтРоВа,8(9816) 91-04,5,мОлОКО,3,8231.22,768.78,cAncELLED,"Задержка с доставкой, печалька...",29.03.2024,5234083300636997
2029944683504,28.03.2024 13:30,маРия ПЕтРоВа,8(9816) 91-04,4,пОДПиСКА На газЕту,3,1516.43,283.57,cancEllED,"Задержка с доставкой, печалька...",29.03.2024,5234083300636997
2029944683504,28.03.2024 13:30,маРия ПЕтРоВа,8(9816) 91-04,3,аМуНИция ДЛя сОбАК,2,2321.53,78.47,CANceLLEd,"Задержка с доставкой, печалька...",29.03.2024,5234083300636997
2029944683504,28.03.2024 13:30,маРия ПЕтРоВа,8(9816) 91-04,5,моЛОКо,2,4812.79,1187.21,cancelleD,"Задержка с доставкой, печалька...",29.03.2024,5234083300636997
2029944683504,28.03.2024 13:30,маРия ПЕтРоВа,8(9816) 91-04,4,ПоДписКа НА ГазЕту,5,2673.43,326.57,caNCeLLed,"Задержка с доставкой, печалька...",29.03.2024,5234083300636997
2029944682857,2024/03/27 23:42:34,АлЕКсеЙ мИХАЙлОВ,+7(9723)55-67,5,МОлОкО,1,2550.11,449.89,CancElLed,Ждём с нетерпением!,2024-03-08,5833776256821275
2029944681223,2024-03-26 18:37:46,ДМитРиЙ кУЗнЕЦоВ,8(9379) 33-99,1,КорМ Для сОбак,1,449.4,50.6,pRoCesSING,Проверить наличие,27.03.2024,8014435524669580
2029944681223,2024-03-26 18:37:46,ДМитРиЙ кУЗнЕЦоВ,8(9379) 33-99,5,мОЛОкО,3,8504.12,495.88,PRoceSSInG,Проверить наличие,27.03.2024,8014435524669580
2029944680186,2024-03-20 05:01:31,мИХаИл оРЛОВ,+7 9321 74 49,5,МОлОко,1,2607.47,392.53,CaNceLLEd,Нужно уточнить сроки,2024/03/12,8313924461168700
2029944680186,2024-03-20 05:01:31,мИХаИл оРЛОВ,+7 9321 74 49,4,ПодпИСКа на гаЗетУ,3,1721.3,78.7,canCELLED,Нужно уточнить сроки,2024/03/12,8313924461168700
2029944680186,2024-03-20 05:01:31,мИХаИл оРЛОВ,+7 9321 74 49,4,Подписка НА газЕтУ,5,2585.23,414.77,CaNcElLed,Нужно уточнить сроки,2024/03/12,8313924461168700
2029944680186,2024-03-20 05:01:31,мИХаИл оРЛОВ,+7 9321 74 49,3,амУницИЯ для соБаК,5,5920.67,79.33,CANcELlED,Нужно уточнить сроки,2024/03/12,8313924461168700
2029944680186,2024-03-20 05:01:31,мИХаИл оРЛОВ,+7 9321 74 49,1,КоРМ длЯ Собак,5,2208.01,291.99,canCElLED,Нужно уточнить сроки,2024/03/12,8313924461168700
2029944679763,19.03.2024 06:40,олЬга КУЗнЕцОва,+7 9750 74 50,4,подПИсКа нА ГазЕТу,2,1111.01,88.99,COmPlEtED,Ждём с нетерпением!,2024-03-27,7008806042089392
2029944678136,2024/03/25 07:58:05,михАиЛ ОрЛоВ,+7 9848 90 48,2,иГрушКА МяЧ,4,1037.8,162.2,PRoCesSinG,Ждём с нетерпением!,2024-03-10,0486084752169455
2029944678136,2024/03/25 07:58:05,михАиЛ ОрЛоВ,+7 9848 90 48,5,МолоКО,4,11414.41,585.59,prOcESsING,Ждём с нетерпением!,2024-03-10,0486084752169455
2029944678136,2024/03/25 07:58:05,михАиЛ ОрЛоВ,+7 9848 90 48,2,игрУШкА МяЧ,5,1312.5,187.5,pROcESSiNG,Ждём с нетерпением!,2024-03-10,0486084752169455
2029944678136,2024/03/25 07:58:05,михАиЛ ОрЛоВ,+7 9848 90 48,3,АмунИЦия дЛЯ сОБАк,5,5560.12,439.88,PROCesSing,Ждём с нетерпением!,2024-03-10,0486084752169455
2029944678136,2024/03/25 07:58:05,михАиЛ ОрЛоВ,+7 9848 90 48,3,амуНиция длЯ СОбАК,1,1017.28,182.72,PROCEsSiNG,Ждём с нетерпением!,2024-03-10,0486084752169455
2029944677352,06.03.2024 05:25,ЕлЕна новИКОва,8(9033) 01-69,4,ПоДПиСкА На газетУ,2,996.82,203.18,COmPlETed,спасибо за заказ,2024-03-15,1330412225961041
2029944677352,06.03.2024 05:25,ЕлЕна новИКОва,8(9033) 01-69,5,моЛОКО,2,5607.06,392.94,COmPleTEd,спасибо за заказ,2024-03-15,1330412225961041
2029944677352,06.03.2024 05:25,ЕлЕна новИКОва,8(9033) 01-69,5,молоКО,3,8262.56,737.44,ComplETED,спасибо за заказ,2024-03-15,1330412225961041
2029944676697,2024/03/19 01:20:33,СЕрГей сИдоРОВ,+7 9460 41 87,4,ПОДпиСка на ГАЗету,1,551.07,48.93,CANcElleD,"Задержка с доставкой, печалька...",2024-03-30,8019677603343647
2029944676697,2024/03/19 01:20:33,СЕрГей сИдоРОВ,+7 9460 41 87,4,подПиска На ГАЗеТУ,2,1044.28,155.72,canCELled,"Задержка с доставкой, печалька...",2024-03-30,8019677603343647
2029944676697,2024/03/19 01:20:33,СЕрГей сИдоРОВ,+7 9460 41 87,4,поДПИСкА На газетУ,3,1589.34,210.66,canCElLed,"Задержка с доставкой, печалька...",2024-03-30,8019677603343647
2029944676697,2024/03/19 01:20:33,СЕрГей сИдоРОВ,+7 9460 41 87,5,Молоко,5,13620.95,1379.05,canCeLled,"Задержка с доставкой, печалька...",2024-03-30,8019677603343647
2029944675136,27.03.2024 17:08,олЬГа кУЗнЕЦова,8(9649) 44-20,2,игРУШКа мЯч,5,1393.95,106.05,cancElleD,подарок вовремя,2024/03/19,2869329757643998
2029944674441,15.03.2024 17:46,оЛьГа КУЗнеЦОва,8(9466) 20-02,5,МОлОКО,1,2857.35,142.65,PrOCESsInG,Нужно уточнить сроки,2024/03/10,0058491146713923
2029944674441,15.03.2024 17:46,оЛьГа КУЗнеЦОва,8(9466) 20-02,2,ИГРушКА мЯЧ,3,828.16,71.84,PROCESSing,Нужно уточнить сроки,2024/03/10,0058491146713923
2029944674441,15.03.2024 17:46,оЛьГа КУЗнеЦОва,8(9466) 20-02,2,иГрушкА мЯЧ,2,514.56,85.44,PRoCeSsing,Нужно уточнить сроки,2024/03/10,0058491146713923
2029944674441,15.03.2024 17:46,оЛьГа КУЗнеЦОва,8(9466) 20-02,2,иГРУШкА мЯч,3,850.25,49.75,prOCESSInG,Нужно уточнить сроки,2024/03/10,0058491146713923
2029944674441,15.03.2024 17:46,оЛьГа КУЗнеЦОва,8(9466) 20-02,1,кОрм ДлЯ СобАК,3,1478.24,21.76,prOCESsInG,Нужно уточнить сроки,2024/03/10,0058491146713923
2029944673773,2024-03-17 07:57:54,Мария пеТРОвА,+7(9782)49-14,4,ПОдпИСкА на ГазЕТу,2,1094.39,105.61,cancElLeD,Ждём с нетерпением!,2024/03/22,2492941914132258
2029944673773,2024-03-17 07:57:54,Мария пеТРОвА,+7(9782)49-14,4,ПоДПисКА НА гаЗетУ,4,2177.45,222.55,canCElLeD,Ждём с нетерпением!,2024/03/22,2492941914132258
2029944673773,2024-03-17 07:57:54,Мария пеТРОвА,+7(9782)49-14,5,МоЛокО,4,10891.83,1108.17,cAncelLed,Ждём с нетерпением!,2024/03/22,2492941914132258
2029944673773,2024-03-17 07:57:54,Мария пеТРОвА,+7(9782)49-14,2,ИгРУШКА Мяч,1,289.13,10.87,cancElLeD,Ждём с нетерпением!,2024/03/22,2492941914132258
2029944673773,2024-03-17 07:57:54,Мария пеТРОвА,+7(9782)49-14,2,иГРуШКа МяЧ,4,985.0,215.0,cANCElleD,Ждём с нетерпением!,2024/03/22,2492941914132258
2029944672823,2024-03-02 12:18:33,ивАН иВанов,+7(9015)41-00,1,кОРм для СоБак,5,2426.79,73.21,canCELLed,"Задержка с доставкой, печалька...",13.03.2024,8472490092326295
2029944671562,05.03.2024 05:44,аНнА СМИРНоВа,+7 9857 57 73,1,корм дЛя собаК,4,1683.37,316.63,CancElled,Ждём с нетерпением!,2024/03/13,6502819828363050
2029944671562,05.03.2024 05:44,аНнА СМИРНоВа,+7 9857 57 73,1,кОРм дЛя СОбаК,2,834.22,165.78,caNceLLeD,Ждём с нетерпением!,2024/03/13,6502819828363050
2029944671562,05.03.2024 05:44,аНнА СМИРНоВа,+7 9857 57 73,2,ИГрУшКа Мяч,4,1040.86,159.14,cANcelLED,Ждём с нетерпением!,2024/03/13,6502819828363050
2029944670614,11.03.2024 08:19,МИхаИл оРЛОв,+7(9968)50-14,3,амУнИциЯ длЯ СоБаК,3,3008.77,591.23,compLeTed,спасибо за заказ,2024/03/04,1201882594164157
2029944670614,11.03.2024 08:19,МИхаИл оРЛОв,+7(9968)50-14,3,аМуницИЯ Для сОбАК,2,2170.31,229.69,cOMpLEtED,спасибо за заказ,2024/03/04,1201882594164157
2029944670614,11.03.2024 08:19,МИхаИл оРЛОв,+7(9968)50-14,2,Игрушка МЯч,5,1363.69,136.31,ComPletEd,спасибо за заказ,2024/03/04,1201882594164157
2029944670614,11.03.2024 08:19,МИхаИл оРЛОв,+7(9968)50-14,4,пОДпиСКА нА ГАзЕту,5,2439.83,560.17,COmpLETed,спасибо за заказ,2024/03/04,1201882594164157
2029944669643,2024/03/11 17:32:38,АлЕкСей мИХайЛОв,+7(9431)42-51,4,ПоДПИСка нА гАзЕТУ,2,1170.7,29.3,CoMpLetEd,Всё отлично!,2024/03/22,7110492108351005
2029944669643,2024/03/11 17:32:38,АлЕкСей мИХайЛОв,+7(9431)42-51,4,ПодпиСка НА ГАЗету,4,2381.05,18.95,COmPlETed,Всё отлично!,2024/03/22,7110492108351005
2029944669643,2024/03/11 17:32:38,АлЕкСей мИХайЛОв,+7(9431)42-51,2,ИГрУшка МЯЧ,3,848.52,51.48,coMpLeteD,Всё отлично!,2024/03/22,7110492108351005
2029944668402,2024-03-08 20:52:25,МАрИя пЕтРовА,+7 9213 77 41,4,ПодпиСКа НА гАЗЕтУ,2,1065.8,134.2,CANCeLled,Нужно уточнить сроки,28.03.2024,3524854178260391
2029944667392,30.03.2024 20:40,АЛекСЕй мИхАЙЛОв,+7(9097)49-64,3,аМуницИя для СОбАК,2,1934.39,465.61,cOmpLeTED,спасибо за заказ,13.03.2024,0690555728928868
2029944667392,30.03.2024 20:40,АЛекСЕй мИхАЙЛОв,+7(9097)49-64,2,ИгРУШка мяч,3,792.9,107.1,compLeted,спасибо за заказ,13.03.2024,0690555728928868
2029944667392,30.03.2024 20:40,АЛекСЕй мИхАЙЛОв,+7(9097)49-64,5,МолОКо,3,8946.92,53.08,cOMPletED,спасибо за заказ,13.03.2024,0690555728928868
2029944667392,30.03.2024 20:40,АЛекСЕй мИхАЙЛОв,+7(9097)49-64,5,моЛоКо,1,2719.77,280.23,CoMPLEtEd,спасибо за заказ,13.03.2024,0690555728928868
2029944667392,30.03.2024 20:40,АЛекСЕй мИхАЙЛОв,+7(9097)49-64,5,моЛОкО,5,14195.31,804.69,CompleTEd,спасибо за заказ,13.03.2024,0690555728928868
2029944666766,04.03.2024 21:51,олЬга КуЗНЕцовА,8(9334) 39-37,4,подПИсКА нА ГАзЕТу,3,1576.57,223.43,prOCESSING,подарок вовремя,11.03.2024,3497242716063427
2029944665563,2024/03/20 19:43:10,ДмиТРИй КУЗНеЦов,8(9287) 34-71,3,амУниЦия ДлЯ Собак,3,2901.57,698.43,CANcelled,Всё отлично!,31.03.2024,0344680147529021
2029944664276,2024-03-20 23:28:22,алексеЙ миХАЙЛОВ,8(9463) 98-46,5,молоКО,1,2655.45,344.55,pROCEssINg,"Задержка с доставкой, печалька...",06.03.2024,5419370735980684
2029944664276,2024-03-20 23:28:22,алексеЙ миХАЙЛОВ,8(9463) 98-46,3,АМуНИциЯ дЛя СОбАк,2,2272.64,127.36,PRoCessINg,"Задержка с доставкой, печалька...",06.03.2024,5419370735980684
2029944664276,2024-03-20 23:28:22,алексеЙ миХАЙЛОВ,8(9463) 98-46,4,ПоДпиСкА нА гАзЕту,5,2579.3,420.7,PRoCEsSiNg,"Задержка с доставкой, печалька...",06.03.2024,5419370735980684
2029944663115,28.03.2024 10:20,серГЕЙ СИдоров,8(9830) 94-38,5,мОлокО,3,7969.4,1030.6,PRoCEsSinG,подарок вовремя,2024/03/14,8407463994210865
2029944663115,28.03.2024 10:20,серГЕЙ СИдоров,8(9830) 94-38,4,ПоДПиСкА На ГАзЕтУ,2,1033.99,166.01,PROCesSiNG,подарок вовремя,2024/03/14,8407463994210865
2029944663115,28.03.2024 10:20,серГЕЙ СИдоров,8(9830) 94-38,4,ПОдПисКа На ГаЗЕТу,1,498.11,101.89,pRoCEsSiNg,подарок вовремя,2024/03/14,8407463994210865
2029944663115,28.03.2024 10:20,серГЕЙ СИдоров,8(9830) 94-38,5,мОЛОко,3,8071.79,928.21,pRoceSsInG,подарок вовремя,2024/03/14,8407463994210865
2029944663115,28.03.2024 10:20,серГЕЙ СИдоров,8(9830) 94-38,4,подпИСкА На гАЗЕтУ,1,593.36,6.64,pROCessINg,подарок вовремя,2024/03/14,8407463994210865
2029944662912,2024/03/10 18:08:54,МАРИЯ пЕТроВа,+7 9538 46 21,3,амУницИя ДЛЯ собаК,2,2073.79,326.21,prOcessinG,Нужно уточнить сроки,2024/03/23,4918308296517668
2029944661774,2024/03/24 04:41:27,нАтАлья ВАсИльЕВА,8(9785) 79-19,2,ИГрушка МяЧ,5,1202.23,297.77,PRoCESsing,Проверить наличие,2024/03/25,7980207036791642
2029944661774,2024/03/24 04:41:27,нАтАлья ВАсИльЕВА,8(9785) 79-19,4,ПОдпИсКа На газету,4,2052.0,348.0,PrOcesSInG,Проверить наличие,2024/03/25,7980207036791642
2029944660852,10.03.2024 17:39,аННа сМиРноВА,8(9403) 02-58,5,МоЛоКО,1,2455.64,544.36,cOmpLEtEd,спасибо за заказ,2024/03/13,1003661954193688
2029944660852,10.03.2024 17:39,аННа сМиРноВА,8(9403) 02-58,2,ИГРУШкА мЯч,3,759.96,140.04,complETED,спасибо за заказ,2024/03/13,1003661954193688
2029944659973,2024-03-24 11:37:40,оЛьгА кузНЕцовА,8(9640) 49-35,1,КОРм Для сОБаК,3,1348.02,151.98,PrOcEsSING,Ждём с нетерпением!,16.03.2024,7827553580139032
2029944659973,2024-03-24 11:37:40,оЛьгА кузНЕцовА,8(9640) 49-35,1,КОРм дЛя соБАК,4,1978.22,21.78,proCeSSinG,Ждём с нетерпением!,16.03.2024,7827553580139032
2029944659973,2024-03-24 11:37:40,оЛьгА кузНЕцовА,8(9640) 49-35,3,амУницИЯ ДЛЯ сОБАк,4,3938.12,861.88,PrOceSsiNg,Ждём с нетерпением!,16.03.2024,7827553580139032
2029944659973,2024-03-24 11:37:40,оЛьгА кузНЕцовА,8(9640) 49-35,5,МоЛокО,1,2589.38,410.62,PrOCesSing,Ждём с нетерпением!,16.03.2024,7827553580139032
2029944659973,2024-03-24 11:37:40,оЛьгА кузНЕцовА,8(9640) 49-35,1,коРм дЛЯ СоБАк,2,886.62,113.38,PRocEssinG,Ждём с нетерпением!,16.03.2024,7827553580139032
2029944658263,2024/03/20 20:03:07,ивАн Иванов,+7(9181)99-95,1,кОРм ДлЯ сОБАК,4,1604.51,395.49,CANcELLeD,Нужно уточнить сроки,2024/03/01,8249534379715480
2029944658263,2024/03/20 20:03:07,ивАн Иванов,+7(9181)99-95,2,ИГрУшкА мЯЧ,5,1475.25,24.75,caNcELleD,Нужно уточнить сроки,2024/03/01,8249534379715480
2029944657969,29.03.2024 09:55,анНА сМИРНОвА,+7 9080 89 92,5,МоЛоКО,5,13552.43,1447.57,cOMpleTEd,подарок вовремя,26.03.2024,3499624956662899
2029944657969,29.03.2024 09:55,анНА сМИРНОвА,+7 9080 89 92,5,МОлоКО,2,5972.79,27.21,cOMPletED,подарок вовремя,26.03.2024,3499624956662899
2029944657969,29.03.2024 09:55,анНА сМИРНОвА,+7 9080 89 92,5,МОлОКО,1,2956.33,43.67,COmpleTed,подарок вовремя,26.03.2024,3499624956662899
2029944657969,29.03.2024 09:55,анНА сМИРНОвА,+7 9080 89 92,3,АмуНИцИя дЛЯ собак,1,968.31,231.69,cOMPleTED,подарок вовремя,26.03.2024,3499624956662899
2029944656308,22.03.2024 14:58,СЕРГей сидОрОв,+7(9106)07-91,2,ИгРУшкА мЯч,4,1158.45,41.55,ComPlETED,Проверить наличие,25.03.2024,6583925370373583
2029944655441,2024/03/12 15:51:49,аЛеКСеЙ МиХаЙЛОВ,+7 9170 49 62,4,пОДпИсКа нА гаЗЕту,2,1057.56,142.44,coMpLEteD,Проверить наличие,29.03.2024,7508003767926169
2029944655441,2024/03/12 15:51:49,аЛеКСеЙ МиХаЙЛОВ,+7 9170 49 62,5,мОЛОкО,5,14991.43,8.57,ComPLeTED,Проверить наличие,29.03.2024,7508003767926169
2029944655441,2024/03/12 15:51:49,аЛеКСеЙ МиХаЙЛОВ,+7 9170 49 62,3,АМуниЦИя ДЛя Собак,1,1047.68,152.32,CompleTeD,Проверить наличие,29.03.2024,7508003767926169
2029944654333,04.03.2024 08:07,ОльгА КузнеЦова,8(9261) 93-70,2,ИГРУшКа МЯЧ,1,266.32,33.68,COmplETED,Нужно уточнить сроки,19.03.2024,4177230683350860
2029944654333,04.03.2024 08:07,ОльгА КузнеЦова,8(9261) 93-70,4,пОдпИска нА ГазЕтУ,1,503.1,96.9,CompletEd,Нужно уточнить сроки,19.03.2024,4177230683350860
2029944653798,28.03.2024 20:07,МАрИЯ ПЕТРоВА,+7(9546)16-73,3,АМуНИцИЯ ДЛЯ собАк,3,3412.53,187.47,ComPLEted,Всё отлично!,2024/03/22,0454930275912316
2029944652906,2024-03-25 22:55:38,мАриЯ пЕТрова,+7 9524 71 81,5,мОЛОКО,5,13265.34,1734.66,CANCElled,подарок вовремя,2024-03-13,1698647985668483
2029944652906,2024-03-25 22:55:38,мАриЯ пЕТрова,+7 9524 71 81,3,аМуНИЦиЯ ДЛЯ сОБаК,2,1987.75,412.25,CAncELlEd,подарок вовремя,2024-03-13,1698647985668483
2029944652906,2024-03-25 22:55:38,мАриЯ пЕТрова,+7 9524 71 81,2,иГрУШка мЯч,4,1144.78,55.22,CANceLled,подарок вовремя,2024-03-13,1698647985668483
2029944652906,2024-03-25 22:55:38,мАриЯ пЕТрова,+7 9524 71 81,3,АмУниЦИя Для сОбаК,5,4954.71,1045.29,CANCELlED,подарок вовремя,2024-03-13,1698647985668483
2029944651991,2024-03-07 08:14:29,ИВАн ИвАНоВ,8(9120) 37-64,1,КОРМ ДлЯ СобАК,5,2077.17,422.83,cancElLEd,Ждём с нетерпением!,2024-03-03,3019834275759690
2029944651991,2024-03-07 08:14:29,ИВАн ИвАНоВ,8(9120) 37-64,2,игруШка МяЧ,4,1155.87,44.13,CanCelleD,Ждём с нетерпением!,2024-03-03,3019834275759690
2029944650776,2024/03/24 18:06:07,ИВАН ИВаноВ,8(9663) 58-04,3,аМУнИЦИя ДЛя СОбак,3,3255.64,344.36,caNcelLeD,Всё отлично!,2024-03-29,6168564516500363
2029944650776,2024/03/24 18:06:07,ИВАН ИВаноВ,8(9663) 58-04,1,корМ ДлЯ СОБак,2,977.36,22.64,CaNCELLeD,Всё отлично!,2024-03-29,6168564516500363
2029944650776,2024/03/24 18:06:07,ИВАН ИВаноВ,8(9663) 58-04,1,Корм ДЛя СОбаК,3,1391.71,108.29,cANCelLED,Всё отлично!,2024-03-29,6168564516500363
2029944649301,2024/03/18 11:52:35,ОЛЬгА куЗНЕцОвА,+7(9633)76-05,3,аМУниЦИя ДлЯ СОбаК,3,3487.34,112.66,prOCeSSIng,Нужно уточнить сроки,2024/03/19,0391205557514263
2029944648120,2024-03-21 03:11:15,алексей михАйЛов,+7 9227 93 63,5,мОлоКо,2,4952.73,1047.27,procESSinG,"Задержка с доставкой, печалька...",2024/03/19,3589171518946318
2029944647734,31.03.2024 18:37,мАрИя петРова,+7(9704)50-12,3,амУНИЦиЯ дЛя СоБак,5,5322.91,677.09,CancELlED,Всё отлично!,07.03.2024,0243570314636353
2029944647734,31.03.2024 18:37,мАрИя петРова,+7(9704)50-12,1,КоРМ для СОБак,5,2212.75,287.25,CANCElLEd,Всё отлично!,07.03.2024,0243570314636353
2029944647734,31.03.2024 18:37,мАрИя петРова,+7(9704)50-12,2,игРушКа МЯч,1,284.92,15.08,CANcELLEd,Всё отлично!,07.03.2024,0243570314636353
2029944646455,2024/03/18 08:24:11,елЕНА НОвикОвА,+7(9261)16-35,2,иГрУШкА мяч,5,1467.11,32.89,PRocEssIng,Ждём с нетерпением!,2024/03/27,8132237244937209
2029944646455,2024/03/18 08:24:11,елЕНА НОвикОвА,+7(9261)16-35,2,иГРУШка мяч,3,769.9,130.1,PrOcesSING,Ждём с нетерпением!,2024/03/27,8132237244937209
2029944646455,2024/03/18 08:24:11,елЕНА НОвикОвА,+7(9261)16-35,5,МОлоко,1,2832.84,167.16,pROcessiNG,Ждём с нетерпением!,2024/03/27,8132237244937209
2029944646455,2024/03/18 08:24:11,елЕНА НОвикОвА,+7(9261)16-35,3,АмуниЦИя длЯ собАк,1,1044.34,155.66,PrOCESsInG,Ждём с нетерпением!,2024/03/27,8132237244937209
2029944645438,2024/03/25 05:58:41,АЛеКсЕЙ мИХаЙлОв,+7(9958)60-35,4,ПоДПискА На ГАЗЕтУ,2,1182.41,17.59,CaNcelleD,Нужно уточнить сроки,2024-03-23,4761939192945653
2029944645438,2024/03/25 05:58:41,АЛеКсЕЙ мИХаЙлОв,+7(9958)60-35,5,мОЛОкО,5,12682.95,2317.05,cANCeLLEd,Нужно уточнить сроки,2024-03-23,4761939192945653
2029944645438,2024/03/25 05:58:41,АЛеКсЕЙ мИХаЙлОв,+7(9958)60-35,2,ИгРуШКа мяч,4,1036.58,163.42,CAnceLLeD,Нужно уточнить сроки,2024-03-23,4761939192945653
2029944645438,2024/03/25 05:58:41,АЛеКсЕЙ мИХаЙлОв,+7(9958)60-35,1,кОРм ДлЯ СОбАк,1,407.26,92.74,CaNCeLLeD,Нужно уточнить сроки,2024-03-23,4761939192945653
2029944644381,2024/03/13 14:05:09,СерГЕЙ СИДоРОв,+7 9979 80 43,1,КОРм ДЛЯ сОБАк,3,1261.26,238.74,CompLeted,Проверить наличие,2024/03/12,7816417511282674
2029944644381,2024/03/13 14:05:09,СерГЕЙ СИДоРОв,+7 9979 80 43,1,корМ для СОбАк,3,1289.5,210.5,comPleteD,Проверить наличие,2024/03/12,7816417511282674
2029944644381,2024/03/13 14:05:09,СерГЕЙ СИДоРОв,+7 9979 80 43,5,МоЛОКО,4,11228.59,771.41,coMpleTED,Проверить наличие,2024/03/12,7816417511282674
2029944644381,2024/03/13 14:05:09,СерГЕЙ СИДоРОв,+7 9979 80 43,2,ИГРушка мЯч,2,525.59,74.41,coMPLEtEd,Проверить наличие,2024/03/12,7816417511282674
2029944644381,2024/03/13 14:05:09,СерГЕЙ СИДоРОв,+7 9979 80 43,2,ИгРУшКА мяЧ,2,593.57,6.43,complEteD,Проверить наличие,2024/03/12,7816417511282674
2029944643295,2024-03-09 10:34:59,ДмитрИЙ кузНЕЦОВ,+7 9109 88 23,3,амУНИЦИЯ дЛя соБАк,1,964.88,235.12,cOmPlETed,спасибо за заказ,2024/03/15,1744556035642699
2029944642793,25.03.2024 21:48,МихАил оРЛОв,+7 9871 81 98,5,мОЛОКО,5,14169.08,830.92,CanceLled,Нужно уточнить сроки,19.03.2024,6139960110813618
2029944642793,25.03.2024 21:48,МихАил оРЛОв,+7 9871 81 98,4,подпИска На ГАзЕТУ,5,2555.3,444.7,CAnCELled,Нужно уточнить сроки,19.03.2024,6139960110813618
2029944641161,2024/03/09 18:03:02,ДмИТрИЙ куЗНЕцов,+7(9083)83-04,4,ПодписКА НА гАзету,5,2901.89,98.11,caNceLleD,Проверить наличие,08.03.2024,4821662279532492
2029944640217,2024-03-14 16:21:18,ДмиТриЙ куЗНеЦОВ,+7 9995 88 22,5,моЛОко,3,8284.21,715.79,COMpLEtEd,спасибо за заказ,2024/03/17,8397873629915645
2029944640217,2024-03-14 16:21:18,ДмиТриЙ куЗНеЦОВ,+7 9995 88 22,2,иГрушка мяЧ,5,1369.24,130.76,CoMPLeTED,спасибо за заказ,2024/03/17,8397873629915645
2029944640217,2024-03-14 16:21:18,ДмиТриЙ куЗНеЦОВ,+7 9995 88 22,4,ПоДпискА на газЕТу,5,2548.33,451.67,CoMPleTED,спасибо за заказ,2024/03/17,8397873629915645
2029944639154,2024-03-31 16:35:56,Михаил ОрлОв,8(9898) 54-86,1,КОРм Для СоБак,1,484.56,15.44,cOmPletEd,Всё отлично!,2024/03/20,8443372595356177
2029944638821,2024/03/18 05:57:59,мариЯ ПеТРОВа,+7(9445)86-86,5,молОКо,2,4892.06,1107.94,pRoCESSinG,Нужно уточнить сроки,2024-03-25,2444939527310112
2029944637717,15.03.2024 22:12,ивАН иВанОВ,+7 9986 14 88,2,игРУШКа мяч,4,1051.86,148.14,comPleted,Проверить наличие,31.03.2024,5241265844360711
2029944637717,15.03.2024 22:12,ивАН иВанОВ,+7 9986 14 88,5,МОЛоКо,5,12904.8,2095.2,cOmPLEtED,Проверить наличие,31.03.2024,5241265844360711
2029944637717,15.03.2024 22:12,ивАН иВанОВ,+7 9986 14 88,1,КОрМ Для собаК,1,480.89,19.11,cOMplETeD,Проверить наличие,31.03.2024,5241265844360711
2029944637717,15.03.2024 22:12,ивАН иВанОВ,+7 9986 14 88,5,молОКо,5,14237.12,762.88,COmPLetEd,Проверить наличие,31.03.2024,5241265844360711
2029944636978,2024/03/20 22:00:39,аННа СмИРнОВА,+7 9787 66 92,2,ИгРушкА МЯЧ,5,1371.43,128.57,CaNceLlEd,Всё отлично!,08.03.2024,3571102396460114
2029944635485,2024-03-08 23:50:52,ДмИтриЙ КУЗНецОв,+7(9679)55-94,1,кОРм длЯ сОбак,5,2069.45,430.55,canCeLled,Всё отлично!,14.03.2024,3887633785216421
2029944635485,2024-03-08 23:50:52,ДмИтриЙ КУЗНецОв,+7(9679)55-94,2,иГрУШкА МяЧ,5,1202.76,297.24,cANcELLEd,Всё отлично!,14.03.2024,3887633785216421
2029944634918,2024-03-13 01:38:13,марИя ПеТроВа,+7(9578)92-31,2,ИГрУшкА Мяч,3,721.58,178.42,ProcEsSInG,Проверить наличие,2024-03-08,3220568108680531
2029944634918,2024-03-13 01:38:13,марИя ПеТроВа,+7(9578)92-31,5,МоЛОкО,4,10317.16,1682.84,pROcesSINg,Проверить наличие,2024-03-08,3220568108680531
2029944634918,2024-03-13 01:38:13,марИя ПеТроВа,+7(9578)92-31,2,ИГРушка МЯЧ,1,291.06,8.94,PRoceSSINg,Проверить наличие,2024-03-08,3220568108680531
2029944633549,2024-03-18 00:04:23,АЛЕКсей миХаЙЛОв,8(9669) 24-48,4,поДписКА НА ГаЗеТУ,4,2027.51,372.49,cANceLLeD,Всё отлично!,2024/03/02,7161666294684759
2029944633549,2024-03-18 00:04:23,АЛЕКсей миХаЙЛОв,8(9669) 24-48,5,МоЛОко,1,2446.04,553.96,canCelLED,Всё отлично!,2024/03/02,7161666294684759
2029944633549,2024-03-18 00:04:23,АЛЕКсей миХаЙЛОв,8(9669) 24-48,3,аМУницИЯ длЯ сОБАК,4,4554.51,245.49,cAnCeLLed,Всё отлично!,2024/03/02,7161666294684759
2029944633549,2024-03-18 00:04:23,АЛЕКсей миХаЙЛОв,8(9669) 24-48,3,амУНИцИя Для соБак,1,1072.97,127.03,caNcELLed,Всё отлично!,2024/03/02,7161666294684759
2029944633549,2024-03-18 00:04:23,АЛЕКсей миХаЙЛОв,8(9669) 24-48,5,МОлоко,2,4854.17,1145.83,CanCElLeD,Всё отлично!,2024/03/02,7161666294684759
2029944632604,09.03.2024 20:31,ИвАН Иванов,8(9567) 92-40,3,АмУНИЦиЯ ДЛЯ СОбаК,5,5836.36,163.64,cOmplETed,Нужно уточнить сроки,28.03.2024,2526658281090503
2029944632604,09.03.2024 20:31,ИвАН Иванов,8(9567) 92-40,5,молокО,1,2946.33,53.67,CompleTeD,Нужно уточнить сроки,28.03.2024,2526658281090503
2029944632604,09.03.2024 20:31,ИвАН Иванов,8(9567) 92-40,5,МолОКо,2,5781.46,218.54,compLETeD,Нужно уточнить сроки,28.03.2024,2526658281090503
2029944632604,09.03.2024 20:31,ИвАН Иванов,8(9567) 92-40,4,ПОДПИСка на гаЗеТу,1,536.19,63.81,cOmplEted,Нужно уточнить сроки,28.03.2024,2526658281090503
2029944631407,2024/03/26 08:27:31,еЛЕНа ноВИкоВА,8(9443) 71-51,4,поДпИСКа На гаЗеТу,3,1684.77,115.23,CompLeTed,Нужно уточнить сроки,2024-03-10,1730773722080825
2029944631407,2024/03/26 08:27:31,еЛЕНа ноВИкоВА,8(9443) 71-51,5,мОлоко,4,11944.45,55.55,CompLETeD,Нужно уточнить сроки,2024-03-10,1730773722080825
2029944631407,2024/03/26 08:27:31,еЛЕНа ноВИкоВА,8(9443) 71-51,5,молоко,1,2637.65,362.35,comPLEteD,Нужно уточнить сроки,2024-03-10,1730773722080825
2029944631407,2024/03/26 08:27:31,еЛЕНа ноВИкоВА,8(9443) 71-51,4,ПодПиСКа на гАзЕТУ,5,2723.52,276.48,cOmpLEtEd,Нужно уточнить сроки,2024-03-10,1730773722080825
2029944631407,2024/03/26 08:27:31,еЛЕНа ноВИкоВА,8(9443) 71-51,1,КОрМ ДЛЯ сОбак,5,2289.64,210.36,COmplEtED,Нужно уточнить сроки,2024-03-10,1730773722080825
2029944630709,2024/03/29 18:47:47,ИваН иВАНоВ,+7(9115)21-19,2,ИГрУшка мЯч,4,1167.09,32.91,prOCEssING,"Задержка с доставкой, печалька...",05.03.2024,3236448046626561
2029944630709,2024/03/29 18:47:47,ИваН иВАНоВ,+7(9115)21-19,3,аМуНИциЯ длЯ СОБаК,3,3030.73,569.27,PROCEssiNG,"Задержка с доставкой, печалька...",05.03.2024,3236448046626561
2029944630709,2024/03/29 18:47:47,ИваН иВАНоВ,+7(9115)21-19,2,иГрушка МЯЧ,3,754.02,145.98,pRocEssiNg,"Задержка с доставкой, печалька...",05.03.2024,3236448046626561
2029944630709,2024/03/29 18:47:47,ИваН иВАНоВ,+7(9115)21-19,3,АмуниЦия ДлЯ собАк,3,3367.32,232.68,proCessiNg,"Задержка с доставкой, печалька...",05.03.2024,3236448046626561
2029944629255,10.03.2024 15:27,нАТАЛЬЯ ваСильеВа,+7(9997)10-12,1,коРМ для сОбАк,3,1380.61,119.39,CompLeTed,Всё отлично!,2024-03-10,3336730789224896
2029944629255,10.03.2024 15:27,нАТАЛЬЯ ваСильеВа,+7(9997)10-12,4,ПодпиСкА нА ГазЕТУ,1,516.83,83.17,ComPLETEd,Всё отлично!,2024-03-10,3336730789224896
2029944629255,10.03.2024 15:27,нАТАЛЬЯ ваСильеВа,+7(9997)10-12,4,ПоДпиСКа на газеТУ,4,2223.25,176.75,ComplETeD,Всё отлично!,2024-03-10,3336730789224896
2029944629255,10.03.2024 15:27,нАТАЛЬЯ ваСильеВа,+7(9997)10-12,4,ПОДПИСкА На гАЗЕТУ,4,1974.22,425.78,COmplEtED,Всё отлично!,2024-03-10,3336730789224896
2029944628675,2024-03-03 07:50:23,мария петроВА,8(9642) 49-88,5,моЛоКо,1,2660.02,339.98,pROCeSSIng,подарок вовремя,23.03.2024,1478882519195018
2029944628675,2024-03-03 07:50:23,мария петроВА,8(9642) 49-88,5,МОЛоКо,4,10905.74,1094.26,ProceSsINg,подарок вовремя,23.03.2024,1478882519195018
2029944628675,2024-03-03 07:50:23,мария петроВА,8(9642) 49-88,1,КоРм ДЛЯ СобАК,4,1993.65,6.35,proceSsing,подарок вовремя,23.03.2024,1478882519195018
2029944627537,2024-03-09 13:29:11,МаРиЯ пЕтрОВа,+7(9689)25-08,5,моЛОко,3,8700.75,299.25,ProCeSsiNG,спасибо за заказ,2024/03/24,5169279837023113
2029944627537,2024-03-09 13:29:11,МаРиЯ пЕтрОВа,+7(9689)25-08,4,пОДпИСКА на ГазЕТУ,4,2340.08,59.92,PROCeSSINg,спасибо за заказ,2024/03/24,5169279837023113
2029944626167,04.03.2024 17:48,мИХАиЛ оРлов,+7 9698 05 41,1,КоРм ДлЯ сОБаК,4,1636.66,363.34,canCelLed,Проверить наличие,2024-03-05,7522389653509887
2029944626167,04.03.2024 17:48,мИХАиЛ оРлов,+7 9698 05 41,3,амуНИЦИЯ ДлЯ СОБАк,1,1168.62,31.38,CanCeLLed,Проверить наличие,2024-03-05,7522389653509887
2029944626167,04.03.2024 17:48,мИХАиЛ оРлов,+7 9698 05 41,4,ПодписКА На ГАзЕТУ,1,560.64,39.36,CAncELLEd,Проверить наличие,2024-03-05,7522389653509887
2029944626167,04.03.2024 17:48,мИХАиЛ оРлов,+7 9698 05 41,1,КоРм дЛЯ Собак,4,1702.98,297.02,CAnCelleD,Проверить наличие,2024-03-05,7522389653509887
2029944626167,04.03.2024 17:48,мИХАиЛ оРлов,+7 9698 05 41,4,ПодПИСка На гаЗеТу,1,573.49,26.51,cANCeLLeD,Проверить наличие,2024-03-05,7522389653509887
2029944625619,16.03.2024 06:12,михАИЛ оРлов,8(9578) 79-54,4,подПисКа На ГАзЕтУ,4,2199.23,200.77,CoMPleteD,"Задержка с доставкой, печалька...",24.03.2024,8533253914458365
2029944625619,16.03.2024 06:12,михАИЛ оРлов,8(9578) 79-54,5,мОлОко,3,8247.77,752.23,CompletED,"Задержка с доставкой, печалька...",24.03.2024,8533253914458365
2029944624201,2024-03-27 17:47:36,иван ИвАНоВ,+7(9801)68-07,2,ИгрУшкА мяч,1,284.47,15.53,cAnCeLled,Проверить наличие,23.03.2024,1132445702055842
2029944624201,2024-03-27 17:47:36,иван ИвАНоВ,+7(9801)68-07,3,АМУНицИя ДлЯ СоБАК,1,969.83,230.17,CAncelled,Проверить наличие,23.03.2024,1132445702055842
2029944624201,2024-03-27 17:47:36,иван ИвАНоВ,+7(9801)68-07,5,мОЛоКО,3,8550.97,449.03,caNceLLEd,Проверить наличие,23.03.2024,1132445702055842
2029944624201,2024-03-27 17:47:36,иван ИвАНоВ,+7(9801)68-07,5,МоЛоко,4,10204.76,1795.24,CaNCeLLeD,Проверить наличие,23.03.2024,1132445702055842
2029944623843,2024-03-13 23:56:40,иВАН ИВаНоВ,8(9978) 70-71,5,МОлоКО,2,5838.47,161.53,coMpLEtEd,Проверить наличие,2024-03-30,2536494371461046
2029944622588,2024/03/27 03:47:42,оЛЬГА КУЗнецОва,+7(9476)63-06,4,подпиСКА нА гАзеТу,4,2090.3,309.7,cAncELLED,Всё отлично!,2024-03-31,3222208053911354
2029944622588,2024/03/27 03:47:42,оЛЬГА КУЗнецОва,+7(9476)63-06,5,МолОКО,5,13809.33,1190.67,CaNcElLEd,Всё отлично!,2024-03-31,3222208053911354
2029944621201,02.03.2024 20:44,нАТАЛЬЯ вАСиЛьЕВА,+7 9213 00 61,4,пОдписКА НА ГАЗЕтУ,4,2141.16,258.84,pROCeSSIng,подарок вовремя,2024/03/09,0735168928131655
2029944621201,02.03.2024 20:44,нАТАЛЬЯ вАСиЛьЕВА,+7 9213 00 61,5,моЛОКО,5,12365.21,2634.79,PRoCeSsing,подарок вовремя,2024/03/09,0735168928131655
2029944621201,02.03.2024 20:44,нАТАЛЬЯ вАСиЛьЕВА,+7 9213 00 61,3,аМУНиЦИя Для СОБАк,1,1187.58,12.42,PRocessInG,подарок вовремя,2024/03/09,0735168928131655
2029944620585,2024/03/20 07:37:00,дмИТриЙ куЗнеЦов,8(9272) 97-82,1,коРм ДЛя соБАк,5,2306.78,193.22,CAnCellED,Ждём с нетерпением!,2024/03/03,0751735839765267
2029944620585,2024/03/20 07:37:00,дмИТриЙ куЗнеЦов,8(9272) 97-82,2,иГрУшкА Мяч,3,814.68,85.32,cancElleD,Ждём с нетерпением!,2024/03/03,0751735839765267
2029944619208,2024/03/29 07:19:32,АЛЕкСЕЙ МиХАйЛов,+7(9044)19-98,5,МоЛОко,2,5379.77,620.23,COMPletEd,спасибо за заказ,2024-03-25,0288026809825470
2029944618953,2024-03-13 21:09:26,ЕлЕна нОВИКОВа,+7(9686)04-06,2,ИгрушкА Мяч,5,1274.2,225.8,ProcEsSiNG,Всё отлично!,2024-03-16,0050512364371084
2029944618953,2024-03-13 21:09:26,ЕлЕна нОВИКОВа,+7(9686)04-06,1,КОрм ДЛЯ СОБАк,1,439.78,60.22,PrOcESsinG,Всё отлично!,2024-03-16,0050512364371084
2029944617651,2024-03-13 11:42:05,ольГА КУЗнеЦоВа,8(9968) 39-14,4,поДпИСКа нА ГазЕТу,4,2240.8,159.2,CANcelled,Нужно уточнить сроки,2024-03-24,3737015646931043
2029944617651,2024-03-13 11:42:05,ольГА КУЗнеЦоВа,8(9968) 39-14,4,ПОдПиСКа На ГАЗету,4,2141.92,258.08,cANCeLlED,Нужно уточнить сроки,2024-03-24,3737015646931043
2029944617651,2024-03-13 11:42:05,ольГА КУЗнеЦоВа,8(9968) 39-14,4,ПОдпИсКА На гАЗЕТу,4,1926.19,473.81,cAnCeLlED,Нужно уточнить сроки,2024-03-24,3737015646931043
2029944617651,2024-03-13 11:42:05,ольГА КУЗнеЦоВа,8(9968) 39-14,3,АмуНИцИя для Собак,4,3969.84,830.16,CANcElLED,Нужно уточнить сроки,2024-03-24,3737015646931043
2029944616373,2024/03/17 21:00:41,МАРИЯ пЕтРОвА,8(9398) 27-49,2,ИгРУШка мяч,3,849.99,50.01,caNceLLEd,Всё отлично!,2024-03-03,3320861093082894
2029944616373,2024/03/17 21:00:41,МАРИЯ пЕтРОвА,8(9398) 27-49,4,ПодПИСКа НА ГазеТУ,4,2006.97,393.03,cAncELLed,Всё отлично!,2024-03-03,3320861093082894
2029944616373,2024/03/17 21:00:41,МАРИЯ пЕтРОвА,8(9398) 27-49,3,амУНиция для собак,1,1112.81,87.19,CanCELled,Всё отлично!,2024-03-03,3320861093082894
2029944615285,2024/03/01 01:33:09,НАТаЛЬя вАСИЛьЕВа,+7(9253)35-44,5,МоЛокО,5,13669.34,1330.66,cAnceLLED,Проверить наличие,2024/03/25,1580126835443187
2029944615285,2024/03/01 01:33:09,НАТаЛЬя вАСИЛьЕВа,+7(9253)35-44,1,КорМ дЛЯ сОбАк,2,829.36,170.64,cANCElLED,Проверить наличие,2024/03/25,1580126835443187
2029944615285,2024/03/01 01:33:09,НАТаЛЬя вАСИЛьЕВа,+7(9253)35-44,4,ПОдпИСКА На газету,3,1621.79,178.21,cAnCELLEd,Проверить наличие,2024/03/25,1580126835443187
2029944614611,2024/03/29 11:18:33,аНнА смИРнова,+7(9048)59-66,3,АмуНиЦиЯ ДЛя сОбаК,5,5212.8,787.2,PROCESsing,"Задержка с доставкой, печалька...",2024-03-17,8032572074916201
2029944614611,2024/03/29 11:18:33,аНнА смИРнова,+7(9048)59-66,1,Корм ДлЯ СобаК,1,419.73,80.27,pRoCESSING,"Задержка с доставкой, печалька...",2024-03-17,8032572074916201
2029944614611,2024/03/29 11:18:33,аНнА смИРнова,+7(9048)59-66,3,АмУнИция ДлЯ СобАк,1,973.25,226.75,PrOceSsING,"Задержка с доставкой, печалька...",2024-03-17,8032572074916201
2029944614611,2024/03/29 11:18:33,аНнА смИРнова,+7(9048)59-66,1,корм для СоБАК,5,2169.17,330.83,proceSsiNG,"Задержка с доставкой, печалька...",2024-03-17,8032572074916201
2029944613376,2024-03-15 10:25:43,ОЛьГа КУзНЕцова,+7 9411 23 64,2,игрУшка мяч,5,1458.89,41.11,cANceLleD,Всё отлично!,2024-03-12,6031403795479874
2029944613376,2024-03-15 10:25:43,ОЛьГа КУзНЕцова,+7 9411 23 64,4,поДпИСка нА ГАзЕту,3,1685.31,114.69,cAncELled,Всё отлично!,2024-03-12,6031403795479874
2029944612663,17.03.2024 22:54,дМиТрИЙ КузнецоВ,8(9052) 37-13,1,кОРМ дЛЯ Собак,5,2318.75,181.25,CoMpLETED,"Задержка с доставкой, печалька...",2024/03/26,6393079383883298
2029944612663,17.03.2024 22:54,дМиТрИЙ КузнецоВ,8(9052) 37-13,5,МолоКо,3,8636.03,363.97,comPlETED,"Задержка с доставкой, печалька...",2024/03/26,6393079383883298
2029944611956,2024-03-11 23:58:30,серГЕЙ СИдоРОВ,+7(9225)67-61,5,молоко,5,14189.6,810.4,PRoCEsSinG,спасибо за заказ,2024/03/04,1180944992861925
2029944610626,2024/03/27 02:45:50,МИХаИЛ ОРлОВ,+7(9572)03-46,3,АмУнИЦиЯ дЛЯ СОБак,4,4588.01,211.99,ProCESsing,подарок вовремя,2024-03-18,6262023608418307
2029944610626,2024/03/27 02:45:50,МИХаИЛ ОРлОВ,+7(9572)03-46,1,КоРм Для СоБак,1,415.87,84.13,ProCessinG,подарок вовремя,2024-03-18,6262023608418307
2029944610626,2024/03/27 02:45:50,МИХаИЛ ОРлОВ,+7(9572)03-46,4,ПОдпИсКА На ГАЗЕТУ,4,2262.37,137.63,pRoCEssING,подарок вовремя,2024-03-18,6262023608418307
2029944610626,2024/03/27 02:45:50,МИХаИЛ ОРлОВ,+7(9572)03-46,1,КОРМ ДЛя сОбАк,4,1855.43,144.57,pROcesSING,подарок вовремя,2024-03-18,6262023608418307
2029944609251,2024-03-04 15:27:59,аЛекСЕй Михайлов,+7(9058)70-65,5,мОлОкО,2,5914.21,85.79,cOMpLETED,спасибо за заказ,2024/03/26,2795255771667618
2029944609251,2024-03-04 15:27:59,аЛекСЕй Михайлов,+7(9058)70-65,5,МОЛОкО,4,11285.31,714.69,CoMPlEtED,спасибо за заказ,2024/03/26,2795255771667618
2029944609251,2024-03-04 15:27:59,аЛекСЕй Михайлов,+7(9058)70-65,3,АМуНициЯ ДЛя сОБаК,4,4346.65,453.35,COMpLeTeD,спасибо за заказ,2024/03/26,2795255771667618
2029944609251,2024-03-04 15:27:59,аЛекСЕй Михайлов,+7(9058)70-65,3,аМуНиЦИЯ дЛЯ соБаК,5,5650.16,349.84,cOMPLETED,спасибо за заказ,2024/03/26,2795255771667618
2029944608783,2024/03/08 06:23:17,аЛЕкСЕЙ мИХаЙЛоВ,+7 9394 65 80,2,ИГрУШка Мяч,1,293.37,6.63,PrOcessInG,Ждём с нетерпением!,2024/03/02,5165095481934160
2029944607856,2024/03/18 20:10:45,дМитрИЙ КузнецоВ,+7 9311 62 90,3,АМУницИЯ для СоБаК,5,4807.09,1192.91,pRoCeSsing,Ждём с нетерпением!,2024-03-15,0283567206337273
2029944607856,2024/03/18 20:10:45,дМитрИЙ КузнецоВ,+7 9311 62 90,1,коРМ длЯ сОБАк,1,424.95,75.05,PROCEsSiNG,Ждём с нетерпением!,2024-03-15,0283567206337273
2029944606995,2024-03-26 10:11:59,МИХАил оРлОв,8(9386) 03-58,4,ПоДписКА НА гАЗЕтУ,5,2415.03,584.97,PRoceSsing,Ждём с нетерпением!,2024-03-10,6734246271979856
2029944605455,2024-03-07 11:58:19,аНна сМиРнОВА,+7 9936 05 54,1,кОрм дЛя СОБак,1,413.27,86.73,CAncELlED,подарок вовремя,2024/03/10,6353395234525552
2029944605455,2024-03-07 11:58:19,аНна сМиРнОВА,+7 9936 05 54,3,амУНицИЯ Для сОБАк,5,5949.96,50.04,CaNCELled,подарок вовремя,2024/03/10,6353395234525552
2029944605455,2024-03-07 11:58:19,аНна сМиРнОВА,+7 9936 05 54,2,иГРушкА мяч,3,848.37,51.63,CaNceLLed,подарок вовремя,2024/03/10,6353395234525552
2029944604319,2024-03-06 03:45:11,иВАН ИВанОв,+7 9668 62 15,1,КОрм для сОБаК,4,1798.58,201.42,cAncELleD,"Задержка с доставкой, печалька...",2024/03/23,4794692298113546
2029944604319,2024-03-06 03:45:11,иВАН ИВанОв,+7 9668 62 15,1,коРМ длЯ СОбак,4,1849.17,150.83,cAnCElled,"Задержка с доставкой, печалька...",2024/03/23,4794692298113546
2029944604319,2024-03-06 03:45:11,иВАН ИВанОв,+7 9668 62 15,1,Корм дЛя сОбак,1,465.05,34.95,CaNCElLEd,"Задержка с доставкой, печалька...",2024/03/23,4794692298113546
2029944604319,2024-03-06 03:45:11,иВАН ИВанОв,+7 9668 62 15,3,АмУНИциЯ ДлЯ сОбак,1,1161.9,38.1,CAnCEllEd,"Задержка с доставкой, печалька...",2024/03/23,4794692298113546
2029944604319,2024-03-06 03:45:11,иВАН ИВанОв,+7 9668 62 15,4,подПиСкА нА гАзетУ,3,1632.53,167.47,CancELlEd,"Задержка с доставкой, печалька...",2024/03/23,4794692298113546
2029944603488,2024-03-15 21:36:53,еЛЕНА НоВиКоВа,8(9522) 80-45,4,пОДПисКа НА гаЗЕту,4,2376.45,23.55,CaNcelleD,Проверить наличие,2024/03/23,3274150952983902
2029944603488,2024-03-15 21:36:53,еЛЕНА НоВиКоВа,8(9522) 80-45,1,Корм дЛЯ соБак,2,995.17,4.83,canCEllED,Проверить наличие,2024/03/23,3274150952983902
2029944603488,2024-03-15 21:36:53,еЛЕНА НоВиКоВа,8(9522) 80-45,4,ПОДпиСкА НА ГаЗету,1,511.85,88.15,cAnceLLED,Проверить наличие,2024/03/23,3274150952983902
2029944603488,2024-03-15 21:36:53,еЛЕНА НоВиКоВа,8(9522) 80-45,4,ПОдписка НА газеТу,4,2035.07,364.93,CANcelLeD,Проверить наличие,2024/03/23,3274150952983902
2029944603488,2024-03-15 21:36:53,еЛЕНА НоВиКоВа,8(9522) 80-45,2,ИгРушКа МЯЧ,4,974.59,225.41,CAncEllEd,Проверить наличие,2024/03/23,3274150952983902
2029944602382,12.03.2024 18:41,СЕРгеЙ сИДОрОВ,+7 9912 00 16,1,кОрМ дЛя СоБак,3,1352.77,147.23,CAncElLEd,подарок вовремя,2024-03-24,7875936815323244
2029944602382,12.03.2024 18:41,СЕРгеЙ сИДОрОВ,+7 9912 00 16,5,МОлокО,3,8477.91,522.09,cANcellEd,подарок вовремя,2024-03-24,7875936815323244
2029944602382,12.03.2024 18:41,СЕРгеЙ сИДОрОВ,+7 9912 00 16,5,мОлокО,3,8396.59,603.41,CANCelled,подарок вовремя,2024-03-24,7875936815323244
2029944602382,12.03.2024 18:41,СЕРгеЙ сИДОрОВ,+7 9912 00 16,5,молОкО,4,10224.17,1775.83,caNCelLED,подарок вовремя,2024-03-24,7875936815323244
2029944601572,2024/03/07 01:07:34,дМиТрий кузнецОВ,8(9347) 62-17,5,моЛОкО,4,10186.42,1813.58,CaNCELlED,Проверить наличие,2024/03/21,8191334624905906
2029944600862,2024-03-24 02:28:57,мариЯ ПетРОВа,+7(9789)10-73,1,КОРм длЯ СобаК,5,2349.15,150.85,PRoCESsiNG,Всё отлично!,31.03.2024,3825198576275188
2029944600862,2024-03-24 02:28:57,мариЯ ПетРОВа,+7(9789)10-73,2,ИгРушкА мяЧ,2,507.27,92.73,PROceSSiNG,Всё отлично!,31.03.2024,3825198576275188
2029944600862,2024-03-24 02:28:57,мариЯ ПетРОВа,+7(9789)10-73,2,игрушка мЯЧ,5,1234.49,265.51,ProCessinG,Всё отлично!,31.03.2024,3825198576275188
2029944600862,2024-03-24 02:28:57,мариЯ ПетРОВа,+7(9789)10-73,5,МОлОКо,3,7756.75,1243.25,PrOCeSsIng,Всё отлично!,31.03.2024,3825198576275188
2029944599374,31.03.2024 15:15,ДмиТРИЙ КУзнЕЦов,+7 9021 63 94,1,коРМ ДЛЯ сОбак,4,1819.43,180.57,cOmpleTeD,подарок вовремя,2024/03/09,6941107954609059
2029944599374,31.03.2024 15:15,ДмиТРИЙ КУзнЕЦов,+7 9021 63 94,1,КОРМ для СоБАК,1,421.34,78.66,CompLEtED,подарок вовремя,2024/03/09,6941107954609059
2029944598574,2024/03/02 17:00:29,нАталЬЯ ваСиЛьева,+7(9581)26-55,3,амУНИцИЯ дЛЯ собАК,4,4346.28,453.72,proCessiNG,спасибо за заказ,2024-03-09,8872451759901159
2029944598574,2024/03/02 17:00:29,нАталЬЯ ваСиЛьева,+7(9581)26-55,5,мОлоКо,5,14028.15,971.85,ProcesSINg,спасибо за заказ,2024-03-09,8872451759901159
2029944598574,2024/03/02 17:00:29,нАталЬЯ ваСиЛьева,+7(9581)26-55,5,мОлоКо,5,13674.38,1325.62,ProcESsINg,спасибо за заказ,2024-03-09,8872451759901159
2029944598574,2024/03/02 17:00:29,нАталЬЯ ваСиЛьева,+7(9581)26-55,3,амУниЦИЯ длЯ СобАк,5,5379.26,620.74,ProCesSING,спасибо за заказ,2024-03-09,8872451759901159
2029944597884,09.03.2024 09:16,серГеЙ СИдоРОв,+7(9343)35-67,2,ИГРУШКА мЯч,1,256.7,43.3,CaNceLled,Нужно уточнить сроки,13.03.2024,3174239559370234
2029944597884,09.03.2024 09:16,серГеЙ СИдоРОв,+7(9343)35-67,4,ПОДпИсКА На ГАЗету,2,1021.17,178.83,cANceLLEd,Нужно уточнить сроки,13.03.2024,3174239559370234
2029944597884,09.03.2024 09:16,серГеЙ СИдоРОв,+7(9343)35-67,4,ПодпИСКА На гаЗету,1,550.14,49.86,cANcElLED,Нужно уточнить сроки,13.03.2024,3174239559370234
2029944596607,2024/03/11 22:50:50,СергЕЙ сидоРов,+7(9168)04-09,3,АМуНИцИя ДЛя СобаК,5,5224.22,775.78,PrOCEssiNG,подарок вовремя,2024-03-10,4123544085678517
2029944596607,2024/03/11 22:50:50,СергЕЙ сидоРов,+7(9168)04-09,4,пОДписКа НА ГАЗЕТУ,3,1496.2,303.8,PROCESSING,подарок вовремя,2024-03-10,4123544085678517
2029944596607,2024/03/11 22:50:50,СергЕЙ сидоРов,+7(9168)04-09,4,ПодПИСКа На ГАзЕту,4,2168.63,231.37,ProCESsinG,подарок вовремя,2024-03-10,4123544085678517
2029944596607,2024/03/11 22:50:50,СергЕЙ сидоРов,+7(9168)04-09,5,мОлоКо,4,10076.86,1923.14,pRoCESSiNg,подарок вовремя,2024-03-10,4123544085678517
2029944596607,2024/03/11 22:50:50,СергЕЙ сидоРов,+7(9168)04-09,4,ПОдПИСка на ГаЗЕтУ,1,560.19,39.81,PrOCesSing,подарок вовремя,2024-03-10,4123544085678517
2029944595913,2024-03-02 12:10:21,сергЕЙ СидОРОВ,+7(9756)82-65,3,амуНиция дЛя СОБАк,3,2912.59,687.41,comPleTED,подарок вовремя,2024-03-04,3371798495474941
2029944595913,2024-03-02 12:10:21,сергЕЙ СидОРОВ,+7(9756)82-65,5,МолокО,5,13490.13,1509.87,comPLEtEd,подарок вовремя,2024-03-04,3371798495474941
2029944594270,2024-03-01 10:46:42,дМИТриЙ КУзНеЦов,+7(9476)37-87,5,МоЛОко,4,11193.32,806.68,CompLetEd,Проверить наличие,2024-03-31,8318833023886015
2029944593196,2024/03/25 16:00:57,мАриЯ петрОва,8(9669) 64-22,3,АМуНИцИЯ дЛЯ собАК,5,4972.6,1027.4,caNceLleD,Нужно уточнить сроки,2024/03/26,5630337247902380
2029944592566,2024/03/22 03:00:27,натаЛЬя ВасиЛьева,8(9633) 67-08,4,ПодПиСКа НА ГАЗету,1,508.35,91.65,complEted,Всё отлично!,2024/03/21,6049945967171121
2029944592566,2024/03/22 03:00:27,натаЛЬя ВасиЛьева,8(9633) 67-08,1,КорМ Для сОбак,4,1949.28,50.72,COMPlEteD,Всё отлично!,2024/03/21,6049945967171121
2029944592566,2024/03/22 03:00:27,натаЛЬя ВасиЛьева,8(9633) 67-08,1,корм дЛя сОБак,1,440.99,59.01,COMpleTED,Всё отлично!,2024/03/21,6049945967171121
2029944592566,2024/03/22 03:00:27,натаЛЬя ВасиЛьева,8(9633) 67-08,3,АмУнициЯ ДЛя собАк,5,5896.29,103.71,CoMPlEtEd,Всё отлично!,2024/03/21,6049945967171121
2029944592566,2024/03/22 03:00:27,натаЛЬя ВасиЛьева,8(9633) 67-08,1,кОрМ дЛЯ сОбАК,1,444.29,55.71,comPLETeD,Всё отлично!,2024/03/21,6049945967171121
2029944591260,2024/03/16 02:12:07,анНа сМИРноВА,8(9324) 83-34,1,коРМ дЛя собаК,5,2405.1,94.9,coMplETed,подарок вовремя,2024/03/01,8078989448050720
2029944590927,05.03.2024 22:17,иВаН ИВанов,+7(9648)97-62,4,подпИСКа На ГАЗеТу,3,1557.39,242.61,cOmpLEtEd,спасибо за заказ,2024-03-26,3537970280689720
2029944590927,05.03.2024 22:17,иВаН ИВанов,+7(9648)97-62,1,КоРм ДЛЯ СОБАк,1,492.87,7.13,compLEtED,спасибо за заказ,2024-03-26,3537970280689720
2029944590927,05.03.2024 22:17,иВаН ИВанов,+7(9648)97-62,1,корМ ДлЯ СоБак,3,1262.96,237.04,CoMpLEtED,спасибо за заказ,2024-03-26,3537970280689720
2029944590927,05.03.2024 22:17,иВаН ИВанов,+7(9648)97-62,3,амУнициЯ ДЛЯ СобАк,3,3086.88,513.12,cOMPleTeD,спасибо за заказ,2024-03-26,3537970280689720
2029944589927,2024-03-01 01:47:09,еЛеНа нОВИКоВа,8(9578) 89-94,2,игрУшКа МЯч,3,805.55,94.45,caNceLLed,подарок вовремя,2024/03/24,0776217518197780
2029944589927,2024-03-01 01:47:09,еЛеНа нОВИКоВа,8(9578) 89-94,5,моЛоко,4,11350.99,649.01,CaNCEllEd,подарок вовремя,2024/03/24,0776217518197780
2029944589927,2024-03-01 01:47:09,еЛеНа нОВИКоВа,8(9578) 89-94,3,АМУнИЦИя ДЛЯ СоБак,3,3487.47,112.53,CAnCeLlEd,подарок вовремя,2024/03/24,0776217518197780
2029944589927,2024-03-01 01:47:09,еЛеНа нОВИКоВа,8(9578) 89-94,3,АмУниция дЛя СобАк,3,3238.4,361.6,CAnCeLlED,подарок вовремя,2024/03/24,0776217518197780
2029944588283,2024-03-23 00:12:30,НАТалЬя вАсИльева,+7(9121)81-64,3,амУНИциЯ дЛЯ соБАК,1,1167.3,32.7,prOCESSInG,"Задержка с доставкой, печалька...",2024/03/22,8944305206134413
2029944588283,2024-03-23 00:12:30,НАТалЬя вАсИльева,+7(9121)81-64,4,ПОдпискА На гАзетУ,4,2360.17,39.83,PROCesSING,"Задержка с доставкой, печалька...",2024/03/22,8944305206134413
2029944588283,2024-03-23 00:12:30,НАТалЬя вАсИльева,+7(9121)81-64,4,ПОдпИсКа НА ГАЗеТу,3,1563.15,236.85,ProCessInG,"Задержка с доставкой, печалька...",2024/03/22,8944305206134413
2029944587852,23.03.2024 08:22,НаТАЛья ВАСИЛЬева,+7(9099)02-96,3,АмуниЦИя длЯ сОБАК,1,1048.8,151.2,cANCelLed,спасибо за заказ,2024/03/06,5413511248253387
2029944587852,23.03.2024 08:22,НаТАЛья ВАСИЛЬева,+7(9099)02-96,4,ПОДПИсКа На гАзЕту,4,2301.54,98.46,canCelled,спасибо за заказ,2024/03/06,5413511248253387
2029944587852,23.03.2024 08:22,НаТАЛья ВАСИЛЬева,+7(9099)02-96,2,игРУшка мяЧ,2,500.03,99.97,cANcElleD,спасибо за заказ,2024/03/06,5413511248253387
2029944587852,23.03.2024 08:22,НаТАЛья ВАСИЛЬева,+7(9099)02-96,2,ИГрушкА Мяч,2,513.43,86.57,CAncElLed,спасибо за заказ,2024/03/06,5413511248253387
2029944587852,23.03.2024 08:22,НаТАЛья ВАСИЛЬева,+7(9099)02-96,3,амуНициЯ ДЛЯ собАк,4,4254.28,545.72,cancElLeD,спасибо за заказ,2024/03/06,5413511248253387
2029944586172,2024-03-04 03:04:16,МихаИЛ орлов,+7 9090 60 89,1,КОРм ДЛЯ СоБАК,2,964.76,35.24,CAnCeLlED,Ждём с нетерпением!,2024-03-28,6753443619047974
2029944586172,2024-03-04 03:04:16,МихаИЛ орлов,+7 9090 60 89,3,АмУнИЦИя дЛя СОБАК,3,3241.89,358.11,cANCellEd,Ждём с нетерпением!,2024-03-28,6753443619047974
2029944586172,2024-03-04 03:04:16,МихаИЛ орлов,+7 9090 60 89,3,амУНицИя дЛя собаК,3,3508.36,91.64,cANcELLed,Ждём с нетерпением!,2024-03-28,6753443619047974
2029944585867,2024-03-18 00:13:28,АЛЕКсеЙ МИХАЙлОВ,+7 9457 25 49,5,МОлОКо,5,12913.91,2086.09,CANceLLed,подарок вовремя,2024/03/05,0967431982521925
2029944585867,2024-03-18 00:13:28,АЛЕКсеЙ МИХАЙлОВ,+7 9457 25 49,2,иГРУшКа мЯЧ,1,272.88,27.12,cancellED,подарок вовремя,2024/03/05,0967431982521925
2029944585867,2024-03-18 00:13:28,АЛЕКсеЙ МИХАЙлОВ,+7 9457 25 49,4,ПОдПИсКА нА ГазЕТУ,2,963.95,236.05,CaNcEllED,подарок вовремя,2024/03/05,0967431982521925
2029944584987,2024-03-20 18:58:45,АлеКсЕЙ МиХайЛОВ,+7(9247)65-12,5,мОЛоко,2,5437.46,562.54,COMPlEted,Ждём с нетерпением!,2024/03/27,8442582096674501
2029944584987,2024-03-20 18:58:45,АлеКсЕЙ МиХайЛОВ,+7(9247)65-12,5,МоЛОКо,1,2441.26,558.74,cOmpLEtED,Ждём с нетерпением!,2024/03/27,8442582096674501
2029944584987,2024-03-20 18:58:45,АлеКсЕЙ МиХайЛОВ,+7(9247)65-12,4,пОДпИСКа НА гАЗетУ,1,527.52,72.48,compLETed,Ждём с нетерпением!,2024/03/27,8442582096674501
2029944584987,2024-03-20 18:58:45,АлеКсЕЙ МиХайЛОВ,+7(9247)65-12,3,амуНиЦИя ДЛя собаК,5,5848.86,151.14,COmpLeTED,Ждём с нетерпением!,2024/03/27,8442582096674501
2029944584987,2024-03-20 18:58:45,АлеКсЕЙ МиХайЛОВ,+7(9247)65-12,1,КоРм дЛя сОбАК,1,482.39,17.61,ComPleted,Ждём с нетерпением!,2024/03/27,8442582096674501
2029944583478,2024-03-27 19:37:33,МиХАиЛ орлов,8(9978) 17-28,5,моЛоКО,3,8940.66,59.34,CaNCeLLeD,Нужно уточнить сроки,23.03.2024,5057916194977099
2029944583478,2024-03-27 19:37:33,МиХАиЛ орлов,8(9978) 17-28,2,ИгрУШКА мЯЧ,5,1481.24,18.76,cANCELled,Нужно уточнить сроки,23.03.2024,5057916194977099
2029944582160,2024-03-01 20:44:37,ОлЬГа КУзНЕцоВа,+7 9485 63 60,3,амуНИция ДЛя сОБАК,5,5737.13,262.87,pRocESSINg,Нужно уточнить сроки,2024-03-04,3581970478902794
2029944582160,2024-03-01 20:44:37,ОлЬГа КУзНЕцоВа,+7 9485 63 60,2,игРУшКа МЯЧ,5,1362.95,137.05,pROceSSInG,Нужно уточнить сроки,2024-03-04,3581970478902794
2029944582160,2024-03-01 20:44:37,ОлЬГа КУзНЕцоВа,+7 9485 63 60,5,молОко,1,2710.72,289.28,ProcEsSING,Нужно уточнить сроки,2024-03-04,3581970478902794
2029944582160,2024-03-01 20:44:37,ОлЬГа КУзНЕцоВа,+7 9485 63 60,5,МолОКО,5,13911.17,1088.83,PRoceSsInG,Нужно уточнить сроки,2024-03-04,3581970478902794
2029944581717,2024-03-04 10:28:02,алЕКсЕЙ мИхайлов,+7 9227 82 15,2,ИгРушка мЯЧ,1,260.92,39.08,CompLeTEd,Проверить наличие,2024-03-23,1072809856770685
2029944581717,2024-03-04 10:28:02,алЕКсЕЙ мИхайлов,+7 9227 82 15,4,ПоДпИсКА НА гАЗеТу,4,1987.76,412.24,ComPLetED,Проверить наличие,2024-03-23,1072809856770685
2029944581717,2024-03-04 10:28:02,алЕКсЕЙ мИхайлов,+7 9227 82 15,4,поДПиСКа нА ГаЗЕТУ,5,2638.1,361.9,COMPLeTEd,Проверить наличие,2024-03-23,1072809856770685
2029944581717,2024-03-04 10:28:02,алЕКсЕЙ мИхайлов,+7 9227 82 15,5,МоЛоко,3,7763.87,1236.13,COmPLetEd,Проверить наличие,2024-03-23,1072809856770685
2029944580316,2024/03/02 17:55:47,серГЕй сИДорОВ,8(9500) 71-33,5,МОлокО,2,4843.56,1156.44,CANCelLEd,Всё отлично!,26.03.2024,0150147751530488
2029944580316,2024/03/02 17:55:47,серГЕй сИДорОВ,8(9500) 71-33,1,кОРм ДЛЯ соБак,5,2106.61,393.39,CAncElLeD,Всё отлично!,26.03.2024,0150147751530488
2029944580316,2024/03/02 17:55:47,серГЕй сИДорОВ,8(9500) 71-33,3,амУниЦИя Для СоБаК,5,5732.94,267.06,CANCElLED,Всё отлично!,26.03.2024,0150147751530488
2029944580316,2024/03/02 17:55:47,серГЕй сИДорОВ,8(9500) 71-33,4,ПодПиСка На гАзету,5,2641.75,358.25,canCEllED,Всё отлично!,26.03.2024,0150147751530488
2029944579286,2024-03-25 09:24:57,МаРия пеТрОВа,+7(9024)16-67,2,ИгрушкА мяЧ,3,763.57,136.43,prOCeSSiNg,спасибо за заказ,2024/03/04,0942637436245763
2029944579286,2024-03-25 09:24:57,МаРия пеТрОВа,+7(9024)16-67,1,коРМ ДлЯ СОБАк,1,495.02,4.98,pROcEsSINg,спасибо за заказ,2024/03/04,0942637436245763
2029944579286,2024-03-25 09:24:57,МаРия пеТрОВа,+7(9024)16-67,2,игРУШКа МяЧ,1,296.01,3.99,PrOcesSInG,спасибо за заказ,2024/03/04,0942637436245763
2029944579286,2024-03-25 09:24:57,МаРия пеТрОВа,+7(9024)16-67,4,пОдпИска нА гАзЕТУ,5,2881.31,118.69,pRoCeSSING,спасибо за заказ,2024/03/04,0942637436245763
2029944578593,22.03.2024 02:19,алекСей МихАйЛОв,8(9339) 87-81,5,МОлОКо,3,8455.3,544.7,cANCELlEd,спасибо за заказ,2024-03-26,9419076253330454
2029944578593,22.03.2024 02:19,алекСей МихАйЛОв,8(9339) 87-81,5,МолоКО,3,8601.0,399.0,CanCELlED,спасибо за заказ,2024-03-26,9419076253330454
2029944577442,2024-03-08 09:37:13,ИваН иВАНОВ,+7(9113)58-48,2,игРУШКА МЯЧ,2,594.25,5.75,CoMPlEtEd,"Задержка с доставкой, печалька...",2024/03/26,5386305852274915
2029944577442,2024-03-08 09:37:13,ИваН иВАНОВ,+7(9113)58-48,2,иГРУшкА мЯч,2,512.46,87.54,cOMplETED,"Задержка с доставкой, печалька...",2024/03/26,5386305852274915
2029944577442,2024-03-08 09:37:13,ИваН иВАНОВ,+7(9113)58-48,3,амУницИя дЛЯ соБак,1,1167.97,32.03,comPLEteD,"Задержка с доставкой, печалька...",2024/03/26,5386305852274915
2029944577442,2024-03-08 09:37:13,ИваН иВАНОВ,+7(9113)58-48,4,подпиСКа на гаЗету,1,536.9,63.1,cOmpleTed,"Задержка с доставкой, печалька...",2024/03/26,5386305852274915
2029944577442,2024-03-08 09:37:13,ИваН иВАНОВ,+7(9113)58-48,2,иГрУШка МЯЧ,5,1447.49,52.51,ComPleteD,"Задержка с доставкой, печалька...",2024/03/26,5386305852274915
2029944576297,07.03.2024 20:09,сЕрГей СиДОРов,+7(9089)31-47,1,КоРМ ДЛЯ СОбаК,4,1869.92,130.08,PROCESsiNG,спасибо за заказ,09.03.2024,2188395750999342
2029944576297,07.03.2024 20:09,сЕрГей СиДОРов,+7(9089)31-47,2,иГрУШКА мЯЧ,2,483.22,116.78,pROCeSsiNg,спасибо за заказ,09.03.2024,2188395750999342
2029944831705,08.03.2024 12:02,ЕлЕНА нОВикОвА,+7(9732)32-18,3,АМуНИцИя для СоБАК,1,1159.25,40.75,PRoCESsiNG,Нужно уточнить сроки,2024-03-22,4458648327408878
2029944831705,08.03.2024 12:02,ЕлЕНА нОВикОвА,+7(9732)32-18,5,МоЛОКО,1,2561.96,438.04,PRoCesSIng,Нужно уточнить сроки,2024-03-22,4458648327408878
2029944831705,08.03.2024 12:02,ЕлЕНА нОВикОвА,+7(9732)32-18,3,аМУНиЦия для соБАк,3,3055.6,544.4,PrOceSsIng,Нужно уточнить сроки,2024-03-22,4458648327408878
2029944831705,08.03.2024 12:02,ЕлЕНА нОВикОвА,+7(9732)32-18,5,моЛокО,3,8523.52,476.48,proceSSinG,Нужно уточнить сроки,2024-03-22,4458648327408878
2029944831705,08.03.2024 12:02,ЕлЕНА нОВикОвА,+7(9732)32-18,3,амуниЦия ДлЯ сОбАК,2,2181.1,218.9,PROCESSInG,Нужно уточнить сроки,2024-03-22,4458648327408878
2029944830387,10.03.2024 11:26,дмИТрИЙ КуЗНЕЦОВ,8(9901) 41-26,1,Корм Для СОбАК,1,442.91,57.09,coMpleTEd,Проверить наличие,2024-03-11,6530137717376378
2029944829603,2024-03-29 22:13:23,АЛексЕй МихАйлов,8(9931) 09-20,5,МоЛоКо,3,7497.72,1502.28,cOMplETEd,подарок вовремя,2024-03-14,5940327360062902
2029944828640,2024/03/02 04:18:51,еЛЕна ноВИКОВА,+7 9129 62 61,5,моЛоко,5,13401.64,1598.36,PRocEssing,подарок вовремя,2024-03-03,3628171965771917
2029944827783,2024/03/22 13:49:48,НАтАльЯ ВасилЬева,8(9687) 87-32,4,ПОДПИскА на ГАЗеТУ,3,1530.49,269.51,PrOCESsing,Нужно уточнить сроки,2024-03-07,9116703565080670
2029944827783,2024/03/22 13:49:48,НАтАльЯ ВасилЬева,8(9687) 87-32,2,ИГрушКа мЯч,4,972.36,227.64,proceSsiNG,Нужно уточнить сроки,2024-03-07,9116703565080670
2029944826269,10.03.2024 17:14,дМитРИЙ КУзНеЦов,+7 9677 20 22,1,КОРМ для СОбАК,4,1736.61,263.39,pRoCessInG,Всё отлично!,15.03.2024,8476402075176628
2029944826269,10.03.2024 17:14,дМитРИЙ КУзНеЦов,+7 9677 20 22,1,коРМ ДЛя сОбаК,1,456.47,43.53,pROcEsSing,Всё отлично!,15.03.2024,8476402075176628
2029944826269,10.03.2024 17:14,дМитРИЙ КУзНеЦов,+7 9677 20 22,1,кОрм ДЛЯ сОбАК,5,2156.92,343.08,PROCESsiNg,Всё отлично!,15.03.2024,8476402075176628
2029944825249,2024/03/28 10:12:37,АннА смирНовА,8(9612) 12-74,3,амуНИцИя дЛЯ собаК,4,4660.97,139.03,PRoCESsing,"Задержка с доставкой, печалька...",2024-03-15,9339160933340079
2029944825249,2024/03/28 10:12:37,АннА смирНовА,8(9612) 12-74,1,КорМ длЯ сОБАк,5,2347.17,152.83,PRocESSING,"Задержка с доставкой, печалька...",2024-03-15,9339160933340079
2029944825249,2024/03/28 10:12:37,АннА смирНовА,8(9612) 12-74,1,кОрМ дЛЯ сОбаК,1,441.08,58.92,PrOCEssiNg,"Задержка с доставкой, печалька...",2024-03-15,9339160933340079
2029944825249,2024/03/28 10:12:37,АннА смирНовА,8(9612) 12-74,3,аМУНИЦИЯ ДЛЯ сОБАК,1,1086.12,113.88,pRocESsiNg,"Задержка с доставкой, печалька...",2024-03-15,9339160933340079
2029944825249,2024/03/28 10:12:37,АннА смирНовА,8(9612) 12-74,1,корм для сОБАК,4,1622.43,377.57,pROCESsInG,"Задержка с доставкой, печалька...",2024-03-15,9339160933340079
2029944824310,19.03.2024 20:52,анНА СМиРнОва,8(9888) 83-99,2,ИгРушка мяЧ,3,854.35,45.65,PRocEsSinG,Нужно уточнить сроки,2024/03/12,7769560961712619
2029944824310,19.03.2024 20:52,анНА СМиРнОва,8(9888) 83-99,2,ИГруШка Мяч,3,812.72,87.28,PrOCESsInG,Нужно уточнить сроки,2024/03/12,7769560961712619
2029944824310,19.03.2024 20:52,анНА СМиРнОва,8(9888) 83-99,3,АмуНицИЯ дЛЯ СОБаК,3,3191.92,408.08,PRoCeSsiNg,Нужно уточнить сроки,2024/03/12,7769560961712619
2029944823231,2024-03-12 09:47:58,аЛЕКсЕЙ МиХАйЛОв,+7(9410)97-10,1,корм ДлЯ СоБАК,5,2155.03,344.97,CancELled,Всё отлично!,19.03.2024,6931455477915766
2029944823231,2024-03-12 09:47:58,аЛЕКсЕЙ МиХАйЛОв,+7(9410)97-10,2,игрУШКа МЯч,5,1446.94,53.06,CaNceLled,Всё отлично!,19.03.2024,6931455477915766
2029944823231,2024-03-12 09:47:58,аЛЕКсЕЙ МиХАйЛОв,+7(9410)97-10,4,пОдПИсКа нА ГазЕтУ,2,1142.46,57.54,cAnCelleD,Всё отлично!,19.03.2024,6931455477915766
2029944823231,2024-03-12 09:47:58,аЛЕКсЕЙ МиХАйЛОв,+7(9410)97-10,1,КОрм ДлЯ СОбак,1,435.04,64.96,canCelLeD,Всё отлично!,19.03.2024,6931455477915766
2029944823231,2024-03-12 09:47:58,аЛЕКсЕЙ МиХАйЛОв,+7(9410)97-10,2,ИГруШКа мяч,2,546.83,53.17,CAnCELlEd,Всё отлично!,19.03.2024,6931455477915766
2029944822643,2024-03-16 03:06:08,МИхаиЛ ОРЛов,+7 9216 09 08,5,моЛокО,1,2993.95,6.05,coMPletEd,Ждём с нетерпением!,08.03.2024,5509802795690306
2029944822643,2024-03-16 03:06:08,МИхаиЛ ОРЛов,+7 9216 09 08,2,игРуШкА мЯч,1,293.37,6.63,coMPlETeD,Ждём с нетерпением!,08.03.2024,5509802795690306
2029944822643,2024-03-16 03:06:08,МИхаиЛ ОРЛов,+7 9216 09 08,5,моЛокО,3,7916.43,1083.57,cOMplETeD,Ждём с нетерпением!,08.03.2024,5509802795690306
2029944822643,2024-03-16 03:06:08,МИхаиЛ ОРЛов,+7 9216 09 08,3,АМУницИЯ длЯ сОбак,1,1052.14,147.86,COMpLetED,Ждём с нетерпением!,08.03.2024,5509802795690306
2029944822643,2024-03-16 03:06:08,МИхаиЛ ОРЛов,+7 9216 09 08,1,КОРМ ДЛЯ СобАк,1,401.67,98.33,cOMpLEted,Ждём с нетерпением!,08.03.2024,5509802795690306
2029944821289,2024-03-16 12:17:30,НАталЬЯ вАсиЛЬЕва,+7 9219 63 84,1,КОРм длЯ СоБАК,3,1416.45,83.55,CaNceLLeD,Проверить наличие,2024-03-11,3343416993311231
2029944821289,2024-03-16 12:17:30,НАталЬЯ вАсиЛЬЕва,+7 9219 63 84,1,КОрм ДлЯ СобаК,3,1298.67,201.33,CAnceLLEd,Проверить наличие,2024-03-11,3343416993311231
2029944821289,2024-03-16 12:17:30,НАталЬЯ вАсиЛЬЕва,+7 9219 63 84,1,КорМ дЛЯ СОБАК,3,1487.77,12.23,cancElLEd,Проверить наличие,2024-03-11,3343416993311231
2029944821289,2024-03-16 12:17:30,НАталЬЯ вАсиЛЬЕва,+7 9219 63 84,4,поДПИСКА нА газЕту,1,589.0,11.0,CAncelLEd,Проверить наличие,2024-03-11,3343416993311231
2029944820424,2024/03/05 13:50:49,ольГа КуЗНЕцОва,+7 9056 38 14,5,моЛОко,2,5600.37,399.63,pRocessIng,Проверить наличие,2024/03/20,2873717805068602
2029944820424,2024/03/05 13:50:49,ольГа КуЗНЕцОва,+7 9056 38 14,3,амУниЦИя длЯ сОбАК,4,4412.53,387.47,PROCeSsIng,Проверить наличие,2024/03/20,2873717805068602
2029944820424,2024/03/05 13:50:49,ольГа КуЗНЕцОва,+7 9056 38 14,2,ИгРуШКа мЯч,2,511.57,88.43,PROcessINg,Проверить наличие,2024/03/20,2873717805068602
2029944819712,06.03.2024 16:33,ОЛьга КУзнЕЦОвА,+7(9940)82-81,2,игрУШКА МЯЧ,4,966.2,233.8,proCeSSiNG,Ждём с нетерпением!,2024/03/11,0539238676194190
2029944818904,2024-03-11 10:28:18,дмитриЙ кУЗнЕЦоВ,+7 9100 64 00,5,МОЛОко,2,5824.0,176.0,cOMpLETEd,спасибо за заказ,2024/03/18,8721543220421306
2029944818904,2024-03-11 10:28:18,дмитриЙ кУЗнЕЦоВ,+7 9100 64 00,2,иГрУШКА мЯЧ,3,884.74,15.26,COmpLeTED,спасибо за заказ,2024/03/18,8721543220421306
2029944817414,28.03.2024 12:36,аНна сМиРНовА,8(9138) 54-63,3,амуНиЦИЯ дЛЯ СОБаК,5,5016.58,983.42,caNCElLED,Нужно уточнить сроки,2024-03-01,4138947545865054
2029944817414,28.03.2024 12:36,аНна сМиРНовА,8(9138) 54-63,5,МОЛОКо,3,8100.19,899.81,caNceLLEd,Нужно уточнить сроки,2024-03-01,4138947545865054
2029944817414,28.03.2024 12:36,аНна сМиРНовА,8(9138) 54-63,2,иГРушКа мяч,4,1038.65,161.35,caNceLLeD,Нужно уточнить сроки,2024-03-01,4138947545865054
2029944816540,2024/03/16 17:10:30,алЕкСеЙ МихаЙЛоВ,+7 9864 28 48,2,ИГРуШКА мЯч,2,553.08,46.92,coMplETED,"Задержка с доставкой, печалька...",2024-03-12,8626609601133461
2029944815695,11.03.2024 08:09,наТаЛЬя ВАСИЛЬЕва,8(9727) 41-44,3,АМунИцИя ДЛя собак,2,2258.27,141.73,PrOcessINg,спасибо за заказ,2024-03-02,6241168459545567
2029944815695,11.03.2024 08:09,наТаЛЬя ВАСИЛЬЕва,8(9727) 41-44,1,КОрМ ДЛя СобАк,4,1989.76,10.24,ProCeSsiNg,спасибо за заказ,2024-03-02,6241168459545567
2029944815695,11.03.2024 08:09,наТаЛЬя ВАСИЛЬЕва,8(9727) 41-44,3,АМУницИя ДЛя СОБАК,2,2161.05,238.95,proCEssinG,спасибо за заказ,2024-03-02,6241168459545567
2029944815695,11.03.2024 08:09,наТаЛЬя ВАСИЛЬЕва,8(9727) 41-44,3,амуНиЦия ДЛя соБаК,5,5450.76,549.24,PROcEsSiNg,спасибо за заказ,2024-03-02,6241168459545567
2029944815695,11.03.2024 08:09,наТаЛЬя ВАСИЛЬЕва,8(9727) 41-44,3,АМУнИция ДлЯ СобАк,2,2251.65,148.35,PRoCeSSING,спасибо за заказ,2024-03-02,6241168459545567
2029944814624,17.03.2024 01:28,ДМиТрИй кУЗнЕЦов,+7(9140)63-60,1,коРм дЛЯ соБак,2,819.2,180.8,PrOCESsiNG,"Задержка с доставкой, печалька...",2024/03/11,3649382385208907
2029944814624,17.03.2024 01:28,ДМиТрИй кУЗнЕЦов,+7(9140)63-60,4,пОдпиСкА На ГАзЕтУ,1,539.15,60.85,pRoCeSsiNG,"Задержка с доставкой, печалька...",2024/03/11,3649382385208907
2029944814624,17.03.2024 01:28,ДМиТрИй кУЗнЕЦов,+7(9140)63-60,1,корМ для собАК,1,449.67,50.33,PRocesSinG,"Задержка с доставкой, печалька...",2024/03/11,3649382385208907
2029944814624,17.03.2024 01:28,ДМиТрИй кУЗнЕЦов,+7(9140)63-60,2,ИгрУШКа мЯч,5,1384.81,115.19,pRoCeSsINg,"Задержка с доставкой, печалька...",2024/03/11,3649382385208907
2029944813274,04.03.2024 02:29,наТАлЬя ваСИЛЬЕВА,+7 9014 11 70,3,амУнИЦиЯ дЛЯ соБАК,3,2955.6,644.4,canCElleD,Ждём с нетерпением!,2024/03/19,2069388457837736
2029944813274,04.03.2024 02:29,наТАлЬя ваСИЛЬЕВА,+7 9014 11 70,4,ПоДпИСКа На ГаЗеТУ,3,1607.04,192.96,cAncellED,Ждём с нетерпением!,2024/03/19,2069388457837736
2029944812294,13.03.2024 20:10,марИя пЕТРОВа,+7 9678 08 52,2,игРУшКа мяч,1,261.96,38.04,ProCeSsING,Всё отлично!,2024-03-15,7373108298970452
2029944812294,13.03.2024 20:10,марИя пЕТРОВа,+7 9678 08 52,1,корм длЯ Собак,2,920.54,79.46,procESsinG,Всё отлично!,2024-03-15,7373108298970452
2029944811953,2024-03-09 08:00:55,сеРГеЙ СИДОрОв,+7 9567 85 16,5,МОлОкО,3,8640.49,359.51,pROcESSInG,подарок вовремя,06.03.2024,6137469475459232
2029944810225,2024-03-29 04:46:32,оЛьга КУзнЕцОВа,8(9892) 97-89,5,мОЛокО,2,5105.1,894.9,CanCelleD,"Задержка с доставкой, печалька...",28.03.2024,6511234069198249
2029944810225,2024-03-29 04:46:32,оЛьга КУзнЕцОВа,8(9892) 97-89,5,молОко,5,13770.64,1229.36,CANCELLeD,"Задержка с доставкой, печалька...",28.03.2024,6511234069198249
2029944810225,2024-03-29 04:46:32,оЛьга КУзнЕцОВа,8(9892) 97-89,1,коРМ длЯ СОБак,3,1393.6,106.4,caNcELLED,"Задержка с доставкой, печалька...",28.03.2024,6511234069198249
2029944810225,2024-03-29 04:46:32,оЛьга КУзнЕцОВа,8(9892) 97-89,1,корм дЛЯ СОБАк,4,1805.53,194.47,caNCelLEd,"Задержка с доставкой, печалька...",28.03.2024,6511234069198249
2029944810225,2024-03-29 04:46:32,оЛьга КУзнЕцОВа,8(9892) 97-89,2,ИгрУШКа мЯч,1,265.67,34.33,cANcELLeD,"Задержка с доставкой, печалька...",28.03.2024,6511234069198249
2029944809984,2024-03-18 05:52:02,АЛЕксеЙ мИХаЙЛоВ,8(9572) 38-03,1,КОрм длЯ сОБАК,4,1867.35,132.65,proCEssiNg,Ждём с нетерпением!,2024-03-06,3285862966078889
2029944809984,2024-03-18 05:52:02,АЛЕксеЙ мИХаЙЛоВ,8(9572) 38-03,2,иГРУШКА мяч,1,270.2,29.8,prOCessING,Ждём с нетерпением!,2024-03-06,3285862966078889
2029944809984,2024-03-18 05:52:02,АЛЕксеЙ мИХаЙЛоВ,8(9572) 38-03,3,аМуНИЦИЯ для соБАК,3,3143.73,456.27,PrOCESsing,Ждём с нетерпением!,2024-03-06,3285862966078889
2029944809984,2024-03-18 05:52:02,АЛЕксеЙ мИХаЙЛоВ,8(9572) 38-03,5,молОКО,1,2641.27,358.73,PROcessINg,Ждём с нетерпением!,2024-03-06,3285862966078889
2029944808332,2024/03/20 19:20:43,ольГа КуЗнецова,8(9557) 17-86,1,КОРМ ДЛя сОБАк,3,1223.9,276.1,cOMpletED,Нужно уточнить сроки,2024/03/08,8454472849490116
2029944808332,2024/03/20 19:20:43,ольГа КуЗнецова,8(9557) 17-86,1,КОРм дЛЯ СОбАК,5,2185.82,314.18,CompletED,Нужно уточнить сроки,2024/03/08,8454472849490116
2029944808332,2024/03/20 19:20:43,ольГа КуЗнецова,8(9557) 17-86,5,МОлоКО,1,2597.86,402.14,compLEted,Нужно уточнить сроки,2024/03/08,8454472849490116
2029944808332,2024/03/20 19:20:43,ольГа КуЗнецова,8(9557) 17-86,5,МоЛокО,1,2740.76,259.24,comPLeTEd,Нужно уточнить сроки,2024/03/08,8454472849490116
2029944808332,2024/03/20 19:20:43,ольГа КуЗнецова,8(9557) 17-86,5,МоЛОкО,3,8745.12,254.88,cOMpLetED,Нужно уточнить сроки,2024/03/08,8454472849490116
2029944807495,2024/03/14 20:17:15,елЕНА НовИКОВа,8(9252) 59-79,4,поДпИска НА газеТу,3,1701.45,98.55,CanCELLEd,"Задержка с доставкой, печалька...",25.03.2024,0999697216664285
2029944806643,2024-03-06 05:52:08,ДмИтрий куЗНеЦоВ,+7(9316)76-31,5,мОЛОкО,2,5098.6,901.4,ComPLeTEd,Всё отлично!,2024/03/20,0897488847431869
2029944805181,25.03.2024 06:10,иВан ИВаНОВ,8(9378) 76-73,4,пОдПИСКА на гАЗеТУ,4,2129.84,270.16,cANCeLLeD,Всё отлично!,2024-03-10,7253504521256937
2029944804376,17.03.2024 23:51,ОльГА КузНеЦоВа,8(9317) 55-66,5,мОЛОкО,3,7958.25,1041.75,coMPlEted,"Задержка с доставкой, печалька...",30.03.2024,6547527647644120
2029944804376,17.03.2024 23:51,ОльГА КузНеЦоВа,8(9317) 55-66,2,ИГруШКа мЯЧ,4,962.31,237.69,cOmpLETEd,"Задержка с доставкой, печалька...",30.03.2024,6547527647644120
2029944804376,17.03.2024 23:51,ОльГА КузНеЦоВа,8(9317) 55-66,4,поДПИскА НА ГаЗетУ,2,1065.78,134.22,CoMpletEd,"Задержка с доставкой, печалька...",30.03.2024,6547527647644120
2029944804376,17.03.2024 23:51,ОльГА КузНеЦоВа,8(9317) 55-66,4,ПОДПИсКА нА гаЗЕтУ,3,1622.84,177.16,ComPleTed,"Задержка с доставкой, печалька...",30.03.2024,6547527647644120
2029944804376,17.03.2024 23:51,ОльГА КузНеЦоВа,8(9317) 55-66,1,кОРМ ДЛя собАк,4,1868.7,131.3,COmPLeTed,"Задержка с доставкой, печалька...",30.03.2024,6547527647644120
2029944803480,2024-03-30 20:04:39,елена НОвикоВа,8(9849) 31-58,1,КОРм ДлЯ собАК,1,467.31,32.69,caNceLled,"Задержка с доставкой, печалька...",26.03.2024,0469461937932286
2029944802128,2024/03/21 18:21:18,ОЛЬгА куЗНеЦова,+7 9868 35 08,4,пОДПиСКа нА ГАЗеТУ,3,1732.31,67.69,cANcElLEd,Проверить наличие,12.03.2024,3077197877591479
2029944802128,2024/03/21 18:21:18,ОЛЬгА куЗНеЦова,+7 9868 35 08,5,МоЛОКо,1,2731.33,268.67,canCELlED,Проверить наличие,12.03.2024,3077197877591479
2029944802128,2024/03/21 18:21:18,ОЛЬгА куЗНеЦова,+7 9868 35 08,3,АмуниЦИя ДЛЯ собАк,1,1187.58,12.42,CAncelleD,Проверить наличие,12.03.2024,3077197877591479
2029944801829,23.03.2024 13:09,СЕРГЕй сидоРОв,+7(9374)52-04,2,ИГРуШка мЯЧ,3,723.91,176.09,Cancelled,спасибо за заказ,2024/03/06,0080691570984633
2029944801829,23.03.2024 13:09,СЕРГЕй сидоРОв,+7(9374)52-04,3,АмУницИЯ ДЛЯ СОБАК,3,3502.25,97.75,caNceLlED,спасибо за заказ,2024/03/06,0080691570984633
2029944800376,11.03.2024 20:14,НатаЛья ВаСилЬЕвА,8(9208) 05-07,1,коРМ дЛЯ СОБАК,2,849.46,150.54,CoMPlEtEd,Всё отлично!,2024/03/11,4594022949319980
2029944800376,11.03.2024 20:14,НатаЛья ВаСилЬЕвА,8(9208) 05-07,5,мОЛОКо,2,4903.35,1096.65,ComPLETed,Всё отлично!,2024/03/11,4594022949319980
2029944800376,11.03.2024 20:14,НатаЛья ВаСилЬЕвА,8(9208) 05-07,4,ПодписКА На гаЗетУ,3,1756.64,43.36,cOmplEtEd,Всё отлично!,2024/03/11,4594022949319980
2029944800376,11.03.2024 20:14,НатаЛья ВаСилЬЕвА,8(9208) 05-07,1,КОрМ дЛя СобаК,1,486.74,13.26,COmpleTED,Всё отлично!,2024/03/11,4594022949319980
2029944800376,11.03.2024 20:14,НатаЛья ВаСилЬЕвА,8(9208) 05-07,2,иГруШКА мЯЧ,2,543.75,56.25,compleTeD,Всё отлично!,2024/03/11,4594022949319980
2029944799268,2024-03-02 21:29:05,МихАиЛ оРЛОВ,+7 9051 49 83,1,корм ДлЯ сОБАК,4,1659.08,340.92,caNCElLEd,подарок вовремя,2024/03/22,3517014539346163
2029944799268,2024-03-02 21:29:05,МихАиЛ оРЛОВ,+7 9051 49 83,2,игрУШкА МЯч,2,489.95,110.05,CAnceLlED,подарок вовремя,2024/03/22,3517014539346163
2029944799268,2024-03-02 21:29:05,МихАиЛ оРЛОВ,+7 9051 49 83,1,Корм дЛЯ соБАк,2,834.75,165.25,CanceLLEd,подарок вовремя,2024/03/22,3517014539346163
2029944799268,2024-03-02 21:29:05,МихАиЛ оРЛОВ,+7 9051 49 83,5,МОлоКО,2,5886.4,113.6,CanCelLED,подарок вовремя,2024/03/22,3517014539346163
2029944798690,2024/03/04 16:44:14,олЬгА КуЗНеЦОВА,8(9457) 58-72,1,кОрм дЛЯ СоБАк,5,2437.86,62.14,pRocESsinG,Проверить наличие,2024/03/18,8304549731484215
2029944797306,17.03.2024 01:52,дМиТриЙ КУЗнЕцОВ,+7 9932 30 94,5,молоко,2,4866.11,1133.89,cancElLed,Всё отлично!,2024/03/06,2552429846174512
2029944797306,17.03.2024 01:52,дМиТриЙ КУЗнЕцОВ,+7 9932 30 94,2,иГрУШКА мЯЧ,3,864.48,35.52,CaNCeLLeD,Всё отлично!,2024/03/06,2552429846174512
2029944796266,2024-03-29 03:22:29,Иван ИВаНов,8(9271) 26-17,1,корм ДЛя СОбАК,5,2084.56,415.44,ProceSSinG,"Задержка с доставкой, печалька...",18.03.2024,4215438750919170
2029944795666,2024-03-31 10:03:41,дМИТриЙ куЗНеЦоВ,+7 9062 92 29,5,МолоКо,4,11574.99,425.01,CANCELLeD,Проверить наличие,02.03.2024,3812635549619044
2029944795666,2024-03-31 10:03:41,дМИТриЙ куЗНеЦоВ,+7 9062 92 29,3,АмУниЦия дЛя соБак,4,4153.32,646.68,CaNCElleD,Проверить наличие,02.03.2024,3812635549619044
2029944795666,2024-03-31 10:03:41,дМИТриЙ куЗНеЦоВ,+7 9062 92 29,3,аМУНИЦИЯ дЛЯ СоБАК,3,2997.49,602.51,CANcelleD,Проверить наличие,02.03.2024,3812635549619044
2029944794133,21.03.2024 03:10,аннА сМирНова,+7 9930 17 64,5,моЛоКО,5,13299.47,1700.53,CaNcellEd,спасибо за заказ,2024-03-29,5586346003406988
2029944794133,21.03.2024 03:10,аннА сМирНова,+7 9930 17 64,1,КОрМ дЛя СобаК,1,439.01,60.99,cAncelled,спасибо за заказ,2024-03-29,5586346003406988
2029944794133,21.03.2024 03:10,аннА сМирНова,+7 9930 17 64,4,ПОдПИСКА На Газету,4,2149.1,250.9,cANCelleD,спасибо за заказ,2024-03-29,5586346003406988
2029944794133,21.03.2024 03:10,аннА сМирНова,+7 9930 17 64,1,корм Для сОБАК,4,1704.43,295.57,CAnceLLEd,спасибо за заказ,2024-03-29,5586346003406988
2029944793813,2024-03-15 11:59:22,АЛеКсей МИхАйлов,8(9273) 43-84,4,пОдписка На гАзЕТу,3,1471.92,328.08,CanCELLed,Проверить наличие,2024-03-27,5753835784251434
2029944793813,2024-03-15 11:59:22,АЛеКсей МИхАйлов,8(9273) 43-84,5,МОЛоко,1,2425.67,574.33,cAnCeLLeD,Проверить наличие,2024-03-27,5753835784251434
2029944793813,2024-03-15 11:59:22,АЛеКсей МИхАйлов,8(9273) 43-84,1,кОРм Для СобАК,4,1653.37,346.63,cANCeLlEd,Проверить наличие,2024-03-27,5753835784251434
2029944792893,28.03.2024 23:04,АлЕксЕЙ МИхаЙлоВ,8(9290) 96-79,3,аМуНИЦия для СОБАК,1,1117.93,82.07,ProcESSiNG,Нужно уточнить сроки,22.03.2024,2028528924922488
2029944792893,28.03.2024 23:04,АлЕксЕЙ МИхаЙлоВ,8(9290) 96-79,4,пОдПиСка нА газету,4,2261.34,138.66,pROCeSSInG,Нужно уточнить сроки,22.03.2024,2028528924922488
2029944792893,28.03.2024 23:04,АлЕксЕЙ МИхаЙлоВ,8(9290) 96-79,3,АмУНиция Для СобаК,4,4579.97,220.03,prOcEsSING,Нужно уточнить сроки,22.03.2024,2028528924922488
2029944792893,28.03.2024 23:04,АлЕксЕЙ МИхаЙлоВ,8(9290) 96-79,5,моЛОкО,4,11984.93,15.07,ProCESsiNG,Нужно уточнить сроки,22.03.2024,2028528924922488
2029944791134,2024/03/04 00:26:48,нАТалЬЯ вАСИЛьевА,+7(9408)44-00,4,пОДПисКа нА гАЗетУ,1,561.03,38.97,CanCelleD,Всё отлично!,03.03.2024,9905873925882813
2029944791134,2024/03/04 00:26:48,нАТалЬЯ вАСИЛьевА,+7(9408)44-00,1,коРМ ДЛя собАК,1,408.64,91.36,CanCELLEd,Всё отлично!,03.03.2024,9905873925882813
2029944790742,25.03.2024 17:36,НатаЛья вАсиЛьеВа,+7 9172 21 02,5,моЛОко,2,5481.83,518.17,cOmPLeTed,Нужно уточнить сроки,30.03.2024,3213019953947565
2029944790742,25.03.2024 17:36,НатаЛья вАсиЛьеВа,+7 9172 21 02,2,игрушКа мЯЧ,1,264.35,35.65,CompLETeD,Нужно уточнить сроки,30.03.2024,3213019953947565
2029944790742,25.03.2024 17:36,НатаЛья вАсиЛьеВа,+7 9172 21 02,5,молоКО,3,7388.46,1611.54,COMplEted,Нужно уточнить сроки,30.03.2024,3213019953947565
2029944789546,09.03.2024 01:48,НАТАЛЬя ВАсИльЕвА,+7 9008 51 57,5,мОЛоКо,2,5006.35,993.65,cAnCeLLED,Проверить наличие,2024/03/28,4075473305522665
2029944788568,27.03.2024 09:18,НАтАлья ВаСилЬева,+7(9511)30-50,5,МОлОкО,4,10135.32,1864.68,CaNCELlEd,Всё отлично!,27.03.2024,9153843463581463
2029944788568,27.03.2024 09:18,НАтАлья ВаСилЬева,+7(9511)30-50,4,подПиСка НА гаЗетУ,5,2932.36,67.64,caNceLLeD,Всё отлично!,27.03.2024,9153843463581463
2029944788568,27.03.2024 09:18,НАтАлья ВаСилЬева,+7(9511)30-50,5,молОКО,1,2644.71,355.29,CAncELlED,Всё отлично!,27.03.2024,9153843463581463
2029944788568,27.03.2024 09:18,НАтАлья ВаСилЬева,+7(9511)30-50,2,иГрушка мЯч,3,792.65,107.35,CaNcEllED,Всё отлично!,27.03.2024,9153843463581463
2029944787780,2024-03-09 16:15:46,аННа смирнОВа,+7(9649)16-29,1,Корм дЛЯ СобАК,5,2030.41,469.59,coMPLeteD,Проверить наличие,2024/03/08,9815175258435942
2029944787780,2024-03-09 16:15:46,аННа смирнОВа,+7(9649)16-29,2,ИГрушКА МЯЧ,2,496.97,103.03,coMpLetEd,Проверить наличие,2024/03/08,9815175258435942
2029944787780,2024-03-09 16:15:46,аННа смирнОВа,+7(9649)16-29,3,АМУНИцИЯ дЛЯ сОбак,3,3114.99,485.01,coMPLetEd,Проверить наличие,2024/03/08,9815175258435942
2029944787780,2024-03-09 16:15:46,аННа смирнОВа,+7(9649)16-29,3,амУНИциЯ Для СОбАк,4,3886.9,913.1,COMplETEd,Проверить наличие,2024/03/08,9815175258435942
2029944786842,17.03.2024 03:23,аЛЕксей мИХАйЛов,+7(9981)06-93,2,ИгРУШкА мяч,1,282.9,17.1,CANCELled,Проверить наличие,2024-03-24,0331418429363602
2029944786842,17.03.2024 03:23,аЛЕксей мИХАйЛов,+7(9981)06-93,1,кОрМ ДЛЯ СОБаК,1,438.86,61.14,CaNCElLeD,Проверить наличие,2024-03-24,0331418429363602
2029944786842,17.03.2024 03:23,аЛЕксей мИХАйЛов,+7(9981)06-93,5,МолоКО,2,5716.62,283.38,CANCeLlED,Проверить наличие,2024-03-24,0331418429363602
2029944786842,17.03.2024 03:23,аЛЕксей мИХАйЛов,+7(9981)06-93,5,мОлОКО,2,4807.02,1192.98,CancellED,Проверить наличие,2024-03-24,0331418429363602
2029944785104,2024-03-14 03:10:25,натАльЯ ваСИльеВА,+7 9792 61 94,4,ПодПиска нА гАЗЕту,2,1195.12,4.88,cAnCelLEd,Нужно уточнить сроки,08.03.2024,6546783145193367
2029944784279,16.03.2024 06:29,НАТАлЬЯ ВАсильЕва,+7(9695)99-88,4,подписка нА гаЗетУ,5,2648.02,351.98,caNCElLED,Нужно уточнить сроки,2024-03-17,0618757952126825
2029944784279,16.03.2024 06:29,НАТАлЬЯ ВАсильЕва,+7(9695)99-88,4,ПодписКА на газЕтУ,3,1737.66,62.34,CancELLeD,Нужно уточнить сроки,2024-03-17,0618757952126825
2029944784279,16.03.2024 06:29,НАТАлЬЯ ВАсильЕва,+7(9695)99-88,2,иГрушка мЯЧ,5,1237.91,262.09,CANcELleD,Нужно уточнить сроки,2024-03-17,0618757952126825
2029944783361,17.03.2024 09:42,ДмитРИй куЗнЕцоВ,8(9534) 40-95,1,кОРМ длЯ собАк,4,1853.85,146.15,caNCelLed,Нужно уточнить сроки,2024/03/11,8205301705277197
2029944783361,17.03.2024 09:42,ДмитРИй куЗнЕцоВ,8(9534) 40-95,3,АМУНициЯ ДЛЯ соБаК,4,4393.86,406.14,CAncElLeD,Нужно уточнить сроки,2024/03/11,8205301705277197
2029944782660,2024-03-12 20:21:32,мария пЕтрОВА,+7 9525 23 30,5,мОлОкО,2,5080.59,919.41,cAnCElLED,Проверить наличие,2024-03-06,4807474386213183
2029944781253,17.03.2024 18:19,ИВан ИванОВ,+7(9566)88-80,1,кОрм ДлЯ СОБАК,1,444.52,55.48,prOcesSING,спасибо за заказ,2024/03/10,9338040355321860
2029944781253,17.03.2024 18:19,ИВан ИванОВ,+7(9566)88-80,2,ИгРУшКа Мяч,4,1169.11,30.89,ProcESsiNG,спасибо за заказ,2024/03/10,9338040355321860
2029944781253,17.03.2024 18:19,ИВан ИванОВ,+7(9566)88-80,4,ПОдпИсКа нА гаЗЕту,2,972.19,227.81,proCeSSing,спасибо за заказ,2024/03/10,9338040355321860
2029944781253,17.03.2024 18:19,ИВан ИванОВ,+7(9566)88-80,1,КорМ длЯ СОбак,5,2057.41,442.59,ProCeSsInG,спасибо за заказ,2024/03/10,9338040355321860
2029944781253,17.03.2024 18:19,ИВан ИванОВ,+7(9566)88-80,2,игруШкА мЯЧ,4,1119.59,80.41,ProceSsINg,спасибо за заказ,2024/03/10,9338040355321860
2029944780596,2024/03/12 20:03:04,МарИЯ петрОВА,+7 9195 38 48,4,поДпиСКА на ГазЕту,4,1937.77,462.23,CAnCELLeD,Всё отлично!,2024-03-02,7563039017480813
2029944780596,2024/03/12 20:03:04,МарИЯ петрОВА,+7 9195 38 48,3,АмУНИциЯ ДЛЯ СоБаК,3,3412.62,187.38,CAnCElled,Всё отлично!,2024-03-02,7563039017480813
2029944780596,2024/03/12 20:03:04,МарИЯ петрОВА,+7 9195 38 48,3,амУНИциЯ ДлЯ СоБАк,2,2117.03,282.97,cANCeLlEd,Всё отлично!,2024-03-02,7563039017480813
2029944780596,2024/03/12 20:03:04,МарИЯ петрОВА,+7 9195 38 48,5,МОлОКО,2,5924.98,75.02,caNcELLED,Всё отлично!,2024-03-02,7563039017480813
2029944780596,2024/03/12 20:03:04,МарИЯ петрОВА,+7 9195 38 48,5,МОЛОко,1,2865.01,134.99,CanCeLLED,Всё отлично!,2024-03-02,7563039017480813
2029944779173,2024-03-14 13:21:15,МИХаИЛ орЛОВ,+7(9304)28-22,5,МОлокО,2,5685.73,314.27,coMPletED,подарок вовремя,2024-03-28,5356804579213635
2029944779173,2024-03-14 13:21:15,МИХаИЛ орЛОВ,+7(9304)28-22,2,ИГРУшКа МЯЧ,1,259.31,40.69,CoMpLETED,подарок вовремя,2024-03-28,5356804579213635
2029944779173,2024-03-14 13:21:15,МИХаИЛ орЛОВ,+7(9304)28-22,5,мОЛОКо,3,7655.92,1344.08,COMPLEted,подарок вовремя,2024-03-28,5356804579213635
2029944778713,2024-03-11 18:01:25,НатаЛьЯ ВаСИльеВА,+7 9888 57 05,1,КОРм ДЛя собАк,4,1914.81,85.19,canCelLED,"Задержка с доставкой, печалька...",2024/03/21,0512416289116667
2029944778713,2024-03-11 18:01:25,НатаЛьЯ ВаСИльеВА,+7 9888 57 05,1,коРм для сОбаК,5,2268.8,231.2,CanCeLleD,"Задержка с доставкой, печалька...",2024/03/21,0512416289116667
2029944777636,2024-03-30 06:50:10,серГеЙ сИДОРов,+7(9560)38-64,1,корм для СОбак,5,2474.54,25.46,CAncelLEd,Ждём с нетерпением!,16.03.2024,4542006199173780
2029944776513,02.03.2024 03:08,наТальЯ вАСиЛЬЕВа,8(9940) 19-86,5,Молоко,5,12521.99,2478.01,ComPleteD,Всё отлично!,25.03.2024,2921081743129524
2029944776513,02.03.2024 03:08,наТальЯ вАСиЛЬЕВа,8(9940) 19-86,1,КОРм длЯ собаК,1,404.08,95.92,CoMPlEted,Всё отлично!,25.03.2024,2921081743129524
2029944776513,02.03.2024 03:08,наТальЯ вАСиЛЬЕВа,8(9940) 19-86,3,амУНиЦИя дЛя сОбАК,3,3123.98,476.02,cOMPLETeD,Всё отлично!,25.03.2024,2921081743129524
2029944776513,02.03.2024 03:08,наТальЯ вАСиЛЬЕВа,8(9940) 19-86,2,ИгРУШкА Мяч,4,978.75,221.25,compLeTeD,Всё отлично!,25.03.2024,2921081743129524
2029944775376,28.03.2024 22:09,нАтАЛья вАсильеВа,+7 9945 44 29,2,ИГруШкА МяЧ,2,517.09,82.91,CanceLleD,Ждём с нетерпением!,2024-03-27,5064917303861106
2029944774189,2024-03-21 06:32:00,АЛеКсЕЙ михайЛОв,8(9073) 78-55,5,МОлОКо,4,10958.96,1041.04,CoMPLETEd,подарок вовремя,2024-03-11,8044469627471722
2029944774189,2024-03-21 06:32:00,АЛеКсЕЙ михайЛОв,8(9073) 78-55,5,моЛоКо,2,5652.21,347.79,COMPLeTED,подарок вовремя,2024-03-11,8044469627471722
2029944773689,2024/03/29 04:12:07,АлЕкСЕй мИХАйЛОВ,+7 9388 80 51,1,корм ДЛя собаК,3,1358.64,141.36,PRoCESsINg,Проверить наличие,15.03.2024,1244946340050867
2029944773689,2024/03/29 04:12:07,АлЕкСЕй мИХАйЛОВ,+7 9388 80 51,1,КОРМ для Собак,5,2184.75,315.25,PrOCESSiNG,Проверить наличие,15.03.2024,1244946340050867
2029944773689,2024/03/29 04:12:07,АлЕкСЕй мИХАйЛОВ,+7 9388 80 51,5,моЛоКО,4,11661.1,338.9,prOceSsing,Проверить наличие,15.03.2024,1244946340050867
2029944772326,02.03.2024 18:05,мАРия ПЕТРоВА,+7(9044)54-48,5,молОко,4,11034.61,965.39,PrOceSSInG,Проверить наличие,2024-03-23,9536346160985086
2029944772326,02.03.2024 18:05,мАРия ПЕТРоВА,+7(9044)54-48,1,КОРМ ДлЯ сОБаК,3,1206.61,293.39,pRocESSIng,Проверить наличие,2024-03-23,9536346160985086
2029944772326,02.03.2024 18:05,мАРия ПЕТРоВА,+7(9044)54-48,4,ПОдПиСка НА газеТу,5,2427.42,572.58,prOcESsIng,Проверить наличие,2024-03-23,9536346160985086
2029944772326,02.03.2024 18:05,мАРия ПЕТРоВА,+7(9044)54-48,5,мОЛОкО,5,14980.04,19.96,ProCESsing,Проверить наличие,2024-03-23,9536346160985086
2029944771478,15.03.2024 04:31,дМитРиЙ куЗНЕцОВ,8(9278) 55-74,5,моЛоКо,4,10630.6,1369.4,cOMPleTED,Всё отлично!,2024/03/31,6587198153712856
2029944771478,15.03.2024 04:31,дМитРиЙ куЗНЕцОВ,8(9278) 55-74,5,моЛОКО,2,4944.06,1055.94,cOmPLETED,Всё отлично!,2024/03/31,6587198153712856
2029944771478,15.03.2024 04:31,дМитРиЙ куЗНЕцОВ,8(9278) 55-74,5,МолОКо,2,5202.65,797.35,COMPletEd,Всё отлично!,2024/03/31,6587198153712856
2029944771478,15.03.2024 04:31,дМитРиЙ куЗНЕцОВ,8(9278) 55-74,4,ПодПисКа НА ГаЗЕТу,3,1750.93,49.07,ComPleted,Всё отлично!,2024/03/31,6587198153712856
2029944770972,2024-03-18 21:12:11,дМИТРиЙ КуЗНецоВ,8(9898) 72-79,4,ПОдПиСКа нА гАЗЕту,1,552.65,47.35,CoMPLeted,подарок вовремя,2024-03-05,6932289403634072
2029944770972,2024-03-18 21:12:11,дМИТРиЙ КуЗНецоВ,8(9898) 72-79,2,игРуШКА мяЧ,2,565.46,34.54,comPlETed,подарок вовремя,2024-03-05,6932289403634072
2029944770972,2024-03-18 21:12:11,дМИТРиЙ КуЗНецоВ,8(9898) 72-79,4,ПоДпиСкА нА ГаЗеТу,3,1536.0,264.0,completED,подарок вовремя,2024-03-05,6932289403634072
2029944770972,2024-03-18 21:12:11,дМИТРиЙ КуЗНецоВ,8(9898) 72-79,5,МОЛоКо,3,7656.69,1343.31,COmPLEtED,подарок вовремя,2024-03-05,6932289403634072
2029944769710,2024-03-01 19:03:14,аЛекСЕЙ МихайлОв,+7 9124 89 02,1,КОРм дЛя СобАк,5,2381.33,118.67,proCessINg,спасибо за заказ,09.03.2024,1360039950440233
2029944769710,2024-03-01 19:03:14,аЛекСЕЙ МихайлОв,+7 9124 89 02,4,пОДПИска На газеТУ,4,2393.88,6.12,ProCesSINg,спасибо за заказ,09.03.2024,1360039950440233
2029944769710,2024-03-01 19:03:14,аЛекСЕЙ МихайлОв,+7 9124 89 02,3,АМУНИЦия ДЛЯ сОбАК,3,3438.15,161.85,ProcesSinG,спасибо за заказ,09.03.2024,1360039950440233
2029944769710,2024-03-01 19:03:14,аЛекСЕЙ МихайлОв,+7 9124 89 02,2,игрУШКА МЯЧ,3,893.0,7.0,pRoCEssiNg,спасибо за заказ,09.03.2024,1360039950440233
2029944769710,2024-03-01 19:03:14,аЛекСЕЙ МихайлОв,+7 9124 89 02,5,МолОко,2,5717.0,283.0,PrOCessING,спасибо за заказ,09.03.2024,1360039950440233
2029944768123,21.03.2024 17:53,ИВАН ИВаНОв,+7(9059)31-44,5,моЛОКо,4,10023.12,1976.88,pRocESSIng,Ждём с нетерпением!,07.03.2024,8489152339839697
2029944768123,21.03.2024 17:53,ИВАН ИВаНОв,+7(9059)31-44,3,аМуНИЦИЯ ДЛЯ СобАК,2,2292.02,107.98,pRocEssinG,Ждём с нетерпением!,07.03.2024,8489152339839697
2029944767198,2024/03/11 08:37:54,аЛЕкСей мИхаЙЛоВ,+7 9634 97 53,2,игруШКа МЯч,3,721.87,178.13,pRoceSSING,Ждём с нетерпением!,2024/03/12,6815986279455530
2029944767198,2024/03/11 08:37:54,аЛЕкСей мИхаЙЛоВ,+7 9634 97 53,3,АМУнИцИя дЛя соБак,3,3301.44,298.56,PROcEssInG,Ждём с нетерпением!,2024/03/12,6815986279455530
2029944767198,2024/03/11 08:37:54,аЛЕкСей мИхаЙЛоВ,+7 9634 97 53,4,поДПИСка нА ГазеТу,2,1145.33,54.67,PRoCEsSing,Ждём с нетерпением!,2024/03/12,6815986279455530
2029944767198,2024/03/11 08:37:54,аЛЕкСей мИхаЙЛоВ,+7 9634 97 53,3,амуНИцИя длЯ СОбАк,1,1068.06,131.94,ProCEsSInG,Ждём с нетерпением!,2024/03/12,6815986279455530
2029944766219,30.03.2024 21:53,оЛьГа КузнЕцовА,8(9719) 26-23,2,ИГРУШКа Мяч,5,1409.81,90.19,CANcElLed,спасибо за заказ,17.03.2024,3146821900078161
2029944766219,30.03.2024 21:53,оЛьГа КузнЕцовА,8(9719) 26-23,3,амУНицИЯ длЯ собАК,1,1197.53,2.47,CaNceLLed,спасибо за заказ,17.03.2024,3146821900078161
2029944765494,31.03.2024 18:45,АЛеКСЕй МиХаЙлОв,+7 9600 60 20,4,ПодпИскА нА гАЗЕТУ,2,1006.83,193.17,pRocessING,Ждём с нетерпением!,2024/03/08,0987878182344016
2029944765494,31.03.2024 18:45,АЛеКСЕй МиХаЙлОв,+7 9600 60 20,4,пОДПисКА нА ГАЗеТУ,1,487.42,112.58,ProCeSsing,Ждём с нетерпением!,2024/03/08,0987878182344016
2029944765494,31.03.2024 18:45,АЛеКСЕй МиХаЙлОв,+7 9600 60 20,1,КоРМ Для СоБак,4,1823.57,176.43,pROcESSiNg,Ждём с нетерпением!,2024/03/08,0987878182344016
2029944765494,31.03.2024 18:45,АЛеКСЕй МиХаЙлОв,+7 9600 60 20,3,амУНИцИя дЛЯ сОбаК,5,5520.52,479.48,ProCEsSiNg,Ждём с нетерпением!,2024/03/08,0987878182344016
2029944764689,2024/03/10 19:38:07,ДмитРИЙ КузНЕцОв,8(9484) 04-16,5,МоЛокО,1,2918.3,81.7,pRoCESsinG,Ждём с нетерпением!,2024-03-18,9061273879423074
2029944764689,2024/03/10 19:38:07,ДмитРИЙ КузНЕцОв,8(9484) 04-16,5,мОлОКО,5,12620.31,2379.69,PRoCessInG,Ждём с нетерпением!,2024-03-18,9061273879423074
2029944764689,2024/03/10 19:38:07,ДмитРИЙ КузНЕцОв,8(9484) 04-16,1,коРМ дЛя Собак,2,896.3,103.7,PROceSsinG,Ждём с нетерпением!,2024-03-18,9061273879423074
2029944763725,2024/03/27 16:39:03,мИХаИЛ орЛОв,8(9042) 12-81,3,АМУнИция дЛя сОбАК,2,2156.88,243.12,comPleteD,Всё отлично!,2024/03/12,2834819213683840
2029944762478,2024-03-19 17:01:39,анНА смИрНоВА,+7 9954 39 92,1,коРм для СоБак,1,467.14,32.86,COMpLeted,Ждём с нетерпением!,23.03.2024,7795192132068331
2029944761860,2024-03-19 23:55:25,наталЬя ВасиЛЬЕва,8(9273) 37-72,3,амУниция для сОбак,4,4408.32,391.68,PRocesSiNG,спасибо за заказ,2024/03/15,6009841893330703
2029944761860,2024-03-19 23:55:25,наталЬя ВасиЛЬЕва,8(9273) 37-72,5,мОлОко,5,14231.12,768.88,ProCESSiNg,спасибо за заказ,2024/03/15,6009841893330703
2029944761860,2024-03-19 23:55:25,наталЬя ВасиЛЬЕва,8(9273) 37-72,2,ИГРУшкА МяЧ,3,775.71,124.29,PrOCESSing,спасибо за заказ,2024/03/15,6009841893330703
2029944761860,2024-03-19 23:55:25,наталЬя ВасиЛЬЕва,8(9273) 37-72,3,амуНицИЯ для СОБАк,3,3340.84,259.16,ProCeSsinG,спасибо за заказ,2024/03/15,6009841893330703
2029944760155,2024-03-16 17:10:42,НаТАЛЬЯ ВасИЛьЕвА,+7 9717 49 10,2,ИГРушка МЯч,3,859.94,40.06,PROcEssiNG,спасибо за заказ,2024-03-28,6366536509042923
2029944760155,2024-03-16 17:10:42,НаТАЛЬЯ ВасИЛьЕвА,+7 9717 49 10,3,АМуНиЦия ДлЯ Собак,3,2929.95,670.05,proCeSSING,спасибо за заказ,2024-03-28,6366536509042923
2029944759678,21.03.2024 20:06,АлексеЙ МихаЙлов,+7(9917)87-80,5,моЛОко,4,9698.46,2301.54,cOmPlETed,Всё отлично!,2024-03-09,8305089308612866
2029944759678,21.03.2024 20:06,АлексеЙ МихаЙлов,+7(9917)87-80,2,ИГРуШкА МЯЧ,3,858.13,41.87,cOMpleTED,Всё отлично!,2024-03-09,8305089308612866
2029944759678,21.03.2024 20:06,АлексеЙ МихаЙлов,+7(9917)87-80,5,МОЛокО,1,2628.24,371.76,COmPleTED,Всё отлично!,2024-03-09,8305089308612866
2029944759678,21.03.2024 20:06,АлексеЙ МихаЙлов,+7(9917)87-80,1,кОрм ДЛя СобАК,1,496.84,3.16,COmpLEtED,Всё отлично!,2024-03-09,8305089308612866
2029944759678,21.03.2024 20:06,АлексеЙ МихаЙлов,+7(9917)87-80,4,ПОДпиСКА нА газеТУ,2,1156.02,43.98,cOMPletEd,Всё отлично!,2024-03-09,8305089308612866
2029944758487,2024/03/26 15:44:28,МАрИя пЕтРовА,+7(9144)57-02,3,АМуНИЦиЯ дЛЯ собак,4,3882.5,917.5,COmPLetEd,Проверить наличие,2024-03-21,0227738958818118
2029944758487,2024/03/26 15:44:28,МАрИя пЕтРовА,+7(9144)57-02,5,МоЛокО,3,7733.85,1266.15,cOmPlETEd,Проверить наличие,2024-03-21,0227738958818118
2029944758487,2024/03/26 15:44:28,МАрИя пЕтРовА,+7(9144)57-02,2,ИГРУШКА мЯЧ,5,1327.53,172.47,cOmpleted,Проверить наличие,2024-03-21,0227738958818118
2029944758487,2024/03/26 15:44:28,МАрИя пЕтРовА,+7(9144)57-02,4,ПодпИСКА На ГАЗеТу,3,1517.09,282.91,COMPleted,Проверить наличие,2024-03-21,0227738958818118
2029944758487,2024/03/26 15:44:28,МАрИя пЕтРовА,+7(9144)57-02,3,амуНиЦиЯ дЛЯ СобаК,4,4783.53,16.47,coMpleTED,Проверить наличие,2024-03-21,0227738958818118
2029944757327,19.03.2024 09:10,АнНА сМИРНОВа,8(9458) 05-15,2,ИгрУШка мяЧ,4,981.74,218.26,cANcElLEd,Всё отлично!,2024/03/21,2913058681077518
2029944757327,19.03.2024 09:10,АнНА сМИРНОВа,8(9458) 05-15,3,АМУнИЦИЯ дЛя СоБак,4,3971.79,828.21,CANCELLeD,Всё отлично!,2024/03/21,2913058681077518
2029944757327,19.03.2024 09:10,АнНА сМИРНОВа,8(9458) 05-15,2,ИгрУшКА мяч,2,498.32,101.68,CAnCELled,Всё отлично!,2024/03/21,2913058681077518
2029944756402,2024/03/18 15:40:52,Мария пеТрОвА,+7(9605)79-79,2,ИгРуШКА мЯч,4,1138.22,61.78,PROCEsSiNg,Ждём с нетерпением!,23.03.2024,2379650220804455
2029944756402,2024/03/18 15:40:52,Мария пеТрОвА,+7(9605)79-79,5,мОЛоКо,5,12562.04,2437.96,PRocEsSiNG,Ждём с нетерпением!,23.03.2024,2379650220804455
2029944755293,04.03.2024 05:24,серГеЙ СИДОРОВ,+7 9897 47 82,1,кОрм для соБАК,5,2262.75,237.25,ProCesSING,Всё отлично!,06.03.2024,1655780147398909
2029944755293,04.03.2024 05:24,серГеЙ СИДОРОВ,+7 9897 47 82,3,амуНицИя для СОБАК,4,4607.04,192.96,pRocEsSiNg,Всё отлично!,06.03.2024,1655780147398909
2029944754270,2024/03/22 01:11:05,алекСЕЙ мИХаЙлОв,+7(9091)24-10,4,ПодпИсКа На газЕТУ,4,1977.1,422.9,cANCELLed,"Задержка с доставкой, печалька...",2024-03-26,1087361101031123
2029944754270,2024/03/22 01:11:05,алекСЕЙ мИХаЙлОв,+7(9091)24-10,2,игрУшкА мяч,2,592.01,7.99,cAnCelLED,"Задержка с доставкой, печалька...",2024-03-26,1087361101031123
2029944754270,2024/03/22 01:11:05,алекСЕЙ мИХаЙлОв,+7(9091)24-10,5,МОЛоКо,3,8769.15,230.85,cANcelLED,"Задержка с доставкой, печалька...",2024-03-26,1087361101031123
2029944753461,14.03.2024 22:26,иваН ИваНов,+7(9393)49-78,4,ПОдПискА На гАзеТУ,2,1033.55,166.45,CAnceLleD,Ждём с нетерпением!,2024-03-23,7319184009523319
2029944753461,14.03.2024 22:26,иваН ИваНов,+7(9393)49-78,5,молоко,1,2611.32,388.68,CanceLLEd,Ждём с нетерпением!,2024-03-23,7319184009523319
2029944753461,14.03.2024 22:26,иваН ИваНов,+7(9393)49-78,4,ПОДписка НА ГАзЕту,1,582.46,17.54,canCELlEd,Ждём с нетерпением!,2024-03-23,7319184009523319
2029944753461,14.03.2024 22:26,иваН ИваНов,+7(9393)49-78,5,МОЛОКО,1,2781.84,218.16,canCeLLed,Ждём с нетерпением!,2024-03-23,7319184009523319
2029944753461,14.03.2024 22:26,иваН ИваНов,+7(9393)49-78,5,моЛоКО,2,5427.38,572.62,cANCeLled,Ждём с нетерпением!,2024-03-23,7319184009523319
2029944752677,2024/03/05 14:17:20,алеКсеЙ миХАйлов,+7(9845)59-89,3,амуНИция ДЛя СоБак,5,4996.58,1003.42,prOCEssINg,Проверить наличие,2024/03/16,5250879034131261
2029944752677,2024/03/05 14:17:20,алеКсеЙ миХАйлов,+7(9845)59-89,5,МОлОко,5,14110.88,889.12,PRocESsinG,Проверить наличие,2024/03/16,5250879034131261
2029944752677,2024/03/05 14:17:20,алеКсеЙ миХАйлов,+7(9845)59-89,3,АМУнИЦИЯ длЯ Собак,2,2033.0,367.0,procEssInG,Проверить наличие,2024/03/16,5250879034131261
2029944752677,2024/03/05 14:17:20,алеКсеЙ миХАйлов,+7(9845)59-89,3,амУНиЦия ДЛЯ сОбаК,2,1972.19,427.81,proCeSSIng,Проверить наличие,2024/03/16,5250879034131261
2029944751211,03.03.2024 19:08,СЕрГей сИДорОВ,+7(9149)86-05,5,МоЛОКо,1,2635.73,364.27,ProcESSInG,подарок вовремя,30.03.2024,4721930350832076
2029944750876,2024-03-01 01:18:54,елЕНА НовикОВа,+7(9296)27-12,2,ИГрУШкА мЯч,5,1377.58,122.42,COMPleTeD,подарок вовремя,2024/03/25,9586462937825562
2029944750876,2024-03-01 01:18:54,елЕНА НовикОВа,+7(9296)27-12,2,игРУШКа Мяч,2,575.62,24.38,comPletED,подарок вовремя,2024/03/25,9586462937825562
2029944749762,12.03.2024 05:37,АННА СмИрновА,8(9249) 62-01,4,пОДПИСкА На гАзЕту,1,536.61,63.39,PrOcEssInG,Всё отлично!,2024-03-16,9249619482475850
2029944749762,12.03.2024 05:37,АННА СмИрновА,8(9249) 62-01,3,аМУНИЦия ДлЯ СобаК,2,2227.83,172.17,PROcEsSinG,Всё отлично!,2024-03-16,9249619482475850
2029944749762,12.03.2024 05:37,АННА СмИрновА,8(9249) 62-01,1,КОРм дЛя СоБАк,4,1620.5,379.5,ProCESSIng,Всё отлично!,2024-03-16,9249619482475850
2029944749762,12.03.2024 05:37,АННА СмИрновА,8(9249) 62-01,5,моЛОко,5,14539.3,460.7,ProCESsiNg,Всё отлично!,2024-03-16,9249619482475850
2029944749762,12.03.2024 05:37,АННА СмИрновА,8(9249) 62-01,3,амУнИцИЯ для сОБак,3,2882.49,717.51,pROcessing,Всё отлично!,2024-03-16,9249619482475850
2029944748865,2024/03/01 22:40:08,аННа смирНоВа,+7 9136 20 67,5,МоЛоКО,2,5180.9,819.1,prOcesSiNG,Всё отлично!,05.03.2024,0855564192756745
2029944748865,2024/03/01 22:40:08,аННа смирНоВа,+7 9136 20 67,1,коРМ дЛЯ соБАк,3,1281.17,218.83,pROcEssing,Всё отлично!,05.03.2024,0855564192756745
2029944748865,2024/03/01 22:40:08,аННа смирНоВа,+7 9136 20 67,5,МОЛОкО,5,13797.91,1202.09,PrOcessinG,Всё отлично!,05.03.2024,0855564192756745
2029944747573,20.03.2024 10:44,ЕЛЕнА новикоВа,+7(9782)20-18,1,КОРМ дЛя собак,3,1299.19,200.81,ComplEted,Нужно уточнить сроки,07.03.2024,9836581719627195
2029944746918,2024-03-15 14:33:52,иВан ИВанОв,+7 9791 23 01,5,мОлокО,4,11127.81,872.19,PROCessing,Ждём с нетерпением!,05.03.2024,8788284406440407
2029944745836,2024/03/24 07:54:42,сЕРгей СИДоРОВ,+7 9186 47 18,5,мОлокО,4,11259.65,740.35,coMPleteD,Всё отлично!,31.03.2024,8044906468710877
2029944745836,2024/03/24 07:54:42,сЕРгей СИДоРОВ,+7 9186 47 18,3,аМунИция для соБак,5,5755.0,245.0,CoMpLETEd,Всё отлично!,31.03.2024,8044906468710877
2029944745836,2024/03/24 07:54:42,сЕРгей СИДоРОВ,+7 9186 47 18,1,КОрм ДЛя сОбАк,3,1411.41,88.59,COMPleTEd,Всё отлично!,31.03.2024,8044906468710877
2029944744312,2024-03-26 05:47:54,мИхАиЛ ОрлОв,+7(9551)49-22,1,кОрМ Для СобАК,3,1279.76,220.24,PROCeSsInG,Нужно уточнить сроки,2024/03/05,2570977045472410
2029944744312,2024-03-26 05:47:54,мИхАиЛ ОрлОв,+7(9551)49-22,5,МоЛоКо,5,13679.32,1320.68,ProCesSIng,Нужно уточнить сроки,2024/03/05,2570977045472410
2029944744312,2024-03-26 05:47:54,мИхАиЛ ОрлОв,+7(9551)49-22,3,аМУНиЦИя ДлЯ СОбАк,5,5499.29,500.71,pRocesSIng,Нужно уточнить сроки,2024/03/05,2570977045472410
2029944744312,2024-03-26 05:47:54,мИхАиЛ ОрлОв,+7(9551)49-22,1,кОрм дЛЯ СОбАК,5,2140.43,359.57,pRoCesSiNG,Нужно уточнить сроки,2024/03/05,2570977045472410
2029944744312,2024-03-26 05:47:54,мИхАиЛ ОрлОв,+7(9551)49-22,1,КОрм для СОБАК,5,2131.47,368.53,procESSIng,Нужно уточнить сроки,2024/03/05,2570977045472410
2029944743147,10.03.2024 10:47,СеРгЕй сиДОРов,+7 9481 72 74,2,ИгрУШка мЯЧ,1,251.6,48.4,cANCeLlED,Всё отлично!,2024/03/28,4080984838664692
2029944743147,10.03.2024 10:47,СеРгЕй сиДОРов,+7 9481 72 74,2,иГрУШка МЯЧ,5,1301.78,198.22,CAnceLlED,Всё отлично!,2024/03/28,4080984838664692
2029944742912,2024-03-29 13:03:55,АЛексЕй МихАйЛоВ,+7(9126)79-25,5,МолОКо,5,13521.5,1478.5,proCeSsiNG,Нужно уточнить сроки,2024-03-07,6491157739304098
2029944742912,2024-03-29 13:03:55,АЛексЕй МихАйЛоВ,+7(9126)79-25,5,Молоко,2,5886.29,113.71,proCeSsinG,Нужно уточнить сроки,2024-03-07,6491157739304098
2029944742912,2024-03-29 13:03:55,АЛексЕй МихАйЛоВ,+7(9126)79-25,5,моЛоКо,4,11805.64,194.36,PRoCesSiNG,Нужно уточнить сроки,2024-03-07,6491157739304098
2029944742912,2024-03-29 13:03:55,АЛексЕй МихАйЛоВ,+7(9126)79-25,3,АмуНиция ДЛя СОБаК,4,4474.07,325.93,ProCESSiNg,Нужно уточнить сроки,2024-03-07,6491157739304098
2029944741700,24.03.2024 21:01,ОльгА куЗНЕцОВА,+7 9891 18 13,5,МоЛоКО,1,2859.83,140.17,CompLEteD,спасибо за заказ,12.03.2024,8023911142334279
2029944741700,24.03.2024 21:01,ОльгА куЗНЕцОВА,+7 9891 18 13,2,игрушка мЯч,2,489.52,110.48,cOmpLETed,спасибо за заказ,12.03.2024,8023911142334279
2029944740281,2024/03/13 05:13:08,МАРиЯ ПЕтРОВа,+7(9895)00-62,4,ПОдпиСкА НА гАзеТУ,5,2984.23,15.77,cancELLed,Ждём с нетерпением!,15.03.2024,3563656175577994
2029944740281,2024/03/13 05:13:08,МАРиЯ ПЕтРОВа,+7(9895)00-62,4,ПОдПиСкА НА газеТУ,4,2226.43,173.57,cANCelled,Ждём с нетерпением!,15.03.2024,3563656175577994
2029944739988,2024/03/03 20:57:59,мАРИя ПетровА,+7 9103 99 18,3,амунициЯ дЛЯ соБаК,3,2989.3,610.7,CoMPLETed,"Задержка с доставкой, печалька...",2024-03-29,5537668953438459
2029944738218,2024/03/19 03:15:03,ОльгА КУЗнЕЦОВА,+7 9629 51 26,3,АМунИЦиЯ ДЛя соБак,1,984.06,215.94,pRoCESsIng,Ждём с нетерпением!,13.03.2024,6244811396699682
2029944737491,05.03.2024 03:00,маРия пЕтровА,+7 9934 20 05,2,ИГРушКа мЯч,4,1188.88,11.12,cANCeLleD,Ждём с нетерпением!,2024/03/15,2592913258625259
2029944737491,05.03.2024 03:00,маРия пЕтровА,+7 9934 20 05,3,АмуНИцИЯ ДЛя СоБак,1,982.37,217.63,CANCElLed,Ждём с нетерпением!,2024/03/15,2592913258625259
2029944737491,05.03.2024 03:00,маРия пЕтровА,+7 9934 20 05,1,КоРМ Для СОБАК,2,840.37,159.63,CaNcElled,Ждём с нетерпением!,2024/03/15,2592913258625259
2029944737491,05.03.2024 03:00,маРия пЕтровА,+7 9934 20 05,1,кОРм для СОБАК,1,432.42,67.58,CanCelLEd,Ждём с нетерпением!,2024/03/15,2592913258625259
2029944737491,05.03.2024 03:00,маРия пЕтровА,+7 9934 20 05,5,МолОкО,4,10747.57,1252.43,caNcElLEd,Ждём с нетерпением!,2024/03/15,2592913258625259
2029944736392,10.03.2024 19:52,натАЛьЯ вАСилЬЕВа,+7(9045)02-14,2,ИГрушКа МяЧ,4,1118.62,81.38,cOMPleteD,Нужно уточнить сроки,2024-03-05,2794791494327922
2029944736392,10.03.2024 19:52,натАЛьЯ вАСилЬЕВа,+7(9045)02-14,1,коРм дЛЯ сОБак,1,448.47,51.53,COMpLeted,Нужно уточнить сроки,2024-03-05,2794791494327922
2029944735588,13.03.2024 11:13,НатАЛЬя ВАСИЛЬеВА,+7 9881 47 79,5,молОко,1,2716.28,283.72,PROcESsINg,спасибо за заказ,22.03.2024,7351976070039223
2029944735588,13.03.2024 11:13,НатАЛЬя ВАСИЛЬеВА,+7 9881 47 79,1,КОРм ДлЯ СОБаК,3,1243.53,256.47,prOCEssiNg,спасибо за заказ,22.03.2024,7351976070039223
2029944735588,13.03.2024 11:13,НатАЛЬя ВАСИЛЬеВА,+7 9881 47 79,3,амуниЦИя ДлЯ СОбАК,5,5956.82,43.18,pROcesSiNg,спасибо за заказ,22.03.2024,7351976070039223
2029944735588,13.03.2024 11:13,НатАЛЬя ВАСИЛЬеВА,+7 9881 47 79,3,аМУНиция для сОбАк,4,4348.2,451.8,PROCeSsIng,спасибо за заказ,22.03.2024,7351976070039223
2029944734605,2024-03-04 08:31:08,сЕРгеЙ сиДОРов,+7 9339 35 89,4,подписКа НА ГаЗету,3,1641.12,158.88,coMPLETEd,Ждём с нетерпением!,01.03.2024,1920645400731248
2029944734605,2024-03-04 08:31:08,сЕРгеЙ сиДОРов,+7 9339 35 89,3,АмУниЦиЯ для СОБАк,2,2339.88,60.12,COmplEtED,Ждём с нетерпением!,01.03.2024,1920645400731248
2029944734605,2024-03-04 08:31:08,сЕРгеЙ сиДОРов,+7 9339 35 89,3,АмУНИЦиЯ ДЛя СоБаК,2,2032.77,367.23,COMPlEted,Ждём с нетерпением!,01.03.2024,1920645400731248
2029944734605,2024-03-04 08:31:08,сЕРгеЙ сиДОРов,+7 9339 35 89,4,пОдпИска НА гаЗЕТу,3,1706.9,93.1,COMpleted,Ждём с нетерпением!,01.03.2024,1920645400731248
2029944734605,2024-03-04 08:31:08,сЕРгеЙ сиДОРов,+7 9339 35 89,5,МОЛоко,3,7287.64,1712.36,coMPLeTeD,Ждём с нетерпением!,01.03.2024,1920645400731248
2029944733776,2024/03/21 15:38:15,дмИТРий кУзНЕЦОв,+7 9687 98 29,3,амуНицИя ДлЯ собАК,2,2336.19,63.81,prOceSsiNg,Нужно уточнить сроки,14.03.2024,3729329609809988
2029944733776,2024/03/21 15:38:15,дмИТРий кУзНЕЦОв,+7 9687 98 29,1,КоРМ ДЛЯ СОБак,4,1647.87,352.13,pRoceSsiNG,Нужно уточнить сроки,14.03.2024,3729329609809988
2029944733776,2024/03/21 15:38:15,дмИТРий кУзНЕЦОв,+7 9687 98 29,4,ПОдпиСка на ГАЗЕТу,5,2709.51,290.49,PrOCeSSiNg,Нужно уточнить сроки,14.03.2024,3729329609809988
2029944733776,2024/03/21 15:38:15,дмИТРий кУзНЕЦОв,+7 9687 98 29,1,КОрм ДЛя соБАК,4,1786.79,213.21,prOcessING,Нужно уточнить сроки,14.03.2024,3729329609809988
2029944732479,2024-03-07 20:15:58,анНа смиРновА,+7 9734 89 43,1,Корм дЛя СОбАК,5,2366.33,133.67,prOceSsing,Проверить наличие,2024-03-24,8281036961888566
2029944732479,2024-03-07 20:15:58,анНа смиРновА,+7 9734 89 43,3,АмунИЦИЯ для соБаК,4,3944.31,855.69,ProceSsinG,Проверить наличие,2024-03-24,8281036961888566
2029944732479,2024-03-07 20:15:58,анНа смиРновА,+7 9734 89 43,2,ИГРУшКА мЯч,4,997.94,202.06,PRoCEssiNg,Проверить наличие,2024-03-24,8281036961888566
2029944731507,2024-03-07 08:13:15,Елена ноВиКовА,8(9529) 57-19,5,молОКо,3,7448.94,1551.06,coMPLeTEd,Всё отлично!,2024/03/30,5831829252483721
2029944731507,2024-03-07 08:13:15,Елена ноВиКовА,8(9529) 57-19,5,МОЛокО,1,2670.23,329.77,comPletEd,Всё отлично!,2024/03/30,5831829252483721
2029944730172,2024-03-02 17:46:16,НАТаЛЬя васИЛЬЕВа,+7(9132)04-67,5,мОЛОко,5,12331.5,2668.5,caNcELlED,Ждём с нетерпением!,2024-03-07,2561445459372035
2029944730172,2024-03-02 17:46:16,НАТаЛЬя васИЛЬЕВа,+7(9132)04-67,5,молОКО,2,5971.01,28.99,canCeLLeD,Ждём с нетерпением!,2024-03-07,2561445459372035
2029944729549,28.03.2024 08:31,дмИтРИЙ кУЗНеЦОВ,8(9127) 39-97,2,иГрушка МяЧ,1,292.5,7.5,caNcELLEd,Всё отлично!,2024-03-16,9635822451881300
2029944729549,28.03.2024 08:31,дмИтРИЙ кУЗНеЦОВ,8(9127) 39-97,1,Корм ДЛя СобАК,2,815.58,184.42,cAncEllED,Всё отлично!,2024-03-16,9635822451881300
2029944729549,28.03.2024 08:31,дмИтРИЙ кУЗНеЦОВ,8(9127) 39-97,3,аМУнИЦИя дЛя сОбак,5,5897.79,102.21,CanCeLlED,Всё отлично!,2024-03-16,9635822451881300
2029944729549,28.03.2024 08:31,дмИтРИЙ кУЗНеЦОВ,8(9127) 39-97,3,аМУницИя длЯ соБак,4,4396.6,403.4,canceLleD,Всё отлично!,2024-03-16,9635822451881300
2029944728342,2024/03/04 17:43:54,СеРГЕй сидороВ,+7 9465 88 46,2,ИГрУШКА мЯЧ,3,890.02,9.98,pROCEsSing,Проверить наличие,2024/03/29,6130937537811464
2029944727808,09.03.2024 00:34,ОльгА кузНецОва,+7 9504 62 55,3,амУнИция дЛя СоБАк,3,2881.74,718.26,coMPleTED,спасибо за заказ,2024/03/11,6216303002459252
2029944727808,09.03.2024 00:34,ОльгА кузНецОва,+7 9504 62 55,2,иГруШКА мЯч,5,1232.47,267.53,CoMPLEteD,спасибо за заказ,2024/03/11,6216303002459252
2029944727808,09.03.2024 00:34,ОльгА кузНецОва,+7 9504 62 55,1,КОрМ ДЛЯ соБаК,3,1388.6,111.4,COmpLETeD,спасибо за заказ,2024/03/11,6216303002459252
2029944727808,09.03.2024 00:34,ОльгА кузНецОва,+7 9504 62 55,2,ИГРУШка МяЧ,1,281.72,18.28,coMPLeTed,спасибо за заказ,2024/03/11,6216303002459252
2029944726249,2024-03-30 01:02:45,иВАн иВаНОВ,+7 9928 77 14,4,ПодПИСка НА ГаЗету,3,1788.23,11.77,CanCeLLeD,Всё отлично!,2024-03-01,3795045865530961
2029944726249,2024-03-30 01:02:45,иВАн иВаНОВ,+7 9928 77 14,2,иГрушка МЯЧ,2,525.68,74.32,canCElLEd,Всё отлично!,2024-03-01,3795045865530961
2029944725735,2024/03/26 03:45:39,еЛЕНА ноВиКова,+7(9725)62-38,5,МолоКо,4,11952.71,47.29,PrOcESSinG,Нужно уточнить сроки,2024-03-25,2235461674848252
2029944725735,2024/03/26 03:45:39,еЛЕНА ноВиКова,+7(9725)62-38,3,аМУниЦИЯ дЛя СОбАк,3,3114.75,485.25,proCessiNg,Нужно уточнить сроки,2024-03-25,2235461674848252
2029944724328,2024-03-28 10:28:22,МарИЯ ПЕТРовА,+7 9401 88 35,5,молОКО,3,7303.35,1696.65,prOCessinG,Всё отлично!,2024/03/27,7100441566180693
2029944724328,2024-03-28 10:28:22,МарИЯ ПЕТРовА,+7 9401 88 35,5,моЛОкО,4,11049.65,950.35,ProcessINg,Всё отлично!,2024/03/27,7100441566180693
2029944724328,2024-03-28 10:28:22,МарИЯ ПЕТРовА,+7 9401 88 35,1,кОрМ Для собак,1,427.71,72.29,pRoCessing,Всё отлично!,2024/03/27,7100441566180693
2029944723939,2024-03-29 02:39:11,сЕрГеЙ СидоРоВ,+7(9800)12-24,5,МоЛоко,2,5471.68,528.32,cAnCELleD,Проверить наличие,2024/03/16,0020442011478581
2029944723939,2024-03-29 02:39:11,сЕрГеЙ СидоРоВ,+7(9800)12-24,5,МоЛОкО,2,5806.93,193.07,CanCELLEd,Проверить наличие,2024/03/16,0020442011478581
2029944722557,07.03.2024 21:10,НАтаЛЬЯ ВАСиЛьевА,8(9624) 54-57,2,ИГрУШКА мЯЧ,2,489.62,110.38,prOCeSSiNG,Всё отлично!,2024/03/03,9025341799998678
2029944722557,07.03.2024 21:10,НАтаЛЬЯ ВАСиЛьевА,8(9624) 54-57,5,МОЛокО,5,14342.52,657.48,ProcessInG,Всё отлично!,2024/03/03,9025341799998678
2029944721527,2024-03-06 06:52:35,ИвАн иВАнОв,+7 9059 13 02,2,ИгРушКа МЯЧ,1,299.78,0.22,PROcessing,Нужно уточнить сроки,2024/03/23,4439689105115233
2029944721527,2024-03-06 06:52:35,ИвАн иВАнОв,+7 9059 13 02,5,Молоко,5,13919.5,1080.5,PROCeSSiNG,Нужно уточнить сроки,2024/03/23,4439689105115233
2029944721527,2024-03-06 06:52:35,ИвАн иВАнОв,+7 9059 13 02,2,иГрУшкА МЯЧ,2,483.95,116.05,pRoCEssING,Нужно уточнить сроки,2024/03/23,4439689105115233
2029944721527,2024-03-06 06:52:35,ИвАн иВАнОв,+7 9059 13 02,2,иГРуШКА мЯч,1,299.04,0.96,pROCEssINg,Нужно уточнить сроки,2024/03/23,4439689105115233
2029944720686,29.03.2024 04:51,елЕНа ноВикОВа,+7 9027 30 68,1,КоРм Для собАК,2,869.74,130.26,CompLETed,Ждём с нетерпением!,2024-03-08,6278885084068756
2029944719605,2024-03-27 08:24:03,алЕКСЕй МИхАйлОВ,+7 9045 90 82,5,МОлоКО,5,12309.07,2690.93,cANCEllED,"Задержка с доставкой, печалька...",14.03.2024,6362665123081718
2029944719605,2024-03-27 08:24:03,алЕКСЕй МИхАйлОВ,+7 9045 90 82,5,молокО,4,11795.08,204.92,CANCeLLeD,"Задержка с доставкой, печалька...",14.03.2024,6362665123081718
2029944719605,2024-03-27 08:24:03,алЕКСЕй МИхАйлОВ,+7 9045 90 82,4,подпискА На гАзеТу,5,2515.49,484.51,CAnCellED,"Задержка с доставкой, печалька...",14.03.2024,6362665123081718
2029944719605,2024-03-27 08:24:03,алЕКСЕй МИхАйлОВ,+7 9045 90 82,5,мОЛОКО,5,12955.54,2044.46,CAnCelLED,"Задержка с доставкой, печалька...",14.03.2024,6362665123081718
2029944719605,2024-03-27 08:24:03,алЕКСЕй МИхАйлОВ,+7 9045 90 82,3,амУнИЦиЯ дЛя соБаК,4,4262.79,537.21,CaNceLLed,"Задержка с доставкой, печалька...",14.03.2024,6362665123081718
2029944718844,03.03.2024 07:35,оЛьГА кУЗНеЦОВА,+7(9833)05-89,4,ПоДПИскА на ГаЗЕТу,4,2331.34,68.66,CancellED,Ждём с нетерпением!,11.03.2024,6707232704647585
2029944718844,03.03.2024 07:35,оЛьГА кУЗНеЦОВА,+7(9833)05-89,2,ИГРуШКа МяЧ,4,1142.0,58.0,CanceLleD,Ждём с нетерпением!,11.03.2024,6707232704647585
2029944717602,2024/03/09 15:54:06,аЛЕКсеЙ миХАЙлОВ,+7 9560 67 65,3,АМУНиЦиЯ ДЛЯ СОбаК,5,5510.58,489.42,COmPleTed,Ждём с нетерпением!,03.03.2024,6998328217775221
2029944717602,2024/03/09 15:54:06,аЛЕКсеЙ миХАЙлОВ,+7 9560 67 65,4,поДпиСКа на гаЗЕтУ,3,1630.58,169.42,ComplEtEd,Ждём с нетерпением!,03.03.2024,6998328217775221
2029944717602,2024/03/09 15:54:06,аЛЕКсеЙ миХАЙлОВ,+7 9560 67 65,2,ИгрУШКа МяЧ,1,271.7,28.3,CoMpLEtED,Ждём с нетерпением!,03.03.2024,6998328217775221
2029944717602,2024/03/09 15:54:06,аЛЕКсеЙ миХАЙлОВ,+7 9560 67 65,3,АмУНициЯ длЯ СобаК,5,5612.2,387.8,CompLeTed,Ждём с нетерпением!,03.03.2024,6998328217775221
2029944716426,2024/03/07 14:19:12,Мария ПеТРОва,+7(9319)63-23,5,МоЛокО,2,5138.39,861.61,pRocEsSinG,спасибо за заказ,2024/03/19,2442893221991883
2029944716426,2024/03/07 14:19:12,Мария ПеТРОва,+7(9319)63-23,5,молоКо,1,2567.32,432.68,PrOCEsSING,спасибо за заказ,2024/03/19,2442893221991883
2029944716426,2024/03/07 14:19:12,Мария ПеТРОва,+7(9319)63-23,5,МОлоКО,3,7540.89,1459.11,PROCESsIng,спасибо за заказ,2024/03/19,2442893221991883
2029944715918,06.03.2024 09:20,ДмиТРИй кУЗнЕцов,+7(9943)10-46,5,МОЛОКо,5,14108.95,891.05,comPlETed,Ждём с нетерпением!,2024/03/08,3901958747943213
2029944715918,06.03.2024 09:20,ДмиТРИй кУЗнЕцов,+7(9943)10-46,2,игРУШКа МЯч,1,256.97,43.03,COMpletED,Ждём с нетерпением!,2024/03/08,3901958747943213
2029944715918,06.03.2024 09:20,ДмиТРИй кУЗнЕцов,+7(9943)10-46,2,игруШкА МЯЧ,5,1371.0,129.0,complEteD,Ждём с нетерпением!,2024/03/08,3901958747943213
2029944715918,06.03.2024 09:20,ДмиТРИй кУЗнЕцов,+7(9943)10-46,4,подПИСка НА газеТУ,4,2131.93,268.07,CoMPLeteD,Ждём с нетерпением!,2024/03/08,3901958747943213
2029944715918,06.03.2024 09:20,ДмиТРИй кУЗнЕцов,+7(9943)10-46,3,амуНициЯ ДЛЯ СОБАк,4,4793.17,6.83,coMPleTed,Ждём с нетерпением!,2024/03/08,3901958747943213
2029944714375,15.03.2024 07:26,нАталЬя ваСильЕва,+7 9021 55 26,5,моЛоКО,3,8946.19,53.81,cOmPleTed,спасибо за заказ,15.03.2024,1724111039074111
2029944714375,15.03.2024 07:26,нАталЬя ваСильЕва,+7 9021 55 26,3,аМУниЦИЯ длЯ сОБак,5,5606.92,393.08,COMPLeTed,спасибо за заказ,15.03.2024,1724111039074111
2029944714375,15.03.2024 07:26,нАталЬя ваСильЕва,+7 9021 55 26,5,мОЛокО,5,14167.59,832.41,COMplETED,спасибо за заказ,15.03.2024,1724111039074111
2029944713800,09.03.2024 14:27,ИВАН ИвАноВ,8(9192) 23-74,4,ПоДпИскА На ГАЗеТу,1,496.62,103.38,PRocesSINg,"Задержка с доставкой, печалька...",2024/03/13,8236471746628539
2029944713800,09.03.2024 14:27,ИВАН ИвАноВ,8(9192) 23-74,5,МОЛОКо,5,14677.49,322.51,pRoCeSSInG,"Задержка с доставкой, печалька...",2024/03/13,8236471746628539
2029944713800,09.03.2024 14:27,ИВАН ИвАноВ,8(9192) 23-74,4,поДПИскА на гАзЕТу,3,1495.91,304.09,pROCesSiNG,"Задержка с доставкой, печалька...",2024/03/13,8236471746628539
2029944712504,2024/03/04 16:13:37,МИхАил оРлОВ,8(9984) 59-70,4,пОдПИска нА Газету,4,1967.7,432.3,cANCelLED,подарок вовремя,06.03.2024,7612138071379346
2029944712504,2024/03/04 16:13:37,МИхАил оРлОВ,8(9984) 59-70,1,кОрМ ДлЯ Собак,3,1437.59,62.41,CANCeLLED,подарок вовремя,06.03.2024,7612138071379346
2029944712504,2024/03/04 16:13:37,МИхАил оРлОВ,8(9984) 59-70,3,амУнИцИя ДЛЯ СоБак,3,3558.09,41.91,CaNcellEd,подарок вовремя,06.03.2024,7612138071379346
2029944711870,2024/03/09 14:54:43,МИХаил оРЛов,+7 9137 48 32,2,ИГруШКА МЯЧ,2,531.22,68.78,PROcEsSiNG,Всё отлично!,2024/03/01,2139885371688179
2029944711870,2024/03/09 14:54:43,МИХаил оРЛов,+7 9137 48 32,5,МоЛоко,3,8043.49,956.51,pROcEsSing,Всё отлично!,2024/03/01,2139885371688179
2029944711870,2024/03/09 14:54:43,МИХаил оРЛов,+7 9137 48 32,5,МОлОко,3,8487.7,512.3,pROCessINg,Всё отлично!,2024/03/01,2139885371688179
2029944711870,2024/03/09 14:54:43,МИХаил оРЛов,+7 9137 48 32,1,кОрм ДлЯ СОБаК,5,2175.69,324.31,ProCessING,Всё отлично!,2024/03/01,2139885371688179
2029944710359,2024/03/09 00:13:45,сЕРгЕй СИДОРОВ,8(9546) 99-14,1,корм дЛЯ собАк,5,2103.49,396.51,CompLeted,подарок вовремя,2024/03/26,7180677723572540
2029944710359,2024/03/09 00:13:45,сЕРгЕй СИДОРОВ,8(9546) 99-14,3,АмунИЦия дЛЯ соБак,2,1963.69,436.31,COMpleTed,подарок вовремя,2024/03/26,7180677723572540
2029944710359,2024/03/09 00:13:45,сЕРгЕй СИДОРОВ,8(9546) 99-14,1,КОрМ ДЛя СобаК,2,832.31,167.69,COmPleTed,подарок вовремя,2024/03/26,7180677723572540
2029944709241,22.03.2024 13:46,аЛЕКСЕй мИхАЙлоВ,+7(9026)00-77,3,АМУниция длЯ сОБАК,3,2931.67,668.33,caNCELLed,Ждём с нетерпением!,12.03.2024,0105003297710139
2029944709241,22.03.2024 13:46,аЛЕКСЕй мИхАЙлоВ,+7(9026)00-77,2,ИГРуШКа мЯЧ,3,754.42,145.58,CancELLED,Ждём с нетерпением!,12.03.2024,0105003297710139
2029944709241,22.03.2024 13:46,аЛЕКСЕй мИхАЙлоВ,+7(9026)00-77,2,ИГРУШКа МяЧ,4,1003.5,196.5,CaNcellED,Ждём с нетерпением!,12.03.2024,0105003297710139
2029944708882,2024-03-19 04:21:01,елЕнА ноВИкОвА,8(9844) 08-90,4,пОДПИСка НА ГаЗетУ,5,2722.59,277.41,coMpleTeD,подарок вовремя,2024-03-23,3829631943208949
2029944708882,2024-03-19 04:21:01,елЕнА ноВИкОвА,8(9844) 08-90,4,поДпИскА на гАзеТу,4,2350.51,49.49,coMpLetED,подарок вовремя,2024-03-23,3829631943208949
2029944708882,2024-03-19 04:21:01,елЕнА ноВИкОвА,8(9844) 08-90,2,игруШКа мяч,2,519.75,80.25,coMPleTeD,подарок вовремя,2024-03-23,3829631943208949
2029944708882,2024-03-19 04:21:01,елЕнА ноВИкОвА,8(9844) 08-90,4,ПОдпиСка НА ГазетУ,5,2860.43,139.57,cOmpLetEd,подарок вовремя,2024-03-23,3829631943208949
2029944708882,2024-03-19 04:21:01,елЕнА ноВИкОвА,8(9844) 08-90,4,пОДПИсКА На гАЗЕту,4,1932.52,467.48,COmplEteD,подарок вовремя,2024-03-23,3829631943208949
2029944707171,2024-03-09 23:36:52,нАТалЬя ВасИлЬеВА,8(9956) 43-77,1,коРМ ДлЯ СОбАК,4,1977.17,22.83,CanCelLEd,подарок вовремя,26.03.2024,9395570351146645
2029944707171,2024-03-09 23:36:52,нАТалЬя ВасИлЬеВА,8(9956) 43-77,1,КОРМ ДЛЯ СОбак,5,2309.5,190.5,CaNcelleD,подарок вовремя,26.03.2024,9395570351146645
2029944707171,2024-03-09 23:36:52,нАТалЬя ВасИлЬеВА,8(9956) 43-77,5,МОЛоко,1,2659.13,340.87,CAnceLleD,подарок вовремя,26.03.2024,9395570351146645
2029944706833,03.03.2024 23:01,иВАН иВАНОВ,+7(9768)73-16,3,АмуНИция ДлЯ СобаК,2,2156.52,243.48,procESSInG,Ждём с нетерпением!,2024/03/07,7551741200329471
2029944706833,03.03.2024 23:01,иВАН иВАНОВ,+7(9768)73-16,3,амУниЦИя ДЛя Собак,1,994.34,205.66,prOCESsiNg,Ждём с нетерпением!,2024/03/07,7551741200329471
2029944705368,06.03.2024 02:34,ДМИТРиЙ куЗнЕЦОВ,8(9719) 50-58,5,мОЛоКо,4,11154.98,845.02,CAncELLed,Всё отлично!,24.03.2024,1089445489605629
2029944705368,06.03.2024 02:34,ДМИТРиЙ куЗнЕЦОВ,8(9719) 50-58,2,ИГРУШкА мЯЧ,4,997.92,202.08,CANCElLED,Всё отлично!,24.03.2024,1089445489605629
2029944705368,06.03.2024 02:34,ДМИТРиЙ куЗнЕЦОВ,8(9719) 50-58,5,МОЛоКо,2,5370.48,629.52,canCELLEd,Всё отлично!,24.03.2024,1089445489605629
2029944705368,06.03.2024 02:34,ДМИТРиЙ куЗнЕЦОВ,8(9719) 50-58,1,корМ длЯ собАк,3,1305.73,194.27,cancelLED,Всё отлично!,24.03.2024,1089445489605629
2029944704222,2024-03-02 03:19:13,мАРИЯ пЕТрОВА,8(9042) 82-91,3,аМуНИцИя для СОбАК,4,4530.63,269.37,canCelLEd,Ждём с нетерпением!,2024-03-15,7600688674888468
2029944704222,2024-03-02 03:19:13,мАРИЯ пЕТрОВА,8(9042) 82-91,1,коРМ дЛя СОбак,4,1686.87,313.13,CANCElleD,Ждём с нетерпением!,2024-03-15,7600688674888468
2029944704222,2024-03-02 03:19:13,мАРИЯ пЕТрОВА,8(9042) 82-91,4,поДПиска НА ГазЕтУ,5,2881.27,118.73,CAnceLLEd,Ждём с нетерпением!,2024-03-15,7600688674888468
2029944704222,2024-03-02 03:19:13,мАРИЯ пЕТрОВА,8(9042) 82-91,1,КОрм дЛя СоБаК,2,915.89,84.11,canCelLED,Ждём с нетерпением!,2024-03-15,7600688674888468
2029942911506,2024-03-05 14:46:58,ОЛЬГа кУзНеЦоВа,8(9902) 39-11,1,КоРМ дЛя сОбАК,4,1708.46,291.54,CanceLlED,подарок вовремя,2024-03-22,2693026289373045
2029942911506,2024-03-05 14:46:58,ОЛЬГа кУзНеЦоВа,8(9902) 39-11,2,игрушКа МЯЧ,3,841.27,58.73,CAnceLled,подарок вовремя,2024-03-22,2693026289373045
2029942911506,2024-03-05 14:46:58,ОЛЬГа кУзНеЦоВа,8(9902) 39-11,4,ПодПисКА на гаЗетУ,4,2295.12,104.88,CANceLleD,подарок вовремя,2024-03-22,2693026289373045
2029942911506,2024-03-05 14:46:58,ОЛЬГа кУзНеЦоВа,8(9902) 39-11,5,молОКО,4,11811.65,188.35,CANCElled,подарок вовремя,2024-03-22,2693026289373045
2029942910172,03.03.2024 09:34,олЬгА КУзнеЦОва,8(9418) 79-96,5,мОлоКо,5,12911.12,2088.88,cOmpleTED,Нужно уточнить сроки,2024/03/23,9766833066978975
2029942910172,03.03.2024 09:34,олЬгА КУзнеЦОва,8(9418) 79-96,1,коРм ДЛЯ СОбАК,2,910.74,89.26,COmPlETEd,Нужно уточнить сроки,2024/03/23,9766833066978975
2029942910172,03.03.2024 09:34,олЬгА КУзнеЦОва,8(9418) 79-96,3,аМуНиция дЛя СобаК,1,1167.91,32.09,coMpLEtED,Нужно уточнить сроки,2024/03/23,9766833066978975
2029942910172,03.03.2024 09:34,олЬгА КУзнеЦОва,8(9418) 79-96,5,мОЛОКо,4,10018.63,1981.37,CoMpLEteD,Нужно уточнить сроки,2024/03/23,9766833066978975
2029942909659,2024/03/10 05:23:20,ИвАн ИвАнов,+7(9436)37-97,2,иГрУшка мЯЧ,4,1196.6,3.4,canCELLEd,подарок вовремя,03.03.2024,1810428997767154
2029942909659,2024/03/10 05:23:20,ИвАн ИвАнов,+7(9436)37-97,4,поДпИска НА ГаЗеТУ,3,1610.44,189.56,CaNcElLED,подарок вовремя,03.03.2024,1810428997767154
2029942909659,2024/03/10 05:23:20,ИвАн ИвАнов,+7(9436)37-97,1,КОрм Для СоБАК,2,802.85,197.15,CAnCELLED,подарок вовремя,03.03.2024,1810428997767154
2029942909659,2024/03/10 05:23:20,ИвАн ИвАнов,+7(9436)37-97,5,молОко,4,11701.44,298.56,canceLLed,подарок вовремя,03.03.2024,1810428997767154
2029942908303,2024/03/28 21:06:27,аЛеКсей мИхАЙЛОВ,+7 9551 55 15,4,пОдПиСКа НА ГазеТу,1,594.95,5.05,PRoCESSiNG,Нужно уточнить сроки,25.03.2024,4049473953257536
2029942908303,2024/03/28 21:06:27,аЛеКсей мИхАЙЛОВ,+7 9551 55 15,4,ПОдпИсКА НА гАЗетУ,5,2850.27,149.73,pRoceSSiNG,Нужно уточнить сроки,25.03.2024,4049473953257536
2029942908303,2024/03/28 21:06:27,аЛеКсей мИхАЙЛОВ,+7 9551 55 15,3,амУНИциЯ для СОБАк,1,1178.8,21.2,proCESsING,Нужно уточнить сроки,25.03.2024,4049473953257536
2029942908303,2024/03/28 21:06:27,аЛеКсей мИхАЙЛОВ,+7 9551 55 15,1,кОрМ дЛя сОбАк,5,2413.79,86.21,PRoCeSSIng,Нужно уточнить сроки,25.03.2024,4049473953257536
2029942907426,2024/03/22 11:45:11,ИВаН ИвАнов,+7(9517)67-39,1,КорМ Для собАК,1,456.22,43.78,coMplEtED,"Задержка с доставкой, печалька...",2024-03-18,8681261639407882
2029942907426,2024/03/22 11:45:11,ИВаН ИвАнов,+7(9517)67-39,3,АМуНиЦИЯ ДЛя сОБаК,1,1098.23,101.77,coMplEtEd,"Задержка с доставкой, печалька...",2024-03-18,8681261639407882
2029942907426,2024/03/22 11:45:11,ИВаН ИвАнов,+7(9517)67-39,3,аМУниция Для собАК,1,1115.36,84.64,ComplEtEd,"Задержка с доставкой, печалька...",2024-03-18,8681261639407882
2029942907426,2024/03/22 11:45:11,ИВаН ИвАнов,+7(9517)67-39,4,ПОдПИСкА нА ГазЕТу,2,1156.57,43.43,COmPLeted,"Задержка с доставкой, печалька...",2024-03-18,8681261639407882
2029942907426,2024/03/22 11:45:11,ИВаН ИвАнов,+7(9517)67-39,4,пОДпиСКА на гАЗЕту,1,553.7,46.3,cOMpleTED,"Задержка с доставкой, печалька...",2024-03-18,8681261639407882
2029942906309,2024-03-14 04:19:16,НАТаЛьЯ ВаСИЛьевА,+7 9448 87 23,1,КоРм длЯ соБак,2,992.81,7.19,CoMplETed,спасибо за заказ,2024/03/25,3863718254264438
2029942906309,2024-03-14 04:19:16,НАТаЛьЯ ВаСИЛьевА,+7 9448 87 23,1,КОРМ ДЛЯ соБАК,5,2229.65,270.35,COMpLetED,спасибо за заказ,2024/03/25,3863718254264438
2029942906309,2024-03-14 04:19:16,НАТаЛьЯ ВаСИЛьевА,+7 9448 87 23,1,КОРМ дЛЯ сОБАк,4,1606.83,393.17,COmPLetEd,спасибо за заказ,2024/03/25,3863718254264438
2029942906309,2024-03-14 04:19:16,НАТаЛьЯ ВаСИЛьевА,+7 9448 87 23,2,игрУШКа мяЧ,4,961.56,238.44,CoMpLeted,спасибо за заказ,2024/03/25,3863718254264438
2029942905900,2024-03-09 06:15:59,ДмиТРИЙ КУзНеЦоВ,8(9036) 87-33,4,ПодПискА На гАзетУ,2,973.26,226.74,ComPLETEd,Всё отлично!,2024-03-31,0439096251588723
2029942904913,31.03.2024 19:43,алеКСей МихаЙлОв,+7(9365)80-84,5,молОКО,5,13026.16,1973.84,cOmpleTed,"Задержка с доставкой, печалька...",2024-03-02,4211279919271534
2029942903499,18.03.2024 14:12,аЛеКсеЙ мИХаЙЛов,8(9262) 96-80,5,мОЛоко,2,5863.18,136.82,CaNcElLEd,Ждём с нетерпением!,22.03.2024,1193205749742668
2029942902774,2024-03-12 04:38:00,ЕлЕна нОВикОВа,+7(9952)91-59,5,моЛОКо,3,8432.11,567.89,canCELled,Всё отлично!,2024/03/20,8027116169681648
2029942902774,2024-03-12 04:38:00,ЕлЕна нОВикОВа,+7(9952)91-59,3,АМунИЦИЯ ДЛя собАК,3,2884.38,715.62,CaNcELLed,Всё отлично!,2024/03/20,8027116169681648
2029942902774,2024-03-12 04:38:00,ЕлЕна нОВикОВа,+7(9952)91-59,2,ИгРУшка мяч,4,981.73,218.27,canCeLlED,Всё отлично!,2024/03/20,8027116169681648
2029942902774,2024-03-12 04:38:00,ЕлЕна нОВикОВа,+7(9952)91-59,2,ИГРУшка мЯЧ,4,1055.65,144.35,canCELLEd,Всё отлично!,2024/03/20,8027116169681648
2029942901664,2024/03/12 07:02:05,оЛЬГа куЗНецовА,8(9610) 79-23,2,игрУшка МЯЧ,1,260.01,39.99,cOMpLeTed,спасибо за заказ,2024/03/30,8386266380894143
2029942900744,2024-03-02 13:37:49,ОЛьГа кузНеЦОвА,8(9662) 20-05,1,КОрм дЛЯ СоБАК,5,2039.97,460.03,ProcEsSiNg,подарок вовремя,2024/03/26,3996541826523645
2029942900744,2024-03-02 13:37:49,ОЛьГа кузНеЦОвА,8(9662) 20-05,1,КорМ ДЛЯ СобАк,2,949.65,50.35,proCesSINg,подарок вовремя,2024/03/26,3996541826523645
2029942899519,2024-03-12 02:41:03,ольГа куЗнеЦовА,+7 9078 09 33,1,КоРМ ДЛЯ СобАК,2,987.35,12.65,CAnceLlED,подарок вовремя,31.03.2024,8891687485798004
2029942899519,2024-03-12 02:41:03,ольГа куЗнеЦовА,+7 9078 09 33,4,поДпиСка на ГАЗЕТУ,4,2271.53,128.47,cAncElleD,подарок вовремя,31.03.2024,8891687485798004
2029942899519,2024-03-12 02:41:03,ольГа куЗнеЦовА,+7 9078 09 33,3,амунИЦИя ДЛя СОБаК,1,1112.03,87.97,cAnceLLEd,подарок вовремя,31.03.2024,8891687485798004
2029942899519,2024-03-12 02:41:03,ольГа куЗнеЦовА,+7 9078 09 33,3,АмуНиция ДЛя СОБаК,5,5114.46,885.54,cAnCElLED,подарок вовремя,31.03.2024,8891687485798004
2029942898969,2024/03/24 12:58:38,МАРия петроВа,+7(9317)92-61,3,амуНИЦИЯ ДлЯ соБак,1,1045.26,154.74,COmpleTeD,Нужно уточнить сроки,14.03.2024,8989260094487206
2029942898969,2024/03/24 12:58:38,МАРия петроВа,+7(9317)92-61,2,ИгРушКА Мяч,4,989.96,210.04,COmPlEted,Нужно уточнить сроки,14.03.2024,8989260094487206
2029942898969,2024/03/24 12:58:38,МАРия петроВа,+7(9317)92-61,1,корМ ДЛЯ сОбаК,2,957.49,42.51,coMPleTEd,Нужно уточнить сроки,14.03.2024,8989260094487206
2029942897875,2024/03/18 09:02:15,МИхАиЛ ОрЛоВ,8(9195) 07-83,2,ИгРУшКа мЯч,1,298.01,1.99,cANcElLED,спасибо за заказ,2024/03/29,4665881044220550
2029942897875,2024/03/18 09:02:15,МИхАиЛ ОрЛоВ,8(9195) 07-83,2,ИГрушкА мяЧ,4,1088.89,111.11,CaNCEllEd,спасибо за заказ,2024/03/29,4665881044220550
2029942897875,2024/03/18 09:02:15,МИхАиЛ ОрЛоВ,8(9195) 07-83,4,ПоДПИска нА ГАЗету,2,1108.0,92.0,canCEllEd,спасибо за заказ,2024/03/29,4665881044220550
2029942897875,2024/03/18 09:02:15,МИхАиЛ ОрЛоВ,8(9195) 07-83,1,КОрм ДЛя сОБАК,1,450.48,49.52,canCElLED,спасибо за заказ,2024/03/29,4665881044220550
2029942897875,2024/03/18 09:02:15,МИхАиЛ ОрЛоВ,8(9195) 07-83,5,молоко,5,12564.22,2435.78,CaNcELlEd,спасибо за заказ,2024/03/29,4665881044220550
2029942896563,01.03.2024 23:53,НАТалья ваСиЛЬеВа,+7 9462 66 20,3,амУНИЦИя для СОБАк,3,3370.62,229.38,COMpLeTed,Нужно уточнить сроки,2024/03/28,0415118204128856
2029942896563,01.03.2024 23:53,НАТалья ваСиЛЬеВа,+7 9462 66 20,2,игРуШка мЯЧ,1,265.36,34.64,cOMplEted,Нужно уточнить сроки,2024/03/28,0415118204128856
2029942896563,01.03.2024 23:53,НАТалья ваСиЛЬеВа,+7 9462 66 20,2,ИГрушКА мЯч,1,279.19,20.81,coMplEtEd,Нужно уточнить сроки,2024/03/28,0415118204128856
2029942896563,01.03.2024 23:53,НАТалья ваСиЛЬеВа,+7 9462 66 20,3,аМунИЦИя длЯ СобАК,4,4015.08,784.92,cOmPletEd,Нужно уточнить сроки,2024/03/28,0415118204128856
2029942895273,2024/03/03 06:53:34,сЕргеЙ сиДОРОВ,+7(9743)50-30,2,ИгРуШКа МЯч,4,1179.74,20.26,CANCeLleD,Всё отлично!,05.03.2024,4998341151091432
2029942895273,2024/03/03 06:53:34,сЕргеЙ сиДОРОВ,+7(9743)50-30,3,АмУнИцИя Для СОБАк,2,1934.29,465.71,CANcELleD,Всё отлично!,05.03.2024,4998341151091432
2029942895273,2024/03/03 06:53:34,сЕргеЙ сиДОРОВ,+7(9743)50-30,5,мОлоко,2,5460.41,539.59,cAnCEllED,Всё отлично!,05.03.2024,4998341151091432
2029942895273,2024/03/03 06:53:34,сЕргеЙ сиДОРОВ,+7(9743)50-30,2,иГруШКа мяч,4,1181.93,18.07,cAnCELled,Всё отлично!,05.03.2024,4998341151091432
2029942894472,2024/03/04 14:47:49,марИЯ ПЕтРОва,+7 9060 58 54,1,кОРМ дЛЯ СОБАК,5,2057.12,442.88,cOMPlETEd,Нужно уточнить сроки,2024-03-11,0497871397717444
2029942894472,2024/03/04 14:47:49,марИЯ ПЕтРОва,+7 9060 58 54,4,пОДпиСкА на гАЗЕТУ,2,1125.73,74.27,ComPleTeD,Нужно уточнить сроки,2024-03-11,0497871397717444
2029942894472,2024/03/04 14:47:49,марИЯ ПЕтРОва,+7 9060 58 54,2,ИгрУШКА мяЧ,4,1011.61,188.39,cOmPleTed,Нужно уточнить сроки,2024-03-11,0497871397717444
2029942893421,2024-03-23 12:30:03,нАТАЛья ВАсиЛьЕВа,+7(9950)25-91,2,игрУШКа МяЧ,5,1298.38,201.62,cANceLLed,Нужно уточнить сроки,2024/03/19,0945495178035795
2029942893421,2024-03-23 12:30:03,нАТАЛья ВАсиЛьЕВа,+7(9950)25-91,4,ПОдПиСКА нА ГАЗету,1,592.47,7.53,CAncElLed,Нужно уточнить сроки,2024/03/19,0945495178035795
2029942893421,2024-03-23 12:30:03,нАТАЛья ВАсиЛьЕВа,+7(9950)25-91,1,КОРМ длЯ СОбАк,5,2145.26,354.74,CanceLLed,Нужно уточнить сроки,2024/03/19,0945495178035795
2029942892343,2024/03/22 16:02:25,еЛена НовИКова,+7 9437 49 60,4,ПодПиска нА ГазЕТу,2,1136.29,63.71,CAnCeLLED,Проверить наличие,30.03.2024,7774245642687785
2029942892343,2024/03/22 16:02:25,еЛена НовИКова,+7 9437 49 60,2,ИГрушка мЯЧ,2,552.56,47.44,CANCelled,Проверить наличие,30.03.2024,7774245642687785
2029942892343,2024/03/22 16:02:25,еЛена НовИКова,+7 9437 49 60,4,поДпИСКА на гАЗетУ,2,1106.46,93.54,CANceLLeD,Проверить наличие,30.03.2024,7774245642687785
2029942892343,2024/03/22 16:02:25,еЛена НовИКова,+7 9437 49 60,1,КорМ дЛя собак,5,2308.74,191.26,cAncELleD,Проверить наличие,30.03.2024,7774245642687785
2029942891344,2024-03-31 01:44:37,Ольга КУЗнеЦова,+7(9939)62-03,1,кОРМ дЛя СоБАк,2,866.91,133.09,pRocESsINg,Всё отлично!,2024-03-17,8588313851795068
2029942891344,2024-03-31 01:44:37,Ольга КУЗнеЦова,+7(9939)62-03,3,амУниЦиЯ ДлЯ СобаК,3,3522.01,77.99,ProCEssinG,Всё отлично!,2024-03-17,8588313851795068
2029942891344,2024-03-31 01:44:37,Ольга КУЗнеЦова,+7(9939)62-03,3,АмУНицИя ДЛЯ соБаК,1,1054.38,145.62,pRocEssIng,Всё отлично!,2024-03-17,8588313851795068
2029942890969,2024/03/12 00:01:04,ОЛьГа кузНЕцовА,8(9593) 82-85,1,коРМ дЛЯ СОбак,2,888.0,112.0,PrOceSsiNG,Ждём с нетерпением!,2024/03/22,7466283063638393
2029942890969,2024/03/12 00:01:04,ОЛьГа кузНЕцовА,8(9593) 82-85,2,игрушКа МЯч,2,565.7,34.3,PRocesSing,Ждём с нетерпением!,2024/03/22,7466283063638393
2029942890969,2024/03/12 00:01:04,ОЛьГа кузНЕцовА,8(9593) 82-85,2,игРушка мЯч,1,292.84,7.16,prOcEsSinG,Ждём с нетерпением!,2024/03/22,7466283063638393
2029942890969,2024/03/12 00:01:04,ОЛьГа кузНЕцовА,8(9593) 82-85,4,ПОдпиСКа НА гАзЕтУ,4,2036.74,363.26,ProcessINg,Ждём с нетерпением!,2024/03/22,7466283063638393
2029942890969,2024/03/12 00:01:04,ОЛьГа кузНЕцовА,8(9593) 82-85,4,подписКа на гАЗЕту,5,2671.84,328.16,ProCESsinG,Ждём с нетерпением!,2024/03/22,7466283063638393
2029942889281,13.03.2024 09:17,НаТаЛЬЯ ВаСилЬеВа,+7(9523)25-53,5,мОЛокО,5,13495.59,1504.41,ProcessinG,Всё отлично!,08.03.2024,1348126090241706
2029942889281,13.03.2024 09:17,НаТаЛЬЯ ВаСилЬеВа,+7(9523)25-53,4,пОдпИСкА на Газету,3,1635.06,164.94,PROCeSsiNg,Всё отлично!,08.03.2024,1348126090241706
2029942889281,13.03.2024 09:17,НаТаЛЬЯ ВаСилЬеВа,+7(9523)25-53,4,ПоДПИСка На ГАзЕту,4,2394.92,5.08,PROceSSInG,Всё отлично!,08.03.2024,1348126090241706
2029942889281,13.03.2024 09:17,НаТаЛЬЯ ВаСилЬеВа,+7(9523)25-53,4,пОДПисКа НА ГАзету,3,1520.28,279.72,pROCeSsINg,Всё отлично!,08.03.2024,1348126090241706
2029942888917,2024-03-16 15:16:21,МарИЯ пЕТРоВА,8(9319) 32-82,2,игрушКа мяч,1,258.78,41.22,COmpleTED,Всё отлично!,2024-03-06,9859593801353528
2029942887260,23.03.2024 06:53,елЕнА НОвИКова,+7(9020)83-86,3,аМУнИЦия дЛЯ СобАК,5,5936.06,63.94,ComPlETED,Ждём с нетерпением!,2024-03-02,9188657763627629
2029942886572,2024/03/13 14:43:50,мариЯ ПетрОвА,8(9597) 21-81,4,поДпИСКА на ГаЗЕТУ,5,2841.51,158.49,cANcellED,Проверить наличие,2024/03/27,5045722707622196
2029942886572,2024/03/13 14:43:50,мариЯ ПетрОвА,8(9597) 21-81,4,ПоДпискА На ГАЗетУ,4,1931.86,468.14,caNCELlED,Проверить наличие,2024/03/27,5045722707622196
2029942886572,2024/03/13 14:43:50,мариЯ ПетрОвА,8(9597) 21-81,1,КОрм дЛя сОбаК,4,1679.1,320.9,caNCELLed,Проверить наличие,2024/03/27,5045722707622196
2029942886572,2024/03/13 14:43:50,мариЯ ПетрОвА,8(9597) 21-81,3,аМУнИцИЯ ДЛЯ СОбак,1,1119.43,80.57,canCEllEd,Проверить наличие,2024/03/27,5045722707622196
2029942886572,2024/03/13 14:43:50,мариЯ ПетрОвА,8(9597) 21-81,3,АмУнИЦИя Для сОБАК,3,2977.27,622.73,CAncEllEd,Проверить наличие,2024/03/27,5045722707622196
2029942885458,29.03.2024 05:58,ИвАн ИВаНоВ,+7 9642 45 90,4,поДПИскА нА ГАЗЕТу,1,579.18,20.82,cANcElLED,Проверить наличие,31.03.2024,3318438460481945
2029942885458,29.03.2024 05:58,ИвАн ИВаНоВ,+7 9642 45 90,4,поДпИсКА нА ГаЗету,1,523.78,76.22,cancElLEd,Проверить наличие,31.03.2024,3318438460481945
2029942884191,2024-03-15 02:15:22,ОЛЬГА куЗНецОВа,+7(9478)35-75,3,АмУНИЦИя ДЛЯ соБАК,2,2387.84,12.16,CanCeLLeD,Ждём с нетерпением!,2024-03-21,3632962297692000
2029942884191,2024-03-15 02:15:22,ОЛЬГА куЗНецОВа,+7(9478)35-75,2,ИГруШка Мяч,4,988.68,211.32,cANCELleD,Ждём с нетерпением!,2024-03-21,3632962297692000
2029942884191,2024-03-15 02:15:22,ОЛЬГА куЗНецОВа,+7(9478)35-75,5,МОЛОкО,2,5534.23,465.77,caNCelleD,Ждём с нетерпением!,2024-03-21,3632962297692000
2029942884191,2024-03-15 02:15:22,ОЛЬГА куЗНецОВа,+7(9478)35-75,2,игруШкА мяЧ,4,980.19,219.81,CANcELlEd,Ждём с нетерпением!,2024-03-21,3632962297692000
2029942883488,2024-03-17 05:32:13,Иван ИвАнОв,+7 9716 65 16,1,корм длЯ СОбАК,5,2192.16,307.84,CAnCeLLeD,подарок вовремя,2024-03-12,6932571927889239
2029942882411,2024/03/31 00:02:54,ЕлЕна новИКОвА,+7 9326 94 57,3,АмУНИциЯ длЯ соБАк,3,3481.48,118.52,pRoCeSsiNG,Всё отлично!,13.03.2024,2952254343184096
2029942882411,2024/03/31 00:02:54,ЕлЕна новИКОвА,+7 9326 94 57,2,иГРушкА мЯч,1,264.27,35.73,PrOcEssInG,Всё отлично!,13.03.2024,2952254343184096
2029942882411,2024/03/31 00:02:54,ЕлЕна новИКОвА,+7 9326 94 57,3,АмуНИция длЯ СоБак,2,2103.71,296.29,ProCesSing,Всё отлично!,13.03.2024,2952254343184096
2029942881437,2024-03-28 09:38:06,ОЛьга КуЗнеЦОвА,+7 9497 62 52,5,МОЛОКо,3,7943.97,1056.03,CoMPletEd,"Задержка с доставкой, печалька...",2024-03-12,2058990736626494
2029942880948,29.03.2024 23:36,ОльгА КуЗнЕЦОВА,8(9828) 94-45,4,ПОДПИскА НА ГаЗеТу,5,2559.97,440.03,PrOceSSING,"Задержка с доставкой, печалька...",07.03.2024,1585424019203285
2029942880948,29.03.2024 23:36,ОльгА КуЗнЕЦОВА,8(9828) 94-45,2,игРуШка мяч,3,840.91,59.09,pROCessinG,"Задержка с доставкой, печалька...",07.03.2024,1585424019203285
2029942880948,29.03.2024 23:36,ОльгА КуЗнЕЦОВА,8(9828) 94-45,3,аМуНицИЯ ДлЯ сОБак,5,5783.97,216.03,prOcesSING,"Задержка с доставкой, печалька...",07.03.2024,1585424019203285
2029942880948,29.03.2024 23:36,ОльгА КуЗнЕЦОВА,8(9828) 94-45,1,КоРМ Для СОбАк,5,2148.0,352.0,pROCeSSiNg,"Задержка с доставкой, печалька...",07.03.2024,1585424019203285
2029942879559,05.03.2024 19:11,анНа СмИрНОВа,+7(9472)74-11,3,АмУНИцИЯ для СОБАк,4,4228.01,571.99,pROCESSiNG,Проверить наличие,2024/03/30,7708345112319051
2029942878915,2024/03/08 05:58:45,ЕлЕНа НоВиКОВа,8(9511) 79-46,2,игруШка мЯч,5,1410.31,89.69,prOCEssiNg,Проверить наличие,04.03.2024,8914249078084532
2029942878915,2024/03/08 05:58:45,ЕлЕНа НоВиКОВа,8(9511) 79-46,3,аМунИциЯ дЛЯ СОбак,1,986.3,213.7,pROcessinG,Проверить наличие,04.03.2024,8914249078084532
2029942878915,2024/03/08 05:58:45,ЕлЕНа НоВиКОВа,8(9511) 79-46,3,амУНИЦИя дЛя СОбаК,4,3843.9,956.1,pROCesSinG,Проверить наличие,04.03.2024,8914249078084532
2029942878915,2024/03/08 05:58:45,ЕлЕНа НоВиКОВа,8(9511) 79-46,3,АмунИЦИЯ дЛЯ СобАк,4,4745.87,54.13,ProCEsSIng,Проверить наличие,04.03.2024,8914249078084532
2029942877651,2024-03-21 03:50:10,оЛьгА кУзнЕЦова,8(9654) 63-04,3,АмУНициЯ дЛЯ соБАк,5,5218.48,781.52,cancEllEd,спасибо за заказ,2024/03/09,8471446016408836
2029942877651,2024-03-21 03:50:10,оЛьгА кУзнЕЦова,8(9654) 63-04,2,ИГрУшка мЯЧ,4,1088.31,111.69,CaNCElLeD,спасибо за заказ,2024/03/09,8471446016408836
2029942877651,2024-03-21 03:50:10,оЛьгА кУзнЕЦова,8(9654) 63-04,3,амуницИЯ дЛЯ СОбАК,2,2161.23,238.77,cANceLLED,спасибо за заказ,2024/03/09,8471446016408836
2029942876355,2024/03/18 00:30:45,ивАн иВанОВ,8(9151) 45-19,4,ПоДпиСка нА гАЗЕТУ,5,2723.39,276.61,cOmpLetED,Нужно уточнить сроки,2024/03/01,7688520985090228
2029942876355,2024/03/18 00:30:45,ивАн иВанОВ,8(9151) 45-19,1,КОрМ Для сОБАК,2,816.41,183.59,comPletED,Нужно уточнить сроки,2024/03/01,7688520985090228
2029942876355,2024/03/18 00:30:45,ивАн иВанОВ,8(9151) 45-19,5,моЛОКО,2,5692.39,307.61,COMplETeD,Нужно уточнить сроки,2024/03/01,7688520985090228
2029942875762,2024-03-15 18:54:12,оЛЬГа кузнЕЦовА,8(9811) 69-28,3,аМУнИЦИя длЯ сОБак,4,4741.05,58.95,CancellED,Нужно уточнить сроки,08.03.2024,5338753580117815
2029942875762,2024-03-15 18:54:12,оЛЬГа кузнЕЦовА,8(9811) 69-28,3,амуНИЦия дЛя СОбАК,1,1045.61,154.39,CAnCelLED,Нужно уточнить сроки,08.03.2024,5338753580117815
2029942875762,2024-03-15 18:54:12,оЛЬГа кузнЕЦовА,8(9811) 69-28,2,игрушКА мяч,3,813.98,86.02,cANcElLeD,Нужно уточнить сроки,08.03.2024,5338753580117815
2029942875762,2024-03-15 18:54:12,оЛЬГа кузнЕЦовА,8(9811) 69-28,5,мОЛоКО,2,5795.23,204.77,CancEllEd,Нужно уточнить сроки,08.03.2024,5338753580117815
2029942874769,2024/03/14 00:27:46,СерГЕй сИДОРоВ,+7(9860)41-49,4,поДПИСка На ГАзЕтУ,1,559.47,40.53,CAncelLed,Проверить наличие,01.03.2024,8590089134347698
2029942873491,07.03.2024 21:14,НаТалЬя ВаСиЛьЕВА,+7 9370 37 24,3,АМуНИциЯ ДЛЯ СОбаК,1,1144.52,55.48,comPLETed,Проверить наличие,2024/03/19,0930613575328609
2029942873491,07.03.2024 21:14,НаТалЬя ВаСиЛьЕВА,+7 9370 37 24,3,АмУнИциЯ ДлЯ СОбАК,1,1167.56,32.44,CoMPLetED,Проверить наличие,2024/03/19,0930613575328609
2029942873491,07.03.2024 21:14,НаТалЬя ВаСиЛьЕВА,+7 9370 37 24,3,аМУНИЦИЯ для СОБАК,1,1019.97,180.03,COmPLeted,Проверить наличие,2024/03/19,0930613575328609
2029942873491,07.03.2024 21:14,НаТалЬя ВаСиЛьЕВА,+7 9370 37 24,5,МОлОко,1,2716.95,283.05,CompLeTed,Проверить наличие,2024/03/19,0930613575328609
2029942873491,07.03.2024 21:14,НаТалЬя ВаСиЛьЕВА,+7 9370 37 24,1,кОРМ для соБаК,3,1469.8,30.2,comPlETeD,Проверить наличие,2024/03/19,0930613575328609
2029942872507,2024/03/01 14:45:02,МаРиЯ пЕтРова,+7 9100 04 26,5,МолоКо,5,12235.29,2764.71,cAncElLED,Всё отлично!,27.03.2024,9780521087396369
2029942872507,2024/03/01 14:45:02,МаРиЯ пЕтРова,+7 9100 04 26,3,аМунИЦиЯ для соБАК,2,2155.17,244.83,CancELLED,Всё отлично!,27.03.2024,9780521087396369
2029942872507,2024/03/01 14:45:02,МаРиЯ пЕтРова,+7 9100 04 26,2,иГРУшка Мяч,1,276.47,23.53,canCELLeD,Всё отлично!,27.03.2024,9780521087396369
2029942872507,2024/03/01 14:45:02,МаРиЯ пЕтРова,+7 9100 04 26,1,КОрМ для СОбАК,4,1892.32,107.68,CAncelLEd,Всё отлично!,27.03.2024,9780521087396369
2029942871399,2024/03/02 21:06:03,аЛЕкСей миХаЙлоВ,+7 9501 25 25,5,МолоКо,3,7606.43,1393.57,cOMplETED,спасибо за заказ,2024-03-06,2592641536049433
2029942871399,2024/03/02 21:06:03,аЛЕкСей миХаЙлоВ,+7 9501 25 25,3,АмУнИцИЯ ДлЯ СоБак,5,4976.29,1023.71,coMPLetED,спасибо за заказ,2024-03-06,2592641536049433
2029942871399,2024/03/02 21:06:03,аЛЕкСей миХаЙлоВ,+7 9501 25 25,3,АмуНИцИЯ дЛя СоБаК,5,5712.2,287.8,COMpLeTed,спасибо за заказ,2024-03-06,2592641536049433
2029942871399,2024/03/02 21:06:03,аЛЕкСей миХаЙлоВ,+7 9501 25 25,4,поДПИска НА ГаЗеТУ,1,544.35,55.65,cOMPLEted,спасибо за заказ,2024-03-06,2592641536049433
2029942870753,27.03.2024 22:27,НАтАлья вАСиЛЬЕвА,+7(9702)26-13,5,моЛОко,2,5525.09,474.91,PROcessING,Ждём с нетерпением!,2024-03-31,5215937474004771
2029942870753,27.03.2024 22:27,НАтАлья вАСиЛЬЕвА,+7(9702)26-13,3,АмУНиЦиЯ ДЛЯ СОбак,4,4154.98,645.02,procEsSing,Ждём с нетерпением!,2024-03-31,5215937474004771
2029942870753,27.03.2024 22:27,НАтАлья вАСиЛЬЕвА,+7(9702)26-13,1,КОрм ДЛЯ собАк,2,919.08,80.92,pRocESSINg,Ждём с нетерпением!,2024-03-31,5215937474004771
2029942869332,2024-03-09 14:50:22,сЕРгЕй СиДоРОВ,8(9214) 73-94,4,ПОДПиска на ГазЕту,2,1147.29,52.71,comPleTeD,"Задержка с доставкой, печалька...",09.03.2024,8101751920117697
2029942869332,2024-03-09 14:50:22,сЕРгЕй СиДоРОВ,8(9214) 73-94,3,аМУНИЦия ДЛя СОбаК,4,4151.47,648.53,COmpLetED,"Задержка с доставкой, печалька...",09.03.2024,8101751920117697
2029942869332,2024-03-09 14:50:22,сЕРгЕй СиДоРОВ,8(9214) 73-94,1,коРм дЛя Собак,2,891.61,108.39,COMPLEted,"Задержка с доставкой, печалька...",09.03.2024,8101751920117697
2029942869332,2024-03-09 14:50:22,сЕРгЕй СиДоРОВ,8(9214) 73-94,1,корм ДЛя СоБАК,1,421.47,78.53,coMpLeteD,"Задержка с доставкой, печалька...",09.03.2024,8101751920117697
2029942869332,2024-03-09 14:50:22,сЕРгЕй СиДоРОВ,8(9214) 73-94,2,игрУшКа мяч,5,1343.18,156.82,cOmPLETed,"Задержка с доставкой, печалька...",09.03.2024,8101751920117697
2029942868891,2024/03/24 12:22:47,Иван ИВанОВ,+7 9687 18 68,4,ПОДпиСкА на ГаЗеТУ,4,2330.62,69.38,CAnCeLled,Всё отлично!,10.03.2024,5027654247543586
2029942868891,2024/03/24 12:22:47,Иван ИВанОВ,+7 9687 18 68,5,мОЛОКо,5,12763.69,2236.31,caNceLLEd,Всё отлично!,10.03.2024,5027654247543586
2029942867495,2024-03-09 01:28:36,мАриЯ пЕтРОвА,8(9104) 30-64,5,МОлОКо,3,8424.13,575.87,PRocessiNG,Нужно уточнить сроки,2024-03-13,8094200908969069
2029942867495,2024-03-09 01:28:36,мАриЯ пЕтРОвА,8(9104) 30-64,1,кОРм ДЛя СоБак,2,880.05,119.95,PRoCessing,Нужно уточнить сроки,2024-03-13,8094200908969069
2029942867495,2024-03-09 01:28:36,мАриЯ пЕтРОвА,8(9104) 30-64,2,ИгРУШка Мяч,5,1218.84,281.16,PROCESsInG,Нужно уточнить сроки,2024-03-13,8094200908969069
2029942867495,2024-03-09 01:28:36,мАриЯ пЕтРОвА,8(9104) 30-64,3,АмУниЦиЯ для СоБаК,3,3219.09,380.91,PROCEssinG,Нужно уточнить сроки,2024-03-13,8094200908969069
2029942866904,2024-03-03 18:47:48,ИВаН ИваНОВ,8(9185) 32-64,1,КОРМ ДЛя собак,1,466.61,33.39,PROCESSIng,подарок вовремя,2024-03-29,9829958376933360
2029942866904,2024-03-03 18:47:48,ИВаН ИваНОВ,8(9185) 32-64,5,молоКО,5,13570.65,1429.35,ProcEssINg,подарок вовремя,2024-03-29,9829958376933360
2029942866904,2024-03-03 18:47:48,ИВаН ИваНОВ,8(9185) 32-64,2,ИГРушКа мяЧ,5,1394.91,105.09,proceSSIng,подарок вовремя,2024-03-29,9829958376933360
2029942866904,2024-03-03 18:47:48,ИВаН ИваНОВ,8(9185) 32-64,3,аМУНиЦИя для СобАк,1,981.18,218.82,PRoCESsINg,подарок вовремя,2024-03-29,9829958376933360
2029942865796,17.03.2024 12:35,натАЛЬя вАсИлЬевА,+7(9286)02-66,1,КОРМ Для СоБаК,2,907.93,92.07,ProCESsing,подарок вовремя,2024/03/05,9160004292729680
2029942865796,17.03.2024 12:35,натАЛЬя вАсИлЬевА,+7(9286)02-66,3,аМУнИЦия длЯ сОБАк,1,1162.35,37.65,pRocESsInG,подарок вовремя,2024/03/05,9160004292729680
2029942864350,2024-03-01 03:53:25,анНА смИрНова,+7(9252)87-71,2,ИГрУшКА мяЧ,2,586.67,13.33,PROcESsing,подарок вовремя,2024/03/03,1824895778700885
2029942864350,2024-03-01 03:53:25,анНА смИрНова,+7(9252)87-71,4,поДписКА НА ГазЕТУ,5,2500.52,499.48,ProcessiNg,подарок вовремя,2024/03/03,1824895778700885
2029942864350,2024-03-01 03:53:25,анНА смИрНова,+7(9252)87-71,1,корм ДЛЯ соБаК,5,2354.85,145.15,PRoceSsing,подарок вовремя,2024/03/03,1824895778700885
2029942863333,07.03.2024 03:56,иВаН Иванов,+7 9091 80 21,2,ИгРУшКа МЯЧ,2,502.38,97.62,compLEted,Ждём с нетерпением!,2024/03/31,0531246756708008
2029942863333,07.03.2024 03:56,иВаН Иванов,+7 9091 80 21,5,молоКо,1,2766.06,233.94,CompLEted,Ждём с нетерпением!,2024/03/31,0531246756708008
2029942862876,2024/03/17 14:09:24,МАрИЯ ПЕтрова,8(9850) 03-37,1,КОрМ длЯ сОБАК,2,829.23,170.77,PrOcESSInG,Всё отлично!,09.03.2024,9280936183376992
2029942862876,2024/03/17 14:09:24,МАрИЯ ПЕтрова,8(9850) 03-37,5,мОлОко,5,12804.36,2195.64,PrOCesSIng,Всё отлично!,09.03.2024,9280936183376992
2029942862876,2024/03/17 14:09:24,МАрИЯ ПЕтрова,8(9850) 03-37,5,МОлОКО,5,13889.64,1110.36,ProCEsSiNg,Всё отлично!,09.03.2024,9280936183376992
2029942862876,2024/03/17 14:09:24,МАрИЯ ПЕтрова,8(9850) 03-37,1,коРМ ДлЯ сОбаК,4,1749.02,250.98,pROCesSIng,Всё отлично!,09.03.2024,9280936183376992
2029942861490,10.03.2024 10:22,нАтАльЯ вАсИлЬЕВА,+7 9113 92 73,3,амуниЦия Для собАК,2,2327.76,72.24,CAnCELlEd,спасибо за заказ,2024-03-28,6088764042871642
2029942861490,10.03.2024 10:22,нАтАльЯ вАсИлЬЕВА,+7 9113 92 73,4,пОДПисКА На ГазеТу,1,501.37,98.63,cANceLLED,спасибо за заказ,2024-03-28,6088764042871642
2029942861490,10.03.2024 10:22,нАтАльЯ вАсИлЬЕВА,+7 9113 92 73,3,АмуНицИЯ дЛя собак,1,1029.53,170.47,caNCELLED,спасибо за заказ,2024-03-28,6088764042871642
2029942861490,10.03.2024 10:22,нАтАльЯ вАсИлЬЕВА,+7 9113 92 73,3,АмУнИЦИя ДлЯ СоБАК,5,4933.46,1066.54,caNCElled,спасибо за заказ,2024-03-28,6088764042871642
2029942861490,10.03.2024 10:22,нАтАльЯ вАсИлЬЕВА,+7 9113 92 73,4,ПоДпиСка НА ГазЕТу,2,1178.43,21.57,cancellEd,спасибо за заказ,2024-03-28,6088764042871642
2029942860412,2024/03/16 21:11:42,олЬГА КузНеЦова,8(9044) 38-00,2,игРУШКа мяч,5,1241.83,258.17,PROCESsIng,спасибо за заказ,2024/03/18,1449449038718169
2029942860412,2024/03/16 21:11:42,олЬГА КузНеЦова,8(9044) 38-00,2,игРУШКА мяч,5,1250.55,249.45,prOCESSInG,спасибо за заказ,2024/03/18,1449449038718169
2029942860412,2024/03/16 21:11:42,олЬГА КузНеЦова,8(9044) 38-00,1,КОРМ ДЛя СОБаК,1,431.06,68.94,pROCEsSinG,спасибо за заказ,2024/03/18,1449449038718169
2029942860412,2024/03/16 21:11:42,олЬГА КузНеЦова,8(9044) 38-00,1,КОРм Для собаК,3,1439.53,60.47,pRocessIng,спасибо за заказ,2024/03/18,1449449038718169
2029942859553,2024/03/13 20:48:34,наталЬЯ васильеВА,+7(9462)91-72,2,игРушка мяЧ,1,261.34,38.66,proCEsSInG,"Задержка с доставкой, печалька...",2024/03/09,0624375890019767
2029942859553,2024/03/13 20:48:34,наталЬЯ васильеВА,+7(9462)91-72,1,корм длЯ СобАК,2,810.99,189.01,processiNg,"Задержка с доставкой, печалька...",2024/03/09,0624375890019767
2029942859553,2024/03/13 20:48:34,наталЬЯ васильеВА,+7(9462)91-72,3,АМУНиция дЛЯ сОБАк,5,5141.29,858.71,prOcESsiNg,"Задержка с доставкой, печалька...",2024/03/09,0624375890019767
2029942859553,2024/03/13 20:48:34,наталЬЯ васильеВА,+7(9462)91-72,3,амуниЦия ДЛя СОБАК,2,2020.34,379.66,pROcESSInG,"Задержка с доставкой, печалька...",2024/03/09,0624375890019767
2029942859553,2024/03/13 20:48:34,наталЬЯ васильеВА,+7(9462)91-72,1,КоРМ дЛЯ соБак,3,1404.62,95.38,pRoceSsInG,"Задержка с доставкой, печалька...",2024/03/09,0624375890019767
2029942858549,19.03.2024 02:47,МАРИЯ пеТРоВА,+7(9369)52-21,1,корм дЛя собАк,2,830.17,169.83,CanCelLEd,"Задержка с доставкой, печалька...",2024/03/03,6919141615388550
2029942857129,20.03.2024 07:58,МарИя ПеТрОва,8(9038) 31-53,4,поДПИСКА НА гаЗеТу,2,983.75,216.25,CANCellED,Нужно уточнить сроки,29.03.2024,8934578220694204
2029942856455,2024/03/07 04:02:56,НаТАлья ваСилЬЕвА,+7(9544)07-98,5,МолОКО,5,13190.21,1809.79,cOMplETED,подарок вовремя,2024/03/26,8274499892395023
2029942856455,2024/03/07 04:02:56,НаТАлья ваСилЬЕвА,+7(9544)07-98,4,пОдПИска НА гаЗетУ,4,1934.29,465.71,ComPleTEd,подарок вовремя,2024/03/26,8274499892395023
2029942856455,2024/03/07 04:02:56,НаТАлья ваСилЬЕвА,+7(9544)07-98,2,ИгРушКА МЯЧ,3,781.05,118.95,cOmpLETeD,подарок вовремя,2024/03/26,8274499892395023
2029942856455,2024/03/07 04:02:56,НаТАлья ваСилЬЕвА,+7(9544)07-98,1,КоРМ ДЛЯ СОБак,5,2066.62,433.38,COMpLeTeD,подарок вовремя,2024/03/26,8274499892395023
2029942856455,2024/03/07 04:02:56,НаТАлья ваСилЬЕвА,+7(9544)07-98,1,КорМ дЛЯ СОБак,3,1433.33,66.67,CoMPLETed,подарок вовремя,2024/03/26,8274499892395023
2029942855518,2024/03/06 00:31:59,еЛена НоВИКовА,+7(9472)76-49,4,ПодПИСКа НА ГаЗЕтУ,2,1118.48,81.52,PrOcESsiNG,Проверить наличие,2024/03/25,0392727654515590
2029942855518,2024/03/06 00:31:59,еЛена НоВИКовА,+7(9472)76-49,1,кОРМ ДлЯ СобаК,5,2349.42,150.58,PROcESsinG,Проверить наличие,2024/03/25,0392727654515590
2029942854195,2024/03/10 19:27:15,ОльгА КУзНеЦоВА,+7(9368)79-32,5,МолОКо,2,5430.67,569.33,COMpleteD,Проверить наличие,2024-03-31,1089725308485321
2029942854195,2024/03/10 19:27:15,ОльгА КУзНеЦоВА,+7(9368)79-32,1,кОрм для СоБАК,3,1367.96,132.04,ComPLetED,Проверить наличие,2024-03-31,1089725308485321
2029942854195,2024/03/10 19:27:15,ОльгА КУзНеЦоВА,+7(9368)79-32,5,мОлоко,4,10448.41,1551.59,COMpleTEd,Проверить наличие,2024-03-31,1089725308485321
2029942854195,2024/03/10 19:27:15,ОльгА КУзНеЦоВА,+7(9368)79-32,2,игрУШка МяЧ,1,274.43,25.57,cOMpleted,Проверить наличие,2024-03-31,1089725308485321
2029942853825,2024/03/11 22:24:12,еЛена нОвИКовА,+7 9312 64 59,3,амуНИЦия для СОБак,3,3453.15,146.85,PrOcEssiNG,Нужно уточнить сроки,09.03.2024,0703683756607673
2029942853825,2024/03/11 22:24:12,еЛена нОвИКовА,+7 9312 64 59,4,подпиСкА НА гАЗеТУ,4,2143.57,256.43,PRocESSIng,Нужно уточнить сроки,09.03.2024,0703683756607673
2029942852956,2024-03-18 01:21:14,аЛекСей МихайлоВ,+7 9362 70 11,3,амуНИция ДЛЯ соБак,2,2216.24,183.76,caNCELled,спасибо за заказ,2024/03/09,1126665115983138
2029942852956,2024-03-18 01:21:14,аЛекСей МихайлоВ,+7 9362 70 11,4,ПоДПисКА НА ГаЗЕту,1,599.64,0.36,cancEllEd,спасибо за заказ,2024/03/09,1126665115983138
2029942852956,2024-03-18 01:21:14,аЛекСей МихайлоВ,+7 9362 70 11,5,МОлОко,2,4978.58,1021.42,CANCElLEd,спасибо за заказ,2024/03/09,1126665115983138
2029942851486,2024/03/10 12:03:26,ОЛьгА куЗнецова,+7(9709)24-87,4,ПодпискА НА гАзЕТУ,3,1513.54,286.46,CancElLED,Ждём с нетерпением!,2024/03/27,9286085685350107
2029942851486,2024/03/10 12:03:26,ОЛьгА куЗнецова,+7(9709)24-87,1,корМ длЯ сОбак,1,460.95,39.05,CaNCeLLed,Ждём с нетерпением!,2024/03/27,9286085685350107
2029942850918,2024-03-24 00:12:37,ЕленА нОВиКОвА,+7 9893 50 88,1,корМ ДлЯ СОбАК,2,819.47,180.53,ProCESSinG,Всё отлично!,2024/03/22,5831928054208572
2029942850918,2024-03-24 00:12:37,ЕленА нОВиКОвА,+7 9893 50 88,2,ИгрушКА МяЧ,1,284.86,15.14,PrOCeSSiNg,Всё отлично!,2024/03/22,5831928054208572
2029942850918,2024-03-24 00:12:37,ЕленА нОВиКОвА,+7 9893 50 88,3,АМунИЦИЯ для СОбаК,4,4481.24,318.76,pROceSSinG,Всё отлично!,2024/03/22,5831928054208572
2029942850918,2024-03-24 00:12:37,ЕленА нОВиКОвА,+7 9893 50 88,4,ПОдпиСКА на гАзеТу,5,2896.9,103.1,prOCesSing,Всё отлично!,2024/03/22,5831928054208572
2029942849676,2024-03-01 05:47:47,миХаИЛ ОрЛОв,8(9578) 68-90,3,аМуниЦИЯ Для собАК,5,5733.36,266.64,CAnCELleD,спасибо за заказ,2024-03-23,9623069148430291
2029942848584,2024/03/09 02:28:34,аННА СмИрНОВА,8(9188) 39-19,5,МОЛоКО,2,5776.18,223.82,canCELLeD,Ждём с нетерпением!,2024-03-21,5484655993069344
2029942848584,2024/03/09 02:28:34,аННА СмИрНОВА,8(9188) 39-19,2,ИгрушкА мЯч,1,250.91,49.09,CanCeLlED,Ждём с нетерпением!,2024-03-21,5484655993069344
2029942848584,2024/03/09 02:28:34,аННА СмИрНОВА,8(9188) 39-19,2,ИгрушКа мяЧ,1,261.94,38.06,canCeLlEd,Ждём с нетерпением!,2024-03-21,5484655993069344
2029942848584,2024/03/09 02:28:34,аННА СмИрНОВА,8(9188) 39-19,2,Игрушка мяч,3,741.47,158.53,caNCelleD,Ждём с нетерпением!,2024-03-21,5484655993069344
2029942847292,2024/03/18 15:21:24,ИвАн иВаНов,+7 9552 79 06,4,ПоДПИСКА на ГАзЕТУ,1,579.04,20.96,cOmpleTEd,Всё отлично!,2024-03-23,7268056618145229
2029942847292,2024/03/18 15:21:24,ИвАн иВаНов,+7 9552 79 06,5,моЛоКо,2,5434.18,565.82,coMPLEtED,Всё отлично!,2024-03-23,7268056618145229
2029942847292,2024/03/18 15:21:24,ИвАн иВаНов,+7 9552 79 06,2,ИгРУшкА мЯЧ,4,966.55,233.45,compLeTEd,Всё отлично!,2024-03-23,7268056618145229
2029942846768,2024/03/26 07:53:44,ДМитРиЙ куЗНеЦоВ,+7 9176 92 08,4,ПодпИСка нА ГАзЕТУ,4,2150.02,249.98,COMpleTeD,Проверить наличие,08.03.2024,6292992564206117
2029942846768,2024/03/26 07:53:44,ДМитРиЙ куЗНеЦоВ,+7 9176 92 08,1,коРМ длЯ СОбаК,2,823.73,176.27,complETeD,Проверить наличие,08.03.2024,6292992564206117
2029942846768,2024/03/26 07:53:44,ДМитРиЙ куЗНеЦоВ,+7 9176 92 08,2,ИгрушКА МЯЧ,4,1101.78,98.22,CoMpletED,Проверить наличие,08.03.2024,6292992564206117
2029942846768,2024/03/26 07:53:44,ДМитРиЙ куЗНеЦоВ,+7 9176 92 08,3,аМУНиЦИя дЛя собаК,3,3591.51,8.49,coMpLETED,Проверить наличие,08.03.2024,6292992564206117
2029942846768,2024/03/26 07:53:44,ДМитРиЙ куЗНеЦоВ,+7 9176 92 08,1,Корм ДЛя СобАк,5,2470.97,29.03,compLetED,Проверить наличие,08.03.2024,6292992564206117
2029942845393,2024-03-05 20:42:50,аннА сМИрНовА,8(9933) 33-89,5,МОлОКо,2,5562.69,437.31,ComplETed,Нужно уточнить сроки,2024/03/15,0106863268036947
2029942845393,2024-03-05 20:42:50,аннА сМИрНовА,8(9933) 33-89,2,ИГРушка мЯч,5,1330.99,169.01,coMPLeTed,Нужно уточнить сроки,2024/03/15,0106863268036947
2029942845393,2024-03-05 20:42:50,аннА сМИрНовА,8(9933) 33-89,4,ПОдпИСка НА ГазЕТУ,3,1617.27,182.73,comPLEtED,Нужно уточнить сроки,2024/03/15,0106863268036947
2029942845393,2024-03-05 20:42:50,аннА сМИрНовА,8(9933) 33-89,5,МОЛокО,1,2740.33,259.67,cOMpLetED,Нужно уточнить сроки,2024/03/15,0106863268036947
2029942844945,15.03.2024 19:19,АНнА СмИРнОвА,+7 9024 84 43,5,мОЛоКо,5,14676.8,323.2,CanCELLeD,Всё отлично!,2024-03-27,9985863867201328
2029942844945,15.03.2024 19:19,АНнА СмИРнОвА,+7 9024 84 43,3,амУНиЦия дЛЯ Собак,2,2362.68,37.32,CANcEllED,Всё отлично!,2024-03-27,9985863867201328
2029942844945,15.03.2024 19:19,АНнА СмИРнОвА,+7 9024 84 43,4,ПоДписКа НА ГАзЕту,2,1106.9,93.1,caNceLlED,Всё отлично!,2024-03-27,9985863867201328
2029942843399,09.03.2024 06:24,аННА смиРноВА,8(9858) 62-07,4,ПодПиСка На гаЗЕТу,1,521.81,78.19,pRocessING,спасибо за заказ,2024/03/18,6723778984644412
2029942842614,2024/03/27 00:19:54,мариЯ ПетРОВА,+7(9465)03-72,3,АМунИЦиЯ дЛя СОбак,4,4739.99,60.01,cOMPLetEd,подарок вовремя,2024/03/11,4524461345015458
2029942841710,10.03.2024 19:33,еЛЕНа новИКОвА,+7 9734 03 10,5,МОлоКо,3,8506.66,493.34,CanCELlEd,"Задержка с доставкой, печалька...",2024/03/16,0723770701661369
2029942841710,10.03.2024 19:33,еЛЕНа новИКОвА,+7 9734 03 10,1,КоРМ Для сОБАк,1,456.51,43.49,canCELled,"Задержка с доставкой, печалька...",2024/03/16,0723770701661369
2029942841710,10.03.2024 19:33,еЛЕНа новИКОвА,+7 9734 03 10,5,МолОКо,2,5948.62,51.38,CaNCelLed,"Задержка с доставкой, печалька...",2024/03/16,0723770701661369
2029942840668,12.03.2024 06:35,маРИЯ ПЕТрОВА,8(9703) 17-22,2,ИгРуШкА мЯч,1,245.37,54.63,proCESsiNG,подарок вовремя,2024/03/26,0268636751647947
2029942840668,12.03.2024 06:35,маРИЯ ПЕТрОВА,8(9703) 17-22,5,МолОКо,4,11166.97,833.03,pRocEssinG,подарок вовремя,2024/03/26,0268636751647947
2029942839930,2024-03-10 04:24:08,СЕргей сИдороВ,+7(9098)87-63,4,ПОДПиска На ГАЗЕтУ,5,2868.14,131.86,CanceLLEd,Всё отлично!,2024/03/07,0708434882923261
2029942838794,31.03.2024 00:43,ОЛЬГа кузнЕцоВА,8(9308) 39-40,1,корм Для СОбаК,3,1297.55,202.45,cOmPletED,Всё отлично!,2024-03-07,9533316687755551
2029942838794,31.03.2024 00:43,ОЛЬГа кузнЕцоВА,8(9308) 39-40,5,МОлОКО,5,14338.23,661.77,COMPlETed,Всё отлично!,2024-03-07,9533316687755551
2029942838794,31.03.2024 00:43,ОЛЬГа кузнЕцоВА,8(9308) 39-40,3,АМУнИЦИя дЛЯ Собак,5,5056.25,943.75,COmpleTEd,Всё отлично!,2024-03-07,9533316687755551
2029942837371,18.03.2024 15:49,дмиТриЙ кУзнецоВ,+7 9963 08 37,1,корМ дЛя СобАК,1,406.15,93.85,prOCessing,спасибо за заказ,2024-03-23,6349359307448047
2029942836938,2024-03-15 04:04:57,ОЛьгА кУЗнЕЦоВа,+7(9554)81-24,3,аМунИЦИЯ дЛя СОБАК,3,3580.68,19.32,pRoCEsSIng,Всё отлично!,26.03.2024,3895949293051559
2029942835357,2024/03/20 14:47:55,олЬГА КУзнЕЦОВа,+7(9967)10-37,2,игруШКА МяЧ,3,795.32,104.68,cANCElled,Проверить наличие,07.03.2024,3496600606585380
2029942835357,2024/03/20 14:47:55,олЬГА КУзнЕЦОВа,+7(9967)10-37,1,КОрм ДЛя СОБак,3,1388.43,111.57,cANceLLed,Проверить наличие,07.03.2024,3496600606585380
2029942835357,2024/03/20 14:47:55,олЬГА КУзнЕЦОВа,+7(9967)10-37,3,амУНиция длЯ собак,3,3486.35,113.65,CaNcelleD,Проверить наличие,07.03.2024,3496600606585380
2029942835357,2024/03/20 14:47:55,олЬГА КУзнЕЦОВа,+7(9967)10-37,4,ПодПИСка НА гАзЕТУ,5,2774.43,225.57,canceLled,Проверить наличие,07.03.2024,3496600606585380
2029942835357,2024/03/20 14:47:55,олЬГА КУзнЕЦОВа,+7(9967)10-37,3,АМУНИЦиЯ дЛя СОБаК,3,3411.71,188.29,CaNCelLEd,Проверить наличие,07.03.2024,3496600606585380
2029942834995,2024-03-08 14:51:37,аЛеКСеЙ мИхаЙЛов,+7(9719)25-06,3,амУНИЦИя для СоБАК,3,3278.34,321.66,COMPlETeD,Нужно уточнить сроки,2024-03-10,1737086334554977
2029942834995,2024-03-08 14:51:37,аЛеКСеЙ мИхаЙЛов,+7(9719)25-06,1,кОрМ для СобаК,4,1724.26,275.74,cOmPLETeD,Нужно уточнить сроки,2024-03-10,1737086334554977
2029942833687,2024-03-24 18:33:57,МАрИЯ петРова,+7 9078 54 24,2,иГРУшКА МЯЧ,5,1239.27,260.73,CANCElLEd,Всё отлично!,01.03.2024,2859421309592740
2029942833687,2024-03-24 18:33:57,МАрИЯ петРова,+7 9078 54 24,4,пОДПискА нА ГаЗЕТу,1,571.22,28.78,CANcelleD,Всё отлично!,01.03.2024,2859421309592740
2029942833687,2024-03-24 18:33:57,МАрИЯ петРова,+7 9078 54 24,1,КОРМ ДЛЯ СОБАК,1,408.65,91.35,caNCElleD,Всё отлично!,01.03.2024,2859421309592740
2029942832512,2024-03-07 07:14:08,мИХАИл ОрЛов,+7(9855)63-67,5,молОко,3,7498.29,1501.71,PROcEssInG,Проверить наличие,2024/03/19,6144694934581062
2029942831322,28.03.2024 12:05,мИХаИл оРлОВ,+7(9401)85-86,1,кОрМ ДЛЯ СоБаК,1,480.23,19.77,CaNCEllED,подарок вовремя,2024-03-10,5468347153085418
2029942831322,28.03.2024 12:05,мИХаИл оРлОВ,+7(9401)85-86,1,кОрМ длЯ СОбак,3,1378.66,121.34,CancellED,подарок вовремя,2024-03-10,5468347153085418
2029942830876,04.03.2024 08:44,ЕЛЕНа новиКовА,8(9697) 12-91,1,коРм ДлЯ сОБаК,5,2357.21,142.79,PRocESsiNG,Всё отлично!,2024-03-15,1075564070392070
2029942830876,04.03.2024 08:44,ЕЛЕНа новиКовА,8(9697) 12-91,1,коРм ДлЯ СоБаК,1,443.14,56.86,ProCESsINg,Всё отлично!,2024-03-15,1075564070392070
2029942830876,04.03.2024 08:44,ЕЛЕНа новиКовА,8(9697) 12-91,4,ПОДПисКа на ГаЗеТУ,4,2276.96,123.04,PROcEsSinG,Всё отлично!,2024-03-15,1075564070392070
2029942829968,05.03.2024 06:13,ивАн иванов,+7(9137)76-69,5,молОко,1,2507.21,492.79,coMpLeTeD,Ждём с нетерпением!,2024-03-25,7723911236816416
2029942828764,2024/03/28 17:06:48,АлекСЕЙ МихАЙлОв,+7(9794)69-04,5,МолОкО,5,12023.17,2976.83,cANCeLleD,Проверить наличие,2024-03-15,9967140217710961
2029942828764,2024/03/28 17:06:48,АлекСЕЙ МихАЙлОв,+7(9794)69-04,5,МоЛоКо,5,13087.47,1912.53,caNCeLLEd,Проверить наличие,2024-03-15,9967140217710961
2029942827818,13.03.2024 00:48,оЛЬГА КуЗНецОВА,+7 9967 58 83,4,пОДПИска нА ГазеТУ,2,1160.2,39.8,cANcElLeD,"Задержка с доставкой, печалька...",2024/03/15,2215502412533509
2029942827818,13.03.2024 00:48,оЛЬГА КуЗНецОВА,+7 9967 58 83,1,КоРМ дЛя СОбак,2,948.94,51.06,CaNCellEd,"Задержка с доставкой, печалька...",2024/03/15,2215502412533509
2029942826788,2024-03-10 07:16:56,СеРгЕЙ сидоРоВ,+7 9578 12 25,5,МоЛоКО,5,12935.51,2064.49,caNCelLEd,Ждём с нетерпением!,2024-03-18,4228386684539723
2029942825385,24.03.2024 10:26,ДМиТРИЙ кУзнеЦоВ,+7(9791)56-47,5,моЛоко,2,5920.94,79.06,compleTED,спасибо за заказ,2024/03/11,0867806196552151
2029942824497,2024/03/15 05:38:48,еЛЕна нОВИКОва,8(9070) 78-63,4,подпискА На ГаЗЕту,1,560.2,39.8,cAnCelleD,Ждём с нетерпением!,2024-03-01,8834239870356198
2029942824497,2024/03/15 05:38:48,еЛЕна нОВИКОва,8(9070) 78-63,2,иГрУшКА МяЧ,5,1347.26,152.74,cancELLED,Ждём с нетерпением!,2024-03-01,8834239870356198
2029942824497,2024/03/15 05:38:48,еЛЕна нОВИКОва,8(9070) 78-63,1,корМ для собАк,5,2420.5,79.5,canCeLLED,Ждём с нетерпением!,2024-03-01,8834239870356198
2029942824497,2024/03/15 05:38:48,еЛЕна нОВИКОва,8(9070) 78-63,3,амуНИциЯ дЛЯ СОБаК,3,3581.19,18.81,CANcELLeD,Ждём с нетерпением!,2024-03-01,8834239870356198
2029942823887,22.03.2024 20:22,АннА СмИрНОВА,+7(9812)57-38,4,пОдписка На гАЗеТу,3,1665.79,134.21,PRoCESsiNg,Нужно уточнить сроки,12.03.2024,5780085009080842
2029942823887,22.03.2024 20:22,АннА СмИрНОВА,+7(9812)57-38,4,ПоДПиСкА НА ГазЕту,2,1005.01,194.99,PrOCesSInG,Нужно уточнить сроки,12.03.2024,5780085009080842
2029942822909,2024-03-18 21:35:49,иваН ИвАНОВ,+7 9131 58 97,2,иГРУшка МЯч,4,988.98,211.02,PROcESsINg,Всё отлично!,2024/03/26,7569543529756452
2029942822909,2024-03-18 21:35:49,иваН ИвАНОВ,+7 9131 58 97,2,ИГРуШкА мЯч,2,595.24,4.76,PRoCESSIng,Всё отлично!,2024/03/26,7569543529756452
2029942822909,2024-03-18 21:35:49,иваН ИвАНОВ,+7 9131 58 97,4,ПодпИСКА нА гаЗЕТУ,3,1579.59,220.41,pROcessINg,Всё отлично!,2024/03/26,7569543529756452
2029942822909,2024-03-18 21:35:49,иваН ИвАНОВ,+7 9131 58 97,2,иГрУшКА МЯЧ,3,792.48,107.52,prOCessIng,Всё отлично!,2024/03/26,7569543529756452
2029942821103,2024/03/13 12:31:03,МарИЯ пЕтроВа,+7 9520 20 05,4,ПОДПисКа на ГАзету,5,2417.81,582.19,comPLeTed,"Задержка с доставкой, печалька...",25.03.2024,8276339653518378
2029942821103,2024/03/13 12:31:03,МарИЯ пЕтроВа,+7 9520 20 05,3,АмУНИЦИя ДЛЯ СОБАк,4,4776.75,23.25,cOmPLEtED,"Задержка с доставкой, печалька...",25.03.2024,8276339653518378
2029942821103,2024/03/13 12:31:03,МарИЯ пЕтроВа,+7 9520 20 05,4,пОдПИсКа на ГАзЕту,3,1478.82,321.18,COMPLETeD,"Задержка с доставкой, печалька...",25.03.2024,8276339653518378
2029942820246,18.03.2024 20:16,иВан ИВанОВ,8(9342) 89-24,3,аМуницИЯ ДЛЯ сОбАК,1,1147.5,52.5,COMpleTED,спасибо за заказ,2024/03/31,6348578717006988
2029942820246,18.03.2024 20:16,иВан ИВанОВ,8(9342) 89-24,1,КОРМ для СобАк,5,2422.88,77.12,COMpleted,спасибо за заказ,2024/03/31,6348578717006988
2029942820246,18.03.2024 20:16,иВан ИВанОВ,8(9342) 89-24,3,АМуНИЦИЯ длЯ собак,4,4264.84,535.16,COmpleTed,спасибо за заказ,2024/03/31,6348578717006988
2029942820246,18.03.2024 20:16,иВан ИВанОВ,8(9342) 89-24,3,АМуНИциЯ длЯ собАк,5,5582.47,417.53,cOmPlETEd,спасибо за заказ,2024/03/31,6348578717006988
2029942819713,26.03.2024 15:21,мИхаИл орлОВ,+7(9635)93-39,5,МОлОКО,5,13326.05,1673.95,CancElLed,спасибо за заказ,2024/03/11,1680169099536946
2029942819713,26.03.2024 15:21,мИхаИл орлОВ,+7(9635)93-39,5,МолОКО,4,11294.84,705.16,caNceLLed,спасибо за заказ,2024/03/11,1680169099536946
2029942819713,26.03.2024 15:21,мИхаИл орлОВ,+7(9635)93-39,2,ИГруШКА мЯч,4,975.36,224.64,CAnceLLED,спасибо за заказ,2024/03/11,1680169099536946
2029942819713,26.03.2024 15:21,мИхаИл орлОВ,+7(9635)93-39,4,ПОдпискА нА ГаЗЕтУ,1,484.93,115.07,CanceLleD,спасибо за заказ,2024/03/11,1680169099536946
2029942818409,31.03.2024 03:49,иВАН ивАнОв,+7(9261)30-79,2,иГрушка мЯч,2,526.67,73.33,ComPlEteD,Нужно уточнить сроки,08.03.2024,9655357567251285
2029942818409,31.03.2024 03:49,иВАН ивАнОв,+7(9261)30-79,5,мОЛоКО,3,8511.18,488.82,COmPLEteD,Нужно уточнить сроки,08.03.2024,9655357567251285
2029942818409,31.03.2024 03:49,иВАН ивАнОв,+7(9261)30-79,3,амуНИЦИЯ ДЛЯ СоБаК,1,1090.23,109.77,coMpleTeD,Нужно уточнить сроки,08.03.2024,9655357567251285
2029942818409,31.03.2024 03:49,иВАН ивАнОв,+7(9261)30-79,3,амУниЦия ДлЯ сОбак,5,5230.12,769.88,COmpLEteD,Нужно уточнить сроки,08.03.2024,9655357567251285
2029942817864,2024/03/17 09:50:05,Иван ивАНов,+7 9757 21 13,3,аМУНИцИя длЯ СобАк,2,2304.96,95.04,cancelLed,спасибо за заказ,2024/03/15,4145746285719383
2029942817864,2024/03/17 09:50:05,Иван ивАНов,+7 9757 21 13,1,кОРМ для сОбАк,5,2479.8,20.2,CaNCeLLEd,спасибо за заказ,2024/03/15,4145746285719383
2029942816807,2024-03-08 20:57:16,михАИл оРлОв,+7 9090 25 39,2,ИгрУшкА мяЧ,2,590.1,9.9,COmPletED,подарок вовремя,2024-03-16,8330735685790469
2029942816807,2024-03-08 20:57:16,михАИл оРлОв,+7 9090 25 39,3,амунИЦИя дЛЯ СОбак,1,990.66,209.34,CompLeTED,подарок вовремя,2024-03-16,8330735685790469
2029942816807,2024-03-08 20:57:16,михАИл оРлОв,+7 9090 25 39,5,МОлоко,3,7702.98,1297.02,CoMPleted,подарок вовремя,2024-03-16,8330735685790469
2029942816807,2024-03-08 20:57:16,михАИл оРлОв,+7 9090 25 39,2,ИгРуШкА мяч,4,1194.46,5.54,ComPlEtED,подарок вовремя,2024-03-16,8330735685790469
2029942815553,2024-03-24 20:59:57,натАлЬЯ вАсиЛьЕВа,8(9696) 13-17,1,КОрМ ДЛЯ соБАК,3,1213.14,286.86,pRoCEssInG,подарок вовремя,10.03.2024,0765201131314424
2029942815553,2024-03-24 20:59:57,натАлЬЯ вАсиЛьЕВа,8(9696) 13-17,3,АМУНиЦИЯ для СоБаК,4,4154.83,645.17,prOCessing,подарок вовремя,10.03.2024,0765201131314424
2029942815553,2024-03-24 20:59:57,натАлЬЯ вАсиЛьЕВа,8(9696) 13-17,3,АМУнициЯ ДЛя соБАк,2,2309.47,90.53,pROCEssinG,подарок вовремя,10.03.2024,0765201131314424
2029942815553,2024-03-24 20:59:57,натАлЬЯ вАсиЛьЕВа,8(9696) 13-17,2,иГрУШкА мЯЧ,3,720.8,179.2,PROceSsiNg,подарок вовремя,10.03.2024,0765201131314424
2029942815553,2024-03-24 20:59:57,натАлЬЯ вАсиЛьЕВа,8(9696) 13-17,4,поДПискА на гаЗету,3,1623.7,176.3,pRoCESSInG,подарок вовремя,10.03.2024,0765201131314424
2029942814645,25.03.2024 23:23,ДМИТрий куЗнеЦОв,+7(9854)34-44,1,КоРМ ДЛя сОБАк,3,1274.66,225.34,caNcEllED,"Задержка с доставкой, печалька...",2024/03/27,5587683264130744
2029942814645,25.03.2024 23:23,ДМИТрий куЗнеЦОв,+7(9854)34-44,1,Корм ДлЯ собаК,3,1382.34,117.66,cAnCellEd,"Задержка с доставкой, печалька...",2024/03/27,5587683264130744
2029942814645,25.03.2024 23:23,ДМИТрий куЗнеЦОв,+7(9854)34-44,3,аМуНИцИЯ Для сОбАК,1,966.35,233.65,CAnCeLLed,"Задержка с доставкой, печалька...",2024/03/27,5587683264130744
2029942814645,25.03.2024 23:23,ДМИТрий куЗнеЦОв,+7(9854)34-44,3,аМУНицИЯ для СобаК,3,3441.85,158.15,CaNcellED,"Задержка с доставкой, печалька...",2024/03/27,5587683264130744
2029942814645,25.03.2024 23:23,ДМИТрий куЗнеЦОв,+7(9854)34-44,1,кОрМ ДЛЯ соБАк,2,914.01,85.99,caNceLLed,"Задержка с доставкой, печалька...",2024/03/27,5587683264130744
2029942813416,2024-03-20 19:09:43,АЛеКСеЙ мИхАйлОв,+7 9891 68 81,1,КоРМ длЯ СобаК,2,802.41,197.59,comPlEteD,подарок вовремя,2024/03/27,9586144174230757
2029942813416,2024-03-20 19:09:43,АЛеКСеЙ мИхАйлОв,+7 9891 68 81,4,пОДпИсКа нА ГазЕту,4,2126.09,273.91,CoMPLETeD,подарок вовремя,2024/03/27,9586144174230757
2029942813416,2024-03-20 19:09:43,АЛеКСеЙ мИхАйлОв,+7 9891 68 81,2,иГРУшка мяЧ,1,277.86,22.14,COMpLeteD,подарок вовремя,2024/03/27,9586144174230757
2029942813416,2024-03-20 19:09:43,АЛеКСеЙ мИхАйлОв,+7 9891 68 81,5,молокО,3,7761.86,1238.14,COMPLeted,подарок вовремя,2024/03/27,9586144174230757
2029942813416,2024-03-20 19:09:43,АЛеКСеЙ мИхАйлОв,+7 9891 68 81,5,мОлокО,5,14936.72,63.28,cOmPLeteD,подарок вовремя,2024/03/27,9586144174230757
2029942812239,27.03.2024 17:04,ИВан иваноВ,+7 9452 75 84,5,МОЛокО,2,4902.43,1097.57,cANCellEd,Проверить наличие,17.03.2024,6201957763992201
2029942811443,2024/03/18 10:28:15,ОЛЬГА кУзНЕЦОВА,+7(9986)75-62,4,поДПИСкА нА гАЗеТу,5,2763.71,236.29,PRoCEssiNg,спасибо за заказ,2024/03/20,1605560357920604
2029942811443,2024/03/18 10:28:15,ОЛЬГА кУзНЕЦОВА,+7(9986)75-62,3,амУнИЦИЯ дЛЯ Собак,3,2952.75,647.25,PrOceSsING,спасибо за заказ,2024/03/20,1605560357920604
2029942811443,2024/03/18 10:28:15,ОЛЬГА кУзНЕЦОВА,+7(9986)75-62,3,АМУНиЦия ДЛя СОБаК,2,2060.14,339.86,PRocEsSING,спасибо за заказ,2024/03/20,1605560357920604
2029942811443,2024/03/18 10:28:15,ОЛЬГА кУзНЕЦОВА,+7(9986)75-62,2,ИГРушка МяЧ,1,298.78,1.22,PRoCEsSing,спасибо за заказ,2024/03/20,1605560357920604
2029942810892,2024/03/27 05:09:13,михАИл ОрЛОв,+7(9157)04-66,2,ИгРуШКа Мяч,1,281.29,18.71,cANCEllED,Всё отлично!,2024/03/18,6770684611458402
2029942809965,29.03.2024 18:55,нАТалЬя ВасилЬеВА,8(9271) 32-79,3,АМуНициЯ ДЛЯ сОБак,4,4074.52,725.48,coMPLeTed,Всё отлично!,22.03.2024,6897133943697952
2029942809965,29.03.2024 18:55,нАТалЬя ВасилЬеВА,8(9271) 32-79,5,МоЛОКО,4,10512.38,1487.62,comPLeTEd,Всё отлично!,22.03.2024,6897133943697952
2029942809965,29.03.2024 18:55,нАТалЬя ВасилЬеВА,8(9271) 32-79,2,ИГрУшкА мЯч,2,526.2,73.8,cOmpleTeD,Всё отлично!,22.03.2024,6897133943697952
2029942808387,2024/03/18 02:53:06,АЛеКсЕЙ мИхАЙлов,+7(9536)71-49,3,амУНиЦИя для СоБАк,1,1047.98,152.02,prOCessInG,"Задержка с доставкой, печалька...",2024-03-10,8149569038528494
2029942808387,2024/03/18 02:53:06,АЛеКсЕЙ мИхАЙлов,+7(9536)71-49,3,амуНиЦИЯ длЯ СоБаК,5,5510.65,489.35,pRoceSSiNG,"Задержка с доставкой, печалька...",2024-03-10,8149569038528494
2029942808387,2024/03/18 02:53:06,АЛеКсЕЙ мИхАЙлов,+7(9536)71-49,2,ИгрУШка мяЧ,1,295.19,4.81,PROcesSInG,"Задержка с доставкой, печалька...",2024-03-10,8149569038528494
2029942808387,2024/03/18 02:53:06,АЛеКсЕЙ мИхАЙлов,+7(9536)71-49,3,аМУНиЦия дЛЯ СОБАк,4,4029.54,770.46,PrOcESSing,"Задержка с доставкой, печалька...",2024-03-10,8149569038528494
2029942807345,2024/03/25 23:45:47,миХАИл орЛОв,+7(9835)20-48,5,молоко,5,12367.3,2632.7,cAncELlEd,Ждём с нетерпением!,29.03.2024,8389731279114064
2029942807345,2024/03/25 23:45:47,миХАИл орЛОв,+7(9835)20-48,5,МолОКО,4,11175.87,824.13,cANceLled,Ждём с нетерпением!,29.03.2024,8389731279114064
2029942806671,13.03.2024 08:48,иваН Иванов,8(9060) 93-41,5,мОЛОкО,4,11411.48,588.52,CaNcElLEd,подарок вовремя,27.03.2024,2517397805547170
2029942806671,13.03.2024 08:48,иваН Иванов,8(9060) 93-41,2,ИгРУШКа мяЧ,1,272.82,27.18,caNcElLeD,подарок вовремя,27.03.2024,2517397805547170
2029942806671,13.03.2024 08:48,иваН Иванов,8(9060) 93-41,4,ПоДпИСкА нА ГАзЕТУ,1,546.14,53.86,CANCelLed,подарок вовремя,27.03.2024,2517397805547170
2029942806671,13.03.2024 08:48,иваН Иванов,8(9060) 93-41,3,амУницИя ДЛЯ СоБАК,3,3296.21,303.79,canceLlEd,подарок вовремя,27.03.2024,2517397805547170
2029942805723,2024-03-08 04:40:54,иВаН ИВАНов,+7 9817 51 85,2,ИГРУшКа мЯЧ,3,863.72,36.28,cOMPLETEd,Нужно уточнить сроки,2024/03/27,5320782039969694
2029942805723,2024-03-08 04:40:54,иВаН ИВАНов,+7 9817 51 85,2,иГРУШКа МЯЧ,4,1110.74,89.26,CompLeTeD,Нужно уточнить сроки,2024/03/27,5320782039969694
2029942805723,2024-03-08 04:40:54,иВаН ИВАНов,+7 9817 51 85,1,КОРм длЯ СоБАК,2,966.35,33.65,coMpLeteD,Нужно уточнить сроки,2024/03/27,5320782039969694
2029942804701,01.03.2024 14:25,ЕленА новиКОВа,+7(9697)28-70,2,иГРушКА МяЧ,4,1067.16,132.84,cAnCeLLED,Всё отлично!,2024-03-15,7265910381858906
2029942804701,01.03.2024 14:25,ЕленА новиКОВа,+7(9697)28-70,5,МОЛОКО,3,8083.29,916.71,caNcELLed,Всё отлично!,2024-03-15,7265910381858906
2029942804701,01.03.2024 14:25,ЕленА новиКОВа,+7(9697)28-70,4,поДПиСКа на ГаЗеТу,5,2888.38,111.62,CANcELlED,Всё отлично!,2024-03-15,7265910381858906
2029942804701,01.03.2024 14:25,ЕленА новиКОВа,+7(9697)28-70,4,ПодПискА нА газеТу,2,1106.98,93.02,caNCELLeD,Всё отлично!,2024-03-15,7265910381858906
2029942804701,01.03.2024 14:25,ЕленА новиКОВа,+7(9697)28-70,5,мОЛОКо,3,8811.1,188.9,cAnCelLEd,Всё отлично!,2024-03-15,7265910381858906
2029942803141,2024-03-10 03:12:18,АлекСЕЙ мИХайЛов,+7 9999 85 11,2,игрУшкА мяЧ,5,1367.13,132.87,CaNCELLEd,Проверить наличие,15.03.2024,8103247225764121
2029942803141,2024-03-10 03:12:18,АлекСЕЙ мИХайЛов,+7 9999 85 11,5,МОлокО,2,5260.34,739.66,CanCelLeD,Проверить наличие,15.03.2024,8103247225764121
2029942803141,2024-03-10 03:12:18,АлекСЕЙ мИХайЛов,+7 9999 85 11,4,ПОдпИСкА на гАзЕтУ,1,500.88,99.12,CANCellEd,Проверить наличие,15.03.2024,8103247225764121
2029942803141,2024-03-10 03:12:18,АлекСЕЙ мИХайЛов,+7 9999 85 11,2,игРУШКа Мяч,2,498.17,101.83,CanCElLED,Проверить наличие,15.03.2024,8103247225764121
2029942802486,09.03.2024 18:47,НаталЬя ваСИЛьЕва,+7(9568)67-08,1,кОРМ ДЛя СОБАк,2,866.11,133.89,cOMplETed,Ждём с нетерпением!,2024-03-08,8460694948868459
2029942802486,09.03.2024 18:47,НаталЬя ваСИЛьЕва,+7(9568)67-08,1,КОРМ длЯ соБАК,3,1371.18,128.82,cOMPLeTed,Ждём с нетерпением!,2024-03-08,8460694948868459
2029942801648,2024/03/09 01:38:22,елена НовиковА,+7 9981 81 54,4,подПиСКА НА газЕТУ,5,2726.17,273.83,cANCeLled,"Задержка с доставкой, печалька...",2024-03-24,9236540505710360
2029942801648,2024/03/09 01:38:22,елена НовиковА,+7 9981 81 54,3,АмуницИя для соБАк,3,3338.36,261.64,CaNcElleD,"Задержка с доставкой, печалька...",2024-03-24,9236540505710360
2029942801648,2024/03/09 01:38:22,елена НовиковА,+7 9981 81 54,2,ИгрушКА МЯч,2,577.02,22.98,caNCELlEd,"Задержка с доставкой, печалька...",2024-03-24,9236540505710360
2029942801648,2024/03/09 01:38:22,елена НовиковА,+7 9981 81 54,1,корМ ДлЯ СоБАк,2,850.89,149.11,caNcELleD,"Задержка с доставкой, печалька...",2024-03-24,9236540505710360
2029942801648,2024/03/09 01:38:22,елена НовиковА,+7 9981 81 54,5,мОЛоКо,2,5233.86,766.14,CAncELLed,"Задержка с доставкой, печалька...",2024-03-24,9236540505710360
2029942800581,20.03.2024 05:31,СеРГеЙ СидОРоВ,+7 9647 57 55,2,игрУшКА МЯч,3,823.13,76.87,CAnCelLED,Нужно уточнить сроки,27.03.2024,9840563201071224
2029942800581,20.03.2024 05:31,СеРГеЙ СидОРоВ,+7 9647 57 55,1,кОрМ Для сОбАК,5,2075.69,424.31,CAnceLlED,Нужно уточнить сроки,27.03.2024,9840563201071224
2029942800581,20.03.2024 05:31,СеРГеЙ СидОРоВ,+7 9647 57 55,3,аМУниЦия ДЛЯ сОБак,2,1945.5,454.5,CANCElLeD,Нужно уточнить сроки,27.03.2024,9840563201071224
2029942800581,20.03.2024 05:31,СеРГеЙ СидОРоВ,+7 9647 57 55,2,ИГРУШКа МяЧ,1,287.54,12.46,cAncElLEd,Нужно уточнить сроки,27.03.2024,9840563201071224
2029942800581,20.03.2024 05:31,СеРГеЙ СидОРоВ,+7 9647 57 55,1,Корм дЛя собаК,4,1687.34,312.66,CANCElLeD,Нужно уточнить сроки,27.03.2024,9840563201071224
2029942799748,2024-03-02 12:45:17,сергей сиДОроВ,8(9784) 83-07,5,МоЛоко,5,14936.62,63.38,COmPlEtEd,Всё отлично!,2024-03-01,3070338482721882
2029942799748,2024-03-02 12:45:17,сергей сиДОроВ,8(9784) 83-07,4,пОДПискА нА гАзЕТУ,3,1611.99,188.01,cOmPletEd,Всё отлично!,2024-03-01,3070338482721882
2029942799748,2024-03-02 12:45:17,сергей сиДОроВ,8(9784) 83-07,1,КОрМ для собак,1,438.75,61.25,COmPLeTeD,Всё отлично!,2024-03-01,3070338482721882
2029942799748,2024-03-02 12:45:17,сергей сиДОроВ,8(9784) 83-07,4,пОдпИСка На ГАЗетУ,2,1111.75,88.25,CoMPLeTED,Всё отлично!,2024-03-01,3070338482721882
2029942798846,05.03.2024 15:49,ДМиТриЙ кУзнЕцоВ,+7 9300 09 57,2,иГрУШкА МяЧ,2,524.72,75.28,PrOCESsIng,"Задержка с доставкой, печалька...",18.03.2024,3382149257672418
2029942798846,05.03.2024 15:49,ДМиТриЙ кУзнЕцоВ,+7 9300 09 57,1,КоРМ Для сОбаК,5,2344.73,155.27,PrOcESsiNG,"Задержка с доставкой, печалька...",18.03.2024,3382149257672418
2029942798846,05.03.2024 15:49,ДМиТриЙ кУзнЕцоВ,+7 9300 09 57,2,игрУшкА Мяч,2,486.66,113.34,PROCESSing,"Задержка с доставкой, печалька...",18.03.2024,3382149257672418
2029942798846,05.03.2024 15:49,ДМиТриЙ кУзнЕцоВ,+7 9300 09 57,1,коРМ длЯ СоБаК,1,465.81,34.19,ProcessING,"Задержка с доставкой, печалька...",18.03.2024,3382149257672418
2029942797234,2024/03/09 23:01:56,алеКсеЙ МиХаЙЛОВ,+7 9024 08 76,2,игРУШкА мЯч,3,825.18,74.82,cOmPletEd,спасибо за заказ,2024/03/03,8047823570015412
2029942797234,2024/03/09 23:01:56,алеКсеЙ МиХаЙЛОВ,+7 9024 08 76,3,амуНиЦИЯ дЛя Собак,1,1181.9,18.1,COmPLeTeD,спасибо за заказ,2024/03/03,8047823570015412
2029942797234,2024/03/09 23:01:56,алеКсеЙ МиХаЙЛОВ,+7 9024 08 76,1,Корм дЛЯ сОбАК,4,1666.91,333.09,compLEtED,спасибо за заказ,2024/03/03,8047823570015412
2029942797234,2024/03/09 23:01:56,алеКсеЙ МиХаЙЛОВ,+7 9024 08 76,5,МоЛОкО,2,4804.62,1195.38,CompLEtED,спасибо за заказ,2024/03/03,8047823570015412
2029942796975,17.03.2024 16:06,аЛЕксЕЙ МихАЙлОв,+7(9796)39-25,4,ПоДПИСКа на гаЗЕтУ,2,1197.04,2.96,caNceLlED,Нужно уточнить сроки,2024/03/07,1308393284673216
2029942796975,17.03.2024 16:06,аЛЕксЕЙ МихАЙлОв,+7(9796)39-25,3,аМуниЦия ДлЯ собак,4,3848.58,951.42,cANCeLLEd,Нужно уточнить сроки,2024/03/07,1308393284673216
2029942795711,19.03.2024 08:36,СЕРГеЙ сИдОРов,+7(9715)32-65,3,амунИцИя Для собАк,5,5382.36,617.64,cOmPLETEd,Ждём с нетерпением!,04.03.2024,6886064949941261
2029942794303,2024-03-20 14:21:06,сЕРГеЙ СиДОрОв,+7 9932 26 09,4,пОДпИСКА нА гАЗЕтУ,3,1671.7,128.3,CanceLLED,спасибо за заказ,2024/03/08,0828678843246423
2029942794303,2024-03-20 14:21:06,сЕРГеЙ СиДОрОв,+7 9932 26 09,3,АмУнИция ДЛЯ сОбАК,5,5163.19,836.81,canCElLeD,спасибо за заказ,2024/03/08,0828678843246423
2029942794303,2024-03-20 14:21:06,сЕРГеЙ СиДОрОв,+7 9932 26 09,5,моЛОКО,3,7339.78,1660.22,cANCeLlED,спасибо за заказ,2024/03/08,0828678843246423
2029942794303,2024-03-20 14:21:06,сЕРГеЙ СиДОрОв,+7 9932 26 09,2,ИГРУшКА МяЧ,2,497.4,102.6,CaNcElLeD,спасибо за заказ,2024/03/08,0828678843246423
2029942794303,2024-03-20 14:21:06,сЕРГеЙ СиДОрОв,+7 9932 26 09,2,ИгрУШКА мяч,3,878.39,21.61,cANCElLED,спасибо за заказ,2024/03/08,0828678843246423
2029942793192,2024/03/16 03:54:32,алЕкСЕй мИхАйлОВ,+7(9056)95-65,1,коРм дЛЯ сОбак,3,1251.27,248.73,procESSinG,"Задержка с доставкой, печалька...",2024-03-12,1436490438374717
2029942793192,2024/03/16 03:54:32,алЕкСЕй мИхАйлОВ,+7(9056)95-65,2,иГрушКа мЯЧ,4,1023.76,176.24,ProceSsINg,"Задержка с доставкой, печалька...",2024-03-12,1436490438374717
2029942792443,2024/03/03 12:14:33,сЕРгеЙ сИдоРоВ,+7 9625 47 97,4,ПОдПИСКа НА ГаЗеТу,5,2749.4,250.6,CanCElled,Всё отлично!,2024/03/09,8575584380421655
2029942791179,2024-03-22 18:23:15,дмИтРиЙ КузнецОв,8(9046) 15-66,3,АМУницИя дЛя сОБак,1,1178.17,21.83,cANceLlED,"Задержка с доставкой, печалька...",25.03.2024,3328073269300590
2029942791179,2024-03-22 18:23:15,дмИтРиЙ КузнецОв,8(9046) 15-66,5,МОлоко,4,11134.14,865.86,CANCeLLED,"Задержка с доставкой, печалька...",25.03.2024,3328073269300590
2029942791179,2024-03-22 18:23:15,дмИтРиЙ КузнецОв,8(9046) 15-66,3,АмУНИцИЯ Для СОБак,4,4775.27,24.73,CANceLlED,"Задержка с доставкой, печалька...",25.03.2024,3328073269300590
2029942791179,2024-03-22 18:23:15,дмИтРиЙ КузнецОв,8(9046) 15-66,2,ИгрушКа МЯч,4,1008.66,191.34,cAncElleD,"Задержка с доставкой, печалька...",25.03.2024,3328073269300590
2029942791179,2024-03-22 18:23:15,дмИтРиЙ КузнецОв,8(9046) 15-66,5,МоЛоКо,1,2952.15,47.85,caNcelLed,"Задержка с доставкой, печалька...",25.03.2024,3328073269300590
2029942790857,2024-03-24 04:55:09,алЕкСеЙ михАЙЛОв,8(9623) 72-02,5,МОЛоКо,5,12795.16,2204.84,coMpletED,Нужно уточнить сроки,21.03.2024,6182156742833971
2029942790857,2024-03-24 04:55:09,алЕкСеЙ михАЙЛОв,8(9623) 72-02,1,корм длЯ СОбАК,1,433.1,66.9,compLeted,Нужно уточнить сроки,21.03.2024,6182156742833971
2029942789225,02.03.2024 09:11,анНа смИрноВа,+7 9227 70 25,3,АмУнИЦИЯ длЯ собак,1,1166.42,33.58,pRoCeSsING,Нужно уточнить сроки,2024-03-04,3233814605318021
2029942789225,02.03.2024 09:11,анНа смИрноВа,+7 9227 70 25,4,ПодпискА нА ГазетУ,5,2735.86,264.14,PrOcESsING,Нужно уточнить сроки,2024-03-04,3233814605318021
2029942789225,02.03.2024 09:11,анНа смИрноВа,+7 9227 70 25,3,амУНицИЯ ДЛЯ СобАК,3,3541.85,58.15,PROceSsiNG,Нужно уточнить сроки,2024-03-04,3233814605318021
2029942789225,02.03.2024 09:11,анНа смИрноВа,+7 9227 70 25,5,мОЛОко,4,10073.57,1926.43,PROCeSSinG,Нужно уточнить сроки,2024-03-04,3233814605318021
2029942788374,2024-03-27 02:49:54,НАТАльЯ ваСИльЕва,+7(9504)85-63,2,ИГрУШка МЯЧ,4,1062.48,137.52,cOMPlEteD,Нужно уточнить сроки,04.03.2024,3203858742863939
2029942788374,2024-03-27 02:49:54,НАТАльЯ ваСИльЕва,+7(9504)85-63,5,МОЛоКо,5,14003.45,996.55,cOmpLetEd,Нужно уточнить сроки,04.03.2024,3203858742863939
2029942787601,25.03.2024 04:26,мИХАИЛ оРлоВ,8(9175) 79-60,3,амуНиция ДЛЯ СОбАк,5,5303.87,696.13,pROcesSINg,Всё отлично!,05.03.2024,0602608430198431
2029942787601,25.03.2024 04:26,мИХАИЛ оРлоВ,8(9175) 79-60,3,АМуНИцИЯ дЛЯ сОБАК,1,1167.27,32.73,PROCESSing,Всё отлично!,05.03.2024,0602608430198431
2029942786900,08.03.2024 01:10,ОлЬГа КУзнецОвА,+7(9444)77-41,4,пОдпИСка На гАЗЕТУ,4,2296.73,103.27,pROCessInG,спасибо за заказ,2024/03/10,1041994274444718
2029942786900,08.03.2024 01:10,ОлЬГа КУзнецОвА,+7(9444)77-41,1,корм ДЛя СоБаК,4,1635.36,364.64,pROcEssinG,спасибо за заказ,2024/03/10,1041994274444718
2029942786900,08.03.2024 01:10,ОлЬГа КУзнецОвА,+7(9444)77-41,3,амУниция дЛЯ СобАк,1,1144.47,55.53,ProCeSSing,спасибо за заказ,2024/03/10,1041994274444718
2029942786900,08.03.2024 01:10,ОлЬГа КУзнецОвА,+7(9444)77-41,1,КОрМ ДЛЯ соБак,3,1229.79,270.21,pRoceSsINg,спасибо за заказ,2024/03/10,1041994274444718
2029942785587,2024/03/04 01:44:24,СеРгеЙ сидОрОВ,8(9655) 35-94,1,коРМ дЛя СобАк,2,835.95,164.05,ComPlEtED,Всё отлично!,2024-03-16,6333618684626063
2029942785587,2024/03/04 01:44:24,СеРгеЙ сидОрОВ,8(9655) 35-94,2,игРУшка Мяч,1,286.44,13.56,ComPLEteD,Всё отлично!,2024-03-16,6333618684626063
2029942784719,10.03.2024 09:38,ИВАН ивАноВ,+7(9159)28-07,2,игРУшкА Мяч,3,873.88,26.12,complETed,Проверить наличие,30.03.2024,6104436718568719
2029942784719,10.03.2024 09:38,ИВАН ивАноВ,+7(9159)28-07,5,МоЛОко,1,2597.24,402.76,comPlEted,Проверить наличие,30.03.2024,6104436718568719
2029942784719,10.03.2024 09:38,ИВАН ивАноВ,+7(9159)28-07,4,поДПИскА На гАзЕТу,3,1777.5,22.5,ComplETed,Проверить наличие,30.03.2024,6104436718568719
2029942784719,10.03.2024 09:38,ИВАН ивАноВ,+7(9159)28-07,4,пОДПИскА На гАЗЕту,4,2130.12,269.88,compleTed,Проверить наличие,30.03.2024,6104436718568719
2029942784719,10.03.2024 09:38,ИВАН ивАноВ,+7(9159)28-07,1,КОрМ дЛЯ соБак,4,1756.54,243.46,cOmPLETED,Проверить наличие,30.03.2024,6104436718568719
2029943039521,08.03.2024 13:01,ДМитРиЙ КУЗнеЦОв,8(9450) 23-39,5,молоко,4,10861.51,1138.49,comPleTed,спасибо за заказ,2024/03/09,6826717545559507
2029943039521,08.03.2024 13:01,ДМитРиЙ КУЗнеЦОв,8(9450) 23-39,5,МолоКо,4,10505.25,1494.75,COmpLeted,спасибо за заказ,2024/03/09,6826717545559507
2029943039521,08.03.2024 13:01,ДМитРиЙ КУЗнеЦОв,8(9450) 23-39,1,коРМ ДЛЯ собак,4,1736.98,263.02,cOmpLetEd,спасибо за заказ,2024/03/09,6826717545559507
2029943038113,26.03.2024 23:27,мИхаиЛ орЛоВ,8(9376) 37-69,4,ПоДпиСка На ГаЗетУ,1,562.1,37.9,coMPlEtEd,Всё отлично!,2024-03-19,0734575286313600
2029943038113,26.03.2024 23:27,мИхаиЛ орЛоВ,8(9376) 37-69,1,КоРм ДЛя сОбак,1,446.41,53.59,COMPleTeD,Всё отлично!,2024-03-19,0734575286313600
2029943038113,26.03.2024 23:27,мИхаиЛ орЛоВ,8(9376) 37-69,3,аМУниЦИя ДлЯ СОбАк,2,2117.53,282.47,COMPleTED,Всё отлично!,2024-03-19,0734575286313600
2029943037791,2024/03/21 13:54:21,СЕргей сиДоРОВ,8(9956) 74-66,4,ПоДПИска на ГаЗету,4,2326.83,73.17,CompLEtEd,подарок вовремя,2024-03-23,1018867563180470
2029943037791,2024/03/21 13:54:21,СЕргей сиДоРОВ,8(9956) 74-66,5,МоЛоко,3,7916.82,1083.18,COMPlEted,подарок вовремя,2024-03-23,1018867563180470
2029943037791,2024/03/21 13:54:21,СЕргей сиДоРОВ,8(9956) 74-66,5,МолоКо,1,2804.8,195.2,cOMPlEted,подарок вовремя,2024-03-23,1018867563180470
2029943037791,2024/03/21 13:54:21,СЕргей сиДоРОВ,8(9956) 74-66,1,корМ ДЛя СоБак,2,917.83,82.17,CoMPLeteD,подарок вовремя,2024-03-23,1018867563180470
2029943036739,2024-03-15 00:31:00,аннА смИРнОва,+7(9240)46-52,2,ИГРушКа МЯЧ,4,998.18,201.82,COMPlETeD,"Задержка с доставкой, печалька...",2024/03/07,7791819124107396
2029943036739,2024-03-15 00:31:00,аннА смИРнОва,+7(9240)46-52,5,молокО,4,11309.76,690.24,CoMpLetED,"Задержка с доставкой, печалька...",2024/03/07,7791819124107396
2029943035731,2024/03/08 08:57:40,ЕлеНА нОВИкОвА,8(9572) 31-21,5,МОлоКО,4,11994.82,5.18,CancElled,спасибо за заказ,2024-03-20,9420250744610832
2029943035731,2024/03/08 08:57:40,ЕлеНА нОВИкОвА,8(9572) 31-21,3,АмуНицИя дЛя сОбаК,2,2221.65,178.35,CancElleD,спасибо за заказ,2024-03-20,9420250744610832
2029943035731,2024/03/08 08:57:40,ЕлеНА нОВИкОвА,8(9572) 31-21,4,ПОдПИсКА На газЕТУ,2,1152.5,47.5,CANCeLLed,спасибо за заказ,2024-03-20,9420250744610832
2029943034731,02.03.2024 15:50,СЕрГеЙ СидороВ,8(9354) 75-66,2,иГРУШКА мЯЧ,3,742.93,157.07,COmPLETed,Проверить наличие,2024-03-05,6548197627037624
2029943034731,02.03.2024 15:50,СЕрГеЙ СидороВ,8(9354) 75-66,5,МолокО,3,8812.82,187.18,ComplETEd,Проверить наличие,2024-03-05,6548197627037624
2029943034731,02.03.2024 15:50,СЕрГеЙ СидороВ,8(9354) 75-66,2,ИГРушкА мяЧ,1,244.51,55.49,COmPLETEd,Проверить наличие,2024-03-05,6548197627037624
2029943034731,02.03.2024 15:50,СЕрГеЙ СидороВ,8(9354) 75-66,2,игрушкА мяч,2,549.21,50.79,cOMPlEtEd,Проверить наличие,2024-03-05,6548197627037624
2029943034731,02.03.2024 15:50,СЕрГеЙ СидороВ,8(9354) 75-66,4,поДписКа на гАзетУ,3,1631.76,168.24,coMPlEtED,Проверить наличие,2024-03-05,6548197627037624
2029943033272,2024/03/01 20:38:28,иВаН ивАноВ,+7 9014 22 42,3,амунИцИЯ Для сОБаК,5,5584.3,415.7,CoMPLEted,Нужно уточнить сроки,24.03.2024,9192388228399864
2029943033272,2024/03/01 20:38:28,иВаН ивАноВ,+7 9014 22 42,2,ИгРушКа мяч,4,1091.44,108.56,COmplEtEd,Нужно уточнить сроки,24.03.2024,9192388228399864
2029943033272,2024/03/01 20:38:28,иВаН ивАноВ,+7 9014 22 42,1,кОрМ ДлЯ соБАк,5,2082.56,417.44,COMPlEtED,Нужно уточнить сроки,24.03.2024,9192388228399864
2029943033272,2024/03/01 20:38:28,иВаН ивАноВ,+7 9014 22 42,4,пОдПИсКА на ГаЗЕту,3,1794.63,5.37,cOmpletEd,Нужно уточнить сроки,24.03.2024,9192388228399864
2029943033272,2024/03/01 20:38:28,иВаН ивАноВ,+7 9014 22 42,3,аМУнИция ДЛЯ собАк,5,5396.86,603.14,coMpLETEd,Нужно уточнить сроки,24.03.2024,9192388228399864
2029943032671,2024/03/06 05:18:35,аЛЕКсей МИхАйЛов,8(9646) 28-57,5,МоЛОКо,1,2805.04,194.96,COMPLEteD,Нужно уточнить сроки,05.03.2024,8894249738793642
2029943032671,2024/03/06 05:18:35,аЛЕКсей МИхАйЛов,8(9646) 28-57,4,пОдпиСкА нА ГазетУ,1,539.95,60.05,coMPlETEd,Нужно уточнить сроки,05.03.2024,8894249738793642
2029943031934,2024/03/19 00:54:59,Анна СМирНова,+7(9823)10-57,2,ИГРУШка МяЧ,4,1145.42,54.58,CanCelLED,Нужно уточнить сроки,13.03.2024,3425242489942908
2029943030723,30.03.2024 05:02,аЛЕкСЕй мИХАЙлов,+7 9590 95 19,1,Корм Для СоБаК,3,1255.25,244.75,pROCesSIng,подарок вовремя,2024/03/21,9621436837713893
2029943029466,2024/03/09 16:37:20,МИхАил орлоВ,8(9109) 08-57,2,ИГрушКа мЯч,3,746.09,153.91,CaNCeLLEd,Всё отлично!,02.03.2024,6393825103926811
2029943029466,2024/03/09 16:37:20,МИхАил орлоВ,8(9109) 08-57,1,Корм ДЛЯ сОБАк,5,2016.06,483.94,CancELLED,Всё отлично!,02.03.2024,6393825103926811
2029943029466,2024/03/09 16:37:20,МИхАил орлоВ,8(9109) 08-57,2,иГрУшка Мяч,3,761.61,138.39,CaNcElLEd,Всё отлично!,02.03.2024,6393825103926811
2029943029466,2024/03/09 16:37:20,МИхАил орлоВ,8(9109) 08-57,4,подПИсКа нА газеТу,4,1989.99,410.01,canCELlEd,Всё отлично!,02.03.2024,6393825103926811
2029943028861,2024/03/20 16:44:40,анНа СмиРНОВа,+7(9458)96-21,3,амУниЦИя дЛя собАк,1,1196.8,3.2,canceLled,Ждём с нетерпением!,25.03.2024,9258119473961679
2029943028861,2024/03/20 16:44:40,анНа СмиРНОВа,+7(9458)96-21,4,ПодПиСКа НА гаЗеТу,2,1081.15,118.85,caNCeLLEd,Ждём с нетерпением!,25.03.2024,9258119473961679
2029943028861,2024/03/20 16:44:40,анНа СмиРНОВа,+7(9458)96-21,2,ИГрУшКА мЯч,1,263.8,36.2,CAnceLlEd,Ждём с нетерпением!,25.03.2024,9258119473961679
2029943028861,2024/03/20 16:44:40,анНа СмиРНОВа,+7(9458)96-21,1,КОрм Для СОБак,4,1639.25,360.75,canCellEd,Ждём с нетерпением!,25.03.2024,9258119473961679
2029943028861,2024/03/20 16:44:40,анНа СмиРНОВа,+7(9458)96-21,2,иГрУШКа Мяч,3,875.57,24.43,CancElLeD,Ждём с нетерпением!,25.03.2024,9258119473961679
2029943027753,2024-03-02 22:02:27,алЕКСей михаЙЛоВ,+7(9427)96-43,1,КоРМ Для СОбак,5,2205.39,294.61,cANCeLLeD,Проверить наличие,2024-03-08,7426196717008222
2029943027753,2024-03-02 22:02:27,алЕКСей михаЙЛоВ,+7(9427)96-43,2,игРУшКа МЯч,1,283.79,16.21,caNCElLed,Проверить наличие,2024-03-08,7426196717008222
2029943027753,2024-03-02 22:02:27,алЕКСей михаЙЛоВ,+7(9427)96-43,1,КорМ Для сОбак,3,1364.44,135.56,caNCElLEd,Проверить наличие,2024-03-08,7426196717008222
2029943027753,2024-03-02 22:02:27,алЕКСей михаЙЛоВ,+7(9427)96-43,2,ИГРушКа мЯч,5,1355.32,144.68,caNCelLed,Проверить наличие,2024-03-08,7426196717008222
2029943027753,2024-03-02 22:02:27,алЕКСей михаЙЛоВ,+7(9427)96-43,5,МОлОкО,5,13356.3,1643.7,CAncellED,Проверить наличие,2024-03-08,7426196717008222
2029943026700,29.03.2024 10:10,анна СмИРнОвА,+7(9297)44-16,2,иГрУшКА мяч,4,1068.87,131.13,cOmPlETeD,подарок вовремя,2024/03/11,0175904625152787
2029943026700,29.03.2024 10:10,анна СмИРнОвА,+7(9297)44-16,2,ИГруШКА мяч,3,877.56,22.44,ComPLETEd,подарок вовремя,2024/03/11,0175904625152787
2029943025735,2024-03-10 22:33:44,ИвАН ИВаНОв,8(9360) 96-08,3,аМУНИция для СоБАК,4,4577.78,222.22,CanCEllEd,Всё отлично!,25.03.2024,4168586002276987
2029943025735,2024-03-10 22:33:44,ИвАН ИВаНОв,8(9360) 96-08,2,ИГрушка мЯч,4,963.98,236.02,CANcelLed,Всё отлично!,25.03.2024,4168586002276987
2029943024712,2024-03-02 09:03:54,маРИЯ пЕТРоВА,+7(9206)44-84,5,МОЛОКо,1,2929.19,70.81,PRoCeSSING,Проверить наличие,05.03.2024,0739917745853085
2029943024712,2024-03-02 09:03:54,маРИЯ пЕТРоВА,+7(9206)44-84,1,кОРМ ДЛЯ собАк,1,433.03,66.97,prOcEsSIng,Проверить наличие,05.03.2024,0739917745853085
2029943024712,2024-03-02 09:03:54,маРИЯ пЕТРоВА,+7(9206)44-84,2,игРуШкА МЯЧ,2,562.4,37.6,PRoceSSing,Проверить наличие,05.03.2024,0739917745853085
2029943023622,09.03.2024 15:12,ИвАН ИвАНов,+7 9986 23 83,4,ПОДпиСкА на гаЗетУ,1,573.42,26.58,CANCElLeD,спасибо за заказ,2024/03/05,9613940718313474
2029943023622,09.03.2024 15:12,ИвАН ИвАНов,+7 9986 23 83,5,молОко,2,5660.34,339.66,CANcELlEd,спасибо за заказ,2024/03/05,9613940718313474
2029943023622,09.03.2024 15:12,ИвАН ИвАНов,+7 9986 23 83,4,поДПИСКа на гаЗЕТу,3,1701.78,98.22,canCelLed,спасибо за заказ,2024/03/05,9613940718313474
2029943022774,2024/03/30 09:11:08,ЕЛенА НОвикоВА,+7(9580)39-74,1,КОрм ДЛЯ сОбАК,1,443.94,56.06,pRoCeSSIng,"Задержка с доставкой, печалька...",2024-03-29,1552438618481885
2029943022774,2024/03/30 09:11:08,ЕЛенА НОвикоВА,+7(9580)39-74,5,МоЛОко,1,2685.9,314.1,ProcEsSiNg,"Задержка с доставкой, печалька...",2024-03-29,1552438618481885
2029943022774,2024/03/30 09:11:08,ЕЛенА НОвикоВА,+7(9580)39-74,2,иГруШКа мЯЧ,1,280.53,19.47,pROCessinG,"Задержка с доставкой, печалька...",2024-03-29,1552438618481885
2029943021442,04.03.2024 18:51,мариЯ ПетРОВА,+7 9304 59 25,1,КОрМ ДлЯ СОбаК,4,1751.79,248.21,ComPLETed,Проверить наличие,2024/03/16,2859661038813701
2029943021442,04.03.2024 18:51,мариЯ ПетРОВА,+7 9304 59 25,2,иГрУШка мяЧ,1,283.51,16.49,cOmplEtED,Проверить наличие,2024/03/16,2859661038813701
2029943021442,04.03.2024 18:51,мариЯ ПетРОВА,+7 9304 59 25,5,мОЛОКо,2,5616.46,383.54,CoMPletEd,Проверить наличие,2024/03/16,2859661038813701
2029943021442,04.03.2024 18:51,мариЯ ПетРОВА,+7 9304 59 25,4,поДписка на гАзетУ,5,2993.12,6.88,COmPletEd,Проверить наличие,2024/03/16,2859661038813701
2029943021442,04.03.2024 18:51,мариЯ ПетРОВА,+7 9304 59 25,2,ИГрушкА МяЧ,5,1269.16,230.84,cOmpLeteD,Проверить наличие,2024/03/16,2859661038813701
2029943020363,2024-03-21 00:00:39,дМИТРиЙ КУзНЕцОВ,+7 9437 57 97,4,подпИСка нА ГаЗЕТу,2,1029.22,170.78,COmPLeTEd,Ждём с нетерпением!,2024-03-26,5379784014356338
2029943020363,2024-03-21 00:00:39,дМИТРиЙ КУзНЕцОВ,+7 9437 57 97,2,игрУшкА мЯЧ,2,595.47,4.53,cOmpLeTed,Ждём с нетерпением!,2024-03-26,5379784014356338
2029943020363,2024-03-21 00:00:39,дМИТРиЙ КУзНЕцОВ,+7 9437 57 97,3,АМУниЦия Для соБАк,3,3543.35,56.65,ComPlEted,Ждём с нетерпением!,2024-03-26,5379784014356338
2029943020363,2024-03-21 00:00:39,дМИТРиЙ КУзНЕцОВ,+7 9437 57 97,1,кОРМ Для сОбак,4,1983.54,16.46,cOmPlEtED,Ждём с нетерпением!,2024-03-26,5379784014356338
2029943019756,2024/03/07 00:30:40,ивАн ИвАноВ,+7(9946)39-72,2,ИгруШКа мяч,3,767.19,132.81,cAncEllED,Нужно уточнить сроки,2024/03/31,3881665723256270
2029943019756,2024/03/07 00:30:40,ивАн ИвАноВ,+7(9946)39-72,1,КорМ для соБак,3,1320.18,179.82,CaNcellEd,Нужно уточнить сроки,2024/03/31,3881665723256270
2029943019756,2024/03/07 00:30:40,ивАн ИвАноВ,+7(9946)39-72,2,игРушКа МяЧ,3,803.58,96.42,caNCeLlED,Нужно уточнить сроки,2024/03/31,3881665723256270
2029943019756,2024/03/07 00:30:40,ивАн ИвАноВ,+7(9946)39-72,3,амУНицИЯ ДЛя СобаК,4,4359.6,440.4,CaNCelLed,Нужно уточнить сроки,2024/03/31,3881665723256270
2029943018193,2024-03-16 02:52:18,МаРия ПЕтРова,+7(9923)39-38,5,МОлокО,5,13835.33,1164.67,COMpLETeD,Проверить наличие,2024-03-27,3397330053575840
2029943018193,2024-03-16 02:52:18,МаРия ПЕтРова,+7(9923)39-38,3,АМунИцИя длЯ СобАк,2,2322.6,77.4,comPletED,Проверить наличие,2024-03-27,3397330053575840
2029943017622,2024-03-11 12:32:05,олЬгА КУзНЕЦОва,8(9822) 72-93,3,АмуНиЦия длЯ СоБак,5,5956.98,43.02,CAncELLed,Ждём с нетерпением!,13.03.2024,4070046156334938
2029943016890,27.03.2024 06:00,Иван ИВаНоВ,+7 9873 98 29,2,ИГРУшка мЯЧ,5,1244.46,255.54,CaNCELLED,Ждём с нетерпением!,2024-03-02,1565830440391234
2029943016890,27.03.2024 06:00,Иван ИВаНоВ,+7 9873 98 29,1,кОрМ Для сОБак,3,1274.46,225.54,CAnCeLlEd,Ждём с нетерпением!,2024-03-02,1565830440391234
2029943015478,2024-03-01 05:08:43,дмиТрИЙ кУЗнЕЦОВ,+7 9701 32 47,1,КоРм Для соБаК,5,2154.56,345.44,CANcellED,Ждём с нетерпением!,23.03.2024,9453901014611482
2029943015478,2024-03-01 05:08:43,дмиТрИЙ кУЗнЕЦОВ,+7 9701 32 47,2,ИГРУшКа мЯЧ,3,768.3,131.7,CanceLLed,Ждём с нетерпением!,23.03.2024,9453901014611482
2029943014265,2024/03/01 11:40:56,АНнА смИрнОва,8(9916) 25-58,3,АМуНиЦИя Для соБАК,2,2324.23,75.77,coMPLeTEd,Нужно уточнить сроки,2024-03-13,2335224904566004
2029943014265,2024/03/01 11:40:56,АНнА смИрнОва,8(9916) 25-58,4,ПОДпиСкА нА газЕТУ,3,1601.52,198.48,COMPlEtED,Нужно уточнить сроки,2024-03-13,2335224904566004
2029943014265,2024/03/01 11:40:56,АНнА смИрнОва,8(9916) 25-58,3,аМуНИция дЛя СОБАК,1,1087.48,112.52,ComPlETeD,Нужно уточнить сроки,2024-03-13,2335224904566004
2029943014265,2024/03/01 11:40:56,АНнА смИрнОва,8(9916) 25-58,5,МОЛоКо,3,8356.56,643.44,coMpLeTed,Нужно уточнить сроки,2024-03-13,2335224904566004
2029943013620,2024/03/01 19:52:14,СЕрГей сиДОрОВ,8(9668) 58-80,2,иГрУшКА МЯч,5,1426.9,73.1,cOmpleteD,Нужно уточнить сроки,25.03.2024,1421931790864569
2029943013620,2024/03/01 19:52:14,СЕрГей сиДОрОВ,8(9668) 58-80,4,ПОдПисКа На гАзЕТУ,3,1566.12,233.88,cOMplEted,Нужно уточнить сроки,25.03.2024,1421931790864569
2029943013620,2024/03/01 19:52:14,СЕрГей сиДОрОВ,8(9668) 58-80,3,аМУницИя дЛя сОбаК,5,5322.99,677.01,COmPlEtED,Нужно уточнить сроки,25.03.2024,1421931790864569
2029943013620,2024/03/01 19:52:14,СЕрГей сиДОрОВ,8(9668) 58-80,3,амУНИЦиЯ длЯ собаК,4,4370.95,429.05,cOmPLetED,Нужно уточнить сроки,25.03.2024,1421931790864569
2029943012647,01.03.2024 19:11,ивАн иВаНОВ,+7 9275 98 99,4,ПОДписКА НА ГазетУ,1,534.37,65.63,CANCeLLeD,подарок вовремя,18.03.2024,7061203990778863
2029943012647,01.03.2024 19:11,ивАн иВаНОВ,+7 9275 98 99,1,коРМ дЛЯ сОБАк,5,2043.5,456.5,CaNCellEd,подарок вовремя,18.03.2024,7061203990778863
2029943011589,2024/03/14 20:29:31,АЛеКсеЙ миХАйЛоВ,+7 9416 13 05,4,пОДписка на гАзеТу,4,2203.55,196.45,PROcesSinG,спасибо за заказ,2024-03-11,3566539220644684
2029943011589,2024/03/14 20:29:31,АЛеКсеЙ миХАйЛоВ,+7 9416 13 05,5,моЛоКО,3,7446.91,1553.09,PRoCeSSing,спасибо за заказ,2024-03-11,3566539220644684
2029943010260,2024/03/28 07:06:45,иван иВаНоВ,+7 9159 22 43,3,аМунициЯ для сОБак,4,3935.83,864.17,pROCessING,Ждём с нетерпением!,2024-03-02,9820683714213507
2029943009967,2024/03/13 07:33:52,елЕнА нОВиковА,8(9040) 35-23,5,молОКО,5,14083.25,916.75,ProceSsINg,Нужно уточнить сроки,2024/03/02,1876836079018512
2029943009967,2024/03/13 07:33:52,елЕнА нОВиковА,8(9040) 35-23,3,аМуНИЦИя для СобАК,4,3970.55,829.45,PROCESSiNg,Нужно уточнить сроки,2024/03/02,1876836079018512
2029943009967,2024/03/13 07:33:52,елЕнА нОВиковА,8(9040) 35-23,1,коРМ длЯ соБаК,3,1280.35,219.65,prOCEsSINg,Нужно уточнить сроки,2024/03/02,1876836079018512
2029943008561,2024-03-06 06:54:18,сеРГЕй СидОрОв,+7 9258 47 84,2,игРуШкА мЯЧ,2,537.62,62.38,cANcElLEd,Всё отлично!,2024/03/24,3480274008284071
2029943008561,2024-03-06 06:54:18,сеРГЕй СидОрОв,+7 9258 47 84,2,ИГРУШкА МЯч,2,544.73,55.27,CAncelleD,Всё отлично!,2024/03/24,3480274008284071
2029943008561,2024-03-06 06:54:18,сеРГЕй СидОрОв,+7 9258 47 84,2,игРУшкА мяЧ,4,1086.99,113.01,CANCELlED,Всё отлично!,2024/03/24,3480274008284071
2029943008561,2024-03-06 06:54:18,сеРГЕй СидОрОв,+7 9258 47 84,2,ИГРуШка МЯч,5,1218.6,281.4,caNceLLed,Всё отлично!,2024/03/24,3480274008284071
2029943008561,2024-03-06 06:54:18,сеРГЕй СидОрОв,+7 9258 47 84,3,АМунИЦИЯ дЛЯ собАк,5,5837.5,162.5,CaNcelLED,Всё отлично!,2024/03/24,3480274008284071
2029943007609,2024/03/11 22:15:20,аЛекСей мИХайЛов,+7 9633 51 50,4,подПискА нА ГАзету,3,1790.76,9.24,cancelleD,Проверить наличие,2024/03/14,6314800821322261
2029943007609,2024/03/11 22:15:20,аЛекСей мИХайЛов,+7 9633 51 50,2,иГРУшкА мяч,2,578.15,21.85,caNCellED,Проверить наличие,2024/03/14,6314800821322261
2029943006430,2024-03-18 07:09:01,СеРгеЙ СИДОроВ,8(9402) 62-99,5,мОлОКО,2,4896.37,1103.63,CoMplETed,"Задержка с доставкой, печалька...",21.03.2024,7365820037591934
2029943006430,2024-03-18 07:09:01,СеРгеЙ СИДОроВ,8(9402) 62-99,5,молокО,3,7326.5,1673.5,cOmpleteD,"Задержка с доставкой, печалька...",21.03.2024,7365820037591934
2029943006430,2024-03-18 07:09:01,СеРгеЙ СИДОроВ,8(9402) 62-99,3,АмунИцИя длЯ собАк,5,5796.25,203.75,ComPLetED,"Задержка с доставкой, печалька...",21.03.2024,7365820037591934
2029943006430,2024-03-18 07:09:01,СеРгеЙ СИДОроВ,8(9402) 62-99,1,кОРМ дЛя СОБАк,1,471.32,28.68,COMpLeTED,"Задержка с доставкой, печалька...",21.03.2024,7365820037591934
2029943006430,2024-03-18 07:09:01,СеРгеЙ СИДОроВ,8(9402) 62-99,2,ИГруШКа мяч,2,579.4,20.6,COMplETEd,"Задержка с доставкой, печалька...",21.03.2024,7365820037591934
2029943005474,04.03.2024 00:10,мариЯ пЕтРОВА,+7 9871 18 21,4,ПОдпискА на ГАзЕту,1,506.0,94.0,CaNcellED,Ждём с нетерпением!,2024-03-22,1286408131667680
2029943005474,04.03.2024 00:10,мариЯ пЕтРОВА,+7 9871 18 21,5,мОлоко,5,14129.41,870.59,CANCeLLeD,Ждём с нетерпением!,2024-03-22,1286408131667680
2029943005474,04.03.2024 00:10,мариЯ пЕтРОВА,+7 9871 18 21,5,моЛоко,5,14059.15,940.85,CancelLeD,Ждём с нетерпением!,2024-03-22,1286408131667680
2029943004969,20.03.2024 07:13,СергЕЙ сидоРоВ,8(9491) 29-77,2,игруШКа мяч,3,729.94,170.06,comPleTEd,подарок вовремя,2024-03-04,4263113610220383
2029943004969,20.03.2024 07:13,СергЕЙ сидоРоВ,8(9491) 29-77,5,МОЛОКо,5,13349.01,1650.99,COMPLEteD,подарок вовремя,2024-03-04,4263113610220383
2029943004969,20.03.2024 07:13,СергЕЙ сидоРоВ,8(9491) 29-77,2,ИгрУшКа мЯч,5,1432.14,67.86,cOmPLETeD,подарок вовремя,2024-03-04,4263113610220383
2029943004969,20.03.2024 07:13,СергЕЙ сидоРоВ,8(9491) 29-77,1,кОрМ дЛЯ сОБАК,3,1443.22,56.78,cOmPLeTeD,подарок вовремя,2024-03-04,4263113610220383
2029943004969,20.03.2024 07:13,СергЕЙ сидоРоВ,8(9491) 29-77,3,АМУницИЯ ДЛЯ соБАк,5,4893.21,1106.79,coMpLeTed,подарок вовремя,2024-03-04,4263113610220383
2029943003567,10.03.2024 09:39,Елена НОВИкОВа,+7(9130)59-91,1,КОРМ дЛя СОБак,5,2222.8,277.2,CancelLEd,Нужно уточнить сроки,2024/03/15,0851391502735535
2029943003567,10.03.2024 09:39,Елена НОВИкОВа,+7(9130)59-91,4,подпиСКА На гаЗеТУ,2,1167.29,32.71,CANceLleD,Нужно уточнить сроки,2024/03/15,0851391502735535
2029943002614,2024-03-29 07:49:43,еЛеНа ноВИкоВА,+7(9096)11-00,3,амУНицИЯ ДЛЯ СОбАк,2,2136.81,263.19,cANCeLLed,Нужно уточнить сроки,20.03.2024,2533969871026418
2029943001353,09.03.2024 23:21,елЕНа нОвиКоВа,+7 9521 85 88,5,МОЛОКо,4,10705.05,1294.95,cAnCelLEd,спасибо за заказ,15.03.2024,8690962958880246
2029943001353,09.03.2024 23:21,елЕНа нОвиКоВа,+7 9521 85 88,3,амунИциЯ ДЛя Собак,2,2323.54,76.46,CaNCelLED,спасибо за заказ,15.03.2024,8690962958880246
2029943001353,09.03.2024 23:21,елЕНа нОвиКоВа,+7 9521 85 88,2,иГРуШка МяЧ,5,1283.54,216.46,canCELLEd,спасибо за заказ,15.03.2024,8690962958880246
2029943000935,17.03.2024 05:08,сЕргЕЙ СидОров,+7(9398)38-78,5,молокО,4,11231.71,768.29,CancElLEd,подарок вовремя,2024-03-05,7177303774947515
2029942999847,12.03.2024 06:44,АнНа смирНОвА,+7(9770)65-70,1,КОрМ ДЛЯ СОБаК,1,480.06,19.94,canCeLleD,Нужно уточнить сроки,16.03.2024,0185248641516402
2029942999847,12.03.2024 06:44,АнНа смирНОвА,+7(9770)65-70,5,МОЛОко,2,5400.27,599.73,cancELLed,Нужно уточнить сроки,16.03.2024,0185248641516402
2029942999847,12.03.2024 06:44,АнНа смирНОвА,+7(9770)65-70,5,МОЛОкО,1,2519.48,480.52,CAncELLEd,Нужно уточнить сроки,16.03.2024,0185248641516402
2029942999847,12.03.2024 06:44,АнНа смирНОвА,+7(9770)65-70,2,ИГРушКа МЯЧ,1,274.66,25.34,cANcElled,Нужно уточнить сроки,16.03.2024,0185248641516402
2029942999847,12.03.2024 06:44,АнНа смирНОвА,+7(9770)65-70,3,АмУнИЦИя Для СОбАК,5,5509.12,490.88,caNCelLED,Нужно уточнить сроки,16.03.2024,0185248641516402
2029942998987,2024-03-31 07:37:12,еЛена нОвИкова,+7 9465 50 34,2,иГРУшКа мяч,1,269.09,30.91,CANceLled,Всё отлично!,20.03.2024,5578192739173141
2029942998987,2024-03-31 07:37:12,еЛена нОвИкова,+7 9465 50 34,2,ИГРУШка мяч,5,1205.88,294.12,CAnceLlED,Всё отлично!,20.03.2024,5578192739173141
2029942998987,2024-03-31 07:37:12,еЛена нОвИкова,+7 9465 50 34,3,АМуНицИЯ ДлЯ СобАк,4,4103.4,696.6,cANCElLEd,Всё отлично!,20.03.2024,5578192739173141
2029942998987,2024-03-31 07:37:12,еЛена нОвИкова,+7 9465 50 34,1,корм дЛя СобАК,5,2214.96,285.04,caNCElled,Всё отлично!,20.03.2024,5578192739173141
2029942997900,2024/03/16 09:26:42,елеНА ноВиКОВА,+7(9584)51-47,5,МОЛоКо,1,2479.03,520.97,CaNCELlEd,спасибо за заказ,31.03.2024,5454362234488659
2029942996867,2024-03-08 08:37:16,СЕРгЕЙ СидОров,+7 9942 56 60,4,пОДпиСКА нА ГАЗЕту,5,2916.41,83.59,PROCeSSInG,Проверить наличие,2024-03-13,0409521002406805
2029942996867,2024-03-08 08:37:16,СЕРгЕЙ СидОров,+7 9942 56 60,1,КорМ ДЛЯ Собак,3,1292.51,207.49,PRocessing,Проверить наличие,2024-03-13,0409521002406805
2029942996867,2024-03-08 08:37:16,СЕРгЕЙ СидОров,+7 9942 56 60,5,МоЛОКо,5,13344.45,1655.55,ProCeSsing,Проверить наличие,2024-03-13,0409521002406805
2029942996867,2024-03-08 08:37:16,СЕРгЕЙ СидОров,+7 9942 56 60,5,МоЛОкО,2,5198.74,801.26,pROCeSsinG,Проверить наличие,2024-03-13,0409521002406805
2029942996867,2024-03-08 08:37:16,СЕРгЕЙ СидОров,+7 9942 56 60,3,аМУнИцИЯ длЯ СОбАк,1,1046.19,153.81,PROCESsing,Проверить наличие,2024-03-13,0409521002406805
2029942995178,24.03.2024 10:14,мАРия ПЕТРОвА,+7(9016)88-08,4,поДПискА нА ГаЗЕтУ,4,2151.37,248.63,prOcESsiNg,подарок вовремя,2024/03/21,9756849336183911
2029942995178,24.03.2024 10:14,мАРия ПЕТРОвА,+7(9016)88-08,2,иГруШкА МяЧ,1,289.37,10.63,proCeSsIng,подарок вовремя,2024/03/21,9756849336183911
2029942995178,24.03.2024 10:14,мАРия ПЕТРОвА,+7(9016)88-08,3,АМуНИцИя ДлЯ СобаК,3,3504.1,95.9,PROCessiNG,подарок вовремя,2024/03/21,9756849336183911
2029942995178,24.03.2024 10:14,мАРия ПЕТРОвА,+7(9016)88-08,3,амуНИцИя дЛЯ собАК,3,3012.92,587.08,PRoCESsiNg,подарок вовремя,2024/03/21,9756849336183911
2029942994295,2024-03-11 06:41:33,НаТалЬя ВасиЛЬевА,8(9720) 12-53,4,ПОдпискА нА газЕту,4,2388.41,11.59,CaNCElLED,подарок вовремя,2024-03-19,3304285550252607
2029942994295,2024-03-11 06:41:33,НаТалЬя ВасиЛЬевА,8(9720) 12-53,5,мОлоКо,5,12138.24,2861.76,CAnceLLed,подарок вовремя,2024-03-19,3304285550252607
2029942994295,2024-03-11 06:41:33,НаТалЬя ВасиЛЬевА,8(9720) 12-53,3,АМУНиЦия Для собаК,2,2069.43,330.57,CaNCElLED,подарок вовремя,2024-03-19,3304285550252607
2029942993573,14.03.2024 11:44,аЛЕКсЕй мИХАЙЛОв,+7(9426)71-06,3,амунИЦИЯ ДЛя СоБАк,4,4049.9,750.1,COmPLEtED,Всё отлично!,2024/03/25,9905381332842479
2029942992869,20.03.2024 16:29,АЛеКСей МИХАЙЛоВ,+7 9404 57 36,1,кОРм длЯ сОБАк,1,468.96,31.04,CANCelLEd,Проверить наличие,22.03.2024,2901341596317457
2029942992869,20.03.2024 16:29,АЛеКСей МИХАЙЛоВ,+7 9404 57 36,4,подПиСКА нА ГАзЕту,4,2153.85,246.15,CaNCElLED,Проверить наличие,22.03.2024,2901341596317457
2029942992869,20.03.2024 16:29,АЛеКСей МИХАЙЛоВ,+7 9404 57 36,4,ПоДПИсКа На ГаЗЕТу,2,1129.17,70.83,CAncelLeD,Проверить наличие,22.03.2024,2901341596317457
2029942991182,18.03.2024 23:13,ДМИТрИЙ кУзНЕцоВ,+7 9970 37 86,1,коРМ ДЛя СоБак,2,865.31,134.69,proCEssINg,Нужно уточнить сроки,2024/03/09,2945802927895361
2029942990667,2024/03/23 01:51:46,ОльгА куЗнеЦОва,+7(9220)65-95,3,аМуНИциЯ ДЛя собАК,3,3326.78,273.22,caNcelLeD,подарок вовремя,2024-03-31,7974962944078495
2029942990667,2024/03/23 01:51:46,ОльгА куЗнеЦОва,+7(9220)65-95,5,МОлОкО,4,10215.97,1784.03,CanCeLLed,подарок вовремя,2024-03-31,7974962944078495
2029942990667,2024/03/23 01:51:46,ОльгА куЗнеЦОва,+7(9220)65-95,2,ИгРуШКА Мяч,2,532.86,67.14,CancElLed,подарок вовремя,2024-03-31,7974962944078495
2029942990667,2024/03/23 01:51:46,ОльгА куЗнеЦОва,+7(9220)65-95,1,кОрм Для сОБАк,4,1717.42,282.58,CAncElLeD,подарок вовремя,2024-03-31,7974962944078495
2029942989343,2024/03/19 10:40:45,СЕргей СиДОрОВ,8(9650) 46-16,5,мОЛОКо,1,2564.61,435.39,CompletEd,Ждём с нетерпением!,2024-03-08,7257632816243870
2029942988412,2024-03-02 13:25:19,дМиТРИЙ КуЗНЕЦОВ,8(9215) 70-35,3,аМунИция дЛя СОбаК,4,4509.28,290.72,pROCEsSiNg,Ждём с нетерпением!,30.03.2024,2915586228966710
2029942988412,2024-03-02 13:25:19,дМиТРИЙ КуЗНЕЦОВ,8(9215) 70-35,2,ИгрУшкА МЯч,2,598.02,1.98,pROCEsSInG,Ждём с нетерпением!,30.03.2024,2915586228966710
2029942987121,18.03.2024 01:24,миХаиЛ ОРЛОв,+7 9494 93 13,5,МОЛоко,3,8069.11,930.89,ProCESsInG,Всё отлично!,2024/03/11,5506102408659790
2029942987121,18.03.2024 01:24,миХаиЛ ОРЛОв,+7 9494 93 13,2,ИГРУшка мЯч,5,1350.5,149.5,processiNG,Всё отлично!,2024/03/11,5506102408659790
2029942986372,2024-03-25 03:55:35,дМИтРий куЗНецов,+7 9586 65 62,2,ИгрушкА Мяч,2,598.55,1.45,prOCESsING,"Задержка с доставкой, печалька...",2024-03-01,8433194323441498
2029942986372,2024-03-25 03:55:35,дМИтРий куЗНецов,+7 9586 65 62,2,ИгрУШКА Мяч,3,737.25,162.75,prOCessiNG,"Задержка с доставкой, печалька...",2024-03-01,8433194323441498
2029942985593,2024-03-16 18:17:08,СерГЕЙ сиДоРоВ,+7 9347 86 99,5,мОЛоко,4,10458.79,1541.21,CoMpLeTed,подарок вовремя,2024/03/01,5264924292773972
2029942985593,2024-03-16 18:17:08,СерГЕЙ сиДоРоВ,+7 9347 86 99,2,ИгРУшкА мЯЧ,1,288.97,11.03,cOmPlEted,подарок вовремя,2024/03/01,5264924292773972
2029942985593,2024-03-16 18:17:08,СерГЕЙ сиДоРоВ,+7 9347 86 99,1,КОРМ ДЛя сОБАк,2,800.47,199.53,coMplEteD,подарок вовремя,2024/03/01,5264924292773972
2029942985593,2024-03-16 18:17:08,СерГЕЙ сиДоРоВ,+7 9347 86 99,5,МОлокО,4,11954.12,45.88,compLEteD,подарок вовремя,2024/03/01,5264924292773972
2029942985593,2024-03-16 18:17:08,СерГЕЙ сиДоРоВ,+7 9347 86 99,3,амуниЦиЯ дЛЯ сОбАк,3,2886.71,713.29,cOMpletEd,подарок вовремя,2024/03/01,5264924292773972
2029942984954,2024-03-09 17:43:55,ИВАн ИВАНОВ,8(9839) 19-40,5,МОлОКО,1,2452.79,547.21,ComPLEtED,Ждём с нетерпением!,2024-03-05,8079978079224937
2029942983680,2024/03/12 05:44:12,СергЕЙ сиДОрОВ,8(9585) 13-07,1,корм дЛя СОБАК,4,1969.52,30.48,COmPlEted,Всё отлично!,30.03.2024,5743624919320410
2029942983680,2024/03/12 05:44:12,СергЕЙ сиДОрОВ,8(9585) 13-07,5,МОлокО,1,2622.96,377.04,compLETEd,Всё отлично!,30.03.2024,5743624919320410
2029942983680,2024/03/12 05:44:12,СергЕЙ сиДОрОВ,8(9585) 13-07,5,МОлОКо,5,13257.63,1742.37,coMPLETED,Всё отлично!,30.03.2024,5743624919320410
2029942982969,2024-03-16 05:59:39,ОлЬга КуЗНЕЦОвА,8(9684) 02-26,4,ПоДПисКа нА ГАЗЕтУ,1,498.55,101.45,cANceLleD,Нужно уточнить сроки,2024/03/04,1587967465461586
2029942982969,2024-03-16 05:59:39,ОлЬга КуЗНЕЦОвА,8(9684) 02-26,3,аМуниция Для соБаК,1,1194.57,5.43,CAnceLlEd,Нужно уточнить сроки,2024/03/04,1587967465461586
2029942982969,2024-03-16 05:59:39,ОлЬга КуЗНЕЦОвА,8(9684) 02-26,5,моЛОко,1,2488.64,511.36,cANCeLLed,Нужно уточнить сроки,2024/03/04,1587967465461586
2029942982969,2024-03-16 05:59:39,ОлЬга КуЗНЕЦОвА,8(9684) 02-26,2,ИГРУшКА мЯЧ,3,864.96,35.04,CANceLLeD,Нужно уточнить сроки,2024/03/04,1587967465461586
2029942981159,2024-03-15 05:55:47,МАрИЯ петРОВА,+7(9466)17-72,1,кОРм ДлЯ СОБак,5,2313.63,186.37,caNCeLLED,спасибо за заказ,2024-03-11,5547915490091901
2029942981159,2024-03-15 05:55:47,МАрИЯ петРОВА,+7(9466)17-72,3,АМУНИцИя ДлЯ СОбАк,5,5503.58,496.42,cANCelled,спасибо за заказ,2024-03-11,5547915490091901
2029942980523,10.03.2024 15:58,МАрИя пеТрОВа,+7 9327 02 83,1,КоРм для СоБАК,2,805.89,194.11,COMPleTED,подарок вовремя,31.03.2024,2546141669014353
2029942980523,10.03.2024 15:58,МАрИя пеТрОВа,+7 9327 02 83,1,КорМ ДлЯ СОбаК,1,410.18,89.82,compleTed,подарок вовремя,31.03.2024,2546141669014353
2029942979335,2024/03/14 00:31:20,сЕРГЕй СИдОров,+7 9253 36 35,3,АМУниция дЛя сОбаК,4,4091.72,708.28,pRoCESsiNG,"Задержка с доставкой, печалька...",2024/03/04,6608346655497808
2029942979335,2024/03/14 00:31:20,сЕРГЕй СИдОров,+7 9253 36 35,2,игРУШка Мяч,3,878.07,21.93,PRoCesSING,"Задержка с доставкой, печалька...",2024/03/04,6608346655497808
2029942978297,2024/03/25 00:53:03,МИХаиЛ орЛОВ,8(9362) 06-47,2,игРуШКа МЯЧ,1,243.8,56.2,PROCeSsINg,Всё отлично!,17.03.2024,2001858728590867
2029942978297,2024/03/25 00:53:03,МИХаиЛ орЛОВ,8(9362) 06-47,4,подпиСКА На гАзету,2,1021.55,178.45,prOcesSInG,Всё отлично!,17.03.2024,2001858728590867
2029942977514,16.03.2024 18:50,СЕрГЕй СидОРов,+7(9970)88-75,5,моЛоКо,2,5251.13,748.87,proCEssiNg,"Задержка с доставкой, печалька...",01.03.2024,4210266194731721
2029942977514,16.03.2024 18:50,СЕрГЕй СидОРов,+7(9970)88-75,5,мОЛокО,2,5102.55,897.45,pRocesSING,"Задержка с доставкой, печалька...",01.03.2024,4210266194731721
2029942977514,16.03.2024 18:50,СЕрГЕй СидОРов,+7(9970)88-75,5,МОЛоКо,1,2432.48,567.52,PrOCESsing,"Задержка с доставкой, печалька...",01.03.2024,4210266194731721
2029942976554,2024/03/14 10:21:22,олЬгА кузнЕЦОВА,8(9293) 51-10,2,ИГруШКа мяЧ,3,740.82,159.18,PROCessIng,спасибо за заказ,20.03.2024,8435344937348323
2029942976554,2024/03/14 10:21:22,олЬгА кузнЕЦОВА,8(9293) 51-10,5,МОлОКО,3,8339.8,660.2,prOcEsSIng,спасибо за заказ,20.03.2024,8435344937348323
2029942975454,24.03.2024 20:45,алЕксей МиХАйЛов,+7(9513)23-64,1,КОрм ДлЯ СоБак,4,1770.52,229.48,cANCeLlEd,Всё отлично!,2024-03-23,9911262609183267
2029942975454,24.03.2024 20:45,алЕксей МиХАйЛов,+7(9513)23-64,4,подпискА нА ГазеТУ,4,2027.83,372.17,caNCellED,Всё отлично!,2024-03-23,9911262609183267
2029942975454,24.03.2024 20:45,алЕксей МиХАйЛов,+7(9513)23-64,2,ИГруШКа МяЧ,5,1406.55,93.45,CANCElLEd,Всё отлично!,2024-03-23,9911262609183267
2029942974333,2024-03-12 23:03:08,аЛЕКСЕЙ МИхАЙЛОв,8(9272) 30-22,5,мОЛоко,2,5876.58,123.42,pRocesSInG,спасибо за заказ,02.03.2024,7370017433040421
2029942974333,2024-03-12 23:03:08,аЛЕКСЕЙ МИхАЙЛОв,8(9272) 30-22,4,ПодпИсКа На гаЗЕтУ,5,2676.28,323.72,PrOcEsSINg,спасибо за заказ,02.03.2024,7370017433040421
2029942974333,2024-03-12 23:03:08,аЛЕКСЕЙ МИхАЙЛОв,8(9272) 30-22,2,ИгРуШка мяч,4,1107.56,92.44,ProcESSIng,спасибо за заказ,02.03.2024,7370017433040421
2029942974333,2024-03-12 23:03:08,аЛЕКСЕЙ МИхАЙЛОв,8(9272) 30-22,3,АМунИциЯ дЛЯ собАк,4,4524.01,275.99,PrOceSsINg,спасибо за заказ,02.03.2024,7370017433040421
2029942974333,2024-03-12 23:03:08,аЛЕКСЕЙ МИхАЙЛОв,8(9272) 30-22,4,ПоДписКА на ГАзЕту,2,980.26,219.74,pRoCessiNg,спасибо за заказ,02.03.2024,7370017433040421
2029942973368,2024/03/30 12:36:54,СеРгеЙ СиДОРОВ,+7(9476)02-53,3,аМуНициЯ ДЛЯ СОБак,1,1080.59,119.41,prOcEsSInG,Нужно уточнить сроки,2024-03-17,9414481870351828
2029942973368,2024/03/30 12:36:54,СеРгеЙ СиДОРОВ,+7(9476)02-53,1,КОрм для СОБАк,3,1403.03,96.97,prOCesSINg,Нужно уточнить сроки,2024-03-17,9414481870351828
2029942973368,2024/03/30 12:36:54,СеРгеЙ СиДОРОВ,+7(9476)02-53,2,ИГРУшкА мяч,3,819.61,80.39,PRocesSinG,Нужно уточнить сроки,2024-03-17,9414481870351828
2029942973368,2024/03/30 12:36:54,СеРгеЙ СиДОРОВ,+7(9476)02-53,2,игРуШКа Мяч,4,1189.55,10.45,prOcESsinG,Нужно уточнить сроки,2024-03-17,9414481870351828
2029942973368,2024/03/30 12:36:54,СеРгеЙ СиДОРОВ,+7(9476)02-53,3,АМуНиция дЛЯ СОБаК,5,5779.98,220.02,PrOCEssinG,Нужно уточнить сроки,2024-03-17,9414481870351828
2029942972944,2024-03-16 01:08:22,АннА СМирНовА,8(9528) 45-76,5,МоЛоко,1,2485.3,514.7,PROcESSiNG,Всё отлично!,08.03.2024,2554087602561345
2029942971766,2024-03-06 13:41:29,АЛЕкСЕй мИхАЙлОВ,+7 9849 67 93,4,пОдПиСка На гАзЕТу,2,1049.87,150.13,caNCelLED,"Задержка с доставкой, печалька...",2024-03-18,5100368381326150
2029942970537,2024/03/29 18:24:34,ЕлЕНа НОВикОВА,8(9800) 34-09,4,подпиСКа На гАЗеТУ,3,1458.89,341.11,CaNCELlED,подарок вовремя,06.03.2024,5805918509099948
2029942970537,2024/03/29 18:24:34,ЕлЕНа НОВикОВА,8(9800) 34-09,3,амуНИцИЯ ДЛЯ сОбАк,1,1087.72,112.28,canCeLLeD,подарок вовремя,06.03.2024,5805918509099948
2029942970537,2024/03/29 18:24:34,ЕлЕНа НОВикОВА,8(9800) 34-09,1,коРм Для СОБаК,1,495.66,4.34,CaNCeLLED,подарок вовремя,06.03.2024,5805918509099948
2029942970537,2024/03/29 18:24:34,ЕлЕНа НОВикОВА,8(9800) 34-09,5,мОлОкО,5,12733.05,2266.95,CaNCeLlED,подарок вовремя,06.03.2024,5805918509099948
2029942970537,2024/03/29 18:24:34,ЕлЕНа НОВикОВА,8(9800) 34-09,5,моЛокО,2,5105.77,894.23,CANcelLED,подарок вовремя,06.03.2024,5805918509099948
2029942969895,2024-03-05 04:17:32,ЕЛена новиКОвА,8(9633) 11-33,4,подПИсКа НА ГАзЕТУ,5,2835.24,164.76,pROCESsIng,"Задержка с доставкой, печалька...",2024-03-20,4555215901229704
2029942969895,2024-03-05 04:17:32,ЕЛена новиКОвА,8(9633) 11-33,5,молОКО,1,2737.48,262.52,prOceSsINg,"Задержка с доставкой, печалька...",2024-03-20,4555215901229704
2029942968331,22.03.2024 15:23,МариЯ ПЕТРОвА,8(9904) 71-81,5,МОЛоКо,1,2959.31,40.69,CAncELLed,спасибо за заказ,2024/03/23,3601780405706412
2029942968331,22.03.2024 15:23,МариЯ ПЕТРОвА,8(9904) 71-81,5,молоКо,3,7858.21,1141.79,CancELLeD,спасибо за заказ,2024/03/23,3601780405706412
2029942968331,22.03.2024 15:23,МариЯ ПЕТРОвА,8(9904) 71-81,2,ИГРУШка мЯч,5,1329.34,170.66,canCELLED,спасибо за заказ,2024/03/23,3601780405706412
2029942968331,22.03.2024 15:23,МариЯ ПЕТРОвА,8(9904) 71-81,1,корм ДЛя СОБАК,5,2165.77,334.23,caNCElLEd,спасибо за заказ,2024/03/23,3601780405706412
2029942968331,22.03.2024 15:23,МариЯ ПЕТРОвА,8(9904) 71-81,3,амУНиЦИЯ дЛя сОБАК,1,968.31,231.69,canCElLeD,спасибо за заказ,2024/03/23,3601780405706412
2029942967899,2024-03-28 20:32:43,ОЛьГА кУЗНЕЦОВА,+7 9083 18 89,1,КорМ для сОбАК,3,1331.0,169.0,CancELled,Проверить наличие,2024-03-07,3088065119782508
2029942966652,2024/03/24 08:43:56,Дмитрий кУЗнЕЦОв,+7 9508 70 08,4,подпИСка На ГазеТУ,4,2308.34,91.66,coMpLETED,"Задержка с доставкой, печалька...",2024/03/03,8563964648662587
2029942966652,2024/03/24 08:43:56,Дмитрий кУЗнЕЦОв,+7 9508 70 08,5,мОЛОКО,5,13258.0,1742.0,compLETeD,"Задержка с доставкой, печалька...",2024/03/03,8563964648662587
2029942966652,2024/03/24 08:43:56,Дмитрий кУЗнЕЦОв,+7 9508 70 08,4,ПоДпИсКа нА ГазеТу,3,1661.8,138.2,coMPlEteD,"Задержка с доставкой, печалька...",2024/03/03,8563964648662587
2029942966652,2024/03/24 08:43:56,Дмитрий кУЗнЕЦОв,+7 9508 70 08,3,АмУНИциЯ ДЛЯ Собак,3,3542.95,57.05,CompLeTEd,"Задержка с доставкой, печалька...",2024/03/03,8563964648662587
2029942965753,2024/03/31 15:02:40,натАЛья ваСИЛЬЕвА,+7 9768 14 68,4,ПоДПИска нА ГАзЕТу,3,1639.04,160.96,pRocEsSIng,спасибо за заказ,2024-03-18,2067648844040099
2029942964645,18.03.2024 03:12,иваН иВАНоВ,+7(9318)65-45,3,АМУнИЦИЯ Для собАк,1,972.04,227.96,procEssinG,Ждём с нетерпением!,2024/03/04,8934041979766875
2029942964645,18.03.2024 03:12,иваН иВАНоВ,+7(9318)65-45,5,МолокО,4,10635.91,1364.09,pRocesSing,Ждём с нетерпением!,2024/03/04,8934041979766875
2029942963725,2024-03-03 07:48:29,ДМИТрИй куЗНецов,+7(9307)47-24,4,пОДпискА На ГаЗету,4,2138.93,261.07,cAncelleD,Всё отлично!,2024-03-01,1475388845515275
2029942963725,2024-03-03 07:48:29,ДМИТрИй куЗНецов,+7(9307)47-24,1,КОрМ Для собак,3,1432.51,67.49,cancElLED,Всё отлично!,2024-03-01,1475388845515275
2029942963725,2024-03-03 07:48:29,ДМИТрИй куЗНецов,+7(9307)47-24,2,ИГруШКА МЯч,4,1053.57,146.43,cAnCELlEd,Всё отлично!,2024-03-01,1475388845515275
2029942963725,2024-03-03 07:48:29,ДМИТрИй куЗНецов,+7(9307)47-24,4,ПОДПиСка НА газЕТу,4,2300.39,99.61,cANCELLED,Всё отлично!,2024-03-01,1475388845515275
2029942963725,2024-03-03 07:48:29,ДМИТрИй куЗНецов,+7(9307)47-24,1,корм длЯ СобАк,3,1309.51,190.49,caNcElLeD,Всё отлично!,2024-03-01,1475388845515275
2029942962353,16.03.2024 01:15,ИваН Иванов,8(9017) 88-91,4,пОДписка на ГаЗеТУ,4,2155.05,244.95,ProCessING,"Задержка с доставкой, печалька...",2024-03-02,1898243644645141
2029942962353,16.03.2024 01:15,ИваН Иванов,8(9017) 88-91,1,КОРМ Для СОбак,5,2088.72,411.28,proceSSinG,"Задержка с доставкой, печалька...",2024-03-02,1898243644645141
2029942962353,16.03.2024 01:15,ИваН Иванов,8(9017) 88-91,4,ПОдписКА на гАЗЕту,5,2843.82,156.18,PROCesSINg,"Задержка с доставкой, печалька...",2024-03-02,1898243644645141
2029942961336,2024/03/27 02:13:15,сЕргЕй СИдОРОВ,+7(9501)50-99,1,КоРМ ДЛЯ сОБАК,1,459.4,40.6,COmpLEted,спасибо за заказ,2024-03-02,5051000903011396
2029942961336,2024/03/27 02:13:15,сЕргЕй СИдОРОВ,+7(9501)50-99,4,ПОДПИСКа НА ГазЕтУ,4,2312.87,87.13,coMplETED,спасибо за заказ,2024-03-02,5051000903011396
2029942961336,2024/03/27 02:13:15,сЕргЕй СИдОРОВ,+7(9501)50-99,2,игрУШкА МЯч,2,540.33,59.67,CompleTed,спасибо за заказ,2024-03-02,5051000903011396
2029942961336,2024/03/27 02:13:15,сЕргЕй СИдОРОВ,+7(9501)50-99,4,пОДпиСкА на гАЗЕТУ,4,2278.65,121.35,ComPLEted,спасибо за заказ,2024-03-02,5051000903011396
2029942961336,2024/03/27 02:13:15,сЕргЕй СИдОРОВ,+7(9501)50-99,4,подПиска НА гАзЕТу,2,1187.84,12.16,cOmPLeTeD,спасибо за заказ,2024-03-02,5051000903011396
2029942960252,2024/03/27 07:53:58,ИВан иВаНоВ,8(9128) 44-21,4,ПодПИСкА на гАЗеТУ,2,1030.73,169.27,coMPletED,Всё отлично!,2024-03-15,4177178951765083
2029942959441,2024-03-15 00:10:55,маРИЯ пЕТРовА,8(9302) 89-19,4,пОдПисКА нА гаЗЕтУ,1,510.07,89.93,compLETeD,Ждём с нетерпением!,17.03.2024,1586839055873416
2029942959441,2024-03-15 00:10:55,маРИЯ пЕТРовА,8(9302) 89-19,5,МОлОкО,5,14855.74,144.26,COMPlETeD,Ждём с нетерпением!,17.03.2024,1586839055873416
2029942959441,2024-03-15 00:10:55,маРИЯ пЕТРовА,8(9302) 89-19,1,КоРм ДЛя сОБаК,4,1981.47,18.53,coMPleTed,Ждём с нетерпением!,17.03.2024,1586839055873416
2029942959441,2024-03-15 00:10:55,маРИЯ пЕТРовА,8(9302) 89-19,3,АмуНицИЯ длЯ собАК,1,1009.25,190.75,CoMPlETEd,Ждём с нетерпением!,17.03.2024,1586839055873416
2029942959441,2024-03-15 00:10:55,маРИЯ пЕТРовА,8(9302) 89-19,1,коРм Для Собак,2,951.18,48.82,cOMpleted,Ждём с нетерпением!,17.03.2024,1586839055873416
2029942958477,06.03.2024 01:02,НатАлья ВасиЛЬЕВа,+7 9754 06 89,4,поДпИскА нА ГАЗЕтУ,3,1483.09,316.91,CanCEllEd,Ждём с нетерпением!,2024/03/13,4733217620067442
2029942958477,06.03.2024 01:02,НатАлья ВасиЛЬЕВа,+7 9754 06 89,3,АМУНицИЯ ДЛЯ СоБаК,2,1958.45,441.55,cANcELlED,Ждём с нетерпением!,2024/03/13,4733217620067442
2029942958477,06.03.2024 01:02,НатАлья ВасиЛЬЕВа,+7 9754 06 89,4,подПиСКа нА ГаЗЕтУ,5,2439.9,560.1,cAncElled,Ждём с нетерпением!,2024/03/13,4733217620067442
2029942957912,2024-03-19 01:02:03,НаТалЬя вАСИльева,+7 9835 49 44,5,МоЛоко,1,2827.8,172.2,caNcelLeD,Ждём с нетерпением!,2024-03-19,3382358956508058
2029942957912,2024-03-19 01:02:03,НаТалЬя вАСИльева,+7 9835 49 44,4,поДПиСкА На гАЗетУ,4,2200.21,199.79,caNcelled,Ждём с нетерпением!,2024-03-19,3382358956508058
2029942956535,2024-03-18 23:14:43,Анна СмИРНова,+7 9274 23 19,1,кОрм ДЛя СОБАк,4,1704.47,295.53,CAnceLLEd,Нужно уточнить сроки,2024-03-16,0578220115482933
2029942956535,2024-03-18 23:14:43,Анна СмИРНова,+7 9274 23 19,5,МОЛОкО,4,9985.54,2014.46,cANceLLEd,Нужно уточнить сроки,2024-03-16,0578220115482933
2029942956535,2024-03-18 23:14:43,Анна СмИРНова,+7 9274 23 19,4,ПоДпИсКа на гАзЕТУ,3,1684.46,115.54,CAnCelLEd,Нужно уточнить сроки,2024-03-16,0578220115482933
2029942956535,2024-03-18 23:14:43,Анна СмИРНова,+7 9274 23 19,1,кОрМ дЛЯ СоБАК,2,804.09,195.91,CAnCellEd,Нужно уточнить сроки,2024-03-16,0578220115482933
2029942955666,2024/03/22 01:36:22,сЕРгЕЙ СИдоров,8(9507) 89-26,3,АмуНИЦИя дЛЯ соБАк,4,4430.12,369.88,prOCEsSinG,подарок вовремя,2024/03/01,2279792352896057
2029942955666,2024/03/22 01:36:22,сЕРгЕЙ СИдоров,8(9507) 89-26,3,АМУниция Для СобаК,3,3244.49,355.51,pROcEsSinG,подарок вовремя,2024/03/01,2279792352896057
2029942955666,2024/03/22 01:36:22,сЕРгЕЙ СИдоров,8(9507) 89-26,4,ПОдПиСкА На гаЗЕТу,1,516.08,83.92,pRocESsINg,подарок вовремя,2024/03/01,2279792352896057
2029942955666,2024/03/22 01:36:22,сЕРгЕЙ СИдоров,8(9507) 89-26,2,ИгрУшКА мЯЧ,3,800.41,99.59,pRoceSSINg,подарок вовремя,2024/03/01,2279792352896057
2029942954904,19.03.2024 12:46,АНнА сМирнОВа,8(9577) 97-07,1,корм дЛя соБак,5,2163.93,336.07,cAnceLLed,"Задержка с доставкой, печалька...",2024/03/16,8124062316121194
2029942954904,19.03.2024 12:46,АНнА сМирнОВа,8(9577) 97-07,3,амУНИцИЯ ДЛЯ СОБаК,1,1094.66,105.34,caNcEllED,"Задержка с доставкой, печалька...",2024/03/16,8124062316121194
2029942954904,19.03.2024 12:46,АНнА сМирнОВа,8(9577) 97-07,2,иГРуШкА мЯЧ,2,599.79,0.21,CANCeLLed,"Задержка с доставкой, печалька...",2024/03/16,8124062316121194
2029942954904,19.03.2024 12:46,АНнА сМирнОВа,8(9577) 97-07,1,КоРм дЛЯ СобАК,3,1299.87,200.13,CAnCelLeD,"Задержка с доставкой, печалька...",2024/03/16,8124062316121194
2029942954904,19.03.2024 12:46,АНнА сМирнОВа,8(9577) 97-07,2,ИгрУШка МЯч,3,882.51,17.49,CAnCelLed,"Задержка с доставкой, печалька...",2024/03/16,8124062316121194
2029942953537,2024/03/03 12:20:47,аЛеКсеЙ МИхайЛОв,+7(9446)26-46,5,моЛоКо,2,5120.34,879.66,CANCEllEd,Ждём с нетерпением!,10.03.2024,0703487877775919
2029942953537,2024/03/03 12:20:47,аЛеКсеЙ МИхайЛОв,+7(9446)26-46,3,аМУнИЦиЯ ДлЯ СОБАК,5,5523.76,476.24,cAnCElLed,Ждём с нетерпением!,10.03.2024,0703487877775919
2029942953537,2024/03/03 12:20:47,аЛеКсеЙ МИхайЛОв,+7(9446)26-46,5,мОлоко,5,13593.44,1406.56,CAnCElLed,Ждём с нетерпением!,10.03.2024,0703487877775919
2029942952359,2024/03/22 19:41:24,елЕнА НоВИкОВА,+7 9496 01 86,5,молоКО,4,11302.85,697.15,complETED,Проверить наличие,2024-03-08,5972894584468621
2029942952359,2024/03/22 19:41:24,елЕнА НоВИкОВА,+7 9496 01 86,3,амуНиЦия ДЛя собаК,3,3447.78,152.22,compleTED,Проверить наличие,2024-03-08,5972894584468621
2029942952359,2024/03/22 19:41:24,елЕнА НоВИкОВА,+7 9496 01 86,4,ПодпиСКА НА гАЗЕТу,2,1119.69,80.31,CoMpLeted,Проверить наличие,2024-03-08,5972894584468621
2029942952359,2024/03/22 19:41:24,елЕнА НоВИкОВА,+7 9496 01 86,2,игруШкА мяч,1,240.57,59.43,COMPLetEd,Проверить наличие,2024-03-08,5972894584468621
2029942951592,2024/03/18 19:17:26,нАтаЛЬЯ вАсИлЬева,+7 9994 34 98,2,ИгрУшКА Мяч,2,508.9,91.1,cANcElLED,Проверить наличие,2024-03-21,4038542764518488
2029942951592,2024/03/18 19:17:26,нАтаЛЬЯ вАсИлЬева,+7 9994 34 98,5,молокО,2,5336.67,663.33,CANCELLED,Проверить наличие,2024-03-21,4038542764518488
2029942951592,2024/03/18 19:17:26,нАтаЛЬЯ вАсИлЬева,+7 9994 34 98,5,МОЛокО,1,2878.13,121.87,CAncElleD,Проверить наличие,2024-03-21,4038542764518488
2029942951592,2024/03/18 19:17:26,нАтаЛЬЯ вАсИлЬева,+7 9994 34 98,3,АмУнИЦиЯ ДЛЯ собАК,4,3934.18,865.82,CancElleD,Проверить наличие,2024-03-21,4038542764518488
2029942950789,2024/03/05 15:56:28,МИхАиЛ ОРЛОв,+7 9552 88 28,4,ПОДПисКА НА ГАЗетУ,5,2699.87,300.13,CANcelLeD,подарок вовремя,2024/03/05,3344373245733909
2029942950789,2024/03/05 15:56:28,МИхАиЛ ОРЛОв,+7 9552 88 28,5,молоко,5,14026.57,973.43,cancElled,подарок вовремя,2024/03/05,3344373245733909
2029942950789,2024/03/05 15:56:28,МИхАиЛ ОРЛОв,+7 9552 88 28,4,ПодпИска На ГаЗЕТУ,1,543.32,56.68,CancElled,подарок вовремя,2024/03/05,3344373245733909
2029942950789,2024/03/05 15:56:28,МИхАиЛ ОРЛОв,+7 9552 88 28,1,коРм дЛя СобаК,4,1928.29,71.71,CANcELlEd,подарок вовремя,2024/03/05,3344373245733909
2029942949174,2024/03/14 08:07:32,МаРия пЕТрОвА,8(9028) 92-49,3,АмуНИЦия Для соБаК,1,1150.96,49.04,pRoCESSINg,спасибо за заказ,30.03.2024,9061278444119810
2029942949174,2024/03/14 08:07:32,МаРия пЕТрОвА,8(9028) 92-49,2,ИГРуШкА мЯЧ,2,505.13,94.87,pRocEssIng,спасибо за заказ,30.03.2024,9061278444119810
2029942949174,2024/03/14 08:07:32,МаРия пЕТрОвА,8(9028) 92-49,2,ИГрУШка МЯЧ,4,967.45,232.55,proCESsINg,спасибо за заказ,30.03.2024,9061278444119810
2029942948985,2024-03-14 22:24:32,олЬгА КУЗНЕцовА,+7 9694 94 58,1,коРм Для СобАк,3,1395.82,104.18,caNCeLLeD,Нужно уточнить сроки,2024-03-01,9790237169120822
2029942948985,2024-03-14 22:24:32,олЬгА КУЗНЕцовА,+7 9694 94 58,1,КОРМ Для соБак,3,1284.01,215.99,CANcELLed,Нужно уточнить сроки,2024-03-01,9790237169120822
2029942948985,2024-03-14 22:24:32,олЬгА КУЗНЕцовА,+7 9694 94 58,2,ИгРушКа МяЧ,5,1312.29,187.71,caNcelled,Нужно уточнить сроки,2024-03-01,9790237169120822
2029942948985,2024-03-14 22:24:32,олЬгА КУЗНЕцовА,+7 9694 94 58,5,МОЛОКо,5,13482.36,1517.64,cancelLED,Нужно уточнить сроки,2024-03-01,9790237169120822
2029942947692,05.03.2024 06:01,дмитРИй КУзНецоВ,+7(9734)62-04,5,молОкО,5,14054.53,945.47,cAncELlED,подарок вовремя,14.03.2024,9862953146528124
2029942947692,05.03.2024 06:01,дмитРИй КУзНецоВ,+7(9734)62-04,5,МолоКо,1,2870.09,129.91,CANCeLLeD,подарок вовремя,14.03.2024,9862953146528124
2029942947692,05.03.2024 06:01,дмитРИй КУзНецоВ,+7(9734)62-04,1,КОРМ для сОбАк,1,472.01,27.99,caNCELlEd,подарок вовремя,14.03.2024,9862953146528124
2029942947692,05.03.2024 06:01,дмитРИй КУзНецоВ,+7(9734)62-04,2,ИГРУшка мяч,4,1199.73,0.27,cANceLlEd,подарок вовремя,14.03.2024,9862953146528124
2029942946959,2024/03/10 02:33:22,МИХАИл ОРлов,+7 9067 50 49,1,КОрМ ДЛя СобаК,5,2192.35,307.65,CANCelLeD,подарок вовремя,2024/03/13,3164975661213206
2029942945421,2024/03/03 06:39:25,ИвАн ИвАнов,+7(9795)23-49,5,моЛОко,1,2918.53,81.47,cOMplETED,спасибо за заказ,2024-03-21,3393541140941779
2029942945421,2024/03/03 06:39:25,ИвАн ИвАнов,+7(9795)23-49,3,амунИЦия ДЛЯ соБАК,1,1128.35,71.65,coMPLETED,спасибо за заказ,2024-03-21,3393541140941779
2029942945421,2024/03/03 06:39:25,ИвАн ИвАнов,+7(9795)23-49,2,ИгРушКа МяЧ,3,784.66,115.34,ComPlETEd,спасибо за заказ,2024-03-21,3393541140941779
2029942945421,2024/03/03 06:39:25,ИвАн ИвАнов,+7(9795)23-49,2,Игрушка мЯЧ,5,1304.77,195.23,CoMpletEd,спасибо за заказ,2024-03-21,3393541140941779
2029942945421,2024/03/03 06:39:25,ИвАн ИвАнов,+7(9795)23-49,2,ИгрУшКа мяч,2,489.27,110.73,cOMpleteD,спасибо за заказ,2024-03-21,3393541140941779
2029942944277,30.03.2024 04:14,анНА СмИрНова,+7(9935)23-28,4,ПОдпиСка нА ГАЗЕТу,5,2573.56,426.44,CAncellEd,Проверить наличие,18.03.2024,9985389217114056
2029942943773,2024/03/27 17:25:06,НАТаЛьЯ ВасИлЬЕвА,+7(9652)68-40,4,ПоДПискА нА ГазЕту,3,1659.22,140.78,PrOCEssing,спасибо за заказ,2024-03-29,2944874562346171
2029942943773,2024/03/27 17:25:06,НАТаЛьЯ ВасИлЬЕвА,+7(9652)68-40,1,корМ Для собак,3,1462.97,37.03,ProCesSINg,спасибо за заказ,2024-03-29,2944874562346171
2029942943773,2024/03/27 17:25:06,НАТаЛьЯ ВасИлЬЕвА,+7(9652)68-40,5,мОлОко,2,5910.5,89.5,PrOCeSSINg,спасибо за заказ,2024-03-29,2944874562346171
2029942943773,2024/03/27 17:25:06,НАТаЛьЯ ВасИлЬЕвА,+7(9652)68-40,1,КОРМ ДЛя СОбАк,1,452.29,47.71,PrOCESsiNg,спасибо за заказ,2024-03-29,2944874562346171
2029942943773,2024/03/27 17:25:06,НАТаЛьЯ ВасИлЬЕвА,+7(9652)68-40,3,амУнициЯ Для СОбак,4,4374.74,425.26,PrOcEsSiNg,спасибо за заказ,2024-03-29,2944874562346171
2029942942356,19.03.2024 11:08,МИхАил ОРлов,8(9488) 73-71,2,иГруШКА Мяч,1,275.9,24.1,PrOCeSSiNg,"Задержка с доставкой, печалька...",2024/03/11,7835974029401953
2029942942356,19.03.2024 11:08,МИхАил ОРлов,8(9488) 73-71,1,кОРм дЛЯ сОбак,2,817.41,182.59,PRoCeSsInG,"Задержка с доставкой, печалька...",2024/03/11,7835974029401953
2029942941761,2024/03/14 01:46:16,ОльГА кузНецОва,8(9263) 82-16,2,игРуШкА Мяч,2,584.44,15.56,prOcESsinG,подарок вовремя,30.03.2024,1946705441919927
2029942941761,2024/03/14 01:46:16,ОльГА кузНецОва,8(9263) 82-16,5,мОЛоКО,4,11297.09,702.91,PROcesSiNG,подарок вовремя,30.03.2024,1946705441919927
2029942941761,2024/03/14 01:46:16,ОльГА кузНецОва,8(9263) 82-16,5,молоКо,5,12590.5,2409.5,PROCEssINg,подарок вовремя,30.03.2024,1946705441919927
2029942940677,2024/03/07 09:20:39,АЛеКсЕЙ МИХАЙЛов,8(9468) 67-95,4,ПодПисКа На ГАзЕТу,5,2844.03,155.97,CaNcelLeD,Всё отлично!,2024/03/25,9701205953352961
2029942939332,2024/03/10 18:36:54,ИВАН иВанОв,+7 9925 29 90,2,игРуШка мяЧ,4,1030.47,169.53,CAncElleD,Всё отлично!,2024-03-11,5369185217931885
2029942939332,2024/03/10 18:36:54,ИВАН иВанОв,+7 9925 29 90,5,мОЛОко,1,2769.55,230.45,cAnCELlEd,Всё отлично!,2024-03-11,5369185217931885
2029942939332,2024/03/10 18:36:54,ИВАН иВанОв,+7 9925 29 90,3,амУниЦия дЛя сОБАК,3,3132.6,467.4,canceLlEd,Всё отлично!,2024-03-11,5369185217931885
2029942938332,2024/03/27 19:36:00,аЛексЕй михайЛоВ,8(9327) 06-11,5,МОЛокО,2,5866.36,133.64,pRoCeSSiNg,Проверить наличие,2024/03/20,3892508663557789
2029942938332,2024/03/27 19:36:00,аЛексЕй михайЛоВ,8(9327) 06-11,4,ПОдПИсКа На ГАзЕТу,2,1149.28,50.72,proCeSsIng,Проверить наличие,2024/03/20,3892508663557789
2029942938332,2024/03/27 19:36:00,аЛексЕй михайЛоВ,8(9327) 06-11,3,амУНИЦИя Для СобаК,2,2378.55,21.45,PRocessing,Проверить наличие,2024/03/20,3892508663557789
2029942938332,2024/03/27 19:36:00,аЛексЕй михайЛоВ,8(9327) 06-11,5,моЛоКО,1,2603.48,396.52,PROcEssIng,Проверить наличие,2024/03/20,3892508663557789
2029942938332,2024/03/27 19:36:00,аЛексЕй михайЛоВ,8(9327) 06-11,2,иГруШкА МЯч,4,1089.57,110.43,prOceSsiNG,Проверить наличие,2024/03/20,3892508663557789
2029942937250,2024/03/26 15:45:52,МаРИЯ ПЕтрОВа,8(9579) 64-26,5,МоЛоко,4,11363.7,636.3,prOCeSSIng,Проверить наличие,2024/03/25,3572939857289558
2029942937250,2024/03/26 15:45:52,МаРИЯ ПЕтрОВа,8(9579) 64-26,3,АМунИцИЯ Для СобАК,2,2199.71,200.29,ProcesSinG,Проверить наличие,2024/03/25,3572939857289558
2029942937250,2024/03/26 15:45:52,МаРИЯ ПЕтрОВа,8(9579) 64-26,2,ИГруШкА мяч,2,516.45,83.55,pRoCesSInG,Проверить наличие,2024/03/25,3572939857289558
2029942937250,2024/03/26 15:45:52,МаРИЯ ПЕтрОВа,8(9579) 64-26,5,МОЛокО,3,7588.12,1411.88,PrOcEsSING,Проверить наличие,2024/03/25,3572939857289558
2029942936445,2024/03/28 12:12:21,ЕлЕнА ноВИкова,+7 9762 38 87,1,корм для СобаК,3,1444.34,55.66,cOmpLEted,"Задержка с доставкой, печалька...",06.03.2024,7092154479829478
2029942936445,2024/03/28 12:12:21,ЕлЕнА ноВИкова,+7 9762 38 87,5,мОЛоКО,3,7785.78,1214.22,COmPLEtEd,"Задержка с доставкой, печалька...",06.03.2024,7092154479829478
2029942935753,2024/03/02 00:26:43,наТалЬЯ ВаСильЕВа,+7(9754)72-43,1,кОРМ длЯ соБаК,1,466.82,33.18,ProCESSiNG,Всё отлично!,2024/03/10,6918683131545821
2029942935753,2024/03/02 00:26:43,наТалЬЯ ВаСильЕВа,+7(9754)72-43,1,кОрм ДлЯ СоБАк,5,2085.76,414.24,ProcesSING,Всё отлично!,2024/03/10,6918683131545821
2029942935753,2024/03/02 00:26:43,наТалЬЯ ВаСильЕВа,+7(9754)72-43,4,ПОдПисКА нА гАзетУ,3,1488.52,311.48,ProcessiNG,Всё отлично!,2024/03/10,6918683131545821
2029942935753,2024/03/02 00:26:43,наТалЬЯ ВаСильЕВа,+7(9754)72-43,1,КОРМ дЛя собаК,4,1827.22,172.78,proCessing,Всё отлично!,2024/03/10,6918683131545821
2029942935753,2024/03/02 00:26:43,наТалЬЯ ВаСильЕВа,+7(9754)72-43,5,молокО,3,8561.73,438.27,PRoceSSIng,Всё отлично!,2024/03/10,6918683131545821
2029942934349,2024-03-28 14:40:27,мИхаиЛ ОРлов,+7 9733 52 09,5,мОЛоко,3,8313.02,686.98,cANCeLLed,Нужно уточнить сроки,2024-03-30,7131777012098964
2029942934349,2024-03-28 14:40:27,мИхаиЛ ОРлов,+7 9733 52 09,4,пОдПИсКа На газеТу,4,1925.52,474.48,CaNCElLEd,Нужно уточнить сроки,2024-03-30,7131777012098964
2029942933827,2024-03-01 22:04:20,ДМитРий куЗНеЦОВ,+7(9323)85-65,2,иГруШкА Мяч,2,573.14,26.86,COmplEteD,Ждём с нетерпением!,2024-03-15,6584516965107683
2029942933827,2024-03-01 22:04:20,ДМитРий куЗНеЦОВ,+7(9323)85-65,5,моЛоКО,4,10315.31,1684.69,comPLETeD,Ждём с нетерпением!,2024-03-15,6584516965107683
2029942932467,11.03.2024 10:17,Иван ИВАнов,8(9317) 35-38,4,ПОДпиСКа НА газЕтУ,2,1160.52,39.48,PROceSsing,Ждём с нетерпением!,2024/03/29,1942944578341239
2029942932467,11.03.2024 10:17,Иван ИВАнов,8(9317) 35-38,1,КоРм для СОбАК,3,1388.8,111.2,ProCESsInG,Ждём с нетерпением!,2024/03/29,1942944578341239
2029942932467,11.03.2024 10:17,Иван ИВАнов,8(9317) 35-38,5,мОЛоКо,3,8934.57,65.43,ProcEssiNg,Ждём с нетерпением!,2024/03/29,1942944578341239
2029942932467,11.03.2024 10:17,Иван ИВАнов,8(9317) 35-38,1,КОрМ ДЛя СОбАК,1,409.74,90.26,PROCESsiNG,Ждём с нетерпением!,2024/03/29,1942944578341239
2029942932467,11.03.2024 10:17,Иван ИВАнов,8(9317) 35-38,5,моЛОКо,1,2809.82,190.18,PROCESSInG,Ждём с нетерпением!,2024/03/29,1942944578341239
2029942931254,2024/03/08 05:10:56,МиХАИл орЛОВ,+7(9247)99-53,2,ИГрУшКА мЯч,5,1371.0,129.0,cOmPletEd,Ждём с нетерпением!,2024-03-02,8663643071926872
2029942931254,2024/03/08 05:10:56,МиХАИл орЛОВ,+7(9247)99-53,1,КОрМ ДЛя СоБак,1,444.25,55.75,cOmplETed,Ждём с нетерпением!,2024-03-02,8663643071926872
2029942931254,2024/03/08 05:10:56,МиХАИл орЛОВ,+7(9247)99-53,1,коРм Для СОбаК,4,1615.47,384.53,COmpLETeD,Ждём с нетерпением!,2024-03-02,8663643071926872
2029942930565,2024-03-31 03:31:19,еЛЕна НОвИкОва,+7(9443)31-75,3,АмУНиция дЛЯ СОБак,1,1176.46,23.54,CANCELLed,спасибо за заказ,2024-03-26,6022498124564500
2029942930565,2024-03-31 03:31:19,еЛЕна НОвИкОва,+7(9443)31-75,3,АМуНИцИя ДлЯ сОБаК,5,5548.91,451.09,CanCELleD,спасибо за заказ,2024-03-26,6022498124564500
2029942929782,2024/03/09 23:09:53,ДМИТрий кУзнЕцов,+7(9142)85-43,2,ИгРУШкА мяч,4,990.08,209.92,PRoCeSSiNg,Всё отлично!,2024-03-21,8850939627679342
2029942929782,2024/03/09 23:09:53,ДМИТрий кУзнЕцов,+7(9142)85-43,2,иГРушКА МяЧ,3,781.98,118.02,ProceSsing,Всё отлично!,2024-03-21,8850939627679342
2029942928865,2024/03/10 19:48:09,МаРиЯ пеТрОВА,8(9559) 03-32,3,АМуНицИя ДлЯ соБак,2,2238.81,161.19,cAnCEllED,Проверить наличие,2024-03-06,2777678392833691
2029942927510,05.03.2024 08:33,мИХаИЛ ОрлоВ,+7 9061 57 74,3,АМУнициЯ дЛя собаК,2,2304.56,95.44,PROCESSInG,спасибо за заказ,2024-03-30,5847474401707825
2029942927510,05.03.2024 08:33,мИХаИЛ ОрлоВ,+7 9061 57 74,2,ИГРУшка мЯч,5,1266.65,233.35,prOCEssinG,спасибо за заказ,2024-03-30,5847474401707825
2029942927510,05.03.2024 08:33,мИХаИЛ ОрлоВ,+7 9061 57 74,3,аМуницИЯ ДЛя сОбАК,4,4422.76,377.24,PrOCessIng,спасибо за заказ,2024-03-30,5847474401707825
2029942927510,05.03.2024 08:33,мИХаИЛ ОрлоВ,+7 9061 57 74,3,аМУнИция дЛя СобаК,1,1175.08,24.92,PRocessinG,спасибо за заказ,2024-03-30,5847474401707825
2029942926578,2024-03-26 22:40:11,СергеЙ СИдОрОв,8(9725) 05-00,1,кОРМ для СоБАк,2,939.55,60.45,ComPleTEd,Нужно уточнить сроки,13.03.2024,3543122993781192
2029942926578,2024-03-26 22:40:11,СергеЙ СИдОрОв,8(9725) 05-00,4,пОДпиСка НА гаЗетУ,4,2180.45,219.55,COMpLETED,Нужно уточнить сроки,13.03.2024,3543122993781192
2029942926578,2024-03-26 22:40:11,СергеЙ СИдОрОв,8(9725) 05-00,3,АмУНИЦиЯ дЛя сОбАК,5,5437.83,562.17,complETeD,Нужно уточнить сроки,13.03.2024,3543122993781192
2029942926578,2024-03-26 22:40:11,СергеЙ СИдОрОв,8(9725) 05-00,2,иГруШкА мяч,3,749.94,150.06,comPleteD,Нужно уточнить сроки,13.03.2024,3543122993781192
2029942925749,2024/03/14 12:55:58,анНа сМИРнОВа,+7 9701 25 02,5,молОкО,3,7602.05,1397.95,caNcelLeD,подарок вовремя,24.03.2024,4231577542078079
2029942925749,2024/03/14 12:55:58,анНа сМИРнОВа,+7 9701 25 02,5,МолоКо,3,8844.35,155.65,caNCELlED,подарок вовремя,24.03.2024,4231577542078079
2029942924608,2024-03-25 16:09:26,НАТалья ВасИЛьеВА,+7 9399 66 47,5,моЛОкО,1,2657.83,342.17,PRoCessIng,Нужно уточнить сроки,07.03.2024,7250981737000283
2029942924608,2024-03-25 16:09:26,НАТалья ВасИЛьеВА,+7 9399 66 47,1,кОРм дЛЯ сОбАК,2,818.43,181.57,prOCESsiNG,Нужно уточнить сроки,07.03.2024,7250981737000283
2029942924608,2024-03-25 16:09:26,НАТалья ВасИЛьеВА,+7 9399 66 47,4,ПоДПисКА На ГаЗетУ,2,1113.8,86.2,procESsInG,Нужно уточнить сроки,07.03.2024,7250981737000283
2029942923802,2024-03-26 13:05:18,сЕргЕЙ СИдоРоВ,+7(9239)30-99,4,ПОДПиСкА НА гаЗЕТу,4,2098.81,301.19,PROCeSSIng,Ждём с нетерпением!,2024/03/06,7981261534153686
2029942923802,2024-03-26 13:05:18,сЕргЕЙ СИдоРоВ,+7(9239)30-99,5,мОлОкО,5,14613.9,386.1,ProcESsING,Ждём с нетерпением!,2024/03/06,7981261534153686
2029942922679,2024-03-04 02:41:26,МИХаИЛ орлоВ,+7(9758)34-04,3,амуниЦИя дЛя СоБАк,3,3228.76,371.24,PrOCessIng,Проверить наличие,2024/03/31,5934896022956509
2029942921298,01.03.2024 08:59,иВАН ивАноВ,+7(9807)64-48,3,аМуНИЦиЯ дЛя СобАК,4,3882.51,917.49,COmPletED,спасибо за заказ,2024/03/19,4362812714592996
2029942921298,01.03.2024 08:59,иВАН ивАноВ,+7(9807)64-48,5,МОЛоКо,2,5584.72,415.28,cOMPLeTed,спасибо за заказ,2024/03/19,4362812714592996
2029942920954,2024-03-17 13:39:23,АННа СмИрнОВа,8(9798) 00-96,5,МОлОко,1,2856.36,143.64,pRocEssInG,Всё отлично!,2024/03/19,9778033673722205
2029942920954,2024-03-17 13:39:23,АННа СмИрнОВа,8(9798) 00-96,1,коРм Для СобаК,5,2237.34,262.66,pRoCESSIng,Всё отлично!,2024/03/19,9778033673722205
2029942919311,2024/03/12 21:39:24,МАрия петровА,+7 9914 16 48,3,амУнИцИя дЛЯ собак,4,4158.27,641.73,CaNCelleD,подарок вовремя,2024-03-21,0306752829135090
2029942919311,2024/03/12 21:39:24,МАрия петровА,+7 9914 16 48,1,Корм дЛя сОбак,2,947.24,52.76,CAnCeLlEd,подарок вовремя,2024-03-21,0306752829135090
2029942919311,2024/03/12 21:39:24,МАрия петровА,+7 9914 16 48,5,МОлОкО,5,14638.72,361.28,cancEllED,подарок вовремя,2024-03-21,0306752829135090
2029942919311,2024/03/12 21:39:24,МАрия петровА,+7 9914 16 48,2,ИгРУшКа МЯч,5,1246.84,253.16,cAncelLed,подарок вовремя,2024-03-21,0306752829135090
2029942918629,2024-03-02 16:55:55,аЛексей мИхаЙлов,+7(9716)11-75,4,ПоДпИска на ГаЗету,2,1023.07,176.93,cAnceLlED,Всё отлично!,2024-03-22,5685093609153769
2029942918629,2024-03-02 16:55:55,аЛексей мИхаЙлов,+7(9716)11-75,4,пОДпискА На гАзЕтУ,4,2132.89,267.11,caNcelleD,Всё отлично!,2024-03-22,5685093609153769
2029942917948,18.03.2024 12:16,НатАлЬя ВАСилЬевА,+7(9334)98-67,1,корм дЛя сОБАк,1,482.07,17.93,COMpLeTed,Ждём с нетерпением!,14.03.2024,1468936165364908
2029942917948,18.03.2024 12:16,НатАлЬя ВАСилЬевА,+7(9334)98-67,5,МолокО,1,2755.97,244.03,CoMpLEteD,Ждём с нетерпением!,14.03.2024,1468936165364908
2029942917948,18.03.2024 12:16,НатАлЬя ВАСилЬевА,+7(9334)98-67,2,ИгРУшка МЯч,1,261.47,38.53,coMPLETED,Ждём с нетерпением!,14.03.2024,1468936165364908
2029942917948,18.03.2024 12:16,НатАлЬя ВАСилЬевА,+7(9334)98-67,4,ПоДПИСКА нА гаЗЕТу,3,1502.08,297.92,cOmpLeteD,Ждём с нетерпением!,14.03.2024,1468936165364908
2029942917948,18.03.2024 12:16,НатАлЬя ВАСилЬевА,+7(9334)98-67,5,МОЛОко,3,8089.74,910.26,coMPlETeD,Ждём с нетерпением!,14.03.2024,1468936165364908
2029942916992,2024-03-11 12:42:16,НАтАЛьЯ ВАсИльЕВа,8(9052) 45-00,4,подписка на газЕТУ,2,1099.82,100.18,cOMPlETed,Проверить наличие,13.03.2024,7546690809716372
2029942916992,2024-03-11 12:42:16,НАтАЛьЯ ВАсИльЕВа,8(9052) 45-00,1,КорМ ДЛЯ сОБаК,1,432.34,67.66,COmpLEtEd,Проверить наличие,13.03.2024,7546690809716372
2029942916992,2024-03-11 12:42:16,НАтАЛьЯ ВАсИльЕВа,8(9052) 45-00,2,ИГруШКА МЯЧ,4,1070.03,129.97,cOmpLETED,Проверить наличие,13.03.2024,7546690809716372
2029942916992,2024-03-11 12:42:16,НАтАЛьЯ ВАсИльЕВа,8(9052) 45-00,2,игРуШкА МяЧ,2,592.56,7.44,COmplEtED,Проверить наличие,13.03.2024,7546690809716372
2029942916992,2024-03-11 12:42:16,НАтАЛьЯ ВАсИльЕВа,8(9052) 45-00,3,АмуНиЦия Для собАк,5,5217.42,782.58,cOMPLetEd,Проверить наличие,13.03.2024,7546690809716372
2029942915563,05.03.2024 19:50,МАРиЯ ПетРОВа,+7 9058 71 99,1,корМ длЯ СоБАК,3,1475.26,24.74,CAnCelLed,"Задержка с доставкой, печалька...",2024-03-08,4799101241705078
2029942915563,05.03.2024 19:50,МАРиЯ ПетРОВа,+7 9058 71 99,1,кОРМ ДЛя СоБаК,4,1952.9,47.1,caNCELLeD,"Задержка с доставкой, печалька...",2024-03-08,4799101241705078
2029942914488,2024-03-09 02:24:22,ОльГа КУЗнЕцоВА,8(9246) 48-46,2,ИгруШКа мЯЧ,3,840.94,59.06,PROCEssiNG,спасибо за заказ,25.03.2024,9996903715511992
2029942913938,2024/03/25 20:41:28,сЕРгЕЙ сиДОРоВ,+7(9909)69-13,1,КоРм ДЛЯ соБак,2,801.4,198.6,PRoceSSiNg,Всё отлично!,2024/03/20,8048558233740467
2029942913938,2024/03/25 20:41:28,сЕРгЕЙ сиДОРоВ,+7(9909)69-13,4,поДпИСка нА гаЗЕТу,4,2235.63,164.37,PRoCESSIng,Всё отлично!,2024/03/20,8048558233740467
2029942913938,2024/03/25 20:41:28,сЕРгЕЙ сиДОРоВ,+7(9909)69-13,5,моЛоКо,1,2633.67,366.33,pROCESSINg,Всё отлично!,2024/03/20,8048558233740467
2029942913938,2024/03/25 20:41:28,сЕРгЕЙ сиДОРоВ,+7(9909)69-13,4,ПОдпиСКа на ГАзЕТу,5,2882.32,117.68,pROCesSING,Всё отлично!,2024/03/20,8048558233740467
2029942913938,2024/03/25 20:41:28,сЕРгЕЙ сиДОРоВ,+7(9909)69-13,3,АМунИцИя ДЛя СОБАк,3,3245.41,354.59,proCeSsinG,Всё отлично!,2024/03/20,8048558233740467
2029942912496,27.03.2024 12:45,ЕЛеНА ноВИКОва,+7(9431)78-87,2,иГрУшкА мяч,1,272.38,27.62,coMplETed,Всё отлично!,2024-03-14,3064212054515886
2029942912496,27.03.2024 12:45,ЕЛеНА ноВИКОва,+7(9431)78-87,5,молОкО,1,2949.4,50.6,CoMPLeTed,Всё отлично!,2024-03-14,3064212054515886
2029942912496,27.03.2024 12:45,ЕЛеНА ноВИКОва,+7(9431)78-87,4,поДпИСкА нА ГАзеТУ,4,1938.59,461.41,cOMplEteD,Всё отлично!,2024-03-14,3064212054515886
2029943167852,2024/03/11 06:22:57,сЕРгей СИдоРоВ,8(9108) 04-44,2,иГРуШка МЯЧ,3,753.46,146.54,cancelleD,Всё отлично!,12.03.2024,3487924887226176
2029943167852,2024/03/11 06:22:57,сЕРгей СИдоРоВ,8(9108) 04-44,2,иГрУшка мЯЧ,1,298.42,1.58,cAncEllED,Всё отлично!,12.03.2024,3487924887226176
2029943166301,2024-03-31 09:28:22,иван ИваНОв,8(9365) 40-84,1,кОрм ДлЯ СОБаК,2,883.98,116.02,canCElLED,подарок вовремя,2024-03-07,4965527906579701
2029943165780,2024/03/21 23:06:26,НаТАльЯ васИльЕВа,+7(9785)75-76,1,Корм ДЛя сОБАк,2,802.63,197.37,PROCESsiNg,Всё отлично!,09.03.2024,8540179180745492
2029943165780,2024/03/21 23:06:26,НаТАльЯ васИльЕВа,+7(9785)75-76,1,корм Для СОбак,4,1776.82,223.18,ProcESSiNG,Всё отлично!,09.03.2024,8540179180745492
2029943164559,2024-03-05 17:55:52,еЛЕна нОвИКОвА,+7(9203)58-21,1,Корм Для СоБАк,3,1216.38,283.62,ComPLETed,спасибо за заказ,2024/03/25,7304668468787710
2029943164559,2024-03-05 17:55:52,еЛЕна нОвИКОвА,+7(9203)58-21,2,ИгРуШка Мяч,2,561.43,38.57,CoMPlETeD,спасибо за заказ,2024/03/25,7304668468787710
2029943164559,2024-03-05 17:55:52,еЛЕна нОвИКОвА,+7(9203)58-21,1,кОрМ ДЛя СобАК,2,843.58,156.42,COmPLEteD,спасибо за заказ,2024/03/25,7304668468787710
2029943164559,2024-03-05 17:55:52,еЛЕна нОвИКОвА,+7(9203)58-21,4,пОДпИсКа нА гаЗеТу,1,506.85,93.15,ComplETED,спасибо за заказ,2024/03/25,7304668468787710
2029943164559,2024-03-05 17:55:52,еЛЕна нОвИКОвА,+7(9203)58-21,1,корм ДлЯ сОбаК,2,925.14,74.86,CoMpletEd,спасибо за заказ,2024/03/25,7304668468787710
2029943163754,2024/03/12 04:47:37,МИхАИЛ ОрлОв,+7(9381)44-13,5,мОЛоКо,4,11426.08,573.92,CANCelLED,подарок вовремя,2024-03-28,4673922993793608
2029943163754,2024/03/12 04:47:37,МИхАИЛ ОрлОв,+7(9381)44-13,2,ИГРуШкА МяЧ,2,490.51,109.49,CaNcELLed,подарок вовремя,2024-03-28,4673922993793608
2029943163754,2024/03/12 04:47:37,МИхАИЛ ОрлОв,+7(9381)44-13,1,КоРм ДЛЯ собАк,5,2164.61,335.39,CANCElLED,подарок вовремя,2024-03-28,4673922993793608
2029943163754,2024/03/12 04:47:37,МИхАИЛ ОрлОв,+7(9381)44-13,5,МоЛОкО,5,12730.5,2269.5,cANcEllED,подарок вовремя,2024-03-28,4673922993793608
2029943163754,2024/03/12 04:47:37,МИхАИЛ ОрлОв,+7(9381)44-13,1,коРМ дЛя соБаК,3,1263.46,236.54,cANcELlEd,подарок вовремя,2024-03-28,4673922993793608
2029943162408,09.03.2024 07:13,ОлЬгА КУЗНЕцоВА,8(9918) 13-84,1,КОРм дЛЯ СобАк,5,2378.61,121.39,caNceLLED,Проверить наличие,2024/03/06,2455655931214555
2029943162408,09.03.2024 07:13,ОлЬгА КУЗНЕцоВА,8(9918) 13-84,2,иГруШКА МяЧ,3,778.5,121.5,CAncELleD,Проверить наличие,2024/03/06,2455655931214555
2029943161885,2024/03/03 18:14:08,АЛЕКсеЙ МИхаЙлОв,8(9258) 36-43,3,АМунИциЯ дЛЯ СобАК,3,3162.92,437.08,cAncEllEd,Нужно уточнить сроки,16.03.2024,3798148719924304
2029943160942,2024/03/24 10:53:49,иваН ИВАНоВ,+7(9011)37-93,3,АмунИциЯ дЛЯ сОБАк,5,4828.11,1171.89,canCElleD,подарок вовремя,25.03.2024,1310898801037147
2029943160942,2024/03/24 10:53:49,иваН ИВАНоВ,+7(9011)37-93,2,иГрУШкА МЯч,5,1425.41,74.59,CANCElLEd,подарок вовремя,25.03.2024,1310898801037147
2029943160942,2024/03/24 10:53:49,иваН ИВАНоВ,+7(9011)37-93,2,ИгРуШка МяЧ,5,1363.28,136.72,CANceLled,подарок вовремя,25.03.2024,1310898801037147
2029943160942,2024/03/24 10:53:49,иваН ИВАНоВ,+7(9011)37-93,1,КОРМ для сОбаК,3,1311.86,188.14,canCElLEd,подарок вовремя,25.03.2024,1310898801037147
2029943159957,2024/03/23 17:24:39,натаЛЬя ваСИЛьева,+7 9316 12 58,4,пОДПИСка нА гАзету,3,1701.06,98.94,cANcElled,Нужно уточнить сроки,2024/03/02,2315955614100673
2029943158458,18.03.2024 14:25,СЕРГеЙ СидОРов,+7 9711 89 77,1,коРм ДЛя СОБАк,1,460.94,39.06,PrOCEssiNg,спасибо за заказ,2024/03/12,7618530227779473
2029943158458,18.03.2024 14:25,СЕРГеЙ СидОРов,+7 9711 89 77,5,МоЛоко,4,10398.56,1601.44,PROcESsIng,спасибо за заказ,2024/03/12,7618530227779473
2029943157370,21.03.2024 05:38,МИХАИл Орлов,+7 9039 90 43,1,кОрм ДлЯ СОБАК,4,1680.36,319.64,pROcESSINg,Нужно уточнить сроки,2024/03/04,1278127726025158
2029943157370,21.03.2024 05:38,МИХАИл Орлов,+7 9039 90 43,3,АМуНиЦИЯ ДЛя сОБАК,2,2200.03,199.97,PrOcESsING,Нужно уточнить сроки,2024/03/04,1278127726025158
2029943156162,2024/03/20 04:25:13,алексеЙ мИхайлОВ,+7(9655)98-69,4,ПОДПиска На газЕТу,2,1124.33,75.67,PrOCeSsiNg,Нужно уточнить сроки,2024/03/17,3801376126179565
2029943156162,2024/03/20 04:25:13,алексеЙ мИхайлОВ,+7(9655)98-69,5,мОлОКО,4,10997.1,1002.9,pRoCeSSIng,Нужно уточнить сроки,2024/03/17,3801376126179565
2029943156162,2024/03/20 04:25:13,алексеЙ мИхайлОВ,+7(9655)98-69,1,коРм для СоБАК,4,1699.94,300.06,PrOCEsSiNG,Нужно уточнить сроки,2024/03/17,3801376126179565
2029943156162,2024/03/20 04:25:13,алексеЙ мИхайлОВ,+7(9655)98-69,5,молОкО,2,5618.29,381.71,PROCEsSinG,Нужно уточнить сроки,2024/03/17,3801376126179565
2029943155354,03.03.2024 01:27,ДМитРИй КУЗНецов,+7 9867 08 89,1,КОРм дЛя соБАК,3,1414.16,85.84,PROcEssiNG,Всё отлично!,2024-03-28,2592034403198989
2029943154881,2024-03-14 16:39:54,миХАИл орЛОВ,+7 9756 50 90,2,иГруШкА мЯч,5,1448.73,51.27,PROcessing,Проверить наличие,26.03.2024,3935190292556774
2029943153184,2024/03/07 08:08:59,наТалЬя васиЛьЕва,+7 9499 95 97,2,ИГРУшкА Мяч,4,1141.19,58.81,ProCESSinG,подарок вовремя,2024-03-01,2506662619309105
2029943153184,2024/03/07 08:08:59,наТалЬя васиЛьЕва,+7 9499 95 97,5,МОлОКО,2,5658.83,341.17,ProCesSiNg,подарок вовремя,2024-03-01,2506662619309105
2029943153184,2024/03/07 08:08:59,наТалЬя васиЛьЕва,+7 9499 95 97,5,мОЛоко,5,14234.07,765.93,PrOcEsSING,подарок вовремя,2024-03-01,2506662619309105
2029943153184,2024/03/07 08:08:59,наТалЬя васиЛьЕва,+7 9499 95 97,1,КОрМ ДЛя собАК,1,444.76,55.24,PrOCESsiNG,подарок вовремя,2024-03-01,2506662619309105
2029943153184,2024/03/07 08:08:59,наТалЬя васиЛьЕва,+7 9499 95 97,2,игрУШкА мЯЧ,5,1489.7,10.3,procEsSINg,подарок вовремя,2024-03-01,2506662619309105
2029943152231,2024/03/22 07:34:26,оЛЬгА КузнЕцова,+7 9647 58 60,1,КОРм ДЛя СОбАК,1,411.51,88.49,cOmplEteD,Ждём с нетерпением!,22.03.2024,0045421724415140
2029943152231,2024/03/22 07:34:26,оЛЬгА КузнЕцова,+7 9647 58 60,2,игРуШкА МяЧ,4,1135.15,64.85,coMPlEtED,Ждём с нетерпением!,22.03.2024,0045421724415140
2029943151929,2024-03-09 00:48:36,АНна СМИрНова,+7 9485 03 82,3,амуНицИЯ Для СоБак,1,1152.22,47.78,CaNcELled,Ждём с нетерпением!,19.03.2024,4972206117976888
2029943151929,2024-03-09 00:48:36,АНна СМИрНова,+7 9485 03 82,5,мОЛОко,4,10159.85,1840.15,cAnCElLED,Ждём с нетерпением!,19.03.2024,4972206117976888
2029943151929,2024-03-09 00:48:36,АНна СМИрНова,+7 9485 03 82,4,пОДПисКа НА гАЗЕТу,3,1568.62,231.38,caNcelLEd,Ждём с нетерпением!,19.03.2024,4972206117976888
2029943151929,2024-03-09 00:48:36,АНна СМИрНова,+7 9485 03 82,1,кОрМ ДЛя соБак,1,458.49,41.51,CAnCelled,Ждём с нетерпением!,19.03.2024,4972206117976888
2029943151929,2024-03-09 00:48:36,АНна СМИрНова,+7 9485 03 82,1,кОРМ ДЛЯ сОбАк,3,1392.93,107.07,CaNCelLED,Ждём с нетерпением!,19.03.2024,4972206117976888
2029943150918,2024/03/06 10:15:09,нАТАлья васИльева,8(9319) 70-71,3,АмУНИция дЛя собак,3,3060.38,539.62,prOceSSINg,Нужно уточнить сроки,14.03.2024,9556924625925960
2029943150918,2024/03/06 10:15:09,нАТАлья васИльева,8(9319) 70-71,4,ПОдПИска нА газету,3,1660.96,139.04,PROCeSsing,Нужно уточнить сроки,14.03.2024,9556924625925960
2029943150918,2024/03/06 10:15:09,нАТАлья васИльева,8(9319) 70-71,4,поДпИсКА НА ГазЕту,3,1783.13,16.87,pRoCEssinG,Нужно уточнить сроки,14.03.2024,9556924625925960
2029943150918,2024/03/06 10:15:09,нАТАлья васИльева,8(9319) 70-71,3,амУниЦИя дЛя СОБАк,3,3150.2,449.8,PROCEsSiNG,Нужно уточнить сроки,14.03.2024,9556924625925960
2029943149669,2024-03-29 22:18:02,михАиЛ орлов,8(9529) 97-56,2,игРуШка МЯч,4,1006.67,193.33,PRocessiNG,подарок вовремя,06.03.2024,4475062416906692
2029943149669,2024-03-29 22:18:02,михАиЛ орлов,8(9529) 97-56,2,ИГрушкА мяЧ,5,1480.94,19.06,PrOcEsSiNG,подарок вовремя,06.03.2024,4475062416906692
2029943149669,2024-03-29 22:18:02,михАиЛ орлов,8(9529) 97-56,2,ИгРуШКА МЯч,4,1177.34,22.66,ProceSsInG,подарок вовремя,06.03.2024,4475062416906692
2029943148815,25.03.2024 17:04,дмитрий КузНЕЦОв,8(9571) 23-64,2,игРушка МЯч,1,290.17,9.83,COMplETED,Всё отлично!,30.03.2024,5223677187367055
2029943148815,25.03.2024 17:04,дмитрий КузНЕЦОв,8(9571) 23-64,3,АмУнициЯ Для СоБак,3,3554.9,45.1,complETEd,Всё отлично!,30.03.2024,5223677187367055
2029943147615,2024/03/11 09:58:27,СЕргЕй сидоРов,+7(9337)69-66,1,КОрМ Для сОБАк,5,2399.04,100.96,cOmpLetED,Проверить наличие,2024-03-22,8987038892072661
2029943146685,06.03.2024 16:58,СеРГЕЙ СиДОРов,+7 9729 94 79,5,МОлокО,3,7244.58,1755.42,PROcESSIng,Нужно уточнить сроки,2024/03/12,6553807968238871
2029943145382,2024-03-11 08:29:13,НатаЛьЯ васИльева,+7 9422 38 71,5,мОлОКО,2,4878.64,1121.36,ProcESsing,подарок вовремя,25.03.2024,2253164640018758
2029943145382,2024-03-11 08:29:13,НатаЛьЯ васИльева,+7 9422 38 71,5,МоЛокО,2,5351.13,648.87,pRocEsSiNG,подарок вовремя,25.03.2024,2253164640018758
2029943145382,2024-03-11 08:29:13,НатаЛьЯ васИльева,+7 9422 38 71,2,иГРУшКа мяЧ,3,754.22,145.78,PRocesSING,подарок вовремя,25.03.2024,2253164640018758
2029943145382,2024-03-11 08:29:13,НатаЛьЯ васИльева,+7 9422 38 71,2,ИГРУШКА МяЧ,5,1319.09,180.91,proCEsSIng,подарок вовремя,25.03.2024,2253164640018758
2029943145382,2024-03-11 08:29:13,НатаЛьЯ васИльева,+7 9422 38 71,1,кОРМ ДЛя сОБАК,4,1728.72,271.28,pRoCESsiNg,подарок вовремя,25.03.2024,2253164640018758
2029943144989,2024-03-15 00:12:28,ДмИТРий кУЗнЕцов,8(9693) 22-20,4,ПОДПИСка на ГаЗЕТУ,4,1938.68,461.32,CoMPlETED,Всё отлично!,2024-03-31,1345675984203721
2029943144989,2024-03-15 00:12:28,ДмИТРий кУЗнЕцов,8(9693) 22-20,1,КОРМ дЛя сОбаК,2,869.57,130.43,CoMplEtEd,Всё отлично!,2024-03-31,1345675984203721
2029943144989,2024-03-15 00:12:28,ДмИТРий кУЗнЕцов,8(9693) 22-20,5,МОЛоко,4,9715.25,2284.75,cOmPleTEd,Всё отлично!,2024-03-31,1345675984203721
2029943144989,2024-03-15 00:12:28,ДмИТРий кУЗнЕцов,8(9693) 22-20,2,иГРУШка мяЧ,3,772.4,127.6,cOMpLeTED,Всё отлично!,2024-03-31,1345675984203721
2029943143887,26.03.2024 23:36,анна СмИрНоВА,+7(9076)90-86,1,корм для СоБаК,1,480.49,19.51,pRocEssING,"Задержка с доставкой, печалька...",2024-03-07,1230269355757485
2029943143887,26.03.2024 23:36,анна СмИрНоВА,+7(9076)90-86,3,АМУНИцИя ДлЯ собак,5,4808.52,1191.48,prOCESSiNG,"Задержка с доставкой, печалька...",2024-03-07,1230269355757485
2029943143887,26.03.2024 23:36,анна СмИрНоВА,+7(9076)90-86,5,МолОко,5,14906.18,93.82,ProCEssING,"Задержка с доставкой, печалька...",2024-03-07,1230269355757485
2029943143887,26.03.2024 23:36,анна СмИрНоВА,+7(9076)90-86,5,мОлОкО,1,2620.03,379.97,pRocEsSIng,"Задержка с доставкой, печалька...",2024-03-07,1230269355757485
2029943143887,26.03.2024 23:36,анна СмИрНоВА,+7(9076)90-86,4,пОДПИСкА нА ГАзеТу,1,563.02,36.98,PrOcesSiNg,"Задержка с доставкой, печалька...",2024-03-07,1230269355757485
2029943142405,2024-03-01 21:19:00,дМиТриЙ КУзНеЦов,+7(9982)17-44,5,моЛОКО,3,7700.23,1299.77,CoMpLEtEd,Всё отлично!,2024-03-27,3801088705845255
2029943142405,2024-03-01 21:19:00,дМиТриЙ КУзНеЦов,+7(9982)17-44,5,МоЛОко,2,5165.39,834.61,COMPlEtEd,Всё отлично!,2024-03-27,3801088705845255
2029943142405,2024-03-01 21:19:00,дМиТриЙ КУзНеЦов,+7(9982)17-44,2,ИГрУшка мяч,2,559.85,40.15,ComPLEtED,Всё отлично!,2024-03-27,3801088705845255
2029943142405,2024-03-01 21:19:00,дМиТриЙ КУзНеЦов,+7(9982)17-44,4,ПОдпИсКА на гаЗетУ,1,530.16,69.84,cOmPleteD,Всё отлично!,2024-03-27,3801088705845255
2029943142405,2024-03-01 21:19:00,дМиТриЙ КУзНеЦов,+7(9982)17-44,3,аМУнИЦия длЯ СобАК,2,2368.81,31.19,ComplEteD,Всё отлично!,2024-03-27,3801088705845255
2029943141344,17.03.2024 07:36,Елена НОВИКОвА,+7(9625)98-33,2,игРУшКА мяч,1,246.24,53.76,prOcEsSIng,спасибо за заказ,2024-03-11,4204195330012679
2029943141344,17.03.2024 07:36,Елена НОВИКОвА,+7(9625)98-33,1,КОрМ ДЛя СОБАк,3,1435.8,64.2,PRocESSinG,спасибо за заказ,2024-03-11,4204195330012679
2029943140340,07.03.2024 02:05,мИхаил ОрЛов,+7 9534 22 31,5,моЛОко,3,8169.68,830.32,cANcelLED,Ждём с нетерпением!,31.03.2024,1520639380920734
2029943140340,07.03.2024 02:05,мИхаил ОрЛов,+7 9534 22 31,3,АМУниЦИя ДлЯ соБАК,3,3055.69,544.31,CaNceLleD,Ждём с нетерпением!,31.03.2024,1520639380920734
2029943140340,07.03.2024 02:05,мИхаил ОрЛов,+7 9534 22 31,5,мОлокО,3,7694.98,1305.02,cANCelLed,Ждём с нетерпением!,31.03.2024,1520639380920734
2029943140340,07.03.2024 02:05,мИхаил ОрЛов,+7 9534 22 31,4,ПоДпиСКа нА ГАЗЕТУ,1,587.38,12.62,canCelLeD,Ждём с нетерпением!,31.03.2024,1520639380920734
2029943140340,07.03.2024 02:05,мИхаил ОрЛов,+7 9534 22 31,4,пОдпискА на ГАЗЕтУ,1,533.76,66.24,caNcELLEd,Ждём с нетерпением!,31.03.2024,1520639380920734
2029943139982,2024-03-15 10:14:42,михаил ОРЛОв,+7 9618 09 01,3,аМунИЦИя дЛЯ соБАК,2,2332.71,67.29,COmpLeted,спасибо за заказ,08.03.2024,4002464371359069
2029943139982,2024-03-15 10:14:42,михаил ОРЛОв,+7 9618 09 01,2,ИГруШКа мяч,3,790.22,109.78,COMPLEtED,спасибо за заказ,08.03.2024,4002464371359069
2029943138923,2024-03-17 13:37:13,дМИтРий КУзнеЦоВ,8(9245) 63-98,5,мОлоКО,4,11031.1,968.9,pROCeSSING,подарок вовремя,18.03.2024,9607558558187365
2029943138923,2024-03-17 13:37:13,дМИтРий КУзнеЦоВ,8(9245) 63-98,2,иГруШКа МяЧ,3,891.99,8.01,pRoCesSiNG,подарок вовремя,18.03.2024,9607558558187365
2029943138923,2024-03-17 13:37:13,дМИтРий КУзнеЦоВ,8(9245) 63-98,3,амУНиЦИЯ ДлЯ собАК,3,2970.88,629.12,PrOceSsIng,подарок вовремя,18.03.2024,9607558558187365
2029943138923,2024-03-17 13:37:13,дМИтРий КУзнеЦоВ,8(9245) 63-98,4,подПИСка нА гАЗеТу,4,2206.07,193.93,proCEsSing,подарок вовремя,18.03.2024,9607558558187365
2029943138923,2024-03-17 13:37:13,дМИтРий КУзнеЦоВ,8(9245) 63-98,1,кОрМ Для сОБАк,2,875.77,124.23,proCESSiNg,подарок вовремя,18.03.2024,9607558558187365
2029943137860,2024-03-30 19:22:56,сЕРГЕЙ сиДоРов,+7 9267 84 99,4,ПОДПиСка НА газету,1,523.19,76.81,pROcesSiNg,подарок вовремя,2024/03/30,7497106639914170
2029943136429,04.03.2024 02:32,анНа СмирноВа,8(9101) 64-63,3,АмУНИЦия ДЛя собаК,2,2207.83,192.17,CanCELlED,Ждём с нетерпением!,08.03.2024,9591097610625185
2029943136429,04.03.2024 02:32,анНа СмирноВа,8(9101) 64-63,4,ПодпИСКа нА гаЗету,4,1938.17,461.83,CANCeLLed,Ждём с нетерпением!,08.03.2024,9591097610625185
2029943135874,07.03.2024 03:54,аННА СмиРнОВА,+7 9535 92 53,5,МОЛокО,2,5949.23,50.77,CanCElLeD,Проверить наличие,2024/03/26,1711114921648930
2029943135874,07.03.2024 03:54,аННА СмиРнОВА,+7 9535 92 53,1,КорМ Для сОбАК,1,446.71,53.29,cAnCElled,Проверить наличие,2024/03/26,1711114921648930
2029943134812,2024-03-12 23:27:53,НатАЛьЯ васиЛьева,+7 9012 51 10,5,мОлОКО,3,8962.4,37.6,PROCEssing,Ждём с нетерпением!,2024/03/07,4760590041151490
2029943134812,2024-03-12 23:27:53,НатАЛьЯ васиЛьева,+7 9012 51 10,4,поДписКА На газетУ,2,1039.7,160.3,prOCEsSinG,Ждём с нетерпением!,2024/03/07,4760590041151490
2029943134812,2024-03-12 23:27:53,НатАЛьЯ васиЛьева,+7 9012 51 10,2,иГруШКА мЯЧ,1,251.08,48.92,PROCEssInG,Ждём с нетерпением!,2024/03/07,4760590041151490
2029943133562,20.03.2024 04:56,аЛексЕй мИхАйлОв,+7 9061 24 27,2,иГРушка Мяч,3,766.96,133.04,COMpLETEd,спасибо за заказ,2024-03-22,8038056261075320
2029943133562,20.03.2024 04:56,аЛексЕй мИхАйлОв,+7 9061 24 27,2,ИГрУШка МяЧ,4,1117.27,82.73,cOmpletED,спасибо за заказ,2024-03-22,8038056261075320
2029943133562,20.03.2024 04:56,аЛексЕй мИхАйлОв,+7 9061 24 27,2,ИгРУШкА мяч,5,1302.19,197.81,COMplETEd,спасибо за заказ,2024-03-22,8038056261075320
2029943133562,20.03.2024 04:56,аЛексЕй мИхАйлОв,+7 9061 24 27,1,КОРм Для собак,3,1467.05,32.95,complETed,спасибо за заказ,2024-03-22,8038056261075320
2029943133562,20.03.2024 04:56,аЛексЕй мИхАйлОв,+7 9061 24 27,5,МолОко,5,14289.19,710.81,cOMplETeD,спасибо за заказ,2024-03-22,8038056261075320
2029943132377,2024/03/23 02:32:24,НАТАЛья вАСилЬЕВа,+7(9553)67-32,1,кОрм для СОбАк,4,1657.49,342.51,ComPleTED,подарок вовремя,07.03.2024,6528772642464829
2029943132377,2024/03/23 02:32:24,НАТАЛья вАСилЬЕВа,+7(9553)67-32,1,кОрМ дЛЯ соБаК,2,902.48,97.52,cOMpLetED,подарок вовремя,07.03.2024,6528772642464829
2029943132377,2024/03/23 02:32:24,НАТАЛья вАСилЬЕВа,+7(9553)67-32,1,коРМ ДлЯ СОбаК,4,1705.97,294.03,coMPleteD,подарок вовремя,07.03.2024,6528772642464829
2029943132377,2024/03/23 02:32:24,НАТАЛья вАСилЬЕВа,+7(9553)67-32,5,МолОКо,1,2916.73,83.27,cOMplETeD,подарок вовремя,07.03.2024,6528772642464829
2029943132377,2024/03/23 02:32:24,НАТАЛья вАСилЬЕВа,+7(9553)67-32,1,кОРМ ДлЯ сОбаК,4,1662.17,337.83,COmplETeD,подарок вовремя,07.03.2024,6528772642464829
2029943131975,2024/03/26 12:40:16,иВаН иВанОВ,+7 9820 03 51,4,ПоДПИСка нА гАзЕту,2,1199.25,0.75,COmpleted,Всё отлично!,2024/03/01,5694981322477306
2029943131975,2024/03/26 12:40:16,иВаН иВанОВ,+7 9820 03 51,4,ПОдПИСКа нА ГАЗЕтУ,1,541.95,58.05,COmplEted,Всё отлично!,2024/03/01,5694981322477306
2029943131975,2024/03/26 12:40:16,иВаН иВанОВ,+7 9820 03 51,4,подписКА на гАзеТу,3,1651.61,148.39,CompLEtEd,Всё отлично!,2024/03/01,5694981322477306
2029943130780,2024/03/31 05:17:20,ДМИтРиЙ КузНецоВ,8(9480) 83-72,1,КоРм ДлЯ СОбАК,5,2090.03,409.97,coMplETED,спасибо за заказ,2024-03-18,9386628554595771
2029943129153,20.03.2024 08:38,мАрИЯ ПетРоВа,8(9221) 85-07,1,КОРМ длЯ СОбАк,3,1464.74,35.26,proCEssINg,Нужно уточнить сроки,2024-03-12,0648977716333363
2029943129153,20.03.2024 08:38,мАрИЯ ПетРоВа,8(9221) 85-07,1,кОрМ ДлЯ СоБак,1,428.79,71.21,ProceSsiNg,Нужно уточнить сроки,2024-03-12,0648977716333363
2029943129153,20.03.2024 08:38,мАрИЯ ПетРоВа,8(9221) 85-07,4,Подписка на ГазеТУ,4,2151.52,248.48,proceSSIng,Нужно уточнить сроки,2024-03-12,0648977716333363
2029943129153,20.03.2024 08:38,мАрИЯ ПетРоВа,8(9221) 85-07,1,кОрМ дЛЯ соБАк,1,420.24,79.76,pRoCesSINg,Нужно уточнить сроки,2024-03-12,0648977716333363
2029943129153,20.03.2024 08:38,мАрИЯ ПетРоВа,8(9221) 85-07,1,кОРМ ДЛЯ СОБаК,5,2388.39,111.61,PRocESsIng,Нужно уточнить сроки,2024-03-12,0648977716333363
2029943128506,2024-03-29 04:16:48,иВАн иваНоВ,+7(9231)36-08,5,МолоКО,4,11859.58,140.42,CoMplEteD,подарок вовремя,2024/03/05,9177137707328701
2029943128506,2024-03-29 04:16:48,иВАн иваНоВ,+7(9231)36-08,3,АМунИцИЯ ДЛя собаК,1,1052.43,147.57,cOmPLEted,подарок вовремя,2024/03/05,9177137707328701
2029943127630,2024-03-31 11:13:51,дМитрИй кузнецов,8(9538) 80-15,1,КорМ дЛя собАк,5,2493.22,6.78,pRoceSsING,Всё отлично!,2024/03/13,4176453727151664
2029943127630,2024-03-31 11:13:51,дМитрИй кузнецов,8(9538) 80-15,2,ИгруШКА МяЧ,5,1336.29,163.71,PROceSsinG,Всё отлично!,2024/03/13,4176453727151664
2029943127630,2024-03-31 11:13:51,дМитрИй кузнецов,8(9538) 80-15,5,МолОкО,1,2938.32,61.68,pRocessIng,Всё отлично!,2024/03/13,4176453727151664
2029943127630,2024-03-31 11:13:51,дМитрИй кузнецов,8(9538) 80-15,2,иГРУшКа мяЧ,4,1038.16,161.84,proCeSSing,Всё отлично!,2024/03/13,4176453727151664
2029943126734,2024-03-25 06:43:04,ДМИТрИй КУЗНЕЦОв,8(9310) 75-22,5,молокО,3,8356.21,643.79,pRoCEsSing,спасибо за заказ,2024/03/27,1329831554865851
2029943126734,2024-03-25 06:43:04,ДМИТрИй КУЗНЕЦОв,8(9310) 75-22,1,кОрм длЯ собак,3,1201.83,298.17,pRoCeSsInG,спасибо за заказ,2024/03/27,1329831554865851
2029943125915,2024/03/07 15:19:00,ЕлЕНа ноВиКоВа,+7 9620 98 13,1,кОрМ длЯ собак,3,1449.28,50.72,cOMplEteD,Ждём с нетерпением!,2024/03/02,5146170776130465
2029943125915,2024/03/07 15:19:00,ЕлЕНа ноВиКоВа,+7 9620 98 13,5,МолокО,2,5918.24,81.76,COMpleTed,Ждём с нетерпением!,2024/03/02,5146170776130465
2029943124528,2024/03/29 11:04:41,МаРИя пЕТРОва,+7(9446)63-95,4,ПодПИСка НА ГАзЕТУ,1,583.49,16.51,cOMpLeteD,подарок вовремя,2024-03-16,9801476258235919
2029943124528,2024/03/29 11:04:41,МаРИя пЕТРОва,+7(9446)63-95,1,КоРм дЛя СОбАК,3,1346.49,153.51,CoMplEteD,подарок вовремя,2024-03-16,9801476258235919
2029943124528,2024/03/29 11:04:41,МаРИя пЕТРОва,+7(9446)63-95,4,пОдПиСкА на ГАЗету,1,593.43,6.57,coMPleTed,подарок вовремя,2024-03-16,9801476258235919
2029943124528,2024/03/29 11:04:41,МаРИя пЕТРОва,+7(9446)63-95,2,ИГрушка мЯч,3,881.07,18.93,cOmPLeted,подарок вовремя,2024-03-16,9801476258235919
2029943123272,2024/03/18 06:37:12,МИХАИЛ оРлоВ,+7 9756 38 66,3,АмуНИцИЯ для СоБАК,1,1028.86,171.14,prOCESSInG,Проверить наличие,20.03.2024,8613826744829087
2029943123272,2024/03/18 06:37:12,МИХАИЛ оРлоВ,+7 9756 38 66,3,АмУНиЦИя ДлЯ собАк,4,4502.76,297.24,PRoCeSSING,Проверить наличие,20.03.2024,8613826744829087
2029943122840,2024/03/13 21:01:11,нАтаЛЬЯ ВАСиЛЬЕва,+7 9713 40 15,4,ПоДПискА нА гАЗетУ,4,2307.37,92.63,CAnCelLed,Ждём с нетерпением!,2024/03/11,1927914665649503
2029943122840,2024/03/13 21:01:11,нАтаЛЬЯ ВАСиЛЬЕва,+7 9713 40 15,3,АМунИЦиЯ ДЛя соБАк,4,4000.2,799.8,caNcelleD,Ждём с нетерпением!,2024/03/11,1927914665649503
2029943121481,2024-03-28 13:43:37,мАриЯ ПеТрова,+7 9378 56 18,3,АмуНицИЯ для соБАк,3,3082.05,517.95,caNCEllED,Ждём с нетерпением!,2024/03/20,2634788090419516
2029943121481,2024-03-28 13:43:37,мАриЯ ПеТрова,+7 9378 56 18,1,кОрМ дЛя сОбак,3,1424.06,75.94,CAnCeLLEd,Ждём с нетерпением!,2024/03/20,2634788090419516
2029943121481,2024-03-28 13:43:37,мАриЯ ПеТрова,+7 9378 56 18,3,аМУНиЦИя Для СОбАК,4,4484.72,315.28,caNcELleD,Ждём с нетерпением!,2024/03/20,2634788090419516
2029943121481,2024-03-28 13:43:37,мАриЯ ПеТрова,+7 9378 56 18,3,аМуНИЦИЯ длЯ соБАк,1,995.25,204.75,CANcElleD,Ждём с нетерпением!,2024/03/20,2634788090419516
2029943121481,2024-03-28 13:43:37,мАриЯ ПеТрова,+7 9378 56 18,2,ИГрУшКа мяЧ,1,279.64,20.36,caNceLleD,Ждём с нетерпением!,2024/03/20,2634788090419516
2029943120745,2024-03-11 02:11:42,иван иВанов,+7 9878 02 41,4,подпИСКа НА ГаЗеТУ,5,2846.55,153.45,CaNCelLED,Ждём с нетерпением!,21.03.2024,8578677775032202
2029943120745,2024-03-11 02:11:42,иван иВанов,+7 9878 02 41,3,амУницИЯ Для СОбАК,5,5062.14,937.86,CAnceLLed,Ждём с нетерпением!,21.03.2024,8578677775032202
2029943120745,2024-03-11 02:11:42,иван иВанов,+7 9878 02 41,5,МоЛОко,1,2401.29,598.71,CAnCELlED,Ждём с нетерпением!,21.03.2024,8578677775032202
2029943120745,2024-03-11 02:11:42,иван иВанов,+7 9878 02 41,5,МолоКо,2,4963.95,1036.05,CaNCELlED,Ждём с нетерпением!,21.03.2024,8578677775032202
2029943119256,2024/03/01 17:45:33,НАТаЛья ВаСиЛьева,8(9703) 40-91,3,АмуНиЦиЯ дЛЯ СоБАК,5,5211.57,788.43,cOMpLEtEd,Всё отлично!,23.03.2024,5202571175604138
2029943119256,2024/03/01 17:45:33,НАТаЛья ВаСиЛьева,8(9703) 40-91,3,аМУниЦиЯ для сОбак,2,2096.63,303.37,cOMpleTEd,Всё отлично!,23.03.2024,5202571175604138
2029943119256,2024/03/01 17:45:33,НАТаЛья ВаСиЛьева,8(9703) 40-91,2,ИГРуШкА Мяч,2,561.72,38.28,CoMPleteD,Всё отлично!,23.03.2024,5202571175604138
2029943118988,18.03.2024 21:16,сЕргЕЙ СидорОв,8(9532) 71-27,2,игРУШКа мяЧ,3,873.81,26.19,COMPlETeD,Ждём с нетерпением!,2024/03/04,5023600319665827
2029943118988,18.03.2024 21:16,сЕргЕЙ СидорОв,8(9532) 71-27,1,кОРм для собАк,2,865.85,134.15,cOMPLETeD,Ждём с нетерпением!,2024/03/04,5023600319665827
2029943118988,18.03.2024 21:16,сЕргЕЙ СидорОв,8(9532) 71-27,2,иГРуШкА мЯч,3,749.65,150.35,CoMPleted,Ждём с нетерпением!,2024/03/04,5023600319665827
2029943118988,18.03.2024 21:16,сЕргЕЙ СидорОв,8(9532) 71-27,5,МОлоКО,5,13533.7,1466.3,comPlEted,Ждём с нетерпением!,2024/03/04,5023600319665827
2029943118988,18.03.2024 21:16,сЕргЕЙ СидорОв,8(9532) 71-27,5,моЛоКо,1,2905.43,94.57,COmpleteD,Ждём с нетерпением!,2024/03/04,5023600319665827
2029943117256,2024-03-07 20:54:45,мИхаИЛ ОРЛоВ,8(9448) 37-32,4,ПоДПиска На ГаЗеТу,2,960.31,239.69,cOmPLEted,подарок вовремя,2024-03-29,3288349221132398
2029943117256,2024-03-07 20:54:45,мИхаИЛ ОРЛоВ,8(9448) 37-32,5,МОЛОКо,3,8885.08,114.92,CoMPLETED,подарок вовремя,2024-03-29,3288349221132398
2029943117256,2024-03-07 20:54:45,мИхаИЛ ОРЛоВ,8(9448) 37-32,4,поДПИскА НА гАЗЕТу,1,553.48,46.52,CoMPLeTEd,подарок вовремя,2024-03-29,3288349221132398
2029943117256,2024-03-07 20:54:45,мИхаИЛ ОРЛоВ,8(9448) 37-32,1,кОРм ДЛя сОбак,2,936.61,63.39,cOMplETEd,подарок вовремя,2024-03-29,3288349221132398
2029943116272,2024-03-31 13:15:49,МАРИЯ пЕтроВА,+7(9207)24-84,4,ПОдпИскА На ГазетУ,1,494.38,105.62,CanCELLED,Проверить наличие,2024-03-15,2640556689821613
2029943116272,2024-03-31 13:15:49,МАРИЯ пЕтроВА,+7(9207)24-84,3,АМуНИЦИя Для СоБаК,2,1983.15,416.85,CANceLleD,Проверить наличие,2024-03-15,2640556689821613
2029943115999,2024-03-07 18:20:40,аЛеКСей МИХайЛОВ,+7(9145)12-81,1,Корм дЛя СобАК,1,447.83,52.17,CANcellEd,"Задержка с доставкой, печалька...",2024/03/20,5610236454526443
2029943115999,2024-03-07 18:20:40,аЛеКСей МИХайЛОВ,+7(9145)12-81,5,молоко,3,8610.13,389.87,CANCeLlEd,"Задержка с доставкой, печалька...",2024/03/20,5610236454526443
2029943115999,2024-03-07 18:20:40,аЛеКСей МИХайЛОВ,+7(9145)12-81,5,мОЛокО,3,7988.12,1011.88,cAncEllEd,"Задержка с доставкой, печалька...",2024/03/20,5610236454526443
2029943115999,2024-03-07 18:20:40,аЛеКСей МИХайЛОВ,+7(9145)12-81,4,пОдпИска На ГаЗЕту,2,1029.13,170.87,CAnceLLeD,"Задержка с доставкой, печалька...",2024/03/20,5610236454526443
2029943114959,06.03.2024 12:33,мАРИя ПетрОвА,+7 9894 04 02,4,ПОдписКА нА гАЗеТУ,2,1044.2,155.8,coMpLeteD,Всё отлично!,12.03.2024,7237101329178781
2029943114959,06.03.2024 12:33,мАРИя ПетрОвА,+7 9894 04 02,3,АмУНицИЯ длЯ СоБаК,1,999.23,200.77,COmpLEtED,Всё отлично!,12.03.2024,7237101329178781
2029943114959,06.03.2024 12:33,мАРИя ПетрОвА,+7 9894 04 02,3,АмУниЦИя ДлЯ СоБаК,3,3530.24,69.76,coMPleTeD,Всё отлично!,12.03.2024,7237101329178781
2029943113172,25.03.2024 23:18,СЕрГеЙ сиДоРОв,+7 9018 84 98,2,ИгРушкА МяЧ,4,1142.49,57.51,COmpLETED,"Задержка с доставкой, печалька...",11.03.2024,0427920395188692
2029943113172,25.03.2024 23:18,СЕрГеЙ сиДоРОв,+7 9018 84 98,5,Молоко,3,8287.98,712.02,ComplETED,"Задержка с доставкой, печалька...",11.03.2024,0427920395188692
2029943113172,25.03.2024 23:18,СЕрГеЙ сиДоРОв,+7 9018 84 98,4,ПоДПИсКА НА ГаЗЕтУ,2,1137.16,62.84,CoMPlEteD,"Задержка с доставкой, печалька...",11.03.2024,0427920395188692
2029943112872,2024/03/16 00:48:55,иВан иВАнОв,+7(9561)02-86,3,амУНиЦИЯ ДЛЯ СобаК,2,2001.42,398.58,COMPLETEd,спасибо за заказ,2024-03-19,4939396458900679
2029943112872,2024/03/16 00:48:55,иВан иВАнОв,+7(9561)02-86,1,КоРм для СоБАК,3,1495.19,4.81,COmplEteD,спасибо за заказ,2024-03-19,4939396458900679
2029943111837,2024/03/15 07:44:04,аННА СМИрНОВА,8(9119) 17-88,2,ИгРУШКА МяЧ,2,597.48,2.52,pROcESsINg,Нужно уточнить сроки,2024-03-14,9390251804448729
2029943111837,2024/03/15 07:44:04,аННА СМИрНОВА,8(9119) 17-88,5,молоко,5,14299.45,700.55,proCesSiNG,Нужно уточнить сроки,2024-03-14,9390251804448729
2029943111837,2024/03/15 07:44:04,аННА СМИрНОВА,8(9119) 17-88,4,поДПиСкА НА гАЗЕтУ,2,1059.52,140.48,PRoCessiNG,Нужно уточнить сроки,2024-03-14,9390251804448729
2029943111837,2024/03/15 07:44:04,аННА СМИрНОВА,8(9119) 17-88,3,АМУнИцИя ДлЯ СобаК,3,3268.06,331.94,procesSinG,Нужно уточнить сроки,2024-03-14,9390251804448729
2029943110339,24.03.2024 15:40,ЕлеНА Новикова,8(9097) 75-72,5,мОЛОКо,4,10661.34,1338.66,CANCElLeD,Всё отлично!,2024-03-10,7515431791501777
2029943110339,24.03.2024 15:40,ЕлеНА Новикова,8(9097) 75-72,2,игрушКА Мяч,3,892.84,7.16,caNCelleD,Всё отлично!,2024-03-10,7515431791501777
2029943110339,24.03.2024 15:40,ЕлеНА Новикова,8(9097) 75-72,4,подПисКА На ГАзЕТу,3,1764.07,35.93,CAnCElLEd,Всё отлично!,2024-03-10,7515431791501777
2029943109138,2024-03-13 17:14:52,натАлья ваСильЕва,+7(9157)79-17,5,молоКО,1,2876.83,123.17,CoMPLeTed,Нужно уточнить сроки,2024-03-07,2148540646674769
2029943109138,2024-03-13 17:14:52,натАлья ваСильЕва,+7(9157)79-17,2,ИГрУшкА Мяч,4,1068.63,131.37,cOMplETeD,Нужно уточнить сроки,2024-03-07,2148540646674769
2029943109138,2024-03-13 17:14:52,натАлья ваСильЕва,+7(9157)79-17,2,иГРуШКа МЯч,3,827.86,72.14,COmpLETeD,Нужно уточнить сроки,2024-03-07,2148540646674769
2029943109138,2024-03-13 17:14:52,натАлья ваСильЕва,+7(9157)79-17,1,КоРМ ДЛя СоБАк,4,1813.46,186.54,COmplETED,Нужно уточнить сроки,2024-03-07,2148540646674769
2029943109138,2024-03-13 17:14:52,натАлья ваСильЕва,+7(9157)79-17,5,мОЛоКо,2,4896.51,1103.49,cOMPleTeD,Нужно уточнить сроки,2024-03-07,2148540646674769
2029943108374,2024/03/23 10:56:35,мИхаИл орлов,+7 9851 98 43,1,КОРм ДЛЯ сОБАк,4,1671.96,328.04,ProcesSinG,спасибо за заказ,2024/03/22,5722570384858699
2029943108374,2024/03/23 10:56:35,мИхаИл орлов,+7 9851 98 43,5,мОЛоКо,5,14007.36,992.64,PrOCessiNg,спасибо за заказ,2024/03/22,5722570384858699
2029943107427,2024-03-15 13:31:08,НАТалЬЯ ВасилЬеВА,+7(9396)66-56,2,иГрУшКА МЯЧ,4,1153.49,46.51,CANceLlED,Всё отлично!,2024/03/26,3226813902629319
2029943106930,2024-03-24 04:30:59,дМитРий КузнеЦоВ,8(9380) 25-65,1,кОРМ дЛя СОбаК,5,2252.11,247.89,CompLETed,спасибо за заказ,2024/03/04,0416719085748882
2029943106930,2024-03-24 04:30:59,дМитРий КузнеЦоВ,8(9380) 25-65,3,АМуНиция ДЛя СОБак,2,2118.19,281.81,cOMpLeTeD,спасибо за заказ,2024/03/04,0416719085748882
2029943106930,2024-03-24 04:30:59,дМитРий КузнеЦоВ,8(9380) 25-65,5,молОкО,5,12771.41,2228.59,ComPLeTEd,спасибо за заказ,2024/03/04,0416719085748882
2029943106930,2024-03-24 04:30:59,дМитРий КузнеЦоВ,8(9380) 25-65,2,ИГРУШКА мЯЧ,5,1304.69,195.31,ComPLEted,спасибо за заказ,2024/03/04,0416719085748882
2029943105121,2024/03/18 13:27:14,ЕлЕна новИкОВа,8(9603) 25-82,1,КорМ дЛЯ Собак,4,1729.12,270.88,PrOCEssinG,Всё отлично!,2024-03-02,9607884860634677
2029943105121,2024/03/18 13:27:14,ЕлЕна новИкОВа,8(9603) 25-82,3,аМУНиЦИЯ ДЛЯ сОБАК,3,3266.53,333.47,pRocESsING,Всё отлично!,2024-03-02,9607884860634677
2029943105121,2024/03/18 13:27:14,ЕлЕна новИкОВа,8(9603) 25-82,1,кОРм ДЛя соБАК,5,2139.93,360.07,PRocESSING,Всё отлично!,2024-03-02,9607884860634677
2029943104620,2024-03-18 09:11:34,миХАИл ОРлОВ,+7 9581 91 20,1,КОРм дЛя сОбак,5,2403.36,96.64,CoMpleTEd,спасибо за заказ,03.03.2024,1169439465499781
2029943104620,2024-03-18 09:11:34,миХАИл ОРлОВ,+7 9581 91 20,5,молОкО,4,10580.73,1419.27,COmPlETeD,спасибо за заказ,03.03.2024,1169439465499781
2029943103293,12.03.2024 17:03,нАТАльЯ вАСилЬеВА,+7 9534 74 35,2,иГрУШКА мяч,5,1407.01,92.99,proCESsiNg,подарок вовремя,2024-03-13,6369072409295860
2029943103293,12.03.2024 17:03,нАТАльЯ вАСилЬеВА,+7 9534 74 35,2,ИгРУшка мяч,1,252.81,47.19,pROCEsSing,подарок вовремя,2024-03-13,6369072409295860
2029943102335,05.03.2024 16:56,СерГей СидОРоВ,+7 9371 63 54,1,кОрм ДЛЯ СоБаК,5,2238.44,261.56,CANcELLED,Нужно уточнить сроки,2024-03-20,7930252854826996
2029943101407,2024-03-26 12:35:07,ивАН ИванОВ,+7(9170)17-32,5,МОЛокО,5,13752.94,1247.06,caNCElleD,Нужно уточнить сроки,29.03.2024,5144912056445878
2029943101407,2024-03-26 12:35:07,ивАН ИванОВ,+7(9170)17-32,5,молОКО,5,12564.04,2435.96,cANcELlEd,Нужно уточнить сроки,29.03.2024,5144912056445878
2029943101407,2024-03-26 12:35:07,ивАН ИванОВ,+7(9170)17-32,5,моЛоКо,4,9918.57,2081.43,cAnCelled,Нужно уточнить сроки,29.03.2024,5144912056445878
2029943101407,2024-03-26 12:35:07,ивАН ИванОВ,+7(9170)17-32,4,пОдПИСКа нА гАзЕТу,5,2880.64,119.36,CancELlEd,Нужно уточнить сроки,29.03.2024,5144912056445878
2029943101407,2024-03-26 12:35:07,ивАН ИванОВ,+7(9170)17-32,1,корМ длЯ сОбаК,3,1279.69,220.31,CANcElled,Нужно уточнить сроки,29.03.2024,5144912056445878
2029943100579,2024-03-15 12:10:07,ДмИтрий КузНЕцов,8(9529) 93-63,4,пОДПиСКА нА ГАЗеТу,5,2689.89,310.11,cANCeLled,Всё отлично!,2024-03-24,4818258628634590
2029943100579,2024-03-15 12:10:07,ДмИтрий КузНЕцов,8(9529) 93-63,2,иГрУшКА мЯч,1,241.11,58.89,CanCElleD,Всё отлично!,2024-03-24,4818258628634590
2029943099344,15.03.2024 03:20,МАРИя ПетрОВА,+7(9659)14-59,2,ИгРуШкА мЯЧ,2,569.32,30.68,CanCELLED,"Задержка с доставкой, печалька...",2024/03/27,1371622065266744
2029943099344,15.03.2024 03:20,МАРИя ПетрОВА,+7(9659)14-59,3,аМунИЦИЯ ДЛЯ СоБак,5,4860.57,1139.43,cancELleD,"Задержка с доставкой, печалька...",2024/03/27,1371622065266744
2029943099344,15.03.2024 03:20,МАРИя ПетрОВА,+7(9659)14-59,1,коРм ДЛЯ соБАк,5,2153.2,346.8,CAnCeLlEd,"Задержка с доставкой, печалька...",2024/03/27,1371622065266744
2029943098957,16.03.2024 10:48,нАталЬЯ васиЛьЕва,+7(9064)11-87,1,корМ дЛя сОбАК,5,2406.55,93.45,comPLETED,Проверить наличие,2024/03/13,6516834098993656
2029943097179,2024-03-22 04:56:10,дмиТРИЙ КУЗНЕцОв,+7(9657)14-86,2,ИГРушКА МЯч,4,1159.7,40.3,COmPLEtED,Всё отлично!,2024/03/01,1871952691978611
2029943097179,2024-03-22 04:56:10,дмиТРИЙ КУЗНЕцОв,+7(9657)14-86,1,КорМ ДлЯ сОБаК,5,2043.99,456.01,CoMpLETEd,Всё отлично!,2024/03/01,1871952691978611
2029943096341,22.03.2024 07:22,ДМитрий кУЗНеЦоВ,+7 9568 36 82,2,ИГрушКА Мяч,3,736.43,163.57,pROcESSIng,Всё отлично!,2024/03/02,9902540655303827
2029943096341,22.03.2024 07:22,ДМитрий кУЗНеЦоВ,+7 9568 36 82,2,иГРуШкА мЯЧ,5,1387.04,112.96,PRoCESSinG,Всё отлично!,2024/03/02,9902540655303827
2029943096341,22.03.2024 07:22,ДМитрий кУЗНеЦоВ,+7 9568 36 82,3,амУНИЦия дЛя СОбАК,3,2949.8,650.2,proCEssInG,Всё отлично!,2024/03/02,9902540655303827
2029943095483,19.03.2024 13:35,ДмИтРий кУзнЕЦОв,8(9859) 31-36,4,поДПИска На ГАЗеТУ,1,493.23,106.77,CanceLLeD,спасибо за заказ,2024-03-04,9594557590882654
2029943095483,19.03.2024 13:35,ДмИтРий кУзнЕЦОв,8(9859) 31-36,2,ИГруШКа МЯч,5,1351.3,148.7,canCElLeD,спасибо за заказ,2024-03-04,9594557590882654
2029943095483,19.03.2024 13:35,ДмИтРий кУзнЕЦОв,8(9859) 31-36,2,ИГРУШКА Мяч,3,873.57,26.43,CanceLLEd,спасибо за заказ,2024-03-04,9594557590882654
2029943094616,2024-03-24 03:45:07,МАрИЯ пЕтрОВа,8(9585) 44-64,4,ПОдпискА На гаЗЕТУ,5,2729.74,270.26,prOCESSiNG,подарок вовремя,13.03.2024,8159189241132436
2029943094616,2024-03-24 03:45:07,МАрИЯ пЕтрОВа,8(9585) 44-64,3,АмуницИЯ ДлЯ СОБАК,1,1109.63,90.37,PRoceSsING,подарок вовремя,13.03.2024,8159189241132436
2029943094616,2024-03-24 03:45:07,МАрИЯ пЕтрОВа,8(9585) 44-64,3,АмуНициЯ ДЛЯ соБаК,3,3507.76,92.24,PrOCESSINg,подарок вовремя,13.03.2024,8159189241132436
2029943093971,2024-03-02 07:23:27,МАриЯ ПетрОВА,+7(9923)13-40,4,поДпИсКа На гАЗЕТУ,4,2099.11,300.89,ComPLeTED,Нужно уточнить сроки,2024/03/12,1306683515468857
2029943092819,2024-03-07 23:03:37,еленА НОвИКОВА,8(9176) 96-96,3,аМуниЦИя дЛя сОбАК,4,4148.69,651.31,pROceSsInG,подарок вовремя,2024/03/07,7502377847516648
2029943091402,07.03.2024 20:09,АННа СМирнОва,+7 9827 91 23,2,игрУШКА МяЧ,3,858.79,41.21,caNCEllEd,Нужно уточнить сроки,2024/03/20,0855103111740753
2029943091402,07.03.2024 20:09,АННа СМирнОва,+7 9827 91 23,4,пОдписка НА гАЗЕту,4,2325.22,74.78,CAncelLEd,Нужно уточнить сроки,2024/03/20,0855103111740753
2029943091402,07.03.2024 20:09,АННа СМирнОва,+7 9827 91 23,2,ИгрУшКа МяЧ,5,1272.52,227.48,CANCeLlEd,Нужно уточнить сроки,2024/03/20,0855103111740753
2029943090949,2024/03/20 03:07:21,ивАН ивАНов,+7(9166)46-49,4,поДПиСКа НА гАзеТУ,4,2335.82,64.18,cOMPlETED,"Задержка с доставкой, печалька...",09.03.2024,4771496279250077
2029943090949,2024/03/20 03:07:21,ивАН ивАНов,+7(9166)46-49,4,пОДПИСКа нА ГАЗеТУ,4,2208.24,191.76,COMPletEd,"Задержка с доставкой, печалька...",09.03.2024,4771496279250077
2029943090949,2024/03/20 03:07:21,ивАН ивАНов,+7(9166)46-49,1,коРМ ДлЯ собаК,3,1364.81,135.19,compLETED,"Задержка с доставкой, печалька...",09.03.2024,4771496279250077
2029943090949,2024/03/20 03:07:21,ивАН ивАНов,+7(9166)46-49,1,КОРМ для СОбАК,2,940.6,59.4,comPleTEd,"Задержка с доставкой, печалька...",09.03.2024,4771496279250077
2029943090949,2024/03/20 03:07:21,ивАН ивАНов,+7(9166)46-49,5,мОЛоко,5,13548.63,1451.37,COMPlEteD,"Задержка с доставкой, печалька...",09.03.2024,4771496279250077
2029943089283,27.03.2024 13:36,аЛЕкСей МИхАйЛОв,+7 9586 81 32,4,пОДпиСКа на ГАЗЕту,1,575.33,24.67,PrOCeSsiNG,Всё отлично!,2024/03/16,5091107874354979
2029943089283,27.03.2024 13:36,аЛЕкСей МИхАйЛОв,+7 9586 81 32,2,иГруШка МЯч,1,252.33,47.67,ProcesSinG,Всё отлично!,2024/03/16,5091107874354979
2029943089283,27.03.2024 13:36,аЛЕкСей МИхАйЛОв,+7 9586 81 32,2,ИГруШКА МяЧ,1,291.81,8.19,PROCeSsING,Всё отлично!,2024/03/16,5091107874354979
2029943089283,27.03.2024 13:36,аЛЕкСей МИхАйЛОв,+7 9586 81 32,2,ИГРуШКа МЯч,5,1448.4,51.6,proCeSsiNg,Всё отлично!,2024/03/16,5091107874354979
2029943088895,2024-03-05 15:19:58,АлеКСеЙ МихАйЛов,8(9623) 58-17,5,мОлОкО,2,5341.8,658.2,CaNCElLeD,спасибо за заказ,03.03.2024,0553130649344218
2029943087310,02.03.2024 03:33,ивАН иВанОВ,+7 9983 13 54,4,подпискА нА ГазетУ,4,2047.64,352.36,coMpLETeD,подарок вовремя,2024-03-05,4804256546397456
2029943087310,02.03.2024 03:33,ивАН иВанОВ,+7 9983 13 54,1,корм Для СоБак,4,1768.01,231.99,coMPleted,подарок вовремя,2024-03-05,4804256546397456
2029943087310,02.03.2024 03:33,ивАН иВанОВ,+7 9983 13 54,4,поДПиСка НА гАЗЕТУ,5,2920.05,79.95,CompLetEd,подарок вовремя,2024-03-05,4804256546397456
2029943087310,02.03.2024 03:33,ивАН иВанОВ,+7 9983 13 54,3,АМуНИЦиЯ длЯ сОбаК,2,2277.88,122.12,coMpLeted,подарок вовремя,2024-03-05,4804256546397456
2029943086531,2024/03/27 10:24:28,наТАлЬя ВасИЛьЕВА,+7(9905)11-68,3,АМунИЦИя ДЛЯ СобаК,2,1967.72,432.28,CaNCEllEd,Всё отлично!,2024-03-01,4240889870194446
2029943086531,2024/03/27 10:24:28,наТАлЬя ВасИЛьЕВА,+7(9905)11-68,4,пОДПиСКА НА газеТУ,4,2286.89,113.11,cANcellEd,Всё отлично!,2024-03-01,4240889870194446
2029943086531,2024/03/27 10:24:28,наТАлЬя ВасИЛьЕВА,+7(9905)11-68,2,иГрУШкА мяЧ,1,249.42,50.58,cANCeLLED,Всё отлично!,2024-03-01,4240889870194446
2029943086531,2024/03/27 10:24:28,наТАлЬя ВасИЛьЕВА,+7(9905)11-68,1,корМ для СобАК,5,2033.3,466.7,cANCELlED,Всё отлично!,2024-03-01,4240889870194446
2029943085325,2024-03-08 17:19:46,НаТАлЬЯ ваСИльЕвА,+7(9090)47-83,1,КОрМ для соБак,2,823.2,176.8,CoMPlETEd,Всё отлично!,2024/03/29,3463157655452614
2029943085325,2024-03-08 17:19:46,НаТАлЬЯ ваСИльЕвА,+7(9090)47-83,2,иГрУШКА мЯЧ,1,297.02,2.98,cOMPleTEd,Всё отлично!,2024/03/29,3463157655452614
2029943085325,2024-03-08 17:19:46,НаТАлЬЯ ваСИльЕвА,+7(9090)47-83,5,моЛОко,2,5290.67,709.33,comPLeTED,Всё отлично!,2024/03/29,3463157655452614
2029943085325,2024-03-08 17:19:46,НаТАлЬЯ ваСИльЕвА,+7(9090)47-83,2,ИГрушКа МЯч,3,818.71,81.29,COmPLETeD,Всё отлично!,2024/03/29,3463157655452614
2029943085325,2024-03-08 17:19:46,НаТАлЬЯ ваСИльЕвА,+7(9090)47-83,4,ПОДПИСКа На ГАЗеТу,1,583.81,16.19,cOmPLETed,Всё отлично!,2024/03/29,3463157655452614
2029943084193,2024/03/07 02:41:50,оЛьга КуЗНЕЦОвА,+7(9073)42-21,2,иГРУШКа Мяч,1,265.14,34.86,cancEllEd,"Задержка с доставкой, печалька...",26.03.2024,9438839108568222
2029943084193,2024/03/07 02:41:50,оЛьга КуЗНЕЦОвА,+7(9073)42-21,1,кОРм для собак,1,429.65,70.35,CaNCELLed,"Задержка с доставкой, печалька...",26.03.2024,9438839108568222
2029943084193,2024/03/07 02:41:50,оЛьга КуЗНЕЦОвА,+7(9073)42-21,4,ПоДпиСКА НА ГазеТУ,3,1756.62,43.38,caNCEllED,"Задержка с доставкой, печалька...",26.03.2024,9438839108568222
2029943084193,2024/03/07 02:41:50,оЛьга КуЗНЕЦОвА,+7(9073)42-21,3,аМУниция ДлЯ сОбАК,2,2258.35,141.65,cancElleD,"Задержка с доставкой, печалька...",26.03.2024,9438839108568222
2029943084193,2024/03/07 02:41:50,оЛьга КуЗНЕЦОвА,+7(9073)42-21,3,амунИЦиЯ Для СобАК,1,1025.82,174.18,cancELLeD,"Задержка с доставкой, печалька...",26.03.2024,9438839108568222
2029943083202,16.03.2024 12:15,МИхАИЛ ОрЛов,+7 9703 77 06,4,ПоДпИСКА нА гАзЕТу,5,2656.05,343.95,ProCesSinG,Ждём с нетерпением!,2024-03-10,4140562395223707
2029943082544,2024-03-02 14:19:47,ОЛьГА КуЗнЕцОвА,+7 9899 03 29,2,игРУШка мяЧ,1,293.05,6.95,canCElLEd,Нужно уточнить сроки,2024/03/20,8525357457157201
2029943082544,2024-03-02 14:19:47,ОЛьГА КуЗнЕцОвА,+7 9899 03 29,1,кОрМ ДлЯ СОбак,5,2186.99,313.01,canCELLEd,Нужно уточнить сроки,2024/03/20,8525357457157201
2029943081726,21.03.2024 21:52,МАРиЯ пеТрОва,+7(9024)35-87,1,корм дЛЯ СОбАк,3,1207.94,292.06,CoMplEteD,Проверить наличие,28.03.2024,5607587514491938
2029943081726,21.03.2024 21:52,МАРиЯ пеТрОва,+7(9024)35-87,4,ПОдПискА На ГАЗЕТу,3,1682.44,117.56,comPlEted,Проверить наличие,28.03.2024,5607587514491938
2029943081726,21.03.2024 21:52,МАРиЯ пеТрОва,+7(9024)35-87,2,иГРУШкА МЯч,5,1380.06,119.94,comPLeTed,Проверить наличие,28.03.2024,5607587514491938
2029943080546,14.03.2024 23:53,аЛЕкСЕй МиХАйЛоВ,8(9323) 77-41,3,амУНИцИя ДЛЯ СОбак,5,5448.8,551.2,cOmpLeTED,Ждём с нетерпением!,2024-03-23,8090901285215111
2029943080546,14.03.2024 23:53,аЛЕкСЕй МиХАйЛоВ,8(9323) 77-41,2,иГРушКА МЯЧ,3,847.96,52.04,ComPLetEd,Ждём с нетерпением!,2024-03-23,8090901285215111
2029943080546,14.03.2024 23:53,аЛЕкСЕй МиХАйЛоВ,8(9323) 77-41,5,мОЛОКо,2,4918.71,1081.29,coMPlETED,Ждём с нетерпением!,2024-03-23,8090901285215111
2029943079247,08.03.2024 16:49,ЕЛенА НоВИКоВа,+7 9709 43 88,4,ПОдПИСКа НА ГАЗету,5,2411.32,588.68,COMPLeTed,спасибо за заказ,2024-03-08,3573222987304147
2029943079247,08.03.2024 16:49,ЕЛенА НоВИКоВа,+7 9709 43 88,1,корм ДЛЯ СОБАк,2,973.33,26.67,COMpLeTED,спасибо за заказ,2024-03-08,3573222987304147
2029943079247,08.03.2024 16:49,ЕЛенА НоВИКоВа,+7 9709 43 88,3,аМунИциЯ Для СоБАК,5,5773.03,226.97,CoMplEteD,спасибо за заказ,2024-03-08,3573222987304147
2029943079247,08.03.2024 16:49,ЕЛенА НоВИКоВа,+7 9709 43 88,3,аМУниция ДЛЯ сОбАК,3,3108.68,491.32,COmplETEd,спасибо за заказ,2024-03-08,3573222987304147
2029943079247,08.03.2024 16:49,ЕЛенА НоВИКоВа,+7 9709 43 88,5,мОлОКО,5,14081.11,918.89,cOMPleTeD,спасибо за заказ,2024-03-08,3573222987304147
2029943078526,29.03.2024 14:00,ЕлеНа НовИКОва,+7 9062 12 70,5,МОлОкО,5,12820.07,2179.93,prOCeSsInG,Ждём с нетерпением!,2024/03/23,8042291831391922
2029943078526,29.03.2024 14:00,ЕлеНа НовИКОва,+7 9062 12 70,3,АМуниЦИя для сОбАК,3,3257.53,342.47,pRocesSIng,Ждём с нетерпением!,2024/03/23,8042291831391922
2029943077369,30.03.2024 20:20,нАталья ВАСилЬЕвА,+7 9735 97 91,4,ПОДпИсКа на ГАзЕтУ,5,2665.12,334.88,CaNceLLed,Ждём с нетерпением!,09.03.2024,8036359693546411
2029943077369,30.03.2024 20:20,нАталья ВАСилЬЕвА,+7 9735 97 91,1,КОрм ДлЯ СОБАК,5,2323.5,176.5,CANCELlED,Ждём с нетерпением!,09.03.2024,8036359693546411
2029943077369,30.03.2024 20:20,нАталья ВАСилЬЕвА,+7 9735 97 91,4,ПоДпИсКА на ГАЗЕтУ,3,1667.44,132.56,CANCEllEd,Ждём с нетерпением!,09.03.2024,8036359693546411
2029943077369,30.03.2024 20:20,нАталья ВАСилЬЕвА,+7 9735 97 91,2,ИгрУшкА мЯч,5,1491.29,8.71,cANcEllEd,Ждём с нетерпением!,09.03.2024,8036359693546411
2029943077369,30.03.2024 20:20,нАталья ВАСилЬЕвА,+7 9735 97 91,2,игрУшка МЯЧ,5,1354.7,145.3,CAnCELLeD,Ждём с нетерпением!,09.03.2024,8036359693546411
2029943076804,2024-03-11 19:05:16,аННа смиРНовА,+7 9713 15 11,1,КорМ Для сОБаК,2,993.77,6.23,PROcEssinG,Нужно уточнить сроки,2024-03-09,4600304931181675
2029943076804,2024-03-11 19:05:16,аННа смиРНовА,+7 9713 15 11,1,кОРМ для СОбаК,4,1702.66,297.34,prOCESsiNg,Нужно уточнить сроки,2024-03-09,4600304931181675
2029943076804,2024-03-11 19:05:16,аННа смиРНовА,+7 9713 15 11,2,игрУШКа МяЧ,1,297.98,2.02,PRocessING,Нужно уточнить сроки,2024-03-09,4600304931181675
2029943076804,2024-03-11 19:05:16,аННа смиРНовА,+7 9713 15 11,1,КоРм дЛя СОбаК,5,2084.83,415.17,PrOcESSIng,Нужно уточнить сроки,2024-03-09,4600304931181675
2029943076804,2024-03-11 19:05:16,аННа смиРНовА,+7 9713 15 11,1,Корм ДЛя сОбАК,1,418.94,81.06,prOcESsINg,Нужно уточнить сроки,2024-03-09,4600304931181675
2029943075920,15.03.2024 02:41,михаил ОРлоВ,+7(9847)62-57,4,ПодПискА НА ГАзеТУ,4,2171.65,228.35,compLEted,Нужно уточнить сроки,2024/03/29,2851513071978637
2029943074121,2024-03-06 12:37:21,НатАлья ваСильЕВА,+7 9650 34 46,1,коРм для собАк,1,499.1,0.9,comPLeTED,спасибо за заказ,26.03.2024,7988385380339547
2029943074121,2024-03-06 12:37:21,НатАлья ваСильЕВА,+7 9650 34 46,5,МОлОкО,3,8939.24,60.76,COmpLETED,спасибо за заказ,26.03.2024,7988385380339547
2029943074121,2024-03-06 12:37:21,НатАлья ваСильЕВА,+7 9650 34 46,1,кОРМ ДЛЯ СоБАК,5,2428.82,71.18,COMpLEtEd,спасибо за заказ,26.03.2024,7988385380339547
2029943074121,2024-03-06 12:37:21,НатАлья ваСильЕВА,+7 9650 34 46,2,иГруШкА мЯЧ,5,1481.41,18.59,COmpLeTEd,спасибо за заказ,26.03.2024,7988385380339547
2029943073121,2024/03/09 11:54:22,ОЛьгА кУЗнецОвА,+7(9042)67-90,4,поДпИсКА На гАЗЕТУ,4,2293.26,106.74,CompLEtEd,подарок вовремя,2024-03-07,8502543555212344
2029943072684,04.03.2024 02:26,АНна сМирнОВа,+7 9907 26 34,1,корМ Для сОБАК,1,461.0,39.0,caNceLLeD,Ждём с нетерпением!,2024-03-25,8183988218336067
2029943071949,2024-03-15 17:54:30,МихаИЛ ОРЛоВ,+7 9514 21 45,1,коРМ ДЛЯ СоБАК,3,1370.29,129.71,COmPlETED,Проверить наличие,2024-03-05,8477431868836414
2029943070616,25.03.2024 21:31,ОЛьга КУЗнЕцОВа,+7 9313 56 42,5,МоЛоко,5,13246.7,1753.3,prOcESsing,Ждём с нетерпением!,05.03.2024,2911185813602889
2029943069886,2024-03-05 00:19:23,наТАлья вАсиЛьЕВА,8(9057) 62-59,4,пОДписКА на ГАзЕту,4,1927.05,472.95,pRocessiNG,Нужно уточнить сроки,2024-03-28,2916805403836290
2029943069886,2024-03-05 00:19:23,наТАлья вАсиЛьЕВА,8(9057) 62-59,5,МОЛоКо,4,9949.95,2050.05,procesSiNG,Нужно уточнить сроки,2024-03-28,2916805403836290
2029943069886,2024-03-05 00:19:23,наТАлья вАсиЛьЕВА,8(9057) 62-59,4,ПодпиСка нА ГаЗЕТУ,2,1132.63,67.37,pRoCESsIng,Нужно уточнить сроки,2024-03-28,2916805403836290
2029943069886,2024-03-05 00:19:23,наТАлья вАсиЛьЕВА,8(9057) 62-59,1,Корм дЛя соБАК,2,999.41,0.59,PROCEssiNG,Нужно уточнить сроки,2024-03-28,2916805403836290
2029943068755,2024-03-23 21:47:00,ОЛЬГА КуЗНЕцОва,8(9153) 86-11,2,ИгруШКА мяЧ,1,293.7,6.3,CancElled,Проверить наличие,2024/03/05,5752241189473639
2029943068755,2024-03-23 21:47:00,ОЛЬГА КуЗНЕцОва,8(9153) 86-11,2,игрУШка мяч,3,861.37,38.63,CANceLLeD,Проверить наличие,2024/03/05,5752241189473639
2029943068755,2024-03-23 21:47:00,ОЛЬГА КуЗНЕцОва,8(9153) 86-11,5,МоЛОКО,1,2421.65,578.35,CaNcELLED,Проверить наличие,2024/03/05,5752241189473639
2029943068755,2024-03-23 21:47:00,ОЛЬГА КуЗНЕцОва,8(9153) 86-11,5,МолОКО,5,13019.42,1980.58,CaNcElleD,Проверить наличие,2024/03/05,5752241189473639
2029943068755,2024-03-23 21:47:00,ОЛЬГА КуЗНЕцОва,8(9153) 86-11,2,игрУШка мЯч,1,265.97,34.03,cAnCelleD,Проверить наличие,2024/03/05,5752241189473639
2029943067533,09.03.2024 12:37,нАТаЛЬЯ ВасилЬева,+7(9909)73-21,5,мОлОкО,4,9879.35,2120.65,pROCesSInG,Всё отлично!,15.03.2024,4255402794663652
2029943067533,09.03.2024 12:37,нАТаЛЬЯ ВасилЬева,+7(9909)73-21,5,моЛОко,1,2424.85,575.15,PRoCeSsING,Всё отлично!,15.03.2024,4255402794663652
2029943067533,09.03.2024 12:37,нАТаЛЬЯ ВасилЬева,+7(9909)73-21,2,ИГрУШка Мяч,4,984.19,215.81,PRocEssIng,Всё отлично!,15.03.2024,4255402794663652
2029943066339,24.03.2024 13:12,НатаЛья вАсиЛьеВа,+7(9467)40-12,5,МОлОко,1,2650.55,349.45,Processing,спасибо за заказ,07.03.2024,8950926734138059
2029943066339,24.03.2024 13:12,НатаЛья вАсиЛьеВа,+7(9467)40-12,1,кОрМ длЯ собАК,5,2391.66,108.34,PRoCessiNG,спасибо за заказ,07.03.2024,8950926734138059
2029943066339,24.03.2024 13:12,НатаЛья вАсиЛьеВа,+7(9467)40-12,2,иГРушКА МяЧ,4,1034.25,165.75,PROcesSing,спасибо за заказ,07.03.2024,8950926734138059
2029943065570,2024-03-30 02:29:46,дМитРИй КузНЕЦОВ,+7(9725)10-41,4,пОДПИСКА на ГАзетУ,3,1775.73,24.27,CanCELLed,Нужно уточнить сроки,31.03.2024,6791963363067988
2029943064921,15.03.2024 23:38,аННа СМиРнОВа,+7 9284 64 79,5,мОлОкО,1,2540.12,459.88,CaNCellED,Проверить наличие,2024/03/16,7596203690313579
2029943064921,15.03.2024 23:38,аННа СМиРнОВа,+7 9284 64 79,4,ПОДписка нА ГАзЕТу,3,1454.91,345.09,cAncElLEd,Проверить наличие,2024/03/16,7596203690313579
2029943064921,15.03.2024 23:38,аННа СМиРнОВа,+7 9284 64 79,5,МоЛОКО,5,13774.99,1225.01,cAnCElLed,Проверить наличие,2024/03/16,7596203690313579
2029943064921,15.03.2024 23:38,аННа СМиРнОВа,+7 9284 64 79,2,ИГРУшкА мяч,2,561.54,38.46,cAnCellEd,Проверить наличие,2024/03/16,7596203690313579
2029943063825,2024-03-23 20:09:22,аЛЕКсЕЙ МиХаЙлОВ,+7 9583 77 19,2,иГрУшкА МЯч,5,1268.06,231.94,pRocEsSiNG,Нужно уточнить сроки,2024/03/24,2912553168222849
2029943063825,2024-03-23 20:09:22,аЛЕКсЕЙ МиХаЙлОВ,+7 9583 77 19,5,МолОко,4,10216.92,1783.08,pRoCeSSiNG,Нужно уточнить сроки,2024/03/24,2912553168222849
2029943063825,2024-03-23 20:09:22,аЛЕКсЕЙ МиХаЙлОВ,+7 9583 77 19,5,МОлокО,5,12169.87,2830.13,ProCEssing,Нужно уточнить сроки,2024/03/24,2912553168222849
2029943063825,2024-03-23 20:09:22,аЛЕКсЕЙ МиХаЙлОВ,+7 9583 77 19,4,ПодПИСкА на гАзету,3,1681.14,118.86,PrOCESsINg,Нужно уточнить сроки,2024/03/24,2912553168222849
2029943063825,2024-03-23 20:09:22,аЛЕКсЕЙ МиХаЙлОВ,+7 9583 77 19,5,моЛокО,2,5820.37,179.63,ProCesSINg,Нужно уточнить сроки,2024/03/24,2912553168222849
2029943062330,2024/03/04 10:19:48,МаРиЯ пЕТроВа,+7 9619 38 08,5,мОЛОКО,2,5710.09,289.91,PrOcesSINg,Проверить наличие,2024/03/12,1495172771597030
2029943062330,2024/03/04 10:19:48,МаРиЯ пЕТроВа,+7 9619 38 08,4,ПоДпИсКа На газеТУ,3,1440.18,359.82,pROcESSIng,Проверить наличие,2024/03/12,1495172771597030
2029943062330,2024/03/04 10:19:48,МаРиЯ пЕТроВа,+7 9619 38 08,2,иГРУШКа мяч,2,514.95,85.05,PRocesSING,Проверить наличие,2024/03/12,1495172771597030
2029943062330,2024/03/04 10:19:48,МаРиЯ пЕТроВа,+7 9619 38 08,5,молОко,1,2541.45,458.55,PROCeSsinG,Проверить наличие,2024/03/12,1495172771597030
2029943061115,2024-03-28 18:04:29,НАтАЛьЯ ваСИЛьЕВа,+7(9841)23-20,2,ИгрУшКА Мяч,2,594.53,5.47,PrOceSsInG,Нужно уточнить сроки,2024/03/23,7353532994116203
2029943061115,2024-03-28 18:04:29,НАтАЛьЯ ваСИЛьЕВа,+7(9841)23-20,5,мОлоко,1,2932.46,67.54,PrOCESSING,Нужно уточнить сроки,2024/03/23,7353532994116203
2029943061115,2024-03-28 18:04:29,НАтАЛьЯ ваСИЛьЕВа,+7(9841)23-20,1,коРМ ДЛЯ СобАК,3,1217.73,282.27,pRoCeSSInG,Нужно уточнить сроки,2024/03/23,7353532994116203
2029943061115,2024-03-28 18:04:29,НАтАЛьЯ ваСИЛьЕВа,+7(9841)23-20,3,АмунИЦиЯ Для СоБаК,2,2030.8,369.2,PRoCessiNg,Нужно уточнить сроки,2024/03/23,7353532994116203
2029943061115,2024-03-28 18:04:29,НАтАЛьЯ ваСИЛьЕВа,+7(9841)23-20,5,моЛОко,3,7493.27,1506.73,PRoceSsInG,Нужно уточнить сроки,2024/03/23,7353532994116203
2029943060132,06.03.2024 21:50,иВан ивАнОВ,8(9655) 72-66,4,пОдПИсКА НА ГАЗету,1,502.29,97.71,cOmpLetEd,спасибо за заказ,2024-03-02,4829860058917250
2029943060132,06.03.2024 21:50,иВан ивАнОВ,8(9655) 72-66,4,поДпиСка НА ГАзЕТУ,3,1557.68,242.32,comPlETEd,спасибо за заказ,2024-03-02,4829860058917250
2029943060132,06.03.2024 21:50,иВан ивАнОВ,8(9655) 72-66,4,поДпИсКА На гаЗЕтУ,5,2657.66,342.34,coMpLEted,спасибо за заказ,2024-03-02,4829860058917250
2029943059321,08.03.2024 10:47,мАриЯ пЕтрОВа,+7 9886 15 18,3,аМУнИцИя дЛя СОбак,2,2235.4,164.6,coMPleTed,подарок вовремя,2024-03-01,9218220993343999
2029943059321,08.03.2024 10:47,мАриЯ пЕтрОВа,+7 9886 15 18,1,Корм ДЛя сОбАК,2,998.22,1.78,COmpLETED,подарок вовремя,2024-03-01,9218220993343999
2029943059321,08.03.2024 10:47,мАриЯ пЕтрОВа,+7 9886 15 18,3,амУнициЯ длЯ СОбАК,4,3911.46,888.54,cOmPLETED,подарок вовремя,2024-03-01,9218220993343999
2029943059321,08.03.2024 10:47,мАриЯ пЕтрОВа,+7 9886 15 18,3,амунИЦиЯ длЯ соБаК,2,2158.91,241.09,ComPlETed,подарок вовремя,2024-03-01,9218220993343999
2029943058736,07.03.2024 11:33,нАтАЛья васИЛЬевА,+7(9747)93-92,4,ПОдпИСКа НА гАЗЕТУ,1,513.56,86.44,COMPLETeD,Ждём с нетерпением!,2024-03-06,7813969184824595
2029943058736,07.03.2024 11:33,нАтАЛья васИЛЬевА,+7(9747)93-92,5,МОлОКО,1,2983.05,16.95,cOMpLETed,Ждём с нетерпением!,2024-03-06,7813969184824595
2029943057703,2024/03/02 14:48:52,марИЯ ПЕтрОвА,+7(9589)89-49,2,иГРУШКА мяч,4,1171.98,28.02,CaNCeLlED,Ждём с нетерпением!,2024/03/01,6162455664570533
2029943056383,2024/03/26 11:18:42,михаиЛ оРЛоВ,+7(9871)05-33,4,пОДПиСка На гАЗЕту,5,2424.88,575.12,COMplETeD,спасибо за заказ,2024/03/06,1865306409425118
2029943056383,2024/03/26 11:18:42,михаиЛ оРЛоВ,+7(9871)05-33,4,подПиСКа НА ГазЕтУ,5,2998.54,1.46,COMplEted,спасибо за заказ,2024/03/06,1865306409425118
2029943056383,2024/03/26 11:18:42,михаиЛ оРЛоВ,+7(9871)05-33,5,МолоКО,2,5158.88,841.12,ComPLeTEd,спасибо за заказ,2024/03/06,1865306409425118
2029943056383,2024/03/26 11:18:42,михаиЛ оРЛоВ,+7(9871)05-33,5,МолокО,2,5579.32,420.68,cOMPlETeD,спасибо за заказ,2024/03/06,1865306409425118
2029943056383,2024/03/26 11:18:42,михаиЛ оРЛоВ,+7(9871)05-33,4,ПоДпИСкА НА ГазЕту,1,592.45,7.55,CoMpLEtED,спасибо за заказ,2024/03/06,1865306409425118
2029943055865,14.03.2024 00:15,ОлЬга кУзНЕЦОВА,+7 9734 50 40,3,амУниЦИя для сОбак,3,3263.2,336.8,CANCELlEd,"Задержка с доставкой, печалька...",2024/03/04,4892360648571272
2029943055865,14.03.2024 00:15,ОлЬга кУзНЕЦОВА,+7 9734 50 40,1,коРм ДЛЯ собак,3,1410.75,89.25,canceLLED,"Задержка с доставкой, печалька...",2024/03/04,4892360648571272
2029943055865,14.03.2024 00:15,ОлЬга кУзНЕЦОВА,+7 9734 50 40,4,ПОДПиска нА ГаЗеТу,4,2327.47,72.53,cANCelleD,"Задержка с доставкой, печалька...",2024/03/04,4892360648571272
2029943055865,14.03.2024 00:15,ОлЬга кУзНЕЦОВА,+7 9734 50 40,5,молОКо,3,7929.77,1070.23,CANCElLED,"Задержка с доставкой, печалька...",2024/03/04,4892360648571272
2029943055865,14.03.2024 00:15,ОлЬга кУзНЕЦОВА,+7 9734 50 40,3,аМУниция ДЛЯ СОБАк,2,2132.29,267.71,cancEllED,"Задержка с доставкой, печалька...",2024/03/04,4892360648571272
2029943054509,2024-03-10 09:16:07,ЕЛЕНА нОвикОВА,8(9288) 16-02,5,молоКО,2,5181.54,818.46,ProCesSiNG,Ждём с нетерпением!,2024/03/28,8557088028197479
2029943054509,2024-03-10 09:16:07,ЕЛЕНА нОвикОВА,8(9288) 16-02,4,поДпИСКА На гАЗЕту,1,590.29,9.71,ProCeSSING,Ждём с нетерпением!,2024/03/28,8557088028197479
2029943054509,2024-03-10 09:16:07,ЕЛЕНА нОвикОВА,8(9288) 16-02,4,ПоДпиСКа нА ГАЗетУ,2,1170.22,29.78,procEssIng,Ждём с нетерпением!,2024/03/28,8557088028197479
2029943054509,2024-03-10 09:16:07,ЕЛЕНА нОвикОВА,8(9288) 16-02,2,иГрУШКА мЯЧ,4,1137.54,62.46,PROceSsiNg,Ждём с нетерпением!,2024/03/28,8557088028197479
2029943053113,2024/03/15 18:20:04,НаТальЯ ВаСильевА,+7(9812)27-98,3,АМУнИциЯ для собак,5,5061.58,938.42,ProcesSiNg,Проверить наличие,2024/03/04,0749029034601493
2029943052233,2024/03/23 13:55:15,ЕЛЕнА ноВИКОВА,8(9441) 59-62,5,МОЛОКО,1,2724.16,275.84,prOcESsiNG,спасибо за заказ,2024-03-13,9935192549779366
2029943052233,2024/03/23 13:55:15,ЕЛЕнА ноВИКОВА,8(9441) 59-62,5,МОлОко,5,12930.13,2069.87,PrOcESsiNG,спасибо за заказ,2024-03-13,9935192549779366
2029943052233,2024/03/23 13:55:15,ЕЛЕнА ноВИКОВА,8(9441) 59-62,2,ИГруШКа мЯч,1,292.89,7.11,PRoceSsIng,спасибо за заказ,2024-03-13,9935192549779366
2029943051626,2024-03-13 08:58:41,дмитрИЙ кУзНецОв,8(9415) 04-42,4,пОДпиСКА НА ГАЗетУ,2,987.94,212.06,prOCESsIng,Ждём с нетерпением!,2024-03-20,7643486151791522
2029943051626,2024-03-13 08:58:41,дмитрИЙ кУзНецОв,8(9415) 04-42,3,АмУнициЯ для СоБак,3,3586.1,13.9,PROcessinG,Ждём с нетерпением!,2024-03-20,7643486151791522
2029943051626,2024-03-13 08:58:41,дмитрИЙ кУзНецОв,8(9415) 04-42,4,пОдПисКА нА ГАЗеТу,4,2206.44,193.56,PrOCeSsing,Ждём с нетерпением!,2024-03-20,7643486151791522
2029943050982,29.03.2024 04:03,аЛЕКсеЙ МИХайЛов,+7 9649 79 98,3,АМУНИЦИя ДЛя сОбаК,1,1103.59,96.41,CoMpLETeD,Нужно уточнить сроки,2024/03/17,3274758711340534
2029943050982,29.03.2024 04:03,аЛЕКсеЙ МИХайЛов,+7 9649 79 98,5,молокО,5,13148.53,1851.47,cOMpleTED,Нужно уточнить сроки,2024/03/17,3274758711340534
2029943050982,29.03.2024 04:03,аЛЕКсеЙ МИХайЛов,+7 9649 79 98,5,МоЛокО,3,8957.26,42.74,COmPletED,Нужно уточнить сроки,2024/03/17,3274758711340534
2029943049424,2024/03/30 07:58:00,АнНА СмИРнОвА,+7 9557 52 51,2,ИГРушКА мяч,2,507.15,92.85,ProceSsInG,Ждём с нетерпением!,2024-03-21,4032419796914304
2029943048706,22.03.2024 08:56,НАТАЛЬя вАСильЕва,+7 9376 32 51,1,КоРМ ДЛя сОбАк,5,2437.55,62.45,ProcessinG,подарок вовремя,2024/03/21,2502643993576799
2029943048706,22.03.2024 08:56,НАТАЛЬя вАСильЕва,+7 9376 32 51,4,ПоДпИсКа На ГаЗеТУ,4,2347.26,52.74,proCeSsiNg,подарок вовремя,2024/03/21,2502643993576799
2029943048706,22.03.2024 08:56,НАТАЛЬя вАСильЕва,+7 9376 32 51,4,ПоДписКА На гАЗЕТу,5,2461.32,538.68,PRoCessInG,подарок вовремя,2024/03/21,2502643993576799
2029943048706,22.03.2024 08:56,НАТАЛЬя вАСильЕва,+7 9376 32 51,4,ПодПиСка На гАЗеТу,5,2726.2,273.8,pROceSsiNG,подарок вовремя,2024/03/21,2502643993576799
2029943047877,2024/03/13 02:18:21,миХаИЛ ОРлОВ,8(9133) 70-79,1,КОрм ДЛя СОбаК,4,1723.7,276.3,COMPLeteD,Проверить наличие,08.03.2024,2482922562368965
2029943047877,2024/03/13 02:18:21,миХаИЛ ОРлОВ,8(9133) 70-79,1,кОрм Для СОБаК,4,1994.43,5.57,COMPlEtEd,Проверить наличие,08.03.2024,2482922562368965
2029943047877,2024/03/13 02:18:21,миХаИЛ ОРлОВ,8(9133) 70-79,4,пОДПИсКа нА ГаЗЕту,1,486.63,113.37,COmpleTed,Проверить наличие,08.03.2024,2482922562368965
2029943046570,2024/03/12 21:12:43,МихаиЛ оРЛОв,8(9767) 70-65,5,МОлоКо,3,8417.12,582.88,coMPLETEd,Ждём с нетерпением!,2024-03-13,6801781327240865
2029943046570,2024/03/12 21:12:43,МихаиЛ оРЛОв,8(9767) 70-65,4,пОдпИсКА НА ГАзеТУ,2,1136.61,63.39,COMPlEted,Ждём с нетерпением!,2024-03-13,6801781327240865
2029943045231,2024-03-20 00:21:42,Иван иВаНОв,+7(9103)84-42,1,КоРМ длЯ сОбак,4,1889.98,110.02,COMpLEteD,Нужно уточнить сроки,2024/03/30,9898625238933014
2029943045231,2024-03-20 00:21:42,Иван иВаНОв,+7(9103)84-42,3,АМунИцИЯ Для СОБАк,2,2307.3,92.7,COmpLeTEd,Нужно уточнить сроки,2024/03/30,9898625238933014
2029943045231,2024-03-20 00:21:42,Иван иВаНОв,+7(9103)84-42,1,кОрм ДЛя СоБаК,2,970.56,29.44,cOmPleted,Нужно уточнить сроки,2024/03/30,9898625238933014
2029943045231,2024-03-20 00:21:42,Иван иВаНОв,+7(9103)84-42,5,МоЛОКо,3,7459.5,1540.5,cOMplEteD,Нужно уточнить сроки,2024/03/30,9898625238933014
2029943045231,2024-03-20 00:21:42,Иван иВаНОв,+7(9103)84-42,2,ИгруШкА МЯЧ,5,1412.58,87.42,cOmpLETEd,Нужно уточнить сроки,2024/03/30,9898625238933014
2029943044474,2024-03-19 19:59:54,еЛеНа ноВИКОВа,+7 9003 32 86,4,ПодписКА На гАЗеТУ,3,1609.93,190.07,cANCelLeD,спасибо за заказ,2024-03-10,8536867284217025
2029943044474,2024-03-19 19:59:54,еЛеНа ноВИКОВа,+7 9003 32 86,3,АмУНициЯ для СобаК,5,5902.79,97.21,cancEllED,спасибо за заказ,2024-03-10,8536867284217025
2029943043248,2024-03-18 04:46:41,мИхаиЛ орЛоВ,+7(9961)53-95,4,пОдПискА нА газЕТУ,2,1182.82,17.18,prOcEsSINg,Всё отлично!,2024/03/19,9109840185121146
2029943043248,2024-03-18 04:46:41,мИхаиЛ орЛоВ,+7(9961)53-95,4,поДПиСкА На газету,1,537.5,62.5,pRoCessInG,Всё отлично!,2024/03/19,9109840185121146
2029943043248,2024-03-18 04:46:41,мИхаиЛ орЛоВ,+7(9961)53-95,3,АМуНИция ДЛЯ СоБак,5,5325.24,674.76,ProcEsSIng,Всё отлично!,2024/03/19,9109840185121146
2029943043248,2024-03-18 04:46:41,мИхаиЛ орЛоВ,+7(9961)53-95,3,АМУНиЦия ДлЯ СОбак,4,3857.79,942.21,ProceSSiNG,Всё отлично!,2024/03/19,9109840185121146
2029943042166,2024/03/11 20:40:55,нАТАлья ВАсИЛьеВА,+7 9374 06 16,3,АмУнИцИЯ Для сОБАк,4,4406.67,393.33,cOmpleteD,Ждём с нетерпением!,2024/03/25,9876785575773688
2029943042166,2024/03/11 20:40:55,нАТАлья ВАсИЛьеВА,+7 9374 06 16,2,игруШКа мяч,5,1315.82,184.18,cOMpleteD,Ждём с нетерпением!,2024/03/25,9876785575773688
2029943042166,2024/03/11 20:40:55,нАТАлья ВАсИЛьеВА,+7 9374 06 16,3,АМУНиция дЛЯ СОБАк,1,990.42,209.58,CoMpLeTeD,Ждём с нетерпением!,2024/03/25,9876785575773688
2029943042166,2024/03/11 20:40:55,нАТАлья ВАсИЛьеВА,+7 9374 06 16,1,корМ дЛЯ СОбаК,4,1974.64,25.36,cOMpleTED,Ждём с нетерпением!,2024/03/25,9876785575773688
2029943041959,2024-03-19 19:18:30,АЛЕКСЕй МИХАйлоВ,8(9133) 63-57,3,АМуНИциЯ длЯ собАК,1,1073.97,126.03,cANceLLEd,Ждём с нетерпением!,2024-03-03,0436810040388220
2029943041959,2024-03-19 19:18:30,АЛЕКСЕй МИХАйлоВ,8(9133) 63-57,4,ПоДпИскА нА гАзЕТУ,1,503.08,96.92,CAnCElLed,Ждём с нетерпением!,2024-03-03,0436810040388220
2029943040890,23.03.2024 23:10,еЛена нОВИКоВА,+7 9001 32 72,4,ПоДпИскА НА гАЗету,1,540.45,59.55,PROcEssINg,Нужно уточнить сроки,2024-03-23,7009293274660116
2029943040890,23.03.2024 23:10,еЛена нОВИКоВА,+7 9001 32 72,4,ПОДПИСКа На гАЗЕТУ,5,2832.54,167.46,PROCeSSIng,Нужно уточнить сроки,2024-03-23,7009293274660116
2029943040890,23.03.2024 23:10,еЛена нОВИКоВА,+7 9001 32 72,1,коРм дЛя соБАк,4,1755.71,244.29,PRoCesSING,Нужно уточнить сроки,2024-03-23,7009293274660116
2029943040890,23.03.2024 23:10,еЛена нОВИКоВА,+7 9001 32 72,3,аМУНИЦИЯ для собаК,2,2148.66,251.34,pROCEssING,Нужно уточнить сроки,2024-03-23,7009293274660116
2029943295649,29.03.2024 16:03,дМИтРиЙ кузнецов,+7(9692)66-09,3,амуНиЦиЯ дЛя сОбАК,4,3994.19,805.81,PRoceSSINg,спасибо за заказ,13.03.2024,1777993786654182
2029943295649,29.03.2024 16:03,дМИтРиЙ кузнецов,+7(9692)66-09,3,аМуНиция дЛЯ собаК,3,3297.53,302.47,ProcEssinG,спасибо за заказ,13.03.2024,1777993786654182
2029943294636,2024-03-10 02:09:49,ОльГА КУзНЕцоВА,+7 9088 32 24,4,поДпИсКА на ГАЗЕТУ,5,2805.0,195.0,cOMPlEteD,подарок вовремя,2024/03/02,9479433827227470
2029943294636,2024-03-10 02:09:49,ОльГА КУзНЕцоВА,+7 9088 32 24,1,коРм для соБаК,3,1400.29,99.71,COMplETeD,подарок вовремя,2024/03/02,9479433827227470
2029943294636,2024-03-10 02:09:49,ОльГА КУзНЕцоВА,+7 9088 32 24,5,МоЛОКО,1,2538.56,461.44,cOMPLETED,подарок вовремя,2024/03/02,9479433827227470
2029943293886,2024/03/08 17:03:38,АНна смиРнОва,8(9956) 77-83,4,ПоДпИСка на газЕту,5,2717.73,282.27,ProCeSSIng,подарок вовремя,26.03.2024,6632231794453050
2029943292929,2024/03/05 13:19:38,олЬгА КуЗНЕЦовА,+7 9074 85 74,2,игРУШкА мяЧ,3,843.16,56.84,coMPLETed,Всё отлично!,2024-03-01,8265482161262457
2029943292929,2024/03/05 13:19:38,олЬгА КуЗНЕЦовА,+7 9074 85 74,2,ИгрУшка МЯЧ,1,283.1,16.9,cOMPLetED,Всё отлично!,2024-03-01,8265482161262457
2029943291887,31.03.2024 05:21,МихаИЛ орЛоВ,+7(9370)71-16,2,иГрушка мяч,4,1105.53,94.47,COMPlEtEd,"Задержка с доставкой, печалька...",2024-03-06,6750732953939157
2029943291887,31.03.2024 05:21,МихаИЛ орЛоВ,+7(9370)71-16,3,аМУнИцИЯ ДлЯ собаК,1,1150.37,49.63,coMpleTEd,"Задержка с доставкой, печалька...",2024-03-06,6750732953939157
2029943290143,16.03.2024 20:42,еЛенА нОВикОва,+7(9253)11-41,3,амУНИЦия ДЛЯ собАК,5,5612.54,387.46,coMpLeTed,Всё отлично!,29.03.2024,3907379173501688
2029943290143,16.03.2024 20:42,еЛенА нОВикОва,+7(9253)11-41,4,пОдПИСКа нА газЕТУ,3,1689.78,110.22,ComPlEtED,Всё отлично!,29.03.2024,3907379173501688
2029943290143,16.03.2024 20:42,еЛенА нОВикОва,+7(9253)11-41,5,МОЛОКО,2,5445.64,554.36,COMpletED,Всё отлично!,29.03.2024,3907379173501688
2029943290143,16.03.2024 20:42,еЛенА нОВикОва,+7(9253)11-41,4,поДПиСка На газЕТУ,5,2949.15,50.85,cOMPleteD,Всё отлично!,29.03.2024,3907379173501688
2029943289210,2024/03/26 07:48:22,МихАИл ОРЛОв,8(9285) 76-27,3,амУнИция ДЛя сОБАк,1,1097.08,102.92,cAncElled,Нужно уточнить сроки,27.03.2024,8109565689809727
2029943289210,2024/03/26 07:48:22,МихАИл ОРЛОв,8(9285) 76-27,4,ПоДпиСКа На ГазЕту,2,962.05,237.95,CaNcElLED,Нужно уточнить сроки,27.03.2024,8109565689809727
2029943289210,2024/03/26 07:48:22,МихАИл ОРЛОв,8(9285) 76-27,4,пОдпИсКа на газетУ,4,2363.62,36.38,CancellED,Нужно уточнить сроки,27.03.2024,8109565689809727
2029943289210,2024/03/26 07:48:22,МихАИл ОРЛОв,8(9285) 76-27,4,поДПисКа нА газЕТу,1,531.81,68.19,cAnCElLED,Нужно уточнить сроки,27.03.2024,8109565689809727
2029943288385,13.03.2024 14:41,ДМИтрИЙ кУзнеЦОв,+7(9529)59-22,4,ПоДПисКа НА ГазЕту,1,539.21,60.79,pRoCESSING,Нужно уточнить сроки,13.03.2024,2099655216284884
2029943288385,13.03.2024 14:41,ДМИтрИЙ кУзнеЦОв,+7(9529)59-22,1,КорМ дЛя СоБак,2,973.32,26.68,PRoCesSing,Нужно уточнить сроки,13.03.2024,2099655216284884
2029943287863,31.03.2024 07:23,ИваН ИВАНоВ,+7(9603)84-31,5,МОЛОко,5,12273.92,2726.08,PrOceSSINg,Нужно уточнить сроки,2024-03-29,6768145789951797
2029943287863,31.03.2024 07:23,ИваН ИВАНоВ,+7(9603)84-31,5,мОЛоко,3,8231.92,768.08,proCeSSinG,Нужно уточнить сроки,2024-03-29,6768145789951797
2029943287863,31.03.2024 07:23,ИваН ИВАНоВ,+7(9603)84-31,1,коРм дЛЯ сОБаК,2,869.19,130.81,pROCesSing,Нужно уточнить сроки,2024-03-29,6768145789951797
2029943286499,21.03.2024 10:28,миХаИл ОрЛов,8(9106) 85-02,2,ИГРУшка мяЧ,3,891.13,8.87,CanceLLEd,подарок вовремя,2024/03/16,7223821789988951
2029943285680,26.03.2024 11:49,олЬга КуЗнЕцоВА,+7(9900)64-62,3,амУНиЦИЯ длЯ СобАк,1,1111.27,88.73,cANCelled,Нужно уточнить сроки,2024/03/02,5592943881637389
2029943285680,26.03.2024 11:49,олЬга КуЗнЕцоВА,+7(9900)64-62,2,иГрУшкА Мяч,5,1396.64,103.36,cANcELled,Нужно уточнить сроки,2024/03/02,5592943881637389
2029943285680,26.03.2024 11:49,олЬга КуЗнЕцоВА,+7(9900)64-62,5,МОЛоКо,5,12415.37,2584.63,caNCelLed,Нужно уточнить сроки,2024/03/02,5592943881637389
2029943285680,26.03.2024 11:49,олЬга КуЗнЕцоВА,+7(9900)64-62,2,ИгРУШка мЯЧ,5,1423.51,76.49,CaNCElLEd,Нужно уточнить сроки,2024/03/02,5592943881637389
2029943285680,26.03.2024 11:49,олЬга КуЗнЕцоВА,+7(9900)64-62,4,подпиСКА на гАзеТУ,1,500.76,99.24,CANcElLED,Нужно уточнить сроки,2024/03/02,5592943881637389
2029943284170,18.03.2024 09:05,АЛекСеЙ мИХайЛОВ,+7(9413)35-24,4,ПодПИСкА НА гаЗеТУ,1,509.21,90.79,CanceLLED,"Задержка с доставкой, печалька...",2024-03-25,1844517050623207
2029943284170,18.03.2024 09:05,АЛекСеЙ мИХайЛОВ,+7(9413)35-24,1,корМ длЯ СОБАК,4,1836.97,163.03,cAncelLED,"Задержка с доставкой, печалька...",2024-03-25,1844517050623207
2029943284170,18.03.2024 09:05,АЛекСеЙ мИХайЛОВ,+7(9413)35-24,1,КорМ ДЛя СОбаК,3,1345.87,154.13,CANcELled,"Задержка с доставкой, печалька...",2024-03-25,1844517050623207
2029943283759,13.03.2024 04:33,дмИтрИй кУзНеЦОв,8(9793) 83-38,2,иГРушКА МяЧ,3,762.19,137.81,cOMPLetED,Проверить наличие,18.03.2024,8075908591303515
2029943283759,13.03.2024 04:33,дмИтрИй кУзНеЦОв,8(9793) 83-38,5,мОЛОКО,2,5004.2,995.8,coMPLEted,Проверить наличие,18.03.2024,8075908591303515
2029943283759,13.03.2024 04:33,дмИтрИй кУзНеЦОв,8(9793) 83-38,3,АмУНиЦия длЯ соБаК,1,1184.24,15.76,cOmpLeTeD,Проверить наличие,18.03.2024,8075908591303515
2029943283759,13.03.2024 04:33,дмИтрИй кУзНеЦОв,8(9793) 83-38,4,Подписка нА ГазеТу,5,2859.36,140.64,COmpletED,Проверить наличие,18.03.2024,8075908591303515
2029943282246,2024/03/12 02:07:28,НаТаЛЬя ВАСИЛьЕва,+7 9059 12 44,3,АМуНицИЯ длЯ СоБаК,1,1186.81,13.19,cOMpLetEd,подарок вовремя,2024-03-15,2711752754182736
2029943282246,2024/03/12 02:07:28,НаТаЛЬя ВАСИЛьЕва,+7 9059 12 44,1,КОрМ дЛя СоБак,4,1639.88,360.12,cOMPLEteD,подарок вовремя,2024-03-15,2711752754182736
2029943281728,2024-03-30 01:22:02,сЕрГЕй СИДОРов,8(9735) 06-81,3,аМУниЦия длЯ СОбак,3,3417.48,182.52,cOMpLEteD,Ждём с нетерпением!,2024/03/08,4031214137970764
2029943281728,2024-03-30 01:22:02,сЕрГЕй СИДОРов,8(9735) 06-81,5,молоко,5,13511.92,1488.08,COMPleTed,Ждём с нетерпением!,2024/03/08,4031214137970764
2029943280484,2024/03/12 08:58:24,нАТАЛьЯ ВасильЕВА,+7(9124)29-56,5,молОкО,1,2684.41,315.59,PRocEsSing,Всё отлично!,2024/03/11,0671384343108493
2029943280484,2024/03/12 08:58:24,нАТАЛьЯ ВасильЕВА,+7(9124)29-56,1,КОрм ДЛя СОбак,3,1496.87,3.13,PROcesSINg,Всё отлично!,2024/03/11,0671384343108493
2029943280484,2024/03/12 08:58:24,нАТАЛьЯ ВасильЕВА,+7(9124)29-56,5,МОЛоКо,4,10613.37,1386.63,proCEssiNg,Всё отлично!,2024/03/11,0671384343108493
2029943280484,2024/03/12 08:58:24,нАТАЛьЯ ВасильЕВА,+7(9124)29-56,2,ИГрушкА мяч,1,259.33,40.67,prOceSsiNg,Всё отлично!,2024/03/11,0671384343108493
2029943279751,05.03.2024 19:07,АннА СмирНоВА,+7(9216)66-47,1,КоРм для собАк,2,992.11,7.89,PRoCessing,"Задержка с доставкой, печалька...",2024-03-21,6722267648020411
2029943279751,05.03.2024 19:07,АннА СмирНоВА,+7(9216)66-47,1,КоРМ длЯ СоБак,3,1257.86,242.14,pROcesSIng,"Задержка с доставкой, печалька...",2024-03-21,6722267648020411
2029943279751,05.03.2024 19:07,АннА СмирНоВА,+7(9216)66-47,5,МОЛОко,1,2845.72,154.28,PRoceSSing,"Задержка с доставкой, печалька...",2024-03-21,6722267648020411
2029943279751,05.03.2024 19:07,АннА СмирНоВА,+7(9216)66-47,4,ПоДписКа НА гАЗЕту,2,1107.3,92.7,PROCEsSING,"Задержка с доставкой, печалька...",2024-03-21,6722267648020411
2029943278335,06.03.2024 05:51,маРия ПЕтроВА,+7 9168 00 85,5,моЛоко,5,14376.76,623.24,comPLEtED,"Задержка с доставкой, печалька...",2024/03/28,1715541161963172
2029943277618,2024/03/12 01:30:02,МаРия пеТрОвА,+7 9078 65 38,2,иГруШка Мяч,1,270.83,29.17,COmPLeTED,подарок вовремя,2024-03-25,4397069692734358
2029943277618,2024/03/12 01:30:02,МаРия пеТрОвА,+7 9078 65 38,5,моЛоко,2,5508.32,491.68,COmpLeteD,подарок вовремя,2024-03-25,4397069692734358
2029943277618,2024/03/12 01:30:02,МаРия пеТрОвА,+7 9078 65 38,1,КорМ длЯ сОбАк,5,2382.4,117.6,cOMPletEd,подарок вовремя,2024-03-25,4397069692734358
2029943277618,2024/03/12 01:30:02,МаРия пеТрОвА,+7 9078 65 38,1,корм дЛя сОбаК,3,1227.13,272.87,cOMpLeted,подарок вовремя,2024-03-25,4397069692734358
2029943276322,2024-03-02 20:10:27,ДмитриЙ кУЗНЕцОВ,+7 9439 59 31,5,МОЛОкО,4,10427.74,1572.26,CancELLED,Проверить наличие,2024/03/20,0694539307327090
2029943275246,2024/03/21 16:09:02,сергеЙ сИДоРоВ,+7(9735)78-51,1,КоРм длЯ СОБАК,4,1744.99,255.01,coMpLEteD,Всё отлично!,28.03.2024,1247188194475101
2029943274651,02.03.2024 01:26,АЛеКсей мИХАйлов,+7(9379)27-31,3,АмуНициЯ ДЛя СоБаК,4,4486.2,313.8,proCeSSiNg,"Задержка с доставкой, печалька...",2024-03-06,0002587909055417
2029943274651,02.03.2024 01:26,АЛеКсей мИХАйлов,+7(9379)27-31,4,ПОдпиСКа НА ГазетУ,3,1605.93,194.07,procEssing,"Задержка с доставкой, печалька...",2024-03-06,0002587909055417
2029943274651,02.03.2024 01:26,АЛеКсей мИХАйлов,+7(9379)27-31,2,иГРушКа мЯЧ,4,1043.56,156.44,proCEsSinG,"Задержка с доставкой, печалька...",2024-03-06,0002587909055417
2029943274651,02.03.2024 01:26,АЛеКсей мИХАйлов,+7(9379)27-31,4,ПОдПИсКА на ГАзеТУ,1,562.79,37.21,proCesSIng,"Задержка с доставкой, печалька...",2024-03-06,0002587909055417
2029943273256,2024/03/03 10:51:25,ОЛьга куЗНеЦОвА,+7(9051)65-74,1,коРМ ДЛя СОбАК,5,2468.68,31.32,cOmpleted,спасибо за заказ,2024-03-18,0733941881614789
2029943273256,2024/03/03 10:51:25,ОЛьга куЗНеЦОвА,+7(9051)65-74,1,корМ ДЛЯ сОбаК,5,2242.65,257.35,coMpleTEd,спасибо за заказ,2024-03-18,0733941881614789
2029943272734,11.03.2024 21:26,НАТАЛья вАсИльева,+7 9353 17 38,5,МОЛОКО,2,4847.3,1152.7,coMpLETEd,Нужно уточнить сроки,10.03.2024,0931498475729055
2029943272734,11.03.2024 21:26,НАТАЛья вАсИльева,+7 9353 17 38,4,ПодПИсКА НА гаЗеТУ,4,2211.09,188.91,coMPLeTEd,Нужно уточнить сроки,10.03.2024,0931498475729055
2029943272734,11.03.2024 21:26,НАТАЛья вАсИльева,+7 9353 17 38,4,поДписка на газЕту,4,1954.59,445.41,COmPLeteD,Нужно уточнить сроки,10.03.2024,0931498475729055
2029943272734,11.03.2024 21:26,НАТАЛья вАсИльева,+7 9353 17 38,2,ИГруШКА мяч,1,265.5,34.5,cOmpLeted,Нужно уточнить сроки,10.03.2024,0931498475729055
2029943272734,11.03.2024 21:26,НАТАЛья вАсИльева,+7 9353 17 38,2,ИГРУШКа МяЧ,2,501.68,98.32,CoMPleted,Нужно уточнить сроки,10.03.2024,0931498475729055
2029943271300,05.03.2024 06:48,ДмИтРИй КУзнеЦОВ,+7 9964 87 35,3,аМуНИЦия дЛя собак,2,2273.7,126.3,cAnCELleD,"Задержка с доставкой, печалька...",2024-03-17,3453309400969948
2029943271300,05.03.2024 06:48,ДмИтРИй КУзнеЦОВ,+7 9964 87 35,4,ПОдпИСКа на ГАзЕТУ,1,598.33,1.67,CaNCELLed,"Задержка с доставкой, печалька...",2024-03-17,3453309400969948
2029943270296,24.03.2024 22:41,елеНА нОВИКОва,8(9284) 75-86,3,АМуНиция для СобАк,1,964.89,235.11,canCeLLEd,Ждём с нетерпением!,08.03.2024,9601812855042147
2029943270296,24.03.2024 22:41,елеНА нОВИКОва,8(9284) 75-86,2,игрУШКа мЯЧ,3,756.44,143.56,cANcelLED,Ждём с нетерпением!,08.03.2024,9601812855042147
2029943270296,24.03.2024 22:41,елеНА нОВИКОва,8(9284) 75-86,3,амУнИциЯ ДлЯ СоБак,4,4124.69,675.31,caNCEllEd,Ждём с нетерпением!,08.03.2024,9601812855042147
2029943269251,22.03.2024 11:44,ДМиТРий кУЗнЕцОВ,+7(9729)21-50,4,ПодПискА на ГАзЕту,5,2794.88,205.12,PrOCeSsInG,Нужно уточнить сроки,2024/03/31,2443634707593875
2029943269251,22.03.2024 11:44,ДМиТРий кУЗнЕцОВ,+7(9729)21-50,5,мОЛОко,2,5549.31,450.69,ProcEssiNg,Нужно уточнить сроки,2024/03/31,2443634707593875
2029943269251,22.03.2024 11:44,ДМиТРий кУЗнЕцОВ,+7(9729)21-50,3,АмУниЦиЯ дЛЯ собАК,5,4946.11,1053.89,PRocESsinG,Нужно уточнить сроки,2024/03/31,2443634707593875
2029943268334,2024-03-27 17:38:25,михАИЛ оРЛОв,+7(9146)82-47,3,аМуНицИЯ дЛя собак,3,3194.9,405.1,cANCelled,Проверить наличие,2024-03-12,1382529701624955
2029943268334,2024-03-27 17:38:25,михАИЛ оРЛОв,+7(9146)82-47,4,ПОдпИСКа НА ГазетУ,2,1177.27,22.73,cAncEllED,Проверить наличие,2024-03-12,1382529701624955
2029943268334,2024-03-27 17:38:25,михАИЛ оРЛОв,+7(9146)82-47,4,пОДпиСКА нА гаЗЕтУ,5,2463.8,536.2,caNceLled,Проверить наличие,2024-03-12,1382529701624955
2029943268334,2024-03-27 17:38:25,михАИЛ оРЛОв,+7(9146)82-47,5,моЛОКо,3,8731.68,268.32,caNCELLEd,Проверить наличие,2024-03-12,1382529701624955
2029943267231,2024-03-21 09:14:22,МихАиЛ ОРлоВ,8(9646) 64-46,1,КОрм дЛя собАк,3,1415.2,84.8,cAncELlEd,Всё отлично!,11.03.2024,5152051070438192
2029943266574,2024/03/27 22:58:54,наТАлЬя вАсиЛьева,8(9243) 52-94,4,ПОдписка НА ГазетУ,1,525.87,74.13,cOmPLeTed,Нужно уточнить сроки,17.03.2024,5336043331922595
2029943266574,2024/03/27 22:58:54,наТАлЬя вАсиЛьева,8(9243) 52-94,4,ПодПИска НА ГАзетУ,1,483.27,116.73,COMPLETeD,Нужно уточнить сроки,17.03.2024,5336043331922595
2029943265197,2024/03/23 19:20:32,елЕнА НоВИкова,+7(9148)40-07,2,иГРУШка мяч,3,897.94,2.06,pROCEssING,подарок вовремя,2024/03/11,5089503382651051
2029943264873,2024/03/07 15:05:56,АННа сМИрНОва,+7 9547 27 27,1,кОрМ для собак,2,956.52,43.48,ComplEted,спасибо за заказ,2024/03/11,9892660083481505
2029943264873,2024/03/07 15:05:56,АННа сМИрНОва,+7 9547 27 27,5,МОЛоко,4,11403.52,596.48,cOMpletED,спасибо за заказ,2024/03/11,9892660083481505
2029943264873,2024/03/07 15:05:56,АННа сМИрНОва,+7 9547 27 27,2,ИгРУшка МЯч,3,816.33,83.67,coMpLETED,спасибо за заказ,2024/03/11,9892660083481505
2029943263412,20.03.2024 12:11,МАРИЯ пЕТрОвА,8(9814) 60-42,1,КоРМ длЯ собАк,5,2420.44,79.56,PRocESSinG,Ждём с нетерпением!,2024/03/25,2913373512510208
2029943263412,20.03.2024 12:11,МАРИЯ пЕТрОвА,8(9814) 60-42,5,мОлОко,5,14974.87,25.13,prOcESSING,Ждём с нетерпением!,2024/03/25,2913373512510208
2029943262311,2024/03/31 23:17:07,алЕКсеЙ михайлов,+7(9554)73-36,3,АмУниЦиЯ длЯ СоБАк,3,2947.06,652.94,CaNCElLED,Ждём с нетерпением!,2024/03/30,7110212872982190
2029943262311,2024/03/31 23:17:07,алЕКсеЙ михайлов,+7(9554)73-36,3,АмуНиция дЛя СобАК,3,3140.44,459.56,caNcelLed,Ждём с нетерпением!,2024/03/30,7110212872982190
2029943262311,2024/03/31 23:17:07,алЕКсеЙ михайлов,+7(9554)73-36,2,ИгРушКА МЯЧ,5,1469.65,30.35,cAnCeLLeD,Ждём с нетерпением!,2024/03/30,7110212872982190
2029943262311,2024/03/31 23:17:07,алЕКсеЙ михайлов,+7(9554)73-36,2,ИГРушКА МяЧ,2,552.61,47.39,cANcELlEd,Ждём с нетерпением!,2024/03/30,7110212872982190
2029943262311,2024/03/31 23:17:07,алЕКсеЙ михайлов,+7(9554)73-36,2,ИгрУШКа МЯч,2,499.14,100.86,CaNCELlED,Ждём с нетерпением!,2024/03/30,7110212872982190
2029943261201,09.03.2024 06:33,АЛексеЙ михАЙЛов,+7 9172 86 00,5,молокО,3,8926.21,73.79,cOmpleTed,Всё отлично!,2024/03/10,0573727500329626
2029943261201,09.03.2024 06:33,АЛексеЙ михАЙЛов,+7 9172 86 00,5,МолОКО,5,12689.57,2310.43,compLeteD,Всё отлично!,2024/03/10,0573727500329626
2029943261201,09.03.2024 06:33,АЛексеЙ михАЙЛов,+7 9172 86 00,5,моЛоКо,4,10182.4,1817.6,coMPlETed,Всё отлично!,2024/03/10,0573727500329626
2029943260177,2024-03-26 14:10:12,НатАлЬя ВаСиЛЬева,8(9929) 16-79,3,амунИцИЯ ДлЯ сОБак,3,3292.24,307.76,PROCeSSinG,Ждём с нетерпением!,2024/03/26,6289451015952492
2029943260177,2024-03-26 14:10:12,НатАлЬя ВаСиЛЬева,8(9929) 16-79,4,поДПискА НА ГАзЕтУ,5,2474.01,525.99,proCESsING,Ждём с нетерпением!,2024/03/26,6289451015952492
2029943260177,2024-03-26 14:10:12,НатАлЬя ВаСиЛЬева,8(9929) 16-79,2,иГрУшКА мяЧ,2,538.98,61.02,proCeSSinG,Ждём с нетерпением!,2024/03/26,6289451015952492
2029943260177,2024-03-26 14:10:12,НатАлЬя ВаСиЛЬева,8(9929) 16-79,3,амУНиЦИя ДлЯ сОБАК,2,2249.4,150.6,pRoCESSing,Ждём с нетерпением!,2024/03/26,6289451015952492
2029943260177,2024-03-26 14:10:12,НатАлЬя ВаСиЛЬева,8(9929) 16-79,5,мОлОКО,4,10574.61,1425.39,PROCEsSInG,Ждём с нетерпением!,2024/03/26,6289451015952492
2029943259308,25.03.2024 04:00,МАрия петРОВа,+7 9737 70 05,2,иГрушКА мЯч,1,241.01,58.99,PROcessINg,Нужно уточнить сроки,2024/03/29,2543753802898680
2029943259308,25.03.2024 04:00,МАрия петРОВа,+7 9737 70 05,2,игрУшКа МЯч,2,527.19,72.81,PRoceSSinG,Нужно уточнить сроки,2024/03/29,2543753802898680
2029943259308,25.03.2024 04:00,МАрия петРОВа,+7 9737 70 05,1,кОРМ для СОБАК,4,1739.5,260.5,pROCESSiNG,Нужно уточнить сроки,2024/03/29,2543753802898680
2029943259308,25.03.2024 04:00,МАрия петРОВа,+7 9737 70 05,4,подПИсКА На гАзЕТу,5,2710.24,289.76,ProCEsSiNG,Нужно уточнить сроки,2024/03/29,2543753802898680
2029943258474,2024/03/16 00:29:49,АНнА СмИРновА,8(9034) 81-80,5,молоКо,5,12736.55,2263.45,pRocESSing,Проверить наличие,05.03.2024,6428483256895545
2029943258474,2024/03/16 00:29:49,АНнА СмИРновА,8(9034) 81-80,2,ИГРУШКА МяЧ,1,266.46,33.54,proCesSiNG,Проверить наличие,05.03.2024,6428483256895545
2029943257418,17.03.2024 02:43,ИваН иВанов,8(9430) 42-81,3,аМунИЦия дЛЯ СОбаК,4,4452.58,347.42,CancElleD,Ждём с нетерпением!,2024/03/08,4291163643676967
2029943256803,23.03.2024 23:07,ДмитРИЙ КуЗнЕЦоВ,+7 9226 26 28,5,мОлоКо,3,8237.36,762.64,cANCeLlED,"Задержка с доставкой, печалька...",26.03.2024,5653776227899340
2029943256803,23.03.2024 23:07,ДмитРИЙ КуЗнЕЦоВ,+7 9226 26 28,1,корм ДЛЯ соБак,4,1851.92,148.08,cANcElLeD,"Задержка с доставкой, печалька...",26.03.2024,5653776227899340
2029943256803,23.03.2024 23:07,ДмитРИЙ КуЗнЕЦоВ,+7 9226 26 28,1,КОРМ дЛЯ Собак,2,927.67,72.33,cANCELlEd,"Задержка с доставкой, печалька...",26.03.2024,5653776227899340
2029943256803,23.03.2024 23:07,ДмитРИЙ КуЗнЕЦоВ,+7 9226 26 28,3,аМУнИцИя дЛя СОБАк,4,4492.62,307.38,cANCellEd,"Задержка с доставкой, печалька...",26.03.2024,5653776227899340
2029943255892,2024/03/24 09:14:30,елЕНА нОвИкоВА,+7 9217 17 05,5,МОЛОКо,3,7547.74,1452.26,PRoCEsSINg,Всё отлично!,05.03.2024,4970106635743401
2029943254194,2024-03-01 06:31:26,оЛьгА КУЗнецоВА,+7(9725)56-09,2,ИгРушкА МЯч,1,265.25,34.75,CANCELlEd,Проверить наличие,2024-03-18,2097866653191202
2029943254194,2024-03-01 06:31:26,оЛьгА КУЗнецоВА,+7(9725)56-09,4,пОдПиСКа нА ГАЗЕтУ,4,2045.08,354.92,cAncELleD,Проверить наличие,2024-03-18,2097866653191202
2029943254194,2024-03-01 06:31:26,оЛьгА КУЗнецоВА,+7(9725)56-09,1,коРМ дЛЯ СоБАк,5,2050.36,449.64,CANCElLEd,Проверить наличие,2024-03-18,2097866653191202
2029943254194,2024-03-01 06:31:26,оЛьгА КУЗнецоВА,+7(9725)56-09,2,иГрУшка мяЧ,2,537.2,62.8,CANCELlED,Проверить наличие,2024-03-18,2097866653191202
2029943254194,2024-03-01 06:31:26,оЛьгА КУЗнецоВА,+7(9725)56-09,4,подписКа НА ГАзЕТу,5,2922.84,77.16,CAncELLED,Проверить наличие,2024-03-18,2097866653191202
2029943253844,2024-03-24 22:01:04,оЛЬГа кузнЕЦОвА,+7(9994)55-41,4,ПОДпискА нА ГАЗЕТу,1,528.14,71.86,COMPLEtED,спасибо за заказ,2024/03/27,6462508105612253
2029943253844,2024-03-24 22:01:04,оЛЬГа кузнЕЦОвА,+7(9994)55-41,3,амУНИциЯ ДЛЯ сОбАк,3,2961.05,638.95,CoMpLeTED,спасибо за заказ,2024/03/27,6462508105612253
2029943253844,2024-03-24 22:01:04,оЛЬГа кузнЕЦОвА,+7(9994)55-41,4,пОдпИСка НА гаЗЕту,2,1175.65,24.35,coMPLEtEd,спасибо за заказ,2024/03/27,6462508105612253
2029943252736,2024/03/27 05:40:06,НаТАлЬя ваСильЕВА,+7 9411 18 22,4,ПОДПИскА На газЕту,5,2944.17,55.83,CaNcEllED,"Задержка с доставкой, печалька...",2024-03-26,1559416531841417
2029943252736,2024/03/27 05:40:06,НаТАлЬя ваСильЕВА,+7 9411 18 22,4,пОдПИскА на газЕТу,3,1547.19,252.81,cAnceLleD,"Задержка с доставкой, печалька...",2024-03-26,1559416531841417
2029943252736,2024/03/27 05:40:06,НаТАлЬя ваСильЕВА,+7 9411 18 22,3,АМуниЦИЯ длЯ собаК,2,2372.13,27.87,CanceLLED,"Задержка с доставкой, печалька...",2024-03-26,1559416531841417
2029943252736,2024/03/27 05:40:06,НаТАлЬя ваСильЕВА,+7 9411 18 22,4,подПискА НА гАЗЕтУ,4,2075.47,324.53,CANcelLeD,"Задержка с доставкой, печалька...",2024-03-26,1559416531841417
2029943251216,11.03.2024 04:34,АНнА СМИРновА,+7 9029 70 29,2,иГруШКА мЯЧ,1,269.78,30.22,CANcEllEd,Всё отлично!,2024/03/20,9893502374015381
2029943251216,11.03.2024 04:34,АНнА СМИРновА,+7 9029 70 29,5,МОЛОКО,2,5030.78,969.22,CANcELlEd,Всё отлично!,2024/03/20,9893502374015381
2029943251216,11.03.2024 04:34,АНнА СМИРновА,+7 9029 70 29,3,АМуНиЦия ДЛЯ СОБаК,3,3087.17,512.83,CANCELLeD,Всё отлично!,2024/03/20,9893502374015381
2029943251216,11.03.2024 04:34,АНнА СМИРновА,+7 9029 70 29,5,молОКО,3,7748.81,1251.19,cancelLEd,Всё отлично!,2024/03/20,9893502374015381
2029943250757,2024-03-27 17:20:00,елЕНА новикоВА,+7(9215)22-64,4,ПоДПиСКа нА Газету,1,521.33,78.67,CAnCelLEd,Нужно уточнить сроки,2024-03-23,0195768247375967
2029943250757,2024-03-27 17:20:00,елЕНА новикоВА,+7(9215)22-64,4,пОдПИсКа на гАЗЕту,2,1001.43,198.57,CAncElleD,Нужно уточнить сроки,2024-03-23,0195768247375967
2029943250757,2024-03-27 17:20:00,елЕНА новикоВА,+7(9215)22-64,5,МОЛОко,2,5856.43,143.57,cancELLeD,Нужно уточнить сроки,2024-03-23,0195768247375967
2029943250757,2024-03-27 17:20:00,елЕНА новикоВА,+7(9215)22-64,5,молоКо,4,10627.43,1372.57,caNCELLeD,Нужно уточнить сроки,2024-03-23,0195768247375967
2029943250757,2024-03-27 17:20:00,елЕНА новикоВА,+7(9215)22-64,2,игрушка МяЧ,5,1295.83,204.17,cancelLeD,Нужно уточнить сроки,2024-03-23,0195768247375967
2029943249222,09.03.2024 19:57,иВАН иВаНов,8(9984) 30-96,2,игРУшКа Мяч,1,265.19,34.81,cANceLLed,"Задержка с доставкой, печалька...",31.03.2024,1803582018790386
2029943249222,09.03.2024 19:57,иВАН иВаНов,8(9984) 30-96,2,ИГруШКа МяЧ,3,866.23,33.77,CancEllED,"Задержка с доставкой, печалька...",31.03.2024,1803582018790386
2029943249222,09.03.2024 19:57,иВАН иВаНов,8(9984) 30-96,5,МолОкО,5,12227.94,2772.06,CanCellEd,"Задержка с доставкой, печалька...",31.03.2024,1803582018790386
2029943249222,09.03.2024 19:57,иВАН иВаНов,8(9984) 30-96,5,МолОКо,4,10001.19,1998.81,CANcElLEd,"Задержка с доставкой, печалька...",31.03.2024,1803582018790386
2029943248960,2024-03-14 16:45:08,ОЛЬГа куЗнецОва,+7(9455)96-03,2,иГрУшКа мЯЧ,4,971.07,228.93,CanCELlEd,Ждём с нетерпением!,2024/03/30,0491031111514595
2029943247818,06.03.2024 15:47,нАтАлЬЯ ВАСильЕвА,+7(9707)61-13,5,МоЛокО,2,5693.04,306.96,prOcessIng,Ждём с нетерпением!,2024/03/24,6763649761594172
2029943247818,06.03.2024 15:47,нАтАлЬЯ ВАСильЕвА,+7(9707)61-13,5,моЛоко,4,11942.08,57.92,ProCEsSing,Ждём с нетерпением!,2024/03/24,6763649761594172
2029943246612,2024-03-01 20:32:13,ОлЬгА КУзнЕЦоВа,+7(9303)17-01,2,игРушКа мяЧ,2,490.44,109.56,ProCeSsINg,спасибо за заказ,27.03.2024,8846159585397501
2029943246612,2024-03-01 20:32:13,ОлЬгА КУзнЕЦоВа,+7(9303)17-01,3,аМУНИЦиЯ дЛЯ сОбаК,1,1010.75,189.25,PROCESSING,спасибо за заказ,27.03.2024,8846159585397501
2029943246612,2024-03-01 20:32:13,ОлЬгА КУзнЕЦоВа,+7(9303)17-01,5,МОлоКо,3,8491.86,508.14,prOcessIng,спасибо за заказ,27.03.2024,8846159585397501
2029943246612,2024-03-01 20:32:13,ОлЬгА КУзнЕЦоВа,+7(9303)17-01,2,игрушка Мяч,5,1296.51,203.49,pRocEsSinG,спасибо за заказ,27.03.2024,8846159585397501
2029943246612,2024-03-01 20:32:13,ОлЬгА КУзнЕЦоВа,+7(9303)17-01,4,пОДпискА НА ГАзеТу,2,1094.05,105.95,pROCESSiNg,спасибо за заказ,27.03.2024,8846159585397501
2029943245289,06.03.2024 06:30,СЕргЕЙ СидОРОВ,+7 9002 12 41,5,МОЛоКо,1,2633.91,366.09,CaNCeLLEd,"Задержка с доставкой, печалька...",2024/03/25,7514068152253568
2029943245289,06.03.2024 06:30,СЕргЕЙ СидОРОВ,+7 9002 12 41,3,амуниция Для СОБак,5,5146.75,853.25,CAnCELLeD,"Задержка с доставкой, печалька...",2024/03/25,7514068152253568
2029943244324,2024-03-14 06:40:38,алЕКсЕй миХайлоВ,8(9037) 42-61,4,ПОДПИскА нА ГАзеТу,5,2946.09,53.91,cANCElleD,Проверить наличие,2024/03/23,0315615175154668
2029943244324,2024-03-14 06:40:38,алЕКсЕй миХайлоВ,8(9037) 42-61,1,коРм для сОбАК,1,490.09,9.91,caNceLlED,Проверить наличие,2024/03/23,0315615175154668
2029943243638,01.03.2024 01:16,наТалЬЯ васИЛЬеВа,+7 9185 19 57,5,МолОко,4,10171.04,1828.96,ComPlETed,Нужно уточнить сроки,2024-03-10,4615429962842289
2029943243638,01.03.2024 01:16,наТалЬЯ васИЛЬеВа,+7 9185 19 57,5,мОЛоко,3,8477.05,522.95,CoMpletEd,Нужно уточнить сроки,2024-03-10,4615429962842289
2029943243638,01.03.2024 01:16,наТалЬЯ васИЛЬеВа,+7 9185 19 57,5,МОЛОКо,5,14944.09,55.91,CompLetED,Нужно уточнить сроки,2024-03-10,4615429962842289
2029943243638,01.03.2024 01:16,наТалЬЯ васИЛЬеВа,+7 9185 19 57,2,иГрУШкА МяЧ,4,1199.94,0.06,cOmPletEd,Нужно уточнить сроки,2024-03-10,4615429962842289
2029943242619,23.03.2024 13:38,сеРгЕЙ СИдорОв,8(9670) 07-86,5,мОлоКО,3,7457.82,1542.18,cANcELLed,Нужно уточнить сроки,2024-03-30,7891129657719660
2029943242619,23.03.2024 13:38,сеРгЕЙ СИдорОв,8(9670) 07-86,2,ИгРушКа мяч,4,1156.95,43.05,CANcELleD,Нужно уточнить сроки,2024-03-30,7891129657719660
2029943241689,2024/03/20 23:23:53,ЕленА НоВиКОвА,+7(9668)86-86,2,ИГРушКа МЯЧ,4,1011.66,188.34,COMplEted,спасибо за заказ,2024-03-24,0459072008007847
2029943241689,2024/03/20 23:23:53,ЕленА НоВиКОвА,+7(9668)86-86,1,коРМ ДЛЯ сОБАК,5,2286.78,213.22,complEtED,спасибо за заказ,2024-03-24,0459072008007847
2029943241689,2024/03/20 23:23:53,ЕленА НоВиКОвА,+7(9668)86-86,2,ИГРУШка мЯЧ,4,1175.3,24.7,CoMPleTeD,спасибо за заказ,2024-03-24,0459072008007847
2029943240803,2024/03/09 04:08:35,алЕКсей МиХАЙлоВ,+7(9633)90-17,1,КоРМ длЯ собак,5,2388.52,111.48,canCELLeD,Ждём с нетерпением!,2024/03/17,7510796178398756
2029943239477,2024/03/18 14:43:01,сЕргей сидоРоВ,+7(9931)08-27,5,МОлОкО,4,11738.59,261.41,COmPlEted,Ждём с нетерпением!,2024-03-12,1230935450361744
2029943239477,2024/03/18 14:43:01,сЕргей сидоРоВ,+7(9931)08-27,4,ПОдпискА нА гАЗЕТУ,1,590.86,9.14,cOmPleteD,Ждём с нетерпением!,2024-03-12,1230935450361744
2029943239477,2024/03/18 14:43:01,сЕргей сидоРоВ,+7(9931)08-27,5,мОЛоКо,4,11519.32,480.68,cOmPlETEd,Ждём с нетерпением!,2024-03-12,1230935450361744
2029943239477,2024/03/18 14:43:01,сЕргей сидоРоВ,+7(9931)08-27,2,иГРушКА МяЧ,4,1131.97,68.03,cOmPLETeD,Ждём с нетерпением!,2024-03-12,1230935450361744
2029943238444,2024-03-14 02:01:26,ДМИТрИЙ кузНецоВ,8(9209) 45-23,1,коРМ Для собАК,2,829.41,170.59,CAncelled,Нужно уточнить сроки,10.03.2024,8094827527837329
2029943238444,2024-03-14 02:01:26,ДМИТрИЙ кузНецоВ,8(9209) 45-23,3,АмуницИя длЯ сОбАк,4,4168.54,631.46,cANCELLED,Нужно уточнить сроки,10.03.2024,8094827527837329
2029943238444,2024-03-14 02:01:26,ДМИТрИЙ кузНецоВ,8(9209) 45-23,2,ИГРУшКа Мяч,4,965.34,234.66,CAncelled,Нужно уточнить сроки,10.03.2024,8094827527837329
2029943238444,2024-03-14 02:01:26,ДМИТрИЙ кузНецоВ,8(9209) 45-23,5,моЛОКо,1,2775.2,224.8,cANCELLeD,Нужно уточнить сроки,10.03.2024,8094827527837329
2029943238444,2024-03-14 02:01:26,ДМИТрИЙ кузНецоВ,8(9209) 45-23,3,АМУНициЯ ДЛя соБак,5,5153.42,846.58,cANcelLEd,Нужно уточнить сроки,10.03.2024,8094827527837329
2029943237981,2024-03-04 14:57:40,СЕргЕЙ сидОРоВ,+7 9932 72 88,4,ПОдпИСКА на ГАзету,2,1082.18,117.82,coMpletED,Ждём с нетерпением!,03.03.2024,7195175948718350
2029943236740,14.03.2024 07:08,АнНА сМИРНоВа,+7(9996)50-63,4,подпИсКа НА ГаЗЕТу,2,1055.56,144.44,pRoCESsiNg,Нужно уточнить сроки,02.03.2024,4958527609172715
2029943236740,14.03.2024 07:08,АнНА сМИРНоВа,+7(9996)50-63,3,амуНицИя ДЛЯ СОбАк,3,3156.56,443.44,ProCesSinG,Нужно уточнить сроки,02.03.2024,4958527609172715
2029943236740,14.03.2024 07:08,АнНА сМИРНоВа,+7(9996)50-63,1,коРМ ДлЯ СоБАК,4,1716.23,283.77,prOcesSing,Нужно уточнить сроки,02.03.2024,4958527609172715
2029943235316,23.03.2024 22:37,ЕлеНа НОВикОВА,+7(9105)64-73,3,аМУНицИя дЛя СобАк,4,4222.35,577.65,Cancelled,Нужно уточнить сроки,2024/03/31,4466855802806077
2029943235316,23.03.2024 22:37,ЕлеНа НОВикОВА,+7(9105)64-73,1,кОрм ДЛЯ СоБак,1,468.43,31.57,CANCElleD,Нужно уточнить сроки,2024/03/31,4466855802806077
2029943235316,23.03.2024 22:37,ЕлеНа НОВикОВА,+7(9105)64-73,2,игрУшКа мЯч,4,979.94,220.06,caNCELLed,Нужно уточнить сроки,2024/03/31,4466855802806077
2029943235316,23.03.2024 22:37,ЕлеНа НОВикОВА,+7(9105)64-73,5,моЛоКо,5,13253.2,1746.8,cANCellED,Нужно уточнить сроки,2024/03/31,4466855802806077
2029943234760,2024/03/04 22:07:27,АЛексЕй МихАЙЛОв,+7 9089 28 21,5,МолОкО,3,7210.58,1789.42,CaNCELled,спасибо за заказ,2024-03-02,1858642952716411
2029943234760,2024/03/04 22:07:27,АЛексЕй МихАЙЛОв,+7 9089 28 21,4,ПОДпИСка НА гАЗЕту,2,1111.21,88.79,CAnCeLLEd,спасибо за заказ,2024-03-02,1858642952716411
2029943234760,2024/03/04 22:07:27,АЛексЕй МихАЙЛОв,+7 9089 28 21,5,МоЛоКо,1,2571.43,428.57,CANcELlED,спасибо за заказ,2024-03-02,1858642952716411
2029943234760,2024/03/04 22:07:27,АЛексЕй МихАЙЛОв,+7 9089 28 21,2,игрУШКа МЯч,1,248.16,51.84,cAncEllEd,спасибо за заказ,2024-03-02,1858642952716411
2029943234760,2024/03/04 22:07:27,АЛексЕй МихАЙЛОв,+7 9089 28 21,5,МолокО,2,5455.25,544.75,CaNCelleD,спасибо за заказ,2024-03-02,1858642952716411
2029943233221,2024-03-17 06:52:22,ДМиТрий кУзНЕЦов,8(9648) 25-51,3,АМУНиция длЯ СОбАК,5,5175.27,824.73,CAnCElLeD,"Задержка с доставкой, печалька...",04.03.2024,6722219919129562
2029943233221,2024-03-17 06:52:22,ДМиТрий кУзНЕЦов,8(9648) 25-51,5,молоКо,1,2958.36,41.64,cAncelLEd,"Задержка с доставкой, печалька...",04.03.2024,6722219919129562
2029943232333,2024/03/13 06:10:55,МАРия ПетРова,+7 9443 89 43,2,игРуШКА мяч,5,1427.85,72.15,ComPlEteD,Проверить наличие,15.03.2024,0374214881257256
2029943232333,2024/03/13 06:10:55,МАРия ПетРова,+7 9443 89 43,2,игрУШКА МЯч,4,1183.6,16.4,COMplETeD,Проверить наличие,15.03.2024,0374214881257256
2029943232333,2024/03/13 06:10:55,МАРия ПетРова,+7 9443 89 43,4,поДпИСКа на гаЗетУ,2,1146.68,53.32,CompLeTeD,Проверить наличие,15.03.2024,0374214881257256
2029943232333,2024/03/13 06:10:55,МАРия ПетРова,+7 9443 89 43,1,КОРм Для СОбАК,5,2026.55,473.45,cOMPLetED,Проверить наличие,15.03.2024,0374214881257256
2029943231261,2024/03/21 10:55:52,МихАИЛ ОРлОв,+7(9666)99-20,2,иГрУшкА МЯч,4,1135.16,64.84,COmPleTEd,"Задержка с доставкой, печалька...",06.03.2024,1458103708526330
2029943231261,2024/03/21 10:55:52,МихАИЛ ОРлОв,+7(9666)99-20,3,аМУНиЦия Для соБАК,2,2221.93,178.07,comPlEtED,"Задержка с доставкой, печалька...",06.03.2024,1458103708526330
2029943231261,2024/03/21 10:55:52,МихАИЛ ОРлОв,+7(9666)99-20,4,подпИсКа на ГАЗеТу,3,1615.74,184.26,COmpleTED,"Задержка с доставкой, печалька...",06.03.2024,1458103708526330
2029943230736,15.03.2024 21:15,еЛенА НОвИКОВа,8(9138) 28-37,4,пОдПИскА На гАзетУ,5,2485.08,514.92,CoMPLeTed,Нужно уточнить сроки,2024/03/19,7617959132476471
2029943230736,15.03.2024 21:15,еЛенА НОвИКОВа,8(9138) 28-37,2,ИГРУШКа Мяч,1,242.96,57.04,coMplETed,Нужно уточнить сроки,2024/03/19,7617959132476471
2029943230736,15.03.2024 21:15,еЛенА НОвИКОВа,8(9138) 28-37,4,ПодПиСКа нА ГАзЕту,3,1460.57,339.43,COMPleTEd,Нужно уточнить сроки,2024/03/19,7617959132476471
2029943230736,15.03.2024 21:15,еЛенА НОвИКОВа,8(9138) 28-37,1,кОРм ДлЯ сОбак,4,1673.47,326.53,compLETed,Нужно уточнить сроки,2024/03/19,7617959132476471
2029943230736,15.03.2024 21:15,еЛенА НОвИКОВа,8(9138) 28-37,1,корм дЛЯ соБАк,5,2060.17,439.83,compleTEd,Нужно уточнить сроки,2024/03/19,7617959132476471
2029943229512,2024/03/03 11:44:51,МарИя пЕТрОВА,8(9816) 45-92,3,аМУНиЦия дЛя СОБаК,4,4523.73,276.27,complEtED,Всё отлично!,2024-03-27,8269329589736768
2029943228888,24.03.2024 11:36,ЕлеНА нОвИКОвА,8(9210) 21-31,4,подПискА На гАзету,3,1759.11,40.89,PrOCesSinG,Нужно уточнить сроки,2024-03-16,8683520197406510
2029943228888,24.03.2024 11:36,ЕлеНА нОвИКОвА,8(9210) 21-31,2,ИгРУШкА МЯч,4,1080.05,119.95,proCesSiNg,Нужно уточнить сроки,2024-03-16,8683520197406510
2029943228888,24.03.2024 11:36,ЕлеНА нОвИКОвА,8(9210) 21-31,3,аМУниЦиЯ дЛя СоБАК,5,5707.56,292.44,PRocESSiNg,Нужно уточнить сроки,2024-03-16,8683520197406510
2029943227549,26.03.2024 13:10,иВАн ивАнОВ,+7(9255)46-90,5,молОко,3,7671.8,1328.2,CompLeTEd,Проверить наличие,20.03.2024,5979393564381160
2029943227549,26.03.2024 13:10,иВАн ивАнОВ,+7(9255)46-90,2,иГРушКа МЯч,5,1275.1,224.9,cOMPLETeD,Проверить наличие,20.03.2024,5979393564381160
2029943226364,2024-03-22 06:55:00,дмитрий КУзнеЦОв,+7 9530 55 52,3,АмУНИцИя ДЛя сОБак,2,2341.5,58.5,COmpLEtED,"Задержка с доставкой, печалька...",2024/03/03,9619881589170932
2029943226364,2024-03-22 06:55:00,дмитрий КУзнеЦОв,+7 9530 55 52,4,поДпиСКА на гАзетУ,3,1557.42,242.58,coMplEteD,"Задержка с доставкой, печалька...",2024/03/03,9619881589170932
2029943226364,2024-03-22 06:55:00,дмитрий КУзнеЦОв,+7 9530 55 52,2,игРуШКА мяч,3,895.22,4.78,COmpLEteD,"Задержка с доставкой, печалька...",2024/03/03,9619881589170932
2029943225594,2024/03/17 08:10:07,ИваН иВанОВ,+7(9347)51-73,4,пОДПИска нА гАЗеТу,5,2515.8,484.2,coMpLeteD,"Задержка с доставкой, печалька...",2024/03/16,1139286800073907
2029943225594,2024/03/17 08:10:07,ИваН иВанОВ,+7(9347)51-73,3,аМунИциЯ ДлЯ СОбАк,4,4431.6,368.4,cOMPlETeD,"Задержка с доставкой, печалька...",2024/03/16,1139286800073907
2029943225594,2024/03/17 08:10:07,ИваН иВанОВ,+7(9347)51-73,1,коРм ДлЯ соБАК,2,839.96,160.04,COMpleTED,"Задержка с доставкой, печалька...",2024/03/16,1139286800073907
2029943225594,2024/03/17 08:10:07,ИваН иВанОВ,+7(9347)51-73,4,ПОДписКА НА гаЗету,1,539.6,60.4,cOmpletEd,"Задержка с доставкой, печалька...",2024/03/16,1139286800073907
2029943224835,2024-03-21 02:08:20,мИХАИЛ ОрЛОв,8(9361) 88-22,2,иГРУШка мяЧ,3,846.98,53.02,prOcESsiNG,Ждём с нетерпением!,2024/03/06,3328115546759527
2029943224835,2024-03-21 02:08:20,мИХАИЛ ОрЛОв,8(9361) 88-22,3,аМунИЦия ДлЯ собАК,2,2092.38,307.62,pROCesSINg,Ждём с нетерпением!,2024/03/06,3328115546759527
2029943224835,2024-03-21 02:08:20,мИХАИЛ ОрЛОв,8(9361) 88-22,5,МОЛОКО,2,5104.58,895.42,pROcessiNg,Ждём с нетерпением!,2024/03/06,3328115546759527
2029943224835,2024-03-21 02:08:20,мИХАИЛ ОрЛОв,8(9361) 88-22,3,амУницИЯ ДЛя сОбаК,2,2331.96,68.04,PROcEssiNG,Ждём с нетерпением!,2024/03/06,3328115546759527
2029943223714,31.03.2024 02:45,МариЯ пеТРОвА,+7 9422 07 29,4,ПОДпискА На ГаЗеТу,2,1161.37,38.63,prOcessiNg,"Задержка с доставкой, печалька...",2024-03-20,9716677918764350
2029943223714,31.03.2024 02:45,МариЯ пеТРОвА,+7 9422 07 29,1,КоРМ ДЛя СОБАК,3,1476.48,23.52,proceSsIng,"Задержка с доставкой, печалька...",2024-03-20,9716677918764350
2029943222335,2024/03/27 18:13:30,алексеЙ миХАЙЛОв,+7(9895)56-03,5,молОКо,1,2775.65,224.35,pRoCeSsINg,спасибо за заказ,2024-03-20,4866242583177315
2029943222335,2024/03/27 18:13:30,алексеЙ миХАЙЛОв,+7(9895)56-03,5,МОлОКО,3,7669.84,1330.16,prOCessInG,спасибо за заказ,2024-03-20,4866242583177315
2029943221188,2024-03-01 12:33:57,НАТАЛЬя ВасиЛьевА,+7(9271)01-35,3,АмуНиЦиЯ Для Собак,3,3084.19,515.81,cANcELLEd,Ждём с нетерпением!,2024/03/01,1336047355929711
2029943221188,2024-03-01 12:33:57,НАТАЛЬя ВасиЛьевА,+7(9271)01-35,1,кОРМ дЛЯ сОбАК,5,2168.96,331.04,CanCeLleD,Ждём с нетерпением!,2024/03/01,1336047355929711
2029943221188,2024-03-01 12:33:57,НАТАЛЬя ВасиЛьевА,+7(9271)01-35,3,амуНИцИя для сОБАК,3,3363.33,236.67,caNcELLEd,Ждём с нетерпением!,2024/03/01,1336047355929711
2029943221188,2024-03-01 12:33:57,НАТАЛЬя ВасиЛьевА,+7(9271)01-35,2,игрУшкА мяч,5,1281.44,218.56,CaNCelLED,Ждём с нетерпением!,2024/03/01,1336047355929711
2029943221188,2024-03-01 12:33:57,НАТАЛЬя ВасиЛьевА,+7(9271)01-35,2,ИГруШКА мЯЧ,2,527.74,72.26,CanCEllEd,Ждём с нетерпением!,2024/03/01,1336047355929711
2029943220597,05.03.2024 20:44,аЛеКсЕЙ миХайлов,+7 9278 86 33,1,кОРм ДЛЯ соБаК,4,1710.77,289.23,CancEllED,спасибо за заказ,12.03.2024,2601103705083072
2029943219337,2024-03-27 06:54:15,наТАЛЬя вАСИЛьЕва,+7 9059 52 42,5,МолОКО,4,11925.83,74.17,CoMpLeTEd,Всё отлично!,2024-03-14,9598506896781492
2029943219337,2024-03-27 06:54:15,наТАЛЬя вАСИЛьЕва,+7 9059 52 42,5,МОлОкО,3,7707.92,1292.08,cOMpleteD,Всё отлично!,2024-03-14,9598506896781492
2029943219337,2024-03-27 06:54:15,наТАЛЬя вАСИЛьЕва,+7 9059 52 42,4,ПоДписка На ГазетУ,2,1130.3,69.7,ComplEtED,Всё отлично!,2024-03-14,9598506896781492
2029943218920,2024/03/20 22:20:57,олЬга кУзнЕЦова,+7(9817)76-98,2,иГРУШкА мяЧ,5,1461.0,39.0,pRoCeSsIng,Всё отлично!,04.03.2024,7042014945964802
2029943217111,2024/03/13 20:08:27,ОльГА кУзНеЦоВА,+7 9158 79 51,1,корм для СОбАк,4,1807.51,192.49,pRoCeSsinG,спасибо за заказ,2024/03/19,5046010325493569
2029943217111,2024/03/13 20:08:27,ОльГА кУзНеЦоВА,+7 9158 79 51,4,ПодПИска НА ГАЗЕТу,3,1736.54,63.46,PRoCeSSIng,спасибо за заказ,2024/03/19,5046010325493569
2029943217111,2024/03/13 20:08:27,ОльГА кУзНеЦоВА,+7 9158 79 51,4,пОдпИскА НА ГаЗеТу,4,2213.63,186.37,PrOceSsiNg,спасибо за заказ,2024/03/19,5046010325493569
2029943217111,2024/03/13 20:08:27,ОльГА кУзНеЦоВА,+7 9158 79 51,1,кОРМ длЯ СОбАК,4,1699.89,300.11,PROcesSing,спасибо за заказ,2024/03/19,5046010325493569
2029943216271,04.03.2024 13:07,АннА смирНова,+7(9811)50-17,4,ПодПисКа НА ГаЗЕту,2,1089.77,110.23,compleTed,спасибо за заказ,2024-03-12,7128194582291008
2029943216271,04.03.2024 13:07,АннА смирНова,+7(9811)50-17,3,АмуНициЯ ДЛя соБак,2,1928.82,471.18,cOmpLETEd,спасибо за заказ,2024-03-12,7128194582291008
2029943216271,04.03.2024 13:07,АннА смирНова,+7(9811)50-17,5,МоЛОКо,5,14907.39,92.61,cOmPLETeD,спасибо за заказ,2024-03-12,7128194582291008
2029943216271,04.03.2024 13:07,АннА смирНова,+7(9811)50-17,5,МОЛоко,1,2430.33,569.67,COMpLeTED,спасибо за заказ,2024-03-12,7128194582291008
2029943216271,04.03.2024 13:07,АннА смирНова,+7(9811)50-17,4,ПОдпиСКа На газетУ,4,2037.68,362.32,cOmpletEd,спасибо за заказ,2024-03-12,7128194582291008
2029943215981,2024/03/05 18:11:33,дМИтРий КУзнеЦОВ,+7(9151)39-21,2,игРуШка мяч,4,1012.03,187.97,CANCElleD,Ждём с нетерпением!,2024/03/05,8530303736993351
2029943215981,2024/03/05 18:11:33,дМИтРий КУзнеЦОВ,+7(9151)39-21,3,АмУнИциЯ длЯ собаК,5,5657.2,342.8,cANceLleD,Ждём с нетерпением!,2024/03/05,8530303736993351
2029943214420,2024-03-03 03:53:55,аЛЕКСЕй михАЙлоВ,+7 9193 72 40,4,подписКа на ГазеТУ,1,581.89,18.11,cANCElLEd,Нужно уточнить сроки,03.03.2024,8191631833470320
2029943214420,2024-03-03 03:53:55,аЛЕКСЕй михАЙлоВ,+7 9193 72 40,4,пОДписка нА ГАзЕТу,1,567.25,32.75,caNcElled,Нужно уточнить сроки,03.03.2024,8191631833470320
2029943214420,2024-03-03 03:53:55,аЛЕКСЕй михАЙлоВ,+7 9193 72 40,4,поДПиСка На ГАЗЕТУ,4,2350.15,49.85,cAncelLEd,Нужно уточнить сроки,03.03.2024,8191631833470320
2029943213331,23.03.2024 09:09,натаЛья ВасИльЕВА,+7 9339 77 08,3,аМУНиЦия ДЛя СОбАК,2,2310.05,89.95,proCESsing,Проверить наличие,2024/03/18,0169482795569992
2029943212505,04.03.2024 17:39,АЛекСеЙ МИхаЙлОв,+7(9478)97-92,2,игрУШка МяЧ,1,298.32,1.68,pRocessing,спасибо за заказ,2024-03-25,3031069388496129
2029943212505,04.03.2024 17:39,АЛекСеЙ МИхаЙлОв,+7(9478)97-92,2,иГрУШкА мЯч,4,1190.01,9.99,PRoCEsSiNg,спасибо за заказ,2024-03-25,3031069388496129
2029943211880,23.03.2024 17:21,аЛекСЕЙ МИХАЙЛоВ,+7 9385 25 49,3,амУнИЦиЯ для СОбак,2,2100.39,299.61,cAnCelLEd,"Задержка с доставкой, печалька...",2024/03/05,2028803830598429
2029943211880,23.03.2024 17:21,аЛекСЕЙ МИХАЙЛоВ,+7 9385 25 49,3,АМуНИЦИЯ ДлЯ СоБаК,2,2314.01,85.99,CaNCELleD,"Задержка с доставкой, печалька...",2024/03/05,2028803830598429
2029943210455,2024-03-22 07:54:27,ОЛЬгА КУзНЕцоВа,+7(9367)62-86,2,игРУшКА МяЧ,4,1034.63,165.37,cAncElLED,"Задержка с доставкой, печалька...",2024-03-29,5491504769212377
2029943210455,2024-03-22 07:54:27,ОЛЬгА КУзНЕцоВа,+7(9367)62-86,4,поДПИсКа на ГАЗЕТУ,4,2326.42,73.58,CaNCElled,"Задержка с доставкой, печалька...",2024-03-29,5491504769212377
2029943210455,2024-03-22 07:54:27,ОЛЬгА КУзНЕцоВа,+7(9367)62-86,2,игрУШкА мяч,2,529.54,70.46,CAnCELLED,"Задержка с доставкой, печалька...",2024-03-29,5491504769212377
2029943210455,2024-03-22 07:54:27,ОЛЬгА КУзНЕцоВа,+7(9367)62-86,1,КОрМ ДЛЯ СобАк,1,488.22,11.78,cAnCELLeD,"Задержка с доставкой, печалька...",2024-03-29,5491504769212377
2029943209557,2024/03/06 04:07:37,ивАН ИвАнов,+7(9134)02-09,4,подПИСКА НА ГАЗЕту,5,2725.8,274.2,pRoCEssiNg,подарок вовремя,2024-03-11,2964153922084864
2029943209557,2024/03/06 04:07:37,ивАН ИвАнов,+7(9134)02-09,3,АМУНИЦиЯ ДЛЯ СОБаК,3,2967.33,632.67,PrOCeSSIng,подарок вовремя,2024-03-11,2964153922084864
2029943208487,2024-03-27 21:13:11,ОлЬГа кузнецОвА,+7(9565)67-62,1,КоРм длЯ соБаК,3,1491.26,8.74,ComPLETED,спасибо за заказ,27.03.2024,3388250811459767
2029943208487,2024-03-27 21:13:11,ОлЬГа кузнецОвА,+7(9565)67-62,4,ПОдпИсКА НА ГаЗетУ,1,546.36,53.64,CoMPlETeD,спасибо за заказ,27.03.2024,3388250811459767
2029943207146,22.03.2024 20:58,оЛьга КуЗнЕцовА,8(9937) 44-68,2,ИГРушка МЯч,2,482.87,117.13,CancEllED,Проверить наличие,05.03.2024,7623085717919988
2029943207146,22.03.2024 20:58,оЛьга КуЗнЕцовА,8(9937) 44-68,1,КорМ ДлЯ СОБАк,3,1276.42,223.58,CANCElLed,Проверить наличие,05.03.2024,7623085717919988
2029943207146,22.03.2024 20:58,оЛьга КуЗнЕцовА,8(9937) 44-68,2,игрУшКа мЯч,2,592.78,7.22,CanCELlEd,Проверить наличие,05.03.2024,7623085717919988
2029943207146,22.03.2024 20:58,оЛьга КуЗнЕцовА,8(9937) 44-68,3,АМуницИЯ Для соБАК,2,2366.66,33.34,CANceLleD,Проверить наличие,05.03.2024,7623085717919988
2029943206945,2024/03/01 15:11:15,аЛЕкСЕй мИхайлоВ,+7(9831)18-85,4,поДпИскА на ГаЗЕту,4,2056.37,343.63,canceLleD,Всё отлично!,17.03.2024,6510914239733586
2029943206945,2024/03/01 15:11:15,аЛЕкСЕй мИхайлоВ,+7(9831)18-85,5,МолоКО,5,14631.29,368.71,CaNCElLED,Всё отлично!,17.03.2024,6510914239733586
2029943205931,19.03.2024 14:20,алЕкСей МИХАйЛОв,+7(9649)00-07,4,пОдпИСКа нА ГаЗетУ,3,1759.95,40.05,caNceLleD,Всё отлично!,01.03.2024,2471870108988344
2029943205931,19.03.2024 14:20,алЕкСей МИХАйЛОв,+7(9649)00-07,4,ПоДПИскА нА ГАзетУ,4,1968.51,431.49,caNcELLEd,Всё отлично!,01.03.2024,2471870108988344
2029943205931,19.03.2024 14:20,алЕкСей МИХАйЛОв,+7(9649)00-07,3,амУНИцИя ДЛЯ соБАК,5,5002.34,997.66,CAnCelled,Всё отлично!,01.03.2024,2471870108988344
2029943205931,19.03.2024 14:20,алЕкСей МИХАйЛОв,+7(9649)00-07,2,ИГРУшКА мЯч,3,896.32,3.68,cancellEd,Всё отлично!,01.03.2024,2471870108988344
2029943204645,2024/03/17 05:31:16,АлекСЕй МИХАйлОВ,8(9245) 53-25,2,игрУшКА МЯЧ,5,1443.9,56.1,compLETed,Проверить наличие,14.03.2024,8986721831028058
2029943204645,2024/03/17 05:31:16,АлекСЕй МИХАйлОВ,8(9245) 53-25,4,ПодПИсКА На гаЗету,2,1045.93,154.07,CoMpLeTEd,Проверить наличие,14.03.2024,8986721831028058
2029943204645,2024/03/17 05:31:16,АлекСЕй МИХАйлОВ,8(9245) 53-25,1,КОРМ ДЛя собаК,2,933.62,66.38,cOMpleteD,Проверить наличие,14.03.2024,8986721831028058
2029943204645,2024/03/17 05:31:16,АлекСЕй МИХАйлОВ,8(9245) 53-25,2,ИгрУшКа Мяч,2,588.9,11.1,cOmPleTEd,Проверить наличие,14.03.2024,8986721831028058
2029943204645,2024/03/17 05:31:16,АлекСЕй МИХАйлОВ,8(9245) 53-25,3,амУниЦИЯ ДлЯ СОбАк,1,1005.54,194.46,cOMPletEd,Проверить наличие,14.03.2024,8986721831028058
2029943203424,2024/03/01 14:25:44,АННа смиРНОва,+7 9769 12 80,1,корМ дЛя СобАк,2,819.88,180.12,CaNcellEd,Ждём с нетерпением!,10.03.2024,1835851540052267
2029943203424,2024/03/01 14:25:44,АННа смиРНОва,+7 9769 12 80,2,ИгРУШка мяч,1,245.78,54.22,CanCELled,Ждём с нетерпением!,10.03.2024,1835851540052267
2029943203424,2024/03/01 14:25:44,АННа смиРНОва,+7 9769 12 80,4,ПОДПиСКа на ГаЗЕтУ,3,1636.3,163.7,CANcELLED,Ждём с нетерпением!,10.03.2024,1835851540052267
2029943203424,2024/03/01 14:25:44,АННа смиРНОва,+7 9769 12 80,5,МОлОко,4,10364.54,1635.46,CaNCELLED,Ждём с нетерпением!,10.03.2024,1835851540052267
2029943203424,2024/03/01 14:25:44,АННа смиРНОва,+7 9769 12 80,1,КоРм дЛя СобаК,1,429.33,70.67,CAnCeLLEd,Ждём с нетерпением!,10.03.2024,1835851540052267
2029943202567,01.03.2024 02:08,оЛЬга КУЗнеЦОВА,+7(9482)14-74,4,поДПиска На ГаЗеТУ,3,1632.21,167.79,CoMpleTeD,Проверить наличие,14.03.2024,4309842831444283
2029943202567,01.03.2024 02:08,оЛЬга КУЗнеЦОВА,+7(9482)14-74,5,молоКО,1,2728.26,271.74,comPLEtED,Проверить наличие,14.03.2024,4309842831444283
2029943202567,01.03.2024 02:08,оЛЬга КУЗнеЦОВА,+7(9482)14-74,1,кОрм длЯ СОбаК,2,990.78,9.22,complEtEd,Проверить наличие,14.03.2024,4309842831444283
2029943201286,15.03.2024 05:13,ДмИТрИЙ кУЗнЕЦОв,+7(9969)83-76,3,АМУнИЦИЯ ДЛЯ СобАк,1,1199.55,0.45,ProceSsinG,спасибо за заказ,2024/03/05,1411574466533111
2029943200444,2024/03/23 12:04:09,Ольга КУЗнецоВА,8(9812) 21-93,2,игРУШКа Мяч,5,1472.71,27.29,CANceLled,подарок вовремя,2024-03-22,4972466651961013
2029943200444,2024/03/23 12:04:09,Ольга КУЗнецоВА,8(9812) 21-93,1,коРм дЛя сОБАК,2,896.62,103.38,cAncElLeD,подарок вовремя,2024-03-22,4972466651961013
2029943199263,2024-03-10 03:12:36,ИваН ИВанов,+7 9721 10 18,3,амуНицИя ДлЯ СОБАк,3,3402.7,197.3,cOMpleTed,Ждём с нетерпением!,2024-03-21,7125036144385439
2029943199263,2024-03-10 03:12:36,ИваН ИВанов,+7 9721 10 18,2,игрУшкА МяЧ,5,1373.79,126.21,CoMPLETed,Ждём с нетерпением!,2024-03-21,7125036144385439
2029943198813,2024-03-30 11:42:46,алЕксЕЙ михаЙЛОВ,+7(9507)10-55,4,поДПИСКА на ГАзЕТу,1,512.83,87.17,caNcelleD,Проверить наличие,14.03.2024,2317454910857570
2029943198813,2024-03-30 11:42:46,алЕксЕЙ михаЙЛОВ,+7(9507)10-55,2,иГРУШкА МяЧ,5,1341.21,158.79,CanceLled,Проверить наличие,14.03.2024,2317454910857570
2029943197143,2024-03-19 10:00:04,ОЛьга кУзнЕцова,+7(9844)16-22,3,АмуНИциЯ для сОБАК,4,3936.58,863.42,CoMpLeTed,спасибо за заказ,2024/03/28,0715645782318534
2029943197143,2024-03-19 10:00:04,ОЛьга кУзнЕцова,+7(9844)16-22,4,ПОдПИскА На газетУ,1,594.55,5.45,COmPLetED,спасибо за заказ,2024/03/28,0715645782318534
2029943197143,2024-03-19 10:00:04,ОЛьга кУзнЕцова,+7(9844)16-22,1,КОРм ДЛя сОбак,2,855.09,144.91,compLeTEd,спасибо за заказ,2024/03/28,0715645782318534
2029943197143,2024-03-19 10:00:04,ОЛьга кУзнЕцова,+7(9844)16-22,2,игруШКА мЯЧ,3,833.97,66.03,comPlEtEd,спасибо за заказ,2024/03/28,0715645782318534
2029943197143,2024-03-19 10:00:04,ОЛьга кУзнЕцова,+7(9844)16-22,1,корМ длЯ СОбак,4,1958.46,41.54,CoMplETeD,спасибо за заказ,2024/03/28,0715645782318534
2029943196306,2024-03-14 20:09:02,ДМИтРиЙ КУзНецОВ,+7(9080)93-20,3,АмУНиция для СоБАК,1,1134.1,65.9,pROCeSsINg,Всё отлично!,2024-03-15,0612855109272172
2029943196306,2024-03-14 20:09:02,ДМИтРиЙ КУзНецОВ,+7(9080)93-20,2,ИгруШка мяч,2,511.91,88.09,PRoCessIng,Всё отлично!,2024-03-15,0612855109272172
2029943196306,2024-03-14 20:09:02,ДМИтРиЙ КУзНецОВ,+7(9080)93-20,5,моЛОКо,5,13802.24,1197.76,pROCESSINg,Всё отлично!,2024-03-15,0612855109272172
2029943196306,2024-03-14 20:09:02,ДМИтРиЙ КУзНецОВ,+7(9080)93-20,3,АмУниция дЛЯ собАк,5,5946.7,53.3,proCESsing,Всё отлично!,2024-03-15,0612855109272172
2029943196306,2024-03-14 20:09:02,ДМИтРиЙ КУзНецОВ,+7(9080)93-20,3,аМуНИцИЯ длЯ соБаК,5,5220.13,779.87,procesSINg,Всё отлично!,2024-03-15,0612855109272172
2029943195981,2024/03/03 07:00:55,ИвАн ивАнОВ,8(9931) 21-11,4,пОдпИСкА нА ГазеТу,2,1146.32,53.68,pRocESSInG,спасибо за заказ,2024-03-19,7245608902653662
2029943195981,2024/03/03 07:00:55,ИвАн ивАнОВ,8(9931) 21-11,5,МОЛоКо,5,13832.83,1167.17,pRocESsinG,спасибо за заказ,2024-03-19,7245608902653662
2029943195981,2024/03/03 07:00:55,ИвАн ивАнОВ,8(9931) 21-11,5,мОлоко,5,13782.04,1217.96,ProcESSINg,спасибо за заказ,2024-03-19,7245608902653662
2029943195981,2024/03/03 07:00:55,ИвАн ивАнОВ,8(9931) 21-11,4,подписКа На ГаЗету,4,2121.78,278.22,proCEsSinG,спасибо за заказ,2024-03-19,7245608902653662
2029943194335,07.03.2024 07:43,ДмИТрИЙ КУЗНЕцОВ,+7 9899 39 72,3,АмУНиЦиЯ для СобАк,3,3143.45,456.55,CaNCEllED,спасибо за заказ,2024-03-28,1518736110477697
2029943193312,29.03.2024 17:55,АннА сМИРнОвА,+7 9059 08 11,1,КОрм ДЛя соБак,2,868.0,132.0,canceLlED,Проверить наличие,2024-03-26,9427284903898463
2029943193312,29.03.2024 17:55,АннА сМИРнОвА,+7 9059 08 11,1,КОрм длЯ СОбАК,5,2373.49,126.51,CAncelLeD,Проверить наличие,2024-03-26,9427284903898463
2029943193312,29.03.2024 17:55,АннА сМИРнОвА,+7 9059 08 11,5,молОкО,5,14909.06,90.94,CAncELLed,Проверить наличие,2024-03-26,9427284903898463
2029943193312,29.03.2024 17:55,АннА сМИРнОвА,+7 9059 08 11,4,пОдПИСКа НА гаЗеТу,3,1665.06,134.94,CAnCeLleD,Проверить наличие,2024-03-26,9427284903898463
2029943193312,29.03.2024 17:55,АннА сМИРнОвА,+7 9059 08 11,5,мОЛОКо,5,14947.28,52.72,cancELlEd,Проверить наличие,2024-03-26,9427284903898463
2029943192603,2024/03/02 16:21:47,ИВан ИвАНОв,+7(9300)82-20,3,аМуНиЦиЯ длЯ соБак,1,985.17,214.83,CaNCeLlEd,Проверить наличие,2024-03-15,2884131216045446
2029943191818,2024-03-27 23:11:49,СеРгеЙ СидОРов,8(9379) 05-46,4,ПОдПИСКа На гаЗетУ,5,2827.44,172.56,prOcESsiNG,Нужно уточнить сроки,2024-03-22,0735154556080391
2029943191818,2024-03-27 23:11:49,СеРгеЙ СидОРов,8(9379) 05-46,3,АмунИцИЯ Для СОбАк,5,5982.62,17.38,prOCESsInG,Нужно уточнить сроки,2024-03-22,0735154556080391
2029943191818,2024-03-27 23:11:49,СеРгеЙ СидОРов,8(9379) 05-46,1,корм длЯ сОБАк,3,1482.35,17.65,ProCesSinG,Нужно уточнить сроки,2024-03-22,0735154556080391
2029943190424,2024/03/11 12:00:10,АнНА СМиРНОвА,+7 9353 50 78,4,поДпиСКА На ГАЗету,1,571.62,28.38,COMPLeTed,спасибо за заказ,2024/03/20,1949861517971002
2029943190424,2024/03/11 12:00:10,АнНА СМиРНОвА,+7 9353 50 78,4,ПодПИска нА ГАЗЕту,4,2214.73,185.27,cOmPLeTed,спасибо за заказ,2024/03/20,1949861517971002
2029943189768,2024/03/09 17:16:41,анНА сМИрНовА,+7(9309)08-62,1,корм ДЛЯ СОбак,4,1748.48,251.52,cANcelLED,спасибо за заказ,2024-03-14,4541271932145239
2029943189768,2024/03/09 17:16:41,анНА сМИрНовА,+7(9309)08-62,3,амУнИциЯ ДЛя СобАк,5,5558.16,441.84,CANcELLed,спасибо за заказ,2024-03-14,4541271932145239
2029943189768,2024/03/09 17:16:41,анНА сМИрНовА,+7(9309)08-62,2,ИГРушкА мяч,5,1445.94,54.06,CANcellED,спасибо за заказ,2024-03-14,4541271932145239
2029943189768,2024/03/09 17:16:41,анНА сМИрНовА,+7(9309)08-62,3,АМУНиЦИя длЯ СОбаК,5,4842.46,1157.54,CAnCELled,спасибо за заказ,2024-03-14,4541271932145239
2029943188107,2024/03/25 12:49:18,алЕКсеЙ михаЙлОВ,+7(9956)85-76,3,аМУНицИЯ для соБаК,4,4261.82,538.18,CAncELled,спасибо за заказ,2024/03/25,6501025246509992
2029943188107,2024/03/25 12:49:18,алЕКсеЙ михаЙлОВ,+7(9956)85-76,3,АМУнИцИя Для сОбак,2,2227.64,172.36,CANCELleD,спасибо за заказ,2024/03/25,6501025246509992
2029943188107,2024/03/25 12:49:18,алЕКсеЙ михаЙлОВ,+7(9956)85-76,5,мОЛоКо,2,5473.05,526.95,cAncElLED,спасибо за заказ,2024/03/25,6501025246509992
2029943188107,2024/03/25 12:49:18,алЕКсеЙ михаЙлОВ,+7(9956)85-76,5,мОлОко,5,13493.52,1506.48,cANcELLed,спасибо за заказ,2024/03/25,6501025246509992
2029943188107,2024/03/25 12:49:18,алЕКсеЙ михаЙлОВ,+7(9956)85-76,5,Молоко,5,14536.86,463.14,CAnCELled,спасибо за заказ,2024/03/25,6501025246509992
2029943187897,12.03.2024 00:59,нАтАЛЬя васИльЕВа,+7 9598 66 00,3,амунИцИя ДЛЯ СОбак,1,965.92,234.08,pRoCeSsING,спасибо за заказ,29.03.2024,9006660262629831
2029943187897,12.03.2024 00:59,нАтАЛЬя васИльЕВа,+7 9598 66 00,3,АМуНиЦИя ДЛя собАк,2,1948.81,451.19,pROCEssing,спасибо за заказ,29.03.2024,9006660262629831
2029943186289,2024-03-21 00:28:49,ЕлеНА нОвикоВа,+7(9340)02-63,2,игРуШКа МЯч,5,1248.38,251.62,cOMplEtED,Нужно уточнить сроки,2024/03/08,0729634250650314
2029943186289,2024-03-21 00:28:49,ЕлеНА нОвикоВа,+7(9340)02-63,5,МолоКо,3,7977.33,1022.67,CompLEtEd,Нужно уточнить сроки,2024/03/08,0729634250650314
2029943186289,2024-03-21 00:28:49,ЕлеНА нОвикоВа,+7(9340)02-63,2,иГРУШка мЯч,5,1435.75,64.25,coMpLeTEd,Нужно уточнить сроки,2024/03/08,0729634250650314
2029943186289,2024-03-21 00:28:49,ЕлеНА нОвикоВа,+7(9340)02-63,5,МОлОКо,2,4890.87,1109.13,cOMPletEd,Нужно уточнить сроки,2024/03/08,0729634250650314
2029943185352,2024-03-16 03:02:29,дМИтриЙ КУзНЕЦОв,8(9833) 97-50,4,пОдпискА На гАЗету,3,1559.4,240.6,CoMPLETeD,спасибо за заказ,23.03.2024,5879880131007656
2029943185352,2024-03-16 03:02:29,дМИтриЙ КУзНЕЦОв,8(9833) 97-50,5,МоЛоКо,1,2799.26,200.74,COMpleted,спасибо за заказ,23.03.2024,5879880131007656
2029943185352,2024-03-16 03:02:29,дМИтриЙ КУзНЕЦОв,8(9833) 97-50,2,ИГрушКа Мяч,2,598.95,1.05,CoMPlEtEd,спасибо за заказ,23.03.2024,5879880131007656
2029943184702,2024-03-01 04:27:10,МиХаИл орлоВ,+7 9061 34 93,5,мОлОкО,5,14866.28,133.72,proCeSsING,спасибо за заказ,2024/03/13,1907254638592669
2029943184702,2024-03-01 04:27:10,МиХаИл орлоВ,+7 9061 34 93,4,ПОдПИСка нА ГазеТу,1,537.95,62.05,PRoCessInG,спасибо за заказ,2024/03/13,1907254638592669
2029943184702,2024-03-01 04:27:10,МиХаИл орлоВ,+7 9061 34 93,5,мОЛОКо,4,9763.95,2236.05,PrOCEsSIng,спасибо за заказ,2024/03/13,1907254638592669
2029943184702,2024-03-01 04:27:10,МиХаИл орлоВ,+7 9061 34 93,1,КОрМ ДлЯ СОБАК,5,2227.29,272.71,ProceSSIng,спасибо за заказ,2024/03/13,1907254638592669
2029943184702,2024-03-01 04:27:10,МиХаИл орлоВ,+7 9061 34 93,2,ИГРУШКА мЯч,1,265.41,34.59,pROCesSInG,спасибо за заказ,2024/03/13,1907254638592669
2029943183613,29.03.2024 11:59,МарИЯ ПЕТРовА,8(9363) 86-30,3,амУНиЦия ДЛЯ СОБаК,2,1984.23,415.77,PRocESsINg,Всё отлично!,09.03.2024,0582169933130902
2029943182695,05.03.2024 12:44,оЛьГа КУЗНеЦоВА,+7 9271 12 06,5,МОЛоКО,2,5027.66,972.34,CoMpLeTed,Всё отлично!,2024/03/25,4096164789255762
2029943182695,05.03.2024 12:44,оЛьГа КУЗНеЦоВА,+7 9271 12 06,3,АмунИцИЯ ДЛЯ соБак,2,1989.89,410.11,comPLeTED,Всё отлично!,2024/03/25,4096164789255762
2029943182695,05.03.2024 12:44,оЛьГа КУЗНеЦоВА,+7 9271 12 06,2,ИгрушКа мЯЧ,3,781.47,118.53,cOMPLeTeD,Всё отлично!,2024/03/25,4096164789255762
2029943182695,05.03.2024 12:44,оЛьГа КУЗНеЦоВА,+7 9271 12 06,1,кОРМ ДЛя СОбак,5,2480.28,19.72,cOMpLETeD,Всё отлично!,2024/03/25,4096164789255762
2029943181588,2024-03-25 20:31:09,маРия пЕтроВа,+7 9877 54 15,3,АмУНИцИЯ для СобАк,2,2137.59,262.41,Completed,подарок вовремя,2024/03/04,3705981180762492
2029943181588,2024-03-25 20:31:09,маРия пЕтроВа,+7 9877 54 15,1,КОрМ ДлЯ СОБаК,2,872.54,127.46,COMPLetED,подарок вовремя,2024/03/04,3705981180762492
2029943181588,2024-03-25 20:31:09,маРия пЕтроВа,+7 9877 54 15,1,корм для соБаК,4,1968.57,31.43,cOMplETEd,подарок вовремя,2024/03/04,3705981180762492
2029943181588,2024-03-25 20:31:09,маРия пЕтроВа,+7 9877 54 15,4,подписКа на гаЗету,1,522.54,77.46,coMPletED,подарок вовремя,2024/03/04,3705981180762492
2029943180418,22.03.2024 10:56,НАТаЛЬя васиЛЬева,+7(9507)10-95,4,пОДПИскА На ГАзетУ,3,1712.96,87.04,ProcesSInG,"Задержка с доставкой, печалька...",2024-03-30,4772187599579587
2029943180418,22.03.2024 10:56,НАТаЛЬя васиЛЬева,+7(9507)10-95,4,подпИскА нА гАЗетУ,5,2752.75,247.25,pROCEssING,"Задержка с доставкой, печалька...",2024-03-30,4772187599579587
2029943179226,2024/03/06 01:04:20,ДМИТрИй КУзнеЦОв,+7 9757 23 27,1,КоРм длЯ собаК,2,849.26,150.74,canceLlEd,спасибо за заказ,24.03.2024,3123048943518758
2029943179226,2024/03/06 01:04:20,ДМИТрИй КУзнеЦОв,+7 9757 23 27,1,кОРм длЯ СобаК,1,493.21,6.79,CancElLED,спасибо за заказ,24.03.2024,3123048943518758
2029943179226,2024/03/06 01:04:20,ДМИТрИй КУзнеЦОв,+7 9757 23 27,1,КоРМ дЛЯ собАк,3,1408.22,91.78,cAnCeLLED,спасибо за заказ,24.03.2024,3123048943518758
2029943179226,2024/03/06 01:04:20,ДМИТрИй КУзнеЦОв,+7 9757 23 27,2,ИгрУшКА мяч,5,1407.63,92.37,caNCELlEd,спасибо за заказ,24.03.2024,3123048943518758
2029943178841,2024-03-05 02:00:51,ОльГа кУзНЕЦОВа,+7(9082)22-12,3,аМУНицИЯ длЯ сОБаК,3,3578.57,21.43,pRoceSsIng,Всё отлично!,2024-03-17,3310857499245178
2029943178841,2024-03-05 02:00:51,ОльГа кУзНЕЦОВа,+7(9082)22-12,5,МОЛоко,3,8219.81,780.19,proCeSsinG,Всё отлично!,2024-03-17,3310857499245178
2029943178841,2024-03-05 02:00:51,ОльГа кУзНЕЦОВа,+7(9082)22-12,2,иГРУшКа МЯЧ,1,249.59,50.41,ProCeSSiNG,Всё отлично!,2024-03-17,3310857499245178
2029943178841,2024-03-05 02:00:51,ОльГа кУзНЕЦОВа,+7(9082)22-12,4,ПОдПИсКа НА гАзеТу,2,1014.65,185.35,PROCesSING,Всё отлично!,2024-03-17,3310857499245178
2029943177526,2024/03/18 12:32:29,анНа СМИрнОва,+7 9415 87 26,5,МолоКО,5,12283.33,2716.67,canCelled,подарок вовремя,2024/03/31,3203140906334504
2029943177526,2024/03/18 12:32:29,анНа СМИрнОва,+7 9415 87 26,1,корМ дЛЯ СоБАк,2,881.94,118.06,cAncelLEd,подарок вовремя,2024/03/31,3203140906334504
2029943177526,2024/03/18 12:32:29,анНа СМИрнОва,+7 9415 87 26,2,иГрушка МЯч,2,567.48,32.52,caNceLled,подарок вовремя,2024/03/31,3203140906334504
2029943176689,2024-03-21 15:45:19,НатаЛьЯ вАсилЬевА,+7(9470)80-96,3,АмуНИЦИЯ дЛЯ сОбак,4,4072.11,727.89,cAnCElLeD,Проверить наличие,26.03.2024,5495585072294018
2029943176689,2024-03-21 15:45:19,НатаЛьЯ вАсилЬевА,+7(9470)80-96,4,пОДПиСка нА гаЗЕту,4,2048.25,351.75,cANCeLlED,Проверить наличие,26.03.2024,5495585072294018
2029943175294,2024/03/19 01:24:01,нАтАЛЬЯ васИльеВА,8(9717) 31-43,5,мОлОко,1,2944.85,55.15,CoMpleTEd,спасибо за заказ,2024/03/17,9387966200232718
2029943175294,2024/03/19 01:24:01,нАтАЛЬЯ васИльеВА,8(9717) 31-43,4,поДпиСКА на ГаЗеТУ,1,553.37,46.63,comPleTed,спасибо за заказ,2024/03/17,9387966200232718
2029943175294,2024/03/19 01:24:01,нАтАЛЬЯ васИльеВА,8(9717) 31-43,3,АМуниЦиЯ длЯ СОБаК,1,979.74,220.26,cOmPlEtEd,спасибо за заказ,2024/03/17,9387966200232718
2029943175294,2024/03/19 01:24:01,нАтАЛЬЯ васИльеВА,8(9717) 31-43,2,игРуШКа мяч,4,990.82,209.18,compLeteD,спасибо за заказ,2024/03/17,9387966200232718
2029943174228,2024/03/09 13:10:30,СЕргЕй СИдОРов,+7 9733 48 21,5,МоЛОко,5,12499.72,2500.28,CancELLEd,спасибо за заказ,2024/03/12,0989935738254362
2029943174228,2024/03/09 13:10:30,СЕргЕй СИдОРов,+7 9733 48 21,2,иГРуШКА МяЧ,4,1120.35,79.65,caNCELled,спасибо за заказ,2024/03/12,0989935738254362
2029943174228,2024/03/09 13:10:30,СЕргЕй СИдОРов,+7 9733 48 21,4,ПОдПИсКА НА ГаЗЕту,3,1788.45,11.55,caNcELLeD,спасибо за заказ,2024/03/12,0989935738254362
2029943173719,22.03.2024 01:33,оЛьГА Кузнецова,8(9669) 24-82,3,амуНиЦия ДлЯ сОБАК,1,986.5,213.5,CoMPLeteD,"Задержка с доставкой, печалька...",11.03.2024,9466424339750773
2029943173719,22.03.2024 01:33,оЛьГА Кузнецова,8(9669) 24-82,3,аМуНиЦиЯ ДЛЯ СОбАк,1,1107.7,92.3,cOmpleTED,"Задержка с доставкой, печалька...",11.03.2024,9466424339750773
2029943173719,22.03.2024 01:33,оЛьГА Кузнецова,8(9669) 24-82,3,аМУНИция Для сОБАк,4,3877.27,922.73,ComplEtEd,"Задержка с доставкой, печалька...",11.03.2024,9466424339750773
2029943173719,22.03.2024 01:33,оЛьГА Кузнецова,8(9669) 24-82,2,игРуШкА Мяч,2,594.1,5.9,COmplEtEd,"Задержка с доставкой, печалька...",11.03.2024,9466424339750773
2029943173719,22.03.2024 01:33,оЛьГА Кузнецова,8(9669) 24-82,1,кОРМ длЯ СобАк,2,940.92,59.08,cOMPlEtED,"Задержка с доставкой, печалька...",11.03.2024,9466424339750773
2029943172773,2024/03/23 21:22:03,аННа смИРНОвА,+7 9695 69 69,3,аМУНИЦия дЛя СобаК,1,1027.48,172.52,CAncelled,Ждём с нетерпением!,31.03.2024,3183955536105591
2029943172773,2024/03/23 21:22:03,аННа смИРНОвА,+7 9695 69 69,4,пОДПИСКа НА ГАзЕтУ,4,2291.21,108.79,caNCellED,Ждём с нетерпением!,31.03.2024,3183955536105591
2029943172773,2024/03/23 21:22:03,аННа смИРНОвА,+7 9695 69 69,5,МОлОкО,4,10184.53,1815.47,CAnCelleD,Ждём с нетерпением!,31.03.2024,3183955536105591
2029943172773,2024/03/23 21:22:03,аННа смИРНОвА,+7 9695 69 69,3,АмУНИЦия дЛя СоБАк,2,2086.62,313.38,cANcELLed,Ждём с нетерпением!,31.03.2024,3183955536105591
2029943171200,2024-03-23 09:14:34,НАтаЛья ВаСИЛьевА,8(9066) 13-96,2,ИгрУШка мЯч,5,1352.21,147.79,ProceSSING,подарок вовремя,2024/03/11,1163953830915796
2029943170645,2024/03/11 12:36:00,иВан ИВаноВ,+7(9907)28-26,2,игруШКа МЯЧ,1,252.43,47.57,coMplEtED,"Задержка с доставкой, печалька...",2024/03/27,1871174443120958
2029943170645,2024/03/11 12:36:00,иВан ИВаноВ,+7(9907)28-26,4,пОдПИСкА НА ГАзЕту,4,2309.69,90.31,CoMPLEted,"Задержка с доставкой, печалька...",2024/03/27,1871174443120958
2029943169937,24.03.2024 19:50,оЛЬГа КузнЕцОВа,8(9115) 44-88,2,иГруШкА мяч,4,1033.23,166.77,cAnCELlED,Проверить наличие,2024/03/20,5063697628228983
2029943168461,2024/03/10 02:04:23,ДМИтРий КузнЕцОв,+7 9577 32 40,5,МОлоКо,1,2464.82,535.18,canCeLlED,Всё отлично!,2024/03/06,4570476251484513
2029943168461,2024/03/10 02:04:23,ДМИтРий КузнЕцОв,+7 9577 32 40,3,аМуНиЦИЯ длЯ СоБак,3,3273.79,326.21,CanCElLeD,Всё отлично!,2024/03/06,4570476251484513
2029943168461,2024/03/10 02:04:23,ДМИтРий КузнЕцОв,+7 9577 32 40,4,ПодпиСКА на гАЗеТУ,4,2228.3,171.7,canCeLlEd,Всё отлично!,2024/03/06,4570476251484513
2029943423592,23.03.2024 11:43,МаРИЯ ПеТРОвА,+7 9495 24 27,1,корм дЛЯ СОБаК,4,1654.91,345.09,cOmPlEtED,Ждём с нетерпением!,2024-03-06,9036039899678932
2029943423592,23.03.2024 11:43,МаРИЯ ПеТРОвА,+7 9495 24 27,1,КОРм для соБак,3,1420.24,79.76,CoMpLETeD,Ждём с нетерпением!,2024-03-06,9036039899678932
2029943422851,2024/03/16 05:46:18,алЕКСЕЙ МИХАйлоВ,+7(9261)80-02,2,иГрУШКа мЯч,1,251.05,48.95,CanCELLEd,Ждём с нетерпением!,2024/03/04,7526271603877785
2029943422851,2024/03/16 05:46:18,алЕКСЕЙ МИХАйлоВ,+7(9261)80-02,5,МоЛОкО,5,14908.1,91.9,cANCeLLed,Ждём с нетерпением!,2024/03/04,7526271603877785
2029943422851,2024/03/16 05:46:18,алЕКСЕЙ МИХАйлоВ,+7(9261)80-02,1,коРМ ДЛя СоБАк,3,1315.44,184.56,cAnCelLEd,Ждём с нетерпением!,2024/03/04,7526271603877785
2029943422851,2024/03/16 05:46:18,алЕКСЕЙ МИХАйлоВ,+7(9261)80-02,3,аМуНИЦИЯ для соБАк,2,1944.78,455.22,CanCELLed,Ждём с нетерпением!,2024/03/04,7526271603877785
2029943421328,18.03.2024 16:09,иван ИваНоВ,+7(9662)17-48,2,игРушка МЯЧ,4,990.84,209.16,CancElLED,спасибо за заказ,02.03.2024,0212058885385177
2029943421328,18.03.2024 16:09,иван ИваНоВ,+7(9662)17-48,4,пОдпиСКА На ГаЗетУ,5,2577.23,422.77,caNcelLeD,спасибо за заказ,02.03.2024,0212058885385177
2029943421328,18.03.2024 16:09,иван ИваНоВ,+7(9662)17-48,4,подПИСка НА гаЗЕту,5,2641.51,358.49,cancelleD,спасибо за заказ,02.03.2024,0212058885385177
2029943421328,18.03.2024 16:09,иван ИваНоВ,+7(9662)17-48,1,КОрм ДЛЯ собАк,1,479.45,20.55,canCeLLED,спасибо за заказ,02.03.2024,0212058885385177
2029943421328,18.03.2024 16:09,иван ИваНоВ,+7(9662)17-48,2,иГРушКа мяч,1,282.25,17.75,canCEllED,спасибо за заказ,02.03.2024,0212058885385177
2029943420279,25.03.2024 21:26,АНна смирНОвА,+7 9174 22 98,4,подпИСКА на газеТу,4,2086.95,313.05,pRocessING,Проверить наличие,12.03.2024,4761476311011210
2029943420279,25.03.2024 21:26,АНна смирНОвА,+7 9174 22 98,1,КорМ длЯ сОБАк,1,480.92,19.08,procEsSiNG,Проверить наличие,12.03.2024,4761476311011210
2029943420279,25.03.2024 21:26,АНна смирНОвА,+7 9174 22 98,1,кОРм ДЛя СобАК,3,1378.87,121.13,pRoCeSsINg,Проверить наличие,12.03.2024,4761476311011210
2029943419365,2024/03/22 17:44:55,ОльгА кУЗНеЦоВА,8(9088) 10-60,1,кОрМ ДЛЯ СОбАК,5,2151.55,348.45,cOmplEtED,Нужно уточнить сроки,15.03.2024,3846053438574744
2029943419365,2024/03/22 17:44:55,ОльгА кУЗНеЦоВА,8(9088) 10-60,5,МоЛОко,1,2483.06,516.94,comPLetEd,Нужно уточнить сроки,15.03.2024,3846053438574744
2029943419365,2024/03/22 17:44:55,ОльгА кУЗНеЦоВА,8(9088) 10-60,5,МОЛоКо,4,11035.27,964.73,compLEteD,Нужно уточнить сроки,15.03.2024,3846053438574744
2029943419365,2024/03/22 17:44:55,ОльгА кУЗНеЦоВА,8(9088) 10-60,5,МОЛоКО,1,2525.34,474.66,COmPleteD,Нужно уточнить сроки,15.03.2024,3846053438574744
2029943418936,13.03.2024 05:01,АлЕксЕй мИХАйлОв,+7 9157 61 11,1,КоРМ Для СОбАК,5,2478.07,21.93,pRocessinG,Ждём с нетерпением!,2024/03/28,7878767065288444
2029943418936,13.03.2024 05:01,АлЕксЕй мИХАйлОв,+7 9157 61 11,4,ПоДПИскА НА гАЗеТУ,1,516.48,83.52,pROcEssING,Ждём с нетерпением!,2024/03/28,7878767065288444
2029943417249,2024-03-25 13:57:18,ДМиТРий кузнецОв,8(9785) 97-30,3,АМуниЦия ДЛя сОбАк,3,3039.21,560.79,pRocEsSing,Всё отлично!,2024/03/25,0685475434528975
2029943417249,2024-03-25 13:57:18,ДМиТРий кузнецОв,8(9785) 97-30,4,пОдПискА на гАзеТУ,2,977.13,222.87,prOcEsSiNg,Всё отлично!,2024/03/25,0685475434528975
2029943416205,30.03.2024 12:07,ОЛЬГА куЗНЕцоВа,+7(9615)12-92,1,КоРм ДлЯ сОбАк,4,1640.96,359.04,CanCElLed,Проверить наличие,2024/03/12,0907813197237503
2029943416205,30.03.2024 12:07,ОЛЬГА куЗНЕцоВа,+7(9615)12-92,3,амУНиция для СОБак,2,2386.54,13.46,CANCelLed,Проверить наличие,2024/03/12,0907813197237503
2029943416205,30.03.2024 12:07,ОЛЬГА куЗНЕцоВа,+7(9615)12-92,1,кОрМ для СоБАК,3,1332.46,167.54,CanCellEd,Проверить наличие,2024/03/12,0907813197237503
2029943416205,30.03.2024 12:07,ОЛЬГА куЗНЕцоВа,+7(9615)12-92,5,МоЛоко,5,13565.45,1434.55,CanCeLLeD,Проверить наличие,2024/03/12,0907813197237503
2029943416205,30.03.2024 12:07,ОЛЬГА куЗНЕцоВа,+7(9615)12-92,2,иГРУШКа Мяч,4,1119.87,80.13,caNCElLed,Проверить наличие,2024/03/12,0907813197237503
2029943415148,11.03.2024 20:33,миХАИЛ оРЛов,+7(9273)19-05,1,КоРм дЛя СОБАК,4,1673.94,326.06,COMPLetEd,Ждём с нетерпением!,03.03.2024,1318106707521030
2029943415148,11.03.2024 20:33,миХАИЛ оРЛов,+7(9273)19-05,4,ПодПИСка на гАзеТУ,5,2651.8,348.2,CoMPleTED,Ждём с нетерпением!,03.03.2024,1318106707521030
2029943414799,09.03.2024 17:54,елена нОвиКоВА,+7(9606)97-45,4,ПОДПИскА на газЕТУ,1,556.87,43.13,PrOCESSING,подарок вовремя,2024/03/14,9336401652453586
2029943414799,09.03.2024 17:54,елена нОвиКоВА,+7(9606)97-45,1,коРм длЯ СОБаК,4,1835.9,164.1,PrOCEssiNG,подарок вовремя,2024/03/14,9336401652453586
2029943414799,09.03.2024 17:54,елена нОвиКоВА,+7(9606)97-45,1,корм для сОбаК,1,495.12,4.88,pRoCeSSing,подарок вовремя,2024/03/14,9336401652453586
2029943413470,2024/03/10 23:09:46,елЕна НОвИковА,+7(9485)56-25,5,моЛОкО,5,14547.46,452.54,pROCeSSiNg,Всё отлично!,2024-03-14,5715629212675911
2029943413470,2024/03/10 23:09:46,елЕна НОвИковА,+7(9485)56-25,2,ИгрушКА мяч,4,974.39,225.61,pRocesSiNg,Всё отлично!,2024-03-14,5715629212675911
2029943413470,2024/03/10 23:09:46,елЕна НОвИковА,+7(9485)56-25,2,иГРУшКА мяч,4,1148.89,51.11,pROcesSiNg,Всё отлично!,2024-03-14,5715629212675911
2029943412370,2024/03/08 15:15:25,ЕлЕнА новИКоВА,8(9147) 89-42,2,ИГрУШКа мЯч,3,839.65,60.35,canceLlEd,Всё отлично!,27.03.2024,9522024952207719
2029943412370,2024/03/08 15:15:25,ЕлЕнА новИКоВА,8(9147) 89-42,4,ПОдПиСкА На ГАзету,4,1925.35,474.65,CAnceLLED,Всё отлично!,27.03.2024,9522024952207719
2029943412370,2024/03/08 15:15:25,ЕлЕнА новИКоВА,8(9147) 89-42,4,поДПИСКА НА Газету,5,2667.06,332.94,canCELled,Всё отлично!,27.03.2024,9522024952207719
2029943412370,2024/03/08 15:15:25,ЕлЕнА новИКоВА,8(9147) 89-42,3,аМУНИЦИя дЛЯ СОБАК,4,4028.93,771.07,CaNcelLeD,Всё отлично!,27.03.2024,9522024952207719
2029943412370,2024/03/08 15:15:25,ЕлЕнА новИКоВА,8(9147) 89-42,2,игруШКа МЯЧ,1,241.67,58.33,canCeLLed,Всё отлично!,27.03.2024,9522024952207719
2029943411588,10.03.2024 19:19,миХаИл ОРлоВ,+7(9536)47-81,2,игруШка МяЧ,3,845.77,54.23,CoMPLetEd,"Задержка с доставкой, печалька...",2024/03/03,4382022129624956
2029943411588,10.03.2024 19:19,миХаИл ОРлоВ,+7(9536)47-81,5,МОлОКО,2,5042.45,957.55,cOMpleTED,"Задержка с доставкой, печалька...",2024/03/03,4382022129624956
2029943410560,2024-03-31 09:40:12,АЛексей МИХАйлов,+7 9884 15 32,5,молОко,4,11699.65,300.35,cOmpletEd,Ждём с нетерпением!,2024-03-16,5119975374141063
2029943410560,2024-03-31 09:40:12,АЛексей МИХАйлов,+7 9884 15 32,2,ИгрушкА Мяч,1,242.62,57.38,CoMPLEtEd,Ждём с нетерпением!,2024-03-16,5119975374141063
2029943410560,2024-03-31 09:40:12,АЛексей МИХАйлов,+7 9884 15 32,3,аМуНИцИя дЛя СОБАк,3,3266.23,333.77,coMplETeD,Ждём с нетерпением!,2024-03-16,5119975374141063
2029943410560,2024-03-31 09:40:12,АЛексей МИХАйлов,+7 9884 15 32,4,пОДПИСКа На ГАЗету,4,2388.16,11.84,COMpleTED,Ждём с нетерпением!,2024-03-16,5119975374141063
2029943410560,2024-03-31 09:40:12,АЛексей МИХАйлов,+7 9884 15 32,1,коРМ ДлЯ СОбак,1,409.91,90.09,compLeTed,Ждём с нетерпением!,2024-03-16,5119975374141063
2029943409760,2024/03/11 20:55:53,мИХАИл орЛОВ,+7(9127)99-51,5,мОлоКо,3,7981.73,1018.27,prOCEssINg,Ждём с нетерпением!,14.03.2024,8681348084146547
2029943408902,2024-03-12 10:09:11,ИваН иваноВ,+7(9071)61-22,3,АмунИЦИЯ ДЛЯ СобАк,3,3312.67,287.33,PRoCESsiNg,Проверить наличие,2024-03-03,3434169820956248
2029943408902,2024-03-12 10:09:11,ИваН иваноВ,+7(9071)61-22,5,молОКо,5,14524.19,475.81,proCESSInG,Проверить наличие,2024-03-03,3434169820956248
2029943407830,2024/03/09 21:25:39,нАтаЛЬЯ ВасиЛЬеВа,+7 9953 91 16,1,КорМ ДЛЯ сОБаК,3,1400.31,99.69,cANcELlED,подарок вовремя,2024/03/24,2996235133693312
2029943407830,2024/03/09 21:25:39,нАтаЛЬЯ ВасиЛЬеВа,+7 9953 91 16,4,пОДписКА на гаЗеТУ,4,1940.79,459.21,cANcElLed,подарок вовремя,2024/03/24,2996235133693312
2029943407830,2024/03/09 21:25:39,нАтаЛЬЯ ВасиЛЬеВа,+7 9953 91 16,1,КОрМ Для собаК,2,811.36,188.64,CaNcElLED,подарок вовремя,2024/03/24,2996235133693312
2029943407830,2024/03/09 21:25:39,нАтаЛЬЯ ВасиЛЬеВа,+7 9953 91 16,2,ИгРУШКа мЯч,1,271.61,28.39,caNCELLed,подарок вовремя,2024/03/24,2996235133693312
2029943407830,2024/03/09 21:25:39,нАтаЛЬЯ ВасиЛЬеВа,+7 9953 91 16,1,КорМ дЛя соБАк,4,1609.3,390.7,CaNCELlED,подарок вовремя,2024/03/24,2996235133693312
2029943406852,2024/03/28 01:05:42,АЛЕкСЕЙ мИхайлов,+7 9130 28 64,1,кОРМ ДЛЯ собАк,5,2062.87,437.13,COMpLETed,спасибо за заказ,2024/03/20,1300378922353843
2029943406852,2024/03/28 01:05:42,АЛЕкСЕЙ мИхайлов,+7 9130 28 64,1,кОРм дЛя СоБак,5,2333.23,166.77,COMPLETed,спасибо за заказ,2024/03/20,1300378922353843
2029943406852,2024/03/28 01:05:42,АЛЕкСЕЙ мИхайлов,+7 9130 28 64,5,МоЛоко,5,12270.05,2729.95,COmpLETED,спасибо за заказ,2024/03/20,1300378922353843
2029943405905,2024-03-31 20:00:49,ольга КуЗнЕЦоВа,8(9425) 92-74,4,подПИСка на гАЗЕТУ,2,1083.46,116.54,PROCEssinG,Ждём с нетерпением!,10.03.2024,1024286344458544
2029943404968,06.03.2024 05:39,иВАн иВАнов,8(9450) 73-43,4,ПоДпискА на гАЗету,1,510.9,89.1,CanCelLeD,Всё отлично!,2024/03/13,6764147757914828
2029943404968,06.03.2024 05:39,иВАн иВАнов,8(9450) 73-43,4,ПОдпИСКа На ГАЗеТУ,3,1617.21,182.79,caNcElLEd,Всё отлично!,2024/03/13,6764147757914828
2029943404968,06.03.2024 05:39,иВАн иВАнов,8(9450) 73-43,4,ПОдпИСка нА газЕТу,4,2209.83,190.17,CanCElled,Всё отлично!,2024/03/13,6764147757914828
2029943404968,06.03.2024 05:39,иВАн иВАнов,8(9450) 73-43,3,АМуНиЦия дЛя собАК,1,993.14,206.86,caNcelled,Всё отлично!,2024/03/13,6764147757914828
2029943403123,2024/03/13 01:22:00,мИхАИл ОрЛОВ,+7 9011 13 73,5,МОлоКО,2,4818.63,1181.37,PROCeSsIng,Проверить наличие,2024/03/03,3282643967193871
2029943403123,2024/03/13 01:22:00,мИхАИл ОрЛОВ,+7 9011 13 73,4,подпиСКа на ГазЕТУ,3,1703.6,96.4,PrOCESsiNG,Проверить наличие,2024/03/03,3282643967193871
2029943403123,2024/03/13 01:22:00,мИхАИл ОрЛОВ,+7 9011 13 73,5,МоЛоКо,3,7656.32,1343.68,pRoCessING,Проверить наличие,2024/03/03,3282643967193871
2029943403123,2024/03/13 01:22:00,мИхАИл ОрЛОВ,+7 9011 13 73,3,АмУниция Для сОБАк,5,5498.23,501.77,prOCESsiNg,Проверить наличие,2024/03/03,3282643967193871
2029943402661,02.03.2024 10:11,МихАил оРЛоВ,8(9782) 44-80,3,АмУНИЦИЯ для СоБак,2,2279.82,120.18,PROCESSING,подарок вовремя,12.03.2024,7394319015847847
2029943402661,02.03.2024 10:11,МихАил оРЛоВ,8(9782) 44-80,4,ПодпиСКа На ГАЗЕтУ,1,565.33,34.67,prOcessING,подарок вовремя,12.03.2024,7394319015847847
2029943402661,02.03.2024 10:11,МихАил оРЛоВ,8(9782) 44-80,4,ПоДпИсКа На ГАЗеТу,1,539.01,60.99,PrOCESsInG,подарок вовремя,12.03.2024,7394319015847847
2029943401984,2024/03/15 01:56:33,ДмитрИЙ кУЗнеЦОВ,+7 9506 54 91,4,ПОДпиСкА НА газету,5,2400.42,599.58,cAnCellEd,Проверить наличие,2024-03-24,1757401979024532
2029943401984,2024/03/15 01:56:33,ДмитрИЙ кУЗнеЦОВ,+7 9506 54 91,2,игРУШКА мяч,3,727.73,172.27,CAnCeLLed,Проверить наличие,2024-03-24,1757401979024532
2029943400966,2024/03/06 00:27:26,ИВан ИваНов,+7(9623)82-92,3,АмУнИЦиЯ ДлЯ соБаК,5,4826.64,1173.36,PROCeSSiNG,Ждём с нетерпением!,2024/03/10,1449923090842183
2029943400966,2024/03/06 00:27:26,ИВан ИваНов,+7(9623)82-92,4,ПоДПиСКа На ГАЗеТу,4,2374.21,25.79,pRoCESsIng,Ждём с нетерпением!,2024/03/10,1449923090842183
2029943400966,2024/03/06 00:27:26,ИВан ИваНов,+7(9623)82-92,1,КОРм ДЛЯ СОБАК,3,1495.67,4.33,proceSsiNG,Ждём с нетерпением!,2024/03/10,1449923090842183
2029943400966,2024/03/06 00:27:26,ИВан ИваНов,+7(9623)82-92,2,ИгРушка мЯч,1,288.07,11.93,pRocesSinG,Ждём с нетерпением!,2024/03/10,1449923090842183
2029943400966,2024/03/06 00:27:26,ИВан ИваНов,+7(9623)82-92,4,Подписка нА ГаЗЕту,4,2020.55,379.45,PrOCESsinG,Ждём с нетерпением!,2024/03/10,1449923090842183
2029943399547,2024-03-27 20:36:00,мария пеТРОва,+7 9617 85 16,4,ПоДПИСКА нА ГаЗеТу,1,499.34,100.66,PrOcesSIng,Ждём с нетерпением!,11.03.2024,9340038602216015
2029943398711,2024/03/12 10:00:03,дМиТрИй кузНЕцоВ,8(9702) 89-01,3,аМуНИциЯ Для сОБаК,5,4825.83,1174.17,cAnceLleD,"Задержка с доставкой, печалька...",2024-03-18,8325118560879583
2029943397635,2024-03-24 12:10:38,елеНа ноВикОВА,+7(9128)00-51,5,моЛОко,4,10844.5,1155.5,pRoceSsiNg,Проверить наличие,2024/03/22,6897426230128587
2029943397635,2024-03-24 12:10:38,елеНа ноВикОВА,+7(9128)00-51,5,Молоко,1,2432.76,567.24,PrOCeSsING,Проверить наличие,2024/03/22,6897426230128587
2029943397635,2024-03-24 12:10:38,елеНа ноВикОВА,+7(9128)00-51,1,КОРМ для СОБаК,4,1627.44,372.56,ProCeSsinG,Проверить наличие,2024/03/22,6897426230128587
2029943397635,2024-03-24 12:10:38,елеНа ноВикОВА,+7(9128)00-51,2,ИГрУшКа МЯЧ,1,286.51,13.49,ProCESsINg,Проверить наличие,2024/03/22,6897426230128587
2029943397635,2024-03-24 12:10:38,елеНа ноВикОВА,+7(9128)00-51,3,АМУниция ДЛя сОбаК,3,3525.41,74.59,pRoceSsiNg,Проверить наличие,2024/03/22,6897426230128587
2029943396397,2024-03-07 21:49:07,дМитрИЙ куЗНеЦОв,+7 9951 41 34,5,МОлокО,1,2630.78,369.22,cancELLeD,Ждём с нетерпением!,07.03.2024,1610845331776783
2029943396397,2024-03-07 21:49:07,дМитрИЙ куЗНеЦОв,+7 9951 41 34,5,МоЛОкО,1,2796.88,203.12,CanCELLEd,Ждём с нетерпением!,07.03.2024,1610845331776783
2029943396397,2024-03-07 21:49:07,дМитрИЙ куЗНеЦОв,+7 9951 41 34,5,молОКО,5,12201.38,2798.62,caNcelleD,Ждём с нетерпением!,07.03.2024,1610845331776783
2029943396397,2024-03-07 21:49:07,дМитрИЙ куЗНеЦОв,+7 9951 41 34,1,Корм дЛЯ сОбаК,3,1440.91,59.09,cANceLlED,Ждём с нетерпением!,07.03.2024,1610845331776783
2029943395334,28.03.2024 06:07,анНа сМиРНОвА,+7 9804 35 19,1,коРм Для СоБАк,4,1901.72,98.28,cOMpLEtEd,Нужно уточнить сроки,19.03.2024,9896902601600266
2029943395334,28.03.2024 06:07,анНа сМиРНОвА,+7 9804 35 19,1,корМ ДЛя сОБАК,2,808.16,191.84,ComPLetED,Нужно уточнить сроки,19.03.2024,9896902601600266
2029943395334,28.03.2024 06:07,анНа сМиРНОвА,+7 9804 35 19,5,мОЛОКО,4,9810.45,2189.55,COmPletEd,Нужно уточнить сроки,19.03.2024,9896902601600266
2029943395334,28.03.2024 06:07,анНа сМиРНОвА,+7 9804 35 19,2,иГрУШКа мЯч,5,1381.77,118.23,compLeTeD,Нужно уточнить сроки,19.03.2024,9896902601600266
2029943395334,28.03.2024 06:07,анНа сМиРНОвА,+7 9804 35 19,2,ИГРУшка мяч,5,1233.73,266.27,ComPleteD,Нужно уточнить сроки,19.03.2024,9896902601600266
2029943394195,2024-03-07 03:47:42,дмиТриЙ КуЗнЕцОв,+7 9276 48 11,5,мОЛОКо,2,4884.01,1115.99,pRoCESsiNg,Ждём с нетерпением!,2024-03-24,1442381989699560
2029943394195,2024-03-07 03:47:42,дмиТриЙ КуЗнЕцОв,+7 9276 48 11,5,мОлОкО,4,10092.34,1907.66,prOcEssIng,Ждём с нетерпением!,2024-03-24,1442381989699560
2029943393114,2024-03-01 07:22:46,елена ноВикова,+7 9546 27 58,2,иГРУШкА МяЧ,4,1002.15,197.85,COMPlETED,спасибо за заказ,09.03.2024,0872442756688983
2029943393114,2024-03-01 07:22:46,елена ноВикова,+7 9546 27 58,4,пОДписка на ГазЕту,5,2954.44,45.56,CompLETED,спасибо за заказ,09.03.2024,0872442756688983
2029943393114,2024-03-01 07:22:46,елена ноВикова,+7 9546 27 58,4,пОДПИСкА НА гАЗетУ,4,2235.21,164.79,ComplETed,спасибо за заказ,09.03.2024,0872442756688983
2029943393114,2024-03-01 07:22:46,елена ноВикова,+7 9546 27 58,5,молоКО,3,8491.96,508.04,compLEtED,спасибо за заказ,09.03.2024,0872442756688983
2029943393114,2024-03-01 07:22:46,елена ноВикова,+7 9546 27 58,3,АмунИция для сОбаК,4,3896.02,903.98,CompLETEd,спасибо за заказ,09.03.2024,0872442756688983
2029943392477,2024/03/16 17:00:48,олЬГа кузНеЦоВА,+7(9749)02-85,5,МОлОКо,3,8112.93,887.07,pRoCeSSINg,Проверить наличие,05.03.2024,0369726106403401
2029943392477,2024/03/16 17:00:48,олЬГа кузНеЦоВА,+7(9749)02-85,2,ИГРушка мяЧ,2,541.03,58.97,prOCEssInG,Проверить наличие,05.03.2024,0369726106403401
2029943392477,2024/03/16 17:00:48,олЬГа кузНеЦоВА,+7(9749)02-85,1,коРм для СоБак,3,1349.02,150.98,pROCESSinG,Проверить наличие,05.03.2024,0369726106403401
2029943392477,2024/03/16 17:00:48,олЬГа кузНеЦоВА,+7(9749)02-85,2,игРуШкА мяЧ,5,1266.44,233.56,procESsING,Проверить наличие,05.03.2024,0369726106403401
2029943391594,18.03.2024 05:53,НаТАЛьЯ васИЛЬЕВа,8(9328) 49-75,2,ИгРУШкА мЯЧ,2,486.96,113.04,ComPLeTeD,Нужно уточнить сроки,08.03.2024,1730304837624799
2029943391594,18.03.2024 05:53,НаТАЛьЯ васИЛЬЕВа,8(9328) 49-75,2,игрУШКА МЯЧ,2,499.6,100.4,cOmpleTeD,Нужно уточнить сроки,08.03.2024,1730304837624799
2029943390497,28.03.2024 02:37,СЕрГеЙ сидОРоВ,8(9070) 16-04,4,поДПИСКа нА ГазЕту,5,2582.47,417.53,CAnCElleD,подарок вовремя,26.03.2024,3372989697909626
2029943390497,28.03.2024 02:37,СЕрГеЙ сидОРоВ,8(9070) 16-04,5,молОКО,2,5783.59,216.41,cANcelLED,подарок вовремя,26.03.2024,3372989697909626
2029943390497,28.03.2024 02:37,СЕрГеЙ сидОРоВ,8(9070) 16-04,1,КорМ дЛя СоБАк,2,883.92,116.08,cANcELLeD,подарок вовремя,26.03.2024,3372989697909626
2029943390497,28.03.2024 02:37,СЕрГеЙ сидОРоВ,8(9070) 16-04,2,ИгрушКА мЯч,1,262.64,37.36,CAnceLLED,подарок вовремя,26.03.2024,3372989697909626
2029943390497,28.03.2024 02:37,СЕрГеЙ сидОРоВ,8(9070) 16-04,5,МОЛОКо,1,2516.16,483.84,canceLlEd,подарок вовремя,26.03.2024,3372989697909626
2029943389782,2024-03-27 06:24:02,оЛЬГа КуЗНецовА,+7(9302)75-48,5,МОЛоКо,1,2772.56,227.44,cOMPleteD,Нужно уточнить сроки,2024-03-17,6519850386053678
2029943389782,2024-03-27 06:24:02,оЛЬГа КуЗНецовА,+7(9302)75-48,3,аМУНиция дЛя собАк,1,990.65,209.35,ComPlETEd,Нужно уточнить сроки,2024-03-17,6519850386053678
2029943388997,2024-03-09 13:37:38,ДМИТРИй кУзнеЦОВ,+7(9024)27-85,1,кОрМ Для собАк,4,1932.55,67.45,CAncElLed,Всё отлично!,2024/03/05,0274825874398970
2029943388997,2024-03-09 13:37:38,ДМИТРИй кУзнеЦОВ,+7(9024)27-85,2,ИгРУШкА мЯч,2,524.58,75.42,CaNcellED,Всё отлично!,2024/03/05,0274825874398970
2029943388997,2024-03-09 13:37:38,ДМИТРИй кУзнеЦОВ,+7(9024)27-85,5,МоЛоКО,1,2628.8,371.2,cAncElLed,Всё отлично!,2024/03/05,0274825874398970
2029943387977,2024/03/01 17:29:11,дМиТрИй кузНЕЦоВ,8(9978) 76-86,5,молоКо,1,2984.03,15.97,PrOCessINg,"Задержка с доставкой, печалька...",22.03.2024,7765088673845710
2029943387977,2024/03/01 17:29:11,дМиТрИй кузНЕЦоВ,8(9978) 76-86,2,игРУшКа МяЧ,4,997.8,202.2,proCeSSing,"Задержка с доставкой, печалька...",22.03.2024,7765088673845710
2029943387977,2024/03/01 17:29:11,дМиТрИй кузНЕЦоВ,8(9978) 76-86,3,амУнИциЯ дЛЯ собак,3,2961.2,638.8,pROcesSIng,"Задержка с доставкой, печалька...",22.03.2024,7765088673845710
2029943386555,2024-03-29 04:57:20,АЛЕкСеЙ МиХАйлОВ,+7 9741 94 01,5,МОлокО,4,11417.19,582.81,CaNcElleD,подарок вовремя,31.03.2024,7757927538039377
2029943386555,2024-03-29 04:57:20,АЛЕкСеЙ МиХАйлОВ,+7 9741 94 01,1,кОрМ длЯ соБаК,2,994.0,6.0,CAnceLLed,подарок вовремя,31.03.2024,7757927538039377
2029943386555,2024-03-29 04:57:20,АЛЕкСеЙ МиХАйлОВ,+7 9741 94 01,1,корМ дЛЯ СОБаК,4,1998.65,1.35,CaNcELled,подарок вовремя,31.03.2024,7757927538039377
2029943386555,2024-03-29 04:57:20,АЛЕкСеЙ МиХАйлОВ,+7 9741 94 01,3,амуниЦИя ДЛЯ СОбАК,3,3388.55,211.45,caNCellEd,подарок вовремя,31.03.2024,7757927538039377
2029943386555,2024-03-29 04:57:20,АЛЕкСеЙ МиХАйлОВ,+7 9741 94 01,4,ПодпиСКа на ГазеТу,2,1149.17,50.83,CANCELLED,подарок вовремя,31.03.2024,7757927538039377
2029943385761,2024-03-24 08:24:08,НаТАльЯ ВасильЕва,+7(9276)98-27,4,пОДПИСКА на ГАЗеТу,3,1477.08,322.92,CoMpLeTeD,спасибо за заказ,02.03.2024,8812998103156181
2029943385761,2024-03-24 08:24:08,НаТАльЯ ВасильЕва,+7(9276)98-27,5,мОЛоКо,4,11895.49,104.51,COMpletED,спасибо за заказ,02.03.2024,8812998103156181
2029943385761,2024-03-24 08:24:08,НаТАльЯ ВасильЕва,+7(9276)98-27,5,МолОко,4,11125.87,874.13,coMPLETEd,спасибо за заказ,02.03.2024,8812998103156181
2029943384318,2024-03-29 23:28:13,ДМИтрИй КУЗНЕЦОВ,+7 9639 17 64,2,ИГрУшка МяЧ,5,1414.22,85.78,cANcellEd,"Задержка с доставкой, печалька...",2024-03-16,5989919864073077
2029943384318,2024-03-29 23:28:13,ДМИтрИй КУЗНЕЦОВ,+7 9639 17 64,2,ИгРуШка МЯЧ,3,831.3,68.7,cANcElLED,"Задержка с доставкой, печалька...",2024-03-16,5989919864073077
2029943383504,2024/03/13 13:14:05,иВАн ИвАНОв,+7(9013)87-96,5,молОКо,2,5423.62,576.38,PRocESsIng,спасибо за заказ,2024-03-06,6069980331484609
2029943382897,2024/03/17 19:40:39,наТАЛьЯ ВаСиЛЬЕвА,+7(9365)19-69,5,МОЛокО,2,5492.35,507.65,cancElLED,"Задержка с доставкой, печалька...",2024-03-03,8312294956749649
2029943382897,2024/03/17 19:40:39,наТАЛьЯ ВаСиЛЬЕвА,+7(9365)19-69,5,МОлоко,2,5639.39,360.61,CanCelLEd,"Задержка с доставкой, печалька...",2024-03-03,8312294956749649
2029943381325,2024-03-18 17:36:25,СЕРгЕй сидОроВ,8(9713) 76-77,2,ИГРушКа МЯч,3,855.6,44.4,cOMPlEteD,Проверить наличие,2024/03/18,5372798827450772
2029943381325,2024-03-18 17:36:25,СЕРгЕй сидОроВ,8(9713) 76-77,1,КоРМ ДлЯ соБак,2,888.26,111.74,comPleTEd,Проверить наличие,2024/03/18,5372798827450772
2029943380975,2024/03/21 05:33:29,ЕЛена НОВИкоВа,+7 9818 30 37,2,игруШкА Мяч,2,598.31,1.69,complETeD,Ждём с нетерпением!,19.03.2024,5116054852631340
2029943380975,2024/03/21 05:33:29,ЕЛена НОВИкоВа,+7 9818 30 37,2,ИгрУШКА МяЧ,3,821.31,78.69,COMPLETED,Ждём с нетерпением!,19.03.2024,5116054852631340
2029943380975,2024/03/21 05:33:29,ЕЛена НОВИкоВа,+7 9818 30 37,1,кОрМ ДлЯ собак,4,1820.16,179.84,COMplEtED,Ждём с нетерпением!,19.03.2024,5116054852631340
2029943380975,2024/03/21 05:33:29,ЕЛена НОВИкоВа,+7 9818 30 37,4,подПисКа нА ГаЗЕтУ,4,2137.34,262.66,COMpLeTEd,Ждём с нетерпением!,19.03.2024,5116054852631340
2029943379659,2024/03/20 04:48:02,ивАН ИВаНОВ,+7(9652)54-41,5,МолоКО,2,5228.34,771.66,CAnCEllED,Всё отлично!,22.03.2024,0727833870283000
2029943379659,2024/03/20 04:48:02,ивАН ИВаНОВ,+7(9652)54-41,5,МОлОКо,1,2977.83,22.17,CaNCelLED,Всё отлично!,22.03.2024,0727833870283000
2029943378744,2024-03-04 23:22:52,нАТаЛЬя ВАСИЛьЕвА,+7(9344)71-04,2,иГРУШкА Мяч,4,1157.22,42.78,CompleteD,Нужно уточнить сроки,2024-03-22,9225806190584644
2029943378744,2024-03-04 23:22:52,нАТаЛЬя ВАСИЛьЕвА,+7(9344)71-04,4,ПоДПИСКа на гаЗетУ,5,2697.81,302.19,cOmPLeTED,Нужно уточнить сроки,2024-03-22,9225806190584644
2029943377782,2024/03/28 07:26:29,МИхаИл орлоВ,+7 9420 59 66,1,коРм для сОБаК,1,481.04,18.96,PRocessing,подарок вовремя,29.03.2024,3338052802702536
2029943377782,2024/03/28 07:26:29,МИхаИл орлоВ,+7 9420 59 66,4,поДпиСКа На ГАзеТу,2,1018.85,181.15,pROceSsInG,подарок вовремя,29.03.2024,3338052802702536
2029943377782,2024/03/28 07:26:29,МИхаИл орлоВ,+7 9420 59 66,4,пОДПиска На гаЗеТу,2,1007.74,192.26,ProcEsSing,подарок вовремя,29.03.2024,3338052802702536
2029943377782,2024/03/28 07:26:29,МИхаИл орлоВ,+7 9420 59 66,5,МОЛоко,1,2644.48,355.52,ProCeSsinG,подарок вовремя,29.03.2024,3338052802702536
2029943376914,2024-03-06 05:57:54,дМИтриЙ кУЗНЕЦОв,+7(9278)33-06,4,подпИска на ГАзЕТу,3,1535.79,264.21,coMPleted,Всё отлично!,2024-03-20,1453547540549379
2029943376914,2024-03-06 05:57:54,дМИтриЙ кУЗНЕЦОв,+7(9278)33-06,1,КОРМ Для сОбАК,4,1820.47,179.53,cOmPLeteD,Всё отлично!,2024-03-20,1453547540549379
2029943376914,2024-03-06 05:57:54,дМИтриЙ кУЗНЕЦОв,+7(9278)33-06,5,мОлоко,5,14544.79,455.21,CompleteD,Всё отлично!,2024-03-20,1453547540549379
2029943375892,2024/03/25 20:56:54,аЛеКсей миХАйлов,8(9865) 91-27,1,КОРм ДлЯ СоБАк,1,415.15,84.85,procEsSINg,Всё отлично!,2024-03-31,6744214272586694
2029943375892,2024/03/25 20:56:54,аЛеКсей миХАйлов,8(9865) 91-27,1,корм ДЛЯ СОбАК,2,827.21,172.79,pRoCessiNg,Всё отлично!,2024-03-31,6744214272586694
2029943375892,2024/03/25 20:56:54,аЛеКсей миХАйлов,8(9865) 91-27,5,МОлОко,1,2600.06,399.94,PrOcESSiNG,Всё отлично!,2024-03-31,6744214272586694
2029943375892,2024/03/25 20:56:54,аЛеКсей миХАйлов,8(9865) 91-27,1,КОРМ длЯ собАк,1,420.59,79.41,PROCessiNg,Всё отлично!,2024-03-31,6744214272586694
2029943375892,2024/03/25 20:56:54,аЛеКсей миХАйлов,8(9865) 91-27,1,КОрм ДЛЯ сОБАк,4,1772.0,228.0,ProCESSInG,Всё отлично!,2024-03-31,6744214272586694
2029943374707,2024/03/04 06:42:28,еЛЕнА ноВИкова,8(9380) 34-62,5,МОЛоко,4,11272.61,727.39,caNCelleD,"Задержка с доставкой, печалька...",2024-03-09,2672417485506424
2029943374707,2024/03/04 06:42:28,еЛЕнА ноВИкова,8(9380) 34-62,2,иГрУшКа МяЧ,4,1023.63,176.37,caNcEllEd,"Задержка с доставкой, печалька...",2024-03-09,2672417485506424
2029943374707,2024/03/04 06:42:28,еЛЕнА ноВИкова,8(9380) 34-62,5,молОко,5,12339.71,2660.29,cANCelLed,"Задержка с доставкой, печалька...",2024-03-09,2672417485506424
2029943374707,2024/03/04 06:42:28,еЛЕнА ноВИкова,8(9380) 34-62,4,поДПиСКа на ГаЗеТу,1,564.26,35.74,cAnCElLED,"Задержка с доставкой, печалька...",2024-03-09,2672417485506424
2029943374707,2024/03/04 06:42:28,еЛЕнА ноВИкова,8(9380) 34-62,3,амунИцИЯ ДлЯ СобАК,2,2383.97,16.03,CaNCelLeD,"Задержка с доставкой, печалька...",2024-03-09,2672417485506424
2029943373336,2024-03-14 01:44:05,МихаИл оРлоВ,+7(9686)64-99,4,ПОдПИСКа На ГаЗетУ,5,2809.01,190.99,PRoCEsSing,Всё отлично!,18.03.2024,9672748067250214
2029943373336,2024-03-14 01:44:05,МихаИл оРлоВ,+7(9686)64-99,4,ПОдПиСКА НА ГазеТу,1,599.33,0.67,PRocESSING,Всё отлично!,18.03.2024,9672748067250214
2029943373336,2024-03-14 01:44:05,МихаИл оРлоВ,+7(9686)64-99,3,АмУниЦиЯ ДЛЯ соБАк,3,3363.26,236.74,pROcEssiNg,Всё отлично!,18.03.2024,9672748067250214
2029943373336,2024-03-14 01:44:05,МихаИл оРлоВ,+7(9686)64-99,4,ПОдПиСКА На ГазетУ,5,2987.17,12.83,pRocESsIng,Всё отлично!,18.03.2024,9672748067250214
2029943372641,2024/03/04 12:34:02,Наталья ВАСИльевА,8(9658) 56-28,3,амуНиЦИЯ Для соБАк,4,3916.54,883.46,PROceSsInG,спасибо за заказ,2024/03/16,5147996709739828
2029943371396,2024/03/04 08:01:38,ольГа кУзНеЦОва,8(9977) 02-93,3,амуНИЦиЯ ДлЯ соБаК,3,3576.45,23.55,ComPLetED,"Задержка с доставкой, печалька...",2024-03-28,0195674118765279
2029943371396,2024/03/04 08:01:38,ольГа кУзНеЦОва,8(9977) 02-93,3,АМУНИциЯ длЯ СОбак,1,1124.35,75.65,completed,"Задержка с доставкой, печалька...",2024-03-28,0195674118765279
2029943370195,15.03.2024 15:31,елеНА нОВИкОВа,+7 9741 35 86,2,ИгРуШка мЯч,5,1276.21,223.79,caNCelleD,Всё отлично!,2024/03/27,4092953493652513
2029943370195,15.03.2024 15:31,елеНА нОВИкОВа,+7 9741 35 86,4,ПоДпИсКа НА ГазЕТу,3,1444.15,355.85,CaNcELlED,Всё отлично!,2024/03/27,4092953493652513
2029943370195,15.03.2024 15:31,елеНА нОВИкОВа,+7 9741 35 86,5,МОЛокО,3,7467.52,1532.48,CANCelLEd,Всё отлично!,2024/03/27,4092953493652513
2029943370195,15.03.2024 15:31,елеНА нОВИкОВа,+7 9741 35 86,5,МОлоко,1,2421.71,578.29,CaNCellEd,Всё отлично!,2024/03/27,4092953493652513
2029943370195,15.03.2024 15:31,елеНА нОВИкОВа,+7 9741 35 86,5,МОлОкО,5,13749.35,1250.65,cAncelLED,Всё отлично!,2024/03/27,4092953493652513
2029943369146,2024-03-23 03:58:26,АнНа СмИрНОВа,+7 9271 05 88,5,моЛоКо,3,8219.29,780.71,CaNceLleD,подарок вовремя,2024/03/23,1973646116540417
2029943369146,2024-03-23 03:58:26,АнНа СмИрНОВа,+7 9271 05 88,3,АМуниция Для сОбак,5,4806.08,1193.92,CAncELLED,подарок вовремя,2024/03/23,1973646116540417
2029943369146,2024-03-23 03:58:26,АнНа СмИрНОВа,+7 9271 05 88,4,ПодпИсКа НА ГазеТУ,1,573.3,26.7,CANcEllED,подарок вовремя,2024/03/23,1973646116540417
2029943368346,21.03.2024 01:08,Иван ИванОВ,8(9523) 01-72,3,АмунИЦиЯ ДЛя собаК,2,2158.15,241.85,COmpleted,спасибо за заказ,2024-03-24,6178135342554733
2029943368346,21.03.2024 01:08,Иван ИванОВ,8(9523) 01-72,1,кОрм Для СоБАК,4,1865.1,134.9,cOmpLETEd,спасибо за заказ,2024-03-24,6178135342554733
2029943368346,21.03.2024 01:08,Иван ИванОВ,8(9523) 01-72,3,АмУнИцИя для СоБак,3,3146.05,453.95,cOMplEtED,спасибо за заказ,2024-03-24,6178135342554733
2029943368346,21.03.2024 01:08,Иван ИванОВ,8(9523) 01-72,1,КоРМ длЯ собак,2,985.35,14.65,coMPLeTEd,спасибо за заказ,2024-03-24,6178135342554733
2029943367726,2024-03-18 04:29:24,иВАН ИВАнОв,+7(9069)19-77,3,амуНИциЯ для сОБАК,3,3405.05,194.95,caNCElLED,Проверить наличие,03.03.2024,3954064645370632
2029943367726,2024-03-18 04:29:24,иВАН ИВАнОв,+7(9069)19-77,1,КОрм ДЛя СОбАк,4,1804.4,195.6,CanceLled,Проверить наличие,03.03.2024,3954064645370632
2029943366915,2024/03/22 02:46:12,дМИтРИй кУзнЕЦоВ,+7(9022)72-96,4,ПОДпИсКа НА гАЗЕту,4,2174.49,225.51,CancElLED,Нужно уточнить сроки,17.03.2024,0838850283943296
2029943366915,2024/03/22 02:46:12,дМИтРИй кУзнЕЦоВ,+7(9022)72-96,1,КОрм ДЛЯ сОБак,2,878.12,121.88,CaNCelLed,Нужно уточнить сроки,17.03.2024,0838850283943296
2029943366915,2024/03/22 02:46:12,дМИтРИй кУзнЕЦоВ,+7(9022)72-96,1,КОРМ ДЛя сОБАк,1,465.23,34.77,CANcElLeD,Нужно уточнить сроки,17.03.2024,0838850283943296
2029943365475,2024-03-12 14:06:45,анна СмирНОВА,+7(9126)70-85,5,молокО,3,8301.54,698.46,comPLEtED,спасибо за заказ,05.03.2024,3633391022439279
2029943365475,2024-03-12 14:06:45,анна СмирНОВА,+7(9126)70-85,2,иГрУШКА МЯч,2,546.81,53.19,compleTed,спасибо за заказ,05.03.2024,3633391022439279
2029943365475,2024-03-12 14:06:45,анна СмирНОВА,+7(9126)70-85,3,аМУНиЦия ДЛЯ СОбак,3,3306.32,293.68,cOMPLEted,спасибо за заказ,05.03.2024,3633391022439279
2029943365475,2024-03-12 14:06:45,анна СмирНОВА,+7(9126)70-85,1,коРМ ДЛЯ соБАК,4,1814.72,185.28,comPLeted,спасибо за заказ,05.03.2024,3633391022439279
2029943364767,2024-03-27 14:01:36,НАТаЛЬЯ вАсилЬеВА,+7 9732 92 14,5,МоЛОкО,1,2975.09,24.91,PrOCESsiNg,"Задержка с доставкой, печалька...",2024/03/26,4331877193887221
2029943364767,2024-03-27 14:01:36,НАТаЛЬЯ вАсилЬеВА,+7 9732 92 14,3,амунИция ДЛЯ собАк,2,2252.62,147.38,proceSSING,"Задержка с доставкой, печалька...",2024/03/26,4331877193887221
2029943363613,2024/03/24 19:20:49,МИхАил ОРлов,8(9234) 91-12,3,амУНиция ДЛЯ СоБАк,4,4025.76,774.24,canCeLlEd,Нужно уточнить сроки,03.03.2024,9125030078432384
2029943363613,2024/03/24 19:20:49,МИхАил ОРлов,8(9234) 91-12,3,АМУНицИЯ для собАК,4,4786.24,13.76,CaNCEllEd,Нужно уточнить сроки,03.03.2024,9125030078432384
2029943362276,2024/03/28 04:33:01,анНа сМИрнОва,8(9648) 25-60,3,аМУНИЦиЯ ДлЯ СОбАк,5,5192.78,807.22,CANCElLed,подарок вовремя,07.03.2024,8140948073254598
2029943362276,2024/03/28 04:33:01,анНа сМИрнОва,8(9648) 25-60,5,МоЛОкО,1,2925.03,74.97,cAncellEd,подарок вовремя,07.03.2024,8140948073254598
2029943362276,2024/03/28 04:33:01,анНа сМИрнОва,8(9648) 25-60,3,амУНИЦИЯ ДЛя СоБАк,2,2086.54,313.46,caNCELLEd,подарок вовремя,07.03.2024,8140948073254598
2029943362276,2024/03/28 04:33:01,анНа сМИрнОва,8(9648) 25-60,5,мОлоко,3,7430.59,1569.41,CancELLeD,подарок вовремя,07.03.2024,8140948073254598
2029943361247,2024/03/28 18:00:13,АНна СмИрНова,+7(9564)36-92,5,МОЛОКО,1,2472.55,527.45,coMPleted,спасибо за заказ,2024/03/15,4534743071437493
2029943360276,10.03.2024 17:12,анНА смИрНоВА,8(9488) 38-00,2,ИГруШКА мЯЧ,4,1005.82,194.18,PrOcEssiNG,Всё отлично!,2024-03-10,0303220614183256
2029943360276,10.03.2024 17:12,анНА смИрНоВА,8(9488) 38-00,1,КОРМ ДлЯ Собак,4,1752.63,247.37,prOCESSING,Всё отлично!,2024-03-10,0303220614183256
2029943360276,10.03.2024 17:12,анНА смИрНоВА,8(9488) 38-00,1,КОРМ ДЛя СОбАК,2,965.82,34.18,PROCeSsiNg,Всё отлично!,2024-03-10,0303220614183256
2029943360276,10.03.2024 17:12,анНА смИрНоВА,8(9488) 38-00,4,поДпИСкА НА газетУ,1,584.43,15.57,PROCEsSing,Всё отлично!,2024-03-10,0303220614183256
2029943359106,22.03.2024 00:05,ольга кУзНеЦоВА,+7 9737 87 45,4,поДПИскА нА ГаЗЕтУ,4,1965.94,434.06,cAnCElLED,Нужно уточнить сроки,2024-03-25,8569938120136015
2029943359106,22.03.2024 00:05,ольга кУзНеЦоВА,+7 9737 87 45,4,поДПиСкА НА ГАзеТу,2,1139.13,60.87,CAnCELleD,Нужно уточнить сроки,2024-03-25,8569938120136015
2029943359106,22.03.2024 00:05,ольга кУзНеЦоВА,+7 9737 87 45,1,КоРМ дЛЯ СоБак,2,996.08,3.92,canCelLed,Нужно уточнить сроки,2024-03-25,8569938120136015
2029943359106,22.03.2024 00:05,ольга кУзНеЦоВА,+7 9737 87 45,3,АМуниЦия длЯ СОбАК,4,4799.4,0.6,CAncelLed,Нужно уточнить сроки,2024-03-25,8569938120136015
2029943358713,2024-03-18 14:27:03,сЕрГЕй сидоров,8(9862) 49-10,5,МоЛокО,5,13675.58,1324.42,cOMpletED,спасибо за заказ,21.03.2024,3024360681487662
2029943358713,2024-03-18 14:27:03,сЕрГЕй сидоров,8(9862) 49-10,4,ПОДПискА на гАЗЕтУ,5,2910.2,89.8,cOmpLEteD,спасибо за заказ,21.03.2024,3024360681487662
2029943358713,2024-03-18 14:27:03,сЕрГЕй сидоров,8(9862) 49-10,3,аМУнИция Для сОБак,4,4520.71,279.29,ComPlETeD,спасибо за заказ,21.03.2024,3024360681487662
2029943357823,2024-03-13 10:32:33,ДМИТрИЙ кузНЕцоВ,+7(9109)09-85,5,МолОко,3,8367.46,632.54,cOmPlEted,Проверить наличие,2024/03/26,5407364640278110
2029943356737,2024-03-07 10:36:10,АЛеКСеЙ МИХАЙЛОВ,+7 9998 37 30,1,Корм Для СОбак,1,451.01,48.99,PRoCeSSiNG,Всё отлично!,2024/03/08,0089070748064353
2029943355516,2024/03/07 19:26:56,нАТАЛЬЯ ВАсИЛЬеВа,+7(9905)77-27,4,ПОдпИСкА нА гаЗетУ,2,969.26,230.74,cancElLeD,Ждём с нетерпением!,2024/03/17,6684649914915148
2029943355516,2024/03/07 19:26:56,нАТАЛЬЯ ВАсИЛЬеВа,+7(9905)77-27,1,кОРм для собАк,2,971.37,28.63,CanCelLeD,Ждём с нетерпением!,2024/03/17,6684649914915148
2029943355516,2024/03/07 19:26:56,нАТАЛЬЯ ВАсИЛЬеВа,+7(9905)77-27,5,Молоко,5,12377.45,2622.55,CanCelLed,Ждём с нетерпением!,2024/03/17,6684649914915148
2029943354583,04.03.2024 21:42,Анна СмИрНОВа,+7(9403)41-36,4,ПоДпиСКА нА ГазеТу,1,571.3,28.7,CANcELLeD,Ждём с нетерпением!,2024/03/25,5570029606863845
2029943354583,04.03.2024 21:42,Анна СмИрНОВа,+7(9403)41-36,4,ПоДПиСкА на ГаЗЕТУ,4,2036.62,363.38,CANCelleD,Ждём с нетерпением!,2024/03/25,5570029606863845
2029943354583,04.03.2024 21:42,Анна СмИрНОВа,+7(9403)41-36,3,аМУнИция дЛЯ сОБаК,4,3957.85,842.15,cAncelLED,Ждём с нетерпением!,2024/03/25,5570029606863845
2029943354583,04.03.2024 21:42,Анна СмИрНОВа,+7(9403)41-36,5,мОЛоКО,4,10405.42,1594.58,CancElLED,Ждём с нетерпением!,2024/03/25,5570029606863845
2029943353892,2024/03/21 13:22:05,наТАЛЬЯ ваСИЛЬЕВа,+7(9994)99-22,5,мОлОко,5,12675.91,2324.09,CAnCeLLed,спасибо за заказ,30.03.2024,9705730893878938
2029943352176,2024/03/20 18:10:23,АЛЕКсей МиХаЙлоВ,8(9640) 05-69,1,коРм ДлЯ СОбак,4,1648.44,351.56,pROceSSINg,Ждём с нетерпением!,2024/03/22,1140871991115389
2029943352176,2024/03/20 18:10:23,АЛЕКсей МиХаЙлоВ,8(9640) 05-69,3,АмуницИя для СобАК,4,4740.83,59.17,ProCESsInG,Ждём с нетерпением!,2024/03/22,1140871991115389
2029943352176,2024/03/20 18:10:23,АЛЕКсей МиХаЙлоВ,8(9640) 05-69,4,ПодписКа НА ГазЕту,4,2145.43,254.57,PROcEssiNg,Ждём с нетерпением!,2024/03/22,1140871991115389
2029943352176,2024/03/20 18:10:23,АЛЕКсей МиХаЙлоВ,8(9640) 05-69,5,мОЛоКО,4,10818.72,1181.28,proCeSSinG,Ждём с нетерпением!,2024/03/22,1140871991115389
2029943351406,01.03.2024 17:31,мИХаил ОрлОв,8(9367) 60-89,5,МОЛоко,5,12535.4,2464.6,COmPletED,подарок вовремя,2024/03/04,0656603999761651
2029943351406,01.03.2024 17:31,мИХаил ОрлОв,8(9367) 60-89,3,амУНИцИя Для Собак,5,4872.16,1127.84,cOmpLetED,подарок вовремя,2024/03/04,0656603999761651
2029943351406,01.03.2024 17:31,мИХаил ОрлОв,8(9367) 60-89,4,подписКА На гаЗЕтУ,4,2223.51,176.49,CoMpleTEd,подарок вовремя,2024/03/04,0656603999761651
2029943350320,2024-03-30 06:29:21,сеРгей сидорОв,+7 9563 72 01,4,ПодПИсКа НА гАзеТУ,1,531.65,68.35,CANCeLled,спасибо за заказ,2024-03-31,6513326735520143
2029943350320,2024-03-30 06:29:21,сеРгей сидорОв,+7 9563 72 01,4,подПиСКА на ГазЕту,5,2665.75,334.25,cANcELLEd,спасибо за заказ,2024-03-31,6513326735520143
2029943349681,2024/03/14 23:03:35,ЕЛенА нОвикоВА,+7(9176)01-72,3,амуНициЯ Для собАК,5,5414.57,585.43,ComplETed,Всё отлично!,2024/03/07,1091148318002408
2029943349681,2024/03/14 23:03:35,ЕЛенА нОвикоВА,+7(9176)01-72,5,МОЛоко,4,10298.2,1701.8,cOMpleted,Всё отлично!,2024/03/07,1091148318002408
2029943349681,2024/03/14 23:03:35,ЕЛенА нОвикоВА,+7(9176)01-72,5,молОКО,2,5886.26,113.74,COMPLETEd,Всё отлично!,2024/03/07,1091148318002408
2029943349681,2024/03/14 23:03:35,ЕЛенА нОвикоВА,+7(9176)01-72,1,КоРМ Для СобАк,3,1316.24,183.76,COMPlEtEd,Всё отлично!,2024/03/07,1091148318002408
2029943349681,2024/03/14 23:03:35,ЕЛенА нОвикоВА,+7(9176)01-72,2,иГРУшка мяч,5,1282.19,217.81,ComPlEtED,Всё отлично!,2024/03/07,1091148318002408
2029943348536,22.03.2024 17:37,ДмИтрИй КуЗНЕЦОв,8(9645) 35-81,2,иГРУшка МЯч,4,982.16,217.84,cOmPleTED,Ждём с нетерпением!,25.03.2024,6103442670755046
2029943348536,22.03.2024 17:37,ДмИтрИй КуЗНЕЦОв,8(9645) 35-81,4,ПодпиСКА на гаЗЕтУ,4,1925.28,474.72,cOMplEteD,Ждём с нетерпением!,25.03.2024,6103442670755046
2029943348536,22.03.2024 17:37,ДмИтрИй КуЗНЕЦОв,8(9645) 35-81,5,МОЛОКо,1,2831.37,168.63,COMPLeteD,Ждём с нетерпением!,25.03.2024,6103442670755046
2029943348536,22.03.2024 17:37,ДмИтрИй КуЗНЕЦОв,8(9645) 35-81,5,МоЛоКо,1,2692.99,307.01,CompLetEd,Ждём с нетерпением!,25.03.2024,6103442670755046
2029943347608,2024-03-31 09:59:40,сЕрГей СиДоРОВ,+7 9682 97 11,2,ИГруШКА МЯч,2,586.95,13.05,cANCelLed,Проверить наличие,11.03.2024,1293299169325388
2029943347608,2024-03-31 09:59:40,сЕрГей СиДоРОВ,+7 9682 97 11,3,амУНИцИЯ длЯ соБАк,5,5502.48,497.52,cANCellED,Проверить наличие,11.03.2024,1293299169325388
2029943347608,2024-03-31 09:59:40,сЕрГей СиДоРОВ,+7 9682 97 11,5,МОлОко,4,10383.2,1616.8,CANcElLeD,Проверить наличие,11.03.2024,1293299169325388
2029943346787,01.03.2024 06:52,сЕрГей сидОРОв,+7(9009)68-94,5,МоЛоко,5,12388.66,2611.34,CaNCEllED,Нужно уточнить сроки,2024/03/01,0162791753270974
2029943345978,20.03.2024 23:39,сЕрГЕЙ СиДОРОВ,8(9509) 40-78,5,Молоко,2,4963.75,1036.25,canceLleD,"Задержка с доставкой, печалька...",2024-03-01,1275189027601953
2029943345978,20.03.2024 23:39,сЕрГЕЙ СиДОРОВ,8(9509) 40-78,1,КОрм длЯ сОБак,4,1833.32,166.68,CAnCElLEd,"Задержка с доставкой, печалька...",2024-03-01,1275189027601953
2029943344491,13.03.2024 06:49,еЛена ноВИКоВа,8(9788) 96-75,4,поДПиСкА нА газЕТу,5,2560.49,439.51,CAnceLlED,Проверить наличие,2024/03/03,8693760057359838
2029943344491,13.03.2024 06:49,еЛена ноВИКоВа,8(9788) 96-75,3,аМУНиЦИЯ ДЛя сОБАк,4,4569.02,230.98,cANCeLlED,Проверить наличие,2024/03/03,8693760057359838
2029943344491,13.03.2024 06:49,еЛена ноВИКоВа,8(9788) 96-75,3,аМУнИЦиЯ для соБаК,4,4490.2,309.8,canCellED,Проверить наличие,2024/03/03,8693760057359838
2029943344491,13.03.2024 06:49,еЛена ноВИКоВа,8(9788) 96-75,5,МОЛОКО,4,10192.24,1807.76,cAncELleD,Проверить наличие,2024/03/03,8693760057359838
2029943343831,2024/03/28 19:44:09,марИя ПЕТрОвА,8(9093) 16-70,2,иГрушКА Мяч,5,1439.67,60.33,cOmplETEd,подарок вовремя,2024/03/09,2625594302104506
2029943343831,2024/03/28 19:44:09,марИя ПЕТрОвА,8(9093) 16-70,5,МоЛоко,1,2739.22,260.78,COmPleTed,подарок вовремя,2024/03/09,2625594302104506
2029943343831,2024/03/28 19:44:09,марИя ПЕТрОвА,8(9093) 16-70,3,АМУнИция Для сОБАк,5,5181.0,819.0,coMPlEted,подарок вовремя,2024/03/09,2625594302104506
2029943343831,2024/03/28 19:44:09,марИя ПЕТрОвА,8(9093) 16-70,1,КОрм ДЛЯ сОБаК,1,460.77,39.23,CoMpLeTed,подарок вовремя,2024/03/09,2625594302104506
2029943342208,2024/03/24 10:59:23,ИВаН иванов,+7(9764)18-33,1,Корм Для сОбаК,2,900.84,99.16,COMplETEd,Ждём с нетерпением!,2024-03-22,2492199733298978
2029943342208,2024/03/24 10:59:23,ИВаН иванов,+7(9764)18-33,4,ПоДПИскА нА гАЗЕТУ,3,1539.8,260.2,CoMpleTeD,Ждём с нетерпением!,2024-03-22,2492199733298978
2029943341530,2024/03/01 05:30:06,АНна СмИрнОВА,8(9712) 11-41,5,моЛОКо,3,7406.38,1593.62,COmPLEteD,Всё отлично!,09.03.2024,9505875733624846
2029943341530,2024/03/01 05:30:06,АНна СмИрнОВА,8(9712) 11-41,4,ПОДПиска НА ГазЕту,5,2403.83,596.17,cOmplEtEd,Всё отлично!,09.03.2024,9505875733624846
2029943341530,2024/03/01 05:30:06,АНна СмИрнОВА,8(9712) 11-41,5,МОлоКо,3,8044.25,955.75,COMpLEtED,Всё отлично!,09.03.2024,9505875733624846
2029943341530,2024/03/01 05:30:06,АНна СмИрнОВА,8(9712) 11-41,4,ПОдпиСКА НА ГАЗЕтУ,3,1764.95,35.05,COmPLEtEd,Всё отлично!,09.03.2024,9505875733624846
2029943340592,31.03.2024 15:30,дмИТРий КузНЕцОВ,+7(9504)06-06,3,АМуНиЦИЯ ДЛя собАК,5,5941.58,58.42,procesSInG,подарок вовремя,2024-03-28,0373393100948784
2029943339950,2024/03/12 10:02:57,оЛьгА кУЗНеЦОва,+7(9973)94-64,4,пОдпиСКА нА ГазеТу,1,527.48,72.52,CoMpLeted,Ждём с нетерпением!,2024/03/30,1724088440951855
2029943339950,2024/03/12 10:02:57,оЛьгА кУЗНеЦОва,+7(9973)94-64,1,кОрм для сОбАк,2,853.5,146.5,comPLEtEd,Ждём с нетерпением!,2024/03/30,1724088440951855
2029943339950,2024/03/12 10:02:57,оЛьгА кУЗНеЦОва,+7(9973)94-64,3,АМуницИЯ длЯ соБак,4,4028.12,771.88,cOmPlEted,Ждём с нетерпением!,2024/03/30,1724088440951855
2029943339950,2024/03/12 10:02:57,оЛьгА кУЗНеЦОва,+7(9973)94-64,3,аМуНиЦИЯ длЯ СОбак,1,1038.94,161.06,ComPlEtED,Ждём с нетерпением!,2024/03/30,1724088440951855
2029943338865,2024/03/12 05:37:57,сЕргЕЙ СидоРоВ,+7 9803 82 85,1,корМ длЯ СОбАк,4,1820.29,179.71,CaNcElLeD,спасибо за заказ,2024/03/06,6773290912993678
2029943338865,2024/03/12 05:37:57,сЕргЕЙ СидоРоВ,+7 9803 82 85,2,ИгруШкА Мяч,1,263.03,36.97,cANcELLED,спасибо за заказ,2024/03/06,6773290912993678
2029943338865,2024/03/12 05:37:57,сЕргЕЙ СидоРоВ,+7 9803 82 85,3,амуНициЯ ДЛя соБак,1,1160.82,39.18,caNCeLlED,спасибо за заказ,2024/03/06,6773290912993678
2029943338865,2024/03/12 05:37:57,сЕргЕЙ СидоРоВ,+7 9803 82 85,5,мОлОкО,1,2483.29,516.71,CanCeLLED,спасибо за заказ,2024/03/06,6773290912993678
2029943338865,2024/03/12 05:37:57,сЕргЕЙ СидоРоВ,+7 9803 82 85,1,коРМ ДЛЯ СОБАк,4,1885.51,114.49,CANCeLleD,спасибо за заказ,2024/03/06,6773290912993678
2029943337564,2024/03/03 10:46:04,дмИТрИй кузНецоВ,8(9308) 84-92,5,моЛоКо,3,8702.83,297.17,comPleTED,Всё отлично!,2024/03/01,8964775965977231
2029943337564,2024/03/03 10:46:04,дмИТрИй кузНецоВ,8(9308) 84-92,1,Корм Для сОБАК,5,2195.83,304.17,coMPLeTed,Всё отлично!,2024/03/01,8964775965977231
2029943337564,2024/03/03 10:46:04,дмИТрИй кузНецоВ,8(9308) 84-92,5,МОЛОКо,3,8234.74,765.26,CompLETeD,Всё отлично!,2024/03/01,8964775965977231
2029943336413,2024-03-17 02:57:26,мАриЯ пеТРОВА,8(9627) 97-23,2,ИГРуШкА МЯч,1,244.65,55.35,CAnceLLed,подарок вовремя,2024/03/28,9039074578925369
2029943335443,29.03.2024 03:22,НАТаЛья вАСиЛьеВА,+7(9074)69-97,2,иГРушКА мяч,1,275.67,24.33,proCESsING,Нужно уточнить сроки,22.03.2024,0170117405208198
2029943335443,29.03.2024 03:22,НАТаЛья вАСиЛьеВА,+7(9074)69-97,4,ПОдпиСКА На гАзетУ,3,1761.95,38.05,PROcESsIng,Нужно уточнить сроки,22.03.2024,0170117405208198
2029943335443,29.03.2024 03:22,НАТаЛья вАСиЛьеВА,+7(9074)69-97,5,моЛОко,4,10413.9,1586.1,PRoCESSiNG,Нужно уточнить сроки,22.03.2024,0170117405208198
2029943334194,2024-03-20 07:31:17,ЕлЕна нОвикОва,+7(9639)31-78,2,игруШка МЯЧ,5,1287.39,212.61,pRoCEsSinG,Проверить наличие,2024-03-29,8625115586121545
2029943334194,2024-03-20 07:31:17,ЕлЕна нОвикОва,+7(9639)31-78,4,пОдПиска На ГАзету,5,2406.19,593.81,PROcesSIng,Проверить наличие,2024-03-29,8625115586121545
2029943334194,2024-03-20 07:31:17,ЕлЕна нОвикОва,+7(9639)31-78,2,иГРУШКа мяч,1,299.62,0.38,prOCessING,Проверить наличие,2024-03-29,8625115586121545
2029943334194,2024-03-20 07:31:17,ЕлЕна нОвикОва,+7(9639)31-78,2,ИгрУшкА мЯч,4,1056.38,143.62,PrOCeSSINg,Проверить наличие,2024-03-29,8625115586121545
2029943334194,2024-03-20 07:31:17,ЕлЕна нОвикОва,+7(9639)31-78,1,Корм дЛя сОбАК,5,2374.39,125.61,pRoCEsSINg,Проверить наличие,2024-03-29,8625115586121545
2029943333870,2024-03-27 20:13:43,дМиТРиЙ КУзНеЦов,+7 9978 82 49,5,мОЛоКо,3,7567.62,1432.38,canceLLED,Проверить наличие,2024-03-22,1370251176234881
2029943332414,2024/03/10 23:22:27,НАтальЯ ВасилЬеВА,+7(9258)02-83,5,мОлокО,3,7718.29,1281.71,prOCeSsING,Нужно уточнить сроки,2024-03-23,7701835989555603
2029943331724,2024-03-27 15:53:09,ИвАн иванОв,8(9038) 41-11,5,мОлокО,4,10407.61,1592.39,pROCESsinG,Проверить наличие,2024/03/22,2914562536549479
2029943331724,2024-03-27 15:53:09,ИвАн иванОв,8(9038) 41-11,5,МоЛоКО,1,2437.69,562.31,procESSiNG,Проверить наличие,2024/03/22,2914562536549479
2029943330992,2024-03-05 11:59:26,мариЯ ПеТрОвА,+7 9541 42 80,5,мОлоКо,2,5609.39,390.61,cANcElled,Нужно уточнить сроки,2024-03-27,6801954093437503
2029943330992,2024-03-05 11:59:26,мариЯ ПеТрОвА,+7 9541 42 80,2,ИгруШКА мЯЧ,2,566.51,33.49,CaNCELLed,Нужно уточнить сроки,2024-03-27,6801954093437503
2029943330992,2024-03-05 11:59:26,мариЯ ПеТрОвА,+7 9541 42 80,4,пОдпиСКА НА ГаЗЕтУ,3,1638.97,161.03,CANCElLed,Нужно уточнить сроки,2024-03-27,6801954093437503
2029943330992,2024-03-05 11:59:26,мариЯ ПеТрОвА,+7 9541 42 80,4,ПоДПиСКА нА ГАЗЕту,4,1966.15,433.85,CAnCELlED,Нужно уточнить сроки,2024-03-27,6801954093437503
2029943330992,2024-03-05 11:59:26,мариЯ ПеТрОвА,+7 9541 42 80,1,КОРм дЛя СобаК,3,1422.42,77.58,cAncElLEd,Нужно уточнить сроки,2024-03-27,6801954093437503
2029943329211,2024-03-07 10:19:44,елЕНА нОВиКова,+7(9633)25-50,4,ПоДПИсКа НА газету,3,1560.18,239.82,proCeSsInG,Ждём с нетерпением!,03.03.2024,3049676693199936
2029943328215,18.03.2024 15:52,МарИя пЕтрОвА,+7(9932)92-19,5,моЛОко,2,5305.44,694.56,cOMPLETeD,Нужно уточнить сроки,19.03.2024,6030804545626694
2029943327373,10.03.2024 03:11,ИВан иВаНов,8(9245) 81-06,3,АМунициЯ ДЛя СОБАК,3,2930.83,669.17,coMpLEteD,Всё отлично!,21.03.2024,2229097822605764
2029943326654,2024-03-17 01:03:06,иВАн ИВАнОВ,+7(9938)13-57,3,амУнициЯ для СобАк,2,1994.68,405.32,COMPletEd,Проверить наличие,29.03.2024,4016516105205697
2029943326654,2024-03-17 01:03:06,иВАн ИВАнОВ,+7(9938)13-57,3,амуНИциЯ ДлЯ СоБаК,1,1035.7,164.3,cOMpLETeD,Проверить наличие,29.03.2024,4016516105205697
2029943326654,2024-03-17 01:03:06,иВАн ИВАнОВ,+7(9938)13-57,4,подпИСкА на ГАзЕТУ,4,2070.45,329.55,ComPLeTED,Проверить наличие,29.03.2024,4016516105205697
2029943326654,2024-03-17 01:03:06,иВАн ИВАнОВ,+7(9938)13-57,4,ПоДпИска НА газЕТУ,3,1750.84,49.16,complEted,Проверить наличие,29.03.2024,4016516105205697
2029943325706,30.03.2024 21:55,НаТАлЬя ВаСиЛЬеВа,+7 9743 60 83,3,аМУниЦИЯ длЯ сОБак,3,3225.68,374.32,cAncelLEd,Ждём с нетерпением!,26.03.2024,7218347106784006
2029943325706,30.03.2024 21:55,НаТАлЬя ВаСиЛЬеВа,+7 9743 60 83,4,ПОдПИСка НА гАЗЕТу,2,986.86,213.14,caNcElLEd,Ждём с нетерпением!,26.03.2024,7218347106784006
2029943325706,30.03.2024 21:55,НаТАлЬя ВаСиЛЬеВа,+7 9743 60 83,1,КОрМ дЛя соБак,3,1272.85,227.15,cAnCElLED,Ждём с нетерпением!,26.03.2024,7218347106784006
2029943325706,30.03.2024 21:55,НаТАлЬя ВаСиЛЬеВа,+7 9743 60 83,5,МОлОкО,4,11773.83,226.17,CAnCElled,Ждём с нетерпением!,26.03.2024,7218347106784006
2029943325706,30.03.2024 21:55,НаТАлЬя ВаСиЛЬеВа,+7 9743 60 83,2,иГрУШКА МЯЧ,3,876.32,23.68,caNcelLed,Ждём с нетерпением!,26.03.2024,7218347106784006
2029943324502,2024/03/11 14:45:33,нАТАЛЬя вАсИльЕва,+7(9357)98-36,5,МоЛоКО,1,2987.44,12.56,cAnCElled,"Задержка с доставкой, печалька...",2024-03-14,3142281051472933
2029943324502,2024/03/11 14:45:33,нАТАЛЬя вАсИльЕва,+7(9357)98-36,4,ПОдпиСкА на гаЗЕту,1,588.68,11.32,canceLleD,"Задержка с доставкой, печалька...",2024-03-14,3142281051472933
2029943323541,2024/03/01 10:47:37,аннА СМИРНОвА,8(9311) 82-05,4,пОДПИсКА На ГАзЕтУ,3,1627.52,172.48,COMpLeTED,"Задержка с доставкой, печалька...",2024-03-31,2737364285087560
2029943323541,2024/03/01 10:47:37,аннА СМИРНОвА,8(9311) 82-05,1,КорМ для СОБАк,2,885.24,114.76,COmpLeTEd,"Задержка с доставкой, печалька...",2024-03-31,2737364285087560
2029943322485,2024-03-29 08:24:17,маРИя пеТРовА,+7(9933)26-08,1,коРМ дЛЯ собаК,4,1798.51,201.49,ProCESSINg,Нужно уточнить сроки,2024/03/26,8131706415599378
2029943322485,2024-03-29 08:24:17,маРИя пеТРовА,+7(9933)26-08,4,ПодпиСКА НА гаЗЕту,4,2190.07,209.93,PrOceSsING,Нужно уточнить сроки,2024/03/26,8131706415599378
2029943322485,2024-03-29 08:24:17,маРИя пеТРовА,+7(9933)26-08,5,МОЛокО,3,8777.88,222.12,ProcEsSing,Нужно уточнить сроки,2024/03/26,8131706415599378
2029943321430,2024/03/20 16:47:22,МаРия пеТРоВА,8(9459) 48-04,1,кОРм ДлЯ СОбАк,5,2303.31,196.69,CAnCElLeD,Всё отлично!,2024-03-07,0325188804472349
2029943321430,2024/03/20 16:47:22,МаРия пеТРоВА,8(9459) 48-04,3,амуниЦиЯ длЯ сОбАк,4,4207.33,592.67,cAnCeLled,Всё отлично!,2024-03-07,0325188804472349
2029943321430,2024/03/20 16:47:22,МаРия пеТРоВА,8(9459) 48-04,4,поДпиСКА На ГаЗеТу,2,1100.0,100.0,CaNCeLleD,Всё отлично!,2024-03-07,0325188804472349
2029943321430,2024/03/20 16:47:22,МаРия пеТРоВА,8(9459) 48-04,5,мОЛОкО,1,2411.93,588.07,CaNcELlEd,Всё отлично!,2024-03-07,0325188804472349
2029943321430,2024/03/20 16:47:22,МаРия пеТРоВА,8(9459) 48-04,5,моЛокО,1,2936.65,63.35,cANCeLLED,Всё отлично!,2024-03-07,0325188804472349
2029943320850,2024/03/20 10:37:47,маРия пЕтРоВа,+7 9553 52 42,3,АМуниЦиЯ для СОБАК,2,2081.93,318.07,COMpLETEd,спасибо за заказ,2024/03/07,8399882515280892
2029943320850,2024/03/20 10:37:47,маРия пЕтРоВа,+7 9553 52 42,3,АмУнИция ДЛя собаК,3,3163.35,436.65,compleTEd,спасибо за заказ,2024/03/07,8399882515280892
2029943320850,2024/03/20 10:37:47,маРия пЕтРоВа,+7 9553 52 42,2,ИгРУшкА мЯЧ,1,291.53,8.47,compLeTEd,спасибо за заказ,2024/03/07,8399882515280892
2029943320850,2024/03/20 10:37:47,маРия пЕтРоВа,+7 9553 52 42,2,иГРушКа мяч,4,1033.59,166.41,CoMPLEtED,спасибо за заказ,2024/03/07,8399882515280892
2029943320850,2024/03/20 10:37:47,маРия пЕтРоВа,+7 9553 52 42,5,мОлОКо,1,2732.95,267.05,coMpLetED,спасибо за заказ,2024/03/07,8399882515280892
2029943319908,16.03.2024 12:24,дМиТрИЙ куЗНЕцов,+7(9361)96-65,1,КОрМ длЯ СобаК,3,1444.42,55.58,COmPLetEd,"Задержка с доставкой, печалька...",2024-03-25,6632031801076678
2029943318842,2024-03-19 09:19:41,СЕрГЕй сиДОРОв,+7 9981 45 42,5,МоЛОКО,2,5352.71,647.29,pROCEssing,Проверить наличие,2024/03/04,8531447233688762
2029943318842,2024-03-19 09:19:41,СЕрГЕй сиДОРОв,+7 9981 45 42,4,поДписка На гаЗЕТУ,2,1071.28,128.72,prOCeSsinG,Проверить наличие,2024/03/04,8531447233688762
2029943318842,2024-03-19 09:19:41,СЕрГЕй сиДОРОв,+7 9981 45 42,2,игрУШкА МяЧ,2,546.46,53.54,PRoceSSINg,Проверить наличие,2024/03/04,8531447233688762
2029943317286,2024-03-26 13:53:32,ЕлЕНА нОвикОвА,+7(9892)99-16,4,ПОдПИска на ГАЗеТУ,5,2610.58,389.42,ProceSSInG,Ждём с нетерпением!,2024/03/11,1354013286314935
2029943317286,2024-03-26 13:53:32,ЕлЕНА нОвикОвА,+7(9892)99-16,5,МолОкО,5,12896.09,2103.91,PROceSsiNg,Ждём с нетерпением!,2024/03/11,1354013286314935
2029943317286,2024-03-26 13:53:32,ЕлЕНА нОвикОвА,+7(9892)99-16,2,иГрУШкА мЯч,4,1022.71,177.29,procESSIng,Ждём с нетерпением!,2024/03/11,1354013286314935
2029943317286,2024-03-26 13:53:32,ЕлЕНА нОвикОвА,+7(9892)99-16,1,кОРм ДЛЯ СОбаК,1,412.85,87.15,ProCEssinG,Ждём с нетерпением!,2024/03/11,1354013286314935
2029943317286,2024-03-26 13:53:32,ЕлЕНА нОвикОвА,+7(9892)99-16,3,амуНиЦИя Для собаК,4,4682.97,117.03,proceSsiNg,Ждём с нетерпением!,2024/03/11,1354013286314935
2029943316554,2024/03/24 02:25:53,дМитРИЙ кУзнецОВ,+7(9435)51-92,4,ПОдпиСКа нА гАЗету,5,2426.39,573.61,COMPLetEd,спасибо за заказ,2024-03-15,7898225656805154
2029943316554,2024/03/24 02:25:53,дМитРИЙ кУзнецОВ,+7(9435)51-92,3,аМУНиЦия дЛя СОбАК,4,3867.22,932.78,CoMPlETeD,спасибо за заказ,2024-03-15,7898225656805154
2029943316554,2024/03/24 02:25:53,дМитРИЙ кУзнецОВ,+7(9435)51-92,1,коРм для соБАк,3,1221.26,278.74,COmPleTED,спасибо за заказ,2024-03-15,7898225656805154
2029943316554,2024/03/24 02:25:53,дМитРИЙ кУзнецОВ,+7(9435)51-92,1,кОРМ ДЛЯ соБАК,1,418.92,81.08,CompLEtEd,спасибо за заказ,2024-03-15,7898225656805154
2029943316554,2024/03/24 02:25:53,дМитРИЙ кУзнецОВ,+7(9435)51-92,3,АМуНициЯ ДЛя соБАк,1,980.98,219.02,coMpLETed,спасибо за заказ,2024-03-15,7898225656805154
2029943315362,2024-03-27 01:42:58,ИВаН иВанов,+7 9608 42 87,2,игруШка Мяч,3,846.97,53.03,cOMPleTed,спасибо за заказ,2024-03-05,8334028230765594
2029943315362,2024-03-27 01:42:58,ИВаН иВанов,+7 9608 42 87,2,ИгРуШКА мяч,4,1198.66,1.34,coMPLETEd,спасибо за заказ,2024-03-05,8334028230765594
2029943315362,2024-03-27 01:42:58,ИВаН иВанов,+7 9608 42 87,2,ИГруШКА МЯЧ,5,1499.51,0.49,CompLEtEd,спасибо за заказ,2024-03-05,8334028230765594
2029943314989,2024/03/12 02:09:05,мИХАИл орлОВ,+7 9838 79 75,5,МолоКо,1,2480.2,519.8,PrOceSSiNG,подарок вовремя,2024/03/09,6392561808628212
2029943314989,2024/03/12 02:09:05,мИХАИл орлОВ,+7 9838 79 75,3,аМУниЦИя Для СОБАк,5,5102.57,897.43,PROcesSing,подарок вовремя,2024/03/09,6392561808628212
2029943314989,2024/03/12 02:09:05,мИХАИл орлОВ,+7 9838 79 75,1,КОРм ДлЯ СОБАК,2,869.35,130.65,procEsSing,подарок вовремя,2024/03/09,6392561808628212
2029943314989,2024/03/12 02:09:05,мИХАИл орлОВ,+7 9838 79 75,3,АмУнИЦИя длЯ сОБАк,3,3143.93,456.07,PRocEssinG,подарок вовремя,2024/03/09,6392561808628212
2029943314989,2024/03/12 02:09:05,мИХАИл орлОВ,+7 9838 79 75,5,МОЛОКо,4,9749.58,2250.42,proCEssiNG,подарок вовремя,2024/03/09,6392561808628212
2029943313806,2024-03-28 17:38:28,МихаИл ОРлОв,+7(9543)38-71,2,игрушка МяЧ,2,506.4,93.6,ProCeSSInG,Нужно уточнить сроки,2024/03/11,8663860757061188
2029943313806,2024-03-28 17:38:28,МихаИл ОРлОв,+7(9543)38-71,4,ПоДПиСкА НА гАзЕТу,3,1458.34,341.66,pRocesSIng,Нужно уточнить сроки,2024/03/11,8663860757061188
2029943312229,12.03.2024 08:17,МаРИЯ пеТРОВА,8(9548) 48-44,5,молоко,3,8046.65,953.35,prOcEsSing,Проверить наличие,2024/03/11,6999203730166865
2029943312229,12.03.2024 08:17,МаРИЯ пеТРОВА,8(9548) 48-44,3,амУнИцИя дЛЯ сОБаК,2,1926.36,473.64,pRoCESSinG,Проверить наличие,2024/03/11,6999203730166865
2029943312229,12.03.2024 08:17,МаРИЯ пеТРОВА,8(9548) 48-44,2,иГРушКа МЯЧ,1,265.51,34.49,PROceSsinG,Проверить наличие,2024/03/11,6999203730166865
2029943312229,12.03.2024 08:17,МаРИЯ пеТРОВА,8(9548) 48-44,5,МОлОКО,2,5942.04,57.96,pRoCesSINg,Проверить наличие,2024/03/11,6999203730166865
2029943311868,2024-03-05 02:23:01,ДМиТрИй КУзнЕцОВ,+7 9989 22 43,5,мОЛОкО,2,5037.5,962.5,pROcESsInG,спасибо за заказ,22.03.2024,8166689461169250
2029943311868,2024-03-05 02:23:01,ДМиТрИй КУзнЕцОВ,+7 9989 22 43,3,АмУнИЦиЯ Для соБАк,2,2163.01,236.99,ProcESsinG,спасибо за заказ,22.03.2024,8166689461169250
2029943311868,2024-03-05 02:23:01,ДМиТрИй КУзнЕцОВ,+7 9989 22 43,3,АмуНициЯ длЯ собАК,1,990.48,209.52,prOCesSInG,спасибо за заказ,22.03.2024,8166689461169250
2029943311868,2024-03-05 02:23:01,ДМиТрИй КУзнЕцОВ,+7 9989 22 43,4,пОДпиСкА на ГАзЕТу,5,2616.6,383.4,prOcEssInG,спасибо за заказ,22.03.2024,8166689461169250
2029943310868,2024-03-10 13:20:45,дМИтРИй кузнЕЦоВ,8(9622) 10-11,3,аМунИцИЯ длЯ СОбАк,3,3292.16,307.84,cOmPLetEd,подарок вовремя,2024/03/19,3379343965283770
2029943310868,2024-03-10 13:20:45,дМИтРИй кузнЕЦоВ,8(9622) 10-11,5,МОлОКо,1,2781.4,218.6,COMpleted,подарок вовремя,2024/03/19,3379343965283770
2029943310868,2024-03-10 13:20:45,дМИтРИй кузнЕЦоВ,8(9622) 10-11,5,МОлоКО,2,5102.72,897.28,cOmPLetEd,подарок вовремя,2024/03/19,3379343965283770
2029943310868,2024-03-10 13:20:45,дМИтРИй кузнЕЦоВ,8(9622) 10-11,4,ПоДПИСкА нА гаЗЕтУ,3,1477.36,322.64,CoMpleTEd,подарок вовремя,2024/03/19,3379343965283770
2029943309622,2024/03/26 05:18:04,сеРгЕй СиДоРОв,+7(9612)31-18,3,амуницИя для СОбак,1,1047.88,152.12,cOMpLEted,Нужно уточнить сроки,2024-03-11,0981764500438675
2029943309622,2024/03/26 05:18:04,сеРгЕй СиДоРОв,+7(9612)31-18,4,подпИСка на гАзЕТУ,5,2734.14,265.86,cOmpLetED,Нужно уточнить сроки,2024-03-11,0981764500438675
2029943309622,2024/03/26 05:18:04,сеРгЕй СиДоРОв,+7(9612)31-18,1,КОРМ ДЛЯ СОБак,3,1226.99,273.01,CoMPlETEd,Нужно уточнить сроки,2024-03-11,0981764500438675
2029943309622,2024/03/26 05:18:04,сеРгЕй СиДоРОв,+7(9612)31-18,2,ИГруШка Мяч,4,1012.68,187.32,comPlETeD,Нужно уточнить сроки,2024-03-11,0981764500438675
2029943309622,2024/03/26 05:18:04,сеРгЕй СиДоРОв,+7(9612)31-18,1,кОрм ДЛя Собак,3,1483.04,16.96,COmPLETeD,Нужно уточнить сроки,2024-03-11,0981764500438675
2029943308292,21.03.2024 15:36,ДМИТрий кузНЕцоВ,8(9880) 02-33,4,пОдписка на ГАзЕтУ,2,978.05,221.95,PRocessINg,подарок вовремя,2024/03/05,6823110903901400
2029943307692,2024-03-09 07:10:15,ЕЛенА ноВИКоВА,8(9950) 62-75,1,кОРМ ДЛя сОБАк,3,1262.84,237.16,CANCelLeD,спасибо за заказ,04.03.2024,1654428147565588
2029943307692,2024-03-09 07:10:15,ЕЛенА ноВИКоВА,8(9950) 62-75,2,ИгРУШКа мЯЧ,5,1405.19,94.81,CanCElled,спасибо за заказ,04.03.2024,1654428147565588
2029943307692,2024-03-09 07:10:15,ЕЛенА ноВИКоВА,8(9950) 62-75,2,иГРУШКА мяЧ,1,272.72,27.28,CANcElLEd,спасибо за заказ,04.03.2024,1654428147565588
2029943307692,2024-03-09 07:10:15,ЕЛенА ноВИКоВА,8(9950) 62-75,3,АмУнИЦИя ДЛЯ СОБак,3,3052.7,547.3,CAnCELled,спасибо за заказ,04.03.2024,1654428147565588
2029943306181,2024/03/15 21:19:30,ОлЬга КузНеЦоВА,+7 9613 87 88,5,МоЛоКо,2,5704.05,295.95,CAnCeLLed,"Задержка с доставкой, печалька...",2024/03/26,9780701895902169
2029943306181,2024/03/15 21:19:30,ОлЬга КузНеЦоВА,+7 9613 87 88,2,игРушка Мяч,5,1324.66,175.34,cANcELLED,"Задержка с доставкой, печалька...",2024/03/26,9780701895902169
2029943306181,2024/03/15 21:19:30,ОлЬга КузНеЦоВА,+7 9613 87 88,5,молокО,5,13859.96,1140.04,cAncElLEd,"Задержка с доставкой, печалька...",2024/03/26,9780701895902169
2029943306181,2024/03/15 21:19:30,ОлЬга КузНеЦоВА,+7 9613 87 88,1,КОрМ ДлЯ сОБаК,5,2127.9,372.1,CAnCellEd,"Задержка с доставкой, печалька...",2024/03/26,9780701895902169
2029943306181,2024/03/15 21:19:30,ОлЬга КузНеЦоВА,+7 9613 87 88,3,АмУнИциЯ дЛЯ СОбак,1,1138.21,61.79,cAncELled,"Задержка с доставкой, печалька...",2024/03/26,9780701895902169
2029943305503,23.03.2024 09:09,натаЛьЯ вАСиЛЬЕва,+7(9435)43-99,3,амуницИя дЛЯ сОБаК,3,3316.17,283.83,CaNcElLED,спасибо за заказ,2024-03-02,8922162362393598
2029943305503,23.03.2024 09:09,натаЛьЯ вАСиЛЬЕва,+7(9435)43-99,3,АмУницИЯ ДлЯ сОбАк,3,3281.66,318.34,cANCelleD,спасибо за заказ,2024-03-02,8922162362393598
2029943304679,01.03.2024 09:50,ОЛЬга кузНеЦоВА,+7(9912)37-63,1,КоРМ для сОБаК,2,857.4,142.6,COmpleted,подарок вовремя,2024-03-14,2422032159063769
2029943304679,01.03.2024 09:50,ОЛЬга кузНеЦоВА,+7(9912)37-63,2,иГрУшка мяЧ,5,1438.82,61.18,CoMPLETed,подарок вовремя,2024-03-14,2422032159063769
2029943304679,01.03.2024 09:50,ОЛЬга кузНеЦоВА,+7(9912)37-63,2,иГрУшкА мЯЧ,3,861.08,38.92,COMplETED,подарок вовремя,2024-03-14,2422032159063769
2029943303419,06.03.2024 09:52,АНна смирНоВа,8(9345) 58-29,1,корМ дЛя СОБАк,5,2285.41,214.59,complEteD,подарок вовремя,2024/03/28,4342272840391474
2029943303419,06.03.2024 09:52,АНна смирНоВа,8(9345) 58-29,5,моЛОКо,2,5318.09,681.91,coMPlEted,подарок вовремя,2024/03/28,4342272840391474
2029943303419,06.03.2024 09:52,АНна смирНоВа,8(9345) 58-29,2,иГРушка Мяч,4,961.12,238.88,COMpleTed,подарок вовремя,2024/03/28,4342272840391474
2029943303419,06.03.2024 09:52,АНна смирНоВа,8(9345) 58-29,3,аМуниЦия дЛЯ Собак,4,4336.04,463.96,COMPLetED,подарок вовремя,2024/03/28,4342272840391474
2029943303419,06.03.2024 09:52,АНна смирНоВа,8(9345) 58-29,1,КОРм ДлЯ СОБаК,1,432.1,67.9,coMpLeTeD,подарок вовремя,2024/03/28,4342272840391474
2029943302664,03.03.2024 23:29,еЛЕНа нОвИкОВа,+7(9784)86-44,1,КОРм дЛЯ сОБАК,4,1925.82,74.18,CompLETeD,подарок вовремя,2024/03/10,4762257839630036
2029943302664,03.03.2024 23:29,еЛЕНа нОвИкОВа,+7(9784)86-44,4,ПОдПИскА на ГаЗетУ,2,1102.95,97.05,ComPleTEd,подарок вовремя,2024/03/10,4762257839630036
2029943302664,03.03.2024 23:29,еЛЕНа нОвИкОВа,+7(9784)86-44,2,иГРУшКА мяЧ,5,1286.46,213.54,cOmPletED,подарок вовремя,2024/03/10,4762257839630036
2029943302664,03.03.2024 23:29,еЛЕНа нОвИкОВа,+7(9784)86-44,4,ПОДПИсКа НА ГАзетУ,2,1110.74,89.26,cOmPleTEd,подарок вовремя,2024/03/10,4762257839630036
2029943302664,03.03.2024 23:29,еЛЕНа нОвИкОВа,+7(9784)86-44,2,игРУшКА мЯч,5,1284.8,215.2,cOmplEtEd,подарок вовремя,2024/03/10,4762257839630036
2029943301959,23.03.2024 23:45,АНнА сМИРнова,8(9843) 35-70,5,моЛокО,1,2601.0,399.0,proCEsSIng,Проверить наличие,21.03.2024,4805131250383664
2029943301959,23.03.2024 23:45,АНнА сМИРнова,8(9843) 35-70,5,мОЛоКО,2,5475.34,524.66,prOCESSiNg,Проверить наличие,21.03.2024,4805131250383664
2029943301959,23.03.2024 23:45,АНнА сМИРнова,8(9843) 35-70,3,аМуНИЦИя дЛЯ СоБАК,4,4093.38,706.62,PrOCEssiNg,Проверить наличие,21.03.2024,4805131250383664
2029943301959,23.03.2024 23:45,АНнА сМИРнова,8(9843) 35-70,5,МолоКО,2,4942.27,1057.73,procEsSiNG,Проверить наличие,21.03.2024,4805131250383664
2029943301959,23.03.2024 23:45,АНнА сМИРнова,8(9843) 35-70,1,коРМ дЛя сОБаК,4,1700.86,299.14,PrOCESSing,Проверить наличие,21.03.2024,4805131250383664
2029943300165,2024-03-17 15:41:40,НАтАЛья ваСиЛьева,8(9536) 72-31,3,АмУницИя Для СобАК,1,1088.33,111.67,COMPLetED,Проверить наличие,2024/03/02,9987466615048271
2029943300165,2024-03-17 15:41:40,НАтАЛья ваСиЛьева,8(9536) 72-31,4,ПоДПИска На ГаЗЕту,2,1150.4,49.6,ComPLETeD,Проверить наличие,2024/03/02,9987466615048271
2029943300165,2024-03-17 15:41:40,НАтАЛья ваСиЛьева,8(9536) 72-31,3,амуниЦиЯ для собаК,3,3529.35,70.65,cOmPLETED,Проверить наличие,2024/03/02,9987466615048271
2029943300165,2024-03-17 15:41:40,НАтАЛья ваСиЛьева,8(9536) 72-31,5,мОЛОкО,2,5559.21,440.79,cOmPLEtEd,Проверить наличие,2024/03/02,9987466615048271
2029943300165,2024-03-17 15:41:40,НАтАЛья ваСиЛьева,8(9536) 72-31,4,подПИСка На газЕтУ,1,529.86,70.14,CoMplETED,Проверить наличие,2024/03/02,9987466615048271
2029943299650,2024-03-18 21:49:07,ДмитриЙ КуЗНЕЦов,+7 9462 56 76,1,Корм длЯ СоБАК,5,2461.7,38.3,PRocEssiNg,Проверить наличие,17.03.2024,0351832676708399
2029943299650,2024-03-18 21:49:07,ДмитриЙ КуЗНЕЦов,+7 9462 56 76,1,коРм ДлЯ СоБак,4,1881.33,118.67,pROceSSING,Проверить наличие,17.03.2024,0351832676708399
2029943299650,2024-03-18 21:49:07,ДмитриЙ КуЗНЕЦов,+7 9462 56 76,4,поДПиСка нА гаЗетУ,4,2170.31,229.69,prOcESsInG,Проверить наличие,17.03.2024,0351832676708399
2029943298975,05.03.2024 14:59,АЛЕкСей МихАЙЛОВ,+7(9595)44-00,1,КоРМ ДлЯ соБАК,2,970.99,29.01,canCELLED,Ждём с нетерпением!,30.03.2024,1591846395837998
2029943298975,05.03.2024 14:59,АЛЕкСей МихАЙЛОВ,+7(9595)44-00,3,АмУНИЦия Для СобАК,1,983.82,216.18,CANceLlEd,Ждём с нетерпением!,30.03.2024,1591846395837998
2029943298975,05.03.2024 14:59,АЛЕкСей МихАЙЛОВ,+7(9595)44-00,2,игрУШкА МЯЧ,1,294.09,5.91,cancELlEd,Ждём с нетерпением!,30.03.2024,1591846395837998
2029943298975,05.03.2024 14:59,АЛЕкСей МихАЙЛОВ,+7(9595)44-00,3,АМУнИЦиЯ Для соБАк,5,5020.9,979.1,cANCELLED,Ждём с нетерпением!,30.03.2024,1591846395837998
2029943297200,2024/03/14 03:52:57,аННа смиРНОва,8(9784) 10-84,2,ИГрушКа мЯЧ,2,487.53,112.47,cAnCElLEd,Нужно уточнить сроки,30.03.2024,3601663443611978
2029943297200,2024/03/14 03:52:57,аННа смиРНОва,8(9784) 10-84,4,поДПиска нА ГаЗеТу,2,1049.39,150.61,cANCelled,Нужно уточнить сроки,30.03.2024,3601663443611978
2029943297200,2024/03/14 03:52:57,аННа смиРНОва,8(9784) 10-84,4,ПоДПиСкА на гАзЕту,4,2339.08,60.92,cAncEllED,Нужно уточнить сроки,30.03.2024,3601663443611978
2029943297200,2024/03/14 03:52:57,аННа смиРНОва,8(9784) 10-84,4,ПодПИска На гАзетУ,5,2699.91,300.09,CancELled,Нужно уточнить сроки,30.03.2024,3601663443611978
2029943296549,2024-03-24 10:57:50,НАтАлья вАСильеВА,8(9176) 98-64,2,игрУшкА мЯч,1,265.61,34.39,CanCELLeD,подарок вовремя,2024-03-30,2173814471611226
2029943551447,2024/03/15 01:02:22,АННа сМиРНоВа,+7(9938)14-79,2,игРуШКА МяЧ,4,989.19,210.81,cancelLEd,Проверить наличие,30.03.2024,9243048729206822
2029943551447,2024/03/15 01:02:22,АННа сМиРНоВа,+7(9938)14-79,4,подПиСкА нА гАзЕТУ,4,2165.42,234.58,CAnCeLLEd,Проверить наличие,30.03.2024,9243048729206822
2029943551447,2024/03/15 01:02:22,АННа сМиРНоВа,+7(9938)14-79,5,МОЛОКО,5,12770.27,2229.73,CAnCELleD,Проверить наличие,30.03.2024,9243048729206822
2029943550275,2024-03-23 12:40:08,ДмитРиЙ КуЗнЕцоВ,+7 9509 39 35,3,АмуниЦИя ДЛЯ собАК,5,5352.62,647.38,coMplETeD,"Задержка с доставкой, печалька...",16.03.2024,3293462731449431
2029943550275,2024-03-23 12:40:08,ДмитРиЙ КуЗнЕцоВ,+7 9509 39 35,5,Молоко,3,7681.98,1318.02,COMpLeTED,"Задержка с доставкой, печалька...",16.03.2024,3293462731449431
2029943550275,2024-03-23 12:40:08,ДмитРиЙ КуЗнЕцоВ,+7 9509 39 35,2,ИГРуШка мЯЧ,4,1050.18,149.82,COMpleTEd,"Задержка с доставкой, печалька...",16.03.2024,3293462731449431
2029943550275,2024-03-23 12:40:08,ДмитРиЙ КуЗнЕцоВ,+7 9509 39 35,4,пОдПиСКА На гАзЕТУ,5,2886.07,113.93,cOMPLEtEd,"Задержка с доставкой, печалька...",16.03.2024,3293462731449431
2029943550275,2024-03-23 12:40:08,ДмитРиЙ КуЗнЕцоВ,+7 9509 39 35,3,АмуНИцИя ДЛя сОбаК,1,1038.96,161.04,cOMpLeTed,"Задержка с доставкой, печалька...",16.03.2024,3293462731449431
2029943549190,2024/03/24 13:15:09,МИХАИЛ ОРлОв,8(9512) 35-28,4,ПОДпИскА на ГАЗету,2,979.5,220.5,COmPLETed,спасибо за заказ,2024-03-10,4713099056245699
2029943548482,2024-03-25 05:56:44,Дмитрий КУзНЕцОв,+7 9354 01 82,1,корМ для СОБАк,2,825.56,174.44,cANcElled,подарок вовремя,2024-03-21,6545192596972542
2029943547936,2024/03/11 07:53:35,сЕРГЕЙ сИДоРОв,+7 9559 23 82,1,КоРм ДЛЯ сОБак,1,421.8,78.2,prOcESsING,подарок вовремя,26.03.2024,2429311276264541
2029943547936,2024/03/11 07:53:35,сЕРГЕЙ сИДоРОв,+7 9559 23 82,4,пОДПисКА НА гАЗЕТУ,2,967.03,232.97,prOCEsSinG,подарок вовремя,26.03.2024,2429311276264541
2029943547936,2024/03/11 07:53:35,сЕРГЕЙ сИДоРОв,+7 9559 23 82,3,АмуницИя ДЛя СОБак,5,5978.7,21.3,ProCessiNG,подарок вовремя,26.03.2024,2429311276264541
2029943546413,15.03.2024 04:01,сеРГЕй СиДорОВ,+7(9241)21-22,3,аМУнициЯ ДЛЯ СОбак,5,5904.44,95.56,ProCESsinG,Ждём с нетерпением!,2024-03-24,1315191631749308
2029943545933,18.03.2024 10:57,еЛена НОвиКОва,8(9498) 47-05,3,амУНиЦИя дЛЯ СОбАК,3,3379.58,220.42,procESSinG,Нужно уточнить сроки,2024-03-04,1186580907033980
2029943545933,18.03.2024 10:57,еЛена НОвиКОва,8(9498) 47-05,2,игрушка МЯЧ,1,286.71,13.29,PROCEssing,Нужно уточнить сроки,2024-03-04,1186580907033980
2029943545933,18.03.2024 10:57,еЛена НОвиКОва,8(9498) 47-05,5,МОлОкО,5,12699.35,2300.65,ProcEssINg,Нужно уточнить сроки,2024-03-04,1186580907033980
2029943544859,01.03.2024 14:04,МарИЯ пЕТрОВа,+7 9275 53 88,1,КОРм дЛя собаК,1,467.32,32.68,cOMpLEted,спасибо за заказ,2024-03-11,0761699187150726
2029943544859,01.03.2024 14:04,МарИЯ пЕТрОВа,+7 9275 53 88,3,АмуНициЯ ДлЯ соБаК,5,5225.29,774.71,COmpLeTED,спасибо за заказ,2024-03-11,0761699187150726
2029943544859,01.03.2024 14:04,МарИЯ пЕТрОВа,+7 9275 53 88,4,ПоДПИСкА на гаЗЕТУ,4,2307.24,92.76,ComPlETEd,спасибо за заказ,2024-03-11,0761699187150726
2029943544859,01.03.2024 14:04,МарИЯ пЕТрОВа,+7 9275 53 88,3,аМУНиЦиЯ дЛя СОБак,1,1046.93,153.07,COmpLEtED,спасибо за заказ,2024-03-11,0761699187150726
2029943543751,27.03.2024 09:54,НАтаЛьЯ ВАсиЛьева,8(9713) 89-63,1,КоРм ДЛя собАК,3,1246.1,253.9,CAncEllEd,Всё отлично!,09.03.2024,9077775314233288
2029943543751,27.03.2024 09:54,НАтаЛьЯ ВАсиЛьева,8(9713) 89-63,2,иГРуШКа мЯч,5,1299.07,200.93,canceLLED,Всё отлично!,09.03.2024,9077775314233288
2029943543751,27.03.2024 09:54,НАтаЛьЯ ВАсиЛьева,8(9713) 89-63,1,корм Для СобАк,5,2425.13,74.87,cANCELleD,Всё отлично!,09.03.2024,9077775314233288
2029943543751,27.03.2024 09:54,НАтаЛьЯ ВАсиЛьева,8(9713) 89-63,4,ПОдПИска нА гАзетУ,4,1925.17,474.83,CANcelLED,Всё отлично!,09.03.2024,9077775314233288
2029943542730,14.03.2024 09:06,анНА смИРНовА,8(9749) 50-65,1,коРМ Для сОБАК,1,461.71,38.29,CANCellED,подарок вовремя,2024-03-04,4312319437088675
2029943542730,14.03.2024 09:06,анНА смИРНовА,8(9749) 50-65,3,амуНициЯ дЛЯ собАк,4,4282.91,517.09,cANcElLEd,подарок вовремя,2024-03-04,4312319437088675
2029943542730,14.03.2024 09:06,анНА смИРНовА,8(9749) 50-65,3,амуНИциЯ дЛя Собак,4,4458.7,341.3,CaNCelleD,подарок вовремя,2024-03-04,4312319437088675
2029943542730,14.03.2024 09:06,анНА смИРНовА,8(9749) 50-65,4,подПиска На газету,1,523.63,76.37,cAncElLED,подарок вовремя,2024-03-04,4312319437088675
2029943541879,22.03.2024 02:23,дмитрий КуЗНеЦоВ,+7(9676)21-76,2,ИГРушКА мЯЧ,2,563.43,36.57,cOmPlEteD,Всё отлично!,2024/03/22,1965852818313711
2029943541879,22.03.2024 02:23,дмитрий КуЗНеЦоВ,+7(9676)21-76,2,игРУшКа МяЧ,4,1093.76,106.24,cOMPleTEd,Всё отлично!,2024/03/22,1965852818313711
2029943541879,22.03.2024 02:23,дмитрий КуЗНеЦоВ,+7(9676)21-76,5,Молоко,4,10233.33,1766.67,coMpletED,Всё отлично!,2024/03/22,1965852818313711
2029943540428,2024-03-10 19:01:44,АлеКсей МИхАЙЛОВ,+7 9511 15 28,5,мОЛОко,3,7797.04,1202.96,PrOCEsSing,Ждём с нетерпением!,27.03.2024,3152814682948720
2029943539274,21.03.2024 07:12,АннА смИрновА,+7 9824 22 57,2,иГРуШкА мЯч,5,1415.55,84.45,CaNCellEd,Проверить наличие,2024/03/17,3028689018460682
2029943539274,21.03.2024 07:12,АннА смИрновА,+7 9824 22 57,2,ИГРУшКа мяч,5,1291.41,208.59,CancElLed,Проверить наличие,2024/03/17,3028689018460682
2029943539274,21.03.2024 07:12,АннА смИрновА,+7 9824 22 57,3,АмунИциЯ Для СобаК,3,3574.99,25.01,cancelled,Проверить наличие,2024/03/17,3028689018460682
2029943539274,21.03.2024 07:12,АннА смИрновА,+7 9824 22 57,5,моЛОкО,2,5587.79,412.21,cANCeLLED,Проверить наличие,2024/03/17,3028689018460682
2029943538621,2024-03-09 20:43:26,иВАН иВАнов,8(9597) 34-99,1,КОРм ДлЯ собак,2,844.95,155.05,ProcESSInG,Проверить наличие,2024-03-18,2045644519167682
2029943538621,2024-03-09 20:43:26,иВАН иВАнов,8(9597) 34-99,5,МоЛоКО,1,2411.45,588.55,PrOCESSIng,Проверить наличие,2024-03-18,2045644519167682
2029943538621,2024-03-09 20:43:26,иВАН иВАнов,8(9597) 34-99,4,ПОДпиСКа нА гАЗеТу,4,1957.43,442.57,pRoCeSSING,Проверить наличие,2024-03-18,2045644519167682
2029943537512,2024-03-03 23:43:06,АННА смИрНовА,+7 9313 29 36,2,игРУШКА мЯЧ,4,990.45,209.55,PrOcESsinG,"Задержка с доставкой, печалька...",2024-03-31,7378647521412287
2029943536696,15.03.2024 23:57,СЕргЕй сидоРОВ,+7 9090 03 84,3,Амуниция ДЛя соБаК,2,1967.46,432.54,CANCElLed,Проверить наличие,03.03.2024,0892502217200542
2029943536696,15.03.2024 23:57,СЕргЕй сидоРОВ,+7 9090 03 84,2,игрУшкА МяЧ,2,580.78,19.22,cANCeLLeD,Проверить наличие,03.03.2024,0892502217200542
2029943535549,23.03.2024 04:42,ИваН ИВАНОв,+7 9466 44 62,2,ИгРушкА мяч,2,568.78,31.22,ComPleted,Нужно уточнить сроки,27.03.2024,1972708629026080
2029943535549,23.03.2024 04:42,ИваН ИВАНОв,+7 9466 44 62,3,АМуниЦИЯ для СОбАк,2,2393.17,6.83,CoMpLETED,Нужно уточнить сроки,27.03.2024,1972708629026080
2029943535549,23.03.2024 04:42,ИваН ИВАНОв,+7 9466 44 62,5,мОЛОкО,4,10399.16,1600.84,COMplETeD,Нужно уточнить сроки,27.03.2024,1972708629026080
2029943535549,23.03.2024 04:42,ИваН ИВАНОв,+7 9466 44 62,2,игрУШКА МЯч,2,552.96,47.04,cOMpLETeD,Нужно уточнить сроки,27.03.2024,1972708629026080
2029943535549,23.03.2024 04:42,ИваН ИВАНОв,+7 9466 44 62,5,мОЛОКо,3,8009.76,990.24,CoMplEteD,Нужно уточнить сроки,27.03.2024,1972708629026080
2029943534109,16.03.2024 16:07,МихаИл оРЛОв,8(9142) 66-09,5,МоЛоКо,5,12338.82,2661.18,CanCeLLEd,Ждём с нетерпением!,2024-03-20,2711731776959211
2029943534109,16.03.2024 16:07,МихаИл оРЛОв,8(9142) 66-09,4,ПОдПИсКА нА ГАзЕтУ,3,1588.73,211.27,CAncelLEd,Ждём с нетерпением!,2024-03-20,2711731776959211
2029943534109,16.03.2024 16:07,МихаИл оРЛОв,8(9142) 66-09,2,ИГРушКА МЯЧ,4,991.36,208.64,cancelLeD,Ждём с нетерпением!,2024-03-20,2711731776959211
2029943534109,16.03.2024 16:07,МихаИл оРЛОв,8(9142) 66-09,4,пОдписка НА гАзету,1,522.5,77.5,CAncELLED,Ждём с нетерпением!,2024-03-20,2711731776959211
2029943533700,2024-03-28 14:49:16,АлеКСЕй мИхАйЛоВ,+7(9204)97-99,4,пОДПисКа нА гаЗЕту,4,2081.68,318.32,CompLETEd,Ждём с нетерпением!,28.03.2024,8904815153442104
2029943533700,2024-03-28 14:49:16,АлеКСЕй мИхАйЛоВ,+7(9204)97-99,2,игруШкА мЯч,1,283.57,16.43,cOmPLETed,Ждём с нетерпением!,28.03.2024,8904815153442104
2029943533700,2024-03-28 14:49:16,АлеКСЕй мИхАйЛоВ,+7(9204)97-99,2,ИгРушка МяЧ,3,740.47,159.53,cOmplETEd,Ждём с нетерпением!,28.03.2024,8904815153442104
2029943533700,2024-03-28 14:49:16,АлеКСЕй мИхАйЛоВ,+7(9204)97-99,2,иГрУШКа МяЧ,2,541.6,58.4,cOMPLeTED,Ждём с нетерпением!,28.03.2024,8904815153442104
2029943532354,19.03.2024 14:10,натАЛья вАСИЛЬЕва,+7(9129)39-98,3,амУНиЦия для СоБак,2,2151.26,248.74,CAnCELlED,Ждём с нетерпением!,2024-03-10,2948866614978010
2029943532354,19.03.2024 14:10,натАЛья вАСИЛЬЕва,+7(9129)39-98,2,иГрУшка мяч,4,985.76,214.24,cancElLEd,Ждём с нетерпением!,2024-03-10,2948866614978010
2029943531531,2024/03/05 23:21:31,НАталья ваСильева,+7(9500)45-48,2,иГрУшка МЯч,4,1170.88,29.12,pRoceSSInG,спасибо за заказ,2024-03-29,9538858160090332
2029943531531,2024/03/05 23:21:31,НАталья ваСильева,+7(9500)45-48,1,корМ дЛЯ СОБАК,5,2093.35,406.65,PRoCeSSinG,спасибо за заказ,2024-03-29,9538858160090332
2029943531531,2024/03/05 23:21:31,НАталья ваСильева,+7(9500)45-48,1,коРм ДлЯ сОБаК,3,1248.34,251.66,pRocESSing,спасибо за заказ,2024-03-29,9538858160090332
2029943531531,2024/03/05 23:21:31,НАталья ваСильева,+7(9500)45-48,4,поДпиСКа На ГАзЕтУ,4,2370.93,29.07,procesSING,спасибо за заказ,2024-03-29,9538858160090332
2029943530320,12.03.2024 01:09,алексей МихайлоВ,+7 9651 99 80,1,кОРМ Для СобАК,1,497.05,2.95,cOMPLEtEd,спасибо за заказ,16.03.2024,4220980898020057
2029943530320,12.03.2024 01:09,алексей МихайлоВ,+7 9651 99 80,3,АмУнИЦИЯ длЯ соБАк,4,4422.95,377.05,ComPLETed,спасибо за заказ,16.03.2024,4220980898020057
2029943529549,2024-03-04 06:46:06,анНА СмирновА,+7(9263)14-20,2,ИГРУШкА мяч,5,1282.02,217.98,PRoCeSsing,"Задержка с доставкой, печалька...",2024-03-01,0423748396158386
2029943529549,2024-03-04 06:46:06,анНА СмирновА,+7(9263)14-20,2,ИГРУшКА мяЧ,3,827.38,72.62,ProCEsSING,"Задержка с доставкой, печалька...",2024-03-01,0423748396158386
2029943529549,2024-03-04 06:46:06,анНА СмирновА,+7(9263)14-20,4,ПоДПисКа нА ГазеТУ,2,1070.79,129.21,PrOCeSSING,"Задержка с доставкой, печалька...",2024-03-01,0423748396158386
2029943529549,2024-03-04 06:46:06,анНА СмирновА,+7(9263)14-20,2,ИгРУШКА мяЧ,1,255.93,44.07,pROcEsSInG,"Задержка с доставкой, печалька...",2024-03-01,0423748396158386
2029943528762,08.03.2024 20:54,МаРИЯ петрОва,8(9238) 66-16,1,кОрм ДЛЯ СобаК,5,2079.81,420.19,cOmpLETed,Нужно уточнить сроки,08.03.2024,8395402656209897
2029943528762,08.03.2024 20:54,МаРИЯ петрОва,8(9238) 66-16,3,амУнИция дЛЯ СобАк,3,3192.05,407.95,coMpLeTEd,Нужно уточнить сроки,08.03.2024,8395402656209897
2029943527537,2024-03-28 17:51:45,мАрИЯ петрОВА,+7(9784)71-63,3,АМуНИцИя ДлЯ соБаК,3,3492.12,107.88,COMPlEted,подарок вовремя,2024-03-14,6650476929664335
2029943527537,2024-03-28 17:51:45,мАрИЯ петрОВА,+7(9784)71-63,4,пОдПИСка НА ГАзЕтУ,3,1748.57,51.43,comPLeTed,подарок вовремя,2024-03-14,6650476929664335
2029943526102,15.03.2024 01:43,иван иваНов,+7 9743 96 96,4,пОДпИсКА На ГАЗеТу,2,1175.44,24.56,CoMPLeTED,Нужно уточнить сроки,2024/03/28,7051340954546985
2029943525156,09.03.2024 16:54,ИВаН иВАнов,8(9572) 12-29,1,кОРм ДЛЯ СОбаК,1,496.99,3.01,caNCeLlEd,спасибо за заказ,2024-03-01,8882878075691798
2029943525156,09.03.2024 16:54,ИВаН иВАнов,8(9572) 12-29,1,Корм длЯ соБак,2,933.72,66.28,CancELLeD,спасибо за заказ,2024-03-01,8882878075691798
2029943524761,2024-03-05 21:39:57,Иван ИвАНОв,+7 9476 22 62,2,ИгРушКа мЯЧ,5,1439.96,60.04,CaNcelled,"Задержка с доставкой, печалька...",2024-03-17,3499306225074632
2029943524761,2024-03-05 21:39:57,Иван ИвАНОв,+7 9476 22 62,1,коРМ дЛя сОБак,4,1620.57,379.43,CaNcELLeD,"Задержка с доставкой, печалька...",2024-03-17,3499306225074632
2029943523287,2024-03-26 02:02:21,АНна смИрнОва,+7(9932)14-05,3,АМуНИЦИЯ ДлЯ сОБаК,4,4083.05,716.95,caNcElLEd,Всё отлично!,04.03.2024,8815920764804632
2029943522574,2024/03/26 18:29:23,нАтАЛья ваСильеВА,+7(9278)78-76,2,ИГрушкА мЯЧ,3,781.89,118.11,cAnceLLEd,Ждём с нетерпением!,2024-03-10,1751265280103724
2029943522574,2024/03/26 18:29:23,нАтАЛья ваСильеВА,+7(9278)78-76,3,амУНиЦИя ДлЯ собАк,1,1130.14,69.86,cancELLEd,Ждём с нетерпением!,2024-03-10,1751265280103724
2029943522574,2024/03/26 18:29:23,нАтАЛья ваСильеВА,+7(9278)78-76,3,АмуницИЯ ДлЯ сОБак,4,3928.7,871.3,cANcElLED,Ждём с нетерпением!,2024-03-10,1751265280103724
2029943522574,2024/03/26 18:29:23,нАтАЛья ваСильеВА,+7(9278)78-76,3,АмУНиЦиЯ дЛЯ сОбак,5,5002.36,997.64,CAnCeLlED,Ждём с нетерпением!,2024-03-10,1751265280103724
2029943522574,2024/03/26 18:29:23,нАтАЛья ваСильеВА,+7(9278)78-76,1,кОрМ ДЛя соБАК,1,489.9,10.1,cAncelLeD,Ждём с нетерпением!,2024-03-10,1751265280103724
2029943521617,2024-03-30 22:23:21,ИВан ИваНОВ,+7(9314)56-73,1,кОРм длЯ СОбак,2,926.3,73.7,prOCeSsING,спасибо за заказ,2024/03/08,5623116582037480
2029943521617,2024-03-30 22:23:21,ИВан ИваНОВ,+7(9314)56-73,2,игрУшКА МЯЧ,5,1213.55,286.45,proCeSSIng,спасибо за заказ,2024/03/08,5623116582037480
2029943521617,2024-03-30 22:23:21,ИВан ИваНОВ,+7(9314)56-73,1,коРМ ДЛя сОБАк,4,1776.51,223.49,procEssinG,спасибо за заказ,2024/03/08,5623116582037480
2029943521617,2024-03-30 22:23:21,ИВан ИваНОВ,+7(9314)56-73,1,КОрМ дЛя собАК,1,476.5,23.5,pROCEsSINg,спасибо за заказ,2024/03/08,5623116582037480
2029943521617,2024-03-30 22:23:21,ИВан ИваНОВ,+7(9314)56-73,3,амуНИЦИя для сОбАк,5,5697.88,302.12,ProcesSing,спасибо за заказ,2024/03/08,5623116582037480
2029943520699,27.03.2024 03:39,михаИЛ ОРЛОв,+7 9408 60 45,4,пОДпискА нА гАЗЕту,4,1928.17,471.83,cOmPlETEd,"Задержка с доставкой, печалька...",06.03.2024,9260387028792112
2029943520699,27.03.2024 03:39,михаИЛ ОРЛОв,+7 9408 60 45,5,молоко,5,14371.41,628.59,CoMPlEtED,"Задержка с доставкой, печалька...",06.03.2024,9260387028792112
2029943520699,27.03.2024 03:39,михаИЛ ОРЛОв,+7 9408 60 45,5,МОлоКо,1,2900.81,99.19,COmplEteD,"Задержка с доставкой, печалька...",06.03.2024,9260387028792112
2029943520699,27.03.2024 03:39,михаИЛ ОРЛОв,+7 9408 60 45,2,ИгРушКа мЯЧ,2,506.73,93.27,CoMPLETed,"Задержка с доставкой, печалька...",06.03.2024,9260387028792112
2029943519886,2024/03/14 01:08:30,сЕРгеЙ сИдОРов,+7(9433)96-78,3,АмуНиция ДЛЯ сОБак,4,4594.47,205.53,prOCeSSing,Всё отлично!,2024/03/28,6505728103798370
2029943519886,2024/03/14 01:08:30,сЕРгеЙ сИдОРов,+7(9433)96-78,5,МоЛОкО,4,11907.3,92.7,PRocessInG,Всё отлично!,2024/03/28,6505728103798370
2029943519886,2024/03/14 01:08:30,сЕРгеЙ сИдОРов,+7(9433)96-78,1,коРМ дЛя сОбАк,4,1603.19,396.81,PrOcESSing,Всё отлично!,2024/03/28,6505728103798370
2029943519886,2024/03/14 01:08:30,сЕРгеЙ сИдОРов,+7(9433)96-78,5,МОлОКо,2,4924.79,1075.21,PrOceSSiNg,Всё отлично!,2024/03/28,6505728103798370
2029943519886,2024/03/14 01:08:30,сЕРгеЙ сИдОРов,+7(9433)96-78,2,ИГРУШКА мЯЧ,5,1274.2,225.8,proCEsSiNg,Всё отлично!,2024/03/28,6505728103798370
2029943518690,06.03.2024 03:18,АННА сМИРНоВА,8(9176) 95-74,4,ПодпиСкА На ГАзЕТУ,5,2924.38,75.62,pROCessiNG,Ждём с нетерпением!,12.03.2024,2107169994988168
2029943517696,2024-03-14 07:10:43,ольга КУзНецОва,+7(9623)78-92,1,КОрМ ДЛя СоБак,3,1296.45,203.55,CaNceLLEd,подарок вовремя,2024/03/29,2564796048700367
2029943517696,2024-03-14 07:10:43,ольга КУзНецОва,+7(9623)78-92,4,ПОДПисКа на ГАзЕТу,1,589.9,10.1,CaNcEllED,подарок вовремя,2024/03/29,2564796048700367
2029943516564,02.03.2024 15:08,СЕргЕй сИДОРОв,+7 9212 58 94,5,МОлоко,4,9808.9,2191.1,PRocESSinG,Нужно уточнить сроки,2024/03/27,6994412430976242
2029943516564,02.03.2024 15:08,СЕргЕй сИДОРОв,+7 9212 58 94,1,корм длЯ сОбак,2,868.99,131.01,prOCEsSiNg,Нужно уточнить сроки,2024/03/27,6994412430976242
2029943515225,05.03.2024 13:11,натаЛья ВасИЛЬева,+7(9309)38-84,1,КОрМ ДЛЯ сОБаК,2,998.57,1.43,cOMPlETeD,подарок вовремя,2024/03/07,7649466634213338
2029943515225,05.03.2024 13:11,натаЛья ВасИЛЬева,+7(9309)38-84,3,амУнИцИЯ длЯ сОбак,2,1929.85,470.15,cOMplEted,подарок вовремя,2024/03/07,7649466634213338
2029943515225,05.03.2024 13:11,натаЛья ВасИЛЬева,+7(9309)38-84,1,КоРм ДЛЯ соБАК,2,933.78,66.22,coMPletED,подарок вовремя,2024/03/07,7649466634213338
2029943515225,05.03.2024 13:11,натаЛья ВасИЛЬева,+7(9309)38-84,3,АмуНИЦиЯ длЯ СоБак,4,4477.79,322.21,CompleTEd,подарок вовремя,2024/03/07,7649466634213338
2029943514799,2024-03-24 16:44:40,ИвАН иВаНОВ,+7(9498)47-18,1,КОРм для сОбак,3,1209.52,290.48,cAncEllED,Ждём с нетерпением!,2024/03/16,5711409340109375
2029943514799,2024-03-24 16:44:40,ИвАН иВаНОВ,+7(9498)47-18,5,МОлОкО,2,5739.4,260.6,canCElLEd,Ждём с нетерпением!,2024/03/16,5711409340109375
2029943514799,2024-03-24 16:44:40,ИвАН иВаНОВ,+7(9498)47-18,2,иГрушка мяч,3,771.78,128.22,cAncELleD,Ждём с нетерпением!,2024/03/16,5711409340109375
2029943514799,2024-03-24 16:44:40,ИвАН иВаНОВ,+7(9498)47-18,4,ПОдпиСка НА ГАзеТУ,2,1127.37,72.63,cANcellEd,Ждём с нетерпением!,2024/03/16,5711409340109375
2029943514799,2024-03-24 16:44:40,ИвАН иВаНОВ,+7(9498)47-18,2,иГРУШКа Мяч,1,250.03,49.97,CancelleD,Ждём с нетерпением!,2024/03/16,5711409340109375
2029943513169,2024-03-20 10:46:43,АННа смИРНоВА,+7 9931 71 81,1,кОРм для Собак,3,1454.76,45.24,pRocesSInG,"Задержка с доставкой, печалька...",2024/03/14,4144360402303263
2029943512356,28.03.2024 11:56,алЕКСЕЙ миХайЛОВ,+7 9210 41 92,2,ИгрУШкА мЯч,3,802.63,97.37,proceSSinG,Ждём с нетерпением!,2024-03-23,0223156016346869
2029943512356,28.03.2024 11:56,алЕКСЕЙ миХайЛОВ,+7 9210 41 92,2,иГРушка мЯч,5,1401.03,98.97,pRoCESsing,Ждём с нетерпением!,2024-03-23,0223156016346869
2029943512356,28.03.2024 11:56,алЕКСЕЙ миХайЛОВ,+7 9210 41 92,3,АмуниЦиЯ ДлЯ сОБак,5,5827.02,172.98,pRoCESSiNg,Ждём с нетерпением!,2024-03-23,0223156016346869
2029943511874,2024/03/29 06:50:57,олЬга кУзНецовА,+7(9261)31-06,4,поДпискА НА газеТУ,1,576.8,23.2,CompLEteD,подарок вовремя,2024-03-28,0022078718386099
2029943511874,2024/03/29 06:50:57,олЬга кУзНецовА,+7(9261)31-06,4,подПиСкА На ГазеТу,1,501.44,98.56,COMPLETED,подарок вовремя,2024-03-28,0022078718386099
2029943510104,22.03.2024 13:01,НАтАЛЬя вАСИЛЬеВа,8(9340) 42-83,5,мОЛоко,1,2589.94,410.06,CoMpLetED,Ждём с нетерпением!,2024/03/21,6232121170752009
2029943509882,2024-03-21 02:36:31,сеРгЕй СИдОРОВ,+7(9322)02-87,1,Корм длЯ СОБак,5,2381.34,118.66,CancelleD,Проверить наличие,2024-03-29,5329994664763451
2029943508172,2024-03-12 04:19:03,нАТАлЬЯ ВАсИЛЬЕВа,8(9483) 23-75,3,амУНиЦия длЯ сОБАК,3,3322.82,277.18,PrOcEssinG,Проверить наличие,13.03.2024,8258758317625875
2029943508172,2024-03-12 04:19:03,нАТАлЬЯ ВАсИЛЬЕВа,8(9483) 23-75,3,аМУнИЦия для соБАк,3,3399.9,200.1,PROcessinG,Проверить наличие,13.03.2024,8258758317625875
2029943508172,2024-03-12 04:19:03,нАТАлЬЯ ВАсИЛЬЕВа,8(9483) 23-75,1,КоРМ дЛЯ сОбАк,3,1253.27,246.73,PROCEsSiNG,Проверить наличие,13.03.2024,8258758317625875
2029943507827,02.03.2024 10:35,АлексЕй МихАйЛов,8(9555) 94-65,4,подПиСка нА гаЗеТУ,1,578.83,21.17,prOCessing,Проверить наличие,2024/03/29,9520160544989426
2029943506601,2024/03/07 04:06:30,мАрия петровА,+7 9823 77 82,5,молОКО,5,14410.19,589.81,prOCESsinG,спасибо за заказ,27.03.2024,9163874583000703
2029943506601,2024/03/07 04:06:30,мАрия петровА,+7 9823 77 82,1,Корм Для сОбАК,5,2435.7,64.3,pROcESSINg,спасибо за заказ,27.03.2024,9163874583000703
2029943505218,2024/03/22 13:17:57,иВАН ИвАнОВ,8(9069) 46-50,1,кОрм ДлЯ соБАк,3,1374.14,125.86,prOCEssInG,"Задержка с доставкой, печалька...",2024-03-16,3722111471870228
2029943505218,2024/03/22 13:17:57,иВАН ИвАнОВ,8(9069) 46-50,3,аМуницИя ДлЯ сОБак,1,1131.58,68.42,PrOcESSINg,"Задержка с доставкой, печалька...",2024-03-16,3722111471870228
2029943505218,2024/03/22 13:17:57,иВАН ИвАнОВ,8(9069) 46-50,3,аМУниЦИЯ дЛя СобаК,2,1945.92,454.08,pRoCeSSiNG,"Задержка с доставкой, печалька...",2024-03-16,3722111471870228
2029943504699,2024-03-15 11:56:54,ДмиТРИЙ КузнеЦоВ,8(9051) 28-43,3,АМуНициЯ ДЛЯ собАк,1,1106.01,93.99,COMPletEd,спасибо за заказ,01.03.2024,9238463760356071
2029943503584,2024-03-13 03:18:44,МИХаиЛ ОрЛОВ,+7(9629)51-71,3,АмУнИцИя длЯ СОбаК,3,3560.84,39.16,coMPletED,Нужно уточнить сроки,03.03.2024,6769829083671412
2029943503584,2024-03-13 03:18:44,МИХаиЛ ОрЛОВ,+7(9629)51-71,1,КоРМ дЛЯ СоБАК,3,1359.28,140.72,coMPLeteD,Нужно уточнить сроки,03.03.2024,6769829083671412
2029943502518,2024-03-13 17:21:09,НатАлЬя ВасИЛЬевА,8(9817) 66-76,1,кОРМ ДлЯ сОбАк,5,2482.71,17.29,cANCeLLED,Проверить наличие,2024/03/29,3076805505901985
2029943501142,24.03.2024 18:30,МАРиЯ пЕтрОВА,8(9511) 09-94,3,амУнИЦиЯ для собак,3,3151.91,448.09,PRoCeSsing,Всё отлично!,05.03.2024,7087189205071014
2029943500383,10.03.2024 10:33,аЛеКСЕЙ МИХАйлОв,+7 9551 14 47,2,ИГРуШКа мяЧ,3,802.6,97.4,prOCEsSiNG,Ждём с нетерпением!,2024-03-23,8728482304759230
2029943500383,10.03.2024 10:33,аЛеКСЕЙ МИХАйлОв,+7 9551 14 47,4,подпиСка на гАЗЕту,5,2578.37,421.63,pROCESsing,Ждём с нетерпением!,2024-03-23,8728482304759230
2029943500383,10.03.2024 10:33,аЛеКСЕЙ МИХАйлОв,+7 9551 14 47,5,МоЛоКО,4,10703.17,1296.83,PrOcesSiNg,Ждём с нетерпением!,2024-03-23,8728482304759230
2029943499301,13.03.2024 03:47,сеРГей СиДоРов,+7(9749)92-14,5,МОЛокО,5,13995.28,1004.72,COmPleTED,Нужно уточнить сроки,09.03.2024,9529051367543396
2029943499301,13.03.2024 03:47,сеРГей СиДоРов,+7(9749)92-14,4,пОдПиска на гАзетУ,4,2230.86,169.14,cOmPLETED,Нужно уточнить сроки,09.03.2024,9529051367543396
2029943499301,13.03.2024 03:47,сеРГей СиДоРов,+7(9749)92-14,4,подПиСКа нА газЕТу,5,2499.81,500.19,COmpleted,Нужно уточнить сроки,09.03.2024,9529051367543396
2029943499301,13.03.2024 03:47,сеРГей СиДоРов,+7(9749)92-14,4,пОДпИСКа На газЕТу,3,1523.14,276.86,CoMPLEted,Нужно уточнить сроки,09.03.2024,9529051367543396
2029943498315,2024-03-23 13:50:52,оЛЬга кузнецОВа,8(9725) 44-71,3,АмуНиция дЛя соБаК,3,3287.51,312.49,PRocESsINg,Нужно уточнить сроки,2024/03/19,5215642841174244
2029943498315,2024-03-23 13:50:52,оЛЬга кузнецОВа,8(9725) 44-71,2,игруШКа МЯЧ,4,1180.84,19.16,proCeSSinG,Нужно уточнить сроки,2024/03/19,5215642841174244
2029943498315,2024-03-23 13:50:52,оЛЬга кузнецОВа,8(9725) 44-71,1,коРМ Для сОБаК,5,2453.32,46.68,PROCesSInG,Нужно уточнить сроки,2024/03/19,5215642841174244
2029943497354,04.03.2024 17:58,михАил ОРЛов,8(9400) 71-14,3,амУниЦия Для СобАк,3,3541.77,58.23,comPlEted,Ждём с нетерпением!,2024/03/26,0918094300550871
2029943497354,04.03.2024 17:58,михАил ОРЛов,8(9400) 71-14,4,ПоДписка НА гаЗЕту,3,1553.76,246.24,compLEtED,Ждём с нетерпением!,2024/03/26,0918094300550871
2029943497354,04.03.2024 17:58,михАил ОРЛов,8(9400) 71-14,4,пОдПисКА на газЕту,3,1777.41,22.59,COMpLETed,Ждём с нетерпением!,2024/03/26,0918094300550871
2029943496813,2024-03-09 23:51:47,ИвАн ИВаНов,+7(9360)12-32,1,кОРМ ДлЯ соБак,3,1326.47,173.53,cOMPLETed,подарок вовремя,21.03.2024,8292606845017262
2029943496813,2024-03-09 23:51:47,ИвАн ИВаНов,+7(9360)12-32,3,АмУНицИя дЛЯ собак,2,2308.13,91.87,coMpLEtEd,подарок вовремя,21.03.2024,8292606845017262
2029943496813,2024-03-09 23:51:47,ИвАн ИВаНов,+7(9360)12-32,5,МоЛоко,2,5439.86,560.14,cOmPlEtEd,подарок вовремя,21.03.2024,8292606845017262
2029943496813,2024-03-09 23:51:47,ИвАн ИВаНов,+7(9360)12-32,5,мОлокО,3,7468.73,1531.27,cOmPlEted,подарок вовремя,21.03.2024,8292606845017262
2029943496813,2024-03-09 23:51:47,ИвАн ИВаНов,+7(9360)12-32,2,ИгруШкА мЯч,2,486.31,113.69,COmpLetED,подарок вовремя,21.03.2024,8292606845017262
2029943495348,2024/03/09 15:03:48,михАиЛ оРЛОВ,+7 9521 02 66,2,ИгРуШКА Мяч,4,1162.92,37.08,cOMPLeTed,"Задержка с доставкой, печалька...",09.03.2024,8269842920886511
2029943495348,2024/03/09 15:03:48,михАиЛ оРЛОВ,+7 9521 02 66,5,МоЛОКО,4,10161.81,1838.19,COmPLEtEd,"Задержка с доставкой, печалька...",09.03.2024,8269842920886511
2029943495348,2024/03/09 15:03:48,михАиЛ оРЛОВ,+7 9521 02 66,1,КОрМ длЯ Собак,5,2204.13,295.87,coMpLeTEd,"Задержка с доставкой, печалька...",09.03.2024,8269842920886511
2029943495348,2024/03/09 15:03:48,михАиЛ оРЛОВ,+7 9521 02 66,3,АМуниЦия ДлЯ СоБаК,3,3461.07,138.93,coMplEteD,"Задержка с доставкой, печалька...",09.03.2024,8269842920886511
2029943494713,2024/03/12 22:19:05,МаРиЯ ПетроВа,+7(9985)85-85,5,МоЛоко,4,11463.01,536.99,caNcellED,спасибо за заказ,2024-03-15,2495597249258467
2029943494713,2024/03/12 22:19:05,МаРиЯ ПетроВа,+7(9985)85-85,3,АмуНицИЯ дЛя сОБАк,5,5966.23,33.77,caNcelLed,спасибо за заказ,2024-03-15,2495597249258467
2029943494713,2024/03/12 22:19:05,МаРиЯ ПетроВа,+7(9985)85-85,5,молОко,2,5487.57,512.43,CANceLLed,спасибо за заказ,2024-03-15,2495597249258467
2029943494713,2024/03/12 22:19:05,МаРиЯ ПетроВа,+7(9985)85-85,4,подпИСКА НА гАзету,1,549.1,50.9,CANCellEd,спасибо за заказ,2024-03-15,2495597249258467
2029943494713,2024/03/12 22:19:05,МаРиЯ ПетроВа,+7(9985)85-85,2,ИГрУшкА МяЧ,3,770.27,129.73,CaNCELLed,спасибо за заказ,2024-03-15,2495597249258467
2029943493675,2024-03-09 13:58:19,иван ИвАноВ,+7 9239 12 82,3,аМУНИЦиЯ длЯ соБаК,5,5639.61,360.39,cAncElLed,Нужно уточнить сроки,28.03.2024,8138718103751388
2029943492784,2024/03/06 05:53:47,ДмИтрий КузнеЦОВ,+7(9292)24-82,2,иГрушка МЯЧ,4,999.26,200.74,CompleTed,Всё отлично!,2024-03-19,1688929835630735
2029943491587,2024-03-17 15:42:27,ЕлеНа ноВИКОВА,+7(9772)98-96,2,иГрУШкА МяЧ,2,558.49,41.51,canCElLeD,Всё отлично!,16.03.2024,2048531889278391
2029943491587,2024-03-17 15:42:27,ЕлеНа ноВИКОВА,+7(9772)98-96,4,ПоДПИСКА на ГАзетУ,1,572.26,27.74,CancELLed,Всё отлично!,16.03.2024,2048531889278391
2029943491587,2024-03-17 15:42:27,ЕлеНа ноВИКОВА,+7(9772)98-96,2,ИГрУШКА МЯЧ,2,514.42,85.58,cANCeLled,Всё отлично!,16.03.2024,2048531889278391
2029943491587,2024-03-17 15:42:27,ЕлеНа ноВИКОВА,+7(9772)98-96,3,аМуНиЦиЯ ДЛя СОбАК,4,4527.57,272.43,CAnCelled,Всё отлично!,16.03.2024,2048531889278391
2029943490450,2024/03/31 01:55:11,Наталья ВАсИлЬЕВА,+7(9993)74-61,4,ПОдПиСка на ГАзету,1,569.35,30.65,pROceSSiNG,Проверить наличие,2024/03/10,6409389088585307
2029943490450,2024/03/31 01:55:11,Наталья ВАсИлЬЕВА,+7(9993)74-61,4,поДПиСкА На газеТу,2,1036.73,163.27,prOCessiNg,Проверить наличие,2024/03/10,6409389088585307
2029943490450,2024/03/31 01:55:11,Наталья ВАсИлЬЕВА,+7(9993)74-61,1,коРМ длЯ СоБАК,4,1958.93,41.07,ProCeSsInG,Проверить наличие,2024/03/10,6409389088585307
2029943490450,2024/03/31 01:55:11,Наталья ВАсИлЬЕВА,+7(9993)74-61,3,амуНиция ДЛЯ СОБак,1,1182.5,17.5,pROceSSINg,Проверить наличие,2024/03/10,6409389088585307
2029943490450,2024/03/31 01:55:11,Наталья ВАсИлЬЕВА,+7(9993)74-61,5,МолОко,1,2655.57,344.43,pROCEsSiNG,Проверить наличие,2024/03/10,6409389088585307
2029943489317,2024-03-25 14:40:52,ИваН ивАнОв,+7 9203 83 69,4,ПодПИсКа на Газету,2,1030.26,169.74,canCeLLeD,подарок вовремя,2024-03-31,1572040187287262
2029943489317,2024-03-25 14:40:52,ИваН ивАнОв,+7 9203 83 69,2,иГРушКа Мяч,1,251.55,48.45,Cancelled,подарок вовремя,2024-03-31,1572040187287262
2029943489317,2024-03-25 14:40:52,ИваН ивАнОв,+7 9203 83 69,4,пОдписКа На ГаЗЕту,1,525.99,74.01,cancELLeD,подарок вовремя,2024-03-31,1572040187287262
2029943489317,2024-03-25 14:40:52,ИваН ивАнОв,+7 9203 83 69,1,коРм дЛЯ соБак,1,430.96,69.04,CANcELLEd,подарок вовремя,2024-03-31,1572040187287262
2029943488691,27.03.2024 14:38,олЬГа КуЗнЕЦоВА,+7 9217 65 62,5,молоко,2,5055.2,944.8,cancelLeD,подарок вовремя,2024-03-07,4187181904810365
2029943488691,27.03.2024 14:38,олЬГа КуЗнЕЦоВА,+7 9217 65 62,5,МОлоКо,1,2860.25,139.75,caNcElLEd,подарок вовремя,2024-03-07,4187181904810365
2029943488691,27.03.2024 14:38,олЬГа КуЗнЕЦоВА,+7 9217 65 62,1,КоРм ДлЯ СоБАК,2,965.79,34.21,cANCElled,подарок вовремя,2024-03-07,4187181904810365
2029943487103,03.03.2024 11:52,аННА СМИрнОва,8(9070) 84-49,2,иГрушКа МяЧ,3,810.48,89.52,coMpLETEd,Всё отлично!,2024-03-22,4540836837483156
2029943486518,2024/03/21 15:21:10,ОлЬга КУзНеЦовА,+7(9474)23-67,3,АМуНиция длЯ СОБаК,1,1058.64,141.36,canCellED,подарок вовремя,2024/03/03,4232147230509290
2029943486518,2024/03/21 15:21:10,ОлЬга КУзНеЦовА,+7(9474)23-67,4,ПодПИСКА нА ГазеТу,1,508.17,91.83,caNCEllED,подарок вовремя,2024/03/03,4232147230509290
2029943486518,2024/03/21 15:21:10,ОлЬга КУзНеЦовА,+7(9474)23-67,1,КОрм дЛЯ СОбАК,5,2086.29,413.71,caNcElLeD,подарок вовремя,2024/03/03,4232147230509290
2029943486518,2024/03/21 15:21:10,ОлЬга КУзНеЦовА,+7(9474)23-67,2,ИГРУшКа мЯЧ,3,726.71,173.29,CANceLLEd,подарок вовремя,2024/03/03,4232147230509290
2029943486518,2024/03/21 15:21:10,ОлЬга КУзНеЦовА,+7(9474)23-67,3,аМУниЦИЯ дЛя СОбаК,3,3191.13,408.87,cANcEllEd,подарок вовремя,2024/03/03,4232147230509290
2029943485897,2024-03-16 19:39:03,АННа СмирНовА,+7 9596 07 68,4,пОдписка нА ГАзЕту,1,519.21,80.79,cOmplETeD,Проверить наличие,2024/03/30,4815415778053569
2029943484318,2024/03/08 10:56:08,сеРГЕЙ сИдоРОв,+7(9182)04-71,3,АмУНицИЯ ДлЯ сОБак,1,967.12,232.88,proCessIng,спасибо за заказ,2024/03/08,0960743619700729
2029943484318,2024/03/08 10:56:08,сеРГЕЙ сИдоРОв,+7(9182)04-71,4,пОдПиСКА на ГаЗЕТУ,1,558.36,41.64,prOceSsinG,спасибо за заказ,2024/03/08,0960743619700729
2029943483820,31.03.2024 16:08,НАТАлЬя Васильева,+7 9893 09 02,5,МОлоКО,5,12225.94,2774.06,CoMPLETed,подарок вовремя,06.03.2024,0163415620956917
2029943483820,31.03.2024 16:08,НАТАлЬя Васильева,+7 9893 09 02,1,КоРм Для сОБак,4,1969.57,30.43,coMplEted,подарок вовремя,06.03.2024,0163415620956917
2029943483820,31.03.2024 16:08,НАТАлЬя Васильева,+7 9893 09 02,1,корм для СОБак,3,1346.8,153.2,coMpLEted,подарок вовремя,06.03.2024,0163415620956917
2029943483820,31.03.2024 16:08,НАТАлЬя Васильева,+7 9893 09 02,5,моЛОКо,1,2733.19,266.81,cOMpleTed,подарок вовремя,06.03.2024,0163415620956917
2029943483820,31.03.2024 16:08,НАТАлЬя Васильева,+7 9893 09 02,2,ИГРушка мЯч,2,480.78,119.22,cOmPleteD,подарок вовремя,06.03.2024,0163415620956917
2029943482917,2024/03/04 17:47:46,ольга кузнецоВА,+7(9101)09-20,3,амуНициЯ ДЛЯ СобАк,2,2256.75,143.25,cAncElLeD,подарок вовремя,2024/03/04,3127707335738100
2029943482917,2024/03/04 17:47:46,ольга кузнецоВА,+7(9101)09-20,4,ПОдпИсКА На ГазетУ,5,2824.54,175.46,cANceLlED,подарок вовремя,2024/03/04,3127707335738100
2029943482917,2024/03/04 17:47:46,ольга кузнецоВА,+7(9101)09-20,5,моЛоКо,3,8493.79,506.21,cANCElleD,подарок вовремя,2024/03/04,3127707335738100
2029943482917,2024/03/04 17:47:46,ольга кузнецоВА,+7(9101)09-20,3,АМУниЦиЯ дЛя СобаК,1,1077.69,122.31,cancELlEd,подарок вовремя,2024/03/04,3127707335738100
2029943481432,2024-03-16 07:08:34,наТАЛЬя ВаСИЛЬЕва,+7 9121 36 16,5,мОлокО,2,5203.93,796.07,coMpLETed,подарок вовремя,10.03.2024,9539043368283534
2029943481432,2024-03-16 07:08:34,наТАЛЬя ВаСИЛЬЕва,+7 9121 36 16,5,молОКо,2,4821.71,1178.29,CoMPLETed,подарок вовремя,10.03.2024,9539043368283534
2029943481432,2024-03-16 07:08:34,наТАЛЬя ВаСИЛЬЕва,+7 9121 36 16,5,моЛоко,1,2976.83,23.17,COMPletEd,подарок вовремя,10.03.2024,9539043368283534
2029943481432,2024-03-16 07:08:34,наТАЛЬя ВаСИЛЬЕва,+7 9121 36 16,5,моЛОкО,3,8208.27,791.73,COmpLETed,подарок вовремя,10.03.2024,9539043368283534
2029943480469,13.03.2024 15:17,ИвАН ивАнОв,8(9830) 79-35,1,кОрм ДлЯ сОБаК,4,1799.69,200.31,coMplEtED,Проверить наличие,2024-03-08,1299204126493047
2029943480469,13.03.2024 15:17,ИвАН ивАнОв,8(9830) 79-35,1,кОРМ дЛя сОбаК,3,1394.77,105.23,coMPLETED,Проверить наличие,2024-03-08,1299204126493047
2029943480469,13.03.2024 15:17,ИвАН ивАнОв,8(9830) 79-35,3,АМуНиЦИя дЛЯ сОБАк,1,1178.45,21.55,CompLETED,Проверить наличие,2024-03-08,1299204126493047
2029943479595,13.03.2024 06:24,сеРГЕЙ СИдОрОв,+7 9148 93 40,1,корм длЯ СобАк,1,420.35,79.65,pRoceSsINg,"Задержка с доставкой, печалька...",2024-03-09,0538485331758352
2029943478201,27.03.2024 21:20,алекСЕй МихАйлов,+7 9251 48 64,5,моЛОко,4,10349.45,1650.55,cAnCelleD,подарок вовремя,2024-03-18,5860908881919567
2029943477899,2024/03/03 07:57:50,еЛЕНА нОВиКОва,8(9744) 21-65,4,ПОДПисКА НА газетУ,1,514.69,85.31,COMPlEted,Всё отлично!,2024-03-12,7677526431555424
2029943477899,2024/03/03 07:57:50,еЛЕНА нОВиКОва,8(9744) 21-65,2,ИгРушка мЯч,5,1496.71,3.29,CoMPLeteD,Всё отлично!,2024-03-12,7677526431555424
2029943477899,2024/03/03 07:57:50,еЛЕНА нОВиКОва,8(9744) 21-65,1,КорМ дЛЯ соБак,1,485.41,14.59,CoMPleTED,Всё отлично!,2024-03-12,7677526431555424
2029943477899,2024/03/03 07:57:50,еЛЕНА нОВиКОва,8(9744) 21-65,2,ИГрУШкА мяЧ,2,591.89,8.11,CoMPLetEd,Всё отлично!,2024-03-12,7677526431555424
2029943476608,2024/03/03 19:46:42,СЕргЕЙ сИдОров,+7 9203 08 13,4,пОдПиСкА НА гАЗетУ,3,1699.23,100.77,cAnCElLed,Ждём с нетерпением!,2024/03/03,4761860248725000
2029943476608,2024/03/03 19:46:42,СЕргЕЙ сИдОров,+7 9203 08 13,1,кОРМ дЛя СОБАК,4,1650.94,349.06,CANCElled,Ждём с нетерпением!,2024/03/03,4761860248725000
2029943476608,2024/03/03 19:46:42,СЕргЕЙ сИдОров,+7 9203 08 13,1,корм ДЛЯ сОбАк,2,883.75,116.25,cANCelled,Ждём с нетерпением!,2024/03/03,4761860248725000
2029943476608,2024/03/03 19:46:42,СЕргЕЙ сИдОров,+7 9203 08 13,4,подпиСКА На газЕТУ,4,2085.56,314.44,cANcELled,Ждём с нетерпением!,2024/03/03,4761860248725000
2029943476608,2024/03/03 19:46:42,СЕргЕЙ сИдОров,+7 9203 08 13,2,иГРушка мЯч,1,297.46,2.54,CancELLeD,Ждём с нетерпением!,2024/03/03,4761860248725000
2029943475565,09.03.2024 06:11,СЕргЕЙ СидОрОв,8(9112) 20-36,3,АМуницИЯ дЛя СоБаК,2,2058.06,341.94,CoMplETEd,Нужно уточнить сроки,2024-03-09,4698789944960554
2029943475565,09.03.2024 06:11,СЕргЕЙ СидОрОв,8(9112) 20-36,5,МолокО,3,8224.38,775.62,CompletEd,Нужно уточнить сроки,2024-03-09,4698789944960554
2029943474875,09.03.2024 18:03,алеКСЕЙ мИХАЙлОв,8(9039) 80-10,5,моЛОКо,1,2720.67,279.33,complETeD,Проверить наличие,2024/03/12,9556072396010727
2029943474875,09.03.2024 18:03,алеКСЕЙ мИХАЙлОв,8(9039) 80-10,4,ПОдпИСка на ГаЗЕТу,1,573.75,26.25,CoMpLeTED,Проверить наличие,2024/03/12,9556072396010727
2029943474875,09.03.2024 18:03,алеКСЕЙ мИХАЙлОв,8(9039) 80-10,1,КОрм ДлЯ СоБАК,4,1670.51,329.49,COmpLetED,Проверить наличие,2024/03/12,9556072396010727
2029943473252,2024/03/09 05:09:23,ИВаН иВанОВ,+7(9149)92-96,3,амУнИЦиЯ дЛя соБаК,5,5787.2,212.8,cANCelLeD,подарок вовремя,20.03.2024,8890469211244317
2029943473252,2024/03/09 05:09:23,ИВаН иВанОВ,+7(9149)92-96,5,мОлоКо,1,2863.24,136.76,canCelLEd,подарок вовремя,20.03.2024,8890469211244317
2029943473252,2024/03/09 05:09:23,ИВаН иВанОВ,+7(9149)92-96,4,ПоДпИскА на гаЗЕту,5,2985.48,14.52,CANcElLEd,подарок вовремя,20.03.2024,8890469211244317
2029943473252,2024/03/09 05:09:23,ИВаН иВанОВ,+7(9149)92-96,3,АМуниЦИЯ длЯ СОбаК,4,4739.15,60.85,canCElled,подарок вовремя,20.03.2024,8890469211244317
2029943473252,2024/03/09 05:09:23,ИВаН иВанОВ,+7(9149)92-96,2,иГрУШКА МЯЧ,5,1278.33,221.67,CanCEllED,подарок вовремя,20.03.2024,8890469211244317
2029943472219,2024/03/03 00:40:06,СЕРГЕЙ СИДоРОв,8(9054) 49-95,4,поДписКА на ГаЗЕтУ,5,2516.81,483.19,PROceSSIng,Проверить наличие,03.03.2024,6471667427183634
2029943471176,2024/03/10 10:22:37,ОльгА КуЗНЕЦОВА,8(9677) 61-68,5,молОКо,2,5420.17,579.83,CAncELleD,"Задержка с доставкой, печалька...",2024/03/15,3401509946820765
2029943471176,2024/03/10 10:22:37,ОльгА КуЗНЕЦОВА,8(9677) 61-68,3,АмУницИЯ ДлЯ сОБАК,5,4996.59,1003.41,CAncELleD,"Задержка с доставкой, печалька...",2024/03/15,3401509946820765
2029943471176,2024/03/10 10:22:37,ОльгА КуЗНЕЦОВА,8(9677) 61-68,4,ПОДПИСкА на ГАзЕТу,4,2043.47,356.53,canCellED,"Задержка с доставкой, печалька...",2024/03/15,3401509946820765
2029943471176,2024/03/10 10:22:37,ОльгА КуЗНЕЦОВА,8(9677) 61-68,4,поДпискА На гАзЕТу,2,984.42,215.58,caNcELLed,"Задержка с доставкой, печалька...",2024/03/15,3401509946820765
2029943471176,2024/03/10 10:22:37,ОльгА КуЗНЕЦОВА,8(9677) 61-68,1,коРМ ДлЯ сОБАК,4,1756.47,243.53,CancElLED,"Задержка с доставкой, печалька...",2024/03/15,3401509946820765
2029943470201,2024/03/28 08:13:48,алексЕЙ МихаЙЛов,+7(9171)11-11,2,ИГРуШкА мЯч,3,803.01,96.99,pROCESsInG,Нужно уточнить сроки,2024/03/18,5927329944519955
2029943470201,2024/03/28 08:13:48,алексЕЙ МихаЙЛов,+7(9171)11-11,5,мОлОкО,5,14617.73,382.27,prOcESsING,Нужно уточнить сроки,2024/03/18,5927329944519955
2029943470201,2024/03/28 08:13:48,алексЕЙ МихаЙЛов,+7(9171)11-11,1,КОрм Для соБаК,4,1888.12,111.88,proCEsSING,Нужно уточнить сроки,2024/03/18,5927329944519955
2029943470201,2024/03/28 08:13:48,алексЕЙ МихаЙЛов,+7(9171)11-11,5,МОЛокО,2,5708.25,291.75,PRoceSSinG,Нужно уточнить сроки,2024/03/18,5927329944519955
2029943470201,2024/03/28 08:13:48,алексЕЙ МихаЙЛов,+7(9171)11-11,4,пОДпИСка нА гаЗетУ,1,522.52,77.48,PROCEssInG,Нужно уточнить сроки,2024/03/18,5927329944519955
2029943469866,10.03.2024 01:39,МАриЯ пЕтроВА,+7 9969 23 19,2,ИгрУшкА мЯч,1,262.59,37.41,completED,Ждём с нетерпением!,2024/03/31,0736070358500549
2029943468871,2024-03-09 07:27:22,наТАлЬЯ вАсИЛЬЕвА,8(9443) 20-25,5,МОЛоко,1,2622.06,377.94,cAnCeLlEd,Нужно уточнить сроки,15.03.2024,5895408206861432
2029943467371,2024/03/26 23:10:54,МИХАИЛ ОрЛов,8(9894) 83-88,2,игРУшКА мяч,4,997.96,202.04,CaNCELLeD,"Задержка с доставкой, печалька...",18.03.2024,7504922581451853
2029943467371,2024/03/26 23:10:54,МИХАИЛ ОрЛов,8(9894) 83-88,1,КоРМ дЛЯ собаК,3,1309.73,190.27,canCELLEd,"Задержка с доставкой, печалька...",18.03.2024,7504922581451853
2029943466827,2024/03/19 13:17:27,сЕРгЕЙ сидоРов,+7 9444 47 61,5,МоЛоко,3,7520.21,1479.79,CompletEd,Нужно уточнить сроки,2024/03/31,8888583652908764
2029943466827,2024/03/19 13:17:27,сЕРгЕЙ сидоРов,+7 9444 47 61,2,ИГРушка МЯч,4,974.87,225.13,cOmPlEtEd,Нужно уточнить сроки,2024/03/31,8888583652908764
2029943466827,2024/03/19 13:17:27,сЕРгЕЙ сидоРов,+7 9444 47 61,1,коРМ дЛя СобАк,1,412.57,87.43,CompLETeD,Нужно уточнить сроки,2024/03/31,8888583652908764
2029943466827,2024/03/19 13:17:27,сЕРгЕЙ сидоРов,+7 9444 47 61,3,АмуницИЯ длЯ сОБаК,4,4309.44,490.56,CoMpLETEd,Нужно уточнить сроки,2024/03/31,8888583652908764
2029943466827,2024/03/19 13:17:27,сЕРгЕЙ сидоРов,+7 9444 47 61,3,аМУнИциЯ ДЛя СОБак,2,2160.09,239.91,cOMpLETEd,Нужно уточнить сроки,2024/03/31,8888583652908764
2029943465952,2024-03-19 15:40:33,иваН ИвАНов,+7 9781 57 91,1,КОРм дЛЯ сОБак,4,1897.55,102.45,cOmpLEted,спасибо за заказ,2024/03/31,1275895460773940
2029943465952,2024-03-19 15:40:33,иваН ИвАНов,+7 9781 57 91,4,ПОДПисКА НА гАзеТУ,3,1795.72,4.28,COmplEtEd,спасибо за заказ,2024/03/31,1275895460773940
2029943465952,2024-03-19 15:40:33,иваН ИвАНов,+7 9781 57 91,3,аМУНиЦия ДЛЯ собаК,4,4328.57,471.43,cOMpLeTEd,спасибо за заказ,2024/03/31,1275895460773940
2029943465952,2024-03-19 15:40:33,иваН ИвАНов,+7 9781 57 91,2,игРушКА Мяч,3,898.52,1.48,coMpLeTED,спасибо за заказ,2024/03/31,1275895460773940
2029943465952,2024-03-19 15:40:33,иваН ИвАНов,+7 9781 57 91,5,МоЛокО,1,2675.83,324.17,ComPLEted,спасибо за заказ,2024/03/31,1275895460773940
2029943464663,2024/03/15 20:04:37,ольга КУзнецовА,+7(9133)13-50,2,игРушКа МЯч,3,855.06,44.94,compLETeD,Всё отлично!,2024/03/10,3923627287654065
2029943463948,14.03.2024 16:18,анна СМиРНОВа,+7 9820 71 01,1,КоРм дЛЯ СОБаК,3,1444.78,55.22,ProcEsSIng,подарок вовремя,2024/03/29,9573560140575497
2029943463948,14.03.2024 16:18,анна СМиРНОВа,+7 9820 71 01,3,АМУнИЦиЯ ДЛя СОБАк,4,4203.57,596.43,PRoCEssInG,подарок вовремя,2024/03/29,9573560140575497
2029943463948,14.03.2024 16:18,анна СМиРНОВа,+7 9820 71 01,4,ПОдпИСкА НА ГАзеТу,2,1121.37,78.63,PrOcessInG,подарок вовремя,2024/03/29,9573560140575497
2029943463948,14.03.2024 16:18,анна СМиРНОВа,+7 9820 71 01,3,амуНИЦия дЛЯ СоБАК,1,1109.92,90.08,PRoceSsING,подарок вовремя,2024/03/29,9573560140575497
2029943462457,10.03.2024 01:51,МариЯ пЕтроВа,+7(9822)64-54,3,АмуницИя ДЛЯ СОбак,5,5285.4,714.6,prOceSSINg,Всё отлично!,19.03.2024,8056244872329893
2029943462457,10.03.2024 01:51,МариЯ пЕтроВа,+7(9822)64-54,4,ПоДписка на ГазЕтУ,2,1098.32,101.68,PROCeSsinG,Всё отлично!,19.03.2024,8056244872329893
2029943461313,2024-03-27 04:49:10,МАрия пеТРОВА,+7(9877)40-55,2,ИГРУШкА мЯЧ,5,1250.18,249.82,proCESSInG,спасибо за заказ,2024/03/06,4298044711449542
2029943460517,21.03.2024 15:40,АнНа сМиРНова,+7(9297)84-16,4,ПодпискА на ГАзету,5,2408.11,591.89,cOMPlEted,"Задержка с доставкой, печалька...",2024/03/18,2659913733840420
2029943460517,21.03.2024 15:40,АнНа сМиРНова,+7(9297)84-16,1,КорМ ДЛя сОбАК,5,2156.2,343.8,cOmPLeted,"Задержка с доставкой, печалька...",2024/03/18,2659913733840420
2029943459416,2024/03/30 16:04:05,ивАн ИВАнОв,+7(9674)52-79,5,молокО,1,2973.88,26.12,pRocEssINg,Ждём с нетерпением!,28.03.2024,4760445921168527
2029943459416,2024/03/30 16:04:05,ивАн ИВАнОв,+7(9674)52-79,4,подПИсКа НА гАзеТу,5,2953.94,46.06,pRoceSsiNG,Ждём с нетерпением!,28.03.2024,4760445921168527
2029943459416,2024/03/30 16:04:05,ивАн ИВАнОв,+7(9674)52-79,3,амУНИЦИя для сОБАК,2,2311.25,88.75,pRoCEsSing,Ждём с нетерпением!,28.03.2024,4760445921168527
2029943458974,2024-03-01 13:08:14,ИВАн ивАнОв,+7 9286 60 08,2,ИГрУшка мяЧ,4,1098.95,101.05,cOMpLeTeD,Ждём с нетерпением!,2024-03-06,4008166508779483
2029943458974,2024-03-01 13:08:14,ИВАн ивАнОв,+7 9286 60 08,3,АМуНицИя дЛя СОбАк,2,2264.1,135.9,COMPleTed,Ждём с нетерпением!,2024-03-06,4008166508779483
2029943457711,28.03.2024 09:41,ивАН ивАНов,+7(9987)51-43,5,МОЛоко,3,7650.38,1349.62,cOMPlEted,Проверить наличие,2024-03-07,1180516636920696
2029943457711,28.03.2024 09:41,ивАН ивАНов,+7(9987)51-43,3,аМУниЦиЯ ДлЯ собак,3,3407.31,192.69,ComPleTeD,Проверить наличие,2024-03-07,1180516636920696
2029943457711,28.03.2024 09:41,ивАН ивАНов,+7(9987)51-43,2,ИГрУшКа мЯЧ,1,278.94,21.06,coMpLEtEd,Проверить наличие,2024-03-07,1180516636920696
2029943456980,12.03.2024 06:52,АННа СмИрНова,8(9437) 81-42,3,АмУНИцИЯ дЛЯ СОБак,1,1096.9,103.1,PrOceSSiNG,"Задержка с доставкой, печалька...",2024/03/01,8747945048074367
2029943455912,2024/03/14 05:40:34,ДМИтрИЙ кУзНЕЦОВ,+7(9416)28-15,2,ИгрУШкА мЯЧ,5,1447.69,52.31,CanceLleD,Нужно уточнить сроки,2024-03-25,0380462895705843
2029943455912,2024/03/14 05:40:34,ДМИтрИЙ кУзНЕЦОВ,+7(9416)28-15,4,ПоДПИСКА нА ГАзеТУ,2,1092.12,107.88,cANCelLed,Нужно уточнить сроки,2024-03-25,0380462895705843
2029943454870,27.03.2024 15:10,мАРИя пеТрОВА,+7(9964)20-42,1,корм дЛя СоБАК,1,415.49,84.51,pRoCeSSiNg,спасибо за заказ,2024/03/20,7632668907242136
2029943453472,03.03.2024 17:21,АнНа смИрнова,8(9604) 34-58,3,АмунИЦИя ДлЯ сОБаК,5,5992.97,7.03,PrOCeSsINg,Проверить наличие,27.03.2024,4044696057746494
2029943453472,03.03.2024 17:21,АнНа смИрнова,8(9604) 34-58,2,ИГРУШКа Мяч,4,1120.51,79.49,ProCessINg,Проверить наличие,27.03.2024,4044696057746494
2029943453472,03.03.2024 17:21,АнНа смИрнова,8(9604) 34-58,5,МолОкО,5,14874.89,125.11,pROCESSing,Проверить наличие,27.03.2024,4044696057746494
2029943453472,03.03.2024 17:21,АнНа смИрнова,8(9604) 34-58,2,ИгрУШКа Мяч,2,555.3,44.7,PROCeSsInG,Проверить наличие,27.03.2024,4044696057746494
2029943453472,03.03.2024 17:21,АнНа смИрнова,8(9604) 34-58,3,АмУницИя ДЛя СоБАк,2,2361.59,38.41,prOCessInG,Проверить наличие,27.03.2024,4044696057746494
2029943452289,2024/03/13 10:27:29,ОлЬгА КУЗнЕЦОвА,+7(9944)73-89,2,ИГрушка МяЧ,1,275.21,24.79,proCesSING,Нужно уточнить сроки,2024-03-07,6776157687409658
2029943452289,2024/03/13 10:27:29,ОлЬгА КУЗнЕЦОвА,+7(9944)73-89,5,мОлоко,1,2412.98,587.02,PROCEssInG,Нужно уточнить сроки,2024-03-07,6776157687409658
2029943451740,05.03.2024 04:10,СЕРГЕЙ сИДОрОВ,+7 9877 32 59,1,КОРм ДлЯ СоБАк,3,1484.71,15.29,cOMPLeTED,спасибо за заказ,21.03.2024,1245892170918891
2029943451740,05.03.2024 04:10,СЕРГЕЙ сИДОрОВ,+7 9877 32 59,3,АМУнИцИя ДЛя сОБаК,4,3858.49,941.51,cOMplETeD,спасибо за заказ,21.03.2024,1245892170918891
2029943451740,05.03.2024 04:10,СЕРГЕЙ сИДОрОВ,+7 9877 32 59,3,АмУНиЦиЯ ДЛя соБАК,3,3347.19,252.81,coMpLeTED,спасибо за заказ,21.03.2024,1245892170918891
2029943451740,05.03.2024 04:10,СЕРГЕЙ сИДОрОВ,+7 9877 32 59,2,игрУшКа мяч,2,518.37,81.63,COmPLETEd,спасибо за заказ,21.03.2024,1245892170918891
2029943451740,05.03.2024 04:10,СЕРГЕЙ сИДОрОВ,+7 9877 32 59,5,мОлОКо,3,7263.45,1736.55,COmPLeTeD,спасибо за заказ,21.03.2024,1245892170918891
2029943450619,2024/03/30 12:18:36,ДМИТРий кУзнЕЦОВ,8(9082) 59-31,2,ИгРУшКа МЯч,2,594.57,5.43,pROCessinG,Нужно уточнить сроки,2024/03/27,9085623879445582
2029943449813,2024/03/26 07:18:11,ДМИтрИй КУзнеЦов,+7(9785)03-25,4,пОДПИСКа нА ГаЗЕТу,5,2881.52,118.48,CANCElleD,Нужно уточнить сроки,2024-03-04,9626018629500456
2029943449813,2024/03/26 07:18:11,ДМИтрИй КУзнеЦов,+7(9785)03-25,5,моЛоКо,3,8046.31,953.69,cANcELLEd,Нужно уточнить сроки,2024-03-04,9626018629500456
2029943448168,2024-03-17 10:37:55,НаТаЛьЯ вАсИлЬЕВА,8(9520) 14-16,5,МОЛоКо,3,8583.25,416.75,cANCelLEd,Нужно уточнить сроки,2024-03-08,5159030723256600
2029943448168,2024-03-17 10:37:55,НаТаЛьЯ вАсИлЬЕВА,8(9520) 14-16,3,аМУнИЦИЯ длЯ сОбак,2,2149.17,250.83,CANCELLEd,Нужно уточнить сроки,2024-03-08,5159030723256600
2029943448168,2024-03-17 10:37:55,НаТаЛьЯ вАсИлЬЕВА,8(9520) 14-16,2,иГРушКа мяч,1,265.13,34.87,cAnCeLleD,Нужно уточнить сроки,2024-03-08,5159030723256600
2029943448168,2024-03-17 10:37:55,НаТаЛьЯ вАсИлЬЕВА,8(9520) 14-16,3,АМуницИЯ ДЛя сОБАК,4,4327.32,472.68,CAncElLed,Нужно уточнить сроки,2024-03-08,5159030723256600
2029943447455,2024-03-30 13:56:05,МАРИЯ пеТроВа,+7(9063)77-24,1,коРМ дЛя сОБаК,4,1810.2,189.8,CanCelLeD,Проверить наличие,2024-03-05,0162182935872463
2029943447455,2024-03-30 13:56:05,МАРИЯ пеТроВа,+7(9063)77-24,1,коРМ дЛя СОбаК,1,442.45,57.55,cancElLEd,Проверить наличие,2024-03-05,0162182935872463
2029943447455,2024-03-30 13:56:05,МАРИЯ пеТроВа,+7(9063)77-24,3,аМУниЦИя ДЛЯ СоБак,5,4894.6,1105.4,cANcEllED,Проверить наличие,2024-03-05,0162182935872463
2029943446325,01.03.2024 22:21,МариЯ ПЕтРОва,8(9571) 16-29,3,АмуНИЦИЯ длЯ СОБак,5,5921.28,78.72,CanCEllEd,Нужно уточнить сроки,2024-03-17,5354396156422561
2029943446325,01.03.2024 22:21,МариЯ ПЕтРОва,8(9571) 16-29,1,коРм дЛЯ СОбАк,3,1252.63,247.37,cAncelleD,Нужно уточнить сроки,2024-03-17,5354396156422561
2029943446325,01.03.2024 22:21,МариЯ ПЕтРОва,8(9571) 16-29,1,корМ ДЛЯ сОБАК,4,1901.19,98.81,cANcELLeD,Нужно уточнить сроки,2024-03-17,5354396156422561
2029943446325,01.03.2024 22:21,МариЯ ПЕтРОва,8(9571) 16-29,4,ПОДпискА на гАзетУ,3,1649.62,150.38,CaNCelled,Нужно уточнить сроки,2024-03-17,5354396156422561
2029943446325,01.03.2024 22:21,МариЯ ПЕтРОва,8(9571) 16-29,4,пОДПИСкА на ГАзЕТУ,1,501.41,98.59,CAnCelLeD,Нужно уточнить сроки,2024-03-17,5354396156422561
2029943445573,2024-03-30 19:17:05,сеРгей СИдоРоВ,8(9000) 13-04,5,моЛОко,4,11237.3,762.7,CaNcEllED,Проверить наличие,22.03.2024,3598593562633000
2029943445573,2024-03-30 19:17:05,сеРгей СИдоРоВ,8(9000) 13-04,3,амУнИцИЯ ДЛя собаК,1,1092.89,107.11,CANCELLed,Проверить наличие,22.03.2024,3598593562633000
2029943445573,2024-03-30 19:17:05,сеРгей СИдоРоВ,8(9000) 13-04,1,кОрм дЛЯ соБак,3,1490.11,9.89,canCeLLeD,Проверить наличие,22.03.2024,3598593562633000
2029943445573,2024-03-30 19:17:05,сеРгей СИдоРоВ,8(9000) 13-04,5,МОлоко,3,7933.59,1066.41,CanCeLLEd,Проверить наличие,22.03.2024,3598593562633000
2029943445573,2024-03-30 19:17:05,сеРгей СИдоРоВ,8(9000) 13-04,3,АМуНИция дЛЯ СоБАк,4,4607.69,192.31,cANCElLED,Проверить наличие,22.03.2024,3598593562633000
2029943444335,2024-03-30 02:26:23,МАРия ПетРовА,8(9796) 93-20,2,ИгРушКА мЯч,1,287.13,12.87,prOCEsSINg,подарок вовремя,2024/03/18,6202087531319844
2029943444335,2024-03-30 02:26:23,МАРия ПетРовА,8(9796) 93-20,3,амуНициЯ Для соБаК,4,4415.76,384.24,pRoCEsSinG,подарок вовремя,2024/03/18,6202087531319844
2029943444335,2024-03-30 02:26:23,МАРия ПетРовА,8(9796) 93-20,4,ПОДпИСКа нА ГазЕТУ,5,2915.57,84.43,PrOcessING,подарок вовремя,2024/03/18,6202087531319844
2029943443701,2024-03-17 14:51:42,МихаИЛ орЛов,8(9469) 33-82,3,АМУНиЦИЯ ДЛя сОбАК,2,2227.87,172.13,caNcellED,"Задержка с доставкой, печалька...",2024-03-28,3915176823975658
2029943443701,2024-03-17 14:51:42,МихаИЛ орЛов,8(9469) 33-82,5,мОлОКо,5,13273.75,1726.25,CAnCELlEd,"Задержка с доставкой, печалька...",2024-03-28,3915176823975658
2029943443701,2024-03-17 14:51:42,МихаИЛ орЛов,8(9469) 33-82,2,ИгрУШкА мЯЧ,1,294.2,5.8,CanCElLed,"Задержка с доставкой, печалька...",2024-03-28,3915176823975658
2029943443701,2024-03-17 14:51:42,МихаИЛ орЛов,8(9469) 33-82,5,МОлОКО,1,2609.42,390.58,CanCelLeD,"Задержка с доставкой, печалька...",2024-03-28,3915176823975658
2029943443701,2024-03-17 14:51:42,МихаИЛ орЛов,8(9469) 33-82,3,АМУницИя дЛЯ сОБак,5,4979.92,1020.08,CaNcELlEd,"Задержка с доставкой, печалька...",2024-03-28,3915176823975658
2029943442733,2024-03-02 14:14:29,дмиТРиЙ кУЗНЕцов,+7(9821)65-19,3,амуНИциЯ для собак,2,2351.36,48.64,coMpLeTed,подарок вовремя,24.03.2024,7885774487908317
2029943442733,2024-03-02 14:14:29,дмиТРиЙ кУЗНЕцов,+7(9821)65-19,4,подПИсКА на ГАЗЕТУ,2,1103.07,96.93,cOMPLEteD,подарок вовремя,24.03.2024,7885774487908317
2029943442733,2024-03-02 14:14:29,дмиТРиЙ кУЗНЕцов,+7(9821)65-19,3,амунИцИя ДлЯ СоБАк,3,3043.1,556.9,COmpLeTED,подарок вовремя,24.03.2024,7885774487908317
2029943442733,2024-03-02 14:14:29,дмиТРиЙ кУЗНЕцов,+7(9821)65-19,3,АмуНИЦия ДЛя СОбАК,5,5524.09,475.91,COmpLETed,подарок вовремя,24.03.2024,7885774487908317
2029943442733,2024-03-02 14:14:29,дмиТРиЙ кУЗНЕцов,+7(9821)65-19,2,игРушКА МЯЧ,4,1199.8,0.2,ComPleTeD,подарок вовремя,24.03.2024,7885774487908317
2029943441964,2024/03/10 18:37:40,СеРгЕЙ сИдОРоВ,8(9790) 57-15,3,АмУниЦия ДЛя СоБак,4,4630.06,169.94,CaNcellEd,Всё отлично!,2024-03-23,3941617325157410
2029943441964,2024/03/10 18:37:40,СеРгЕЙ сИдОРоВ,8(9790) 57-15,1,кОрМ длЯ соБак,2,865.46,134.54,CaNcElLed,Всё отлично!,2024-03-23,3941617325157410
2029943441964,2024/03/10 18:37:40,СеРгЕЙ сИдОРоВ,8(9790) 57-15,5,МолокО,3,7751.99,1248.01,cANCelLeD,Всё отлично!,2024-03-23,3941617325157410
2029943441964,2024/03/10 18:37:40,СеРгЕЙ сИдОРоВ,8(9790) 57-15,1,КОрм ДлЯ СОбАк,4,1609.46,390.54,CaNcelLed,Всё отлично!,2024-03-23,3941617325157410
2029943440604,25.03.2024 12:46,ольга кузНЕЦова,+7(9240)45-13,5,мОлоКо,4,9903.29,2096.71,ComPLEted,"Задержка с доставкой, печалька...",2024/03/09,4349743714301446
2029943440604,25.03.2024 12:46,ольга кузНЕЦова,+7(9240)45-13,2,игРушКа мяЧ,3,814.24,85.76,COMPLeted,"Задержка с доставкой, печалька...",2024/03/09,4349743714301446
2029943440604,25.03.2024 12:46,ольга кузНЕЦова,+7(9240)45-13,2,игРУшКа мяч,2,582.46,17.54,coMPLEteD,"Задержка с доставкой, печалька...",2024/03/09,4349743714301446
2029943440604,25.03.2024 12:46,ольга кузНЕЦова,+7(9240)45-13,5,МоЛоко,4,11919.3,80.7,COmplEtEd,"Задержка с доставкой, печалька...",2024/03/09,4349743714301446
2029943440604,25.03.2024 12:46,ольга кузНЕЦова,+7(9240)45-13,3,АМуНИцИЯ ДЛЯ Собак,3,3365.7,234.3,cOMPLEted,"Задержка с доставкой, печалька...",2024/03/09,4349743714301446
2029943439628,2024-03-11 06:05:46,НАТАЛья ВаСИльЕва,+7(9885)66-30,3,АМУниЦия дЛЯ сОбАК,1,1061.89,138.11,COmPLeTed,Всё отлично!,21.03.2024,2773436688540828
2029943439628,2024-03-11 06:05:46,НАТАЛья ВаСИльЕва,+7(9885)66-30,3,АмуниЦия Для СобАк,5,5577.91,422.09,CoMpLeTed,Всё отлично!,21.03.2024,2773436688540828
2029943439628,2024-03-11 06:05:46,НАТАЛья ВаСИльЕва,+7(9885)66-30,2,иГРуШКа мЯч,5,1281.83,218.17,comPLeted,Всё отлично!,21.03.2024,2773436688540828
2029943438704,06.03.2024 23:14,АлЕКсЕй мИХАйлОВ,+7 9021 69 04,2,ИгруШка мяЧ,1,289.73,10.27,cAnCeLleD,спасибо за заказ,28.03.2024,5879936687591095
2029943438704,06.03.2024 23:14,АлЕКсЕй мИХАйлОВ,+7 9021 69 04,5,моЛоКо,5,13680.32,1319.68,canCELled,спасибо за заказ,28.03.2024,5879936687591095
2029943438704,06.03.2024 23:14,АлЕКсЕй мИХАйлОВ,+7 9021 69 04,2,иГРУшКа МЯч,3,774.97,125.03,CanCELLEd,спасибо за заказ,28.03.2024,5879936687591095
2029943438704,06.03.2024 23:14,АлЕКсЕй мИХАйлОВ,+7 9021 69 04,1,кОрМ для соБАк,3,1335.6,164.4,CAnCElled,спасибо за заказ,28.03.2024,5879936687591095
2029943437464,21.03.2024 22:58,ИваН иВАнов,8(9727) 00-15,2,иГРУшКа мяч,1,264.11,35.89,CAnCElLED,спасибо за заказ,2024/03/14,7232531386752907
2029943437464,21.03.2024 22:58,ИваН иВАнов,8(9727) 00-15,1,корМ длЯ Собак,3,1391.9,108.1,cANCeLLeD,спасибо за заказ,2024/03/14,7232531386752907
2029943437464,21.03.2024 22:58,ИваН иВАнов,8(9727) 00-15,5,МОлоКо,1,2836.19,163.81,CanceLLeD,спасибо за заказ,2024/03/14,7232531386752907
2029943436466,17.03.2024 00:53,еЛЕна нОВиКОВА,8(9783) 81-96,4,ПОдПИскА нА гАзЕтУ,5,2565.67,434.33,PrOCEsSInG,Проверить наличие,12.03.2024,5434366325480468
2029943436466,17.03.2024 00:53,еЛЕна нОВиКОВА,8(9783) 81-96,3,АмуниЦиЯ ДлЯ СОБАК,1,1109.98,90.02,pROCESSINg,Проверить наличие,12.03.2024,5434366325480468
2029943436466,17.03.2024 00:53,еЛЕна нОВиКОВА,8(9783) 81-96,5,МолОКО,4,9862.16,2137.84,ProCESsIng,Проверить наличие,12.03.2024,5434366325480468
2029943436466,17.03.2024 00:53,еЛЕна нОВиКОВА,8(9783) 81-96,4,ПОДПИскА нА гаЗетУ,2,1129.7,70.3,pROcEsSIng,Проверить наличие,12.03.2024,5434366325480468
2029943435715,2024-03-30 16:44:48,ДмиТрИй КУзнЕцов,8(9538) 31-94,4,подПИска нА ГазЕТУ,2,1149.57,50.43,CaNCeLLED,Всё отлично!,2024/03/03,7273354450098444
2029943434962,2024-03-16 16:01:17,нАталЬя вАсИЛЬЕва,+7(9275)01-78,1,коРм Для соБаК,1,444.45,55.55,pRoCessing,Нужно уточнить сроки,28.03.2024,1659351943606387
2029943433781,2024-03-24 14:25:21,нАтАлЬЯ ВаСильЕва,+7 9296 60 53,4,ПодПИСка На ГАзетУ,5,2716.1,283.9,PRocESSiNG,подарок вовремя,2024/03/29,4271581401360801
2029943433781,2024-03-24 14:25:21,нАтАлЬЯ ВаСильЕва,+7 9296 60 53,5,МОЛОко,4,11856.53,143.47,ProCeSSIng,подарок вовремя,2024/03/29,4271581401360801
2029943433781,2024-03-24 14:25:21,нАтАлЬЯ ВаСильЕва,+7 9296 60 53,5,МОлоКО,1,2556.66,443.34,pROCessiNg,подарок вовремя,2024/03/29,4271581401360801
2029943432518,2024-03-04 22:19:22,НАтаЛьЯ ВАсилЬева,+7(9150)47-89,4,ПОДпиСКА нА ГаЗеТу,1,585.54,14.46,comPLeTed,спасибо за заказ,06.03.2024,2879350358134919
2029943432518,2024-03-04 22:19:22,НАтаЛьЯ ВАсилЬева,+7(9150)47-89,4,пОдпискА НА гАЗЕту,4,2368.41,31.59,COmPLEtED,спасибо за заказ,06.03.2024,2879350358134919
2029943432518,2024-03-04 22:19:22,НАтаЛьЯ ВАсилЬева,+7(9150)47-89,3,АМУниция ДЛЯ СОБаК,5,5595.18,404.82,ComPLetEd,спасибо за заказ,06.03.2024,2879350358134919
2029943432518,2024-03-04 22:19:22,НАтаЛьЯ ВАсилЬева,+7(9150)47-89,2,иГРуШкА мяч,3,767.47,132.53,COMpleted,спасибо за заказ,06.03.2024,2879350358134919
2029943431984,2024/03/18 13:17:00,Елена новИКОВа,+7 9633 95 37,1,кОРМ ДЛя СОБАк,2,850.3,149.7,CAnCELled,Всё отлично!,10.03.2024,1050770307499933
2029943431984,2024/03/18 13:17:00,Елена новИКОВа,+7 9633 95 37,2,иГРУшка МяЧ,2,598.94,1.06,CAnCELLed,Всё отлично!,10.03.2024,1050770307499933
2029943431984,2024/03/18 13:17:00,Елена новИКОВа,+7 9633 95 37,3,амунИЦиЯ для сОбАк,4,4057.31,742.69,caNCElLED,Всё отлично!,10.03.2024,1050770307499933
2029943431984,2024/03/18 13:17:00,Елена новИКОВа,+7 9633 95 37,1,КОрМ дЛя СОБАк,4,1826.06,173.94,canceLlEd,Всё отлично!,10.03.2024,1050770307499933
2029943431984,2024/03/18 13:17:00,Елена новИКОВа,+7 9633 95 37,1,кОРм ДЛя СОБаК,4,1851.22,148.78,CaNcelled,Всё отлично!,10.03.2024,1050770307499933
2029943430836,2024-03-27 20:44:50,МиХАиЛ оРлОв,+7 9979 24 02,4,пОдПИска НА гаЗеТУ,2,1123.27,76.73,ComPletED,Нужно уточнить сроки,2024-03-04,6808834119133029
2029943429984,2024/03/19 06:06:33,ОЛЬга КуЗнеЦова,8(9483) 47-76,1,Корм ДлЯ сОбак,2,901.13,98.87,canCeLlEd,спасибо за заказ,2024-03-23,4439720694904972
2029943429984,2024/03/19 06:06:33,ОЛЬга КуЗнеЦова,8(9483) 47-76,4,подпИСКА На гАЗетУ,1,483.75,116.25,CAncElLED,спасибо за заказ,2024-03-23,4439720694904972
2029943428688,2024/03/01 10:15:25,дМИТРИй кузнЕцов,+7(9319)29-84,4,ПОдПиСКА на ГАЗЕту,1,517.49,82.51,prOcessing,Проверить наличие,2024/03/31,9555771876808093
2029943428688,2024/03/01 10:15:25,дМИТРИй кузнЕцов,+7(9319)29-84,4,подпиСКА НА ГАзеТу,5,2948.53,51.47,pROcessiNg,Проверить наличие,2024/03/31,9555771876808093
2029943428688,2024/03/01 10:15:25,дМИТРИй кузнЕцов,+7(9319)29-84,3,аМУнИцИЯ дЛЯ СОбАК,5,4903.86,1096.14,PrOCesSing,Проверить наличие,2024/03/31,9555771876808093
2029943428688,2024/03/01 10:15:25,дМИТРИй кузнЕцов,+7(9319)29-84,4,пОдПИСкА на гАзеТу,1,563.51,36.49,PrOceSsiNg,Проверить наличие,2024/03/31,9555771876808093
2029943427129,15.03.2024 09:13,АНнА сМИрНОВА,+7(9902)03-24,3,АМУНицИя Для СОБаК,1,1056.28,143.72,cAncellED,Ждём с нетерпением!,2024/03/29,5209255848510244
2029943427129,15.03.2024 09:13,АНнА сМИрНОВА,+7(9902)03-24,5,МОлОко,1,2504.75,495.25,cAncELLeD,Ждём с нетерпением!,2024/03/29,5209255848510244
2029943427129,15.03.2024 09:13,АНнА сМИрНОВА,+7(9902)03-24,3,АМУНиЦИЯ для сОбАК,1,1039.25,160.75,cancellEd,Ждём с нетерпением!,2024/03/29,5209255848510244
2029943426384,2024-03-05 21:43:28,АНна СмиРноВА,8(9231) 83-65,5,МОлОко,2,5711.02,288.98,procEssiNg,Ждём с нетерпением!,25.03.2024,7508341687423900
2029943426384,2024-03-05 21:43:28,АНна СмиРноВА,8(9231) 83-65,4,ПОДпИсКА На гАЗЕтУ,3,1574.76,225.24,prOCesSinG,Ждём с нетерпением!,25.03.2024,7508341687423900
2029943426384,2024-03-05 21:43:28,АНна СмиРноВА,8(9231) 83-65,4,ПоДПиСка нА гаЗЕту,2,1055.64,144.36,PROCesSiNg,Ждём с нетерпением!,25.03.2024,7508341687423900
2029943426384,2024-03-05 21:43:28,АНна СмиРноВА,8(9231) 83-65,1,КОРМ для сОБаК,1,465.58,34.42,PrOCesSiNg,Ждём с нетерпением!,25.03.2024,7508341687423900
2029943425792,2024-03-16 07:17:13,ДмИТрий кУЗНецОв,8(9237) 08-71,2,игРУшКа МяЧ,3,827.72,72.28,CanCelLeD,подарок вовремя,13.03.2024,1476378805776618
2029943425792,2024-03-16 07:17:13,ДмИТрий кУЗНецОв,8(9237) 08-71,5,МОЛОко,1,2629.74,370.26,cAnCelled,подарок вовремя,13.03.2024,1476378805776618
2029943425792,2024-03-16 07:17:13,ДмИТрий кУЗНецОв,8(9237) 08-71,3,АмУнИция Для СОБАк,4,3981.06,818.94,CANCeLLed,подарок вовремя,13.03.2024,1476378805776618
2029943425792,2024-03-16 07:17:13,ДмИТрий кУЗНецОв,8(9237) 08-71,1,кОРМ ДлЯ соБАК,1,424.74,75.26,CAnCeLLEd,подарок вовремя,13.03.2024,1476378805776618
2029943424846,02.03.2024 22:05,елена нОВИкОВа,+7 9066 68 76,2,игрУШКА МяЧ,5,1476.99,23.01,prOCessINg,Всё отлично!,21.03.2024,9641012119579462
2029943424846,02.03.2024 22:05,елена нОВИкОВа,+7 9066 68 76,4,подпиСка На гАзетУ,3,1505.67,294.33,pROcEssInG,Всё отлично!,21.03.2024,9641012119579462
2029943679286,2024-03-02 14:05:33,ЕЛЕна НоВиКова,+7(9430)71-27,4,ПОДПИсКА НА ГазЕтУ,5,2650.09,349.91,prOCEsSing,Ждём с нетерпением!,2024-03-13,2381481793636430
2029943679286,2024-03-02 14:05:33,ЕЛЕна НоВиКова,+7(9430)71-27,5,МолоКО,3,8624.65,375.35,procesSIng,Ждём с нетерпением!,2024-03-13,2381481793636430
2029943679286,2024-03-02 14:05:33,ЕЛЕна НоВиКова,+7(9430)71-27,5,МолОко,3,8580.36,419.64,prOceSsiNg,Ждём с нетерпением!,2024-03-13,2381481793636430
2029943679286,2024-03-02 14:05:33,ЕЛЕна НоВиКова,+7(9430)71-27,3,АМуНиция длЯ сОбак,5,5279.34,720.66,PRoceSSiNG,Ждём с нетерпением!,2024-03-13,2381481793636430
