order_id,order_date,customer_name,customer_phone,product_id,product_name,quantity,total_amount,discount_amount,status,comment,delivery_date,gift_card
2029957422595,2024-05-30 17:13:49,сеРгЕй сидоРОв,8(9695) 61-76,3,АмУнИциЯ ДЛЯ СОБАК,1,1147.66,52.34,caNcelLED,"Задержка с доставкой, печалька...",2024-05-12,5685056755714344
2029957421878,2024/05/29 09:47:23,ДмИтРиЙ куЗнеЦоВ,+7 9046 94 77,1,кОРМ дЛя СОБаК,5,2138.35,361.65,COMpletEd,спасибо за заказ,2024-05-17,0433779440679205
2029957420394,2024/05/05 09:39:17,ЕлЕна нОвиКоВА,8(9004) 34-61,2,иГРушКА мЯЧ,2,578.83,21.17,COmPLETed,Нужно уточнить сроки,04.05.2024,2365913395279553
2029957420394,2024/05/05 09:39:17,ЕлЕна нОвиКоВА,8(9004) 34-61,2,ИгруШка мяЧ,4,1073.45,126.55,comPLeTed,Нужно уточнить сроки,04.05.2024,2365913395279553
2029957420394,2024/05/05 09:39:17,ЕлЕна нОвиКоВА,8(9004) 34-61,5,МОлокО,1,2412.53,587.47,cOmPlEtED,Нужно уточнить сроки,04.05.2024,2365913395279553
2029957420394,2024/05/05 09:39:17,ЕлЕна нОвиКоВА,8(9004) 34-61,2,ИГруШКа мЯЧ,2,575.08,24.92,COmpLetEd,Нужно уточнить сроки,04.05.2024,2365913395279553
2029957419559,2024-05-31 19:07:38,МАриЯ пЕТРОВа,+7 9572 52 10,2,ИГРУШка мяч,3,726.95,173.05,CoMpLetED,подарок вовремя,2024/05/16,7567869950975124
2029957419559,2024-05-31 19:07:38,МАриЯ пЕТРОВа,+7 9572 52 10,1,КоРМ ДлЯ СОБАк,1,463.24,36.76,COmpLEtED,подарок вовремя,2024/05/16,7567869950975124
2029957419559,2024-05-31 19:07:38,МАриЯ пЕТРОВа,+7 9572 52 10,1,КоРм дЛЯ собАк,2,928.08,71.92,COMPletED,подарок вовремя,2024/05/16,7567869950975124
2029957419559,2024-05-31 19:07:38,МАриЯ пЕТРОВа,+7 9572 52 10,5,мОЛОКо,4,11703.07,296.93,COMpLeTEd,подарок вовремя,2024/05/16,7567869950975124
2029957419559,2024-05-31 19:07:38,МАриЯ пЕТРОВа,+7 9572 52 10,4,ПОДпИсКа НА газЕтУ,1,515.49,84.51,COmPLeTeD,подарок вовремя,2024/05/16,7567869950975124
2029957418378,2024/05/21 00:21:59,МИхАиЛ орЛОв,+7(9684)25-75,2,ИгРУшкА мЯч,5,1430.44,69.56,prOcEsSiNG,Ждём с нетерпением!,2024-05-10,2592661430235460
2029957418378,2024/05/21 00:21:59,МИхАиЛ орЛОв,+7(9684)25-75,5,МоЛОко,3,8329.66,670.34,PrOCESsinG,Ждём с нетерпением!,2024-05-10,2592661430235460
2029957418378,2024/05/21 00:21:59,МИхАиЛ орЛОв,+7(9684)25-75,1,Корм для соБАк,5,2455.45,44.55,ProcESsinG,Ждём с нетерпением!,2024-05-10,2592661430235460
2029957418378,2024/05/21 00:21:59,МИхАиЛ орЛОв,+7(9684)25-75,2,игРУШка мЯЧ,1,242.4,57.6,PROcEsSInG,Ждём с нетерпением!,2024-05-10,2592661430235460
2029957417939,2024/05/26 02:42:36,НАТАлЬЯ ВАсиЛЬеВА,8(9587) 95-15,1,Корм дЛЯ сОБак,4,1926.56,73.44,CoMpLetED,Всё отлично!,2024/05/17,3997767174952769
2029957417939,2024/05/26 02:42:36,НАТАлЬЯ ВАсиЛЬеВА,8(9587) 95-15,4,ПОдПиСКА На гАЗЕТУ,4,2387.13,12.87,CoMPLeTED,Всё отлично!,2024/05/17,3997767174952769
2029957416452,2024-05-12 16:55:34,АНна сМирнОВа,+7(9266)82-88,3,АМунИцИя Для сОБаК,4,4301.96,498.04,ProcESSinG,Нужно уточнить сроки,2024/05/14,3801896427213093
2029957415710,2024-05-16 15:23:06,сЕРгей СиДоРоВ,+7 9210 85 61,1,КОРм длЯ СобАк,2,967.08,32.92,pRoCesSING,подарок вовремя,10.05.2024,5230470215615068
2029957414254,2024-05-31 02:47:41,ИвАН ИВаНоВ,8(9781) 60-67,4,подПИСКа нА ГаЗеТу,1,516.83,83.17,cOmPLeTed,спасибо за заказ,2024-05-18,2555993185426921
2029957414254,2024-05-31 02:47:41,ИвАН ИВаНоВ,8(9781) 60-67,2,игРуШКа МяЧ,4,1030.76,169.24,cOMpleTEd,спасибо за заказ,2024-05-18,2555993185426921
2029957413540,21.05.2024 13:12,ДМитРИЙ КузнЕцОв,+7 9377 85 73,4,ПоДПИска на ГазЕтУ,1,489.12,110.88,cOmPletEd,спасибо за заказ,2024/05/17,9324074643225293
2029957412665,19.05.2024 15:25,маРиЯ пЕТрОвА,+7(9672)54-53,4,подПИСКа НА ГаЗету,4,1954.33,445.67,proceSsiNG,Проверить наличие,09.05.2024,3931101269656246
2029957411127,2024/05/22 03:12:20,АннА сМирновА,8(9068) 98-31,1,КОРМ дЛЯ соБаК,5,2286.37,213.63,COmPlEteD,Проверить наличие,2024/05/05,2133936996305117
2029957411127,2024/05/22 03:12:20,АннА сМирновА,8(9068) 98-31,5,МолОко,2,4913.22,1086.78,ComPLeteD,Проверить наличие,2024/05/05,2133936996305117
2029957411127,2024/05/22 03:12:20,АннА сМирновА,8(9068) 98-31,5,МолОКО,1,2563.3,436.7,COMPLeTed,Проверить наличие,2024/05/05,2133936996305117
2029957411127,2024/05/22 03:12:20,АннА сМирновА,8(9068) 98-31,5,МоЛОКО,3,8315.24,684.76,CoMPlEtED,Проверить наличие,2024/05/05,2133936996305117
2029957410305,2024-05-05 02:56:53,миХАИЛ ОрЛОв,8(9299) 75-86,2,иГрУШка мЯЧ,3,723.12,176.88,comPLETEd,спасибо за заказ,29.05.2024,7474170731393490
2029957410305,2024-05-05 02:56:53,миХАИЛ ОрЛОв,8(9299) 75-86,1,КоРм ДЛя собАк,3,1480.17,19.83,cOmpLETED,спасибо за заказ,29.05.2024,7474170731393490
2029957410305,2024-05-05 02:56:53,миХАИЛ ОрЛОв,8(9299) 75-86,5,моЛОко,4,11328.55,671.45,ComPlEted,спасибо за заказ,29.05.2024,7474170731393490
2029957409294,09.05.2024 11:59,еЛена НовикОвА,+7(9069)17-76,1,корМ ДЛЯ Собак,2,835.43,164.57,cAncEllED,Проверить наличие,2024/05/15,2360450254144711
2029957409294,09.05.2024 11:59,еЛена НовикОвА,+7(9069)17-76,1,корМ дЛя соБАк,2,843.51,156.49,cANCElLed,Проверить наличие,2024/05/15,2360450254144711
2029957408650,2024/05/29 20:28:19,елЕНА новИкоВА,8(9613) 18-34,4,ПОдПИска на Газету,2,974.55,225.45,prOCEssIng,"Задержка с доставкой, печалька...",2024/05/08,7820039438528981
2029957407833,2024-05-30 22:23:57,аННА СМирНОва,8(9194) 25-52,1,КоРм ДЛя соБак,5,2488.75,11.25,caNCeLLED,Ждём с нетерпением!,10.05.2024,1240997276954692
2029957407833,2024-05-30 22:23:57,аННА СМирНОва,8(9194) 25-52,3,аМУНИЦИя длЯ СоБаК,1,1018.29,181.71,cAncELleD,Ждём с нетерпением!,10.05.2024,1240997276954692
2029957407833,2024-05-30 22:23:57,аННА СМирНОва,8(9194) 25-52,3,АМУНиЦиЯ дЛЯ СоБак,2,2218.66,181.34,CAncelleD,Ждём с нетерпением!,10.05.2024,1240997276954692
2029957407833,2024-05-30 22:23:57,аННА СМирНОва,8(9194) 25-52,5,МОЛоКО,4,11917.91,82.09,CancElleD,Ждём с нетерпением!,10.05.2024,1240997276954692
2029957406207,2024/05/03 05:21:23,анНА смИрНова,+7 9395 03 80,1,КОрм ДЛя СОБаК,2,873.67,126.33,CAncELlED,Проверить наличие,2024/05/09,7377488187354969
2029957406207,2024/05/03 05:21:23,анНА смИрНова,+7 9395 03 80,3,амУниЦИЯ дЛЯ собАК,4,3878.1,921.9,CanCELLEd,Проверить наличие,2024/05/09,7377488187354969
2029957406207,2024/05/03 05:21:23,анНА смИрНова,+7 9395 03 80,5,МолокО,1,2648.36,351.64,CancelleD,Проверить наличие,2024/05/09,7377488187354969
2029957406207,2024/05/03 05:21:23,анНА смИрНова,+7 9395 03 80,5,МоЛОКО,2,5681.94,318.06,CaNceLleD,Проверить наличие,2024/05/09,7377488187354969
2029957405700,2024-05-07 16:03:56,НаТАЛЬЯ ваСИльЕВА,+7 9693 14 18,1,КОрм ДЛя сОбАк,2,991.87,8.13,COmPlETed,Нужно уточнить сроки,03.05.2024,7196047876926083
2029957405700,2024-05-07 16:03:56,НаТАЛЬЯ ваСИльЕВА,+7 9693 14 18,1,корМ ДлЯ сОбАК,4,1835.79,164.21,coMpLETEd,Нужно уточнить сроки,03.05.2024,7196047876926083
2029957405700,2024-05-07 16:03:56,НаТАЛЬЯ ваСИльЕВА,+7 9693 14 18,1,кОрм дЛя СОбак,2,971.96,28.04,cOMpLeTED,Нужно уточнить сроки,03.05.2024,7196047876926083
2029957404977,2024/05/28 18:17:41,еЛеНа нОВИКОВА,+7(9681)55-69,5,молОко,5,14147.03,852.97,COMpLETED,Нужно уточнить сроки,2024/05/29,6789921651367819
2029957404977,2024/05/28 18:17:41,еЛеНа нОВИКОВА,+7(9681)55-69,2,ИгруШКА мЯЧ,3,770.52,129.48,COmPleTEd,Нужно уточнить сроки,2024/05/29,6789921651367819
2029957404977,2024/05/28 18:17:41,еЛеНа нОВИКОВА,+7(9681)55-69,5,моЛоКО,1,2780.13,219.87,COMpLETed,Нужно уточнить сроки,2024/05/29,6789921651367819
2029957404977,2024/05/28 18:17:41,еЛеНа нОВИКОВА,+7(9681)55-69,1,кОрМ дЛя соБак,2,961.5,38.5,cOMpleteD,Нужно уточнить сроки,2024/05/29,6789921651367819
2029957404977,2024/05/28 18:17:41,еЛеНа нОВИКОВА,+7(9681)55-69,5,Молоко,2,5605.27,394.73,COMPlEtEd,Нужно уточнить сроки,2024/05/29,6789921651367819
2029957403641,2024/05/01 13:20:27,АЛЕКсеЙ мИхаЙЛов,+7(9029)17-50,1,кОРМ ДлЯ сОБак,3,1381.52,118.48,PrOCeSsinG,спасибо за заказ,2024/05/31,2368389349204258
2029957403641,2024/05/01 13:20:27,АЛЕКсеЙ мИхаЙЛов,+7(9029)17-50,3,АмунИцИЯ ДлЯ СОБак,2,2372.03,27.97,PRoCesSInG,спасибо за заказ,2024/05/31,2368389349204258
2029957403641,2024/05/01 13:20:27,АЛЕКсеЙ мИхаЙЛов,+7(9029)17-50,2,ИГрУШкА МЯЧ,4,963.34,236.66,PRocEssiNG,спасибо за заказ,2024/05/31,2368389349204258
2029957403641,2024/05/01 13:20:27,АЛЕКсеЙ мИхаЙЛов,+7(9029)17-50,1,корМ для сОбАК,5,2115.9,384.1,pRocEssING,спасибо за заказ,2024/05/31,2368389349204258
2029957402841,07.05.2024 05:54,дмиТрИЙ КУзнЕЦоВ,+7 9710 72 39,5,МОЛОКо,5,14882.55,117.45,completeD,Ждём с нетерпением!,2024-05-31,2375193023009506
2029957402841,07.05.2024 05:54,дмиТрИЙ КУзнЕЦоВ,+7 9710 72 39,3,АМУНИцИя длЯ СоБАК,1,1118.88,81.12,COMplETed,Ждём с нетерпением!,2024-05-31,2375193023009506
2029957402841,07.05.2024 05:54,дмиТрИЙ КУзнЕЦоВ,+7 9710 72 39,1,коРМ ДЛЯ сОбаК,5,2388.03,111.97,cOMPletED,Ждём с нетерпением!,2024-05-31,2375193023009506
2029957402841,07.05.2024 05:54,дмиТрИЙ КУзнЕЦоВ,+7 9710 72 39,1,КОрМ длЯ собАК,2,872.23,127.77,cOmPLeTED,Ждём с нетерпением!,2024-05-31,2375193023009506
2029957401369,2024/05/29 05:57:06,ОЛЬгА КуЗНЕцОВа,+7 9685 42 30,3,АмуниЦИЯ длЯ соБак,1,1186.06,13.94,PRoceSsing,"Задержка с доставкой, печалька...",15.05.2024,6699596333606093
2029957401369,2024/05/29 05:57:06,ОЛЬгА КуЗНЕцОВа,+7 9685 42 30,4,ПодпиСкА на гАзету,1,507.7,92.3,prOCEsSINg,"Задержка с доставкой, печалька...",15.05.2024,6699596333606093
2029957401369,2024/05/29 05:57:06,ОЛЬгА КуЗНЕцОВа,+7 9685 42 30,2,игРУШКА МЯЧ,5,1234.74,265.26,PRoCessING,"Задержка с доставкой, печалька...",15.05.2024,6699596333606093
2029957400371,2024/05/26 20:24:38,иваН иванОВ,8(9459) 40-01,3,аМунИция Для сОБаК,2,2396.79,3.21,processinG,"Задержка с доставкой, печалька...",2024/05/25,3128908160564317
2029957400371,2024/05/26 20:24:38,иваН иванОВ,8(9459) 40-01,5,мОЛОкО,5,13482.07,1517.93,PrOCESsiNG,"Задержка с доставкой, печалька...",2024/05/25,3128908160564317
2029957400371,2024/05/26 20:24:38,иваН иванОВ,8(9459) 40-01,2,ИГрУШКа мЯЧ,2,521.0,79.0,prOcesSiNG,"Задержка с доставкой, печалька...",2024/05/25,3128908160564317
2029957400371,2024/05/26 20:24:38,иваН иванОВ,8(9459) 40-01,4,поДПИсКА нА газеТу,2,1153.1,46.9,ProCeSSiNG,"Задержка с доставкой, печалька...",2024/05/25,3128908160564317
2029957399202,2024/05/30 11:16:11,МАРИЯ пЕТрОВА,+7(9960)10-49,4,ПодпиСкА на гАзЕтУ,1,572.74,27.26,proCESsinG,"Задержка с доставкой, печалька...",29.05.2024,4164017890035938
2029957399202,2024/05/30 11:16:11,МАРИЯ пЕТрОВА,+7(9960)10-49,5,МолОкО,3,8667.12,332.88,PrOcessiNg,"Задержка с доставкой, печалька...",29.05.2024,4164017890035938
2029957399202,2024/05/30 11:16:11,МАРИЯ пЕТрОВА,+7(9960)10-49,5,моЛоКО,1,2467.66,532.34,pRoCeSsing,"Задержка с доставкой, печалька...",29.05.2024,4164017890035938
2029957399202,2024/05/30 11:16:11,МАРИЯ пЕТрОВА,+7(9960)10-49,3,амуНицИЯ дЛЯ соБАк,3,3548.44,51.56,procesSinG,"Задержка с доставкой, печалька...",29.05.2024,4164017890035938
2029957399202,2024/05/30 11:16:11,МАРИЯ пЕТрОВА,+7(9960)10-49,3,АмуНИциЯ дЛя СОбАК,3,3210.97,389.03,PRoceSSINg,"Задержка с доставкой, печалька...",29.05.2024,4164017890035938
2029957398669,07.05.2024 22:55,АЛЕксей МИХайлов,8(9800) 68-51,3,АмуНИЦИЯ для соБак,3,3177.97,422.03,caNCeLLed,Нужно уточнить сроки,2024/05/17,1403339778638212
2029957398669,07.05.2024 22:55,АЛЕксей МИХайлов,8(9800) 68-51,4,ПОдпИСка На газеТУ,1,495.23,104.77,cAnCelLEd,Нужно уточнить сроки,2024/05/17,1403339778638212
2029957398669,07.05.2024 22:55,АЛЕксей МИХайлов,8(9800) 68-51,5,мОлокО,1,2734.63,265.37,CANCElLeD,Нужно уточнить сроки,2024/05/17,1403339778638212
2029957398669,07.05.2024 22:55,АЛЕксей МИХайлов,8(9800) 68-51,2,игруШКа мяЧ,1,259.83,40.17,canCeLled,Нужно уточнить сроки,2024/05/17,1403339778638212
2029957397218,2024/05/12 03:40:49,аННа смИРНОВа,+7(9706)53-12,4,ПОдпиСка нА ГАзЕтУ,2,1100.62,99.38,cOMpLeTeD,"Задержка с доставкой, печалька...",09.05.2024,8292197606462147
2029957396438,2024-05-23 05:56:07,оЛЬГА кузНЕЦОва,8(9046) 55-03,5,МолокО,5,14935.35,64.65,prOCEssIng,подарок вовремя,2024-05-23,2466018233998080
2029957396438,2024-05-23 05:56:07,оЛЬГА кузНЕЦОва,8(9046) 55-03,2,игРушка мЯч,3,825.8,74.2,PROceSsing,подарок вовремя,2024-05-23,2466018233998080
2029957396438,2024-05-23 05:56:07,оЛЬГА кузНЕЦОва,8(9046) 55-03,4,поДписКа нА ГазеТУ,4,2226.92,173.08,PrOCeSSinG,подарок вовремя,2024-05-23,2466018233998080
2029957396438,2024-05-23 05:56:07,оЛЬГА кузНЕЦОва,8(9046) 55-03,3,аМуницИя длЯ СОбАК,1,1090.61,109.39,ProCeSsInG,подарок вовремя,2024-05-23,2466018233998080
2029957395653,26.05.2024 03:27,МИХаил ОРлоВ,8(9467) 06-64,5,МолОко,2,5897.46,102.54,cAncElleD,Всё отлично!,02.05.2024,1916369234133998
2029957395653,26.05.2024 03:27,МИХаил ОРлоВ,8(9467) 06-64,2,игРушка мЯч,3,810.64,89.36,CAncelLeD,Всё отлично!,02.05.2024,1916369234133998
2029957394219,31.05.2024 10:24,ЕлЕна нОвИКОВа,+7 9336 93 83,1,кОрМ дЛя соБак,2,956.56,43.44,cAncELlEd,Нужно уточнить сроки,13.05.2024,8652723168710818
2029957394219,31.05.2024 10:24,ЕлЕна нОвИКОВа,+7 9336 93 83,5,моЛОкО,1,2484.49,515.51,cAnCElLEd,Нужно уточнить сроки,13.05.2024,8652723168710818
2029957393294,2024/05/18 02:16:25,мИхаИл ОРлов,+7 9960 32 12,5,МОЛокО,5,12389.36,2610.64,comPleTeD,Всё отлично!,28.05.2024,3484284252301418
2029957393294,2024/05/18 02:16:25,мИхаИл ОРлов,+7 9960 32 12,4,ПодпискА НА гАЗЕТу,1,557.58,42.42,comPleteD,Всё отлично!,28.05.2024,3484284252301418
2029957393294,2024/05/18 02:16:25,мИхаИл ОРлов,+7 9960 32 12,5,МоЛОКО,5,14252.88,747.12,comPlEtEd,Всё отлично!,28.05.2024,3484284252301418
2029957393294,2024/05/18 02:16:25,мИхаИл ОРлов,+7 9960 32 12,5,МолОко,2,5859.08,140.92,coMpLetED,Всё отлично!,28.05.2024,3484284252301418
2029957393294,2024/05/18 02:16:25,мИхаИл ОРлов,+7 9960 32 12,4,ПОДпискА нА ГАЗеТу,5,2812.16,187.84,coMPlEted,Всё отлично!,28.05.2024,3484284252301418
2029957392742,2024-05-02 13:56:49,михАИл орЛов,+7 9271 62 71,4,ПОДПИсКа На гаЗеТу,3,1516.13,283.87,CANCELled,"Задержка с доставкой, печалька...",2024-05-17,4066104708007470
2029957392742,2024-05-02 13:56:49,михАИл орЛов,+7 9271 62 71,4,поДПИска нА гаЗЕТУ,4,1942.72,457.28,cAnCElleD,"Задержка с доставкой, печалька...",2024-05-17,4066104708007470
2029957392742,2024-05-02 13:56:49,михАИл орЛов,+7 9271 62 71,4,поДписКа на гАЗЕтУ,2,1093.7,106.3,CanCElleD,"Задержка с доставкой, печалька...",2024-05-17,4066104708007470
2029957391335,2024-05-15 07:02:40,маРиЯ ПЕтровА,+7 9836 03 05,3,АмуНИцИя Для СобаК,5,4915.7,1084.3,cOMpLeteD,подарок вовремя,2024-05-14,2974261782550033
2029957391335,2024-05-15 07:02:40,маРиЯ ПЕтровА,+7 9836 03 05,3,АМУнИЦИЯ дЛя СоБаК,1,1007.95,192.05,coMplEtEd,подарок вовремя,2024-05-14,2974261782550033
2029957390163,2024/05/25 02:43:22,мИхАил оРЛоВ,8(9581) 36-78,1,корм ДЛЯ сОБАк,3,1419.3,80.7,CANceLleD,Всё отлично!,2024/05/19,9139778805744530
2029957390163,2024/05/25 02:43:22,мИхАил оРЛоВ,8(9581) 36-78,2,игрушкА мяч,1,282.78,17.22,CAncelLeD,Всё отлично!,2024/05/19,9139778805744530
2029957389811,2024-05-17 21:25:52,НатаЛЬя вАСИлЬЕВа,8(9950) 49-86,4,ПодПИсКа на гАзеТу,5,2678.23,321.77,CanCellEd,подарок вовремя,2024-05-12,2856134503619130
2029957389811,2024-05-17 21:25:52,НатаЛЬя вАСИлЬЕВа,8(9950) 49-86,1,КоРМ ДЛя СоБАк,3,1298.45,201.55,CANCElLED,подарок вовремя,2024-05-12,2856134503619130
2029957389811,2024-05-17 21:25:52,НатаЛЬя вАСИлЬЕВа,8(9950) 49-86,3,АмУниЦиЯ Для СОбаК,5,5754.24,245.76,cAnCellEd,подарок вовремя,2024-05-12,2856134503619130
2029957388749,2024/05/21 18:16:35,ЕЛЕНА ноВикОВа,+7(9076)30-68,3,АМуниЦИЯ ДЛя СоБак,3,3384.06,215.94,cANcELlEd,Нужно уточнить сроки,2024-05-05,3899293932151486
2029957388749,2024/05/21 18:16:35,ЕЛЕНА ноВикОВа,+7(9076)30-68,5,мОЛОкО,1,2797.49,202.51,CanCeLLED,Нужно уточнить сроки,2024-05-05,3899293932151486
2029957388749,2024/05/21 18:16:35,ЕЛЕНА ноВикОВа,+7(9076)30-68,3,АМуНИЦИя ДЛЯ СОбАк,4,4472.98,327.02,CAnCellEd,Нужно уточнить сроки,2024-05-05,3899293932151486
2029957387105,2024/05/14 19:53:34,МарИЯ ПЕТРОва,8(9198) 00-32,4,подпИсКа на ГаЗЕтУ,4,2273.53,126.47,CompleTED,Нужно уточнить сроки,15.05.2024,0943283415164102
2029957386315,29.05.2024 20:02,сергЕЙ сИдоров,8(9690) 32-83,5,моЛокО,4,11258.43,741.57,pRoceSsinG,Ждём с нетерпением!,2024/05/10,3496314669799273
2029957386315,29.05.2024 20:02,сергЕЙ сИдоров,8(9690) 32-83,1,коРм для сОбаК,5,2337.26,162.74,PROcESsInG,Ждём с нетерпением!,2024/05/10,3496314669799273
2029957386315,29.05.2024 20:02,сергЕЙ сИдоров,8(9690) 32-83,4,пОдПиСКА на газЕТУ,5,2882.07,117.93,proCESsING,Ждём с нетерпением!,2024/05/10,3496314669799273
2029957386315,29.05.2024 20:02,сергЕЙ сИдоров,8(9690) 32-83,3,АМунИЦИЯ Для СОБАк,1,1135.81,64.19,proceSSiNG,Ждём с нетерпением!,2024/05/10,3496314669799273
2029957386315,29.05.2024 20:02,сергЕЙ сИдоров,8(9690) 32-83,1,КОрм ДлЯ сОБАК,4,1743.93,256.07,PrOCEssINg,Ждём с нетерпением!,2024/05/10,3496314669799273
2029957385491,29.05.2024 01:33,АлекСей МиХАйлов,+7(9006)37-77,3,аМУНИцИя дЛЯ СОБАК,3,3029.37,570.63,PrOCEsSiNg,Всё отлично!,2024-05-27,2226499354825338
2029957385491,29.05.2024 01:33,АлекСей МиХАйлов,+7(9006)37-77,2,ИГРуШКА МЯч,1,266.3,33.7,PrOceSSinG,Всё отлично!,2024-05-27,2226499354825338
2029957384903,07.05.2024 00:23,мИхАИл оРЛов,8(9757) 66-68,5,мОЛОкО,5,14429.43,570.57,COMpLetED,Ждём с нетерпением!,2024/05/24,2367099025466196
2029957384903,07.05.2024 00:23,мИхАИл оРЛов,8(9757) 66-68,4,подпИСКА нА гАЗЕту,5,2862.35,137.65,ComPLetED,Ждём с нетерпением!,2024/05/24,2367099025466196
2029957384903,07.05.2024 00:23,мИхАИл оРЛов,8(9757) 66-68,2,иГРуШка МяЧ,4,1194.89,5.11,CoMPleTed,Ждём с нетерпением!,2024/05/24,2367099025466196
2029957384903,07.05.2024 00:23,мИхАИл оРЛов,8(9757) 66-68,4,пОдпИСКа на ГАЗету,2,1044.55,155.45,complETed,Ждём с нетерпением!,2024/05/24,2367099025466196
2029957384903,07.05.2024 00:23,мИхАИл оРЛов,8(9757) 66-68,4,ПодпиСкА НА гаЗеТУ,4,2373.72,26.28,cOMPletEd,Ждём с нетерпением!,2024/05/24,2367099025466196
2029957383940,07.05.2024 17:36,алЕКСей мИхайлОВ,8(9433) 87-18,4,подПиСКа На гАзЕТУ,5,2661.81,338.19,cAnCEllEd,спасибо за заказ,2024/05/04,4555012609604269
2029957383940,07.05.2024 17:36,алЕКСей мИхайлОВ,8(9433) 87-18,5,МолОко,1,2732.21,267.79,CAnceLleD,спасибо за заказ,2024/05/04,4555012609604269
2029957383940,07.05.2024 17:36,алЕКСей мИхайлОВ,8(9433) 87-18,1,корм длЯ СОбАК,5,2341.56,158.44,cAnCelLEd,спасибо за заказ,2024/05/04,4555012609604269
2029957382118,24.05.2024 07:55,аНна СмИрновА,+7 9484 41 51,5,мОлокО,5,12647.0,2353.0,PROcesSInG,Проверить наличие,2024-05-08,8405682004913799
2029957382118,24.05.2024 07:55,аНна СмИрновА,+7 9484 41 51,1,КОРм Для СОбаК,3,1413.2,86.8,PrOCESSiNg,Проверить наличие,2024-05-08,8405682004913799
2029957381408,2024-05-10 04:33:27,алЕКсеЙ мИхАЙЛов,+7 9439 32 94,2,ИГРУшКА Мяч,3,722.17,177.83,canCELLeD,Всё отлично!,2024-05-12,3233967830173931
2029957381408,2024-05-10 04:33:27,алЕКсеЙ мИхАЙЛов,+7 9439 32 94,2,ИГрУШКА МЯч,2,597.04,2.96,CancELLeD,Всё отлично!,2024-05-12,3233967830173931
2029957380857,2024/05/14 00:45:19,АннА СМиРНОвА,+7 9863 80 43,2,игрушкА мяЧ,3,757.78,142.22,COMPLETEd,спасибо за заказ,2024/05/11,5563481602538810
2029957380857,2024/05/14 00:45:19,АннА СМиРНОвА,+7 9863 80 43,3,аМуниЦИя длЯ соБАК,2,2345.29,54.71,cOmpLETed,спасибо за заказ,2024/05/11,5563481602538810
2029957379488,2024-05-18 02:42:57,НаТАЛЬя ВаСиЛЬЕВа,+7 9580 85 55,5,мОЛОко,2,5027.58,972.42,ComPLETeD,подарок вовремя,2024/05/14,6235750621922639
2029957379488,2024-05-18 02:42:57,НаТАЛЬя ВаСиЛЬЕВа,+7 9580 85 55,5,молОко,4,10259.03,1740.97,CompLeTEd,подарок вовремя,2024/05/14,6235750621922639
2029957379488,2024-05-18 02:42:57,НаТАЛЬя ВаСиЛЬЕВа,+7 9580 85 55,5,МолокО,3,8746.92,253.08,compLeTEd,подарок вовремя,2024/05/14,6235750621922639
2029957379488,2024-05-18 02:42:57,НаТАЛЬя ВаСиЛЬЕВа,+7 9580 85 55,1,КОРм для СобаК,3,1454.26,45.74,CoMplEtEd,подарок вовремя,2024/05/14,6235750621922639
2029957378686,21.05.2024 01:34,АННа сМирноВа,8(9664) 73-45,4,подПИскА НА газЕту,5,2480.94,519.06,prOcESSIng,Ждём с нетерпением!,2024/05/12,4761470608781966
2029957378686,21.05.2024 01:34,АННа сМирноВа,8(9664) 73-45,3,АмуНицИЯ дЛя СОбаК,3,3008.29,591.71,pROcESSinG,Ждём с нетерпением!,2024/05/12,4761470608781966
2029957377162,2024/05/23 05:49:30,дМИтРИЙ кУзнецОВ,+7 9411 21 24,4,поДПисКа На ГАзетУ,2,1173.49,26.51,ComPlETED,"Задержка с доставкой, печалька...",2024/05/20,9536915798517117
2029957377162,2024/05/23 05:49:30,дМИтРИЙ кУзнецОВ,+7 9411 21 24,4,пОДпиСка нА ГаЗету,2,1103.14,96.86,CoMpleTED,"Задержка с доставкой, печалька...",2024/05/20,9536915798517117
2029957377162,2024/05/23 05:49:30,дМИтРИЙ кУзнецОВ,+7 9411 21 24,2,игрушКа мЯЧ,2,504.06,95.94,cOMpLETED,"Задержка с доставкой, печалька...",2024/05/20,9536915798517117
2029957376807,2024/05/11 11:54:56,МиХаИл орЛоВ,+7(9344)48-39,3,аМУниЦия дЛЯ сОбАК,5,5177.52,822.48,cANCeLLeD,Всё отлично!,21.05.2024,6905638909938585
2029957376807,2024/05/11 11:54:56,МиХаИл орЛоВ,+7(9344)48-39,5,молоко,4,11219.1,780.9,canCELled,Всё отлично!,21.05.2024,6905638909938585
2029957376807,2024/05/11 11:54:56,МиХаИл орЛоВ,+7(9344)48-39,3,АмУнИцИя дЛя Собак,3,3567.72,32.28,cAnceLlEd,Всё отлично!,21.05.2024,6905638909938585
2029957376807,2024/05/11 11:54:56,МиХаИл орЛоВ,+7(9344)48-39,4,ПОдпИСКа НА гАзеТу,5,2577.66,422.34,CANcEllED,Всё отлично!,21.05.2024,6905638909938585
2029957631404,10.05.2024 16:58,ЕлеНа ноВИКова,+7(9476)33-92,4,поДпИСкА нА ГАЗЕТУ,5,2589.21,410.79,canCElLeD,Ждём с нетерпением!,2024-05-25,4516923960314214
2029957631404,10.05.2024 16:58,ЕлеНа ноВИКова,+7(9476)33-92,4,поДпИСка нА ГАзеТУ,1,571.44,28.56,CANCElLeD,Ждём с нетерпением!,2024-05-25,4516923960314214
2029957631404,10.05.2024 16:58,ЕлеНа ноВИКова,+7(9476)33-92,5,МОлОКО,4,10275.97,1724.03,CANceLLed,Ждём с нетерпением!,2024-05-25,4516923960314214
2029957630246,2024-05-07 11:13:17,НАТаЛья ВАСиЛЬЕва,+7(9442)15-79,2,ИгрушКА Мяч,1,272.56,27.44,COMpLETed,Нужно уточнить сроки,11.05.2024,5227208170551785
2029957630246,2024-05-07 11:13:17,НАТаЛья ВАСиЛЬЕва,+7(9442)15-79,3,АМУНИЦиЯ ДЛЯ СобАК,1,1093.14,106.86,COMpleteD,Нужно уточнить сроки,11.05.2024,5227208170551785
2029957630246,2024-05-07 11:13:17,НАТаЛья ВАСиЛЬЕва,+7(9442)15-79,4,ПоДПиСка НА гАзЕтУ,2,1045.41,154.59,ComPlEtED,Нужно уточнить сроки,11.05.2024,5227208170551785
2029957630246,2024-05-07 11:13:17,НАТаЛья ВАСиЛЬЕва,+7(9442)15-79,4,пОдПискА На ГаЗетУ,2,1173.76,26.24,coMPleTED,Нужно уточнить сроки,11.05.2024,5227208170551785
2029957630246,2024-05-07 11:13:17,НАТаЛья ВАСиЛЬЕва,+7(9442)15-79,4,ПОДпиСкА на ГАзетУ,1,514.83,85.17,COMplETeD,Нужно уточнить сроки,11.05.2024,5227208170551785
2029957629756,2024/05/13 05:38:16,елеНА НОВикОвА,8(9736) 30-52,2,игрушКА мЯЧ,4,1024.78,175.22,canCElLeD,подарок вовремя,11.05.2024,2086334276495383
2029957628605,2024/05/20 02:20:24,АННА СмИрНОва,8(9253) 41-45,1,КОрм ДЛЯ сОбАК,2,848.67,151.33,prOCESSing,подарок вовремя,2024-05-07,2759162767634550
2029957628605,2024/05/20 02:20:24,АННА СмИрНОва,8(9253) 41-45,4,ПОдпиСКА НА газетУ,5,2611.83,388.17,pRoCeSSing,подарок вовремя,2024-05-07,2759162767634550
2029957628605,2024/05/20 02:20:24,АННА СмИрНОва,8(9253) 41-45,4,поДПИска На ГАЗеТУ,3,1781.17,18.83,pROcEsSiNg,подарок вовремя,2024-05-07,2759162767634550
2029957628605,2024/05/20 02:20:24,АННА СмИрНОва,8(9253) 41-45,3,аМуНИцИя ДЛя СоБаК,1,1194.6,5.4,prOcESSIng,подарок вовремя,2024-05-07,2759162767634550
2029957628605,2024/05/20 02:20:24,АННА СмИрНОва,8(9253) 41-45,1,Корм ДЛя СобАК,1,470.31,29.69,PROcEssiNg,подарок вовремя,2024-05-07,2759162767634550
2029957627420,02.05.2024 01:32,дМиТРИй КУзнЕЦов,+7 9299 84 30,5,МОЛОкО,2,5931.45,68.55,coMPLeted,Нужно уточнить сроки,27.05.2024,8206826713305709
2029957627420,02.05.2024 01:32,дМиТРИй КУзнЕЦов,+7 9299 84 30,5,МОЛоКО,2,5574.05,425.95,CoMpLETEd,Нужно уточнить сроки,27.05.2024,8206826713305709
2029957627420,02.05.2024 01:32,дМиТРИй КУзнЕЦов,+7 9299 84 30,4,ПоДпИсКА на ГазеТУ,1,535.34,64.66,cOMPletEd,Нужно уточнить сроки,27.05.2024,8206826713305709
2029957627420,02.05.2024 01:32,дМиТРИй КУзнЕЦов,+7 9299 84 30,5,МОлокО,1,2682.54,317.46,COMPlETed,Нужно уточнить сроки,27.05.2024,8206826713305709
2029957627420,02.05.2024 01:32,дМиТРИй КУзнЕЦов,+7 9299 84 30,3,аМУнИЦИя длЯ сОБАК,5,4887.34,1112.66,CompLETed,Нужно уточнить сроки,27.05.2024,8206826713305709
2029957626836,2024/05/27 22:26:15,наталья вАсИлЬЕвА,+7 9379 45 32,3,аМуниЦИЯ дЛЯ СОБак,4,4494.32,305.68,prOCeSSinG,Нужно уточнить сроки,2024-05-10,9491140919001296
2029957625116,2024/05/30 08:02:32,ольга КуЗнЕЦоВА,8(9279) 11-87,4,поДпИска На ГаЗетУ,5,2448.79,551.21,COmPlEtEd,подарок вовремя,23.05.2024,0707126382247050
2029957625116,2024/05/30 08:02:32,ольга КуЗнЕЦоВА,8(9279) 11-87,3,АмунИцИя ДЛя соБАк,4,3948.7,851.3,complETED,подарок вовремя,23.05.2024,0707126382247050
2029957624220,22.05.2024 23:53,МихАил орлов,8(9266) 68-85,2,ИгРуШкА мЯч,4,1092.0,108.0,compLeteD,Проверить наличие,2024-05-11,6424652423278117
2029957624220,22.05.2024 23:53,МихАил орлов,8(9266) 68-85,3,АМУнИЦИЯ дЛЯ собАк,1,1037.55,162.45,ComPleTEd,Проверить наличие,2024-05-11,6424652423278117
2029957624220,22.05.2024 23:53,МихАил орлов,8(9266) 68-85,2,игрУШкА МЯч,3,745.03,154.97,comPLEtEd,Проверить наличие,2024-05-11,6424652423278117
2029957624220,22.05.2024 23:53,МихАил орлов,8(9266) 68-85,2,ИГрушкА мЯЧ,4,1194.67,5.33,CompLetEd,Проверить наличие,2024-05-11,6424652423278117
2029957624220,22.05.2024 23:53,МихАил орлов,8(9266) 68-85,2,иГРуШкА мЯч,4,1165.49,34.51,cOmpLeTEd,Проверить наличие,2024-05-11,6424652423278117
2029957623696,27.05.2024 22:18,АННА сМирНОВа,+7(9041)82-31,2,ИгрУШка мЯч,3,801.77,98.23,compleTed,спасибо за заказ,2024/05/13,3817367540487146
2029957623696,27.05.2024 22:18,АННА сМирНОВа,+7(9041)82-31,5,МОЛоко,5,13710.39,1289.61,coMpleTed,спасибо за заказ,2024/05/13,3817367540487146
2029957623696,27.05.2024 22:18,АННА сМирНОВа,+7(9041)82-31,2,иГРушКа МяЧ,3,835.84,64.16,COmpleteD,спасибо за заказ,2024/05/13,3817367540487146
2029957622588,2024-05-26 14:57:02,сЕргЕй сИдОРОв,8(9359) 16-76,5,МоЛоко,2,5640.63,359.37,PrOCessIng,Всё отлично!,2024/05/21,6890305050254612
2029957622588,2024-05-26 14:57:02,сЕргЕй сИдОРОв,8(9359) 16-76,4,ПоДПисКА НА гаЗеТу,4,2215.49,184.51,PROcesSiNG,Всё отлично!,2024/05/21,6890305050254612
2029957621750,25.05.2024 04:01,аЛекСей МИхАйЛОВ,+7 9447 27 04,1,корм ДлЯ Собак,1,437.01,62.99,cANceLLeD,"Задержка с доставкой, печалька...",29.05.2024,8281940264751902
2029957621750,25.05.2024 04:01,аЛекСей МИхАйЛОВ,+7 9447 27 04,3,АМуНицИя для сОБак,5,5322.52,677.48,cancelled,"Задержка с доставкой, печалька...",29.05.2024,8281940264751902
2029957621750,25.05.2024 04:01,аЛекСей МИхАйЛОВ,+7 9447 27 04,3,АмУНиЦия Для СОбак,1,1095.32,104.68,CANCellEd,"Задержка с доставкой, печалька...",29.05.2024,8281940264751902
2029957620887,2024-05-19 18:16:31,марИЯ ПЕТрОВа,8(9313) 19-84,3,АмУнИЦИя Для соБАК,3,3144.39,455.61,cOmPLEteD,Ждём с нетерпением!,2024-05-22,1771044763948586
2029957620887,2024-05-19 18:16:31,марИЯ ПЕТрОВа,8(9313) 19-84,4,ПодПИска нА гаЗеТу,2,1117.03,82.97,COmPLeTed,Ждём с нетерпением!,2024-05-22,1771044763948586
2029957620887,2024-05-19 18:16:31,марИЯ ПЕТрОВа,8(9313) 19-84,5,МОлоко,3,7922.02,1077.98,CoMPLETeD,Ждём с нетерпением!,2024-05-22,1771044763948586
2029957620887,2024-05-19 18:16:31,марИЯ ПЕТрОВа,8(9313) 19-84,2,игрУшка мЯч,2,496.67,103.33,coMpleTED,Ждём с нетерпением!,2024-05-22,1771044763948586
2029957619979,26.05.2024 03:29,дМИТРий КУЗНеЦОВ,+7 9707 71 62,5,МолокО,2,4975.9,1024.1,complEtED,Проверить наличие,30.05.2024,4209205085483789
2029957618531,27.05.2024 13:54,Елена нОвИКОвА,8(9296) 56-07,3,АмуНИЦиЯ дЛЯ СоБАк,4,4690.9,109.1,comPleTed,Всё отлично!,03.05.2024,2925505938669225
2029957618531,27.05.2024 13:54,Елена нОвИКОвА,8(9296) 56-07,3,амУНИЦИЯ дЛЯ СОбАК,5,5208.57,791.43,cOMPlETed,Всё отлично!,03.05.2024,2925505938669225
2029957618531,27.05.2024 13:54,Елена нОвИКОвА,8(9296) 56-07,3,аМунИЦИя ДлЯ СОбаК,2,2258.98,141.02,CoMPLETEd,Всё отлично!,03.05.2024,2925505938669225
2029957618531,27.05.2024 13:54,Елена нОвИКОвА,8(9296) 56-07,4,пОДПИсКа НА ГАзЕту,1,569.55,30.45,COMPLeTEd,Всё отлично!,03.05.2024,2925505938669225
2029957617760,23.05.2024 01:19,ЕленА НОВИкОвА,+7 9526 22 61,3,аМУНИцИя для сОбаК,3,3277.59,322.41,ComPLEtED,Нужно уточнить сроки,2024/05/18,2502676923924682
2029957617760,23.05.2024 01:19,ЕленА НОВИкОвА,+7 9526 22 61,4,ПОДписКа НА гаЗЕТу,5,2899.83,100.17,COmPLETeD,Нужно уточнить сроки,2024/05/18,2502676923924682
2029957617760,23.05.2024 01:19,ЕленА НОВИкОвА,+7 9526 22 61,5,мОЛоКО,3,8974.1,25.9,CoMpLetEd,Нужно уточнить сроки,2024/05/18,2502676923924682
2029957616890,21.05.2024 03:52,аЛЕкСЕй МИХаЙлОв,+7 9963 22 96,5,мОЛоко,4,10922.43,1077.57,caNcelLED,Проверить наличие,09.05.2024,2711620549169377
2029957615734,19.05.2024 20:56,НАТАлЬЯ ВАсильевА,+7(9974)94-85,2,игРУшка мяч,5,1244.08,255.92,cANCelled,спасибо за заказ,2024/05/10,5367486035826637
2029957615734,19.05.2024 20:56,НАТАлЬЯ ВАсильевА,+7(9974)94-85,4,ПодПИскА НА газеТУ,1,579.84,20.16,CAnCELLEd,спасибо за заказ,2024/05/10,5367486035826637
2029957614180,2024/05/25 13:11:52,Анна СМИрНОва,+7(9856)31-96,3,амунИЦиЯ Для СоБАК,5,5399.83,600.17,CanCeLlEd,Проверить наличие,2024/05/27,4454157540018324
2029957613336,2024/05/31 15:16:41,еЛена новикОвА,8(9574) 89-66,3,АмУНИЦия для СОБАк,4,4241.78,558.22,COMPlEted,"Задержка с доставкой, печалька...",2024/05/13,9872438164306122
2029957613336,2024/05/31 15:16:41,еЛена новикОвА,8(9574) 89-66,4,ПоДписКа На гАЗету,4,2009.17,390.83,cOmpLeTed,"Задержка с доставкой, печалька...",2024/05/13,9872438164306122
2029957612274,2024-05-18 18:41:25,ДмитрИй кУЗНецОВ,+7 9094 35 69,4,поДпИСкА На ГазеТУ,3,1496.58,303.42,ComplEtEd,спасибо за заказ,2024/05/28,1923808938677283
2029957612274,2024-05-18 18:41:25,ДмитрИй кУЗНецОВ,+7 9094 35 69,4,ПоДпиСкА На ГАЗЕту,3,1581.02,218.98,cOmplETeD,спасибо за заказ,2024/05/28,1923808938677283
2029957612274,2024-05-18 18:41:25,ДмитрИй кУЗНецОВ,+7 9094 35 69,1,корм ДЛЯ собак,3,1256.64,243.36,COMPlETed,спасибо за заказ,2024/05/28,1923808938677283
2029957612274,2024-05-18 18:41:25,ДмитрИй кУЗНецОВ,+7 9094 35 69,1,КоРм дЛя сОБАК,3,1378.17,121.83,cOMplEtEd,спасибо за заказ,2024/05/28,1923808938677283
2029957612274,2024-05-18 18:41:25,ДмитрИй кУЗНецОВ,+7 9094 35 69,4,ПОДпИска НА ГаЗеТу,1,557.01,42.99,coMpLETEd,спасибо за заказ,2024/05/28,1923808938677283
2029957611364,2024-05-24 15:01:31,ольГА куЗнеЦОВА,8(9480) 69-04,5,МОЛОко,3,8124.02,875.98,complETeD,Всё отлично!,28.05.2024,3583722533330102
2029957610289,21.05.2024 10:04,алЕКсЕй мИХАЙЛоВ,+7(9937)31-04,5,мОЛОкО,2,5207.38,792.62,COmPleTeD,Ждём с нетерпением!,16.05.2024,3192987584766189
2029957610289,21.05.2024 10:04,алЕКсЕй мИХАЙЛоВ,+7(9937)31-04,5,МолОКО,1,2552.04,447.96,CompLEteD,Ждём с нетерпением!,16.05.2024,3192987584766189
2029957610289,21.05.2024 10:04,алЕКсЕй мИХАЙЛоВ,+7(9937)31-04,4,ПоДпиСкА нА гАзЕТу,2,1038.95,161.05,CoMPLEtED,Ждём с нетерпением!,16.05.2024,3192987584766189
2029957609196,2024-05-29 05:46:55,Сергей СИДороВ,+7(9478)57-53,5,МОЛОКо,5,13267.95,1732.05,CAnCellEd,Ждём с нетерпением!,2024/05/08,3159256921451009
2029957609196,2024-05-29 05:46:55,Сергей СИДороВ,+7(9478)57-53,4,ПОдписКА нА газету,5,2770.46,229.54,cAnCeLLeD,Ждём с нетерпением!,2024/05/08,3159256921451009
2029957608780,2024-05-29 08:21:38,елена НоВИкОва,+7(9983)91-15,4,поДПиСкА НА гАзетУ,1,589.87,10.13,coMpLeteD,спасибо за заказ,2024/05/29,3914272961674793
2029957608780,2024-05-29 08:21:38,елена НоВИкОва,+7(9983)91-15,1,корМ дЛя соБАК,3,1451.22,48.78,comPLetEd,спасибо за заказ,2024/05/29,3914272961674793
2029957608780,2024-05-29 08:21:38,елена НоВИкОва,+7(9983)91-15,2,иГРуШКа МяЧ,4,1039.19,160.81,coMPLeteD,спасибо за заказ,2024/05/29,3914272961674793
2029957608780,2024-05-29 08:21:38,елена НоВИкОва,+7(9983)91-15,3,АМуНиция ДЛЯ Собак,1,965.79,234.21,coMPLEted,спасибо за заказ,2024/05/29,3914272961674793
2029957607667,05.05.2024 14:32,НаТАлЬя ВасильЕВа,+7(9268)14-01,5,МОЛОко,1,2969.5,30.5,PrOcessiNG,подарок вовремя,03.05.2024,4608902386521751
2029957606427,2024/05/31 10:02:24,еЛена НоВиКОВА,+7 9650 87 23,4,пОДПисКа На ГаЗЕТУ,1,503.1,96.9,comPletED,спасибо за заказ,2024/05/18,9395666258191762
2029957606427,2024/05/31 10:02:24,еЛена НоВиКОВА,+7 9650 87 23,2,ИгрУшКа мЯч,3,772.56,127.44,COmPleTeD,спасибо за заказ,2024/05/18,9395666258191762
2029957606427,2024/05/31 10:02:24,еЛена НоВиКОВА,+7 9650 87 23,5,мОЛоКо,4,11476.35,523.65,cOmPLEteD,спасибо за заказ,2024/05/18,9395666258191762
2029957606427,2024/05/31 10:02:24,еЛена НоВиКОВА,+7 9650 87 23,5,МоЛоКо,3,8125.21,874.79,cOmPLETED,спасибо за заказ,2024/05/18,9395666258191762
2029957606427,2024/05/31 10:02:24,еЛена НоВиКОВА,+7 9650 87 23,3,аМУниЦия для СоБак,3,3286.17,313.83,cOMPLETed,спасибо за заказ,2024/05/18,9395666258191762
2029957605315,2024-05-21 08:31:30,миХаИл ОРлОВ,+7(9026)04-48,5,МоЛОкО,4,10385.94,1614.06,PrOceSsiNG,Проверить наличие,2024-05-28,4460489272337284
2029957605315,2024-05-21 08:31:30,миХаИл ОРлОВ,+7(9026)04-48,3,АмуНИция дЛя СобаК,1,1116.12,83.88,ProCEssING,Проверить наличие,2024-05-28,4460489272337284
2029957605315,2024-05-21 08:31:30,миХаИл ОРлОВ,+7(9026)04-48,4,поДпИСКА На ГаЗеТУ,1,506.68,93.32,PROCESSING,Проверить наличие,2024-05-28,4460489272337284
2029957604241,21.05.2024 00:26,АлеКСЕй МИхаЙЛОв,8(9931) 10-61,1,корМ ДЛя СоБак,3,1346.38,153.62,PROCEssing,Ждём с нетерпением!,20.05.2024,6876695035762842
2029957603450,2024/05/21 17:25:38,дмитРий кУЗнЕцОВ,+7(9183)70-40,4,ПодПИсКА на гаЗЕТУ,3,1603.78,196.22,CAnCelleD,подарок вовремя,2024-05-12,7836316274428948
2029957603450,2024/05/21 17:25:38,дмитРий кУЗнЕцОВ,+7(9183)70-40,5,мОлоКО,2,5702.22,297.78,canceLLed,подарок вовремя,2024-05-12,7836316274428948
2029957603450,2024/05/21 17:25:38,дмитРий кУЗнЕцОВ,+7(9183)70-40,2,ИГРУШКА мЯч,2,484.62,115.38,canceLlED,подарок вовремя,2024-05-12,7836316274428948
2029957603450,2024/05/21 17:25:38,дмитРий кУЗнЕцОВ,+7(9183)70-40,4,пОДПИСКА На ГАЗеТу,4,2061.84,338.16,CAnCeLLED,подарок вовремя,2024-05-12,7836316274428948
2029957603450,2024/05/21 17:25:38,дмитРий кУЗнЕцОВ,+7(9183)70-40,2,ИгРуШКА мЯч,3,864.85,35.15,CaNCeLlED,подарок вовремя,2024-05-12,7836316274428948
2029957602837,2024-05-08 02:56:24,ИваН ИвАнОв,+7(9038)44-58,3,АМУНиЦия Для СОБАК,3,3033.18,566.82,compLETeD,Нужно уточнить сроки,2024/05/13,2168331121089455
2029957601795,2024/05/06 01:17:49,дмитРий кузнЕцОВ,+7 9771 14 08,2,ИГрУШКА МЯч,5,1282.71,217.29,cOmPlETED,подарок вовремя,02.05.2024,7107957927307988
2029957600961,12.05.2024 05:14,ДМитрИй КуЗнецоВ,8(9061) 81-09,5,МОЛоко,2,5818.81,181.19,COMPleTeD,спасибо за заказ,2024/05/02,9754721389725322
2029957599805,2024/05/02 17:56:44,нАтАЛЬя ваСиЛьЕвА,8(9875) 51-85,1,корм длЯ сОБаК,5,2140.56,359.44,cancElled,Проверить наличие,2024/05/15,5442126509168269
2029957599805,2024/05/02 17:56:44,нАтАЛЬя ваСиЛьЕвА,8(9875) 51-85,2,иГрУШкА МЯЧ,5,1338.66,161.34,CANcElLeD,Проверить наличие,2024/05/15,5442126509168269
2029957599805,2024/05/02 17:56:44,нАтАЛЬя ваСиЛьЕвА,8(9875) 51-85,1,КОРм ДлЯ сОБАК,5,2193.26,306.74,CANCELLED,Проверить наличие,2024/05/15,5442126509168269
2029957599805,2024/05/02 17:56:44,нАтАЛЬя ваСиЛьЕвА,8(9875) 51-85,2,ИгрУшка мЯч,1,289.94,10.06,CaNCELled,Проверить наличие,2024/05/15,5442126509168269
2029957599805,2024/05/02 17:56:44,нАтАЛЬя ваСиЛьЕвА,8(9875) 51-85,3,аМуНИЦИя для СОбАк,4,3898.89,901.11,cANcElleD,Проверить наличие,2024/05/15,5442126509168269
2029957598147,30.05.2024 22:52,НаталЬЯ васиЛьЕВА,+7 9783 38 21,4,ПодПИсКА НА гАЗеТу,4,1935.06,464.94,cOmpletEd,Всё отлично!,2024/05/20,9981305484740332
2029957598147,30.05.2024 22:52,НаталЬЯ васиЛьЕВА,+7 9783 38 21,3,амуНиЦия для сОбак,3,3133.87,466.13,CompleTEd,Всё отлично!,2024/05/20,9981305484740332
2029957597639,2024/05/31 08:21:33,НатАлья васИЛьеВа,+7 9793 70 90,2,иГрушка Мяч,4,970.77,229.23,CaNCElLeD,Ждём с нетерпением!,31.05.2024,9855048397232248
2029957597639,2024/05/31 08:21:33,НатАлья васИЛьеВа,+7 9793 70 90,1,КОРм дЛЯ СОБаК,1,427.33,72.67,canCelleD,Ждём с нетерпением!,31.05.2024,9855048397232248
2029957596174,12.05.2024 01:33,маРиЯ ПетроВа,8(9998) 42-47,1,КОрм ДЛя сОБаК,3,1298.92,201.08,cOmpLetEd,подарок вовремя,17.05.2024,2139076413355639
2029957595712,2024-05-14 11:42:13,иВАН иваНОв,8(9300) 27-13,5,мОЛокО,1,2622.69,377.31,PRoCEsSIng,"Задержка с доставкой, печалька...",2024-05-13,8459519159482022
2029957595712,2024-05-14 11:42:13,иВАН иваНОв,8(9300) 27-13,2,игрУШкА мЯЧ,2,529.5,70.5,proCESSiNg,"Задержка с доставкой, печалька...",2024-05-13,8459519159482022
2029957594591,2024/05/11 11:20:30,миХаиЛ орлоВ,+7(9515)41-16,3,АМуНиЦИя дЛя сОБАк,4,4308.48,491.52,caNcelLED,Всё отлично!,2024/05/25,9454291405858273
2029957593928,20.05.2024 01:39,НАТАЛьЯ ВаСилЬева,+7(9003)33-36,2,ИГрУшкА МЯч,4,1005.1,194.9,pRoCesSINg,Проверить наличие,2024-05-25,1622635763776907
2029957593928,20.05.2024 01:39,НАТАЛьЯ ВаСилЬева,+7(9003)33-36,4,поДПиСКА нА ГаЗеТу,5,2741.11,258.89,PROceSSING,Проверить наличие,2024-05-25,1622635763776907
2029957593928,20.05.2024 01:39,НАТАЛьЯ ВаСилЬева,+7(9003)33-36,4,ПодПисКА НА газЕту,3,1763.27,36.73,pROCEsSInG,Проверить наличие,2024-05-25,1622635763776907
2029957592918,14.05.2024 21:57,елеНа НовикоВа,+7(9680)04-20,5,МОлОкО,3,8254.98,745.02,cOMPLEteD,подарок вовремя,02.05.2024,4724243954602486
2029957592918,14.05.2024 21:57,елеНа НовикоВа,+7(9680)04-20,2,игРУШкА МяЧ,2,515.8,84.2,COMpLeted,подарок вовремя,02.05.2024,4724243954602486
2029957591110,2024-05-24 08:54:59,аЛЕксЕй МихайЛоВ,8(9596) 60-20,4,ПОДПиСКА нА газЕтУ,2,968.97,231.03,CoMPlETed,Нужно уточнить сроки,2024-05-28,4042252455040158
2029957590299,2024-05-23 19:34:22,МАРИя пЕТРова,8(9661) 69-86,4,пОДПиСка на ГазетУ,2,964.17,235.83,coMpLETeD,подарок вовремя,2024-05-13,4330963384863727
2029957590299,2024-05-23 19:34:22,МАРИя пЕТРова,8(9661) 69-86,4,ПОдПИСКа НА гАзЕТУ,1,548.72,51.28,coMPlETED,подарок вовремя,2024-05-13,4330963384863727
2029957590299,2024-05-23 19:34:22,МАРИя пЕТРова,8(9661) 69-86,2,ИГРуШКА мяЧ,5,1432.04,67.96,CoMpleTEd,подарок вовремя,2024-05-13,4330963384863727
2029957589134,2024-05-04 11:07:28,МИхаиЛ ОрЛов,+7 9486 58 79,1,коРм дЛЯ собак,4,1731.95,268.05,CANCElLed,подарок вовремя,22.05.2024,3024852304536151
2029957589134,2024-05-04 11:07:28,МИхаиЛ ОрЛов,+7 9486 58 79,4,ПодпиСка на ГаЗеТУ,3,1453.39,346.61,CANcellEd,подарок вовремя,22.05.2024,3024852304536151
2029957588321,2024-05-11 17:50:25,серГЕЙ сИДоРоВ,8(9541) 87-10,4,пОДПиСкА НА ГАЗЕТу,1,567.34,32.66,CanCeLlED,Нужно уточнить сроки,2024-05-01,4528564855300860
2029957588321,2024-05-11 17:50:25,серГЕЙ сИДоРоВ,8(9541) 87-10,3,АМУНиЦИя ДЛЯ собаК,4,4524.58,275.42,caNCeLLeD,Нужно уточнить сроки,2024-05-01,4528564855300860
2029957588321,2024-05-11 17:50:25,серГЕЙ сИДоРоВ,8(9541) 87-10,5,мОлОКо,2,5418.15,581.85,cAncelLEd,Нужно уточнить сроки,2024-05-01,4528564855300860
2029957588321,2024-05-11 17:50:25,серГЕЙ сИДоРоВ,8(9541) 87-10,1,кОРМ дЛя СобАК,1,428.87,71.13,cANCElleD,Нужно уточнить сроки,2024-05-01,4528564855300860
2029957587754,2024/05/20 10:18:18,олЬГа кУзНеЦоВА,+7(9570)32-73,2,игРуШка Мяч,4,988.17,211.83,PRoCEsSInG,спасибо за заказ,2024-05-29,0619871001398200
2029957587754,2024/05/20 10:18:18,олЬГа кУзНеЦоВА,+7(9570)32-73,2,иГрУШКА мяЧ,3,763.66,136.34,proCESSINg,спасибо за заказ,2024-05-29,0619871001398200
2029957587754,2024/05/20 10:18:18,олЬГа кУзНеЦоВА,+7(9570)32-73,1,кОрМ ДлЯ СобаК,5,2407.39,92.61,ProcEsSIng,спасибо за заказ,2024-05-29,0619871001398200
2029957587754,2024/05/20 10:18:18,олЬГа кУзНеЦоВА,+7(9570)32-73,5,моЛоко,5,12846.0,2154.0,prOceSSiNG,спасибо за заказ,2024-05-29,0619871001398200
2029957586674,01.05.2024 04:19,миХАИл оРЛоВ,+7(9170)63-30,5,МолОкО,3,7353.4,1646.6,CaNCELled,Нужно уточнить сроки,25.05.2024,9499968089747240
2029957586674,01.05.2024 04:19,миХАИл оРЛоВ,+7(9170)63-30,1,корМ ДЛЯ СОБак,4,1965.89,34.11,caNcElLED,Нужно уточнить сроки,25.05.2024,9499968089747240
2029957586674,01.05.2024 04:19,миХАИл оРЛоВ,+7(9170)63-30,3,АмУниЦия ДлЯ соБАк,1,1162.22,37.78,caNCelled,Нужно уточнить сроки,25.05.2024,9499968089747240
2029957586674,01.05.2024 04:19,миХАИл оРЛоВ,+7(9170)63-30,4,ПОдПИска На ГАЗЕТу,5,2694.59,305.41,CanCelLed,Нужно уточнить сроки,25.05.2024,9499968089747240
2029957586674,01.05.2024 04:19,миХАИл оРЛоВ,+7(9170)63-30,5,МОлОКо,1,2618.62,381.38,CAncElLED,Нужно уточнить сроки,25.05.2024,9499968089747240
2029957585497,2024/05/31 19:27:23,АНна СМирнОВА,+7 9793 97 71,1,КОРМ для соБаК,1,460.23,39.77,cOmpLetEd,Всё отлично!,2024/05/16,8192625599384828
2029957585497,2024/05/31 19:27:23,АНна СМирнОВА,+7 9793 97 71,4,ПоДпискА нА гАзЕТу,2,1048.53,151.47,cOmPleTED,Всё отлично!,2024/05/16,8192625599384828
2029957585497,2024/05/31 19:27:23,АНна СМирнОВА,+7 9793 97 71,4,поДПИСка на ГазЕту,5,2963.98,36.02,comPLetEd,Всё отлично!,2024/05/16,8192625599384828
2029957585497,2024/05/31 19:27:23,АНна СМирнОВА,+7 9793 97 71,2,ИгрУШкА МЯЧ,1,256.68,43.32,COMPLETed,Всё отлично!,2024/05/16,8192625599384828
2029957584129,28.05.2024 14:11,алеКсЕй МИхаЙЛОв,+7 9626 44 61,5,мОлОко,3,7788.54,1211.46,coMpLETed,Проверить наличие,2024/05/20,5889533163096493
2029957584129,28.05.2024 14:11,алеКсЕй МИхаЙЛОв,+7 9626 44 61,1,корМ ДЛЯ сОбАк,1,462.58,37.42,coMpleted,Проверить наличие,2024/05/20,5889533163096493
2029957584129,28.05.2024 14:11,алеКсЕй МИхаЙЛОв,+7 9626 44 61,3,амуНиция дЛЯ собАк,3,3369.04,230.96,coMpLeTeD,Проверить наличие,2024/05/20,5889533163096493
2029957583881,2024-05-13 20:04:38,АлЕКсей МИХаЙлов,+7(9077)48-20,4,ПОдпиСКа На гАЗЕТу,5,2645.85,354.15,CanceLlED,подарок вовремя,2024-05-30,6757605918703983
2029957582171,2024-05-13 17:40:46,Мария ПЕтрова,8(9759) 97-34,5,мОЛОКО,4,10004.0,1996.0,caNcELLed,подарок вовремя,24.05.2024,3001786879806810
2029957582171,2024-05-13 17:40:46,Мария ПЕтрова,8(9759) 97-34,3,амуниция дЛя СОбАк,3,3046.43,553.57,canceLled,подарок вовремя,24.05.2024,3001786879806810
2029957582171,2024-05-13 17:40:46,Мария ПЕтрова,8(9759) 97-34,5,МолОко,5,12244.85,2755.15,CanCElLEd,подарок вовремя,24.05.2024,3001786879806810
2029957581277,2024/05/03 12:33:20,оЛЬгА КузнЕЦОвА,+7 9653 75 45,2,ИГРУшкА мяЧ,3,864.47,35.53,CAnCElled,Ждём с нетерпением!,14.05.2024,5015774713726994
2029957581277,2024/05/03 12:33:20,оЛЬгА КузнЕЦОвА,+7 9653 75 45,5,Молоко,3,8096.45,903.55,CaNcelLed,Ждём с нетерпением!,14.05.2024,5015774713726994
2029957581277,2024/05/03 12:33:20,оЛЬгА КузнЕЦОвА,+7 9653 75 45,3,АмУНИцИЯ дЛЯ соБак,3,3566.61,33.39,canCELlED,Ждём с нетерпением!,14.05.2024,5015774713726994
2029957581277,2024/05/03 12:33:20,оЛЬгА КузнЕЦОвА,+7 9653 75 45,3,аМУницИя ДлЯ сОбак,2,2090.57,309.43,cAncElLed,Ждём с нетерпением!,14.05.2024,5015774713726994
2029957581277,2024/05/03 12:33:20,оЛЬгА КузнЕЦОвА,+7 9653 75 45,2,ИгруШкА Мяч,1,252.86,47.14,cANCeLleD,Ждём с нетерпением!,14.05.2024,5015774713726994
2029957580716,2024/05/15 21:27:33,СергЕй сидорОВ,8(9024) 31-83,5,МОлоКО,1,2609.66,390.34,canCELLed,"Задержка с доставкой, печалька...",07.05.2024,5542960007752824
2029957580716,2024/05/15 21:27:33,СергЕй сидорОВ,8(9024) 31-83,4,пОдпиСКа на гАЗету,5,2517.97,482.03,CANCEllEd,"Задержка с доставкой, печалька...",07.05.2024,5542960007752824
2029957580716,2024/05/15 21:27:33,СергЕй сидорОВ,8(9024) 31-83,3,АМуНИцИЯ Для СОбАк,2,2138.64,261.36,CaNcelLeD,"Задержка с доставкой, печалька...",07.05.2024,5542960007752824
2029957580716,2024/05/15 21:27:33,СергЕй сидорОВ,8(9024) 31-83,4,поДПИсКа НА ГАзЕТУ,3,1617.75,182.25,CAncEllED,"Задержка с доставкой, печалька...",07.05.2024,5542960007752824
2029957580716,2024/05/15 21:27:33,СергЕй сидорОВ,8(9024) 31-83,3,АМУНициЯ ДЛЯ собаК,2,2230.06,169.94,CAncElLeD,"Задержка с доставкой, печалька...",07.05.2024,5542960007752824
2029957579988,2024-05-11 05:27:42,СеРгеЙ СиДОРоВ,+7 9936 01 63,1,кОРМ дЛя СОбАк,5,2375.79,124.21,pROCesSing,Всё отлично!,2024-05-27,4918357044974672
2029957579988,2024-05-11 05:27:42,СеРгеЙ СиДОРоВ,+7 9936 01 63,2,иГрУШКА мЯЧ,2,532.2,67.8,pRocEssiNG,Всё отлично!,2024-05-27,4918357044974672
2029957579988,2024-05-11 05:27:42,СеРгеЙ СиДОРоВ,+7 9936 01 63,3,АМуНицИя длЯ сОБак,1,1131.55,68.45,pROCESsING,Всё отлично!,2024-05-27,4918357044974672
2029957578917,2024/05/21 17:23:48,оЛЬга КУЗнеЦОВА,+7 9238 63 86,2,игРУШкА мяч,3,764.99,135.01,PRocEsSing,Ждём с нетерпением!,2024-05-12,5279226455577623
2029957578917,2024/05/21 17:23:48,оЛЬга КУЗнеЦОВА,+7 9238 63 86,5,мОлОкО,5,14034.6,965.4,pRocESsiNg,Ждём с нетерпением!,2024-05-12,5279226455577623
2029957578917,2024/05/21 17:23:48,оЛЬга КУЗнеЦОВА,+7 9238 63 86,4,пОДПИска нА ГАЗеТу,2,1148.57,51.43,pROCEsSiNG,Ждём с нетерпением!,2024-05-12,5279226455577623
2029957578917,2024/05/21 17:23:48,оЛЬга КУЗнеЦОВА,+7 9238 63 86,2,ИГРУШКа Мяч,3,815.85,84.15,pROCESsinG,Ждём с нетерпением!,2024-05-12,5279226455577623
2029957577862,2024-05-20 08:58:33,МИХаиЛ оРлОВ,+7(9955)05-53,5,МолокО,2,5895.73,104.27,PrOceSSING,Нужно уточнить сроки,2024-05-01,7377628684448555
2029957577862,2024-05-20 08:58:33,МИХаиЛ оРлОВ,+7(9955)05-53,4,поДпИСКА НА ГаЗЕту,5,2714.96,285.04,procEssiNg,Нужно уточнить сроки,2024-05-01,7377628684448555
2029957576645,2024/05/27 22:26:21,оЛьГа куЗнЕЦОВа,8(9364) 48-82,5,МоЛОкО,4,11676.5,323.5,PRoceSSIng,Проверить наличие,05.05.2024,8142386354214932
2029957576645,2024/05/27 22:26:21,оЛьГа куЗнЕЦОВа,8(9364) 48-82,4,пОДПИскА на ГазЕТу,4,2165.64,234.36,proCESsinG,Проверить наличие,05.05.2024,8142386354214932
2029957576645,2024/05/27 22:26:21,оЛьГа куЗнЕЦОВа,8(9364) 48-82,4,ПоДписКа НА ГАЗЕТУ,4,2178.4,221.6,PRocEssiNg,Проверить наличие,05.05.2024,8142386354214932
2029957575702,2024-05-02 02:12:34,ЕлеНА ноВикОвА,8(9430) 97-59,3,АмУНиЦиЯ ДЛЯ Собак,2,2021.16,378.84,coMpLeteD,Всё отлично!,2024-05-31,5004214347406232
2029957575702,2024-05-02 02:12:34,ЕлеНА ноВикОвА,8(9430) 97-59,3,АМУниЦиЯ для СобАК,3,3544.65,55.35,COMpLeteD,Всё отлично!,2024-05-31,5004214347406232
2029957575702,2024-05-02 02:12:34,ЕлеНА ноВикОвА,8(9430) 97-59,5,МОлоко,2,5992.78,7.22,complETED,Всё отлично!,2024-05-31,5004214347406232
2029957575702,2024-05-02 02:12:34,ЕлеНА ноВикОвА,8(9430) 97-59,2,иГруШКа МяЧ,3,824.4,75.6,coMPLetEd,Всё отлично!,2024-05-31,5004214347406232
2029957575702,2024-05-02 02:12:34,ЕлеНА ноВикОвА,8(9430) 97-59,3,АМуницИЯ длЯ СобАк,5,4982.79,1017.21,cOmPLEtEd,Всё отлично!,2024-05-31,5004214347406232
2029957574573,2024-05-30 01:29:43,дмИтРИй КузНЕЦОв,+7 9872 65 15,2,ИгРуШкА Мяч,2,551.64,48.36,ComPLeteD,спасибо за заказ,2024-05-26,5619709393182851
2029957574573,2024-05-30 01:29:43,дмИтРИй КузНЕЦОв,+7 9872 65 15,4,ПоДпИСКА НА гаЗЕту,2,1140.6,59.4,COmpLetEd,спасибо за заказ,2024-05-26,5619709393182851
2029957573883,29.05.2024 17:02,Елена НОвикоВа,8(9085) 59-74,5,молОКо,2,5724.81,275.19,cAnCELLeD,Ждём с нетерпением!,2024-05-11,3118376690993919
2029957573883,29.05.2024 17:02,Елена НОвикоВа,8(9085) 59-74,3,аМУНИЦия дЛЯ соБАк,1,1177.3,22.7,cAnCellED,Ждём с нетерпением!,2024-05-11,3118376690993919
2029957573883,29.05.2024 17:02,Елена НОвикоВа,8(9085) 59-74,3,АмуНИЦиЯ для сОбАк,1,1128.26,71.74,CaNcelLED,Ждём с нетерпением!,2024-05-11,3118376690993919
2029957572533,17.05.2024 11:27,ЕЛеНА НОвиКОВа,+7(9250)75-97,2,игРушкА МЯЧ,4,979.22,220.78,prOCESSINg,Всё отлично!,2024-05-20,9272985297807153
2029957572533,17.05.2024 11:27,ЕЛеНА НОвиКОВа,+7(9250)75-97,3,аМуНИЦиЯ ДлЯ СОБАК,1,983.14,216.86,pROCessiNg,Всё отлично!,2024-05-20,9272985297807153
2029957571108,2024/05/03 03:18:25,ЕлЕна нОВИКОвА,+7 9196 61 23,3,амУНИцИя для соБАК,2,2341.25,58.75,coMPletED,Ждём с нетерпением!,2024/05/23,3664405451081438
2029957571108,2024/05/03 03:18:25,ЕлЕна нОВИКОвА,+7 9196 61 23,3,аМУнИцИЯ дЛЯ сОБак,1,1091.22,108.78,ComPLETEd,Ждём с нетерпением!,2024/05/23,3664405451081438
2029957571108,2024/05/03 03:18:25,ЕлЕна нОВИКОвА,+7 9196 61 23,3,аМунИциЯ ДЛя СОБак,5,5718.69,281.31,coMplEteD,Ждём с нетерпением!,2024/05/23,3664405451081438
2029957571108,2024/05/03 03:18:25,ЕлЕна нОВИКОвА,+7 9196 61 23,5,мОлокО,5,13619.94,1380.06,CoMPLetED,Ждём с нетерпением!,2024/05/23,3664405451081438
2029957570848,2024-05-18 02:36:07,аННа СмирнОВа,+7 9175 42 27,2,игРушКА МЯч,2,528.17,71.83,pROcESsING,Ждём с нетерпением!,2024-05-29,2417514970542117
2029957569898,2024-05-16 01:53:12,МаРия петрОва,+7(9293)93-67,2,игрушКа мяЧ,4,1000.27,199.73,cAnceLLED,Всё отлично!,2024-05-08,7681746324890313
2029957569898,2024-05-16 01:53:12,МаРия петрОва,+7(9293)93-67,5,моЛокО,5,14350.71,649.29,cancElLEd,Всё отлично!,2024-05-08,7681746324890313
2029957569898,2024-05-16 01:53:12,МаРия петрОва,+7(9293)93-67,4,ПодпИСКа нА ГаЗету,3,1567.66,232.34,cAnCeLlED,Всё отлично!,2024-05-08,7681746324890313
2029957569898,2024-05-16 01:53:12,МаРия петрОва,+7(9293)93-67,3,амунИциЯ дЛЯ СОбак,2,2165.05,234.95,cAncEllEd,Всё отлично!,2024-05-08,7681746324890313
2029957568858,23.05.2024 08:27,МихАИл ОрЛОВ,+7 9001 39 50,4,ПоДпИСкА НА ГазетУ,2,1186.67,13.33,pROCEsSInG,Нужно уточнить сроки,06.05.2024,3529542705446744
2029957568858,23.05.2024 08:27,МихАИл ОрЛОВ,+7 9001 39 50,5,молоКО,3,8124.36,875.64,PRoCESsINg,Нужно уточнить сроки,06.05.2024,3529542705446744
2029957568858,23.05.2024 08:27,МихАИл ОрЛОВ,+7 9001 39 50,3,АмуНИциЯ длЯ СоБАк,2,2148.24,251.76,proCeSsiNg,Нужно уточнить сроки,06.05.2024,3529542705446744
2029957568858,23.05.2024 08:27,МихАИл ОрЛОВ,+7 9001 39 50,1,коРМ ДЛя сОБак,4,1833.68,166.32,PRoCESsING,Нужно уточнить сроки,06.05.2024,3529542705446744
2029957567300,2024-05-27 11:33:19,нАтАЛЬя ВАсИЛьеВА,+7 9464 18 25,5,мОЛОко,5,14512.18,487.82,pRocesSinG,Нужно уточнить сроки,10.05.2024,6172626490003119
2029957567300,2024-05-27 11:33:19,нАтАЛЬя ВАсИЛьеВА,+7 9464 18 25,2,Игрушка МЯЧ,2,539.6,60.4,pROCesSiNG,Нужно уточнить сроки,10.05.2024,6172626490003119
2029957567300,2024-05-27 11:33:19,нАтАЛЬя ВАсИЛьеВА,+7 9464 18 25,2,игрушКА мяЧ,3,841.27,58.73,pRocessinG,Нужно уточнить сроки,10.05.2024,6172626490003119
2029957566724,2024/05/30 04:35:33,сЕрГеЙ сиДОРОв,+7 9888 99 48,5,мОЛОКо,5,13200.86,1799.14,CAnceLLeD,Ждём с нетерпением!,26.05.2024,7058624283128103
2029957566724,2024/05/30 04:35:33,сЕрГеЙ сиДОРОв,+7 9888 99 48,4,пОДПиСкА На гаЗеТу,2,1002.75,197.25,cANcElLed,Ждём с нетерпением!,26.05.2024,7058624283128103
2029957566724,2024/05/30 04:35:33,сЕрГеЙ сиДОРОв,+7 9888 99 48,1,КорМ длЯ СОбаК,5,2408.41,91.59,caNcEllED,Ждём с нетерпением!,26.05.2024,7058624283128103
2029957566724,2024/05/30 04:35:33,сЕрГеЙ сиДОРОв,+7 9888 99 48,1,корМ длЯ сОбаК,2,815.48,184.52,CANCeLlED,Ждём с нетерпением!,26.05.2024,7058624283128103
2029957566724,2024/05/30 04:35:33,сЕрГеЙ сиДОРОв,+7 9888 99 48,2,иГрушкА МяЧ,1,296.58,3.42,cANCelLeD,Ждём с нетерпением!,26.05.2024,7058624283128103
2029957565475,2024-05-16 00:01:35,МиХаИЛ ОрЛОВ,+7(9293)71-41,1,коРм дЛя соБаК,4,1777.22,222.78,cOMPlEted,Проверить наличие,2024/05/03,5958828792083675
2029957565475,2024-05-16 00:01:35,МиХаИЛ ОрЛОВ,+7(9293)71-41,3,амУнициЯ ДЛя СОБАК,1,1085.52,114.48,CompleTED,Проверить наличие,2024/05/03,5958828792083675
2029957565475,2024-05-16 00:01:35,МиХаИЛ ОрЛОВ,+7(9293)71-41,1,кОрМ дЛЯ сОбАК,2,972.84,27.16,comPleteD,Проверить наличие,2024/05/03,5958828792083675
2029957565475,2024-05-16 00:01:35,МиХаИЛ ОрЛОВ,+7(9293)71-41,5,молокО,4,10054.27,1945.73,COMPlETEd,Проверить наличие,2024/05/03,5958828792083675
2029957564778,22.05.2024 21:36,аНна сМИРНоВА,+7(9669)01-22,2,ИГрушка мяч,1,252.04,47.96,CaNCelled,"Задержка с доставкой, печалька...",2024-05-21,8261626512459716
2029957564778,22.05.2024 21:36,аНна сМИРНоВА,+7(9669)01-22,4,ПОдПиСКА на ГаЗЕТу,4,2031.79,368.21,caNcElleD,"Задержка с доставкой, печалька...",2024-05-21,8261626512459716
2029957564778,22.05.2024 21:36,аНна сМИРНоВА,+7(9669)01-22,5,МОлоКо,1,2719.75,280.25,CaNcELLed,"Задержка с доставкой, печалька...",2024-05-21,8261626512459716
2029957563849,2024/05/11 23:59:12,НАТаЛЬЯ ВаСИлЬеВА,8(9748) 92-59,4,ПоДПИСКА НА ГазетУ,4,2351.93,48.07,caNCelLEd,"Задержка с доставкой, печалька...",2024/05/02,7560082839944457
2029957563849,2024/05/11 23:59:12,НАТаЛЬЯ ВаСИлЬеВА,8(9748) 92-59,4,пОДпИска на ГаЗЕту,4,2354.5,45.5,cAnceLled,"Задержка с доставкой, печалька...",2024/05/02,7560082839944457
2029957563849,2024/05/11 23:59:12,НАТаЛЬЯ ВаСИлЬеВА,8(9748) 92-59,5,мОлоКО,3,7791.07,1208.93,CAnCElLeD,"Задержка с доставкой, печалька...",2024/05/02,7560082839944457
2029957563849,2024/05/11 23:59:12,НАТаЛЬЯ ВаСИлЬеВА,8(9748) 92-59,5,МОлОкО,2,5474.92,525.08,canCelLed,"Задержка с доставкой, печалька...",2024/05/02,7560082839944457
2029957562780,28.05.2024 03:00,аЛеКСЕЙ МИхАЙЛОВ,+7 9901 72 59,3,АмуНицИя дЛя СоБаК,3,3044.19,555.81,ProcESsInG,Всё отлично!,2024-05-15,4675713920526231
2029957562780,28.05.2024 03:00,аЛеКСЕЙ МИхАЙЛОВ,+7 9901 72 59,4,пОДпиСКа На газЕТу,5,2406.15,593.85,proCessinG,Всё отлично!,2024-05-15,4675713920526231
2029957562780,28.05.2024 03:00,аЛеКСЕЙ МИхАЙЛОВ,+7 9901 72 59,5,МОлоКО,4,10648.31,1351.69,prOCeSSing,Всё отлично!,2024-05-15,4675713920526231
2029957562780,28.05.2024 03:00,аЛеКСЕЙ МИхАЙЛОВ,+7 9901 72 59,3,аМУниция дЛя СоБак,3,3140.69,459.31,PrOceSsING,Всё отлично!,2024-05-15,4675713920526231
2029957562780,28.05.2024 03:00,аЛеКСЕЙ МИхАЙЛОВ,+7 9901 72 59,4,пОДпиСКа На гаЗеТУ,3,1631.1,168.9,ProcEsSIng,Всё отлично!,2024-05-15,4675713920526231
2029957561946,19.05.2024 23:46,НАталЬя вАСИЛЬЕва,+7(9104)27-45,2,ИгрУшка мяЧ,5,1492.79,7.21,COMpleTEd,Нужно уточнить сроки,2024-05-11,1352407179556595
2029957560364,2024/05/13 16:21:00,серГеЙ СИДОРОВ,+7(9207)26-02,5,мОЛОКо,3,7960.71,1039.29,coMPleteD,Нужно уточнить сроки,22.05.2024,1407572225056097
2029957560364,2024/05/13 16:21:00,серГеЙ СИДОРОВ,+7(9207)26-02,1,корМ Для СОБак,1,474.24,25.76,cOMPLeTed,Нужно уточнить сроки,22.05.2024,1407572225056097
2029957560364,2024/05/13 16:21:00,серГеЙ СИДОРОВ,+7(9207)26-02,5,МоЛоКО,1,2953.1,46.9,COmPLEtED,Нужно уточнить сроки,22.05.2024,1407572225056097
2029957560364,2024/05/13 16:21:00,серГеЙ СИДОРОВ,+7(9207)26-02,5,МОЛокО,2,5105.15,894.85,coMPlEteD,Нужно уточнить сроки,22.05.2024,1407572225056097
2029957560364,2024/05/13 16:21:00,серГеЙ СИДОРОВ,+7(9207)26-02,2,игрушка МЯч,3,886.29,13.71,COMPLeted,Нужно уточнить сроки,22.05.2024,1407572225056097
2029957559268,2024/05/02 03:48:29,НатаЛЬЯ ВАсИЛЬева,8(9152) 81-14,3,АМУниЦия Для СобАК,5,5486.26,513.74,ProCessiNg,спасибо за заказ,26.05.2024,7411044782371329
2029957559268,2024/05/02 03:48:29,НатаЛЬЯ ВАсИЛЬева,8(9152) 81-14,4,пОдПиска НА гаЗЕту,2,994.73,205.27,proCESsINg,спасибо за заказ,26.05.2024,7411044782371329
2029957559268,2024/05/02 03:48:29,НатаЛЬЯ ВАсИЛЬева,8(9152) 81-14,4,пОдпиСКА На ГАзЕТу,2,1078.09,121.91,PRoceSSinG,спасибо за заказ,26.05.2024,7411044782371329
2029957559268,2024/05/02 03:48:29,НатаЛЬЯ ВАсИЛЬева,8(9152) 81-14,5,молоКо,5,14376.38,623.62,pRoCesSing,спасибо за заказ,26.05.2024,7411044782371329
2029957559268,2024/05/02 03:48:29,НатаЛЬЯ ВАсИЛЬева,8(9152) 81-14,1,КОРм ДлЯ СоБак,2,867.16,132.84,PROCESsInG,спасибо за заказ,26.05.2024,7411044782371329
2029957558473,08.05.2024 13:45,НаТАлЬЯ ВАСИлЬЕвА,+7(9075)30-29,3,амУнИцИя ДЛЯ СоБАК,3,3563.63,36.37,ProCESsiNG,Ждём с нетерпением!,22.05.2024,2866915120019321
2029957558473,08.05.2024 13:45,НаТАлЬЯ ВАСИлЬЕвА,+7(9075)30-29,4,ПОдПисКа НА ГАзетУ,2,964.6,235.4,PROCESsINg,Ждём с нетерпением!,22.05.2024,2866915120019321
2029957558473,08.05.2024 13:45,НаТАлЬЯ ВАСИлЬЕвА,+7(9075)30-29,4,пОдПИСКа нА гАЗетУ,2,1155.16,44.84,ProcESSiNg,Ждём с нетерпением!,22.05.2024,2866915120019321
2029957558473,08.05.2024 13:45,НаТАлЬЯ ВАСИлЬЕвА,+7(9075)30-29,5,МоЛоКО,4,10105.58,1894.42,ProcESsiNg,Ждём с нетерпением!,22.05.2024,2866915120019321
2029957557950,04.05.2024 02:47,аЛЕкСЕЙ МиХАйЛов,+7(9068)70-93,4,поДпиСка На ГАЗетУ,1,516.67,83.33,proCessINg,Ждём с нетерпением!,2024/05/10,0550009910415230
2029957557950,04.05.2024 02:47,аЛЕкСЕЙ МиХАйЛов,+7(9068)70-93,1,коРМ ДЛя собАК,2,992.35,7.65,PRoceSSinG,Ждём с нетерпением!,2024/05/10,0550009910415230
2029957557950,04.05.2024 02:47,аЛЕкСЕЙ МиХАйЛов,+7(9068)70-93,1,кОрм ДЛя СобАК,4,1886.74,113.26,procESsIng,Ждём с нетерпением!,2024/05/10,0550009910415230
2029957557950,04.05.2024 02:47,аЛЕкСЕЙ МиХАйЛов,+7(9068)70-93,2,иГруШка МЯЧ,5,1264.38,235.62,processIng,Ждём с нетерпением!,2024/05/10,0550009910415230
2029957557950,04.05.2024 02:47,аЛЕкСЕЙ МиХАйЛов,+7(9068)70-93,2,иГРушКа МЯч,4,1015.8,184.2,PROceSSIng,Ждём с нетерпением!,2024/05/10,0550009910415230
2029957556174,2024-05-03 09:17:50,ИвАН ИВаноВ,8(9765) 40-36,3,АМуНИциЯ Для СобаК,4,4098.92,701.08,CaNCellED,Всё отлично!,2024-05-17,4078605259892116
2029957556174,2024-05-03 09:17:50,ИвАН ИВаноВ,8(9765) 40-36,5,молОкО,2,4924.48,1075.52,CAncELled,Всё отлично!,2024-05-17,4078605259892116
2029957556174,2024-05-03 09:17:50,ИвАН ИВаноВ,8(9765) 40-36,1,КоРм для СоБАК,2,938.21,61.79,CanCeLlED,Всё отлично!,2024-05-17,4078605259892116
2029957556174,2024-05-03 09:17:50,ИвАН ИВаноВ,8(9765) 40-36,4,подПиска НА ГазетУ,5,2796.83,203.17,caNcELLed,Всё отлично!,2024-05-17,4078605259892116
2029957555628,2024-05-13 22:30:03,сЕРГей сИдОРОв,+7 9752 34 76,4,ПодПиСКА На ГАзЕтУ,1,578.33,21.67,CoMPlETED,Ждём с нетерпением!,2024-05-02,1598204276171777
2029957555628,2024-05-13 22:30:03,сЕРГей сИдОРОв,+7 9752 34 76,2,игрУШКА мЯч,2,562.96,37.04,comPletEd,Ждём с нетерпением!,2024-05-02,1598204276171777
2029957555628,2024-05-13 22:30:03,сЕРГей сИдОРОв,+7 9752 34 76,5,молОКО,5,12929.71,2070.29,COMpLeTED,Ждём с нетерпением!,2024-05-02,1598204276171777
2029957555628,2024-05-13 22:30:03,сЕРГей сИдОРОв,+7 9752 34 76,2,ИГРУШКА МЯч,3,863.09,36.91,cOMpleteD,Ждём с нетерпением!,2024-05-02,1598204276171777
2029957554893,25.05.2024 16:53,миХАИЛ оРлОВ,8(9728) 87-02,3,АмУниЦиЯ ДЛЯ сОбаК,2,2203.31,196.69,PrOCeSSiNg,Ждём с нетерпением!,2024/05/26,7392971757621780
2029957553864,2024/05/29 04:01:53,ОЛЬга кУзНеЦова,+7(9719)59-78,5,мОлоКО,5,13595.99,1404.01,CanCelLEd,"Задержка с доставкой, печалька...",2024/05/18,3487652763075394
2029957553864,2024/05/29 04:01:53,ОЛЬга кУзНеЦова,+7(9719)59-78,1,КоРм дЛЯ СобаК,5,2225.64,274.36,CanCeLlED,"Задержка с доставкой, печалька...",2024/05/18,3487652763075394
2029957553864,2024/05/29 04:01:53,ОЛЬга кУзНеЦова,+7(9719)59-78,5,МоЛОкО,5,12395.34,2604.66,CANcELlED,"Задержка с доставкой, печалька...",2024/05/18,3487652763075394
2029957553864,2024/05/29 04:01:53,ОЛЬга кУзНеЦова,+7(9719)59-78,4,подПИСкА На ГАЗЕтУ,1,498.54,101.46,cancElled,"Задержка с доставкой, печалька...",2024/05/18,3487652763075394
2029957553864,2024/05/29 04:01:53,ОЛЬга кУзНеЦова,+7(9719)59-78,4,ПОдпИСКа На гаЗЕту,2,1036.17,163.83,cANcEllED,"Задержка с доставкой, печалька...",2024/05/18,3487652763075394
2029957552838,2024/05/25 05:50:54,аЛЕКсей михАЙЛОв,8(9253) 13-08,2,ИГРуШка МЯЧ,5,1284.37,215.63,caNceLLed,"Задержка с доставкой, печалька...",16.05.2024,1174607189394229
2029957552838,2024/05/25 05:50:54,аЛЕКсей михАЙЛОв,8(9253) 13-08,2,ИгРушка Мяч,2,517.26,82.74,CaNceLlEd,"Задержка с доставкой, печалька...",16.05.2024,1174607189394229
2029957552838,2024/05/25 05:50:54,аЛЕКсей михАЙЛОв,8(9253) 13-08,1,Корм для СоБАК,1,435.12,64.88,caNcellEd,"Задержка с доставкой, печалька...",16.05.2024,1174607189394229
2029957551133,2024/05/24 07:15:53,ДмитрИЙ КУзНЕЦОв,8(9434) 00-46,5,мОлоко,2,5026.72,973.28,PrOcEsSiNG,Проверить наличие,2024/05/28,8741817897472889
2029957551133,2024/05/24 07:15:53,ДмитрИЙ КУзНЕЦОв,8(9434) 00-46,1,коРм ДЛЯ СоБаК,4,1743.44,256.56,pROCeSSIng,Проверить наличие,2024/05/28,8741817897472889
2029957551133,2024/05/24 07:15:53,ДмитрИЙ КУзНЕЦОв,8(9434) 00-46,5,мОлоКо,3,8320.12,679.88,ProCEssiNg,Проверить наличие,2024/05/28,8741817897472889
2029957551133,2024/05/24 07:15:53,ДмитрИЙ КУзНЕЦОв,8(9434) 00-46,5,молоКО,3,8535.43,464.57,PrOCessIng,Проверить наличие,2024/05/28,8741817897472889
2029957551133,2024/05/24 07:15:53,ДмитрИЙ КУзНЕЦОв,8(9434) 00-46,5,мОлоКО,5,14817.37,182.63,prOcEssinG,Проверить наличие,2024/05/28,8741817897472889
2029957550293,2024-05-25 18:03:33,ивАн ИВАнОв,+7(9544)10-01,5,мОлоКо,5,13504.64,1495.36,ProCEssiNg,Проверить наличие,2024/05/16,2280473762672374
2029957550293,2024-05-25 18:03:33,ивАн ИВАнОв,+7(9544)10-01,1,КОРМ Для СОбАК,3,1496.0,4.0,pRocESsiNG,Проверить наличие,2024/05/16,2280473762672374
2029957549997,2024-05-08 23:42:18,аЛЕКСЕЙ МИХайлОв,+7(9786)85-06,2,ИгРуШКА мЯч,1,260.35,39.65,PROCeSsInG,спасибо за заказ,27.05.2024,6775385416157457
2029957548156,2024/05/28 04:08:51,оЛЬгА КУЗнЕцОва,+7 9168 86 51,2,ИГрушКА мЯЧ,1,272.6,27.4,caNCellED,Всё отлично!,2024/05/02,5369478977274862
2029957547391,13.05.2024 04:22,елЕНА нОвикоВА,+7 9718 54 79,4,пОДПиСКА На ГАЗетУ,1,588.35,11.65,caNceLLeD,Проверить наличие,2024-05-28,3048697890947231
2029957547391,13.05.2024 04:22,елЕНА нОвикоВА,+7 9718 54 79,4,подписКа на ГАЗЕту,4,2258.58,141.42,caNcELled,Проверить наличие,2024-05-28,3048697890947231
2029957546806,2024/05/10 12:29:52,маРия ПетРоВа,8(9136) 60-09,4,ПОдпИска нА гАЗету,4,2049.27,350.73,cOmplEteD,Нужно уточнить сроки,2024-05-19,0537389035169796
2029957545104,2024/05/13 02:26:04,МАрия ПЕТРОва,+7(9798)28-04,4,пОдПИСкА нА ГАзетУ,5,2627.92,372.08,canCEllEd,Проверить наличие,06.05.2024,3478886700924293
2029957545104,2024/05/13 02:26:04,МАрия ПЕТРОва,+7(9798)28-04,3,аМуНициЯ дЛя СОБаК,4,3924.61,875.39,cANcellEd,Проверить наличие,06.05.2024,3478886700924293
2029957545104,2024/05/13 02:26:04,МАрия ПЕТРОва,+7(9798)28-04,1,коРМ Для сОбАк,2,981.42,18.58,canceLLed,Проверить наличие,06.05.2024,3478886700924293
2029957545104,2024/05/13 02:26:04,МАрия ПЕТРОва,+7(9798)28-04,5,молОКО,1,2918.2,81.8,CaNCELleD,Проверить наличие,06.05.2024,3478886700924293
2029957545104,2024/05/13 02:26:04,МАрия ПЕТРОва,+7(9798)28-04,4,ПОдПИсКа НА гаЗеТу,3,1619.65,180.35,CanceLleD,Проверить наличие,06.05.2024,3478886700924293
2029957544604,2024/05/27 00:38:56,аНнА сМирНОВА,+7 9386 24 06,4,ПОдПИскА на гаЗЕТу,2,1176.6,23.4,prOcESsing,спасибо за заказ,2024/05/30,9149211545390651
2029957544604,2024/05/27 00:38:56,аНнА сМирНОВА,+7 9386 24 06,3,АМунИЦиЯ длЯ Собак,4,4785.58,14.42,PROCESsING,спасибо за заказ,2024/05/30,9149211545390651
2029957544604,2024/05/27 00:38:56,аНнА сМирНОВА,+7 9386 24 06,2,иГрУШКА МЯЧ,4,1059.11,140.89,pRoCessIng,спасибо за заказ,2024/05/30,9149211545390651
2029957544604,2024/05/27 00:38:56,аНнА сМирНОВА,+7 9386 24 06,2,ИГРУшКа мЯЧ,3,832.98,67.02,PRocEsSInG,спасибо за заказ,2024/05/30,9149211545390651
2029957544604,2024/05/27 00:38:56,аНнА сМирНОВА,+7 9386 24 06,3,АМУнИциЯ дЛя собАК,2,2025.62,374.38,pRoCesSiNg,спасибо за заказ,2024/05/30,9149211545390651
2029957543974,2024-05-08 10:50:52,МиХаИл ОрЛОв,+7(9526)19-86,4,ПОдПИСка на газЕТу,1,544.4,55.6,cOmplETed,Нужно уточнить сроки,13.05.2024,1557395461152840
2029957543974,2024-05-08 10:50:52,МиХаИл ОрЛОв,+7(9526)19-86,1,КОрМ для собак,3,1431.91,68.09,cOmPLETeD,Нужно уточнить сроки,13.05.2024,1557395461152840
2029957543974,2024-05-08 10:50:52,МиХаИл ОрЛОв,+7(9526)19-86,2,ИгрУшка МяЧ,4,1136.12,63.88,coMplETeD,Нужно уточнить сроки,13.05.2024,1557395461152840
2029957543974,2024-05-08 10:50:52,МиХаИл ОрЛОв,+7(9526)19-86,1,кОрм дЛя соБак,2,891.88,108.12,complETeD,Нужно уточнить сроки,13.05.2024,1557395461152840
2029957542390,2024/05/14 13:17:29,МАРИя пЕТроВА,+7(9105)28-09,1,кОрМ ДЛЯ СОбАк,1,445.93,54.07,prOCEsSing,подарок вовремя,2024-05-26,8082055593205944
2029957542390,2024/05/14 13:17:29,МАРИя пЕТроВА,+7(9105)28-09,1,КОРМ дЛЯ СобАК,3,1449.68,50.32,pRoceSSiNg,подарок вовремя,2024-05-26,8082055593205944
2029957542390,2024/05/14 13:17:29,МАРИя пЕТроВА,+7(9105)28-09,2,ИГРуШка мяЧ,1,279.11,20.89,proCEssing,подарок вовремя,2024-05-26,8082055593205944
2029957542390,2024/05/14 13:17:29,МАРИя пЕТроВА,+7(9105)28-09,2,ИГРуШКА МяЧ,2,575.09,24.91,pRocessiNG,подарок вовремя,2024-05-26,8082055593205944
2029957541469,2024/05/13 04:04:37,ЕЛеНа НовикоВа,+7 9889 78 38,3,АМуНИЦия ДЛЯ СОБАк,2,1968.23,431.77,CANCelled,Нужно уточнить сроки,2024/05/30,5440510426716356
2029957541469,2024/05/13 04:04:37,ЕЛеНа НовикоВа,+7 9889 78 38,3,аМунИЦИя дЛя СОБАК,4,4188.18,611.82,CAnceLled,Нужно уточнить сроки,2024/05/30,5440510426716356
2029957540933,2024/05/17 03:57:53,ЕЛеНА НоВиКовА,+7(9517)86-76,5,МОлокО,1,2546.1,453.9,CaNcelleD,Всё отлично!,19.05.2024,2906868896769293
2029957540933,2024/05/17 03:57:53,ЕЛеНА НоВиКовА,+7(9517)86-76,5,молоко,3,8948.7,51.3,CanCeLLEd,Всё отлично!,19.05.2024,2906868896769293
2029957540933,2024/05/17 03:57:53,ЕЛеНА НоВиКовА,+7(9517)86-76,4,пОдписКА НА ГАЗеТу,4,2399.38,0.62,CancelLeD,Всё отлично!,19.05.2024,2906868896769293
2029957540933,2024/05/17 03:57:53,ЕЛеНА НоВиКовА,+7(9517)86-76,2,ИГРуШкА МяЧ,5,1250.03,249.97,cAncelleD,Всё отлично!,19.05.2024,2906868896769293
2029957539827,2024/05/27 16:41:52,сеРГЕй СиДоРоВ,+7(9570)47-00,1,КорМ для СОБаК,5,2257.02,242.98,ProCESSINg,спасибо за заказ,2024-05-30,2346079355632564
2029957539827,2024/05/27 16:41:52,сеРГЕй СиДоРоВ,+7(9570)47-00,2,ИгрушКа МЯЧ,4,1104.35,95.65,ProcESsINg,спасибо за заказ,2024-05-30,2346079355632564
2029957539827,2024/05/27 16:41:52,сеРГЕй СиДоРоВ,+7(9570)47-00,1,корм длЯ сОБАК,1,410.49,89.51,ProcEsSinG,спасибо за заказ,2024-05-30,2346079355632564
2029957539827,2024/05/27 16:41:52,сеРГЕй СиДоРоВ,+7(9570)47-00,1,Корм дЛЯ СоБАК,5,2183.81,316.19,PROcESsInG,спасибо за заказ,2024-05-30,2346079355632564
2029957538956,19.05.2024 18:48,сЕРГеЙ СИДОРОв,+7(9866)26-90,2,ИГрУШКа Мяч,1,275.75,24.25,COMPLETED,Проверить наличие,2024/05/18,7510395672454150
2029957538956,19.05.2024 18:48,сЕРГеЙ СИДОРОв,+7(9866)26-90,5,МОлОко,3,8889.26,110.74,CoMPlEtEd,Проверить наличие,2024/05/18,7510395672454150
2029957538956,19.05.2024 18:48,сЕРГеЙ СИДОРОв,+7(9866)26-90,2,ИгРУШКа МяЧ,5,1265.98,234.02,COmplEteD,Проверить наличие,2024/05/18,7510395672454150
2029957538956,19.05.2024 18:48,сЕРГеЙ СИДОРОв,+7(9866)26-90,5,молОКО,5,14588.74,411.26,COMPletED,Проверить наличие,2024/05/18,7510395672454150
2029957537291,2024/05/08 08:44:32,елена нОВИКоВА,8(9003) 24-50,5,МОЛОКо,3,8301.92,698.08,prOCEssing,Ждём с нетерпением!,2024-05-20,1265656047446992
2029957537291,2024/05/08 08:44:32,елена нОВИКоВА,8(9003) 24-50,3,АмунИЦИЯ дЛЯ СоБАК,2,1956.26,443.74,PROceSSInG,Ждём с нетерпением!,2024-05-20,1265656047446992
2029957537291,2024/05/08 08:44:32,елена нОВИКоВА,8(9003) 24-50,5,МоЛоКо,4,10623.9,1376.1,pRocEssing,Ждём с нетерпением!,2024-05-20,1265656047446992
2029957537291,2024/05/08 08:44:32,елена нОВИКоВА,8(9003) 24-50,2,ИгРУШка мЯЧ,4,1004.73,195.27,PROCESSiNG,Ждём с нетерпением!,2024-05-20,1265656047446992
2029957537291,2024/05/08 08:44:32,елена нОВИКоВА,8(9003) 24-50,4,пОДпИСкА на гАзеТу,2,985.96,214.04,pRoCEsSINg,Ждём с нетерпением!,2024-05-20,1265656047446992
2029957536933,24.05.2024 01:36,михаИл оРЛоВ,+7(9099)71-47,5,мОЛОкО,3,7492.36,1507.64,compLeTED,Всё отлично!,2024-05-08,8472914091237012
2029957535126,2024-05-16 16:28:45,мАРиЯ ПЕтровА,+7(9140)16-17,3,аМуНИцИЯ ДЛя сОбАк,2,1937.91,462.09,CANcELleD,Нужно уточнить сроки,2024/05/11,8501160420874517
2029957535126,2024-05-16 16:28:45,мАРиЯ ПЕтровА,+7(9140)16-17,2,иГРуШКа мЯч,2,517.26,82.74,canCELLEd,Нужно уточнить сроки,2024/05/11,8501160420874517
2029957535126,2024-05-16 16:28:45,мАРиЯ ПЕтровА,+7(9140)16-17,3,АмунИЦИя ДЛЯ СоБаК,5,5462.25,537.75,caNcELLeD,Нужно уточнить сроки,2024/05/11,8501160420874517
2029957535126,2024-05-16 16:28:45,мАРиЯ ПЕтровА,+7(9140)16-17,4,поДПисКа нА ГазетУ,5,2747.27,252.73,caNceLleD,Нужно уточнить сроки,2024/05/11,8501160420874517
2029957535126,2024-05-16 16:28:45,мАРиЯ ПЕтровА,+7(9140)16-17,2,ИгрУшкА мяЧ,5,1267.09,232.91,cANCElleD,Нужно уточнить сроки,2024/05/11,8501160420874517
2029957534105,28.05.2024 17:34,Дмитрий КузНецов,+7(9446)97-21,5,МоЛоко,1,2990.52,9.48,comPleTed,Нужно уточнить сроки,09.05.2024,3844654378176509
2029957534105,28.05.2024 17:34,Дмитрий КузНецов,+7(9446)97-21,1,коРМ длЯ СобаК,4,1699.25,300.75,CoMplEted,Нужно уточнить сроки,09.05.2024,3844654378176509
2029957533688,08.05.2024 05:47,иваН ИвАНОв,+7 9101 82 29,5,МОЛокО,3,8837.84,162.16,prOCESsInG,Всё отлично!,2024-05-30,1048768304837047
2029957533688,08.05.2024 05:47,иваН ИвАНОв,+7 9101 82 29,1,КоРМ дЛЯ СобАк,4,1735.95,264.05,PRoceSSInG,Всё отлично!,2024-05-30,1048768304837047
2029957533688,08.05.2024 05:47,иваН ИвАНОв,+7 9101 82 29,2,ИГрУШКА Мяч,5,1272.06,227.94,PROceSSINg,Всё отлично!,2024-05-30,1048768304837047
2029957532619,27.05.2024 01:43,МАрия пеТрОва,+7 9717 58 21,4,подПисКА НА ГаЗЕту,4,2256.43,143.57,pRocEsSing,"Задержка с доставкой, печалька...",2024/05/04,1697752348966417
2029957532619,27.05.2024 01:43,МАрия пеТрОва,+7 9717 58 21,4,ПОдПисКА НА ГАЗеТу,2,977.52,222.48,prOCeSsInG,"Задержка с доставкой, печалька...",2024/05/04,1697752348966417
2029957532619,27.05.2024 01:43,МАрия пеТрОва,+7 9717 58 21,5,мОлОКо,2,5202.18,797.82,prOCeSsing,"Задержка с доставкой, печалька...",2024/05/04,1697752348966417
2029957532619,27.05.2024 01:43,МАрия пеТрОва,+7 9717 58 21,4,поДписКА нА ГАЗЕТу,4,2343.86,56.14,pROcESsING,"Задержка с доставкой, печалька...",2024/05/04,1697752348966417
2029957531196,2024-05-18 17:08:45,наТАЛЬя вАСИЛьЕвА,+7(9449)26-55,4,ПОдПИска На гАЗетУ,1,519.85,80.15,PrOCESSing,"Задержка с доставкой, печалька...",07.05.2024,6317091749555882
2029957531196,2024-05-18 17:08:45,наТАЛЬя вАСИЛьЕвА,+7(9449)26-55,3,АмУнИциЯ для СОбАк,4,4521.43,278.57,pROcessiNG,"Задержка с доставкой, печалька...",07.05.2024,6317091749555882
2029957531196,2024-05-18 17:08:45,наТАЛЬя вАСИЛьЕвА,+7(9449)26-55,3,аМуниЦИя Для Собак,4,4150.4,649.6,PrOcEsSInG,"Задержка с доставкой, печалька...",07.05.2024,6317091749555882
2029957530167,2024-05-20 13:53:53,мАРия ПЕтРОВа,8(9576) 21-12,4,пОдпИскА на гАзеТУ,2,1162.0,38.0,CAnCELlED,Всё отлично!,2024-05-13,0903527756469093
2029957529296,21.05.2024 07:33,СЕРГей сиДорОв,+7(9533)78-75,5,мОЛоКО,1,2676.9,323.1,PROCEssing,Ждём с нетерпением!,2024-05-15,1999065875707802
2029957529296,21.05.2024 07:33,СЕРГей сиДорОв,+7(9533)78-75,2,ИгрушкА МЯЧ,5,1274.81,225.19,prOCeSSINg,Ждём с нетерпением!,2024-05-15,1999065875707802
2029957529296,21.05.2024 07:33,СЕРГей сиДорОв,+7(9533)78-75,1,корм ДЛЯ соБак,5,2260.41,239.59,prOcessING,Ждём с нетерпением!,2024-05-15,1999065875707802
2029957529296,21.05.2024 07:33,СЕРГей сиДорОв,+7(9533)78-75,3,АмунициЯ дЛЯ Собак,2,2128.34,271.66,ProCESSIng,Ждём с нетерпением!,2024-05-15,1999065875707802
2029957528949,2024/05/14 01:17:26,ИВан ивАнОв,8(9871) 92-42,3,аМуНицИя ДЛя СОБак,3,3086.97,513.03,PrOCeSSinG,Нужно уточнить сроки,23.05.2024,3052370600095253
2029957527759,2024-05-01 08:21:25,Иван ИВАНоВ,+7(9418)66-56,3,аМУнИцИЯ ДЛя СоБаК,4,4434.02,365.98,PrOcESSIng,спасибо за заказ,2024/05/01,1170887666810206
2029957527759,2024-05-01 08:21:25,Иван ИВАНоВ,+7(9418)66-56,2,иГрушка мЯЧ,5,1487.07,12.93,PRocEsSINg,спасибо за заказ,2024/05/01,1170887666810206
2029957527759,2024-05-01 08:21:25,Иван ИВАНоВ,+7(9418)66-56,3,АМУниЦия ДлЯ сОБаК,2,1934.76,465.24,PROcessing,спасибо за заказ,2024/05/01,1170887666810206
2029957527759,2024-05-01 08:21:25,Иван ИВАНоВ,+7(9418)66-56,5,мОЛоКО,2,5535.81,464.19,PrOCeSsing,спасибо за заказ,2024/05/01,1170887666810206
2029957526336,16.05.2024 19:54,миХАиЛ оРлОВ,+7 9401 86 36,5,МоЛоко,4,10805.73,1194.27,pRoCessiNg,Всё отлично!,2024/05/01,7451564923780601
2029957526336,16.05.2024 19:54,миХАиЛ оРлОВ,+7 9401 86 36,5,МОлоКо,5,14133.49,866.51,PrOCESSINg,Всё отлично!,2024/05/01,7451564923780601
2029957526336,16.05.2024 19:54,миХАиЛ оРлОВ,+7 9401 86 36,3,аМунИЦИЯ ДлЯ соБак,2,2293.69,106.31,PROCEsSINg,Всё отлично!,2024/05/01,7451564923780601
2029957526336,16.05.2024 19:54,миХАиЛ оРлОВ,+7 9401 86 36,5,Молоко,5,14973.47,26.53,ProcessinG,Всё отлично!,2024/05/01,7451564923780601
2029957525470,06.05.2024 13:20,ЕЛеНА НоВиКоВА,+7(9563)95-02,1,коРм длЯ СоБАК,2,997.33,2.67,ProcEsSINg,Нужно уточнить сроки,13.05.2024,2726389825929397
2029957525470,06.05.2024 13:20,ЕЛеНА НоВиКоВА,+7(9563)95-02,3,АмуНИЦИя ДЛя сОБАк,2,2071.71,328.29,PRoCeSSING,Нужно уточнить сроки,13.05.2024,2726389825929397
2029957525470,06.05.2024 13:20,ЕЛеНА НоВиКоВА,+7(9563)95-02,2,ИгрУшКА мяЧ,1,280.45,19.55,prOceSSInG,Нужно уточнить сроки,13.05.2024,2726389825929397
2029957525470,06.05.2024 13:20,ЕЛеНА НоВиКоВА,+7(9563)95-02,1,коРМ для СобАК,1,492.65,7.35,pROCeSsInG,Нужно уточнить сроки,13.05.2024,2726389825929397
2029957525470,06.05.2024 13:20,ЕЛеНА НоВиКоВА,+7(9563)95-02,5,молОко,4,11968.54,31.46,pROcESSInG,Нужно уточнить сроки,13.05.2024,2726389825929397
2029957524806,2024-05-06 15:58:09,ольГА кУЗНецоВа,8(9020) 43-09,5,молоКо,3,7325.89,1674.11,CANCElLed,спасибо за заказ,2024/05/02,6620330851260845
2029957523778,2024-05-20 22:57:32,ДмИтрий КУзНецов,+7(9641)36-41,3,АМуНиЦия ДЛЯ СоБаК,2,2142.41,257.59,cANcELled,Нужно уточнить сроки,27.05.2024,2894969154594209
2029957523778,2024-05-20 22:57:32,ДмИтрий КУзНецов,+7(9641)36-41,5,мОлоКо,5,12627.63,2372.37,cAncElLEd,Нужно уточнить сроки,27.05.2024,2894969154594209
2029957523778,2024-05-20 22:57:32,ДмИтрий КУзНецов,+7(9641)36-41,4,пОДПискА на ГазЕтУ,1,505.6,94.4,CanCELleD,Нужно уточнить сроки,27.05.2024,2894969154594209
2029957523778,2024-05-20 22:57:32,ДмИтрий КУзНецов,+7(9641)36-41,5,мОЛОКО,1,2488.72,511.28,caNCELLED,Нужно уточнить сроки,27.05.2024,2894969154594209
2029957523778,2024-05-20 22:57:32,ДмИтрий КУзНецов,+7(9641)36-41,2,ИГРушКа МЯЧ,5,1450.79,49.21,CancEllEd,Нужно уточнить сроки,27.05.2024,2894969154594209
2029957522622,2024-05-08 07:02:19,АННа сМиРНоВА,+7(9148)25-48,2,ИгРуШкА мЯЧ,3,775.38,124.62,prOCESSing,подарок вовремя,2024-05-16,0763148576974288
2029957522622,2024-05-08 07:02:19,АННа сМиРНоВА,+7(9148)25-48,3,аМунИциЯ ДЛя СОБак,1,1120.33,79.67,pROcEsSInG,подарок вовремя,2024-05-16,0763148576974288
2029957522622,2024-05-08 07:02:19,АННа сМиРНоВА,+7(9148)25-48,3,АмуНИциЯ Для соБАК,4,4107.61,692.39,prOcESsiNG,подарок вовремя,2024-05-16,0763148576974288
2029957521962,23.05.2024 18:02,МАРИя пЕТрова,+7 9763 02 27,1,корМ ДЛЯ собак,3,1285.7,214.3,cAncELLED,Всё отлично!,2024/05/25,4334908942938896
2029957521962,23.05.2024 18:02,МАРИя пЕТрова,+7 9763 02 27,4,ПоДПискА на ГазЕТУ,3,1631.52,168.48,cANcelLed,Всё отлично!,2024/05/25,4334908942938896
2029957520775,2024-05-01 17:32:03,МаРия ПеТрова,8(9893) 99-36,4,ПОдПиСКА На Газету,4,2268.44,131.56,cOmpletED,Ждём с нетерпением!,29.05.2024,9023554250161559
2029957520775,2024-05-01 17:32:03,МаРия ПеТрова,8(9893) 99-36,2,игруШка МяЧ,5,1472.06,27.94,cOMplEtED,Ждём с нетерпением!,29.05.2024,9023554250161559
2029957519455,2024-05-05 10:04:13,дМитРИй кУЗнЕцов,+7 9706 46 72,2,ИгРУШКа Мяч,4,1021.12,178.88,coMPlEted,Ждём с нетерпением!,11.05.2024,7912528759252665
2029957519455,2024-05-05 10:04:13,дМитРИй кУЗнЕцов,+7 9706 46 72,5,молоКО,5,12129.31,2870.69,CoMplETED,Ждём с нетерпением!,11.05.2024,7912528759252665
2029957519455,2024-05-05 10:04:13,дМитРИй кУЗнЕцов,+7 9706 46 72,2,ИГрУшКа МяЧ,2,586.35,13.65,cOmpLeTed,Ждём с нетерпением!,11.05.2024,7912528759252665
2029957519455,2024-05-05 10:04:13,дМитРИй кУЗнЕцов,+7 9706 46 72,3,АмУнИцИя дЛЯ сОбаК,2,2170.85,229.15,compLeteD,Ждём с нетерпением!,11.05.2024,7912528759252665
2029957519455,2024-05-05 10:04:13,дМитРИй кУЗнЕцов,+7 9706 46 72,2,ИгрУшка мяЧ,3,797.37,102.63,ComPLeTEd,Ждём с нетерпением!,11.05.2024,7912528759252665
2029957518788,23.05.2024 08:45,сЕРГЕй СИдоРОв,+7 9699 32 48,4,пОДпИСКА На гАзЕТу,1,498.35,101.65,coMpleTEd,спасибо за заказ,2024-05-03,5949482882041528
2029957518788,23.05.2024 08:45,сЕРГЕй СИдоРОв,+7 9699 32 48,5,МолОко,1,2501.17,498.83,COMpleTeD,спасибо за заказ,2024-05-03,5949482882041528
2029957518788,23.05.2024 08:45,сЕРГЕй СИдоРОв,+7 9699 32 48,4,поДпиСка на ГАЗеТУ,4,2127.78,272.22,coMPLeted,спасибо за заказ,2024-05-03,5949482882041528
2029957517936,2024/05/09 01:17:42,МИХАИЛ ОрлОВ,+7(9020)53-17,2,игрУшКА мЯч,5,1431.78,68.22,CaNceLLED,Нужно уточнить сроки,2024/05/18,6802707407002280
2029957517936,2024/05/09 01:17:42,МИХАИЛ ОрлОВ,+7(9020)53-17,4,пОдпИСкА На газЕТу,2,1048.55,151.45,cANCEllEd,Нужно уточнить сроки,2024/05/18,6802707407002280
2029957517936,2024/05/09 01:17:42,МИХАИЛ ОрлОВ,+7(9020)53-17,3,аМуНИЦия длЯ сОбАк,1,1094.53,105.47,CANcelLEd,Нужно уточнить сроки,2024/05/18,6802707407002280
2029957516920,2024-05-28 12:56:14,ЕленА НОвИкОва,+7 9745 29 09,5,МОлоКО,2,4921.69,1078.31,pRoCESSINg,спасибо за заказ,2024-05-21,7743579541773917
2029957516920,2024-05-28 12:56:14,ЕленА НОвИкОва,+7 9745 29 09,4,пОДПИСка На гаЗеТу,3,1782.2,17.8,prOcEssInG,спасибо за заказ,2024-05-21,7743579541773917
2029957516920,2024-05-28 12:56:14,ЕленА НОвИкОва,+7 9745 29 09,3,амУнИциЯ дЛя сОБаК,2,2026.26,373.74,PROCESsiNg,спасибо за заказ,2024-05-21,7743579541773917
2029957516920,2024-05-28 12:56:14,ЕленА НОвИкОва,+7 9745 29 09,3,АмуНИциЯ ДЛя СОбАк,1,1104.73,95.27,PROcESsing,спасибо за заказ,2024-05-21,7743579541773917
2029957516920,2024-05-28 12:56:14,ЕленА НОвИкОва,+7 9745 29 09,5,мОлоко,2,5321.63,678.37,PrOcEssiNg,спасибо за заказ,2024-05-21,7743579541773917
2029957515154,18.05.2024 21:55,дМиТрИЙ кУзнЕЦов,+7 9297 16 02,3,АмуНИЦИя Для СоБАК,3,3377.97,222.03,cOmplETEd,Нужно уточнить сроки,06.05.2024,9621041227990657
2029957515154,18.05.2024 21:55,дМиТрИЙ кУзнЕЦов,+7 9297 16 02,1,корм ДлЯ собАк,2,916.07,83.93,COmplETed,Нужно уточнить сроки,06.05.2024,9621041227990657
2029957515154,18.05.2024 21:55,дМиТрИЙ кУзнЕЦов,+7 9297 16 02,4,ПОДписка На ГАзЕтУ,2,1130.92,69.08,CoMpLEted,Нужно уточнить сроки,06.05.2024,9621041227990657
2029957514615,2024/05/21 09:13:41,ОлЬГА кУЗНЕЦОвА,8(9401) 88-39,4,ПОДпИска НА гАзЕту,3,1665.0,135.0,prOcESsINg,Проверить наличие,18.05.2024,4498782798805680
2029957514615,2024/05/21 09:13:41,ОлЬГА кУЗНЕЦОвА,8(9401) 88-39,1,корм дЛя собак,4,1965.21,34.79,pROCeSSiNG,Проверить наличие,18.05.2024,4498782798805680
2029957513616,2024-05-14 03:48:57,ДмиТРиЙ КУЗнЕцОв,+7(9257)43-41,5,молОКо,1,2569.4,430.6,cOmPlEteD,Проверить наличие,2024-05-19,1289353085877091
2029957513616,2024-05-14 03:48:57,ДмиТРиЙ КУЗнЕцОв,+7(9257)43-41,4,ПоДпИска нА гАЗЕту,2,983.4,216.6,compLETed,Проверить наличие,2024-05-19,1289353085877091
2029957513616,2024-05-14 03:48:57,ДмиТРиЙ КУЗнЕцОв,+7(9257)43-41,3,аМуницИя ДлЯ Собак,4,4192.86,607.14,cOmpleteD,Проверить наличие,2024-05-19,1289353085877091
2029957512798,2024-05-02 19:03:02,СЕргЕЙ сИдОрОв,8(9517) 40-31,5,мОлОКо,3,7595.97,1404.03,COMplEted,Проверить наличие,2024-05-19,6263810979025058
2029957512798,2024-05-02 19:03:02,СЕргЕЙ сИдОрОв,8(9517) 40-31,4,подпИСкА на газеТу,5,2450.91,549.09,COmPleTeD,Проверить наличие,2024-05-19,6263810979025058
2029957512798,2024-05-02 19:03:02,СЕргЕЙ сИдОрОв,8(9517) 40-31,5,МоЛокО,4,9677.56,2322.44,COMpLETeD,Проверить наличие,2024-05-19,6263810979025058
2029957511141,2024/05/31 02:56:54,СергеЙ СиДОРОв,8(9848) 46-16,1,кОрм ДлЯ СобАк,3,1286.68,213.32,cancelLeD,Всё отлично!,2024-05-13,8855560363907133
2029957511141,2024/05/31 02:56:54,СергеЙ СиДОРОв,8(9848) 46-16,4,пОдпИСка нА газету,3,1526.49,273.51,canCElLED,Всё отлично!,2024-05-13,8855560363907133
2029957510469,2024-05-27 16:46:58,наталЬя ВАсильЕВА,+7 9716 29 33,4,поДПиСка НА газетУ,4,1949.35,450.65,CAnCElLed,Проверить наличие,2024/05/23,8861225809195780
2029957509111,03.05.2024 16:36,Алексей мИХАйЛОв,+7(9025)57-77,1,КОрм дЛя сОбАк,3,1237.45,262.55,cANcelLED,Нужно уточнить сроки,07.05.2024,9142667285761343
2029957509111,03.05.2024 16:36,Алексей мИХАйЛОв,+7(9025)57-77,3,амуНицИя Для собАК,5,5041.08,958.92,CaNceLLeD,Нужно уточнить сроки,07.05.2024,9142667285761343
2029957508997,2024-05-08 11:16:27,НАтаЛья ВаСиЛЬЕВА,+7(9522)00-02,2,ИГруШКА МяЧ,1,272.71,27.29,CANCElleD,Нужно уточнить сроки,16.05.2024,0963900908826816
2029957508997,2024-05-08 11:16:27,НАтаЛья ВаСиЛЬЕВА,+7(9522)00-02,3,АмуниЦИя для СобаК,4,3937.33,862.67,CANCelLED,Нужно уточнить сроки,16.05.2024,0963900908826816
2029957507732,2024-05-13 09:58:53,МихаиЛ оРлов,+7 9461 57 59,1,КОрм для СОБак,4,1838.07,161.93,proCessiNg,Всё отлично!,20.05.2024,1941837229828376
2029957507732,2024-05-13 09:58:53,МихаиЛ оРлов,+7 9461 57 59,2,иГрУшкА мяЧ,4,1005.4,194.6,ProCessINg,Всё отлично!,20.05.2024,1941837229828376
2029957507732,2024-05-13 09:58:53,МихаиЛ оРлов,+7 9461 57 59,2,иГрушКа Мяч,5,1448.45,51.55,procEsSINg,Всё отлично!,20.05.2024,1941837229828376
2029957506884,09.05.2024 11:25,иВаН ИВАНов,+7(9321)12-64,4,ПОдписка нА гАЗЕТУ,2,1115.2,84.8,COmPlEtED,Нужно уточнить сроки,2024/05/19,7120720914419586
2029957505428,2024/05/19 01:06:07,сЕРГЕй сИдОрОв,+7(9178)80-95,5,МолоКО,4,10424.78,1575.22,CoMpleTED,подарок вовремя,26.05.2024,9742057421451791
2029957505428,2024/05/19 01:06:07,сЕРГЕй сИдОрОв,+7(9178)80-95,3,аМунИЦИя для соБАК,4,4483.68,316.32,COmpLETeD,подарок вовремя,26.05.2024,9742057421451791
2029957504873,09.05.2024 15:32,михаИл ОрЛОВ,+7 9530 59 97,2,игрУШКа МЯЧ,5,1271.97,228.03,coMpleteD,Нужно уточнить сроки,2024/05/31,1437389672461646
2029957504873,09.05.2024 15:32,михаИл ОрЛОВ,+7 9530 59 97,3,АмУНИцИЯ длЯ СОбаК,5,4923.96,1076.04,CoMplEteD,Нужно уточнить сроки,2024/05/31,1437389672461646
2029957504873,09.05.2024 15:32,михаИл ОрЛОВ,+7 9530 59 97,3,аМУНиЦия ДлЯ СОБАк,3,3450.22,149.78,COMpLEted,Нужно уточнить сроки,2024/05/31,1437389672461646
2029957504873,09.05.2024 15:32,михаИл ОрЛОВ,+7 9530 59 97,2,игРуШКА МЯЧ,1,276.19,23.81,coMpLEtED,Нужно уточнить сроки,2024/05/31,1437389672461646
2029957504873,09.05.2024 15:32,михаИл ОрЛОВ,+7 9530 59 97,3,амУНицИя Для Собак,1,1030.55,169.45,ComPleTEd,Нужно уточнить сроки,2024/05/31,1437389672461646
2029957759435,2024-05-16 20:58:51,МаРиЯ пЕтРоВА,+7(9624)95-16,5,МОЛОкО,3,8939.98,60.02,PRocEsSiNg,Проверить наличие,2024-05-23,1351145551119079
2029957758274,2024-05-20 23:04:07,ЕлеНА нОвиковА,+7 9583 67 67,5,мОЛоКо,1,2608.6,391.4,CANCelLED,Ждём с нетерпением!,2024/05/25,8487455535142376
2029957757359,03.05.2024 11:46,елЕНа нОвИКовА,8(9115) 01-60,4,ПодпиСка На ГазеТУ,4,2223.43,176.57,caNCELlED,Ждём с нетерпением!,21.05.2024,8397434379534479
2029957757359,03.05.2024 11:46,елЕНа нОвИКовА,8(9115) 01-60,4,поДПиСкА нА газеТу,2,1015.48,184.52,caNCeLLed,Ждём с нетерпением!,21.05.2024,8397434379534479
2029957756518,2024/05/18 05:59:38,ОЛЬГа КУЗнЕЦовА,+7(9122)37-29,2,ИгРУШка мЯЧ,3,841.46,58.54,PRoceSsinG,Проверить наличие,2024/05/30,0628876147099289
2029957756518,2024/05/18 05:59:38,ОЛЬГа КУЗнЕЦовА,+7(9122)37-29,3,АмУнИЦИя для собаК,5,5672.83,327.17,pRocEsSinG,Проверить наличие,2024/05/30,0628876147099289
2029957756518,2024/05/18 05:59:38,ОЛЬГа КУЗнЕЦовА,+7(9122)37-29,4,ПодпиСКа нА ГазетУ,1,489.74,110.26,pROcESSING,Проверить наличие,2024/05/30,0628876147099289
2029957755929,2024-05-06 21:52:14,СЕРгЕЙ СидорОв,+7 9119 89 91,5,молоко,1,2813.82,186.18,caNCeLLED,подарок вовремя,2024/05/27,3848002698876384
2029957755929,2024-05-06 21:52:14,СЕРгЕЙ СидорОв,+7 9119 89 91,3,амуниЦИЯ для сОбАк,1,1197.45,2.55,caNcEllEd,подарок вовремя,2024/05/27,3848002698876384
2029957755929,2024-05-06 21:52:14,СЕРгЕЙ СидорОв,+7 9119 89 91,5,МоЛОКО,1,2941.53,58.47,CanCeLLED,подарок вовремя,2024/05/27,3848002698876384
2029957755929,2024-05-06 21:52:14,СЕРгЕЙ СидорОв,+7 9119 89 91,5,мОЛОКО,5,13676.92,1323.08,CAnCELLED,подарок вовремя,2024/05/27,3848002698876384
2029957755929,2024-05-06 21:52:14,СЕРгЕЙ СидорОв,+7 9119 89 91,3,АмуНиЦИЯ для собАК,2,1946.77,453.23,caNCElLed,подарок вовремя,2024/05/27,3848002698876384
2029957754847,2024-05-28 01:31:49,НаТаЛья ВаСИлЬЕва,+7 9533 19 34,1,КОрМ длЯ СОбак,4,1681.31,318.69,proCESsINg,Ждём с нетерпением!,2024-05-11,9185690731117389
2029957754847,2024-05-28 01:31:49,НаТаЛья ВаСИлЬЕва,+7 9533 19 34,2,иГруШКа мЯЧ,5,1242.29,257.71,pROcesSINg,Ждём с нетерпением!,2024-05-11,9185690731117389
2029957753630,14.05.2024 04:53,аЛеКсеЙ МихАЙЛОв,+7(9335)41-48,1,КОРм длЯ сОбАк,3,1479.75,20.25,cAnCELleD,Проверить наличие,2024-05-06,8110555887984863
2029957753630,14.05.2024 04:53,аЛеКсеЙ МихАЙЛОв,+7(9335)41-48,4,пОдпиСКа На ГаЗетУ,1,549.71,50.29,caNCelLed,Проверить наличие,2024-05-06,8110555887984863
2029957753630,14.05.2024 04:53,аЛеКсеЙ МихАЙЛОв,+7(9335)41-48,4,ПОДПИСКа нА ГаЗЕТу,3,1514.03,285.97,CanCelLeD,Проверить наличие,2024-05-06,8110555887984863
2029957753630,14.05.2024 04:53,аЛеКсеЙ МихАЙЛОв,+7(9335)41-48,1,коРМ длЯ собаК,2,998.96,1.04,canCelLed,Проверить наличие,2024-05-06,8110555887984863
2029957752672,2024/05/17 16:28:08,МИХАиЛ оРлОВ,+7 9927 29 66,2,иГруШкА МЯч,3,784.43,115.57,CaNCelled,Нужно уточнить сроки,12.05.2024,5955339296626149
2029957752672,2024/05/17 16:28:08,МИХАиЛ оРлОВ,+7 9927 29 66,1,коРм длЯ Собак,1,416.66,83.34,cAnCeLLeD,Нужно уточнить сроки,12.05.2024,5955339296626149
2029957752672,2024/05/17 16:28:08,МИХАиЛ оРлОВ,+7 9927 29 66,2,игРушКа мЯч,4,1137.22,62.78,CANcelLed,Нужно уточнить сроки,12.05.2024,5955339296626149
2029957752672,2024/05/17 16:28:08,МИХАиЛ оРлОВ,+7 9927 29 66,4,пОдПисКА нА гаЗЕту,2,1077.24,122.76,cancELleD,Нужно уточнить сроки,12.05.2024,5955339296626149
2029957751793,21.05.2024 14:27,аЛЕКСеЙ МиХАЙЛОВ,+7(9883)29-03,2,игРУшКА Мяч,5,1236.11,263.89,pROceSSiNG,Ждём с нетерпением!,2024-05-09,5971863230518551
2029957751793,21.05.2024 14:27,аЛЕКСеЙ МиХАЙЛОВ,+7(9883)29-03,3,АМуницИЯ для соБАк,5,5950.38,49.62,PrOCessInG,Ждём с нетерпением!,2024-05-09,5971863230518551
2029957750607,17.05.2024 04:18,дМИтРИЙ КУЗнЕцов,+7 9567 85 85,1,Корм ДЛя сОбАк,5,2021.53,478.47,cANcelleD,Ждём с нетерпением!,2024/05/18,0266045784540869
2029957749302,2024/05/18 09:43:34,наТАлья вАСиЛЬевА,8(9225) 23-18,1,кОРМ дЛя сОБак,4,1607.96,392.04,coMpLEteD,Ждём с нетерпением!,2024-05-18,0688279802302725
2029957749302,2024/05/18 09:43:34,наТАлья вАСиЛЬевА,8(9225) 23-18,5,молОКо,2,5088.65,911.35,CoMpLETEd,Ждём с нетерпением!,2024-05-18,0688279802302725
2029957749302,2024/05/18 09:43:34,наТАлья вАСиЛЬевА,8(9225) 23-18,1,КоРМ ДлЯ сОБаК,2,813.43,186.57,cOmPLETEd,Ждём с нетерпением!,2024-05-18,0688279802302725
2029957748869,2024-05-07 11:07:48,МихАИл ОрлоВ,+7 9442 64 98,3,аМуниЦиЯ длЯ СОбАк,4,4667.19,132.81,CAncelLEd,Ждём с нетерпением!,2024-05-17,1458629865845762
2029957748869,2024-05-07 11:07:48,МихАИл ОрлоВ,+7 9442 64 98,4,ПОДПиСка нА гАЗеТу,3,1536.88,263.12,CanCelLed,Ждём с нетерпением!,2024-05-17,1458629865845762
2029957748869,2024-05-07 11:07:48,МихАИл ОрлоВ,+7 9442 64 98,5,моЛоко,5,13502.85,1497.15,CANcellEd,Ждём с нетерпением!,2024-05-17,1458629865845762
2029957748869,2024-05-07 11:07:48,МихАИл ОрлоВ,+7 9442 64 98,3,АмУнИЦИя Для сОбак,4,4299.11,500.89,caNCeLLeD,Ждём с нетерпением!,2024-05-17,1458629865845762
2029957747205,2024-05-29 09:02:23,дмИТРий КУзнЕЦоВ,+7 9637 79 05,1,Корм Для соБак,5,2083.18,416.82,cOmpLeteD,подарок вовремя,2024/05/09,6232374129245283
2029957747205,2024-05-29 09:02:23,дмИТРий КУзнЕЦоВ,+7 9637 79 05,3,АмУнИЦиЯ ДЛЯ СоБак,3,3470.19,129.81,cOmPletEd,подарок вовремя,2024/05/09,6232374129245283
2029957746926,2024-05-03 13:32:30,СЕрГей СИдорОВ,+7(9836)73-75,4,ПОдПИска На ГаЗЕТУ,3,1665.49,134.51,CANCeLleD,"Задержка с доставкой, печалька...",2024-05-05,6156230614744085
2029957746926,2024-05-03 13:32:30,СЕрГей СИдорОВ,+7(9836)73-75,4,ПОДпИска нА ГазеТу,3,1584.36,215.64,cancElLEd,"Задержка с доставкой, печалька...",2024-05-05,6156230614744085
2029957746926,2024-05-03 13:32:30,СЕрГей СИдорОВ,+7(9836)73-75,5,МОЛОко,1,2795.32,204.68,CancEllEd,"Задержка с доставкой, печалька...",2024-05-05,6156230614744085
2029957745574,2024-05-05 23:51:27,ДМИтРИй куЗНеЦОВ,+7 9215 66 06,2,ИГрушка МяЧ,3,721.39,178.61,cANCELLeD,спасибо за заказ,2024-05-26,6042030743408591
2029957744163,2024/05/19 07:40:17,МихАИЛ ОРЛОВ,+7 9364 92 61,1,кОРМ длЯ сОБАК,1,473.07,26.93,CANcEllEd,Ждём с нетерпением!,2024-05-01,0629198210849403
2029957744163,2024/05/19 07:40:17,МихАИЛ ОРЛОВ,+7 9364 92 61,3,амУниЦия ДЛя сОбак,4,4550.83,249.17,CAncellEd,Ждём с нетерпением!,2024-05-01,0629198210849403
2029957744163,2024/05/19 07:40:17,МихАИЛ ОРЛОВ,+7 9364 92 61,2,игРУШкА Мяч,4,1121.81,78.19,CaNcElled,Ждём с нетерпением!,2024-05-01,0629198210849403
2029957744163,2024/05/19 07:40:17,МихАИЛ ОРЛОВ,+7 9364 92 61,2,Игрушка мЯЧ,1,274.84,25.16,caNcelLed,Ждём с нетерпением!,2024-05-01,0629198210849403
2029957743606,2024/05/03 03:28:31,сЕрГЕй сИДОров,+7 9803 93 64,1,КоРМ длЯ СОБАк,1,469.52,30.48,caNCEllEd,"Задержка с доставкой, печалька...",26.05.2024,3551736761050613
2029957743606,2024/05/03 03:28:31,сЕрГЕй сИДОров,+7 9803 93 64,4,ПОдПиСка на ГаЗеТу,3,1682.25,117.75,canceLLed,"Задержка с доставкой, печалька...",26.05.2024,3551736761050613
2029957743606,2024/05/03 03:28:31,сЕрГЕй сИДОров,+7 9803 93 64,5,мОЛОКо,3,7247.94,1752.06,CancELlEd,"Задержка с доставкой, печалька...",26.05.2024,3551736761050613
2029957743606,2024/05/03 03:28:31,сЕрГЕй сИДОров,+7 9803 93 64,4,ПодПисКА нА ГаЗЕтУ,3,1690.92,109.08,cANCeLLed,"Задержка с доставкой, печалька...",26.05.2024,3551736761050613
2029957743606,2024/05/03 03:28:31,сЕрГЕй сИДОров,+7 9803 93 64,2,иГРУШКа МЯЧ,3,847.53,52.47,cANcelled,"Задержка с доставкой, печалька...",26.05.2024,3551736761050613
2029957742977,31.05.2024 22:35,МИхАиЛ ОРлоВ,+7(9870)21-33,4,ПоДПиСКА На гаЗеТу,1,537.04,62.96,pRoceSSING,Нужно уточнить сроки,20.05.2024,0011138528755089
2029957741297,24.05.2024 21:09,аННА смИрнОВА,+7 9227 08 88,2,игрушКА мяЧ,3,801.31,98.69,CANcelLed,"Задержка с доставкой, печалька...",2024/05/05,8377475713704490
2029957741297,24.05.2024 21:09,аННА смИрнОВА,+7 9227 08 88,5,моЛоКо,3,8817.13,182.87,CAncElleD,"Задержка с доставкой, печалька...",2024/05/05,8377475713704490
2029957740131,07.05.2024 21:56,ЕЛенА ноВиКОвА,+7 9748 17 77,2,иГрУШка Мяч,3,890.14,9.86,CoMPlEted,подарок вовремя,2024-05-18,9292732964757477
2029957739432,2024/05/29 01:54:51,ДМИтРий кУзНеЦоВ,8(9232) 88-43,1,КорМ дЛя СОбаК,1,480.79,19.21,CoMpleTED,Всё отлично!,2024/05/23,4252619893824202
2029957739432,2024/05/29 01:54:51,ДМИтРий кУзНеЦоВ,8(9232) 88-43,4,ПОдПИсКа на гаЗЕту,5,2605.09,394.91,cOMplEteD,Всё отлично!,2024/05/23,4252619893824202
2029957739432,2024/05/29 01:54:51,ДМИтРий кУзНеЦоВ,8(9232) 88-43,4,поДпиСкА На ГазеТУ,4,1962.17,437.83,ComPlETEd,Всё отлично!,2024/05/23,4252619893824202
2029957739432,2024/05/29 01:54:51,ДМИтРий кУзНеЦоВ,8(9232) 88-43,5,МоЛоКо,5,13832.83,1167.17,comPLeteD,Всё отлично!,2024/05/23,4252619893824202
2029957738490,2024/05/30 14:14:09,ОльГА куЗНЕЦовА,8(9687) 65-40,4,ПОДПискА на газЕту,3,1459.49,340.51,canCelleD,"Задержка с доставкой, печалька...",2024-05-05,8043184893608098
2029957738490,2024/05/30 14:14:09,ОльГА куЗНЕЦовА,8(9687) 65-40,4,ПОдПиСка На ГАЗеТу,3,1472.01,327.99,cANcelled,"Задержка с доставкой, печалька...",2024-05-05,8043184893608098
2029957738490,2024/05/30 14:14:09,ОльГА куЗНЕЦовА,8(9687) 65-40,2,иГРушКа мЯЧ,5,1246.24,253.76,CanceLlEd,"Задержка с доставкой, печалька...",2024-05-05,8043184893608098
2029957738490,2024/05/30 14:14:09,ОльГА куЗНЕЦовА,8(9687) 65-40,3,амУНицИЯ ДЛЯ СоБаК,5,4823.91,1176.09,CAnCELLED,"Задержка с доставкой, печалька...",2024-05-05,8043184893608098
2029957738490,2024/05/30 14:14:09,ОльГА куЗНЕЦовА,8(9687) 65-40,1,коРМ Для СОбаК,3,1322.96,177.04,CanCelLeD,"Задержка с доставкой, печалька...",2024-05-05,8043184893608098
2029957737863,2024-05-16 12:07:37,еленА нОВИкОвА,+7(9131)40-74,1,КОрм дЛЯ СОБак,3,1349.83,150.17,canCELLed,Ждём с нетерпением!,13.05.2024,2005750784962576
2029957737863,2024-05-16 12:07:37,еленА нОВИкОвА,+7(9131)40-74,3,АМУНИЦИЯ для сОБаК,3,2933.32,666.68,CaNcelLeD,Ждём с нетерпением!,13.05.2024,2005750784962576
2029957736606,2024-05-14 23:14:40,еЛЕна нОВИкоВа,+7(9088)89-30,1,КОрм дЛЯ СобАК,5,2432.09,67.91,Cancelled,Ждём с нетерпением!,2024/05/13,5395054611546154
2029957736606,2024-05-14 23:14:40,еЛЕна нОВИкоВа,+7(9088)89-30,1,КОрм дЛя СОБАК,1,446.75,53.25,CaNcellED,Ждём с нетерпением!,2024/05/13,5395054611546154
2029957735920,2024/05/28 02:35:21,АннА СмиРноВА,+7(9347)03-30,3,АМунИцИя Для СОБАк,2,2395.51,4.49,CANcELled,"Задержка с доставкой, печалька...",2024/05/22,7680716179815456
2029957735920,2024/05/28 02:35:21,АннА СмиРноВА,+7(9347)03-30,5,МоЛоко,4,11998.12,1.88,CaNceLLEd,"Задержка с доставкой, печалька...",2024/05/22,7680716179815456
2029957735920,2024/05/28 02:35:21,АннА СмиРноВА,+7(9347)03-30,3,АМунИЦия Для сОБАК,1,1118.83,81.17,cancElLeD,"Задержка с доставкой, печалька...",2024/05/22,7680716179815456
2029957735920,2024/05/28 02:35:21,АннА СмиРноВА,+7(9347)03-30,3,амунИцИя длЯ сОбАК,5,5902.27,97.73,CancElled,"Задержка с доставкой, печалька...",2024/05/22,7680716179815456
2029957735920,2024/05/28 02:35:21,АннА СмиРноВА,+7(9347)03-30,1,КОРМ ДЛя сОбАК,4,1704.97,295.03,cANCELlEd,"Задержка с доставкой, печалька...",2024/05/22,7680716179815456
2029957734193,2024-05-07 01:23:37,мИХаИЛ ОРлОВ,+7 9829 20 35,3,АмуНицИя дЛя сОБАК,1,1019.16,180.84,PrOceSsiNG,Проверить наличие,17.05.2024,1177880584210129
2029957734193,2024-05-07 01:23:37,мИХаИЛ ОРлОВ,+7 9829 20 35,1,КорМ для СОБАк,5,2305.07,194.93,prOcEssiNg,Проверить наличие,17.05.2024,1177880584210129
2029957734193,2024-05-07 01:23:37,мИХаИЛ ОРлОВ,+7 9829 20 35,4,ПОДпИСКа НА гАзЕту,4,2356.19,43.81,proCessING,Проверить наличие,17.05.2024,1177880584210129
2029957734193,2024-05-07 01:23:37,мИХаИЛ ОРлОВ,+7 9829 20 35,1,кОРм дЛя сОБаК,3,1450.59,49.41,ProceSsING,Проверить наличие,17.05.2024,1177880584210129
2029957734193,2024-05-07 01:23:37,мИХаИЛ ОРлОВ,+7 9829 20 35,3,амуНИцИЯ для СоБАК,2,2138.12,261.88,pROcessiNG,Проверить наличие,17.05.2024,1177880584210129
2029957733463,02.05.2024 19:54,аЛЕКСЕй МИхаЙЛов,8(9704) 95-42,3,АМУНиция дЛЯ СОбаК,4,4378.86,421.14,coMpLETEd,Всё отлично!,2024-05-30,3441468839320412
2029957733463,02.05.2024 19:54,аЛЕКСЕй МИхаЙЛов,8(9704) 95-42,4,подпИСкА на ГАзету,5,2447.77,552.23,COMplEteD,Всё отлично!,2024-05-30,3441468839320412
2029957733463,02.05.2024 19:54,аЛЕКСЕй МИхаЙЛов,8(9704) 95-42,2,игРУШКА МяЧ,1,289.49,10.51,COmplEtED,Всё отлично!,2024-05-30,3441468839320412
2029957732755,2024-05-02 01:04:04,АННА СМиРНова,8(9402) 32-78,1,КОРм дЛя СобАк,2,841.15,158.85,CancelLed,"Задержка с доставкой, печалька...",02.05.2024,3404469123616232
2029957732755,2024-05-02 01:04:04,АННА СМиРНова,8(9402) 32-78,2,игрУШкА Мяч,4,1178.68,21.32,CAnCElLed,"Задержка с доставкой, печалька...",02.05.2024,3404469123616232
2029957732755,2024-05-02 01:04:04,АННА СМиРНова,8(9402) 32-78,2,игРУшКА Мяч,2,576.06,23.94,CAnCellED,"Задержка с доставкой, печалька...",02.05.2024,3404469123616232
2029957732755,2024-05-02 01:04:04,АННА СМиРНова,8(9402) 32-78,5,мОЛоко,2,5405.18,594.82,CanCeLled,"Задержка с доставкой, печалька...",02.05.2024,3404469123616232
2029957731141,12.05.2024 08:46,ОльГА куЗнеЦОВа,+7 9213 79 50,5,мОЛокО,4,11879.62,120.38,caNCeLLED,Ждём с нетерпением!,2024/05/23,1239418812276587
2029957731141,12.05.2024 08:46,ОльГА куЗнеЦОВа,+7 9213 79 50,4,пОДПИСка НА гАЗЕТу,2,1146.51,53.49,CAnCELLed,Ждём с нетерпением!,2024/05/23,1239418812276587
2029957730124,09.05.2024 12:29,СЕрГЕй сиДорОВ,+7 9762 88 00,4,ПОдписка на ГаЗету,4,2171.99,228.01,completEd,Проверить наличие,13.05.2024,9135657318511802
2029957729362,09.05.2024 19:25,АЛЕКсей мИХАЙлоВ,+7 9735 00 83,3,аМУНИциЯ ДЛя сОбаК,3,3394.29,205.71,COmplETEd,спасибо за заказ,2024-05-05,0004328163348368
2029957728993,2024/05/15 22:17:38,мАРия ПЕтРова,8(9114) 31-23,2,игРУШКА Мяч,3,860.82,39.18,cANCElleD,Проверить наличие,04.05.2024,0479199613961789
2029957728993,2024/05/15 22:17:38,мАРия ПЕтРова,8(9114) 31-23,5,моЛоКо,5,14304.43,695.57,CAnCeLLeD,Проверить наличие,04.05.2024,0479199613961789
2029957728993,2024/05/15 22:17:38,мАРия ПЕтРова,8(9114) 31-23,5,МОлОко,5,13388.37,1611.63,cAnCELlED,Проверить наличие,04.05.2024,0479199613961789
2029957727576,2024/05/10 21:59:08,СеРГей СидОроВ,+7 9711 39 47,5,моЛОко,1,2406.54,593.46,caNCeLled,Всё отлично!,2024/05/19,0747779939464531
2029957727576,2024/05/10 21:59:08,СеРГей СидОроВ,+7 9711 39 47,5,МолокО,3,8925.47,74.53,CancElled,Всё отлично!,2024/05/19,0747779939464531
2029957726890,27.05.2024 22:46,ОЛЬГА КузНецова,8(9337) 80-03,1,корм ДЛя СобАК,2,878.65,121.35,comPLETed,Проверить наличие,31.05.2024,3747613049449090
2029957726890,27.05.2024 22:46,ОЛЬГА КузНецова,8(9337) 80-03,3,АмУНИциЯ ДЛя СоБАК,2,2296.83,103.17,COMpLEtED,Проверить наличие,31.05.2024,3747613049449090
2029957726890,27.05.2024 22:46,ОЛЬГА КузНецова,8(9337) 80-03,5,мОЛоко,2,5246.77,753.23,comPLEtEd,Проверить наличие,31.05.2024,3747613049449090
2029957726890,27.05.2024 22:46,ОЛЬГА КузНецова,8(9337) 80-03,3,аМуНИЦИЯ дЛя СОбАК,5,5253.21,746.79,COmplEtEd,Проверить наличие,31.05.2024,3747613049449090
2029957726890,27.05.2024 22:46,ОЛЬГА КузНецова,8(9337) 80-03,4,подПИСКа НА газЕту,4,2144.25,255.75,COMPLeteD,Проверить наличие,31.05.2024,3747613049449090
2029957725563,2024/05/13 10:41:35,СЕРгЕЙ СИДОров,+7 9073 09 18,4,пОДПиска на ГаЗетУ,3,1640.57,159.43,cOmpleTeD,Ждём с нетерпением!,19.05.2024,3175357038818979
2029957724572,2024-05-05 01:25:16,АНна СмИрНоВа,+7 9652 27 37,3,АмУниЦИя ДЛЯ соБАк,2,2222.0,178.0,cAnceLlEd,подарок вовремя,23.05.2024,3610851823962269
2029957723497,19.05.2024 01:29,Иван ивАНоВ,8(9683) 77-08,4,ПОдписКА НА ГАзеТУ,1,483.59,116.41,CancelLed,Ждём с нетерпением!,2024-05-01,4351737667414043
2029957722785,15.05.2024 09:12,нАТаЛЬя ВАсИльЕВа,+7(9442)29-73,4,ПодПИСкА на гАЗеТу,4,2244.58,155.42,cANcELled,подарок вовремя,2024/05/19,6092558817449086
2029957721761,2024/05/16 03:40:47,дмиТрий кУзнЕцОв,+7 9038 83 42,4,подпИСкА на ГаЗЕТу,3,1441.81,358.19,cAnCeLLeD,подарок вовремя,2024-05-19,2419014264086370
2029957721761,2024/05/16 03:40:47,дмиТрий кУзнЕцОв,+7 9038 83 42,3,АМУнициЯ ДЛя собак,4,4609.55,190.45,caNcELLed,подарок вовремя,2024-05-19,2419014264086370
2029957721761,2024/05/16 03:40:47,дмиТрий кУзнЕцОв,+7 9038 83 42,2,игруШкА мЯЧ,2,513.4,86.6,CaNcelLEd,подарок вовремя,2024-05-19,2419014264086370
2029957721761,2024/05/16 03:40:47,дмиТрий кУзнЕцОв,+7 9038 83 42,4,ПОДпискА На ГАЗЕТУ,5,2527.1,472.9,caNCElLEd,подарок вовремя,2024-05-19,2419014264086370
2029957721761,2024/05/16 03:40:47,дмиТрий кУзнЕцОв,+7 9038 83 42,4,ПодПИска НА гАЗЕтУ,2,1095.87,104.13,CaNcElled,подарок вовремя,2024-05-19,2419014264086370
2029957720769,2024/05/05 01:09:05,МиХаиЛ ОРлОв,8(9936) 36-38,5,МОЛОко,1,2934.24,65.76,compLETeD,Проверить наличие,13.05.2024,9859793755928163
2029957720769,2024/05/05 01:09:05,МиХаиЛ ОРлОв,8(9936) 36-38,3,аМуНИЦия ДЛя СобаК,5,5491.77,508.23,comPleTED,Проверить наличие,13.05.2024,9859793755928163
2029957719317,2024/05/16 10:06:41,НАТАлья ВАсиЛЬЕВА,+7 9458 10 58,4,поДПискА На ГазетУ,4,2134.93,265.07,ComPleteD,спасибо за заказ,03.05.2024,7753706279544401
2029957719317,2024/05/16 10:06:41,НАТАлья ВАсиЛЬЕВА,+7 9458 10 58,3,АМУНициЯ дЛя СоБаК,2,1938.67,461.33,CoMpLetEd,спасибо за заказ,03.05.2024,7753706279544401
2029957719317,2024/05/16 10:06:41,НАТАлья ВАсиЛЬЕВА,+7 9458 10 58,4,пОДПиСКА нА газЕТу,2,1147.76,52.24,COMpLETeD,спасибо за заказ,03.05.2024,7753706279544401
2029957718449,2024-05-02 06:49:37,ИВан иВанОВ,+7(9304)39-12,5,МОЛОко,1,2659.11,340.89,proCeSSIng,"Задержка с доставкой, печалька...",02.05.2024,9354865533062316
2029957718449,2024-05-02 06:49:37,ИВан иВанОВ,+7(9304)39-12,3,амУНиЦиЯ ДЛя СОбак,2,2316.64,83.36,prOCeSsiNg,"Задержка с доставкой, печалька...",02.05.2024,9354865533062316
2029957718449,2024-05-02 06:49:37,ИВан иВанОВ,+7(9304)39-12,5,молоКО,4,9738.51,2261.49,PRocesSING,"Задержка с доставкой, печалька...",02.05.2024,9354865533062316
2029957718449,2024-05-02 06:49:37,ИВан иВанОВ,+7(9304)39-12,2,ИГрУшКа МЯЧ,1,245.09,54.91,PRocEssING,"Задержка с доставкой, печалька...",02.05.2024,9354865533062316
2029957717146,2024-05-11 15:41:55,СЕРГЕЙ сИДОРОв,8(9451) 47-05,2,ИГРУшКа МяЧ,5,1492.12,7.88,cOmpLETEd,спасибо за заказ,2024-05-07,2325030214597991
2029957717146,2024-05-11 15:41:55,СЕРГЕЙ сИДОРОв,8(9451) 47-05,1,КОРм дЛЯ СОбак,4,1601.5,398.5,comPlEtEd,спасибо за заказ,2024-05-07,2325030214597991
2029957716438,05.05.2024 22:26,МИхАил ОрЛов,+7(9298)41-16,1,КОрМ дЛя сОБАк,1,440.01,59.99,PrOcessINg,спасибо за заказ,31.05.2024,0339852574938770
2029957716438,05.05.2024 22:26,МИхАил ОрЛов,+7(9298)41-16,3,аМУниЦИя Для СОбак,5,4904.75,1095.25,PrOCeSsing,спасибо за заказ,31.05.2024,0339852574938770
2029957715231,2024-05-11 16:53:04,мИхаИл ОРлОВ,+7(9297)96-14,1,корМ длЯ сОбак,3,1263.74,236.26,caNcEllED,Нужно уточнить сроки,25.05.2024,9444810256867018
2029957715231,2024-05-11 16:53:04,мИхаИл ОРлОВ,+7(9297)96-14,4,пОдПИСКа нА ГазЕТУ,4,2003.84,396.16,CanCEllED,Нужно уточнить сроки,25.05.2024,9444810256867018
2029957715231,2024-05-11 16:53:04,мИхаИл ОРлОВ,+7(9297)96-14,5,МолОкО,2,5780.02,219.98,CAncELLEd,Нужно уточнить сроки,25.05.2024,9444810256867018
2029957715231,2024-05-11 16:53:04,мИхаИл ОРлОВ,+7(9297)96-14,3,АмУНИЦИя ДлЯ сОбАК,1,1079.17,120.83,CaNcelleD,Нужно уточнить сроки,25.05.2024,9444810256867018
2029957714229,2024/05/26 17:50:54,дмитРиЙ КуЗНецОВ,8(9854) 48-59,5,МОлОко,4,10626.53,1373.47,cOmpLETeD,"Задержка с доставкой, печалька...",2024/05/07,5572517508546331
2029957714229,2024/05/26 17:50:54,дмитРиЙ КуЗНецОВ,8(9854) 48-59,4,ПОдпИска НА гАзЕТу,2,1056.54,143.46,COmpLeted,"Задержка с доставкой, печалька...",2024/05/07,5572517508546331
2029957713525,2024/05/03 08:57:55,нАталья ВАСИлЬЕВа,+7 9823 55 17,3,амунИцИЯ ДлЯ соБАК,2,2258.77,141.23,pROcESsINg,Ждём с нетерпением!,2024/05/08,9499749545374560
2029957713525,2024/05/03 08:57:55,нАталья ВАСИлЬЕВа,+7 9823 55 17,2,игРушКа МЯЧ,5,1392.63,107.37,prOCeSSing,Ждём с нетерпением!,2024/05/08,9499749545374560
2029957713525,2024/05/03 08:57:55,нАталья ВАСИлЬЕВа,+7 9823 55 17,4,ПоДпИска на гАзЕТу,3,1769.28,30.72,PROCeSSinG,Ждём с нетерпением!,2024/05/08,9499749545374560
2029957713525,2024/05/03 08:57:55,нАталья ВАСИлЬЕВа,+7 9823 55 17,2,иГрушКА Мяч,4,973.99,226.01,procEsSING,Ждём с нетерпением!,2024/05/08,9499749545374560
2029957713525,2024/05/03 08:57:55,нАталья ВАСИлЬЕВа,+7 9823 55 17,1,корМ ДЛя СоБаК,3,1431.57,68.43,ProCESsING,Ждём с нетерпением!,2024/05/08,9499749545374560
2029957712764,2024-05-06 20:27:16,нАТАлЬя ВаСильЕВа,8(9323) 34-70,5,мОлоКо,5,14481.42,518.58,caNcelLEd,Всё отлично!,2024-05-28,7307368097119724
2029957712764,2024-05-06 20:27:16,нАТАлЬя ВаСильЕВа,8(9323) 34-70,4,поДПисКа на гаЗЕТУ,5,2849.91,150.09,CaNCellEd,Всё отлично!,2024-05-28,7307368097119724
2029957712764,2024-05-06 20:27:16,нАТАлЬя ВаСильЕВа,8(9323) 34-70,3,АМунИцИЯ ДлЯ СоБАК,5,5759.46,240.54,cANCELlED,Всё отлично!,2024-05-28,7307368097119724
2029957711839,22.05.2024 01:36,СЕРГеЙ СИДОРОв,+7(9734)86-20,4,пОДпИсКа на газеТу,4,1928.24,471.76,CANcELled,Ждём с нетерпением!,15.05.2024,1460651055607453
2029957711839,22.05.2024 01:36,СЕРГеЙ СИДОРОв,+7(9734)86-20,3,АМУнИцИя ДлЯ СоБаК,5,5190.54,809.46,cANcElled,Ждём с нетерпением!,15.05.2024,1460651055607453
2029957711839,22.05.2024 01:36,СЕРГеЙ СИДОРОв,+7(9734)86-20,5,МОЛОко,2,5622.77,377.23,CAncelLed,Ждём с нетерпением!,15.05.2024,1460651055607453
2029957710724,2024/05/26 22:46:18,дМитРий кузНецОв,+7(9826)18-07,4,подПиСКа На гАЗету,4,1926.7,473.3,cOMPleteD,спасибо за заказ,2024/05/26,3280479545623332
2029957710724,2024/05/26 22:46:18,дМитРий кузНецОв,+7(9826)18-07,2,ИГруШКа МяЧ,5,1465.25,34.75,cOmPlEtED,спасибо за заказ,2024/05/26,3280479545623332
2029957710724,2024/05/26 22:46:18,дМитРий кузНецОв,+7(9826)18-07,2,иГруШкА мЯч,2,567.75,32.25,COmPLeted,спасибо за заказ,2024/05/26,3280479545623332
2029957709726,2024-05-08 11:36:08,сЕРгЕЙ сиДОРОв,8(9876) 76-99,2,иГРУШКА Мяч,1,290.69,9.31,prOcEssiNG,Всё отлично!,2024/05/26,1949437330431368
2029957708589,2024-05-26 13:51:59,Дмитрий кузНеЦОВ,+7(9570)82-37,5,МОЛоко,5,14482.05,517.95,ProCeSSinG,подарок вовремя,2024-05-18,9909966084933366
2029957707245,2024-05-12 14:24:05,АнНА смИРноВА,+7(9535)83-48,1,коРМ дЛя сОБАк,3,1263.28,236.72,cOMPlEted,Ждём с нетерпением!,2024/05/19,9326427647288075
2029957707245,2024-05-12 14:24:05,АнНА смИРноВА,+7(9535)83-48,3,АМУНицИЯ дЛЯ СОБак,3,3564.15,35.85,comPLETED,Ждём с нетерпением!,2024/05/19,9326427647288075
2029957707245,2024-05-12 14:24:05,АнНА смИРноВА,+7(9535)83-48,5,мОлОКО,4,9982.03,2017.97,cOMplETed,Ждём с нетерпением!,2024/05/19,9326427647288075
2029957707245,2024-05-12 14:24:05,АнНА смИРноВА,+7(9535)83-48,3,аМУниЦия дЛя собак,5,5889.92,110.08,complETed,Ждём с нетерпением!,2024/05/19,9326427647288075
2029957707245,2024-05-12 14:24:05,АнНА смИРноВА,+7(9535)83-48,2,иГрУШка МЯч,2,544.85,55.15,CoMpLeted,Ждём с нетерпением!,2024/05/19,9326427647288075
2029957706983,2024-05-25 06:16:39,дмиТриЙ КУзнЕцов,+7 9759 21 84,1,КОРМ дЛя СОБак,3,1206.0,294.0,COMpLeTEd,Всё отлично!,17.05.2024,5862611828806651
2029957705362,28.05.2024 11:26,МАРия пЕТрОВа,+7 9628 06 46,1,КоРм Для сОбак,1,461.4,38.6,CompLeted,подарок вовремя,2024-05-25,4535313432682739
2029957704485,04.05.2024 09:51,НатаЛьЯ вАСИЛЬЕвА,8(9617) 40-37,3,аМУНиЦия ДЛЯ Собак,1,1064.45,135.55,coMpLETeD,Всё отлично!,2024-05-24,3451913923145210
2029957704485,04.05.2024 09:51,НатаЛьЯ вАСИЛЬЕвА,8(9617) 40-37,2,иГРУШкА мяЧ,1,298.32,1.68,coMplEteD,Всё отлично!,2024-05-24,3451913923145210
2029957704485,04.05.2024 09:51,НатаЛьЯ вАСИЛЬЕвА,8(9617) 40-37,4,ПОДпиСКа на гАзеТу,5,2803.55,196.45,comPletED,Всё отлично!,2024-05-24,3451913923145210
2029957703912,10.05.2024 09:35,ДМитРИЙ кУЗнеЦоВ,+7(9785)03-14,1,КОРм дЛЯ СобАк,5,2413.84,86.16,COmpLeTeD,подарок вовремя,2024/05/17,3041597333973568
2029957702290,11.05.2024 06:23,МИхаиЛ оРЛОв,+7(9066)59-93,5,МолОКо,1,2556.64,443.36,proCESSiNG,"Задержка с доставкой, печалька...",07.05.2024,9673590670376602
2029957701510,2024-05-16 12:19:49,НаТалЬЯ ВАСилЬевА,+7 9492 95 78,5,МОлоко,1,2618.61,381.39,CoMpLEtED,Проверить наличие,2024-05-25,1699937784896379
2029957701510,2024-05-16 12:19:49,НаТалЬЯ ВАСилЬевА,+7 9492 95 78,3,амунИЦиЯ ДЛя собАк,1,1060.32,139.68,cOmPletEd,Проверить наличие,2024-05-25,1699937784896379
2029957701510,2024-05-16 12:19:49,НаТалЬЯ ВАСилЬевА,+7 9492 95 78,5,МолОкО,3,7864.89,1135.11,compLeted,Проверить наличие,2024-05-25,1699937784896379
2029957701510,2024-05-16 12:19:49,НаТалЬЯ ВАСилЬевА,+7 9492 95 78,4,ПоДПИска НА газЕТУ,1,492.76,107.24,CoMplEtEd,Проверить наличие,2024-05-25,1699937784896379
2029957701510,2024-05-16 12:19:49,НаТалЬЯ ВАСилЬевА,+7 9492 95 78,1,корМ Для СобаК,4,1938.23,61.77,ComPletEd,Проверить наличие,2024-05-25,1699937784896379
2029957700173,2024-05-07 06:55:45,нАТАлья васИЛЬЕвА,+7(9817)29-53,2,ИгРушкА мяч,2,558.68,41.32,pRoCESSiNG,Ждём с нетерпением!,2024/05/08,3389298059522422
2029957700173,2024-05-07 06:55:45,нАТАлья васИЛЬЕвА,+7(9817)29-53,4,ПОДПИСКа на гАзетУ,2,1102.0,98.0,pRoCessING,Ждём с нетерпением!,2024/05/08,3389298059522422
2029957700173,2024-05-07 06:55:45,нАТАлья васИЛЬЕвА,+7(9817)29-53,4,пОДписка нА газЕтУ,1,520.75,79.25,proCeSsinG,Ждём с нетерпением!,2024/05/08,3389298059522422
2029957699172,2024-05-26 00:30:59,дмитрИй куЗнЕЦоВ,+7 9843 99 33,5,МОлокО,4,10342.41,1657.59,compLETeD,Всё отлично!,2024-05-03,1942946063820354
2029957699172,2024-05-26 00:30:59,дмитрИй куЗнЕЦоВ,+7 9843 99 33,5,мОлоко,3,7940.41,1059.59,cOMplETed,Всё отлично!,2024-05-03,1942946063820354
2029957699172,2024-05-26 00:30:59,дмитрИй куЗнЕЦоВ,+7 9843 99 33,4,ПодпИска НА ГАзеТу,1,491.3,108.7,CoMpLetED,Всё отлично!,2024-05-03,1942946063820354
2029957698934,30.05.2024 04:51,НаТАЛЬЯ ВАСИЛьеВа,+7 9394 26 44,4,ПОДПИскА На гАзЕТУ,5,2473.84,526.16,CompLEteD,подарок вовремя,2024-05-24,3927781450654157
2029957698934,30.05.2024 04:51,НаТАЛЬЯ ВАСИЛьеВа,+7 9394 26 44,3,АМУНиЦиЯ для сОбАк,4,4755.86,44.14,comPLETED,подарок вовремя,2024-05-24,3927781450654157
2029957698934,30.05.2024 04:51,НаТАЛЬЯ ВАСИЛьеВа,+7 9394 26 44,5,мОЛоКО,1,2589.86,410.14,cOMPletEd,подарок вовремя,2024-05-24,3927781450654157
2029957698934,30.05.2024 04:51,НаТАЛЬЯ ВАСИЛьеВа,+7 9394 26 44,1,кОРМ ДЛя СОБаК,2,914.34,85.66,coMPLEtEd,подарок вовремя,2024-05-24,3927781450654157
2029957698934,30.05.2024 04:51,НаТАЛЬЯ ВАСИЛьеВа,+7 9394 26 44,3,АМУниЦИЯ для сОБак,2,2082.04,317.96,CoMpletEd,подарок вовремя,2024-05-24,3927781450654157
2029957697900,2024/05/25 21:45:04,нАТальЯ василЬевА,8(9808) 49-80,4,пОдПИСКА На газеТу,3,1634.1,165.9,CancElLED,Проверить наличие,26.05.2024,8790562632124918
2029957696795,27.05.2024 01:50,МАРИя пЕтроВа,+7 9838 66 02,2,иГРУШКА МЯЧ,3,823.54,76.46,CAncEllEd,"Задержка с доставкой, печалька...",2024-05-03,7195375440082395
2029957695127,30.05.2024 17:17,МихаИЛ ОРЛоВ,+7(9568)63-20,5,молОко,4,11498.65,501.35,CoMPLEtEd,Всё отлично!,2024-05-27,4705328274654671
2029957695127,30.05.2024 17:17,МихаИЛ ОРЛоВ,+7(9568)63-20,3,АмуНициЯ ДЛЯ соБаК,4,4368.65,431.35,coMpLEtEd,Всё отлично!,2024-05-27,4705328274654671
2029957695127,30.05.2024 17:17,МихаИЛ ОРЛоВ,+7(9568)63-20,1,коРМ длЯ СоБаК,5,2033.65,466.35,completed,Всё отлично!,2024-05-27,4705328274654671
2029957694842,2024/05/03 12:53:08,АННа сМирНОва,+7 9494 99 36,5,МОлоКо,3,8696.26,303.74,pRoCesSiNg,спасибо за заказ,2024/05/16,5091164471470460
2029957694842,2024/05/03 12:53:08,АННа сМирНОва,+7 9494 99 36,1,КОРм для СОБаК,3,1256.3,243.7,pROcEsSinG,спасибо за заказ,2024/05/16,5091164471470460
2029957694842,2024/05/03 12:53:08,АННа сМирНОва,+7 9494 99 36,5,МолОКо,2,4907.16,1092.84,PrOCeSsiNG,спасибо за заказ,2024/05/16,5091164471470460
2029957694842,2024/05/03 12:53:08,АННа сМирНОва,+7 9494 99 36,4,ПОДПИска нА гаЗету,5,2919.34,80.66,prOcesSiNG,спасибо за заказ,2024/05/16,5091164471470460
2029957694842,2024/05/03 12:53:08,АННа сМирНОва,+7 9494 99 36,3,амуНиЦия дЛЯ Собак,5,4919.15,1080.85,ProCEsSiNg,спасибо за заказ,2024/05/16,5091164471470460
2029957693422,2024/05/29 10:30:15,иВаН ИВАноВ,+7(9550)52-10,2,ИгРуШкА мяЧ,1,286.18,13.82,cancElLED,Проверить наличие,05.05.2024,2165250835109393
2029957693422,2024/05/29 10:30:15,иВаН ИВАноВ,+7(9550)52-10,1,кОрМ ДЛЯ СоБАк,5,2402.94,97.06,canceLLeD,Проверить наличие,05.05.2024,2165250835109393
2029957693422,2024/05/29 10:30:15,иВаН ИВАноВ,+7(9550)52-10,3,аМУНИЦия для собАК,4,4538.13,261.87,canCeLLeD,Проверить наличие,05.05.2024,2165250835109393
2029957693422,2024/05/29 10:30:15,иВаН ИВАноВ,+7(9550)52-10,5,мОЛОКО,4,11144.72,855.28,cANCeLLed,Проверить наличие,05.05.2024,2165250835109393
2029957693422,2024/05/29 10:30:15,иВаН ИВАноВ,+7(9550)52-10,4,ПОдПиска на газеТУ,1,495.09,104.91,caNCElLEd,Проверить наличие,05.05.2024,2165250835109393
2029957692171,2024-05-05 03:44:00,натАЛьЯ ВасИлЬеВа,+7 9340 36 21,3,аМУНиция для собАК,4,4103.16,696.84,cANcellEd,"Задержка с доставкой, печалька...",2024/05/27,7040185692359430
2029957692171,2024-05-05 03:44:00,натАЛьЯ ВасИлЬеВа,+7 9340 36 21,1,кОрМ ДЛя СОбАк,2,963.73,36.27,cANCELLed,"Задержка с доставкой, печалька...",2024/05/27,7040185692359430
2029957692171,2024-05-05 03:44:00,натАЛьЯ ВасИлЬеВа,+7 9340 36 21,4,ПоДпИСка На газЕту,4,2170.19,229.81,CANCELLEd,"Задержка с доставкой, печалька...",2024/05/27,7040185692359430
2029957692171,2024-05-05 03:44:00,натАЛьЯ ВасИлЬеВа,+7 9340 36 21,2,ИГРУШка мяЧ,1,275.59,24.41,cANCeLLED,"Задержка с доставкой, печалька...",2024/05/27,7040185692359430
2029957692171,2024-05-05 03:44:00,натАЛьЯ ВасИлЬеВа,+7 9340 36 21,2,иГРушка мяЧ,4,1109.36,90.64,canCelLed,"Задержка с доставкой, печалька...",2024/05/27,7040185692359430
2029957691305,2024/05/07 14:26:32,ольГА кУЗнЕцОВА,8(9512) 06-26,4,подПИСка нА гаЗЕтУ,4,2138.26,261.74,comPLeTEd,Нужно уточнить сроки,2024/05/25,9731623716403614
2029957691305,2024/05/07 14:26:32,ольГА кУЗнЕцОВА,8(9512) 06-26,4,ПОДпИСкА на газЕТу,4,2098.33,301.67,COMpLEtED,Нужно уточнить сроки,2024/05/25,9731623716403614
2029957690627,21.05.2024 23:15,серГеЙ сИДороВ,8(9575) 69-56,5,мОЛоко,3,7550.17,1449.83,CaNcELLEd,Нужно уточнить сроки,2024-05-16,8637678448423323
2029957690627,21.05.2024 23:15,серГеЙ сИДороВ,8(9575) 69-56,2,иГРУшкА мяЧ,5,1445.04,54.96,caNcelLED,Нужно уточнить сроки,2024-05-16,8637678448423323
2029957690627,21.05.2024 23:15,серГеЙ сИДороВ,8(9575) 69-56,5,моЛОКО,4,9837.2,2162.8,canCELLeD,Нужно уточнить сроки,2024-05-16,8637678448423323
2029957689668,2024-05-07 08:48:05,мАРиЯ пеТрОва,8(9739) 52-85,3,АМУНИЦИЯ дЛЯ СоБак,1,1071.1,128.9,canCelLED,"Задержка с доставкой, печалька...",2024/05/12,3912884766152484
2029957689668,2024-05-07 08:48:05,мАРиЯ пеТрОва,8(9739) 52-85,2,ИГРушкА МЯЧ,4,1042.77,157.23,CAncElleD,"Задержка с доставкой, печалька...",2024/05/12,3912884766152484
2029957689668,2024-05-07 08:48:05,мАРиЯ пеТрОва,8(9739) 52-85,1,коРм Для собак,3,1493.69,6.31,CanCelLEd,"Задержка с доставкой, печалька...",2024/05/12,3912884766152484
2029957688572,2024/05/07 20:00:25,ДМИтРиЙ кузНЕЦов,+7 9361 12 14,3,аМУницИЯ для СобАК,1,1043.59,156.41,PRocEsSiNg,Нужно уточнить сроки,10.05.2024,9931023070552111
2029957688572,2024/05/07 20:00:25,ДМИтРиЙ кузНЕЦов,+7 9361 12 14,1,корМ ДлЯ СобаК,1,438.53,61.47,procesSIng,Нужно уточнить сроки,10.05.2024,9931023070552111
2029957688572,2024/05/07 20:00:25,ДМИтРиЙ кузНЕЦов,+7 9361 12 14,4,ПодписКА на гаЗету,4,1993.26,406.74,PRocESSING,Нужно уточнить сроки,10.05.2024,9931023070552111
2029957687377,05.05.2024 02:29,серГеЙ сиДоРОв,+7(9711)04-50,1,Корм Для Собак,5,2124.72,375.28,cAncElled,"Задержка с доставкой, печалька...",2024-05-12,8162528636213525
2029957687377,05.05.2024 02:29,серГеЙ сиДоРОв,+7(9711)04-50,1,КОрм для СОБак,5,2113.79,386.21,CaNcElLEd,"Задержка с доставкой, печалька...",2024-05-12,8162528636213525
2029957687377,05.05.2024 02:29,серГеЙ сиДоРОв,+7(9711)04-50,5,мОлокО,1,2600.19,399.81,CaNCELLeD,"Задержка с доставкой, печалька...",2024-05-12,8162528636213525
2029957687377,05.05.2024 02:29,серГеЙ сиДоРОв,+7(9711)04-50,4,ПоДписка на ГАзЕтУ,4,2317.67,82.33,CANCelleD,"Задержка с доставкой, печалька...",2024-05-12,8162528636213525
2029957687377,05.05.2024 02:29,серГеЙ сиДоРОв,+7(9711)04-50,5,МОЛоКо,4,10642.59,1357.41,cANcelLeD,"Задержка с доставкой, печалька...",2024-05-12,8162528636213525
2029957686958,2024-05-31 14:07:08,ДМИТРиЙ кУЗнецоВ,+7(9781)14-18,4,пОдписка на газЕТУ,1,492.8,107.2,cAncELlEd,Проверить наличие,2024/05/05,7403793536432831
2029957686958,2024-05-31 14:07:08,ДМИТРиЙ кУЗнецоВ,+7(9781)14-18,4,ПоДПисКА НА газету,1,521.44,78.56,caNCEllEd,Проверить наличие,2024/05/05,7403793536432831
2029957686958,2024-05-31 14:07:08,ДМИТРиЙ кУЗнецоВ,+7(9781)14-18,1,КорМ ДЛя сОБаК,5,2380.37,119.63,cANCELLEd,Проверить наличие,2024/05/05,7403793536432831
2029957685893,2024-05-30 13:00:12,НАТаЛЬя васИЛьеВА,8(9904) 19-00,4,подпиСка на Газету,1,498.11,101.89,PrOCeSSInG,Нужно уточнить сроки,2024-05-23,1077011217880083
2029957685893,2024-05-30 13:00:12,НАТаЛЬя васИЛьеВА,8(9904) 19-00,3,аМУНицИЯ дЛя сОбАк,5,4800.02,1199.98,prOCEssing,Нужно уточнить сроки,2024-05-23,1077011217880083
2029957684508,2024-05-14 01:00:26,еленА ноВиКОвА,+7(9721)64-92,1,кОрМ Для Собак,3,1294.93,205.07,ProCeSSing,подарок вовремя,2024-05-03,2815672828462709
2029957683816,2024/05/17 23:13:44,ОлЬгА кУзнЕцОва,8(9319) 98-24,1,корМ ДлЯ СОБАк,2,933.73,66.27,PRoCeSSinG,спасибо за заказ,2024-05-18,6664467031557982
2029957683816,2024/05/17 23:13:44,ОлЬгА кУзнЕцОва,8(9319) 98-24,4,пОдПИсКа НА гаЗеТУ,2,988.0,212.0,proCESSiNg,спасибо за заказ,2024-05-18,6664467031557982
2029957682466,2024/05/04 15:13:01,миХАил ОРЛоВ,8(9232) 10-47,3,аМУНиЦИя ДЛЯ СОбаК,2,2222.33,177.67,procEsSING,Ждём с нетерпением!,2024/05/24,6860650791749304
2029957682466,2024/05/04 15:13:01,миХАил ОРЛоВ,8(9232) 10-47,4,поДписКа нА гаЗЕту,2,1001.91,198.09,PROCEssIng,Ждём с нетерпением!,2024/05/24,6860650791749304
2029957682466,2024/05/04 15:13:01,миХАил ОРЛоВ,8(9232) 10-47,1,КоРм дЛя СобАК,3,1298.03,201.97,PROCEssing,Ждём с нетерпением!,2024/05/24,6860650791749304
2029957681463,2024-05-15 00:15:39,ЕЛЕнА нОвикОвА,+7(9536)11-84,3,АмУНИцИЯ ДЛя Собак,2,2251.59,148.41,cOMPLetED,Всё отлично!,2024/05/26,1168462605818922
2029957681463,2024-05-15 00:15:39,ЕЛЕнА нОвикОвА,+7(9536)11-84,5,МолоКо,3,7968.57,1031.43,coMpleTeD,Всё отлично!,2024/05/26,1168462605818922
2029957681463,2024-05-15 00:15:39,ЕЛЕнА нОвикОвА,+7(9536)11-84,3,аМуНиЦИя ДлЯ СобАК,5,5154.17,845.83,completED,Всё отлично!,2024/05/26,1168462605818922
2029957680929,2024/05/23 16:46:52,МАриЯ пеТрОва,+7(9249)35-77,5,МОлОКО,2,4983.18,1016.82,coMPLeteD,Нужно уточнить сроки,2024-05-08,9505714331906836
2029957680929,2024/05/23 16:46:52,МАриЯ пеТрОва,+7(9249)35-77,1,корм ДЛя сОбАк,5,2056.47,443.53,compLETeD,Нужно уточнить сроки,2024-05-08,9505714331906836
2029957680929,2024/05/23 16:46:52,МАриЯ пеТрОва,+7(9249)35-77,2,игРУшкА мЯЧ,2,521.89,78.11,cOMpLeted,Нужно уточнить сроки,2024-05-08,9505714331906836
2029957679675,2024/05/07 14:53:45,сЕРгЕй сиДоРОВ,+7 9916 76 83,2,ИГРушКА Мяч,1,285.3,14.7,CANCelLEd,спасибо за заказ,2024/05/20,6484128137559626
2029957679675,2024/05/07 14:53:45,сЕРгЕй сиДоРОВ,+7 9916 76 83,2,иГРушКА МяЧ,3,834.56,65.44,CAncelleD,спасибо за заказ,2024/05/20,6484128137559626
2029957679675,2024/05/07 14:53:45,сЕРгЕй сиДоРОВ,+7 9916 76 83,2,иГРУШкА мяЧ,2,540.6,59.4,caNCELLED,спасибо за заказ,2024/05/20,6484128137559626
2029957678403,2024/05/03 01:47:56,НаТальЯ ВАсИлЬеВА,+7(9827)39-34,2,игруШкА МЯЧ,3,768.92,131.08,CAncelleD,Проверить наличие,10.05.2024,1476804821883539
2029957677413,2024-05-08 19:58:50,МИхАИл орлов,+7 9213 98 92,4,пОДПИскА нА гАЗЕТУ,1,508.68,91.32,ProCeSSinG,Всё отлично!,2024/05/02,5741725680354794
2029957677413,2024-05-08 19:58:50,МИхАИл орлов,+7 9213 98 92,2,ИГрУшКа мяч,5,1246.38,253.62,ProCeSSing,Всё отлично!,2024/05/02,5741725680354794
2029957677413,2024-05-08 19:58:50,МИхАИл орлов,+7 9213 98 92,1,кОрм длЯ сОБАК,2,959.98,40.02,prOceSSiNg,Всё отлично!,2024/05/02,5741725680354794
2029957677413,2024-05-08 19:58:50,МИхАИл орлов,+7 9213 98 92,5,МОЛоко,4,11952.53,47.47,pROCeSSING,Всё отлично!,2024/05/02,5741725680354794
2029957676691,2024/05/01 20:36:42,СеРгей СидОров,+7 9203 70 64,1,коРм длЯ соБаК,4,1685.24,314.76,cOmPLEtED,Нужно уточнить сроки,2024/05/13,2173699902501480
2029957676691,2024/05/01 20:36:42,СеРгей СидОров,+7 9203 70 64,3,амУниЦиЯ ДЛЯ СОБАк,5,5656.82,343.18,CompleTed,Нужно уточнить сроки,2024/05/13,2173699902501480
2029957676691,2024/05/01 20:36:42,СеРгей СидОров,+7 9203 70 64,1,кОрМ длЯ сОБак,3,1220.04,279.96,CoMpLETED,Нужно уточнить сроки,2024/05/13,2173699902501480
2029957676691,2024/05/01 20:36:42,СеРгей СидОров,+7 9203 70 64,3,АМуниЦИЯ ДлЯ СОбак,1,1009.87,190.13,coMpLETed,Нужно уточнить сроки,2024/05/13,2173699902501480
2029957676691,2024/05/01 20:36:42,СеРгей СидОров,+7 9203 70 64,3,АМУНИцИЯ длЯ СОбАК,4,4542.16,257.84,cOmpLEtEd,Нужно уточнить сроки,2024/05/13,2173699902501480
2029957675899,2024/05/03 02:48:03,алеКСеЙ МихАйЛоВ,+7(9541)37-89,3,АМуНиЦИя дЛЯ СОБАК,5,5226.0,774.0,coMPlEted,Нужно уточнить сроки,2024-05-23,4033618829221205
2029957675899,2024/05/03 02:48:03,алеКСеЙ МихАйЛоВ,+7(9541)37-89,2,ИГруШкА МЯч,2,540.84,59.16,ComPleTed,Нужно уточнить сроки,2024-05-23,4033618829221205
2029957675899,2024/05/03 02:48:03,алеКСеЙ МихАйЛоВ,+7(9541)37-89,2,иГрУшка МяЧ,5,1280.23,219.77,CoMpLEted,Нужно уточнить сроки,2024-05-23,4033618829221205
2029957674208,2024-05-24 23:11:48,ЕленА ноВИКОвА,+7 9874 52 03,4,ПОдПисКа На ГАзЕТу,3,1523.13,276.87,PRoCessINg,"Задержка с доставкой, печалька...",03.05.2024,0332031638889420
2029957674208,2024-05-24 23:11:48,ЕленА ноВИКОвА,+7 9874 52 03,5,молоКо,2,5480.79,519.21,prOcEssINg,"Задержка с доставкой, печалька...",03.05.2024,0332031638889420
2029957673592,13.05.2024 00:23,АННА смиРновА,8(9404) 45-47,4,ПодпИсКа На гАзЕту,1,509.66,90.34,cAncelled,Проверить наличие,07.05.2024,1583680194376809
2029957673592,13.05.2024 00:23,АННА смиРновА,8(9404) 45-47,4,ПОДПиСКа На гАЗЕтУ,1,526.15,73.85,CANcelLed,Проверить наличие,07.05.2024,1583680194376809
2029957673592,13.05.2024 00:23,АННА смиРновА,8(9404) 45-47,4,подпИсКА нА ГаЗеТУ,5,2526.33,473.67,canceLLeD,Проверить наличие,07.05.2024,1583680194376809
2029957673592,13.05.2024 00:23,АННА смиРновА,8(9404) 45-47,1,корм дЛя СОБАК,4,1813.28,186.72,cAncElled,Проверить наличие,07.05.2024,1583680194376809
2029957672535,2024/05/12 23:42:16,нАтАлЬЯ ВаСильеВА,+7 9318 80 58,2,игрУШкА мЯч,3,891.24,8.76,PrOCeSsing,Нужно уточнить сроки,01.05.2024,5548341503689072
2029957672535,2024/05/12 23:42:16,нАтАлЬЯ ВаСильеВА,+7 9318 80 58,4,ПОДписКа На гаЗетУ,1,556.63,43.37,pROCESSING,Нужно уточнить сроки,01.05.2024,5548341503689072
2029957672535,2024/05/12 23:42:16,нАтАлЬЯ ВаСильеВА,+7 9318 80 58,1,КоРм Для соБАК,2,838.19,161.81,ProceSsiNg,Нужно уточнить сроки,01.05.2024,5548341503689072
2029957671661,2024-05-15 09:39:25,МАрия ПеТроВА,+7(9954)04-75,5,моЛоКо,1,2938.37,61.63,CoMplEtEd,Ждём с нетерпением!,2024-05-27,0528467010598858
2029957671661,2024-05-15 09:39:25,МАрия ПеТроВА,+7(9954)04-75,2,игРуШКА МЯч,5,1241.27,258.73,cOMpLEtED,Ждём с нетерпением!,2024-05-27,0528467010598858
2029957670586,2024-05-05 03:44:30,иВан ивАНОВ,8(9342) 67-95,2,ИГРУшКа Мяч,3,759.81,140.19,PROcessiNg,подарок вовремя,17.05.2024,8689392458310855
2029957670586,2024-05-05 03:44:30,иВан ивАНОВ,8(9342) 67-95,1,КорМ ДЛЯ СоБак,4,1896.52,103.48,PRoCESsING,подарок вовремя,17.05.2024,8689392458310855
2029957670586,2024-05-05 03:44:30,иВан ивАНОВ,8(9342) 67-95,2,ИГРУШкА мЯЧ,2,521.82,78.18,prOcESsIng,подарок вовремя,17.05.2024,8689392458310855
2029957669955,2024-05-24 14:26:30,аНнА сМИРнОвА,8(9285) 88-69,5,МоЛоКО,4,10994.99,1005.01,CoMPlEteD,"Задержка с доставкой, печалька...",2024/05/26,6799712763043561
2029957669955,2024-05-24 14:26:30,аНнА сМИРнОвА,8(9285) 88-69,4,ПОдПисКА нА ГАзЕТу,1,539.33,60.67,cOmplETeD,"Задержка с доставкой, печалька...",2024/05/26,6799712763043561
2029957669955,2024-05-24 14:26:30,аНнА сМИРнОвА,8(9285) 88-69,4,ПодПИсКа НА гАЗету,3,1468.11,331.89,coMPLetEd,"Задержка с доставкой, печалька...",2024/05/26,6799712763043561
2029957669955,2024-05-24 14:26:30,аНнА сМИРнОвА,8(9285) 88-69,1,КОрМ для сОБаК,3,1318.79,181.21,CoMPlEted,"Задержка с доставкой, печалька...",2024/05/26,6799712763043561
2029957668552,2024/05/02 03:31:02,дМИТРИЙ КузнЕцОВ,+7 9762 41 87,5,молоко,4,11200.67,799.33,pRoCeSsiNG,"Задержка с доставкой, печалька...",2024-05-10,8320888656875392
2029957668552,2024/05/02 03:31:02,дМИТРИЙ КузнЕцОВ,+7 9762 41 87,5,молОко,4,11786.53,213.47,prOCEsSIng,"Задержка с доставкой, печалька...",2024-05-10,8320888656875392
2029957667410,12.05.2024 13:08,ДМитРИЙ КузнецоВ,8(9921) 11-81,3,амУниЦИя для СОбаК,1,1088.85,111.15,canceLlEd,подарок вовремя,17.05.2024,3742949241823736
2029957667410,12.05.2024 13:08,ДМитРИЙ КузнецоВ,8(9921) 11-81,5,МОлоКо,5,13323.97,1676.03,CaNCeLled,подарок вовремя,17.05.2024,3742949241823736
2029957667410,12.05.2024 13:08,ДМитРИЙ КузнецоВ,8(9921) 11-81,5,мОЛоКо,4,9713.49,2286.51,canCELlED,подарок вовремя,17.05.2024,3742949241823736
2029957667410,12.05.2024 13:08,ДМитРИЙ КузнецоВ,8(9921) 11-81,1,КОрм для собак,2,906.03,93.97,CanCeLlEd,подарок вовремя,17.05.2024,3742949241823736
2029957666745,10.05.2024 16:24,Анна смиРнОВА,+7(9403)99-85,5,МОлоко,2,5751.41,248.59,cAnCelled,подарок вовремя,16.05.2024,6748468758245130
2029957666745,10.05.2024 16:24,Анна смиРнОВА,+7(9403)99-85,2,иГРУШка МяЧ,1,296.41,3.59,CancElLeD,подарок вовремя,16.05.2024,6748468758245130
2029957666745,10.05.2024 16:24,Анна смиРнОВА,+7(9403)99-85,4,ПоДпИСКА НА ГАзетУ,4,2299.76,100.24,cAncElLeD,подарок вовремя,16.05.2024,6748468758245130
2029957666745,10.05.2024 16:24,Анна смиРнОВА,+7(9403)99-85,1,КОРМ ДЛЯ СобАК,2,957.0,43.0,cANCElLED,подарок вовремя,16.05.2024,6748468758245130
2029957666745,10.05.2024 16:24,Анна смиРнОВА,+7(9403)99-85,1,КорМ ДлЯ СОБАк,5,2328.46,171.54,CAnCelLeD,подарок вовремя,16.05.2024,6748468758245130
2029957665423,2024-05-16 17:31:48,АнНА СмИРНоВа,+7(9667)06-56,1,КорМ для сОБаК,5,2003.39,496.61,PRoceSsING,Всё отлично!,18.05.2024,8910934798235398
2029957665423,2024-05-16 17:31:48,АнНА СмИРНоВа,+7(9667)06-56,2,ИгРушКа МЯЧ,1,242.78,57.22,pRoCessiNg,Всё отлично!,18.05.2024,8910934798235398
2029957664904,2024/05/09 02:59:01,ДмИтРий КУЗнецОВ,+7(9421)23-63,4,ПОДпиСКА нА газеТУ,5,2736.45,263.55,PRoCessiNG,подарок вовремя,10.05.2024,9587131000251757
2029957663435,01.05.2024 00:16,ЕленА нОвикОва,8(9474) 71-03,4,ПОдПиСкА На ГАзеТУ,4,2001.17,398.83,PrOceSSIng,Нужно уточнить сроки,04.05.2024,4713145767653956
2029957663435,01.05.2024 00:16,ЕленА нОвикОва,8(9474) 71-03,1,кОрМ дЛЯ сОбАК,4,1734.2,265.8,proCEssing,Нужно уточнить сроки,04.05.2024,4713145767653956
2029957663435,01.05.2024 00:16,ЕленА нОвикОва,8(9474) 71-03,2,игРУШка МяЧ,2,541.88,58.12,proCesSIng,Нужно уточнить сроки,04.05.2024,4713145767653956
2029957663435,01.05.2024 00:16,ЕленА нОвикОва,8(9474) 71-03,5,МОлОкО,3,8676.49,323.51,PRocessiNG,Нужно уточнить сроки,04.05.2024,4713145767653956
2029957662985,2024/05/02 16:25:12,ЕлЕнА ноВИковА,+7 9173 87 55,2,ИгрУШКА мяч,4,1098.74,101.26,cAnCelLEd,Проверить наличие,2024-05-11,8833917098047320
2029957662985,2024/05/02 16:25:12,ЕлЕнА ноВИковА,+7 9173 87 55,5,моЛОко,2,5364.05,635.95,canCelLEd,Проверить наличие,2024-05-11,8833917098047320
2029957662985,2024/05/02 16:25:12,ЕлЕнА ноВИковА,+7 9173 87 55,5,МОЛОко,2,5192.71,807.29,caNcElled,Проверить наличие,2024-05-11,8833917098047320
2029957662985,2024/05/02 16:25:12,ЕлЕнА ноВИковА,+7 9173 87 55,3,амУнИциЯ дЛЯ сОБАК,4,4243.72,556.28,cANcELled,Проверить наличие,2024-05-11,8833917098047320
2029957662985,2024/05/02 16:25:12,ЕлЕнА ноВИковА,+7 9173 87 55,2,иГрУШка МЯч,1,287.54,12.46,CaNCElLEd,Проверить наличие,2024-05-11,8833917098047320
2029957661583,2024/05/30 18:25:07,ОЛьгА кУзНеЦОВа,+7 9678 33 28,1,КОрм дЛЯ собАк,3,1449.06,50.94,pRoCesSinG,Ждём с нетерпением!,2024/05/25,0023274926498669
2029957661583,2024/05/30 18:25:07,ОЛьгА кУзНеЦОВа,+7 9678 33 28,1,коРм ДлЯ СОбАК,1,443.45,56.55,pRoCessing,Ждём с нетерпением!,2024/05/25,0023274926498669
2029957660681,04.05.2024 07:59,дмИТРИЙ кУзнеЦоВ,+7(9297)10-88,3,АмУнИЦИя дЛЯ СОбак,2,2075.76,324.24,CaNcelLeD,Ждём с нетерпением!,23.05.2024,7136819333478856
2029957660681,04.05.2024 07:59,дмИТРИЙ кУзнеЦоВ,+7(9297)10-88,4,ПОДПискА НА ГАЗету,1,577.98,22.02,cANceLled,Ждём с нетерпением!,23.05.2024,7136819333478856
2029957660681,04.05.2024 07:59,дмИТРИЙ кУзнеЦоВ,+7(9297)10-88,5,молокО,4,10749.96,1250.04,CAnceLLeD,Ждём с нетерпением!,23.05.2024,7136819333478856
2029957660681,04.05.2024 07:59,дмИТРИЙ кУзнеЦоВ,+7(9297)10-88,4,поДпИСКа НА ГАЗЕТу,4,2284.22,115.78,CaNCEllEd,Ждём с нетерпением!,23.05.2024,7136819333478856
2029957660681,04.05.2024 07:59,дмИТРИЙ кУзнеЦоВ,+7(9297)10-88,1,коРМ для СОбАк,4,1789.9,210.1,canCELLEd,Ждём с нетерпением!,23.05.2024,7136819333478856
2029957659504,2024-05-06 17:40:12,еЛЕна НОвИкОва,+7(9496)58-23,4,ПодПиСкА НА газЕту,1,497.65,102.35,CoMpLEted,"Задержка с доставкой, печалька...",2024-05-08,3210614731009932
2029957659504,2024-05-06 17:40:12,еЛЕна НОвИкОва,+7(9496)58-23,2,ИГрУшка МЯч,2,482.74,117.26,COmPletED,"Задержка с доставкой, печалька...",2024-05-08,3210614731009932
2029957659504,2024-05-06 17:40:12,еЛЕна НОвИкОва,+7(9496)58-23,2,иГруШКа МЯЧ,3,739.15,160.85,COmPleted,"Задержка с доставкой, печалька...",2024-05-08,3210614731009932
2029957658481,2024/05/11 23:12:20,оЛЬГа КУЗнецова,+7(9019)92-70,5,Молоко,4,9965.02,2034.98,COMpLeTed,Проверить наличие,2024/05/29,8269626108038534
2029957657274,20.05.2024 22:39,иван ИВаНОв,+7(9653)75-79,5,молОкО,2,5827.15,172.85,caNceLlED,"Задержка с доставкой, печалька...",2024/05/16,2964630386854668
2029957657274,20.05.2024 22:39,иван ИВаНОв,+7(9653)75-79,1,КоРМ для СоБак,4,1639.96,360.04,canCELLed,"Задержка с доставкой, печалька...",2024/05/16,2964630386854668
2029957657274,20.05.2024 22:39,иван ИВаНОв,+7(9653)75-79,4,пОдписКа нА газЕТУ,3,1502.55,297.45,cAnCElleD,"Задержка с доставкой, печалька...",2024/05/16,2964630386854668
2029957657274,20.05.2024 22:39,иван ИВаНОв,+7(9653)75-79,2,ИгРУшкА МЯЧ,1,295.22,4.78,CANcellEd,"Задержка с доставкой, печалька...",2024/05/16,2964630386854668
2029957657274,20.05.2024 22:39,иван ИВаНОв,+7(9653)75-79,5,молоКо,5,12742.55,2257.45,caNCELlEd,"Задержка с доставкой, печалька...",2024/05/16,2964630386854668
2029957656640,28.05.2024 19:19,ИВаН ИвАнОВ,8(9149) 26-62,4,поДпИСКа нА ГазЕту,5,2633.22,366.78,CANceLlED,Всё отлично!,2024-05-20,1289379351447791
2029957656640,28.05.2024 19:19,ИВаН ИвАнОВ,8(9149) 26-62,2,иГРушКА мЯч,3,894.58,5.42,caNcElled,Всё отлично!,2024-05-20,1289379351447791
2029957656640,28.05.2024 19:19,ИВаН ИвАнОВ,8(9149) 26-62,3,амуНИцИя дЛя сОбак,1,1071.05,128.95,cANCeLLeD,Всё отлично!,2024-05-20,1289379351447791
2029957655637,2024-05-21 04:54:19,мИХаиЛ ОрЛоВ,+7 9603 83 79,4,пОдПиСКА На ГаЗЕТу,5,2937.92,62.08,CANceLled,Всё отлично!,2024/05/27,8267358096725169
2029957655637,2024-05-21 04:54:19,мИХаиЛ ОрЛоВ,+7 9603 83 79,2,ИгРУШКА мяЧ,1,278.88,21.12,CanceLLeD,Всё отлично!,2024/05/27,8267358096725169
2029957655637,2024-05-21 04:54:19,мИХаиЛ ОрЛоВ,+7 9603 83 79,4,поДПИСКа на газЕТу,5,2946.31,53.69,CAnCelleD,Всё отлично!,2024/05/27,8267358096725169
2029957654622,2024/05/16 23:23:19,натаЛЬя вАСиЛЬЕВа,8(9514) 19-72,5,МоЛоКО,4,9984.14,2015.86,CAncElLed,спасибо за заказ,2024/05/23,3353893050241881
2029957654622,2024/05/16 23:23:19,натаЛЬя вАСиЛЬЕВа,8(9514) 19-72,3,АМуниЦиЯ для сОБак,2,2022.24,377.76,CanCeLlED,спасибо за заказ,2024/05/23,3353893050241881
2029957654622,2024/05/16 23:23:19,натаЛЬя вАСиЛЬЕВа,8(9514) 19-72,4,ПОдпИскА НА ГазеТу,5,2675.81,324.19,CancElLeD,спасибо за заказ,2024/05/23,3353893050241881
2029957653478,18.05.2024 20:08,мИхАИл оРЛОв,+7 9580 86 51,5,молоКо,5,13067.1,1932.9,CoMPlEtEd,Нужно уточнить сроки,29.05.2024,1200285039980033
2029957653478,18.05.2024 20:08,мИхАИл оРЛОв,+7 9580 86 51,2,ИгруШка МЯч,4,1005.39,194.61,compLeTEd,Нужно уточнить сроки,29.05.2024,1200285039980033
2029957653478,18.05.2024 20:08,мИхАИл оРЛОв,+7 9580 86 51,1,корм ДЛя соБАк,1,436.34,63.66,cOMPlEtEd,Нужно уточнить сроки,29.05.2024,1200285039980033
2029957652224,2024/05/01 06:06:04,ДМиТРий Кузнецов,8(9566) 76-12,3,АМУниция дЛЯ сОБаК,2,2083.34,316.66,COMPlEtEd,Всё отлично!,2024/05/06,5842471378865892
2029957652224,2024/05/01 06:06:04,ДМиТРий Кузнецов,8(9566) 76-12,4,ПоДПиска На гаЗетУ,4,2289.59,110.41,COMPLEted,Всё отлично!,2024/05/06,5842471378865892
2029957652224,2024/05/01 06:06:04,ДМиТРий Кузнецов,8(9566) 76-12,3,аМунИЦИя ДлЯ сОБаК,5,5341.56,658.44,COMpLEtED,Всё отлично!,2024/05/06,5842471378865892
2029957652224,2024/05/01 06:06:04,ДМиТРий Кузнецов,8(9566) 76-12,2,иГрУшКА мяч,5,1461.84,38.16,CompLETED,Всё отлично!,2024/05/06,5842471378865892
2029957651818,29.05.2024 00:22,иВАН ивАнОВ,+7 9935 11 99,2,игРУшка мЯЧ,5,1222.31,277.69,cANCELLEd,"Задержка с доставкой, печалька...",2024/05/29,7249405902939132
2029957651818,29.05.2024 00:22,иВАН ивАнОВ,+7 9935 11 99,1,кОрМ дЛЯ СобАк,2,898.34,101.66,cancellEd,"Задержка с доставкой, печалька...",2024/05/29,7249405902939132
2029957650119,2024-05-18 19:02:14,дмИТрий КУзНецов,+7 9514 55 92,4,ПОДПИСка на гАЗеТу,2,990.67,209.33,proCEsSIng,Всё отлично!,2024-05-30,8484403012094230
2029957650119,2024-05-18 19:02:14,дмИТрий КУзНецов,+7 9514 55 92,1,КорМ ДЛЯ СобаК,1,424.71,75.29,PRocessing,Всё отлично!,2024-05-30,8484403012094230
2029957650119,2024-05-18 19:02:14,дмИТрий КУзНецов,+7 9514 55 92,5,молоКо,4,10445.96,1554.04,PRocEssING,Всё отлично!,2024-05-30,8484403012094230
2029957650119,2024-05-18 19:02:14,дмИТрий КУзНецов,+7 9514 55 92,1,коРМ ДлЯ соБаК,4,1752.93,247.07,procESsinG,Всё отлично!,2024-05-30,8484403012094230
2029957649484,2024-05-26 21:52:00,ивАН ИваноВ,+7 9642 31 08,2,ИГрУШКА МЯЧ,5,1332.11,167.89,cOmPLeted,подарок вовремя,10.05.2024,7828684105067610
2029957649484,2024-05-26 21:52:00,ивАН ИваноВ,+7 9642 31 08,3,АмунИцИЯ дЛЯ сОбаК,4,4265.31,534.69,COMplETEd,подарок вовремя,10.05.2024,7828684105067610
2029957648460,14.05.2024 08:35,НаТАЛьЯ вАСилЬЕва,+7(9575)33-58,2,игруШКа МЯЧ,1,252.0,48.0,pROcESsING,Ждём с нетерпением!,20.05.2024,5564138593462221
2029957647965,01.05.2024 12:14,елЕнА НоВИКОвА,+7 9029 06 10,1,Корм длЯ сОбАк,5,2143.23,356.77,COmPLeTed,Нужно уточнить сроки,2024-05-10,1842074191616032
2029957647965,01.05.2024 12:14,елЕнА НоВИКОвА,+7 9029 06 10,1,корМ для сОбак,5,2227.76,272.24,COmPLEteD,Нужно уточнить сроки,2024-05-10,1842074191616032
2029957646351,2024-05-10 19:41:34,сеРгей сИДОрОВ,+7(9469)51-82,5,мОЛОко,3,7712.69,1287.31,pROCeSsINg,подарок вовремя,13.05.2024,4126899433318432
2029957646351,2024-05-10 19:41:34,сеРгей сИДОрОВ,+7(9469)51-82,5,мОлОкО,1,2540.18,459.82,pROcEssinG,подарок вовремя,13.05.2024,4126899433318432
2029957645793,2024-05-19 03:57:10,МИхАиЛ орлОВ,+7 9222 03 71,4,поДПИСКа На ГазЕтУ,4,2171.98,228.02,ComPleted,"Задержка с доставкой, печалька...",04.05.2024,5871681175460531
2029957645793,2024-05-19 03:57:10,МИхАиЛ орлОВ,+7 9222 03 71,4,подПисКА нА газЕтУ,2,1068.92,131.08,COMPLeTeD,"Задержка с доставкой, печалька...",04.05.2024,5871681175460531
2029957645793,2024-05-19 03:57:10,МИхАиЛ орлОВ,+7 9222 03 71,4,пОДПисКА НА газЕТУ,1,552.12,47.88,cOmpLETeD,"Задержка с доставкой, печалька...",04.05.2024,5871681175460531
2029957645793,2024-05-19 03:57:10,МИхАиЛ орлОВ,+7 9222 03 71,5,моЛоКо,1,2540.23,459.77,cOMPLETEd,"Задержка с доставкой, печалька...",04.05.2024,5871681175460531
2029957645793,2024-05-19 03:57:10,МИхАиЛ орлОВ,+7 9222 03 71,5,МОлОКо,3,7281.21,1718.79,coMPLEteD,"Задержка с доставкой, печалька...",04.05.2024,5871681175460531
2029957644428,25.05.2024 22:20,СЕргей сиДоРоВ,8(9259) 84-17,3,АМуницИЯ Для соБАК,2,1927.37,472.63,CoMPleTed,спасибо за заказ,2024/05/14,1266816289469347
2029957644428,25.05.2024 22:20,СЕргей сиДоРоВ,8(9259) 84-17,5,МОЛОко,1,2715.29,284.71,COmpLeTEd,спасибо за заказ,2024/05/14,1266816289469347
2029957644428,25.05.2024 22:20,СЕргей сиДоРоВ,8(9259) 84-17,5,МОЛоКО,2,5981.57,18.43,COmpleted,спасибо за заказ,2024/05/14,1266816289469347
2029957643261,2024-05-29 13:38:11,дМИтРИй КуЗНЕцОВ,8(9514) 78-11,5,МолОКО,3,7368.75,1631.25,proCessiNg,"Задержка с доставкой, печалька...",2024-05-21,5270770239002443
2029957643261,2024-05-29 13:38:11,дМИтРИй КуЗНЕцОВ,8(9514) 78-11,2,ИГРУшкА Мяч,5,1323.83,176.17,procesSInG,"Задержка с доставкой, печалька...",2024-05-21,5270770239002443
2029957642207,19.05.2024 15:27,СергЕЙ СИДоРОВ,8(9863) 90-61,4,ПодпИСКа На ГАзЕТу,1,575.1,24.9,processing,Всё отлично!,2024/05/28,8820581529164260
2029957641735,2024/05/22 13:15:27,мИХАИл ОрлОВ,+7(9098)35-83,5,МОЛОКО,3,7339.7,1660.3,COMpleTeD,спасибо за заказ,11.05.2024,2938816693998826
2029957641735,2024/05/22 13:15:27,мИХАИл ОрлОВ,+7(9098)35-83,5,молокО,3,8134.56,865.44,ComPLeTEd,спасибо за заказ,11.05.2024,2938816693998826
2029957641735,2024/05/22 13:15:27,мИХАИл ОрлОВ,+7(9098)35-83,2,ИгРуШкА мЯЧ,5,1371.17,128.83,ComplEtED,спасибо за заказ,11.05.2024,2938816693998826
2029957640700,2024-05-08 08:46:17,аЛеКСЕй МИхаЙЛОв,+7(9246)97-73,3,АмУнИцИя дЛЯ собАк,1,1191.86,8.14,comPlEtED,подарок вовремя,24.05.2024,1586730361375836
2029957640700,2024-05-08 08:46:17,аЛеКСЕй МИхаЙЛОв,+7(9246)97-73,5,МОлоко,2,5991.73,8.27,cOMpLeTED,подарок вовремя,24.05.2024,1586730361375836
2029957640700,2024-05-08 08:46:17,аЛеКСЕй МИхаЙЛОв,+7(9246)97-73,5,мОлОко,4,10619.6,1380.4,cOmpLetEd,подарок вовремя,24.05.2024,1586730361375836
2029957640700,2024-05-08 08:46:17,аЛеКСЕй МИхаЙЛОв,+7(9246)97-73,2,иГрушка МЯч,5,1224.5,275.5,COmpLeTed,подарок вовремя,24.05.2024,1586730361375836
2029957639533,2024/05/29 07:34:53,серГЕй сиДоРов,+7(9274)83-35,2,ИгРУшкА МяЧ,2,566.93,33.07,coMPleted,Проверить наличие,09.05.2024,4218204734807762
2029957638253,2024-05-23 10:40:02,мария пЕтРоВа,8(9263) 15-79,4,ПоДпИскА НА ГАЗЕтУ,5,2698.2,301.8,canCelLeD,подарок вовремя,2024-05-11,8035598399179519
2029957638253,2024-05-23 10:40:02,мария пЕтРоВа,8(9263) 15-79,5,МоЛоко,2,5947.78,52.22,cAnCElled,подарок вовремя,2024-05-11,8035598399179519
2029957638253,2024-05-23 10:40:02,мария пЕтРоВа,8(9263) 15-79,2,иГРуШКА МяЧ,5,1498.34,1.66,caNCELled,подарок вовремя,2024-05-11,8035598399179519
2029957637137,15.05.2024 01:43,дмИтриЙ КузНЕцОв,8(9675) 19-80,1,КоРм ДЛя СоБак,1,479.53,20.47,caNCelLED,Ждём с нетерпением!,14.05.2024,0330605655935007
2029957636318,2024-05-11 08:46:42,олЬГа КуЗНЕцОВА,8(9234) 04-12,4,ПодпискА НА газетУ,5,2959.33,40.67,pRoCesSInG,Всё отлично!,29.05.2024,4367790987072022
2029957636318,2024-05-11 08:46:42,олЬГа КуЗНЕцОВА,8(9234) 04-12,1,кОрм Для соБак,4,1606.18,393.82,ProCeSSING,Всё отлично!,29.05.2024,4367790987072022
2029957636318,2024-05-11 08:46:42,олЬГа КуЗНЕцОВА,8(9234) 04-12,2,иГрушкА Мяч,4,976.1,223.9,prOcEssing,Всё отлично!,29.05.2024,4367790987072022
2029957635111,2024-05-26 11:53:00,ДмитРиЙ КузнЕцОВ,+7(9009)66-47,1,кОРм Для СобаК,4,1998.33,1.67,PRoCesSIng,Всё отлично!,2024-05-01,0462376704764883
2029957634970,2024-05-24 10:06:13,мАрия ПеТРОВА,+7 9154 39 96,1,кОРМ ДЛЯ сОБаК,2,804.88,195.12,coMPleTed,Нужно уточнить сроки,2024-05-27,6849106994945785
2029957634970,2024-05-24 10:06:13,мАрия ПеТРОВА,+7 9154 39 96,1,КОрм ДЛя СОБаК,2,819.39,180.61,ComPleTeD,Нужно уточнить сроки,2024-05-27,6849106994945785
2029957634970,2024-05-24 10:06:13,мАрия ПеТРОВА,+7 9154 39 96,3,АМУниция ДЛЯ собаК,3,3250.02,349.98,coMPLEted,Нужно уточнить сроки,2024-05-27,6849106994945785
2029957634970,2024-05-24 10:06:13,мАрия ПеТРОВА,+7 9154 39 96,2,игруШкА мяч,4,1037.99,162.01,coMpLETed,Нужно уточнить сроки,2024-05-27,6849106994945785
2029957634970,2024-05-24 10:06:13,мАрия ПеТРОВА,+7 9154 39 96,3,АМУНиция ДЛЯ соБак,1,1042.66,157.34,coMPlEted,Нужно уточнить сроки,2024-05-27,6849106994945785
2029957633939,2024-05-30 05:17:26,еЛенА нОвиКОвА,+7(9339)62-28,2,игрУШКа мЯЧ,3,733.4,166.6,cOmPLeTEd,"Задержка с доставкой, печалька...",17.05.2024,8354415578768425
2029957633939,2024-05-30 05:17:26,еЛенА нОвиКОвА,+7(9339)62-28,4,ПодпИскА На ГАЗЕтУ,1,527.59,72.41,cOMPLEteD,"Задержка с доставкой, печалька...",17.05.2024,8354415578768425
2029957633939,2024-05-30 05:17:26,еЛенА нОвиКОвА,+7(9339)62-28,2,игруШкА Мяч,4,1041.79,158.21,CoMPleTed,"Задержка с доставкой, печалька...",17.05.2024,8354415578768425
2029957633939,2024-05-30 05:17:26,еЛенА нОвиКОвА,+7(9339)62-28,2,иГрУШКа Мяч,5,1253.44,246.56,CoMpleted,"Задержка с доставкой, печалька...",17.05.2024,8354415578768425
2029957633939,2024-05-30 05:17:26,еЛенА нОвиКОвА,+7(9339)62-28,5,мОЛОКО,3,8312.19,687.81,compleTEd,"Задержка с доставкой, печалька...",17.05.2024,8354415578768425
2029957632753,20.05.2024 20:51,МиХАИл ОРЛоВ,8(9170) 04-68,4,подПиСКа нА ГазеТу,4,1973.1,426.9,canceLLED,"Задержка с доставкой, печалька...",2024/05/11,0585549110771525
2029957632753,20.05.2024 20:51,МиХАИл ОРЛоВ,8(9170) 04-68,1,Корм длЯ СОбАк,4,1631.93,368.07,CancEllED,"Задержка с доставкой, печалька...",2024/05/11,0585549110771525
2029957632753,20.05.2024 20:51,МиХАИл ОРЛоВ,8(9170) 04-68,1,корМ ДЛя СОБаК,2,883.92,116.08,CAnCelLeD,"Задержка с доставкой, печалька...",2024/05/11,0585549110771525
2029957887655,2024-05-31 03:44:05,АЛЕКсеЙ мИхаЙЛОВ,+7 9036 12 80,2,ИГРУшка МЯЧ,5,1470.43,29.57,cOmpletEd,спасибо за заказ,02.05.2024,2252313688020837
2029957887655,2024-05-31 03:44:05,АЛЕКсеЙ мИхаЙЛОВ,+7 9036 12 80,2,ИГРушкА мЯЧ,5,1256.06,243.94,ComPleTEd,спасибо за заказ,02.05.2024,2252313688020837
2029957886563,11.05.2024 15:04,АЛЕКсеЙ мИхайлоВ,+7(9519)46-14,1,КоРМ Для Собак,1,439.47,60.53,COmPleteD,подарок вовремя,2024-05-04,7368613174197944
2029957886563,11.05.2024 15:04,АЛЕКсеЙ мИхайлоВ,+7(9519)46-14,1,кОрМ ДЛя СОБак,2,994.41,5.59,cOmPleTeD,подарок вовремя,2024-05-04,7368613174197944
2029957886563,11.05.2024 15:04,АЛЕКсеЙ мИхайлоВ,+7(9519)46-14,1,коРМ для СоБаК,5,2156.17,343.83,cOMplEtEd,подарок вовремя,2024-05-04,7368613174197944
2029957886563,11.05.2024 15:04,АЛЕКсеЙ мИхайлоВ,+7(9519)46-14,5,мОЛОКо,2,5644.75,355.25,cOmpLetED,подарок вовремя,2024-05-04,7368613174197944
2029957885750,07.05.2024 18:27,мИхАил орЛОВ,8(9799) 75-44,2,ИГрушКа МяЧ,2,566.76,33.24,PROcessinG,Проверить наличие,21.05.2024,6922765620337699
2029957885750,07.05.2024 18:27,мИхАил орЛОВ,8(9799) 75-44,1,КоРм дЛя СоБаК,2,831.93,168.07,PRoCEssING,Проверить наличие,21.05.2024,6922765620337699
2029957885750,07.05.2024 18:27,мИхАил орЛОВ,8(9799) 75-44,3,АмУнИЦия для сОбак,3,3560.04,39.96,ProcesSinG,Проверить наличие,21.05.2024,6922765620337699
2029957885750,07.05.2024 18:27,мИхАил орЛОВ,8(9799) 75-44,1,КорМ Для собаК,3,1290.98,209.02,pRocEssInG,Проверить наличие,21.05.2024,6922765620337699
2029957885750,07.05.2024 18:27,мИхАил орЛОВ,8(9799) 75-44,2,ИГРушКа МяЧ,1,252.85,47.15,PrOcessinG,Проверить наличие,21.05.2024,6922765620337699
2029957884700,20.05.2024 16:41,аНнА смИрнОВа,8(9817) 37-67,3,АМУнИцИя Для СОБаК,2,1963.68,436.32,proCESsiNG,Всё отлично!,2024/05/17,3753612927402753
2029957884700,20.05.2024 16:41,аНнА смИрнОВа,8(9817) 37-67,3,амУниция для СОбак,2,2269.08,130.92,pROceSsING,Всё отлично!,2024/05/17,3753612927402753
2029957884700,20.05.2024 16:41,аНнА смИрнОВа,8(9817) 37-67,4,поДПискА на ГазЕту,4,2269.5,130.5,PrOCEssinG,Всё отлично!,2024/05/17,3753612927402753
2029957884700,20.05.2024 16:41,аНнА смИрнОВа,8(9817) 37-67,3,АмУнициЯ ДлЯ СОбАК,1,1108.12,91.88,PrOceSsING,Всё отлично!,2024/05/17,3753612927402753
2029957884700,20.05.2024 16:41,аНнА смИрнОВа,8(9817) 37-67,4,поДПиска нА гАЗЕтУ,2,1066.52,133.48,prOcEssING,Всё отлично!,2024/05/17,3753612927402753
2029957883620,2024-05-13 08:11:32,МиХАиЛ ОРлоВ,8(9951) 43-32,3,амуниЦия для собАК,3,3065.88,534.12,ProCeSsING,Ждём с нетерпением!,10.05.2024,5136920357820982
2029957883620,2024-05-13 08:11:32,МиХАиЛ ОРлоВ,8(9951) 43-32,3,амУНИЦИя ДЛЯ сОбаК,2,2236.12,163.88,PrOCESSiNg,Ждём с нетерпением!,10.05.2024,5136920357820982
2029957882149,01.05.2024 06:41,МАрИЯ ПетРОвА,+7(9791)33-49,5,Молоко,3,8735.16,264.84,cAncelLed,Нужно уточнить сроки,23.05.2024,1337551755008497
2029957881440,2024/05/18 05:34:07,серГеЙ СиДоРОВ,8(9208) 51-40,4,пОдПИСКА нА гАЗЕТУ,4,2136.94,263.06,cAnCellEd,спасибо за заказ,2024-05-10,1478591229652065
2029957881440,2024/05/18 05:34:07,серГеЙ СиДоРОВ,8(9208) 51-40,5,МОлоКО,3,8863.42,136.58,caNCELLED,спасибо за заказ,2024-05-10,1478591229652065
2029957880705,2024/05/15 21:51:28,ЕЛЕНА НОвИКоВА,+7 9537 37 86,1,КОРМ ДЛЯ СОБАК,1,450.23,49.77,CoMpLetED,Проверить наличие,30.05.2024,9843913659185645
2029957880705,2024/05/15 21:51:28,ЕЛЕНА НОвИКоВА,+7 9537 37 86,4,ПОДПИСка нА газЕту,5,2403.81,596.19,compLeTED,Проверить наличие,30.05.2024,9843913659185645
2029957880705,2024/05/15 21:51:28,ЕЛЕНА НОвИКоВА,+7 9537 37 86,4,пОдПиСКА на гАЗеТу,5,2731.97,268.03,cOMPLETeD,Проверить наличие,30.05.2024,9843913659185645
2029957880705,2024/05/15 21:51:28,ЕЛЕНА НОвИКоВА,+7 9537 37 86,2,ИГрУШка МЯЧ,3,887.66,12.34,compLeTED,Проверить наличие,30.05.2024,9843913659185645
2029957880705,2024/05/15 21:51:28,ЕЛЕНА НОвИКоВА,+7 9537 37 86,2,игрушкА МЯч,1,274.0,26.0,COmpLetEd,Проверить наличие,30.05.2024,9843913659185645
2029957879357,2024/05/03 05:52:03,сЕРгЕй сИДоРов,+7(9650)75-47,3,аМуНицИя ДлЯ СОБаК,4,4787.44,12.56,COmPLeTed,подарок вовремя,2024-05-26,3668770706534058
2029957879357,2024/05/03 05:52:03,сЕРгЕй сИДоРов,+7(9650)75-47,3,аМУНИЦИя Для СоБАк,4,4741.35,58.65,COmpleTEd,подарок вовремя,2024-05-26,3668770706534058
2029957879357,2024/05/03 05:52:03,сЕРгЕй сИДоРов,+7(9650)75-47,1,кОрМ Для соБАК,4,1686.71,313.29,comPlEtED,подарок вовремя,2024-05-26,3668770706534058
2029957879357,2024/05/03 05:52:03,сЕРгЕй сИДоРов,+7(9650)75-47,4,пОдписКА НА газЕтУ,1,480.67,119.33,cOMPLETeD,подарок вовремя,2024-05-26,3668770706534058
2029957878273,2024/05/12 21:43:38,ЕЛеНа НОвИкоВа,+7(9149)29-64,2,иГРуШКА МЯЧ,4,1100.08,99.92,COmplEtEd,спасибо за заказ,2024/05/31,5795799792769619
2029957878273,2024/05/12 21:43:38,ЕЛеНа НОвИкоВа,+7(9149)29-64,4,пОДПисКА На ГАзЕТУ,5,2760.14,239.86,coMpLeted,спасибо за заказ,2024/05/31,5795799792769619
2029957878273,2024/05/12 21:43:38,ЕЛеНа НОвИкоВа,+7(9149)29-64,3,АмУниЦиЯ ДЛя СОБАК,4,3850.61,949.39,CoMPLetEd,спасибо за заказ,2024/05/31,5795799792769619
2029957877268,22.05.2024 23:08,мАРия пЕТРоВа,+7 9948 64 79,1,Корм ДлЯ собАК,2,863.81,136.19,cOMpleTeD,Ждём с нетерпением!,2024/05/05,6559412337311024
2029957876225,2024-05-23 11:26:22,еЛенА новИкоВа,8(9962) 82-43,1,КоРм ДлЯ СобАК,4,1877.16,122.84,ProcESsinG,"Задержка с доставкой, печалька...",04.05.2024,1505269139758980
2029957875960,2024-05-18 04:06:26,ДМИтриЙ КУЗнеЦоВ,8(9317) 22-55,2,ИГРуШка мЯЧ,4,1192.67,7.33,PrOCEsSinG,Нужно уточнить сроки,2024-05-23,4428781241327118
2029957875960,2024-05-18 04:06:26,ДМИтриЙ КУЗнеЦоВ,8(9317) 22-55,3,аМуНИцИя ДЛя собак,4,4584.72,215.28,prOCesSINg,Нужно уточнить сроки,2024-05-23,4428781241327118
2029957874478,16.05.2024 22:45,ЕлЕНа нОВИКова,+7 9798 53 73,4,пОДпИсКА На ГаЗеТУ,5,2406.82,593.18,ProcEsSIng,Проверить наличие,27.05.2024,0709525900328682
2029957874478,16.05.2024 22:45,ЕлЕНа нОВИКова,+7 9798 53 73,3,АмуниЦИЯ дЛЯ собаК,2,2312.4,87.6,ProCeSSInG,Проверить наличие,27.05.2024,0709525900328682
2029957874478,16.05.2024 22:45,ЕлЕНа нОВИКова,+7 9798 53 73,1,Корм дЛя СоБак,1,475.87,24.13,pRoCEsSinG,Проверить наличие,27.05.2024,0709525900328682
2029957873551,2024/05/08 03:24:07,АлЕКсЕЙ МихАЙлОВ,+7 9132 57 75,3,амУНицИЯ ДЛя СоБаК,5,5873.46,126.54,COMpLEted,Всё отлично!,2024/05/22,1304422972520958
2029957873551,2024/05/08 03:24:07,АлЕКсЕЙ МихАЙлОВ,+7 9132 57 75,3,АмУНИцИя ДЛЯ СобАк,5,5306.99,693.01,cOMpLETed,Всё отлично!,2024/05/22,1304422972520958
2029957873551,2024/05/08 03:24:07,АлЕКсЕЙ МихАЙлОВ,+7 9132 57 75,3,АМУНиЦИЯ ДЛЯ СОБАк,1,1107.07,92.93,cOMpLEteD,Всё отлично!,2024/05/22,1304422972520958
2029957872889,07.05.2024 14:02,нАТАлЬя ВАСИлЬеВа,+7 9160 73 05,2,ИгруШкА МяЧ,4,1174.19,25.81,CoMpleTeD,"Задержка с доставкой, печалька...",2024/05/30,4679415889607938
2029957871258,2024-05-19 03:58:25,МиХаил ОРЛОв,8(9651) 32-20,4,пОдпиСка На ГаЗеТу,4,2135.47,264.53,pROcESSIng,"Задержка с доставкой, печалька...",30.05.2024,4832027150767631
2029957871258,2024-05-19 03:58:25,МиХаил ОРЛОв,8(9651) 32-20,5,МоЛокО,1,2449.34,550.66,prOCeSsiNG,"Задержка с доставкой, печалька...",30.05.2024,4832027150767631
2029957870671,12.05.2024 19:25,ольга КУЗнЕцовА,8(9864) 89-09,1,кОрМ длЯ СОБак,3,1483.42,16.58,CoMPLetED,Проверить наличие,2024-05-22,9399869716590728
2029957870671,12.05.2024 19:25,ольга КУЗнЕцовА,8(9864) 89-09,2,ИгРУШКа мяЧ,1,246.88,53.12,cOmPLetEd,Проверить наличие,2024-05-22,9399869716590728
2029957870671,12.05.2024 19:25,ольга КУЗнЕцовА,8(9864) 89-09,4,подпИСКА На газЕту,1,585.28,14.72,COmpleted,Проверить наличие,2024-05-22,9399869716590728
2029957870671,12.05.2024 19:25,ольга КУЗнЕцовА,8(9864) 89-09,2,ИгрушкА МЯч,4,984.08,215.92,ComPLEtED,Проверить наличие,2024-05-22,9399869716590728
2029957870671,12.05.2024 19:25,ольга КУЗнЕцовА,8(9864) 89-09,5,МолоКо,4,9727.56,2272.44,CoMPLeteD,Проверить наличие,2024-05-22,9399869716590728
2029957869530,2024/05/03 06:57:13,АНнА СМиРновА,+7 9346 41 34,3,амуНИцИя длЯ соБаК,2,2360.94,39.06,PRoCeSsING,спасибо за заказ,2024/05/21,4169165797417295
2029957869530,2024/05/03 06:57:13,АНнА СМиРновА,+7 9346 41 34,2,игРУШКА мЯч,5,1460.82,39.18,pRocesSing,спасибо за заказ,2024/05/21,4169165797417295
2029957869530,2024/05/03 06:57:13,АНнА СМиРновА,+7 9346 41 34,1,КОрм дЛя СОБАк,1,419.09,80.91,PrOCessinG,спасибо за заказ,2024/05/21,4169165797417295
2029957869530,2024/05/03 06:57:13,АНнА СМиРновА,+7 9346 41 34,1,КОрм длЯ сОбаК,5,2202.46,297.54,proceSsInG,спасибо за заказ,2024/05/21,4169165797417295
2029957868865,06.05.2024 09:31,сЕРГеЙ сИДОРОВ,8(9008) 76-27,4,ПодпиСкА нА гаЗетУ,2,1054.61,145.39,CANCELLed,Нужно уточнить сроки,05.05.2024,6790427890789408
2029957867300,18.05.2024 22:31,АНнА СМИРнова,+7(9514)60-71,5,молоко,1,2514.33,485.67,CANcELlED,"Задержка с доставкой, печалька...",2024/05/26,9375260824352334
2029957867300,18.05.2024 22:31,АНнА СМИРнова,+7(9514)60-71,4,ПОдПИсКа на гАзеТУ,5,2963.89,36.11,CaNCEllEd,"Задержка с доставкой, печалька...",2024/05/26,9375260824352334
2029957866882,2024-05-12 12:38:09,иВАн ИваНОВ,8(9027) 17-85,4,ПодПИСка На гаЗЕту,2,960.75,239.25,pRocesSing,"Задержка с доставкой, печалька...",2024/05/20,1188766822061296
2029957866882,2024-05-12 12:38:09,иВАн ИваНОВ,8(9027) 17-85,2,иГрУШкА МЯч,3,772.53,127.47,PROCEssING,"Задержка с доставкой, печалька...",2024/05/20,1188766822061296
2029957866882,2024-05-12 12:38:09,иВАн ИваНОВ,8(9027) 17-85,4,пОдПИсКа на ГАЗеТУ,1,591.1,8.9,PROCeSsinG,"Задержка с доставкой, печалька...",2024/05/20,1188766822061296
2029957866882,2024-05-12 12:38:09,иВАн ИваНОВ,8(9027) 17-85,4,пОдписКа на ГазетУ,4,1946.24,453.76,prOCEssINg,"Задержка с доставкой, печалька...",2024/05/20,1188766822061296
2029957865674,2024-05-31 01:39:33,елеНа нОВикОВа,+7(9665)90-11,2,иГРУШкА Мяч,2,489.02,110.98,PrOCessINg,Проверить наличие,2024/05/30,3532099573178489
2029957865674,2024-05-31 01:39:33,елеНа нОВикОВа,+7(9665)90-11,5,моЛОко,2,5425.13,574.87,pRocEssing,Проверить наличие,2024/05/30,3532099573178489
2029957865674,2024-05-31 01:39:33,елеНа нОВикОВа,+7(9665)90-11,3,АмУНиЦИя ДЛЯ соБаК,1,1036.86,163.14,pRoCESsinG,Проверить наличие,2024/05/30,3532099573178489
2029957865674,2024-05-31 01:39:33,елеНа нОВикОВа,+7(9665)90-11,2,ИгРУШКа МяЧ,4,960.57,239.43,PRoCeSsinG,Проверить наличие,2024/05/30,3532099573178489
2029957865674,2024-05-31 01:39:33,елеНа нОВикОВа,+7(9665)90-11,5,МоЛОКо,1,2579.04,420.96,PROCesSinG,Проверить наличие,2024/05/30,3532099573178489
2029957864500,2024/05/30 07:18:18,НАтАлЬя ВАСИлЬевА,+7(9474)55-94,1,КОрм ДЛя СОБаК,1,406.5,93.5,cAnCellEd,Ждём с нетерпением!,2024-05-13,5704853430038171
2029957863178,20.05.2024 09:32,аННА СмИРнОва,+7(9275)86-17,2,ИГРушка мЯЧ,5,1477.07,22.93,proCEsSiNG,спасибо за заказ,2024-05-24,1694198927944313
2029957863178,20.05.2024 09:32,аННА СмИРнОва,+7(9275)86-17,5,молОКо,5,13849.3,1150.7,PROcesSING,спасибо за заказ,2024-05-24,1694198927944313
2029957862795,23.05.2024 08:45,оЛьга КуЗнЕцоВА,+7(9962)25-75,3,АмуницИя для СОбаК,4,4025.87,774.13,PROcessiNG,Ждём с нетерпением!,2024/05/26,9951520510384197
2029957861541,27.05.2024 23:40,дМитРий кУЗНеЦов,8(9373) 63-14,3,АмУнИция ДлЯ собаК,2,2025.47,374.53,cOMPLeteD,Ждём с нетерпением!,2024/05/20,2684846180868063
2029957860342,09.05.2024 15:52,миХАиЛ оРЛОВ,+7(9862)57-60,1,кОрМ дЛЯ сОбАК,2,836.07,163.93,PROCEssING,"Задержка с доставкой, печалька...",2024/05/02,4244338679769495
2029957859539,07.05.2024 06:17,МихаИЛ ОрЛОв,8(9612) 67-07,1,кОРМ дЛЯ СоБак,2,942.14,57.86,CANcelled,Нужно уточнить сроки,2024/05/16,1875046252948605
2029957859539,07.05.2024 06:17,МихаИЛ ОрЛОв,8(9612) 67-07,3,аМуниЦИЯ Для сОБАк,5,5913.06,86.94,cAncELleD,Нужно уточнить сроки,2024/05/16,1875046252948605
2029957859539,07.05.2024 06:17,МихаИЛ ОрЛОв,8(9612) 67-07,2,иГрушКА мяЧ,1,265.41,34.59,caNcellEd,Нужно уточнить сроки,2024/05/16,1875046252948605
2029957858404,2024/05/23 15:24:20,елЕНа НовИКова,+7 9564 31 58,5,МолокО,2,4863.63,1136.37,CoMpLETed,Нужно уточнить сроки,25.05.2024,3476266947860126
2029957858404,2024/05/23 15:24:20,елЕНа НовИКова,+7 9564 31 58,4,пОДпИскА нА гАзеТУ,2,1014.76,185.24,ComPLeTEd,Нужно уточнить сроки,25.05.2024,3476266947860126
2029957857885,10.05.2024 06:43,оЛьга КУзНецОва,8(9428) 89-87,1,кОрМ Для собАК,5,2210.91,289.09,comPLETeD,Нужно уточнить сроки,2024-05-25,0035165634373209
2029957857885,10.05.2024 06:43,оЛьга КУзНецОва,8(9428) 89-87,2,ИГрУшка мяЧ,3,864.93,35.07,comPleTed,Нужно уточнить сроки,2024-05-25,0035165634373209
2029957857885,10.05.2024 06:43,оЛьга КУзНецОва,8(9428) 89-87,5,МОЛоко,5,14337.61,662.39,cOMPleTED,Нужно уточнить сроки,2024-05-25,0035165634373209
2029957856804,06.05.2024 18:57,НАТаЛЬЯ ВасИЛьЕВА,+7(9192)20-55,4,ПОДпиСКа нА гАзЕтУ,4,1987.49,412.51,cOMPlETED,"Задержка с доставкой, печалька...",2024/05/11,8640501253369229
2029957856804,06.05.2024 18:57,НАТаЛЬЯ ВасИЛьЕВА,+7(9192)20-55,5,мОЛокО,2,5152.17,847.83,coMPleteD,"Задержка с доставкой, печалька...",2024/05/11,8640501253369229
2029957855606,2024-05-04 13:29:09,НАтаЛья ВАсилЬЕвА,8(9417) 63-54,2,иГрушкА МяЧ,2,520.59,79.41,cancElled,подарок вовремя,2024-05-23,7858397085815559
2029957854717,2024/05/06 13:50:11,михаИЛ орЛов,+7(9636)20-33,4,ПОдпИска нА гАЗЕТу,3,1646.4,153.6,COMPlETED,Нужно уточнить сроки,2024-05-11,2301757235814983
2029957854717,2024/05/06 13:50:11,михаИЛ орЛов,+7(9636)20-33,4,ПодпИсКА На ГаЗЕТу,1,514.2,85.8,cOMPLEteD,Нужно уточнить сроки,2024-05-11,2301757235814983
2029957854717,2024/05/06 13:50:11,михаИЛ орЛов,+7(9636)20-33,3,аМуНИЦиЯ дЛЯ СОБаК,1,1078.79,121.21,COMpLEteD,Нужно уточнить сроки,2024-05-11,2301757235814983
2029957854717,2024/05/06 13:50:11,михаИЛ орЛов,+7(9636)20-33,3,АмуниЦия длЯ Собак,2,2170.82,229.18,coMPlEted,Нужно уточнить сроки,2024-05-11,2301757235814983
2029957853620,2024/05/04 00:11:35,аннА СМиРНоВа,+7(9065)60-69,4,ПодПиСКа На гАЗЕТу,1,578.33,21.67,ProCEssINg,Всё отлично!,2024-05-30,5110923025725627
2029957853620,2024/05/04 00:11:35,аннА СМиРНоВа,+7(9065)60-69,4,ПОдпиСкА На гАзеТУ,4,2226.88,173.12,proCeSsiNg,Всё отлично!,2024-05-30,5110923025725627
2029957852554,08.05.2024 08:48,ДмИТриЙ кУЗнЕцОв,+7 9361 24 08,2,иГРушКА МЯЧ,3,860.93,39.07,COMpleTed,Нужно уточнить сроки,2024/05/18,0262652126539205
2029957852554,08.05.2024 08:48,ДмИТриЙ кУЗнЕцОв,+7 9361 24 08,4,ПОДпиСка НА ГазЕту,3,1634.66,165.34,cOmPLeTeD,Нужно уточнить сроки,2024/05/18,0262652126539205
2029957852554,08.05.2024 08:48,ДмИТриЙ кУЗнЕцОв,+7 9361 24 08,1,коРМ Для СОБаК,2,898.13,101.87,cOMpleTED,Нужно уточнить сроки,2024/05/18,0262652126539205
2029957852554,08.05.2024 08:48,ДмИТриЙ кУЗнЕцОв,+7 9361 24 08,2,игРуШкА МЯч,4,1146.43,53.57,CoMpLEteD,Нужно уточнить сроки,2024/05/18,0262652126539205
2029957851922,11.05.2024 12:30,дмиТРий кУЗнЕЦов,+7 9759 93 80,3,АмУнИциЯ ДлЯ Собак,3,2886.0,714.0,cancEllEd,Проверить наличие,08.05.2024,8260614153266084
2029957851922,11.05.2024 12:30,дмиТРий кУЗнЕЦов,+7 9759 93 80,1,КоРм Для СоБак,5,2053.48,446.52,cANCEllEd,Проверить наличие,08.05.2024,8260614153266084
2029957851922,11.05.2024 12:30,дмиТРий кУЗнЕЦов,+7 9759 93 80,1,корм ДлЯ сОбаК,3,1425.81,74.19,CAncelleD,Проверить наличие,08.05.2024,8260614153266084
2029957851922,11.05.2024 12:30,дмиТРий кУЗнЕЦов,+7 9759 93 80,1,КоРМ Для СОбак,5,2288.15,211.85,CaNcEllEd,Проверить наличие,08.05.2024,8260614153266084
2029957851922,11.05.2024 12:30,дмиТРий кУЗнЕЦов,+7 9759 93 80,1,кОрм ДЛЯ СОБаК,4,1742.67,257.33,caNceLLED,Проверить наличие,08.05.2024,8260614153266084
2029957850578,2024-05-07 04:25:52,дМиТрИЙ кУЗНЕцОв,+7 9140 26 46,3,аМуНИЦиЯ ДЛя собАк,1,983.15,216.85,complETeD,спасибо за заказ,2024/05/08,7949680349752045
2029957849131,13.05.2024 05:23,дМиТрий куЗнеЦов,8(9482) 34-38,4,ПОДпиСКа На ГАзЕту,4,2071.23,328.77,CAnCELLeD,Всё отлично!,2024-05-31,0424822785319769
2029957848307,2024/05/30 15:16:15,ДМИТРий КуЗнеЦоВ,+7 9294 09 07,2,игРушКА мЯч,4,1035.77,164.23,CompLeTEd,Ждём с нетерпением!,2024-05-24,5314412064895459
2029957848307,2024/05/30 15:16:15,ДМИТРий КуЗнеЦоВ,+7 9294 09 07,1,КОрМ дЛЯ сОбАК,4,1891.77,108.23,COmPLEtEd,Ждём с нетерпением!,2024-05-24,5314412064895459
2029957847305,23.05.2024 14:24,алЕКСей МихаЙлоВ,+7 9531 40 36,4,ПОдПисКа НА газЕТу,5,2410.74,589.26,canCelLED,Нужно уточнить сроки,2024-05-25,9417505749753171
2029957847305,23.05.2024 14:24,алЕКСей МихаЙлоВ,+7 9531 40 36,1,КорМ дЛя сОБак,4,1688.34,311.66,CANcELleD,Нужно уточнить сроки,2024-05-25,9417505749753171
2029957846370,2024-05-08 20:44:24,маРИЯ пЕтРовА,+7 9641 32 35,5,Молоко,5,14191.44,808.56,coMPLetED,Всё отлично!,28.05.2024,4784307639114071
2029957846370,2024-05-08 20:44:24,маРИЯ пЕтРовА,+7 9641 32 35,4,подпИСкА нА ГАЗеТУ,5,2778.65,221.35,CompleTEd,Всё отлично!,28.05.2024,4784307639114071
2029957846370,2024-05-08 20:44:24,маРИЯ пЕтРовА,+7 9641 32 35,2,игРУшкА МЯЧ,1,276.71,23.29,comPLetEd,Всё отлично!,28.05.2024,4784307639114071
2029957845293,26.05.2024 13:01,наТАлЬя вАсИЛьЕва,8(9644) 68-54,3,аМунициЯ длЯ сОбАк,1,977.31,222.69,cANCEllED,"Задержка с доставкой, печалька...",2024-05-01,4018111801720147
2029957845293,26.05.2024 13:01,наТАлЬя вАсИЛьЕва,8(9644) 68-54,5,мОЛоКо,1,2651.76,348.24,cancelleD,"Задержка с доставкой, печалька...",2024-05-01,4018111801720147
2029957845293,26.05.2024 13:01,наТАлЬя вАсИЛьЕва,8(9644) 68-54,1,коРм Для СОБак,4,1906.75,93.25,canCElLEd,"Задержка с доставкой, печалька...",2024-05-01,4018111801720147
2029957845293,26.05.2024 13:01,наТАлЬя вАсИЛьЕва,8(9644) 68-54,4,ПоДПисКА на ГАЗЕту,4,1927.6,472.4,CANcELleD,"Задержка с доставкой, печалька...",2024-05-01,4018111801720147
2029957844365,2024-05-09 04:35:10,АЛЕкСЕй мИХаЙЛОв,+7 9124 31 69,1,кОРМ ДЛЯ сОБаК,2,809.67,190.33,caNcelLEd,Всё отлично!,24.05.2024,6128403329404913
2029957843163,25.05.2024 09:47,олЬгА КузнЕЦоВа,+7 9691 55 93,4,ПодпИСкА нА газЕту,5,2728.72,271.28,pROcesSiNg,Всё отлично!,2024/05/20,8614598257719459
2029957842211,24.05.2024 17:25,ивАн ИвАнОв,+7(9847)89-46,4,ПОДПиСка на газЕтУ,5,2434.53,565.47,caNceLled,Проверить наличие,2024/05/09,5247080189436537
2029957841687,02.05.2024 01:07,иван ивАноВ,+7(9665)81-70,2,ИГруШКа МяЧ,2,599.78,0.22,CanCElLED,Нужно уточнить сроки,19.05.2024,7965321173846278
2029957841687,02.05.2024 01:07,иван ивАноВ,+7(9665)81-70,3,АМУницИя дЛЯ соБаК,5,5394.98,605.02,cANcELLED,Нужно уточнить сроки,19.05.2024,7965321173846278
2029957841687,02.05.2024 01:07,иван ивАноВ,+7(9665)81-70,3,АмУнИциЯ ДЛЯ соБак,3,3260.74,339.26,CANCELlEd,Нужно уточнить сроки,19.05.2024,7965321173846278
2029957841687,02.05.2024 01:07,иван ивАноВ,+7(9665)81-70,2,ИгруШка МЯЧ,2,506.88,93.12,canCeLLeD,Нужно уточнить сроки,19.05.2024,7965321173846278
2029957840382,2024-05-06 00:27:58,СергЕй сИДорОВ,+7(9427)88-19,1,корм ДЛЯ сОбак,4,1896.58,103.42,cOmpLEtED,Нужно уточнить сроки,2024/05/31,6639053999392087
2029957840382,2024-05-06 00:27:58,СергЕй сИДорОВ,+7(9427)88-19,1,кОРм Для собак,5,2309.93,190.07,coMPleTEd,Нужно уточнить сроки,2024/05/31,6639053999392087
2029957839231,2024-05-24 02:27:18,СеРгЕЙ сиДОрОв,+7 9697 00 40,3,АМуНиЦия дЛя соБаК,2,2391.33,8.67,CANCelleD,подарок вовремя,2024-05-01,4508433541186218
2029957838584,2024/05/05 19:49:52,АЛеКсЕй МиХАЙЛОВ,8(9783) 47-64,3,АМуниЦИЯ ДЛЯ соБАк,4,4199.04,600.96,coMpLEteD,Ждём с нетерпением!,2024-05-17,9888782523049588
2029957838584,2024/05/05 19:49:52,АЛеКсЕй МиХАЙЛОВ,8(9783) 47-64,2,ИгрУШКа мЯЧ,1,285.0,15.0,comPlEted,Ждём с нетерпением!,2024-05-17,9888782523049588
2029957838584,2024/05/05 19:49:52,АЛеКсЕй МиХАЙЛОВ,8(9783) 47-64,3,АмУницИя дЛя сОБАк,4,4244.74,555.26,COMpLeted,Ждём с нетерпением!,2024-05-17,9888782523049588
2029957837844,20.05.2024 12:33,сЕРгЕЙ сидоРоВ,8(9144) 83-17,2,ИгрУшка МЯЧ,3,886.6,13.4,cancElLED,подарок вовремя,2024/05/24,2788241383202859
2029957836830,2024/05/16 21:30:47,серГеЙ сиДОров,+7 9585 03 50,5,МоЛоко,3,8867.03,132.97,PrOCESsing,"Задержка с доставкой, печалька...",2024-05-04,9592004765341304
2029957836830,2024/05/16 21:30:47,серГеЙ сиДОров,+7 9585 03 50,2,игРушКа МЯч,5,1470.16,29.84,pROceSSing,"Задержка с доставкой, печалька...",2024-05-04,9592004765341304
2029957836830,2024/05/16 21:30:47,серГеЙ сиДОров,+7 9585 03 50,4,ПоДпИсКА На гАЗЕТУ,2,1103.97,96.03,PrOCessInG,"Задержка с доставкой, печалька...",2024-05-04,9592004765341304
2029957836830,2024/05/16 21:30:47,серГеЙ сиДОров,+7 9585 03 50,4,пОДПиСкА НА газЕту,2,1052.02,147.98,pRocESsinG,"Задержка с доставкой, печалька...",2024-05-04,9592004765341304
2029957836830,2024/05/16 21:30:47,серГеЙ сиДОров,+7 9585 03 50,4,ПОдПиСкА нА гаЗету,5,2478.11,521.89,PRoceSSIng,"Задержка с доставкой, печалька...",2024-05-04,9592004765341304
2029957835979,2024-05-21 22:15:01,СерГей сИДОРОВ,+7(9297)06-76,2,иГрушкА МЯЧ,5,1396.44,103.56,PROCeSSInG,Ждём с нетерпением!,2024-05-13,1535769094058118
2029957835979,2024-05-21 22:15:01,СерГей сИДОРОВ,+7(9297)06-76,2,ИГРушКа Мяч,1,276.07,23.93,PROCeSSInG,Ждём с нетерпением!,2024-05-13,1535769094058118
2029957835979,2024-05-21 22:15:01,СерГей сИДОРОВ,+7(9297)06-76,4,ПодпиСКа НА ГАзету,2,1078.75,121.25,pRocessiNG,Ждём с нетерпением!,2024-05-13,1535769094058118
2029957835979,2024-05-21 22:15:01,СерГей сИДОРОВ,+7(9297)06-76,2,игрУшКа МяЧ,4,1030.08,169.92,PROcESSIng,Ждём с нетерпением!,2024-05-13,1535769094058118
2029957835979,2024-05-21 22:15:01,СерГей сИДОРОВ,+7(9297)06-76,4,ПОдпИсКА На ГАЗетУ,5,2759.54,240.46,PrOCESsinG,Ждём с нетерпением!,2024-05-13,1535769094058118
2029957834389,2024/05/31 20:21:15,дМИтрий кузНеЦОВ,+7(9398)44-29,4,ПоДпискА на гАзеТУ,2,988.3,211.7,canCelLed,"Задержка с доставкой, печалька...",2024-05-26,8928014628451658
2029957833882,2024/05/30 18:40:47,еЛЕнА ноВИКОВА,8(9811) 30-95,1,коРм ДлЯ сОБак,1,418.23,81.77,COMPLeTeD,Всё отлично!,2024-05-06,5652771758471286
2029957833882,2024/05/30 18:40:47,еЛЕнА ноВИКОВА,8(9811) 30-95,2,игруШКА Мяч,2,540.39,59.61,COMpleted,Всё отлично!,2024-05-06,5652771758471286
2029957833882,2024/05/30 18:40:47,еЛЕнА ноВИКОВА,8(9811) 30-95,4,поДПиСка На газеТУ,1,531.85,68.15,comPLeTEd,Всё отлично!,2024-05-06,5652771758471286
2029957833882,2024/05/30 18:40:47,еЛЕнА ноВИКОВА,8(9811) 30-95,3,амУниЦиЯ ДлЯ СОБаК,2,2154.39,245.61,COMPLETeD,Всё отлично!,2024-05-06,5652771758471286
2029957832202,2024/05/03 20:38:56,МиХАил оРлОв,8(9264) 92-12,5,мОЛоко,4,10041.81,1958.19,comPlEtED,спасибо за заказ,2024/05/07,7760952981997689
2029957832202,2024/05/03 20:38:56,МиХАил оРлОв,8(9264) 92-12,2,иГруШКА МЯЧ,1,265.96,34.04,COmplEtEd,спасибо за заказ,2024/05/07,7760952981997689
2029957832202,2024/05/03 20:38:56,МиХАил оРлОв,8(9264) 92-12,1,КОРм дЛЯ СоБАК,4,1643.4,356.6,comPleted,спасибо за заказ,2024/05/07,7760952981997689
2029957831867,2024/05/05 21:25:04,ИВан ИвАНов,8(9354) 71-90,4,ПОдпИСКА на гАЗеТу,2,996.17,203.83,proceSsiNG,спасибо за заказ,2024/05/30,1707893151431598
2029957831867,2024/05/05 21:25:04,ИВан ИвАНов,8(9354) 71-90,1,коРм ДЛя СОбАК,3,1334.28,165.72,PRocEsSinG,спасибо за заказ,2024/05/30,1707893151431598
2029957831867,2024/05/05 21:25:04,ИВан ИвАНов,8(9354) 71-90,3,АмУнИЦИЯ ДЛЯ СоБак,2,2091.85,308.15,PrOCesSing,спасибо за заказ,2024/05/30,1707893151431598
2029957830480,2024-05-01 03:06:19,МихАИл ОрлОв,8(9691) 67-11,3,аМУНИциЯ ДЛЯ соБАК,1,1004.09,195.91,PROCEssinG,Проверить наличие,2024-05-13,2898800486389638
2029957829912,2024/05/12 14:27:24,МихАИЛ оРЛов,8(9713) 88-79,1,корм дЛЯ СОбаК,4,1640.72,359.28,cAnCEllEd,спасибо за заказ,2024-05-27,4285799240452883
2029957829912,2024/05/12 14:27:24,МихАИЛ оРЛов,8(9713) 88-79,2,ИГрУШКа мЯЧ,1,249.58,50.42,cANCelLED,спасибо за заказ,2024-05-27,4285799240452883
2029957828562,2024/05/20 13:12:29,ЕлеНа НоВиКова,+7 9494 22 13,4,ПОдПисКА НА ГаЗету,4,2308.07,91.93,cOMplETEd,"Задержка с доставкой, печалька...",02.05.2024,1486761678100270
2029957828562,2024/05/20 13:12:29,ЕлеНа НоВиКова,+7 9494 22 13,1,КОрМ для СоБак,3,1225.68,274.32,cOmPleTEd,"Задержка с доставкой, печалька...",02.05.2024,1486761678100270
2029957828562,2024/05/20 13:12:29,ЕлеНа НоВиКова,+7 9494 22 13,3,АмУниЦиЯ для сОбак,4,4798.64,1.36,COMPLETEd,"Задержка с доставкой, печалька...",02.05.2024,1486761678100270
2029957828562,2024/05/20 13:12:29,ЕлеНа НоВиКова,+7 9494 22 13,5,моЛоко,3,8135.95,864.05,coMPleTEd,"Задержка с доставкой, печалька...",02.05.2024,1486761678100270
2029957828562,2024/05/20 13:12:29,ЕлеНа НоВиКова,+7 9494 22 13,4,подПИсКА На гАЗетУ,3,1596.26,203.74,cOmPleTed,"Задержка с доставкой, печалька...",02.05.2024,1486761678100270
2029957827550,28.05.2024 03:48,ДмиТрИЙ КузнеЦов,+7(9478)52-53,1,КорМ ДлЯ СобаК,5,2242.64,257.36,cOMPlEtEd,Всё отлично!,2024/05/07,5323622702372108
2029957827550,28.05.2024 03:48,ДмиТрИЙ КузнеЦов,+7(9478)52-53,5,МОЛОко,4,9726.72,2273.28,COmpLEteD,Всё отлично!,2024/05/07,5323622702372108
2029957826129,2024/05/15 18:39:04,ИВАн ИвАнов,8(9847) 33-26,5,МолоКо,3,7873.88,1126.12,caNceLLEd,Ждём с нетерпением!,26.05.2024,0692610031856590
2029957826129,2024/05/15 18:39:04,ИВАн ИвАнов,8(9847) 33-26,1,КОрМ Для СОБаК,3,1408.9,91.1,cAnCeLLED,Ждём с нетерпением!,26.05.2024,0692610031856590
2029957826129,2024/05/15 18:39:04,ИВАн ИвАнов,8(9847) 33-26,2,ИгРУшКа мяч,4,987.12,212.88,CancelleD,Ждём с нетерпением!,26.05.2024,0692610031856590
2029957826129,2024/05/15 18:39:04,ИВАн ИвАнов,8(9847) 33-26,2,ИГрушКа мЯЧ,3,797.41,102.59,cANcellED,Ждём с нетерпением!,26.05.2024,0692610031856590
2029957826129,2024/05/15 18:39:04,ИВАн ИвАнов,8(9847) 33-26,4,пОдПИсКа нА газЕту,5,2959.11,40.89,CANCeLlED,Ждём с нетерпением!,26.05.2024,0692610031856590
2029957825476,2024/05/12 05:37:08,ИВАН иванОВ,+7 9314 96 33,2,игРУшКА Мяч,3,762.64,137.36,proCESSinG,Проверить наличие,14.05.2024,7849613903672815
2029957825476,2024/05/12 05:37:08,ИВАН иванОВ,+7 9314 96 33,3,АМУНиЦиЯ дЛя СОбАк,1,1082.66,117.34,PRoCESSING,Проверить наличие,14.05.2024,7849613903672815
2029957825476,2024/05/12 05:37:08,ИВАН иванОВ,+7 9314 96 33,1,КорМ длЯ СобАк,2,810.98,189.02,proCeSSIng,Проверить наличие,14.05.2024,7849613903672815
2029957825476,2024/05/12 05:37:08,ИВАН иванОВ,+7 9314 96 33,1,КОрМ дЛя сОБаК,1,476.89,23.11,PROCessiNG,Проверить наличие,14.05.2024,7849613903672815
2029957824249,06.05.2024 10:57,миХАИл ОРЛОВ,8(9832) 40-70,3,АмунИция Для собАК,2,2209.55,190.45,procESSiNg,подарок вовремя,01.05.2024,0516436154500956
2029957824249,06.05.2024 10:57,миХАИл ОРЛОВ,8(9832) 40-70,4,ПОдпиСкА На ГАЗеТУ,5,2759.19,240.81,pRoCessING,подарок вовремя,01.05.2024,0516436154500956
2029957823301,2024/05/11 02:45:37,михАиЛ ОРлов,+7 9396 43 99,5,мОлокО,3,8645.76,354.24,proCEsSInG,Ждём с нетерпением!,2024/05/09,2358226934300969
2029957823301,2024/05/11 02:45:37,михАиЛ ОРлов,+7 9396 43 99,2,ИГрушка мяч,4,970.67,229.33,ProceSSING,Ждём с нетерпением!,2024/05/09,2358226934300969
2029957823301,2024/05/11 02:45:37,михАиЛ ОРлов,+7 9396 43 99,1,коРм для сОбаК,4,1877.68,122.32,processiNg,Ждём с нетерпением!,2024/05/09,2358226934300969
2029957823301,2024/05/11 02:45:37,михАиЛ ОРлов,+7 9396 43 99,4,подпИска На ГазЕТУ,4,2077.72,322.28,proCEssIng,Ждём с нетерпением!,2024/05/09,2358226934300969
2029957823301,2024/05/11 02:45:37,михАиЛ ОРлов,+7 9396 43 99,4,подпИСкА На гАЗЕТу,4,1955.5,444.5,pROCESSInG,Ждём с нетерпением!,2024/05/09,2358226934300969
2029957822620,2024-05-23 06:55:15,АлЕксЕЙ МИХайЛОВ,+7(9286)25-38,4,ПОДписКа на гАзЕТУ,5,2456.58,543.42,cANcELLED,подарок вовремя,10.05.2024,2230586711438100
2029957822620,2024-05-23 06:55:15,АлЕксЕЙ МИХайЛОВ,+7(9286)25-38,5,молОКо,5,14927.08,72.92,cANCellED,подарок вовремя,10.05.2024,2230586711438100
2029957821579,2024-05-06 14:40:31,наТАЛьЯ вАсиЛьеВА,+7(9089)53-04,3,амУнИцИя длЯ собаК,4,4486.33,313.67,CoMplETED,"Задержка с доставкой, печалька...",2024/05/19,7270437655350457
2029957820437,25.05.2024 13:31,мАрИя пЕТРоВА,8(9539) 18-72,4,ПОДпИска нА гаЗЕтУ,5,2793.9,206.1,CoMPleTEd,Проверить наличие,2024/05/09,0908401886137358
2029957820437,25.05.2024 13:31,мАрИя пЕТРоВА,8(9539) 18-72,5,МОлокО,3,7228.78,1771.22,cOMPLeTed,Проверить наличие,2024/05/09,0908401886137358
2029957820437,25.05.2024 13:31,мАрИя пЕТРоВА,8(9539) 18-72,2,игРуШка МЯЧ,3,735.06,164.94,coMPlEteD,Проверить наличие,2024/05/09,0908401886137358
2029957820437,25.05.2024 13:31,мАрИя пЕТРоВА,8(9539) 18-72,2,иГРУшКА мяч,5,1460.11,39.89,ComPLETeD,Проверить наличие,2024/05/09,0908401886137358
2029957819177,03.05.2024 23:27,сеРгЕЙ сИДОРоВ,+7 9818 02 86,1,корМ ДЛя СОбаК,3,1215.09,284.91,CAncELlEd,"Задержка с доставкой, печалька...",02.05.2024,1886046390890766
2029957819177,03.05.2024 23:27,сеРгЕЙ сИДОРоВ,+7 9818 02 86,1,кОрм дЛя сОбАК,5,2046.29,453.71,CanCElLED,"Задержка с доставкой, печалька...",02.05.2024,1886046390890766
2029957818965,10.05.2024 02:22,ивАН ивАНОв,+7 9115 16 48,3,АмуНИциЯ ДЛЯ соБАК,1,964.96,235.04,CanCElleD,"Задержка с доставкой, печалька...",2024-05-09,3868601391099772
2029957817844,2024/05/08 04:43:10,СеРгеЙ СИдоРОв,+7(9311)38-33,5,МолОкО,5,12822.83,2177.17,cOmpLEtED,"Задержка с доставкой, печалька...",2024-05-27,2553005462446765
2029957816321,31.05.2024 05:28,михАиЛ ОРлОв,8(9459) 49-25,2,ИгРуШКА мяч,5,1483.43,16.57,caNCElLed,Проверить наличие,2024-05-22,1001625780744894
2029957816321,31.05.2024 05:28,михАиЛ ОРлОв,8(9459) 49-25,1,КОРМ для собАк,1,492.1,7.9,CaNcELlED,Проверить наличие,2024-05-22,1001625780744894
2029957816321,31.05.2024 05:28,михАиЛ ОРлОв,8(9459) 49-25,1,коРМ ДлЯ сОбак,3,1379.45,120.55,caNCelleD,Проверить наличие,2024-05-22,1001625780744894
2029957815225,2024-05-24 08:21:46,дмитРИЙ КУзнеЦОв,8(9341) 91-83,4,ПОДписКА нА гАЗЕТу,1,594.54,5.46,cANcelled,"Задержка с доставкой, печалька...",2024/05/26,2294695829714343
2029957815225,2024-05-24 08:21:46,дмитРИЙ КУзнеЦОв,8(9341) 91-83,3,АМуНиЦИЯ дЛЯ соБАк,2,1989.44,410.56,cANcELled,"Задержка с доставкой, печалька...",2024/05/26,2294695829714343
2029957814373,13.05.2024 08:42,маРИЯ пЕТрова,8(9576) 88-76,1,корм дЛя СобаК,1,489.03,10.97,cANCELlEd,спасибо за заказ,26.05.2024,5091727418677143
2029957814373,13.05.2024 08:42,маРИЯ пЕТрова,8(9576) 88-76,4,ПОдПиСКа на ГаЗетУ,3,1596.68,203.32,canCeLlED,спасибо за заказ,26.05.2024,5091727418677143
2029957813593,2024/05/03 19:28:52,алЕксеЙ МИхАйлОВ,8(9108) 39-19,1,КОрМ ДЛЯ СОБАК,3,1209.45,290.55,cOMpLeted,Нужно уточнить сроки,2024/05/29,9675457637543766
2029957812176,25.05.2024 20:51,МаРиЯ пЕтРОВа,+7 9451 39 88,2,ИгруШка мяч,5,1275.44,224.56,COMPlEted,Нужно уточнить сроки,2024-05-18,4508732724319956
2029957812176,25.05.2024 20:51,МаРиЯ пЕтРОВа,+7 9451 39 88,1,кОРм ДЛя Собак,2,801.48,198.52,complETED,Нужно уточнить сроки,2024-05-18,4508732724319956
2029957812176,25.05.2024 20:51,МаРиЯ пЕтРОВа,+7 9451 39 88,4,пОдПисКа на ГазеТУ,4,2002.67,397.33,CompleTED,Нужно уточнить сроки,2024-05-18,4508732724319956
2029957811366,17.05.2024 11:02,нАТАлЬя ВАСИльЕВа,+7 9661 14 08,4,ПОДПИсКа На гаЗеТУ,5,2639.31,360.69,pROCesSiNg,Ждём с нетерпением!,2024-05-01,1246235971492596
2029957810767,2024/05/06 07:21:40,нАтаЛЬя ваСилЬЕва,+7 9785 09 00,4,подПИсКа НА гАзету,3,1793.68,6.32,CAnceLLED,Всё отлично!,2024/05/27,1439692324217336
2029957810767,2024/05/06 07:21:40,нАтаЛЬя ваСилЬЕва,+7 9785 09 00,4,ПОДпИсКа НА гаЗЕТу,5,2795.39,204.61,cancelled,Всё отлично!,2024/05/27,1439692324217336
2029957810767,2024/05/06 07:21:40,нАтаЛЬя ваСилЬЕва,+7 9785 09 00,1,КоРм для сОБАк,3,1310.78,189.22,cAnCeLLed,Всё отлично!,2024/05/27,1439692324217336
2029957809637,10.05.2024 05:56,ЕЛена НОвИКОва,+7 9161 13 13,4,ПоДпиСка на гАЗЕтУ,2,1176.59,23.41,coMplETEd,подарок вовремя,22.05.2024,5130508699327377
2029957809637,10.05.2024 05:56,ЕЛена НОвИКОва,+7 9161 13 13,3,аМуНицИя дЛя соБаК,1,1090.51,109.49,ComPleTEd,подарок вовремя,22.05.2024,5130508699327377
2029957809637,10.05.2024 05:56,ЕЛена НОвИКОва,+7 9161 13 13,5,МоЛОКО,3,8360.65,639.35,ComPlEted,подарок вовремя,22.05.2024,5130508699327377
2029957808226,2024/05/23 13:46:47,маРиЯ пеТроВА,+7 9191 58 10,2,игрУшКА мяч,1,267.26,32.74,CaNceLleD,"Задержка с доставкой, печалька...",2024/05/11,5284259077098103
2029957808226,2024/05/23 13:46:47,маРиЯ пеТроВА,+7 9191 58 10,2,иГрУшКА мяЧ,4,1036.35,163.65,caNCElLeD,"Задержка с доставкой, печалька...",2024/05/11,5284259077098103
2029957807710,2024-05-03 14:45:38,алЕкСЕй мИХайлоВ,+7(9315)75-97,1,КОрм дЛЯ СобАК,4,1636.11,363.89,ComPLEtED,Нужно уточнить сроки,01.05.2024,0084976169770416
2029957807710,2024-05-03 14:45:38,алЕкСЕй мИХайлоВ,+7(9315)75-97,4,ПОДПИСкА на ГАзету,4,1967.45,432.55,CoMpLEtED,Нужно уточнить сроки,01.05.2024,0084976169770416
2029957807710,2024-05-03 14:45:38,алЕкСЕй мИХайлоВ,+7(9315)75-97,1,коРМ Для СОбАК,4,1883.3,116.7,coMPLETeD,Нужно уточнить сроки,01.05.2024,0084976169770416
2029957806368,22.05.2024 08:50,ИвАн ИвАНОВ,8(9959) 59-47,2,ИгруШка Мяч,1,287.63,12.37,prOCEssiNG,спасибо за заказ,2024/05/10,2081553231022630
2029957806368,22.05.2024 08:50,ИвАн ИвАНОВ,8(9959) 59-47,3,АМУницИя для СоБак,2,2324.4,75.6,PRocessinG,спасибо за заказ,2024/05/10,2081553231022630
2029957806368,22.05.2024 08:50,ИвАн ИвАНОВ,8(9959) 59-47,2,игРуШКА МЯч,4,1169.02,30.98,PRoCeSsiNg,спасибо за заказ,2024/05/10,2081553231022630
2029957806368,22.05.2024 08:50,ИвАн ИвАНОВ,8(9959) 59-47,4,ПоДпИСка на гаЗЕТу,3,1730.43,69.57,PROcEsSing,спасибо за заказ,2024/05/10,2081553231022630
2029957806368,22.05.2024 08:50,ИвАн ИвАНОВ,8(9959) 59-47,4,ПОдПИскА НА ГаЗеТУ,2,1142.15,57.85,PROCEssing,спасибо за заказ,2024/05/10,2081553231022630
2029957805465,2024/05/27 20:37:22,маРия ПеТРоВА,8(9775) 67-07,2,ИгРУшКА мЯЧ,3,840.11,59.89,PROceSsInG,Ждём с нетерпением!,2024-05-28,9246801008607386
2029957805465,2024/05/27 20:37:22,маРия ПеТРоВА,8(9775) 67-07,2,ИГруШкА мЯЧ,5,1400.4,99.6,ProcEssINg,Ждём с нетерпением!,2024-05-28,9246801008607386
2029957805465,2024/05/27 20:37:22,маРия ПеТРоВА,8(9775) 67-07,4,ПодПИскА НА гАЗеТУ,5,2514.4,485.6,pROCESSiNg,Ждём с нетерпением!,2024-05-28,9246801008607386
2029957804692,2024/05/20 21:49:23,АННА СМИРноВа,+7 9504 99 26,4,поДпиСкА НА гАзЕтУ,3,1481.88,318.12,CancEllEd,Всё отлично!,07.05.2024,9237903858406596
2029957803925,2024-05-12 13:35:07,аЛеКсЕЙ миХайлОВ,8(9994) 48-86,1,корМ ДЛЯ СоБАк,1,425.8,74.2,PRoceSSING,Проверить наличие,2024-05-27,6623818596896065
2029957803925,2024-05-12 13:35:07,аЛеКсЕЙ миХайлОВ,8(9994) 48-86,3,аМунициЯ ДЛЯ СОбАк,4,4073.86,726.14,procESsING,Проверить наличие,2024-05-27,6623818596896065
2029957803925,2024-05-12 13:35:07,аЛеКсЕЙ миХайлОВ,8(9994) 48-86,5,МоЛоКо,1,2490.02,509.98,ProCessing,Проверить наличие,2024-05-27,6623818596896065
2029957803925,2024-05-12 13:35:07,аЛеКсЕЙ миХайлОВ,8(9994) 48-86,4,пОдПИскА НА ГАЗЕТу,1,588.44,11.56,pROcessiNg,Проверить наличие,2024-05-27,6623818596896065
2029957802356,01.05.2024 02:17,анНа СмИрновА,+7(9454)49-95,3,амУнИциЯ длЯ соБаК,4,3968.89,831.11,cancELleD,Проверить наличие,2024/05/21,5481090517303183
2029957802356,01.05.2024 02:17,анНа СмИрновА,+7(9454)49-95,2,игруШка МЯч,5,1416.86,83.14,canCEllEd,Проверить наличие,2024/05/21,5481090517303183
2029957802356,01.05.2024 02:17,анНа СмИрновА,+7(9454)49-95,2,иГрУшКА мЯч,1,273.95,26.05,CAnCElLEd,Проверить наличие,2024/05/21,5481090517303183
2029957802356,01.05.2024 02:17,анНа СмИрновА,+7(9454)49-95,3,амуНИЦИЯ ДЛя СобАк,2,2318.79,81.21,CANcelLED,Проверить наличие,2024/05/21,5481090517303183
2029957801225,16.05.2024 16:13,ОльГА КузНецОвА,+7 9672 51 25,2,ИгрушКа МЯч,2,481.91,118.09,caNCelled,подарок вовремя,02.05.2024,5098168652064434
2029957800821,2024-05-10 03:00:37,МИхаИЛ оРлОв,8(9607) 26-94,2,ИгРУШкА МяЧ,3,845.51,54.49,CoMPlEteD,Нужно уточнить сроки,2024-05-09,8740747492587586
2029957800821,2024-05-10 03:00:37,МИхаИЛ оРлОв,8(9607) 26-94,2,ИгРуШКа Мяч,1,249.35,50.65,ComplETed,Нужно уточнить сроки,2024-05-09,8740747492587586
2029957799338,12.05.2024 23:02,аНна СмирноВа,+7(9118)05-70,4,пОДпИскА На гаЗЕТУ,5,2605.83,394.17,PrOcEssing,подарок вовремя,2024/05/19,9744737835168594
2029957798340,2024/05/01 20:51:33,ДМИтриЙ КуЗНеЦов,8(9158) 39-84,4,ПоДПисКа нА ГаЗЕТу,3,1739.7,60.3,cOmPLeTed,Нужно уточнить сроки,22.05.2024,7397757810781473
2029957798340,2024/05/01 20:51:33,ДМИтриЙ КуЗНеЦов,8(9158) 39-84,4,ПОдПиСкА НА ГазеТУ,4,2265.3,134.7,cOmplEted,Нужно уточнить сроки,22.05.2024,7397757810781473
2029957797270,2024/05/06 02:02:50,дмитрий кУзнецОВ,8(9093) 17-10,3,АМуНИЦИЯ дЛЯ СоБАк,5,5863.41,136.59,caNCElLED,"Задержка с доставкой, печалька...",2024-05-13,5253281836308144
2029957797270,2024/05/06 02:02:50,дмитрий кУзнецОВ,8(9093) 17-10,2,ИгРУшКа мЯЧ,3,762.98,137.02,CanCELled,"Задержка с доставкой, печалька...",2024-05-13,5253281836308144
2029957797270,2024/05/06 02:02:50,дмитрий кУзнецОВ,8(9093) 17-10,1,кОРМ ДЛя СОбаК,5,2396.68,103.32,cANCeLLEd,"Задержка с доставкой, печалька...",2024-05-13,5253281836308144
2029957797270,2024/05/06 02:02:50,дмитрий кУзнецОВ,8(9093) 17-10,1,кОРм дЛЯ СобаК,5,2345.32,154.68,CanCElled,"Задержка с доставкой, печалька...",2024-05-13,5253281836308144
2029957796602,2024/05/08 09:40:54,оЛьГа кУЗнецОВа,+7 9722 75 80,4,ПодпИскА На газеТу,2,1109.58,90.42,PROcEssING,спасибо за заказ,2024/05/30,8206088264191417
2029957795889,2024/05/10 03:40:27,натАлЬЯ ВАСИлЬЕва,+7 9852 27 92,4,ПодПисКа на гаЗЕТу,3,1694.21,105.79,CompleTed,Ждём с нетерпением!,15.05.2024,0015068799800999
2029957795889,2024/05/10 03:40:27,натАлЬЯ ВАСИлЬЕва,+7 9852 27 92,1,кОрМ Для собАК,1,463.01,36.99,CoMpLEted,Ждём с нетерпением!,15.05.2024,0015068799800999
2029957795889,2024/05/10 03:40:27,натАлЬЯ ВАСИлЬЕва,+7 9852 27 92,3,амуНИЦия дЛЯ СобаК,3,3325.45,274.55,comPLeteD,Ждём с нетерпением!,15.05.2024,0015068799800999
2029957795889,2024/05/10 03:40:27,натАлЬЯ ВАСИлЬЕва,+7 9852 27 92,1,кОрм ДЛЯ сОбак,5,2309.4,190.6,COMpLETeD,Ждём с нетерпением!,15.05.2024,0015068799800999
2029957794895,2024/05/31 20:02:02,АлекСей МихАйЛОв,+7 9826 78 47,1,КОрм дЛя сОбАК,4,1780.79,219.21,coMplETeD,спасибо за заказ,2024/05/03,0123910729633936
2029957793431,13.05.2024 02:30,АНна смирнОВА,+7 9213 83 69,3,амуНиЦиЯ дЛЯ Собак,2,2087.12,312.88,cAncEllEd,"Задержка с доставкой, печалька...",20.05.2024,4454059381970847
2029957793431,13.05.2024 02:30,АНна смирнОВА,+7 9213 83 69,1,корМ ДлЯ сОбак,5,2097.48,402.52,caNCElLEd,"Задержка с доставкой, печалька...",20.05.2024,4454059381970847
2029957793431,13.05.2024 02:30,АНна смирнОВА,+7 9213 83 69,5,мОЛоКО,2,4943.35,1056.65,CaNCELled,"Задержка с доставкой, печалька...",20.05.2024,4454059381970847
2029957792817,2024-05-24 18:32:46,наталЬя вАсИлЬЕВа,8(9344) 53-94,5,моЛокО,1,2815.42,184.58,CaNcEllEd,"Задержка с доставкой, печалька...",2024/05/08,7687364472177827
2029957792817,2024-05-24 18:32:46,наталЬя вАсИлЬЕВа,8(9344) 53-94,5,МОлоКо,3,7345.35,1654.65,cANCelLED,"Задержка с доставкой, печалька...",2024/05/08,7687364472177827
2029957792817,2024-05-24 18:32:46,наталЬя вАсИлЬЕВа,8(9344) 53-94,3,амуниЦия ДЛЯ СобАк,5,5616.14,383.86,CAncELLEd,"Задержка с доставкой, печалька...",2024/05/08,7687364472177827
2029957791796,2024/05/11 17:51:03,иваН ивАнОв,8(9288) 16-00,4,пОДпиСКА нА гАзеТу,3,1689.47,110.53,ComPLeTED,Ждём с нетерпением!,2024/05/19,9977478427934265
2029957791796,2024/05/11 17:51:03,иваН ивАнОв,8(9288) 16-00,4,подПисКА нА гАзеТу,4,1987.06,412.94,ComPLEtEd,Ждём с нетерпением!,2024/05/19,9977478427934265
2029957791796,2024/05/11 17:51:03,иваН ивАнОв,8(9288) 16-00,2,игРушка МЯч,4,1054.99,145.01,CoMpletEd,Ждём с нетерпением!,2024/05/19,9977478427934265
2029957791796,2024/05/11 17:51:03,иваН ивАнОв,8(9288) 16-00,2,ИгРуШкА МЯч,5,1402.71,97.29,CoMpLETeD,Ждём с нетерпением!,2024/05/19,9977478427934265
2029957791796,2024/05/11 17:51:03,иваН ивАнОв,8(9288) 16-00,3,аМунИцИя дЛЯ собак,4,3885.47,914.53,cOMPleTed,Ждём с нетерпением!,2024/05/19,9977478427934265
2029957790368,23.05.2024 04:21,ольгА кУзНЕЦовА,+7(9343)22-34,2,ИгрУШКа мЯч,4,1171.86,28.14,compLEted,подарок вовремя,13.05.2024,9727707060481721
2029957790368,23.05.2024 04:21,ольгА кУзНЕЦовА,+7(9343)22-34,2,ИГРУШКа Мяч,5,1371.07,128.93,ComPlEteD,подарок вовремя,13.05.2024,9727707060481721
2029957789194,06.05.2024 04:39,МАрИя петРОВа,+7(9492)89-79,3,АмУНицИя ДЛя соБак,1,1058.09,141.91,prOCESsinG,подарок вовремя,2024/05/18,3851621292409984
2029957789194,06.05.2024 04:39,МАрИя петРОВа,+7(9492)89-79,3,амУнИЦия дЛЯ СОБАК,1,1180.34,19.66,PRocESSiNG,подарок вовремя,2024/05/18,3851621292409984
2029957788360,2024-05-03 15:17:12,МИХАил оРЛоВ,+7(9981)47-10,5,мОЛоКо,2,5838.42,161.58,ComPLetEd,Всё отлично!,23.05.2024,1234030493157614
2029957787742,2024-05-01 14:43:35,алЕкСей михАйлОв,8(9228) 59-96,2,ИгРУШКА мяч,4,1180.12,19.88,CoMpleTEd,Нужно уточнить сроки,2024/05/26,5931584273434556
2029957786361,2024-05-04 19:11:16,Иван иванОв,+7 9385 92 93,2,иГРУшка Мяч,3,812.14,87.86,COMpLeTeD,подарок вовремя,14.05.2024,4154553253165265
2029957786361,2024-05-04 19:11:16,Иван иванОв,+7 9385 92 93,1,КОРМ дЛЯ СОбАк,3,1464.85,35.15,cOmPleTed,подарок вовремя,14.05.2024,4154553253165265
2029957786361,2024-05-04 19:11:16,Иван иванОв,+7 9385 92 93,4,поДПиСка нА газеТУ,5,2936.02,63.98,cOmpLeTeD,подарок вовремя,14.05.2024,4154553253165265
2029957786361,2024-05-04 19:11:16,Иван иванОв,+7 9385 92 93,5,мОлокО,5,13357.11,1642.89,coMpleTeD,подарок вовремя,14.05.2024,4154553253165265
2029957785446,24.05.2024 19:21,марИя ПЕтРоВа,+7(9818)58-39,5,моЛоКО,3,7889.22,1110.78,cAnCEllED,"Задержка с доставкой, печалька...",29.05.2024,1735301956953192
2029957785446,24.05.2024 19:21,марИя ПЕтРоВа,+7(9818)58-39,4,пОдпИскА нА ГаЗетУ,5,2766.81,233.19,CAnceLLED,"Задержка с доставкой, печалька...",29.05.2024,1735301956953192
2029957785446,24.05.2024 19:21,марИя ПЕтРоВа,+7(9818)58-39,1,Корм дЛя СОбак,3,1280.86,219.14,cANceLled,"Задержка с доставкой, печалька...",29.05.2024,1735301956953192
2029957784904,05.05.2024 02:55,АлекСеЙ мИХАйлОв,+7 9802 69 53,5,моЛоко,3,8713.05,286.95,cANcElLed,"Задержка с доставкой, печалька...",2024-05-24,6666934776360982
2029957784904,05.05.2024 02:55,АлекСеЙ мИХАйлОв,+7 9802 69 53,1,КорМ ДЛя СОбАк,2,979.98,20.02,CAncElLeD,"Задержка с доставкой, печалька...",2024-05-24,6666934776360982
2029957784904,05.05.2024 02:55,АлекСеЙ мИХАйлОв,+7 9802 69 53,5,МОлОко,4,10516.45,1483.55,canceLlEd,"Задержка с доставкой, печалька...",2024-05-24,6666934776360982
2029957783704,11.05.2024 03:37,аЛЕКсЕй МиХайлОв,+7 9608 60 36,2,игрушкА мЯЧ,3,826.07,73.93,prOCeSsINg,подарок вовремя,2024/05/01,3349665733832565
2029957783704,11.05.2024 03:37,аЛЕКсЕй МиХайлОв,+7 9608 60 36,2,игРУШкА Мяч,4,981.65,218.35,pROCeSsinG,подарок вовремя,2024/05/01,3349665733832565
2029957783704,11.05.2024 03:37,аЛЕКсЕй МиХайлОв,+7 9608 60 36,1,КоРМ ДЛЯ сОБАК,3,1428.9,71.1,PrOcesSing,подарок вовремя,2024/05/01,3349665733832565
2029957783704,11.05.2024 03:37,аЛЕКсЕй МиХайлОв,+7 9608 60 36,1,КОрМ для СОБак,2,857.06,142.94,ProcEsSinG,подарок вовремя,2024/05/01,3349665733832565
2029957782806,2024-05-13 16:48:07,дмитРий кУзНецОВ,+7 9921 86 15,5,мОЛОкО,3,7766.31,1233.69,cOmPlEteD,Всё отлично!,14.05.2024,6631881742553559
2029957782806,2024-05-13 16:48:07,дмитРий кУзНецОВ,+7 9921 86 15,2,иГрУшка Мяч,5,1329.01,170.99,COmpLeteD,Всё отлично!,14.05.2024,6631881742553559
2029957781874,2024-05-20 07:02:25,НаТальЯ вАСИЛЬевА,+7 9021 44 19,3,аМУНициЯ для соБАК,3,3177.88,422.12,pRocEssinG,Всё отлично!,27.05.2024,3693446104939055
2029957781874,2024-05-20 07:02:25,НаТальЯ вАСИЛЬевА,+7 9021 44 19,1,КОрМ дЛя собаК,3,1411.93,88.07,pRocesSINg,Всё отлично!,27.05.2024,3693446104939055
2029957780433,2024/05/21 14:54:43,маРИЯ пеТРОвА,8(9886) 85-54,3,аМуНИциЯ для СОбАК,5,5973.92,26.08,CoMPleteD,Ждём с нетерпением!,2024-05-05,0976591563870694
2029957780433,2024/05/21 14:54:43,маРИЯ пеТРОвА,8(9886) 85-54,5,МоЛОКО,4,11108.63,891.37,cOMPlEted,Ждём с нетерпением!,2024-05-05,0976591563870694
2029957780433,2024/05/21 14:54:43,маРИЯ пеТРОвА,8(9886) 85-54,1,Корм дЛЯ СОбАК,4,1687.06,312.94,cOMpLeTeD,Ждём с нетерпением!,2024-05-05,0976591563870694
2029957779639,2024/05/30 01:52:18,МИХаил оРлоВ,+7(9169)98-57,2,ИГрушКа МЯч,3,730.07,169.93,comPLetED,спасибо за заказ,12.05.2024,6668977084463832
2029957779639,2024/05/30 01:52:18,МИХаил оРлоВ,+7(9169)98-57,4,ПодпИСка на гАзету,2,1136.67,63.33,cOmpleTed,спасибо за заказ,12.05.2024,6668977084463832
2029957779639,2024/05/30 01:52:18,МИХаил оРлоВ,+7(9169)98-57,4,поДПиСка На ГАЗЕТУ,1,509.93,90.07,CoMpLETED,спасибо за заказ,12.05.2024,6668977084463832
2029957779639,2024/05/30 01:52:18,МИХаил оРлоВ,+7(9169)98-57,4,подписка На ГАзЕту,5,2751.33,248.67,COMPLEtED,спасибо за заказ,12.05.2024,6668977084463832
2029957779639,2024/05/30 01:52:18,МИХаил оРлоВ,+7(9169)98-57,4,ПОДпИСКа НА ГазеТУ,4,2277.97,122.03,CoMPletEd,спасибо за заказ,12.05.2024,6668977084463832
2029957778263,2024-05-03 23:22:25,мИХАил оРЛов,+7 9383 29 80,3,АмУнИция дЛя СоБаК,2,2296.42,103.58,ProcesSiNG,"Задержка с доставкой, печалька...",22.05.2024,2790048533415285
2029957778263,2024-05-03 23:22:25,мИХАил оРЛов,+7 9383 29 80,2,ИгРуШКА мяЧ,3,723.14,176.86,pRocESSInG,"Задержка с доставкой, печалька...",22.05.2024,2790048533415285
2029957778263,2024-05-03 23:22:25,мИХАил оРЛов,+7 9383 29 80,2,иГрУшКА мяЧ,2,590.19,9.81,PRoCesSIng,"Задержка с доставкой, печалька...",22.05.2024,2790048533415285
2029957778263,2024-05-03 23:22:25,мИХАил оРЛов,+7 9383 29 80,2,ИгрушКа мЯч,5,1325.11,174.89,pRoCEssINg,"Задержка с доставкой, печалька...",22.05.2024,2790048533415285
2029957777461,2024/05/14 10:21:10,анНа СмиРноВА,8(9183) 96-75,5,МОлОкО,1,2760.18,239.82,COmplETed,"Задержка с доставкой, печалька...",2024-05-06,9493747482292884
2029957776204,2024-05-06 23:35:53,ЕлЕна НовикоВА,8(9938) 75-12,3,аМунИЦИЯ дЛЯ Собак,1,967.68,232.32,cOMpleTEd,спасибо за заказ,17.05.2024,7175847680322664
2029957775479,2024-05-17 18:20:42,ЕлЕнА НовИкОВа,+7 9612 56 73,1,КОрм дЛя сОБАК,5,2406.37,93.63,COMPLETED,"Задержка с доставкой, печалька...",30.05.2024,4491419269815102
2029957774400,2024-05-05 07:27:49,ОлЬГа кузНЕцОВА,+7 9948 35 58,5,МОлОко,5,14567.76,432.24,CompleTEd,Проверить наличие,2024/05/06,4510131420932410
2029957774400,2024-05-05 07:27:49,ОлЬГа кузНЕцОВА,+7 9948 35 58,2,игрушКа МЯЧ,1,296.45,3.55,cOmPlETeD,Проверить наличие,2024/05/06,4510131420932410
2029957774400,2024-05-05 07:27:49,ОлЬГа кузНЕцОВА,+7 9948 35 58,1,корМ для собАк,1,440.45,59.55,cOMPleTEd,Проверить наличие,2024/05/06,4510131420932410
2029957773123,06.05.2024 12:57,иваН иВаНоВ,+7 9604 98 49,2,ИГРушка Мяч,4,1064.82,135.18,pROCessinG,подарок вовремя,2024-05-15,5420993535783522
2029957773123,06.05.2024 12:57,иваН иВаНоВ,+7 9604 98 49,2,иГрУШКа мяЧ,2,498.24,101.76,pROCeSSinG,подарок вовремя,2024-05-15,5420993535783522
2029957772633,2024/05/26 20:31:54,СЕРгЕй сиДОРОв,+7 9608 59 96,1,КоРМ Для сОБаК,4,1944.97,55.03,coMPlEtED,Всё отлично!,03.05.2024,5610674300785860
2029957771493,2024-05-15 21:20:51,ОЛьгА куЗНЕцова,+7(9713)15-73,3,АмунИциЯ ДЛЯ сОбаК,2,2299.81,100.19,cancElleD,"Задержка с доставкой, печалька...",2024/05/09,8320765863932935
2029957771493,2024-05-15 21:20:51,ОЛьгА куЗНЕцова,+7(9713)15-73,2,ИГРуШКА мЯч,2,547.44,52.56,cancELleD,"Задержка с доставкой, печалька...",2024/05/09,8320765863932935
2029957771493,2024-05-15 21:20:51,ОЛьгА куЗНЕцова,+7(9713)15-73,3,амуНициЯ Для сОБАК,5,5150.55,849.45,CANCElLed,"Задержка с доставкой, печалька...",2024/05/09,8320765863932935
2029957771493,2024-05-15 21:20:51,ОЛьгА куЗНЕцова,+7(9713)15-73,4,ПодПИСкА На ГАЗету,5,2632.52,367.48,CAncelLeD,"Задержка с доставкой, печалька...",2024/05/09,8320765863932935
2029957771493,2024-05-15 21:20:51,ОЛьгА куЗНЕцова,+7(9713)15-73,5,МОЛокО,5,14722.65,277.35,CANCEllEd,"Задержка с доставкой, печалька...",2024/05/09,8320765863932935
2029957770855,17.05.2024 02:22,ИВаН иВАНОв,+7 9541 92 20,1,КОРм дЛЯ соБак,3,1245.31,254.69,PrOCESSinG,"Задержка с доставкой, печалька...",22.05.2024,3575622622677417
2029957770855,17.05.2024 02:22,ИВаН иВАНОв,+7 9541 92 20,4,пОДписКа на ГаЗету,1,487.41,112.59,pRocEssIng,"Задержка с доставкой, печалька...",22.05.2024,3575622622677417
2029957769575,20.05.2024 23:20,Анна СМирНоВа,+7 9924 70 18,2,игрУШкА МЯч,3,859.37,40.63,prOcESsIng,спасибо за заказ,27.05.2024,2663889236058506
2029957769575,20.05.2024 23:20,Анна СМирНоВа,+7 9924 70 18,3,АМУниЦИя длЯ соБак,3,2944.65,655.35,prOCesSinG,спасибо за заказ,27.05.2024,2663889236058506
2029957769575,20.05.2024 23:20,Анна СМирНоВа,+7 9924 70 18,3,АмУНициЯ ДЛя Собак,4,4687.32,112.68,pRoCeSsING,спасибо за заказ,27.05.2024,2663889236058506
2029957769575,20.05.2024 23:20,Анна СМирНоВа,+7 9924 70 18,2,ИГРУшКА МЯЧ,2,487.43,112.57,proceSsiNg,спасибо за заказ,27.05.2024,2663889236058506
2029957768117,2024/05/09 17:01:11,АнНА сМИрнОВА,+7(9776)20-15,4,ПОдПиска нА ГаЗеТу,1,503.23,96.77,CAncELLed,Проверить наличие,03.05.2024,3467090681857132
2029957768117,2024/05/09 17:01:11,АнНА сМИрнОВА,+7(9776)20-15,3,АмуНИЦИЯ ДЛя сОБАК,3,3075.78,524.22,CANcelled,Проверить наличие,03.05.2024,3467090681857132
2029957768117,2024/05/09 17:01:11,АнНА сМИрнОВА,+7(9776)20-15,1,кОрм длЯ Собак,5,2216.96,283.04,Cancelled,Проверить наличие,03.05.2024,3467090681857132
2029957767891,2024-05-06 08:11:13,марИЯ пЕТРОВа,8(9426) 36-45,4,ПОДписка НА гАЗЕту,2,1079.8,120.2,CAncEllEd,спасибо за заказ,25.05.2024,5065336519219839
2029957767891,2024-05-06 08:11:13,марИЯ пЕТРОВа,8(9426) 36-45,5,мОлоКо,4,10130.96,1869.04,cAnCELlED,спасибо за заказ,25.05.2024,5065336519219839
2029957767891,2024-05-06 08:11:13,марИЯ пЕТРОВа,8(9426) 36-45,3,аМуНицИя длЯ СоБАк,5,5596.78,403.22,CanCelLeD,спасибо за заказ,25.05.2024,5065336519219839
2029957767891,2024-05-06 08:11:13,марИЯ пЕТРОВа,8(9426) 36-45,1,КоРм Для Собак,5,2379.4,120.6,cAncelleD,спасибо за заказ,25.05.2024,5065336519219839
2029957766698,2024-05-25 17:37:08,ОлЬга кузнеЦОва,8(9789) 81-34,4,подПисКа на гаЗеТу,4,2021.19,378.81,proCeSsInG,Ждём с нетерпением!,2024-05-20,1837359667608246
2029957766698,2024-05-25 17:37:08,ОлЬга кузнеЦОва,8(9789) 81-34,3,амуНИЦИЯ ДЛЯ сОбАК,1,1182.51,17.49,pRoCessiNG,Ждём с нетерпением!,2024-05-20,1837359667608246
2029957766698,2024-05-25 17:37:08,ОлЬга кузнеЦОва,8(9789) 81-34,2,ИгрушКА МяЧ,5,1439.49,60.51,PRoceSSINg,Ждём с нетерпением!,2024-05-20,1837359667608246
2029957766698,2024-05-25 17:37:08,ОлЬга кузнеЦОва,8(9789) 81-34,1,Корм ДЛЯ Собак,5,2170.56,329.44,pROcesSINg,Ждём с нетерпением!,2024-05-20,1837359667608246
2029957766698,2024-05-25 17:37:08,ОлЬга кузнеЦОва,8(9789) 81-34,4,поДпискА нА ГазЕтУ,5,2406.47,593.53,pROCESsINg,Ждём с нетерпением!,2024-05-20,1837359667608246
2029957765901,12.05.2024 10:59,мАриЯ пЕтрОва,+7(9822)94-64,1,КоРм Для СОБАк,3,1206.13,293.87,CancelLED,"Задержка с доставкой, печалька...",16.05.2024,4295580950738684
2029957765901,12.05.2024 10:59,мАриЯ пЕтрОва,+7(9822)94-64,1,КоРМ для СоБАК,2,835.17,164.83,CANCElLed,"Задержка с доставкой, печалька...",16.05.2024,4295580950738684
2029957765901,12.05.2024 10:59,мАриЯ пЕтрОва,+7(9822)94-64,1,КорМ дЛя сОБаК,2,931.23,68.77,CAnCELled,"Задержка с доставкой, печалька...",16.05.2024,4295580950738684
2029957764526,2024/05/28 19:25:16,МаРИя ПЕТРоВа,8(9744) 56-37,4,ПОдписКА НА ГАЗеТу,1,568.46,31.54,CanCeLlEd,спасибо за заказ,2024/05/14,5575355313798383
2029957764526,2024/05/28 19:25:16,МаРИя ПЕТРоВа,8(9744) 56-37,2,ИгРУшкА мяч,3,815.68,84.32,CAncellEd,спасибо за заказ,2024/05/14,5575355313798383
2029957764526,2024/05/28 19:25:16,МаРИя ПЕТРоВа,8(9744) 56-37,5,МоЛоКО,1,2500.6,499.4,canCeLlEd,спасибо за заказ,2024/05/14,5575355313798383
2029957764526,2024/05/28 19:25:16,МаРИя ПЕТРоВа,8(9744) 56-37,1,КОРм дЛЯ соБак,4,1846.83,153.17,CANceLled,спасибо за заказ,2024/05/14,5575355313798383
2029957763232,2024/05/01 23:40:32,михАиЛ Орлов,+7(9356)28-39,1,кОрм дЛя СоБАК,5,2303.66,196.34,cANCellED,Всё отлично!,2024/05/13,1211092950270198
2029957762838,29.05.2024 02:03,НАТАлЬя ВАСиЛьЕва,8(9031) 30-80,4,поДПИСка нА газеТу,1,591.97,8.03,cOMPletEd,Всё отлично!,30.05.2024,5775251406889592
2029957761499,2024/05/25 02:10:44,аЛеКСеЙ михайЛОв,8(9624) 64-98,5,МОлоКо,4,10313.81,1686.19,pROcEsSInG,подарок вовремя,07.05.2024,9093549864433700
2029957760300,22.05.2024 15:46,оЛьга куЗНеЦовА,+7 9406 00 39,3,АмуНИцИЯ для СОбак,5,4924.85,1075.15,CoMPLeTEd,спасибо за заказ,17.05.2024,7835218803494562
2029958015609,2024-05-20 13:30:25,нАТАлья ВаСИлЬЕВа,+7(9910)46-26,3,АмУниЦиЯ Для СОБак,5,5168.85,831.15,CAncELlED,спасибо за заказ,2024/05/03,0534498006400293
2029958015609,2024-05-20 13:30:25,нАТАлья ВаСИлЬЕВа,+7(9910)46-26,3,аМУНИЦия дЛЯ Собак,3,3472.61,127.39,caNCeLlEd,спасибо за заказ,2024/05/03,0534498006400293
2029958015609,2024-05-20 13:30:25,нАТАлья ВаСИлЬЕВа,+7(9910)46-26,4,ПодПискА На гАЗЕТу,5,2638.25,361.75,canceLleD,спасибо за заказ,2024/05/03,0534498006400293
2029958015609,2024-05-20 13:30:25,нАТАлья ВаСИлЬЕВа,+7(9910)46-26,4,ПОДПИска на ГазеТу,4,2131.3,268.7,CANCelLed,спасибо за заказ,2024/05/03,0534498006400293
2029958015609,2024-05-20 13:30:25,нАТАлья ВаСИлЬЕВа,+7(9910)46-26,3,амУНИЦИя ДлЯ сОбаК,1,1080.36,119.64,caNCeLleD,спасибо за заказ,2024/05/03,0534498006400293
2029958014418,2024-05-30 08:15:06,НАТАЛЬЯ вАсиЛьЕвА,+7 9576 47 44,1,кОРМ дЛЯ СобАК,5,2499.13,0.87,pROCESSiNG,"Задержка с доставкой, печалька...",29.05.2024,5487589014260822
2029958013437,03.05.2024 04:37,дмиТриЙ кУЗНеЦов,+7 9012 55 67,1,КОРМ Для сОбаК,5,2222.96,277.04,CoMpLeTeD,Всё отлично!,2024-05-18,9238513747464874
2029958013437,03.05.2024 04:37,дмиТриЙ кУЗНеЦов,+7 9012 55 67,3,аМуНИЦия для собАк,4,3909.57,890.43,cOMplETeD,Всё отлично!,2024-05-18,9238513747464874
2029958013437,03.05.2024 04:37,дмиТриЙ кУЗНеЦов,+7 9012 55 67,5,молокО,4,10408.48,1591.52,cOmpLetED,Всё отлично!,2024-05-18,9238513747464874
2029958013437,03.05.2024 04:37,дмиТриЙ кУЗНеЦов,+7 9012 55 67,4,ПОдпИСкА НА ГаЗеТУ,5,2453.5,546.5,coMpleteD,Всё отлично!,2024-05-18,9238513747464874
2029958012993,22.05.2024 19:37,ОлЬГа КУзнеЦова,+7 9028 27 61,4,ПОдписКА НА ГазетУ,3,1619.69,180.31,coMPlEtEd,Нужно уточнить сроки,2024/05/21,8282212630935565
2029958012993,22.05.2024 19:37,ОлЬГа КУзнеЦова,+7 9028 27 61,5,мОЛОКО,3,8956.21,43.79,complEteD,Нужно уточнить сроки,2024/05/21,8282212630935565
2029958012993,22.05.2024 19:37,ОлЬГа КУзнеЦова,+7 9028 27 61,3,АМУНициЯ Для собаК,3,3382.35,217.65,CompLeTEd,Нужно уточнить сроки,2024/05/21,8282212630935565
2029958012993,22.05.2024 19:37,ОлЬГа КУзнеЦова,+7 9028 27 61,5,мОлОКо,4,9742.8,2257.2,CompLetED,Нужно уточнить сроки,2024/05/21,8282212630935565
2029958011714,2024/05/26 04:10:58,ЕЛенА НовиКоВа,8(9879) 82-94,5,МОЛОКО,5,14712.46,287.54,COMpLEted,"Задержка с доставкой, печалька...",18.05.2024,1422399984694052
2029958011714,2024/05/26 04:10:58,ЕЛенА НовиКоВа,8(9879) 82-94,2,иГРуШКа МЯЧ,3,816.87,83.13,COmpLeTEd,"Задержка с доставкой, печалька...",18.05.2024,1422399984694052
2029958010518,2024/05/17 10:11:58,АНна СМирновА,+7 9061 89 85,2,ИгруШка мяч,4,1171.9,28.1,pROCESsInG,Проверить наличие,2024-05-02,6425867401973896
2029958010518,2024/05/17 10:11:58,АНна СМирновА,+7 9061 89 85,2,ИГРУШКА мЯЧ,3,895.9,4.1,procEsSing,Проверить наличие,2024-05-02,6425867401973896
2029958010518,2024/05/17 10:11:58,АНна СМирновА,+7 9061 89 85,3,АмУНИция для СОбАк,3,3016.47,583.53,pROcEssing,Проверить наличие,2024-05-02,6425867401973896
2029958010518,2024/05/17 10:11:58,АНна СМирновА,+7 9061 89 85,1,КОРМ длЯ сОБаК,5,2036.1,463.9,pROcessInG,Проверить наличие,2024-05-02,6425867401973896
2029958010518,2024/05/17 10:11:58,АНна СМирновА,+7 9061 89 85,3,амуниЦиЯ ДЛЯ собаК,3,2983.3,616.7,pRoCeSSIng,Проверить наличие,2024-05-02,6425867401973896
2029958009433,2024/05/05 06:32:20,АЛеКСей мИХаЙлоВ,8(9052) 68-96,1,кОРМ ДЛЯ СоБаК,2,834.0,166.0,proCeSSIng,подарок вовремя,2024-05-26,1775704124391613
2029958009433,2024/05/05 06:32:20,АЛеКСей мИХаЙлоВ,8(9052) 68-96,4,ПОДпИска На ГАзеТУ,3,1484.71,315.29,PRoceSSiNG,подарок вовремя,2024-05-26,1775704124391613
2029958009433,2024/05/05 06:32:20,АЛеКСей мИХаЙлоВ,8(9052) 68-96,2,ИгрУШка мЯч,3,828.61,71.39,PrOCeSSinG,подарок вовремя,2024-05-26,1775704124391613
2029958008932,22.05.2024 10:10,АлеКСей михАЙЛОв,8(9396) 64-14,1,кОрМ длЯ сОбаК,5,2392.99,107.01,caNcELleD,Нужно уточнить сроки,2024-05-05,5237479099029018
2029958008932,22.05.2024 10:10,АлеКСей михАЙЛОв,8(9396) 64-14,1,коРМ Для соБАК,3,1310.31,189.69,CAncELLED,Нужно уточнить сроки,2024-05-05,5237479099029018
2029958008932,22.05.2024 10:10,АлеКСей михАЙЛОв,8(9396) 64-14,2,ИГруШКа мяЧ,3,850.98,49.02,cancELled,Нужно уточнить сроки,2024-05-05,5237479099029018
2029958008932,22.05.2024 10:10,АлеКСей михАЙЛОв,8(9396) 64-14,2,игРуШКА мяЧ,5,1408.63,91.37,CAnCEllED,Нужно уточнить сроки,2024-05-05,5237479099029018
2029958008932,22.05.2024 10:10,АлеКСей михАЙЛОв,8(9396) 64-14,1,КОрм Для собак,5,2325.98,174.02,CanCELlEd,Нужно уточнить сроки,2024-05-05,5237479099029018
2029958007711,21.05.2024 16:55,АнНа СмИРнОвА,+7(9164)45-66,3,АМуНицИя для соБак,5,5094.29,905.71,pRoCEsSInG,Проверить наличие,10.05.2024,5474705695070491
2029958007711,21.05.2024 16:55,АнНа СмИРнОвА,+7(9164)45-66,2,иГрУшКА МяЧ,4,1044.49,155.51,pROCessIng,Проверить наличие,10.05.2024,5474705695070491
2029958006334,2024/05/22 01:05:03,МИхаИЛ ОрлоВ,+7 9644 14 59,5,моЛоКО,3,8473.34,526.66,pRoceSsiNG,подарок вовремя,2024-05-12,2353550179458707
2029958006334,2024/05/22 01:05:03,МИхаИЛ ОрлоВ,+7 9644 14 59,4,пОДПИскА на гаЗЕТУ,3,1440.05,359.95,ProcEssInG,подарок вовремя,2024-05-12,2353550179458707
2029958006334,2024/05/22 01:05:03,МИхаИЛ ОрлоВ,+7 9644 14 59,3,АмУнИЦиЯ для СОбАК,3,3200.14,399.86,prOcesSiNg,подарок вовремя,2024-05-12,2353550179458707
2029958005886,2024/05/10 09:48:12,марИя пЕтРОвА,+7 9058 89 85,2,Игрушка МяЧ,3,871.72,28.28,PrOcEssing,Всё отлично!,24.05.2024,8005990131604448
2029958005886,2024/05/10 09:48:12,марИя пЕтРОвА,+7 9058 89 85,2,ИГРуШКА мЯЧ,5,1250.35,249.65,prOcESsing,Всё отлично!,24.05.2024,8005990131604448
2029958004538,30.05.2024 13:21,марИЯ ПЕтрова,8(9411) 24-31,3,АМУнИция Для соБАк,3,3593.44,6.56,cOMPLETED,Проверить наличие,25.05.2024,5728859513288161
2029958004538,30.05.2024 13:21,марИЯ ПЕтрова,8(9411) 24-31,5,молОКо,3,8445.24,554.76,ComplEtED,Проверить наличие,25.05.2024,5728859513288161
2029958003146,2024/05/18 04:37:45,аННА сМирНоВА,8(9492) 84-54,3,амуНИЦия длЯ сОБак,3,3147.1,452.9,CaNcelLEd,Нужно уточнить сроки,18.05.2024,2810396738996905
2029958003146,2024/05/18 04:37:45,аННА сМирНоВА,8(9492) 84-54,4,ПОдПИСка НА ГаЗетУ,4,2264.63,135.37,canCelleD,Нужно уточнить сроки,18.05.2024,2810396738996905
2029958002290,2024/05/31 17:03:32,оЛЬГА кУзнЕЦОвА,+7 9109 79 69,3,АмунИЦия ДлЯ СобАК,1,1062.37,137.63,cAnCEllEd,"Задержка с доставкой, печалька...",2024-05-21,5398360805694034
2029958002290,2024/05/31 17:03:32,оЛЬГА кУзнЕЦОвА,+7 9109 79 69,1,Корм дЛЯ сОБАк,2,946.29,53.71,canCELLeD,"Задержка с доставкой, печалька...",2024-05-21,5398360805694034
2029958001261,2024/05/21 19:51:19,дмитрИЙ кУЗнеЦОВ,8(9638) 51-39,4,пОДПисКА нА гАзету,3,1604.49,195.51,PROCESsInG,спасибо за заказ,08.05.2024,3694174626542456
2029958001261,2024/05/21 19:51:19,дмитрИЙ кУЗнеЦОВ,8(9638) 51-39,5,МОлОко,3,7473.79,1526.21,procESsiNG,спасибо за заказ,08.05.2024,3694174626542456
2029958001261,2024/05/21 19:51:19,дмитрИЙ кУЗнеЦОВ,8(9638) 51-39,1,кОРм ДлЯ СоБаК,4,1719.31,280.69,prOcESSiNg,спасибо за заказ,08.05.2024,3694174626542456
2029958000958,11.05.2024 12:12,дмитРий куЗНЕЦов,8(9478) 12-38,4,ПОдписКа нА ГазЕтУ,4,2004.65,395.35,CANcellED,"Задержка с доставкой, печалька...",29.05.2024,4296310655041263
2029958000958,11.05.2024 12:12,дмитРий куЗНЕЦов,8(9478) 12-38,3,аМунИцИЯ ДЛЯ СОБак,3,3588.25,11.75,CAnceLlED,"Задержка с доставкой, печалька...",29.05.2024,4296310655041263
2029958000958,11.05.2024 12:12,дмитРий куЗНЕЦов,8(9478) 12-38,4,ПОДПИСка На ГаЗетУ,2,1075.41,124.59,CAnCELLeD,"Задержка с доставкой, печалька...",29.05.2024,4296310655041263
2029958000958,11.05.2024 12:12,дмитРий куЗНЕЦов,8(9478) 12-38,2,игРУшкА мяЧ,4,1023.26,176.74,CANCelLED,"Задержка с доставкой, печалька...",29.05.2024,4296310655041263
2029958000958,11.05.2024 12:12,дмитРий куЗНЕЦов,8(9478) 12-38,5,молоко,3,7487.46,1512.54,cancelled,"Задержка с доставкой, печалька...",29.05.2024,4296310655041263
2029957999806,2024-05-02 22:07:13,еЛЕНа НОвИкОВА,8(9274) 26-05,1,кОрМ дЛЯ СОбАК,1,419.96,80.04,PrOcesSiNG,подарок вовремя,2024/05/04,0183791090970009
2029957998510,15.05.2024 14:58,АЛЕксей миХаЙлов,8(9834) 24-24,5,моЛОко,3,8488.65,511.35,PrOcESSinG,"Задержка с доставкой, печалька...",29.05.2024,9652426466506076
2029957998510,15.05.2024 14:58,АЛЕксей миХаЙлов,8(9834) 24-24,3,амУниЦия ДЛя СобАК,2,2344.19,55.81,PrOCEssINg,"Задержка с доставкой, печалька...",29.05.2024,9652426466506076
2029957998510,15.05.2024 14:58,АЛЕксей миХаЙлов,8(9834) 24-24,5,МоЛоКО,1,2424.87,575.13,PrOCEsSInG,"Задержка с доставкой, печалька...",29.05.2024,9652426466506076
2029957998510,15.05.2024 14:58,АЛЕксей миХаЙлов,8(9834) 24-24,4,ПодПискА на ГАзеТУ,3,1469.26,330.74,PRocESsiNg,"Задержка с доставкой, печалька...",29.05.2024,9652426466506076
2029957998510,15.05.2024 14:58,АЛЕксей миХаЙлов,8(9834) 24-24,1,корМ Для СОБак,5,2171.51,328.49,PRoceSsIng,"Задержка с доставкой, печалька...",29.05.2024,9652426466506076
2029957997492,24.05.2024 12:11,иВаН иВаНОв,8(9074) 27-68,3,аМУНиЦиЯ для сОбАК,1,967.83,232.17,canCEllEd,Проверить наличие,2024-05-13,7891706074200277
2029957997492,24.05.2024 12:11,иВаН иВаНОв,8(9074) 27-68,4,пОДПиСКа НА ГаЗЕТУ,4,2362.62,37.38,CANCeLLed,Проверить наличие,2024-05-13,7891706074200277
2029957997492,24.05.2024 12:11,иВаН иВаНОв,8(9074) 27-68,5,мОЛоко,5,14938.76,61.24,CaNcelleD,Проверить наличие,2024-05-13,7891706074200277
2029957997492,24.05.2024 12:11,иВаН иВаНОв,8(9074) 27-68,4,пОдПискА на ГАзеТУ,3,1481.88,318.12,cancellED,Проверить наличие,2024-05-13,7891706074200277
2029957997492,24.05.2024 12:11,иВаН иВаНОв,8(9074) 27-68,2,иГРУШКа МяЧ,1,268.48,31.52,CancELlEd,Проверить наличие,2024-05-13,7891706074200277
2029957996307,13.05.2024 16:15,алеКСей мИХайЛОв,+7 9488 40 23,3,амуНИЦия дЛя соБаК,4,4207.17,592.83,cANCElled,Нужно уточнить сроки,23.05.2024,9961391382126113
2029957996307,13.05.2024 16:15,алеКСей мИХайЛОв,+7 9488 40 23,2,ИГрУШКА Мяч,4,1108.16,91.84,cANcellEd,Нужно уточнить сроки,23.05.2024,9961391382126113
2029957996307,13.05.2024 16:15,алеКСей мИХайЛОв,+7 9488 40 23,1,кОрм Для сОБАк,1,498.13,1.87,canCelLeD,Нужно уточнить сроки,23.05.2024,9961391382126113
2029957995993,2024-05-10 02:02:54,дМиТрий куЗнЕцов,+7 9657 05 59,3,АмУНИЦИЯ Для соБАк,2,2024.28,375.72,prOceSSiNG,"Задержка с доставкой, печалька...",2024-05-19,1287501542111190
2029957995993,2024-05-10 02:02:54,дМиТрий куЗнЕцов,+7 9657 05 59,4,ПОДПиСкА нА газЕТУ,3,1672.84,127.16,PrOcEsSINg,"Задержка с доставкой, печалька...",2024-05-19,1287501542111190
2029957995993,2024-05-10 02:02:54,дМиТрий куЗнЕцов,+7 9657 05 59,4,подпиСКА нА ГазЕту,4,1949.96,450.04,pRocESsiNg,"Задержка с доставкой, печалька...",2024-05-19,1287501542111190
2029957995993,2024-05-10 02:02:54,дМиТрий куЗнЕцов,+7 9657 05 59,4,пОдпиСКа НА гАЗЕтУ,4,2201.67,198.33,ProCESsiNg,"Задержка с доставкой, печалька...",2024-05-19,1287501542111190
2029957995993,2024-05-10 02:02:54,дМиТрий куЗнЕцов,+7 9657 05 59,4,ПОдПиСкА на Газету,4,2031.47,368.53,prOcESSING,"Задержка с доставкой, печалька...",2024-05-19,1287501542111190
2029957994514,01.05.2024 16:44,ОЛЬгА кУЗНецОва,8(9647) 85-33,3,АмуНиЦИЯ для сОбаК,5,4884.14,1115.86,COmpLeTeD,Всё отлично!,2024-05-15,9640819899538085
2029957994514,01.05.2024 16:44,ОЛЬгА кУЗНецОва,8(9647) 85-33,1,корм ДЛЯ СОбАк,2,920.14,79.86,COMpLeTED,Всё отлично!,2024-05-15,9640819899538085
2029957994514,01.05.2024 16:44,ОЛЬгА кУЗНецОва,8(9647) 85-33,3,АМУницИЯ Для СОБак,1,1016.7,183.3,cOMPLeTEd,Всё отлично!,2024-05-15,9640819899538085
2029957993620,2024-05-31 19:41:46,ДмИтриЙ кУЗНецОв,8(9072) 26-72,1,кОрМ для СОБАК,1,434.64,65.36,caNCelLEd,Проверить наличие,22.05.2024,9348271804901102
2029957993620,2024-05-31 19:41:46,ДмИтриЙ кУЗНецОв,8(9072) 26-72,4,пОдпИсКа на ГазЕтУ,3,1440.13,359.87,cANCElleD,Проверить наличие,22.05.2024,9348271804901102
2029957993620,2024-05-31 19:41:46,ДмИтриЙ кУЗНецОв,8(9072) 26-72,5,мОЛОко,3,8386.43,613.57,CANcellEd,Проверить наличие,22.05.2024,9348271804901102
2029957993620,2024-05-31 19:41:46,ДмИтриЙ кУЗНецОв,8(9072) 26-72,3,аМуницИя ДЛя СоБАк,3,3277.33,322.67,caNCeLlEd,Проверить наличие,22.05.2024,9348271804901102
2029957992288,05.05.2024 10:24,ольГа КузНЕЦоВА,8(9146) 33-03,2,ИГрУШКа МЯЧ,3,852.32,47.68,pROCEsSING,подарок вовремя,2024-05-10,0696143378800505
2029957992288,05.05.2024 10:24,ольГа КузНЕЦоВА,8(9146) 33-03,2,ИГРуШка Мяч,4,991.33,208.67,pRocESSING,подарок вовремя,2024-05-10,0696143378800505
2029957992288,05.05.2024 10:24,ольГа КузНЕЦоВА,8(9146) 33-03,2,игРУшка МЯч,3,860.69,39.31,PrOCESsinG,подарок вовремя,2024-05-10,0696143378800505
2029957991139,06.05.2024 02:12,дмиТрий КУЗнецоВ,8(9354) 04-82,3,АмуниЦИЯ ДЛя СОбАк,3,2975.93,624.07,PRoceSSINg,подарок вовремя,2024-05-29,2012318195309422
2029957990292,31.05.2024 09:12,мИХАиЛ ОрЛоВ,+7(9801)07-79,4,ПОдписКА На ГАзЕТу,1,575.68,24.32,PROceSsING,подарок вовремя,2024/05/16,8661364874365356
2029957990292,31.05.2024 09:12,мИХАиЛ ОрЛоВ,+7(9801)07-79,5,молоКО,5,13555.85,1444.15,PROceSsing,подарок вовремя,2024/05/16,8661364874365356
2029957990292,31.05.2024 09:12,мИХАиЛ ОрЛоВ,+7(9801)07-79,4,ПодпИСкА на гАЗетУ,1,582.71,17.29,proCeSsINg,подарок вовремя,2024/05/16,8661364874365356
2029957990292,31.05.2024 09:12,мИХАиЛ ОрЛоВ,+7(9801)07-79,1,Корм ДлЯ СоБаК,3,1342.35,157.65,PROcEsSiNG,подарок вовремя,2024/05/16,8661364874365356
2029957990292,31.05.2024 09:12,мИХАиЛ ОрЛоВ,+7(9801)07-79,5,моЛОко,1,2934.04,65.96,PRocESsING,подарок вовремя,2024/05/16,8661364874365356
2029957989142,2024-05-22 20:54:34,АлЕКсеЙ михАйлОВ,+7(9015)98-46,4,подПиСкА нА гаЗету,4,2152.44,247.56,CaNcELLEd,подарок вовремя,2024/05/08,4546001071948997
2029957989142,2024-05-22 20:54:34,АлЕКсеЙ михАйлОВ,+7(9015)98-46,5,МОЛОКо,1,2895.99,104.01,CanCeLLeD,подарок вовремя,2024/05/08,4546001071948997
2029957989142,2024-05-22 20:54:34,АлЕКсеЙ михАйлОВ,+7(9015)98-46,4,ПОдпИСка нА гАЗеТУ,1,561.18,38.82,CANCElleD,подарок вовремя,2024/05/08,4546001071948997
2029957989142,2024-05-22 20:54:34,АлЕКсеЙ михАйлОВ,+7(9015)98-46,3,АмУНиЦИЯ ДлЯ СобАК,5,5780.89,219.11,CanCellEd,подарок вовремя,2024/05/08,4546001071948997
2029957988600,19.05.2024 12:21,ИВАН иВаноВ,+7 9475 94 20,4,подПисКА на ГаЗЕТу,3,1525.42,274.58,ProCesSing,спасибо за заказ,2024/05/29,7527145004862097
2029957988600,19.05.2024 12:21,ИВАН иВаноВ,+7 9475 94 20,4,подПиСКА на ГазеТу,5,2662.29,337.71,pRocesSIng,спасибо за заказ,2024/05/29,7527145004862097
2029957988600,19.05.2024 12:21,ИВАН иВаноВ,+7 9475 94 20,1,КоРМ ДЛя собаК,3,1484.4,15.6,ProcEssing,спасибо за заказ,2024/05/29,7527145004862097
2029957988600,19.05.2024 12:21,ИВАН иВаноВ,+7 9475 94 20,1,КоРм длЯ СОБак,4,1699.79,300.21,prOceSsing,спасибо за заказ,2024/05/29,7527145004862097
2029957988600,19.05.2024 12:21,ИВАН иВаноВ,+7 9475 94 20,2,иГРУШка МЯч,1,258.86,41.14,prOcESsINg,спасибо за заказ,2024/05/29,7527145004862097
2029957987691,2024/05/04 11:01:06,дМИТрий КузНЕЦоВ,8(9596) 75-35,3,АМУНиция ДЛя соБак,4,3949.42,850.58,cOmPLeteD,подарок вовремя,11.05.2024,1993097023767361
2029957987691,2024/05/04 11:01:06,дМИТрий КузНЕЦоВ,8(9596) 75-35,4,ПодпИСКА НА ГазеТу,2,1102.9,97.1,CompLetEd,подарок вовремя,11.05.2024,1993097023767361
2029957987691,2024/05/04 11:01:06,дМИТрий КузНЕЦоВ,8(9596) 75-35,5,МОЛОКО,2,5530.88,469.12,coMPLeTed,подарок вовремя,11.05.2024,1993097023767361
2029957986452,28.05.2024 16:25,аЛеКсей МИхайлОв,+7(9048)19-31,2,игРушкА мЯч,2,485.66,114.34,ComPLeTEd,Нужно уточнить сроки,18.05.2024,8611847345814909
2029957985709,2024-05-25 12:27:38,натаЛьЯ ВАсилЬеВа,+7(9392)08-86,4,подПИсКА нА ГазЕТу,4,2320.57,79.43,canceLlEd,Нужно уточнить сроки,2024-05-04,4123797855348107
2029957984662,2024/05/22 02:33:26,ДМиТрИЙ КУЗнЕцОВ,8(9418) 52-58,3,АмуНИция дЛЯ собак,1,1082.96,117.04,CANCElLED,спасибо за заказ,2024/05/10,3850651749864329
2029957984662,2024/05/22 02:33:26,ДМиТрИЙ КУЗнЕцОВ,8(9418) 52-58,1,кОрМ длЯ сОбАК,5,2275.01,224.99,CANcELleD,спасибо за заказ,2024/05/10,3850651749864329
2029957983184,2024/05/23 15:28:12,аЛеКсЕй мИХАЙЛов,+7(9798)74-65,2,игрУшкА Мяч,1,292.8,7.2,CoMPLEteD,спасибо за заказ,05.05.2024,1096359711981958
2029957983184,2024/05/23 15:28:12,аЛеКсЕй мИХАЙЛов,+7(9798)74-65,3,АмУнИЦиЯ длЯ СОБАК,5,5419.26,580.74,coMpLETeD,спасибо за заказ,05.05.2024,1096359711981958
2029957983184,2024/05/23 15:28:12,аЛеКсЕй мИХАЙЛов,+7(9798)74-65,3,аМУНИцИЯ ДЛя собак,1,1124.18,75.82,compLETed,спасибо за заказ,05.05.2024,1096359711981958
2029957983184,2024/05/23 15:28:12,аЛеКсЕй мИХАЙЛов,+7(9798)74-65,1,КоРм ДЛЯ собАк,5,2154.91,345.09,coMPlETeD,спасибо за заказ,05.05.2024,1096359711981958
2029957982923,24.05.2024 16:15,МАрия ПЕТРОВа,+7(9028)08-83,3,аМуНиЦИя ДлЯ сОБаК,2,2177.67,222.33,cANcELLeD,подарок вовремя,03.05.2024,9418056948117674
2029957982923,24.05.2024 16:15,МАрия ПЕТРОВа,+7(9028)08-83,4,ПОдпИСКА нА гАзЕТУ,2,1196.49,3.51,CAnCELLEd,подарок вовремя,03.05.2024,9418056948117674
2029957982923,24.05.2024 16:15,МАрия ПЕТРОВа,+7(9028)08-83,3,амуНицИЯ ДЛя СОБАк,5,5645.73,354.27,CANcelled,подарок вовремя,03.05.2024,9418056948117674
2029957982923,24.05.2024 16:15,МАрия ПЕТРОВа,+7(9028)08-83,3,аМунИЦИя длЯ СоБАк,4,4498.16,301.84,canCELlEd,подарок вовремя,03.05.2024,9418056948117674
2029957981736,31.05.2024 10:07,алексеЙ мИХАЙЛов,8(9186) 75-02,3,АМУНиЦИЯ ДЛя сОбАК,4,4710.95,89.05,cOMpLeTeD,подарок вовремя,2024-05-17,2196206384433273
2029957981736,31.05.2024 10:07,алексеЙ мИХАЙЛов,8(9186) 75-02,5,мОЛоко,5,14805.86,194.14,Completed,подарок вовремя,2024-05-17,2196206384433273
2029957980762,2024/05/07 10:08:40,мАрия пЕтРОВа,8(9484) 68-59,3,АМунИциЯ ДЛЯ собаК,4,4235.56,564.44,COmplEtEd,"Задержка с доставкой, печалька...",18.05.2024,9719272647279030
2029957979959,25.05.2024 10:40,еЛена НовИКОВа,8(9743) 35-90,5,МоЛоКО,2,5545.0,455.0,compLETeD,"Задержка с доставкой, печалька...",2024/05/08,5333925510407319
2029957979959,25.05.2024 10:40,еЛена НовИКОВа,8(9743) 35-90,3,амуНИЦИя длЯ СОбак,1,1079.6,120.4,CompletEd,"Задержка с доставкой, печалька...",2024/05/08,5333925510407319
2029957978619,23.05.2024 16:45,МАрия пеТроВА,8(9976) 73-12,5,мОЛоКО,1,2850.03,149.97,COMpleted,спасибо за заказ,2024-05-04,0271478822172760
2029957977376,2024-05-16 23:23:57,НаталЬя ваСилЬЕвА,8(9460) 31-37,3,аМУнИцИя для СОбАк,3,2977.74,622.26,cancellEd,Ждём с нетерпением!,2024/05/13,0376686446460362
2029957977376,2024-05-16 23:23:57,НаталЬя ваСилЬЕвА,8(9460) 31-37,1,кОрм для соБАк,2,863.61,136.39,cAncELLeD,Ждём с нетерпением!,2024/05/13,0376686446460362
2029957977376,2024-05-16 23:23:57,НаталЬя ваСилЬЕвА,8(9460) 31-37,3,АМУНицИЯ ДлЯ СобАК,2,2380.02,19.98,CancElLED,Ждём с нетерпением!,2024/05/13,0376686446460362
2029957977376,2024-05-16 23:23:57,НаталЬя ваСилЬЕвА,8(9460) 31-37,5,МоЛОко,4,9666.91,2333.09,cAnCellEd,Ждём с нетерпением!,2024/05/13,0376686446460362
2029957976499,23.05.2024 11:43,СЕргЕЙ сИДОРов,+7(9419)91-47,2,ИгрУшка мяч,1,256.16,43.84,comPlETeD,Нужно уточнить сроки,05.05.2024,3678295680952899
2029957976499,23.05.2024 11:43,СЕргЕЙ сИДОРов,+7(9419)91-47,3,АмУНИцИЯ ДЛя соБАк,2,2229.38,170.62,comPleTeD,Нужно уточнить сроки,05.05.2024,3678295680952899
2029957976499,23.05.2024 11:43,СЕргЕЙ сИДОРов,+7(9419)91-47,1,кОРМ дЛя сОбак,3,1257.06,242.94,cOMPLETEd,Нужно уточнить сроки,05.05.2024,3678295680952899
2029957976499,23.05.2024 11:43,СЕргЕЙ сИДОРов,+7(9419)91-47,1,коРМ для сОБАК,2,814.64,185.36,completed,Нужно уточнить сроки,05.05.2024,3678295680952899
2029957976499,23.05.2024 11:43,СЕргЕЙ сИДОРов,+7(9419)91-47,3,АмУнИциЯ ДЛя СоБАк,4,4671.55,128.45,COMpLetED,Нужно уточнить сроки,05.05.2024,3678295680952899
2029957975157,28.05.2024 10:29,МИХаил оРЛОв,8(9215) 81-88,2,игрушКА МяЧ,3,850.34,49.66,prOceSSIng,"Задержка с доставкой, печалька...",2024/05/25,6043374928066760
2029957975157,28.05.2024 10:29,МИХаил оРЛОв,8(9215) 81-88,2,игРушкА Мяч,2,495.28,104.72,PRoCESsInG,"Задержка с доставкой, печалька...",2024/05/25,6043374928066760
2029957974980,2024-05-31 12:15:40,миХАил ОрлОв,+7(9991)96-10,4,поДпискА НА гАзЕТу,3,1701.42,98.58,CoMPLetEd,спасибо за заказ,31.05.2024,7786623092577582
2029957974980,2024-05-31 12:15:40,миХАил ОрлОв,+7(9991)96-10,1,кОРм ДлЯ сОБАК,4,1956.9,43.1,CompletEd,спасибо за заказ,31.05.2024,7786623092577582
2029957973340,01.05.2024 10:25,сергЕй СидОрОв,8(9095) 31-65,3,АМУНИцИЯ Для СОбаК,5,4962.29,1037.71,CANCeLLeD,подарок вовремя,27.05.2024,2677929044707377
2029957973340,01.05.2024 10:25,сергЕй СидОрОв,8(9095) 31-65,3,АмУНиция длЯ соБАК,5,5626.97,373.03,CANcELled,подарок вовремя,27.05.2024,2677929044707377
2029957972853,2024/05/20 02:13:34,НАтАЛЬЯ ваСилЬеВа,+7(9979)24-43,2,игРуШка МЯч,2,552.35,47.65,PROCesSIng,Ждём с нетерпением!,26.05.2024,3893854228855113
2029957971512,2024/05/23 23:41:42,АнНа смиРноВа,8(9015) 62-85,5,мОлОко,3,7263.38,1736.62,cancelled,Проверить наличие,22.05.2024,0779159571111546
2029957970965,2024/05/18 04:50:55,алеКСЕЙ миХайЛоВ,+7 9153 37 14,5,МОлоко,5,12746.26,2253.74,PRoceSSIng,спасибо за заказ,2024-05-08,2544039291469510
2029957969362,2024-05-17 11:39:45,ОЛЬгА КуЗНецоВа,8(9383) 90-86,2,иГрУШКА мяч,4,1137.8,62.2,PrOCEsSiNg,подарок вовремя,27.05.2024,7552744976980268
2029957969362,2024-05-17 11:39:45,ОЛЬгА КуЗНецоВа,8(9383) 90-86,1,КОрм ДЛЯ СОбАК,1,402.11,97.89,ProcessinG,подарок вовремя,27.05.2024,7552744976980268
2029957969362,2024-05-17 11:39:45,ОЛЬгА КуЗНецоВа,8(9383) 90-86,4,ПОдпискА нА ГАзЕТУ,2,1165.96,34.04,pROCESSING,подарок вовремя,27.05.2024,7552744976980268
2029957969362,2024-05-17 11:39:45,ОЛЬгА КуЗНецоВа,8(9383) 90-86,1,коРм ДЛЯ СОбак,5,2248.0,252.0,pROCEsSinG,подарок вовремя,27.05.2024,7552744976980268
2029957968632,2024/05/13 09:57:09,мАРия пЕтрова,+7(9428)82-27,3,АмУНИциЯ ДлЯ соБАк,3,2955.23,644.77,pROCESSiNg,Всё отлично!,13.05.2024,5343074765622538
2029957968632,2024/05/13 09:57:09,мАРия пЕтрова,+7(9428)82-27,4,ПОдпискА на гАЗЕТу,3,1543.19,256.81,PRocEssINg,Всё отлично!,13.05.2024,5343074765622538
2029957967216,2024-05-06 17:20:33,АННа сМИРнОВА,+7(9800)13-44,3,аМунициЯ длЯ СОбАк,4,4268.71,531.29,PROceSsING,подарок вовремя,2024/05/10,0516221259768701
2029957967216,2024-05-06 17:20:33,АННа сМИРнОВА,+7(9800)13-44,1,кОрМ ДЛя сОБак,5,2472.65,27.35,prOCESsIng,подарок вовремя,2024/05/10,0516221259768701
2029957966465,18.05.2024 15:55,МАРИя ПетРоВА,8(9092) 22-60,1,кОрМ для СоБак,1,422.83,77.17,CoMpLEteD,Всё отлично!,2024-05-03,6245794105899813
2029957965377,2024-05-06 21:10:02,аннА СМИРНова,+7(9531)61-07,1,кОрм для собаК,5,2102.63,397.37,CAnceLLED,Всё отлично!,2024-05-10,4321898933872367
2029957965377,2024-05-06 21:10:02,аннА СМИРНова,+7(9531)61-07,5,моЛоКо,2,5052.77,947.23,CaNcelLeD,Всё отлично!,2024-05-10,4321898933872367
2029957964631,2024/05/15 19:23:49,ИВан ИВАнов,+7(9201)38-67,2,ИГРУШка Мяч,5,1287.9,212.1,canceLLEd,подарок вовремя,22.05.2024,8892053149852965
2029957964631,2024/05/15 19:23:49,ИВан ИВАнов,+7(9201)38-67,1,коРм длЯ сОбАк,5,2053.19,446.81,caNceLLEd,подарок вовремя,22.05.2024,8892053149852965
2029957964631,2024/05/15 19:23:49,ИВан ИВАнов,+7(9201)38-67,4,пОдпИСка нА ГаЗЕТу,4,2310.19,89.81,CanCELlED,подарок вовремя,22.05.2024,8892053149852965
2029957963839,2024/05/29 21:45:31,ИвАН ИВАНов,+7(9555)24-76,2,игрУШка мяч,3,841.37,58.63,procEssiNg,Ждём с нетерпением!,15.05.2024,7696064317378556
2029957963839,2024/05/29 21:45:31,ИвАН ИВАНов,+7(9555)24-76,3,амУНиЦИЯ ДЛя соБаК,3,2883.91,716.09,pROcesSinG,Ждём с нетерпением!,15.05.2024,7696064317378556
2029957962995,2024/05/28 18:31:07,МариЯ пЕТрОвА,+7 9828 78 33,4,пОдпиСка НА гаЗету,2,1182.9,17.1,cOMpLEteD,Всё отлично!,2024-05-16,2621440306517619
2029957962995,2024/05/28 18:31:07,МариЯ пЕТрОвА,+7 9828 78 33,3,аМУНиЦия ДЛЯ СоБаК,4,4793.11,6.89,CoMpleteD,Всё отлично!,2024-05-16,2621440306517619
2029957961397,2024-05-16 19:24:02,НАТАльЯ ваСИльЕВа,+7 9245 20 94,3,аМунИциЯ ДЛя сОБак,2,2190.68,209.32,cANCElLEd,Нужно уточнить сроки,22.05.2024,2784013026050168
2029957961397,2024-05-16 19:24:02,НАТАльЯ ваСИльЕВа,+7 9245 20 94,2,ИГРуШКА мЯч,5,1448.06,51.94,CaNcELLED,Нужно уточнить сроки,22.05.2024,2784013026050168
2029957960965,2024-05-12 06:38:15,натАЛЬя ВАсИлЬЕва,+7(9312)05-43,4,ПОдПискА На ГАзетУ,3,1669.9,130.1,proceSsING,Нужно уточнить сроки,2024-05-22,1381977933859993
2029957960965,2024-05-12 06:38:15,натАЛЬя ВАсИлЬЕва,+7(9312)05-43,5,МолоКо,4,11675.88,324.12,PRoceSSInG,Нужно уточнить сроки,2024-05-22,1381977933859993
2029957960965,2024-05-12 06:38:15,натАЛЬя ВАсИлЬЕва,+7(9312)05-43,1,коРМ дЛЯ сОБаК,3,1429.17,70.83,pRoceSSINg,Нужно уточнить сроки,2024-05-22,1381977933859993
2029957959651,2024-05-23 19:28:38,маРИЯ петРова,8(9309) 72-69,3,АмУНицИя дЛя СОБАк,5,5447.42,552.58,ProcesSiNG,Ждём с нетерпением!,03.05.2024,9983226531134120
2029957959651,2024-05-23 19:28:38,маРИЯ петРова,8(9309) 72-69,5,мОЛОкО,5,12934.51,2065.49,prOcesSiNg,Ждём с нетерпением!,03.05.2024,9983226531134120
2029957959651,2024-05-23 19:28:38,маРИЯ петРова,8(9309) 72-69,5,МОЛоКо,3,8374.24,625.76,pROceSSing,Ждём с нетерпением!,03.05.2024,9983226531134120
2029957958164,29.05.2024 17:49,НаТАлья ВасИльЕВа,+7(9621)88-80,5,молоко,2,5247.7,752.3,pRoCessInG,спасибо за заказ,24.05.2024,8712418593029950
2029957958164,29.05.2024 17:49,НаТАлья ВасИльЕВа,+7(9621)88-80,5,моЛОко,5,12198.64,2801.36,pROCESSing,спасибо за заказ,24.05.2024,8712418593029950
2029957958164,29.05.2024 17:49,НаТАлья ВасИльЕВа,+7(9621)88-80,3,аМУнИЦиЯ ДЛя собак,1,1170.15,29.85,prOCeSsing,спасибо за заказ,24.05.2024,8712418593029950
2029957958164,29.05.2024 17:49,НаТАлья ВасИльЕВа,+7(9621)88-80,4,пОдпиСка нА ГАзЕТу,5,2619.83,380.17,pRoCeSSing,спасибо за заказ,24.05.2024,8712418593029950
2029957958164,29.05.2024 17:49,НаТАлья ВасИльЕВа,+7(9621)88-80,1,корМ ДЛЯ сОбАк,3,1461.9,38.1,PrOcESSINg,спасибо за заказ,24.05.2024,8712418593029950
2029957957898,2024/05/11 00:56:54,сеРГеЙ СиДОроВ,8(9815) 08-05,2,ИГРушка МяЧ,4,1155.65,44.35,CompLeTeD,спасибо за заказ,2024-05-20,0535365591303079
2029957957898,2024/05/11 00:56:54,сеРГеЙ СиДОроВ,8(9815) 08-05,3,аМУниция длЯ соБаК,5,5726.67,273.33,CoMPLEtED,спасибо за заказ,2024-05-20,0535365591303079
2029957957898,2024/05/11 00:56:54,сеРГеЙ СиДОроВ,8(9815) 08-05,4,подписКа НА ГАзету,4,1935.16,464.84,coMPLeTeD,спасибо за заказ,2024-05-20,0535365591303079
2029957957898,2024/05/11 00:56:54,сеРГеЙ СиДОроВ,8(9815) 08-05,3,аМУНИцИя ДЛя СОБАк,5,5137.51,862.49,COMPLEtED,спасибо за заказ,2024-05-20,0535365591303079
2029957957898,2024/05/11 00:56:54,сеРГеЙ СиДОроВ,8(9815) 08-05,1,Корм дЛЯ сОБак,3,1452.68,47.32,COmpLeTED,спасибо за заказ,2024-05-20,0535365591303079
2029957956343,2024/05/01 03:10:11,нАТаЛьЯ вАсиЛьева,+7(9361)31-53,5,мОЛоко,3,7304.8,1695.2,caNCelLed,"Задержка с доставкой, печалька...",21.05.2024,9946909146862512
2029957956343,2024/05/01 03:10:11,нАТаЛьЯ вАсиЛьева,+7(9361)31-53,4,ПОДПИСка нА гаЗЕТу,2,1045.14,154.86,cAnCElled,"Задержка с доставкой, печалька...",21.05.2024,9946909146862512
2029957956343,2024/05/01 03:10:11,нАТаЛьЯ вАсиЛьева,+7(9361)31-53,5,моЛокО,1,2511.63,488.37,cANCeLLeD,"Задержка с доставкой, печалька...",21.05.2024,9946909146862512
2029957956343,2024/05/01 03:10:11,нАТаЛьЯ вАсиЛьева,+7(9361)31-53,1,Корм ДЛЯ СОБаК,4,1959.24,40.76,CAncELLEd,"Задержка с доставкой, печалька...",21.05.2024,9946909146862512
2029957956343,2024/05/01 03:10:11,нАТаЛьЯ вАсиЛьева,+7(9361)31-53,4,подпИсКА на гаЗеТУ,2,1119.08,80.92,cANceLLeD,"Задержка с доставкой, печалька...",21.05.2024,9946909146862512
2029957955913,2024-05-11 02:53:08,оЛьга КуЗнеЦова,+7 9841 43 61,1,корм дЛя СоБАК,1,443.05,56.95,PROcessinG,подарок вовремя,2024/05/07,9408094219902512
2029957954173,2024/05/11 12:56:39,МаРия пЕтРоВА,+7(9127)74-08,3,АмУНицИя ДЛя СОБАК,4,3916.94,883.06,pRoCEsSIng,подарок вовремя,21.05.2024,6668131183257498
2029957954173,2024/05/11 12:56:39,МаРия пЕтРоВА,+7(9127)74-08,4,пОдпиСКа На ГАЗЕТу,5,2728.31,271.69,procesSinG,подарок вовремя,21.05.2024,6668131183257498
2029957954173,2024/05/11 12:56:39,МаРия пЕтРоВА,+7(9127)74-08,4,пОдпИСкА НА гаЗетУ,1,491.09,108.91,pROCESsing,подарок вовремя,21.05.2024,6668131183257498
2029957953936,31.05.2024 18:12,АнНА сМиРНова,8(9649) 63-95,5,МОЛОко,5,14228.24,771.76,CoMPLEteD,Нужно уточнить сроки,2024/05/12,5122698882273616
2029957953936,31.05.2024 18:12,АнНА сМиРНова,8(9649) 63-95,3,амУнИцИЯ дЛЯ собаК,3,3170.37,429.63,cOmPLetED,Нужно уточнить сроки,2024/05/12,5122698882273616
2029957953936,31.05.2024 18:12,АнНА сМиРНова,8(9649) 63-95,1,кОРм для сОБаК,3,1399.47,100.53,cOMPLeTeD,Нужно уточнить сроки,2024/05/12,5122698882273616
2029957953936,31.05.2024 18:12,АнНА сМиРНова,8(9649) 63-95,1,кОрм ДЛЯ соБаК,1,461.15,38.85,CoMpLEted,Нужно уточнить сроки,2024/05/12,5122698882273616
2029957952561,2024/05/02 00:50:24,дмиТрий КУЗнецоВ,8(9934) 34-52,4,подПисКА НА ГаЗЕту,1,505.2,94.8,ProCesSING,Ждём с нетерпением!,20.05.2024,6532896028318364
2029957952561,2024/05/02 00:50:24,дмиТрий КУЗнецоВ,8(9934) 34-52,4,ПодпИсКА НА гАЗеТУ,1,532.84,67.16,ProceSsiNG,Ждём с нетерпением!,20.05.2024,6532896028318364
2029957952561,2024/05/02 00:50:24,дмиТрий КУЗнецоВ,8(9934) 34-52,5,молоКо,4,10896.2,1103.8,pRoCESsing,Ждём с нетерпением!,20.05.2024,6532896028318364
2029957952561,2024/05/02 00:50:24,дмиТрий КУЗнецоВ,8(9934) 34-52,3,аМуНИциЯ ДлЯ соБАк,2,2149.08,250.92,ProCEssIng,Ждём с нетерпением!,20.05.2024,6532896028318364
2029957951300,2024-05-13 23:33:25,ИвАн иВАнОВ,+7(9220)54-93,1,КоРМ Для СОбаК,4,1924.01,75.99,prOcESSINg,"Задержка с доставкой, печалька...",06.05.2024,6563917913194852
2029957950185,2024/05/28 09:13:21,олЬга КУзНеЦОвА,+7(9003)64-73,3,амУНИцИя Для соБАк,3,3199.3,400.7,pROCESsinG,Проверить наличие,2024/05/13,5299569229703654
2029957950185,2024/05/28 09:13:21,олЬга КУзНеЦОвА,+7(9003)64-73,2,ИгруШКА мяЧ,5,1313.42,186.58,ProCeSsING,Проверить наличие,2024/05/13,5299569229703654
2029957950185,2024/05/28 09:13:21,олЬга КУзНеЦОвА,+7(9003)64-73,5,МОЛокО,4,9804.97,2195.03,pRoceSSInG,Проверить наличие,2024/05/13,5299569229703654
2029957950185,2024/05/28 09:13:21,олЬга КУзНеЦОвА,+7(9003)64-73,5,МОлоко,2,5434.72,565.28,PRocESsinG,Проверить наличие,2024/05/13,5299569229703654
2029957949641,2024/05/20 20:46:57,алЕКСЕй мИХайлоВ,8(9676) 53-13,1,кОрм ДЛЯ соБак,5,2431.69,68.31,prOceSsiNG,Ждём с нетерпением!,2024/05/10,5309874967439284
2029957949641,2024/05/20 20:46:57,алЕКСЕй мИХайлоВ,8(9676) 53-13,2,ИГРУШка мЯЧ,1,266.33,33.67,PROcessING,Ждём с нетерпением!,2024/05/10,5309874967439284
2029957949641,2024/05/20 20:46:57,алЕКСЕй мИХайлоВ,8(9676) 53-13,5,МоЛОкО,1,2476.15,523.85,PRoCESSiNg,Ждём с нетерпением!,2024/05/10,5309874967439284
2029957948733,2024-05-26 03:04:58,мАРИЯ пЕтроВа,+7(9100)95-41,5,молоКо,4,10980.06,1019.94,CanCELleD,Ждём с нетерпением!,2024-05-11,7277162192454181
2029957948733,2024-05-26 03:04:58,мАРИЯ пЕтроВа,+7(9100)95-41,1,корм для соБАк,4,1940.04,59.96,CaNcEllED,Ждём с нетерпением!,2024-05-11,7277162192454181
2029957948733,2024-05-26 03:04:58,мАРИЯ пЕтроВа,+7(9100)95-41,5,МоЛоКо,1,2602.63,397.37,CanceLLeD,Ждём с нетерпением!,2024-05-11,7277162192454181
2029957948733,2024-05-26 03:04:58,мАРИЯ пЕтроВа,+7(9100)95-41,4,ПоДписКА нА ГАзЕТУ,3,1792.74,7.26,CANcELLed,Ждём с нетерпением!,2024-05-11,7277162192454181
2029957948733,2024-05-26 03:04:58,мАРИЯ пЕтроВа,+7(9100)95-41,4,ПОДПискА нА ГазЕту,3,1547.35,252.65,cAnCeLleD,Ждём с нетерпением!,2024-05-11,7277162192454181
2029957947115,02.05.2024 05:16,ИвАН ИвАнов,8(9532) 64-41,2,иГрУшкА мяЧ,4,1027.93,172.07,cOmPlETeD,Проверить наличие,11.05.2024,7091678145722955
2029957947115,02.05.2024 05:16,ИвАН ИвАнов,8(9532) 64-41,1,кОрМ ДЛя собАк,5,2463.21,36.79,COmPLeteD,Проверить наличие,11.05.2024,7091678145722955
2029957947115,02.05.2024 05:16,ИвАН ИвАнов,8(9532) 64-41,1,КоРм дЛЯ собАк,4,1608.6,391.4,cOmpleted,Проверить наличие,11.05.2024,7091678145722955
2029957946626,2024-05-26 22:08:18,алеКсЕй МиХайЛОВ,+7(9464)20-15,4,пОДПИСкА нА ГаЗЕтУ,1,516.64,83.36,COMplEted,спасибо за заказ,11.05.2024,6066642095698023
2029957946626,2024-05-26 22:08:18,алеКсЕй МиХайЛОВ,+7(9464)20-15,4,пОдПИСкА НА гАзЕту,4,2330.6,69.4,COMPLEtED,спасибо за заказ,11.05.2024,6066642095698023
2029957946626,2024-05-26 22:08:18,алеКсЕй МиХайЛОВ,+7(9464)20-15,4,пОДПиСКА нА газЕту,3,1448.16,351.84,COMPleTed,спасибо за заказ,11.05.2024,6066642095698023
2029957945646,2024-05-31 17:38:56,ОЛЬГА кузНЕЦоВа,+7(9002)40-79,2,иГрУШКА мяч,4,1012.45,187.55,cANcElLEd,Всё отлично!,01.05.2024,6829790099149397
2029957945646,2024-05-31 17:38:56,ОЛЬГА кузНЕЦоВа,+7(9002)40-79,2,игРУшКа мяЧ,5,1291.03,208.97,CaNCellED,Всё отлично!,01.05.2024,6829790099149397
2029957944670,2024-05-21 08:55:18,Иван ИвАнов,8(9548) 16-02,5,моЛокО,3,7312.96,1687.04,CompleTed,Нужно уточнить сроки,2024/05/15,6631414627905829
2029957944670,2024-05-21 08:55:18,Иван ИвАнов,8(9548) 16-02,4,ПодпИСка на газЕТу,3,1504.04,295.96,COMPLEteD,Нужно уточнить сроки,2024/05/15,6631414627905829
2029957944670,2024-05-21 08:55:18,Иван ИвАнов,8(9548) 16-02,5,Молоко,4,11293.07,706.93,coMPLeted,Нужно уточнить сроки,2024/05/15,6631414627905829
2029957944670,2024-05-21 08:55:18,Иван ИвАнов,8(9548) 16-02,1,корМ ДлЯ СОБАк,3,1471.84,28.16,complETeD,Нужно уточнить сроки,2024/05/15,6631414627905829
2029957944670,2024-05-21 08:55:18,Иван ИвАнов,8(9548) 16-02,1,корм Для сОБАК,1,464.91,35.09,cOmPLETED,Нужно уточнить сроки,2024/05/15,6631414627905829
2029957943313,2024/05/06 00:16:55,МАРИя ПЕтРова,8(9270) 32-63,4,пОДпиСка НА гАЗЕТУ,2,997.97,202.03,pROceSSinG,подарок вовремя,2024/05/26,9445993122412035
2029957943313,2024/05/06 00:16:55,МАРИя ПЕтРова,8(9270) 32-63,5,МолОко,2,5745.99,254.01,PrOceSSInG,подарок вовремя,2024/05/26,9445993122412035
2029957943313,2024/05/06 00:16:55,МАРИя ПЕтРова,8(9270) 32-63,3,АмУНИцИя Для сОбАК,2,2023.18,376.82,pROcesSiNg,подарок вовремя,2024/05/26,9445993122412035
2029957943313,2024/05/06 00:16:55,МАРИя ПЕтРова,8(9270) 32-63,5,МолокО,5,13600.55,1399.45,ProcEsSiNG,подарок вовремя,2024/05/26,9445993122412035
2029957942359,2024/05/16 19:24:18,алЕКсеЙ МихаЙлОв,+7 9624 58 18,2,иГрУшКа мЯЧ,2,595.78,4.22,COmpleTEd,Ждём с нетерпением!,07.05.2024,4752069778989652
2029957941359,2024-05-29 06:09:02,НаТАлЬЯ вАсиЛЬЕва,+7(9721)70-95,5,МоЛОкО,3,7407.0,1593.0,cAnCeLlEd,спасибо за заказ,2024/05/25,3858575860207359
2029957941359,2024-05-29 06:09:02,НаТАлЬЯ вАсиЛЬЕва,+7(9721)70-95,3,АМУниция ДлЯ СОбАК,2,2259.81,140.19,cAncElLEd,спасибо за заказ,2024/05/25,3858575860207359
2029957940175,2024/05/02 19:11:10,иВАн ИВАноВ,8(9215) 30-78,4,ПоДПиска нА гаЗеТУ,1,550.14,49.86,caNCELLeD,"Задержка с доставкой, печалька...",17.05.2024,1708589000987418
2029957940175,2024/05/02 19:11:10,иВАн ИВАноВ,8(9215) 30-78,4,ПодПисКа НА гаЗЕТу,4,2303.66,96.34,caNceLled,"Задержка с доставкой, печалька...",17.05.2024,1708589000987418
2029957940175,2024/05/02 19:11:10,иВАн ИВАноВ,8(9215) 30-78,4,ПОдпИСКа нА ГАЗетУ,5,2727.46,272.54,canCELled,"Задержка с доставкой, печалька...",17.05.2024,1708589000987418
2029957940175,2024/05/02 19:11:10,иВАн ИВАноВ,8(9215) 30-78,3,амунИциЯ дЛя сОбАк,3,3362.85,237.15,caNceLled,"Задержка с доставкой, печалька...",17.05.2024,1708589000987418
2029957940175,2024/05/02 19:11:10,иВАн ИВАноВ,8(9215) 30-78,2,игРуШкА мЯЧ,1,297.34,2.66,caNCELLed,"Задержка с доставкой, печалька...",17.05.2024,1708589000987418
2029957939147,08.05.2024 13:47,дМитРиЙ КУзНЕцов,+7 9635 65 83,2,ИгРУшка МЯч,3,838.04,61.96,ProceSsInG,Ждём с нетерпением!,2024/05/26,7392113642075931
2029957939147,08.05.2024 13:47,дМитРиЙ КУзНЕцов,+7 9635 65 83,1,КорМ ДЛя СобАК,1,499.5,0.5,pROceSsINg,Ждём с нетерпением!,2024/05/26,7392113642075931
2029957938280,19.05.2024 03:40,ДМитРий кузНЕЦОВ,+7(9327)66-59,1,корМ Для СОбаК,2,928.24,71.76,proCeSSInG,Нужно уточнить сроки,25.05.2024,6706474503075645
2029957938280,19.05.2024 03:40,ДМитРий кузНЕЦОВ,+7(9327)66-59,4,пОдпИСКа НА гАЗЕтУ,2,1016.46,183.54,PROcessINg,Нужно уточнить сроки,25.05.2024,6706474503075645
2029957938280,19.05.2024 03:40,ДМитРий кузНЕЦОВ,+7(9327)66-59,2,иГрУшка мяч,3,886.08,13.92,PROCeSSING,Нужно уточнить сроки,25.05.2024,6706474503075645
2029957937314,12.05.2024 03:31,анна СМИрНОВА,8(9435) 21-44,5,мОЛоКО,2,5898.69,101.31,CanceLlED,"Задержка с доставкой, печалька...",26.05.2024,8449555545225553
2029957937314,12.05.2024 03:31,анна СМИрНОВА,8(9435) 21-44,1,кОРм для СОБАК,5,2275.63,224.37,CAnceLLeD,"Задержка с доставкой, печалька...",26.05.2024,8449555545225553
2029957937314,12.05.2024 03:31,анна СМИрНОВА,8(9435) 21-44,2,ИГруШКа Мяч,2,587.31,12.69,CAnCeLled,"Задержка с доставкой, печалька...",26.05.2024,8449555545225553
2029957936955,2024/05/08 04:20:45,МИХаИл оРлОВ,8(9219) 23-79,3,АмунициЯ ДлЯ СобаК,2,2125.83,274.17,CaNCelLeD,спасибо за заказ,2024/05/20,6164493392788337
2029957936955,2024/05/08 04:20:45,МИХаИл оРлОВ,8(9219) 23-79,5,мОлОко,3,8011.87,988.13,CanCElled,спасибо за заказ,2024/05/20,6164493392788337
2029957936955,2024/05/08 04:20:45,МИХаИл оРлОВ,8(9219) 23-79,3,АмУНиЦИя дЛЯ СобаК,5,5538.36,461.64,canCElleD,спасибо за заказ,2024/05/20,6164493392788337
2029957936955,2024/05/08 04:20:45,МИХаИл оРлОВ,8(9219) 23-79,5,мОлоКО,3,7718.63,1281.37,canCELled,спасибо за заказ,2024/05/20,6164493392788337
2029957935114,2024/05/24 01:58:09,СергЕЙ сидОров,+7 9777 58 53,2,ИГрУШкА МЯч,5,1261.98,238.02,COmplETeD,подарок вовремя,2024-05-10,3531868427663745
2029957935114,2024/05/24 01:58:09,СергЕЙ сидОров,+7 9777 58 53,4,ПодПиска нА ГаЗЕТУ,3,1609.86,190.14,cOMpleteD,подарок вовремя,2024-05-10,3531868427663745
2029957935114,2024/05/24 01:58:09,СергЕЙ сидОров,+7 9777 58 53,4,подПИСКА НА ГазЕтУ,1,547.63,52.37,cOMpLEtED,подарок вовремя,2024-05-10,3531868427663745
2029957934170,2024-05-13 03:19:21,СергЕй СиДороВ,+7(9354)41-18,2,игРуШКА мяЧ,2,547.66,52.34,PROCESsIng,Проверить наличие,2024/05/14,8757340359200417
2029957934170,2024-05-13 03:19:21,СергЕй СиДороВ,+7(9354)41-18,2,иГрушка МЯч,2,560.41,39.59,pROCeSsInG,Проверить наличие,2024/05/14,8757340359200417
2029957934170,2024-05-13 03:19:21,СергЕй СиДороВ,+7(9354)41-18,3,АмуНицИЯ ДлЯ СоБак,5,5081.59,918.41,pROCeSSINg,Проверить наличие,2024/05/14,8757340359200417
2029957933323,2024-05-16 22:12:44,олЬга КузнеЦОва,8(9099) 47-42,3,АМУНициЯ дЛя собАк,4,4438.24,361.76,caNcelleD,Проверить наличие,09.05.2024,1066855383648085
2029957932176,2024/05/23 20:57:01,аННа смирНОва,+7(9833)21-33,5,мОлокО,3,7487.91,1512.09,cANcelLed,Нужно уточнить сроки,07.05.2024,1515854957047241
2029957932176,2024/05/23 20:57:01,аННа смирНОва,+7(9833)21-33,5,молокО,5,13678.12,1321.88,CANcELLED,Нужно уточнить сроки,07.05.2024,1515854957047241
2029957932176,2024/05/23 20:57:01,аННа смирНОва,+7(9833)21-33,1,корм для сОбАК,3,1322.65,177.35,CancelleD,Нужно уточнить сроки,07.05.2024,1515854957047241
2029957932176,2024/05/23 20:57:01,аННа смирНОва,+7(9833)21-33,1,кОрм ДлЯ собаК,1,487.87,12.13,CANceLLeD,Нужно уточнить сроки,07.05.2024,1515854957047241
2029957931698,2024-05-28 22:43:13,мАриЯ пЕтРоВА,+7(9237)05-72,5,мОлоко,3,7942.34,1057.66,CoMpLETed,спасибо за заказ,12.05.2024,4650970141004076
2029957931698,2024-05-28 22:43:13,мАриЯ пЕтРоВА,+7(9237)05-72,5,моЛОко,1,2469.11,530.89,CoMpLETED,спасибо за заказ,12.05.2024,4650970141004076
2029957931698,2024-05-28 22:43:13,мАриЯ пЕтРоВА,+7(9237)05-72,2,ИгруШКа мЯЧ,2,593.24,6.76,COmpletED,спасибо за заказ,12.05.2024,4650970141004076
2029957930739,2024/05/18 23:16:09,ДМИтрий кУЗНЕЦов,+7 9595 43 79,1,кОрМ длЯ сОБаК,2,908.05,91.95,caNcElled,спасибо за заказ,2024-05-28,4332488296975915
2029957930739,2024/05/18 23:16:09,ДМИтрий кУЗНЕЦов,+7 9595 43 79,2,ИгрУШКА мяЧ,4,1093.33,106.67,cANCeLLED,спасибо за заказ,2024-05-28,4332488296975915
2029957929661,2024/05/22 08:04:31,оЛЬгА кУЗНЕцовА,8(9981) 90-12,1,КоРм для СобАк,3,1352.63,147.37,CancEllED,Ждём с нетерпением!,2024/05/29,4347317731454622
2029957928393,06.05.2024 15:48,АнНА смИРНовА,+7 9215 78 88,5,мОлОКо,3,8065.92,934.08,cOMPleTeD,Нужно уточнить сроки,2024-05-28,0149843854805870
2029957928393,06.05.2024 15:48,АнНА смИРНовА,+7 9215 78 88,5,моЛокО,1,2817.13,182.87,CoMpLEteD,Нужно уточнить сроки,2024-05-28,0149843854805870
2029957928393,06.05.2024 15:48,АнНА смИРНовА,+7 9215 78 88,2,игрУШКА мЯч,2,498.03,101.97,cOmPleted,Нужно уточнить сроки,2024-05-28,0149843854805870
2029957928393,06.05.2024 15:48,АнНА смИРНовА,+7 9215 78 88,2,ИГрушКА МЯч,5,1292.45,207.55,cOMPletED,Нужно уточнить сроки,2024-05-28,0149843854805870
2029957927339,2024-05-15 07:33:04,ОЛьга кУзНецова,+7 9494 78 53,1,коРм дЛЯ СОбаК,4,1954.84,45.16,CanCelLED,"Задержка с доставкой, печалька...",2024-05-03,9999598246940295
2029957927339,2024-05-15 07:33:04,ОЛьга кУзНецова,+7 9494 78 53,5,МолоКО,4,10874.16,1125.84,CANCellEd,"Задержка с доставкой, печалька...",2024-05-03,9999598246940295
2029957927339,2024-05-15 07:33:04,ОЛьга кУзНецова,+7 9494 78 53,3,АмуНицИя ДЛЯ СОБАК,4,4750.09,49.91,CANCElleD,"Задержка с доставкой, печалька...",2024-05-03,9999598246940295
2029957926875,21.05.2024 20:53,МарИя пеТроВа,+7 9984 27 57,5,моЛоКо,3,8156.18,843.82,PRoceSsINg,Нужно уточнить сроки,09.05.2024,4545391257169687
2029957925555,30.05.2024 14:11,ивАН ИвАНОВ,8(9568) 54-11,2,иГрушка мЯЧ,3,748.15,151.85,cANceLled,Нужно уточнить сроки,2024-05-07,2693440981669512
2029957925555,30.05.2024 14:11,ивАН ИвАНОВ,8(9568) 54-11,3,аМУнИЦиЯ ДЛЯ сОбаК,2,1954.35,445.65,cANCELLEd,Нужно уточнить сроки,2024-05-07,2693440981669512
2029957925555,30.05.2024 14:11,ивАН ИвАНОВ,8(9568) 54-11,5,молоко,5,12675.24,2324.76,canceLled,Нужно уточнить сроки,2024-05-07,2693440981669512
2029957925555,30.05.2024 14:11,ивАН ИвАНОВ,8(9568) 54-11,2,ИГрУшКА Мяч,2,505.94,94.06,CancelLED,Нужно уточнить сроки,2024-05-07,2693440981669512
2029957924233,2024/05/21 05:05:27,АННа смИрнОВА,+7(9167)12-57,5,моЛОкО,2,5106.2,893.8,cOmPleted,Всё отлично!,2024/05/25,2805815460971264
2029957923749,29.05.2024 01:24,ДМиТРиЙ КУзнЕЦОв,8(9686) 11-34,1,КОрМ для сОбак,1,445.9,54.1,pRocESSiNG,подарок вовремя,2024-05-21,7618739776462479
2029957922466,2024/05/06 16:18:42,аннА СмИРНова,8(9950) 82-88,3,АмуНИция длЯ СОбак,5,5575.14,424.86,procEsSING,подарок вовремя,2024/05/23,0094584392079234
2029957922466,2024/05/06 16:18:42,аннА СмИРНова,8(9950) 82-88,3,АМуНицИЯ для сОБАК,3,3520.23,79.77,ProCeSsiNg,подарок вовремя,2024/05/23,0094584392079234
2029957921265,11.05.2024 16:25,анна смиРНова,+7 9400 22 91,3,АМУниЦИя дЛЯ собАк,2,2062.42,337.58,canceLled,Всё отлично!,11.05.2024,7790598614527314
2029957920943,2024-05-26 23:32:35,МИхаИЛ ОРЛов,8(9820) 03-12,4,пОДпИска НА ГАзету,5,2696.62,303.38,prOcessinG,Проверить наличие,2024-05-10,7223199233166447
2029957920943,2024-05-26 23:32:35,МИхаИЛ ОРЛов,8(9820) 03-12,1,Корм для Собак,1,457.21,42.79,pROcEsSIng,Проверить наличие,2024-05-10,7223199233166447
2029957920943,2024-05-26 23:32:35,МИхаИЛ ОРЛов,8(9820) 03-12,1,Корм ДЛя собАК,3,1377.26,122.74,proCeSSINg,Проверить наличие,2024-05-10,7223199233166447
2029957920943,2024-05-26 23:32:35,МИхаИЛ ОРЛов,8(9820) 03-12,3,АМУнИцИя ДЛя сОБак,4,4559.56,240.44,prOcEsSING,Проверить наличие,2024-05-10,7223199233166447
2029957920943,2024-05-26 23:32:35,МИхаИЛ ОРЛов,8(9820) 03-12,4,подПИсКа на ГаЗЕту,1,504.86,95.14,pROcESsiNG,Проверить наличие,2024-05-10,7223199233166447
2029957919809,2024/05/12 15:22:04,СерГЕй СИДОрОВ,8(9817) 31-68,2,иГРуШКа МЯЧ,2,512.38,87.62,caNCElLed,Нужно уточнить сроки,2024-05-19,4367786728606457
2029957919809,2024/05/12 15:22:04,СерГЕй СИДОрОВ,8(9817) 31-68,5,молоко,2,5822.49,177.51,cANCEllEd,Нужно уточнить сроки,2024-05-19,4367786728606457
2029957918299,28.05.2024 15:41,МИхАиЛ орлоВ,+7(9422)42-78,4,ПОдПИсКа НА газеТУ,3,1658.79,141.21,COMplETEd,подарок вовремя,2024/05/29,5522905576167909
2029957918299,28.05.2024 15:41,МИхАиЛ орлоВ,+7(9422)42-78,1,кОрМ Для СОбаК,5,2169.07,330.93,cOmPlEted,подарок вовремя,2024/05/29,5522905576167909
2029957918299,28.05.2024 15:41,МИхАиЛ орлоВ,+7(9422)42-78,5,МОлоКо,1,2701.18,298.82,compleTeD,подарок вовремя,2024/05/29,5522905576167909
2029957918299,28.05.2024 15:41,МИхАиЛ орлоВ,+7(9422)42-78,1,корМ ДЛя СОбаК,5,2434.18,65.82,cOmPLETeD,подарок вовремя,2024/05/29,5522905576167909
2029957918299,28.05.2024 15:41,МИхАиЛ орлоВ,+7(9422)42-78,4,ПодПиСКа на гАЗЕТУ,2,1121.02,78.98,coMPleTeD,подарок вовремя,2024/05/29,5522905576167909
2029957917285,2024-05-17 05:49:01,НаталЬЯ вАСИЛЬЕВа,8(9347) 80-10,2,ИгРУшкА мяч,3,895.77,4.23,CoMPLEtED,спасибо за заказ,2024/05/24,9210851188169035
2029957917285,2024-05-17 05:49:01,НаталЬЯ вАСИЛЬЕВа,8(9347) 80-10,5,МоЛОко,2,4844.92,1155.08,COmplETED,спасибо за заказ,2024/05/24,9210851188169035
2029957917285,2024-05-17 05:49:01,НаталЬЯ вАСИЛЬЕВа,8(9347) 80-10,1,кОРМ дЛя СОБАК,3,1469.52,30.48,cOmpletEd,спасибо за заказ,2024/05/24,9210851188169035
2029957917285,2024-05-17 05:49:01,НаталЬЯ вАСИЛЬЕВа,8(9347) 80-10,1,коРМ для собак,4,1823.43,176.57,coMPlETed,спасибо за заказ,2024/05/24,9210851188169035
2029957917285,2024-05-17 05:49:01,НаталЬЯ вАСИЛЬЕВа,8(9347) 80-10,1,Корм дЛЯ СоБАК,3,1254.76,245.24,cOmPlEtED,спасибо за заказ,2024/05/24,9210851188169035
2029957916805,2024-05-07 06:48:07,миХаИЛ оРЛоВ,+7(9093)02-59,1,коРм ДлЯ сОБак,2,937.14,62.86,CoMpleted,подарок вовремя,11.05.2024,9174066446371229
2029957916805,2024-05-07 06:48:07,миХаИЛ оРЛоВ,+7(9093)02-59,3,амуНИЦИя дЛЯ собАК,5,5690.94,309.06,COMpLetED,подарок вовремя,11.05.2024,9174066446371229
2029957916805,2024-05-07 06:48:07,миХаИЛ оРЛоВ,+7(9093)02-59,2,иГруШКа МяЧ,2,496.08,103.92,COmPLeTEd,подарок вовремя,11.05.2024,9174066446371229
2029957916805,2024-05-07 06:48:07,миХаИЛ оРЛоВ,+7(9093)02-59,2,ИгРуШКА МЯч,4,1125.64,74.36,COmpleTEd,подарок вовремя,11.05.2024,9174066446371229
2029957916805,2024-05-07 06:48:07,миХаИЛ оРЛоВ,+7(9093)02-59,5,молОко,1,2762.56,237.44,ComPLETed,подарок вовремя,11.05.2024,9174066446371229
2029957915606,2024/05/13 10:55:06,АлЕкСЕй МиХАЙЛов,8(9825) 42-89,5,МолОкО,4,10828.87,1171.13,CoMPleTED,Всё отлично!,09.05.2024,5996414495604973
2029957915606,2024/05/13 10:55:06,АлЕкСЕй МиХАЙЛов,8(9825) 42-89,1,корм дЛя собак,5,2382.26,117.74,ComPLeTeD,Всё отлично!,09.05.2024,5996414495604973
2029957915606,2024/05/13 10:55:06,АлЕкСЕй МиХАЙЛов,8(9825) 42-89,2,иГРУШка мЯч,3,851.78,48.22,comPLETed,Всё отлично!,09.05.2024,5996414495604973
2029957915606,2024/05/13 10:55:06,АлЕкСЕй МиХАЙЛов,8(9825) 42-89,2,ИГРушкА мЯч,1,289.95,10.05,CompleTEd,Всё отлично!,09.05.2024,5996414495604973
2029957914505,2024-05-09 02:48:16,АннА СМирнОва,8(9270) 56-44,1,коРм для сОбАК,3,1452.57,47.43,CAnCelLed,подарок вовремя,2024/05/04,9697526925944272
2029957914505,2024-05-09 02:48:16,АннА СМирнОва,8(9270) 56-44,5,МОЛоКо,3,8210.69,789.31,cAnCeLLED,подарок вовремя,2024/05/04,9697526925944272
2029957914505,2024-05-09 02:48:16,АннА СМирнОва,8(9270) 56-44,3,амуНИЦИя ДЛЯ сОбак,4,4078.37,721.63,cANcEllED,подарок вовремя,2024/05/04,9697526925944272
2029957914505,2024-05-09 02:48:16,АннА СМирнОва,8(9270) 56-44,1,коРм ДЛЯ СобаК,5,2099.63,400.37,CAnceLLEd,подарок вовремя,2024/05/04,9697526925944272
2029957914505,2024-05-09 02:48:16,АннА СМирнОва,8(9270) 56-44,5,МОлОКо,4,10813.26,1186.74,CanCeLled,подарок вовремя,2024/05/04,9697526925944272
2029957913836,30.05.2024 09:08,СерГЕЙ сидорОВ,+7 9850 37 96,1,коРМ ДЛЯ СОбак,2,992.2,7.8,comPlEteD,спасибо за заказ,13.05.2024,7828397260021878
2029957913836,30.05.2024 09:08,СерГЕЙ сидорОВ,+7 9850 37 96,1,Корм для СоБАК,3,1418.27,81.73,COmplEted,спасибо за заказ,13.05.2024,7828397260021878
2029957913836,30.05.2024 09:08,СерГЕЙ сидорОВ,+7 9850 37 96,4,ПодПискА на ГаЗЕТу,5,2614.34,385.66,CoMPLetED,спасибо за заказ,13.05.2024,7828397260021878
2029957913836,30.05.2024 09:08,СерГЕЙ сидорОВ,+7 9850 37 96,1,КОрМ дЛя СОБак,2,936.0,64.0,ComPlETED,спасибо за заказ,13.05.2024,7828397260021878
2029957913836,30.05.2024 09:08,СерГЕЙ сидорОВ,+7 9850 37 96,2,ИГРУШкА мЯч,1,293.23,6.77,CoMPLETEd,спасибо за заказ,13.05.2024,7828397260021878
2029957912812,03.05.2024 13:37,михаИл орЛОВ,8(9541) 87-13,2,игрушкА МяЧ,1,257.2,42.8,CompleTEd,спасибо за заказ,2024-05-28,1980386681797388
2029957912812,03.05.2024 13:37,михаИл орЛОВ,8(9541) 87-13,1,коРм ДЛЯ сОБаК,3,1460.51,39.49,ComplETeD,спасибо за заказ,2024-05-28,1980386681797388
2029957912812,03.05.2024 13:37,михаИл орЛОВ,8(9541) 87-13,1,КОРМ дЛЯ СОБАК,2,918.28,81.72,COMplETeD,спасибо за заказ,2024-05-28,1980386681797388
2029957911437,2024-05-17 08:59:04,НАТАлЬя вАсИлЬевА,+7(9127)42-40,4,поДпИСКа На газеТУ,4,2003.02,396.98,PRocEsSIng,Проверить наличие,18.05.2024,0287236542558607
2029957910641,22.05.2024 10:06,аНнА сМирНоВА,+7 9649 46 75,3,амуниЦия ДЛЯ соБаК,3,3145.02,454.98,pROcEssING,Ждём с нетерпением!,2024-05-04,2530857553994894
2029957910641,22.05.2024 10:06,аНнА сМирНоВА,+7 9649 46 75,4,поДпИска нА газетУ,2,1111.16,88.84,PrOCessIng,Ждём с нетерпением!,2024-05-04,2530857553994894
2029957910641,22.05.2024 10:06,аНнА сМирНоВА,+7 9649 46 75,5,МОлоКО,3,7735.78,1264.22,ProcEsSInG,Ждём с нетерпением!,2024-05-04,2530857553994894
2029957910641,22.05.2024 10:06,аНнА сМирНоВА,+7 9649 46 75,4,ПоДПискА на ГаЗЕТУ,3,1771.88,28.12,PrOCesSInG,Ждём с нетерпением!,2024-05-04,2530857553994894
2029957909527,21.05.2024 13:54,Наталья ВасилЬева,8(9075) 27-43,2,ИГруШкА мЯч,3,818.76,81.24,cOmPleTed,подарок вовремя,2024/05/24,9674631279736858
2029957909527,21.05.2024 13:54,Наталья ВасилЬева,8(9075) 27-43,2,ИгруШКА мяЧ,4,986.84,213.16,CoMPLetED,подарок вовремя,2024/05/24,9674631279736858
2029957909527,21.05.2024 13:54,Наталья ВасилЬева,8(9075) 27-43,1,КОрМ ДЛя СОБак,5,2494.09,5.91,cOmPleteD,подарок вовремя,2024/05/24,9674631279736858
2029957909527,21.05.2024 13:54,Наталья ВасилЬева,8(9075) 27-43,1,КОрМ для сОбАк,3,1294.66,205.34,compLETEd,подарок вовремя,2024/05/24,9674631279736858
2029957908344,2024/05/31 01:40:45,МАрИЯ Петрова,8(9539) 26-04,1,КоРм для СоБАк,4,1620.59,379.41,compLETeD,спасибо за заказ,2024/05/26,2014316694600877
2029957908344,2024/05/31 01:40:45,МАрИЯ Петрова,8(9539) 26-04,3,АмуницИЯ Для СОБАк,1,1053.05,146.95,CompLeTEd,спасибо за заказ,2024/05/26,2014316694600877
2029957908344,2024/05/31 01:40:45,МАрИЯ Петрова,8(9539) 26-04,3,аМУНИЦИЯ длЯ СОБАК,1,1151.17,48.83,completeD,спасибо за заказ,2024/05/26,2014316694600877
2029957907291,04.05.2024 19:35,оЛЬГа кУзнецОВа,8(9775) 37-84,5,мОЛоко,1,2925.73,74.27,cANCellED,"Задержка с доставкой, печалька...",2024-05-06,3559207882494422
2029957907291,04.05.2024 19:35,оЛЬГа кУзнецОВа,8(9775) 37-84,1,КОРМ для сОБаК,3,1360.43,139.57,CANCElLeD,"Задержка с доставкой, печалька...",2024-05-06,3559207882494422
2029957907291,04.05.2024 19:35,оЛЬГа кУзнецОВа,8(9775) 37-84,5,МОлоКо,4,10784.4,1215.6,caNcELLeD,"Задержка с доставкой, печалька...",2024-05-06,3559207882494422
2029957907291,04.05.2024 19:35,оЛЬГа кУзнецОВа,8(9775) 37-84,5,мОлОКо,1,2462.62,537.38,cANcELlEd,"Задержка с доставкой, печалька...",2024-05-06,3559207882494422
2029957906355,2024-05-11 12:23:00,ЕЛЕна нОВиКова,+7 9175 71 45,1,КОрМ дЛЯ СОБАК,3,1376.47,123.53,COmpleTed,спасибо за заказ,2024/05/15,5231353696638467
2029957906355,2024-05-11 12:23:00,ЕЛЕна нОВиКова,+7 9175 71 45,4,подПИсКа на газеТУ,5,2812.23,187.77,cOMpLEtEd,спасибо за заказ,2024/05/15,5231353696638467
2029957906355,2024-05-11 12:23:00,ЕЛЕна нОВиКова,+7 9175 71 45,4,поДпИСкА НА ГаЗЕТу,3,1728.38,71.62,CoMPlEted,спасибо за заказ,2024/05/15,5231353696638467
2029957905645,2024/05/07 03:39:48,ОЛЬгА КУзнЕцОва,8(9807) 79-68,3,аМУНИциЯ ДЛЯ СоБаК,4,4170.67,629.33,cOMPletEd,"Задержка с доставкой, печалька...",2024-05-07,9261755169550659
2029957905645,2024/05/07 03:39:48,ОЛЬгА КУзнЕцОва,8(9807) 79-68,2,ИГРУШКа мЯЧ,3,741.41,158.59,COMPLEted,"Задержка с доставкой, печалька...",2024-05-07,9261755169550659
2029957905645,2024/05/07 03:39:48,ОЛЬгА КУзнЕцОва,8(9807) 79-68,5,мОЛОко,4,9913.53,2086.47,comPLeTED,"Задержка с доставкой, печалька...",2024-05-07,9261755169550659
2029957905645,2024/05/07 03:39:48,ОЛЬгА КУзнЕцОва,8(9807) 79-68,2,ИгрУшка МЯЧ,4,1163.34,36.66,cOmplEteD,"Задержка с доставкой, печалька...",2024-05-07,9261755169550659
2029957905645,2024/05/07 03:39:48,ОЛЬгА КУзнЕцОва,8(9807) 79-68,1,КоРм дЛЯ СоБак,3,1326.01,173.99,cOmPleteD,"Задержка с доставкой, печалька...",2024-05-07,9261755169550659
2029957904731,2024/05/06 11:52:06,мАрия Петрова,+7(9558)06-78,5,МоЛокО,2,5835.07,164.93,PROCEsSinG,Ждём с нетерпением!,2024-05-27,6272108689322903
2029957904731,2024/05/06 11:52:06,мАрия Петрова,+7(9558)06-78,4,пОДпиСка НА гАЗЕТу,2,1029.53,170.47,prOceSsiNG,Ждём с нетерпением!,2024-05-27,6272108689322903
2029957904731,2024/05/06 11:52:06,мАрия Петрова,+7(9558)06-78,3,АмуНИция ДЛЯ соБАк,2,2073.04,326.96,prOcESsing,Ждём с нетерпением!,2024-05-27,6272108689322903
2029957903963,21.05.2024 23:32,маРИя Петрова,+7 9662 12 61,3,АМУНиЦИЯ ДЛЯ собАК,3,2953.72,646.28,PRocessinG,Всё отлично!,28.05.2024,1288931142630284
2029957903963,21.05.2024 23:32,маРИя Петрова,+7 9662 12 61,4,поДПиСКА на гаЗЕту,2,1107.42,92.58,procEssINg,Всё отлично!,28.05.2024,1288931142630284
2029957903963,21.05.2024 23:32,маРИя Петрова,+7 9662 12 61,5,Молоко,2,5317.54,682.46,procESSinG,Всё отлично!,28.05.2024,1288931142630284
2029957903963,21.05.2024 23:32,маРИя Петрова,+7 9662 12 61,1,КоРМ дЛя сОбАк,4,1753.55,246.45,PROCeSsING,Всё отлично!,28.05.2024,1288931142630284
2029957902218,24.05.2024 23:24,ОльгА кузнЕЦОвА,8(9183) 67-47,5,молоко,1,2411.44,588.56,CancELled,"Задержка с доставкой, печалька...",2024/05/17,8452483606747285
2029957902218,24.05.2024 23:24,ОльгА кузнЕЦОвА,8(9183) 67-47,1,КОрм ДЛя соБаК,2,884.8,115.2,CanceLLEd,"Задержка с доставкой, печалька...",2024/05/17,8452483606747285
2029957901340,2024-05-14 16:53:55,ИВАн ИвАНоВ,+7 9818 46 13,4,ПОДПиСКА НА ГАзетУ,4,1949.27,450.73,pRocEsSiNG,Нужно уточнить сроки,09.05.2024,3332146927563640
2029957901340,2024-05-14 16:53:55,ИВАн ИвАНоВ,+7 9818 46 13,3,АМУНИция для соБак,4,4005.96,794.04,ProCEsSiNg,Нужно уточнить сроки,09.05.2024,3332146927563640
2029957901340,2024-05-14 16:53:55,ИВАн ИвАНоВ,+7 9818 46 13,3,АмУнИция для СоБаК,5,5605.44,394.56,PROCeSSING,Нужно уточнить сроки,09.05.2024,3332146927563640
2029957901340,2024-05-14 16:53:55,ИВАн ИвАНоВ,+7 9818 46 13,5,молоко,2,5244.65,755.35,prOcessiNg,Нужно уточнить сроки,09.05.2024,3332146927563640
2029957901340,2024-05-14 16:53:55,ИВАн ИвАНоВ,+7 9818 46 13,4,ПоДПИскА На газетУ,2,1000.71,199.29,PrOcEsSING,Нужно уточнить сроки,09.05.2024,3332146927563640
2029957900698,2024/05/10 15:14:15,сЕргЕй сИдоРов,8(9670) 66-97,2,иГрУШкА мяч,5,1343.95,156.05,cOMpLetEd,Всё отлично!,28.05.2024,8473182950476424
2029957900698,2024/05/10 15:14:15,сЕргЕй сИдоРов,8(9670) 66-97,1,кОРм ДЛЯ СОБаК,2,981.97,18.03,CoMPleTed,Всё отлично!,28.05.2024,8473182950476424
2029957900698,2024/05/10 15:14:15,сЕргЕй сИдоРов,8(9670) 66-97,1,КоРм ДЛя сОбАк,4,1850.13,149.87,CoMPLETEd,Всё отлично!,28.05.2024,8473182950476424
2029957900698,2024/05/10 15:14:15,сЕргЕй сИдоРов,8(9670) 66-97,4,пОДПиСкА На ГаЗЕТу,5,2635.59,364.41,completeD,Всё отлично!,28.05.2024,8473182950476424
2029957900698,2024/05/10 15:14:15,сЕргЕй сИдоРов,8(9670) 66-97,5,моЛокО,4,11677.0,323.0,coMPLeTED,Всё отлично!,28.05.2024,8473182950476424
2029957899739,2024-05-24 12:04:54,дМиТриЙ куЗНЕцОВ,+7(9174)60-95,2,ИГрушкА мЯч,3,809.38,90.62,CoMPLeTED,спасибо за заказ,2024-05-07,6826012342657604
2029957899739,2024-05-24 12:04:54,дМиТриЙ куЗНЕцОВ,+7(9174)60-95,5,МоЛОКо,3,8204.12,795.88,cOmPlETED,спасибо за заказ,2024-05-07,6826012342657604
2029957899739,2024-05-24 12:04:54,дМиТриЙ куЗНЕцОВ,+7(9174)60-95,1,КорМ ДлЯ сОБАК,4,1842.68,157.32,cOMpLeTEd,спасибо за заказ,2024-05-07,6826012342657604
2029957899739,2024-05-24 12:04:54,дМиТриЙ куЗНЕцОВ,+7(9174)60-95,4,подПИСкА На гаЗЕтУ,3,1779.0,21.0,COMPLEtEd,спасибо за заказ,2024-05-07,6826012342657604
2029957898107,2024-05-06 17:19:59,МАрИЯ пеТРоВа,+7(9639)08-26,5,мОлОко,5,13781.99,1218.01,CAnceLleD,подарок вовремя,2024/05/19,7583231374935473
2029957898107,2024-05-06 17:19:59,МАрИЯ пеТРоВа,+7(9639)08-26,5,МОЛОКО,2,5156.61,843.39,cANCElLeD,подарок вовремя,2024/05/19,7583231374935473
2029957898107,2024-05-06 17:19:59,МАрИЯ пеТРоВа,+7(9639)08-26,3,аМуНицИЯ для сОБаК,2,2003.95,396.05,cAnCelLED,подарок вовремя,2024/05/19,7583231374935473
2029957897520,2024/05/18 14:55:53,мИхаИЛ орЛоВ,+7(9399)22-85,3,АМУнИция ДлЯ соБАК,3,3434.17,165.83,cOMplEteD,Ждём с нетерпением!,2024-05-21,2893372571224919
2029957896349,2024-05-29 13:59:49,МИхаИЛ ОРЛОв,+7 9721 62 13,5,МОЛоко,3,7759.32,1240.68,caNCelLED,подарок вовремя,25.05.2024,7490345360794931
2029957896349,2024-05-29 13:59:49,МИхаИЛ ОРЛОв,+7 9721 62 13,2,ИгрУшка мЯч,5,1356.22,143.78,caNCeLlEd,подарок вовремя,25.05.2024,7490345360794931
2029957896349,2024-05-29 13:59:49,МИхаИЛ ОРЛОв,+7 9721 62 13,2,ИгРУШка мЯч,1,284.52,15.48,cAnCELlEd,подарок вовремя,25.05.2024,7490345360794931
2029957896349,2024-05-29 13:59:49,МИхаИЛ ОРЛОв,+7 9721 62 13,5,мОЛоКо,3,8488.24,511.76,CAnCElleD,подарок вовремя,25.05.2024,7490345360794931
2029957895291,2024/05/13 09:32:38,НаталЬЯ вАсиЛьева,+7(9679)31-77,5,МОлоКо,1,2524.96,475.04,pROCeSsINg,"Задержка с доставкой, печалька...",22.05.2024,2420532659026718
2029957894437,2024-05-20 07:16:59,МихАил орлоВ,+7 9146 37 64,4,подпИска НА ГАзЕТу,3,1471.17,328.83,CoMPLEteD,спасибо за заказ,2024/05/14,2220076054807351
2029957894437,2024-05-20 07:16:59,МихАил орлоВ,+7 9146 37 64,1,КОРМ для собАК,4,1917.34,82.66,cOMpleTED,спасибо за заказ,2024/05/14,2220076054807351
2029957894437,2024-05-20 07:16:59,МихАил орлоВ,+7 9146 37 64,1,КОРМ ДЛЯ СОбАк,5,2165.71,334.29,complEtED,спасибо за заказ,2024/05/14,2220076054807351
2029957894437,2024-05-20 07:16:59,МихАил орлоВ,+7 9146 37 64,2,игрУШКА мЯЧ,2,570.11,29.89,CoMPLETeD,спасибо за заказ,2024/05/14,2220076054807351
2029957893510,2024/05/15 00:26:42,иВАн иВАНоВ,+7 9194 76 52,4,ПодПиска НА ГАЗЕтУ,1,521.08,78.92,pROcESSiNg,Проверить наличие,16.05.2024,5284940634721456
2029957893510,2024/05/15 00:26:42,иВАн иВАНоВ,+7 9194 76 52,1,кОРМ дЛя собАК,3,1362.98,137.02,prOceSsInG,Проверить наличие,16.05.2024,5284940634721456
2029957892134,2024/05/02 10:17:24,МиХАиЛ орлОВ,8(9684) 15-62,4,ПОдПИСКА На гАЗеТУ,1,597.46,2.54,cANCellEd,подарок вовремя,2024/05/23,4829220319926027
2029957892134,2024/05/02 10:17:24,МиХАиЛ орлОВ,8(9684) 15-62,5,МолОКо,3,8501.36,498.64,CANCELLEd,подарок вовремя,2024/05/23,4829220319926027
2029957892134,2024/05/02 10:17:24,МиХАиЛ орлОВ,8(9684) 15-62,5,МолокО,1,2759.92,240.08,canCeLleD,подарок вовремя,2024/05/23,4829220319926027
2029957892134,2024/05/02 10:17:24,МиХАиЛ орлОВ,8(9684) 15-62,5,МолоКО,2,4845.95,1154.05,CaNCeLLEd,подарок вовремя,2024/05/23,4829220319926027
2029957891150,27.05.2024 08:44,МИХаиЛ ОрлОв,+7(9437)09-17,4,поДПИсКа на ГаЗеТу,5,2845.07,154.93,CancElleD,спасибо за заказ,2024-05-03,9112398278062077
2029957891150,27.05.2024 08:44,МИХаиЛ ОрлОв,+7(9437)09-17,3,амУниЦия Для СОБАк,5,4932.26,1067.74,CANcelled,спасибо за заказ,2024-05-03,9112398278062077
2029957891150,27.05.2024 08:44,МИХаиЛ ОрлОв,+7(9437)09-17,4,ПоДПИСка На ГазЕТу,2,1158.45,41.55,CAncELLed,спасибо за заказ,2024-05-03,9112398278062077
2029957891150,27.05.2024 08:44,МИХаиЛ ОрлОв,+7(9437)09-17,1,корм дЛя сОбАК,4,1631.99,368.01,caNCElleD,спасибо за заказ,2024-05-03,9112398278062077
2029957890382,2024/05/20 02:37:52,дМитриЙ КуЗнЕцов,+7 9247 43 92,4,ПодпиСкА нА гАЗЕТу,4,2350.5,49.5,PrOCESSinG,"Задержка с доставкой, печалька...",2024/05/24,3221864426901402
2029957890382,2024/05/20 02:37:52,дМитриЙ КуЗнЕцов,+7 9247 43 92,1,КоРм для собАк,4,1806.8,193.2,PrOcESsInG,"Задержка с доставкой, печалька...",2024/05/24,3221864426901402
2029957890382,2024/05/20 02:37:52,дМитриЙ КуЗнЕцов,+7 9247 43 92,5,мОЛОКо,1,2555.39,444.61,pRoCEssiNg,"Задержка с доставкой, печалька...",2024/05/24,3221864426901402
2029957890382,2024/05/20 02:37:52,дМитриЙ КуЗнЕцов,+7 9247 43 92,1,КоРМ дЛя СобАК,1,441.4,58.6,PROCEssiNG,"Задержка с доставкой, печалька...",2024/05/24,3221864426901402
2029957890382,2024/05/20 02:37:52,дМитриЙ КуЗнЕцов,+7 9247 43 92,1,кОрм ДЛЯ СОбАк,1,454.66,45.34,ProCEsSiNG,"Задержка с доставкой, печалька...",2024/05/24,3221864426901402
2029957889972,2024/05/26 01:43:28,дмиТРий КуЗНЕЦОВ,8(9493) 47-57,4,ПОдПиСкА На ГАЗеТУ,5,2912.6,87.4,pRoCeSsing,Ждём с нетерпением!,02.05.2024,1608703953973179
2029957889972,2024/05/26 01:43:28,дмиТРий КуЗНЕЦОВ,8(9493) 47-57,1,кОрМ ДЛЯ СОбАк,1,485.18,14.82,PrOCESSINg,Ждём с нетерпением!,02.05.2024,1608703953973179
2029957888922,2024/05/15 00:18:21,СЕрГЕЙ сИдОРОВ,8(9587) 11-36,4,ПОДПиска нА газЕТУ,2,1015.03,184.97,prOceSsIng,Ждём с нетерпением!,2024/05/09,6527993938599013
2029957888922,2024/05/15 00:18:21,СЕрГЕЙ сИдОРОВ,8(9587) 11-36,5,МОлОко,2,5963.85,36.15,PrOcessiNg,Ждём с нетерпением!,2024/05/09,6527993938599013
2029957888922,2024/05/15 00:18:21,СЕрГЕЙ сИдОРОВ,8(9587) 11-36,3,АмуНиция ДлЯ сОбАК,4,4062.38,737.62,processIng,Ждём с нетерпением!,2024/05/09,6527993938599013
2029958143910,11.05.2024 15:56,нАТалЬЯ ВаСИЛЬЕВа,8(9654) 04-69,4,пОДПИСкА НА ГАзету,5,2706.61,293.39,CoMPLEtED,Проверить наличие,2024-05-09,7402976969685246
2029958143910,11.05.2024 15:56,нАТалЬЯ ВаСИЛЬЕВа,8(9654) 04-69,5,МоЛОКо,4,10235.68,1764.32,ComplETeD,Проверить наличие,2024-05-09,7402976969685246
2029958143910,11.05.2024 15:56,нАТалЬЯ ВаСИЛЬЕВа,8(9654) 04-69,1,корМ Для СоБАК,4,1811.98,188.02,coMplETED,Проверить наличие,2024-05-09,7402976969685246
2029958142762,20.05.2024 13:05,НАталья ВаСилЬеВА,+7(9288)96-91,5,мОЛоКо,1,2405.29,594.71,cOmPlEtEd,Ждём с нетерпением!,2024/05/19,3494239985788742
2029958141864,2024/05/25 12:55:54,ольГа КуЗНЕцОВа,8(9273) 18-84,3,аМуНИцИя ДЛЯ СоБАК,1,1193.28,6.72,COMPlEtEd,Ждём с нетерпением!,27.05.2024,7217864553527416
2029958141864,2024/05/25 12:55:54,ольГа КуЗНЕцОВа,8(9273) 18-84,2,игРУШКа мяЧ,2,502.38,97.62,ComPlEtEd,Ждём с нетерпением!,27.05.2024,7217864553527416
2029958141864,2024/05/25 12:55:54,ольГа КуЗНЕцОВа,8(9273) 18-84,4,ПоДпиСкА На гаЗетУ,4,1928.86,471.14,COMpLEteD,Ждём с нетерпением!,27.05.2024,7217864553527416
2029958141864,2024/05/25 12:55:54,ольГа КуЗНЕцОВа,8(9273) 18-84,1,КОРм длЯ сОбак,1,414.75,85.25,COmPLEtED,Ждём с нетерпением!,27.05.2024,7217864553527416
2029958140474,2024/05/19 06:48:12,елеНА нОВикОВА,+7(9270)71-46,3,АмуниЦия дЛя СоБак,2,2164.66,235.34,PRocESsing,Всё отлично!,2024/05/11,8931614780012909
2029958140474,2024/05/19 06:48:12,елеНА нОВикОВА,+7(9270)71-46,1,кОРМ дЛя собаК,5,2440.89,59.11,ProcESsING,Всё отлично!,2024/05/11,8931614780012909
2029958140474,2024/05/19 06:48:12,елеНА нОВикОВА,+7(9270)71-46,2,ИгРушка мяч,5,1204.86,295.14,proceSSInG,Всё отлично!,2024/05/11,8931614780012909
2029958139637,2024-05-21 01:02:45,НаТАлья васИЛьевА,8(9130) 48-53,2,иГРуШКа МяЧ,2,592.11,7.89,CoMpLetED,Ждём с нетерпением!,27.05.2024,8841507727970440
2029958139637,2024-05-21 01:02:45,НаТАлья васИЛьевА,8(9130) 48-53,3,АМуНиция ДЛЯ собаК,2,2320.13,79.87,COMPlEtEd,Ждём с нетерпением!,27.05.2024,8841507727970440
2029958139637,2024-05-21 01:02:45,НаТАлья васИЛьевА,8(9130) 48-53,4,пОДПискА нА гаЗЕту,1,498.81,101.19,compLETED,Ждём с нетерпением!,27.05.2024,8841507727970440
2029958139637,2024-05-21 01:02:45,НаТАлья васИЛьевА,8(9130) 48-53,2,иГрУШкА мяч,1,255.41,44.59,cOMplETeD,Ждём с нетерпением!,27.05.2024,8841507727970440
2029958138426,12.05.2024 14:57,АлеКсей МИхаЙЛоВ,+7(9434)32-23,2,иГРУШКА мЯЧ,3,894.77,5.23,proCESSiNG,"Задержка с доставкой, печалька...",2024-05-31,6398213928242268
2029958137587,2024-05-22 12:06:05,МихАиЛ ОрлОв,8(9458) 66-55,1,КОРм ДЛя соБак,2,956.59,43.41,completeD,"Задержка с доставкой, печалька...",17.05.2024,5173292647484945
2029958136569,2024-05-20 07:49:13,ИВан иВАнов,+7 9184 45 49,4,ПоДпиСка нА ГазеТу,2,1199.47,0.53,ProCeSSIng,подарок вовремя,2024/05/22,0696050644196549
2029958136569,2024-05-20 07:49:13,ИВан иВАнов,+7 9184 45 49,4,подпИсКА на гАзЕту,3,1607.5,192.5,PROCEsSiNg,подарок вовремя,2024/05/22,0696050644196549
2029958136569,2024-05-20 07:49:13,ИВан иВАнов,+7 9184 45 49,3,амУниЦиЯ ДлЯ сОбаК,5,4862.28,1137.72,proCeSSINg,подарок вовремя,2024/05/22,0696050644196549
2029958136569,2024-05-20 07:49:13,ИВан иВАнов,+7 9184 45 49,3,амуНИЦия ДЛя СобаК,2,2328.32,71.68,proCeSSINg,подарок вовремя,2024/05/22,0696050644196549
2029958136569,2024-05-20 07:49:13,ИВан иВАнов,+7 9184 45 49,3,АмУНицИЯ длЯ собАк,3,3247.55,352.45,pROcesSinG,подарок вовремя,2024/05/22,0696050644196549
2029958135492,22.05.2024 11:07,ДМИТРИй кузнеЦов,8(9631) 12-57,5,моЛОкО,4,11270.84,729.16,CaNCelled,Всё отлично!,10.05.2024,8244990121835663
2029958134381,11.05.2024 07:47,МариЯ ПеТрОВа,+7(9036)94-99,4,ПоДпиСка на ГАзеТУ,1,509.34,90.66,PRocESsING,"Задержка с доставкой, печалька...",2024-05-14,2557951769158205
2029958134381,11.05.2024 07:47,МариЯ ПеТрОВа,+7(9036)94-99,3,амУнИЦИЯ для Собак,5,5867.06,132.94,PRocEsSINg,"Задержка с доставкой, печалька...",2024-05-14,2557951769158205
2029958133208,2024/05/18 05:48:27,маРИя пЕТрОва,+7 9126 96 86,4,пОДПискА На гАЗЕТУ,4,2398.82,1.18,CoMPLeTEd,подарок вовремя,09.05.2024,8560370328378936
2029958133208,2024/05/18 05:48:27,маРИя пЕТрОва,+7 9126 96 86,2,ИгрУшКа МЯч,3,890.12,9.88,cOmPlETED,подарок вовремя,09.05.2024,8560370328378936
2029958133208,2024/05/18 05:48:27,маРИя пЕТрОва,+7 9126 96 86,3,амуНИция для сОбак,2,1968.33,431.67,cOmpleTeD,подарок вовремя,09.05.2024,8560370328378936
2029958133208,2024/05/18 05:48:27,маРИя пЕТрОва,+7 9126 96 86,4,поДПИсКА на гАЗету,1,519.35,80.65,cOMpLEteD,подарок вовремя,09.05.2024,8560370328378936
2029958133208,2024/05/18 05:48:27,маРИя пЕТрОва,+7 9126 96 86,2,игРушка мЯЧ,5,1366.77,133.23,coMPleTED,подарок вовремя,09.05.2024,8560370328378936
2029958132207,2024-05-29 15:56:58,АЛЕКсеЙ МИхАЙЛОВ,+7 9589 02 73,5,мОлокО,3,8416.39,583.61,processiNg,Нужно уточнить сроки,14.05.2024,2174390429736124
2029958132207,2024-05-29 15:56:58,АЛЕКсеЙ МИхАЙЛОВ,+7 9589 02 73,4,пОДпиСкА на газЕТУ,3,1711.95,88.05,proCEssInG,Нужно уточнить сроки,14.05.2024,2174390429736124
2029958132207,2024-05-29 15:56:58,АЛЕКсеЙ МИхАЙЛОВ,+7 9589 02 73,1,КОрМ ДЛЯ соБАк,3,1352.42,147.58,ProcesSING,Нужно уточнить сроки,14.05.2024,2174390429736124
2029958132207,2024-05-29 15:56:58,АЛЕКсеЙ МИхАЙЛОВ,+7 9589 02 73,1,коРм ДЛЯ сОбАк,2,920.26,79.74,ProCesSINg,Нужно уточнить сроки,14.05.2024,2174390429736124
2029958131510,2024/05/04 01:26:00,наТалЬя ВАСИлЬЕВА,+7(9837)22-68,3,аМуНИЦИя Для СОБак,4,4694.54,105.46,CompleteD,Нужно уточнить сроки,2024/05/22,9225796813731896
2029958131510,2024/05/04 01:26:00,наТалЬя ВАСИлЬЕВА,+7(9837)22-68,1,КОРМ дЛЯ СОБАК,5,2198.03,301.97,compLEtEd,Нужно уточнить сроки,2024/05/22,9225796813731896
2029958130275,2024-05-13 18:26:24,ИВаН ИвАНоВ,+7 9517 42 60,4,подПИска На ГазЕту,2,1025.94,174.06,canCElLed,Всё отлично!,2024/05/18,5936706867519794
2029958130275,2024-05-13 18:26:24,ИВаН ИвАНоВ,+7 9517 42 60,4,поДпиСка НА газЕтУ,4,2333.3,66.7,caNCELLeD,Всё отлично!,2024/05/18,5936706867519794
2029958129761,20.05.2024 05:02,иВан ИвАнов,+7(9010)98-74,3,амуНиЦиЯ для СОБаК,3,3148.33,451.67,pROCEsSinG,Всё отлично!,20.05.2024,6330598399769831
2029958129761,20.05.2024 05:02,иВан ИвАнов,+7(9010)98-74,5,мОЛокО,5,14187.52,812.48,pROCeSsiNg,Всё отлично!,20.05.2024,6330598399769831
2029958129761,20.05.2024 05:02,иВан ИвАнов,+7(9010)98-74,4,подПисКА нА ГАЗЕту,4,2002.88,397.12,pRoceSSIng,Всё отлично!,20.05.2024,6330598399769831
2029958129761,20.05.2024 05:02,иВан ИвАнов,+7(9010)98-74,4,пОДПИСка НА ГаЗЕтУ,5,2571.22,428.78,pRoCeSSinG,Всё отлично!,20.05.2024,6330598399769831
2029958129761,20.05.2024 05:02,иВан ИвАнов,+7(9010)98-74,3,АмуНицИя дЛя СобАк,3,2988.04,611.96,prOceSsiNG,Всё отлично!,20.05.2024,6330598399769831
2029958128581,29.05.2024 10:41,сЕргей СиДОРОВ,+7 9682 46 83,3,АмуНицИЯ ДЛя соБАк,2,2195.26,204.74,PrOCeSSinG,Всё отлично!,2024/05/31,2444424961901176
2029958128581,29.05.2024 10:41,сЕргей СиДОРОВ,+7 9682 46 83,1,КоРМ для сОБак,1,438.62,61.38,prOcESsiNg,Всё отлично!,2024/05/31,2444424961901176
2029958127512,2024/05/19 07:53:25,НатАлЬЯ василЬЕва,+7(9522)52-86,5,мОЛоКО,2,5505.79,494.21,cOMPlEtED,Всё отлично!,16.05.2024,8298104248851838
2029958127512,2024/05/19 07:53:25,НатАлЬЯ василЬЕва,+7(9522)52-86,4,ПОДПИСкА на газеТУ,3,1789.45,10.55,comPLeTEd,Всё отлично!,16.05.2024,8298104248851838
2029958127512,2024/05/19 07:53:25,НатАлЬЯ василЬЕва,+7(9522)52-86,4,поДПИсКА На газету,4,2112.3,287.7,COMplEteD,Всё отлично!,16.05.2024,8298104248851838
2029958127512,2024/05/19 07:53:25,НатАлЬЯ василЬЕва,+7(9522)52-86,3,АМуНиция дЛЯ СобАК,5,4898.67,1101.33,CoMpletED,Всё отлично!,16.05.2024,8298104248851838
2029958126375,2024/05/16 03:13:56,дмИтрИЙ КУЗнецОв,+7 9176 72 78,3,АМунИЦИЯ ДЛя СобАК,1,1105.01,94.99,canCELleD,"Задержка с доставкой, печалька...",2024-05-08,1797381038638729
2029958126375,2024/05/16 03:13:56,дмИтрИЙ КУЗнецОв,+7 9176 72 78,5,МОЛокО,1,2962.79,37.21,CanCEllEd,"Задержка с доставкой, печалька...",2024-05-08,1797381038638729
2029958126375,2024/05/16 03:13:56,дмИтрИЙ КУЗнецОв,+7 9176 72 78,1,кОрМ дЛя СоБАк,5,2074.89,425.11,CAnCelled,"Задержка с доставкой, печалька...",2024-05-08,1797381038638729
2029958125693,2024-05-29 03:25:04,АлЕксЕЙ мИХайлОв,8(9350) 40-35,5,мОлоКо,5,12218.25,2781.75,CANceLLEd,Нужно уточнить сроки,2024-05-01,7286244645272541
2029958125693,2024-05-29 03:25:04,АлЕксЕЙ мИХайлОв,8(9350) 40-35,5,моЛокО,1,2434.27,565.73,caNCELLeD,Нужно уточнить сроки,2024-05-01,7286244645272541
2029958125693,2024-05-29 03:25:04,АлЕксЕЙ мИХайлОв,8(9350) 40-35,4,ПодПИска НА гаЗету,1,543.17,56.83,cAncelLED,Нужно уточнить сроки,2024-05-01,7286244645272541
2029958124881,08.05.2024 18:44,дМИтРий КУзНецОв,8(9680) 85-60,2,иГрушКа мЯЧ,1,278.2,21.8,procEsSIng,Всё отлично!,2024-05-20,2364890751395951
2029958124881,08.05.2024 18:44,дМИтРий КУзНецОв,8(9680) 85-60,1,КоРм ДЛя собАк,2,955.38,44.62,PRocEsSINg,Всё отлично!,2024-05-20,2364890751395951
2029958124881,08.05.2024 18:44,дМИтРий КУзНецОв,8(9680) 85-60,5,моЛОко,2,5433.12,566.88,PrOCEsSiNG,Всё отлично!,2024-05-20,2364890751395951
2029958124881,08.05.2024 18:44,дМИтРий КУзНецОв,8(9680) 85-60,5,мОлОКО,1,2665.32,334.68,prOceSsiNG,Всё отлично!,2024-05-20,2364890751395951
2029958123501,2024/05/01 04:24:40,АЛЕксЕй МИхайлОВ,+7 9425 88 26,3,АмунИЦИя для собаК,2,2351.3,48.7,CANCELLEd,Нужно уточнить сроки,2024/05/03,6588362464104454
2029958123501,2024/05/01 04:24:40,АЛЕксЕй МИхайлОВ,+7 9425 88 26,2,ИгруШКа мЯЧ,3,735.65,164.35,cANCeLLEd,Нужно уточнить сроки,2024/05/03,6588362464104454
2029958123501,2024/05/01 04:24:40,АЛЕксЕй МИхайлОВ,+7 9425 88 26,3,аМунициЯ ДлЯ соБаК,5,5293.16,706.84,canCeLLeD,Нужно уточнить сроки,2024/05/03,6588362464104454
2029958123501,2024/05/01 04:24:40,АЛЕксЕй МИхайлОВ,+7 9425 88 26,4,пОДпискА нА ГазЕТу,1,576.1,23.9,CAnCelLeD,Нужно уточнить сроки,2024/05/03,6588362464104454
2029958123501,2024/05/01 04:24:40,АЛЕксЕй МИхайлОВ,+7 9425 88 26,3,АМуниЦия Для собаК,1,1114.61,85.39,CANcEllEd,Нужно уточнить сроки,2024/05/03,6588362464104454
2029958122955,11.05.2024 04:46,алеКсеЙ миХаЙлоВ,8(9958) 61-77,5,МолоКо,4,10242.8,1757.2,CAnceLled,Ждём с нетерпением!,28.05.2024,0659306119589305
2029958122955,11.05.2024 04:46,алеКсеЙ миХаЙлоВ,8(9958) 61-77,1,кОРм дЛя СОБАК,3,1253.85,246.15,canCELLeD,Ждём с нетерпением!,28.05.2024,0659306119589305
2029958122955,11.05.2024 04:46,алеКсеЙ миХаЙлоВ,8(9958) 61-77,2,игрушКа Мяч,2,511.09,88.91,cANCElleD,Ждём с нетерпением!,28.05.2024,0659306119589305
2029958121119,2024/05/12 12:11:01,Мария ПеТРова,8(9193) 39-73,4,пОДПисКа На ГАЗеТу,5,2436.22,563.78,canCeLLEd,Всё отлично!,20.05.2024,6766710193341741
2029958121119,2024/05/12 12:11:01,Мария ПеТРова,8(9193) 39-73,2,игРУШКа МЯЧ,3,748.25,151.75,cAncELled,Всё отлично!,20.05.2024,6766710193341741
2029958121119,2024/05/12 12:11:01,Мария ПеТРова,8(9193) 39-73,1,Корм ДлЯ СОбаК,3,1423.77,76.23,CAncELLED,Всё отлично!,20.05.2024,6766710193341741
2029958120221,2024/05/13 00:37:47,мИХАиЛ ОРлОВ,+7(9535)98-27,2,игРУШка мяч,4,1061.62,138.38,CancElLED,Проверить наличие,13.05.2024,9213514258079194
2029958119401,2024-05-15 03:11:23,елЕНа НОВикоВА,8(9829) 06-24,4,подПисКА нА ГАЗету,4,2283.98,116.02,pRoceSsinG,Нужно уточнить сроки,2024/05/05,2756550446310505
2029958119401,2024-05-15 03:11:23,елЕНа НОВикоВА,8(9829) 06-24,3,аМУниЦИЯ длЯ СОБАК,3,3108.67,491.33,PRoCeSsInG,Нужно уточнить сроки,2024/05/05,2756550446310505
2029958119401,2024-05-15 03:11:23,елЕНа НОВикоВА,8(9829) 06-24,5,МолОкО,2,5576.87,423.13,PRoCeSsinG,Нужно уточнить сроки,2024/05/05,2756550446310505
2029958119401,2024-05-15 03:11:23,елЕНа НОВикоВА,8(9829) 06-24,4,ПОдписКА нА ГаЗЕТУ,4,2040.96,359.04,PrOCESSINg,Нужно уточнить сроки,2024/05/05,2756550446310505
2029958119401,2024-05-15 03:11:23,елЕНа НОВикоВА,8(9829) 06-24,4,ПодПИСка нА гАЗету,2,1042.29,157.71,prOceSSinG,Нужно уточнить сроки,2024/05/05,2756550446310505
2029958118954,2024-05-06 17:26:02,ЕЛЕНА нОвИкОВА,8(9407) 81-76,4,пОДпиСКа НА Газету,3,1579.74,220.26,ProcEsSiNG,Ждём с нетерпением!,26.05.2024,2029503018177722
2029958118954,2024-05-06 17:26:02,ЕЛЕНА нОвИкОВА,8(9407) 81-76,2,иГрУШка Мяч,3,849.26,50.74,prOCESsiNg,Ждём с нетерпением!,26.05.2024,2029503018177722
2029958117325,19.05.2024 12:18,ДмИтРИй КУзНеЦоВ,+7(9140)65-32,1,КоРм ДЛЯ собАК,5,2460.49,39.51,cOMpleTEd,подарок вовремя,28.05.2024,7557960191970867
2029958116858,01.05.2024 17:05,МАРиЯ ПеТрОВА,8(9249) 73-04,1,КОрМ ДлЯ сОБАК,3,1203.28,296.72,CoMPlETEd,"Задержка с доставкой, печалька...",2024-05-10,6924158678280959
2029958116858,01.05.2024 17:05,МАРиЯ ПеТрОВА,8(9249) 73-04,5,мОлокО,2,5680.08,319.92,CompLeTed,"Задержка с доставкой, печалька...",2024-05-10,6924158678280959
2029958116858,01.05.2024 17:05,МАРиЯ ПеТрОВА,8(9249) 73-04,4,подПиСКА НА ГаЗЕТу,1,525.15,74.85,CoMplEteD,"Задержка с доставкой, печалька...",2024-05-10,6924158678280959
2029958116858,01.05.2024 17:05,МАРиЯ ПеТрОВА,8(9249) 73-04,2,иГрушка Мяч,3,746.15,153.85,COMPlETeD,"Задержка с доставкой, печалька...",2024-05-10,6924158678280959
2029958115521,2024/05/10 04:32:45,сЕРгЕй сиДоРоВ,+7(9067)12-98,3,АмУНИЦия ДЛя СОбАК,3,2972.72,627.28,CoMPlETEd,Нужно уточнить сроки,21.05.2024,2691872307003278
2029958115521,2024/05/10 04:32:45,сЕРгЕй сиДоРоВ,+7(9067)12-98,1,КОрм дЛЯ СОбак,1,448.73,51.27,compLeteD,Нужно уточнить сроки,21.05.2024,2691872307003278
2029958115521,2024/05/10 04:32:45,сЕРгЕй сиДоРоВ,+7(9067)12-98,5,МоЛокО,5,13141.33,1858.67,cOMplEteD,Нужно уточнить сроки,21.05.2024,2691872307003278
2029958114930,2024-05-24 18:56:00,ЕЛЕНа нОвИкОВА,8(9172) 16-92,5,молоко,3,8253.27,746.73,prOceSSInG,"Задержка с доставкой, печалька...",2024-05-03,6034188547147120
2029958114930,2024-05-24 18:56:00,ЕЛЕНа нОвИкОВА,8(9172) 16-92,5,МОлОКО,5,14675.37,324.63,proCessING,"Задержка с доставкой, печалька...",2024-05-03,6034188547147120
2029958113648,09.05.2024 08:11,АННа СмИРнОВА,+7 9576 61 69,1,корм для сОбаК,5,2198.33,301.67,canCelLeD,Ждём с нетерпением!,2024/05/12,8391621246553876
2029958113648,09.05.2024 08:11,АННа СмИРнОВА,+7 9576 61 69,1,коРм дЛЯ СобаК,5,2276.63,223.37,caNCelled,Ждём с нетерпением!,2024/05/12,8391621246553876
2029958113648,09.05.2024 08:11,АННа СмИРнОВА,+7 9576 61 69,5,молОКО,2,5081.08,918.92,canceLlED,Ждём с нетерпением!,2024/05/12,8391621246553876
2029958113648,09.05.2024 08:11,АННа СмИРнОВА,+7 9576 61 69,2,игрУшКА Мяч,2,585.76,14.24,cancELlEd,Ждём с нетерпением!,2024/05/12,8391621246553876
2029958112424,2024-05-20 12:03:58,ивАн иваНов,8(9637) 22-10,4,пОдПИсКА на гАЗетУ,1,481.63,118.37,cAncEllEd,спасибо за заказ,06.05.2024,1501970906800135
2029958112424,2024-05-20 12:03:58,ивАн иваНов,8(9637) 22-10,2,иГруШка мяЧ,5,1377.99,122.01,CANcElLED,спасибо за заказ,06.05.2024,1501970906800135
2029958112424,2024-05-20 12:03:58,ивАн иваНов,8(9637) 22-10,3,амУнИЦиЯ для сОбаК,5,5375.93,624.07,CAnceLLeD,спасибо за заказ,06.05.2024,1501970906800135
2029958112424,2024-05-20 12:03:58,ивАн иваНов,8(9637) 22-10,1,КОрм ДЛя СОБАк,3,1251.72,248.28,CanceLlEd,спасибо за заказ,06.05.2024,1501970906800135
2029958111803,2024/05/17 00:23:27,олЬга кУзНЕцоВА,+7 9549 22 22,3,аМуНициЯ ДЛя СоБак,4,4094.02,705.98,CANCeLLED,спасибо за заказ,07.05.2024,9094752340307607
2029958111803,2024/05/17 00:23:27,олЬга кУзНЕцоВА,+7 9549 22 22,3,аМУниЦИЯ ДлЯ СобаК,2,2048.58,351.42,CaNCElleD,спасибо за заказ,07.05.2024,9094752340307607
2029958110992,2024-05-11 09:28:07,ДмИТРИЙ КуЗнеЦов,+7(9923)14-09,2,иГрУШКа мяЧ,4,980.35,219.65,COmpLETED,Нужно уточнить сроки,06.05.2024,0269141206212295
2029958110992,2024-05-11 09:28:07,ДмИТРИЙ КуЗнеЦов,+7(9923)14-09,3,АМуНиЦИя Для СОБАк,2,2177.11,222.89,cOmPlEted,Нужно уточнить сроки,06.05.2024,0269141206212295
2029958110992,2024-05-11 09:28:07,ДмИТРИЙ КуЗнеЦов,+7(9923)14-09,3,аМуницИя дЛЯ соБаК,1,1047.91,152.09,completED,Нужно уточнить сроки,06.05.2024,0269141206212295
2029958110992,2024-05-11 09:28:07,ДмИТРИЙ КуЗнеЦов,+7(9923)14-09,4,пОДПисКА нА газЕту,1,595.56,4.44,COmPLetED,Нужно уточнить сроки,06.05.2024,0269141206212295
2029958109924,2024/05/27 09:32:29,мАРИя петРОва,+7 9047 56 04,3,аМунициЯ дЛЯ СоБак,4,4597.49,202.51,ComPLETed,Всё отлично!,2024-05-21,2925378006544808
2029958108488,24.05.2024 19:56,аЛеКСЕЙ МихаЙлОВ,8(9379) 76-36,2,иГРуШКА мЯЧ,4,988.54,211.46,COmPLETED,подарок вовремя,15.05.2024,5538656587119990
2029958108488,24.05.2024 19:56,аЛеКСЕЙ МихаЙлОВ,8(9379) 76-36,1,кОРм ДЛЯ соБАК,2,820.6,179.4,compleTeD,подарок вовремя,15.05.2024,5538656587119990
2029958108488,24.05.2024 19:56,аЛеКСЕЙ МихаЙлОВ,8(9379) 76-36,4,подпИСКА нА ГаЗету,4,2293.53,106.47,cOMplEtED,подарок вовремя,15.05.2024,5538656587119990
2029958107253,2024-05-02 08:38:16,СеРгЕй СИдОрОв,8(9813) 19-16,5,молОко,5,13899.06,1100.94,cOMpleTEd,Проверить наличие,2024/05/16,9014571036744059
2029958107253,2024-05-02 08:38:16,СеРгЕй СИдОрОв,8(9813) 19-16,2,ИгруШка МяЧ,3,886.23,13.77,completEd,Проверить наличие,2024/05/16,9014571036744059
2029958106905,2024/05/31 14:01:12,ивАН ИваНоВ,+7 9074 47 28,2,ИГРушКа мяЧ,5,1201.11,298.89,cOmpLeTeD,подарок вовремя,2024/05/31,6055651401247942
2029958106905,2024/05/31 14:01:12,ивАН ИваНоВ,+7 9074 47 28,4,поДпИСкА На ГАзету,3,1630.61,169.39,CoMPLeTeD,подарок вовремя,2024/05/31,6055651401247942
2029958106905,2024/05/31 14:01:12,ивАН ИваНоВ,+7 9074 47 28,4,пОДпИсКА На ГаЗету,4,2359.67,40.33,coMpleTeD,подарок вовремя,2024/05/31,6055651401247942
2029958105975,26.05.2024 12:00,ДмИтРИй куЗНецОВ,+7 9052 51 05,2,иГРушка МЯЧ,3,818.26,81.74,CanCELLed,Нужно уточнить сроки,2024/05/10,2664022121333327
2029958105975,26.05.2024 12:00,ДмИтРИй куЗНецОВ,+7 9052 51 05,4,ПоДПИСка нА ГАзеТу,5,2447.56,552.44,CANCelLeD,Нужно уточнить сроки,2024/05/10,2664022121333327
2029958105975,26.05.2024 12:00,ДмИтРИй куЗНецОВ,+7 9052 51 05,3,АМУНициЯ Для СОбаК,3,2982.85,617.15,caNcellEd,Нужно уточнить сроки,2024/05/10,2664022121333327
2029958105975,26.05.2024 12:00,ДмИтРИй куЗНецОВ,+7 9052 51 05,4,ПоДписКА на гАЗетУ,4,2235.62,164.38,CaNcElleD,Нужно уточнить сроки,2024/05/10,2664022121333327
2029958104517,2024-05-01 02:42:48,АННА сМирНова,+7(9479)13-55,3,АмуНИция для соБаК,1,1088.13,111.87,ComPlETed,Всё отлично!,2024-05-04,8095418903485795
2029958104517,2024-05-01 02:42:48,АННА сМирНова,+7(9479)13-55,4,пОДПиСКА На ГаЗетУ,5,2773.34,226.66,cOMplETEd,Всё отлично!,2024-05-04,8095418903485795
2029958103666,2024-05-19 10:04:09,ОЛьгА КуЗнецОва,+7 9344 08 64,3,АмУНИцИя Для СобаК,4,4258.89,541.11,CAnCellEd,подарок вовремя,01.05.2024,7150432128319664
2029958103666,2024-05-19 10:04:09,ОЛьгА КуЗнецОва,+7 9344 08 64,4,ПОдпиСка НА гАЗЕТу,4,2040.45,359.55,cAncelLed,подарок вовремя,01.05.2024,7150432128319664
2029958102656,2024-05-18 14:44:04,дмитРИЙ КУзнЕцОВ,8(9359) 22-49,1,кОрм дЛя собАК,3,1210.14,289.86,pRoCeSSing,Нужно уточнить сроки,25.05.2024,9954834736181783
2029958102656,2024-05-18 14:44:04,дмитРИЙ КУзнЕцОВ,8(9359) 22-49,4,поДПиска На ГаЗЕТУ,5,2670.5,329.5,ProcesSInG,Нужно уточнить сроки,25.05.2024,9954834736181783
2029958102656,2024-05-18 14:44:04,дмитРИЙ КУзнЕцОВ,8(9359) 22-49,5,МоЛоКо,1,2819.8,180.2,ProcESsInG,Нужно уточнить сроки,25.05.2024,9954834736181783
2029958101418,11.05.2024 16:14,алексЕЙ МИхаЙЛоВ,8(9538) 50-66,4,ПОДписка нА гАзету,1,571.73,28.27,CANcELlEd,подарок вовремя,04.05.2024,2420036301819537
2029958100397,09.05.2024 00:03,еЛена НоВиКОВА,8(9325) 24-71,1,КОРм длЯ соБАК,5,2423.19,76.81,PRoCESSInG,Проверить наличие,2024/05/29,7528365590155847
2029958100397,09.05.2024 00:03,еЛена НоВиКОВА,8(9325) 24-71,2,игРушКа МЯЧ,5,1246.66,253.34,pRoCesSiNG,Проверить наличие,2024/05/29,7528365590155847
2029958100397,09.05.2024 00:03,еЛена НоВиКОВА,8(9325) 24-71,5,МОлОКо,1,2559.83,440.17,pRoCeSsInG,Проверить наличие,2024/05/29,7528365590155847
2029958100397,09.05.2024 00:03,еЛена НоВиКОВА,8(9325) 24-71,2,иГРУШка мЯч,2,589.8,10.2,ProCESsing,Проверить наличие,2024/05/29,7528365590155847
2029958099790,2024-05-19 08:59:05,дМИтрИЙ кУзНеЦов,+7(9847)29-02,4,пОдпискА На ГазЕТУ,5,2940.66,59.34,cANcelLed,Всё отлично!,2024-05-11,8603312906052690
2029958099790,2024-05-19 08:59:05,дМИтрИЙ кУзНеЦов,+7(9847)29-02,4,ПОдПиСка на ГАЗЕтУ,1,483.96,116.04,cANceLLEd,Всё отлично!,2024-05-11,8603312906052690
2029958099790,2024-05-19 08:59:05,дМИтрИЙ кУзНеЦов,+7(9847)29-02,3,АмунИцИЯ ДЛя соБак,5,5286.44,713.56,cAncelLED,Всё отлично!,2024-05-11,8603312906052690
2029958099790,2024-05-19 08:59:05,дМИтрИЙ кУзНеЦов,+7(9847)29-02,1,КоРм длЯ собАК,2,991.24,8.76,cANCElleD,Всё отлично!,2024-05-11,8603312906052690
2029958099790,2024-05-19 08:59:05,дМИтрИЙ кУзНеЦов,+7(9847)29-02,1,кОрм дЛЯ СоБак,5,2454.03,45.97,cAnCElleD,Всё отлично!,2024-05-11,8603312906052690
2029958098533,20.05.2024 19:05,дМИтрИй кУзнеЦОв,+7(9156)39-34,4,ПодпИсКА на ГазЕтУ,3,1776.22,23.78,complETEd,"Задержка с доставкой, печалька...",2024/05/08,9326016468984129
2029958098533,20.05.2024 19:05,дМИтрИй кУзнеЦОв,+7(9156)39-34,5,МОЛоко,2,4823.89,1176.11,coMpletED,"Задержка с доставкой, печалька...",2024/05/08,9326016468984129
2029958098533,20.05.2024 19:05,дМИтрИй кУзнеЦОв,+7(9156)39-34,1,корМ дЛЯ собАк,5,2159.97,340.03,COmplETEd,"Задержка с доставкой, печалька...",2024/05/08,9326016468984129
2029958098533,20.05.2024 19:05,дМИтрИй кУзнеЦОв,+7(9156)39-34,2,игрушКА мЯЧ,4,1095.75,104.25,comPlEtEd,"Задержка с доставкой, печалька...",2024/05/08,9326016468984129
2029958098533,20.05.2024 19:05,дМИтрИй кУзнеЦОв,+7(9156)39-34,2,ИГРуШкА мяЧ,5,1250.52,249.48,COMpLeTed,"Задержка с доставкой, печалька...",2024/05/08,9326016468984129
2029958097549,2024-05-04 21:27:31,ИвАН иВАнов,8(9448) 63-56,3,аМунИЦИЯ ДлЯ СоБАк,5,5055.94,944.06,cOmplEted,Ждём с нетерпением!,2024/05/11,5973543132772568
2029958097549,2024-05-04 21:27:31,ИвАН иВАнов,8(9448) 63-56,2,ИгрУшКА МЯЧ,2,483.65,116.35,CoMpLETeD,Ждём с нетерпением!,2024/05/11,5973543132772568
2029958097549,2024-05-04 21:27:31,ИвАН иВАнов,8(9448) 63-56,2,игРуШКА мЯч,5,1332.63,167.37,COMpLeteD,Ждём с нетерпением!,2024/05/11,5973543132772568
2029958096405,2024-05-21 06:03:37,НаТалья ВАСильева,8(9127) 68-42,5,молОко,1,2532.75,467.25,ProceSsing,Нужно уточнить сроки,2024-05-28,1956827314169165
2029958095443,2024-05-29 03:46:19,МИХаИл ОРлОв,+7(9658)58-88,1,коРМ ДлЯ собаК,4,1721.32,278.68,CoMpLETED,Нужно уточнить сроки,2024-05-08,9678707241859726
2029958095443,2024-05-29 03:46:19,МИХаИл ОРлОв,+7(9658)58-88,4,ПодПиСкА нА ГАЗетУ,3,1778.63,21.37,COmpLeTEd,Нужно уточнить сроки,2024-05-08,9678707241859726
2029958095443,2024-05-29 03:46:19,МИХаИл ОРлОв,+7(9658)58-88,4,ПоДписка на газеТУ,1,515.39,84.61,cOMpLetEd,Нужно уточнить сроки,2024-05-08,9678707241859726
2029958094574,2024/05/22 09:28:28,АЛЕКСЕЙ МИХайЛов,8(9088) 49-36,2,игРУШКА мЯЧ,2,533.6,66.4,CAncElleD,Всё отлично!,30.05.2024,9629202359749196
2029958094574,2024/05/22 09:28:28,АЛЕКСЕЙ МИХайЛов,8(9088) 49-36,5,мОлОко,5,13707.42,1292.58,CanCeLlED,Всё отлично!,30.05.2024,9629202359749196
2029958093554,2024-05-27 19:04:20,михАиЛ орлОВ,+7(9795)88-00,2,игРУшКА МЯЧ,4,1146.62,53.38,coMpLETeD,Проверить наличие,15.05.2024,8336017801521686
2029958093554,2024-05-27 19:04:20,михАиЛ орлОВ,+7(9795)88-00,5,мОЛоко,3,8892.73,107.27,ComPLetEd,Проверить наличие,15.05.2024,8336017801521686
2029958093554,2024-05-27 19:04:20,михАиЛ орлОВ,+7(9795)88-00,4,поДПИСка на гАЗЕТУ,2,1143.36,56.64,cOMpLETED,Проверить наличие,15.05.2024,8336017801521686
2029958093554,2024-05-27 19:04:20,михАиЛ орлОВ,+7(9795)88-00,5,молОКО,1,2963.78,36.22,cOMPlETEd,Проверить наличие,15.05.2024,8336017801521686
2029958092714,2024-05-05 22:30:53,МАРИЯ пЕТРОВа,+7(9132)96-92,4,пОдпИСКА нА ГАЗеТУ,5,2601.32,398.68,pRoCEssInG,спасибо за заказ,2024-05-28,4681059007361441
2029958091942,04.05.2024 11:32,ольга куЗНеЦовА,+7(9908)50-18,5,молОко,3,7286.43,1713.57,CoMpLETEd,Всё отлично!,2024-05-08,9481044743015636
2029958091942,04.05.2024 11:32,ольга куЗНеЦовА,+7(9908)50-18,2,ИГрушка мЯч,4,1078.93,121.07,COmpLeTeD,Всё отлично!,2024-05-08,9481044743015636
2029958091942,04.05.2024 11:32,ольга куЗНеЦовА,+7(9908)50-18,5,молоко,2,5434.2,565.8,CompLeTEd,Всё отлично!,2024-05-08,9481044743015636
2029958091942,04.05.2024 11:32,ольга куЗНеЦовА,+7(9908)50-18,4,ПодпИсКА НА ГАзеТу,2,1142.09,57.91,cOmpLeteD,Всё отлично!,2024-05-08,9481044743015636
2029958090234,30.05.2024 04:17,АЛексЕй мИхайлОв,+7(9533)55-32,4,подПИсКа НА гАЗЕТу,3,1513.12,286.88,cOMpleted,"Задержка с доставкой, печалька...",2024/05/06,0097780940394124
2029958090234,30.05.2024 04:17,АЛексЕй мИхайлОв,+7(9533)55-32,4,пОДпискА на гАЗеТУ,5,2903.15,96.85,COMpLeted,"Задержка с доставкой, печалька...",2024/05/06,0097780940394124
2029958089395,30.05.2024 19:10,АнНА сМИРнОВа,+7(9948)37-95,3,АМуНицИЯ дЛЯ СоБак,3,2885.99,714.01,cAnCELLeD,Ждём с нетерпением!,2024/05/20,0447778436118199
2029958089395,30.05.2024 19:10,АнНА сМИРнОВа,+7(9948)37-95,3,АМунИцИЯ ДЛя соБаК,4,4727.83,72.17,cAnceLLEd,Ждём с нетерпением!,2024/05/20,0447778436118199
2029958088621,2024/05/28 23:52:37,дМИТРий кузНЕцов,8(9631) 81-75,1,КОрМ ДлЯ СОбАК,4,1809.89,190.11,CANCELLEd,Нужно уточнить сроки,20.05.2024,9375779870634317
2029958088621,2024/05/28 23:52:37,дМИТРий кузНЕцов,8(9631) 81-75,4,ПоДписКа На ГаЗЕТу,3,1742.99,57.01,CAnCelLED,Нужно уточнить сроки,20.05.2024,9375779870634317
2029958087270,14.05.2024 13:02,НаталЬя вАСИлЬЕвА,+7(9885)48-81,1,КОРМ Для сОбАК,4,1917.19,82.81,cOmPleted,спасибо за заказ,2024-05-11,4040208529115279
2029958087270,14.05.2024 13:02,НаталЬя вАСИлЬЕвА,+7(9885)48-81,4,пОдпиСка нА гАзЕтУ,2,1148.27,51.73,CoMpleted,спасибо за заказ,2024-05-11,4040208529115279
2029958087270,14.05.2024 13:02,НаталЬя вАСИлЬЕвА,+7(9885)48-81,2,игруШка мяч,5,1229.58,270.42,ComPLeTeD,спасибо за заказ,2024-05-11,4040208529115279
2029958087270,14.05.2024 13:02,НаталЬя вАСИлЬЕвА,+7(9885)48-81,3,АмуницИЯ ДлЯ СоБак,5,5685.89,314.11,COMpLeTED,спасибо за заказ,2024-05-11,4040208529115279
2029958086697,06.05.2024 05:30,МАрия ПЕтРовА,+7(9557)35-11,5,МОлОКо,5,12450.62,2549.38,PrOceSsInG,Ждём с нетерпением!,2024/05/27,5519640793596447
2029958086697,06.05.2024 05:30,МАрия ПЕтРовА,+7(9557)35-11,2,игруШкА МяЧ,4,1195.44,4.56,PROCeSSiNG,Ждём с нетерпением!,2024/05/27,5519640793596447
2029958086697,06.05.2024 05:30,МАрия ПЕтРовА,+7(9557)35-11,5,молоко,1,2924.4,75.6,pRoCEsSiNg,Ждём с нетерпением!,2024/05/27,5519640793596447
2029958086697,06.05.2024 05:30,МАрия ПЕтРовА,+7(9557)35-11,1,КоРм дЛя сОБАК,3,1398.51,101.49,PRoCeSsiNG,Ждём с нетерпением!,2024/05/27,5519640793596447
2029958086697,06.05.2024 05:30,МАрия ПЕтРовА,+7(9557)35-11,1,КорМ для сОБак,5,2017.93,482.07,PRocESSINg,Ждём с нетерпением!,2024/05/27,5519640793596447
2029958085366,2024/05/18 07:52:30,оЛЬГА куЗНЕЦОВА,+7 9620 53 74,4,подписка На гАЗеТу,3,1472.2,327.8,PRoCesSiNG,Всё отлично!,07.05.2024,1191161576751130
2029958085366,2024/05/18 07:52:30,оЛЬГА куЗНЕЦОВА,+7 9620 53 74,1,кОРМ ДЛя СоБаК,3,1410.39,89.61,proceSSinG,Всё отлично!,07.05.2024,1191161576751130
2029958084305,2024-05-27 02:30:53,елЕна НОВИкоВа,8(9642) 51-77,3,аМУниЦия ДлЯ СОБАк,1,1038.71,161.29,cOMpLeTEd,Всё отлично!,2024/05/04,8693248807805145
2029958084305,2024-05-27 02:30:53,елЕна НОВИкоВа,8(9642) 51-77,2,ИГРУшкА мЯч,1,288.8,11.2,CoMPLETed,Всё отлично!,2024/05/04,8693248807805145
2029958084305,2024-05-27 02:30:53,елЕна НОВИкоВа,8(9642) 51-77,4,ПОДпИскА нА гАЗЕту,2,990.31,209.69,coMpLETed,Всё отлично!,2024/05/04,8693248807805145
2029958084305,2024-05-27 02:30:53,елЕна НОВИкоВа,8(9642) 51-77,3,амунИЦИя длЯ сОБАК,5,5533.56,466.44,COmPlETed,Всё отлично!,2024/05/04,8693248807805145
2029958083153,02.05.2024 10:49,СеРГЕй сиДоРОв,+7 9007 01 07,5,мОлОкО,4,10755.91,1244.09,CAnceLLED,Ждём с нетерпением!,2024-05-12,4487058162060392
2029958083153,02.05.2024 10:49,СеРГЕй сиДоРОв,+7 9007 01 07,4,пОДПИсКа на ГАЗеТу,5,2927.77,72.23,cANCelLeD,Ждём с нетерпением!,2024-05-12,4487058162060392
2029958082975,13.05.2024 00:53,ЕленА НОВИКоВа,+7 9178 85 13,3,АмУНИция ДЛя СобАк,5,4900.9,1099.1,coMPleted,Ждём с нетерпением!,2024/05/26,8439399847806107
2029958082975,13.05.2024 00:53,ЕленА НОВИКоВа,+7 9178 85 13,3,амУнИЦия Для СобАК,5,5935.53,64.47,coMplETeD,Ждём с нетерпением!,2024/05/26,8439399847806107
2029958082975,13.05.2024 00:53,ЕленА НОВИКоВа,+7 9178 85 13,1,корМ Для СОБак,4,1953.94,46.06,CompLeted,Ждём с нетерпением!,2024/05/26,8439399847806107
2029958081689,2024/05/31 05:14:29,ЕЛЕна нОвИКОвА,+7(9268)51-57,4,ПодПИСКа НА ГаЗЕтУ,1,494.72,105.28,pROCessING,спасибо за заказ,2024/05/20,6232691925420265
2029958081689,2024/05/31 05:14:29,ЕЛЕна нОвИКОвА,+7(9268)51-57,5,мОлОКо,2,5299.24,700.76,PrOCEsSIng,спасибо за заказ,2024/05/20,6232691925420265
2029958080459,2024/05/30 19:41:09,иВАН иваНов,8(9720) 62-34,5,МоЛокО,3,7764.53,1235.47,comPlETeD,Всё отлично!,2024-05-30,9569760567926820
2029958079623,2024/05/28 10:18:33,анНа сМИРНова,+7(9190)91-89,3,АмуНИцИЯ ДЛя СобАк,1,960.04,239.96,pRoCEssIng,Проверить наличие,2024-05-16,9281784212278665
2029958079623,2024/05/28 10:18:33,анНа сМИРНова,+7(9190)91-89,3,амуНИЦия длЯ СОБАК,1,1044.46,155.54,PROcEssINg,Проверить наличие,2024-05-16,9281784212278665
2029958079623,2024/05/28 10:18:33,анНа сМИРНова,+7(9190)91-89,1,кОрМ ДЛЯ СоБак,2,943.08,56.92,PROceSsiNg,Проверить наличие,2024-05-16,9281784212278665
2029958078358,2024-05-22 05:40:45,сеРГЕЙ СиДороВ,+7 9227 26 21,2,ИгрУШКа МЯЧ,1,260.9,39.1,COMpLeted,Всё отлично!,2024/05/01,3061920027777867
2029958078358,2024-05-22 05:40:45,сеРГЕЙ СиДороВ,+7 9227 26 21,2,иГРуШКА мяЧ,4,1059.75,140.25,COMPlEted,Всё отлично!,2024/05/01,3061920027777867
2029958078358,2024-05-22 05:40:45,сеРГЕЙ СиДороВ,+7 9227 26 21,2,иГрушка мяЧ,2,535.9,64.1,COMPLETed,Всё отлично!,2024/05/01,3061920027777867
2029958078358,2024-05-22 05:40:45,сеРГЕЙ СиДороВ,+7 9227 26 21,4,ПодПиСКа нА ГазЕТу,1,546.68,53.32,coMPLEtED,Всё отлично!,2024/05/01,3061920027777867
2029958077188,04.05.2024 17:03,ДмИтРиЙ кузнЕцоВ,8(9698) 84-48,3,АмУниция ДЛЯ сОБак,2,2058.62,341.38,cOMPLETeD,спасибо за заказ,2024/05/10,7627725278387902
2029958077188,04.05.2024 17:03,ДмИтРиЙ кузнЕцоВ,8(9698) 84-48,4,пОДпиСКА На ГаЗеТу,2,1158.26,41.74,comPleTed,спасибо за заказ,2024/05/10,7627725278387902
2029958077188,04.05.2024 17:03,ДмИтРиЙ кузнЕцоВ,8(9698) 84-48,1,КОРм ДлЯ СОбАК,2,908.5,91.5,CompLETed,спасибо за заказ,2024/05/10,7627725278387902
2029958076219,2024/05/30 08:21:31,дмИтрИЙ КУЗнЕцов,+7(9717)42-72,4,пОдПиска на ГАЗету,5,2724.76,275.24,pRoCESsiNg,подарок вовремя,2024/05/05,3134583240518012
2029958075815,2024/05/09 15:03:53,оЛьГа КУЗНЕцОва,+7(9411)52-18,3,АмуНиЦиЯ ДЛЯ соБАК,4,4034.52,765.48,ComPlEtED,подарок вовремя,2024-05-22,0828596137828623
2029958075815,2024/05/09 15:03:53,оЛьГа КУЗНЕцОва,+7(9411)52-18,5,мОлОКО,5,14413.31,586.69,ComPLetEd,подарок вовремя,2024-05-22,0828596137828623
2029958075815,2024/05/09 15:03:53,оЛьГа КУЗНЕцОва,+7(9411)52-18,4,ПОДПИсКа на ГазЕТУ,5,2609.5,390.5,COMpLeted,подарок вовремя,2024-05-22,0828596137828623
2029958075815,2024/05/09 15:03:53,оЛьГа КУЗНЕцОва,+7(9411)52-18,3,АМуНИция ДЛЯ СОбАк,2,2125.41,274.59,cOmpLETed,подарок вовремя,2024-05-22,0828596137828623
2029958074307,2024/05/30 21:38:18,СеРгЕй СиДоРов,+7 9701 71 77,1,КОрм ДЛя сОбаК,2,823.15,176.85,cAnCElLEd,Проверить наличие,2024-05-13,5474317442270543
2029958074307,2024/05/30 21:38:18,СеРгЕй СиДоРов,+7 9701 71 77,1,кОрМ ДЛя сОБаК,5,2299.25,200.75,CANcElLed,Проверить наличие,2024-05-13,5474317442270543
2029958074307,2024/05/30 21:38:18,СеРгЕй СиДоРов,+7 9701 71 77,2,ИгруШКА мяЧ,5,1325.04,174.96,CAncelLEd,Проверить наличие,2024-05-13,5474317442270543
2029958074307,2024/05/30 21:38:18,СеРгЕй СиДоРов,+7 9701 71 77,3,аМуниЦИЯ Для сОбАК,4,4432.13,367.87,CANcellED,Проверить наличие,2024-05-13,5474317442270543
2029958073749,2024/05/13 22:19:37,АННа СМиРНОвА,+7(9906)81-05,1,кОРМ ДлЯ сОбаК,1,429.94,70.06,CAnCELleD,Всё отлично!,12.05.2024,1989882070074752
2029958073749,2024/05/13 22:19:37,АННа СМиРНОвА,+7(9906)81-05,3,АМУнициЯ ДЛя сОбАк,2,2004.81,395.19,cANcElLed,Всё отлично!,12.05.2024,1989882070074752
2029958073749,2024/05/13 22:19:37,АННа СМиРНОвА,+7(9906)81-05,1,кОРм дЛЯ СОбаК,2,955.88,44.12,CanCeLLED,Всё отлично!,12.05.2024,1989882070074752
2029958073749,2024/05/13 22:19:37,АННа СМиРНОвА,+7(9906)81-05,2,ИгрУшкА мЯч,5,1396.45,103.55,CANceLleD,Всё отлично!,12.05.2024,1989882070074752
2029958073749,2024/05/13 22:19:37,АННа СМиРНОвА,+7(9906)81-05,4,подпиСКА НА газеТУ,1,585.89,14.11,CANCELLed,Всё отлично!,12.05.2024,1989882070074752
2029958072786,16.05.2024 00:13,СеРгей СиДОрОв,+7(9870)02-91,5,моЛОкО,4,10500.27,1499.73,cancElleD,подарок вовремя,09.05.2024,0878244628379950
2029958071408,2024/05/30 08:45:10,ДмИТРиЙ КузнеЦОв,+7(9122)85-75,5,Молоко,3,8573.08,426.92,canCelLed,Нужно уточнить сроки,2024/05/22,6211672367150470
2029958071408,2024/05/30 08:45:10,ДмИТРиЙ КузнеЦОв,+7(9122)85-75,4,ПОдпИСКА на гАЗеТУ,4,2250.51,149.49,CAncelLeD,Нужно уточнить сроки,2024/05/22,6211672367150470
2029958071408,2024/05/30 08:45:10,ДмИТРиЙ КузнеЦОв,+7(9122)85-75,5,мОлОКо,1,2481.58,518.42,CaNCelLeD,Нужно уточнить сроки,2024/05/22,6211672367150470
2029958071408,2024/05/30 08:45:10,ДмИТРиЙ КузнеЦОв,+7(9122)85-75,5,МОЛокО,3,7659.98,1340.02,CaNcELled,Нужно уточнить сроки,2024/05/22,6211672367150470
2029958070473,19.05.2024 20:18,оЛьГа КУзнеЦОва,8(9158) 47-28,1,КОРМ дЛя сОбак,4,1963.03,36.97,ComplETeD,"Задержка с доставкой, печалька...",2024/05/08,3594667644873570
2029958070473,19.05.2024 20:18,оЛьГа КУзнеЦОва,8(9158) 47-28,1,кОРм длЯ соБаК,4,1847.14,152.86,COMpLETed,"Задержка с доставкой, печалька...",2024/05/08,3594667644873570
2029958070473,19.05.2024 20:18,оЛьГа КУзнеЦОва,8(9158) 47-28,5,молОкО,1,2498.69,501.31,comPLEteD,"Задержка с доставкой, печалька...",2024/05/08,3594667644873570
2029958069682,03.05.2024 05:52,миХАил оРЛоВ,+7(9006)88-19,2,ИГРУШКа МЯЧ,3,846.11,53.89,CompletEd,спасибо за заказ,30.05.2024,4253092804231454
2029958069682,03.05.2024 05:52,миХАил оРЛоВ,+7(9006)88-19,4,ПОДПИСКа На ГаЗетУ,2,972.48,227.52,CoMPLeTED,спасибо за заказ,30.05.2024,4253092804231454
2029958068384,21.05.2024 05:28,елЕна НовИкоВа,8(9857) 58-42,5,МолоКО,2,5015.83,984.17,cOmPLEted,"Задержка с доставкой, печалька...",28.05.2024,8441432746276772
2029958068384,21.05.2024 05:28,елЕна НовИкоВа,8(9857) 58-42,1,КоРм дЛя СОБак,2,962.94,37.06,COmpLEted,"Задержка с доставкой, печалька...",28.05.2024,8441432746276772
2029958068384,21.05.2024 05:28,елЕна НовИкоВа,8(9857) 58-42,2,ИГрушКа МЯЧ,5,1457.67,42.33,cOmpLEtED,"Задержка с доставкой, печалька...",28.05.2024,8441432746276772
2029958068384,21.05.2024 05:28,елЕна НовИкоВа,8(9857) 58-42,2,ИГРуШКА МяЧ,2,540.72,59.28,COMpleTed,"Задержка с доставкой, печалька...",28.05.2024,8441432746276772
2029958068384,21.05.2024 05:28,елЕна НовИкоВа,8(9857) 58-42,5,молОкО,4,10403.57,1596.43,coMpleted,"Задержка с доставкой, печалька...",28.05.2024,8441432746276772
2029958067363,2024-05-22 08:38:09,АлекСЕЙ МИХАйлОВ,8(9999) 31-39,1,КоРМ ДЛя соБАК,2,867.97,132.03,coMpleted,подарок вовремя,2024/05/26,7740784476980855
2029958067363,2024-05-22 08:38:09,АлекСЕЙ МИХАйлОВ,8(9999) 31-39,3,аМУНиция длЯ собаК,2,1997.77,402.23,CoMpLETED,подарок вовремя,2024/05/26,7740784476980855
2029958067363,2024-05-22 08:38:09,АлекСЕЙ МИХАйлОВ,8(9999) 31-39,2,ИГРУшКа Мяч,5,1356.9,143.1,cOMpLeTed,подарок вовремя,2024/05/26,7740784476980855
2029958067363,2024-05-22 08:38:09,АлекСЕЙ МИХАйлОВ,8(9999) 31-39,3,АмУНИЦИя ДЛЯ СоБак,3,3008.65,591.35,complETeD,подарок вовремя,2024/05/26,7740784476980855
2029958067363,2024-05-22 08:38:09,АлекСЕЙ МИХАйлОВ,8(9999) 31-39,3,амУНицИЯ дЛЯ сОБаК,4,4451.75,348.25,cOMPlEteD,подарок вовремя,2024/05/26,7740784476980855
2029958066806,2024-05-30 18:17:06,ЕЛена НОВИКОВА,8(9893) 28-00,3,АМУНиЦИя дЛя СОБАк,4,4004.43,795.57,procESsING,Нужно уточнить сроки,2024-05-30,2101938469203119
2029958066806,2024-05-30 18:17:06,ЕЛена НОВИКОВА,8(9893) 28-00,4,подПИска на ГАЗеТУ,1,545.77,54.23,PROcEsSING,Нужно уточнить сроки,2024-05-30,2101938469203119
2029958066806,2024-05-30 18:17:06,ЕЛена НОВИКОВА,8(9893) 28-00,5,мОлоко,5,14793.04,206.96,PrOcESsiNG,Нужно уточнить сроки,2024-05-30,2101938469203119
2029958066806,2024-05-30 18:17:06,ЕЛена НОВИКОВА,8(9893) 28-00,5,МОЛокО,2,5943.2,56.8,pROcESSiNG,Нужно уточнить сроки,2024-05-30,2101938469203119
2029958065626,2024-05-28 20:09:52,ИвАН иваНоВ,+7 9055 83 18,1,кОрМ ДлЯ сОбАК,2,844.69,155.31,cancElLeD,Всё отлично!,2024/05/21,0755403087173273
2029958065626,2024-05-28 20:09:52,ИвАН иваНоВ,+7 9055 83 18,2,ИГРуШкА Мяч,4,1154.6,45.4,canceLLed,Всё отлично!,2024/05/21,0755403087173273
2029958065626,2024-05-28 20:09:52,ИвАН иваНоВ,+7 9055 83 18,2,иГрУШКА МЯЧ,5,1269.95,230.05,CaNCeLlEd,Всё отлично!,2024/05/21,0755403087173273
2029958065626,2024-05-28 20:09:52,ИвАН иваНоВ,+7 9055 83 18,2,ИгруШКа МЯч,5,1430.91,69.09,CancELLed,Всё отлично!,2024/05/21,0755403087173273
2029958065626,2024-05-28 20:09:52,ИвАН иваНоВ,+7 9055 83 18,5,МОЛоКО,5,12904.6,2095.4,CAnCEllEd,Всё отлично!,2024/05/21,0755403087173273
2029958064837,2024/05/26 10:58:36,МИХАиЛ ОрЛОВ,+7 9555 12 50,3,аМУНиЦия для СОБАК,4,4542.09,257.91,cOmPlETEd,Проверить наличие,2024-05-07,9108114284844237
2029958064837,2024/05/26 10:58:36,МИХАиЛ ОрЛОВ,+7 9555 12 50,5,моЛоКо,1,2733.33,266.67,COmpleted,Проверить наличие,2024-05-07,9108114284844237
2029958064837,2024/05/26 10:58:36,МИХАиЛ ОрЛОВ,+7 9555 12 50,1,кОрм ДЛя СОБаК,3,1418.56,81.44,CoMpLeteD,Проверить наличие,2024-05-07,9108114284844237
2029958064837,2024/05/26 10:58:36,МИХАиЛ ОрЛОВ,+7 9555 12 50,2,ИГРУШКА МяЧ,5,1305.61,194.39,compLeTEd,Проверить наличие,2024-05-07,9108114284844237
2029958064837,2024/05/26 10:58:36,МИХАиЛ ОрЛОВ,+7 9555 12 50,3,аМунициЯ для СОБак,5,4933.29,1066.71,CoMPLeTeD,Проверить наличие,2024-05-07,9108114284844237
2029958063753,2024-05-24 08:04:50,МиХаИл ОРЛОВ,8(9479) 05-25,2,иГРушка мЯЧ,2,480.42,119.58,proCEssiNG,Ждём с нетерпением!,2024-05-24,9222506592396608
2029958063753,2024-05-24 08:04:50,МиХаИл ОРЛОВ,8(9479) 05-25,2,ИгРуШкА МЯЧ,5,1211.13,288.87,pROceSSinG,Ждём с нетерпением!,2024-05-24,9222506592396608
2029958063753,2024-05-24 08:04:50,МиХаИл ОРЛОВ,8(9479) 05-25,1,коРм длЯ СобаК,2,997.64,2.36,PrOcESsiNG,Ждём с нетерпением!,2024-05-24,9222506592396608
2029958063753,2024-05-24 08:04:50,МиХаИл ОРЛОВ,8(9479) 05-25,5,МОЛоКО,2,5577.36,422.64,pRocEssING,Ждём с нетерпением!,2024-05-24,9222506592396608
2029958063753,2024-05-24 08:04:50,МиХаИл ОРЛОВ,8(9479) 05-25,1,КОРМ ДлЯ СоБАК,1,471.85,28.15,PrOcessiNG,Ждём с нетерпением!,2024-05-24,9222506592396608
2029958062521,12.05.2024 17:06,марИЯ петрова,8(9933) 73-13,5,МОЛОкО,5,13196.93,1803.07,CANCELled,Ждём с нетерпением!,2024/05/26,2490642604631941
2029958062521,12.05.2024 17:06,марИЯ петрова,8(9933) 73-13,2,иГрушка мяч,2,542.28,57.72,cAnCELLed,Ждём с нетерпением!,2024/05/26,2490642604631941
2029958061241,12.05.2024 22:52,ЕлЕна нОвиКоВА,+7 9855 77 00,3,АмунИциЯ ДЛЯ СобаК,2,2092.95,307.05,pROCeSSinG,Ждём с нетерпением!,2024-05-05,1915198285063856
2029958061241,12.05.2024 22:52,ЕлЕна нОвиКоВА,+7 9855 77 00,1,КОРМ Для сОбАК,5,2456.13,43.87,pROcESSing,Ждём с нетерпением!,2024-05-05,1915198285063856
2029958061241,12.05.2024 22:52,ЕлЕна нОвиКоВА,+7 9855 77 00,2,игРуШКа Мяч,3,857.65,42.35,prOCEssing,Ждём с нетерпением!,2024-05-05,1915198285063856
2029958061241,12.05.2024 22:52,ЕлЕна нОвиКоВА,+7 9855 77 00,2,игрУшКа мяч,5,1379.74,120.26,prOceSsiNg,Ждём с нетерпением!,2024-05-05,1915198285063856
2029958060490,2024-05-16 17:15:17,мИхАил ОрЛОв,8(9834) 63-86,2,иГруШКа МЯЧ,5,1372.68,127.32,pRocesSinG,Проверить наличие,17.05.2024,4813255138435553
2029958060490,2024-05-16 17:15:17,мИхАил ОрЛОв,8(9834) 63-86,1,КорМ дЛя соБаК,4,1678.91,321.09,PROcessinG,Проверить наличие,17.05.2024,4813255138435553
2029958059494,2024/05/14 00:30:25,НатаЛЬЯ ваСИЛЬЕВа,+7 9050 97 74,3,амуНИция Для СОбАк,1,1049.08,150.92,COmPleTed,"Задержка с доставкой, печалька...",16.05.2024,5103209098235249
2029958058576,31.05.2024 19:45,МаРИЯ ПетРова,+7(9048)75-17,1,КОРм длЯ СОбАК,1,485.88,14.12,coMPLeted,спасибо за заказ,2024/05/15,4050661853652762
2029958058576,31.05.2024 19:45,МаРИЯ ПетРова,+7(9048)75-17,1,КОрм дЛЯ СОБак,2,832.63,167.37,COMPleTeD,спасибо за заказ,2024/05/15,4050661853652762
2029958057350,2024/05/11 22:00:54,елЕнА НовиКОва,+7(9526)03-77,3,аМУНИциЯ Для собАк,4,4747.7,52.3,PRocEsSIng,Проверить наличие,27.05.2024,4628730619130857
2029958057350,2024/05/11 22:00:54,елЕнА НовиКОва,+7(9526)03-77,4,ПОДпИсКа НА газЕтУ,1,571.1,28.9,pRoCeSsINg,Проверить наличие,27.05.2024,4628730619130857
2029958057350,2024/05/11 22:00:54,елЕнА НовиКОва,+7(9526)03-77,1,кОрм ДлЯ собак,4,1949.04,50.96,pRoCEsSiNg,Проверить наличие,27.05.2024,4628730619130857
2029958056722,07.05.2024 19:22,елеНа новИкОВа,+7 9240 42 38,4,ПодпИска на гаЗЕТУ,2,1027.37,172.63,CAncelLED,Проверить наличие,2024/05/03,9035721293240849
2029958056722,07.05.2024 19:22,елеНа новИкОВа,+7 9240 42 38,1,Корм дЛя соБак,3,1478.53,21.47,CaNcelLED,Проверить наличие,2024/05/03,9035721293240849
2029958056722,07.05.2024 19:22,елеНа новИкОВа,+7 9240 42 38,3,АмуНиЦИя для сОБак,3,2909.81,690.19,CaNceLLED,Проверить наличие,2024/05/03,9035721293240849
2029958056722,07.05.2024 19:22,елеНа новИкОВа,+7 9240 42 38,3,АМуниЦиЯ длЯ СоБАк,4,4692.86,107.14,CanCeLled,Проверить наличие,2024/05/03,9035721293240849
2029958056722,07.05.2024 19:22,елеНа новИкОВа,+7 9240 42 38,3,амунИЦИя для сОбАК,1,1065.35,134.65,canCElLEd,Проверить наличие,2024/05/03,9035721293240849
2029958055900,2024/05/05 03:03:43,сЕРгЕЙ СиДоров,+7(9090)92-93,1,КоРм ДЛя СОБак,2,971.54,28.46,proCEssIng,спасибо за заказ,2024-05-02,1039096925580247
2029958055900,2024/05/05 03:03:43,сЕРгЕЙ СиДоров,+7(9090)92-93,4,ПОДПиСкА на гАЗЕТу,5,2476.25,523.75,prOCeSsiNG,спасибо за заказ,2024-05-02,1039096925580247
2029958055900,2024/05/05 03:03:43,сЕРгЕЙ СиДоров,+7(9090)92-93,5,МолоКО,1,2502.71,497.29,PRoceSSinG,спасибо за заказ,2024-05-02,1039096925580247
2029958055900,2024/05/05 03:03:43,сЕРгЕЙ СиДоров,+7(9090)92-93,2,иГРуШКА мяЧ,5,1395.58,104.42,PrOCesSINg,спасибо за заказ,2024-05-02,1039096925580247
2029958055900,2024/05/05 03:03:43,сЕРгЕЙ СиДоров,+7(9090)92-93,4,поДПИска На газеТУ,3,1458.53,341.47,PrOcESSINg,спасибо за заказ,2024-05-02,1039096925580247
2029958054622,2024/05/24 09:05:16,МАриЯ петрова,+7 9208 24 71,4,подписКА НА газетУ,2,999.26,200.74,prOCESSinG,Всё отлично!,2024-05-02,0084849075847710
2029958054622,2024/05/24 09:05:16,МАриЯ петрова,+7 9208 24 71,2,иГРушКА МЯЧ,3,801.17,98.83,PROcesSInG,Всё отлично!,2024-05-02,0084849075847710
2029958054622,2024/05/24 09:05:16,МАриЯ петрова,+7 9208 24 71,2,игруШка МяЧ,5,1281.35,218.65,pRoCessING,Всё отлично!,2024-05-02,0084849075847710
2029958053432,2024/05/12 05:26:12,ИвАн иваноВ,+7(9308)51-05,5,моЛОКо,1,2796.28,203.72,CoMpLETED,"Задержка с доставкой, печалька...",2024-05-26,3910656523454053
2029958053432,2024/05/12 05:26:12,ИвАн иваноВ,+7(9308)51-05,1,КОРМ Для собак,3,1209.84,290.16,COMplEted,"Задержка с доставкой, печалька...",2024-05-26,3910656523454053
2029958053432,2024/05/12 05:26:12,ИвАн иваноВ,+7(9308)51-05,2,ИГруШкА мяч,5,1410.72,89.28,COMpleTED,"Задержка с доставкой, печалька...",2024-05-26,3910656523454053
2029958053432,2024/05/12 05:26:12,ИвАн иваноВ,+7(9308)51-05,2,ИгрушкА МЯЧ,3,876.01,23.99,cOmPLeTEd,"Задержка с доставкой, печалька...",2024-05-26,3910656523454053
2029958052836,12.05.2024 10:54,ДМитриЙ куЗнеЦОВ,+7 9865 20 93,3,АмУниЦИЯ ДЛЯ СоБАК,5,4989.26,1010.74,cANCeLleD,Проверить наличие,2024/05/13,2022462330206930
2029958052836,12.05.2024 10:54,ДМитриЙ куЗнеЦОВ,+7 9865 20 93,2,ИгрУшКА МЯч,3,842.11,57.89,cANCeLLEd,Проверить наличие,2024/05/13,2022462330206930
2029958051563,2024/05/21 16:39:40,елЕНА НОВиКовА,+7 9127 97 25,4,ПоДпИскА нА Газету,2,1041.13,158.87,caNCElleD,Проверить наличие,2024/05/01,0480403542268662
2029958051563,2024/05/21 16:39:40,елЕНА НОВиКовА,+7 9127 97 25,3,амУНИцИЯ дЛЯ Собак,2,2018.55,381.45,cAncellEd,Проверить наличие,2024/05/01,0480403542268662
2029958051563,2024/05/21 16:39:40,елЕНА НОВиКовА,+7 9127 97 25,3,АмУнициЯ дЛЯ собАК,1,1189.73,10.27,caNcELLeD,Проверить наличие,2024/05/01,0480403542268662
2029958050253,26.05.2024 23:58,АННА смиРнОва,+7 9529 82 82,2,ИГруШкА Мяч,2,564.05,35.95,cOMpleTED,"Задержка с доставкой, печалька...",2024/05/30,9415472987775820
2029958050253,26.05.2024 23:58,АННА смиРнОва,+7 9529 82 82,5,молокО,2,5065.87,934.13,cOmPLETeD,"Задержка с доставкой, печалька...",2024/05/30,9415472987775820
2029958050253,26.05.2024 23:58,АННА смиРнОва,+7 9529 82 82,3,амУнИЦИЯ ДЛЯ соБАК,4,3960.81,839.19,CoMpLeteD,"Задержка с доставкой, печалька...",2024/05/30,9415472987775820
2029958050253,26.05.2024 23:58,АННА смиРнОва,+7 9529 82 82,4,ПОДПискА на ГАзеТУ,4,1927.62,472.38,CoMPLeTed,"Задержка с доставкой, печалька...",2024/05/30,9415472987775820
2029958049926,2024-05-11 00:26:46,оЛЬГа КуЗнеЦОва,8(9507) 99-52,3,АмУницИЯ дЛЯ СОБАК,4,4256.58,543.42,prOceSSINg,Всё отлично!,25.05.2024,3442404948173881
2029958049926,2024-05-11 00:26:46,оЛЬГа КуЗнеЦОва,8(9507) 99-52,2,ИгРУШКА МЯч,3,814.17,85.83,prOcessIng,Всё отлично!,25.05.2024,3442404948173881
2029958049926,2024-05-11 00:26:46,оЛЬГа КуЗнеЦОва,8(9507) 99-52,3,АмуниЦИЯ ДЛя собАК,1,1032.61,167.39,PROCeSSINg,Всё отлично!,25.05.2024,3442404948173881
2029958049926,2024-05-11 00:26:46,оЛЬГа КуЗнеЦОва,8(9507) 99-52,1,КорМ ДЛЯ собаК,2,966.39,33.61,PrOcEsSINg,Всё отлично!,25.05.2024,3442404948173881
2029958049926,2024-05-11 00:26:46,оЛЬГа КуЗнеЦОва,8(9507) 99-52,5,МОлОКо,2,5864.8,135.2,PrOCessiNG,Всё отлично!,25.05.2024,3442404948173881
2029958048349,2024-05-20 19:52:20,оЛьГа КУЗнЕцоВА,+7 9907 33 16,1,КОрм для СОбАК,2,920.25,79.75,cOMplEteD,Всё отлично!,2024/05/08,6949946547183975
2029958048349,2024-05-20 19:52:20,оЛьГа КУЗнЕцоВА,+7 9907 33 16,1,коРм длЯ соБак,3,1499.24,0.76,COMpLetED,Всё отлично!,2024/05/08,6949946547183975
2029958047787,2024/05/31 01:27:40,иВан ИВАнОв,8(9283) 27-15,3,АМуНицИЯ длЯ СОБАк,5,5362.12,637.88,ComPLeTEd,Ждём с нетерпением!,2024-05-11,6750622320240685
2029958046778,2024-05-16 15:40:47,ИВаН иванОв,+7 9229 66 10,5,МОлОКО,3,7357.04,1642.96,COMpleTED,подарок вовремя,14.05.2024,3647373199859029
2029958046778,2024-05-16 15:40:47,ИВаН иванОв,+7 9229 66 10,4,пОДПиска НА ГАзету,5,2778.1,221.9,COMPletED,подарок вовремя,14.05.2024,3647373199859029
2029958045295,2024-05-11 12:34:05,аНна смИРновА,+7(9821)40-11,5,моЛОко,2,5120.79,879.21,canCelled,Ждём с нетерпением!,2024/05/22,5045061276396091
2029958045295,2024-05-11 12:34:05,аНна смИРновА,+7(9821)40-11,2,ИГрушКА МЯч,4,1117.07,82.93,cANcEllED,Ждём с нетерпением!,2024/05/22,5045061276396091
2029958045295,2024-05-11 12:34:05,аНна смИРновА,+7(9821)40-11,5,моЛОкО,5,14881.72,118.28,CanCELLed,Ждём с нетерпением!,2024/05/22,5045061276396091
2029958044636,2024-05-26 18:15:59,дМитрИй куЗНеЦОв,+7 9812 37 01,2,ИГрУшКА МяЧ,3,858.09,41.91,pRoCessIng,Всё отлично!,2024/05/22,9012699043242424
2029958044636,2024-05-26 18:15:59,дМитрИй куЗНеЦОв,+7 9812 37 01,5,МОЛоКо,3,8891.01,108.99,ProcESsING,Всё отлично!,2024/05/22,9012699043242424
2029958044636,2024-05-26 18:15:59,дМитрИй куЗНеЦОв,+7 9812 37 01,4,ПодпИСкА На гаЗЕту,1,521.38,78.62,procEssinG,Всё отлично!,2024/05/22,9012699043242424
2029958044636,2024-05-26 18:15:59,дМитрИй куЗНеЦОв,+7 9812 37 01,3,аМУницИя дЛя собаК,1,993.48,206.52,PrOCessINg,Всё отлично!,2024/05/22,9012699043242424
2029958043937,03.05.2024 23:30,елЕНа НоВиКова,+7 9675 39 50,4,поДпИскА На гаЗЕтУ,4,2210.3,189.7,COmpLeTED,"Задержка с доставкой, печалька...",2024-05-21,7453310700766662
2029958043937,03.05.2024 23:30,елЕНа НоВиКова,+7 9675 39 50,3,амуНицИЯ для СоБак,3,2971.31,628.69,cOmPletEd,"Задержка с доставкой, печалька...",2024-05-21,7453310700766662
2029958043937,03.05.2024 23:30,елЕНа НоВиКова,+7 9675 39 50,3,аМуНИЦИя длЯ собАк,3,3361.08,238.92,comPlEteD,"Задержка с доставкой, печалька...",2024-05-21,7453310700766662
2029958042617,2024-05-30 06:29:25,ЕЛена нОвикОва,+7 9790 63 06,3,амУНИЦИЯ ДлЯ соБак,5,5236.04,763.96,PrOcEsSiNG,Всё отлично!,2024/05/13,8509334865400670
2029958042617,2024-05-30 06:29:25,ЕЛена нОвикОва,+7 9790 63 06,2,ИгРУшКа МЯч,1,281.2,18.8,pROcessInG,Всё отлично!,2024/05/13,8509334865400670
2029958041520,2024/05/11 09:16:41,ДмИТРИЙ кУЗнеЦОВ,+7 9629 35 35,1,КОрМ длЯ собАК,4,1855.65,144.35,ProCESSINg,Ждём с нетерпением!,10.05.2024,9781078552026494
2029958041520,2024/05/11 09:16:41,ДмИТРИЙ кУЗнеЦОВ,+7 9629 35 35,5,моЛоКО,4,10936.34,1063.66,pROceSSInG,Ждём с нетерпением!,10.05.2024,9781078552026494
2029958040976,23.05.2024 03:13,оЛЬга кузнецОва,+7(9833)53-61,4,подПИска На гАЗЕту,1,535.79,64.21,CAnceLlED,Всё отлично!,04.05.2024,0505435390478355
2029958040976,23.05.2024 03:13,оЛЬга кузнецОва,+7(9833)53-61,5,мОлоко,5,12329.64,2670.36,cANCElLEd,Всё отлично!,04.05.2024,0505435390478355
2029958039209,2024/05/18 23:57:44,аЛЕКСЕй МихАйлОВ,+7 9911 07 70,3,АмУНицИЯ длЯ СОБАк,2,2381.05,18.95,CAnCELLed,"Задержка с доставкой, печалька...",2024-05-07,1065155946392140
2029958039209,2024/05/18 23:57:44,аЛЕКСЕй МихАйлОВ,+7 9911 07 70,1,кОРМ для сОБАК,3,1374.57,125.43,CanCeLled,"Задержка с доставкой, печалька...",2024-05-07,1065155946392140
2029958038192,21.05.2024 09:15,наТАльЯ васиЛЬЕвА,8(9014) 50-86,3,АМУНицИЯ ДЛЯ сОБАк,2,2245.86,154.14,COmPlETEd,спасибо за заказ,2024-05-09,2713637007462645
2029958037236,2024-05-02 16:21:31,ДМиТРИй КУЗНецов,+7(9325)21-13,4,ПоДПИСкА нА газеТу,4,2150.55,249.45,canCElleD,Нужно уточнить сроки,2024/05/01,3276467547368978
2029958037236,2024-05-02 16:21:31,ДМиТРИй КУЗНецов,+7(9325)21-13,2,ИГРУшкА Мяч,3,846.92,53.08,caNCeLLEd,Нужно уточнить сроки,2024/05/01,3276467547368978
2029958037236,2024-05-02 16:21:31,ДМиТРИй КУЗНецов,+7(9325)21-13,3,амунИцИЯ ДлЯ СОбаК,2,2049.35,350.65,cAncElled,Нужно уточнить сроки,2024/05/01,3276467547368978
2029958036992,25.05.2024 04:36,ольГа КУЗНеЦоВА,+7 9581 49 07,3,АмУнИция длЯ СобАк,5,5061.89,938.11,caNcElLed,спасибо за заказ,2024-05-01,8561963825069639
2029958036992,25.05.2024 04:36,ольГа КУЗНеЦоВА,+7 9581 49 07,1,КОрМ ДЛя сОБАк,2,995.7,4.3,CANCeLLeD,спасибо за заказ,2024-05-01,8561963825069639
2029958035589,2024/05/31 05:10:22,СЕРгеЙ СидоРОВ,8(9433) 52-99,5,МоЛокО,4,10912.35,1087.65,cOmpLEteD,Проверить наличие,2024/05/30,3789734320379979
2029958035589,2024/05/31 05:10:22,СЕРгеЙ СидоРОВ,8(9433) 52-99,2,иГРУшКа мЯЧ,3,860.86,39.14,comPlEtEd,Проверить наличие,2024/05/30,3789734320379979
2029958035589,2024/05/31 05:10:22,СЕРгеЙ СидоРОВ,8(9433) 52-99,2,иГрУШкА Мяч,1,250.87,49.13,cOMPleTED,Проверить наличие,2024/05/30,3789734320379979
2029958035589,2024/05/31 05:10:22,СЕРгеЙ СидоРОВ,8(9433) 52-99,3,аМунИцИЯ дЛЯ соБАК,3,3290.05,309.95,COMPLeted,Проверить наличие,2024/05/30,3789734320379979
2029958034469,2024-05-12 08:43:45,сЕРгеЙ сИдорОВ,+7(9935)65-41,5,МОЛокО,2,5433.78,566.22,COMpLEtEd,Всё отлично!,16.05.2024,0902024148055024
2029958034469,2024-05-12 08:43:45,сЕРгеЙ сИдорОВ,+7(9935)65-41,3,амуницИЯ ДлЯ СоБаК,1,1024.38,175.62,COMPLEted,Всё отлично!,16.05.2024,0902024148055024
2029958034469,2024-05-12 08:43:45,сЕРгеЙ сИдорОВ,+7(9935)65-41,5,моЛОКО,2,5972.19,27.81,comPleTed,Всё отлично!,16.05.2024,0902024148055024
2029958034469,2024-05-12 08:43:45,сЕРгеЙ сИдорОВ,+7(9935)65-41,5,мОлОко,1,2536.5,463.5,cOmPLeTEd,Всё отлично!,16.05.2024,0902024148055024
2029958033939,2024-05-27 21:33:10,аННА смИРНОвА,+7 9678 28 32,3,амуНиЦиЯ длЯ СОБАК,2,2305.71,94.29,CAncellEd,подарок вовремя,2024/05/30,6173662172874549
2029958033939,2024-05-27 21:33:10,аННА смИРНОвА,+7 9678 28 32,1,КОрм ДлЯ Собак,1,427.8,72.2,CaNcELLED,подарок вовремя,2024/05/30,6173662172874549
2029958033939,2024-05-27 21:33:10,аННА смИРНОвА,+7 9678 28 32,3,аМУНИЦИЯ Для СОБак,2,2234.44,165.56,cANCEllEd,подарок вовремя,2024/05/30,6173662172874549
2029958032688,2024/05/02 13:28:29,мАрИя пЕТРоВа,+7(9307)53-81,1,кОрМ для СОБАК,3,1212.03,287.97,cOmPLeted,Проверить наличие,2024/05/02,7664363214561337
2029958031882,08.05.2024 19:06,ДМИтРИй КУЗНецОВ,+7(9976)78-78,4,ПоДПИска НА ГАзеТУ,1,488.51,111.49,ProcesSING,"Задержка с доставкой, печалька...",2024/05/26,5103079718158615
2029958031882,08.05.2024 19:06,ДМИтРИй КУЗНецОВ,+7(9976)78-78,2,иГРушКА мЯч,5,1334.52,165.48,procEssING,"Задержка с доставкой, печалька...",2024/05/26,5103079718158615
2029958030605,2024/05/24 08:37:24,ОЛЬГа куЗнецоВа,+7(9642)93-62,4,ПодПИСКа На ГаЗету,5,2489.44,510.56,cAnCeLleD,Ждём с нетерпением!,2024-05-28,3693502772271769
2029958029689,2024/05/07 02:25:06,МАриЯ ПеТрова,+7 9808 27 00,3,аМунИциЯ ДлЯ собАК,3,2916.19,683.81,CANceLLed,подарок вовремя,2024/05/04,5832879589284347
2029958028533,2024-05-24 04:47:18,нАтАЛьЯ ВАсильЕва,8(9021) 12-85,2,игрУшКА МЯЧ,4,1194.56,5.44,coMplETEd,Ждём с нетерпением!,2024-05-19,1499341393919684
2029958028533,2024-05-24 04:47:18,нАтАЛьЯ ВАсильЕва,8(9021) 12-85,2,игрУшКа мЯч,5,1323.36,176.64,comPlEtED,Ждём с нетерпением!,2024-05-19,1499341393919684
2029958027396,2024-05-25 23:08:52,оЛьгА кузНЕЦОВа,+7 9753 92 25,2,ИГрУшкА МЯч,2,577.46,22.54,cOMpLEtEd,Нужно уточнить сроки,2024-05-28,8634471025035637
2029958027396,2024-05-25 23:08:52,оЛьгА кузНЕЦОВа,+7 9753 92 25,1,КОрМ ДЛЯ соБАк,1,432.68,67.32,cOMpleTED,Нужно уточнить сроки,2024-05-28,8634471025035637
2029958027396,2024-05-25 23:08:52,оЛьгА кузНЕЦОВа,+7 9753 92 25,2,ИгРушКА мяч,2,482.11,117.89,comPleTed,Нужно уточнить сроки,2024-05-28,8634471025035637
2029958027396,2024-05-25 23:08:52,оЛьгА кузНЕЦОВа,+7 9753 92 25,2,иГРУШКа Мяч,3,864.43,35.57,cOmpLEteD,Нужно уточнить сроки,2024-05-28,8634471025035637
2029958026760,2024/05/18 04:04:46,дмитРИЙ КУзнЕЦоВ,+7(9362)56-04,4,поДпиСка на гаЗеТу,4,2384.88,15.12,CANceLLed,Нужно уточнить сроки,2024/05/24,0281612604665914
2029958026760,2024/05/18 04:04:46,дмитРИЙ КУзнЕЦоВ,+7(9362)56-04,3,АМУнИцИя длЯ соБАк,2,2354.19,45.81,cAncElLeD,Нужно уточнить сроки,2024/05/24,0281612604665914
2029958026760,2024/05/18 04:04:46,дмитРИЙ КУзнЕЦоВ,+7(9362)56-04,5,мОлОко,3,8973.09,26.91,CAncEllED,Нужно уточнить сроки,2024/05/24,0281612604665914
2029958026760,2024/05/18 04:04:46,дмитРИЙ КУзнЕЦоВ,+7(9362)56-04,3,аМуНицИЯ дЛЯ соБаК,3,3345.9,254.1,CaNCeLLeD,Нужно уточнить сроки,2024/05/24,0281612604665914
2029958025891,2024-05-27 13:56:57,мИхАиЛ Орлов,+7(9441)32-68,3,АМУнИЦиЯ для сОБак,4,4176.47,623.53,PRocEsSIng,подарок вовремя,2024/05/10,1115441619557439
2029958025891,2024-05-27 13:56:57,мИхАиЛ Орлов,+7(9441)32-68,2,игРУШКа мЯЧ,2,573.85,26.15,PRocESsiNG,подарок вовремя,2024/05/10,1115441619557439
2029958025891,2024-05-27 13:56:57,мИхАиЛ Орлов,+7(9441)32-68,2,ИГРуШКа мяЧ,4,1148.26,51.74,proCeSSING,подарок вовремя,2024/05/10,1115441619557439
2029958025891,2024-05-27 13:56:57,мИхАиЛ Орлов,+7(9441)32-68,5,мОлоКо,2,5616.41,383.59,PrOCessIng,подарок вовремя,2024/05/10,1115441619557439
2029958024601,29.05.2024 02:10,МАРИя пЕтРова,8(9085) 79-54,2,ИГрушКа Мяч,5,1312.33,187.67,cOMpLEted,спасибо за заказ,2024-05-31,7058803006976135
2029958024601,29.05.2024 02:10,МАРИя пЕтРова,8(9085) 79-54,4,Подписка НА ГаЗЕТУ,3,1604.61,195.39,coMPletED,спасибо за заказ,2024-05-31,7058803006976135
2029958024601,29.05.2024 02:10,МАРИя пЕтРова,8(9085) 79-54,3,АМуНИЦИЯ длЯ сОбАК,1,970.88,229.12,coMPLEteD,спасибо за заказ,2024-05-31,7058803006976135
2029958024601,29.05.2024 02:10,МАРИя пЕтРова,8(9085) 79-54,1,КоРм дЛя сОбаК,1,405.4,94.6,cOMpLETEd,спасибо за заказ,2024-05-31,7058803006976135
2029958024601,29.05.2024 02:10,МАРИя пЕтРова,8(9085) 79-54,4,ПодпИсКа нА гАзеТУ,5,2836.45,163.55,coMpLeTED,спасибо за заказ,2024-05-31,7058803006976135
2029958023827,08.05.2024 18:27,мАРИЯ петРОвА,8(9672) 19-31,3,аМУНиЦия дЛя сОБаК,5,5083.53,916.47,cAncelled,спасибо за заказ,06.05.2024,8881853218423987
2029958022190,09.05.2024 10:09,аНнА смирнова,+7 9145 68 49,2,игРушка Мяч,3,891.16,8.84,COmpLetED,Нужно уточнить сроки,30.05.2024,3032071261762857
2029958022190,09.05.2024 10:09,аНнА смирнова,+7 9145 68 49,4,подпиСкА нА гаЗЕТУ,4,2308.67,91.33,ComPlEteD,Нужно уточнить сроки,30.05.2024,3032071261762857
2029958022190,09.05.2024 10:09,аНнА смирнова,+7 9145 68 49,4,пОдПИСКа на ГазетУ,2,1052.88,147.12,CoMPlETEd,Нужно уточнить сроки,30.05.2024,3032071261762857
2029958022190,09.05.2024 10:09,аНнА смирнова,+7 9145 68 49,3,АМУнИЦиЯ длЯ СоБАК,4,4699.39,100.61,cOmplETEd,Нужно уточнить сроки,30.05.2024,3032071261762857
2029958021608,2024-05-23 23:06:07,АННа смИРНОва,8(9247) 47-60,1,КорМ длЯ сОбак,4,1680.23,319.77,proCEsSing,подарок вовремя,26.05.2024,4917673766627059
2029958021608,2024-05-23 23:06:07,АННа смИРНОва,8(9247) 47-60,3,амунИЦиЯ для СоБаК,1,1020.8,179.2,pRoCEsSiNG,подарок вовремя,26.05.2024,4917673766627059
2029958021608,2024-05-23 23:06:07,АННа смИРНОва,8(9247) 47-60,2,ИгРУШкА МЯЧ,3,891.58,8.42,PRocessInG,подарок вовремя,26.05.2024,4917673766627059
2029958021608,2024-05-23 23:06:07,АННа смИРНОва,8(9247) 47-60,1,коРм ДЛя СОБАК,4,1895.52,104.48,proCEssInG,подарок вовремя,26.05.2024,4917673766627059
2029958020756,2024-05-23 11:49:53,аНна смиРновА,+7(9779)92-43,3,амуниЦИя ДлЯ собак,1,1043.3,156.7,coMpLeTed,Всё отлично!,07.05.2024,2929895191241330
2029958020756,2024-05-23 11:49:53,аНна смиРновА,+7(9779)92-43,2,иГРушка МяЧ,1,277.68,22.32,ComPlEteD,Всё отлично!,07.05.2024,2929895191241330
2029958020756,2024-05-23 11:49:53,аНна смиРновА,+7(9779)92-43,3,АМУнИцИя ДЛЯ СОбаК,5,5007.0,993.0,cOMpLETeD,Всё отлично!,07.05.2024,2929895191241330
2029958020756,2024-05-23 11:49:53,аНна смиРновА,+7(9779)92-43,4,поДпИСКа нА газету,5,2556.95,443.05,cOMpleted,Всё отлично!,07.05.2024,2929895191241330
2029958020756,2024-05-23 11:49:53,аНна смиРновА,+7(9779)92-43,5,МоЛОко,4,10209.76,1790.24,COmpLetEd,Всё отлично!,07.05.2024,2929895191241330
2029958019833,12.05.2024 17:19,ДмитРИЙ кУзнеЦОВ,+7 9039 29 54,5,МоЛоко,4,11204.03,795.97,canCeLled,Проверить наличие,2024-05-22,3905336223951741
2029958019833,12.05.2024 17:19,ДмитРИЙ кУзнеЦОВ,+7 9039 29 54,2,иГРуШкА мяЧ,3,877.93,22.07,CANcElLed,Проверить наличие,2024-05-22,3905336223951741
2029958018518,2024-05-10 02:05:33,Иван иВАНоВ,+7(9588)43-87,1,КоРм ДЛя СобАК,3,1347.43,152.57,compLeTeD,Всё отлично!,2024-05-10,0862143487962608
2029958018518,2024-05-10 02:05:33,Иван иВАНоВ,+7(9588)43-87,2,ИгрУшка МЯч,2,577.75,22.25,complETed,Всё отлично!,2024-05-10,0862143487962608
2029958017654,2024/05/28 23:28:23,АЛЕКСеЙ МИХаЙЛОв,+7 9255 70 75,3,аМУНицИя дЛЯ СОБАк,4,4519.71,280.29,PROceSsiNg,подарок вовремя,09.05.2024,9064986562109818
2029958017654,2024/05/28 23:28:23,АЛЕКСеЙ МИХаЙЛОв,+7 9255 70 75,1,КОрм дЛя СоБаК,5,2210.71,289.29,prOcEssiNg,подарок вовремя,09.05.2024,9064986562109818
2029958016924,01.05.2024 19:02,ЕлЕНа новиКОВа,+7 9699 20 71,4,ПоДпИска нА гАзЕтУ,3,1512.73,287.27,pRocESsING,подарок вовремя,2024/05/22,6928038386841253
2029958016924,01.05.2024 19:02,ЕлЕНа новиКОВа,+7 9699 20 71,1,Корм ДЛя СОбАК,2,927.32,72.68,pROCEsSiNg,подарок вовремя,2024/05/22,6928038386841253
2029958016924,01.05.2024 19:02,ЕлЕНа новиКОВа,+7 9699 20 71,2,игРуШКа мяЧ,5,1456.3,43.7,pRoCesSiNg,подарок вовремя,2024/05/22,6928038386841253
2029956223597,26.05.2024 11:56,МАРИя ПеТРОВа,8(9764) 09-55,4,ПодпиСкА НА гАЗЕту,3,1529.54,270.46,cOmPLeTed,спасибо за заказ,2024-05-02,6143664910068003
2029956223597,26.05.2024 11:56,МАРИя ПеТРОВа,8(9764) 09-55,1,коРм ДЛя СОбАк,2,889.05,110.95,COMplEtED,спасибо за заказ,2024-05-02,6143664910068003
2029956223597,26.05.2024 11:56,МАРИя ПеТРОВа,8(9764) 09-55,5,МолОкО,1,2705.97,294.03,comPLEteD,спасибо за заказ,2024-05-02,6143664910068003
2029956223597,26.05.2024 11:56,МАРИя ПеТРОВа,8(9764) 09-55,5,моЛОКо,3,7293.83,1706.17,COMPlEtEd,спасибо за заказ,2024-05-02,6143664910068003
2029956222811,2024-05-10 09:52:25,алЕксей МиХАЙлОВ,+7(9266)05-06,4,пОДПискА На гаЗету,2,1181.44,18.56,ProcESsING,Проверить наличие,2024-05-08,8160292793170376
2029956222811,2024-05-10 09:52:25,алЕксей МиХАЙлОВ,+7(9266)05-06,3,амунИЦиЯ ДЛя СОБАК,2,1974.31,425.69,PRoCeSSInG,Проверить наличие,2024-05-08,8160292793170376
2029956221744,2024-05-11 13:14:23,серГЕЙ СиДОРОВ,+7(9571)30-75,4,пОдпискА нА ГаЗЕту,2,1091.83,108.17,cAncellEd,Всё отлично!,2024/05/22,9335663725140421
2029956221744,2024-05-11 13:14:23,серГЕЙ СиДОРОВ,+7(9571)30-75,4,ПодПиСКА на Газету,1,592.32,7.68,caNCELleD,Всё отлично!,2024/05/22,9335663725140421
2029956221744,2024-05-11 13:14:23,серГЕЙ СиДОРОВ,+7(9571)30-75,3,аМуниция длЯ СобАк,3,3014.81,585.19,caNCELLed,Всё отлично!,2024/05/22,9335663725140421
2029956220809,27.05.2024 13:55,олЬГА кУзнЕцОВа,+7(9340)19-39,3,аМуниция ДЛЯ сОбАк,5,5599.95,400.05,proCeSsing,Всё отлично!,15.05.2024,4068629680188088
2029956220809,27.05.2024 13:55,олЬГА кУзнЕцОВа,+7(9340)19-39,2,ИгрУшка мяч,2,498.16,101.84,prOcEsSINg,Всё отлично!,15.05.2024,4068629680188088
2029956220809,27.05.2024 13:55,олЬГА кУзнЕцОВа,+7(9340)19-39,1,коРм длЯ сОБАК,2,996.17,3.83,pRoCeSsiNG,Всё отлично!,15.05.2024,4068629680188088
2029956220809,27.05.2024 13:55,олЬГА кУзнЕцОВа,+7(9340)19-39,5,молоКО,1,2496.7,503.3,ProcessInG,Всё отлично!,15.05.2024,4068629680188088
2029956220809,27.05.2024 13:55,олЬГА кУзнЕцОВа,+7(9340)19-39,4,ПоДПисКа на ГАзетУ,1,551.01,48.99,pRocESsiNG,Всё отлично!,15.05.2024,4068629680188088
2029956219865,2024-05-15 09:45:29,ДмиТриЙ КузНецОВ,+7 9913 37 23,3,аМунициЯ дЛя сОБАК,1,984.93,215.07,coMPleted,спасибо за заказ,15.05.2024,8626682109483108
2029956218333,2024/05/25 05:14:02,ЕлЕнА НОВиКОВА,8(9670) 81-34,2,игРуШкА мЯч,3,792.96,107.04,PROCESsiNg,"Задержка с доставкой, печалька...",2024/05/13,6669941395514097
2029956218333,2024/05/25 05:14:02,ЕлЕнА НОВиКОВА,8(9670) 81-34,2,игРУШкА мяЧ,3,882.91,17.09,prOcESSiNg,"Задержка с доставкой, печалька...",2024/05/13,6669941395514097
2029956217516,2024/05/15 01:11:08,сЕрГЕЙ СИДоРОВ,8(9524) 30-51,4,пОдпИсКА НА гаЗЕтУ,5,2586.03,413.97,cOMPlETeD,Нужно уточнить сроки,2024/05/22,1360435190226714
2029956217516,2024/05/15 01:11:08,сЕрГЕЙ СИДоРОВ,8(9524) 30-51,1,кОрм дЛя сОБаК,4,1834.49,165.51,CoMPleTed,Нужно уточнить сроки,2024/05/22,1360435190226714
2029956217516,2024/05/15 01:11:08,сЕрГЕЙ СИДоРОВ,8(9524) 30-51,1,кОрМ длЯ СОбАК,3,1294.36,205.64,cOMPLEtED,Нужно уточнить сроки,2024/05/22,1360435190226714
2029956217516,2024/05/15 01:11:08,сЕрГЕЙ СИДоРОВ,8(9524) 30-51,1,коРМ ДЛя СобАК,4,1623.5,376.5,cOmpLETEd,Нужно уточнить сроки,2024/05/22,1360435190226714
2029956216841,05.05.2024 11:48,дмитРИЙ КУЗНеЦОв,+7 9094 29 56,1,Корм длЯ СобаК,3,1295.39,204.61,PrOCEsSING,Проверить наличие,2024/05/29,1912489311844745
2029956216841,05.05.2024 11:48,дмитРИЙ КУЗНеЦОв,+7 9094 29 56,2,иГРУшка мЯЧ,3,728.29,171.71,procESSiNg,Проверить наличие,2024/05/29,1912489311844745
2029956216841,05.05.2024 11:48,дмитРИЙ КУЗНеЦОв,+7 9094 29 56,1,КорМ дЛя собак,4,1681.54,318.46,ProCeSsINg,Проверить наличие,2024/05/29,1912489311844745
2029956216841,05.05.2024 11:48,дмитРИЙ КУЗНеЦОв,+7 9094 29 56,5,МолоКО,4,11697.85,302.15,PRoCEsSinG,Проверить наличие,2024/05/29,1912489311844745
2029956216841,05.05.2024 11:48,дмитРИЙ КУЗНеЦОв,+7 9094 29 56,1,КОрм длЯ Собак,2,872.78,127.22,ProCeSSiNg,Проверить наличие,2024/05/29,1912489311844745
2029956215243,23.05.2024 05:02,иВАН иВаНоВ,8(9697) 60-75,3,амУнициЯ ДлЯ сОбак,4,3997.2,802.8,coMPLETeD,Всё отлично!,2024-05-17,6476803511585159
2029956215243,23.05.2024 05:02,иВАН иВаНоВ,8(9697) 60-75,3,АМУниЦИЯ длЯ сОБаК,2,1996.94,403.06,COmPleTEd,Всё отлично!,2024-05-17,6476803511585159
2029956215243,23.05.2024 05:02,иВАН иВаНоВ,8(9697) 60-75,3,аМуНИцИя дЛЯ СОбАк,3,3263.41,336.59,cOmPlETEd,Всё отлично!,2024-05-17,6476803511585159
2029956215243,23.05.2024 05:02,иВАН иВаНоВ,8(9697) 60-75,5,МОлОко,5,12843.06,2156.94,COmPLeted,Всё отлично!,2024-05-17,6476803511585159
2029956215243,23.05.2024 05:02,иВАН иВаНоВ,8(9697) 60-75,1,КоРМ ДлЯ СОбаК,5,2099.79,400.21,coMpLeteD,Всё отлично!,2024-05-17,6476803511585159
2029956214115,2024-05-18 07:38:29,елЕНа НОВиКОВа,8(9264) 06-57,5,мОЛокО,5,13724.85,1275.15,CAnCElLEd,"Задержка с доставкой, печалька...",06.05.2024,4598634530822806
2029956214115,2024-05-18 07:38:29,елЕНа НОВиКОВа,8(9264) 06-57,4,подПиСКа НА ГАзЕТУ,2,1152.53,47.47,CaNceLleD,"Задержка с доставкой, печалька...",06.05.2024,4598634530822806
2029956214115,2024-05-18 07:38:29,елЕНа НОВиКОВа,8(9264) 06-57,2,ИгРУШкА мяч,5,1223.96,276.04,CanCELlED,"Задержка с доставкой, печалька...",06.05.2024,4598634530822806
2029956213798,2024/05/24 21:05:00,МИХАил орлов,+7 9242 81 25,1,кОРм Для СоБаК,5,2173.81,326.19,CAncelLed,Всё отлично!,09.05.2024,1734055741950357
2029956213798,2024/05/24 21:05:00,МИХАил орлов,+7 9242 81 25,2,иГрУШкА мЯЧ,4,1173.6,26.4,CanceLlEd,Всё отлично!,09.05.2024,1734055741950357
2029956213798,2024/05/24 21:05:00,МИХАил орлов,+7 9242 81 25,5,молОкО,4,10175.96,1824.04,CAnCelLED,Всё отлично!,09.05.2024,1734055741950357
2029956213798,2024/05/24 21:05:00,МИХАил орлов,+7 9242 81 25,3,аМУнИЦия Для собАк,4,4282.36,517.64,CaNCellEd,Всё отлично!,09.05.2024,1734055741950357
2029956212681,2024/05/18 05:10:13,оЛьГА КУЗНЕцоВА,+7(9853)00-82,1,коРм дЛя СОБАк,4,1904.03,95.97,COMpLEtED,Ждём с нетерпением!,2024/05/28,4657693417299760
2029956212681,2024/05/18 05:10:13,оЛьГА КУЗНЕцоВА,+7(9853)00-82,2,ИгруШКА МЯЧ,3,726.39,173.61,cOMPlEtED,Ждём с нетерпением!,2024/05/28,4657693417299760
2029956212681,2024/05/18 05:10:13,оЛьГА КУЗНЕцоВА,+7(9853)00-82,1,коРМ Для СОБАК,3,1278.82,221.18,coMpletED,Ждём с нетерпением!,2024/05/28,4657693417299760
2029956212681,2024/05/18 05:10:13,оЛьГА КУЗНЕцоВА,+7(9853)00-82,2,иГРУШкА мЯЧ,2,526.39,73.61,coMPLeteD,Ждём с нетерпением!,2024/05/28,4657693417299760
2029956211201,2024-05-27 11:21:31,сергЕй СидОрОВ,8(9534) 74-49,2,игРушка мяч,5,1204.61,295.39,cOmplETED,Ждём с нетерпением!,2024/05/25,5208680751500912
2029956210573,28.05.2024 05:58,МАриЯ ПЕтрОВа,+7(9496)51-68,1,кОрМ дЛя СобАк,2,982.88,17.12,ProcESsinG,Проверить наличие,2024-05-07,7747186982400793
2029956209816,2024/05/22 01:47:27,ДМИтрий КузНЕЦОВ,8(9477) 31-92,4,подпИСка на ГАзЕту,4,2386.47,13.53,pROcEsSing,Всё отлично!,12.05.2024,0835544767151695
2029956209816,2024/05/22 01:47:27,ДМИтрий КузНЕЦОВ,8(9477) 31-92,5,МОлоКо,4,9997.99,2002.01,ProCeSsInG,Всё отлично!,12.05.2024,0835544767151695
2029956209816,2024/05/22 01:47:27,ДМИтрий КузНЕЦОВ,8(9477) 31-92,2,иГРушКА МЯч,5,1323.96,176.04,PrOceSSIng,Всё отлично!,12.05.2024,0835544767151695
2029956208620,2024/05/06 15:14:41,аННА СмИРНОвА,8(9268) 20-54,3,амуНИцИя длЯ сОБак,4,4487.97,312.03,cOMPlETed,спасибо за заказ,2024/05/30,0051824419972308
2029956208620,2024/05/06 15:14:41,аННА СмИРНОвА,8(9268) 20-54,5,мОлокО,5,14830.34,169.66,cOmPleTEd,спасибо за заказ,2024/05/30,0051824419972308
2029956208620,2024/05/06 15:14:41,аННА СмИРНОвА,8(9268) 20-54,5,моЛОКо,1,2910.0,90.0,comPLEtEd,спасибо за заказ,2024/05/30,0051824419972308
2029956207932,2024/05/12 07:07:11,мАрия петрова,8(9529) 10-85,1,кОрМ длЯ сОбАК,1,453.35,46.65,prOcESsIng,Нужно уточнить сроки,26.05.2024,3763733919105050
2029956206959,2024/05/16 22:38:34,аННА СмирнОва,8(9807) 89-37,2,игрУшКА мяЧ,1,289.44,10.56,cOmpLEtED,Ждём с нетерпением!,2024-05-29,7289890152270226
2029956206959,2024/05/16 22:38:34,аННА СмирнОва,8(9807) 89-37,2,игРУШкА мЯч,2,543.43,56.57,COMPLeTed,Ждём с нетерпением!,2024-05-29,7289890152270226
2029956206959,2024/05/16 22:38:34,аННА СмирнОва,8(9807) 89-37,5,МОлоко,5,13823.63,1176.37,COmpleTed,Ждём с нетерпением!,2024-05-29,7289890152270226
2029956206959,2024/05/16 22:38:34,аННА СмирнОва,8(9807) 89-37,4,ПоДпиСка На ГаЗеТу,1,482.21,117.79,COMpLEtEd,Ждём с нетерпением!,2024-05-29,7289890152270226
2029956206959,2024/05/16 22:38:34,аННА СмирнОва,8(9807) 89-37,3,АМуНИЦИя Для сОБАк,5,5075.07,924.93,coMpLetEd,Ждём с нетерпением!,2024-05-29,7289890152270226
2029956205453,2024-05-24 14:27:50,ДмиТРиЙ кУзНЕЦОв,8(9992) 70-59,4,пОДпиСка На гАзеТу,1,539.1,60.9,comPlEteD,подарок вовремя,2024/05/20,6996258740978355
2029956204320,2024-05-23 22:18:26,дмИТРИЙ КУЗнЕцов,+7 9359 64 74,4,ПОдПИСкА НА гаЗЕТу,5,2837.11,162.89,CANCELlEd,Всё отлично!,11.05.2024,3835427136233489
2029956204320,2024-05-23 22:18:26,дмИТРИЙ КУЗнЕцов,+7 9359 64 74,5,молоКО,2,4995.7,1004.3,CANcEllEd,Всё отлично!,11.05.2024,3835427136233489
2029956203989,2024-05-27 22:45:55,ИвАн ИВаНов,+7(9107)58-11,1,КОРм длЯ СОбАК,3,1412.53,87.47,COMpLEtEd,Проверить наличие,20.05.2024,1252166062060741
2029956202836,2024-05-20 09:05:37,АЛЕКсеЙ мИхаЙЛОВ,+7(9442)68-96,4,ПоДПиСка на гАзЕТУ,5,2922.7,77.3,cAnceLlED,"Задержка с доставкой, печалька...",2024-05-08,4121966314678421
2029956202836,2024-05-20 09:05:37,АЛЕКсеЙ мИхаЙЛОВ,+7(9442)68-96,1,КОрм длЯ сОбАк,2,998.88,1.12,CAnCELLED,"Задержка с доставкой, печалька...",2024-05-08,4121966314678421
2029956202836,2024-05-20 09:05:37,АЛЕКсеЙ мИхаЙЛОВ,+7(9442)68-96,5,мОлоКо,2,5162.15,837.85,cANCelLEd,"Задержка с доставкой, печалька...",2024-05-08,4121966314678421
2029956202836,2024-05-20 09:05:37,АЛЕКсеЙ мИхаЙЛОВ,+7(9442)68-96,5,мОЛокО,1,2947.1,52.9,cancellEd,"Задержка с доставкой, печалька...",2024-05-08,4121966314678421
2029956201357,2024/05/05 20:51:01,МАРИЯ петроВА,+7 9822 58 80,2,игрушКа МяЧ,2,582.55,17.45,cAncELLEd,Ждём с нетерпением!,2024-05-27,0265307047246927
2029956201357,2024/05/05 20:51:01,МАРИЯ петроВА,+7 9822 58 80,2,ИгРушка мЯЧ,2,562.58,37.42,CANCELLed,Ждём с нетерпением!,2024-05-27,0265307047246927
2029956201357,2024/05/05 20:51:01,МАРИЯ петроВА,+7 9822 58 80,2,иГрушКа мЯч,5,1402.19,97.81,caNCElled,Ждём с нетерпением!,2024-05-27,0265307047246927
2029956201357,2024/05/05 20:51:01,МАРИЯ петроВА,+7 9822 58 80,5,МОлОКо,5,14358.18,641.82,CAncELLED,Ждём с нетерпением!,2024-05-27,0265307047246927
2029956200273,2024-05-23 22:10:25,МарИя ПЕтрОВА,+7 9956 22 11,3,АмуНИция дЛЯ собАк,3,3066.8,533.2,CANcelLED,спасибо за заказ,2024/05/25,0987160940530666
2029956200273,2024-05-23 22:10:25,МарИя ПЕтрОВА,+7 9956 22 11,1,КоРМ дЛЯ СОбак,1,413.43,86.57,CaNcelleD,спасибо за заказ,2024/05/25,0987160940530666
2029956199562,25.05.2024 13:59,МихАИл оРлоВ,+7 9666 76 69,2,иГруШКа МЯч,5,1386.83,113.17,caNcelLed,Всё отлично!,2024-05-30,7242779927705031
2029956199562,25.05.2024 13:59,МихАИл оРлоВ,+7 9666 76 69,4,пОдПИска На гАЗету,5,2568.04,431.96,cANCELLeD,Всё отлично!,2024-05-30,7242779927705031
2029956199562,25.05.2024 13:59,МихАИл оРлоВ,+7 9666 76 69,5,молОкО,2,5182.2,817.8,CanCElLeD,Всё отлично!,2024-05-30,7242779927705031
2029956199562,25.05.2024 13:59,МихАИл оРлоВ,+7 9666 76 69,5,МОЛоКо,2,5879.69,120.31,cAnCeLLED,Всё отлично!,2024-05-30,7242779927705031
2029956198147,2024/05/29 18:25:41,АННА СМИРновА,+7 9302 21 79,1,КОРМ ДлЯ СобАк,1,434.32,65.68,CANcELleD,подарок вовремя,2024-05-25,2490195753395296
2029956198147,2024/05/29 18:25:41,АННА СМИРновА,+7 9302 21 79,2,ИгРушка МяЧ,1,245.36,54.64,CancELLed,подарок вовремя,2024-05-25,2490195753395296
2029956198147,2024/05/29 18:25:41,АННА СМИРновА,+7 9302 21 79,5,моЛоКО,2,5424.55,575.45,CAncElleD,подарок вовремя,2024-05-25,2490195753395296
2029956198147,2024/05/29 18:25:41,АННА СМИРновА,+7 9302 21 79,3,АмунИЦИя дЛЯ сОбаК,4,4740.62,59.38,CANcELlEd,подарок вовремя,2024-05-25,2490195753395296
2029956197714,2024-05-23 09:39:10,сЕРгей СИдоРОВ,+7(9672)16-93,2,иГрУШКА мЯЧ,3,751.97,148.03,PrOceSsING,Ждём с нетерпением!,2024/05/15,8312057164559119
2029956197714,2024-05-23 09:39:10,сЕРгей СИдоРОВ,+7(9672)16-93,4,ПоДпИска На газЕТу,5,2911.71,88.29,pRoCeSSiNG,Ждём с нетерпением!,2024/05/15,8312057164559119
2029956197714,2024-05-23 09:39:10,сЕРгей СИдоРОВ,+7(9672)16-93,4,ПОДпиСка НА ГазеТу,3,1685.61,114.39,PrOcEsSInG,Ждём с нетерпением!,2024/05/15,8312057164559119
2029956197714,2024-05-23 09:39:10,сЕРгей СИдоРОВ,+7(9672)16-93,3,амунИЦия дЛЯ сОБак,5,5565.16,434.84,pRoceSSInG,Ждём с нетерпением!,2024/05/15,8312057164559119
2029956197714,2024-05-23 09:39:10,сЕРгей СИдоРОВ,+7(9672)16-93,4,ПОДПИСкА на газЕту,5,2549.47,450.53,ProcESsING,Ждём с нетерпением!,2024/05/15,8312057164559119
2029956196724,2024/05/18 08:32:58,АлекСеЙ миХайЛоВ,+7(9561)47-45,3,амуНиция Для сОБак,1,973.83,226.17,COMPleTED,"Задержка с доставкой, печалька...",2024/05/07,2218077140845240
2029956196724,2024/05/18 08:32:58,АлекСеЙ миХайЛоВ,+7(9561)47-45,1,коРм ДЛЯ сОбаК,4,1933.98,66.02,COmPletEd,"Задержка с доставкой, печалька...",2024/05/07,2218077140845240
2029956196724,2024/05/18 08:32:58,АлекСеЙ миХайЛоВ,+7(9561)47-45,4,пОДПИсКА НА гАЗЕту,4,2358.27,41.73,coMPLEtED,"Задержка с доставкой, печалька...",2024/05/07,2218077140845240
2029956196724,2024/05/18 08:32:58,АлекСеЙ миХайЛоВ,+7(9561)47-45,2,ИгруШКА мЯЧ,1,251.23,48.77,cOmpletED,"Задержка с доставкой, печалька...",2024/05/07,2218077140845240
2029956195641,2024-05-25 20:46:07,аНна СмИрноВа,+7 9239 28 78,2,ИгРУшкА МЯч,3,821.5,78.5,PROcEsSIng,спасибо за заказ,2024/05/18,4356532120014297
2029956195641,2024-05-25 20:46:07,аНна СмИрноВа,+7 9239 28 78,2,ИгруШкА МяЧ,3,855.38,44.62,procEsSinG,спасибо за заказ,2024/05/18,4356532120014297
2029956195641,2024-05-25 20:46:07,аНна СмИрноВа,+7 9239 28 78,3,амуНицИЯ ДЛЯ СОбАК,5,5819.54,180.46,ProcesSiNG,спасибо за заказ,2024/05/18,4356532120014297
2029956195641,2024-05-25 20:46:07,аНна СмИрноВа,+7 9239 28 78,3,аМуНИЦия длЯ СОБАК,4,3873.51,926.49,PRoCEssINg,спасибо за заказ,2024/05/18,4356532120014297
2029956195641,2024-05-25 20:46:07,аНна СмИрноВа,+7 9239 28 78,4,подПиСкА нА гАзеТУ,4,2158.2,241.8,PROcesSING,спасибо за заказ,2024/05/18,4356532120014297
2029956194961,04.05.2024 20:20,АНнА сМиРНОВА,+7 9178 95 70,5,МолоКО,3,7364.36,1635.64,PRoCEsSiNg,Всё отлично!,2024-05-31,9959380330925850
2029956194961,04.05.2024 20:20,АНнА сМиРНОВА,+7 9178 95 70,2,иГруШкА мЯч,4,975.02,224.98,processING,Всё отлично!,2024-05-31,9959380330925850
2029956194961,04.05.2024 20:20,АНнА сМиРНОВА,+7 9178 95 70,3,амУниЦИЯ для сОБаК,1,1140.2,59.8,PROcESSinG,Всё отлично!,2024-05-31,9959380330925850
2029956194961,04.05.2024 20:20,АНнА сМиРНОВА,+7 9178 95 70,1,КОРм для СОБаК,2,834.54,165.46,pRoCessING,Всё отлично!,2024-05-31,9959380330925850
2029956194961,04.05.2024 20:20,АНнА сМиРНОВА,+7 9178 95 70,2,иГРушКА мяЧ,4,997.75,202.25,ProceSsiNg,Всё отлично!,2024-05-31,9959380330925850
2029956193638,2024-05-31 15:19:28,ольГа кУЗНЕЦовА,+7(9659)20-92,4,ПоДПиСкА НА ГАЗетУ,3,1660.71,139.29,PROcEssing,Нужно уточнить сроки,18.05.2024,6105711777945383
2029956192377,2024/05/05 22:06:46,мария пЕтрова,+7 9369 92 38,3,аМУнИциЯ ДЛЯ СоБак,5,5779.01,220.99,pROCESSIng,подарок вовремя,2024/05/23,1408607203809576
2029956192377,2024/05/05 22:06:46,мария пЕтрова,+7 9369 92 38,5,молОко,1,2610.82,389.18,PrOcEsSINg,подарок вовремя,2024/05/23,1408607203809576
2029956192377,2024/05/05 22:06:46,мария пЕтрова,+7 9369 92 38,1,КОрм длЯ собак,1,465.74,34.26,PRoceSsIng,подарок вовремя,2024/05/23,1408607203809576
2029956192377,2024/05/05 22:06:46,мария пЕтрова,+7 9369 92 38,5,молОКо,5,13657.37,1342.63,pRoCESSiNG,подарок вовремя,2024/05/23,1408607203809576
2029956192377,2024/05/05 22:06:46,мария пЕтрова,+7 9369 92 38,3,амУНиЦиЯ дЛя СоБАк,5,5220.04,779.96,ProcEsSinG,подарок вовремя,2024/05/23,1408607203809576
2029956191194,2024/05/17 05:42:58,АННа СмирНовА,8(9692) 92-34,4,пОДПиска НА гАЗЕту,3,1763.02,36.98,cANCelLeD,подарок вовремя,2024-05-17,0839003157182894
2029956191194,2024/05/17 05:42:58,АННа СмирНовА,8(9692) 92-34,4,ПОдпИСКА На гаЗетУ,4,2069.61,330.39,cAnCeLLeD,подарок вовремя,2024-05-17,0839003157182894
2029956191194,2024/05/17 05:42:58,АННа СмирНовА,8(9692) 92-34,5,МоЛоко,1,2708.35,291.65,CaNcellEd,подарок вовремя,2024-05-17,0839003157182894
2029956190320,2024/05/25 06:09:54,аНна СмирноВА,+7 9029 25 79,1,КОРм ДЛЯ сОБаК,2,913.77,86.23,pROcESsing,Ждём с нетерпением!,23.05.2024,6315790217661967
2029956190320,2024/05/25 06:09:54,аНна СмирноВА,+7 9029 25 79,3,амунИЦиЯ дЛЯ сОБаК,2,2141.48,258.52,prOCessinG,Ждём с нетерпением!,23.05.2024,6315790217661967
2029956190320,2024/05/25 06:09:54,аНна СмирноВА,+7 9029 25 79,5,МОЛоКо,3,8450.19,549.81,PRoCesSINg,Ждём с нетерпением!,23.05.2024,6315790217661967
2029956189633,2024-05-15 10:27:06,иВаН ИВАнов,+7 9854 32 03,4,пОДПИсКА НА ГАзЕТу,3,1576.28,223.72,pROCESsiNg,подарок вовремя,05.05.2024,6913020690491156
2029956188632,2024/05/11 15:40:48,маРИя ПетроВА,8(9466) 89-42,4,пОДПИСкА на гАзЕтУ,5,2705.94,294.06,PROCEssINg,спасибо за заказ,2024-05-29,6718387644875136
2029956188632,2024/05/11 15:40:48,маРИя ПетроВА,8(9466) 89-42,1,кОрМ ДлЯ СОбаК,2,987.69,12.31,PRoCeSsINg,спасибо за заказ,2024-05-29,6718387644875136
2029956187855,2024/05/18 01:14:37,ИвАН иВанОВ,8(9247) 10-10,1,КОРМ дЛЯ СоБак,1,400.67,99.33,CanCelLed,Всё отлично!,31.05.2024,7355959682396671
2029956187855,2024/05/18 01:14:37,ИвАН иВанОВ,8(9247) 10-10,4,поДПискА на гАзЕТу,5,2971.76,28.24,CAncELlED,Всё отлично!,31.05.2024,7355959682396671
2029956186446,2024/05/03 22:59:11,сЕргей сИдороВ,+7 9357 40 99,2,игРушкА мЯч,4,1078.09,121.91,pROCeSsING,спасибо за заказ,2024-05-08,9508372948990797
2029956186446,2024/05/03 22:59:11,сЕргей сИдороВ,+7 9357 40 99,1,КОРМ длЯ собАк,1,497.3,2.7,pRoCessinG,спасибо за заказ,2024-05-08,9508372948990797
2029956186446,2024/05/03 22:59:11,сЕргей сИдороВ,+7 9357 40 99,4,пОДПисКА На гаЗЕТу,1,553.38,46.62,PROCEssIng,спасибо за заказ,2024-05-08,9508372948990797
2029956185898,2024-05-15 11:38:30,натаЛЬЯ вАсиЛЬеВА,+7 9854 50 24,4,подПисКа на ГаЗЕТу,4,2263.38,136.62,CANcELlED,Всё отлично!,2024/05/04,7636981757622543
2029956184907,21.05.2024 14:52,аННА СмИрнова,8(9665) 27-04,1,коРм ДЛя СоБАК,2,906.64,93.36,PRoCessInG,Проверить наличие,2024-05-17,6202174344714419
2029956184907,21.05.2024 14:52,аННА СмИрнова,8(9665) 27-04,2,ИгРушкА Мяч,4,982.16,217.84,PrOcESSiNG,Проверить наличие,2024-05-17,6202174344714419
2029956183404,2024/05/07 22:58:19,нАТалЬя ВаСИльЕВА,+7(9940)79-82,1,КоРМ ДлЯ сОБАК,2,961.0,39.0,prOCeSsIng,Нужно уточнить сроки,2024/05/23,7997205121518934
2029956182183,2024/05/08 04:58:57,АлЕКсеЙ МИхайЛов,8(9415) 32-13,4,ПОДПиСКА НА ГаЗЕТУ,3,1748.0,52.0,prOcEssING,подарок вовремя,2024/05/15,0147241784077070
2029956182183,2024/05/08 04:58:57,АлЕКсеЙ МИхайЛов,8(9415) 32-13,4,ПодПИсКа на ГазЕту,1,508.28,91.72,pRocesSIng,подарок вовремя,2024/05/15,0147241784077070
2029956181849,2024-05-25 13:09:56,ЕЛЕна нОВиКОва,+7(9663)72-37,2,иГрУшКа мЯч,5,1394.68,105.32,caNCeLlED,Нужно уточнить сроки,31.05.2024,5564847407923411
2029956181849,2024-05-25 13:09:56,ЕЛЕна нОВиКОва,+7(9663)72-37,5,мОЛокО,1,2687.19,312.81,cANcellEd,Нужно уточнить сроки,31.05.2024,5564847407923411
2029956181849,2024-05-25 13:09:56,ЕЛЕна нОВиКОва,+7(9663)72-37,1,кОрМ дЛя собак,2,977.66,22.34,CaNceLLED,Нужно уточнить сроки,31.05.2024,5564847407923411
2029956181849,2024-05-25 13:09:56,ЕЛЕна нОВиКОва,+7(9663)72-37,2,ИГрушКа МЯЧ,3,886.64,13.36,cANcELled,Нужно уточнить сроки,31.05.2024,5564847407923411
2029956180725,05.05.2024 23:20,ДМитРИЙ КуЗнЕцОВ,8(9386) 69-17,5,моЛоко,3,7633.07,1366.93,PROCessiNG,Нужно уточнить сроки,2024-05-19,0717066297380015
2029956180725,05.05.2024 23:20,ДМитРИЙ КуЗнЕцОВ,8(9386) 69-17,2,иГРУШКА МяЧ,1,249.13,50.87,ProCessING,Нужно уточнить сроки,2024-05-19,0717066297380015
2029956180725,05.05.2024 23:20,ДМитРИЙ КуЗнЕцОВ,8(9386) 69-17,4,пОДПисКА на гАзету,3,1628.52,171.48,PRoCesSIng,Нужно уточнить сроки,2024-05-19,0717066297380015
2029956180725,05.05.2024 23:20,ДМитРИЙ КуЗнЕцОВ,8(9386) 69-17,5,МоЛОКо,4,11653.74,346.26,pROCesSIng,Нужно уточнить сроки,2024-05-19,0717066297380015
2029956179725,2024/05/07 19:39:09,ИВаН иВанОв,+7(9010)27-67,1,КОРМ для соБАК,5,2022.34,477.66,pRoceSSiNG,Проверить наличие,2024-05-17,4432625897875194
2029956179725,2024/05/07 19:39:09,ИВаН иВанОв,+7(9010)27-67,5,моЛоКо,3,8069.89,930.11,procEsSinG,Проверить наличие,2024-05-17,4432625897875194
2029956179725,2024/05/07 19:39:09,ИВаН иВанОв,+7(9010)27-67,5,моЛОКО,4,11300.63,699.37,PrOcessiNG,Проверить наличие,2024-05-17,4432625897875194
2029956179725,2024/05/07 19:39:09,ИВаН иВанОв,+7(9010)27-67,2,иГРуШКА МЯЧ,5,1311.73,188.27,prOCESSiNG,Проверить наличие,2024-05-17,4432625897875194
2029956178876,2024/05/02 19:22:01,СЕРГеЙ СИДоРОВ,8(9333) 20-80,2,ИгРуШкА Мяч,4,1079.98,120.02,ProCESsinG,спасибо за заказ,2024/05/21,9330575281532437
2029956178876,2024/05/02 19:22:01,СЕРГеЙ СИДоРОВ,8(9333) 20-80,3,аМУНИЦИя длЯ соБак,3,2882.04,717.96,pRoCesSing,спасибо за заказ,2024/05/21,9330575281532437
2029956178876,2024/05/02 19:22:01,СЕРГеЙ СИДоРОВ,8(9333) 20-80,2,ИГрушКа МЯч,4,968.44,231.56,pRocEssInG,спасибо за заказ,2024/05/21,9330575281532437
2029956177561,2024/05/23 06:02:16,серГей сИдоров,8(9295) 73-02,1,КОрм дЛя собАК,5,2184.57,315.43,pRoCeSSInG,подарок вовремя,20.05.2024,1032200074419420
2029956176301,2024-05-29 01:57:53,ОЛьГа куЗНЕцОВА,+7(9935)69-03,5,мОЛоко,3,7994.55,1005.45,PrOCEsSiNg,"Задержка с доставкой, печалька...",02.05.2024,4093857390931572
2029956176301,2024-05-29 01:57:53,ОЛьГа куЗНЕцОВА,+7(9935)69-03,5,МОлоКО,4,9866.01,2133.99,PROCeSsING,"Задержка с доставкой, печалька...",02.05.2024,4093857390931572
2029956176301,2024-05-29 01:57:53,ОЛьГа куЗНЕцОВА,+7(9935)69-03,3,АмУниЦИя Для сОбак,4,4615.41,184.59,prOcEssIng,"Задержка с доставкой, печалька...",02.05.2024,4093857390931572
2029956176301,2024-05-29 01:57:53,ОЛьГа куЗНЕцОВА,+7(9935)69-03,3,аМУНИЦиЯ Для СоБаК,3,2927.5,672.5,PROCessiNG,"Задержка с доставкой, печалька...",02.05.2024,4093857390931572
2029956176301,2024-05-29 01:57:53,ОЛьГа куЗНЕцОВА,+7(9935)69-03,1,кОрм ДЛя сОБак,1,442.82,57.18,ProCessIng,"Задержка с доставкой, печалька...",02.05.2024,4093857390931572
2029956175946,19.05.2024 19:03,иВан ивАнОв,+7(9984)13-02,2,игруШКа МЯЧ,5,1441.36,58.64,cOmplEted,"Задержка с доставкой, печалька...",2024-05-04,3842474717472329
2029956175946,19.05.2024 19:03,иВан ивАнОв,+7(9984)13-02,2,ИГРУшка МЯЧ,5,1474.6,25.4,coMplEteD,"Задержка с доставкой, печалька...",2024-05-04,3842474717472329
2029956175946,19.05.2024 19:03,иВан ивАнОв,+7(9984)13-02,4,подПИСкА на газЕту,2,1053.7,146.3,complEteD,"Задержка с доставкой, печалька...",2024-05-04,3842474717472329
2029956175946,19.05.2024 19:03,иВан ивАнОв,+7(9984)13-02,5,мОлокО,5,13214.34,1785.66,COmpLEted,"Задержка с доставкой, печалька...",2024-05-04,3842474717472329
2029956175946,19.05.2024 19:03,иВан ивАнОв,+7(9984)13-02,4,ПОДПИскА На гАЗЕтУ,3,1474.57,325.43,comPleTed,"Задержка с доставкой, печалька...",2024-05-04,3842474717472329
2029956174453,2024-05-26 22:18:51,иВАн иваНоВ,+7(9066)80-71,3,аМуницИЯ ДЛЯ СоБак,5,5351.9,648.1,cOMpleTEd,Нужно уточнить сроки,11.05.2024,9438027620551011
2029956174453,2024-05-26 22:18:51,иВАн иваНоВ,+7(9066)80-71,4,ПОдПИсКА НА гаЗету,3,1607.02,192.98,CoMpLEtED,Нужно уточнить сроки,11.05.2024,9438027620551011
2029956173205,2024/05/30 02:58:48,ИвАН ИваНОВ,+7(9444)52-85,5,молОКО,4,11028.98,971.02,CoMpLeteD,Всё отлично!,05.05.2024,0416920945137748
2029956172260,03.05.2024 19:37,дмитрий кУзнеЦов,+7 9248 39 99,4,ПОДПИсКа нА гАЗЕТУ,2,1106.34,93.66,CanCelleD,Ждём с нетерпением!,2024-05-25,2238198517010260
2029956171282,21.05.2024 10:40,дМитРИй КУзНеЦОВ,8(9563) 38-98,4,ПОдПисКА на ГаЗетУ,1,523.73,76.27,CoMPLetEd,Ждём с нетерпением!,2024/05/20,7266588118042300
2029956171282,21.05.2024 10:40,дМитРИй КУзНеЦОВ,8(9563) 38-98,3,аМУНиЦия Для собаК,5,5164.48,835.52,COmPLETEd,Ждём с нетерпением!,2024/05/20,7266588118042300
2029956171282,21.05.2024 10:40,дМитРИй КУзНеЦОВ,8(9563) 38-98,2,игрушкА мЯч,5,1342.24,157.76,COmPlETEd,Ждём с нетерпением!,2024/05/20,7266588118042300
2029956170812,2024-05-11 19:06:12,ИВаН иВанОВ,+7(9777)60-25,5,МОлокО,4,11516.87,483.13,pROCessING,Проверить наличие,2024-05-09,9965133397544271
2029956169734,2024/05/01 17:10:09,ЕлЕНа нОвИкова,+7(9348)43-86,3,аМунИциЯ дЛя СоБАк,4,4723.9,76.1,PRoCessInG,"Задержка с доставкой, печалька...",23.05.2024,9888685528065920
2029956169734,2024/05/01 17:10:09,ЕлЕНа нОвИкова,+7(9348)43-86,1,КОРМ для СОбАк,2,946.72,53.28,PROCessiNg,"Задержка с доставкой, печалька...",23.05.2024,9888685528065920
2029956169734,2024/05/01 17:10:09,ЕлЕНа нОвИкова,+7(9348)43-86,4,поДпИСКа нА ГАзЕту,5,2673.78,326.22,PRocESsiNG,"Задержка с доставкой, печалька...",23.05.2024,9888685528065920
2029956168339,2024-05-21 15:07:08,нАтАльЯ ваСИЛЬеВа,+7 9803 40 01,3,амуниЦИЯ Для соБАК,3,3341.94,258.06,complEteD,спасибо за заказ,03.05.2024,2784040735623462
2029956168339,2024-05-21 15:07:08,нАтАльЯ ваСИЛЬеВа,+7 9803 40 01,2,игрУШКа МяЧ,3,721.61,178.39,cOMpLEtEd,спасибо за заказ,03.05.2024,2784040735623462
2029956168339,2024-05-21 15:07:08,нАтАльЯ ваСИЛЬеВа,+7 9803 40 01,2,игРУШка МяЧ,4,964.74,235.26,COmPlETeD,спасибо за заказ,03.05.2024,2784040735623462
2029956168339,2024-05-21 15:07:08,нАтАльЯ ваСИЛЬеВа,+7 9803 40 01,2,игРушкА мяЧ,4,1192.07,7.93,comPletEd,спасибо за заказ,03.05.2024,2784040735623462
2029956168339,2024-05-21 15:07:08,нАтАльЯ ваСИЛЬеВа,+7 9803 40 01,1,кОРМ ДЛЯ сОБаК,1,498.8,1.2,cOmPlETED,спасибо за заказ,03.05.2024,2784040735623462
2029956167614,2024/05/03 22:09:12,мИхАиЛ орлОв,+7(9122)46-78,2,иГрушка МЯч,2,590.82,9.18,complETEd,Всё отлично!,2024-05-23,7501539240316155
2029956167614,2024/05/03 22:09:12,мИхАиЛ орлОв,+7(9122)46-78,4,подпИсКа на ГаЗеТУ,2,1156.24,43.76,cOMpLEtEd,Всё отлично!,2024-05-23,7501539240316155
2029956167614,2024/05/03 22:09:12,мИхАиЛ орлОв,+7(9122)46-78,3,АМУницИЯ ДлЯ собАк,2,1921.82,478.18,coMpleTeD,Всё отлично!,2024-05-23,7501539240316155
2029956167614,2024/05/03 22:09:12,мИхАиЛ орлОв,+7(9122)46-78,3,аМуНицИя для СОбАК,3,3213.7,386.3,COMpLEted,Всё отлично!,2024-05-23,7501539240316155
2029956166489,2024/05/19 19:49:29,НАТАлЬЯ ваСилЬЕВА,+7 9925 60 27,4,ПОдпИсКА На гАЗЕтУ,5,2959.74,40.26,COMPLETeD,подарок вовремя,2024/05/05,3944181044533730
2029956166489,2024/05/19 19:49:29,НАТАлЬЯ ваСилЬЕВА,+7 9925 60 27,4,пОдПисКа НА гАЗЕТу,2,1093.53,106.47,coMpleTed,подарок вовремя,2024/05/05,3944181044533730
2029956166489,2024/05/19 19:49:29,НАТАлЬЯ ваСилЬЕВА,+7 9925 60 27,2,иГРУШка мяч,3,868.15,31.85,COmPleTed,подарок вовремя,2024/05/05,3944181044533730
2029956165750,2024/05/25 19:17:27,НаТаЛьЯ васИЛьЕВа,+7(9811)41-01,2,ИгРУшкА мяч,5,1242.08,257.92,cOMPLETeD,Всё отлично!,2024/05/17,5665913784670677
2029956165750,2024/05/25 19:17:27,НаТаЛьЯ васИЛьЕВа,+7(9811)41-01,3,АМуНИциЯ ДлЯ соБаК,2,2151.52,248.48,cOmPLetEd,Всё отлично!,2024/05/17,5665913784670677
2029956164483,10.05.2024 16:40,нАТаЛЬя ВАсИльЕвА,8(9276) 69-77,4,пОДпиСКа на гАЗЕТу,1,535.34,64.66,procEsSING,подарок вовремя,2024/05/12,2459542741783070
2029956164483,10.05.2024 16:40,нАТаЛЬя ВАсИльЕвА,8(9276) 69-77,5,моЛОКо,2,5234.58,765.42,PROCessiNg,подарок вовремя,2024/05/12,2459542741783070
2029956164483,10.05.2024 16:40,нАТаЛЬя ВАсИльЕвА,8(9276) 69-77,4,пОДПИскА НА ГаЗЕТУ,5,2829.22,170.78,procESsINg,подарок вовремя,2024/05/12,2459542741783070
2029956164483,10.05.2024 16:40,нАТаЛЬя ВАсИльЕвА,8(9276) 69-77,5,моЛОкО,1,2422.05,577.95,pROCESsING,подарок вовремя,2024/05/12,2459542741783070
2029956164483,10.05.2024 16:40,нАТаЛЬя ВАсИльЕвА,8(9276) 69-77,5,МОЛоко,4,11716.63,283.37,pRoCessING,подарок вовремя,2024/05/12,2459542741783070
2029956163920,02.05.2024 08:11,сеРГЕй сИДоРов,8(9094) 82-17,5,молокО,3,8040.03,959.97,cANcelleD,Всё отлично!,23.05.2024,1317937175011616
2029956163920,02.05.2024 08:11,сеРГЕй сИДоРов,8(9094) 82-17,2,игруШкА мяч,3,721.95,178.05,cAnCELLed,Всё отлично!,23.05.2024,1317937175011616
2029956163920,02.05.2024 08:11,сеРГЕй сИДоРов,8(9094) 82-17,2,иГруШКА мЯч,1,252.49,47.51,cANCellED,Всё отлично!,23.05.2024,1317937175011616
2029956163920,02.05.2024 08:11,сеРГЕй сИДоРов,8(9094) 82-17,5,МоЛоКО,2,5544.64,455.36,cancEllEd,Всё отлично!,23.05.2024,1317937175011616
2029956163920,02.05.2024 08:11,сеРГЕй сИДоРов,8(9094) 82-17,3,АмуниЦиЯ дЛЯ СОБаК,5,5717.42,282.58,canCELLEd,Всё отлично!,23.05.2024,1317937175011616
2029956162775,19.05.2024 20:09,сЕРГЕй СИдОрОВ,8(9169) 97-12,4,ПоДПискА на газеТу,5,2757.6,242.4,cOmPlETED,спасибо за заказ,2024/05/17,3267431323425723
2029956161819,10.05.2024 23:57,ДМИТрИЙ кузНЕЦоВ,8(9315) 21-34,1,коРм Для сОБак,4,1915.97,84.03,coMPletEd,Проверить наличие,2024-05-17,3030411619993729
2029956160476,2024-05-18 06:23:40,ОлЬГА кузНЕЦОвА,+7 9046 33 40,1,корм для сОБаК,1,444.3,55.7,PrOCEsSing,"Задержка с доставкой, печалька...",2024-05-05,8918450029590633
2029956160476,2024-05-18 06:23:40,ОлЬГА кузНЕЦОвА,+7 9046 33 40,3,АМуницИЯ дЛя сОбак,1,972.92,227.08,PROCesSIng,"Задержка с доставкой, печалька...",2024-05-05,8918450029590633
2029956160476,2024-05-18 06:23:40,ОлЬГА кузНЕЦОвА,+7 9046 33 40,5,МОлОКо,3,8725.8,274.2,procEsSING,"Задержка с доставкой, печалька...",2024-05-05,8918450029590633
2029956160476,2024-05-18 06:23:40,ОлЬГА кузНЕЦОвА,+7 9046 33 40,3,АМУниция ДЛЯ СОбАК,2,2191.5,208.5,ProcEsSING,"Задержка с доставкой, печалька...",2024-05-05,8918450029590633
2029956160476,2024-05-18 06:23:40,ОлЬГА кузНЕЦОвА,+7 9046 33 40,4,подписКа НА ГаЗетУ,1,596.56,3.44,prOcessinG,"Задержка с доставкой, печалька...",2024-05-05,8918450029590633
2029956159875,15.05.2024 06:01,оЛЬГа кУЗнеЦова,+7(9564)31-74,3,АМУниЦия ДЛя сОбАк,3,3361.65,238.35,pRocEsSINg,"Задержка с доставкой, печалька...",2024/05/09,0945322043509414
2029956159875,15.05.2024 06:01,оЛЬГа кУЗнеЦова,+7(9564)31-74,4,пОДПиСкА нА гАЗеТу,5,2937.19,62.81,proceSsinG,"Задержка с доставкой, печалька...",2024/05/09,0945322043509414
2029956158149,2024/05/07 07:10:42,мАрИя ПетрОва,8(9778) 60-69,5,МолокО,5,12273.86,2726.14,cAnceLlEd,Нужно уточнить сроки,2024-05-28,7455937669727442
2029956158149,2024/05/07 07:10:42,мАрИя ПетрОва,8(9778) 60-69,3,АМУНиЦИя дЛя СобаК,3,3253.66,346.34,caNcElLed,Нужно уточнить сроки,2024-05-28,7455937669727442
2029956158149,2024/05/07 07:10:42,мАрИя ПетрОва,8(9778) 60-69,3,аМуницИЯ ДЛЯ СОбак,5,5327.72,672.28,cANCellED,Нужно уточнить сроки,2024-05-28,7455937669727442
2029956158149,2024/05/07 07:10:42,мАрИя ПетрОва,8(9778) 60-69,1,КоРМ Для соБак,1,455.89,44.11,CanCElLEd,Нужно уточнить сроки,2024-05-28,7455937669727442
2029956157985,2024-05-27 12:08:09,МИХаиЛ ОРЛоВ,+7(9472)92-09,4,ПОДпиСкА На ГазетУ,5,2847.55,152.45,ProCesSInG,Проверить наличие,2024-05-12,9137397970228481
2029956157985,2024-05-27 12:08:09,МИХаиЛ ОРЛоВ,+7(9472)92-09,2,игрУШКА МЯЧ,1,254.9,45.1,PrOcESsIng,Проверить наличие,2024-05-12,9137397970228481
2029956156894,2024/05/09 08:58:47,мАРИЯ петрова,+7 9479 57 82,5,мОЛоКо,1,2749.61,250.39,cANCELLeD,Проверить наличие,22.05.2024,9515259203442342
2029956156894,2024/05/09 08:58:47,мАРИЯ петрова,+7 9479 57 82,5,МолОКО,3,8546.46,453.54,cAncelLEd,Проверить наличие,22.05.2024,9515259203442342
2029956155931,2024/05/12 23:05:13,елЕна НОВиКОВа,8(9338) 96-28,3,АмУниЦиЯ Для сОБАК,1,1047.81,152.19,coMPleTEd,"Задержка с доставкой, печалька...",2024/05/03,0795373313627062
2029956155931,2024/05/12 23:05:13,елЕна НОВиКОВа,8(9338) 96-28,2,ИгрУШКа мЯЧ,3,802.6,97.4,COMpleTed,"Задержка с доставкой, печалька...",2024/05/03,0795373313627062
2029956155931,2024/05/12 23:05:13,елЕна НОВиКОВа,8(9338) 96-28,1,КоРм ДЛя сОБАК,1,480.49,19.51,coMpLeTEd,"Задержка с доставкой, печалька...",2024/05/03,0795373313627062
2029956154306,2024/05/20 01:48:45,еЛЕна новИКоВа,8(9476) 38-85,5,мОлОкО,2,5958.02,41.98,ProcEssINg,подарок вовремя,30.05.2024,7631414655299913
2029956154306,2024/05/20 01:48:45,еЛЕна новИКоВа,8(9476) 38-85,5,МолоКо,4,11735.73,264.27,PROCeSsING,подарок вовремя,30.05.2024,7631414655299913
2029956154306,2024/05/20 01:48:45,еЛЕна новИКоВа,8(9476) 38-85,1,корм Для собАк,4,1649.21,350.79,ProCeSSING,подарок вовремя,30.05.2024,7631414655299913
2029956154306,2024/05/20 01:48:45,еЛЕна новИКоВа,8(9476) 38-85,4,поДПИСка на гАЗеТу,5,2411.76,588.24,prOCesSiNG,подарок вовремя,30.05.2024,7631414655299913
2029956154306,2024/05/20 01:48:45,еЛЕна новИКоВа,8(9476) 38-85,2,иГруШКА МЯЧ,2,577.45,22.55,PRocESsIng,подарок вовремя,30.05.2024,7631414655299913
2029956153717,29.05.2024 00:03,алЕКСЕй МихайлОв,+7 9970 67 72,2,Игрушка мЯЧ,1,297.73,2.27,cOMpLeTED,"Задержка с доставкой, печалька...",2024-05-09,7356848478937057
2029956153717,29.05.2024 00:03,алЕКСЕй МихайлОв,+7 9970 67 72,3,АмунициЯ дЛЯ СОбАК,4,4068.18,731.82,ComPLeTED,"Задержка с доставкой, печалька...",2024-05-09,7356848478937057
2029956152554,2024-05-22 02:31:56,иВАН ивАНов,+7(9430)80-34,4,пОдпИсКА На газЕТУ,2,961.0,239.0,COMpLEted,"Задержка с доставкой, печалька...",2024-05-21,7236694869704419
2029956152554,2024-05-22 02:31:56,иВАН ивАНов,+7(9430)80-34,2,ИгрушКа Мяч,5,1336.93,163.07,comPLeTeD,"Задержка с доставкой, печалька...",2024-05-21,7236694869704419
2029956152554,2024-05-22 02:31:56,иВАН ивАНов,+7(9430)80-34,3,аМунИЦия для соБАк,5,5261.71,738.29,comPletED,"Задержка с доставкой, печалька...",2024-05-21,7236694869704419
2029956152554,2024-05-22 02:31:56,иВАН ивАНов,+7(9430)80-34,2,игРУШКа мЯЧ,3,883.54,16.46,compLeTEd,"Задержка с доставкой, печалька...",2024-05-21,7236694869704419
2029956151729,07.05.2024 14:27,НатаЛЬя ВАСИЛЬевА,+7 9123 88 35,5,МОЛоКО,4,10523.45,1476.55,proCESsiNg,Нужно уточнить сроки,2024-05-07,9396155894719528
2029956151729,07.05.2024 14:27,НатаЛЬя ВАСИЛЬевА,+7 9123 88 35,5,МОЛоКО,5,12343.59,2656.41,procEsSinG,Нужно уточнить сроки,2024-05-07,9396155894719528
2029956151729,07.05.2024 14:27,НатаЛЬя ВАСИЛЬевА,+7 9123 88 35,2,иГрушКа Мяч,1,261.87,38.13,procesSInG,Нужно уточнить сроки,2024-05-07,9396155894719528
2029956151729,07.05.2024 14:27,НатаЛЬя ВАСИЛЬевА,+7 9123 88 35,5,моЛОкО,4,10299.37,1700.63,PrOceSSINg,Нужно уточнить сроки,2024-05-07,9396155894719528
2029956150434,05.05.2024 06:51,ЕЛенА новиКОВа,+7 9797 52 31,4,ПОдпИСКа На ГАзеТу,2,1107.12,92.88,prOCESsinG,"Задержка с доставкой, печалька...",20.05.2024,7958943766356311
2029956150434,05.05.2024 06:51,ЕЛенА новиКОВа,+7 9797 52 31,1,КОРМ ДЛЯ сОБаК,4,1744.06,255.94,PRocEssING,"Задержка с доставкой, печалька...",20.05.2024,7958943766356311
2029956150434,05.05.2024 06:51,ЕЛенА новиКОВа,+7 9797 52 31,1,КОРМ для СОбаК,3,1459.12,40.88,PRoCEssinG,"Задержка с доставкой, печалька...",20.05.2024,7958943766356311
2029956150434,05.05.2024 06:51,ЕЛенА новиКОВа,+7 9797 52 31,4,ПодпиСкА НА ГазЕТУ,5,2947.1,52.9,PROCESsiNg,"Задержка с доставкой, печалька...",20.05.2024,7958943766356311
2029956150434,05.05.2024 06:51,ЕЛенА новиКОВа,+7 9797 52 31,1,КОРМ ДлЯ собак,1,489.67,10.33,pRoCEsSing,"Задержка с доставкой, печалька...",20.05.2024,7958943766356311
2029956149512,2024-05-17 08:17:46,МихАИЛ ОрЛОВ,8(9414) 16-35,3,АмУНицИя для собАК,2,2294.28,105.72,COmPleted,Всё отлично!,2024-05-01,8296236247446535
2029956149512,2024-05-17 08:17:46,МихАИЛ ОрЛОВ,8(9414) 16-35,5,молОКО,2,5203.72,796.28,cOMpLETed,Всё отлично!,2024-05-01,8296236247446535
2029956149512,2024-05-17 08:17:46,МихАИЛ ОрЛОВ,8(9414) 16-35,3,амУНицИя Для Собак,4,4148.62,651.38,cOMpLETEd,Всё отлично!,2024-05-01,8296236247446535
2029956149512,2024-05-17 08:17:46,МихАИЛ ОрЛОВ,8(9414) 16-35,1,кОрМ для сОБаК,5,2220.76,279.24,cOMpLETEd,Всё отлично!,2024-05-01,8296236247446535
2029956149512,2024-05-17 08:17:46,МихАИЛ ОрЛОВ,8(9414) 16-35,1,КорМ Для СоБак,1,419.29,80.71,cOMplEteD,Всё отлично!,2024-05-01,8296236247446535
2029956148540,2024/05/21 00:43:28,анна сМИРНова,+7(9672)54-67,3,амУНИцИЯ ДЛЯ СобАк,5,4830.67,1169.33,cOMPleted,подарок вовремя,2024/05/19,5637893285751913
2029956147711,2024/05/21 23:17:35,МихаиЛ ОрЛов,8(9528) 94-46,5,молоко,4,10202.45,1797.55,CancelLED,Проверить наличие,2024/05/31,1853977593349264
2029956147711,2024/05/21 23:17:35,МихаиЛ ОрЛов,8(9528) 94-46,1,КОРм длЯ соБак,5,2039.17,460.83,CaNcElLeD,Проверить наличие,2024/05/31,1853977593349264
2029956147711,2024/05/21 23:17:35,МихаиЛ ОрЛов,8(9528) 94-46,5,МолОко,4,9839.62,2160.38,CANceLLed,Проверить наличие,2024/05/31,1853977593349264
2029956146972,15.05.2024 19:38,миХаиЛ ОрлОв,+7(9957)13-83,4,ПОдПисКа На гАзЕту,1,549.72,50.28,pROCesSing,подарок вовремя,20.05.2024,8919483463294985
2029956146972,15.05.2024 19:38,миХаиЛ ОрлОв,+7(9957)13-83,5,МоЛОкО,3,7699.31,1300.69,pROcESSiNG,подарок вовремя,20.05.2024,8919483463294985
2029956146972,15.05.2024 19:38,миХаиЛ ОрлОв,+7(9957)13-83,4,ПОДПиСКА нА ГаЗЕтУ,3,1784.15,15.85,procESsINg,подарок вовремя,20.05.2024,8919483463294985
2029956146972,15.05.2024 19:38,миХаиЛ ОрлОв,+7(9957)13-83,5,МолоКо,4,10738.95,1261.05,PrOcESsiNG,подарок вовремя,20.05.2024,8919483463294985
2029956145143,2024/05/17 05:25:38,ДмиТРИЙ куЗНЕЦов,8(9661) 14-66,1,корМ ДЛя сОбАк,2,857.07,142.93,PRocesSing,Нужно уточнить сроки,30.05.2024,1718509693311003
2029956145143,2024/05/17 05:25:38,ДмиТРИЙ куЗНЕЦов,8(9661) 14-66,3,амуНИЦиЯ ДЛЯ Собак,4,4505.1,294.9,pRoCeSsINg,Нужно уточнить сроки,30.05.2024,1718509693311003
2029956145143,2024/05/17 05:25:38,ДмиТРИЙ куЗНЕЦов,8(9661) 14-66,4,ПоДПИСка НА ГАЗеТу,5,2443.76,556.24,PrOCESsiNG,Нужно уточнить сроки,30.05.2024,1718509693311003
2029956145143,2024/05/17 05:25:38,ДмиТРИЙ куЗНЕЦов,8(9661) 14-66,1,КОРМ ДлЯ собаК,2,904.51,95.49,PrOcEsSiNg,Нужно уточнить сроки,30.05.2024,1718509693311003
2029956145143,2024/05/17 05:25:38,ДмиТРИЙ куЗНЕЦов,8(9661) 14-66,2,иГрУшКа мЯч,1,249.42,50.58,PRocessiNG,Нужно уточнить сроки,30.05.2024,1718509693311003
2029956144207,15.05.2024 20:02,сЕргЕЙ СИДОрОВ,8(9809) 10-56,4,ПодпиСка На ГаЗеТУ,5,2677.17,322.83,ProcEsSiNG,Всё отлично!,29.05.2024,4871042062189188
2029956144207,15.05.2024 20:02,сЕргЕЙ СИДОрОВ,8(9809) 10-56,1,корм длЯ СОбАк,1,410.56,89.44,ProCeSSING,Всё отлично!,29.05.2024,4871042062189188
2029956144207,15.05.2024 20:02,сЕргЕЙ СИДОрОВ,8(9809) 10-56,5,молоКо,5,13962.89,1037.11,procESSing,Всё отлично!,29.05.2024,4871042062189188
2029956144207,15.05.2024 20:02,сЕргЕЙ СИДОрОВ,8(9809) 10-56,3,аМУниЦиЯ для СОБАк,4,4403.17,396.83,pROcesSiNg,Всё отлично!,29.05.2024,4871042062189188
2029956143925,2024/05/27 02:54:52,аЛЕКСЕй МихАЙЛОВ,+7 9482 68 28,2,иГРуШка мЯч,2,556.55,43.45,COMPLetEd,"Задержка с доставкой, печалька...",2024/05/15,3509136492920690
2029956143925,2024/05/27 02:54:52,аЛЕКСЕй МихАЙЛОВ,+7 9482 68 28,2,игРуШкА мяЧ,3,785.98,114.02,COMPLetED,"Задержка с доставкой, печалька...",2024/05/15,3509136492920690
2029956143925,2024/05/27 02:54:52,аЛЕКСЕй МихАЙЛОВ,+7 9482 68 28,1,КорМ для СОБаК,1,438.03,61.97,completeD,"Задержка с доставкой, печалька...",2024/05/15,3509136492920690
2029956142726,2024-05-23 15:45:48,мИХаиЛ оРлОВ,8(9545) 08-28,2,ИгруШКа Мяч,4,968.79,231.21,PrOcesSINg,"Задержка с доставкой, печалька...",2024-05-21,4836767792501489
2029956142726,2024-05-23 15:45:48,мИХаиЛ оРлОВ,8(9545) 08-28,4,подпиСка На ГАЗЕту,3,1604.34,195.66,proceSSINg,"Задержка с доставкой, печалька...",2024-05-21,4836767792501489
2029956142726,2024-05-23 15:45:48,мИХаиЛ оРлОВ,8(9545) 08-28,1,Корм длЯ сОБАК,3,1418.55,81.45,PrOcEssIng,"Задержка с доставкой, печалька...",2024-05-21,4836767792501489
2029956142726,2024-05-23 15:45:48,мИХаиЛ оРлОВ,8(9545) 08-28,2,игруШКА МЯч,2,519.05,80.95,PRocEsSIng,"Задержка с доставкой, печалька...",2024-05-21,4836767792501489
2029956141257,2024-05-28 00:12:12,дмИТРиЙ КузНеЦОв,+7 9598 59 54,1,корм ДлЯ сОБАК,4,1949.33,50.67,compLeTED,спасибо за заказ,2024-05-15,5082598595069200
2029956141257,2024-05-28 00:12:12,дмИТРиЙ КузНеЦОв,+7 9598 59 54,4,пОДПИСКА На ГаЗЕту,3,1787.56,12.44,coMpLetEd,спасибо за заказ,2024-05-15,5082598595069200
2029956141257,2024-05-28 00:12:12,дмИТРиЙ КузНеЦОв,+7 9598 59 54,2,игРУшКА мЯч,3,752.8,147.2,CoMpLEtEd,спасибо за заказ,2024-05-15,5082598595069200
2029956141257,2024-05-28 00:12:12,дмИТРиЙ КузНеЦОв,+7 9598 59 54,2,ИгрУшКа мяч,1,262.38,37.62,CompLetED,спасибо за заказ,2024-05-15,5082598595069200
2029956140606,07.05.2024 03:33,наТАлЬя ВАсилЬеВа,+7(9498)30-70,4,ПОдПИСКА На ГазеТу,1,530.52,69.48,CoMPlETED,Всё отлично!,12.05.2024,0399881483770566
2029956139228,2024-05-09 11:34:35,дМиТРиЙ КузнЕцоВ,+7 9728 53 93,5,моЛОКо,1,2751.71,248.29,CanceLLeD,"Задержка с доставкой, печалька...",2024/05/17,7430356217166249
2029956139228,2024-05-09 11:34:35,дМиТРиЙ КузнЕцоВ,+7 9728 53 93,5,моЛОкО,3,8013.39,986.61,cancelleD,"Задержка с доставкой, печалька...",2024/05/17,7430356217166249
2029956139228,2024-05-09 11:34:35,дМиТРиЙ КузнЕцоВ,+7 9728 53 93,4,ПОдпИска На ГазЕту,3,1733.75,66.25,cancelled,"Задержка с доставкой, печалька...",2024/05/17,7430356217166249
2029956139228,2024-05-09 11:34:35,дМиТРиЙ КузнЕцоВ,+7 9728 53 93,5,моЛоКо,1,2690.93,309.07,CanCElLed,"Задержка с доставкой, печалька...",2024/05/17,7430356217166249
2029956138573,30.05.2024 09:42,ИвАН Иванов,+7(9360)40-58,5,мОЛоКо,5,13359.76,1640.24,COmPlETed,Ждём с нетерпением!,2024/05/02,3311243067369222
2029956137477,01.05.2024 18:44,Иван ИВаНов,+7(9876)07-57,5,МоЛоКо,1,2481.95,518.05,cOmPLEtEd,Ждём с нетерпением!,2024-05-29,3911128885145413
2029956137477,01.05.2024 18:44,Иван ИВаНов,+7(9876)07-57,2,ИгРушКА МяЧ,4,1014.78,185.22,compleTeD,Ждём с нетерпением!,2024-05-29,3911128885145413
2029956137477,01.05.2024 18:44,Иван ИВаНов,+7(9876)07-57,5,МОЛОко,1,2928.94,71.06,COMPlETEd,Ждём с нетерпением!,2024-05-29,3911128885145413
2029956137477,01.05.2024 18:44,Иван ИВаНов,+7(9876)07-57,2,ИГРУШКА мЯЧ,3,728.93,171.07,ComPLEteD,Ждём с нетерпением!,2024-05-29,3911128885145413
2029956137477,01.05.2024 18:44,Иван ИВаНов,+7(9876)07-57,5,мОлОкО,1,2542.14,457.86,CoMpLeTEd,Ждём с нетерпением!,2024-05-29,3911128885145413
2029956136643,28.05.2024 16:31,еЛена НОвИКовА,8(9194) 81-74,2,иГрушКа Мяч,5,1458.05,41.95,pROcesSiNg,"Задержка с доставкой, печалька...",2024-05-15,5576986316430993
2029956136643,28.05.2024 16:31,еЛена НОвИКовА,8(9194) 81-74,4,подпИска нА ГАЗЕТу,1,569.24,30.76,PROcEssIng,"Задержка с доставкой, печалька...",2024-05-15,5576986316430993
2029956135559,16.05.2024 04:31,миХАиЛ ОРлОв,+7(9015)22-77,5,МолоКО,1,2528.36,471.64,CanCeLled,Проверить наличие,2024-05-23,5162460840581226
2029956135559,16.05.2024 04:31,миХАиЛ ОРлОв,+7(9015)22-77,5,МолОКо,5,14116.8,883.2,CanCELlED,Проверить наличие,2024-05-23,5162460840581226
2029956135559,16.05.2024 04:31,миХАиЛ ОРлОв,+7(9015)22-77,5,МоЛОкО,2,4938.41,1061.59,CaNcelled,Проверить наличие,2024-05-23,5162460840581226
2029956134771,21.05.2024 00:32,Ольга КУЗнеЦОва,+7(9658)99-07,2,игРУШкА мЯч,5,1489.47,10.53,prOCeSSiNG,Ждём с нетерпением!,20.05.2024,7287812957871347
2029956134771,21.05.2024 00:32,Ольга КУЗнеЦОва,+7(9658)99-07,1,кОрм дЛя СОБАк,5,2277.94,222.06,pROcEssInG,Ждём с нетерпением!,20.05.2024,7287812957871347
2029956134771,21.05.2024 00:32,Ольга КУЗнеЦОва,+7(9658)99-07,1,КорМ дЛЯ сОбАк,5,2038.89,461.11,procEssINg,Ждём с нетерпением!,20.05.2024,7287812957871347
2029956133584,16.05.2024 22:44,аЛексей МИхАйлОв,8(9351) 80-95,2,ИГРУШка мЯч,1,281.54,18.46,PrOCEsSING,Всё отлично!,02.05.2024,1433865391025678
2029956133584,16.05.2024 22:44,аЛексей МИхАйлОв,8(9351) 80-95,4,подпИсКа НА гАЗЕтУ,4,2213.64,186.36,ProCEssINg,Всё отлично!,02.05.2024,1433865391025678
2029956133584,16.05.2024 22:44,аЛексей МИхАйлОв,8(9351) 80-95,3,АМУНицИЯ ДлЯ сОБАк,5,5743.31,256.69,prOCEsSiNG,Всё отлично!,02.05.2024,1433865391025678
2029956133584,16.05.2024 22:44,аЛексей МИхАйлОв,8(9351) 80-95,2,ИгРУШка мяЧ,2,524.5,75.5,pROCEssIng,Всё отлично!,02.05.2024,1433865391025678
2029956133584,16.05.2024 22:44,аЛексей МИхАйлОв,8(9351) 80-95,1,КоРМ дЛЯ соБАК,5,2049.1,450.9,prOCESsINg,Всё отлично!,02.05.2024,1433865391025678
2029956132790,18.05.2024 14:55,АННА СмИрноВа,8(9502) 01-98,3,аМУнИция ДЛя СобАк,5,4850.93,1149.07,CANcelLEd,Нужно уточнить сроки,2024/05/18,2934570624441284
2029956132790,18.05.2024 14:55,АННА СмИрноВа,8(9502) 01-98,2,ИгрУшКА МЯч,4,1199.31,0.69,CAnCElLEd,Нужно уточнить сроки,2024/05/18,2934570624441284
2029956132790,18.05.2024 14:55,АННА СмИрноВа,8(9502) 01-98,5,моЛоКО,4,11852.48,147.52,canCellED,Нужно уточнить сроки,2024/05/18,2934570624441284
2029956132790,18.05.2024 14:55,АННА СмИрноВа,8(9502) 01-98,2,игрУШкА мЯч,2,485.08,114.92,canCelLeD,Нужно уточнить сроки,2024/05/18,2934570624441284
2029956132790,18.05.2024 14:55,АННА СмИрноВа,8(9502) 01-98,5,МолОкО,4,9985.61,2014.39,CaNcELlEd,Нужно уточнить сроки,2024/05/18,2934570624441284
2029956131710,2024-05-28 23:46:30,маРИя ПЕтРоВа,8(9794) 56-39,5,МОлОкО,5,14423.24,576.76,ComPLeteD,Ждём с нетерпением!,2024-05-18,0810324394844184
2029956131710,2024-05-28 23:46:30,маРИя ПЕтРоВа,8(9794) 56-39,1,коРм длЯ СОБАк,4,1893.15,106.85,comPLeTED,Ждём с нетерпением!,2024-05-18,0810324394844184
2029956131710,2024-05-28 23:46:30,маРИя ПЕтРоВа,8(9794) 56-39,4,ПоДпИскА нА ГазеТУ,4,2039.29,360.71,CoMPLeTEd,Ждём с нетерпением!,2024-05-18,0810324394844184
2029956130865,2024/05/29 22:40:37,МарИя пЕТрОВа,+7 9277 56 77,4,подПискА На ГАзетУ,2,1091.08,108.92,prOCEssinG,спасибо за заказ,2024/05/16,7106222943933466
2029956130865,2024/05/29 22:40:37,МарИя пЕТрОВа,+7 9277 56 77,2,иГРУшКА мЯЧ,1,255.22,44.78,prOcEssINg,спасибо за заказ,2024/05/16,7106222943933466
2029956129656,2024-05-04 16:21:42,МИХаИл Орлов,8(9796) 85-71,5,мОлОКО,3,7760.95,1239.05,ComplEted,Нужно уточнить сроки,14.05.2024,3400104941044816
2029956129656,2024-05-04 16:21:42,МИХаИл Орлов,8(9796) 85-71,5,МОлоКо,2,5978.27,21.73,COmPLeteD,Нужно уточнить сроки,14.05.2024,3400104941044816
2029956128578,2024-05-05 02:58:53,ИвАн ИВАнОв,8(9280) 67-49,5,МоЛОКО,2,4943.69,1056.31,PrOcEssING,Проверить наличие,2024/05/16,2514086099273973
2029956128578,2024-05-05 02:58:53,ИвАн ИВАнОв,8(9280) 67-49,3,амуНицИя длЯ СОбак,3,3173.82,426.18,PROCessING,Проверить наличие,2024/05/16,2514086099273973
2029956127942,2024-05-26 03:44:11,аННА сМиРноВА,+7 9851 55 18,4,пОдПИсКА на ГАзеТУ,3,1629.43,170.57,CaNcELlEd,подарок вовремя,2024/05/29,6819216837182973
2029956126276,14.05.2024 07:18,ОльгА КузНеЦОвА,+7 9091 71 45,2,игРУШКа мЯч,5,1321.94,178.06,compLEteD,"Задержка с доставкой, печалька...",24.05.2024,4640503349451232
2029956126276,14.05.2024 07:18,ОльгА КузНеЦОвА,+7 9091 71 45,1,Корм ДЛЯ сОбАК,2,808.35,191.65,Completed,"Задержка с доставкой, печалька...",24.05.2024,4640503349451232
2029956126276,14.05.2024 07:18,ОльгА КузНеЦОвА,+7 9091 71 45,4,пОДПисКА нА ГАЗЕту,5,2701.34,298.66,CompletED,"Задержка с доставкой, печалька...",24.05.2024,4640503349451232
2029956126276,14.05.2024 07:18,ОльгА КузНеЦОвА,+7 9091 71 45,2,ИГРуШкА мяЧ,1,243.08,56.92,cOmPLeTed,"Задержка с доставкой, печалька...",24.05.2024,4640503349451232
2029956126276,14.05.2024 07:18,ОльгА КузНеЦОвА,+7 9091 71 45,2,иГРушка мЯч,5,1260.72,239.28,comPlEted,"Задержка с доставкой, печалька...",24.05.2024,4640503349451232
2029956125659,21.05.2024 19:24,МиХаИЛ ОрЛоВ,+7(9681)47-63,4,подпИсКА НА гАЗЕту,2,1170.37,29.63,CANcelLED,подарок вовремя,2024/05/25,6460167872058312
2029956125659,21.05.2024 19:24,МиХаИЛ ОрЛоВ,+7(9681)47-63,3,АмУнИцИя дЛЯ СОБак,3,3005.49,594.51,CanCeLlEd,подарок вовремя,2024/05/25,6460167872058312
2029956125659,21.05.2024 19:24,МиХаИЛ ОрЛоВ,+7(9681)47-63,5,МоЛОКО,2,5730.57,269.43,CanceLlEd,подарок вовремя,2024/05/25,6460167872058312
2029956124540,17.05.2024 03:19,мАРИЯ пЕТРоВА,+7 9574 99 88,2,игРУШКа МЯЧ,1,247.06,52.94,CancELled,Проверить наличие,2024/05/16,7255859248141068
2029956124540,17.05.2024 03:19,мАРИЯ пЕТРоВА,+7 9574 99 88,1,КОРМ длЯ СоБАк,2,855.27,144.73,canCelLEd,Проверить наличие,2024/05/16,7255859248141068
2029956123814,2024-05-07 17:06:28,михаиЛ ОРлоВ,+7(9256)54-02,3,АмуНиЦиЯ ДЛя сОБАК,5,5530.33,469.67,pROcESsInG,"Задержка с доставкой, печалька...",2024/05/07,8558213977882851
2029956123814,2024-05-07 17:06:28,михаиЛ ОРлоВ,+7(9256)54-02,1,КоРм длЯ СобАК,3,1228.45,271.55,prOcESsIng,"Задержка с доставкой, печалька...",2024/05/07,8558213977882851
2029956122706,07.05.2024 11:22,михАИЛ ОРлов,+7 9092 57 92,5,мОлоКо,1,2617.22,382.78,prOceSSinG,подарок вовремя,2024-05-04,0924787915929323
2029956122706,07.05.2024 11:22,михАИЛ ОРлов,+7 9092 57 92,4,ПОдПиСкА на ГАЗеТу,1,509.29,90.71,prOcesSiNg,подарок вовремя,2024-05-04,0924787915929323
2029956122706,07.05.2024 11:22,михАИЛ ОРлов,+7 9092 57 92,5,мОЛОко,2,5431.66,568.34,proceSSING,подарок вовремя,2024-05-04,0924787915929323
2029956122706,07.05.2024 11:22,михАИЛ ОРлов,+7 9092 57 92,1,КОРм дЛя соБаК,1,436.06,63.94,PRocESSIng,подарок вовремя,2024-05-04,0924787915929323
2029956121496,2024/05/07 03:56:48,НАтАлЬя ВАсилЬева,+7(9770)92-75,5,МОлоКо,3,7379.07,1620.93,cOmpLeTeD,Ждём с нетерпением!,2024-05-18,2577027504414870
2029956120450,2024/05/28 08:49:22,МихАиЛ ОрлОв,+7(9522)87-57,2,ИГрУшКА МяЧ,4,990.72,209.28,caNCeLlEd,подарок вовремя,2024/05/18,5875668770706404
2029956120450,2024/05/28 08:49:22,МихАиЛ ОрлОв,+7(9522)87-57,3,АМУНИЦиЯ дЛЯ соБАК,4,4346.25,453.75,caNcElLeD,подарок вовремя,2024/05/18,5875668770706404
2029956119486,2024/05/18 12:38:17,иВаН ИвАноВ,+7 9174 69 03,2,игРушкА мяЧ,3,731.87,168.13,cANCELleD,"Задержка с доставкой, печалька...",2024/05/08,0807080238730573
2029956119486,2024/05/18 12:38:17,иВаН ИвАноВ,+7 9174 69 03,1,кОрМ ДЛя соБАК,3,1374.39,125.61,CaNCElLed,"Задержка с доставкой, печалька...",2024/05/08,0807080238730573
2029956119486,2024/05/18 12:38:17,иВаН ИвАноВ,+7 9174 69 03,3,АМУНИЦИЯ длЯ СОБак,1,980.04,219.96,cANcEllEd,"Задержка с доставкой, печалька...",2024/05/08,0807080238730573
2029956119486,2024/05/18 12:38:17,иВаН ИвАноВ,+7 9174 69 03,2,иГрУшка мяЧ,2,559.85,40.15,CancelLED,"Задержка с доставкой, печалька...",2024/05/08,0807080238730573
2029956118973,17.05.2024 18:26,еЛеНА НоВИКОВа,8(9340) 01-75,1,КОРМ ДЛЯ СОБак,5,2200.75,299.25,cOMplEteD,спасибо за заказ,2024-05-14,8297609862079337
2029956118973,17.05.2024 18:26,еЛеНА НоВИКОВа,8(9340) 01-75,2,иГРушКа Мяч,1,285.34,14.66,ComPLetED,спасибо за заказ,2024-05-14,8297609862079337
2029956118973,17.05.2024 18:26,еЛеНА НоВИКОВа,8(9340) 01-75,4,поДПИСКа на ГазеТу,2,1069.97,130.03,COmplETEd,спасибо за заказ,2024-05-14,8297609862079337
2029956117448,2024/05/09 07:21:26,дмИтриЙ куЗНЕЦОВ,+7 9478 20 34,1,корм ДЛя сОбак,5,2395.49,104.51,PROCEssiNg,"Задержка с доставкой, печалька...",04.05.2024,8497375910591965
2029956117448,2024/05/09 07:21:26,дмИтриЙ куЗНЕЦОВ,+7 9478 20 34,3,амуниЦИЯ для СобАк,3,2914.11,685.89,pRoceSsinG,"Задержка с доставкой, печалька...",04.05.2024,8497375910591965
2029956117448,2024/05/09 07:21:26,дмИтриЙ куЗНЕЦОВ,+7 9478 20 34,3,АмУнИция ДЛЯ СОБАК,2,2380.51,19.49,pRoCesSinG,"Задержка с доставкой, печалька...",04.05.2024,8497375910591965
2029956116946,2024/05/30 09:45:51,ДмитРИй куЗнЕЦов,8(9623) 63-00,3,АМуниЦиЯ дЛЯ СОБАК,2,2031.31,368.69,caNcelLeD,Всё отлично!,2024/05/14,5607832001326547
2029956116946,2024/05/30 09:45:51,ДмитРИй куЗнЕЦов,8(9623) 63-00,2,иГрУШКа Мяч,4,1124.92,75.08,cAnCELlEd,Всё отлично!,2024/05/14,5607832001326547
2029956116946,2024/05/30 09:45:51,ДмитРИй куЗнЕЦов,8(9623) 63-00,1,КОрМ Для сОБак,1,412.87,87.13,cancElLED,Всё отлично!,2024/05/14,5607832001326547
2029956116946,2024/05/30 09:45:51,ДмитРИй куЗнЕЦов,8(9623) 63-00,2,ИгруШка мяч,3,865.62,34.38,cANcELLEd,Всё отлично!,2024/05/14,5607832001326547
2029956116946,2024/05/30 09:45:51,ДмитРИй куЗнЕЦов,8(9623) 63-00,3,амунициЯ ДлЯ СОбаК,5,5219.9,780.1,CanCelLeD,Всё отлично!,2024/05/14,5607832001326547
2029956115570,18.05.2024 22:44,еЛеНа новикОва,8(9830) 86-77,3,АМунИциЯ дЛЯ СОБАк,1,1095.2,104.8,CanCellED,спасибо за заказ,2024-05-31,7979541753001461
2029956115570,18.05.2024 22:44,еЛеНа новикОва,8(9830) 86-77,5,Молоко,3,7628.54,1371.46,caNcELled,спасибо за заказ,2024-05-31,7979541753001461
2029956115570,18.05.2024 22:44,еЛеНа новикОва,8(9830) 86-77,4,ПоДПИска нА ГАзеТУ,4,2137.95,262.05,CANcELled,спасибо за заказ,2024-05-31,7979541753001461
2029956114597,08.05.2024 08:43,сеРгЕй сиДОроВ,8(9871) 34-22,5,моЛОКо,1,2627.01,372.99,ComPleTeD,подарок вовремя,04.05.2024,5979927715772492
2029956113171,2024/05/14 05:41:12,маРиЯ пЕТРоВа,8(9738) 44-80,3,АМУнИция дЛя Собак,5,5312.6,687.4,prOcESsING,Ждём с нетерпением!,2024-05-13,3106340995948103
2029956113171,2024/05/14 05:41:12,маРиЯ пЕТРоВа,8(9738) 44-80,2,игрушКА Мяч,3,720.87,179.13,pROcesSInG,Ждём с нетерпением!,2024-05-13,3106340995948103
2029956113171,2024/05/14 05:41:12,маРиЯ пЕТРоВа,8(9738) 44-80,3,АмУНИцИЯ ДлЯ Собак,3,2998.83,601.17,PRoCessiNg,Ждём с нетерпением!,2024-05-13,3106340995948103
2029956113171,2024/05/14 05:41:12,маРиЯ пЕТРоВа,8(9738) 44-80,2,игруШкА мЯч,4,1079.63,120.37,pROCESsINg,Ждём с нетерпением!,2024-05-13,3106340995948103
2029956113171,2024/05/14 05:41:12,маРиЯ пЕТРоВа,8(9738) 44-80,2,ИГРУшка мЯЧ,2,596.88,3.12,PrOcEsSiNG,Ждём с нетерпением!,2024-05-13,3106340995948103
2029956112275,2024-05-12 00:39:24,аЛеКСЕй МИхАйЛОв,+7 9068 38 58,1,корМ дЛЯ СОбаК,5,2011.92,488.08,ComPleteD,подарок вовремя,03.05.2024,5622359830928244
2029956111901,12.05.2024 21:49,аЛЕкСей МИхАЙЛов,8(9554) 52-42,5,мОЛоКО,5,14773.91,226.09,cANcELlED,спасибо за заказ,2024/05/27,1104953579014618
2029956111901,12.05.2024 21:49,аЛЕкСей МИхАЙЛов,8(9554) 52-42,2,ИгРУШка мЯЧ,5,1429.84,70.16,CAncElleD,спасибо за заказ,2024/05/27,1104953579014618
2029956111901,12.05.2024 21:49,аЛЕкСей МИхАЙЛов,8(9554) 52-42,1,КоРМ длЯ сОБаК,4,1796.89,203.11,CAnceLLeD,спасибо за заказ,2024/05/27,1104953579014618
2029956111901,12.05.2024 21:49,аЛЕкСей МИхАЙЛов,8(9554) 52-42,4,пОДписКА НА гаЗЕТУ,5,2741.72,258.28,cANCEllEd,спасибо за заказ,2024/05/27,1104953579014618
2029956110754,2024-05-28 19:34:51,мАриЯ ПЕТРОва,8(9781) 50-14,5,мОлОКО,2,5737.13,262.87,canCellED,подарок вовремя,02.05.2024,7108068384446658
2029956110754,2024-05-28 19:34:51,мАриЯ ПЕТРОва,8(9781) 50-14,3,аМУНИцИя ДЛЯ СОБАк,2,1952.77,447.23,CAnCELled,подарок вовремя,02.05.2024,7108068384446658
2029956110754,2024-05-28 19:34:51,мАриЯ ПЕТРОва,8(9781) 50-14,4,ПОдПискА На гаЗЕтУ,3,1649.12,150.88,CAnCeLLED,подарок вовремя,02.05.2024,7108068384446658
2029956109963,23.05.2024 14:34,анНа СМИрнОвА,8(9909) 37-12,5,моЛокО,3,8137.69,862.31,ProCEsSInG,Ждём с нетерпением!,2024-05-24,7240274388377920
2029956109963,23.05.2024 14:34,анНа СМИрнОвА,8(9909) 37-12,1,корМ ДЛЯ собАК,5,2353.48,146.52,procESSING,Ждём с нетерпением!,2024-05-24,7240274388377920
2029956108816,07.05.2024 17:21,аЛЕКСеЙ МИХАЙЛОВ,+7(9043)91-85,5,МоЛоКо,5,12264.6,2735.4,pROCESSing,Ждём с нетерпением!,31.05.2024,2354257717179852
2029956107184,2024/05/17 14:22:59,сЕрГей сИдорОВ,+7(9237)81-84,2,игРуШКА МяЧ,1,255.89,44.11,pRoceSSiNg,Проверить наличие,11.05.2024,1346076573360521
2029956107184,2024/05/17 14:22:59,сЕрГей сИдорОВ,+7(9237)81-84,5,МоЛокО,4,10203.89,1796.11,pROCesSING,Проверить наличие,11.05.2024,1346076573360521
2029956107184,2024/05/17 14:22:59,сЕрГей сИдорОВ,+7(9237)81-84,1,КорМ ДлЯ СоБАК,4,1805.94,194.06,ProcESSing,Проверить наличие,11.05.2024,1346076573360521
2029956107184,2024/05/17 14:22:59,сЕрГей сИдорОВ,+7(9237)81-84,4,пОДпиСКа На ГАзЕТУ,4,2005.05,394.95,PROCESsIng,Проверить наличие,11.05.2024,1346076573360521
2029956106165,17.05.2024 01:34,НАТалья ваСИльЕВА,+7(9706)90-21,1,КорМ для собАК,2,858.23,141.77,cANCeLled,"Задержка с доставкой, печалька...",2024-05-28,5552528904144418
2029956106165,17.05.2024 01:34,НАТалья ваСИльЕВА,+7(9706)90-21,1,кОРМ для СобаК,3,1459.73,40.27,CANCELlED,"Задержка с доставкой, печалька...",2024-05-28,5552528904144418
2029956105413,24.05.2024 23:37,АНнА смИРноВа,+7(9501)72-33,1,КОРм дЛя собАК,4,1711.2,288.8,CaNCELled,Нужно уточнить сроки,09.05.2024,4140826085698907
2029956105413,24.05.2024 23:37,АНнА смИРноВа,+7(9501)72-33,4,ПОдПискА НА гАзЕтУ,3,1631.26,168.74,caNCElLEd,Нужно уточнить сроки,09.05.2024,4140826085698907
2029956105413,24.05.2024 23:37,АНнА смИРноВа,+7(9501)72-33,2,ИгРУшка мЯЧ,1,266.55,33.45,caNCelLEd,Нужно уточнить сроки,09.05.2024,4140826085698907
2029956105413,24.05.2024 23:37,АНнА смИРноВа,+7(9501)72-33,2,ИГРуШкА МяЧ,1,251.89,48.11,cAnCELlEd,Нужно уточнить сроки,09.05.2024,4140826085698907
2029956104583,2024-05-14 23:26:28,аЛЕксЕЙ мИхАЙлОВ,+7 9189 43 92,4,ПоДпиСкА нА газетУ,2,1186.6,13.4,pRoCEssing,Ждём с нетерпением!,2024-05-08,9478467940346365
2029956103429,2024-05-29 00:59:35,АнНА сМирнова,8(9042) 30-98,4,ПОДпиСКА На ГАЗеТу,4,2076.1,323.9,cAnCELLED,Нужно уточнить сроки,04.05.2024,9801920166157567
2029956103429,2024-05-29 00:59:35,АнНА сМирнова,8(9042) 30-98,1,КорМ ДлЯ сОбаК,1,423.68,76.32,cAnCeLLED,Нужно уточнить сроки,04.05.2024,9801920166157567
2029956103429,2024-05-29 00:59:35,АнНА сМирнова,8(9042) 30-98,5,молОкО,4,9885.72,2114.28,cANCeLlEd,Нужно уточнить сроки,04.05.2024,9801920166157567
2029956103429,2024-05-29 00:59:35,АнНА сМирнова,8(9042) 30-98,1,КОрм дЛЯ собак,5,2468.89,31.11,cAnCELlEd,Нужно уточнить сроки,04.05.2024,9801920166157567
2029956103429,2024-05-29 00:59:35,АнНА сМирнова,8(9042) 30-98,3,АмуниЦия Для СОбак,5,5644.54,355.46,caNCeLLed,Нужно уточнить сроки,04.05.2024,9801920166157567
2029956102567,17.05.2024 22:40,НАТаЛья ВаСИЛьЕвА,8(9478) 41-59,5,мОЛоко,2,4889.61,1110.39,CAncElLEd,спасибо за заказ,2024-05-02,0424175699505077
2029956102567,17.05.2024 22:40,НАТаЛья ВаСИЛьЕвА,8(9478) 41-59,5,мОлоКО,2,5551.35,448.65,cANCElleD,спасибо за заказ,2024-05-02,0424175699505077
2029956102567,17.05.2024 22:40,НАТаЛья ВаСИЛьЕвА,8(9478) 41-59,3,аМУНИЦИЯ длЯ СоБАк,5,4813.35,1186.65,CanCeLLeD,спасибо за заказ,2024-05-02,0424175699505077
2029956102567,17.05.2024 22:40,НАТаЛья ВаСИЛьЕвА,8(9478) 41-59,2,ИГРУШкА МЯч,4,1032.85,167.15,CAncelLed,спасибо за заказ,2024-05-02,0424175699505077
2029956101253,14.05.2024 04:15,иВан ИВаНов,8(9234) 39-80,3,аМУНИЦИя ДЛя Собак,5,5115.6,884.4,CoMPLEtEd,Нужно уточнить сроки,2024/05/17,5132839055289914
2029956100832,2024-05-03 15:43:42,сЕргеЙ сИДоров,+7(9598)21-04,3,АмУНИЦия Для сОбак,5,5581.88,418.12,CoMpLeted,подарок вовремя,03.05.2024,6156193077595842
2029956099201,2024-05-21 06:46:42,НаТАЛЬЯ ВасиЛьеВа,8(9220) 00-11,2,игруШКа МЯч,1,266.42,33.58,PrOceSSING,Нужно уточнить сроки,2024-05-03,5931566704762138
2029956099201,2024-05-21 06:46:42,НаТАЛЬЯ ВасиЛьеВа,8(9220) 00-11,5,мОлОко,4,9689.15,2310.85,ProCessing,Нужно уточнить сроки,2024-05-03,5931566704762138
2029956099201,2024-05-21 06:46:42,НаТАЛЬЯ ВасиЛьеВа,8(9220) 00-11,3,амунИЦия длЯ сОбАК,1,1176.29,23.71,pRocEssINg,Нужно уточнить сроки,2024-05-03,5931566704762138
2029956098539,2024-05-11 14:23:20,СергЕЙ СиДороВ,+7 9013 13 54,2,иГруШКА мЯЧ,1,289.69,10.31,COmpLETed,спасибо за заказ,06.05.2024,2117093638655749
2029956098539,2024-05-11 14:23:20,СергЕЙ СиДороВ,+7 9013 13 54,5,МолокО,3,7439.54,1560.46,cOmPLEtEd,спасибо за заказ,06.05.2024,2117093638655749
2029956098539,2024-05-11 14:23:20,СергЕЙ СиДороВ,+7 9013 13 54,1,Корм дЛя сОбАК,4,1649.39,350.61,COmPLeTED,спасибо за заказ,06.05.2024,2117093638655749
2029956098539,2024-05-11 14:23:20,СергЕЙ СиДороВ,+7 9013 13 54,1,КОРм ДЛя СОбАК,1,421.5,78.5,COmpLeTeD,спасибо за заказ,06.05.2024,2117093638655749
2029956097721,2024-05-27 02:02:30,ОЛьГА кузНеЦовА,+7 9553 94 74,2,ИГРУШка МЯч,4,995.65,204.35,cOMPlETeD,Ждём с нетерпением!,2024-05-03,4837379429565763
2029956096334,29.05.2024 09:55,МарИя пеТрОва,+7 9945 38 13,2,иГРушКА мяч,4,1128.66,71.34,pRoceSSing,Ждём с нетерпением!,24.05.2024,8305250284688727
2029956096334,29.05.2024 09:55,МарИя пеТрОва,+7 9945 38 13,5,моЛокО,5,12112.24,2887.76,proCEssinG,Ждём с нетерпением!,24.05.2024,8305250284688727
2029956096334,29.05.2024 09:55,МарИя пеТрОва,+7 9945 38 13,1,КоРМ дЛЯ СОбАК,4,1926.66,73.34,pRocESSinG,Ждём с нетерпением!,24.05.2024,8305250284688727
2029956096334,29.05.2024 09:55,МарИя пеТрОва,+7 9945 38 13,5,МоЛокО,5,14697.41,302.59,PRoceSSInG,Ждём с нетерпением!,24.05.2024,8305250284688727
2029956096334,29.05.2024 09:55,МарИя пеТрОва,+7 9945 38 13,3,амуНицИя ДЛЯ СоБАК,4,4417.68,382.32,PrOceSsinG,Ждём с нетерпением!,24.05.2024,8305250284688727
2029956351527,2024-05-22 10:49:55,СЕрГЕй сидОРов,+7(9485)19-97,4,ПОДпиСКа НА гаЗЕту,2,1049.75,150.25,procEssing,Нужно уточнить сроки,28.05.2024,3418177092475681
2029956351527,2024-05-22 10:49:55,СЕрГЕй сидОРов,+7(9485)19-97,2,ИгрУшКа МЯЧ,4,1157.13,42.87,PrOceSsInG,Нужно уточнить сроки,28.05.2024,3418177092475681
2029956351527,2024-05-22 10:49:55,СЕрГЕй сидОРов,+7(9485)19-97,1,коРм дЛя СобАк,5,2072.2,427.8,pROCESsiNG,Нужно уточнить сроки,28.05.2024,3418177092475681
2029956350334,31.05.2024 08:01,еЛенА новИКовА,+7 9904 19 09,5,мОЛОко,2,4888.78,1111.22,PrOcESsInG,Нужно уточнить сроки,21.05.2024,0144913542065983
2029956349268,2024-05-23 16:14:23,АЛексей миХАЙлОВ,8(9866) 64-40,1,кОРМ ДлЯ СОБАк,4,1603.96,396.04,COmPLeTEd,Проверить наличие,27.05.2024,6596235637361973
2029956348566,2024/05/14 21:14:26,Михаил оРЛоВ,+7 9607 34 45,4,подпИСКа нА ГазеТу,2,1121.48,78.52,cancElLeD,"Задержка с доставкой, печалька...",24.05.2024,9586449600995800
2029956348566,2024/05/14 21:14:26,Михаил оРЛоВ,+7 9607 34 45,3,амуНИЦия дЛя соБАк,3,3516.8,83.2,CANcElLeD,"Задержка с доставкой, печалька...",24.05.2024,9586449600995800
2029956348566,2024/05/14 21:14:26,Михаил оРЛоВ,+7 9607 34 45,4,ПодпиСКА на ГАЗеТУ,3,1751.99,48.01,CANCELled,"Задержка с доставкой, печалька...",24.05.2024,9586449600995800
2029956348566,2024/05/14 21:14:26,Михаил оРЛоВ,+7 9607 34 45,3,амунИцИя дЛя СОБАк,2,2048.74,351.26,CaNceLLED,"Задержка с доставкой, печалька...",24.05.2024,9586449600995800
2029956347735,26.05.2024 11:18,михАИл орЛов,+7 9611 61 78,1,КОрМ дЛЯ СоБаК,3,1262.41,237.59,caNceLleD,Нужно уточнить сроки,10.05.2024,0172241954269177
2029956347735,26.05.2024 11:18,михАИл орЛов,+7 9611 61 78,2,ИгрУшКа МяЧ,3,742.98,157.02,CanCElLEd,Нужно уточнить сроки,10.05.2024,0172241954269177
2029956347735,26.05.2024 11:18,михАИл орЛов,+7 9611 61 78,1,корм для сОБаК,4,1727.34,272.66,caNcEllED,Нужно уточнить сроки,10.05.2024,0172241954269177
2029956346276,2024/05/28 04:56:47,ОлЬГа КузнЕЦОВА,8(9233) 87-99,1,КоРМ ДЛЯ сОбаК,3,1278.83,221.17,PROcEssInG,спасибо за заказ,2024/05/13,0742541337716497
2029956346276,2024/05/28 04:56:47,ОлЬГа КузнЕЦОВА,8(9233) 87-99,1,КОРм длЯ сОБАк,3,1484.8,15.2,prOCessInG,спасибо за заказ,2024/05/13,0742541337716497
2029956345330,2024-05-12 04:06:55,ИВан ИвАнОВ,+7(9560)84-86,1,корМ дЛя СобАк,2,842.35,157.65,cAncElLEd,спасибо за заказ,27.05.2024,4121021818807647
2029956345330,2024-05-12 04:06:55,ИВан ИвАнОВ,+7(9560)84-86,5,МОлоКО,3,8001.02,998.98,cancELLED,спасибо за заказ,27.05.2024,4121021818807647
2029956345330,2024-05-12 04:06:55,ИВан ИвАнОВ,+7(9560)84-86,4,пОдПисКА На гАзеТУ,3,1552.91,247.09,CaNceLlED,спасибо за заказ,27.05.2024,4121021818807647
2029956344219,2024/05/07 00:52:40,НатАЛЬЯ вАсиЛЬеВА,+7(9257)14-31,5,МОЛОко,2,4896.41,1103.59,COMplETed,спасибо за заказ,04.05.2024,8719686959976875
2029956343326,2024-05-20 09:52:41,МаРиЯ пЕтРОва,+7 9665 99 65,4,ПОДПискА На ГазЕту,2,1164.02,35.98,CoMpletEd,спасибо за заказ,27.05.2024,6123344605065439
2029956343326,2024-05-20 09:52:41,МаРиЯ пЕтРОва,+7 9665 99 65,1,КОрм ДЛЯ СОБаК,4,1620.15,379.85,cOmpLeted,спасибо за заказ,27.05.2024,6123344605065439
2029956343326,2024-05-20 09:52:41,МаРиЯ пЕтРОва,+7 9665 99 65,2,ИгРуШКа мЯч,4,1092.83,107.17,CoMPleteD,спасибо за заказ,27.05.2024,6123344605065439
2029956343326,2024-05-20 09:52:41,МаРиЯ пЕтРОва,+7 9665 99 65,3,аМУНИЦИЯ дЛЯ сОбаК,1,1173.73,26.27,cOMPLetED,спасибо за заказ,27.05.2024,6123344605065439
2029956342231,2024-05-23 12:31:20,ОлЬГА КУЗнЕЦОВа,+7(9514)47-84,2,иГРУшКА мяЧ,4,1181.17,18.83,caNCeLLed,"Задержка с доставкой, печалька...",2024/05/31,4164716643771576
2029956342231,2024-05-23 12:31:20,ОлЬГА КУЗнЕЦОВа,+7(9514)47-84,5,МоЛоКо,2,4986.8,1013.2,cAncElLeD,"Задержка с доставкой, печалька...",2024/05/31,4164716643771576
2029956342231,2024-05-23 12:31:20,ОлЬГА КУЗнЕЦОВа,+7(9514)47-84,1,КОрм ДЛЯ соБак,5,2459.28,40.72,cAnCElLed,"Задержка с доставкой, печалька...",2024/05/31,4164716643771576
2029956342231,2024-05-23 12:31:20,ОлЬГА КУЗнЕЦОВа,+7(9514)47-84,5,МолОКО,5,12915.22,2084.78,caNcelLed,"Задержка с доставкой, печалька...",2024/05/31,4164716643771576
2029956342231,2024-05-23 12:31:20,ОлЬГА КУЗнЕЦОВа,+7(9514)47-84,5,МоЛОКО,3,7302.89,1697.11,CAncellEd,"Задержка с доставкой, печалька...",2024/05/31,4164716643771576
2029956341652,18.05.2024 17:20,аЛЕксЕй мИХАЙлОв,8(9776) 39-31,2,игрушка МЯЧ,1,251.64,48.36,caNcELled,спасибо за заказ,24.05.2024,5964782325447866
2029956341652,18.05.2024 17:20,аЛЕксЕй мИХАЙлОв,8(9776) 39-31,2,иГрУшкА Мяч,5,1231.99,268.01,cAncELLed,спасибо за заказ,24.05.2024,5964782325447866
2029956341652,18.05.2024 17:20,аЛЕксЕй мИХАЙлОв,8(9776) 39-31,3,амУниЦИя длЯ соБАк,3,3057.14,542.86,cANCelLeD,спасибо за заказ,24.05.2024,5964782325447866
2029956340186,2024/05/17 06:50:41,МИХАИЛ орлоВ,8(9431) 10-36,2,игРУШКА мЯч,4,1022.97,177.03,pROCesSiNg,спасибо за заказ,2024/05/12,6410358910663876
2029956340186,2024/05/17 06:50:41,МИХАИЛ орлоВ,8(9431) 10-36,1,КоРм ДлЯ сОБАК,3,1377.91,122.09,PROceSSING,спасибо за заказ,2024/05/12,6410358910663876
2029956340186,2024/05/17 06:50:41,МИХАИЛ орлоВ,8(9431) 10-36,4,ПОдПИСкА на ГАЗЕтУ,3,1731.27,68.73,ProcEssiNg,спасибо за заказ,2024/05/12,6410358910663876
2029956340186,2024/05/17 06:50:41,МИХАИЛ орлоВ,8(9431) 10-36,1,КоРМ для сОБак,5,2207.04,292.96,prOCESSiNg,спасибо за заказ,2024/05/12,6410358910663876
2029956340186,2024/05/17 06:50:41,МИХАИЛ орлоВ,8(9431) 10-36,3,АМуНИцИя ДлЯ сОБак,1,1008.84,191.16,PRoCeSSiNG,спасибо за заказ,2024/05/12,6410358910663876
2029956339574,2024-05-07 12:14:45,МаРия петроВА,+7 9937 01 82,5,моЛОко,4,10319.49,1680.51,CancELlEd,спасибо за заказ,2024-05-17,4334563134986805
2029956339574,2024-05-07 12:14:45,МаРия петроВА,+7 9937 01 82,2,ИГРУШКа мяч,2,597.99,2.01,CanCellEd,спасибо за заказ,2024-05-17,4334563134986805
2029956339574,2024-05-07 12:14:45,МаРия петроВА,+7 9937 01 82,4,пОДПИскА НА ГазЕтУ,2,1162.98,37.02,CaNCELleD,спасибо за заказ,2024-05-17,4334563134986805
2029956339574,2024-05-07 12:14:45,МаРия петроВА,+7 9937 01 82,4,поДписка нА гАЗеТУ,5,2974.53,25.47,CAnCELLeD,спасибо за заказ,2024-05-17,4334563134986805
2029956338147,13.05.2024 09:23,нАТаЛЬя ВаСильеВа,+7(9027)99-66,2,иГрушКа Мяч,5,1418.77,81.23,PROCEssinG,Проверить наличие,12.05.2024,7682921079293207
2029956338147,13.05.2024 09:23,нАТаЛЬя ВаСильеВа,+7(9027)99-66,1,КОРм Для СоБАК,2,835.26,164.74,ProceSSINg,Проверить наличие,12.05.2024,7682921079293207
2029956338147,13.05.2024 09:23,нАТаЛЬя ВаСильеВа,+7(9027)99-66,2,ИгрУшка МЯч,1,280.84,19.16,PrOCessing,Проверить наличие,12.05.2024,7682921079293207
2029956337129,2024-05-02 03:55:08,аЛеКсей МИХАйлоВ,+7 9730 79 64,1,кОРМ дЛя сОБАК,5,2360.08,139.92,CAnCellED,Всё отлично!,07.05.2024,3675558206930122
2029956337129,2024-05-02 03:55:08,аЛеКсей МИХАйлоВ,+7 9730 79 64,4,ПОдПИсКа На Газету,4,2151.56,248.44,cANCEllEd,Всё отлично!,07.05.2024,3675558206930122
2029956336953,2024-05-30 19:33:51,СЕрГЕЙ сИДорОв,+7 9956 54 09,2,ИГрУшКа МяЧ,5,1245.02,254.98,caNcellEd,Проверить наличие,21.05.2024,9630703440778415
2029956336953,2024-05-30 19:33:51,СЕрГЕЙ сИДорОв,+7 9956 54 09,4,подпИСКа на гАзетУ,1,574.39,25.61,caNCELleD,Проверить наличие,21.05.2024,9630703440778415
2029956336953,2024-05-30 19:33:51,СЕрГЕЙ сИДорОв,+7 9956 54 09,1,КоРм ДЛЯ сОБАК,2,985.71,14.29,CAnCElLeD,Проверить наличие,21.05.2024,9630703440778415
2029956335388,25.05.2024 22:11,аЛексей МиХАйлоВ,+7 9875 31 20,2,иГРуШкА мяч,2,492.55,107.45,comPlETed,"Задержка с доставкой, печалька...",29.05.2024,7270541010595621
2029956335388,25.05.2024 22:11,аЛексей МиХАйлоВ,+7 9875 31 20,3,АМунИциЯ дЛя соБАк,3,3117.12,482.88,COmpLeTed,"Задержка с доставкой, печалька...",29.05.2024,7270541010595621
2029956334642,2024/05/06 08:39:53,анНА смИрНОва,8(9992) 54-26,3,аМУнИцИЯ Для СОБАК,1,1155.37,44.63,pRocessINg,Проверить наличие,2024/05/17,6366758612917851
2029956334642,2024/05/06 08:39:53,анНА смИрНОва,8(9992) 54-26,3,аМунИЦиЯ длЯ СОБАк,1,1024.49,175.51,prOceSSING,Проверить наличие,2024/05/17,6366758612917851
2029956334642,2024/05/06 08:39:53,анНА смИрНОва,8(9992) 54-26,3,аМуНиЦиЯ ДЛЯ СОбАК,2,2255.4,144.6,pRoCEsSiNg,Проверить наличие,2024/05/17,6366758612917851
2029956334642,2024/05/06 08:39:53,анНА смИрНОва,8(9992) 54-26,2,ИгрУШка мЯЧ,5,1393.9,106.1,PRoCeSSInG,Проверить наличие,2024/05/17,6366758612917851
2029956334642,2024/05/06 08:39:53,анНА смИрНОва,8(9992) 54-26,4,ПОДПИСКа на газеТу,1,524.57,75.43,PRoCeSSiNg,Проверить наличие,2024/05/17,6366758612917851
2029956333664,2024-05-09 21:52:41,ДМИТРИЙ куЗнЕцОВ,8(9243) 63-73,1,КОрм дЛя СоБак,3,1306.71,193.29,cANCelLeD,Нужно уточнить сроки,22.05.2024,3570171804623506
2029956333664,2024-05-09 21:52:41,ДМИТРИЙ куЗнЕцОВ,8(9243) 63-73,2,ИгрУшка мяч,1,282.57,17.43,caNCeLLEd,Нужно уточнить сроки,22.05.2024,3570171804623506
2029956332757,26.05.2024 09:48,аЛЕКсЕЙ мИхаЙЛоВ,+7 9368 78 77,1,коРМ ДЛя СоБАК,2,989.94,10.06,CaNcelleD,Проверить наличие,2024-05-06,1829062688207091
2029956332757,26.05.2024 09:48,аЛЕКсЕЙ мИхаЙЛоВ,+7 9368 78 77,2,иГрУШКА Мяч,5,1222.99,277.01,CanCElLeD,Проверить наличие,2024-05-06,1829062688207091
2029956332757,26.05.2024 09:48,аЛЕКсЕЙ мИхаЙЛоВ,+7 9368 78 77,1,коРМ для СобаК,2,959.1,40.9,cAncELLeD,Проверить наличие,2024-05-06,1829062688207091
2029956331859,19.05.2024 03:41,сЕргеЙ сиДОрОВ,+7(9364)31-43,4,ПОдпИсКа НА гАЗЕТУ,3,1519.78,280.22,pRocEssing,Всё отлично!,2024/05/30,0212326451586273
2029956331859,19.05.2024 03:41,сЕргеЙ сиДОрОВ,+7(9364)31-43,3,аМУнИциЯ длЯ сОбАК,2,2067.54,332.46,PROCEsSiNg,Всё отлично!,2024/05/30,0212326451586273
2029956331859,19.05.2024 03:41,сЕргеЙ сиДОрОВ,+7(9364)31-43,2,ИГрушКА мЯЧ,5,1482.59,17.41,PRocESsiNG,Всё отлично!,2024/05/30,0212326451586273
2029956331859,19.05.2024 03:41,сЕргеЙ сиДОрОВ,+7(9364)31-43,5,мОлокО,4,11337.6,662.4,prOCeSSiNg,Всё отлично!,2024/05/30,0212326451586273
2029956331859,19.05.2024 03:41,сЕргеЙ сиДОрОВ,+7(9364)31-43,2,игРУШКА МЯч,1,261.76,38.24,prOCESsIng,Всё отлично!,2024/05/30,0212326451586273
2029956330938,2024/05/14 03:02:57,иВан ИВаНОв,+7(9374)67-91,3,аМУнИцИя ДЛЯ сОБАк,1,1194.98,5.02,pRoceSSIng,Проверить наличие,2024-05-11,9028644448012036
2029956330938,2024/05/14 03:02:57,иВан ИВаНОв,+7(9374)67-91,1,КОрМ дЛЯ СОБаК,2,931.76,68.24,PrOCESsing,Проверить наличие,2024-05-11,9028644448012036
2029956329770,2024-05-18 11:57:35,ОльГА кузнецовА,+7(9829)79-15,5,мОлоко,1,2950.38,49.62,cOmPlEtED,спасибо за заказ,2024-05-19,5749028948695175
2029956329770,2024-05-18 11:57:35,ОльГА кузнецовА,+7(9829)79-15,2,игрУшКА Мяч,1,249.21,50.79,CoMPLETed,спасибо за заказ,2024-05-19,5749028948695175
2029956329770,2024-05-18 11:57:35,ОльГА кузнецовА,+7(9829)79-15,5,мОлоКО,4,11585.79,414.21,comPLEtEd,спасибо за заказ,2024-05-19,5749028948695175
2029956328357,27.05.2024 19:14,сергЕй сИДОРоВ,+7 9771 16 35,4,ПодПискА нА ГАзЕТу,4,2088.73,311.27,PRocEssiNg,спасибо за заказ,2024-05-26,3085740191972405
2029956327136,2024-05-24 06:03:18,ДмИтриЙ куЗНеЦОв,+7(9606)62-15,2,иГРушкА мяч,4,1097.88,102.12,pROcessInG,Нужно уточнить сроки,2024/05/01,9491941682102876
2029956327136,2024-05-24 06:03:18,ДмИтриЙ куЗНеЦОв,+7(9606)62-15,2,ИгРуШка МЯч,5,1344.77,155.23,PROcEsSInG,Нужно уточнить сроки,2024/05/01,9491941682102876
2029956327136,2024-05-24 06:03:18,ДмИтриЙ куЗНеЦОв,+7(9606)62-15,1,кОРм дЛя соБак,5,2425.3,74.7,PrOcESsINg,Нужно уточнить сроки,2024/05/01,9491941682102876
2029956327136,2024-05-24 06:03:18,ДмИтриЙ куЗНеЦОв,+7(9606)62-15,1,КОРм дЛя сОбаК,4,1730.89,269.11,PrOCEsSIng,Нужно уточнить сроки,2024/05/01,9491941682102876
2029956326440,2024/05/31 01:02:35,МАРиЯ пеТрОвА,8(9680) 10-25,4,пОДПИскА НА ГАЗЕТу,1,571.29,28.71,CANCelLED,Проверить наличие,02.05.2024,5448146966936179
2029956325730,19.05.2024 05:53,миХАИл орлов,8(9792) 22-05,5,моЛОКо,4,10184.09,1815.91,coMplEted,Проверить наличие,2024/05/05,3554564302343689
2029956324464,19.05.2024 23:07,НАтАлЬЯ ваСиЛьЕВа,8(9563) 68-00,3,аМУнИЦИя Для СобАк,4,4132.42,667.58,ProcESSiNg,Проверить наличие,2024-05-08,0524149952132250
2029956324464,19.05.2024 23:07,НАтАлЬЯ ваСиЛьЕВа,8(9563) 68-00,2,иГрушкА МЯЧ,2,485.05,114.95,pROCEssINg,Проверить наличие,2024-05-08,0524149952132250
2029956323855,2024/05/30 15:39:53,СеРгеЙ СИДОРОВ,+7 9322 13 10,3,АМУНИцИя Для сОбАК,3,3093.7,506.3,cancelLED,Нужно уточнить сроки,2024-05-15,1248106132651394
2029956323855,2024/05/30 15:39:53,СеРгеЙ СИДОРОВ,+7 9322 13 10,1,КорМ ДлЯ собАК,5,2303.67,196.33,CANCELlEd,Нужно уточнить сроки,2024-05-15,1248106132651394
2029956323855,2024/05/30 15:39:53,СеРгеЙ СИДОРОВ,+7 9322 13 10,4,пОдПиСка нА ГазЕту,3,1540.47,259.53,CanceLleD,Нужно уточнить сроки,2024-05-15,1248106132651394
2029956323855,2024/05/30 15:39:53,СеРгеЙ СИДОРОВ,+7 9322 13 10,1,КорМ Для СОбАк,3,1436.71,63.29,cANcelleD,Нужно уточнить сроки,2024-05-15,1248106132651394
2029956323855,2024/05/30 15:39:53,СеРгеЙ СИДОРОВ,+7 9322 13 10,4,пОдПИсКа на ГаЗету,3,1470.32,329.68,CaNCELled,Нужно уточнить сроки,2024-05-15,1248106132651394
2029956322714,03.05.2024 23:35,аЛексей МИХАЙЛОВ,8(9093) 79-14,4,пОдПИСКа На ГазЕТУ,2,1143.88,56.12,cAnCeLLed,подарок вовремя,2024/05/19,9731954152466950
2029956322714,03.05.2024 23:35,аЛексей МИХАЙЛОВ,8(9093) 79-14,1,КОрм ДлЯ сОБАК,5,2419.68,80.32,CaNcElLed,подарок вовремя,2024/05/19,9731954152466950
2029956322714,03.05.2024 23:35,аЛексей МИХАЙЛОВ,8(9093) 79-14,4,поДпИска нА ГаЗету,4,1954.13,445.87,CAnCElLed,подарок вовремя,2024/05/19,9731954152466950
2029956322714,03.05.2024 23:35,аЛексей МИХАЙЛОВ,8(9093) 79-14,2,ИгруШкА мЯЧ,4,1076.37,123.63,caNcelLeD,подарок вовремя,2024/05/19,9731954152466950
2029956321676,2024-05-01 17:55:22,аннА СМиРнОВА,+7 9073 28 98,2,ИгрУШка мЯЧ,4,1155.0,45.0,caNCELleD,Нужно уточнить сроки,24.05.2024,8479301654175625
2029956321676,2024-05-01 17:55:22,аннА СМиРнОВА,+7 9073 28 98,5,МоЛоко,1,2968.04,31.96,caNcELled,Нужно уточнить сроки,24.05.2024,8479301654175625
2029956321676,2024-05-01 17:55:22,аннА СМиРнОВА,+7 9073 28 98,3,аМуНиЦИя дЛя сОБаК,5,5676.11,323.89,CanCeLlEd,Нужно уточнить сроки,24.05.2024,8479301654175625
2029956320261,20.05.2024 21:04,ДМИтРИй кузнеЦОв,8(9299) 39-99,4,пОДписКА на ГАЗетУ,2,969.72,230.28,CAnCELlED,Ждём с нетерпением!,26.05.2024,1990669328977129
2029956320261,20.05.2024 21:04,ДМИтРИй кузнеЦОв,8(9299) 39-99,3,АмУНиция ДЛя СобАк,3,3557.15,42.85,cAnCELlED,Ждём с нетерпением!,26.05.2024,1990669328977129
2029956320261,20.05.2024 21:04,ДМИтРИй кузнеЦОв,8(9299) 39-99,2,ИгРУШка Мяч,4,1059.15,140.85,CAncelLed,Ждём с нетерпением!,26.05.2024,1990669328977129
2029956320261,20.05.2024 21:04,ДМИтРИй кузнеЦОв,8(9299) 39-99,4,ПОДпИсКА нА ГаЗЕТУ,5,2559.8,440.2,cancELlEd,Ждём с нетерпением!,26.05.2024,1990669328977129
2029956319327,2024/05/24 14:37:07,СЕргЕй СидОрОВ,+7 9625 41 15,5,мОЛОКо,2,4832.59,1167.41,proCeSSiNG,Всё отлично!,2024-05-01,3733893849428954
2029956318133,20.05.2024 23:03,нАтАльЯ ВасилЬЕва,8(9251) 99-55,1,коРМ Для сОБАК,5,2252.9,247.1,CAnceLLed,Проверить наличие,2024-05-26,3227812793926900
2029956318133,20.05.2024 23:03,нАтАльЯ ВасилЬЕва,8(9251) 99-55,1,кОРМ ДлЯ соБАК,4,1660.09,339.91,CanCELLEd,Проверить наличие,2024-05-26,3227812793926900
2029956317220,2024/05/03 09:19:12,еЛеНа НовИкоВа,+7 9108 57 20,3,АмУнИЦИя Для СоБАк,5,5563.83,436.17,CaNceLLeD,Нужно уточнить сроки,28.05.2024,3926663265724886
2029956317220,2024/05/03 09:19:12,еЛеНа НовИкоВа,+7 9108 57 20,3,аМУНиЦия ДЛЯ сОбАК,2,2285.75,114.25,cAnCElled,Нужно уточнить сроки,28.05.2024,3926663265724886
2029956316257,2024/05/26 11:01:59,сеРГей сИДоРов,+7(9483)75-30,1,КОрм дЛЯ СоБак,3,1281.35,218.65,pRoCeSsiNg,Нужно уточнить сроки,19.05.2024,5532737206379758
2029956316257,2024/05/26 11:01:59,сеРГей сИДоРов,+7(9483)75-30,2,игРУШКА МЯЧ,3,887.13,12.87,pRoceSSING,Нужно уточнить сроки,19.05.2024,5532737206379758
2029956315391,18.05.2024 01:08,наТалЬя вАсИЛьЕВА,+7 9063 13 28,5,МОлОкО,3,7821.8,1178.2,CaNCeLlEd,Нужно уточнить сроки,18.05.2024,2922957772207074
2029956315391,18.05.2024 01:08,наТалЬя вАсИЛьЕВА,+7 9063 13 28,1,КОРм ДлЯ сОбаК,5,2117.35,382.65,CaNCeLLEd,Нужно уточнить сроки,18.05.2024,2922957772207074
2029956315391,18.05.2024 01:08,наТалЬя вАсИЛьЕВА,+7 9063 13 28,4,ПОДписКа нА ГазЕтУ,2,1006.26,193.74,cAnCElleD,Нужно уточнить сроки,18.05.2024,2922957772207074
2029956314113,23.05.2024 09:50,еЛЕнА ноВиКоВа,8(9263) 58-70,5,мОлоКО,2,5608.22,391.78,caNcElLED,"Задержка с доставкой, печалька...",15.05.2024,5338856798419726
2029956314113,23.05.2024 09:50,еЛЕнА ноВиКоВа,8(9263) 58-70,3,амУнИЦИя ДЛя СобаК,3,3347.94,252.06,cANceLLED,"Задержка с доставкой, печалька...",15.05.2024,5338856798419726
2029956314113,23.05.2024 09:50,еЛЕнА ноВиКоВа,8(9263) 58-70,2,ИГРуШКа МЯЧ,2,495.86,104.14,caNCelLed,"Задержка с доставкой, печалька...",15.05.2024,5338856798419726
2029956313339,01.05.2024 23:56,миХАил оРЛОв,+7 9887 21 24,3,АмуНИцИя Для СОбаК,2,2044.94,355.06,CAnCELLeD,спасибо за заказ,2024/05/10,1772559344869029
2029956313339,01.05.2024 23:56,миХАил оРЛОв,+7 9887 21 24,4,ПодпИСКа нА гАЗЕТУ,5,2405.1,594.9,caNCELlED,спасибо за заказ,2024/05/10,1772559344869029
2029956313339,01.05.2024 23:56,миХАил оРЛОв,+7 9887 21 24,5,МолОкО,3,7358.56,1641.44,cANcellEd,спасибо за заказ,2024/05/10,1772559344869029
2029956313339,01.05.2024 23:56,миХАил оРЛОв,+7 9887 21 24,1,Корм ДлЯ СобАК,3,1304.08,195.92,cANcEllED,спасибо за заказ,2024/05/10,1772559344869029
2029956312527,2024/05/26 08:37:49,ДМитРиЙ КуЗнеЦОв,+7 9249 84 78,4,пОДпИсКа нА ГазеТУ,5,2507.01,492.99,CaNCElled,Ждём с нетерпением!,2024/05/06,4339421481874548
2029956312527,2024/05/26 08:37:49,ДМитРиЙ КуЗнеЦОв,+7 9249 84 78,4,пОДпИсКА на ГазЕТУ,1,560.1,39.9,CanCelLed,Ждём с нетерпением!,2024/05/06,4339421481874548
2029956312527,2024/05/26 08:37:49,ДМитРиЙ КуЗнеЦОв,+7 9249 84 78,1,кОрм Для собАК,3,1467.87,32.13,cAnCElled,Ждём с нетерпением!,2024/05/06,4339421481874548
2029956311634,2024/05/07 11:56:39,дмиТРий КУЗНецоВ,8(9220) 06-34,1,коРм дЛЯ сОБАк,2,950.94,49.06,procESSInG,Нужно уточнить сроки,27.05.2024,7205474978319121
2029956311634,2024/05/07 11:56:39,дмиТРий КУЗНецоВ,8(9220) 06-34,5,молОКО,3,7635.25,1364.75,prOceSSiNG,Нужно уточнить сроки,27.05.2024,7205474978319121
2029956311634,2024/05/07 11:56:39,дмиТРий КУЗНецоВ,8(9220) 06-34,3,АмУНИЦИЯ ДлЯ соБак,2,2214.15,185.85,proCeSSing,Нужно уточнить сроки,27.05.2024,7205474978319121
2029956311634,2024/05/07 11:56:39,дмиТРий КУЗНецоВ,8(9220) 06-34,3,амунициЯ ДЛЯ СобаК,2,2151.95,248.05,prOcessiNG,Нужно уточнить сроки,27.05.2024,7205474978319121
2029956310714,20.05.2024 18:06,ДМИтрИЙ КУЗНецов,+7(9125)67-35,1,КОРМ ДЛя СоБаК,2,849.3,150.7,PRoceSsiNg,спасибо за заказ,2024/05/09,3514272528256134
2029956310714,20.05.2024 18:06,ДМИтрИЙ КУЗНецов,+7(9125)67-35,2,ИГруШКА МЯЧ,3,866.98,33.02,pRocESSiNG,спасибо за заказ,2024/05/09,3514272528256134
2029956309134,2024-05-23 04:40:26,оЛьга куЗнЕцоВА,+7 9432 06 00,3,аМУНиЦИя для сОБаК,3,3473.87,126.13,compLEtED,Всё отлично!,2024-05-16,9063907710098692
2029956309134,2024-05-23 04:40:26,оЛьга куЗнЕцоВА,+7 9432 06 00,3,амуНиЦИЯ Для сОБАк,3,3376.96,223.04,compLeTED,Всё отлично!,2024-05-16,9063907710098692
2029956309134,2024-05-23 04:40:26,оЛьга куЗнЕцоВА,+7 9432 06 00,5,МОЛокО,4,10926.62,1073.38,coMpletEd,Всё отлично!,2024-05-16,9063907710098692
2029956308416,15.05.2024 04:04,олЬга КуЗНЕцова,+7 9067 63 10,4,поДПисКА На ГАЗЕТУ,5,2789.86,210.14,caNCelLed,Проверить наличие,2024/05/13,6712418045546717
2029956308416,15.05.2024 04:04,олЬга КуЗНЕцова,+7 9067 63 10,5,МоЛОКо,1,2400.05,599.95,cANcEllED,Проверить наличие,2024/05/13,6712418045546717
2029956307262,11.05.2024 07:14,иваН иваноВ,+7 9285 61 91,5,молОко,3,7211.74,1788.26,PRocEsSiNG,подарок вовремя,2024-05-01,7459162224867362
2029956307262,11.05.2024 07:14,иваН иваноВ,+7 9285 61 91,5,мОЛокО,4,9887.12,2112.88,ProcEsSing,подарок вовремя,2024-05-01,7459162224867362
2029956307262,11.05.2024 07:14,иваН иваноВ,+7 9285 61 91,2,ИгРУшКА МяЧ,2,545.03,54.97,pRoceSSiNG,подарок вовремя,2024-05-01,7459162224867362
2029956306757,2024/05/16 10:51:07,ОльГа кУЗнЕцОВА,+7(9523)96-36,2,игруШка мяЧ,5,1380.61,119.39,compLETed,Всё отлично!,2024-05-29,6091697596673278
2029956306757,2024/05/16 10:51:07,ОльГа кУЗнЕцОВА,+7(9523)96-36,2,иГрУшкА мЯч,3,779.18,120.82,compLetED,Всё отлично!,2024-05-29,6091697596673278
2029956306757,2024/05/16 10:51:07,ОльГа кУЗнЕцОВА,+7(9523)96-36,3,аМунИцИЯ ДЛЯ сОбАк,2,2382.89,17.11,cOMpletEd,Всё отлично!,2024-05-29,6091697596673278
2029956306757,2024/05/16 10:51:07,ОльГа кУЗнЕцОВА,+7(9523)96-36,5,мОЛоКо,2,5352.9,647.1,COmpletED,Всё отлично!,2024-05-29,6091697596673278
2029956306757,2024/05/16 10:51:07,ОльГа кУЗнЕцОВА,+7(9523)96-36,3,амУНициЯ дЛЯ СОБАК,2,2089.43,310.57,COMplETeD,Всё отлично!,2024-05-29,6091697596673278
2029956305171,2024/05/13 07:58:31,сеРгей сИДороВ,+7 9803 34 96,4,пОДПискА НА гаЗЕтУ,2,1187.97,12.03,CAnCELLED,Всё отлично!,2024-05-13,1733022984196095
2029956305171,2024/05/13 07:58:31,сеРгей сИДороВ,+7 9803 34 96,2,ИГрУШКа Мяч,1,274.09,25.91,CanCElleD,Всё отлично!,2024-05-13,1733022984196095
2029956305171,2024/05/13 07:58:31,сеРгей сИДороВ,+7 9803 34 96,2,ИГРУшКа мЯЧ,5,1302.09,197.91,CaNCeLlEd,Всё отлично!,2024-05-13,1733022984196095
2029956305171,2024/05/13 07:58:31,сеРгей сИДороВ,+7 9803 34 96,4,ПОдпиСка на ГазеТУ,1,578.3,21.7,CAnCEllEd,Всё отлично!,2024-05-13,1733022984196095
2029956304933,2024-05-28 17:13:16,ИВаН ИВАнов,+7(9869)57-71,5,молоко,4,10595.28,1404.72,CANceLleD,Проверить наличие,2024/05/17,7415653185639138
2029956304933,2024-05-28 17:13:16,ИВаН ИВАнов,+7(9869)57-71,5,МоЛоко,3,7250.87,1749.13,CaNCellED,Проверить наличие,2024/05/17,7415653185639138
2029956304933,2024-05-28 17:13:16,ИВаН ИВАнов,+7(9869)57-71,1,коРм ДЛЯ соБАК,4,1639.86,360.14,cANCelLeD,Проверить наличие,2024/05/17,7415653185639138
2029956304933,2024-05-28 17:13:16,ИВаН ИВАнов,+7(9869)57-71,5,мОлОкО,2,5252.15,747.85,cAnCelLEd,Проверить наличие,2024/05/17,7415653185639138
2029956303610,02.05.2024 04:55,ДмиТРиЙ КУзНецОв,+7(9509)90-67,3,АМуНицИЯ дЛЯ СоБАк,5,5788.63,211.37,caNcElLed,Нужно уточнить сроки,2024/05/29,9788799472579561
2029956302638,25.05.2024 19:44,МиХаИл оРлов,+7(9652)61-65,2,иГРУшКА МяЧ,1,245.07,54.93,ProcESsinG,Всё отлично!,2024/05/18,7459801081586532
2029956301176,2024/05/19 23:18:25,иВАН ивАНОв,+7 9897 25 20,1,коРМ для СОбАК,1,480.2,19.8,proceSSInG,спасибо за заказ,2024-05-19,1986540381667159
2029956301176,2024/05/19 23:18:25,иВАН ивАНОв,+7 9897 25 20,4,ПоДПИСКа на гАЗеТУ,4,2161.34,238.66,pROcessiNG,спасибо за заказ,2024-05-19,1986540381667159
2029956301176,2024/05/19 23:18:25,иВАН ивАНОв,+7 9897 25 20,5,мОлоКо,1,2479.55,520.45,pROCEssiNg,спасибо за заказ,2024-05-19,1986540381667159
2029956301176,2024/05/19 23:18:25,иВАН ивАНОв,+7 9897 25 20,3,АМуниЦИя ДлЯ собаК,2,2343.39,56.61,PRocEssINg,спасибо за заказ,2024-05-19,1986540381667159
2029956300769,24.05.2024 17:20,МАриЯ пЕТрОвА,8(9504) 53-71,1,КОрМ длЯ СобАк,4,1760.87,239.13,CaNCeLlEd,Всё отлично!,2024-05-12,4268295193475821
2029956300769,24.05.2024 17:20,МАриЯ пЕТрОвА,8(9504) 53-71,3,АмУНиЦиЯ длЯ СоБАк,3,3599.85,0.15,CAnceLLed,Всё отлично!,2024-05-12,4268295193475821
2029956300769,24.05.2024 17:20,МАриЯ пЕТрОвА,8(9504) 53-71,4,ПоДписка На ГазЕту,1,517.77,82.23,cANcELLEd,Всё отлично!,2024-05-12,4268295193475821
2029956300769,24.05.2024 17:20,МАриЯ пЕТрОвА,8(9504) 53-71,5,молоКо,1,2773.04,226.96,cANCellEd,Всё отлично!,2024-05-12,4268295193475821
2029956299825,2024-05-11 05:14:41,аЛекСеЙ МИхАйлов,+7 9966 18 17,1,корм длЯ СОБАк,1,479.3,20.7,cAnCElLEd,Проверить наличие,17.05.2024,2127175965111018
2029956299825,2024-05-11 05:14:41,аЛекСеЙ МИхАйлов,+7 9966 18 17,4,ПодПиСКа на гАЗеТу,3,1762.62,37.38,cANceLlEd,Проверить наличие,17.05.2024,2127175965111018
2029956299825,2024-05-11 05:14:41,аЛекСеЙ МИхАйлов,+7 9966 18 17,3,аМУНИциЯ дЛя СОбАк,1,1091.42,108.58,caNCEllEd,Проверить наличие,17.05.2024,2127175965111018
2029956299825,2024-05-11 05:14:41,аЛекСеЙ МИхАйлов,+7 9966 18 17,3,аМунИЦИя длЯ СоБаК,4,4685.8,114.2,CaNCeLLED,Проверить наличие,17.05.2024,2127175965111018
2029956299825,2024-05-11 05:14:41,аЛекСеЙ МИхАйлов,+7 9966 18 17,1,корм ДлЯ СОбаК,2,899.52,100.48,canCeLLeD,Проверить наличие,17.05.2024,2127175965111018
2029956298704,2024/05/09 13:29:22,сергЕй СидОроВ,+7(9660)74-63,5,МолОКо,1,2446.84,553.16,COMpLeTed,Всё отлично!,2024-05-03,4330651953644291
2029956297126,2024/05/05 06:40:04,аЛЕксей МИхаЙЛоВ,+7(9580)65-37,1,коРм дЛЯ собаК,3,1230.35,269.65,PRocEsSING,Проверить наличие,2024-05-15,9899936342251774
2029956296699,2024/05/24 05:04:10,алеКСеЙ МИхайЛоВ,+7(9862)27-88,5,мОлОКО,1,2649.43,350.57,CAncELled,спасибо за заказ,20.05.2024,3519436113942736
2029956296699,2024/05/24 05:04:10,алеКСеЙ МИхайЛоВ,+7(9862)27-88,1,кОРм ДЛЯ сОбак,5,2048.6,451.4,CaNcelLED,спасибо за заказ,20.05.2024,3519436113942736
2029956296699,2024/05/24 05:04:10,алеКСеЙ МИхайЛоВ,+7(9862)27-88,5,мОлоко,4,11536.84,463.16,CancElleD,спасибо за заказ,20.05.2024,3519436113942736
2029956296699,2024/05/24 05:04:10,алеКСеЙ МИхайЛоВ,+7(9862)27-88,2,иГрушКа мяч,2,560.75,39.25,cancELLEd,спасибо за заказ,20.05.2024,3519436113942736
2029956296699,2024/05/24 05:04:10,алеКСеЙ МИхайЛоВ,+7(9862)27-88,4,ПОдПиСКа на гаЗеТу,4,2148.68,251.32,Cancelled,спасибо за заказ,20.05.2024,3519436113942736
2029956295740,05.05.2024 18:04,ОлЬгА КУЗНеЦОВА,+7 9895 69 88,2,игРуШКа Мяч,3,892.71,7.29,cOmpLEtEd,подарок вовремя,27.05.2024,0584147337533103
2029956295740,05.05.2024 18:04,ОлЬгА КУЗНеЦОВА,+7 9895 69 88,1,кОРм ДлЯ соБАК,1,430.03,69.97,cOmPlETeD,подарок вовремя,27.05.2024,0584147337533103
2029956294194,2024-05-02 15:32:57,аННа сМирновА,8(9889) 81-71,4,ПодПИСКА НА газеТу,4,2295.38,104.62,CAncELLeD,"Задержка с доставкой, печалька...",2024/05/16,9373286804166294
2029956294194,2024-05-02 15:32:57,аННа сМирновА,8(9889) 81-71,3,АмУниЦИя длЯ сОбАК,4,3954.73,845.27,CAncELLEd,"Задержка с доставкой, печалька...",2024/05/16,9373286804166294
2029956294194,2024-05-02 15:32:57,аННа сМирновА,8(9889) 81-71,5,МолокО,3,7921.6,1078.4,cANcelLeD,"Задержка с доставкой, печалька...",2024/05/16,9373286804166294
2029956294194,2024-05-02 15:32:57,аННа сМирновА,8(9889) 81-71,5,МолОКо,1,2850.64,149.36,cAnCeLLeD,"Задержка с доставкой, печалька...",2024/05/16,9373286804166294
2029956294194,2024-05-02 15:32:57,аННа сМирновА,8(9889) 81-71,4,поДписКа нА ГАзЕту,2,972.66,227.34,cANcelLEd,"Задержка с доставкой, печалька...",2024/05/16,9373286804166294
2029956293389,30.05.2024 17:54,ЕлЕнА НОвиковА,+7(9247)34-96,5,МоЛОкО,4,9670.25,2329.75,PROCESSING,подарок вовремя,2024/05/22,9161165792461581
2029956293389,30.05.2024 17:54,ЕлЕнА НОвиковА,+7(9247)34-96,5,МолОКо,1,2870.5,129.5,ProceSsing,подарок вовремя,2024/05/22,9161165792461581
2029956292259,2024/05/26 10:30:52,мИхАил ОрЛов,8(9895) 20-72,3,АМуниЦиЯ ДЛя сОбАК,2,2240.99,159.01,cOmPlETED,Всё отлично!,2024/05/09,5768667384380092
2029956292259,2024/05/26 10:30:52,мИхАил ОрЛов,8(9895) 20-72,1,КоРм дЛЯ сОБак,2,937.65,62.35,CompleTEd,Всё отлично!,2024/05/09,5768667384380092
2029956292259,2024/05/26 10:30:52,мИхАил ОрЛов,8(9895) 20-72,4,пОДпиСкА На ГазеТу,1,557.57,42.43,CoMpLeTEd,Всё отлично!,2024/05/09,5768667384380092
2029956292259,2024/05/26 10:30:52,мИхАил ОрЛов,8(9895) 20-72,5,МолОКО,3,8571.49,428.51,coMPLeTed,Всё отлично!,2024/05/09,5768667384380092
2029956292259,2024/05/26 10:30:52,мИхАил ОрЛов,8(9895) 20-72,5,мОлОкО,4,10984.71,1015.29,ComPLetEd,Всё отлично!,2024/05/09,5768667384380092
2029956291375,2024-05-30 17:08:38,ОЛЬГА кузНЕцовА,8(9748) 04-83,1,КОрМ ДЛЯ СоБаК,5,2340.4,159.6,pROcEsSinG,спасибо за заказ,12.05.2024,3227432398228426
2029956291375,2024-05-30 17:08:38,ОЛЬГА кузНЕцовА,8(9748) 04-83,5,молОкО,2,5721.64,278.36,ProCEsSinG,спасибо за заказ,12.05.2024,3227432398228426
2029956290113,30.05.2024 07:04,НАТАЛья ВАсиЛьева,+7(9791)53-72,5,МОЛОКО,3,8572.64,427.36,PROCESsINg,спасибо за заказ,27.05.2024,7876791413358467
2029956290113,30.05.2024 07:04,НАТАЛья ВАсиЛьева,+7(9791)53-72,1,коРМ для соБАК,4,1994.14,5.86,PROcEsSInG,спасибо за заказ,27.05.2024,7876791413358467
2029956290113,30.05.2024 07:04,НАТАЛья ВАсиЛьева,+7(9791)53-72,4,подпИСКА НА ГАзЕтУ,1,539.84,60.16,PRoCeSsiNg,спасибо за заказ,27.05.2024,7876791413358467
2029956289111,2024/05/20 07:22:57,мАРиЯ пЕтРОвА,+7(9218)16-46,3,АмуНициЯ длЯ СОбАк,4,4788.01,11.99,pRocESsing,Нужно уточнить сроки,2024/05/25,6480900461507824
2029956289111,2024/05/20 07:22:57,мАРиЯ пЕтРОвА,+7(9218)16-46,1,кОрм длЯ собАк,4,1692.91,307.09,ProCEssInG,Нужно уточнить сроки,2024/05/25,6480900461507824
2029956288987,2024/05/03 14:37:15,мИХАиЛ оРЛОв,+7 9807 58 96,5,МОлокО,2,4871.88,1128.12,cAnCELlED,Ждём с нетерпением!,2024/05/04,6972792262329700
2029956288987,2024/05/03 14:37:15,мИХАиЛ оРЛОв,+7 9807 58 96,1,кОРм длЯ СОбАК,1,404.43,95.57,CANceLled,Ждём с нетерпением!,2024/05/04,6972792262329700
2029956288987,2024/05/03 14:37:15,мИХАиЛ оРЛОв,+7 9807 58 96,3,аМУниЦИя для сОБАк,5,5308.24,691.76,canCeLLEd,Ждём с нетерпением!,2024/05/04,6972792262329700
2029956288987,2024/05/03 14:37:15,мИХАиЛ оРЛОв,+7 9807 58 96,2,игрушка мЯч,1,253.74,46.26,CanCeLlEd,Ждём с нетерпением!,2024/05/04,6972792262329700
2029956288987,2024/05/03 14:37:15,мИХАиЛ оРЛОв,+7 9807 58 96,1,кОрм для СоБак,5,2251.44,248.56,CANCeLLED,Ждём с нетерпением!,2024/05/04,6972792262329700
2029956287995,12.05.2024 08:43,миХаил орлов,+7 9039 67 62,2,иГРушКА мяч,4,991.59,208.41,CompLETEd,спасибо за заказ,2024/05/15,8001876685018761
2029956286890,07.05.2024 21:28,НАталья васИЛьеВА,+7 9385 78 29,3,АМуницИЯ ДЛя СОБак,2,2273.4,126.6,caNCElLed,"Задержка с доставкой, печалька...",2024/05/11,8803100253602322
2029956286890,07.05.2024 21:28,НАталья васИЛьеВА,+7 9385 78 29,5,мОЛоКо,2,5473.6,526.4,cANcElLED,"Задержка с доставкой, печалька...",2024/05/11,8803100253602322
2029956285795,2024-05-26 17:22:09,СЕрГЕЙ СИДОров,8(9214) 65-20,2,ИгРуШКА МЯч,1,257.07,42.93,pRocEssIng,Всё отлично!,2024-05-02,2483940372964908
2029956285795,2024-05-26 17:22:09,СЕрГЕЙ СИДОров,8(9214) 65-20,4,подПИсКа на газеТу,3,1577.89,222.11,proCEsSINg,Всё отлично!,2024-05-02,2483940372964908
2029956285795,2024-05-26 17:22:09,СЕрГЕЙ СИДОров,8(9214) 65-20,2,ИГрУшКа МяЧ,3,760.28,139.72,pROCeSSing,Всё отлично!,2024-05-02,2483940372964908
2029956285795,2024-05-26 17:22:09,СЕрГЕЙ СИДОров,8(9214) 65-20,4,ПоДпиСка на гАзетУ,2,1011.28,188.72,prOCESSING,Всё отлично!,2024-05-02,2483940372964908
2029956284805,22.05.2024 19:26,иван иваНов,+7(9663)05-14,4,ПодПИсКа на гАЗетУ,3,1744.27,55.73,CANCelleD,спасибо за заказ,2024-05-13,6833910713875180
2029956284805,22.05.2024 19:26,иван иваНов,+7(9663)05-14,1,корМ длЯ сОбаК,4,1827.58,172.42,caNcElled,спасибо за заказ,2024-05-13,6833910713875180
2029956284805,22.05.2024 19:26,иван иваНов,+7(9663)05-14,2,ИгрУшкА мЯЧ,3,771.75,128.25,CancELLED,спасибо за заказ,2024-05-13,6833910713875180
2029956284805,22.05.2024 19:26,иван иваНов,+7(9663)05-14,1,КОрМ для сОБаК,2,851.65,148.35,caNCElLeD,спасибо за заказ,2024-05-13,6833910713875180
2029956284805,22.05.2024 19:26,иван иваНов,+7(9663)05-14,1,КоРм дЛя сОБак,4,1600.73,399.27,cAnCeLleD,спасибо за заказ,2024-05-13,6833910713875180
2029956283896,13.05.2024 09:03,алЕКсеЙ миХАЙлОв,+7(9684)83-58,1,кОРМ Для собак,1,487.11,12.89,pRocEsSInG,спасибо за заказ,2024-05-11,0881924568090330
2029956283896,13.05.2024 09:03,алЕКсеЙ миХАЙлОв,+7(9684)83-58,4,пОдпиСКа НА гАЗетУ,1,542.94,57.06,pROCESsIng,спасибо за заказ,2024-05-11,0881924568090330
2029956282757,01.05.2024 00:38,алексЕЙ мИхаЙлОв,8(9455) 02-91,4,ПодпИсКА На ГАЗЕТУ,5,2866.99,133.01,canCElLeD,спасибо за заказ,2024-05-31,7252530443550176
2029956282757,01.05.2024 00:38,алексЕЙ мИхаЙлОв,8(9455) 02-91,2,ИГРУШКа мЯч,5,1352.58,147.42,cancElLed,спасибо за заказ,2024-05-31,7252530443550176
2029956282757,01.05.2024 00:38,алексЕЙ мИхаЙлОв,8(9455) 02-91,4,ПоДпиСкА на газеТУ,1,591.18,8.82,CAnCElLeD,спасибо за заказ,2024-05-31,7252530443550176
2029956282757,01.05.2024 00:38,алексЕЙ мИхаЙлОв,8(9455) 02-91,5,моЛОкО,3,8774.96,225.04,cANcelleD,спасибо за заказ,2024-05-31,7252530443550176
2029956281803,18.05.2024 01:47,олЬГа кУЗНЕЦОвА,+7 9737 56 12,3,АмунИЦиЯ длЯ собаК,2,2274.45,125.55,CanceLLED,Нужно уточнить сроки,2024/05/01,0694749425145669
2029956280759,15.05.2024 16:39,ольгА КузНецОвА,+7(9609)40-68,5,МолОКо,2,5576.46,423.54,CAnceLLed,"Задержка с доставкой, печалька...",09.05.2024,5188306246348003
2029956280759,15.05.2024 16:39,ольгА КузНецОвА,+7(9609)40-68,1,коРм ДлЯ соБАк,2,977.7,22.3,CAnCELLeD,"Задержка с доставкой, печалька...",09.05.2024,5188306246348003
2029956280759,15.05.2024 16:39,ольгА КузНецОвА,+7(9609)40-68,5,МОлоКо,4,10328.49,1671.51,CancELlED,"Задержка с доставкой, печалька...",09.05.2024,5188306246348003
2029956280759,15.05.2024 16:39,ольгА КузНецОвА,+7(9609)40-68,1,кОРМ дЛя СоБак,3,1399.76,100.24,CAncelLed,"Задержка с доставкой, печалька...",09.05.2024,5188306246348003
2029956279284,2024/05/15 08:01:14,алЕКсЕЙ МИхайЛов,8(9716) 30-80,5,мОлОко,2,5495.49,504.51,PRoCEsSinG,Проверить наличие,2024/05/18,3634482706715326
2029956279284,2024/05/15 08:01:14,алЕКсЕЙ МИхайЛов,8(9716) 30-80,3,амуНИциЯ ДЛЯ сОБАк,1,1192.32,7.68,ProCEssInG,Проверить наличие,2024/05/18,3634482706715326
2029956279284,2024/05/15 08:01:14,алЕКсЕЙ МИхайЛов,8(9716) 30-80,5,МОЛоко,5,14604.82,395.18,PRocESsiNG,Проверить наличие,2024/05/18,3634482706715326
2029956279284,2024/05/15 08:01:14,алЕКсЕЙ МИхайЛов,8(9716) 30-80,5,МолОКо,5,13003.89,1996.11,ProCeSsInG,Проверить наличие,2024/05/18,3634482706715326
2029956278124,16.05.2024 18:48,МИХаил ОрлОв,8(9493) 94-73,3,аМуНиЦиЯ дЛя СоБаК,2,2047.97,352.03,CAnCelLEd,Ждём с нетерпением!,17.05.2024,5365204261839222
2029956278124,16.05.2024 18:48,МИХаил ОрлОв,8(9493) 94-73,5,молОкО,4,10105.06,1894.94,CanCELLed,Ждём с нетерпением!,17.05.2024,5365204261839222
2029956278124,16.05.2024 18:48,МИХаил ОрлОв,8(9493) 94-73,4,ПОдПиСКА НА гАЗетУ,1,533.93,66.07,CancElleD,Ждём с нетерпением!,17.05.2024,5365204261839222
2029956277746,2024/05/19 15:47:56,ИваН ИВАНов,8(9088) 83-63,1,КОРМ ДЛЯ сОбАК,5,2156.73,343.27,cAncelLed,спасибо за заказ,06.05.2024,1770578881553813
2029956277746,2024/05/19 15:47:56,ИваН ИВАНов,8(9088) 83-63,5,Молоко,4,10981.58,1018.42,cAnceLlED,спасибо за заказ,06.05.2024,1770578881553813
2029956277746,2024/05/19 15:47:56,ИваН ИВАНов,8(9088) 83-63,3,амУнИЦИЯ длЯ сОБАк,3,3471.8,128.2,CAnCeLLED,спасибо за заказ,06.05.2024,1770578881553813
2029956277746,2024/05/19 15:47:56,ИваН ИВАНов,8(9088) 83-63,4,ПОдПисКА На гАЗЕтУ,4,2300.13,99.87,CancELlED,спасибо за заказ,06.05.2024,1770578881553813
2029956277746,2024/05/19 15:47:56,ИваН ИВАНов,8(9088) 83-63,2,игрушка мяч,2,554.64,45.36,CANcelLEd,спасибо за заказ,06.05.2024,1770578881553813
2029956276783,29.05.2024 09:24,алексей мИХАйЛоВ,+7(9082)91-80,1,корм для сОбАК,3,1486.9,13.1,COmplETeD,подарок вовремя,2024/05/09,9573224161737845
2029956276783,29.05.2024 09:24,алексей мИХАйЛоВ,+7(9082)91-80,3,амУНИЦИЯ длЯ сОбАК,4,4237.79,562.21,comPLETED,подарок вовремя,2024/05/09,9573224161737845
2029956276783,29.05.2024 09:24,алексей мИХАйЛоВ,+7(9082)91-80,2,ИГРУшКА МяЧ,1,252.99,47.01,cOMpLeTED,подарок вовремя,2024/05/09,9573224161737845
2029956276783,29.05.2024 09:24,алексей мИХАйЛоВ,+7(9082)91-80,4,поДпИска на ГаЗету,4,2334.26,65.74,ComplEtEd,подарок вовремя,2024/05/09,9573224161737845
2029956276783,29.05.2024 09:24,алексей мИХАйЛоВ,+7(9082)91-80,1,кОрМ ДЛя СобАк,2,962.33,37.67,coMpLeTed,подарок вовремя,2024/05/09,9573224161737845
2029956275751,23.05.2024 15:39,АлеКсей мИхайЛОВ,+7 9266 67 24,1,кОРм ДлЯ сОбаК,2,910.67,89.33,canCeLlEd,подарок вовремя,17.05.2024,1499066562931691
2029956275751,23.05.2024 15:39,АлеКсей мИхайЛОВ,+7 9266 67 24,2,игрУШка МЯЧ,4,1147.65,52.35,CanCeLleD,подарок вовремя,17.05.2024,1499066562931691
2029956275751,23.05.2024 15:39,АлеКсей мИхайЛОВ,+7 9266 67 24,4,ПоДПИсКА На газеТу,5,2750.22,249.78,CanCelLEd,подарок вовремя,17.05.2024,1499066562931691
2029956275751,23.05.2024 15:39,АлеКсей мИхайЛОВ,+7 9266 67 24,4,ПОДПИСкА нА гАЗЕТУ,5,2676.99,323.01,cAncELlED,подарок вовремя,17.05.2024,1499066562931691
2029956274517,2024-05-03 19:04:59,СергЕй сиДоРОВ,8(9848) 07-54,1,корм ДлЯ СобАк,3,1304.65,195.35,pRoCEsSiNG,Всё отлично!,2024/05/05,3565788412440947
2029956274517,2024-05-03 19:04:59,СергЕй сиДоРОВ,8(9848) 07-54,5,мОЛоКО,2,4900.71,1099.29,pROcesSinG,Всё отлично!,2024/05/05,3565788412440947
2029956274517,2024-05-03 19:04:59,СергЕй сиДоРОВ,8(9848) 07-54,1,КОРм ДЛя СоБАк,3,1332.66,167.34,pROcEssIng,Всё отлично!,2024/05/05,3565788412440947
2029956274517,2024-05-03 19:04:59,СергЕй сиДоРОВ,8(9848) 07-54,5,МОлокО,4,11532.48,467.52,PrOCESsInG,Всё отлично!,2024/05/05,3565788412440947
2029956273491,2024-05-08 03:41:20,дмитрИй КУзНЕЦов,8(9511) 84-23,3,АмУНИЦиЯ ДлЯ СОБаК,3,3340.1,259.9,cANcelLed,"Задержка с доставкой, печалька...",2024/05/11,1807194505346193
2029956272457,2024/05/26 03:20:44,миХАил орЛов,+7 9092 17 97,5,МолОко,5,13058.48,1941.52,cANCeLlEd,спасибо за заказ,2024-05-07,1674264757820586
2029956272457,2024/05/26 03:20:44,миХАил орЛов,+7 9092 17 97,4,пОдПиСкА На газету,5,2930.92,69.08,CaNcELLeD,спасибо за заказ,2024-05-07,1674264757820586
2029956272457,2024/05/26 03:20:44,миХАил орЛов,+7 9092 17 97,5,молокО,4,10669.92,1330.08,CAnCELleD,спасибо за заказ,2024-05-07,1674264757820586
2029956272457,2024/05/26 03:20:44,миХАил орЛов,+7 9092 17 97,4,подписка НА ГАзеТу,5,2524.45,475.55,CaNCELLED,спасибо за заказ,2024-05-07,1674264757820586
2029956272457,2024/05/26 03:20:44,миХАил орЛов,+7 9092 17 97,3,АМУНицИя ДлЯ собак,3,2888.18,711.82,CaNcElLeD,спасибо за заказ,2024-05-07,1674264757820586
2029956271674,02.05.2024 04:30,ДмитРИЙ КузНЕЦОВ,+7 9048 72 22,4,пОдпиСКа нА гАзеТУ,4,2007.75,392.25,cANCEllED,"Задержка с доставкой, печалька...",2024-05-22,0206472749495426
2029956270102,2024-05-15 20:22:32,НаТАлЬя вАСильЕвА,+7(9836)17-47,2,ИгрУШКА МЯЧ,2,575.68,24.32,cOmpLETED,Всё отлично!,2024-05-08,9817235399008126
2029956270102,2024-05-15 20:22:32,НаТАлЬя вАСильЕвА,+7(9836)17-47,2,иГРуШКа мЯЧ,1,249.74,50.26,CoMPlEtEd,Всё отлично!,2024-05-08,9817235399008126
2029956270102,2024-05-15 20:22:32,НаТАлЬя вАСильЕвА,+7(9836)17-47,1,КоРм дЛЯ сОБАк,3,1322.7,177.3,comPleted,Всё отлично!,2024-05-08,9817235399008126
2029956269957,09.05.2024 02:24,иваН ИвАнов,+7 9152 49 23,3,аМуНИцИЯ ДЛЯ соБАк,1,1073.09,126.91,cOMPLeTED,Ждём с нетерпением!,2024-05-02,1112953156999678
2029956269957,09.05.2024 02:24,иваН ИвАнов,+7 9152 49 23,3,амУнИцИЯ длЯ СоБак,3,3049.46,550.54,cOmplEteD,Ждём с нетерпением!,2024-05-02,1112953156999678
2029956269957,09.05.2024 02:24,иваН ИвАнов,+7 9152 49 23,4,пОДпиСКА нА газЕТу,2,1141.29,58.71,COmpleTED,Ждём с нетерпением!,2024-05-02,1112953156999678
2029956269957,09.05.2024 02:24,иваН ИвАнов,+7 9152 49 23,2,иГРушка Мяч,2,573.86,26.14,CoMPLETED,Ждём с нетерпением!,2024-05-02,1112953156999678
2029956268444,2024/05/04 14:55:17,сЕргей СиДоРоВ,+7 9684 69 30,4,подПИскА На ГАзЕтУ,2,1064.94,135.06,complEteD,подарок вовремя,07.05.2024,8849661119241920
2029956268444,2024/05/04 14:55:17,сЕргей СиДоРоВ,+7 9684 69 30,4,ПОДПИскА НА газЕТу,4,2091.96,308.04,COMpleTED,подарок вовремя,07.05.2024,8849661119241920
2029956268444,2024/05/04 14:55:17,сЕргей СиДоРоВ,+7 9684 69 30,5,МоЛОкО,2,5460.05,539.95,COmplEteD,подарок вовремя,07.05.2024,8849661119241920
2029956268444,2024/05/04 14:55:17,сЕргей СиДоРоВ,+7 9684 69 30,2,ИгрУшка МЯЧ,1,265.06,34.94,cOmPleTed,подарок вовремя,07.05.2024,8849661119241920
2029956267571,2024-05-24 05:36:34,аННа СМИрНОВА,+7(9009)65-38,5,МоЛоко,3,8451.39,548.61,COMPLEtED,Проверить наличие,2024-05-12,4078765423601834
2029956267571,2024-05-24 05:36:34,аННа СМИрНОВА,+7(9009)65-38,2,игРУшка мЯч,3,843.35,56.65,comPLeTeD,Проверить наличие,2024-05-12,4078765423601834
2029956267571,2024-05-24 05:36:34,аННа СМИрНОВА,+7(9009)65-38,5,мОлоКО,2,4846.78,1153.22,cOmplEtED,Проверить наличие,2024-05-12,4078765423601834
2029956267571,2024-05-24 05:36:34,аННа СМИрНОВА,+7(9009)65-38,1,КОРМ ДЛЯ собАк,5,2210.97,289.03,cOMPlETeD,Проверить наличие,2024-05-12,4078765423601834
2029956266298,2024/05/26 06:42:04,елЕна новиКовА,8(9517) 98-12,2,ИгРуШка Мяч,2,485.33,114.67,cANCelled,"Задержка с доставкой, печалька...",24.05.2024,3145752617825433
2029956265549,22.05.2024 13:17,ивАН иВАнОв,+7 9044 03 18,5,МолокО,4,11429.1,570.9,CaNCEllED,"Задержка с доставкой, печалька...",2024/05/12,9399462586325907
2029956265549,22.05.2024 13:17,ивАН иВАнОв,+7 9044 03 18,5,молОКо,5,14483.1,516.9,CANcEllED,"Задержка с доставкой, печалька...",2024/05/12,9399462586325907
2029956265549,22.05.2024 13:17,ивАН иВАнОв,+7 9044 03 18,4,поДПИСкА на гАЗЕТу,3,1459.7,340.3,cancelLed,"Задержка с доставкой, печалька...",2024/05/12,9399462586325907
2029956265549,22.05.2024 13:17,ивАН иВАнОв,+7 9044 03 18,5,Молоко,1,2847.35,152.65,CANcElLED,"Задержка с доставкой, печалька...",2024/05/12,9399462586325907
2029956264261,2024-05-13 07:39:20,елеНА новикОВа,8(9405) 26-30,2,игрушкА Мяч,5,1356.83,143.17,cOMpLeTeD,подарок вовремя,19.05.2024,8578681466513037
2029956264261,2024-05-13 07:39:20,елеНА новикОВа,8(9405) 26-30,2,ИГРушкА МЯч,5,1281.98,218.02,comPLEtEd,подарок вовремя,19.05.2024,8578681466513037
2029956264261,2024-05-13 07:39:20,елеНА новикОВа,8(9405) 26-30,1,КоРм ДЛя сОбАК,3,1241.62,258.38,cOMPleTed,подарок вовремя,19.05.2024,8578681466513037
2029956263856,2024/05/29 11:31:51,МиХаиЛ ОРлоВ,8(9814) 29-00,3,АмУницИЯ для собаК,2,2214.35,185.65,CAnCeLLeD,Всё отлично!,28.05.2024,5481578363021502
2029956262458,05.05.2024 17:33,НАтАльЯ ВаСилЬЕВА,8(9441) 29-62,4,ПоДПиСКа На гаЗЕТУ,5,2994.7,5.3,PRoceSSiNG,Ждём с нетерпением!,2024-05-24,7644966091235722
2029956262458,05.05.2024 17:33,НАтАльЯ ВаСилЬЕВА,8(9441) 29-62,4,поДпИСКа на ГазЕтУ,1,563.84,36.16,PROCessINg,Ждём с нетерпением!,2024-05-24,7644966091235722
2029956262458,05.05.2024 17:33,НАтАльЯ ВаСилЬЕВА,8(9441) 29-62,4,подПИСКа На ГаЗеТу,3,1612.68,187.32,proCessiNG,Ждём с нетерпением!,2024-05-24,7644966091235722
2029956262458,05.05.2024 17:33,НАтАльЯ ВаСилЬЕВА,8(9441) 29-62,1,КоРМ ДЛЯ СоБак,2,842.98,157.02,PRocessINg,Ждём с нетерпением!,2024-05-24,7644966091235722
2029956261326,2024/05/07 07:38:45,мАриЯ пЕТРОВА,+7 9082 30 77,2,иГрУШкА МЯч,1,268.85,31.15,CAncelled,подарок вовремя,2024/05/27,0304440779520460
2029956260936,08.05.2024 05:27,МАриЯ петрОВА,8(9747) 55-85,2,ИГрУШКа мяЧ,5,1252.1,247.9,prOcESSing,Ждём с нетерпением!,2024/05/14,4224798099274369
2029956260936,08.05.2024 05:27,МАриЯ петрОВА,8(9747) 55-85,1,кОрм дЛЯ сОбАК,3,1252.78,247.22,pRoCESsing,Ждём с нетерпением!,2024/05/14,4224798099274369
2029956260936,08.05.2024 05:27,МАриЯ петрОВА,8(9747) 55-85,5,МОлоко,4,10092.63,1907.37,PrOCeSSiNg,Ждём с нетерпением!,2024/05/14,4224798099274369
2029956259443,21.05.2024 22:02,аннА сМИРнОВа,8(9981) 79-44,3,аМУНИЦИя дЛя сОбак,5,5883.4,116.6,pRoCEssIng,подарок вовремя,30.05.2024,2691147942748844
2029956259443,21.05.2024 22:02,аннА сМИРнОВа,8(9981) 79-44,3,АМУНИЦИя длЯ СобАк,3,3334.77,265.23,ProcEsSIng,подарок вовремя,30.05.2024,2691147942748844
2029956259443,21.05.2024 22:02,аннА сМИРнОВа,8(9981) 79-44,5,МоЛОКО,5,13238.6,1761.4,PRocESsING,подарок вовремя,30.05.2024,2691147942748844
2029956259443,21.05.2024 22:02,аннА сМИРнОВа,8(9981) 79-44,1,КоРм ДЛя сОбАК,4,1828.54,171.46,PROceSsinG,подарок вовремя,30.05.2024,2691147942748844
2029956259443,21.05.2024 22:02,аннА сМИРнОВа,8(9981) 79-44,3,Амуниция дЛЯ сОбАК,1,1147.3,52.7,PRoCESSINg,подарок вовремя,30.05.2024,2691147942748844
2029956258408,21.05.2024 10:27,елЕнА НОВиКоВа,+7(9110)75-52,2,игРУШка мяч,2,591.83,8.17,cOMpLeTED,Всё отлично!,30.05.2024,8887251883017277
2029956258408,21.05.2024 10:27,елЕнА НОВиКоВа,+7(9110)75-52,1,коРм ДлЯ сОБаК,3,1243.64,256.36,cOMPLeted,Всё отлично!,30.05.2024,8887251883017277
2029956258408,21.05.2024 10:27,елЕнА НОВиКоВа,+7(9110)75-52,3,амУНициЯ для Собак,5,5692.43,307.57,coMpLEtED,Всё отлично!,30.05.2024,8887251883017277
2029956258408,21.05.2024 10:27,елЕнА НОВиКоВа,+7(9110)75-52,3,аМУнИЦия Для соБАК,5,5696.94,303.06,ComPlEtEd,Всё отлично!,30.05.2024,8887251883017277
2029956258408,21.05.2024 10:27,елЕнА НОВиКоВа,+7(9110)75-52,2,ИгРУШка мяЧ,3,884.0,16.0,coMPletEd,Всё отлично!,30.05.2024,8887251883017277
2029956257805,18.05.2024 12:54,АнНА СмирНОвА,8(9098) 38-67,2,иГрУШка мяЧ,3,750.15,149.85,PrOceSSinG,Проверить наличие,2024/05/30,0746066317545566
2029956257805,18.05.2024 12:54,АнНА СмирНОвА,8(9098) 38-67,1,КОРм длЯ сОБаК,5,2039.29,460.71,prOCEsSinG,Проверить наличие,2024/05/30,0746066317545566
2029956256278,06.05.2024 02:40,СЕргей сИдОроВ,8(9826) 78-82,3,АмуНИЦИЯ дЛЯ сОБак,4,4345.31,454.69,COmPlEtED,Всё отлично!,2024-05-29,1251678399679276
2029956256278,06.05.2024 02:40,СЕргей сИдОроВ,8(9826) 78-82,5,МОлоКО,5,13063.6,1936.4,CoMpLEtED,Всё отлично!,2024-05-29,1251678399679276
2029956256278,06.05.2024 02:40,СЕргей сИдОроВ,8(9826) 78-82,1,корМ Для СОБАК,2,828.79,171.21,coMpLeTeD,Всё отлично!,2024-05-29,1251678399679276
2029956255175,18.05.2024 00:56,алЕкСЕЙ миХАЙлОв,+7(9035)86-38,5,моЛОКО,3,7677.49,1322.51,caNCELLED,спасибо за заказ,2024-05-10,3180845399177787
2029956255175,18.05.2024 00:56,алЕкСЕЙ миХАЙлОв,+7(9035)86-38,3,амУнИцИя ДлЯ сОбаК,3,3418.63,181.37,cAncELLED,спасибо за заказ,2024-05-10,3180845399177787
2029956254913,2024/05/25 01:17:16,Елена НоВИКова,8(9023) 94-16,4,пОдПИСКа нА гАЗетУ,3,1517.29,282.71,PrOcEsSING,Нужно уточнить сроки,2024/05/12,5509333751129098
2029956254913,2024/05/25 01:17:16,Елена НоВИКова,8(9023) 94-16,1,КОРМ для сОбАК,2,954.04,45.96,ProcEsSInG,Нужно уточнить сроки,2024/05/12,5509333751129098
2029956254913,2024/05/25 01:17:16,Елена НоВИКова,8(9023) 94-16,4,ПОдПисКа нА ГазЕТу,2,988.5,211.5,PrOcessiNg,Нужно уточнить сроки,2024/05/12,5509333751129098
2029956253718,2024-05-05 20:16:18,аЛексЕЙ МИхайЛОВ,+7(9909)77-39,5,МОлокО,5,12548.26,2451.74,COmpLEteD,"Задержка с доставкой, печалька...",2024/05/15,4154634783876297
2029956253718,2024-05-05 20:16:18,аЛексЕЙ МИхайЛОВ,+7(9909)77-39,5,МОлоко,5,12026.13,2973.87,COMPleteD,"Задержка с доставкой, печалька...",2024/05/15,4154634783876297
2029956253718,2024-05-05 20:16:18,аЛексЕЙ МИхайЛОВ,+7(9909)77-39,1,коРм длЯ СОБАк,4,1716.28,283.72,cOMPLEtEd,"Задержка с доставкой, печалька...",2024/05/15,4154634783876297
2029956252508,2024/05/03 21:51:51,СеРГЕй сИДОров,+7(9829)45-57,1,Корм дЛя СОБАк,4,1879.12,120.88,pRoCesSiNG,Нужно уточнить сроки,2024/05/24,8915081752465387
2029956252508,2024/05/03 21:51:51,СеРГЕй сИДОров,+7(9829)45-57,3,АмуНИцИя Для СОбАк,5,5532.03,467.97,prOCeSsiNG,Нужно уточнить сроки,2024/05/24,8915081752465387
2029956251945,2024-05-28 20:07:36,дМитрий кузНЕцоВ,+7 9763 98 51,5,мОлОКо,1,2635.23,364.77,COmPLetEd,Нужно уточнить сроки,2024/05/30,3682575885625363
2029956251945,2024-05-28 20:07:36,дМитрий кузНЕцоВ,+7 9763 98 51,2,ИгрУШКА мяЧ,5,1498.17,1.83,complETED,Нужно уточнить сроки,2024/05/30,3682575885625363
2029956251945,2024-05-28 20:07:36,дМитрий кузНЕцоВ,+7 9763 98 51,2,иГрушКа мЯЧ,1,298.83,1.17,cOMPleted,Нужно уточнить сроки,2024/05/30,3682575885625363
2029956250283,2024-05-02 16:44:51,ДМИтРИй КуЗНеЦоВ,8(9479) 04-92,3,амУнИцИЯ ДЛЯ соБаК,3,3486.91,113.09,CANCEllEd,Всё отлично!,2024/05/08,6276063056991466
2029956250283,2024-05-02 16:44:51,ДМИтРИй КуЗНеЦоВ,8(9479) 04-92,3,амунИЦИя для СобаК,2,1948.99,451.01,CAnCeLLed,Всё отлично!,2024/05/08,6276063056991466
2029956249809,2024/05/26 08:22:54,АЛЕКСЕй МИхАйлОв,8(9233) 00-30,3,АМуНиЦИЯ дЛЯ СОбаК,5,5850.8,149.2,cOMplEtEd,спасибо за заказ,09.05.2024,4597139116223075
2029956249809,2024/05/26 08:22:54,АЛЕКСЕй МИхАйлОв,8(9233) 00-30,2,ИгрушКа мяЧ,3,785.44,114.56,COmpletEd,спасибо за заказ,09.05.2024,4597139116223075
2029956249809,2024/05/26 08:22:54,АЛЕКСЕй МИхАйлОв,8(9233) 00-30,3,амуНИЦиЯ ДлЯ СобаК,4,3877.0,923.0,complETeD,спасибо за заказ,09.05.2024,4597139116223075
2029956248612,2024-05-16 16:58:50,аНна СМирНоВа,+7(9707)02-13,2,ИГрУшКа МЯЧ,5,1307.53,192.47,pROcessinG,Ждём с нетерпением!,31.05.2024,5788403889338439
2029956248612,2024-05-16 16:58:50,аНна СМирНоВа,+7(9707)02-13,5,МОЛОкО,3,7518.69,1481.31,prOcESSiNG,Ждём с нетерпением!,31.05.2024,5788403889338439
2029956248612,2024-05-16 16:58:50,аНна СМирНоВа,+7(9707)02-13,4,подПИСКА На газетУ,5,2971.21,28.79,ProcesSIng,Ждём с нетерпением!,31.05.2024,5788403889338439
2029956248612,2024-05-16 16:58:50,аНна СМирНоВа,+7(9707)02-13,2,иГруШКа мяч,3,835.1,64.9,ProceSSing,Ждём с нетерпением!,31.05.2024,5788403889338439
2029956247154,2024/05/18 03:00:06,серГеЙ сидОРОв,8(9779) 51-27,3,АМУниЦИя длЯ сОбаК,3,3259.99,340.01,ComplEteD,"Задержка с доставкой, печалька...",14.05.2024,6672954759531549
2029956247154,2024/05/18 03:00:06,серГеЙ сидОРОв,8(9779) 51-27,1,КОРМ длЯ СОбАк,3,1305.18,194.82,CoMpLEtEd,"Задержка с доставкой, печалька...",14.05.2024,6672954759531549
2029956247154,2024/05/18 03:00:06,серГеЙ сидОРОв,8(9779) 51-27,4,ПодписКА На газЕТу,4,2208.16,191.84,coMpleTeD,"Задержка с доставкой, печалька...",14.05.2024,6672954759531549
2029956247154,2024/05/18 03:00:06,серГеЙ сидОРОв,8(9779) 51-27,5,МоЛоКо,5,12253.94,2746.06,cOmPLeteD,"Задержка с доставкой, печалька...",14.05.2024,6672954759531549
2029956247154,2024/05/18 03:00:06,серГеЙ сидОРОв,8(9779) 51-27,3,АМуниЦИя дЛЯ соБАК,4,4417.7,382.3,cOMplEted,"Задержка с доставкой, печалька...",14.05.2024,6672954759531549
2029956246611,2024-05-06 07:54:07,АлЕкСЕЙ миХАйЛов,+7 9308 99 93,4,пОДПисКА НА ГаЗеТу,2,1126.37,73.63,cAnCELLeD,Ждём с нетерпением!,2024-05-22,8852738494913461
2029956246611,2024-05-06 07:54:07,АлЕкСЕЙ миХАйЛов,+7 9308 99 93,2,иГрУШка МЯч,3,865.92,34.08,CaNceLLed,Ждём с нетерпением!,2024-05-22,8852738494913461
2029956246611,2024-05-06 07:54:07,АлЕкСЕЙ миХАйЛов,+7 9308 99 93,4,ПОДпИска На гаЗЕту,3,1545.07,254.93,CAnCELLED,Ждём с нетерпением!,2024-05-22,8852738494913461
2029956245468,2024-05-22 13:24:56,ОЛЬГа куЗНЕцова,8(9143) 47-04,5,молоКо,2,5909.57,90.43,cANCeLleD,подарок вовремя,2024/05/19,3445344333472407
2029956245468,2024-05-22 13:24:56,ОЛЬГа куЗНЕцова,8(9143) 47-04,4,ПОдПИСКА На ГАЗету,5,2854.29,145.71,caNCEllEd,подарок вовремя,2024/05/19,3445344333472407
2029956244494,2024/05/24 05:22:35,ИВаН ИвАНОВ,8(9084) 87-18,3,АмуНиЦиЯ ДЛЯ сОбАк,5,5753.91,246.09,CANceLlED,Всё отлично!,2024-05-26,9242557360633435
2029956244494,2024/05/24 05:22:35,ИВаН ИвАНОВ,8(9084) 87-18,3,аМУнИЦИя ДлЯ соБак,5,5974.96,25.04,cAncELLED,Всё отлично!,2024-05-26,9242557360633435
2029956243328,08.05.2024 00:32,сЕРгЕЙ СИДоРов,+7(9085)80-15,4,ПоДПИскА на газеТУ,5,2679.35,320.65,cANcelled,Проверить наличие,2024/05/09,6892127592929614
2029956243328,08.05.2024 00:32,сЕРгЕЙ СИДоРов,+7(9085)80-15,2,иГрУШКА Мяч,4,1052.53,147.47,cAncEllEd,Проверить наличие,2024/05/09,6892127592929614
2029956243328,08.05.2024 00:32,сЕРгЕЙ СИДоРов,+7(9085)80-15,2,ИгрУшКА мяЧ,4,1041.63,158.37,cancelLEd,Проверить наличие,2024/05/09,6892127592929614
2029956242454,2024/05/29 03:24:31,ЕлЕна НОВикОвА,+7(9913)26-68,4,пОДпИскА На ГАзетУ,3,1441.29,358.71,CoMPLETeD,Ждём с нетерпением!,09.05.2024,2737715494003558
2029956242454,2024/05/29 03:24:31,ЕлЕна НОВикОвА,+7(9913)26-68,1,корМ длЯ СОбАк,3,1405.71,94.29,comPLETED,Ждём с нетерпением!,09.05.2024,2737715494003558
2029956242454,2024/05/29 03:24:31,ЕлЕна НОВикОвА,+7(9913)26-68,2,ИгРуШкА МяЧ,3,723.84,176.16,coMPLeTED,Ждём с нетерпением!,09.05.2024,2737715494003558
2029956241470,04.05.2024 21:58,ЕлЕНа нОВикОва,8(9365) 96-92,5,МоЛоко,1,2862.2,137.8,CAnCelLED,Нужно уточнить сроки,2024-05-01,2950480442883019
2029956240767,2024-05-19 19:30:05,нАтАлья вАсилЬеВа,8(9782) 04-34,3,АмУНициЯ Для сОБАк,4,4797.92,2.08,cAncelled,Проверить наличие,2024/05/26,9333422651867770
2029956239628,19.05.2024 08:04,миХаИЛ орЛОВ,8(9337) 20-43,1,кОрм длЯ собАК,1,409.12,90.88,coMpLEted,спасибо за заказ,2024/05/25,6690657718634967
2029956239628,19.05.2024 08:04,миХаИЛ орЛОВ,8(9337) 20-43,3,АМУНициЯ дЛЯ СОбАк,4,4261.48,538.52,COMPLeTED,спасибо за заказ,2024/05/25,6690657718634967
2029956239628,19.05.2024 08:04,миХаИЛ орЛОВ,8(9337) 20-43,5,мОЛОко,3,7446.46,1553.54,cOMpLeted,спасибо за заказ,2024/05/25,6690657718634967
2029956239628,19.05.2024 08:04,миХаИЛ орЛОВ,8(9337) 20-43,3,АМУнИЦИЯ для сОБаК,5,5765.94,234.06,COMPLetED,спасибо за заказ,2024/05/25,6690657718634967
2029956238598,21.05.2024 09:47,ИВАН иВаноВ,8(9605) 54-79,2,ИГРушКА Мяч,3,891.47,8.53,cOmPLETeD,Ждём с нетерпением!,08.05.2024,9158417847957486
2029956238598,21.05.2024 09:47,ИВАН иВаноВ,8(9605) 54-79,2,ИгруШка мяч,2,506.24,93.76,cOMpLETEd,Ждём с нетерпением!,08.05.2024,9158417847957486
2029956238598,21.05.2024 09:47,ИВАН иВаноВ,8(9605) 54-79,1,коРм Для сОБак,5,2203.8,296.2,cOmPLeted,Ждём с нетерпением!,08.05.2024,9158417847957486
2029956237183,2024-05-19 10:30:00,анНа СмиРноВа,+7(9300)81-04,5,молОкО,5,13851.81,1148.19,proCESsing,Всё отлично!,28.05.2024,0658112563727445
2029956237183,2024-05-19 10:30:00,анНа СмиРноВа,+7(9300)81-04,2,ИГРУшКа Мяч,2,584.43,15.57,prOCesSiNg,Всё отлично!,28.05.2024,0658112563727445
2029956237183,2024-05-19 10:30:00,анНа СмиРноВа,+7(9300)81-04,5,моЛоКо,4,10250.28,1749.72,PROCessing,Всё отлично!,28.05.2024,0658112563727445
2029956237183,2024-05-19 10:30:00,анНа СмиРноВа,+7(9300)81-04,3,АмунИЦиЯ длЯ соБАК,4,4147.02,652.98,PRocEssINg,Всё отлично!,28.05.2024,0658112563727445
2029956236109,2024-05-22 23:21:47,дМитРИЙ кУзНецов,+7(9017)51-47,5,молОко,3,7297.99,1702.01,ComPlEtEd,подарок вовремя,06.05.2024,4201190034099168
2029956236109,2024-05-22 23:21:47,дМитРИЙ кУзНецов,+7(9017)51-47,3,амУниЦиЯ длЯ СоБАк,3,3481.87,118.13,COMpLETeD,подарок вовремя,06.05.2024,4201190034099168
2029956236109,2024-05-22 23:21:47,дМитРИЙ кУзНецов,+7(9017)51-47,5,мОЛОко,1,2852.9,147.1,cOMPlEteD,подарок вовремя,06.05.2024,4201190034099168
2029956235628,2024/05/25 00:32:16,АЛЕКсЕй МИхАйЛов,+7(9306)45-41,5,молоко,2,5718.45,281.55,cancElleD,Нужно уточнить сроки,18.05.2024,6106072288328029
2029956235628,2024/05/25 00:32:16,АЛЕКсЕй МИхАйЛов,+7(9306)45-41,2,ИгруШкА мЯч,1,249.4,50.6,cANCelLED,Нужно уточнить сроки,18.05.2024,6106072288328029
2029956235628,2024/05/25 00:32:16,АЛЕКсЕй МИхАйЛов,+7(9306)45-41,3,АмУниЦИЯ длЯ соБАК,3,3239.99,360.01,canCElLeD,Нужно уточнить сроки,18.05.2024,6106072288328029
2029956235628,2024/05/25 00:32:16,АЛЕКсЕй МИхАйЛов,+7(9306)45-41,5,МоЛОко,1,2762.54,237.46,CANcELLed,Нужно уточнить сроки,18.05.2024,6106072288328029
2029956235628,2024/05/25 00:32:16,АЛЕКсЕй МИхАйЛов,+7(9306)45-41,1,КОрМ дЛя СобАк,1,407.19,92.81,cANCeLLEd,Нужно уточнить сроки,18.05.2024,6106072288328029
2029956234545,2024-05-05 01:34:57,МАрИЯ пЕТрОВа,8(9075) 05-99,1,корм дЛЯ собаК,2,880.0,120.0,cOMPLeteD,"Задержка с доставкой, печалька...",2024/05/09,4370664946484275
2029956234545,2024-05-05 01:34:57,МАрИЯ пЕТрОВа,8(9075) 05-99,1,КоРМ длЯ СОБАК,1,412.82,87.18,CompLEted,"Задержка с доставкой, печалька...",2024/05/09,4370664946484275
2029956234545,2024-05-05 01:34:57,МАрИЯ пЕТрОВа,8(9075) 05-99,2,ИГРушКА мяЧ,2,515.23,84.77,CoMpLEtED,"Задержка с доставкой, печалька...",2024/05/09,4370664946484275
2029956233535,2024-05-15 23:14:16,ИВАН ИванОв,+7 9791 69 53,4,подпиСкА На гАЗеТу,3,1764.29,35.71,caNceLLEd,Проверить наличие,2024-05-26,6683203150244824
2029956233535,2024-05-15 23:14:16,ИВАН ИванОв,+7 9791 69 53,3,АмуНиЦИя ДлЯ СоБАК,2,1975.98,424.02,caNceLlED,Проверить наличие,2024-05-26,6683203150244824
2029956233535,2024-05-15 23:14:16,ИВАН ИванОв,+7 9791 69 53,5,МОлоКо,4,9662.66,2337.34,CancellED,Проверить наличие,2024-05-26,6683203150244824
2029956233535,2024-05-15 23:14:16,ИВАН ИванОв,+7 9791 69 53,5,мОЛОкО,2,5986.86,13.14,CANCELLed,Проверить наличие,2024-05-26,6683203150244824
2029956233535,2024-05-15 23:14:16,ИВАН ИванОв,+7 9791 69 53,3,АМУниЦия для СобАК,4,4252.47,547.53,canCElLed,Проверить наличие,2024-05-26,6683203150244824
2029956232285,10.05.2024 23:57,мАРИЯ ПетроВа,8(9915) 48-41,3,амуНИЦИя ДЛЯ сОБАК,1,962.88,237.12,PrOCeSsInG,подарок вовремя,2024/05/07,9945208765890898
2029956232285,10.05.2024 23:57,мАРИЯ ПетроВа,8(9915) 48-41,2,ИгРуШКа мяч,1,247.9,52.1,PRocessinG,подарок вовремя,2024/05/07,9945208765890898
2029956232285,10.05.2024 23:57,мАРИЯ ПетроВа,8(9915) 48-41,5,Молоко,2,5335.88,664.12,proCEssINg,подарок вовремя,2024/05/07,9945208765890898
2029956232285,10.05.2024 23:57,мАРИЯ ПетроВа,8(9915) 48-41,2,ИГрУшкА мяЧ,2,527.37,72.63,PROCeSSinG,подарок вовремя,2024/05/07,9945208765890898
2029956232285,10.05.2024 23:57,мАРИЯ ПетроВа,8(9915) 48-41,3,АМунИЦИЯ ДЛя СоБак,4,3903.24,896.76,ProCEsSinG,подарок вовремя,2024/05/07,9945208765890898
2029956231712,2024/05/07 09:26:53,еЛена нОВИКОвА,+7(9000)29-85,3,АмунИция ДЛя сОБАК,3,3583.35,16.65,CoMplEtEd,подарок вовремя,2024/05/01,7266448956248925
2029956230801,2024-05-17 06:43:46,ивАН иваНОВ,8(9723) 02-30,3,амУНициЯ дЛя СОбаК,4,4779.48,20.52,pROCEssing,Ждём с нетерпением!,2024/05/19,2515565479512369
2029956230801,2024-05-17 06:43:46,ивАН иваНОВ,8(9723) 02-30,3,АМУНиция ДЛя СоБАК,4,4783.62,16.38,PRoCESSinG,Ждём с нетерпением!,2024/05/19,2515565479512369
2029956230801,2024-05-17 06:43:46,ивАН иваНОВ,8(9723) 02-30,3,амуниЦИя ДЛя собАК,2,1926.7,473.3,PROcESsinG,Ждём с нетерпением!,2024/05/19,2515565479512369
2029956230801,2024-05-17 06:43:46,ивАН иваНОВ,8(9723) 02-30,1,корм Для сОбак,4,1726.53,273.47,PRoCEssing,Ждём с нетерпением!,2024/05/19,2515565479512369
2029956230801,2024-05-17 06:43:46,ивАН иваНОВ,8(9723) 02-30,4,ПоДпИсКа на газетУ,3,1701.68,98.32,ProcEsSiNg,Ждём с нетерпением!,2024/05/19,2515565479512369
2029956229843,2024-05-07 19:52:43,АНнА смирнОВА,8(9454) 19-33,1,КоРМ ДЛЯ СобаК,2,958.86,41.14,cANcEllED,Проверить наличие,2024-05-23,0951323796769579
2029956229843,2024-05-07 19:52:43,АНнА смирнОВА,8(9454) 19-33,4,ПОДпИсКа На гАзЕТУ,4,2329.94,70.06,CanCELLED,Проверить наличие,2024-05-23,0951323796769579
2029956229843,2024-05-07 19:52:43,АНнА смирнОВА,8(9454) 19-33,2,игрушка МЯч,2,578.63,21.37,CaNceLlEd,Проверить наличие,2024-05-23,0951323796769579
2029956229843,2024-05-07 19:52:43,АНнА смирнОВА,8(9454) 19-33,3,аМунИцИя для сОбАК,3,3451.45,148.55,cAnCELLED,Проверить наличие,2024-05-23,0951323796769579
2029956228928,2024/05/22 00:12:38,мария пЕТРОва,8(9611) 44-46,2,ИгруШКа мяч,4,1030.49,169.51,PRoCesSing,Нужно уточнить сроки,2024-05-16,8796740527089194
2029956228928,2024/05/22 00:12:38,мария пЕТРОва,8(9611) 44-46,3,АмунИцИя ДЛя собАк,5,5905.1,94.9,pROcessING,Нужно уточнить сроки,2024-05-16,8796740527089194
2029956227600,20.05.2024 08:45,ИвАн ивАнов,8(9408) 99-76,2,игрушка МяЧ,2,596.73,3.27,COMpLeted,Всё отлично!,2024/05/25,7792539962460486
2029956227600,20.05.2024 08:45,ИвАн ивАнов,8(9408) 99-76,1,КоРм для сОБак,2,807.69,192.31,ComPleTED,Всё отлично!,2024/05/25,7792539962460486
2029956226876,28.05.2024 05:56,сергеЙ сИдОрОВ,+7(9256)17-51,2,ИГРушка мЯч,3,788.32,111.68,cOMplEted,Всё отлично!,28.05.2024,9633241502416437
2029956225181,2024/05/16 13:45:50,иваН ивАнов,+7 9695 89 02,4,поДпИСка на ГАЗЕТу,5,2586.76,413.24,CaNceLleD,Всё отлично!,14.05.2024,8153529384801902
2029956225181,2024/05/16 13:45:50,иваН ивАнов,+7 9695 89 02,4,ПОдпИска нА ГАЗету,4,2259.82,140.18,CaNcelled,Всё отлично!,14.05.2024,8153529384801902
2029956225181,2024/05/16 13:45:50,иваН ивАнов,+7 9695 89 02,4,ПодпИСкА на гАЗЕТу,3,1505.0,295.0,caNCelLeD,Всё отлично!,14.05.2024,8153529384801902
2029956225181,2024/05/16 13:45:50,иваН ивАнов,+7 9695 89 02,5,молОкО,1,2502.07,497.93,caNCElLED,Всё отлично!,14.05.2024,8153529384801902
2029956224530,2024-05-24 02:50:06,мИхаИЛ ОРЛОВ,+7(9281)52-74,4,ПоДписКа нА газЕТУ,2,1064.09,135.91,cOmpLEtEd,Всё отлично!,18.05.2024,8270890403789917
2029956479204,2024/05/03 01:36:02,сергеЙ сИдоРОВ,+7 9376 97 04,5,мОлОко,1,2777.24,222.76,coMPleTEd,Всё отлично!,2024-05-21,9532651363566301
2029956478314,2024/05/30 13:58:45,ольГА КузнЕЦова,+7(9149)43-78,3,АмунИцИя ДЛя сОбак,3,2963.17,636.83,PRoCESSiNg,"Задержка с доставкой, печалька...",2024/05/09,7518104133231775
2029956478314,2024/05/30 13:58:45,ольГА КузнЕЦова,+7(9149)43-78,2,ИГРУшКА мяч,2,578.68,21.32,procEsSINg,"Задержка с доставкой, печалька...",2024/05/09,7518104133231775
2029956478314,2024/05/30 13:58:45,ольГА КузнЕЦова,+7(9149)43-78,5,молОКо,5,13803.22,1196.78,pROcEsSInG,"Задержка с доставкой, печалька...",2024/05/09,7518104133231775
2029956478314,2024/05/30 13:58:45,ольГА КузнЕЦова,+7(9149)43-78,2,игРУШКа мЯч,5,1220.93,279.07,procEsSIng,"Задержка с доставкой, печалька...",2024/05/09,7518104133231775
2029956478314,2024/05/30 13:58:45,ольГА КузнЕЦова,+7(9149)43-78,2,игРуШКА Мяч,1,240.28,59.72,PROcessiNG,"Задержка с доставкой, печалька...",2024/05/09,7518104133231775
2029956477532,14.05.2024 04:38,сергЕЙ сИдоРОв,+7 9770 15 96,5,моЛоко,3,8662.41,337.59,PrOCEssiNG,Нужно уточнить сроки,2024-05-22,5394514310058640
2029956477532,14.05.2024 04:38,сергЕЙ сИдоРОв,+7 9770 15 96,2,ИгрУшка МЯЧ,4,1071.72,128.28,PROcESSIng,Нужно уточнить сроки,2024-05-22,5394514310058640
2029956477532,14.05.2024 04:38,сергЕЙ сИдоРОв,+7 9770 15 96,3,аМуниция ДлЯ сОбаК,3,3289.91,310.09,ProcESSinG,Нужно уточнить сроки,2024-05-22,5394514310058640
2029956477532,14.05.2024 04:38,сергЕЙ сИдоРОв,+7 9770 15 96,1,Корм Для СОбак,1,474.54,25.46,PrOcEsSIng,Нужно уточнить сроки,2024-05-22,5394514310058640
2029956476775,06.05.2024 21:37,иВан иВаноВ,8(9354) 16-82,4,ПОДпИСка На гАЗЕту,5,2647.21,352.79,cANcELlED,"Задержка с доставкой, печалька...",2024/05/16,7224005475964195
2029956476775,06.05.2024 21:37,иВан иВаноВ,8(9354) 16-82,2,ИгрУШКа МЯч,3,876.08,23.92,cANCeLled,"Задержка с доставкой, печалька...",2024/05/16,7224005475964195
2029956475638,25.05.2024 05:50,ИВАн ИВаНОВ,+7(9779)11-44,2,ИгрУшкА мяч,1,288.78,11.22,canCellED,Ждём с нетерпением!,2024-05-11,0078675897717792
2029956475638,25.05.2024 05:50,ИВАн ИВаНОВ,+7(9779)11-44,3,аМУНИциЯ дЛЯ сОБАК,2,2163.03,236.97,CANcELlEd,Ждём с нетерпением!,2024-05-11,0078675897717792
2029956475638,25.05.2024 05:50,ИВАн ИВаНОВ,+7(9779)11-44,2,ИгруШкА мяч,2,593.88,6.12,CaNCelLed,Ждём с нетерпением!,2024-05-11,0078675897717792
2029956474305,2024/05/12 03:00:22,мИхАиЛ ОрЛОВ,+7(9690)43-53,2,ИГрУШКА мяч,5,1302.22,197.78,pRocEsSIng,спасибо за заказ,2024/05/05,1915152829284626
2029956474305,2024/05/12 03:00:22,мИхАиЛ ОрЛОВ,+7(9690)43-53,5,МОЛокО,4,9897.9,2102.1,pROcessINg,спасибо за заказ,2024/05/05,1915152829284626
2029956474305,2024/05/12 03:00:22,мИхАиЛ ОрЛОВ,+7(9690)43-53,3,АмуНиция для СОбАк,3,2921.35,678.65,pRoceSSINg,спасибо за заказ,2024/05/05,1915152829284626
2029956473814,23.05.2024 17:30,еЛенА нОвИковА,8(9887) 89-07,5,моЛОкО,1,2610.31,389.69,proCESsinG,подарок вовремя,2024/05/01,3976236490605522
2029956473814,23.05.2024 17:30,еЛенА нОвИковА,8(9887) 89-07,3,аМУницИЯ ДЛЯ сОБАк,4,3900.91,899.09,PrOcESSINg,подарок вовремя,2024/05/01,3976236490605522
2029956472978,2024/05/11 16:13:42,АлекСеЙ МиХАЙЛоВ,+7 9816 77 81,5,молоко,5,14794.14,205.86,prOCEsSIng,"Задержка с доставкой, печалька...",21.05.2024,2241580836409435
2029956472978,2024/05/11 16:13:42,АлекСеЙ МиХАЙЛоВ,+7 9816 77 81,5,МОлОКо,3,8450.45,549.55,pROCeSSiNg,"Задержка с доставкой, печалька...",21.05.2024,2241580836409435
2029956472978,2024/05/11 16:13:42,АлекСеЙ МиХАЙЛоВ,+7 9816 77 81,2,игРуШкА МЯч,1,257.97,42.03,procesSInG,"Задержка с доставкой, печалька...",21.05.2024,2241580836409435
2029956471431,2024-05-25 08:28:28,нАтальЯ ВаСИЛЬЕвА,8(9947) 34-39,4,подпИСКА НА гаЗЕТУ,1,525.65,74.35,PRoCESSiNG,Нужно уточнить сроки,2024/05/30,3265532674585602
2029956471431,2024-05-25 08:28:28,нАтальЯ ВаСИЛЬЕвА,8(9947) 34-39,3,АмУницИя Для соБаК,3,3266.28,333.72,ProcEssiNg,Нужно уточнить сроки,2024/05/30,3265532674585602
2029956471431,2024-05-25 08:28:28,нАтальЯ ВаСИЛЬЕвА,8(9947) 34-39,2,иГрУшКа МЯч,1,297.85,2.15,pRoCESSiNG,Нужно уточнить сроки,2024/05/30,3265532674585602
2029956471431,2024-05-25 08:28:28,нАтальЯ ВаСИЛЬЕвА,8(9947) 34-39,2,игРуШкА МЯЧ,4,1100.72,99.28,PrOCesSiNg,Нужно уточнить сроки,2024/05/30,3265532674585602
2029956470708,2024-05-04 04:49:44,ЕлеНА НОвиКОВА,+7 9104 63 33,2,игРУШкА мяЧ,2,523.12,76.88,pRoCessinG,"Задержка с доставкой, печалька...",2024/05/03,8809567751004522
2029956470708,2024-05-04 04:49:44,ЕлеНА НОвиКОВА,+7 9104 63 33,5,моЛоко,2,5809.32,190.68,prOCessing,"Задержка с доставкой, печалька...",2024/05/03,8809567751004522
2029956469492,2024-05-27 02:34:47,натальЯ васильевА,+7 9708 90 68,2,ИГрУШкА мЯЧ,4,1121.14,78.86,CoMPletEd,Всё отлично!,06.05.2024,0332117648480548
2029956468263,2024-05-05 03:31:56,сЕРгеЙ сИдорОВ,+7 9205 59 36,2,ИГрушКа МЯч,4,1044.14,155.86,PRocessinG,Всё отлично!,2024/05/30,1353305950791536
2029956468263,2024-05-05 03:31:56,сЕРгеЙ сИдорОВ,+7 9205 59 36,3,АМунИциЯ ДЛЯ СОбаК,2,2050.9,349.1,pROcESSInG,Всё отлично!,2024/05/30,1353305950791536
2029956467691,2024-05-14 13:11:26,ИваН ИваНОв,+7(9766)32-39,1,КоРм дЛЯ сОбак,2,931.1,68.9,COmPleted,Нужно уточнить сроки,2024/05/05,1696593404232353
2029956467691,2024-05-14 13:11:26,ИваН ИваНОв,+7(9766)32-39,4,пОдпИсКА нА газету,2,967.76,232.24,COMplETed,Нужно уточнить сроки,2024/05/05,1696593404232353
2029956467691,2024-05-14 13:11:26,ИваН ИваНОв,+7(9766)32-39,1,коРМ длЯ СоБаК,5,2227.41,272.59,cOMpleTeD,Нужно уточнить сроки,2024/05/05,1696593404232353
2029956467691,2024-05-14 13:11:26,ИваН ИваНОв,+7(9766)32-39,5,МОлОКо,1,2413.57,586.43,ComPLeTED,Нужно уточнить сроки,2024/05/05,1696593404232353
2029956467691,2024-05-14 13:11:26,ИваН ИваНОв,+7(9766)32-39,3,АмУнИЦИя для СОбАк,3,3242.13,357.87,coMpLEtED,Нужно уточнить сроки,2024/05/05,1696593404232353
2029956466599,19.05.2024 02:00,аЛЕКсеЙ МихайлоВ,8(9070) 23-74,4,ПОДПИсКа НА ГазЕтУ,4,2318.9,81.1,cOmPLeTED,Проверить наличие,2024-05-28,8193494096919981
2029956466599,19.05.2024 02:00,аЛЕКсеЙ МихайлоВ,8(9070) 23-74,5,мОлОко,4,11321.3,678.7,coMPLETEd,Проверить наличие,2024-05-28,8193494096919981
2029956466599,19.05.2024 02:00,аЛЕКсеЙ МихайлоВ,8(9070) 23-74,3,АмУНИЦия длЯ сОБак,2,2088.8,311.2,CoMpletED,Проверить наличие,2024-05-28,8193494096919981
2029956466599,19.05.2024 02:00,аЛЕКсеЙ МихайлоВ,8(9070) 23-74,2,ИгруШКА мяч,5,1340.32,159.68,cOmplETeD,Проверить наличие,2024-05-28,8193494096919981
2029956466599,19.05.2024 02:00,аЛЕКсеЙ МихайлоВ,8(9070) 23-74,5,мОлОКо,1,2659.92,340.08,coMPletEd,Проверить наличие,2024-05-28,8193494096919981
2029956465831,2024/05/11 09:24:13,ДМиТрИй КуЗНЕцОВ,8(9855) 05-64,5,МолОКо,2,5140.33,859.67,cOmPLetEd,Всё отлично!,2024/05/10,8919318132733523
2029956465831,2024/05/11 09:24:13,ДМиТрИй КуЗНЕцОВ,8(9855) 05-64,1,корМ Для собаК,4,1811.65,188.35,ComPLETEd,Всё отлично!,2024/05/10,8919318132733523
2029956465831,2024/05/11 09:24:13,ДМиТрИй КуЗНЕцОВ,8(9855) 05-64,2,игРушкА мяЧ,4,1146.65,53.35,cOMpLetED,Всё отлично!,2024/05/10,8919318132733523
2029956465831,2024/05/11 09:24:13,ДМиТрИй КуЗНЕцОВ,8(9855) 05-64,3,АмунИцИЯ Для СОбАК,1,1095.9,104.1,COmPLETed,Всё отлично!,2024/05/10,8919318132733523
2029956465831,2024/05/11 09:24:13,ДМиТрИй КуЗНЕцОВ,8(9855) 05-64,1,КОРМ Для СобАк,3,1441.65,58.35,COMplETeD,Всё отлично!,2024/05/10,8919318132733523
2029956464715,2024/05/08 13:05:53,ДмиТрИЙ кУЗнЕцОВ,8(9603) 81-56,1,коРм длЯ СоБАк,3,1353.14,146.86,COMpleTed,спасибо за заказ,2024/05/01,6671438466010155
2029956464715,2024/05/08 13:05:53,ДмиТрИЙ кУЗнЕцОВ,8(9603) 81-56,5,МОЛОКо,4,11534.35,465.65,coMPleTed,спасибо за заказ,2024/05/01,6671438466010155
2029956464715,2024/05/08 13:05:53,ДмиТрИЙ кУЗнЕцОВ,8(9603) 81-56,1,КоРм дЛЯ соБак,2,969.75,30.25,cOmpLEtED,спасибо за заказ,2024/05/01,6671438466010155
2029956464715,2024/05/08 13:05:53,ДмиТрИЙ кУЗнЕцОВ,8(9603) 81-56,3,аМУНиЦиЯ ДЛЯ сОбаК,2,2380.34,19.66,COmPLETED,спасибо за заказ,2024/05/01,6671438466010155
2029956463545,2024-05-25 19:23:27,Иван иваНОв,+7(9069)21-35,3,АМУницИЯ Для СоБаК,4,4697.7,102.3,coMpLetED,Ждём с нетерпением!,2024/05/15,5718218640231862
2029956463545,2024-05-25 19:23:27,Иван иваНОв,+7(9069)21-35,4,подпИскА на гАЗеТУ,4,2351.62,48.38,COmplETEd,Ждём с нетерпением!,2024/05/15,5718218640231862
2029956463545,2024-05-25 19:23:27,Иван иваНОв,+7(9069)21-35,1,коРм Для СоБаК,5,2493.28,6.72,COmPleTED,Ждём с нетерпением!,2024/05/15,5718218640231862
2029956462969,2024/05/29 12:37:54,дмИтРий КУЗнеЦоВ,+7 9450 59 67,3,амуНиЦия ДЛЯ сОБак,5,5716.22,283.78,CompleTeD,Всё отлично!,21.05.2024,8657750994245243
2029956462969,2024/05/29 12:37:54,дмИтРий КУЗнеЦоВ,+7 9450 59 67,3,АмУНицИя дЛЯ СоБАК,2,1925.84,474.16,cOMplEted,Всё отлично!,21.05.2024,8657750994245243
2029956462969,2024/05/29 12:37:54,дмИтРий КУЗнеЦоВ,+7 9450 59 67,5,МОЛоКО,4,9984.83,2015.17,coMpleTED,Всё отлично!,21.05.2024,8657750994245243
2029956462969,2024/05/29 12:37:54,дмИтРий КУЗнеЦоВ,+7 9450 59 67,2,ИгрУшКА Мяч,5,1496.41,3.59,COmPLEteD,Всё отлично!,21.05.2024,8657750994245243
2029956461484,18.05.2024 15:39,алексей МихАйлОв,+7(9816)68-91,2,ИГРУШка МЯч,1,262.16,37.84,canceLLeD,спасибо за заказ,2024-05-20,2001436537730464
2029956461484,18.05.2024 15:39,алексей МихАйлОв,+7(9816)68-91,5,мОЛОКо,3,7565.32,1434.68,CanceLlED,спасибо за заказ,2024-05-20,2001436537730464
2029956461484,18.05.2024 15:39,алексей МихАйлОв,+7(9816)68-91,3,амУНицИя ДЛя СОбАк,1,1181.81,18.19,canceLlED,спасибо за заказ,2024-05-20,2001436537730464
2029956461484,18.05.2024 15:39,алексей МихАйлОв,+7(9816)68-91,4,поДПиска НА ГазЕтУ,1,564.17,35.83,cANcELleD,спасибо за заказ,2024-05-20,2001436537730464
2029956460976,2024-05-03 23:45:06,олЬгА КузНЕцОва,+7 9705 95 11,4,пОдписКа НА газЕТУ,1,517.95,82.05,pROCessInG,спасибо за заказ,2024-05-10,3995767221588815
2029956460976,2024-05-03 23:45:06,олЬгА КузНЕцОва,+7 9705 95 11,3,АмУниЦия ДЛя собАК,5,5119.78,880.22,pROCessiNG,спасибо за заказ,2024-05-10,3995767221588815
2029956460976,2024-05-03 23:45:06,олЬгА КузНЕцОва,+7 9705 95 11,3,АмуНиЦИЯ длЯ собАк,4,4379.64,420.36,PrOcEssiNG,спасибо за заказ,2024-05-10,3995767221588815
2029956459319,2024-05-01 08:46:34,ОлЬгА кУзнеЦОВа,+7 9873 71 83,1,кОрм дЛя сОБАк,4,1726.51,273.49,COmpLEtEd,Всё отлично!,14.05.2024,4700513367131955
2029956459319,2024-05-01 08:46:34,ОлЬгА кУзнеЦОВа,+7 9873 71 83,1,КОРм для соБАк,1,475.19,24.81,CoMPLeTEd,Всё отлично!,14.05.2024,4700513367131955
2029956459319,2024-05-01 08:46:34,ОлЬгА кУзнеЦОВа,+7 9873 71 83,3,АмУниЦиЯ дЛЯ собак,1,1136.54,63.46,cOmPlEted,Всё отлично!,14.05.2024,4700513367131955
2029956458449,2024/05/27 20:39:19,нАТалЬя ВаСИЛЬЕВа,+7(9213)04-94,1,КоРМ длЯ сОбаК,3,1400.14,99.86,PrOcEssiNG,Ждём с нетерпением!,2024-05-09,8149766715764691
2029956457361,08.05.2024 04:00,ДмИтРиЙ КузнЕцОВ,+7(9723)70-24,2,ИгРУшКа МЯЧ,3,893.63,6.37,CanCelLeD,подарок вовремя,2024-05-17,7357432027055808
2029956457361,08.05.2024 04:00,ДмИтРиЙ КузнЕцОВ,+7(9723)70-24,1,кОрм ДЛя соБАК,1,411.49,88.51,CANCeLleD,подарок вовремя,2024-05-17,7357432027055808
2029956456452,14.05.2024 13:46,СЕргЕй сидорОВ,8(9260) 40-67,1,Корм длЯ СоБак,4,1912.99,87.01,CoMPleTEd,подарок вовремя,05.05.2024,4618152955631319
2029956456452,14.05.2024 13:46,СЕргЕй сидорОВ,8(9260) 40-67,4,ПоДпиСка на ГаЗЕТУ,2,1024.05,175.95,comPLeTeD,подарок вовремя,05.05.2024,4618152955631319
2029956456452,14.05.2024 13:46,СЕргЕй сидорОВ,8(9260) 40-67,2,игрУШКа Мяч,4,1143.06,56.94,coMPlEted,подарок вовремя,05.05.2024,4618152955631319
2029956455334,2024/05/30 15:46:44,МихАИл орлОВ,+7(9473)35-33,3,амуниция ДЛЯ собаК,2,1956.55,443.45,prOcesSiNG,Ждём с нетерпением!,21.05.2024,5731276848920958
2029956455334,2024/05/30 15:46:44,МихАИл орлОВ,+7(9473)35-33,4,подписКа нА ГазеТУ,1,567.49,32.51,pRoCeSsING,Ждём с нетерпением!,21.05.2024,5731276848920958
2029956455334,2024/05/30 15:46:44,МихАИл орлОВ,+7(9473)35-33,3,АмУНИЦия Для СОБаК,4,4417.01,382.99,prOcesSING,Ждём с нетерпением!,21.05.2024,5731276848920958
2029956454938,27.05.2024 23:30,ЕЛенА НоВиКОва,+7 9351 48 22,1,кОРМ длЯ сОбаК,3,1244.9,255.1,PrOceSsiNg,Проверить наличие,2024/05/27,6685088386612098
2029956453714,2024/05/08 08:11:59,ДмиТриЙ кузнецов,+7 9705 12 37,2,игРУшКА мЯЧ,2,525.4,74.6,COmpLeTeD,Нужно уточнить сроки,14.05.2024,1880632973367734
2029956453714,2024/05/08 08:11:59,ДмиТриЙ кузнецов,+7 9705 12 37,5,МОЛоКо,2,5572.18,427.82,compLEtEd,Нужно уточнить сроки,14.05.2024,1880632973367734
2029956452127,2024/05/05 19:20:05,оЛьГА кузнецОвА,+7(9963)36-14,1,коРм Для СОБаК,1,446.36,53.64,CANcElLEd,Ждём с нетерпением!,01.05.2024,4979295620054259
2029956452127,2024/05/05 19:20:05,оЛьГА кузнецОвА,+7(9963)36-14,5,МОлОко,5,14501.09,498.91,cAnCeLlEd,Ждём с нетерпением!,01.05.2024,4979295620054259
2029956451454,2024/05/05 21:14:40,НатаЛья ВасИЛЬЕВа,+7(9311)63-89,3,АмуНИциЯ Для сОБаК,2,2131.97,268.03,CAncelleD,Проверить наличие,2024/05/29,5529330124148804
2029956451454,2024/05/05 21:14:40,НатаЛья ВасИЛЬЕВа,+7(9311)63-89,5,мОлОко,5,12513.35,2486.65,caNcelLEd,Проверить наличие,2024/05/29,5529330124148804
2029956451454,2024/05/05 21:14:40,НатаЛья ВасИЛЬЕВа,+7(9311)63-89,3,АмУНИЦИя длЯ сОБаК,1,1038.32,161.68,cANcellEd,Проверить наличие,2024/05/29,5529330124148804
2029956451454,2024/05/05 21:14:40,НатаЛья ВасИЛЬЕВа,+7(9311)63-89,2,ИГрУшкА мяч,3,840.19,59.81,CancElleD,Проверить наличие,2024/05/29,5529330124148804
2029956450881,12.05.2024 02:17,ЕЛЕНА НоВИКова,8(9789) 28-91,3,аМУнИЦИя ДЛя сОбак,3,3157.82,442.18,cOmpLETed,Всё отлично!,2024-05-19,6375204565658565
2029956450881,12.05.2024 02:17,ЕЛЕНА НоВИКова,8(9789) 28-91,3,амуниЦИя для сОБак,3,3185.72,414.28,CoMPlEted,Всё отлично!,2024-05-19,6375204565658565
2029956450881,12.05.2024 02:17,ЕЛЕНА НоВИКова,8(9789) 28-91,2,игРУШКа МяЧ,1,242.25,57.75,COmPleTed,Всё отлично!,2024-05-19,6375204565658565
2029956450881,12.05.2024 02:17,ЕЛЕНА НоВИКова,8(9789) 28-91,4,подпИСка НА ГАзЕтУ,2,1045.61,154.39,cOmPleTEd,Всё отлично!,2024-05-19,6375204565658565
2029956449380,2024/05/18 02:00:10,ЕЛеНА НоВИкОВа,+7(9231)03-62,5,моЛоко,5,13757.63,1242.37,ProCEssING,"Задержка с доставкой, печалька...",12.05.2024,4303814656675405
2029956449380,2024/05/18 02:00:10,ЕЛеНА НоВИкОВа,+7(9231)03-62,3,АМунициЯ Для собаК,3,3199.48,400.52,proCEsSing,"Задержка с доставкой, печалька...",12.05.2024,4303814656675405
2029956449380,2024/05/18 02:00:10,ЕЛеНА НоВИкОВа,+7(9231)03-62,4,подпиСКа На газеТу,5,2623.09,376.91,PrOCeSsiNg,"Задержка с доставкой, печалька...",12.05.2024,4303814656675405
2029956449380,2024/05/18 02:00:10,ЕЛеНА НоВИкОВа,+7(9231)03-62,4,пОДпИсКА На ГАЗЕту,5,2708.86,291.14,pRocEsSIng,"Задержка с доставкой, печалька...",12.05.2024,4303814656675405
2029956449380,2024/05/18 02:00:10,ЕЛеНА НоВИкОВа,+7(9231)03-62,2,ИгрушКа мЯч,4,1088.67,111.33,pROcEsSing,"Задержка с доставкой, печалька...",12.05.2024,4303814656675405
2029956448316,2024/05/08 16:44:38,АЛЕксей МиХАйЛОВ,+7 9910 47 29,1,кОРМ дЛя сОбак,2,961.21,38.79,CanceLlED,Нужно уточнить сроки,17.05.2024,7919223060869120
2029956448316,2024/05/08 16:44:38,АЛЕксей МиХАйЛОВ,+7 9910 47 29,2,ИГрУшкА мЯЧ,2,565.97,34.03,CancElleD,Нужно уточнить сроки,17.05.2024,7919223060869120
2029956448316,2024/05/08 16:44:38,АЛЕксей МиХАйЛОВ,+7 9910 47 29,5,МолоКО,2,5188.98,811.02,CANCElled,Нужно уточнить сроки,17.05.2024,7919223060869120
2029956448316,2024/05/08 16:44:38,АЛЕксей МиХАйЛОВ,+7 9910 47 29,3,амуницИЯ ДЛЯ соБАк,3,3044.95,555.05,CanCElled,Нужно уточнить сроки,17.05.2024,7919223060869120
2029956447479,12.05.2024 18:36,дмиТРИЙ кУзНецоВ,+7(9818)81-89,3,АМуНИциЯ дЛя соБаК,2,2285.63,114.37,prOcEssing,Проверить наличие,04.05.2024,2748077493817915
2029956446745,28.05.2024 14:26,ЕлЕНа НоВиКоВА,+7(9000)70-44,5,моЛОКО,2,5417.14,582.86,cOMPLeteD,спасибо за заказ,2024/05/15,7568367459662304
2029956446745,28.05.2024 14:26,ЕлЕНа НоВиКоВА,+7(9000)70-44,1,КОРм длЯ СОбаК,1,447.77,52.23,CoMpLETeD,спасибо за заказ,2024/05/15,7568367459662304
2029956445881,15.05.2024 19:10,СЕргЕЙ сидОРОВ,8(9549) 41-58,5,мОЛОкО,2,4800.78,1199.22,CompLEtEd,"Задержка с доставкой, печалька...",11.05.2024,4686858397075868
2029956445881,15.05.2024 19:10,СЕргЕЙ сидОРОВ,8(9549) 41-58,2,ИГруШкА МЯЧ,4,1139.99,60.01,cOmpLETED,"Задержка с доставкой, печалька...",11.05.2024,4686858397075868
2029956445881,15.05.2024 19:10,СЕргЕЙ сидОРОВ,8(9549) 41-58,2,ИГРуШка МяЧ,1,283.94,16.06,cOmPLETED,"Задержка с доставкой, печалька...",11.05.2024,4686858397075868
2029956445881,15.05.2024 19:10,СЕргЕЙ сидОРОВ,8(9549) 41-58,1,КорМ Для соБак,2,885.46,114.54,COmPLeTED,"Задержка с доставкой, печалька...",11.05.2024,4686858397075868
2029956444363,2024-05-14 12:46:45,ДмитРиЙ кУзнецОв,+7(9732)69-62,2,ИГРушКА МЯч,1,297.57,2.43,COmPLeTED,Ждём с нетерпением!,2024-05-04,1198708524594414
2029956444363,2024-05-14 12:46:45,ДмитРиЙ кУзнецОв,+7(9732)69-62,5,моЛоКо,3,7563.41,1436.59,cOMPleTeD,Ждём с нетерпением!,2024-05-04,1198708524594414
2029956443293,29.05.2024 05:24,Иван ивАНов,+7(9946)89-71,1,КОрМ ДлЯ собАк,2,982.78,17.22,ProcESsIng,спасибо за заказ,2024-05-04,8050658281034744
2029956442462,03.05.2024 00:19,дМитРИй КузНецОв,+7(9778)64-42,5,МоЛОКо,1,2703.56,296.44,cOmpletED,"Задержка с доставкой, печалька...",2024/05/03,2013235354178393
2029956442462,03.05.2024 00:19,дМитРИй КузНецОв,+7(9778)64-42,2,ИгРУшка МяЧ,1,273.03,26.97,cOmpLEteD,"Задержка с доставкой, печалька...",2024/05/03,2013235354178393
2029956441135,01.05.2024 03:22,елена НовИКоВА,8(9543) 23-46,5,МОлокО,1,2723.35,276.65,CoMPlEtEd,подарок вовремя,17.05.2024,7028269989094930
2029956441135,01.05.2024 03:22,елена НовИКоВА,8(9543) 23-46,4,ПОдпиСКА нА гАзетУ,5,2598.08,401.92,COmPLEtED,подарок вовремя,17.05.2024,7028269989094930
2029956441135,01.05.2024 03:22,елена НовИКоВА,8(9543) 23-46,3,АМУНИЦИя ДлЯ СОбАк,3,3181.76,418.24,ComPLETEd,подарок вовремя,17.05.2024,7028269989094930
2029956440502,23.05.2024 14:31,аннА СмирновА,+7(9984)62-54,3,АМунИЦиЯ ДЛя сОБаК,3,3543.79,56.21,cANcelLED,Ждём с нетерпением!,2024-05-28,8821861385478595
2029956440502,23.05.2024 14:31,аннА СмирновА,+7(9984)62-54,3,АмУнициЯ дЛя СоБАк,3,3236.41,363.59,CancelLED,Ждём с нетерпением!,2024-05-28,8821861385478595
2029956440502,23.05.2024 14:31,аннА СмирновА,+7(9984)62-54,2,ИГрУШКа мяЧ,1,269.87,30.13,CAnCeLled,Ждём с нетерпением!,2024-05-28,8821861385478595
2029956439448,2024/05/23 14:38:06,сеРГеЙ сидОроВ,+7(9039)40-33,3,аМуНиЦИЯ длЯ сОБАк,3,3213.28,386.72,PRocEssiNg,подарок вовремя,2024-05-11,8909302491985885
2029956439448,2024/05/23 14:38:06,сеРГеЙ сидОроВ,+7(9039)40-33,5,МоЛоКо,2,4882.4,1117.6,prOcEsSinG,подарок вовремя,2024-05-11,8909302491985885
2029956439448,2024/05/23 14:38:06,сеРГеЙ сидОроВ,+7(9039)40-33,4,ПоДПИскА НА ГАзету,2,1176.19,23.81,ProCEssinG,подарок вовремя,2024-05-11,8909302491985885
2029956438874,21.05.2024 19:31,АЛЕКсЕй михаЙЛоВ,+7 9987 89 30,1,КоРМ ДЛЯ собАК,5,2256.8,243.2,caNCElLed,"Задержка с доставкой, печалька...",2024-05-15,8905246477217874
2029956438874,21.05.2024 19:31,АЛЕКсЕй михаЙЛоВ,+7 9987 89 30,4,пОДпиСКА на гАзЕТу,5,2808.07,191.93,cAncelLEd,"Задержка с доставкой, печалька...",2024-05-15,8905246477217874
2029956438874,21.05.2024 19:31,АЛЕКсЕй михаЙЛоВ,+7 9987 89 30,4,поДпиСка На ГаЗЕТУ,5,2797.04,202.96,canCeLlED,"Задержка с доставкой, печалька...",2024-05-15,8905246477217874
2029956438874,21.05.2024 19:31,АЛЕКсЕй михаЙЛоВ,+7 9987 89 30,4,поДпиСКА нА гАзеТУ,4,2242.47,157.53,CAncEllEd,"Задержка с доставкой, печалька...",2024-05-15,8905246477217874
2029956437265,2024/05/26 17:58:54,АнНа СмиРНОВА,+7 9247 40 55,2,ИгрушкА МЯЧ,5,1321.78,178.22,CanCELLed,подарок вовремя,2024-05-29,1764571785950202
2029956436979,16.05.2024 18:08,еЛЕНА НоВикОВА,+7(9205)73-02,2,иГРуШка МЯч,2,521.72,78.28,PrOCEsSiNG,"Задержка с доставкой, печалька...",2024-05-04,6224770795749076
2029956436979,16.05.2024 18:08,еЛЕНА НоВикОВА,+7(9205)73-02,1,кОРм дЛЯ СОбаК,5,2475.28,24.72,PrOCESSiNG,"Задержка с доставкой, печалька...",2024-05-04,6224770795749076
2029956436979,16.05.2024 18:08,еЛЕНА НоВикОВА,+7(9205)73-02,3,АмУНИЦиЯ длЯ соБАк,4,4730.38,69.62,ProceSsInG,"Задержка с доставкой, печалька...",2024-05-04,6224770795749076
2029956435264,2024-05-19 10:56:58,ИВАН иВаНов,+7 9946 01 49,3,АМУНИцИЯ ДЛЯ сОБАК,3,3236.21,363.79,cancelLED,спасибо за заказ,20.05.2024,6832872909719301
2029956435264,2024-05-19 10:56:58,ИВАН иВаНов,+7 9946 01 49,5,МолОкО,5,13011.36,1988.64,CanCElLeD,спасибо за заказ,20.05.2024,6832872909719301
2029956435264,2024-05-19 10:56:58,ИВАН иВаНов,+7 9946 01 49,4,ПОдпиСКА НА газеТУ,5,2625.18,374.82,CaNCelleD,спасибо за заказ,20.05.2024,6832872909719301
2029956435264,2024-05-19 10:56:58,ИВАН иВаНов,+7 9946 01 49,2,ИгруШКА МЯЧ,3,735.07,164.93,CancelLeD,спасибо за заказ,20.05.2024,6832872909719301
2029956435264,2024-05-19 10:56:58,ИВАН иВаНов,+7 9946 01 49,3,аМуНИцИя дЛя сОбАК,2,2150.04,249.96,CAnCElLEd,спасибо за заказ,20.05.2024,6832872909719301
2029956434569,2024/05/15 04:54:22,МАрИЯ петровА,8(9149) 86-64,4,подпИскА На гаЗЕТу,5,2639.86,360.14,COMPLEtEd,Нужно уточнить сроки,2024-05-05,8194096776057933
2029956434569,2024/05/15 04:54:22,МАрИЯ петровА,8(9149) 86-64,5,МОЛОко,3,7616.32,1383.68,comPleteD,Нужно уточнить сроки,2024-05-05,8194096776057933
2029956433124,2024/05/12 19:22:13,наТАлЬЯ ВасИЛьЕва,+7(9207)94-81,2,ИГРУшКА мяЧ,1,286.12,13.88,prOCEsSIng,спасибо за заказ,2024-05-08,0574433735713360
2029956433124,2024/05/12 19:22:13,наТАлЬЯ ВасИЛьЕва,+7(9207)94-81,4,ПодписКА На ГАзетУ,4,1984.71,415.29,PrOCEsSIng,спасибо за заказ,2024-05-08,0574433735713360
2029956433124,2024/05/12 19:22:13,наТАлЬЯ ВасИЛьЕва,+7(9207)94-81,2,ИГРуШкА Мяч,4,1134.09,65.91,PROcESSINg,спасибо за заказ,2024-05-08,0574433735713360
2029956433124,2024/05/12 19:22:13,наТАлЬЯ ВасИЛьЕва,+7(9207)94-81,4,пОДПИска НА гаЗЕТУ,3,1555.28,244.72,ProCesSING,спасибо за заказ,2024-05-08,0574433735713360
2029956433124,2024/05/12 19:22:13,наТАлЬЯ ВасИЛьЕва,+7(9207)94-81,5,МолОКо,1,2693.29,306.71,prOCeSSInG,спасибо за заказ,2024-05-08,0574433735713360
2029956432899,2024-05-05 21:04:06,мИХаил оРЛОВ,8(9902) 40-81,2,ИгРУшкА мЯЧ,5,1388.64,111.36,cancELLED,Нужно уточнить сроки,2024-05-25,0407134731342991
2029956432899,2024-05-05 21:04:06,мИХаил оРЛОВ,8(9902) 40-81,4,пОдПиСкА НА газЕтУ,3,1793.24,6.76,canceLlED,Нужно уточнить сроки,2024-05-25,0407134731342991
2029956432899,2024-05-05 21:04:06,мИХаил оРЛОВ,8(9902) 40-81,2,иГрУшкА мЯЧ,3,744.93,155.07,cAnCELLeD,Нужно уточнить сроки,2024-05-25,0407134731342991
2029956431751,2024/05/17 16:06:20,еЛЕНа НОВИкОвА,+7 9927 64 15,2,ИГрУшКА МЯЧ,4,1170.48,29.52,CANcellEd,спасибо за заказ,2024/05/09,0328539972815871
2029956430114,2024-05-08 16:01:38,СЕРГей сИдоРов,+7(9627)41-36,4,пОдПисКа на гАзету,5,2512.79,487.21,cANceLlED,Ждём с нетерпением!,2024/05/31,4913159071359896
2029956429741,2024-05-06 01:30:40,ДмИТрИй КУзНЕЦОв,8(9543) 92-17,4,ПОДПиска нА ГаЗЕту,1,521.37,78.63,CaNCELLEd,Всё отлично!,01.05.2024,3123650045169619
2029956428985,2024-05-22 13:19:37,натАЛЬя ВасИльЕВа,8(9840) 28-57,5,МолоКо,2,5180.92,819.08,cAncelLEd,Ждём с нетерпением!,2024/05/30,5012973976105160
2029956428985,2024-05-22 13:19:37,натАЛЬя ВасИльЕВа,8(9840) 28-57,2,иГрУШКа Мяч,4,1137.71,62.29,CaNCELLed,Ждём с нетерпением!,2024/05/30,5012973976105160
2029956428985,2024-05-22 13:19:37,натАЛЬя ВасИльЕВа,8(9840) 28-57,5,моЛокО,1,2829.39,170.61,cancelLEd,Ждём с нетерпением!,2024/05/30,5012973976105160
2029956428985,2024-05-22 13:19:37,натАЛЬя ВасИльЕВа,8(9840) 28-57,2,игрушкА мяч,4,1178.86,21.14,cAnCelLeD,Ждём с нетерпением!,2024/05/30,5012973976105160
2029956427911,2024/05/14 20:06:10,аНна СмИРНоВА,+7(9941)88-60,4,пОДПИска на гаЗЕту,4,2328.58,71.42,proceSsiNg,Нужно уточнить сроки,2024/05/14,7773764519112515
2029956427911,2024/05/14 20:06:10,аНна СмИРНоВА,+7(9941)88-60,1,КорМ Для собаК,1,487.85,12.15,prOcesSing,Нужно уточнить сроки,2024/05/14,7773764519112515
2029956427911,2024/05/14 20:06:10,аНна СмИРНоВА,+7(9941)88-60,4,ПодПИСКА нА газету,3,1676.46,123.54,pROcEsSinG,Нужно уточнить сроки,2024/05/14,7773764519112515
2029956426649,2024-05-12 14:01:22,оЛЬГа КуЗНЕцОВА,+7(9507)13-77,5,МолоКо,1,2513.23,486.77,COMPLETED,"Задержка с доставкой, печалька...",2024-05-03,9852412973498103
2029956426649,2024-05-12 14:01:22,оЛЬГа КуЗНЕцОВА,+7(9507)13-77,3,АМУНИЦИя Для сОБаК,5,4980.14,1019.86,completeD,"Задержка с доставкой, печалька...",2024-05-03,9852412973498103
2029956426649,2024-05-12 14:01:22,оЛЬГа КуЗНЕцОВА,+7(9507)13-77,2,иГРУшкА мЯч,5,1487.95,12.05,cOmpLETED,"Задержка с доставкой, печалька...",2024-05-03,9852412973498103
2029956425700,14.05.2024 20:24,МИхАил орлов,+7 9824 93 19,3,АМУнИция дЛЯ СоБаК,3,2884.87,715.13,cOMpLeted,Ждём с нетерпением!,01.05.2024,0619564636936608
2029956425700,14.05.2024 20:24,МИхАил орлов,+7 9824 93 19,1,коРМ для СОБак,1,456.88,43.12,coMPLEtED,Ждём с нетерпением!,01.05.2024,0619564636936608
2029956425700,14.05.2024 20:24,МИхАил орлов,+7 9824 93 19,3,АмУнИциЯ длЯ СобАк,1,1034.35,165.65,cOMpLeTeD,Ждём с нетерпением!,01.05.2024,0619564636936608
2029956425700,14.05.2024 20:24,МИхАил орлов,+7 9824 93 19,1,кОРМ ДЛя сОБАк,4,1939.31,60.69,compLETeD,Ждём с нетерпением!,01.05.2024,0619564636936608
2029956424428,30.05.2024 06:47,АлЕксЕй МИХаЙЛов,+7 9505 10 26,3,АмУНиЦИя ДЛЯ сОбАк,1,1013.69,186.31,CoMPleted,Всё отлично!,2024-05-02,2058938354775737
2029956424428,30.05.2024 06:47,АлЕксЕй МИХаЙЛов,+7 9505 10 26,2,иГрУшка мЯч,4,978.79,221.21,cOmpLeTEd,Всё отлично!,2024-05-02,2058938354775737
2029956423286,2024/05/07 14:00:44,натАлЬя ВАСИльЕВА,8(9875) 15-09,3,аМуниция ДлЯ СОБаК,1,1109.62,90.38,ComPLeTeD,Всё отлично!,2024/05/26,4955362483100255
2029956423286,2024/05/07 14:00:44,натАлЬя ВАСИльЕВА,8(9875) 15-09,3,амУНИЦИя для СобАК,2,1921.92,478.08,Completed,Всё отлично!,2024/05/26,4955362483100255
2029956423286,2024/05/07 14:00:44,натАлЬя ВАСИльЕВА,8(9875) 15-09,4,ПодПИСКА на ГАЗЕту,2,1126.96,73.04,cOMPLeteD,Всё отлично!,2024/05/26,4955362483100255
2029956423286,2024/05/07 14:00:44,натАлЬя ВАСИльЕВА,8(9875) 15-09,4,ПОДпИсКа На гАЗеТу,4,2085.24,314.76,CoMPlETED,Всё отлично!,2024/05/26,4955362483100255
2029956423286,2024/05/07 14:00:44,натАлЬя ВАСИльЕВА,8(9875) 15-09,4,ПоДписка НА гАЗЕтУ,3,1793.07,6.93,CoMpLeted,Всё отлично!,2024/05/26,4955362483100255
2029956422527,2024-05-11 06:26:25,аНна смИрНовА,8(9494) 58-36,2,игРушкА мяЧ,4,1100.55,99.45,pRocEssing,спасибо за заказ,02.05.2024,4100020557284492
2029956422527,2024-05-11 06:26:25,аНна смИрНовА,8(9494) 58-36,2,ИГруШка мЯЧ,4,1092.25,107.75,ProCESSinG,спасибо за заказ,02.05.2024,4100020557284492
2029956422527,2024-05-11 06:26:25,аНна смИрНовА,8(9494) 58-36,1,кОрМ дЛЯ СоБАк,2,990.08,9.92,PRoceSSInG,спасибо за заказ,02.05.2024,4100020557284492
2029956422527,2024-05-11 06:26:25,аНна смИрНовА,8(9494) 58-36,1,КОРМ длЯ соБАк,4,1724.44,275.56,proCeSSinG,спасибо за заказ,02.05.2024,4100020557284492
2029956421257,2024/05/01 11:07:04,НАтаЛЬя ВаСиЛЬЕвА,+7 9706 93 92,4,пОдПиСкА НА ГАзету,2,1091.07,108.93,COMPlEted,Ждём с нетерпением!,2024-05-24,3711418130623536
2029956421257,2024/05/01 11:07:04,НАтаЛЬя ВаСиЛЬЕвА,+7 9706 93 92,1,кОРм длЯ соБак,4,1984.95,15.05,cOmPLEteD,Ждём с нетерпением!,2024-05-24,3711418130623536
2029956420197,2024/05/08 10:03:20,АлЕКСей миХайлов,8(9259) 94-23,2,ИгрУшКА Мяч,5,1466.8,33.2,COMpLeTeD,"Задержка с доставкой, печалька...",04.05.2024,2131726805013908
2029956419576,2024-05-26 23:07:30,ОЛЬгА кУЗнЕЦоВа,+7 9863 77 53,4,ПОДпиСКА НА гАзЕТУ,2,1170.04,29.96,CanCElLEd,"Задержка с доставкой, печалька...",2024/05/08,5681935583249488
2029956418766,2024/05/27 01:57:42,серГей сИДОРОВ,+7(9627)53-27,3,аМуНИциЯ ДЛя Собак,4,4623.76,176.24,PROCessInG,спасибо за заказ,2024/05/12,9016517669815836
2029956418766,2024/05/27 01:57:42,серГей сИДОРОВ,+7(9627)53-27,1,Корм дЛЯ соБак,1,477.41,22.59,PrOCESSInG,спасибо за заказ,2024/05/12,9016517669815836
2029956418766,2024/05/27 01:57:42,серГей сИДОРОВ,+7(9627)53-27,3,АмунИЦия ДлЯ СОбаК,3,3077.03,522.97,proCesSinG,спасибо за заказ,2024/05/12,9016517669815836
2029956417479,17.05.2024 07:55,наталЬЯ ВаСИльевА,+7 9811 77 56,4,ПоДпиСкА На гАЗЕТУ,1,595.16,4.84,cOMPleTeD,Проверить наличие,18.05.2024,5721831285673243
2029956417479,17.05.2024 07:55,наталЬЯ ВаСИльевА,+7 9811 77 56,2,ИгРУшкА МяЧ,4,1152.41,47.59,cOMPleTED,Проверить наличие,18.05.2024,5721831285673243
2029956417479,17.05.2024 07:55,наталЬЯ ВаСИльевА,+7 9811 77 56,5,моЛОКО,5,14717.18,282.82,cOMPLetEd,Проверить наличие,18.05.2024,5721831285673243
2029956417479,17.05.2024 07:55,наталЬЯ ВаСИльевА,+7 9811 77 56,4,пОдпИСКА на гАЗеТу,4,2302.14,97.86,coMPletEd,Проверить наличие,18.05.2024,5721831285673243
2029956416392,04.05.2024 10:58,ОЛьГА кУЗНЕцова,8(9316) 34-61,2,иГРУшкА МЯЧ,1,262.3,37.7,cOmpletED,Проверить наличие,19.05.2024,1332225093837657
2029956415673,2024/05/15 19:29:32,олЬГА КузнЕцоВА,+7 9085 32 96,3,амУНицИя ДлЯ сОБАК,1,1024.31,175.69,cOMPLetED,Ждём с нетерпением!,2024-05-11,0215559149691728
2029956414451,2024-05-05 16:39:35,дМИтРий кУзНецОВ,8(9546) 24-85,4,ПодпИСкА нА гАЗетУ,5,2490.08,509.92,CompLEted,"Задержка с доставкой, печалька...",2024-05-30,1167399940684503
2029956414451,2024-05-05 16:39:35,дМИтРий кУзНецОВ,8(9546) 24-85,5,МОлОкО,5,12373.96,2626.04,coMpLetED,"Задержка с доставкой, печалька...",2024-05-30,1167399940684503
2029956414451,2024-05-05 16:39:35,дМИтРий кУзНецОВ,8(9546) 24-85,3,АМунИЦия ДлЯ СОбак,3,3441.93,158.07,coMplETed,"Задержка с доставкой, печалька...",2024-05-30,1167399940684503
2029956414451,2024-05-05 16:39:35,дМИтРий кУзНецОВ,8(9546) 24-85,2,иГрУшка МяЧ,5,1450.17,49.83,ComPLeTed,"Задержка с доставкой, печалька...",2024-05-30,1167399940684503
2029956413343,2024/05/13 13:14:49,ДмиТРиЙ куЗНеЦОв,8(9674) 93-55,5,мОлОкО,3,7928.9,1071.1,caNcElled,подарок вовремя,24.05.2024,3918784546941584
2029956413343,2024/05/13 13:14:49,ДмиТРиЙ куЗНеЦОв,8(9674) 93-55,4,ПоДПИсКа на ГАЗету,4,2019.3,380.7,CancElled,подарок вовремя,24.05.2024,3918784546941584
2029956412995,2024/05/05 13:33:09,МаРИя ПЕТровА,+7(9837)59-64,4,пОдпиСкА На ГАЗетУ,5,2487.94,512.06,compLEtEd,спасибо за заказ,02.05.2024,2867844195548211
2029956412995,2024/05/05 13:33:09,МаРИя ПЕТровА,+7(9837)59-64,2,игРушка мЯЧ,4,1193.48,6.52,COmPLetED,спасибо за заказ,02.05.2024,2867844195548211
2029956411192,2024-05-21 20:01:58,еЛеНА нОВИкОВА,8(9702) 12-04,5,МОлОКО,1,2901.87,98.13,pROCEsSinG,подарок вовремя,2024-05-22,9733498216985572
2029956410357,2024/05/02 05:12:11,НАТАЛЬЯ ваСИльева,+7 9596 93 37,4,ПоДПИскА НА гАзеТУ,4,2092.53,307.47,coMPlETED,"Задержка с доставкой, печалька...",24.05.2024,1445354330855063
2029956410357,2024/05/02 05:12:11,НАТАЛЬЯ ваСИльева,+7 9596 93 37,3,АмУНИция ДЛЯ СобаК,3,3257.75,342.25,COMPLETED,"Задержка с доставкой, печалька...",24.05.2024,1445354330855063
2029956410357,2024/05/02 05:12:11,НАТАЛЬЯ ваСИльева,+7 9596 93 37,3,аМУНицИя ДЛЯ СобаК,5,5234.88,765.12,COmpLETeD,"Задержка с доставкой, печалька...",24.05.2024,1445354330855063
2029956409560,2024-05-22 18:09:46,ОЛЬГа КуЗнЕцОвА,+7(9944)77-24,5,мОлОКо,3,7397.87,1602.13,CAnCellEd,Ждём с нетерпением!,31.05.2024,3929327670588998
2029956409560,2024-05-22 18:09:46,ОЛЬГа КуЗнЕцОвА,+7(9944)77-24,2,игРуШка мяЧ,3,721.06,178.94,CANcELLEd,Ждём с нетерпением!,31.05.2024,3929327670588998
2029956408194,2024-05-02 03:19:35,миХаИл ОрЛОв,+7(9827)53-39,1,коРМ для СОбАк,1,427.37,72.63,COmPlETeD,Проверить наличие,2024/05/12,4752864320904646
2029956407221,2024-05-21 08:12:52,НАТалЬя ВАСИлЬеВА,+7(9452)41-44,5,МолОкО,3,7211.1,1788.9,cANcELLEd,Ждём с нетерпением!,2024-05-30,1315647368461767
2029956407221,2024-05-21 08:12:52,НАТалЬя ВАСИлЬеВА,+7(9452)41-44,1,Корм ДЛЯ СобАк,1,479.34,20.66,caNCEllED,Ждём с нетерпением!,2024-05-30,1315647368461767
2029956407221,2024-05-21 08:12:52,НАТалЬя ВАСИлЬеВА,+7(9452)41-44,1,КОрм Для СОбак,5,2006.1,493.9,caNcELLeD,Ждём с нетерпением!,2024-05-30,1315647368461767
2029956406685,12.05.2024 16:04,МАРиЯ петрОВа,8(9349) 50-01,4,ПОдпиСКа НА газЕТУ,4,2199.56,200.44,pRoCEssInG,Нужно уточнить сроки,2024/05/14,6472678777828184
2029956406685,12.05.2024 16:04,МАРиЯ петрОВа,8(9349) 50-01,4,пОДписКА НА ГаЗЕТу,4,1985.65,414.35,PROcESsiNG,Нужно уточнить сроки,2024/05/14,6472678777828184
2029956406685,12.05.2024 16:04,МАРиЯ петрОВа,8(9349) 50-01,1,КоРМ дЛЯ сОБаК,5,2041.77,458.23,PrOceSSING,Нужно уточнить сроки,2024/05/14,6472678777828184
2029956406685,12.05.2024 16:04,МАРиЯ петрОВа,8(9349) 50-01,3,аМуНИция ДлЯ СобаК,2,2140.27,259.73,PROCeSsInG,Нужно уточнить сроки,2024/05/14,6472678777828184
2029956406685,12.05.2024 16:04,МАРиЯ петрОВа,8(9349) 50-01,4,ПОДпИсКа на гАзеТУ,5,2974.7,25.3,pRoCeSsIng,Нужно уточнить сроки,2024/05/14,6472678777828184
2029956405521,22.05.2024 16:13,АлЕкСей МихаЙлов,+7 9586 09 69,1,КОРм дЛЯ СОБаК,3,1234.0,266.0,CaNceLLeD,спасибо за заказ,2024-05-20,0829260354060852
2029956404709,2024/05/27 09:29:23,дМИТРИй кузНецоВ,+7(9127)04-17,4,ПодпиСка НА газЕТУ,4,1978.0,422.0,cAnceLled,подарок вовремя,2024/05/05,0464028401083538
2029956404709,2024/05/27 09:29:23,дМИТРИй кузНецоВ,+7(9127)04-17,1,Корм дЛЯ собак,5,2011.12,488.88,cAnCELLEd,подарок вовремя,2024/05/05,0464028401083538
2029956404709,2024/05/27 09:29:23,дМИТРИй кузНецоВ,+7(9127)04-17,2,ИгРУШКа Мяч,4,1193.37,6.63,caNceLLeD,подарок вовремя,2024/05/05,0464028401083538
2029956404709,2024/05/27 09:29:23,дМИТРИй кузНецоВ,+7(9127)04-17,1,коРм длЯ собаК,1,485.47,14.53,CAnCelleD,подарок вовремя,2024/05/05,0464028401083538
2029956404709,2024/05/27 09:29:23,дМИТРИй кузНецоВ,+7(9127)04-17,5,МоЛоКо,4,11932.18,67.82,cAnCEllED,подарок вовремя,2024/05/05,0464028401083538
2029956403294,2024-05-07 00:42:43,МАриЯ ПЕтрОва,+7(9353)49-46,1,кОрм ДЛя СоБак,3,1302.52,197.48,cAncelLEd,Нужно уточнить сроки,24.05.2024,8876084946796031
2029956403294,2024-05-07 00:42:43,МАриЯ ПЕтрОва,+7(9353)49-46,1,КоРМ для сОбАк,1,408.47,91.53,caNcelleD,Нужно уточнить сроки,24.05.2024,8876084946796031
2029956403294,2024-05-07 00:42:43,МАриЯ ПЕтрОва,+7(9353)49-46,4,поДПисКа НА газетУ,2,1013.87,186.13,caNceLLEd,Нужно уточнить сроки,24.05.2024,8876084946796031
2029956403294,2024-05-07 00:42:43,МАриЯ ПЕтрОва,+7(9353)49-46,5,МОлоКО,5,13276.34,1723.66,CAncElLEd,Нужно уточнить сроки,24.05.2024,8876084946796031
2029956403294,2024-05-07 00:42:43,МАриЯ ПЕтрОва,+7(9353)49-46,1,КОРм ДЛЯ сОбАк,3,1486.35,13.65,cAnCelLeD,Нужно уточнить сроки,24.05.2024,8876084946796031
2029956402163,05.05.2024 07:10,иВАн ИвАНоВ,+7 9962 71 97,4,подпИска на гАзету,1,533.42,66.58,PROCessiNG,Всё отлично!,2024/05/10,6041041326835932
2029956402163,05.05.2024 07:10,иВАн ИвАНоВ,+7 9962 71 97,1,КоРМ ДЛя СобаК,5,2366.55,133.45,PROcESsInG,Всё отлично!,2024/05/10,6041041326835932
2029956402163,05.05.2024 07:10,иВАн ИвАНоВ,+7 9962 71 97,3,аМУнИЦиЯ дЛя СОбаК,4,3862.22,937.78,pRocESSINg,Всё отлично!,2024/05/10,6041041326835932
2029956402163,05.05.2024 07:10,иВАн ИвАНоВ,+7 9962 71 97,3,АмУнИЦИЯ для соБАК,1,1167.57,32.43,pRoCeSSInG,Всё отлично!,2024/05/10,6041041326835932
2029956401112,2024/05/12 18:08:19,сЕргеЙ СидоРОВ,8(9180) 57-71,4,ПОдПИсКа На газЕТу,2,1045.62,154.38,PRocesSInG,спасибо за заказ,2024/05/28,6188286798617461
2029956401112,2024/05/12 18:08:19,сЕргеЙ СидоРОВ,8(9180) 57-71,5,мОЛОКо,4,11741.31,258.69,proceSsiNg,спасибо за заказ,2024/05/28,6188286798617461
2029956400563,2024/05/12 02:55:48,аЛЕКсей МИхайлОв,+7 9043 19 39,3,АмуНИЦИя дЛя собАк,1,962.55,237.45,cAnCeLLEd,Ждём с нетерпением!,2024-05-09,9989286281966293
2029956400563,2024/05/12 02:55:48,аЛЕКсей МИхайлОв,+7 9043 19 39,4,ПОдпИСКА НА гаЗЕТУ,1,586.23,13.77,CaNCELLed,Ждём с нетерпением!,2024-05-09,9989286281966293
2029956399668,2024-05-10 14:07:34,МИхАил оРлОв,8(9251) 70-47,3,АМУНИЦиЯ ДЛЯ соБак,2,1924.44,475.56,cOMPlEted,спасибо за заказ,06.05.2024,8154585869195572
2029956399668,2024-05-10 14:07:34,МИхАил оРлОв,8(9251) 70-47,4,ПОДПиСКа НА гАзеТу,4,2319.23,80.77,COMpletED,спасибо за заказ,06.05.2024,8154585869195572
2029956399668,2024-05-10 14:07:34,МИхАил оРлОв,8(9251) 70-47,5,мОлоКО,3,7514.94,1485.06,CompLeteD,спасибо за заказ,06.05.2024,8154585869195572
2029956399668,2024-05-10 14:07:34,МИхАил оРлОв,8(9251) 70-47,4,ПоДпиСкА на гаЗЕтУ,5,2568.22,431.78,cOmPLeTED,спасибо за заказ,06.05.2024,8154585869195572
2029956398626,11.05.2024 12:22,мАРиЯ ПЕТрОВа,+7(9571)68-03,5,моЛОко,3,7563.84,1436.16,prOCeSsing,Нужно уточнить сроки,20.05.2024,3897463642127404
2029956398626,11.05.2024 12:22,мАРиЯ ПЕТрОВа,+7(9571)68-03,5,мОЛокО,4,11355.05,644.95,pROCEssiNG,Нужно уточнить сроки,20.05.2024,3897463642127404
2029956398626,11.05.2024 12:22,мАРиЯ ПЕТрОВа,+7(9571)68-03,2,игрушКА МяЧ,2,487.09,112.91,pRocessiNg,Нужно уточнить сроки,20.05.2024,3897463642127404
2029956397161,2024-05-05 00:21:17,Анна смИрновА,+7 9618 38 26,1,КОРМ для сОБак,1,465.75,34.25,proCeSSINg,Проверить наличие,2024-05-01,8676454526743979
2029956397161,2024-05-05 00:21:17,Анна смИрновА,+7 9618 38 26,4,подПиСка на ГАЗету,3,1586.33,213.67,proCeSSing,Проверить наличие,2024-05-01,8676454526743979
2029956397161,2024-05-05 00:21:17,Анна смИрновА,+7 9618 38 26,3,аМуНиЦИЯ ДлЯ сОбАК,1,1026.82,173.18,PROcessing,Проверить наличие,2024-05-01,8676454526743979
2029956396384,2024/05/07 15:07:19,ИвАн ИВАнОВ,+7(9136)65-24,1,кОРМ Для сОбАк,3,1239.15,260.85,CAnCeLLED,Проверить наличие,2024/05/24,5718340422266911
2029956396384,2024/05/07 15:07:19,ИвАн ИВАнОВ,+7(9136)65-24,5,МОЛокО,4,11938.67,61.33,CanCelLED,Проверить наличие,2024/05/24,5718340422266911
2029956396384,2024/05/07 15:07:19,ИвАн ИВАнОВ,+7(9136)65-24,5,мОЛокО,4,10282.7,1717.3,CANcelLED,Проверить наличие,2024/05/24,5718340422266911
2029956396384,2024/05/07 15:07:19,ИвАн ИВАнОВ,+7(9136)65-24,5,молОКо,2,5308.7,691.3,CanCELLED,Проверить наличие,2024/05/24,5718340422266911
2029956395155,2024/05/25 13:06:51,МиХаИЛ ОрЛов,8(9926) 61-39,1,КОрм Для сОбАК,5,2108.65,391.35,PROcEsSiNg,Всё отлично!,2024-05-24,2346244636144562
2029956395155,2024/05/25 13:06:51,МиХаИЛ ОрЛов,8(9926) 61-39,1,КоРм ДЛя СОбАк,5,2273.52,226.48,procESsINg,Всё отлично!,2024-05-24,2346244636144562
2029956395155,2024/05/25 13:06:51,МиХаИЛ ОрЛов,8(9926) 61-39,2,иГрУШкА мяч,3,758.02,141.98,PRoceSsIng,Всё отлично!,2024-05-24,2346244636144562
2029956395155,2024/05/25 13:06:51,МиХаИЛ ОрЛов,8(9926) 61-39,1,КОРМ дЛя собАк,2,937.6,62.4,pRoCESsiNG,Всё отлично!,2024-05-24,2346244636144562
2029956395155,2024/05/25 13:06:51,МиХаИЛ ОрЛов,8(9926) 61-39,3,амуНиЦИЯ Для СОБАк,5,4860.76,1139.24,PROcEsSing,Всё отлично!,2024-05-24,2346244636144562
2029956394682,21.05.2024 05:32,аЛЕксей мИхаЙЛОВ,+7 9238 91 27,1,коРм дЛя сОбАк,4,1906.3,93.7,completed,Нужно уточнить сроки,27.05.2024,8185050244250061
2029956394682,21.05.2024 05:32,аЛЕксей мИхаЙЛОВ,+7 9238 91 27,1,коРМ для СобАк,3,1347.07,152.93,CoMPlEted,Нужно уточнить сроки,27.05.2024,8185050244250061
2029956394682,21.05.2024 05:32,аЛЕксей мИхаЙЛОВ,+7 9238 91 27,4,ПОДпиСКа нА гаЗеТу,4,2040.43,359.57,CoMpLeted,Нужно уточнить сроки,27.05.2024,8185050244250061
2029956393360,2024/05/25 12:50:38,МихАил орлОВ,+7 9970 48 51,5,МоЛОко,1,2635.22,364.78,caNCElleD,Проверить наличие,23.05.2024,6774121337773910
2029956393360,2024/05/25 12:50:38,МихАил орлОВ,+7 9970 48 51,4,пОДпИСКа На гаЗЕтУ,5,2405.27,594.73,cANcEllEd,Проверить наличие,23.05.2024,6774121337773910
2029956392934,2024-05-08 07:58:46,аНна СмИРнОВа,+7(9781)61-13,5,МОлоКо,1,2542.19,457.81,prOCEssIng,"Задержка с доставкой, печалька...",2024/05/24,3641103615080075
2029956392934,2024-05-08 07:58:46,аНна СмИРнОВа,+7(9781)61-13,2,ИГРУшКА мяЧ,3,818.98,81.02,prOcESsiNG,"Задержка с доставкой, печалька...",2024/05/24,3641103615080075
2029956392934,2024-05-08 07:58:46,аНна СмИРнОВа,+7(9781)61-13,4,пОДпиСкА нА ГАЗЕту,3,1789.58,10.42,pROCESSIng,"Задержка с доставкой, печалька...",2024/05/24,3641103615080075
2029956391422,2024/05/29 10:23:38,МихАил оРЛОв,+7 9247 00 86,4,ПОДпИСКА На гАзЕТУ,2,1019.62,180.38,cAnCELleD,"Задержка с доставкой, печалька...",2024/05/31,6674347435649735
2029956391422,2024/05/29 10:23:38,МихАил оРЛОв,+7 9247 00 86,2,ИгРУШкА мЯч,2,588.58,11.42,CaNCellEd,"Задержка с доставкой, печалька...",2024/05/31,6674347435649735
2029956390774,2024/05/21 04:37:54,Ольга КузНеЦОВа,8(9498) 90-38,1,кОРм ДЛЯ соБаК,5,2417.76,82.24,PROCeSSing,Проверить наличие,2024-05-29,3844101361152910
2029956390774,2024/05/21 04:37:54,Ольга КузНеЦОВа,8(9498) 90-38,2,ИгРуШКА мЯч,4,1174.55,25.45,PRocessiNg,Проверить наличие,2024-05-29,3844101361152910
2029956390774,2024/05/21 04:37:54,Ольга КузНеЦОВа,8(9498) 90-38,2,игрУшКа мяЧ,2,574.95,25.05,prOCESSInG,Проверить наличие,2024-05-29,3844101361152910
2029956390774,2024/05/21 04:37:54,Ольга КузНеЦОВа,8(9498) 90-38,5,МоЛоКо,2,5229.85,770.15,PrOcEsSIng,Проверить наличие,2024-05-29,3844101361152910
2029956389813,2024-05-31 08:06:28,МиХаИЛ орЛов,+7(9763)36-91,1,корМ ДЛя сОБАК,1,416.41,83.59,cOMpLEtED,Ждём с нетерпением!,2024/05/01,9898354112230517
2029956388146,10.05.2024 14:57,МихаИЛ ОрлОв,+7 9116 37 36,5,моЛОКо,5,13703.6,1296.4,CaNCeLled,"Задержка с доставкой, печалька...",2024-05-13,4240267664198816
2029956388146,10.05.2024 14:57,МихаИЛ ОрлОв,+7 9116 37 36,2,иГРУшкА мЯч,2,584.5,15.5,cAnCELLEd,"Задержка с доставкой, печалька...",2024-05-13,4240267664198816
2029956388146,10.05.2024 14:57,МихаИЛ ОрлОв,+7 9116 37 36,3,аМУНИция Для соБАК,2,1927.33,472.67,cAncElleD,"Задержка с доставкой, печалька...",2024-05-13,4240267664198816
2029956388146,10.05.2024 14:57,МихаИЛ ОрлОв,+7 9116 37 36,5,молОКО,4,9781.98,2218.02,cANcElLED,"Задержка с доставкой, печалька...",2024-05-13,4240267664198816
2029956387681,2024/05/10 13:33:56,АлекСЕЙ МиХаЙлоВ,+7(9826)41-28,4,пОдпИска на гАЗЕТУ,5,2942.93,57.07,COmpLeTeD,"Задержка с доставкой, печалька...",2024/05/08,1957048055389575
2029956387681,2024/05/10 13:33:56,АлекСЕЙ МиХаЙлоВ,+7(9826)41-28,1,Корм ДЛя СоБАк,1,445.98,54.02,cOMpletED,"Задержка с доставкой, печалька...",2024/05/08,1957048055389575
2029956387681,2024/05/10 13:33:56,АлекСЕЙ МиХаЙлоВ,+7(9826)41-28,3,АмунИция для СОбак,4,4250.99,549.01,comPletED,"Задержка с доставкой, печалька...",2024/05/08,1957048055389575
2029956386500,2024/05/22 23:47:25,АННА сМирнОва,+7 9195 30 50,3,аМунИЦия ДЛЯ СОбак,5,5157.75,842.25,ProceSsInG,Всё отлично!,18.05.2024,6582201150725351
2029956386500,2024/05/22 23:47:25,АННА сМирнОва,+7 9195 30 50,3,амуНИЦИя ДЛЯ СобАК,1,1054.6,145.4,PrOCessiNg,Всё отлично!,18.05.2024,6582201150725351
2029956385149,2024/05/07 15:36:24,ОЛЬгА кУзНецовА,+7(9284)89-99,4,пОДпИсКа НА гАзету,3,1770.51,29.49,CANCElLEd,Всё отлично!,26.05.2024,9023948202997644
2029956385149,2024/05/07 15:36:24,ОЛЬгА кУзНецовА,+7(9284)89-99,4,ПОдПиСКА на гаЗеТу,2,1076.56,123.44,CAncELlED,Всё отлично!,26.05.2024,9023948202997644
2029956384513,2024-05-01 07:37:11,аННА сМиРНОВА,8(9720) 93-20,4,поДпИСКА На ГАзЕТУ,5,2802.78,197.22,pROcEsSING,спасибо за заказ,2024-05-11,9734333209438514
2029956384513,2024-05-01 07:37:11,аННА сМиРНОВА,8(9720) 93-20,3,АмУнИЦИЯ ДлЯ СОБак,2,1994.51,405.49,PrOcESsIng,спасибо за заказ,2024-05-11,9734333209438514
2029956383136,11.05.2024 19:03,Анна сМИРНоВА,+7(9928)95-10,3,АМунИЦИя длЯ СоБАк,4,4382.74,417.26,ComPlETed,подарок вовремя,2024-05-09,0475974382851995
2029956383136,11.05.2024 19:03,Анна сМИРНоВА,+7(9928)95-10,5,МОЛоКО,5,14191.1,808.9,coMpLEted,подарок вовремя,2024-05-09,0475974382851995
2029956383136,11.05.2024 19:03,Анна сМИРНоВА,+7(9928)95-10,5,МоЛОко,4,11621.43,378.57,COMPleteD,подарок вовремя,2024-05-09,0475974382851995
2029956382394,21.05.2024 12:02,СЕРгей СиДОРоВ,+7 9295 43 65,1,КОрМ для сОБаК,1,485.86,14.14,CaNcelLed,"Задержка с доставкой, печалька...",15.05.2024,2238437552457874
2029956382394,21.05.2024 12:02,СЕРгей СиДОРоВ,+7 9295 43 65,5,моЛОкО,1,2427.71,572.29,CaNceLLed,"Задержка с доставкой, печалька...",15.05.2024,2238437552457874
2029956381620,21.05.2024 09:34,ОЛьгА КуЗнЕцоВА,+7 9228 21 14,2,иГРушКа мЯч,1,251.42,48.58,prOCESSing,Проверить наличие,2024/05/18,6990907550532419
2029956381620,21.05.2024 09:34,ОЛьгА КуЗнЕцоВА,+7 9228 21 14,2,иГРУшка Мяч,2,549.88,50.12,PROCESsiNg,Проверить наличие,2024/05/18,6990907550532419
2029956380672,2024-05-05 22:53:31,ДмИТриЙ КузнЕцов,+7(9751)86-46,3,АМУНИЦия дЛЯ СобАк,1,1100.0,100.0,CompLETeD,подарок вовремя,06.05.2024,4345505161891083
2029956380672,2024-05-05 22:53:31,ДмИТриЙ КузнЕцов,+7(9751)86-46,5,моЛоко,1,2573.59,426.41,cOmplEtEd,подарок вовремя,06.05.2024,4345505161891083
2029956380672,2024-05-05 22:53:31,ДмИТриЙ КузнЕцов,+7(9751)86-46,2,ИгРушка МяЧ,4,1172.55,27.45,COMpLeTeD,подарок вовремя,06.05.2024,4345505161891083
2029956380672,2024-05-05 22:53:31,ДмИТриЙ КузнЕцов,+7(9751)86-46,2,иГРУшКА Мяч,4,1179.59,20.41,COmPLETED,подарок вовремя,06.05.2024,4345505161891083
2029956380672,2024-05-05 22:53:31,ДмИТриЙ КузнЕцов,+7(9751)86-46,4,ПоДпИсКА нА ГаЗЕту,5,2731.65,268.35,COMPLeTeD,подарок вовремя,06.05.2024,4345505161891083
2029956379150,26.05.2024 13:13,МаРИя ПеТРОВа,+7 9020 92 06,3,АМуНиЦия дЛЯ соБаК,5,4909.63,1090.37,CANcEllED,Ждём с нетерпением!,2024-05-29,0696001567516967
2029956379150,26.05.2024 13:13,МаРИя ПеТРОВа,+7 9020 92 06,1,КорМ ДЛЯ СОбАк,2,899.67,100.33,canCellEd,Ждём с нетерпением!,2024-05-29,0696001567516967
2029956379150,26.05.2024 13:13,МаРИя ПеТРОВа,+7 9020 92 06,2,ИГрУШкА мяч,5,1401.72,98.28,CANceLleD,Ждём с нетерпением!,2024-05-29,0696001567516967
2029956378861,2024/05/15 09:24:03,аЛекСЕЙ МИХаЙлов,8(9433) 56-76,1,Корм ДлЯ собАк,2,840.21,159.79,ProCESsiNg,Ждём с нетерпением!,2024/05/05,8173671091744487
2029956378861,2024/05/15 09:24:03,аЛекСЕЙ МИХаЙлов,8(9433) 56-76,1,КОРМ для СоБАК,2,842.54,157.46,ProcESSing,Ждём с нетерпением!,2024/05/05,8173671091744487
2029956377744,15.05.2024 18:57,анНа СмирНОвА,8(9547) 23-78,5,молокО,5,14132.51,867.49,cANceLlEd,Всё отлично!,04.05.2024,2460973268157656
2029956376657,2024/05/05 16:37:47,МиХаИл Орлов,+7(9118)89-39,5,молОко,5,13271.1,1728.9,cANcELlEd,Проверить наличие,2024-05-24,8450265843555854
2029956375293,24.05.2024 21:55,МАрия ПетроВа,+7 9922 93 58,4,ПОДПиска На гАзЕту,3,1625.0,175.0,CoMPlETEd,спасибо за заказ,30.05.2024,8350834356897621
2029956374493,2024-05-07 12:05:14,ДМитрИй кузнецОВ,8(9162) 44-39,3,аМУнИЦия для СоБАК,3,3202.23,397.77,CaNceLLeD,Проверить наличие,02.05.2024,7689757088212295
2029956374493,2024-05-07 12:05:14,ДМитрИй кузнецОВ,8(9162) 44-39,2,иГрУШкА мЯЧ,4,1066.41,133.59,caNcelled,Проверить наличие,02.05.2024,7689757088212295
2029956374493,2024-05-07 12:05:14,ДМитрИй кузнецОВ,8(9162) 44-39,3,АМуНИция дЛЯ соБак,5,5577.4,422.6,CANCeLlED,Проверить наличие,02.05.2024,7689757088212295
2029956373429,14.05.2024 07:39,алексЕй МихаЙлов,+7(9496)65-27,3,аМУниЦИЯ дЛя СОбаК,2,2096.97,303.03,ProCesSIng,подарок вовремя,2024/05/05,4504535937720772
2029956373429,14.05.2024 07:39,алексЕй МихаЙлов,+7(9496)65-27,3,АМунИцИЯ дЛя СоБак,5,5999.32,0.68,PrOCessiNG,подарок вовремя,2024/05/05,4504535937720772
2029956372322,2024-05-24 14:37:19,МихАИЛ орЛоВ,+7 9310 52 92,4,поДПискА НА гАзЕТу,4,2207.68,192.32,PROCEsSIng,спасибо за заказ,2024-05-21,0502758470998257
2029956371854,2024/05/24 17:41:14,иВаН иВАНов,+7(9705)48-51,4,поДПиска На гАЗЕТУ,5,2542.61,457.39,CAncelLed,спасибо за заказ,16.05.2024,7687393006688554
2029956371854,2024/05/24 17:41:14,иВаН иВАНов,+7(9705)48-51,2,ИГрУшкА Мяч,2,578.71,21.29,caNCElleD,спасибо за заказ,16.05.2024,7687393006688554
2029956370493,2024-05-21 14:01:51,мИхаиЛ ОРЛОв,+7(9469)46-09,5,мОлоКо,1,2485.75,514.25,PrOCeSSiNG,Проверить наличие,24.05.2024,1750436379619265
2029956370493,2024-05-21 14:01:51,мИхаиЛ ОРЛОв,+7(9469)46-09,2,ИгРуШка мЯч,2,593.66,6.34,pROcEsSINg,Проверить наличие,24.05.2024,1750436379619265
2029956370493,2024-05-21 14:01:51,мИхаиЛ ОРЛОв,+7(9469)46-09,3,АмуНиЦИЯ ДЛя СоБАк,3,3466.44,133.56,prOCessInG,Проверить наличие,24.05.2024,1750436379619265
2029956370493,2024-05-21 14:01:51,мИхаиЛ ОРЛОв,+7(9469)46-09,3,АмУниЦиЯ для сОбаК,2,2146.98,253.02,pROceSSIng,Проверить наличие,24.05.2024,1750436379619265
2029956369859,27.05.2024 19:29,иВаН иВаноВ,+7(9948)21-40,1,КоРМ дЛЯ СоБАк,5,2257.22,242.78,cAnCElLEd,подарок вовремя,2024/05/28,4117924572414660
2029956368210,18.05.2024 23:06,МиХАИЛ орлоВ,8(9634) 33-10,1,КОРМ длЯ СОБАк,5,2486.15,13.85,ComPLETEd,подарок вовремя,2024/05/26,1368937894628685
2029956368210,18.05.2024 23:06,МиХАИЛ орлоВ,8(9634) 33-10,4,ПодПИсКА на ГАЗету,1,528.98,71.02,coMPLEtEd,подарок вовремя,2024/05/26,1368937894628685
2029956368210,18.05.2024 23:06,МиХАИЛ орлоВ,8(9634) 33-10,1,корм Для сОБАк,1,417.68,82.32,cOmplEtEd,подарок вовремя,2024/05/26,1368937894628685
2029956368210,18.05.2024 23:06,МиХАИЛ орлоВ,8(9634) 33-10,4,ПОдписКа на ГаЗетУ,1,495.29,104.71,CoMPletEd,подарок вовремя,2024/05/26,1368937894628685
2029956368210,18.05.2024 23:06,МиХАИЛ орлоВ,8(9634) 33-10,4,ПоДпискА На газету,4,2195.34,204.66,COmPLetEd,подарок вовремя,2024/05/26,1368937894628685
2029956367445,2024-05-30 00:04:52,ЕЛеНА НОВиКОвА,+7 9397 10 63,5,МоЛоко,4,9734.65,2265.35,prOCESSIng,"Задержка с доставкой, печалька...",2024-05-10,9353597879838954
2029956367445,2024-05-30 00:04:52,ЕЛеНА НОВиКОвА,+7 9397 10 63,5,МОлоКо,1,2413.6,586.4,PrOcEssInG,"Задержка с доставкой, печалька...",2024-05-10,9353597879838954
2029956366204,2024/05/17 04:45:37,дМИТРИЙ КузнЕцов,+7(9270)55-23,5,мОлоКО,4,11177.82,822.18,pROceSsiNG,Нужно уточнить сроки,2024-05-23,5707123108916309
2029956366204,2024/05/17 04:45:37,дМИТРИЙ КузнЕцов,+7(9270)55-23,4,ПОДпИСка НА ГАзеТу,4,2303.88,96.12,pROcEssiNg,Нужно уточнить сроки,2024-05-23,5707123108916309
2029956366204,2024/05/17 04:45:37,дМИТРИЙ КузнЕцов,+7(9270)55-23,1,кОРм длЯ сОбак,4,1697.94,302.06,pRocessiNG,Нужно уточнить сроки,2024-05-23,5707123108916309
2029956366204,2024/05/17 04:45:37,дМИТРИЙ КузнЕцов,+7(9270)55-23,4,пОдпиСКА нА Газету,2,1045.57,154.43,pRoCeSSinG,Нужно уточнить сроки,2024-05-23,5707123108916309
2029956365828,2024-05-14 06:55:19,михаил ОРлоВ,8(9916) 10-96,3,АмуНИция для собАк,5,5544.94,455.06,COmpLEtED,спасибо за заказ,2024-05-15,2178411757277976
2029956365828,2024-05-14 06:55:19,михаил ОРлоВ,8(9916) 10-96,5,молокО,5,13343.49,1656.51,CoMpleTED,спасибо за заказ,2024-05-15,2178411757277976
2029956364191,2024-05-15 05:41:16,АлеКсеЙ мИХаЙЛоВ,8(9462) 17-88,2,ИгРуШка Мяч,2,546.98,53.02,ComplETed,Проверить наличие,2024/05/11,6293000389879537
2029956364191,2024-05-15 05:41:16,АлеКсеЙ мИХаЙЛоВ,8(9462) 17-88,3,АМУНИция ДЛЯ собак,3,3175.39,424.61,coMPleteD,Проверить наличие,2024/05/11,6293000389879537
2029956364191,2024-05-15 05:41:16,АлеКсеЙ мИХаЙЛоВ,8(9462) 17-88,1,кОрМ дЛя соБАК,1,466.91,33.09,cOmPLETed,Проверить наличие,2024/05/11,6293000389879537
2029956364191,2024-05-15 05:41:16,АлеКсеЙ мИХаЙЛоВ,8(9462) 17-88,1,корм ДлЯ сОбАК,3,1379.75,120.25,CoMplEtEd,Проверить наличие,2024/05/11,6293000389879537
2029956364191,2024-05-15 05:41:16,АлеКсеЙ мИХаЙЛоВ,8(9462) 17-88,5,МолоКО,2,5350.21,649.79,CompLEteD,Проверить наличие,2024/05/11,6293000389879537
2029956363934,2024/05/19 12:43:54,оЛьГА КУЗНЕЦОВА,8(9075) 07-88,1,коРм ДЛЯ собаК,2,816.28,183.72,cOmPlETED,Всё отлично!,2024/05/08,3545365026472839
2029956363934,2024/05/19 12:43:54,оЛьГА КУЗНЕЦОВА,8(9075) 07-88,2,ИгРУшкА мяч,2,489.11,110.89,COmPleteD,Всё отлично!,2024/05/08,3545365026472839
2029956363934,2024/05/19 12:43:54,оЛьГА КУЗНЕЦОВА,8(9075) 07-88,2,иГРУшкА Мяч,1,242.91,57.09,comPlEtEd,Всё отлично!,2024/05/08,3545365026472839
2029956363934,2024/05/19 12:43:54,оЛьГА КУЗНЕЦОВА,8(9075) 07-88,3,АМУниция длЯ СобаК,3,3092.86,507.14,cOmpLeTEd,Всё отлично!,2024/05/08,3545365026472839
2029956362309,2024-05-26 09:16:04,ольгА куЗнеЦоВа,+7(9250)38-77,4,ПОдПиСКА на ГАзетУ,1,543.2,56.8,PRocEsSing,"Задержка с доставкой, печалька...",2024/05/30,7076782856069078
2029956362309,2024-05-26 09:16:04,ольгА куЗнеЦоВа,+7(9250)38-77,5,мОЛОкО,3,7661.44,1338.56,ProceSSInG,"Задержка с доставкой, печалька...",2024/05/30,7076782856069078
2029956362309,2024-05-26 09:16:04,ольгА куЗнеЦоВа,+7(9250)38-77,2,ИгРушка мяЧ,2,512.6,87.4,prOCeSsInG,"Задержка с доставкой, печалька...",2024/05/30,7076782856069078
2029956362309,2024-05-26 09:16:04,ольгА куЗнеЦоВа,+7(9250)38-77,4,ПОдПИскА На ГАЗетУ,1,575.76,24.24,PrOCessiNG,"Задержка с доставкой, печалька...",2024/05/30,7076782856069078
2029956361492,2024-05-20 10:28:34,аЛекСей мИхАЙлОВ,8(9431) 41-43,2,игрУшкА МЯч,1,244.28,55.72,pROceSSiNg,Проверить наличие,2024-05-19,5551609709906238
2029956361492,2024-05-20 10:28:34,аЛекСей мИхАЙлОВ,8(9431) 41-43,1,коРМ длЯ СОБАк,2,856.3,143.7,procESsing,Проверить наличие,2024-05-19,5551609709906238
2029956361492,2024-05-20 10:28:34,аЛекСей мИхАЙлОВ,8(9431) 41-43,5,мОлоКО,2,5453.8,546.2,pRocesSiNg,Проверить наличие,2024-05-19,5551609709906238
2029956361492,2024-05-20 10:28:34,аЛекСей мИхАЙлОВ,8(9431) 41-43,5,моЛоко,1,2827.42,172.58,prOCESSing,Проверить наличие,2024-05-19,5551609709906238
2029956361492,2024-05-20 10:28:34,аЛекСей мИхАЙлОВ,8(9431) 41-43,2,ИгруШКА МЯч,3,767.11,132.89,PrOcESsING,Проверить наличие,2024-05-19,5551609709906238
2029956360618,20.05.2024 05:11,НаТАлЬя ВасИЛЬевА,8(9669) 34-38,1,кОрм дЛЯ СОбак,3,1223.44,276.56,PRoCEsSING,Проверить наличие,2024-05-12,4881307072292788
2029956360618,20.05.2024 05:11,НаТАлЬя ВасИЛЬевА,8(9669) 34-38,4,пОДПиСКа на газетУ,1,563.06,36.94,PrOCESSing,Проверить наличие,2024-05-12,4881307072292788
2029956360618,20.05.2024 05:11,НаТАлЬя ВасИЛЬевА,8(9669) 34-38,4,пОДпиСка НА гАЗеТу,5,2464.79,535.21,pRocESsiNG,Проверить наличие,2024-05-12,4881307072292788
2029956360618,20.05.2024 05:11,НаТАлЬя ВасИЛЬевА,8(9669) 34-38,1,кОРМ для СОБАК,5,2209.95,290.05,pROcEsSINg,Проверить наличие,2024-05-12,4881307072292788
2029956359592,2024-05-25 11:30:10,наТалЬЯ Васильева,+7(9157)94-52,1,коРМ Для соБаК,5,2347.76,152.24,CANCelLed,подарок вовремя,07.05.2024,2456749555937675
2029956359592,2024-05-25 11:30:10,наТалЬЯ Васильева,+7(9157)94-52,3,амУНиЦиЯ дЛя СоБаК,1,992.83,207.17,canCeLLed,подарок вовремя,07.05.2024,2456749555937675
2029956359592,2024-05-25 11:30:10,наТалЬЯ Васильева,+7(9157)94-52,4,пОДпИсКа на ГазеТу,2,1127.79,72.21,CancELlED,подарок вовремя,07.05.2024,2456749555937675
2029956359592,2024-05-25 11:30:10,наТалЬЯ Васильева,+7(9157)94-52,2,ИГРУшКА мяч,1,270.44,29.56,cAncELLED,подарок вовремя,07.05.2024,2456749555937675
2029956358591,2024/05/24 21:39:10,наТалЬя ВаСиЛьЕвА,+7 9031 49 01,4,ПОДпИСка нА гАЗетУ,1,544.21,55.79,cOMPLetED,Ждём с нетерпением!,02.05.2024,2206213272264179
2029956358591,2024/05/24 21:39:10,наТалЬя ВаСиЛьЕвА,+7 9031 49 01,4,ПОдПиСкА нА ГАзетУ,2,1188.57,11.43,ComPLetED,Ждём с нетерпением!,02.05.2024,2206213272264179
2029956358591,2024/05/24 21:39:10,наТалЬя ВаСиЛьЕвА,+7 9031 49 01,5,МолОкО,5,13892.98,1107.02,CompletED,Ждём с нетерпением!,02.05.2024,2206213272264179
2029956358591,2024/05/24 21:39:10,наТалЬя ВаСиЛьЕвА,+7 9031 49 01,4,ПоДПиСка нА гаЗетУ,5,2882.44,117.56,cOMpLetED,Ждём с нетерпением!,02.05.2024,2206213272264179
2029956358591,2024/05/24 21:39:10,наТалЬя ВаСиЛьЕвА,+7 9031 49 01,1,коРМ для СОбак,1,484.36,15.64,cOmPLetED,Ждём с нетерпением!,02.05.2024,2206213272264179
2029956357786,2024-05-20 21:44:00,ИВан ИвАнОВ,8(9687) 79-87,4,ПоДпиСка На гАЗетУ,3,1696.7,103.3,coMpLETED,"Задержка с доставкой, печалька...",2024-05-03,9945526604076110
2029956356536,2024-05-16 16:30:55,ОлЬга КуЗНеЦоВА,+7(9325)95-57,5,МОЛоКо,4,11901.11,98.89,prOcesSinG,Всё отлично!,2024-05-07,7221397724685815
2029956356536,2024-05-16 16:30:55,ОлЬга КуЗНеЦоВА,+7(9325)95-57,3,АМУницИЯ длЯ сОбаК,4,4407.61,392.39,pROCESSing,Всё отлично!,2024-05-07,7221397724685815
2029956356536,2024-05-16 16:30:55,ОлЬга КуЗНеЦоВА,+7(9325)95-57,3,АМУнИЦиЯ дЛя сОбАк,5,5382.24,617.76,prOcEssINg,Всё отлично!,2024-05-07,7221397724685815
2029956356536,2024-05-16 16:30:55,ОлЬга КуЗНеЦоВА,+7(9325)95-57,3,амУнИцИЯ дЛЯ СобАк,5,5985.94,14.06,pROCEssiNG,Всё отлично!,2024-05-07,7221397724685815
2029956356536,2024-05-16 16:30:55,ОлЬга КуЗНеЦоВА,+7(9325)95-57,1,КОрМ ДлЯ сОбаК,2,854.41,145.59,ProceSsinG,Всё отлично!,2024-05-07,7221397724685815
2029956355222,2024-05-25 13:52:00,ИВАН иВаНОв,8(9742) 52-28,5,мОЛОКО,5,13815.08,1184.92,CAnCelLEd,Проверить наличие,20.05.2024,9212902460405665
2029956355222,2024-05-25 13:52:00,ИВАН иВаНОв,8(9742) 52-28,4,ПОдПИСКА на Газету,3,1539.56,260.44,CANcelLeD,Проверить наличие,20.05.2024,9212902460405665
2029956355222,2024-05-25 13:52:00,ИВАН иВаНОв,8(9742) 52-28,4,ПОДпиСКа нА ГАЗЕтУ,3,1448.84,351.16,CAncelLED,Проверить наличие,20.05.2024,9212902460405665
2029956355222,2024-05-25 13:52:00,ИВАН иВаНОв,8(9742) 52-28,1,корМ Для сОбаК,2,932.97,67.03,CanCELLeD,Проверить наличие,20.05.2024,9212902460405665
2029956355222,2024-05-25 13:52:00,ИВАН иВаНОв,8(9742) 52-28,2,иГРушка мЯч,4,961.77,238.23,cancELLEd,Проверить наличие,20.05.2024,9212902460405665
2029956354489,2024/05/24 05:22:59,АннА сМИрНовА,+7(9568)43-27,3,амунИЦИЯ дЛЯ Собак,5,5965.54,34.46,CompLetEd,Проверить наличие,2024/05/27,6604296183375352
2029956354489,2024/05/24 05:22:59,АннА сМИрНовА,+7(9568)43-27,3,АМУницИЯ для СобАк,4,4495.8,304.2,coMPLEteD,Проверить наличие,2024/05/27,6604296183375352
2029956354489,2024/05/24 05:22:59,АннА сМИрНовА,+7(9568)43-27,5,мОлоко,2,5631.77,368.23,ComPLetED,Проверить наличие,2024/05/27,6604296183375352
2029956353220,29.05.2024 19:17,ИВаН ИВаНов,8(9142) 50-73,3,амУницИя дЛя сОБАК,5,5381.74,618.26,CANCELLed,Всё отлично!,2024-05-30,6750490654100990
2029956353220,29.05.2024 19:17,ИВаН ИВаНов,8(9142) 50-73,5,МОлоко,4,10623.0,1377.0,CANcELlEd,Всё отлично!,2024-05-30,6750490654100990
2029956353220,29.05.2024 19:17,ИВаН ИВаНов,8(9142) 50-73,1,коРМ дЛЯ соБаК,1,442.05,57.95,cANcelLed,Всё отлично!,2024-05-30,6750490654100990
2029956353220,29.05.2024 19:17,ИВаН ИВаНов,8(9142) 50-73,1,КОрм дЛя СОБАК,2,865.46,134.54,caNcElled,Всё отлично!,2024-05-30,6750490654100990
2029956353220,29.05.2024 19:17,ИВаН ИВаНов,8(9142) 50-73,3,АМУнИЦИя длЯ сОБАК,4,4567.88,232.12,canCelleD,Всё отлично!,2024-05-30,6750490654100990
2029956352238,08.05.2024 13:12,МИХАИл ОРлОВ,+7(9916)02-03,2,иГРУШКа МяЧ,1,260.15,39.85,CoMplETED,подарок вовремя,2024-05-20,6962958162292983
2029956352238,08.05.2024 13:12,МИХАИл ОРлОВ,+7(9916)02-03,3,Амуниция для СобАК,3,3387.86,212.14,ComPLeted,подарок вовремя,2024-05-20,6962958162292983
2029956352238,08.05.2024 13:12,МИХАИл ОРлОВ,+7(9916)02-03,4,пОДПисКА нА ГАЗЕТУ,4,2067.86,332.14,cOmPleTed,подарок вовремя,2024-05-20,6962958162292983
2029956607204,2024-05-06 06:53:38,нАТальЯ ваСИлЬЕва,+7(9601)39-19,2,ИгрУшКА мяЧ,4,1061.55,138.45,caNCelLEd,Проверить наличие,14.05.2024,3249752513692486
2029956607204,2024-05-06 06:53:38,нАТальЯ ваСИлЬЕва,+7(9601)39-19,5,МОлоКо,2,5994.13,5.87,canCELLEd,Проверить наличие,14.05.2024,3249752513692486
2029956606475,2024/05/12 15:57:19,еЛЕна НоВИКОва,8(9937) 04-45,3,аМуНиция для СобаК,1,1159.17,40.83,ProCeSSING,Всё отлично!,01.05.2024,3976823342769134
2029956606475,2024/05/12 15:57:19,еЛЕна НоВИКОва,8(9937) 04-45,2,игРуШка Мяч,4,1038.37,161.63,prOCesSinG,Всё отлично!,01.05.2024,3976823342769134
2029956606475,2024/05/12 15:57:19,еЛЕна НоВИКОва,8(9937) 04-45,4,подпиСКА На ГаЗЕТу,1,505.37,94.63,PROcesSING,Всё отлично!,01.05.2024,3976823342769134
2029956606475,2024/05/12 15:57:19,еЛЕна НоВИКОва,8(9937) 04-45,2,иГруШКа мЯч,5,1248.69,251.31,PRoCEssing,Всё отлично!,01.05.2024,3976823342769134
2029956605302,2024-05-02 05:33:35,анна СмИрноВА,8(9560) 16-11,5,молОКО,2,5989.18,10.82,cAnCeLLed,Нужно уточнить сроки,2024/05/19,8364860466019959
2029956605302,2024-05-02 05:33:35,анна СмИрноВА,8(9560) 16-11,4,поДПИСКа НА ГаЗЕту,5,2446.76,553.24,CAnCELleD,Нужно уточнить сроки,2024/05/19,8364860466019959
2029956604390,2024/05/16 23:39:05,АЛеКсЕй мИХайлОв,+7(9794)19-09,2,игРУшКа мЯЧ,1,277.37,22.63,CanCELLED,Ждём с нетерпением!,2024-05-21,0969032622568084
2029956604390,2024/05/16 23:39:05,АЛеКсЕй мИХайлОв,+7(9794)19-09,1,кОРм длЯ сОбаК,1,440.08,59.92,CaNCELlEd,Ждём с нетерпением!,2024-05-21,0969032622568084
2029956604390,2024/05/16 23:39:05,АЛеКсЕй мИХайлОв,+7(9794)19-09,2,иГрУШка МЯЧ,2,537.45,62.55,CaNceLled,Ждём с нетерпением!,2024-05-21,0969032622568084
2029956604390,2024/05/16 23:39:05,АЛеКсЕй мИХайлОв,+7(9794)19-09,4,ПоДПИСКа НА гАЗеТУ,4,2072.68,327.32,CanceLLED,Ждём с нетерпением!,2024-05-21,0969032622568084
2029956604390,2024/05/16 23:39:05,АЛеКсЕй мИХайлОв,+7(9794)19-09,4,ПоДПИска на гАЗету,4,1947.68,452.32,CANceLlEd,Ждём с нетерпением!,2024-05-21,0969032622568084
2029956603145,12.05.2024 03:22,ОЛЬГА куЗНеЦовА,+7(9424)96-64,2,ИГруШка мяЧ,1,283.59,16.41,COmpLEtED,подарок вовремя,2024/05/29,1634645743748243
2029956603145,12.05.2024 03:22,ОЛЬГА куЗНеЦовА,+7(9424)96-64,5,молОКо,5,14057.84,942.16,complEteD,подарок вовремя,2024/05/29,1634645743748243
2029956603145,12.05.2024 03:22,ОЛЬГА куЗНеЦовА,+7(9424)96-64,5,мОлОКо,2,5984.73,15.27,cOmpLEtEd,подарок вовремя,2024/05/29,1634645743748243
2029956602655,2024-05-19 05:04:10,еЛЕНа нОВИкоВа,+7 9263 00 72,5,МОлОко,4,10695.59,1304.41,cANCelled,Ждём с нетерпением!,2024/05/28,8619018737424937
2029956602655,2024-05-19 05:04:10,еЛЕНа нОВИкоВа,+7 9263 00 72,2,ИГРУШКА мяч,3,826.64,73.36,canCeLLeD,Ждём с нетерпением!,2024/05/28,8619018737424937
2029956602655,2024-05-19 05:04:10,еЛЕНа нОВИкоВа,+7 9263 00 72,3,АМУнициЯ длЯ СОбАК,3,2937.04,662.96,caNceLled,Ждём с нетерпением!,2024/05/28,8619018737424937
2029956602655,2024-05-19 05:04:10,еЛЕНа нОВИкоВа,+7 9263 00 72,2,ИГРУШкА мЯч,3,722.93,177.07,cancEllED,Ждём с нетерпением!,2024/05/28,8619018737424937
2029956601723,12.05.2024 18:44,СеРГеЙ сИДоРоВ,+7(9289)16-63,1,коРМ Для СоБаК,5,2021.17,478.83,cOMpLETeD,спасибо за заказ,2024-05-04,3837923939292375
2029956601723,12.05.2024 18:44,СеРГеЙ сИДоРоВ,+7(9289)16-63,2,Игрушка МяЧ,5,1213.42,286.58,COMpLEted,спасибо за заказ,2024-05-04,3837923939292375
2029956601723,12.05.2024 18:44,СеРГеЙ сИДоРоВ,+7(9289)16-63,5,молоко,3,8766.37,233.63,ComPlETEd,спасибо за заказ,2024-05-04,3837923939292375
2029956600356,15.05.2024 04:59,сеРГеЙ СидОров,8(9593) 70-94,3,амуниЦия дЛЯ соБаК,5,5838.08,161.92,PROcESSiNG,"Задержка с доставкой, печалька...",2024/05/08,3759809286742172
2029956600356,15.05.2024 04:59,сеРГеЙ СидОров,8(9593) 70-94,2,ИГрушКА Мяч,5,1467.72,32.28,PrOCeSsiNg,"Задержка с доставкой, печалька...",2024/05/08,3759809286742172
2029956599952,30.05.2024 15:57,маРИя ПЕТрОва,+7(9113)68-45,2,иГрУшКа МяЧ,4,1038.72,161.28,COmpLEteD,Проверить наличие,23.05.2024,5260256889080406
2029956599952,30.05.2024 15:57,маРИя ПЕТрОва,+7(9113)68-45,1,корМ дЛЯ собаК,4,1784.25,215.75,COmpLeTEd,Проверить наличие,23.05.2024,5260256889080406
2029956599952,30.05.2024 15:57,маРИя ПЕТрОва,+7(9113)68-45,1,КОРм длЯ собАк,1,452.44,47.56,cOMpLEted,Проверить наличие,23.05.2024,5260256889080406
2029956599952,30.05.2024 15:57,маРИя ПЕТрОва,+7(9113)68-45,5,МолоКо,1,2869.09,130.91,cOMPLeTeD,Проверить наличие,23.05.2024,5260256889080406
2029956599952,30.05.2024 15:57,маРИя ПЕТрОва,+7(9113)68-45,2,ИГрушКА мяЧ,3,769.52,130.48,completEd,Проверить наличие,23.05.2024,5260256889080406
2029956598863,06.05.2024 02:08,АннА СМиРнОВа,+7 9963 47 86,4,ПОДПиСкА НА ГАЗЕту,5,2471.59,528.41,cOMPLeTeD,Проверить наличие,2024/05/03,1618080891852842
2029956598863,06.05.2024 02:08,АннА СМиРнОВа,+7 9963 47 86,4,ПОДпИскА на ГаЗету,5,2521.13,478.87,cOmPletED,Проверить наличие,2024/05/03,1618080891852842
2029956598863,06.05.2024 02:08,АннА СМиРнОВа,+7 9963 47 86,4,ПОдПИСкА На гаЗеТу,4,2158.33,241.67,COmPLeteD,Проверить наличие,2024/05/03,1618080891852842
2029956597712,2024-05-04 05:04:04,еЛеНА НОвиКоВА,+7 9923 35 04,1,КорМ дЛя СОбАК,1,459.88,40.12,prOcEssing,"Задержка с доставкой, печалька...",2024-05-14,3689945960282054
2029956597712,2024-05-04 05:04:04,еЛеНА НОвиКоВА,+7 9923 35 04,1,Корм длЯ собАк,5,2158.74,341.26,PROCesSiNg,"Задержка с доставкой, печалька...",2024-05-14,3689945960282054
2029956596286,03.05.2024 17:05,НаТаЛЬя васИльева,+7 9448 02 70,3,аМУНиЦИЯ для сОБаК,3,3511.78,88.22,cOmpLETEd,Проверить наличие,03.05.2024,1023041984245206
2029956596286,03.05.2024 17:05,НаТаЛЬя васИльева,+7 9448 02 70,2,ИГРушка МяЧ,5,1453.57,46.43,COMPleteD,Проверить наличие,03.05.2024,1023041984245206
2029956596286,03.05.2024 17:05,НаТаЛЬя васИльева,+7 9448 02 70,3,аМунИцИЯ дЛЯ собак,1,986.39,213.61,COMPletEd,Проверить наличие,03.05.2024,1023041984245206
2029956596286,03.05.2024 17:05,НаТаЛЬя васИльева,+7 9448 02 70,4,подПисКа НА гАЗеТу,4,2073.77,326.23,ComPLeteD,Проверить наличие,03.05.2024,1023041984245206
2029956596286,03.05.2024 17:05,НаТаЛЬя васИльева,+7 9448 02 70,2,иГрУШКА мЯЧ,2,528.21,71.79,cOmplETEd,Проверить наличие,03.05.2024,1023041984245206
2029956595159,2024/05/25 20:30:00,МаРИЯ пЕтроВа,+7(9269)62-13,3,АмУниЦИЯ для сОБАк,5,5013.53,986.47,CAnCELLED,подарок вовремя,26.05.2024,1435833999867111
2029956595159,2024/05/25 20:30:00,МаРИЯ пЕтроВа,+7(9269)62-13,2,иГрушКА МЯЧ,1,266.23,33.77,CANCelLeD,подарок вовремя,26.05.2024,1435833999867111
2029956595159,2024/05/25 20:30:00,МаРИЯ пЕтроВа,+7(9269)62-13,2,ИГруШка МЯЧ,4,1130.13,69.87,caNCElLeD,подарок вовремя,26.05.2024,1435833999867111
2029956594815,2024/05/31 16:14:37,ЕЛена НовиКовА,8(9668) 07-57,4,пОДПиСкА на ГАЗеТУ,4,2199.92,200.08,proCessinG,"Задержка с доставкой, печалька...",2024/05/24,2347453930202062
2029956594815,2024/05/31 16:14:37,ЕЛена НовиКовА,8(9668) 07-57,5,мОЛОко,5,12511.8,2488.2,pRocesSiNg,"Задержка с доставкой, печалька...",2024/05/24,2347453930202062
2029956594815,2024/05/31 16:14:37,ЕЛена НовиКовА,8(9668) 07-57,3,АмУнИЦИЯ дЛЯ сОБАК,4,3991.27,808.73,PROCESSinG,"Задержка с доставкой, печалька...",2024/05/24,2347453930202062
2029956594815,2024/05/31 16:14:37,ЕЛена НовиКовА,8(9668) 07-57,1,КоРм длЯ собАк,2,837.07,162.93,PrOCeSsING,"Задержка с доставкой, печалька...",2024/05/24,2347453930202062
2029956594815,2024/05/31 16:14:37,ЕЛена НовиКовА,8(9668) 07-57,1,кОрм ДлЯ сОБак,2,885.18,114.82,PrOCessiNg,"Задержка с доставкой, печалька...",2024/05/24,2347453930202062
2029956593909,26.05.2024 10:39,ольгА КуЗНЕЦОва,+7 9964 02 58,4,ПоДпИСка На гАЗетУ,4,2172.43,227.57,prOCeSSiNG,Нужно уточнить сроки,2024-05-13,1234408695272405
2029956593909,26.05.2024 10:39,ольгА КуЗНЕЦОва,+7 9964 02 58,1,корМ ДЛя сОБАк,4,1791.94,208.06,PRocessiNg,Нужно уточнить сроки,2024-05-13,1234408695272405
2029956593909,26.05.2024 10:39,ольгА КуЗНЕЦОва,+7 9964 02 58,1,КОРМ дЛя соБАК,1,484.58,15.42,proCEssInG,Нужно уточнить сроки,2024-05-13,1234408695272405
2029956592807,2024/05/23 04:23:58,МиХАИЛ оРлов,+7(9126)66-63,3,амуНИЦия для сОбаК,5,5643.73,356.27,cANCeLlED,Нужно уточнить сроки,2024/05/13,2166375007202931
2029956592807,2024/05/23 04:23:58,МиХАИЛ оРлов,+7(9126)66-63,1,кОРМ для СОбак,4,1999.58,0.42,CANcellEd,Нужно уточнить сроки,2024/05/13,2166375007202931
2029956592807,2024/05/23 04:23:58,МиХАИЛ оРлов,+7(9126)66-63,5,мОЛокО,2,5041.67,958.33,CaNceLlED,Нужно уточнить сроки,2024/05/13,2166375007202931
2029956592807,2024/05/23 04:23:58,МиХАИЛ оРлов,+7(9126)66-63,2,ИгРуШка мяч,3,802.11,97.89,CanCELlED,Нужно уточнить сроки,2024/05/13,2166375007202931
2029956591421,2024-05-12 19:46:56,анна сМиРнОвА,8(9986) 91-80,4,ПоДпИСкА нА ГАЗету,4,2079.35,320.65,proCESsIng,Ждём с нетерпением!,2024-05-06,9001343227171265
2029956591421,2024-05-12 19:46:56,анна сМиРнОвА,8(9986) 91-80,5,МолОко,5,13872.4,1127.6,PrOCessing,Ждём с нетерпением!,2024-05-06,9001343227171265
2029956590390,19.05.2024 19:40,мАРИЯ ПЕтРОВА,+7(9901)94-35,3,аМУнИЦИя ДЛя СобаК,5,5663.88,336.12,CANcElLeD,Проверить наличие,03.05.2024,6676582708626701
2029956590390,19.05.2024 19:40,мАРИЯ ПЕтРОВА,+7(9901)94-35,2,ИГРУшКА Мяч,5,1213.46,286.54,cAnceLLed,Проверить наличие,03.05.2024,6676582708626701
2029956590390,19.05.2024 19:40,мАРИЯ ПЕтРОВА,+7(9901)94-35,5,МоЛокО,5,14333.31,666.69,CANcElLeD,Проверить наличие,03.05.2024,6676582708626701
2029956590390,19.05.2024 19:40,мАРИЯ ПЕтРОВА,+7(9901)94-35,1,Корм дЛя СобАк,2,843.68,156.32,CanCElLeD,Проверить наличие,03.05.2024,6676582708626701
2029956590390,19.05.2024 19:40,мАРИЯ ПЕтРОВА,+7(9901)94-35,2,иГРУшКа МЯч,1,286.8,13.2,CAnCELLED,Проверить наличие,03.05.2024,6676582708626701
2029956589194,2024-05-16 13:46:56,Иван Иванов,+7(9714)33-11,3,АмУнициЯ длЯ соБак,2,2263.52,136.48,PrOCesSINg,Проверить наличие,2024-05-21,6609735068135495
2029956589194,2024-05-16 13:46:56,Иван Иванов,+7(9714)33-11,4,подпИсКа НА гаЗетУ,1,557.95,42.05,ProcEssiNG,Проверить наличие,2024-05-21,6609735068135495
2029956588427,12.05.2024 06:57,ЕлЕНА новикОва,+7(9559)40-12,1,КОрМ Для СоБак,2,956.64,43.36,cOMPLeTeD,спасибо за заказ,2024/05/07,8384487671134706
2029956588427,12.05.2024 06:57,ЕлЕНА новикОва,+7(9559)40-12,3,аМуНиЦИЯ ДЛя сОБАК,3,3021.99,578.01,ComPLeTeD,спасибо за заказ,2024/05/07,8384487671134706
2029956588427,12.05.2024 06:57,ЕлЕНА новикОва,+7(9559)40-12,4,пОдпиСКА нА ГАЗЕту,3,1773.26,26.74,COmpLETEd,спасибо за заказ,2024/05/07,8384487671134706
2029956588427,12.05.2024 06:57,ЕлЕНА новикОва,+7(9559)40-12,3,АмУниЦИЯ длЯ СоБаК,2,2101.79,298.21,COmPlEted,спасибо за заказ,2024/05/07,8384487671134706
2029956588427,12.05.2024 06:57,ЕлЕНА новикОва,+7(9559)40-12,3,АМуниция ДЛя сОбАК,2,1982.11,417.89,COMpLetEd,спасибо за заказ,2024/05/07,8384487671134706
2029956587622,2024-05-14 01:04:57,наТАЛьЯ ВАсИЛьЕвА,8(9943) 09-17,3,АМуНИЦИя ДЛЯ сОбАК,2,2118.01,281.99,cancelLED,Всё отлично!,2024-05-18,2419552173486984
2029956587622,2024-05-14 01:04:57,наТАЛьЯ ВАсИЛьЕвА,8(9943) 09-17,5,МоЛоКО,4,10216.51,1783.49,CAnCELleD,Всё отлично!,2024-05-18,2419552173486984
2029956586600,18.05.2024 07:52,НатАлья ваСИлЬЕва,+7(9272)59-83,2,ИГРушкА мЯЧ,5,1438.41,61.59,PRoCeSsInG,спасибо за заказ,2024/05/16,5056900830524679
2029956585551,2024/05/18 07:26:26,ЕлЕнА НОвиКоВА,+7 9150 49 55,2,ИГРУШКА мЯч,4,1029.17,170.83,COmplETED,Проверить наличие,2024-05-18,5103213666819403
2029956585551,2024/05/18 07:26:26,ЕлЕнА НОвиКоВА,+7 9150 49 55,4,пОдПисКА НА ГазетУ,1,526.09,73.91,CoMpLeTEd,Проверить наличие,2024-05-18,5103213666819403
2029956584937,2024-05-07 22:36:45,дмитрий КуЗнЕцОв,+7(9321)98-55,5,молоКО,5,12362.56,2637.44,coMPLeTeD,подарок вовремя,2024/05/19,4190464896031616
2029956584937,2024-05-07 22:36:45,дмитрий КуЗнЕцОв,+7(9321)98-55,4,ПодпИСКа на гАзеТу,5,2824.31,175.69,cOmPLETEd,подарок вовремя,2024/05/19,4190464896031616
2029956584937,2024-05-07 22:36:45,дмитрий КуЗнЕцОв,+7(9321)98-55,2,игРУШкА МЯч,2,482.37,117.63,COMpLeTed,подарок вовремя,2024/05/19,4190464896031616
2029956584937,2024-05-07 22:36:45,дмитрий КуЗнЕцОв,+7(9321)98-55,2,иГрУШкА мяч,2,583.79,16.21,cOmPletED,подарок вовремя,2024/05/19,4190464896031616
2029956583585,24.05.2024 04:49,СергеЙ сИДорОв,+7(9305)51-60,1,КОрМ дЛЯ СоБаК,2,967.81,32.19,PrOcESSInG,Всё отлично!,2024/05/15,2448502675810390
2029956583585,24.05.2024 04:49,СергеЙ сИДорОв,+7(9305)51-60,3,аМУНицИЯ дЛЯ СОбак,3,3525.97,74.03,pROcESsinG,Всё отлично!,2024/05/15,2448502675810390
2029956583585,24.05.2024 04:49,СергеЙ сИДорОв,+7(9305)51-60,2,иГрУШКа мяч,1,283.21,16.79,processinG,Всё отлично!,2024/05/15,2448502675810390
2029956583585,24.05.2024 04:49,СергеЙ сИДорОв,+7(9305)51-60,1,корМ дЛя СобАК,2,979.74,20.26,pROCesSiNg,Всё отлично!,2024/05/15,2448502675810390
2029956582378,24.05.2024 20:16,ДМитРиЙ КУзнецОВ,+7 9890 58 85,5,МОлоКО,1,2597.71,402.29,pRocesSInG,спасибо за заказ,2024-05-01,2923137720987778
2029956582378,24.05.2024 20:16,ДМитРиЙ КУзнецОВ,+7 9890 58 85,5,мОЛоко,4,10092.9,1907.1,procESsiNg,спасибо за заказ,2024-05-01,2923137720987778
2029956581393,2024-05-03 05:31:20,ДмиТРий КУЗнеЦОв,+7 9630 32 26,1,коРМ для СОБак,1,492.8,7.2,cancelLEd,"Задержка с доставкой, печалька...",2024/05/26,4720224339596874
2029956581393,2024-05-03 05:31:20,ДмиТРий КУЗнеЦОв,+7 9630 32 26,2,иГРушкА МяЧ,5,1391.58,108.42,CAncElLED,"Задержка с доставкой, печалька...",2024/05/26,4720224339596874
2029956580330,18.05.2024 01:56,аННА СмИрнова,+7 9212 82 50,4,пОДПИсКА нА газеТУ,5,2557.01,442.99,cOmpleTeD,Проверить наличие,2024/05/23,8836983619315811
2029956580330,18.05.2024 01:56,аННА СмИрнова,+7 9212 82 50,5,Молоко,3,7399.56,1600.44,CoMpleTED,Проверить наличие,2024/05/23,8836983619315811
2029956580330,18.05.2024 01:56,аННА СмИрнова,+7 9212 82 50,1,кОРМ Для соБАК,1,412.34,87.66,cOMpLEteD,Проверить наличие,2024/05/23,8836983619315811
2029956580330,18.05.2024 01:56,аННА СмИрнова,+7 9212 82 50,2,ИгРУшКА Мяч,4,1080.43,119.57,cOmpleTed,Проверить наличие,2024/05/23,8836983619315811
2029956580330,18.05.2024 01:56,аННА СмИрнова,+7 9212 82 50,1,корм ДЛя сОбАК,2,854.73,145.27,coMpleteD,Проверить наличие,2024/05/23,8836983619315811
2029956579108,2024-05-07 21:21:35,СеРгей сИдОРОВ,8(9427) 99-13,4,подПИСКа на гаЗЕтУ,2,1028.08,171.92,coMpleted,Ждём с нетерпением!,2024/05/14,5281409289808801
2029956579108,2024-05-07 21:21:35,СеРгей сИдОРОВ,8(9427) 99-13,2,иГрушкА МЯч,5,1399.7,100.3,CoMPlEtED,Ждём с нетерпением!,2024/05/14,5281409289808801
2029956579108,2024-05-07 21:21:35,СеРгей сИдОРОВ,8(9427) 99-13,5,МОЛокО,3,8652.05,347.95,COmpleTeD,Ждём с нетерпением!,2024/05/14,5281409289808801
2029956579108,2024-05-07 21:21:35,СеРгей сИдОРОВ,8(9427) 99-13,5,МолОко,3,8911.02,88.98,coMPlEteD,Ждём с нетерпением!,2024/05/14,5281409289808801
2029956578174,2024-05-13 22:51:33,СЕргЕй СИдорОв,+7 9526 31 13,2,иГРУШКа мяЧ,4,1198.19,1.81,COmPlETed,Проверить наличие,25.05.2024,2071862196410212
2029956578174,2024-05-13 22:51:33,СЕргЕй СИдорОв,+7 9526 31 13,1,КорМ длЯ СОБАк,4,1745.36,254.64,COMPlEtEd,Проверить наличие,25.05.2024,2071862196410212
2029956577267,09.05.2024 16:51,мАРия ПеТрОвА,+7(9057)10-86,3,АмУнИцИЯ дЛЯ СобАк,2,2379.43,20.57,coMplEted,Нужно уточнить сроки,2024-05-20,0091430539640037
2029956577267,09.05.2024 16:51,мАРия ПеТрОвА,+7(9057)10-86,2,иГрУшкА мяЧ,4,1099.17,100.83,complEted,Нужно уточнить сроки,2024-05-20,0091430539640037
2029956577267,09.05.2024 16:51,мАРия ПеТрОвА,+7(9057)10-86,1,кОРМ для СоБаК,3,1343.9,156.1,ComPlEteD,Нужно уточнить сроки,2024-05-20,0091430539640037
2029956577267,09.05.2024 16:51,мАРия ПеТрОвА,+7(9057)10-86,2,игРУШка мЯЧ,1,269.67,30.33,coMpLetEd,Нужно уточнить сроки,2024-05-20,0091430539640037
2029956576742,2024/05/19 00:06:30,СергЕЙ сИдОРов,+7(9119)86-80,3,АмУнИЦИя для собАк,3,3033.3,566.7,coMplETed,"Задержка с доставкой, печалька...",27.05.2024,2794413516528340
2029956575931,13.05.2024 06:41,аНна СМИрНОВА,+7 9895 74 23,2,иГРушка МЯЧ,2,499.94,100.06,PROCesSinG,"Задержка с доставкой, печалька...",2024/05/09,8427877401704251
2029956575931,13.05.2024 06:41,аНна СМИрНОВА,+7 9895 74 23,5,МолОкО,5,12903.28,2096.72,ProcEssIng,"Задержка с доставкой, печалька...",2024/05/09,8427877401704251
2029956574817,2024/05/23 01:57:39,оЛьГа КуЗНЕцОвА,+7 9565 38 67,5,МОЛОко,1,2649.92,350.08,CANceLLed,спасибо за заказ,2024-05-22,2558072663862815
2029956574817,2024/05/23 01:57:39,оЛьГа КуЗНЕцОвА,+7 9565 38 67,2,игРУШКА МЯЧ,1,281.15,18.85,CAnceLlED,спасибо за заказ,2024-05-22,2558072663862815
2029956573695,22.05.2024 05:41,нАтАлья ваСилЬЕвА,+7 9848 78 99,2,игруШКА мЯч,4,1171.03,28.97,COMpLeTEd,спасибо за заказ,2024-05-07,9313244861519554
2029956573695,22.05.2024 05:41,нАтАлья ваСилЬЕвА,+7 9848 78 99,5,МОЛоКО,3,7336.74,1663.26,coMplETED,спасибо за заказ,2024-05-07,9313244861519554
2029956573695,22.05.2024 05:41,нАтАлья ваСилЬЕвА,+7 9848 78 99,3,аМунИцИя дЛя соБаК,2,1942.34,457.66,COMpleTEd,спасибо за заказ,2024-05-07,9313244861519554
2029956573695,22.05.2024 05:41,нАтАлья ваСилЬЕвА,+7 9848 78 99,4,ПоДпиСКа НА гаЗетУ,5,2723.71,276.29,cOMpLEtEd,спасибо за заказ,2024-05-07,9313244861519554
2029956573695,22.05.2024 05:41,нАтАлья ваСилЬЕвА,+7 9848 78 99,3,амуНИцИЯ длЯ СОбАк,3,3587.77,12.23,coMplETEd,спасибо за заказ,2024-05-07,9313244861519554
2029956572177,2024-05-11 20:45:36,аНнА смИрНоВа,+7(9164)80-23,5,молОко,3,8196.27,803.73,PrOCEsSING,Всё отлично!,2024/05/26,6280185182033040
2029956571204,27.05.2024 05:38,ЕЛЕнА НОВиКоВА,8(9574) 10-90,4,ПОДпиСка НА ГазЕтУ,1,576.89,23.11,ProCESSing,"Задержка с доставкой, печалька...",24.05.2024,2126527895647071
2029956571204,27.05.2024 05:38,ЕЛЕнА НОВиКоВА,8(9574) 10-90,4,ПОДПИСка нА гАЗету,3,1666.88,133.12,pROcEssInG,"Задержка с доставкой, печалька...",24.05.2024,2126527895647071
2029956571204,27.05.2024 05:38,ЕЛЕнА НОВиКоВА,8(9574) 10-90,3,амУнИцИя длЯ СобаК,2,2060.24,339.76,PrOceSSInG,"Задержка с доставкой, печалька...",24.05.2024,2126527895647071
2029956570919,29.05.2024 21:27,сергеЙ сиДоРоВ,+7 9424 92 60,5,мОлОкО,4,9656.5,2343.5,compLetEd,Всё отлично!,2024/05/27,5973777191482590
2029956570919,29.05.2024 21:27,сергеЙ сиДоРоВ,+7 9424 92 60,1,Корм длЯ соБАк,2,934.73,65.27,cOmpLEted,Всё отлично!,2024/05/27,5973777191482590
2029956569885,2024-05-13 04:37:06,ЕЛенА нОВикОва,+7(9602)71-11,3,АмУнициЯ ДЛя собаК,3,3459.33,140.67,CAncellEd,"Задержка с доставкой, печалька...",30.05.2024,4840244749330691
2029956569885,2024-05-13 04:37:06,ЕЛенА нОВикОва,+7(9602)71-11,1,КоРМ для сОбАк,1,474.9,25.1,caNcellEd,"Задержка с доставкой, печалька...",30.05.2024,4840244749330691
2029956569885,2024-05-13 04:37:06,ЕЛенА нОВикОва,+7(9602)71-11,1,КоРм дЛя СобАК,4,1727.95,272.05,CAncELLED,"Задержка с доставкой, печалька...",30.05.2024,4840244749330691
2029956569885,2024-05-13 04:37:06,ЕЛенА нОВикОва,+7(9602)71-11,4,ПодПИсКа нА ГАзетУ,1,551.48,48.52,cANcellEd,"Задержка с доставкой, печалька...",30.05.2024,4840244749330691
2029956568594,2024/05/30 15:04:23,дМИтРий кузНЕцОВ,+7 9749 29 99,1,КОРм дЛя сОБак,5,2058.15,441.85,proCEsSing,Ждём с нетерпением!,2024/05/19,2440601054556293
2029956568594,2024/05/30 15:04:23,дМИтРий кузНЕцОВ,+7 9749 29 99,3,амУнИЦИя длЯ СОБАк,1,1117.35,82.65,proceSsINg,Ждём с нетерпением!,2024/05/19,2440601054556293
2029956568594,2024/05/30 15:04:23,дМИтРий кузНЕцОВ,+7 9749 29 99,5,моЛокО,3,7790.71,1209.29,ProcEssing,Ждём с нетерпением!,2024/05/19,2440601054556293
2029956568594,2024/05/30 15:04:23,дМИтРий кузНЕцОВ,+7 9749 29 99,5,МоЛокО,3,8690.6,309.4,pROCeSSing,Ждём с нетерпением!,2024/05/19,2440601054556293
2029956568594,2024/05/30 15:04:23,дМИтРий кузНЕцОВ,+7 9749 29 99,2,иГРУшКА мяч,5,1287.96,212.04,pROCessInG,Ждём с нетерпением!,2024/05/19,2440601054556293
2029956567110,06.05.2024 23:59,марИЯ пеТРОВА,+7(9703)25-51,4,подпИСКа На гАЗеТУ,5,2583.11,416.89,pRocessING,Ждём с нетерпением!,26.05.2024,6123892795458215
2029956567110,06.05.2024 23:59,марИЯ пеТРОВА,+7(9703)25-51,4,поДПИСКа на гАзЕту,4,2229.28,170.72,PrOCessINg,Ждём с нетерпением!,26.05.2024,6123892795458215
2029956567110,06.05.2024 23:59,марИЯ пеТРОВА,+7(9703)25-51,4,ПОдпИсКа На ГазЕту,4,2130.27,269.73,pRoCessIng,Ждём с нетерпением!,26.05.2024,6123892795458215
2029956567110,06.05.2024 23:59,марИЯ пеТРОВА,+7(9703)25-51,2,ИгРУШКА мЯЧ,4,1149.3,50.7,pROceSsInG,Ждём с нетерпением!,26.05.2024,6123892795458215
2029956567110,06.05.2024 23:59,марИЯ пеТРОВА,+7(9703)25-51,5,МолоКО,5,13764.96,1235.04,proCesSiNG,Ждём с нетерпением!,26.05.2024,6123892795458215
2029956566101,2024-05-07 08:31:09,иВАН иВАноВ,8(9205) 78-87,4,пОДПиска на гаЗЕТУ,5,2670.61,329.39,pRocESsinG,подарок вовремя,2024-05-30,9795002888748992
2029956565183,19.05.2024 05:58,еЛЕНА ноВИкОва,+7 9885 43 63,4,пОдПИСКа на гАзету,3,1695.64,104.36,procESsInG,Ждём с нетерпением!,2024-05-08,5655147552185239
2029956565183,19.05.2024 05:58,еЛЕНА ноВИкОва,+7 9885 43 63,4,пОДпиСКА на гаЗеТу,3,1442.06,357.94,prOCESSINg,Ждём с нетерпением!,2024-05-08,5655147552185239
2029956565183,19.05.2024 05:58,еЛЕНА ноВИкОва,+7 9885 43 63,2,игрУШка Мяч,5,1451.15,48.85,prOCESsiNG,Ждём с нетерпением!,2024-05-08,5655147552185239
2029956565183,19.05.2024 05:58,еЛЕНА ноВИкОва,+7 9885 43 63,3,АМуНиция дЛя СОБАк,5,5100.16,899.84,proCESsing,Ждём с нетерпением!,2024-05-08,5655147552185239
2029956564400,2024-05-12 15:19:57,ЕЛЕНА НоВИКова,+7(9074)33-11,2,ИгрУшкА мЯч,2,565.54,34.46,CANcEllEd,Ждём с нетерпением!,27.05.2024,6732740154527845
2029956564400,2024-05-12 15:19:57,ЕЛЕНА НоВИКова,+7(9074)33-11,5,молОКо,3,8258.72,741.28,canCELled,Ждём с нетерпением!,27.05.2024,6732740154527845
2029956564400,2024-05-12 15:19:57,ЕЛЕНА НоВИКова,+7(9074)33-11,5,моЛОко,1,2927.38,72.62,canceLLed,Ждём с нетерпением!,27.05.2024,6732740154527845
2029956563277,22.05.2024 19:58,Елена ноВикОВА,+7 9369 54 36,2,ИгРУшкА МяЧ,4,1018.61,181.39,pRoCesSiNG,подарок вовремя,16.05.2024,5137605716325299
2029956562634,2024/05/19 19:30:22,елЕнА нОвиКОВа,+7 9381 83 27,1,КОрМ Для сОбаК,2,841.36,158.64,CoMplEteD,подарок вовремя,2024/05/10,0804589461665876
2029956561736,2024-05-05 14:38:20,ОЛЬГА кУзНЕЦОВа,+7(9338)51-57,4,поДписКа нА ГазЕтУ,4,2253.48,146.52,ComPLEted,Нужно уточнить сроки,2024-05-08,2542790259614610
2029956560590,2024-05-26 00:58:04,СергЕЙ СИдОрОВ,+7 9393 49 83,2,ИгрушКА Мяч,1,251.28,48.72,PROcessing,Проверить наличие,2024/05/15,9550079843512729
2029956560590,2024-05-26 00:58:04,СергЕЙ СИдОрОВ,+7 9393 49 83,2,иГРуШка МяЧ,5,1385.45,114.55,PROCessINg,Проверить наличие,2024/05/15,9550079843512729
2029956560590,2024-05-26 00:58:04,СергЕЙ СИдОрОВ,+7 9393 49 83,2,иГрУшКа МЯЧ,4,970.49,229.51,proCESSINg,Проверить наличие,2024/05/15,9550079843512729
2029956560590,2024-05-26 00:58:04,СергЕЙ СИдОрОВ,+7 9393 49 83,5,МОЛоко,2,5887.59,112.41,PRoceSsiNg,Проверить наличие,2024/05/15,9550079843512729
2029956560590,2024-05-26 00:58:04,СергЕЙ СИдОрОВ,+7 9393 49 83,2,ИГРушка Мяч,4,1179.82,20.18,PrOceSSing,Проверить наличие,2024/05/15,9550079843512729
2029956559953,2024-05-07 22:45:02,маРИя петрОВА,+7(9344)54-72,3,АМуницИя для СобАК,4,4620.55,179.45,CAnCEllED,спасибо за заказ,2024-05-25,2932963546125558
2029956559953,2024-05-07 22:45:02,маРИя петрОВА,+7(9344)54-72,5,мОлОкО,3,7582.14,1417.86,CANCeLleD,спасибо за заказ,2024-05-25,2932963546125558
2029956559953,2024-05-07 22:45:02,маРИя петрОВА,+7(9344)54-72,3,амуНИциЯ ДлЯ собаК,1,1097.5,102.5,canCeLlED,спасибо за заказ,2024-05-25,2932963546125558
2029956558546,19.05.2024 01:02,НАТАльЯ ВаСиЛьева,+7(9118)54-21,2,ИГрушка МЯЧ,3,757.97,142.03,pROceSsING,спасибо за заказ,2024-05-22,3551682464543842
2029956557991,22.05.2024 15:57,аЛексей МИхаЙЛов,8(9317) 50-16,4,ПОДПИсКа На газетУ,2,1068.87,131.13,COMPlEtED,спасибо за заказ,19.05.2024,8817678313313596
2029956557991,22.05.2024 15:57,аЛексей МИхаЙЛов,8(9317) 50-16,2,игруШка МЯЧ,1,288.44,11.56,cOMPlETED,спасибо за заказ,19.05.2024,8817678313313596
2029956557991,22.05.2024 15:57,аЛексей МИхаЙЛов,8(9317) 50-16,2,ИгРушКА МЯЧ,4,1086.05,113.95,COMPLEteD,спасибо за заказ,19.05.2024,8817678313313596
2029956557991,22.05.2024 15:57,аЛексей МИхаЙЛов,8(9317) 50-16,1,КоРМ длЯ СОБАк,1,409.64,90.36,cOMPleted,спасибо за заказ,19.05.2024,8817678313313596
2029956557991,22.05.2024 15:57,аЛексей МИхаЙЛов,8(9317) 50-16,2,ИгРуШКА мяч,2,549.8,50.2,coMpLeTed,спасибо за заказ,19.05.2024,8817678313313596
2029956556182,2024/05/06 21:40:47,наТаЛьЯ вАСилЬевА,+7(9027)16-30,5,МОлОКО,5,13953.8,1046.2,caNcElLed,Ждём с нетерпением!,21.05.2024,5958917900718552
2029956556182,2024/05/06 21:40:47,наТаЛьЯ вАСилЬевА,+7(9027)16-30,1,КОрМ Для сОБаК,4,1806.44,193.56,cAncEllEd,Ждём с нетерпением!,21.05.2024,5958917900718552
2029956556182,2024/05/06 21:40:47,наТаЛьЯ вАСилЬевА,+7(9027)16-30,2,иГрУШка мЯч,4,1172.5,27.5,cANCELLeD,Ждём с нетерпением!,21.05.2024,5958917900718552
2029956556182,2024/05/06 21:40:47,наТаЛьЯ вАСилЬевА,+7(9027)16-30,3,АмУнИЦИя ДлЯ сОбак,5,5623.5,376.5,cANcElled,Ждём с нетерпением!,21.05.2024,5958917900718552
2029956555350,2024-05-27 12:07:18,МаРия пеТрОвА,+7 9231 00 97,5,МОЛоКО,2,5378.27,621.73,compLEtEd,Проверить наличие,2024/05/07,5120116177504152
2029956554406,2024/05/19 13:14:28,ДмитрИй КуЗнеЦов,+7(9713)71-70,2,игрУшКА мяЧ,1,253.75,46.25,ProcesSiNg,"Задержка с доставкой, печалька...",2024/05/26,5505788526414704
2029956553417,2024/05/09 06:38:03,марИЯ ПетРовА,+7(9260)83-10,2,игрУшКА мЯЧ,1,277.86,22.14,cAncelLEd,Проверить наличие,2024-05-23,8220680868080623
2029956553417,2024/05/09 06:38:03,марИЯ ПетРовА,+7(9260)83-10,3,АмУНИЦиЯ дЛЯ СОбак,5,5037.05,962.95,cANcELled,Проверить наличие,2024-05-23,8220680868080623
2029956553417,2024/05/09 06:38:03,марИЯ ПетРовА,+7(9260)83-10,3,аМуНиЦиЯ дЛя сОбАк,1,1187.67,12.33,cAnCELLED,Проверить наличие,2024-05-23,8220680868080623
2029956552284,26.05.2024 10:03,еЛЕнА нОВИКовА,+7(9523)23-06,2,игРушкА МяЧ,4,1057.02,142.98,coMpLeTeD,"Задержка с доставкой, печалька...",2024/05/26,9449178097729351
2029956552284,26.05.2024 10:03,еЛЕнА нОВИКовА,+7(9523)23-06,3,АмуНИцИя для собаК,4,3849.81,950.19,compLeTed,"Задержка с доставкой, печалька...",2024/05/26,9449178097729351
2029956552284,26.05.2024 10:03,еЛЕнА нОВИКовА,+7(9523)23-06,1,корм ДлЯ соБак,5,2209.76,290.24,cOmpLetED,"Задержка с доставкой, печалька...",2024/05/26,9449178097729351
2029956551624,2024/05/31 04:27:27,миХАиЛ орЛОВ,+7(9064)76-45,3,АмуНицИя длЯ СобАк,4,4615.24,184.76,cOMpLetEd,спасибо за заказ,2024-05-08,3801548139422360
2029956551624,2024/05/31 04:27:27,миХАиЛ орЛОВ,+7(9064)76-45,4,пОдпИскА нА газетУ,2,1061.34,138.66,coMplEtEd,спасибо за заказ,2024-05-08,3801548139422360
2029956551624,2024/05/31 04:27:27,миХАиЛ орЛОВ,+7(9064)76-45,4,ПоДПиСкА НА гАЗету,5,2880.57,119.43,comPLETED,спасибо за заказ,2024-05-08,3801548139422360
2029956551624,2024/05/31 04:27:27,миХАиЛ орЛОВ,+7(9064)76-45,3,аМУнИцИЯ ДлЯ соБак,5,5164.37,835.63,CoMPLEtEd,спасибо за заказ,2024-05-08,3801548139422360
2029956551624,2024/05/31 04:27:27,миХАиЛ орЛОВ,+7(9064)76-45,5,МолОКо,3,7705.05,1294.95,ComPlETeD,спасибо за заказ,2024-05-08,3801548139422360
2029956550896,2024/05/02 02:05:24,дмИтРиЙ кУЗНЕцоВ,8(9950) 22-92,2,игрУшка МяЧ,4,1169.63,30.37,PRoCeSsINg,Ждём с нетерпением!,27.05.2024,8255048707252878
2029956550896,2024/05/02 02:05:24,дмИтРиЙ кУЗНЕцоВ,8(9950) 22-92,5,мОлОко,5,14827.63,172.37,PrOcESsiNG,Ждём с нетерпением!,27.05.2024,8255048707252878
2029956549722,2024-05-18 17:51:30,ивАН ИВаНОв,+7(9100)59-77,4,пОДПИСкА НА ГазетУ,5,2531.77,468.23,CancELLED,Проверить наличие,2024-05-25,1031418904689669
2029956549722,2024-05-18 17:51:30,ивАН ИВаНОв,+7(9100)59-77,2,ИгрУшКа мЯЧ,4,1175.92,24.08,CancELLeD,Проверить наличие,2024-05-25,1031418904689669
2029956549722,2024-05-18 17:51:30,ивАН ИВаНОв,+7(9100)59-77,1,КОрм Для СОБАк,1,442.54,57.46,CAnCElLed,Проверить наличие,2024-05-25,1031418904689669
2029956549722,2024-05-18 17:51:30,ивАН ИВаНОв,+7(9100)59-77,3,аМунИЦия дЛя собАк,2,2075.84,324.16,caNCELLed,Проверить наличие,2024-05-25,1031418904689669
2029956548391,2024/05/02 02:38:24,елЕна НовИКОвА,+7 9892 10 41,2,иГРУШкА мяЧ,5,1464.27,35.73,cOMPLETEd,Проверить наличие,2024-05-22,1970085777189036
2029956548391,2024/05/02 02:38:24,елЕна НовИКОвА,+7 9892 10 41,5,мОЛоко,1,2507.42,492.58,CompLEtED,Проверить наличие,2024-05-22,1970085777189036
2029956548391,2024/05/02 02:38:24,елЕна НовИКОвА,+7 9892 10 41,1,КОрМ дЛя сОбак,1,482.35,17.65,cOmPlETED,Проверить наличие,2024-05-22,1970085777189036
2029956548391,2024/05/02 02:38:24,елЕна НовИКОвА,+7 9892 10 41,3,амУНиция длЯ сОБАк,3,3542.68,57.32,CompLetEd,Проверить наличие,2024-05-22,1970085777189036
2029956547419,2024/05/31 14:29:21,дмИТРИЙ КузнЕцов,+7 9776 60 73,4,пОдПИСКА на гаЗеТУ,5,2884.17,115.83,COMpleTEd,спасибо за заказ,2024-05-07,3893625347922864
2029956547419,2024/05/31 14:29:21,дмИТРИЙ КузнЕцов,+7 9776 60 73,1,корМ ДЛЯ СОБак,4,1936.08,63.92,coMpLETed,спасибо за заказ,2024-05-07,3893625347922864
2029956546223,2024/05/30 07:53:01,ДмитРиЙ кУЗНеЦОв,+7(9473)37-35,3,АмуНиЦия для СобАк,2,2376.35,23.65,compLEtED,Нужно уточнить сроки,03.05.2024,0212951468950040
2029956546223,2024/05/30 07:53:01,ДмитРиЙ кУЗНеЦОв,+7(9473)37-35,5,мОлоко,4,11406.36,593.64,cOmpLeTEd,Нужно уточнить сроки,03.05.2024,0212951468950040
2029956546223,2024/05/30 07:53:01,ДмитРиЙ кУЗНеЦОв,+7(9473)37-35,1,КОРм длЯ СоБАк,2,902.89,97.11,CompLEteD,Нужно уточнить сроки,03.05.2024,0212951468950040
2029956546223,2024/05/30 07:53:01,ДмитРиЙ кУЗНеЦОв,+7(9473)37-35,5,МоЛОко,1,2421.37,578.63,CoMpLETED,Нужно уточнить сроки,03.05.2024,0212951468950040
2029956545735,22.05.2024 01:03,МаРиЯ пЕТРОва,+7 9223 28 60,4,пОДпИСкА на гАЗеТУ,3,1730.62,69.38,cancELled,Ждём с нетерпением!,08.05.2024,7694231064148016
2029956545735,22.05.2024 01:03,МаРиЯ пЕТРОва,+7 9223 28 60,5,мОЛокО,4,11024.0,976.0,cANCELLEd,Ждём с нетерпением!,08.05.2024,7694231064148016
2029956544445,2024/05/27 14:28:48,сеРгеЙ сИДоРОВ,+7 9217 13 56,5,МОлоко,2,5238.42,761.58,COMpletEd,Ждём с нетерпением!,2024-05-04,0191795358757777
2029956544445,2024/05/27 14:28:48,сеРгеЙ сИДоРОВ,+7 9217 13 56,2,ИГрушкА МяЧ,4,1183.06,16.94,cOmPleTed,Ждём с нетерпением!,2024-05-04,0191795358757777
2029956544445,2024/05/27 14:28:48,сеРгеЙ сИДоРОВ,+7 9217 13 56,4,ПОДПисКа на ГазЕту,5,2887.18,112.82,coMPLeTED,Ждём с нетерпением!,2024-05-04,0191795358757777
2029956544445,2024/05/27 14:28:48,сеРгеЙ сИДоРОВ,+7 9217 13 56,1,кОРм дЛЯ сОбак,1,411.07,88.93,COMpLetED,Ждём с нетерпением!,2024-05-04,0191795358757777
2029956543817,2024-05-26 01:41:39,АННа СмИРНОВА,8(9159) 52-02,4,ПоДПискА НА гАЗЕТУ,3,1705.03,94.97,cancELleD,Ждём с нетерпением!,03.05.2024,1243136799864720
2029956543817,2024-05-26 01:41:39,АННа СмИРНОВА,8(9159) 52-02,3,АМуНИциЯ дЛЯ Собак,1,994.01,205.99,cancELLeD,Ждём с нетерпением!,03.05.2024,1243136799864720
2029956543817,2024-05-26 01:41:39,АННа СмИРНОВА,8(9159) 52-02,4,подПИскА на ГАЗЕТу,4,2194.29,205.71,CaNCelLED,Ждём с нетерпением!,03.05.2024,1243136799864720
2029956543817,2024-05-26 01:41:39,АННа СмИРНОВА,8(9159) 52-02,4,ПодпИскА НА ГазеТу,2,1195.48,4.52,CANcelLeD,Ждём с нетерпением!,03.05.2024,1243136799864720
2029956543817,2024-05-26 01:41:39,АННа СмИРНОВА,8(9159) 52-02,5,МолОКо,4,10030.3,1969.7,caNCELlED,Ждём с нетерпением!,03.05.2024,1243136799864720
2029956542336,2024/05/30 03:12:45,АнНА сМирНОва,+7 9644 74 64,3,аМуниЦиЯ длЯ сОБАК,2,2149.59,250.41,PRoCEsSiNG,Проверить наличие,2024-05-31,4108467728642126
2029956542336,2024/05/30 03:12:45,АнНА сМирНОва,+7 9644 74 64,2,игрушКА МяЧ,3,810.8,89.2,proCesSiNg,Проверить наличие,2024-05-31,4108467728642126
2029956542336,2024/05/30 03:12:45,АнНА сМирНОва,+7 9644 74 64,4,поДписКА НА ГаЗЕТУ,4,2185.86,214.14,prOcESSInG,Проверить наличие,2024-05-31,4108467728642126
2029956541933,08.05.2024 09:14,ИВан ивАНоВ,+7 9749 52 61,3,амунИцИя Для Собак,3,3117.98,482.02,comPlETeD,Нужно уточнить сроки,2024/05/15,0290468468815133
2029956540209,2024-05-04 00:45:13,оЛЬга КузнЕЦОВА,+7 9351 64 27,2,ИГРушКА МЯЧ,5,1487.44,12.56,prOCESsiNg,Всё отлично!,2024-05-17,4244348648902347
2029956539506,2024/05/05 09:24:50,иВАн иВаНОВ,8(9574) 13-74,4,ПоДпИскА на ГаЗЕтУ,4,2374.34,25.66,COMplEted,подарок вовремя,07.05.2024,6093346608830477
2029956539506,2024/05/05 09:24:50,иВАн иВаНОВ,8(9574) 13-74,3,АМУНиция дЛЯ собак,5,4939.26,1060.74,cOMPleted,подарок вовремя,07.05.2024,6093346608830477
2029956539506,2024/05/05 09:24:50,иВАн иВаНОВ,8(9574) 13-74,4,ПОдПИска НА гАЗеТУ,4,2133.35,266.65,cOmPleTed,подарок вовремя,07.05.2024,6093346608830477
2029956538816,10.05.2024 04:34,ИВан иванОв,+7(9014)06-53,4,ПоДпиСка на ГАЗЕТУ,2,1129.98,70.02,ProcESsing,Проверить наличие,2024-05-08,3139174724672020
2029956538816,10.05.2024 04:34,ИВан иванОв,+7(9014)06-53,3,амУнИЦИЯ длЯ сОБаК,3,3585.28,14.72,PROCESSiNg,Проверить наличие,2024-05-08,3139174724672020
2029956538816,10.05.2024 04:34,ИВан иванОв,+7(9014)06-53,3,аМунИЦИЯ ДЛя СоБак,5,5914.09,85.91,pROcesSINg,Проверить наличие,2024-05-08,3139174724672020
2029956537388,01.05.2024 14:43,ЕЛеНа НОВИкОВа,+7(9909)94-78,3,АМУНицИя для собАк,1,1070.74,129.26,comPLETeD,подарок вовремя,2024/05/15,8172534209490190
2029956537388,01.05.2024 14:43,ЕЛеНа НОВИкОВа,+7(9909)94-78,2,иГРУшкА МяЧ,3,736.19,163.81,COMPlETED,подарок вовремя,2024/05/15,8172534209490190
2029956537388,01.05.2024 14:43,ЕЛеНа НОВИкОВа,+7(9909)94-78,1,КорМ ДлЯ собАк,2,817.42,182.58,coMPLEted,подарок вовремя,2024/05/15,8172534209490190
2029956537388,01.05.2024 14:43,ЕЛеНа НОВИкОВа,+7(9909)94-78,1,КОРМ ДЛЯ СобАк,4,1893.79,106.21,cOmPLETed,подарок вовремя,2024/05/15,8172534209490190
2029956536806,2024-05-06 03:26:10,ольГа кузНеЦОва,8(9525) 04-11,5,молокО,5,14956.7,43.3,caNceLlED,Нужно уточнить сроки,23.05.2024,3199099881941474
2029956536806,2024-05-06 03:26:10,ольГа кузНеЦОва,8(9525) 04-11,5,мОЛоко,1,2619.73,380.27,canCElleD,Нужно уточнить сроки,23.05.2024,3199099881941474
2029956536806,2024-05-06 03:26:10,ольГа кузНеЦОва,8(9525) 04-11,3,АМуниЦия длЯ собак,2,2180.84,219.16,CaNcelleD,Нужно уточнить сроки,23.05.2024,3199099881941474
2029956536806,2024-05-06 03:26:10,ольГа кузНеЦОва,8(9525) 04-11,1,КорМ длЯ собАК,3,1422.08,77.92,CANCELleD,Нужно уточнить сроки,23.05.2024,3199099881941474
2029956535383,14.05.2024 08:33,сеРгЕй СИДОРОВ,+7(9736)73-13,4,пОдпИСКА На ГаЗеТу,1,498.61,101.39,ComPlETeD,Нужно уточнить сроки,2024-05-21,2744946733539480
2029956535383,14.05.2024 08:33,сеРгЕй СИДОРОВ,+7(9736)73-13,5,мОЛокО,1,2779.17,220.83,CoMPlEteD,Нужно уточнить сроки,2024-05-21,2744946733539480
2029956534866,2024/05/13 08:20:49,аннА СмИрНова,+7 9356 47 95,2,иГРушкА мЯЧ,3,875.81,24.19,proceSSing,"Задержка с доставкой, печалька...",2024-05-08,4681460724009551
2029956534866,2024/05/13 08:20:49,аннА СмИрНова,+7 9356 47 95,5,МолОко,3,8959.72,40.28,ProcEsSINg,"Задержка с доставкой, печалька...",2024-05-08,4681460724009551
2029956533871,2024/05/10 01:15:13,ИВаН ИваНоВ,8(9008) 76-09,4,пОДпИСКА нА газету,5,2680.48,319.52,CancelLeD,Ждём с нетерпением!,2024-05-09,9804200105826912
2029956533871,2024/05/10 01:15:13,ИВаН ИваНоВ,8(9008) 76-09,2,игрУШКа МЯЧ,3,856.79,43.21,CaNcElleD,Ждём с нетерпением!,2024-05-09,9804200105826912
2029956533871,2024/05/10 01:15:13,ИВаН ИваНоВ,8(9008) 76-09,4,ПОДПИСка на ГазеТУ,2,979.32,220.68,cAnceLleD,Ждём с нетерпением!,2024-05-09,9804200105826912
2029956532628,31.05.2024 09:44,ДМитРий КузнЕцОВ,+7(9983)58-06,1,КОрМ дЛЯ СОбАк,5,2435.96,64.04,comPLeTed,Нужно уточнить сроки,2024/05/22,3095238154601294
2029956532628,31.05.2024 09:44,ДМитРий КузнЕцОВ,+7(9983)58-06,4,подПИсКа нА гаЗЕТУ,5,2454.09,545.91,coMpleteD,Нужно уточнить сроки,2024/05/22,3095238154601294
2029956532628,31.05.2024 09:44,ДМитРий КузнЕцОВ,+7(9983)58-06,5,МОЛоКО,5,12908.5,2091.5,COMpLeTED,Нужно уточнить сроки,2024/05/22,3095238154601294
2029956532628,31.05.2024 09:44,ДМитРий КузнЕцОВ,+7(9983)58-06,4,подпИскА НА ГАЗЕтУ,2,996.06,203.94,COmpLetEd,Нужно уточнить сроки,2024/05/22,3095238154601294
2029956531379,23.05.2024 13:11,АННа СмИрНОВА,8(9266) 93-84,3,АМУнИциЯ дЛя сОБАк,5,5106.8,893.2,CompleTeD,Проверить наличие,18.05.2024,3149476950442178
2029956531379,23.05.2024 13:11,АННа СмИрНОВА,8(9266) 93-84,4,ПодпИскА нА гАЗЕТУ,5,2835.73,164.27,ComPLETEd,Проверить наличие,18.05.2024,3149476950442178
2029956530759,2024/05/16 19:48:42,сеРгей сИдоРОВ,8(9412) 98-77,2,ИГруШкА мЯч,4,1028.91,171.09,CaNCElLEd,Проверить наличие,2024-05-11,4469071761007157
2029956529686,2024/05/03 02:13:06,МАРиЯ пЕтровА,+7(9661)69-76,1,КОРМ ДЛЯ сОбАК,4,1813.22,186.78,CancElLeD,"Задержка с доставкой, печалька...",2024/05/25,5224993449152732
2029956529686,2024/05/03 02:13:06,МАРиЯ пЕтровА,+7(9661)69-76,4,ПодПИСка НА гаЗЕТу,4,1922.21,477.79,caNCELLEd,"Задержка с доставкой, печалька...",2024/05/25,5224993449152732
2029956529686,2024/05/03 02:13:06,МАРиЯ пЕтровА,+7(9661)69-76,4,ПОдпиСка НА гаЗеТУ,4,2255.21,144.79,CANceLLed,"Задержка с доставкой, печалька...",2024/05/25,5224993449152732
2029956528745,15.05.2024 22:55,МИхАил ОрлоВ,+7 9600 27 25,4,ПоДписКА нА газету,4,2277.11,122.89,pROcEssING,"Задержка с доставкой, печалька...",2024-05-28,9249368467117738
2029956528745,15.05.2024 22:55,МИхАил ОрлоВ,+7 9600 27 25,4,ПОДпИСКа на гаЗеТу,3,1440.4,359.6,proceSSInG,"Задержка с доставкой, печалька...",2024-05-28,9249368467117738
2029956528745,15.05.2024 22:55,МИхАил ОрлоВ,+7 9600 27 25,5,молОКо,4,10590.36,1409.64,PrOCESsING,"Задержка с доставкой, печалька...",2024-05-28,9249368467117738
2029956528745,15.05.2024 22:55,МИхАил ОрлоВ,+7 9600 27 25,5,молоко,5,13176.32,1823.68,ProcessiNg,"Задержка с доставкой, печалька...",2024-05-28,9249368467117738
2029956528745,15.05.2024 22:55,МИхАил ОрлоВ,+7 9600 27 25,5,Молоко,4,11138.69,861.31,proCESsing,"Задержка с доставкой, печалька...",2024-05-28,9249368467117738
2029956527391,2024/05/31 04:35:25,НАТАЛьЯ ВасилЬЕвА,+7 9284 37 52,1,коРм Для собак,5,2132.43,367.57,CaNcElleD,"Задержка с доставкой, печалька...",2024/05/13,4481231627642891
2029956527391,2024/05/31 04:35:25,НАТАЛьЯ ВасилЬЕвА,+7 9284 37 52,2,ИГРуШка мЯч,4,969.76,230.24,caNceLLED,"Задержка с доставкой, печалька...",2024/05/13,4481231627642891
2029956526399,2024-05-18 13:19:14,дмиТРИЙ КУзНЕцОВ,8(9430) 60-93,5,моЛОко,1,2556.88,443.12,caNCelLed,Нужно уточнить сроки,2024-05-07,6435073993635024
2029956525249,2024-05-09 12:11:02,дмитрИй кузНецОв,+7 9680 33 88,3,аМУНиЦИя дЛя СОбАк,4,4767.87,32.13,canCeLLeD,Всё отлично!,04.05.2024,8574878837755988
2029956525249,2024-05-09 12:11:02,дмитрИй кузНецОв,+7 9680 33 88,4,ПОдписКа НА ГАзеТу,5,2867.36,132.64,cANcElLED,Всё отлично!,04.05.2024,8574878837755988
2029956525249,2024-05-09 12:11:02,дмитрИй кузНецОв,+7 9680 33 88,1,коРМ Для СОБак,5,2018.97,481.03,caNCElleD,Всё отлично!,04.05.2024,8574878837755988
2029956525249,2024-05-09 12:11:02,дмитрИй кузНецОв,+7 9680 33 88,2,ИГРуШКА МЯч,4,1066.35,133.65,caNCellED,Всё отлично!,04.05.2024,8574878837755988
2029956524119,2024-05-27 14:22:12,аНнА сМИрнова,8(9877) 49-86,1,корМ ДЛя СобАк,2,972.69,27.31,cOMplETeD,подарок вовремя,2024/05/08,1668158154928987
2029956524119,2024-05-27 14:22:12,аНнА сМИрнова,8(9877) 49-86,2,игрУшка МяЧ,3,789.49,110.51,cOMpletEd,подарок вовремя,2024/05/08,1668158154928987
2029956524119,2024-05-27 14:22:12,аНнА сМИрнова,8(9877) 49-86,2,иГруШКА МяЧ,3,769.76,130.24,coMpLEteD,подарок вовремя,2024/05/08,1668158154928987
2029956524119,2024-05-27 14:22:12,аНнА сМИрнова,8(9877) 49-86,3,АМУНИцИя дЛя СоБак,1,974.53,225.47,ComPLEtEd,подарок вовремя,2024/05/08,1668158154928987
2029956523804,26.05.2024 05:33,нАТАЛьЯ вАСилЬева,+7 9573 60 33,1,КОРм ДлЯ СобАк,4,1605.59,394.41,COMpLEteD,Проверить наличие,2024/05/11,2982561258110478
2029956523804,26.05.2024 05:33,нАТАЛьЯ вАСилЬева,+7 9573 60 33,1,КоРМ ДлЯ СобАК,4,1969.03,30.97,comPLETed,Проверить наличие,2024/05/11,2982561258110478
2029956522684,2024-05-20 19:41:15,Иван ивАнов,8(9050) 07-58,3,АМУнициЯ Для СобАК,4,3900.4,899.6,CANcElLED,Проверить наличие,2024-05-31,9592022914946076
2029956522684,2024-05-20 19:41:15,Иван ивАнов,8(9050) 07-58,1,кОрМ дЛЯ СОБАк,5,2421.54,78.46,CanceLlEd,Проверить наличие,2024-05-31,9592022914946076
2029956522684,2024-05-20 19:41:15,Иван ивАнов,8(9050) 07-58,3,АМУнициЯ длЯ собаК,1,1140.5,59.5,cAnceLLED,Проверить наличие,2024-05-31,9592022914946076
2029956522684,2024-05-20 19:41:15,Иван ивАнов,8(9050) 07-58,2,иГРУШКа мяч,2,595.34,4.66,CaNCelleD,Проверить наличие,2024-05-31,9592022914946076
2029956521625,2024-05-07 05:21:28,михАИЛ орлОВ,+7 9214 97 11,4,пОдпИСКА на ГаЗетУ,4,2142.67,257.33,CanCelLED,Проверить наличие,2024/05/26,4179759992798549
2029956521625,2024-05-07 05:21:28,михАИЛ орлОВ,+7 9214 97 11,2,ИгРУшКа Мяч,2,587.15,12.85,canceLLEd,Проверить наличие,2024/05/26,4179759992798549
2029956520641,2024-05-05 23:10:22,елЕнА ноВикоВА,+7 9061 37 96,4,поДПиСКА НА гАЗЕТУ,1,546.7,53.3,PRocesSINg,Ждём с нетерпением!,09.05.2024,4511836936719815
2029956520641,2024-05-05 23:10:22,елЕнА ноВикоВА,+7 9061 37 96,5,мОлоКО,1,2898.24,101.76,PrOcESsInG,Ждём с нетерпением!,09.05.2024,4511836936719815
2029956520641,2024-05-05 23:10:22,елЕнА ноВикоВА,+7 9061 37 96,3,аМуНиция дЛя СоБАК,1,1175.36,24.64,proCEsSING,Ждём с нетерпением!,09.05.2024,4511836936719815
2029956519774,2024-05-15 09:14:28,елЕНа НОвИКоВа,+7 9827 38 17,3,АмУНициЯ Для СОбак,5,5714.44,285.56,CANCellEd,Всё отлично!,2024-05-18,4785453231105311
2029956519774,2024-05-15 09:14:28,елЕНа НОвИКоВа,+7 9827 38 17,1,КОрМ ДЛЯ соБаК,4,1828.22,171.78,canCelled,Всё отлично!,2024-05-18,4785453231105311
2029956518790,2024-05-22 07:38:41,ДмитрИй КУЗнЕЦОв,+7 9848 94 88,2,иГрУшКа мяч,2,596.22,3.78,proCessiNg,подарок вовремя,2024/05/11,3814961017713610
2029956517925,2024/05/06 07:02:38,еЛена ноВикОВА,+7(9632)52-65,2,ИгрушкА мяЧ,4,1028.33,171.67,cOMpLetED,подарок вовремя,2024-05-26,4460229260275405
2029956517925,2024/05/06 07:02:38,еЛена ноВикОВА,+7(9632)52-65,3,амУнИЦиЯ дЛя СОБАК,2,1981.48,418.52,cOMPLEtED,подарок вовремя,2024-05-26,4460229260275405
2029956517925,2024/05/06 07:02:38,еЛена ноВикОВА,+7(9632)52-65,2,игРУШКА Мяч,4,1198.67,1.33,cOmPlEtEd,подарок вовремя,2024-05-26,4460229260275405
2029956517925,2024/05/06 07:02:38,еЛена ноВикОВА,+7(9632)52-65,3,АмуниЦиЯ длЯ собАК,3,2926.1,673.9,CompleTEd,подарок вовремя,2024-05-26,4460229260275405
2029956516418,2024-05-16 15:08:56,ЕлеНА НоВИкОВА,+7(9571)55-32,5,МОлокО,5,14270.2,729.8,canCelLeD,спасибо за заказ,26.05.2024,9463158046057839
2029956516418,2024-05-16 15:08:56,ЕлеНА НоВИкОВА,+7(9571)55-32,1,КОРм ДЛя СОБАК,3,1334.36,165.64,cAnCELLed,спасибо за заказ,26.05.2024,9463158046057839
2029956515119,2024-05-21 16:00:16,дмиТРий кузНеЦоВ,+7(9870)91-65,2,иГРушкА мяч,1,273.82,26.18,PROceSSIng,спасибо за заказ,2024-05-11,2658031922113419
2029956515119,2024-05-21 16:00:16,дмиТРий кузНеЦоВ,+7(9870)91-65,5,молокО,1,2435.24,564.76,PRocESsiNg,спасибо за заказ,2024-05-11,2658031922113419
2029956515119,2024-05-21 16:00:16,дмиТРий кузНеЦоВ,+7(9870)91-65,1,КорМ дЛя СобАк,5,2351.23,148.77,pROCesSiNG,спасибо за заказ,2024-05-11,2658031922113419
2029956514770,2024/05/09 19:39:10,МихАИЛ оРЛОв,+7(9867)09-50,2,ИГрушка мяЧ,2,588.86,11.14,COmPLETed,Ждём с нетерпением!,31.05.2024,3480267138739001
2029956514770,2024/05/09 19:39:10,МихАИЛ оРЛОв,+7(9867)09-50,5,мОЛоКО,1,2465.92,534.08,compLEteD,Ждём с нетерпением!,31.05.2024,3480267138739001
2029956514770,2024/05/09 19:39:10,МихАИЛ оРЛОв,+7(9867)09-50,4,поДПисКА НА ГАЗЕтУ,1,509.95,90.05,CoMpLetED,Ждём с нетерпением!,31.05.2024,3480267138739001
2029956513767,2024/05/19 23:20:40,дМиТРий кУЗнецов,+7 9025 33 77,5,Молоко,3,7567.54,1432.46,caNCeLLED,"Задержка с доставкой, печалька...",19.05.2024,8516474169689806
2029956513767,2024/05/19 23:20:40,дМиТРий кУЗнецов,+7 9025 33 77,4,ПодпИскА На ГАзЕтУ,3,1499.78,300.22,canceLleD,"Задержка с доставкой, печалька...",19.05.2024,8516474169689806
2029956513767,2024/05/19 23:20:40,дМиТРий кУЗнецов,+7 9025 33 77,4,ПоДПиСКа нА гАзЕТу,3,1535.33,264.67,cancellEd,"Задержка с доставкой, печалька...",19.05.2024,8516474169689806
2029956513767,2024/05/19 23:20:40,дМиТРий кУЗнецов,+7 9025 33 77,4,пОдпиСКа на газеТУ,2,1121.6,78.4,CAncElLed,"Задержка с доставкой, печалька...",19.05.2024,8516474169689806
2029956513767,2024/05/19 23:20:40,дМиТРий кУЗнецов,+7 9025 33 77,1,кОрМ дЛЯ СоБак,1,466.52,33.48,CAnCelLEd,"Задержка с доставкой, печалька...",19.05.2024,8516474169689806
2029956512992,2024/05/11 19:16:15,АННа сМИРНОва,+7(9375)47-61,5,МоЛоКО,5,13711.07,1288.93,CancelLEd,Всё отлично!,2024/05/13,8997394188339063
2029956512992,2024/05/11 19:16:15,АННа сМИРНОва,+7(9375)47-61,2,игрУШкА МяЧ,1,277.42,22.58,caNCeLLED,Всё отлично!,2024/05/13,8997394188339063
2029956511582,15.05.2024 04:57,МАрИя пеТРоВА,8(9782) 67-63,4,поДПиСкА На гаЗеТУ,1,593.04,6.96,complEtED,Нужно уточнить сроки,2024/05/28,2931354246047014
2029956510309,2024/05/08 06:16:22,олЬГА КуЗнЕцОВА,8(9428) 33-43,5,мОлОкО,1,2992.71,7.29,cancELLEd,Нужно уточнить сроки,2024-05-22,2246321909160948
2029956509750,2024-05-16 18:26:42,дмИТРий КУЗнЕцОВ,+7 9373 61 56,3,амУНиЦИя дЛЯ СобаК,4,4004.32,795.68,pRoCESsiNG,Ждём с нетерпением!,2024-05-19,7747229940606112
2029956509750,2024-05-16 18:26:42,дмИТРий КУЗнЕцОВ,+7 9373 61 56,1,кОРм для сОБАК,5,2356.12,143.88,PROCeSSInG,Ждём с нетерпением!,2024-05-19,7747229940606112
2029956509750,2024-05-16 18:26:42,дмИТРий КУЗнЕцОВ,+7 9373 61 56,5,моЛОКО,1,2698.36,301.64,ProcesSiNG,Ждём с нетерпением!,2024-05-19,7747229940606112
2029956509750,2024-05-16 18:26:42,дмИТРий КУЗнЕцОВ,+7 9373 61 56,3,амуНиЦИя ДЛЯ соБАк,1,978.66,221.34,PRoCESsING,Ждём с нетерпением!,2024-05-19,7747229940606112
2029956509750,2024-05-16 18:26:42,дмИТРий КУЗнЕцОВ,+7 9373 61 56,2,ИгрУШКА МЯЧ,2,498.97,101.03,PrOcESSiNg,Ждём с нетерпением!,2024-05-19,7747229940606112
2029956508173,2024/05/05 13:08:29,АНнА СМиРнОва,8(9265) 78-27,3,АмуницИя ДлЯ сОБАК,5,5892.18,107.82,PRoCESsinG,"Задержка с доставкой, печалька...",16.05.2024,4760751775421224
2029956508173,2024/05/05 13:08:29,АНнА СМиРнОва,8(9265) 78-27,1,КоРм Для СоБаК,3,1356.37,143.63,prOCEsSIng,"Задержка с доставкой, печалька...",16.05.2024,4760751775421224
2029956508173,2024/05/05 13:08:29,АНнА СМиРнОва,8(9265) 78-27,5,моЛОКо,4,11071.25,928.75,PrOcESSIng,"Задержка с доставкой, печалька...",16.05.2024,4760751775421224
2029956507343,2024/05/20 01:24:06,Анна смИРнОВА,+7(9568)63-04,4,ПодпИсКа НА ГАзеТу,1,499.81,100.19,COmpLetED,подарок вовремя,2024/05/31,0061916314715555
2029956507343,2024/05/20 01:24:06,Анна смИРнОВА,+7(9568)63-04,3,аМУНициЯ ДЛЯ СОБак,1,1035.01,164.99,COmplEteD,подарок вовремя,2024/05/31,0061916314715555
2029956507343,2024/05/20 01:24:06,Анна смИРнОВА,+7(9568)63-04,2,игрУшкА МЯЧ,1,282.05,17.95,CoMpleTed,подарок вовремя,2024/05/31,0061916314715555
2029956507343,2024/05/20 01:24:06,Анна смИРнОВА,+7(9568)63-04,4,ПОдпискА НА гаЗЕТУ,2,1041.33,158.67,cOMplETEd,подарок вовремя,2024/05/31,0061916314715555
2029956506742,2024-05-31 02:50:22,оЛЬГа кузнеЦова,+7 9805 12 70,5,Молоко,1,2627.05,372.95,PrOCeSSiNg,Ждём с нетерпением!,2024/05/06,7891175383328999
2029956506742,2024-05-31 02:50:22,оЛЬГа кузнеЦова,+7 9805 12 70,5,моЛОкО,1,2524.53,475.47,pROCeSSinG,Ждём с нетерпением!,2024/05/06,7891175383328999
2029956506742,2024-05-31 02:50:22,оЛЬГа кузнеЦова,+7 9805 12 70,5,МОлОКо,5,13053.14,1946.86,prOCEssING,Ждём с нетерпением!,2024/05/06,7891175383328999
2029956506742,2024-05-31 02:50:22,оЛЬГа кузнеЦова,+7 9805 12 70,5,МоЛокО,3,8299.55,700.45,procEsSINg,Ждём с нетерпением!,2024/05/06,7891175383328999
2029956506742,2024-05-31 02:50:22,оЛЬГа кузнеЦова,+7 9805 12 70,2,иГРУШКА мяч,1,265.91,34.09,ProcEssIng,Ждём с нетерпением!,2024/05/06,7891175383328999
2029956505592,2024-05-10 20:02:16,АлеКсЕЙ МихАйЛов,+7 9058 00 61,3,амуНициЯ дЛЯ сОбАК,5,4873.13,1126.87,PrOCEsSing,Всё отлично!,20.05.2024,4610579391107628
2029956505592,2024-05-10 20:02:16,АлеКсЕЙ МихАйЛов,+7 9058 00 61,1,корМ для собак,3,1305.44,194.56,PROcesSiNG,Всё отлично!,20.05.2024,4610579391107628
2029956505592,2024-05-10 20:02:16,АлеКсЕЙ МихАйЛов,+7 9058 00 61,1,коРМ ДЛЯ соБак,1,478.42,21.58,PRocESSinG,Всё отлично!,20.05.2024,4610579391107628
2029956505592,2024-05-10 20:02:16,АлеКсЕЙ МихАйЛов,+7 9058 00 61,5,МолОкО,1,2575.03,424.97,pRoCEssiNG,Всё отлично!,20.05.2024,4610579391107628
2029956504121,18.05.2024 06:42,СергЕЙ СидоРОв,+7(9148)35-45,3,АмуНиЦИя длЯ СобаК,5,5487.42,512.58,complEted,Проверить наличие,06.05.2024,9764056445004061
2029956504121,18.05.2024 06:42,СергЕЙ СидоРОв,+7(9148)35-45,3,АмунИцИЯ дЛЯ СОбАк,2,2118.88,281.12,COmPleTed,Проверить наличие,06.05.2024,9764056445004061
2029956504121,18.05.2024 06:42,СергЕЙ СидоРОв,+7(9148)35-45,4,ПОдпИСкА на ГаЗЕТу,2,1125.13,74.87,cOMplETEd,Проверить наличие,06.05.2024,9764056445004061
2029956504121,18.05.2024 06:42,СергЕЙ СидоРОв,+7(9148)35-45,2,ИгРУшка МяЧ,2,593.74,6.26,cOmpleteD,Проверить наличие,06.05.2024,9764056445004061
2029956503200,13.05.2024 10:26,анНа СмИРНоВа,+7(9430)50-86,2,игРУШКа мЯЧ,4,1198.58,1.42,PRoCESsinG,Нужно уточнить сроки,28.05.2024,3123641952690710
2029956503200,13.05.2024 10:26,анНа СмИРНоВа,+7(9430)50-86,1,КоРМ Для СОбак,4,1949.97,50.03,PROcESSING,Нужно уточнить сроки,28.05.2024,3123641952690710
2029956503200,13.05.2024 10:26,анНа СмИРНоВа,+7(9430)50-86,3,АмУНиЦиЯ Для СоБАк,5,4928.48,1071.52,ProcESSiNG,Нужно уточнить сроки,28.05.2024,3123641952690710
2029956503200,13.05.2024 10:26,анНа СмИРНоВа,+7(9430)50-86,4,ПОДПИсКа на гАЗЕТу,1,598.48,1.52,PRocESsINg,Нужно уточнить сроки,28.05.2024,3123641952690710
2029956503200,13.05.2024 10:26,анНа СмИРНоВа,+7(9430)50-86,4,пОДпИскА на гаЗеТу,1,578.61,21.39,pROCEssiNG,Нужно уточнить сроки,28.05.2024,3123641952690710
2029956502229,23.05.2024 09:22,НаТАлЬЯ вАсилЬЕВА,+7 9490 11 55,3,АМуниЦИя Для СобаК,5,5971.7,28.3,cancEllEd,Всё отлично!,2024-05-13,1979919983702898
2029956502229,23.05.2024 09:22,НаТАлЬЯ вАсилЬЕВА,+7 9490 11 55,5,моЛокО,3,7768.64,1231.36,caNCeLlEd,Всё отлично!,2024-05-13,1979919983702898
2029956501120,20.05.2024 15:51,аннА смирнова,+7(9423)68-86,3,амуНициЯ дЛя СоБаК,1,1117.34,82.66,caNCElled,спасибо за заказ,2024-05-30,8697933345778170
2029956501120,20.05.2024 15:51,аннА смирнова,+7(9423)68-86,5,МОЛОкО,3,8628.54,371.46,cANCELled,спасибо за заказ,2024-05-30,8697933345778170
2029956500666,07.05.2024 08:20,елЕна новикОвА,+7(9752)67-57,4,ПОДПисКА На гАзетУ,2,1025.87,174.13,prOCESSiNG,Ждём с нетерпением!,2024-05-03,4835650281795895
2029956500666,07.05.2024 08:20,елЕна новикОвА,+7(9752)67-57,2,иГрушка Мяч,2,549.16,50.84,pRoCEsSINg,Ждём с нетерпением!,2024-05-03,4835650281795895
2029956500666,07.05.2024 08:20,елЕна новикОвА,+7(9752)67-57,1,кОрМ дЛЯ соБАк,5,2158.87,341.13,PRoCessInG,Ждём с нетерпением!,2024-05-03,4835650281795895
2029956499939,2024-05-17 05:24:28,СЕРгЕЙ сиДоРов,+7 9001 95 35,3,АмуНиция Для Собак,2,2081.95,318.05,ComPLETED,спасибо за заказ,14.05.2024,2245752962587177
2029956499939,2024-05-17 05:24:28,СЕРгЕЙ сиДоРов,+7 9001 95 35,1,кОрм ДЛя СОБак,5,2159.53,340.47,CoMPLETeD,спасибо за заказ,14.05.2024,2245752962587177
2029956498513,21.05.2024 07:39,сергей СидоРов,8(9851) 83-56,1,кОРМ длЯ собаК,2,892.04,107.96,ProcESsiNg,Ждём с нетерпением!,05.05.2024,9788976432216762
2029956498513,21.05.2024 07:39,сергей СидоРов,8(9851) 83-56,2,игРУшКА МяЧ,3,837.61,62.39,ProcEssing,Ждём с нетерпением!,05.05.2024,9788976432216762
2029956497269,03.05.2024 04:21,оЛЬгА кУЗнецОвА,+7 9863 19 72,3,амУнИция ДлЯ СОбАК,2,1950.56,449.44,pRoCeSSING,"Задержка с доставкой, печалька...",2024/05/24,4375700437934353
2029956497269,03.05.2024 04:21,оЛЬгА кУЗнецОвА,+7 9863 19 72,1,кОРМ для соБАк,5,2482.69,17.31,PRoceSSing,"Задержка с доставкой, печалька...",2024/05/24,4375700437934353
2029956497269,03.05.2024 04:21,оЛЬгА кУЗнецОвА,+7 9863 19 72,4,пОдПиСка На гАЗЕту,2,1029.11,170.89,ProCeSsINg,"Задержка с доставкой, печалька...",2024/05/24,4375700437934353
2029956496695,04.05.2024 15:53,нАТалья ваСИльЕва,8(9062) 47-44,3,АмуНИцИЯ длЯ Собак,3,3573.15,26.85,ComPLeTEd,Ждём с нетерпением!,2024/05/14,0910439813765258
2029956496695,04.05.2024 15:53,нАТалья ваСИльЕва,8(9062) 47-44,2,игРУшКа Мяч,3,749.66,150.34,coMpLEtEd,Ждём с нетерпением!,2024/05/14,0910439813765258
2029956496695,04.05.2024 15:53,нАТалья ваСИльЕва,8(9062) 47-44,3,аМунИЦиЯ дЛЯ СОБаК,1,1148.43,51.57,CompLeteD,Ждём с нетерпением!,2024/05/14,0910439813765258
2029956495129,19.05.2024 05:44,МАРиЯ пеТрОВА,8(9746) 56-97,3,амуНиция Для собак,1,1079.24,120.76,pRoCESsiNg,"Задержка с доставкой, печалька...",22.05.2024,9616137534644879
2029956495129,19.05.2024 05:44,МАРиЯ пеТрОВА,8(9746) 56-97,3,аМуниЦиЯ для сОбАК,2,2156.49,243.51,procESsInG,"Задержка с доставкой, печалька...",22.05.2024,9616137534644879
2029956495129,19.05.2024 05:44,МАРиЯ пеТрОВА,8(9746) 56-97,1,кОрМ ДЛЯ сОбАк,5,2453.52,46.48,pRoCESSing,"Задержка с доставкой, печалька...",22.05.2024,9616137534644879
2029956495129,19.05.2024 05:44,МАРиЯ пеТрОВА,8(9746) 56-97,4,поДПисКа нА Газету,5,2953.03,46.97,pROCeSsING,"Задержка с доставкой, печалька...",22.05.2024,9616137534644879
2029956494201,2024-05-20 12:51:36,аЛекСЕЙ МИХаЙлоВ,8(9884) 48-05,5,мОЛоКО,5,13196.46,1803.54,ProCESsING,спасибо за заказ,2024-05-15,0241262011923464
2029956494201,2024-05-20 12:51:36,аЛекСЕЙ МИХаЙлоВ,8(9884) 48-05,2,ИГРушка мяЧ,3,744.46,155.54,pRoCEsSinG,спасибо за заказ,2024-05-15,0241262011923464
2029956493291,23.05.2024 09:48,ИвАн ИВАнов,+7 9784 79 50,1,корМ ДЛя сОБак,1,450.34,49.66,PRoCEssInG,Проверить наличие,2024-05-07,7633996298927760
2029956493291,23.05.2024 09:48,ИвАн ИВАнов,+7 9784 79 50,3,АмУНИция дЛя сОБак,2,2328.54,71.46,PrOCESsinG,Проверить наличие,2024-05-07,7633996298927760
2029956493291,23.05.2024 09:48,ИвАн ИВАнов,+7 9784 79 50,1,КорМ для сОБаК,1,446.13,53.87,ProcEsSInG,Проверить наличие,2024-05-07,7633996298927760
2029956493291,23.05.2024 09:48,ИвАн ИВАнов,+7 9784 79 50,1,корм для сОБАк,4,1773.67,226.33,PrOCessiNg,Проверить наличие,2024-05-07,7633996298927760
2029956493291,23.05.2024 09:48,ИвАн ИВАнов,+7 9784 79 50,3,АМуницИЯ для СоБаК,2,2018.77,381.23,proCeSSING,Проверить наличие,2024-05-07,7633996298927760
2029956492785,2024/05/24 00:00:04,ОльГА КУзнЕцоВа,+7(9941)76-64,4,поДПиСКА НА ГАЗЕту,1,536.27,63.73,proCeSsINg,Нужно уточнить сроки,11.05.2024,8041256356084415
2029956492785,2024/05/24 00:00:04,ОльГА КУзнЕцоВа,+7(9941)76-64,2,иГРушкА МЯЧ,3,849.34,50.66,pRocESsIng,Нужно уточнить сроки,11.05.2024,8041256356084415
2029956492785,2024/05/24 00:00:04,ОльГА КУзнЕцоВа,+7(9941)76-64,5,мОлОкО,4,11387.76,612.24,pRoCEsSiNg,Нужно уточнить сроки,11.05.2024,8041256356084415
2029956492785,2024/05/24 00:00:04,ОльГА КУзнЕцоВа,+7(9941)76-64,3,АМУНиЦиЯ Для СоБАк,4,4399.51,400.49,PrOCesSING,Нужно уточнить сроки,11.05.2024,8041256356084415
2029956491862,25.05.2024 22:24,михАиЛ орЛОВ,+7 9513 19 65,4,пОдПИскА нА ГазЕту,5,2864.97,135.03,ProCESSiNG,спасибо за заказ,2024-05-01,9002689123676399
2029956491862,25.05.2024 22:24,михАиЛ орЛОВ,+7 9513 19 65,5,мОЛОКО,5,14861.79,138.21,pROceSSiNG,спасибо за заказ,2024-05-01,9002689123676399
2029956491862,25.05.2024 22:24,михАиЛ орЛОВ,+7 9513 19 65,1,кОрм ДлЯ собак,1,417.46,82.54,proceSSInG,спасибо за заказ,2024-05-01,9002689123676399
2029956490865,2024-05-21 07:55:36,ИВаН ИВаНов,+7 9472 22 10,2,ИгруШКа мяч,5,1313.76,186.24,CaNcELlEd,Нужно уточнить сроки,10.05.2024,8933829941907810
2029956489201,2024-05-30 11:06:35,сЕРгеЙ сиДоРов,8(9093) 32-37,5,мОЛОко,2,5629.84,370.16,cANcellEd,спасибо за заказ,2024/05/26,9132244773774201
2029956489201,2024-05-30 11:06:35,сЕРгеЙ сиДоРов,8(9093) 32-37,2,игРушка мЯч,2,519.77,80.23,CAnCELled,спасибо за заказ,2024/05/26,9132244773774201
2029956489201,2024-05-30 11:06:35,сЕРгеЙ сиДоРов,8(9093) 32-37,4,подПиСКА На гАЗеТУ,2,1002.84,197.16,CancElleD,спасибо за заказ,2024/05/26,9132244773774201
2029956489201,2024-05-30 11:06:35,сЕРгеЙ сиДоРов,8(9093) 32-37,2,ИГрушКА МЯч,4,975.15,224.85,caNcelleD,спасибо за заказ,2024/05/26,9132244773774201
2029956488349,2024-05-28 14:01:13,натАлья васиЛьЕва,+7(9855)99-86,3,аМУнИЦИя дЛя СобАк,2,2388.1,11.9,PROCESSinG,подарок вовремя,2024-05-05,1621827395385509
2029956488349,2024-05-28 14:01:13,натАлья васиЛьЕва,+7(9855)99-86,3,амУнИцИя ДЛЯ СоБАк,1,1148.89,51.11,prOcESSING,подарок вовремя,2024-05-05,1621827395385509
2029956488349,2024-05-28 14:01:13,натАлья васиЛьЕва,+7(9855)99-86,2,игРушкА Мяч,2,513.3,86.7,pRoCeSSing,подарок вовремя,2024-05-05,1621827395385509
2029956487764,2024-05-26 04:07:47,миХаиЛ оРЛОв,8(9987) 44-45,4,ПОДпИскА НА гАзЕТУ,2,1060.53,139.47,canceLlED,спасибо за заказ,2024/05/08,6721082513961484
2029956487764,2024-05-26 04:07:47,миХаиЛ оРЛОв,8(9987) 44-45,5,молоКо,5,12650.4,2349.6,CaNCElled,спасибо за заказ,2024/05/08,6721082513961484
2029956487764,2024-05-26 04:07:47,миХаиЛ оРЛОв,8(9987) 44-45,1,КоРм для СобаК,2,978.73,21.27,cANceLLED,спасибо за заказ,2024/05/08,6721082513961484
2029956487764,2024-05-26 04:07:47,миХаиЛ оРЛОв,8(9987) 44-45,1,коРм ДлЯ собАк,4,1749.17,250.83,CaNcelLED,спасибо за заказ,2024/05/08,6721082513961484
2029956487764,2024-05-26 04:07:47,миХаиЛ оРЛОв,8(9987) 44-45,3,АМУНицИя ДлЯ СОБак,4,4794.24,5.76,canCElleD,спасибо за заказ,2024/05/08,6721082513961484
2029956486702,12.05.2024 23:41,оЛЬгА КУзНЕЦоВА,+7 9171 22 41,1,КОрМ Для сОбАК,4,1698.66,301.34,coMplETeD,Всё отлично!,12.05.2024,9935722160912112
2029956485152,2024-05-07 08:02:49,ЕЛена НОвиКОВа,8(9943) 32-66,5,МОЛоко,1,2926.27,73.73,CoMPlETed,Ждём с нетерпением!,07.05.2024,3421273216669710
2029956485152,2024-05-07 08:02:49,ЕЛена НОвиКОВа,8(9943) 32-66,1,Корм ДлЯ сОбак,3,1475.42,24.58,cOMPLEtED,Ждём с нетерпением!,07.05.2024,3421273216669710
2029956485152,2024-05-07 08:02:49,ЕЛена НОвиКОВа,8(9943) 32-66,4,ПОДПИСКА нА ГаЗЕту,4,2269.33,130.67,CoMPlETEd,Ждём с нетерпением!,07.05.2024,3421273216669710
2029956484906,28.05.2024 11:50,ЕЛеНа НоВИкОВА,+7 9694 81 28,3,амУНицИя ДлЯ СобАК,1,1049.69,150.31,cOMPLEtEd,подарок вовремя,2024/05/09,8076039783590442
2029956484906,28.05.2024 11:50,ЕЛеНа НоВИкОВА,+7 9694 81 28,3,АМуницИя Для сОБАК,3,3376.28,223.72,ComPLETED,подарок вовремя,2024/05/09,8076039783590442
2029956484906,28.05.2024 11:50,ЕЛеНа НоВИкОВА,+7 9694 81 28,1,кОРм Для соБАК,5,2498.32,1.68,ComPleTEd,подарок вовремя,2024/05/09,8076039783590442
2029956484906,28.05.2024 11:50,ЕЛеНа НоВИкОВА,+7 9694 81 28,5,МОЛОко,3,8536.32,463.68,cOMpLETED,подарок вовремя,2024/05/09,8076039783590442
2029956483530,16.05.2024 05:58,ОЛьГа КуЗНЕцовА,+7 9863 18 60,1,КоРм длЯ СОБАк,3,1292.23,207.77,coMPLETEd,Ждём с нетерпением!,2024-05-27,1417668721354417
2029956483530,16.05.2024 05:58,ОЛьГа КуЗНЕцовА,+7 9863 18 60,3,АМУнИциЯ дЛя сОбаК,4,4702.94,97.06,CoMplETEd,Ждём с нетерпением!,2024-05-27,1417668721354417
2029956483530,16.05.2024 05:58,ОЛьГа КуЗНЕцовА,+7 9863 18 60,2,игрушКА МЯч,4,1130.66,69.34,COMpleTED,Ждём с нетерпением!,2024-05-27,1417668721354417
2029956483530,16.05.2024 05:58,ОЛьГа КуЗНЕцовА,+7 9863 18 60,4,поДПИСКА На гАЗЕту,3,1687.74,112.26,coMpleTED,Ждём с нетерпением!,2024-05-27,1417668721354417
2029956482426,2024/05/26 03:13:15,оЛЬГа КУЗнецовА,+7(9105)22-61,1,КОРм дЛя соБак,5,2415.13,84.87,PROCESSInG,подарок вовремя,2024-05-01,5585695168746629
2029956482426,2024/05/26 03:13:15,оЛЬГа КУЗнецовА,+7(9105)22-61,2,ИгрУшКА мяЧ,4,1103.02,96.98,PRoceSsInG,подарок вовремя,2024-05-01,5585695168746629
2029956482426,2024/05/26 03:13:15,оЛЬГа КУЗнецовА,+7(9105)22-61,3,амуницИЯ длЯ собАК,3,3141.08,458.92,PROcesSING,подарок вовремя,2024-05-01,5585695168746629
2029956481200,2024-05-02 22:18:55,СЕРГЕй сидоРоВ,+7(9184)16-27,3,АМУНицИЯ ДлЯ собАк,4,4477.84,322.16,ComPletEd,Всё отлично!,2024-05-30,5706281005593334
2029956481200,2024-05-02 22:18:55,СЕРГЕй сидоРоВ,+7(9184)16-27,2,ИгруШкА мяЧ,5,1416.23,83.77,COmPLETeD,Всё отлично!,2024-05-30,5706281005593334
2029956480269,2024/05/09 23:57:07,НАТАЛЬя васИльЕва,+7 9868 47 86,5,моЛОКО,3,7236.46,1763.54,proCEsSInG,Всё отлично!,2024-05-19,6560803276234195
2029956480269,2024/05/09 23:57:07,НАТАЛЬя васИльЕва,+7 9868 47 86,5,мОЛокО,3,8968.69,31.31,prOCEssInG,Всё отлично!,2024-05-19,6560803276234195
2029956480269,2024/05/09 23:57:07,НАТАЛЬя васИльЕва,+7 9868 47 86,5,мОЛоКо,3,8055.76,944.24,PRocessInG,Всё отлично!,2024-05-19,6560803276234195
2029956480269,2024/05/09 23:57:07,НАТАЛЬя васИльЕва,+7 9868 47 86,2,ИгРушКА МЯЧ,2,593.81,6.19,pROcessINg,Всё отлично!,2024-05-19,6560803276234195
2029956735382,03.05.2024 18:35,аНнА сМиРнОвА,+7 9464 10 42,2,ИгрУшКА мяЧ,3,778.44,121.56,CANCeLLEd,Нужно уточнить сроки,2024/05/13,1709031593763800
2029956735382,03.05.2024 18:35,аНнА сМиРнОвА,+7 9464 10 42,1,корм Для сОБаК,4,1799.89,200.11,CANCeLLeD,Нужно уточнить сроки,2024/05/13,1709031593763800
2029956735382,03.05.2024 18:35,аНнА сМиРнОвА,+7 9464 10 42,3,АМУНицИя дЛЯ сОбаК,4,4282.71,517.29,CAncElLed,Нужно уточнить сроки,2024/05/13,1709031593763800
2029956735382,03.05.2024 18:35,аНнА сМиРнОвА,+7 9464 10 42,1,КОРм ДЛЯ сОБак,5,2288.74,211.26,cancELlEd,Нужно уточнить сроки,2024/05/13,1709031593763800
2029956734841,08.05.2024 05:34,ольга КУзнеЦОвА,+7(9105)02-85,4,ПоДписКа нА гАзЕтУ,1,497.8,102.2,cOmPLeTEd,"Задержка с доставкой, печалька...",2024/05/26,9988542914940286
2029956734841,08.05.2024 05:34,ольга КУзнеЦОвА,+7(9105)02-85,1,коРм длЯ соБаК,1,436.94,63.06,comPletEd,"Задержка с доставкой, печалька...",2024/05/26,9988542914940286
2029956734841,08.05.2024 05:34,ольга КУзнеЦОвА,+7(9105)02-85,1,кОрм длЯ СОБак,3,1301.47,198.53,coMPLEtED,"Задержка с доставкой, печалька...",2024/05/26,9988542914940286
2029956734841,08.05.2024 05:34,ольга КУзнеЦОвА,+7(9105)02-85,3,АмунИция дЛя СОбАК,5,5047.25,952.75,comPlETed,"Задержка с доставкой, печалька...",2024/05/26,9988542914940286
2029956734841,08.05.2024 05:34,ольга КУзнеЦОвА,+7(9105)02-85,4,подпиСКа НА ГАЗЕтУ,5,2571.15,428.85,coMPlEted,"Задержка с доставкой, печалька...",2024/05/26,9988542914940286
2029956733138,31.05.2024 21:19,аНна СмИРноВа,+7 9056 50 39,2,ИГрУшка мяч,1,290.0,10.0,pROCessING,Всё отлично!,2024-05-07,4893953865682740
2029956732568,2024/05/15 12:13:47,МИХАИл орЛоВ,+7(9873)07-14,1,корм для СОбаК,1,467.94,32.06,COmPLEtED,"Задержка с доставкой, печалька...",2024-05-09,3989993935146682
2029956732568,2024/05/15 12:13:47,МИХАИл орЛоВ,+7(9873)07-14,1,КОРМ дЛя сОбак,2,980.25,19.75,ComPLETed,"Задержка с доставкой, печалька...",2024-05-09,3989993935146682
2029956732568,2024/05/15 12:13:47,МИХАИл орЛоВ,+7(9873)07-14,1,корМ ДЛя собАК,5,2281.3,218.7,CoMPLETED,"Задержка с доставкой, печалька...",2024-05-09,3989993935146682
2029956731131,2024/05/29 16:42:11,мИХАИл оРЛОв,+7 9473 31 60,2,ИГРушка мЯЧ,4,1142.35,57.65,complEtEd,Всё отлично!,12.05.2024,4098896329092286
2029956731131,2024/05/29 16:42:11,мИХАИл оРЛОв,+7 9473 31 60,4,ПоДпиСКА нА гАЗЕТу,3,1487.22,312.78,comPlEted,Всё отлично!,12.05.2024,4098896329092286
2029956731131,2024/05/29 16:42:11,мИХАИл оРЛОв,+7 9473 31 60,1,КОРМ ДЛЯ соБаК,1,462.91,37.09,cOmpLEtED,Всё отлично!,12.05.2024,4098896329092286
2029956731131,2024/05/29 16:42:11,мИХАИл оРЛОв,+7 9473 31 60,4,ПодПиСкА На гаЗеТу,2,995.46,204.54,CoMplEtEd,Всё отлично!,12.05.2024,4098896329092286
2029956731131,2024/05/29 16:42:11,мИХАИл оРЛОв,+7 9473 31 60,5,МоЛоКО,3,7578.45,1421.55,COMPLETeD,Всё отлично!,12.05.2024,4098896329092286
2029956730159,2024-05-11 05:43:04,МарИя петровА,8(9461) 99-63,2,ИгрУШкА МЯЧ,3,824.08,75.92,cancElled,подарок вовремя,2024/05/28,2058605992402800
2029956730159,2024-05-11 05:43:04,МарИя петровА,8(9461) 99-63,4,пОДпИСкА На гаЗеТу,5,2852.0,148.0,CAncELLed,подарок вовремя,2024/05/28,2058605992402800
2029956730159,2024-05-11 05:43:04,МарИя петровА,8(9461) 99-63,5,мОЛоКо,5,14567.2,432.8,CANceLled,подарок вовремя,2024/05/28,2058605992402800
2029956729672,19.05.2024 05:10,аЛЕксеЙ мИХаЙлоВ,+7 9245 80 02,4,ПОДПиСка НА ГазетУ,2,1191.67,8.33,PRocEsSInG,"Задержка с доставкой, печалька...",2024-05-14,3221586484726179
2029956729672,19.05.2024 05:10,аЛЕксеЙ мИХаЙлоВ,+7 9245 80 02,5,молОкО,4,10338.8,1661.2,PROCEsSinG,"Задержка с доставкой, печалька...",2024-05-14,3221586484726179
2029956728440,12.05.2024 01:36,НАТАЛЬя ВАсИлЬевА,+7 9791 01 19,4,поДпИска НА ГаЗетУ,1,507.05,92.95,cOMPLeted,Всё отлично!,2024-05-10,5704365300118278
2029956728440,12.05.2024 01:36,НАТАЛЬя ВАсИлЬевА,+7 9791 01 19,2,ИгРУШКа мЯЧ,5,1466.16,33.84,coMpleTeD,Всё отлично!,2024-05-10,5704365300118278
2029956728440,12.05.2024 01:36,НАТАЛЬя ВАсИлЬевА,+7 9791 01 19,3,АМУНИция дЛя СОБАК,5,5728.6,271.4,CoMpLeTEd,Всё отлично!,2024-05-10,5704365300118278
2029956728440,12.05.2024 01:36,НАТАЛЬя ВАсИлЬевА,+7 9791 01 19,5,МОлОКо,2,5824.06,175.94,cOmpleTED,Всё отлично!,2024-05-10,5704365300118278
2029956728440,12.05.2024 01:36,НАТАЛЬя ВАсИлЬевА,+7 9791 01 19,2,игРУшКА Мяч,3,831.16,68.84,ComPlEtEd,Всё отлично!,2024-05-10,5704365300118278
2029956727526,2024/05/20 10:07:06,Мария ПеТрОвА,8(9188) 31-37,2,ИгруШКа мяч,4,1170.06,29.94,coMpleTed,"Задержка с доставкой, печалька...",2024/05/05,2253232866482204
2029956727526,2024/05/20 10:07:06,Мария ПеТрОвА,8(9188) 31-37,4,подПИСкА нА гаЗетУ,3,1482.54,317.46,COmPLeted,"Задержка с доставкой, печалька...",2024/05/05,2253232866482204
2029956726858,20.05.2024 12:38,ОлЬГА КузНеЦОва,+7(9746)57-10,5,мОЛоКо,2,5229.22,770.78,ComPleted,"Задержка с доставкой, печалька...",16.05.2024,8594283666649794
2029956726858,20.05.2024 12:38,ОлЬГА КузНеЦОва,+7(9746)57-10,5,МОЛоко,4,11127.05,872.95,COMplEted,"Задержка с доставкой, печалька...",16.05.2024,8594283666649794
2029956726858,20.05.2024 12:38,ОлЬГА КузНеЦОва,+7(9746)57-10,1,КОРМ ДЛя СОБак,5,2132.23,367.77,cOMPletEd,"Задержка с доставкой, печалька...",16.05.2024,8594283666649794
2029956726858,20.05.2024 12:38,ОлЬГА КузНеЦОва,+7(9746)57-10,3,АМУНИцИя ДЛя СоБак,5,5663.78,336.22,cOmpLEtEd,"Задержка с доставкой, печалька...",16.05.2024,8594283666649794
2029956726858,20.05.2024 12:38,ОлЬГА КузНеЦОва,+7(9746)57-10,3,амуНИцИЯ длЯ сОбаК,2,2254.63,145.37,coMpLEted,"Задержка с доставкой, печалька...",16.05.2024,8594283666649794
2029956725179,2024/05/20 08:35:09,алЕКсЕЙ мИХАйЛоВ,+7 9800 03 24,4,пОДПИСкА на ГАЗЕту,3,1491.21,308.79,cAnceLlEd,Ждём с нетерпением!,03.05.2024,0674489162120907
2029956725179,2024/05/20 08:35:09,алЕКсЕЙ мИХАйЛоВ,+7 9800 03 24,1,коРМ ДЛЯ СОбаК,2,906.43,93.57,CAnCELlEd,Ждём с нетерпением!,03.05.2024,0674489162120907
2029956725179,2024/05/20 08:35:09,алЕКсЕЙ мИХАйЛоВ,+7 9800 03 24,3,АМУНИЦиЯ ДЛя собАК,1,1075.62,124.38,canceLlED,Ждём с нетерпением!,03.05.2024,0674489162120907
2029956724831,2024/05/28 12:42:00,ИВан ИВаноВ,+7(9059)64-93,4,ПОдПИска нА газЕтУ,2,1008.56,191.44,COMPLetED,Всё отлично!,13.05.2024,2117058271242721
2029956724831,2024/05/28 12:42:00,ИВан ИВаноВ,+7(9059)64-93,1,КорМ для сОБак,3,1251.96,248.04,COmpleted,Всё отлично!,13.05.2024,2117058271242721
2029956724831,2024/05/28 12:42:00,ИВан ИВаноВ,+7(9059)64-93,4,пОДписКа на гаЗЕТу,1,573.11,26.89,COMplETeD,Всё отлично!,13.05.2024,2117058271242721
2029956723309,08.05.2024 05:16,ОЛЬгА КУзнецова,+7(9802)79-50,2,ИгрУШка МяЧ,5,1412.66,87.34,cAnCelleD,Ждём с нетерпением!,2024-05-10,8534890668555078
2029956723309,08.05.2024 05:16,ОЛЬгА КУзнецова,+7(9802)79-50,2,ИГрУШка Мяч,2,518.65,81.35,CAncELled,Ждём с нетерпением!,2024-05-10,8534890668555078
2029956723309,08.05.2024 05:16,ОЛЬгА КУзнецова,+7(9802)79-50,4,ПодпИска на гАЗЕТУ,2,1169.63,30.37,CANceLLED,Ждём с нетерпением!,2024-05-10,8534890668555078
2029956723309,08.05.2024 05:16,ОЛЬгА КУзнецова,+7(9802)79-50,1,КорМ ДЛя СоБАК,1,476.48,23.52,canCelLEd,Ждём с нетерпением!,2024-05-10,8534890668555078
2029956722914,19.05.2024 05:55,маРиЯ ПЕТроВа,8(9999) 63-17,2,ИгРУшКа МЯч,4,1130.73,69.27,cAncElLeD,спасибо за заказ,2024/05/16,4083912987183596
2029956722914,19.05.2024 05:55,маРиЯ ПЕТроВа,8(9999) 63-17,2,ИгрУШКа мЯЧ,4,1197.01,2.99,CanCeLLeD,спасибо за заказ,2024/05/16,4083912987183596
2029956721655,2024-05-14 14:23:05,АЛеКсей МИхайЛоВ,+7(9463)15-20,1,корм Для собАк,3,1389.86,110.14,comPLETed,Ждём с нетерпением!,2024-05-08,0366331366039981
2029956720732,18.05.2024 15:23,НАТАлЬя васИльеВа,8(9941) 82-78,3,АМуНИцИя Для собак,3,3361.55,238.45,cANCelled,спасибо за заказ,2024-05-20,7897349284415155
2029956720732,18.05.2024 15:23,НАТАлЬя васИльеВа,8(9941) 82-78,5,МОЛокО,3,7511.39,1488.61,CAnCeLlED,спасибо за заказ,2024-05-20,7897349284415155
2029956720732,18.05.2024 15:23,НАТАлЬя васИльеВа,8(9941) 82-78,4,подПискА нА гаЗету,5,2646.25,353.75,cAnCElLeD,спасибо за заказ,2024-05-20,7897349284415155
2029956720732,18.05.2024 15:23,НАТАлЬя васИльеВа,8(9941) 82-78,3,аМуниЦИя длЯ СоБаК,5,5678.95,321.05,CanceLLED,спасибо за заказ,2024-05-20,7897349284415155
2029956719637,03.05.2024 03:39,иВаН ИВАнОв,+7(9378)78-57,1,кОрМ для сОбАк,3,1363.81,136.19,CompLetEd,спасибо за заказ,2024-05-18,3268781033866358
2029956719637,03.05.2024 03:39,иВаН ИВАнОв,+7(9378)78-57,2,ИГРУшКа мЯч,2,564.3,35.7,coMpletED,спасибо за заказ,2024-05-18,3268781033866358
2029956719637,03.05.2024 03:39,иВаН ИВАнОв,+7(9378)78-57,5,МОЛОКо,4,10119.13,1880.87,COMpLetED,спасибо за заказ,2024-05-18,3268781033866358
2029956718346,14.05.2024 18:05,аННА СМИРновА,+7 9498 29 88,3,амуНИЦиЯ Для СоБак,4,4108.81,691.19,CANcelLED,Проверить наличие,19.05.2024,9159766957621823
2029956717473,29.05.2024 04:54,натАльЯ ВасИлЬЕВА,+7 9360 72 39,4,ПОДписКА нА газету,4,1988.98,411.02,cancELlED,Проверить наличие,26.05.2024,7863736236198884
2029956717473,29.05.2024 04:54,натАльЯ ВасИлЬЕВА,+7 9360 72 39,3,АмУнИцИЯ дЛя СоБак,3,3477.08,122.92,cancElLeD,Проверить наличие,26.05.2024,7863736236198884
2029956716891,14.05.2024 15:28,СЕргеЙ сидОРоВ,8(9679) 50-09,2,иГРУшкА МЯЧ,4,962.09,237.91,caNCeLlED,Ждём с нетерпением!,2024/05/28,3402160246080727
2029956716891,14.05.2024 15:28,СЕргеЙ сидОРоВ,8(9679) 50-09,3,амуниЦИя длЯ СоБАК,2,2323.71,76.29,cAnCeLLed,Ждём с нетерпением!,2024/05/28,3402160246080727
2029956715874,17.05.2024 16:05,елЕНа нОВикОва,+7 9605 76 94,5,МоЛокО,5,12188.37,2811.63,CoMPLETED,Всё отлично!,14.05.2024,7658179451422526
2029956715874,17.05.2024 16:05,елЕНа нОВикОва,+7 9605 76 94,5,моЛоКО,1,2544.67,455.33,CoMPLEtEd,Всё отлично!,14.05.2024,7658179451422526
2029956715874,17.05.2024 16:05,елЕНа нОВикОва,+7 9605 76 94,2,ИГрУШка мЯч,3,863.65,36.35,cOmpletED,Всё отлично!,14.05.2024,7658179451422526
2029956715874,17.05.2024 16:05,елЕНа нОВикОва,+7 9605 76 94,3,АМуНиЦиЯ Для СОбак,2,2141.64,258.36,coMpLEtED,Всё отлично!,14.05.2024,7658179451422526
2029956714542,2024-05-01 02:40:16,иВАн ИВАНОв,+7(9656)99-98,2,игрУШка Мяч,2,584.34,15.66,prOceSsinG,Нужно уточнить сроки,2024/05/30,8669131255955854
2029956714542,2024-05-01 02:40:16,иВАн ИВАНОв,+7(9656)99-98,5,моЛоКО,3,8536.41,463.59,ProcEssINg,Нужно уточнить сроки,2024/05/30,8669131255955854
2029956714542,2024-05-01 02:40:16,иВАн ИВАНОв,+7(9656)99-98,4,пОдпИсКА На гаЗЕтУ,4,2059.67,340.33,pROCEsSinG,Нужно уточнить сроки,2024/05/30,8669131255955854
2029956713672,2024/05/15 00:18:31,алексЕЙ МихАйЛоВ,8(9512) 65-16,3,амУНиция длЯ СоБак,3,3558.56,41.44,CaNcelLed,спасибо за заказ,04.05.2024,4108896725269633
2029956713672,2024/05/15 00:18:31,алексЕЙ МихАйЛоВ,8(9512) 65-16,4,ПОДПисКА на ГАЗетУ,2,1002.07,197.93,CaNCElLeD,спасибо за заказ,04.05.2024,4108896725269633
2029956713672,2024/05/15 00:18:31,алексЕЙ МихАйЛоВ,8(9512) 65-16,4,пОДпИсКА НА ГазеТу,2,1122.55,77.45,CanCELLeD,спасибо за заказ,04.05.2024,4108896725269633
2029956713672,2024/05/15 00:18:31,алексЕЙ МихАйЛоВ,8(9512) 65-16,5,мОЛокО,3,7315.14,1684.86,cANCELLeD,спасибо за заказ,04.05.2024,4108896725269633
2029956713672,2024/05/15 00:18:31,алексЕЙ МихАйЛоВ,8(9512) 65-16,5,МОЛоКО,3,8989.22,10.78,cANcElLed,спасибо за заказ,04.05.2024,4108896725269633
2029956712674,2024-05-22 16:42:37,мАрИя пЕТрОВА,+7(9364)64-69,3,аМУНИция ДЛя соБак,5,5283.18,716.82,CaNCelleD,Ждём с нетерпением!,2024-05-01,9346200288877793
2029956711250,2024-05-03 06:00:45,СЕрГей сидорОВ,+7 9579 65 76,5,мОлоКо,3,8391.77,608.23,coMpLeted,Нужно уточнить сроки,2024/05/30,8234442320945353
2029956711250,2024-05-03 06:00:45,СЕрГей сидорОВ,+7 9579 65 76,1,КОрм ДЛя СоБАк,1,481.05,18.95,cOmPlEtEd,Нужно уточнить сроки,2024/05/30,8234442320945353
2029956711250,2024-05-03 06:00:45,СЕрГей сидорОВ,+7 9579 65 76,4,поДписКА на ГАзЕтУ,2,1062.28,137.72,COmPlETED,Нужно уточнить сроки,2024/05/30,8234442320945353
2029956711250,2024-05-03 06:00:45,СЕрГей сидорОВ,+7 9579 65 76,1,корМ для сОбаК,4,1645.01,354.99,cOmPleTeD,Нужно уточнить сроки,2024/05/30,8234442320945353
2029956710134,2024-05-15 04:04:48,дМИТрИЙ КузнецОв,+7(9928)33-01,4,поДПИСКа На ГазЕТу,3,1590.54,209.46,cANcelLEd,"Задержка с доставкой, печалька...",2024/05/01,3976043161638071
2029956710134,2024-05-15 04:04:48,дМИТрИЙ КузнецОв,+7(9928)33-01,3,АМУНИЦИя дЛя СОБаК,3,3518.46,81.54,cANceLleD,"Задержка с доставкой, печалька...",2024/05/01,3976043161638071
2029956709928,2024/05/14 18:21:01,ДмитРий КУЗнеЦОВ,+7 9794 42 07,1,кОРМ ДЛЯ СоБАк,5,2023.76,476.24,caNCElLEd,Нужно уточнить сроки,2024/05/29,2622435149506692
2029956709928,2024/05/14 18:21:01,ДмитРий КУЗнеЦОВ,+7 9794 42 07,4,ПодПиСКА НА гаЗЕтУ,2,1122.37,77.63,CAnCElLEd,Нужно уточнить сроки,2024/05/29,2622435149506692
2029956709928,2024/05/14 18:21:01,ДмитРий КУЗнеЦОВ,+7 9794 42 07,4,пОдписКа нА ГаЗеТУ,3,1687.59,112.41,CANcELlED,Нужно уточнить сроки,2024/05/29,2622435149506692
2029956709928,2024/05/14 18:21:01,ДмитРий КУЗнеЦОВ,+7 9794 42 07,2,иГРуШКа МЯЧ,4,1178.97,21.03,cANCElLed,Нужно уточнить сроки,2024/05/29,2622435149506692
2029956708248,2024-05-25 15:39:52,СеРГЕЙ СидоРОв,+7(9622)25-53,2,иГруШКа мЯЧ,1,245.98,54.02,pRoceSSINg,Проверить наличие,05.05.2024,5534568685551848
2029956708248,2024-05-25 15:39:52,СеРГЕЙ СидоРОв,+7(9622)25-53,5,Молоко,2,5959.12,40.88,pROCESSing,Проверить наличие,05.05.2024,5534568685551848
2029956707745,03.05.2024 10:37,иван иваноВ,+7(9813)50-80,4,ПОДПИСкА НА ГазЕТу,2,1060.27,139.73,PRoCEsSINg,"Задержка с доставкой, печалька...",24.05.2024,8629533564265860
2029956707745,03.05.2024 10:37,иван иваноВ,+7(9813)50-80,3,АМУницИЯ Для СоБАК,3,3430.51,169.49,pROceSSIng,"Задержка с доставкой, печалька...",24.05.2024,8629533564265860
2029956706211,29.05.2024 14:22,мАРия петрОВа,+7 9830 46 42,1,КОрм длЯ сОбак,2,944.7,55.3,pRoCeSsiNG,Всё отлично!,2024/05/28,2587100472827208
2029956706211,29.05.2024 14:22,мАРия петрОВа,+7 9830 46 42,3,АмУниЦиЯ ДлЯ СОбАк,5,5950.78,49.22,pROceSSinG,Всё отлично!,2024/05/28,2587100472827208
2029956705239,10.05.2024 21:20,еЛена НоВИкоВа,+7 9090 49 09,3,АмУНиция дЛя СОбАк,5,5541.8,458.2,PRoCeSSIng,Всё отлично!,2024/05/10,3589974477716374
2029956705239,10.05.2024 21:20,еЛена НоВИкоВа,+7 9090 49 09,3,амУницИЯ дЛЯ СОБаК,2,2133.82,266.18,ProCessIng,Всё отлично!,2024/05/10,3589974477716374
2029956705239,10.05.2024 21:20,еЛена НоВИкоВа,+7 9090 49 09,2,иГрУШкА Мяч,3,813.31,86.69,PROcESsinG,Всё отлично!,2024/05/10,3589974477716374
2029956705239,10.05.2024 21:20,еЛена НоВИкоВа,+7 9090 49 09,2,иГРуШКа МЯч,1,255.34,44.66,PrOCesSING,Всё отлично!,2024/05/10,3589974477716374
2029956704677,28.05.2024 02:40,АЛеКсей МиХайЛоВ,+7 9549 57 45,2,иГруШКа мЯЧ,4,1111.07,88.93,cancELLEd,Ждём с нетерпением!,11.05.2024,1833637132940851
2029956704677,28.05.2024 02:40,АЛеКсей МиХайЛоВ,+7 9549 57 45,3,АМуНициЯ для СОБаК,2,2131.52,268.48,CAnceLled,Ждём с нетерпением!,11.05.2024,1833637132940851
2029956703749,2024/05/17 15:38:11,иВАн ивАнОв,+7 9206 07 73,3,АмунИция Для СОбаК,3,3570.15,29.85,CancelleD,Проверить наличие,2024/05/26,5692146744891341
2029956703749,2024/05/17 15:38:11,иВАн ивАнОв,+7 9206 07 73,2,игрУШКА мяч,5,1206.71,293.29,CaNceLLed,Проверить наличие,2024/05/26,5692146744891341
2029956703749,2024/05/17 15:38:11,иВАн ивАнОв,+7 9206 07 73,4,ПОДпиСкА На ГАЗеТУ,2,1027.44,172.56,cANceLlED,Проверить наличие,2024/05/26,5692146744891341
2029956703749,2024/05/17 15:38:11,иВАн ивАнОв,+7 9206 07 73,4,ПОдписКа на ГАЗЕтУ,5,2812.98,187.02,CancELled,Проверить наличие,2024/05/26,5692146744891341
2029956703749,2024/05/17 15:38:11,иВАн ивАнОв,+7 9206 07 73,5,мОлОКО,1,2623.26,376.74,canCeLLEd,Проверить наличие,2024/05/26,5692146744891341
2029956702962,2024/05/11 16:47:01,аННА СмИрНОВа,8(9144) 27-19,1,кОрМ ДЛя соБак,4,1964.26,35.74,canCelLed,Ждём с нетерпением!,2024-05-22,2080828748141966
2029956701972,17.05.2024 23:52,оЛЬГа КуЗНеЦОва,8(9376) 18-13,5,мОлОКО,2,5570.96,429.04,CAncELlEd,подарок вовремя,2024-05-20,9382716576998123
2029956700531,2024/05/26 09:54:52,МихАИЛ ОрЛов,8(9464) 64-43,1,кОрм ДЛЯ СобАк,1,457.85,42.15,PrOcESSinG,подарок вовремя,2024-05-11,2643127062802605
2029956699842,2024-05-26 13:40:31,дмитрИй кУЗНеЦов,+7 9441 59 34,2,игРУШкА мЯЧ,5,1275.77,224.23,prOCessINg,Всё отлично!,2024-05-08,3128401896817472
2029956699842,2024-05-26 13:40:31,дмитрИй кУЗНеЦов,+7 9441 59 34,4,ПодПисКА На гАЗЕТУ,5,2858.5,141.5,PRoceSSiNG,Всё отлично!,2024-05-08,3128401896817472
2029956698277,2024/05/24 01:06:00,елена НОВИкова,+7 9271 00 09,2,ИгРУшка мЯЧ,5,1379.01,120.99,pRoCESsing,Всё отлично!,2024-05-26,9659911519903525
2029956698277,2024/05/24 01:06:00,елена НОВИкова,+7 9271 00 09,4,ПОДпИсКА На гАзеТу,2,1173.89,26.11,pRocesSiNG,Всё отлично!,2024-05-26,9659911519903525
2029956698277,2024/05/24 01:06:00,елена НОВИкова,+7 9271 00 09,4,ПОдПИСкА на гаЗету,3,1799.0,1.0,pROCEssINg,Всё отлично!,2024-05-26,9659911519903525
2029956697857,2024-05-29 06:33:46,СерГей сИдорОВ,+7(9235)36-63,1,Корм ДлЯ сОБаК,4,1732.21,267.79,CompLEtED,Всё отлично!,07.05.2024,2458319170196814
2029956697857,2024-05-29 06:33:46,СерГей сИдорОВ,+7(9235)36-63,3,АмуНиЦиЯ ДЛя сОБаК,4,3936.45,863.55,ComPLETEd,Всё отлично!,07.05.2024,2458319170196814
2029956697857,2024-05-29 06:33:46,СерГей сИдорОВ,+7(9235)36-63,4,пОдПИСка на ГАЗеТу,1,514.49,85.51,ComplETeD,Всё отлично!,07.05.2024,2458319170196814
2029956697857,2024-05-29 06:33:46,СерГей сИдорОВ,+7(9235)36-63,4,ПОдпИска НА гАЗЕту,5,2810.07,189.93,ComPleteD,Всё отлично!,07.05.2024,2458319170196814
2029956697857,2024-05-29 06:33:46,СерГей сИдорОВ,+7(9235)36-63,3,амУНиЦиЯ ДЛЯ соБАК,5,5814.05,185.95,cOMpLETed,Всё отлично!,07.05.2024,2458319170196814
2029956696849,2024/05/30 12:01:47,АнНа сМиРнова,8(9218) 75-68,4,ПОДписКА На гАзеТу,5,2683.15,316.85,cOmpLETed,Нужно уточнить сроки,2024/05/10,0152943119955091
2029956696849,2024/05/30 12:01:47,АнНа сМиРнова,8(9218) 75-68,4,ПодпиСкА НА гаЗеТу,3,1601.83,198.17,cOmpLEtED,Нужно уточнить сроки,2024/05/10,0152943119955091
2029956696849,2024/05/30 12:01:47,АнНа сМиРнова,8(9218) 75-68,2,ИгРУшКа МЯч,4,1067.01,132.99,COMPLeTED,Нужно уточнить сроки,2024/05/10,0152943119955091
2029956696849,2024/05/30 12:01:47,АнНа сМиРнова,8(9218) 75-68,3,АмУнИЦИя дЛЯ СоБак,5,5899.64,100.36,COMPleTEd,Нужно уточнить сроки,2024/05/10,0152943119955091
2029956696849,2024/05/30 12:01:47,АнНа сМиРнова,8(9218) 75-68,2,ИГрУшка мяч,2,588.14,11.86,comPlEtEd,Нужно уточнить сроки,2024/05/10,0152943119955091
2029956695100,11.05.2024 15:53,МАРИя ПетРоВА,8(9442) 34-55,1,Корм ДЛЯ СОБАк,5,2384.92,115.08,cancELLed,Ждём с нетерпением!,2024/05/17,9869266042240068
2029956694343,2024/05/02 23:56:33,ИвАн ИвАНов,+7(9926)20-51,1,коРМ ДЛя СоБаК,5,2413.08,86.92,proCeSSiNg,Проверить наличие,28.05.2024,4720852070405728
2029956694343,2024/05/02 23:56:33,ИвАн ИвАНов,+7(9926)20-51,3,АмуНиция ДЛя соБаК,5,5603.01,396.99,PROCEsSIng,Проверить наличие,28.05.2024,4720852070405728
2029956693871,2024/05/27 14:47:45,МарИя петРОВа,+7(9015)85-05,1,КОРМ для соБАк,1,483.02,16.98,pROcEssinG,Проверить наличие,2024/05/28,3783818829720706
2029956693871,2024/05/27 14:47:45,МарИя петРОВа,+7(9015)85-05,2,ИгРуШКа МяЧ,2,562.07,37.93,ProceSSINg,Проверить наличие,2024/05/28,3783818829720706
2029956693871,2024/05/27 14:47:45,МарИя петРОВа,+7(9015)85-05,4,ПоДпиСкА На ГаЗЕту,5,2601.95,398.05,PrOcesSInG,Проверить наличие,2024/05/28,3783818829720706
2029956692861,2024-05-15 16:25:54,михАиЛ орлОв,+7(9949)39-03,3,АМуНиЦия ДЛя собАК,3,3470.02,129.98,complEtED,Всё отлично!,18.05.2024,9580305200233273
2029956691473,2024/05/01 12:00:56,аНнА сМирНова,+7(9497)02-59,2,игРушКа мЯЧ,2,514.41,85.59,prOCESsing,Нужно уточнить сроки,2024-05-17,3366814980107731
2029956691473,2024/05/01 12:00:56,аНнА сМирНова,+7(9497)02-59,1,КОрм ДЛЯ соБак,3,1444.24,55.76,PRoceSSiNg,Нужно уточнить сроки,2024-05-17,3366814980107731
2029956690118,16.05.2024 03:13,АННа смИрнОВа,+7(9295)32-10,5,молОкО,2,5131.47,868.53,PRocEssiNg,спасибо за заказ,2024-05-01,7495011380870149
2029956690118,16.05.2024 03:13,АННа смИрнОВа,+7(9295)32-10,1,КОРм Для СобАК,1,423.19,76.81,proCesSINg,спасибо за заказ,2024-05-01,7495011380870149
2029956690118,16.05.2024 03:13,АННа смИрнОВа,+7(9295)32-10,1,кОРм ДЛЯ соБаК,5,2173.66,326.34,prOCeSsInG,спасибо за заказ,2024-05-01,7495011380870149
2029956690118,16.05.2024 03:13,АННа смИрнОВа,+7(9295)32-10,5,МОлоКо,1,2749.44,250.56,procESSING,спасибо за заказ,2024-05-01,7495011380870149
2029956690118,16.05.2024 03:13,АННа смИрнОВа,+7(9295)32-10,3,АмУНиЦия дЛя собаК,2,2234.62,165.38,pROCESSInG,спасибо за заказ,2024-05-01,7495011380870149
2029956689723,2024/05/06 05:18:40,АнНА сМИрновА,8(9357) 17-05,5,МОлоКо,2,5592.39,407.61,COMPLeted,Всё отлично!,06.05.2024,9704019833232151
2029956688882,2024/05/24 07:46:24,АЛЕкСЕЙ МИХАЙлОВ,+7 9761 28 22,1,КОрМ для сОБак,5,2466.82,33.18,cOmpletEd,подарок вовремя,2024-05-20,3273337760310443
2029956688882,2024/05/24 07:46:24,АЛЕкСЕЙ МИХАЙлОВ,+7 9761 28 22,2,игРУшка мЯч,1,276.42,23.58,COmpLeTeD,подарок вовремя,2024-05-20,3273337760310443
2029956688882,2024/05/24 07:46:24,АЛЕкСЕЙ МИХАЙлОВ,+7 9761 28 22,3,аМУниция дЛЯ СОбак,3,3584.05,15.95,cOmpleTeD,подарок вовремя,2024-05-20,3273337760310443
2029956688882,2024/05/24 07:46:24,АЛЕкСЕЙ МИХАЙлОВ,+7 9761 28 22,4,пОДпИСКа На гАЗету,1,526.91,73.09,CoMplETED,подарок вовремя,2024-05-20,3273337760310443
2029956687334,05.05.2024 09:57,МАрия ПЕТроВа,8(9448) 61-74,2,ИгРУШКА мЯч,5,1214.49,285.51,PrOCeSSING,Нужно уточнить сроки,2024-05-02,3864040551483591
2029956687334,05.05.2024 09:57,МАрия ПЕТроВа,8(9448) 61-74,1,КОрМ длЯ СОбАк,1,418.35,81.65,pRocESsiNg,Нужно уточнить сроки,2024-05-02,3864040551483591
2029956687334,05.05.2024 09:57,МАрия ПЕТроВа,8(9448) 61-74,3,АМУНицИя Для СОбаК,1,1020.39,179.61,ProceSSINg,Нужно уточнить сроки,2024-05-02,3864040551483591
2029956687334,05.05.2024 09:57,МАрия ПЕТроВа,8(9448) 61-74,1,КОРМ ДЛЯ соБаК,5,2395.11,104.89,prOcesSiNg,Нужно уточнить сроки,2024-05-02,3864040551483591
2029956687334,05.05.2024 09:57,МАрия ПЕТроВа,8(9448) 61-74,4,пОдпискА НА гАЗЕту,5,2589.41,410.59,pRocesSInG,Нужно уточнить сроки,2024-05-02,3864040551483591
2029956686231,2024/05/15 21:05:07,сергЕЙ сиДОрОв,+7(9701)47-34,1,Корм ДЛя сОбАК,5,2245.24,254.76,CompLETed,спасибо за заказ,05.05.2024,7064134313475738
2029956686231,2024/05/15 21:05:07,сергЕЙ сиДОрОв,+7(9701)47-34,4,ПоДпИска На гАзеТу,5,2420.08,579.92,ComPLEtED,спасибо за заказ,05.05.2024,7064134313475738
2029956685972,2024/05/05 13:53:12,олЬга КУзНЕцОва,+7 9232 56 14,2,игрушкА мяЧ,3,831.5,68.5,pRoCESsinG,Ждём с нетерпением!,20.05.2024,4819697372675084
2029956685972,2024/05/05 13:53:12,олЬга КУзНЕцОва,+7 9232 56 14,1,коРм ДлЯ СоБАк,1,470.21,29.79,PrOCEsSiNG,Ждём с нетерпением!,20.05.2024,4819697372675084
2029956685972,2024/05/05 13:53:12,олЬга КУзНЕцОва,+7 9232 56 14,3,АмУнИцИя ДлЯ соБак,3,3046.25,553.75,procesSiNG,Ждём с нетерпением!,20.05.2024,4819697372675084
2029956684754,2024-05-15 10:03:44,ивАН Иванов,+7 9976 10 21,3,АмУНИцИя дЛя сОбаК,2,1991.53,408.47,complEtED,Проверить наличие,18.05.2024,1410644654287763
2029956683484,2024-05-25 18:18:24,елЕНа нОвикОвА,+7 9248 44 02,4,пОдписКа НА ГаЗЕтУ,4,2253.8,146.2,prOcEssiNG,Проверить наличие,2024/05/03,8946907541687267
2029956683484,2024-05-25 18:18:24,елЕНа нОвикОвА,+7 9248 44 02,4,пОдпИсКА На гаЗетУ,4,2333.75,66.25,ProcEssINg,Проверить наличие,2024/05/03,8946907541687267
2029956683484,2024-05-25 18:18:24,елЕНа нОвикОвА,+7 9248 44 02,5,молоКО,4,10358.05,1641.95,procEssiNG,Проверить наличие,2024/05/03,8946907541687267
2029956683484,2024-05-25 18:18:24,елЕНа нОвикОвА,+7 9248 44 02,1,кОРМ длЯ сОБАк,4,1778.99,221.01,PrOCeSSiNg,Проверить наличие,2024/05/03,8946907541687267
2029956682833,19.05.2024 00:19,иВаН иВаноВ,8(9891) 66-49,1,КОРм дЛЯ сОбаК,3,1350.04,149.96,comPLeTeD,спасибо за заказ,24.05.2024,4478797472607158
2029956682833,19.05.2024 00:19,иВаН иВаноВ,8(9891) 66-49,3,АмУниЦия ДЛя СоБАК,1,978.76,221.24,coMpLetED,спасибо за заказ,24.05.2024,4478797472607158
2029956682833,19.05.2024 00:19,иВаН иВаноВ,8(9891) 66-49,5,мОЛокО,5,14675.87,324.13,cOmPLEtEd,спасибо за заказ,24.05.2024,4478797472607158
2029956681958,2024-05-16 08:36:12,МиХАИЛ орЛОВ,+7(9918)90-98,4,ПоДпиСка нА гаЗеТУ,2,1018.58,181.42,CANCeLlEd,Проверить наличие,01.05.2024,8225171929519714
2029956681958,2024-05-16 08:36:12,МиХАИЛ орЛОВ,+7(9918)90-98,2,игрУшКа мяч,3,791.81,108.19,CAnCeLled,Проверить наличие,01.05.2024,8225171929519714
2029956680316,17.05.2024 17:11,алЕКСеЙ миХаЙЛОВ,+7 9319 99 66,3,аМуНиЦИЯ ДлЯ СобаК,3,3268.87,331.13,pROceSsiNG,Нужно уточнить сроки,2024/05/28,6107812193229637
2029956680316,17.05.2024 17:11,алЕКСеЙ миХаЙЛОВ,+7 9319 99 66,5,моЛОкО,4,11345.0,655.0,prOCESSiNg,Нужно уточнить сроки,2024/05/28,6107812193229637
2029956679363,23.05.2024 22:43,дмиТриЙ КУзнеЦОВ,+7 9159 86 44,5,МоЛОКО,3,7474.62,1525.38,coMPlETeD,"Задержка с доставкой, печалька...",2024-05-30,5974567163254384
2029956679363,23.05.2024 22:43,дмиТриЙ КУзнеЦОВ,+7 9159 86 44,5,МоЛОко,3,8487.62,512.38,CoMPlETEd,"Задержка с доставкой, печалька...",2024-05-30,5974567163254384
2029956679363,23.05.2024 22:43,дмиТриЙ КУзнеЦОВ,+7 9159 86 44,3,АмУНицИя Для сОБаК,5,4881.84,1118.16,coMPLeTed,"Задержка с доставкой, печалька...",2024-05-30,5974567163254384
2029956679363,23.05.2024 22:43,дмиТриЙ КУзнеЦОВ,+7 9159 86 44,3,АмуНициЯ Для соБАК,5,5239.99,760.01,coMPleTeD,"Задержка с доставкой, печалька...",2024-05-30,5974567163254384
2029956678121,2024-05-24 11:07:13,марИя петРоВА,8(9726) 71-43,5,МоЛокО,1,2614.46,385.54,pRoCEssinG,Ждём с нетерпением!,17.05.2024,1020419149518802
2029956678121,2024-05-24 11:07:13,марИя петРоВА,8(9726) 71-43,4,ПоДПИсКА на газЕту,2,1097.13,102.87,proCESsING,Ждём с нетерпением!,17.05.2024,1020419149518802
2029956677805,2024-05-29 11:21:51,Елена ноВИкоВа,+7 9571 82 45,3,амунИЦиЯ для СобАк,3,3408.3,191.7,COmPLeTEd,спасибо за заказ,06.05.2024,4376128556668745
2029956677805,2024-05-29 11:21:51,Елена ноВИкоВа,+7 9571 82 45,4,подПИска нА ГАЗету,5,2883.42,116.58,COmPleted,спасибо за заказ,06.05.2024,4376128556668745
2029956677805,2024-05-29 11:21:51,Елена ноВИкоВа,+7 9571 82 45,4,ПоДпиСКа на ГАЗеТУ,3,1458.72,341.28,coMPletED,спасибо за заказ,06.05.2024,4376128556668745
2029956676321,27.05.2024 08:19,елена НоВИкоВА,+7 9890 13 91,1,кОРм ДлЯ СОБАК,2,861.62,138.38,cOmplETEd,подарок вовремя,2024/05/08,1037230655268120
2029956676321,27.05.2024 08:19,елена НоВИкоВА,+7 9890 13 91,2,иГрушкА мяЧ,5,1491.63,8.37,CoMpLEteD,подарок вовремя,2024/05/08,1037230655268120
2029956676321,27.05.2024 08:19,елена НоВИкоВА,+7 9890 13 91,4,ПОДПИСка нА гаЗету,5,2400.05,599.95,CompLEtED,подарок вовремя,2024/05/08,1037230655268120
2029956675919,20.05.2024 22:18,ДмИтРий КуЗнеЦОВ,8(9772) 50-45,3,амуНИЦия Для сОБак,3,3276.91,323.09,PROCeSSiNg,Ждём с нетерпением!,2024/05/05,8787000392575644
2029956675919,20.05.2024 22:18,ДмИтРий КуЗнеЦОВ,8(9772) 50-45,4,подписКА На ГаЗЕту,1,515.6,84.4,PrOceSsiNg,Ждём с нетерпением!,2024/05/05,8787000392575644
2029956675919,20.05.2024 22:18,ДмИтРий КуЗнеЦОВ,8(9772) 50-45,3,АмунИцИЯ длЯ СоБАк,3,3504.53,95.47,PrOCeSSIng,Ждём с нетерпением!,2024/05/05,8787000392575644
2029956675919,20.05.2024 22:18,ДмИтРий КуЗнеЦОВ,8(9772) 50-45,2,иГРушКА мЯч,2,549.24,50.76,PROCESSING,Ждём с нетерпением!,2024/05/05,8787000392575644
2029956674117,2024-05-19 19:42:55,дмитрИЙ КУзНЕцов,+7(9425)40-69,1,корм Для СОБАк,5,2116.75,383.25,COMPLeTED,Проверить наличие,2024-05-24,4715082973661907
2029956673122,2024-05-10 00:36:44,мАРИя петроВА,+7(9618)68-41,1,кОРМ длЯ сОбАК,4,1730.15,269.85,prOcessiNg,спасибо за заказ,2024/05/19,2626852402211068
2029956673122,2024-05-10 00:36:44,мАРИя петроВА,+7(9618)68-41,4,поДпИСКА На гАЗЕТУ,1,588.75,11.25,pRocESsInG,спасибо за заказ,2024/05/19,2626852402211068
2029956672218,2024-05-31 15:22:55,дмИТРИЙ кУЗНЕЦОв,8(9716) 35-81,4,ПОДПиска нА ГазЕтУ,4,2342.66,57.34,coMplETEd,подарок вовремя,29.05.2024,6377783244713079
2029956672218,2024-05-31 15:22:55,дмИТРИЙ кУЗНЕЦОв,8(9716) 35-81,3,АмУнИЦИЯ Для собАк,3,2901.11,698.89,CompLEteD,подарок вовремя,29.05.2024,6377783244713079
2029956672218,2024-05-31 15:22:55,дмИТРИЙ кУЗНЕЦОв,8(9716) 35-81,3,аМУНиЦИЯ ДЛЯ собАК,5,5428.81,571.19,comPLeted,подарок вовремя,29.05.2024,6377783244713079
2029956672218,2024-05-31 15:22:55,дмИТРИЙ кУЗНЕЦОв,8(9716) 35-81,5,МОлОко,4,11991.7,8.3,compleTeD,подарок вовремя,29.05.2024,6377783244713079
2029956672218,2024-05-31 15:22:55,дмИТРИЙ кУЗНЕЦОв,8(9716) 35-81,2,иГруШКа Мяч,1,266.07,33.93,cOMPleTEd,подарок вовремя,29.05.2024,6377783244713079
2029956671974,2024-05-19 19:27:45,аНна СМирНова,+7 9694 26 18,2,иГРушКа мяч,3,881.99,18.01,pRoCeSSinG,"Задержка с доставкой, печалька...",2024-05-06,9296249934975904
2029956671974,2024-05-19 19:27:45,аНна СМирНова,+7 9694 26 18,2,ИГРУШкА мяЧ,3,827.44,72.56,ProCESsing,"Задержка с доставкой, печалька...",2024-05-06,9296249934975904
2029956671974,2024-05-19 19:27:45,аНна СМирНова,+7 9694 26 18,1,КорМ ДЛя СОбаК,1,474.35,25.65,PrOCEsSInG,"Задержка с доставкой, печалька...",2024-05-06,9296249934975904
2029956671974,2024-05-19 19:27:45,аНна СМирНова,+7 9694 26 18,4,поДпИСКа НА ГаЗету,2,1099.7,100.3,PRocEsSInG,"Задержка с доставкой, печалька...",2024-05-06,9296249934975904
2029956670494,2024-05-12 09:33:33,алЕКсЕй миХаЙлов,+7(9599)30-43,3,амунИцИЯ ДЛЯ сОбАК,4,3943.97,856.03,CanCELled,Всё отлично!,29.05.2024,1961323515531677
2029956670494,2024-05-12 09:33:33,алЕКсЕй миХаЙлов,+7(9599)30-43,5,моЛокО,3,8550.95,449.05,cancELLEd,Всё отлично!,29.05.2024,1961323515531677
2029956670494,2024-05-12 09:33:33,алЕКсЕй миХаЙлов,+7(9599)30-43,4,ПодпИсКА нА ГАЗеТу,2,1069.71,130.29,cancelLed,Всё отлично!,29.05.2024,1961323515531677
2029956670494,2024-05-12 09:33:33,алЕКсЕй миХаЙлов,+7(9599)30-43,1,КОРм ДЛя сОбак,4,1894.02,105.98,cAnceLLED,Всё отлично!,29.05.2024,1961323515531677
2029956670494,2024-05-12 09:33:33,алЕКсЕй миХаЙлов,+7(9599)30-43,2,игРУшка Мяч,5,1268.89,231.11,cancEllED,Всё отлично!,29.05.2024,1961323515531677
2029956669619,10.05.2024 20:56,СеРгЕЙ СиДорОв,8(9596) 47-44,2,иГрушКа мЯч,5,1253.15,246.85,ComplETeD,"Задержка с доставкой, печалька...",2024/05/02,3327268540135090
2029956668165,2024/05/25 03:36:56,СЕрГЕЙ СиДоров,8(9888) 21-46,3,аМУНИцИЯ ДлЯ СОБАК,3,3301.19,298.81,CancellED,Ждём с нетерпением!,2024-05-03,9563659327227593
2029956668165,2024/05/25 03:36:56,СЕрГЕЙ СиДоров,8(9888) 21-46,5,МОлОКо,5,13310.1,1689.9,CAnceLled,Ждём с нетерпением!,2024-05-03,9563659327227593
2029956667986,15.05.2024 02:22,МИхаИЛ ОРлОВ,+7 9342 99 86,5,мОЛокО,1,2995.04,4.96,prOcEssing,подарок вовремя,2024-05-09,3114557694654169
2029956667986,15.05.2024 02:22,МИхаИЛ ОРлОВ,+7 9342 99 86,4,пОдПиСКа нА гАЗету,4,2051.16,348.84,PrOCessiNg,подарок вовремя,2024-05-09,3114557694654169
2029956667986,15.05.2024 02:22,МИхаИЛ ОРлОВ,+7 9342 99 86,4,пОдпиСКА НА гаЗеТу,5,2524.29,475.71,pROCESSING,подарок вовремя,2024-05-09,3114557694654169
2029956667986,15.05.2024 02:22,МИхаИЛ ОРлОВ,+7 9342 99 86,5,молоКо,2,5042.43,957.57,pROCESsinG,подарок вовремя,2024-05-09,3114557694654169
2029956666486,13.05.2024 16:54,елЕНа НОвикОВА,+7 9784 58 80,4,поДпиСка НА ГАзеТУ,3,1710.24,89.76,procESsInG,Проверить наличие,2024/05/16,3620429594774535
2029956666486,13.05.2024 16:54,елЕНа НОвикОВА,+7 9784 58 80,3,амуниЦиЯ ДЛЯ СобАк,4,4463.9,336.1,PROceSsInG,Проверить наличие,2024/05/16,3620429594774535
2029956666486,13.05.2024 16:54,елЕНа НОвикОВА,+7 9784 58 80,3,АМуНиЦИЯ длЯ сОБаК,5,5603.68,396.32,PrOCEsSiNg,Проверить наличие,2024/05/16,3620429594774535
2029956665685,2024-05-02 23:15:53,мАРия пеТРОВА,8(9071) 87-95,5,молоКО,2,5947.04,52.96,completEd,Ждём с нетерпением!,2024/05/21,4257061506637278
2029956665685,2024-05-02 23:15:53,мАРия пеТРОВА,8(9071) 87-95,5,МолОкО,2,5127.65,872.35,COMPLETed,Ждём с нетерпением!,2024/05/21,4257061506637278
2029956665685,2024-05-02 23:15:53,мАРия пеТРОВА,8(9071) 87-95,3,АмунИцИя ДЛЯ СОБАК,4,4256.59,543.41,COMPlEteD,Ждём с нетерпением!,2024/05/21,4257061506637278
2029956664631,2024/05/15 23:47:31,оЛЬгА куЗНЕЦоВа,8(9354) 05-85,3,АмуНицИя ДЛя собАК,4,3964.03,835.97,canCELLed,Ждём с нетерпением!,2024/05/31,4834122061112333
2029956663257,2024/05/07 08:36:23,михАиЛ ОрЛов,+7 9450 09 38,5,мОлокО,2,5637.98,362.02,coMpleteD,спасибо за заказ,2024/05/25,4812358044059638
2029956663257,2024/05/07 08:36:23,михАиЛ ОрЛов,+7 9450 09 38,5,молОко,3,7524.71,1475.29,cOMpleTED,спасибо за заказ,2024/05/25,4812358044059638
2029956662200,2024-05-14 18:59:20,михАИЛ ОрЛов,+7 9402 65 00,2,ИГрУШКА МЯЧ,2,540.45,59.55,CanCeLLed,"Задержка с доставкой, печалька...",2024-05-11,9239264012607071
2029956662200,2024-05-14 18:59:20,михАИЛ ОрЛов,+7 9402 65 00,1,КОРМ для СоБАк,2,942.23,57.77,CANCELLeD,"Задержка с доставкой, печалька...",2024-05-11,9239264012607071
2029956662200,2024-05-14 18:59:20,михАИЛ ОрЛов,+7 9402 65 00,5,МоЛоКо,3,7436.79,1563.21,cAncElLed,"Задержка с доставкой, печалька...",2024-05-11,9239264012607071
2029956662200,2024-05-14 18:59:20,михАИЛ ОрЛов,+7 9402 65 00,3,амУНИциЯ для СОБАК,2,2192.31,207.69,caNCelLed,"Задержка с доставкой, печалька...",2024-05-11,9239264012607071
2029956661825,2024/05/07 09:39:24,МИхАиЛ орлов,+7(9269)75-25,5,МОЛоКО,5,12997.46,2002.54,COmPleTED,Нужно уточнить сроки,31.05.2024,6368292443412270
2029956661825,2024/05/07 09:39:24,МИхАиЛ орлов,+7(9269)75-25,4,ПОдПИСкА на гАЗеТУ,2,997.69,202.31,CompleteD,Нужно уточнить сроки,31.05.2024,6368292443412270
2029956661825,2024/05/07 09:39:24,МИхАиЛ орлов,+7(9269)75-25,5,молОКО,4,10843.17,1156.83,ComPLETed,Нужно уточнить сроки,31.05.2024,6368292443412270
2029956661825,2024/05/07 09:39:24,МИхАиЛ орлов,+7(9269)75-25,2,ИгРушКА МЯЧ,5,1217.3,282.7,compLeTed,Нужно уточнить сроки,31.05.2024,6368292443412270
2029956661825,2024/05/07 09:39:24,МИхАиЛ орлов,+7(9269)75-25,2,игрУшКа мяЧ,2,552.55,47.45,CoMPletEd,Нужно уточнить сроки,31.05.2024,6368292443412270
2029956660699,16.05.2024 11:05,МихаИл орЛов,+7(9469)71-15,4,пОдПиСКа На гАЗеТу,1,520.75,79.25,COMplEtEd,"Задержка с доставкой, печалька...",04.05.2024,6713659318310555
2029956660699,16.05.2024 11:05,МихаИл орЛов,+7(9469)71-15,3,аМУницИЯ ДлЯ сОБаК,3,3510.42,89.58,cOmPLeTED,"Задержка с доставкой, печалька...",04.05.2024,6713659318310555
2029956660699,16.05.2024 11:05,МихаИл орЛов,+7(9469)71-15,5,моЛоко,3,7855.12,1144.88,cOMplEtED,"Задержка с доставкой, печалька...",04.05.2024,6713659318310555
2029956660699,16.05.2024 11:05,МихаИл орЛов,+7(9469)71-15,1,КОрм ДЛя собАК,5,2005.43,494.57,compLETeD,"Задержка с доставкой, печалька...",04.05.2024,6713659318310555
2029956660699,16.05.2024 11:05,МихаИл орЛов,+7(9469)71-15,1,КОРМ для СОбак,1,449.18,50.82,comPlEted,"Задержка с доставкой, печалька...",04.05.2024,6713659318310555
2029956659633,2024-05-06 04:10:50,михАИл ОрлОв,+7(9162)31-17,2,ИГРуШка МяЧ,4,1028.22,171.78,CompLETED,спасибо за заказ,2024-05-04,5851136419575616
2029956659633,2024-05-06 04:10:50,михАИл ОрлОв,+7(9162)31-17,5,МоЛОкО,2,5411.67,588.33,cOmPleted,спасибо за заказ,2024-05-04,5851136419575616
2029956659633,2024-05-06 04:10:50,михАИл ОрлОв,+7(9162)31-17,3,амУНиЦИЯ ДЛя СОбАк,2,2335.13,64.87,CoMplEteD,спасибо за заказ,2024-05-04,5851136419575616
2029956659633,2024-05-06 04:10:50,михАИл ОрлОв,+7(9162)31-17,2,ИгруШКА МЯч,1,286.68,13.32,cOMplEteD,спасибо за заказ,2024-05-04,5851136419575616
2029956659633,2024-05-06 04:10:50,михАИл ОрлОв,+7(9162)31-17,3,аМУНИЦия Для сОБАК,4,4592.72,207.28,cOMpleTEd,спасибо за заказ,2024-05-04,5851136419575616
2029956658999,09.05.2024 18:57,анна сМирновА,8(9265) 65-12,3,аМУНИЦИя для СобАК,3,3009.17,590.83,proCeSsINg,Проверить наличие,2024/05/04,3642297816199960
2029956658999,09.05.2024 18:57,анна сМирновА,8(9265) 65-12,3,амУнИЦИя дЛЯ СоБак,5,5949.14,50.86,procesSing,Проверить наличие,2024/05/04,3642297816199960
2029956658999,09.05.2024 18:57,анна сМирновА,8(9265) 65-12,4,ПОдпиСКА на ГАзЕтУ,2,1055.61,144.39,proCESsinG,Проверить наличие,2024/05/04,3642297816199960
2029956658999,09.05.2024 18:57,анна сМирновА,8(9265) 65-12,1,КОРМ ДЛя СОБаК,2,966.23,33.77,PrOcEsSiNg,Проверить наличие,2024/05/04,3642297816199960
2029956657648,2024/05/27 20:59:03,оЛЬгА КуЗНЕЦОВа,+7(9103)08-16,2,ИГруШка мяЧ,2,565.52,34.48,pROcessing,подарок вовремя,2024/05/22,7587912007268471
2029956657648,2024/05/27 20:59:03,оЛЬгА КуЗНЕЦОВа,+7(9103)08-16,3,АМУниция дЛя сОБАк,1,1132.24,67.76,pRoceSsING,подарок вовремя,2024/05/22,7587912007268471
2029956657648,2024/05/27 20:59:03,оЛЬгА КуЗНЕЦОВа,+7(9103)08-16,2,игрушкА мяч,3,763.44,136.56,pRoCEsSiNG,подарок вовремя,2024/05/22,7587912007268471
2029956657648,2024/05/27 20:59:03,оЛЬгА КуЗНЕЦОВа,+7(9103)08-16,5,МолОко,1,2889.04,110.96,PROCEssINg,подарок вовремя,2024/05/22,7587912007268471
2029956657648,2024/05/27 20:59:03,оЛЬгА КуЗНЕЦОВа,+7(9103)08-16,2,ИгРуШка мяЧ,3,873.31,26.69,PROcessIng,подарок вовремя,2024/05/22,7587912007268471
2029956656201,2024/05/01 10:11:20,мИХаИЛ ОрлОВ,+7 9198 24 98,1,кОрм дЛЯ собАк,2,943.82,56.18,PrOCessiNG,спасибо за заказ,2024-05-05,4551730346402158
2029956656201,2024/05/01 10:11:20,мИХаИЛ ОрлОВ,+7 9198 24 98,1,коРМ дЛя СОБАК,2,914.16,85.84,pRoCESSInG,спасибо за заказ,2024-05-05,4551730346402158
2029956656201,2024/05/01 10:11:20,мИХаИЛ ОрлОВ,+7 9198 24 98,3,АмУнИциЯ дЛЯ СОБак,3,3384.65,215.35,PROceSSInG,спасибо за заказ,2024-05-05,4551730346402158
2029956656201,2024/05/01 10:11:20,мИХаИЛ ОрлОВ,+7 9198 24 98,4,ПоДПИскА нА ГАзеТу,5,2457.65,542.35,pRoCEssINg,спасибо за заказ,2024-05-05,4551730346402158
2029956656201,2024/05/01 10:11:20,мИХаИЛ ОрлОВ,+7 9198 24 98,3,аМуНИцИя дЛя СОбАК,3,3293.75,306.25,pRoCesSing,спасибо за заказ,2024-05-05,4551730346402158
2029956655322,2024/05/14 12:27:32,еЛЕНа ноВИКОва,+7(9054)45-94,2,игРУШКА МяЧ,2,492.4,107.6,proCESSing,подарок вовремя,13.05.2024,2220008800743842
2029956654800,20.05.2024 03:37,ДМиТРий кузНЕЦов,+7 9432 44 27,4,ПОДпиСКа На гАзЕТу,1,550.43,49.57,cANcEllEd,спасибо за заказ,2024-05-16,5850177295433467
2029956654800,20.05.2024 03:37,ДМиТРий кузНЕЦов,+7 9432 44 27,5,моЛоКО,1,2799.82,200.18,CancelLed,спасибо за заказ,2024-05-16,5850177295433467
2029956654800,20.05.2024 03:37,ДМиТРий кузНЕЦов,+7 9432 44 27,5,МОЛоКо,2,5694.65,305.35,CAnceLled,спасибо за заказ,2024-05-16,5850177295433467
2029956653581,2024/05/06 18:36:52,аЛеКСеЙ МИХаЙЛов,8(9144) 38-03,2,ИгрУШка мяч,3,793.09,106.91,COMPleteD,спасибо за заказ,2024/05/22,8308899145865332
2029956653581,2024/05/06 18:36:52,аЛеКСеЙ МИХаЙЛов,8(9144) 38-03,2,иГрУшкА мяч,1,279.62,20.38,cOMPleTed,спасибо за заказ,2024/05/22,8308899145865332
2029956653581,2024/05/06 18:36:52,аЛеКСеЙ МИХаЙЛов,8(9144) 38-03,5,МОлОко,3,8572.53,427.47,comPLeTEd,спасибо за заказ,2024/05/22,8308899145865332
2029956653581,2024/05/06 18:36:52,аЛеКСеЙ МИХаЙЛов,8(9144) 38-03,1,КорМ дЛЯ сОбАК,5,2453.53,46.47,compLETeD,спасибо за заказ,2024/05/22,8308899145865332
2029956652370,2024/05/14 05:12:56,ОЛЬГа КузнЕЦОвА,+7 9960 45 75,5,МолоКо,4,11448.17,551.83,CaNCellEd,Проверить наличие,2024/05/30,9854685232942531
2029956652370,2024/05/14 05:12:56,ОЛЬГа КузнЕЦОвА,+7 9960 45 75,5,мОлОКО,4,10557.3,1442.7,cANCElLEd,Проверить наличие,2024/05/30,9854685232942531
2029956652370,2024/05/14 05:12:56,ОЛЬГа КузнЕЦОвА,+7 9960 45 75,3,амуниЦИя длЯ сОбак,3,3034.2,565.8,caNCElLeD,Проверить наличие,2024/05/30,9854685232942531
2029956652370,2024/05/14 05:12:56,ОЛЬГа КузнЕЦОвА,+7 9960 45 75,1,кОРм длЯ СоБАк,3,1292.87,207.13,CAnCelled,Проверить наличие,2024/05/30,9854685232942531
2029956651160,30.05.2024 11:29,ОльГА КузНецовА,+7 9165 00 04,5,МОлоКО,4,10162.5,1837.5,coMPleTeD,Ждём с нетерпением!,2024/05/04,0281703985200272
2029956651160,30.05.2024 11:29,ОльГА КузНецовА,+7 9165 00 04,3,АМуНИЦиЯ ДЛЯ собАк,5,5240.92,759.08,COmpLeteD,Ждём с нетерпением!,2024/05/04,0281703985200272
2029956651160,30.05.2024 11:29,ОльГА КузНецовА,+7 9165 00 04,1,Корм ДЛя сОбаК,5,2494.29,5.71,coMpLeTed,Ждём с нетерпением!,2024/05/04,0281703985200272
2029956650788,2024-05-27 15:27:23,Ольга КуЗНЕцова,+7(9793)35-71,3,аМУниЦИя длЯ СобАК,5,4898.71,1101.29,cOmpLeteD,"Задержка с доставкой, печалька...",26.05.2024,5406839365149305
2029956650788,2024-05-27 15:27:23,Ольга КуЗНЕцова,+7(9793)35-71,3,аМуНицИя ДЛя СобАК,1,1121.64,78.36,comPLeteD,"Задержка с доставкой, печалька...",26.05.2024,5406839365149305
2029956649450,18.05.2024 11:36,СеРгей сИДОРОв,+7 9899 08 54,3,аМУНицИЯ ДЛЯ собаК,1,1189.69,10.31,CancElleD,"Задержка с доставкой, печалька...",11.05.2024,9610772098652554
2029956649450,18.05.2024 11:36,СеРгей сИДОРОв,+7 9899 08 54,1,КоРм ДлЯ СОБАК,1,449.49,50.51,cANCelLeD,"Задержка с доставкой, печалька...",11.05.2024,9610772098652554
2029956649450,18.05.2024 11:36,СеРгей сИДОРОв,+7 9899 08 54,5,моЛОКО,4,11379.57,620.43,CaNcelLEd,"Задержка с доставкой, печалька...",11.05.2024,9610772098652554
2029956649450,18.05.2024 11:36,СеРгей сИДОРОв,+7 9899 08 54,2,иГРУшКА МяЧ,5,1469.22,30.78,cAnCeLlED,"Задержка с доставкой, печалька...",11.05.2024,9610772098652554
2029956648227,2024/05/26 21:48:37,МарИЯ пЕтрОВА,8(9541) 07-60,1,коРм дЛя СОБАК,4,1699.72,300.28,ComPleteD,"Задержка с доставкой, печалька...",2024/05/26,3355520588233718
2029956648227,2024/05/26 21:48:37,МарИЯ пЕтрОВА,8(9541) 07-60,3,аМУНиЦия ДЛя СобАк,4,4770.51,29.49,comPleteD,"Задержка с доставкой, печалька...",2024/05/26,3355520588233718
2029956648227,2024/05/26 21:48:37,МарИЯ пЕтрОВА,8(9541) 07-60,4,поДПиСка нА ГаЗЕтУ,3,1519.65,280.35,comPlETed,"Задержка с доставкой, печалька...",2024/05/26,3355520588233718
2029956648227,2024/05/26 21:48:37,МарИЯ пЕтрОВА,8(9541) 07-60,2,ИГруШКа мяч,2,583.12,16.88,COMPLeTED,"Задержка с доставкой, печалька...",2024/05/26,3355520588233718
2029956648227,2024/05/26 21:48:37,МарИЯ пЕтрОВА,8(9541) 07-60,3,амуниция ДЛЯ сОбаК,5,5463.22,536.78,ComPLETed,"Задержка с доставкой, печалька...",2024/05/26,3355520588233718
2029956647832,11.05.2024 16:44,СеРГеЙ СидОРОв,+7(9436)78-29,4,ПОДПисКА нА ГАЗЕТУ,5,2810.15,189.85,CanCeLleD,Ждём с нетерпением!,23.05.2024,9155071431301749
2029956646562,2024-05-28 01:20:05,НаТАлЬя ВасилЬеВА,+7 9582 12 26,4,пОдПИска на ГАЗЕтУ,1,567.43,32.57,PROCESsINg,подарок вовремя,2024-05-17,4350801875145853
2029956646562,2024-05-28 01:20:05,НаТАлЬя ВасилЬеВА,+7 9582 12 26,3,АМуНиЦиЯ ДлЯ СоБаК,2,2386.97,13.03,PRoCEssiNG,подарок вовремя,2024-05-17,4350801875145853
2029956646562,2024-05-28 01:20:05,НаТАлЬя ВасилЬеВА,+7 9582 12 26,1,кОрм длЯ СоБАк,1,404.97,95.03,PROceSsInG,подарок вовремя,2024-05-17,4350801875145853
2029956645503,2024-05-10 20:47:21,ИваН ИванОв,+7 9048 01 01,1,КорМ дЛЯ СоБАК,1,416.3,83.7,cAncELled,Всё отлично!,28.05.2024,6222656805082372
2029956645503,2024-05-10 20:47:21,ИваН ИванОв,+7 9048 01 01,3,АмУНиЦИя для СОбАк,5,5913.64,86.36,cancELled,Всё отлично!,28.05.2024,6222656805082372
2029956645503,2024-05-10 20:47:21,ИваН ИванОв,+7 9048 01 01,2,иГрУШкА Мяч,4,1137.15,62.85,CAncElLED,Всё отлично!,28.05.2024,6222656805082372
2029956645503,2024-05-10 20:47:21,ИваН ИванОв,+7 9048 01 01,2,иГрУШКа мЯЧ,1,268.06,31.94,CaNCElLeD,Всё отлично!,28.05.2024,6222656805082372
2029956644890,2024/05/21 14:51:24,аННА сМиРнОВА,8(9152) 17-91,5,МОЛоко,3,8570.21,429.79,CAncElLeD,Проверить наличие,2024-05-28,4337420695976573
2029956644890,2024/05/21 14:51:24,аННА сМиРнОВА,8(9152) 17-91,2,ИгрУшка мЯЧ,2,587.9,12.1,cAnceLled,Проверить наличие,2024-05-28,4337420695976573
2029956643475,23.05.2024 18:16,ДМиТрИЙ кУзнеЦов,8(9242) 13-91,4,поДПИСКа нА гАЗеТУ,5,2504.52,495.48,pROceSSINg,подарок вовремя,2024-05-03,6090332039656381
2029956643475,23.05.2024 18:16,ДМиТрИЙ кУзнеЦов,8(9242) 13-91,3,АмУНИЦиЯ дЛЯ сОбак,1,1003.33,196.67,PROceSsINg,подарок вовремя,2024-05-03,6090332039656381
2029956643475,23.05.2024 18:16,ДМиТрИЙ кУзнеЦов,8(9242) 13-91,1,кОрм ДЛЯ СОБаК,1,495.33,4.67,proCESsINg,подарок вовремя,2024-05-03,6090332039656381
2029956643475,23.05.2024 18:16,ДМиТрИЙ кУзнеЦов,8(9242) 13-91,4,поДпИСка На ГАЗЕту,1,507.13,92.87,PrOCessing,подарок вовремя,2024-05-03,6090332039656381
2029956643475,23.05.2024 18:16,ДМиТрИЙ кУзнеЦов,8(9242) 13-91,3,АМУНициЯ Для СОбАк,5,5034.84,965.16,PrOcEssIng,подарок вовремя,2024-05-03,6090332039656381
2029956642618,2024-05-03 16:09:58,марИЯ петРовА,8(9716) 74-12,4,ПоДпИСКА нА гАЗЕТУ,1,532.8,67.2,cOMPLETEd,подарок вовремя,07.05.2024,6432058837358772
2029956642618,2024-05-03 16:09:58,марИЯ петРовА,8(9716) 74-12,4,ПОДПИСкА на гАЗЕтУ,1,512.51,87.49,CoMPleted,подарок вовремя,07.05.2024,6432058837358772
2029956642618,2024-05-03 16:09:58,марИЯ петРовА,8(9716) 74-12,5,МОЛОКо,4,10872.21,1127.79,CompLeTED,подарок вовремя,07.05.2024,6432058837358772
2029956642618,2024-05-03 16:09:58,марИЯ петРовА,8(9716) 74-12,5,МОЛОКО,2,4942.87,1057.13,COmplETeD,подарок вовремя,07.05.2024,6432058837358772
2029956642618,2024-05-03 16:09:58,марИЯ петРовА,8(9716) 74-12,2,ИгРушкА МЯЧ,5,1328.79,171.21,CoMPLEteD,подарок вовремя,07.05.2024,6432058837358772
2029956641473,30.05.2024 02:09,еЛЕнА НОВиКОвА,8(9774) 29-47,1,КОРМ ДЛЯ СоБАк,2,872.64,127.36,CoMpletEd,Всё отлично!,2024/05/20,8553125636038645
2029956640837,2024-05-25 21:14:53,алеКсЕй МИХайлов,+7 9668 56 47,1,КоРМ ДЛЯ СобаК,3,1229.04,270.96,caNCeLLEd,"Задержка с доставкой, печалька...",17.05.2024,1166101933029359
2029956640837,2024-05-25 21:14:53,алеКсЕй МИХайлов,+7 9668 56 47,3,АмУнИЦИЯ ДлЯ собак,5,5285.75,714.25,CAncElLED,"Задержка с доставкой, печалька...",17.05.2024,1166101933029359
2029956640837,2024-05-25 21:14:53,алеКсЕй МИХайлов,+7 9668 56 47,2,игруШкА мЯЧ,2,531.29,68.71,cANCElleD,"Задержка с доставкой, печалька...",17.05.2024,1166101933029359
2029956639640,2024/05/03 19:21:27,СергЕй СИДОроВ,+7(9895)95-71,5,МОлоко,2,5018.62,981.38,COMpLETeD,Ждём с нетерпением!,2024/05/18,1664298495908644
2029956639640,2024/05/03 19:21:27,СергЕй СИДОроВ,+7(9895)95-71,3,аМУНИция для сОбАК,2,2313.96,86.04,COMplETEd,Ждём с нетерпением!,2024/05/18,1664298495908644
2029956638654,03.05.2024 14:37,аЛеКсеЙ миХАйЛОв,8(9520) 98-34,4,пОДпиСКа на ГазеТу,2,1113.54,86.46,cancelLed,"Задержка с доставкой, печалька...",11.05.2024,6119644996440778
2029956638654,03.05.2024 14:37,аЛеКсеЙ миХАйЛОв,8(9520) 98-34,2,ИгрУШКа мяч,1,270.23,29.77,cANCELLED,"Задержка с доставкой, печалька...",11.05.2024,6119644996440778
2029956638654,03.05.2024 14:37,аЛеКсеЙ миХАйЛОв,8(9520) 98-34,5,МоЛоКо,3,8411.85,588.15,CANCeLled,"Задержка с доставкой, печалька...",11.05.2024,6119644996440778
2029956638654,03.05.2024 14:37,аЛеКсеЙ миХАйЛОв,8(9520) 98-34,4,ПоДпИскА НА гаЗеТу,3,1563.33,236.67,caNCELLed,"Задержка с доставкой, печалька...",11.05.2024,6119644996440778
2029956638654,03.05.2024 14:37,аЛеКсеЙ миХАйЛОв,8(9520) 98-34,5,молОкО,4,10309.89,1690.11,cANCeLlEd,"Задержка с доставкой, печалька...",11.05.2024,6119644996440778
2029956637750,2024/05/17 18:21:08,сеРГЕЙ СИдоРов,8(9976) 82-84,4,пОдПиСКа НА ГазеТу,4,2377.61,22.39,cOmpLeted,спасибо за заказ,2024-05-30,8358108896617262
2029956637750,2024/05/17 18:21:08,сеРГЕЙ СИдоРов,8(9976) 82-84,2,игРУШКА МяЧ,5,1400.56,99.44,coMpLeTeD,спасибо за заказ,2024-05-30,8358108896617262
2029956637750,2024/05/17 18:21:08,сеРГЕЙ СИдоРов,8(9976) 82-84,4,пОДпИСка нА гАЗеТу,4,2247.91,152.09,COmpLetED,спасибо за заказ,2024-05-30,8358108896617262
2029956636707,2024-05-31 23:25:39,МИХаиЛ ОРЛоВ,8(9962) 73-61,4,поДпиСКа НА ГАзЕтУ,2,1086.91,113.09,CaNCelleD,подарок вовремя,2024/05/08,0734707520211345
2029956636707,2024-05-31 23:25:39,МИХаиЛ ОРЛоВ,8(9962) 73-61,3,амунИциЯ дЛя соБАк,3,3249.91,350.09,cANcelLed,подарок вовремя,2024/05/08,0734707520211345
2029956636707,2024-05-31 23:25:39,МИХаиЛ ОРЛоВ,8(9962) 73-61,4,ПодпиСКа На ГаЗеТУ,3,1781.08,18.92,CaNCeLLeD,подарок вовремя,2024/05/08,0734707520211345
2029956635456,09.05.2024 02:14,ОльгА КУзНЕЦоВА,+7 9143 25 35,1,кОрМ длЯ СОБАк,3,1347.47,152.53,CAnceLled,Ждём с нетерпением!,2024-05-26,9246038202120734
2029956635456,09.05.2024 02:14,ОльгА КУзНЕЦоВА,+7 9143 25 35,2,игруШКА МяЧ,5,1405.7,94.3,caNCeLLED,Ждём с нетерпением!,2024-05-26,9246038202120734
2029956635456,09.05.2024 02:14,ОльгА КУзНЕЦоВА,+7 9143 25 35,1,КОрм ДЛЯ СОБак,5,2470.55,29.45,caNCELlEd,Ждём с нетерпением!,2024-05-26,9246038202120734
2029956634349,27.05.2024 11:11,еЛенА ноВиКОВА,8(9552) 78-99,1,КоРм дЛя собаК,3,1290.41,209.59,pROcesSInG,подарок вовремя,25.05.2024,0261813714674650
2029956634349,27.05.2024 11:11,еЛенА ноВиКОВА,8(9552) 78-99,4,ПОдпИскА на гАзеТУ,3,1548.94,251.06,PRoCESSInG,подарок вовремя,25.05.2024,0261813714674650
2029956634349,27.05.2024 11:11,еЛенА ноВиКОВА,8(9552) 78-99,3,аМуниЦИя дЛя СоБак,5,5868.01,131.99,PrOceSSIng,подарок вовремя,25.05.2024,0261813714674650
2029956634349,27.05.2024 11:11,еЛенА ноВиКОВА,8(9552) 78-99,4,подПИСКа НА газЕТу,2,1009.33,190.67,pRoCEssING,подарок вовремя,25.05.2024,0261813714674650
2029956634349,27.05.2024 11:11,еЛенА ноВиКОВА,8(9552) 78-99,1,КОРМ дЛя сОбАК,2,974.4,25.6,proCESsiNg,подарок вовремя,25.05.2024,0261813714674650
2029956633290,2024/05/06 08:10:06,еЛЕНа нОВикоВА,+7(9944)78-34,2,ИГрУшкА Мяч,2,563.84,36.16,procEssing,Нужно уточнить сроки,2024-05-10,9721291409743968
2029956633290,2024/05/06 08:10:06,еЛЕНа нОВикоВА,+7(9944)78-34,4,подПискА нА ГАзеТу,4,2355.04,44.96,pROCESSInG,Нужно уточнить сроки,2024-05-10,9721291409743968
2029956633290,2024/05/06 08:10:06,еЛЕНа нОВикоВА,+7(9944)78-34,1,КОрМ дЛЯ соБаК,3,1312.6,187.4,ProCESSING,Нужно уточнить сроки,2024-05-10,9721291409743968
2029956633290,2024/05/06 08:10:06,еЛЕНа нОВикоВА,+7(9944)78-34,5,МОЛоКо,1,2475.7,524.3,ProcESSInG,Нужно уточнить сроки,2024-05-10,9721291409743968
2029956633290,2024/05/06 08:10:06,еЛЕНа нОВикоВА,+7(9944)78-34,4,поДПиСКа на ГАЗетУ,1,572.57,27.43,PROCESsIng,Нужно уточнить сроки,2024-05-10,9721291409743968
2029956632961,05.05.2024 15:04,СЕргЕй СИдороВ,+7 9210 94 28,4,пОДпИсКа нА ГазеТу,1,563.63,36.37,cOMpLEtEd,спасибо за заказ,2024-05-29,7262281734497919
2029956631323,11.05.2024 14:02,мАРиЯ петровА,+7(9118)24-72,1,корМ ДЛЯ СОБаК,1,442.53,57.47,ComplETed,спасибо за заказ,2024-05-22,7241007871981602
2029956630479,2024/05/28 01:07:34,АННа сМиРНОВА,+7 9018 09 79,5,МолОКо,1,2447.23,552.77,COMpLEtEd,Нужно уточнить сроки,2024/05/10,6841248871511494
2029956630479,2024/05/28 01:07:34,АННа сМиРНОВА,+7 9018 09 79,1,коРм дЛЯ собаК,1,463.59,36.41,CoMplETEd,Нужно уточнить сроки,2024/05/10,6841248871511494
2029956629436,2024-05-21 02:13:52,СЕРГЕй СИдОров,8(9056) 54-32,3,амУНИЦИЯ Для СОБаК,5,5081.06,918.94,coMpleteD,Нужно уточнить сроки,16.05.2024,0706441358229041
2029956629436,2024-05-21 02:13:52,СЕРГЕй СИдОров,8(9056) 54-32,2,иГРуШка МЯч,1,249.34,50.66,CompLeTED,Нужно уточнить сроки,16.05.2024,0706441358229041
2029956628206,2024-05-02 17:33:03,ИВан ИвАнов,+7 9249 06 19,4,поДпИСка нА гаЗЕТу,5,2866.39,133.61,CaNcelLEd,подарок вовремя,2024-05-02,3084228371349885
2029956628206,2024-05-02 17:33:03,ИВан ИвАнов,+7 9249 06 19,1,коРм дЛЯ СобАК,5,2489.19,10.81,caNcelled,подарок вовремя,2024-05-02,3084228371349885
2029956628206,2024-05-02 17:33:03,ИВан ИвАнов,+7 9249 06 19,1,кОрМ ДЛя СОБАК,5,2319.18,180.82,caNcElLed,подарок вовремя,2024-05-02,3084228371349885
2029956628206,2024-05-02 17:33:03,ИВан ИвАнов,+7 9249 06 19,2,игруШКа мяЧ,2,558.1,41.9,CaNceLleD,подарок вовремя,2024-05-02,3084228371349885
2029956627653,29.05.2024 01:42,аННа смИРНОВа,+7(9031)16-90,3,амУницИя ДЛЯ СОбАк,5,5224.61,775.39,cOMPLeteD,Нужно уточнить сроки,2024/05/28,8444436657792431
2029956627653,29.05.2024 01:42,аННа смИРНОВа,+7(9031)16-90,4,пОДписКа на гАЗЕТУ,2,1071.41,128.59,coMplEteD,Нужно уточнить сроки,2024/05/28,8444436657792431
2029956626379,28.05.2024 21:34,МИХАиЛ ОрЛОв,8(9294) 73-28,3,АМуНиЦИя дЛЯ сОБАк,2,2120.01,279.99,PROCessiNG,"Задержка с доставкой, печалька...",2024/05/21,1334452623860960
2029956626379,28.05.2024 21:34,МИХАиЛ ОрЛОв,8(9294) 73-28,2,иГРушКа МЯЧ,1,258.47,41.53,PrOCeSsinG,"Задержка с доставкой, печалька...",2024/05/21,1334452623860960
2029956625485,16.05.2024 20:42,михаиЛ ОРлОв,+7 9072 35 33,4,пОДпискА на ГазеТУ,1,496.7,103.3,cancElleD,Ждём с нетерпением!,30.05.2024,4084232327769599
2029956625485,16.05.2024 20:42,михаиЛ ОРлОв,+7 9072 35 33,3,амУниЦИя дЛя СОБак,5,5093.82,906.18,cANcelLEd,Ждём с нетерпением!,30.05.2024,4084232327769599
2029956625485,16.05.2024 20:42,михаиЛ ОРлОв,+7 9072 35 33,1,коРМ длЯ собАК,4,1809.05,190.95,CANcellED,Ждём с нетерпением!,30.05.2024,4084232327769599
2029956625485,16.05.2024 20:42,михаиЛ ОРлОв,+7 9072 35 33,1,кОрм ДлЯ СОбАК,3,1381.72,118.28,CAnCELlEd,Ждём с нетерпением!,30.05.2024,4084232327769599
2029956624515,2024-05-29 13:06:20,ОЛЬга кУЗнЕЦоВа,8(9260) 70-53,5,мОлОКо,3,8828.97,171.03,COMpleTED,Всё отлично!,22.05.2024,2604489854041675
2029956623830,2024/05/27 04:37:01,наТАЛья ВАсильева,8(9534) 94-05,4,ПодПисКа На гАЗеТУ,3,1643.14,156.86,comPLeTEd,спасибо за заказ,2024-05-11,9885145959694996
2029956622469,2024/05/27 05:58:01,оЛЬгА КузнецовА,+7(9329)10-00,5,МОлОКо,4,11237.68,762.32,PrOceSsIng,Всё отлично!,03.05.2024,2619011316659757
2029956622469,2024/05/27 05:58:01,оЛЬгА КузнецовА,+7(9329)10-00,4,ПОДПиСКА НА гаЗЕТу,5,2938.82,61.18,procESSing,Всё отлично!,03.05.2024,2619011316659757
2029956622469,2024/05/27 05:58:01,оЛЬгА КузнецовА,+7(9329)10-00,5,мОлокО,1,2853.92,146.08,prOcESSing,Всё отлично!,03.05.2024,2619011316659757
2029956622469,2024/05/27 05:58:01,оЛЬгА КузнецовА,+7(9329)10-00,3,АмунициЯ для СОбак,2,2153.81,246.19,PrOCEssiNg,Всё отлично!,03.05.2024,2619011316659757
2029956621595,2024/05/27 18:10:11,алекСей МихАйЛоВ,+7(9824)35-58,1,Корм ДЛЯ сОбАк,4,1609.62,390.38,COmPleTED,Нужно уточнить сроки,2024/05/28,9175659400180622
2029956620428,2024-05-09 16:05:25,СЕРгЕй сИдОроВ,+7 9761 94 96,2,иГрушкА МЯЧ,2,516.38,83.62,procESSiNG,подарок вовремя,22.05.2024,6477793097838434
2029956620428,2024-05-09 16:05:25,СЕРгЕй сИдОроВ,+7 9761 94 96,1,КОРм Для СОбаК,4,1851.23,148.77,pROCEssING,подарок вовремя,22.05.2024,6477793097838434
2029956620428,2024-05-09 16:05:25,СЕРгЕй сИдОроВ,+7 9761 94 96,4,поДпИска На гаЗЕТУ,2,978.61,221.39,pROCESSiNg,подарок вовремя,22.05.2024,6477793097838434
2029956620428,2024-05-09 16:05:25,СЕРгЕй сИдОроВ,+7 9761 94 96,4,ПОДПИска на ГаЗеТУ,1,567.57,32.43,pRocESsing,подарок вовремя,22.05.2024,6477793097838434
2029956620428,2024-05-09 16:05:25,СЕРгЕй сИдОроВ,+7 9761 94 96,1,Корм дЛя сОбак,5,2246.98,253.02,ProceSsING,подарок вовремя,22.05.2024,6477793097838434
2029956619484,2024-05-10 02:46:52,аннА сМирнОВа,+7 9849 19 01,4,пОДПиСкА нА ГАзЕту,3,1594.66,205.34,CANCeLlED,спасибо за заказ,2024/05/14,5600467942075739
2029956619484,2024-05-10 02:46:52,аннА сМирнОВа,+7 9849 19 01,3,аМуНИцИя ДлЯ сОбАК,3,3486.45,113.55,cANCEllED,спасибо за заказ,2024/05/14,5600467942075739
2029956618585,2024-05-23 13:30:11,МаРИЯ пеТРОВА,8(9887) 81-61,5,МОЛокО,2,4969.61,1030.39,coMPLEtEd,"Задержка с доставкой, печалька...",2024/05/08,6582186053059914
2029956618585,2024-05-23 13:30:11,МаРИЯ пеТРОВА,8(9887) 81-61,4,поДпиСкА на ГазетУ,3,1496.9,303.1,comPleTed,"Задержка с доставкой, печалька...",2024/05/08,6582186053059914
2029956618585,2024-05-23 13:30:11,МаРИЯ пеТРОВА,8(9887) 81-61,2,ИгРуШКа МЯЧ,5,1458.04,41.96,cOMpLETEd,"Задержка с доставкой, печалька...",2024/05/08,6582186053059914
2029956618585,2024-05-23 13:30:11,МаРИЯ пеТРОВА,8(9887) 81-61,5,мОлОКО,4,10269.56,1730.44,coMpLETED,"Задержка с доставкой, печалька...",2024/05/08,6582186053059914
2029956617775,19.05.2024 08:52,маРиЯ пЕТРовА,8(9479) 19-08,4,ПоДпиСКА нА ГазеТУ,1,504.73,95.27,COMplETeD,Всё отлично!,2024-05-09,4599911473790239
2029956617775,19.05.2024 08:52,маРиЯ пЕТРовА,8(9479) 19-08,1,корм для собак,1,493.16,6.84,cOMPLETED,Всё отлично!,2024-05-09,4599911473790239
2029956617775,19.05.2024 08:52,маРиЯ пЕТРовА,8(9479) 19-08,3,АМуНИЦИя дЛЯ соБаК,5,5987.95,12.05,COMPleTeD,Всё отлично!,2024-05-09,4599911473790239
2029956617775,19.05.2024 08:52,маРиЯ пЕТРовА,8(9479) 19-08,2,иГрушКа мЯч,3,894.24,5.76,CompLETEd,Всё отлично!,2024-05-09,4599911473790239
2029956616985,2024-05-17 12:54:06,миХАил ОрЛОв,+7 9040 79 41,3,АмУНицИя дЛЯ СоБАк,3,3287.49,312.51,caNCelLeD,спасибо за заказ,2024-05-25,7024943604615604
2029956616985,2024-05-17 12:54:06,миХАил ОрЛОв,+7 9040 79 41,2,иГруШКА Мяч,4,1014.55,185.45,caNceLled,спасибо за заказ,2024-05-25,7024943604615604
2029956615833,06.05.2024 06:18,Мария пеТРОва,+7 9496 72 13,5,МоЛоко,4,10802.6,1197.4,COMPLEtED,Проверить наличие,2024/05/14,9224978157149363
2029956615833,06.05.2024 06:18,Мария пеТРОва,+7 9496 72 13,1,Корм Для собАк,2,983.92,16.08,CompLETed,Проверить наличие,2024/05/14,9224978157149363
2029956615833,06.05.2024 06:18,Мария пеТРОва,+7 9496 72 13,3,аМУнициЯ дЛя СОбАк,1,1120.09,79.91,CoMPlEtEd,Проверить наличие,2024/05/14,9224978157149363
2029956615833,06.05.2024 06:18,Мария пеТРОва,+7 9496 72 13,5,МоЛОко,5,12708.3,2291.7,comPLeTED,Проверить наличие,2024/05/14,9224978157149363
2029956615833,06.05.2024 06:18,Мария пеТРОва,+7 9496 72 13,4,пОдпИСка НА ГАзЕтУ,3,1580.79,219.21,ComPlETEd,Проверить наличие,2024/05/14,9224978157149363
2029956614568,23.05.2024 21:19,серГеЙ СИДОрОВ,+7 9386 15 80,1,кОрм ДлЯ сОБАК,5,2103.92,396.08,caNCElLeD,Всё отлично!,2024-05-14,8301843142503056
2029956614568,23.05.2024 21:19,серГеЙ СИДОрОВ,+7 9386 15 80,4,ПодпискА нА ГАзЕТУ,3,1771.32,28.68,cANcElled,Всё отлично!,2024-05-14,8301843142503056
2029956614568,23.05.2024 21:19,серГеЙ СИДОрОВ,+7 9386 15 80,3,АмУнИЦИя дЛя сОбАк,2,2172.2,227.8,canCeLLed,Всё отлично!,2024-05-14,8301843142503056
2029956614568,23.05.2024 21:19,серГеЙ СИДОрОВ,+7 9386 15 80,4,поДПиСка на ГаЗЕТУ,5,2488.18,511.82,cAnceLLed,Всё отлично!,2024-05-14,8301843142503056
2029956613345,2024/05/25 14:38:39,НатАЛЬЯ ВасиЛЬева,8(9003) 43-44,5,МоЛОКо,5,14476.95,523.05,PROCESSIng,спасибо за заказ,2024-05-30,2539226315273070
2029956612905,2024-05-28 20:21:17,еЛеНА нОВикова,+7(9871)43-97,3,АМУнИция для сОБак,2,2112.98,287.02,prOCESSIng,Всё отлично!,2024-05-01,9321642070572441
2029956612905,2024-05-28 20:21:17,еЛеНА нОВикова,+7(9871)43-97,5,молОКо,5,13141.77,1858.23,pROcessIng,Всё отлично!,2024-05-01,9321642070572441
2029956612905,2024-05-28 20:21:17,еЛеНА нОВикова,+7(9871)43-97,5,моЛокО,4,11998.54,1.46,ProCESsiNg,Всё отлично!,2024-05-01,9321642070572441
2029956612905,2024-05-28 20:21:17,еЛеНА нОВикова,+7(9871)43-97,2,игРуШкА МяЧ,1,269.36,30.64,PrOcESSing,Всё отлично!,2024-05-01,9321642070572441
2029956611828,10.05.2024 03:10,мАРИя ПеТРова,+7 9393 71 84,5,мОлОКО,1,2958.3,41.7,cANceLlED,Нужно уточнить сроки,2024/05/22,1032181918751296
2029956611828,10.05.2024 03:10,мАРИя ПеТРова,+7 9393 71 84,1,КОрМ для СобАк,4,1787.08,212.92,caNCeLLED,Нужно уточнить сроки,2024/05/22,1032181918751296
2029956610517,2024/05/10 06:57:58,МиХАИл орлов,8(9296) 65-61,1,кОрМ Для СОбАк,3,1241.02,258.98,cOMpleteD,Ждём с нетерпением!,2024-05-23,7626012738552797
2029956610517,2024/05/10 06:57:58,МиХАИл орлов,8(9296) 65-61,2,ИГРушКА мЯч,5,1363.96,136.04,cOMpLeTed,Ждём с нетерпением!,2024-05-23,7626012738552797
2029956609974,2024/05/01 08:10:25,МиХАИЛ орЛоВ,8(9865) 04-77,1,Корм Для СобАк,5,2190.31,309.69,caNCelled,Нужно уточнить сроки,28.05.2024,7973189271652083
2029956608301,2024/05/03 08:35:30,ОлЬГа КузнецовА,+7 9241 91 85,2,ИГРУшКа МяЧ,4,999.77,200.23,pRoCEsSIng,Ждём с нетерпением!,2024/05/15,0397508257122511
2029956863289,2024/05/02 08:04:59,ОЛьГа куЗнЕцоВа,+7(9004)36-18,3,аМУниция Для СОБАк,5,5507.85,492.15,PROcESSiNG,Нужно уточнить сроки,2024-05-09,3052392356062361
2029956863289,2024/05/02 08:04:59,ОЛьГа куЗнЕцоВа,+7(9004)36-18,2,ИгРУШка МЯч,2,567.93,32.07,PrOCesSinG,Нужно уточнить сроки,2024-05-09,3052392356062361
2029956863289,2024/05/02 08:04:59,ОЛьГа куЗнЕцоВа,+7(9004)36-18,2,ИГрУшкА Мяч,4,1075.08,124.92,PRoCESSInG,Нужно уточнить сроки,2024-05-09,3052392356062361
2029956862302,2024-05-26 00:07:12,Ольга кУзнЕЦОвА,8(9826) 23-88,4,ПоДписка нА ГазЕтУ,4,2267.83,132.17,CoMPleTED,подарок вовремя,2024/05/01,3504996543501548
2029956862302,2024-05-26 00:07:12,Ольга кУзнЕЦОвА,8(9826) 23-88,2,ИгрУшкА МяЧ,1,294.17,5.83,cOmplEtEd,подарок вовремя,2024/05/01,3504996543501548
2029956861842,09.05.2024 21:02,оЛьГа КузНецоВА,8(9885) 06-28,5,МолоКО,1,2504.63,495.37,proCEssinG,подарок вовремя,2024-05-12,4618608160079955
2029956861842,09.05.2024 21:02,оЛьГа КузНецоВА,8(9885) 06-28,1,корм ДЛя СОбАК,4,1769.57,230.43,pRocESsing,подарок вовремя,2024-05-12,4618608160079955
2029956860232,2024/05/22 11:23:46,дМИтРИй кУЗнецов,+7 9233 95 94,4,ПодПиСка нА ГаЗеТу,3,1516.8,283.2,coMpLETED,спасибо за заказ,27.05.2024,6498966142587667
2029956860232,2024/05/22 11:23:46,дМИтРИй кУЗнецов,+7 9233 95 94,1,КОРМ дЛя СОБак,2,940.49,59.51,CoMPlEtED,спасибо за заказ,27.05.2024,6498966142587667
2029956859590,2024-05-04 03:08:58,АлеКсЕй мИХАЙЛов,8(9868) 50-38,4,ПодпИСка НА гАЗЕтУ,2,1152.94,47.06,prOcEsSING,Ждём с нетерпением!,23.05.2024,3810089281938198
2029956859590,2024-05-04 03:08:58,АлеКсЕй мИХАЙЛов,8(9868) 50-38,1,кОрМ Для соБАк,5,2456.41,43.59,pROCesSiNg,Ждём с нетерпением!,23.05.2024,3810089281938198
2029956859590,2024-05-04 03:08:58,АлеКсЕй мИХАЙЛов,8(9868) 50-38,1,КОрМ ДЛя СОБАк,1,469.92,30.08,proCESSINg,Ждём с нетерпением!,23.05.2024,3810089281938198
2029956858805,2024/05/12 22:20:26,ДмитРиЙ КУзнЕцов,8(9532) 83-18,2,иГРУШКА мЯЧ,2,562.57,37.43,ProCESSing,Всё отлично!,05.05.2024,3866811162047955
2029956858805,2024/05/12 22:20:26,ДмитРиЙ КУзнЕцов,8(9532) 83-18,2,ИгрушКА мЯЧ,5,1475.57,24.43,proceSsinG,Всё отлично!,05.05.2024,3866811162047955
2029956858805,2024/05/12 22:20:26,ДмитРиЙ КУзнЕцов,8(9532) 83-18,2,игРуШка МяЧ,4,1138.56,61.44,proceSSIng,Всё отлично!,05.05.2024,3866811162047955
2029956858805,2024/05/12 22:20:26,ДмитРиЙ КУзнЕцов,8(9532) 83-18,2,игрУШка МЯЧ,1,258.83,41.17,ProcEssiNg,Всё отлично!,05.05.2024,3866811162047955
2029956857560,2024/05/25 06:35:47,оЛьга КуЗНеЦОВА,+7(9427)76-62,5,мОЛОкО,1,2610.18,389.82,ProCESSiNg,Ждём с нетерпением!,2024/05/06,4186879983516326
2029956857560,2024/05/25 06:35:47,оЛьга КуЗНеЦОВА,+7(9427)76-62,5,молОко,4,10710.21,1289.79,pROCEsSiNg,Ждём с нетерпением!,2024/05/06,4186879983516326
2029956857560,2024/05/25 06:35:47,оЛьга КуЗНеЦОВА,+7(9427)76-62,5,МОЛОкО,3,7725.47,1274.53,PROCEssInG,Ждём с нетерпением!,2024/05/06,4186879983516326
2029956856126,07.05.2024 19:17,НАтАЛья ВаСИлЬЕва,8(9356) 46-79,4,пОДПисКа нА гаЗетУ,2,1123.24,76.76,PRocEssiNg,подарок вовремя,2024/05/16,2694724899787485
2029956855933,2024/05/15 13:40:33,ЕЛЕНА новИКОва,+7(9932)75-84,2,игрушка МЯч,3,863.99,36.01,ProCESSiNg,Ждём с нетерпением!,2024/05/12,0719748981278569
2029956855933,2024/05/15 13:40:33,ЕЛЕНА новИКОва,+7(9932)75-84,4,ПодписКа НА ГАзету,5,2605.39,394.61,ProCesSinG,Ждём с нетерпением!,2024/05/12,0719748981278569
2029956855933,2024/05/15 13:40:33,ЕЛЕНА новИКОва,+7(9932)75-84,1,кОрм ДЛя сОБАк,3,1354.85,145.15,PrOceSsINg,Ждём с нетерпением!,2024/05/12,0719748981278569
2029956854917,2024/05/19 02:16:02,аНнА смИРНОВА,8(9084) 28-55,2,игРУШка мяЧ,5,1274.76,225.24,ProCeSsing,спасибо за заказ,31.05.2024,4503019800783384
2029956854917,2024/05/19 02:16:02,аНнА смИРНОВА,8(9084) 28-55,5,МОЛоко,5,12626.0,2374.0,pRoCeSsiNg,спасибо за заказ,31.05.2024,4503019800783384
2029956854917,2024/05/19 02:16:02,аНнА смИРНОВА,8(9084) 28-55,3,аМУНиЦия ДЛя сОБАК,3,3464.03,135.97,PROCeSSING,спасибо за заказ,31.05.2024,4503019800783384
2029956853244,2024-05-09 00:32:10,миХаИЛ ОРлов,+7 9563 09 78,5,МОлОКо,1,2508.69,491.31,ComPletEd,Всё отлично!,2024-05-29,5221620165985098
2029956853244,2024-05-09 00:32:10,миХаИЛ ОРлов,+7 9563 09 78,1,кОРм ДЛЯ СобаК,2,940.34,59.66,CompleTeD,Всё отлично!,2024-05-29,5221620165985098
2029956853244,2024-05-09 00:32:10,миХаИЛ ОРлов,+7 9563 09 78,5,МОЛОКо,4,10973.44,1026.56,coMPleTed,Всё отлично!,2024-05-29,5221620165985098
2029956852469,2024-05-20 05:14:11,нАТаЛЬЯ ВАСиЛЬева,+7 9458 91 76,3,аМуНиция ДЛЯ СобАК,4,3912.55,887.45,CoMPLetED,Ждём с нетерпением!,2024/05/27,7587630405958891
2029956852469,2024-05-20 05:14:11,нАТаЛЬЯ ВАСиЛЬева,+7 9458 91 76,4,пОдпиСкА НА гАЗету,2,1017.34,182.66,CompLEtEd,Ждём с нетерпением!,2024/05/27,7587630405958891
2029956852469,2024-05-20 05:14:11,нАТаЛЬЯ ВАСиЛЬева,+7 9458 91 76,1,кОрм дЛЯ СОбак,4,1733.15,266.85,cOmPLETED,Ждём с нетерпением!,2024/05/27,7587630405958891
2029956852469,2024-05-20 05:14:11,нАТаЛЬЯ ВАСиЛЬева,+7 9458 91 76,4,ПОДпиСка нА ГАзЕТу,1,530.5,69.5,cOMplEteD,Ждём с нетерпением!,2024/05/27,7587630405958891
2029956851222,08.05.2024 08:53,Алексей МИхаЙлОв,8(9647) 95-53,4,ПОДПИскА На гаЗЕТУ,2,990.82,209.18,COMplEteD,"Задержка с доставкой, печалька...",22.05.2024,3617469446606723
2029956851222,08.05.2024 08:53,Алексей МИхаЙлОв,8(9647) 95-53,5,молОКо,5,14432.0,568.0,cOMpleTEd,"Задержка с доставкой, печалька...",22.05.2024,3617469446606723
2029956851222,08.05.2024 08:53,Алексей МИхаЙлОв,8(9647) 95-53,1,коРМ длЯ СОБак,5,2291.4,208.6,CoMplETEd,"Задержка с доставкой, печалька...",22.05.2024,3617469446606723
2029956851222,08.05.2024 08:53,Алексей МИхаЙлОв,8(9647) 95-53,1,КОрМ ДлЯ сОБаК,2,820.29,179.71,cOmpLetED,"Задержка с доставкой, печалька...",22.05.2024,3617469446606723
2029956851222,08.05.2024 08:53,Алексей МИхаЙлОв,8(9647) 95-53,4,ПоДПИска На гаЗЕТу,2,975.61,224.39,compleTED,"Задержка с доставкой, печалька...",22.05.2024,3617469446606723
2029956850691,29.05.2024 12:38,ДмиТРиЙ КУЗнЕЦОВ,8(9514) 03-94,5,Молоко,4,11773.59,226.41,CompLEted,подарок вовремя,2024-05-19,5207049903133040
2029956850691,29.05.2024 12:38,ДмиТРиЙ КУЗнЕЦОВ,8(9514) 03-94,3,аМунИцИя для СОбАк,2,1967.61,432.39,cOmPleted,подарок вовремя,2024-05-19,5207049903133040
2029956850691,29.05.2024 12:38,ДмиТРиЙ КУЗнЕЦОВ,8(9514) 03-94,4,пОдПИскА на ГаЗеТу,4,2288.19,111.81,COmpLeTeD,подарок вовремя,2024-05-19,5207049903133040
2029956850691,29.05.2024 12:38,ДмиТРиЙ КУЗнЕЦОВ,8(9514) 03-94,2,ИгРуШКа МяЧ,1,285.09,14.91,cOMpLEted,подарок вовремя,2024-05-19,5207049903133040
2029956850691,29.05.2024 12:38,ДмиТРиЙ КУЗнЕЦОВ,8(9514) 03-94,2,ИгрУШКА МЯч,5,1223.58,276.42,CoMPleTed,подарок вовремя,2024-05-19,5207049903133040
2029956849551,2024/05/06 11:17:05,НАтАлЬя ВАсИльЕва,8(9260) 02-32,2,игРуШКА МЯЧ,3,763.51,136.49,cOMPLeTEd,Всё отлично!,2024/05/29,5818903713658100
2029956849551,2024/05/06 11:17:05,НАтАлЬя ВАсИльЕва,8(9260) 02-32,4,поДпИсКА нА ГАЗетУ,3,1722.81,77.19,cOMPLeteD,Всё отлично!,2024/05/29,5818903713658100
2029956849551,2024/05/06 11:17:05,НАтАлЬя ВАсИльЕва,8(9260) 02-32,3,амУницИя Для СОБАК,4,4702.76,97.24,ComplEtED,Всё отлично!,2024/05/29,5818903713658100
2029956849551,2024/05/06 11:17:05,НАтАлЬя ВАсИльЕва,8(9260) 02-32,1,Корм длЯ СОБАК,3,1322.3,177.7,COmplETED,Всё отлично!,2024/05/29,5818903713658100
2029956849551,2024/05/06 11:17:05,НАтАлЬя ВАсИльЕва,8(9260) 02-32,5,МолОко,3,7659.0,1341.0,COmPLEteD,Всё отлично!,2024/05/29,5818903713658100
2029956848441,2024-05-22 07:21:58,сЕргЕЙ СиДОРОВ,+7(9366)10-73,5,моЛокО,1,2783.25,216.75,ProcESSIng,Нужно уточнить сроки,22.05.2024,7921889891511037
2029956848441,2024-05-22 07:21:58,сЕргЕЙ СиДОРОВ,+7(9366)10-73,1,кОРм ДЛя СобАк,4,1853.8,146.2,processIng,Нужно уточнить сроки,22.05.2024,7921889891511037
2029956847867,11.05.2024 03:38,иВаН иВАНов,8(9760) 99-64,3,АМУНицИЯ Для сОбак,5,5387.05,612.95,proCEsSInG,спасибо за заказ,2024-05-11,3020542699163401
2029956847867,11.05.2024 03:38,иВаН иВАНов,8(9760) 99-64,5,МоЛоКО,4,10266.37,1733.63,ProcESsING,спасибо за заказ,2024-05-11,3020542699163401
2029956847867,11.05.2024 03:38,иВаН иВАНов,8(9760) 99-64,5,МолокО,5,12900.42,2099.58,PRocEssinG,спасибо за заказ,2024-05-11,3020542699163401
2029956846851,2024-05-10 16:06:55,ИвАн ИваноВ,+7(9918)81-29,1,КоРМ ДЛя сОБАК,3,1277.92,222.08,COMpLeted,Проверить наличие,2024-05-20,4295350738849705
2029956846851,2024-05-10 16:06:55,ИвАн ИваноВ,+7(9918)81-29,4,подПисКа На газету,1,543.65,56.35,ComPleteD,Проверить наличие,2024-05-20,4295350738849705
2029956846851,2024-05-10 16:06:55,ИвАн ИваноВ,+7(9918)81-29,5,МоЛоко,2,5596.92,403.08,CompletED,Проверить наличие,2024-05-20,4295350738849705
2029956846851,2024-05-10 16:06:55,ИвАн ИваноВ,+7(9918)81-29,4,ПодПИсКА На газЕтУ,2,1003.8,196.2,CoMpletED,Проверить наличие,2024-05-20,4295350738849705
2029956845285,2024/05/17 23:42:38,МИхаиЛ ОРлОв,8(9312) 29-87,3,АмунИция дЛя собАк,4,3884.3,915.7,pRoCesSinG,Ждём с нетерпением!,2024/05/17,7911784256790491
2029956845285,2024/05/17 23:42:38,МИхаиЛ ОРлОв,8(9312) 29-87,1,КОрМ длЯ соБак,1,420.16,79.84,pRoceSSiNg,Ждём с нетерпением!,2024/05/17,7911784256790491
2029956845285,2024/05/17 23:42:38,МИхаиЛ ОРлОв,8(9312) 29-87,4,ПОдпИсКа НА гАзЕТУ,2,1054.51,145.49,procESsIng,Ждём с нетерпением!,2024/05/17,7911784256790491
2029956845285,2024/05/17 23:42:38,МИхаиЛ ОРлОв,8(9312) 29-87,3,аМУНиЦИЯ длЯ сОбАК,4,4011.89,788.11,prOCESsINg,Ждём с нетерпением!,2024/05/17,7911784256790491
2029956844261,2024/05/12 21:30:29,нАтАлЬЯ ВаСильЕвА,8(9381) 49-91,5,моЛокО,4,9882.17,2117.83,CaNceLLeD,Нужно уточнить сроки,10.05.2024,5763274129285325
2029956844261,2024/05/12 21:30:29,нАтАлЬЯ ВаСильЕвА,8(9381) 49-91,1,кОРм ДЛЯ соБаК,2,994.07,5.93,CANcelLED,Нужно уточнить сроки,10.05.2024,5763274129285325
2029956843765,2024/05/07 17:15:49,сЕргЕй СидоРоВ,+7(9331)10-28,2,ИГРУШКА мяЧ,3,872.72,27.28,ComPLETed,Всё отлично!,2024-05-18,4682022053824714
2029956843765,2024/05/07 17:15:49,сЕргЕй СидоРоВ,+7(9331)10-28,1,КОРМ ДЛя собАк,4,1707.11,292.89,CoMPlEtED,Всё отлично!,2024-05-18,4682022053824714
2029956843765,2024/05/07 17:15:49,сЕргЕй СидоРоВ,+7(9331)10-28,4,ПоДПиска нА ГАзету,5,2531.32,468.68,cOMPleted,Всё отлично!,2024-05-18,4682022053824714
2029956843765,2024/05/07 17:15:49,сЕргЕй СидоРоВ,+7(9331)10-28,3,аМуНиЦИя длЯ сОбАК,1,1113.27,86.73,cOmplETeD,Всё отлично!,2024-05-18,4682022053824714
2029956843765,2024/05/07 17:15:49,сЕргЕй СидоРоВ,+7(9331)10-28,2,иГрУшКа мяч,5,1471.73,28.27,cOMPLetED,Всё отлично!,2024-05-18,4682022053824714
2029956842818,16.05.2024 11:17,ОЛЬГА кузнецОва,8(9768) 93-30,5,МолОко,2,5457.24,542.76,pROcESSInG,"Задержка с доставкой, печалька...",2024/05/02,1497991736636943
2029956841774,2024/05/28 01:41:26,Сергей СидоРоВ,8(9661) 53-09,1,КОрМ дЛЯ соБак,2,836.02,163.98,COMPleTEd,"Задержка с доставкой, печалька...",2024-05-17,3077354231835061
2029956841774,2024/05/28 01:41:26,Сергей СидоРоВ,8(9661) 53-09,5,мОлоКо,5,14617.99,382.01,cOmPlEted,"Задержка с доставкой, печалька...",2024-05-17,3077354231835061
2029956841774,2024/05/28 01:41:26,Сергей СидоРоВ,8(9661) 53-09,5,МОлОкО,3,8110.34,889.66,cOMpLEted,"Задержка с доставкой, печалька...",2024-05-17,3077354231835061
2029956841774,2024/05/28 01:41:26,Сергей СидоРоВ,8(9661) 53-09,1,коРМ для СОбаК,4,1833.49,166.51,COmPlETED,"Задержка с доставкой, печалька...",2024-05-17,3077354231835061
2029956841774,2024/05/28 01:41:26,Сергей СидоРоВ,8(9661) 53-09,2,ИгРуШка МяЧ,4,1087.61,112.39,comPLeTED,"Задержка с доставкой, печалька...",2024-05-17,3077354231835061
2029956840352,2024-05-30 20:37:39,НАТаЛЬя васиЛьевА,+7 9152 15 59,2,ИгрушкА мяЧ,4,1143.76,56.24,ComPlETeD,"Задержка с доставкой, печалька...",2024/05/16,3900044012960846
2029956840352,2024-05-30 20:37:39,НАТаЛЬя васиЛьевА,+7 9152 15 59,4,ПОДпиСкА на гАЗЕту,4,2063.86,336.14,COmPLeted,"Задержка с доставкой, печалька...",2024/05/16,3900044012960846
2029956839844,03.05.2024 14:50,сЕргей сИДоРоВ,+7(9739)13-35,2,ИГРушкА МЯч,3,809.45,90.55,COmPLeteD,"Задержка с доставкой, печалька...",2024/05/21,6038208830939293
2029956839844,03.05.2024 14:50,сЕргей сИДоРоВ,+7(9739)13-35,5,МОЛокО,4,11786.64,213.36,COMpLeteD,"Задержка с доставкой, печалька...",2024/05/21,6038208830939293
2029956839844,03.05.2024 14:50,сЕргей сИДоРоВ,+7(9739)13-35,5,мОЛоКо,1,2907.84,92.16,cOMPLeTED,"Задержка с доставкой, печалька...",2024/05/21,6038208830939293
2029956839844,03.05.2024 14:50,сЕргей сИДоРоВ,+7(9739)13-35,3,амуниция ДлЯ СоБак,1,969.11,230.89,CoMpletEd,"Задержка с доставкой, печалька...",2024/05/21,6038208830939293
2029956839844,03.05.2024 14:50,сЕргей сИДоРоВ,+7(9739)13-35,2,игрУшка МЯч,3,869.35,30.65,COmpleTEd,"Задержка с доставкой, печалька...",2024/05/21,6038208830939293
2029956838103,2024-05-10 15:11:02,АлеКСей МиХаЙлОВ,8(9877) 27-55,2,ИГрушка мяч,2,583.19,16.81,proceSSInG,подарок вовремя,2024-05-12,6958703992359926
2029956838103,2024-05-10 15:11:02,АлеКСей МиХаЙлОВ,8(9877) 27-55,5,МОЛОко,5,14094.82,905.18,pROcesSInG,подарок вовремя,2024-05-12,6958703992359926
2029956838103,2024-05-10 15:11:02,АлеКСей МиХаЙлОВ,8(9877) 27-55,2,игРушКа МЯч,5,1369.36,130.64,prOCEssINg,подарок вовремя,2024-05-12,6958703992359926
2029956838103,2024-05-10 15:11:02,АлеКСей МиХаЙлОВ,8(9877) 27-55,3,АМуНИциЯ дЛя СОБАК,1,997.85,202.15,proCeSsinG,подарок вовремя,2024-05-12,6958703992359926
2029956838103,2024-05-10 15:11:02,АлеКСей МиХаЙлОВ,8(9877) 27-55,5,мОлокО,1,2539.11,460.89,PROCessIng,подарок вовремя,2024-05-12,6958703992359926
2029956837328,2024-05-18 14:42:13,ивАН ИвАНОВ,+7(9874)13-10,1,КОрм длЯ СОБАК,3,1227.92,272.08,COMPlEtEd,Нужно уточнить сроки,2024-05-03,3541514467999513
2029956837328,2024-05-18 14:42:13,ивАН ИвАНОВ,+7(9874)13-10,5,мОЛОКо,1,2625.51,374.49,cOMpletEd,Нужно уточнить сроки,2024-05-03,3541514467999513
2029956836830,2024/05/14 06:39:23,МИхАиЛ ОрЛОв,+7(9003)92-62,3,аМуницИя ДЛя сОбак,4,4787.45,12.55,CompLeted,"Задержка с доставкой, печалька...",2024-05-05,9647345395675567
2029956836830,2024/05/14 06:39:23,МИхАиЛ ОрЛОв,+7(9003)92-62,2,ИгрушКа Мяч,5,1464.64,35.36,cOmPLetED,"Задержка с доставкой, печалька...",2024-05-05,9647345395675567
2029956836830,2024/05/14 06:39:23,МИхАиЛ ОрЛОв,+7(9003)92-62,4,ПоДПискА нА ГАЗЕтУ,1,535.52,64.48,CoMPLEteD,"Задержка с доставкой, печалька...",2024-05-05,9647345395675567
2029956836830,2024/05/14 06:39:23,МИхАиЛ ОрЛОв,+7(9003)92-62,3,аМунИцИя ДЛя СоБак,5,4987.43,1012.57,CoMPleTeD,"Задержка с доставкой, печалька...",2024-05-05,9647345395675567
2029956836830,2024/05/14 06:39:23,МИхАиЛ ОрЛОв,+7(9003)92-62,1,Корм для СоБак,3,1380.02,119.98,CoMpLeTED,"Задержка с доставкой, печалька...",2024-05-05,9647345395675567
2029956835318,2024/05/17 14:25:39,АНна смирновА,8(9562) 00-32,1,корМ ДлЯ сОбак,3,1359.45,140.55,CoMPleted,Проверить наличие,15.05.2024,5796543170196482
2029956835318,2024/05/17 14:25:39,АНна смирновА,8(9562) 00-32,2,ИГРуШКА Мяч,2,589.56,10.44,CoMpleteD,Проверить наличие,15.05.2024,5796543170196482
2029956835318,2024/05/17 14:25:39,АНна смирновА,8(9562) 00-32,1,коРМ ДлЯ сОбАК,1,461.09,38.91,COmpLETEd,Проверить наличие,15.05.2024,5796543170196482
2029956835318,2024/05/17 14:25:39,АНна смирновА,8(9562) 00-32,2,ИгрУШкА мЯч,2,542.99,57.01,CompLeTED,Проверить наличие,15.05.2024,5796543170196482
2029956834342,2024/05/30 18:36:20,МАРИЯ ПеТРовА,+7(9475)49-17,4,пОдпиСкА НА гАЗету,4,2269.76,130.24,cAnCElled,"Задержка с доставкой, печалька...",12.05.2024,5418138201485762
2029956834342,2024/05/30 18:36:20,МАРИЯ ПеТРовА,+7(9475)49-17,5,молОКО,3,8094.64,905.36,cANCElLeD,"Задержка с доставкой, печалька...",12.05.2024,5418138201485762
2029956833991,22.05.2024 21:49,МАРИЯ ПЕтРОвА,+7(9798)09-79,2,ИгРуШКА МяЧ,5,1342.74,157.26,pROCeSSiNg,Нужно уточнить сроки,2024-05-17,6382241267790779
2029956832660,2024-05-28 01:36:46,ИВан иВанОВ,+7 9114 72 24,4,ПОДПисКа На ГазЕТу,3,1609.41,190.59,cOMplETed,Ждём с нетерпением!,08.05.2024,1654920156589008
2029956832660,2024-05-28 01:36:46,ИВан иВанОВ,+7 9114 72 24,4,пОдпИСкА нА газЕту,3,1641.13,158.87,complETed,Ждём с нетерпением!,08.05.2024,1654920156589008
2029956832660,2024-05-28 01:36:46,ИВан иВанОВ,+7 9114 72 24,5,мОЛОкО,5,12898.7,2101.3,cOMPLETeD,Ждём с нетерпением!,08.05.2024,1654920156589008
2029956832660,2024-05-28 01:36:46,ИВан иВанОВ,+7 9114 72 24,1,КОРМ длЯ СобаК,5,2154.93,345.07,cOmPLETed,Ждём с нетерпением!,08.05.2024,1654920156589008
2029956831682,2024-05-09 03:19:47,АНна СмИрнОВа,8(9018) 13-71,4,поДПИСКа нА ГазеТУ,1,553.22,46.78,cOMpleteD,Всё отлично!,2024/05/07,6574518241770813
2029956831682,2024-05-09 03:19:47,АНна СмИрнОВа,8(9018) 13-71,1,корм дЛя СобаК,2,846.21,153.79,CompleTED,Всё отлично!,2024/05/07,6574518241770813
2029956831682,2024-05-09 03:19:47,АНна СмИрнОВа,8(9018) 13-71,5,молоКО,4,9949.51,2050.49,cOMPleTED,Всё отлично!,2024/05/07,6574518241770813
2029956831682,2024-05-09 03:19:47,АНна СмИрнОВа,8(9018) 13-71,4,ПОДпИсКа НА гАзеТу,1,535.95,64.05,CompLeTEd,Всё отлично!,2024/05/07,6574518241770813
2029956830142,2024-05-25 10:36:52,АннА СМИРнОвА,8(9886) 54-55,3,аМУНИЦИя дЛЯ сОБАК,4,4063.69,736.31,procesSInG,Всё отлично!,2024/05/22,1291371633700566
2029956830142,2024-05-25 10:36:52,АннА СМИРнОвА,8(9886) 54-55,4,ПОДПИСкА на ГАзЕтУ,3,1481.68,318.32,proCESsInG,Всё отлично!,2024/05/22,1291371633700566
2029956830142,2024-05-25 10:36:52,АннА СМИРнОвА,8(9886) 54-55,3,АМУницИя длЯ СОбак,5,5466.32,533.68,PrOCeSsInG,Всё отлично!,2024/05/22,1291371633700566
2029956830142,2024-05-25 10:36:52,АннА СМИРнОвА,8(9886) 54-55,4,ПоДПИСка на ГаЗетУ,2,997.08,202.92,prOcESsiNg,Всё отлично!,2024/05/22,1291371633700566
2029956830142,2024-05-25 10:36:52,АннА СМИРнОвА,8(9886) 54-55,1,кОрм ДлЯ СобаК,2,817.2,182.8,pRoceSsIng,Всё отлично!,2024/05/22,1291371633700566
2029956829653,02.05.2024 07:13,СЕРГеЙ сидОров,+7(9205)05-29,1,кОрМ дЛя СОбАк,2,881.97,118.03,coMpLETeD,"Задержка с доставкой, печалька...",23.05.2024,0458041816101311
2029956828699,2024/05/26 20:18:28,михаил ОРлОв,8(9027) 13-16,4,подПИСка нА ГАЗетУ,5,2638.64,361.36,cANCElLEd,спасибо за заказ,01.05.2024,4173912672576640
2029956828699,2024/05/26 20:18:28,михаил ОРлОв,8(9027) 13-16,4,ПоДписка На ГаЗЕтУ,5,2621.55,378.45,cAnCELLeD,спасибо за заказ,01.05.2024,4173912672576640
2029956828699,2024/05/26 20:18:28,михаил ОРлОв,8(9027) 13-16,4,поДпиСкА нА гАзЕТУ,1,484.74,115.26,CaNCELLed,спасибо за заказ,01.05.2024,4173912672576640
2029956828699,2024/05/26 20:18:28,михаил ОРлОв,8(9027) 13-16,3,аМУНИциЯ ДЛЯ СоБАК,2,2164.86,235.14,CAnCELleD,спасибо за заказ,01.05.2024,4173912672576640
2029956828699,2024/05/26 20:18:28,михаил ОРлОв,8(9027) 13-16,2,игрУШКа МЯч,3,895.62,4.38,CaNCEllED,спасибо за заказ,01.05.2024,4173912672576640
2029956827903,2024-05-27 00:19:42,анНА СМИрНова,+7 9797 25 05,5,МолОкО,5,14572.15,427.85,CAncELled,Всё отлично!,2024-05-04,4196095427086226
2029956827903,2024-05-27 00:19:42,анНА СМИрНова,+7 9797 25 05,2,игрУшКа мяЧ,3,837.12,62.88,CAnCELLEd,Всё отлично!,2024-05-04,4196095427086226
2029956826388,2024-05-02 08:49:42,ольга КУзнЕцоВа,+7 9530 73 89,1,кОРм ДЛЯ СОБАк,2,862.76,137.24,cANceLLed,Ждём с нетерпением!,2024/05/29,8376331904105975
2029956826388,2024-05-02 08:49:42,ольга КУзнЕцоВа,+7 9530 73 89,3,амуНИциЯ дЛЯ СобАК,5,5109.26,890.74,CancelLEd,Ждём с нетерпением!,2024/05/29,8376331904105975
2029956826388,2024-05-02 08:49:42,ольга КУзнЕцоВа,+7 9530 73 89,1,коРМ для сОбАк,1,421.02,78.98,cancELleD,Ждём с нетерпением!,2024/05/29,8376331904105975
2029956826388,2024-05-02 08:49:42,ольга КУзнЕцоВа,+7 9530 73 89,1,Корм дЛЯ СОбАк,5,2166.48,333.52,canceLLeD,Ждём с нетерпением!,2024/05/29,8376331904105975
2029956826388,2024-05-02 08:49:42,ольга КУзнЕцоВа,+7 9530 73 89,5,мОЛОКо,4,10911.75,1088.25,CaNCELlED,Ждём с нетерпением!,2024/05/29,8376331904105975
2029956825944,16.05.2024 02:54,нАтАлЬя ВАСилЬЕВа,+7(9247)13-34,3,АмУнИЦиЯ дЛя собаК,2,2235.45,164.55,cOMplEteD,"Задержка с доставкой, печалька...",2024/05/25,6551289914533544
2029956825944,16.05.2024 02:54,нАтАлЬя ВАСилЬЕВа,+7(9247)13-34,1,кОрМ Для Собак,2,909.8,90.2,cOmpLETED,"Задержка с доставкой, печалька...",2024/05/25,6551289914533544
2029956825944,16.05.2024 02:54,нАтАлЬя ВАСилЬЕВа,+7(9247)13-34,1,кОРм Для СОбак,5,2049.42,450.58,COMPLetED,"Задержка с доставкой, печалька...",2024/05/25,6551289914533544
2029956824528,19.05.2024 11:05,ОльгА кУзНецОВа,+7 9621 07 32,2,ИгРушКА мЯЧ,2,501.43,98.57,pRoCESsiNg,подарок вовремя,09.05.2024,4579489775394556
2029956824528,19.05.2024 11:05,ОльгА кУзНецОВа,+7 9621 07 32,1,Корм Для сОбак,4,1848.93,151.07,ProceSsiNG,подарок вовремя,09.05.2024,4579489775394556
2029956824528,19.05.2024 11:05,ОльгА кУзНецОВа,+7 9621 07 32,1,коРм длЯ собаК,5,2425.4,74.6,ProCeSsING,подарок вовремя,09.05.2024,4579489775394556
2029956824528,19.05.2024 11:05,ОльгА кУзНецОВа,+7 9621 07 32,4,ПоДПиСКА НА гаЗЕту,3,1792.52,7.48,proceSsiNG,подарок вовремя,09.05.2024,4579489775394556
2029956824528,19.05.2024 11:05,ОльгА кУзНецОВа,+7 9621 07 32,2,ИгРушКа мяч,1,240.08,59.92,PrOceSsiNg,подарок вовремя,09.05.2024,4579489775394556
2029956823918,2024-05-05 04:24:13,мАРИЯ пеТРовА,+7(9327)40-81,4,пОДПИска НА газЕТу,3,1457.26,342.74,cOmpleTEd,Ждём с нетерпением!,2024/05/16,4366307773540790
2029956823918,2024-05-05 04:24:13,мАРИЯ пеТРовА,+7(9327)40-81,5,моЛоКо,1,2946.51,53.49,cOmPleTEd,Ждём с нетерпением!,2024/05/16,4366307773540790
2029956823918,2024-05-05 04:24:13,мАРИЯ пеТРовА,+7(9327)40-81,4,ПОДпиСкА НА газЕтУ,2,992.47,207.53,COMpleteD,Ждём с нетерпением!,2024/05/16,4366307773540790
2029956823918,2024-05-05 04:24:13,мАРИЯ пеТРовА,+7(9327)40-81,5,МОлоко,5,14069.28,930.72,CompLeTEd,Ждём с нетерпением!,2024/05/16,4366307773540790
2029956822919,2024/05/30 07:54:24,Михаил ОРЛОв,8(9526) 18-93,5,МОлОко,2,5879.22,120.78,ComPleTed,Проверить наличие,2024/05/28,6342235003678714
2029956822919,2024/05/30 07:54:24,Михаил ОРЛОв,8(9526) 18-93,4,ПоДписКА нА ГАЗЕту,2,1174.68,25.32,CoMpLeteD,Проверить наличие,2024/05/28,6342235003678714
2029956822919,2024/05/30 07:54:24,Михаил ОРЛОв,8(9526) 18-93,1,корм длЯ СОбАК,1,437.8,62.2,COmpLeTEd,Проверить наличие,2024/05/28,6342235003678714
2029956821455,2024/05/31 00:18:00,АлекСЕЙ МИхАйЛоВ,8(9663) 78-06,3,аМУНИЦИЯ длЯ СоБАк,4,4608.34,191.66,cAnCElLeD,Всё отлично!,2024-05-09,3770770282866675
2029956821455,2024/05/31 00:18:00,АлекСЕЙ МИхАйЛоВ,8(9663) 78-06,5,МолОКО,5,12684.53,2315.47,caNcELlEd,Всё отлично!,2024-05-09,3770770282866675
2029956821455,2024/05/31 00:18:00,АлекСЕЙ МИхАйЛоВ,8(9663) 78-06,3,АмУНИцИЯ ДЛЯ СобАК,1,1121.32,78.68,cancElLEd,Всё отлично!,2024-05-09,3770770282866675
2029956820518,2024/05/16 09:04:12,АНна сМИрнОВА,+7 9851 43 64,1,КОРм ДЛЯ собАк,4,1707.68,292.32,PrOCessINg,спасибо за заказ,2024/05/30,6834462850510696
2029956820518,2024/05/16 09:04:12,АНна сМИрнОВА,+7 9851 43 64,3,АмуниЦИя Для СоБАК,4,4688.9,111.1,ProCessInG,спасибо за заказ,2024/05/30,6834462850510696
2029956820518,2024/05/16 09:04:12,АНна сМИрнОВА,+7 9851 43 64,1,кОРм дЛЯ СОБАК,3,1379.28,120.72,prOCeSsing,спасибо за заказ,2024/05/30,6834462850510696
2029956820518,2024/05/16 09:04:12,АНна сМИрнОВА,+7 9851 43 64,2,игруШКА МяЧ,1,274.58,25.42,prOcESSing,спасибо за заказ,2024/05/30,6834462850510696
2029956820518,2024/05/16 09:04:12,АНна сМИрнОВА,+7 9851 43 64,3,амУНиЦИЯ ДлЯ соБаК,3,3370.07,229.93,ProCesSing,спасибо за заказ,2024/05/30,6834462850510696
2029956819981,2024-05-02 20:32:16,ОЛьга кУЗнЕЦоВА,8(9352) 77-09,5,МОЛОКо,4,11137.02,862.98,CanCElleD,Нужно уточнить сроки,2024/05/23,3356619309585220
2029956818508,2024/05/09 16:47:34,АлЕКСеЙ МИхаЙЛоВ,8(9565) 82-73,4,пОдписКА на ГАзетУ,1,492.09,107.91,PrOceSSInG,"Задержка с доставкой, печалька...",2024-05-09,4763082227650192
2029956818508,2024/05/09 16:47:34,АлЕКСеЙ МИхаЙЛоВ,8(9565) 82-73,3,амунИция дЛЯ СОбАк,3,3326.5,273.5,pRoCessInG,"Задержка с доставкой, печалька...",2024-05-09,4763082227650192
2029956818508,2024/05/09 16:47:34,АлЕКСеЙ МИхаЙЛоВ,8(9565) 82-73,4,пОдпИСКА НА ГАзЕТу,5,2623.84,376.16,pRoCESsing,"Задержка с доставкой, печалька...",2024-05-09,4763082227650192
2029956818508,2024/05/09 16:47:34,АлЕКСеЙ МИхаЙЛоВ,8(9565) 82-73,3,амУницИя ДЛЯ собак,5,5515.6,484.4,pRoCEsSiNg,"Задержка с доставкой, печалька...",2024-05-09,4763082227650192
2029956817601,18.05.2024 08:28,мАрИя ПЕТроВА,+7 9348 48 30,4,пОДПисКА нА ГазеТу,3,1691.5,108.5,PRocEssINg,спасибо за заказ,2024-05-07,6427342170173071
2029956816958,28.05.2024 02:14,миХаИл орлОв,+7 9195 72 03,1,КоРМ дЛЯ сОБак,1,437.15,62.85,pROcESSIng,спасибо за заказ,2024/05/16,6284051147753120
2029956816958,28.05.2024 02:14,миХаИл орлОв,+7 9195 72 03,2,иГруШка мяЧ,2,484.23,115.77,proCESsiNg,спасибо за заказ,2024/05/16,6284051147753120
2029956815495,22.05.2024 19:29,АЛЕкСеЙ мИХайлоВ,+7(9480)84-09,5,моЛоКо,1,2561.47,438.53,cAnCeLleD,подарок вовремя,08.05.2024,6207832229641731
2029956815495,22.05.2024 19:29,АЛЕкСеЙ мИХайлоВ,+7(9480)84-09,5,молокО,3,8097.75,902.25,CANCElLED,подарок вовремя,08.05.2024,6207832229641731
2029956815495,22.05.2024 19:29,АЛЕкСеЙ мИХайлоВ,+7(9480)84-09,4,поДПиСка НА ГАЗЕтУ,1,537.32,62.68,CaNcElLED,подарок вовремя,08.05.2024,6207832229641731
2029956814989,2024-05-07 17:27:24,СЕРГеЙ СиДОРов,+7(9317)12-29,5,мОлОкО,4,9765.28,2234.72,PRocEsSinG,Нужно уточнить сроки,12.05.2024,1577214851229337
2029956814989,2024-05-07 17:27:24,СЕРГеЙ СиДОРов,+7(9317)12-29,4,пОДПИСКА на ГАзЕту,3,1651.94,148.06,PROcesSiNg,Нужно уточнить сроки,12.05.2024,1577214851229337
2029956813290,2024/05/05 06:23:34,ИВАн иВАнОВ,+7(9099)31-85,3,аМуниЦИЯ Для СОбАК,3,3272.03,327.97,cANCelLeD,Проверить наличие,2024/05/26,0675149132811625
2029956813290,2024/05/05 06:23:34,ИВАн иВАнОВ,+7(9099)31-85,2,игРУШка МЯЧ,5,1345.62,154.38,caNCeLlEd,Проверить наличие,2024/05/26,0675149132811625
2029956812828,25.05.2024 00:30,ЕЛеНА НОвИКова,+7(9879)93-91,1,коРМ для СОБак,1,466.06,33.94,pROcesSiNG,Ждём с нетерпением!,2024/05/17,1903610617982123
2029956812828,25.05.2024 00:30,ЕЛеНА НОвИКова,+7(9879)93-91,4,пОдПИскА На газЕту,2,985.56,214.44,PRoCEssInG,Ждём с нетерпением!,2024/05/17,1903610617982123
2029956812828,25.05.2024 00:30,ЕЛеНА НОвИКова,+7(9879)93-91,2,ИгРУШКа Мяч,3,828.52,71.48,procEsSinG,Ждём с нетерпением!,2024/05/17,1903610617982123
2029956812828,25.05.2024 00:30,ЕЛеНА НОвИКова,+7(9879)93-91,4,ПОДпиСка НА газЕтУ,1,546.75,53.25,prOcEsSinG,Ждём с нетерпением!,2024/05/17,1903610617982123
2029956811589,2024/05/08 21:12:16,мАриЯ ПетРОвА,8(9900) 92-87,2,ИгрУШка мяЧ,4,1047.31,152.69,ComPlETED,подарок вовремя,2024/05/17,8681231384868186
2029956810320,2024-05-18 20:08:39,серГей СИдоРоВ,8(9491) 53-77,5,МОЛОкО,1,2937.49,62.51,prOCESSinG,Нужно уточнить сроки,2024-05-18,7169875139655475
2029956810320,2024-05-18 20:08:39,серГей СИдоРоВ,8(9491) 53-77,2,иГРушкА МяЧ,4,1029.42,170.58,pRocessING,Нужно уточнить сроки,2024-05-18,7169875139655475
2029956810320,2024-05-18 20:08:39,серГей СИдоРоВ,8(9491) 53-77,3,АМУнИЦия ДлЯ собАК,5,5094.04,905.96,proCEsSIng,Нужно уточнить сроки,2024-05-18,7169875139655475
2029956810320,2024-05-18 20:08:39,серГей СИдоРоВ,8(9491) 53-77,1,коРМ ДЛЯ СОБак,1,429.12,70.88,pRoCESSINg,Нужно уточнить сроки,2024-05-18,7169875139655475
2029956810320,2024-05-18 20:08:39,серГей СИдоРоВ,8(9491) 53-77,4,ПоДПИСКа на гАзЕтУ,1,598.93,1.07,PROcEsSinG,Нужно уточнить сроки,2024-05-18,7169875139655475
2029956809405,2024/05/16 17:05:30,ДмИтрИЙ куЗНецоВ,+7(9033)07-18,4,пОдПИСКа НА газЕТу,3,1648.54,151.46,PROCesSIng,Проверить наличие,17.05.2024,0206276839395474
2029956809405,2024/05/16 17:05:30,ДмИтрИЙ куЗНецоВ,+7(9033)07-18,2,игРушКА мяч,1,288.6,11.4,PrOCEssInG,Проверить наличие,17.05.2024,0206276839395474
2029956808524,2024/05/16 18:01:08,аНнА СМиРнОвА,+7(9470)59-41,4,подПиска на ГазеТу,4,2092.08,307.92,CaNCEllED,Нужно уточнить сроки,2024-05-31,3756821799443448
2029956808524,2024/05/16 18:01:08,аНнА СМиРнОвА,+7(9470)59-41,4,подпИСКА НА газЕТУ,4,2062.3,337.7,cANcelLed,Нужно уточнить сроки,2024-05-31,3756821799443448
2029956808524,2024/05/16 18:01:08,аНнА СМиРнОвА,+7(9470)59-41,2,ИгРУшКА МЯч,3,765.07,134.93,canCeLLED,Нужно уточнить сроки,2024-05-31,3756821799443448
2029956807734,2024/05/15 13:58:06,МихАИЛ ОрЛОВ,+7 9379 24 78,3,АМУНИЦия дЛЯ сОбАК,5,4939.65,1060.35,ProCESSInG,"Задержка с доставкой, печалька...",2024/05/31,5240711769279864
2029956806257,2024/05/12 09:46:19,мАРиЯ ПеТрова,+7 9657 51 66,4,подПиСка На ГазЕтУ,3,1537.0,263.0,pRocesSiNg,Нужно уточнить сроки,2024-05-21,3135371339738895
2029956805627,2024-05-16 15:08:21,МАРИЯ пЕТРоВа,8(9785) 79-47,5,моЛОКО,2,5173.85,826.15,COmpLEteD,Нужно уточнить сроки,15.05.2024,2929836459317597
2029956805627,2024-05-16 15:08:21,МАРИЯ пЕТРоВа,8(9785) 79-47,1,КоРм ДлЯ собаК,5,2132.83,367.17,coMPlEtED,Нужно уточнить сроки,15.05.2024,2929836459317597
2029956805627,2024-05-16 15:08:21,МАРИЯ пЕТРоВа,8(9785) 79-47,3,аМУНИцИЯ дЛя сОбаК,4,4785.2,14.8,cOmpLETeD,Нужно уточнить сроки,15.05.2024,2929836459317597
2029956805627,2024-05-16 15:08:21,МАРИЯ пЕТРоВа,8(9785) 79-47,4,пОдПИсКА нА гаЗетУ,5,2595.98,404.02,coMPleTed,Нужно уточнить сроки,15.05.2024,2929836459317597
2029956805627,2024-05-16 15:08:21,МАРИЯ пЕТРоВа,8(9785) 79-47,5,МОЛоко,1,2872.41,127.59,COmplETEd,Нужно уточнить сроки,15.05.2024,2929836459317597
2029956804483,2024/05/16 10:17:53,маРИЯ петРОВа,+7(9267)89-38,1,КоРм ДЛя собАк,1,433.64,66.36,CANcElLeD,Нужно уточнить сроки,11.05.2024,7251959528984948
2029956804483,2024/05/16 10:17:53,маРИЯ петРОВа,+7(9267)89-38,4,поДПИСКа НА гаЗЕТу,5,2828.32,171.68,CANcelLEd,Нужно уточнить сроки,11.05.2024,7251959528984948
2029956804483,2024/05/16 10:17:53,маРИЯ петРОВа,+7(9267)89-38,3,аМуНИция ДЛЯ соБак,2,2300.24,99.76,CANcEllED,Нужно уточнить сроки,11.05.2024,7251959528984948
2029956804483,2024/05/16 10:17:53,маРИЯ петРОВа,+7(9267)89-38,4,ПоДПИСКа на ГаЗЕтУ,2,1001.19,198.81,CanCELLEd,Нужно уточнить сроки,11.05.2024,7251959528984948
2029956804483,2024/05/16 10:17:53,маРИЯ петРОВа,+7(9267)89-38,3,АмуНиЦия дЛя СоБАк,1,1059.36,140.64,caNCEllED,Нужно уточнить сроки,11.05.2024,7251959528984948
2029956803994,03.05.2024 22:27,мИхаИЛ орЛОВ,8(9849) 58-58,5,МОлОКо,1,2416.27,583.73,CoMpleTeD,Ждём с нетерпением!,2024/05/31,4078072917487587
2029956803994,03.05.2024 22:27,мИхаИЛ орЛОВ,8(9849) 58-58,2,ИГрУшка МЯч,4,1141.68,58.32,cOMPLEteD,Ждём с нетерпением!,2024/05/31,4078072917487587
2029956803994,03.05.2024 22:27,мИхаИЛ орЛОВ,8(9849) 58-58,4,ПОдПИСКА на гАзету,5,2836.81,163.19,cOmplETED,Ждём с нетерпением!,2024/05/31,4078072917487587
2029956803994,03.05.2024 22:27,мИхаИЛ орЛОВ,8(9849) 58-58,3,АмунИцИЯ Для СобАК,1,1078.01,121.99,ComPLetED,Ждём с нетерпением!,2024/05/31,4078072917487587
2029956803994,03.05.2024 22:27,мИхаИЛ орЛОВ,8(9849) 58-58,1,кОРМ Для соБАК,1,435.24,64.76,cOmpLeTED,Ждём с нетерпением!,2024/05/31,4078072917487587
2029956802387,2024-05-15 19:23:24,ольгА куЗнецОВА,+7(9278)04-05,5,МОлОко,5,12960.97,2039.03,pRoCeSSiNG,Ждём с нетерпением!,2024-05-25,8800515655307659
2029956801464,29.05.2024 17:02,ивАн иВАНОв,+7(9305)79-64,3,амунИциЯ длЯ СОБак,4,3901.12,898.88,prOCESsiNG,Нужно уточнить сроки,2024/05/16,9918574278067926
2029956801464,29.05.2024 17:02,ивАн иВАНОв,+7(9305)79-64,2,игРУШка МяЧ,3,723.1,176.9,pRocEssinG,Нужно уточнить сроки,2024/05/16,9918574278067926
2029956801464,29.05.2024 17:02,ивАн иВАНОв,+7(9305)79-64,1,коРм длЯ СОБАк,5,2036.51,463.49,PROCEsSing,Нужно уточнить сроки,2024/05/16,9918574278067926
2029956800149,23.05.2024 13:56,михАиЛ орЛОВ,+7(9668)48-02,4,пОдПИСКА на ГазЕту,1,542.91,57.09,PRoCEsSing,Всё отлично!,2024-05-23,0076447545725215
2029956800149,23.05.2024 13:56,михАиЛ орЛОВ,+7(9668)48-02,5,МОлОко,3,8801.42,198.58,proCesSiNG,Всё отлично!,2024-05-23,0076447545725215
2029956800149,23.05.2024 13:56,михАиЛ орЛОВ,+7(9668)48-02,5,МоЛОКо,1,2800.88,199.12,PrOCESSInG,Всё отлично!,2024-05-23,0076447545725215
2029956800149,23.05.2024 13:56,михАиЛ орЛОВ,+7(9668)48-02,2,ИгруШка МЯч,1,296.87,3.13,PRoceSSINg,Всё отлично!,2024-05-23,0076447545725215
2029956799607,2024/05/31 07:38:37,наталья васильеВА,+7(9587)29-03,3,аМУнИциЯ длЯ СобАк,3,3081.4,518.6,CANcelLed,Всё отлично!,2024/05/19,3745563462116839
2029956799607,2024/05/31 07:38:37,наталья васильеВА,+7(9587)29-03,1,КорМ для СоБАк,3,1300.83,199.17,CaNCELLed,Всё отлично!,2024/05/19,3745563462116839
2029956798929,2024-05-07 22:01:58,ИВАН ИВАНов,+7 9720 69 23,2,иГрушкА МяЧ,5,1348.04,151.96,CaNcElLEd,спасибо за заказ,2024/05/18,4065812855416912
2029956797556,2024/05/26 09:08:13,ОлЬГа КуЗНЕЦоВа,+7(9143)82-54,1,КоРм дЛя сОБак,1,420.77,79.23,CaNCelLED,"Задержка с доставкой, печалька...",2024-05-19,2137533185523460
2029956797556,2024/05/26 09:08:13,ОлЬГа КуЗНЕЦоВа,+7(9143)82-54,1,кОРм ДлЯ СОбаК,4,1695.9,304.1,CanCeLlEd,"Задержка с доставкой, печалька...",2024-05-19,2137533185523460
2029956797556,2024/05/26 09:08:13,ОлЬГа КуЗНЕЦоВа,+7(9143)82-54,4,поДписка На ГазЕтУ,1,587.03,12.97,canCELlED,"Задержка с доставкой, печалька...",2024-05-19,2137533185523460
2029956796208,03.05.2024 09:01,елЕНА ноВИкОвА,8(9160) 82-34,3,амунИЦИя Для СобАК,3,3154.03,445.97,CAnCeLleD,Ждём с нетерпением!,2024/05/30,7630000089269267
2029956796208,03.05.2024 09:01,елЕНА ноВИкОвА,8(9160) 82-34,1,КорМ дЛЯ сОБАК,1,420.83,79.17,CANcElLEd,Ждём с нетерпением!,2024/05/30,7630000089269267
2029956795549,04.05.2024 22:13,ивАн ИвАНОв,+7(9406)69-38,1,КоРМ для собак,5,2017.86,482.14,CanceLLeD,Всё отлично!,13.05.2024,7293755638013072
2029956795549,04.05.2024 22:13,ивАн ИвАНОв,+7(9406)69-38,5,молоко,3,7623.01,1376.99,CanceLLed,Всё отлично!,13.05.2024,7293755638013072
2029956795549,04.05.2024 22:13,ивАн ИвАНОв,+7(9406)69-38,2,игруШка МЯч,3,723.9,176.1,CanCeLLED,Всё отлично!,13.05.2024,7293755638013072
2029956794721,2024/05/11 17:11:24,МИхаИл ОрлОв,+7(9130)13-61,2,иГРУШКА мЯч,5,1382.75,117.25,proCessINg,Проверить наличие,2024-05-29,3311924026153552
2029956794721,2024/05/11 17:11:24,МИхаИл ОрлОв,+7(9130)13-61,2,иГРУШКА МЯЧ,3,752.22,147.78,proCeSsING,Проверить наличие,2024-05-29,3311924026153552
2029956794721,2024/05/11 17:11:24,МИхаИл ОрлОв,+7(9130)13-61,1,кОРМ ДЛЯ собАК,3,1310.95,189.05,pROcESsing,Проверить наличие,2024-05-29,3311924026153552
2029956793949,2024-05-24 11:50:31,иВаН иВанОв,+7(9009)92-02,2,иГруШКа мяЧ,1,274.71,25.29,cOmpleted,Проверить наличие,2024-05-08,3155016899521874
2029956793949,2024-05-24 11:50:31,иВаН иВанОв,+7(9009)92-02,5,МоЛокО,2,5178.91,821.09,cOmPLetED,Проверить наличие,2024-05-08,3155016899521874
2029956793949,2024-05-24 11:50:31,иВаН иВанОв,+7(9009)92-02,1,КОрм Для СоБаК,5,2240.69,259.31,CoMPLetED,Проверить наличие,2024-05-08,3155016899521874
2029956793949,2024-05-24 11:50:31,иВаН иВанОв,+7(9009)92-02,4,пОДпиСка НА ГазЕтУ,1,591.19,8.81,COMplEtEd,Проверить наличие,2024-05-08,3155016899521874
2029956792790,29.05.2024 16:29,оЛьгА КуЗнеЦоВА,8(9946) 57-22,1,КОРМ ДЛя сОБаК,1,405.86,94.14,CaNCeLLeD,Проверить наличие,2024/05/17,6958531383932398
2029956792790,29.05.2024 16:29,оЛьгА КуЗнеЦоВА,8(9946) 57-22,3,аМунИЦиЯ ДЛЯ СОБаК,3,3491.54,108.46,CAnCeLLEd,Проверить наличие,2024/05/17,6958531383932398
2029956792790,29.05.2024 16:29,оЛьгА КуЗнеЦоВА,8(9946) 57-22,2,ИгРУШкА МЯч,4,1034.11,165.89,cANCELlEd,Проверить наличие,2024/05/17,6958531383932398
2029956791207,05.05.2024 12:14,ОлЬга КУЗНеЦОВа,8(9271) 01-69,3,аМуНИЦИя длЯ соБаК,5,5067.4,932.6,PROcESsInG,Проверить наличие,17.05.2024,2191711634539870
2029956791207,05.05.2024 12:14,ОлЬга КУЗНеЦОВа,8(9271) 01-69,3,аМунИцИя ДЛя сОбак,4,3929.12,870.88,PRoCESSIng,Проверить наличие,17.05.2024,2191711634539870
2029956791207,05.05.2024 12:14,ОлЬга КУЗНеЦОВа,8(9271) 01-69,1,коРм дЛЯ СобаК,1,485.33,14.67,pRocEssiNg,Проверить наличие,17.05.2024,2191711634539870
2029956791207,05.05.2024 12:14,ОлЬга КУЗНеЦОВа,8(9271) 01-69,2,иГРушКА МяЧ,4,964.54,235.46,PrOCEsSiNG,Проверить наличие,17.05.2024,2191711634539870
2029956791207,05.05.2024 12:14,ОлЬга КУЗНеЦОВа,8(9271) 01-69,2,иГРУшКА Мяч,1,242.09,57.91,PrOCessINg,Проверить наличие,17.05.2024,2191711634539870
2029956790450,22.05.2024 15:38,ОлЬГА кУЗНЕЦОвА,8(9535) 57-10,1,КоРМ длЯ соБаК,3,1286.31,213.69,CaNCELleD,"Задержка с доставкой, печалька...",29.05.2024,6045269130179785
2029956789459,2024/05/21 13:27:20,анНА СМИрнОва,+7(9387)84-46,2,ИгРуШКа Мяч,3,784.22,115.78,cANcEllED,Проверить наличие,2024/05/17,3088598611909854
2029956789459,2024/05/21 13:27:20,анНА СМИрнОва,+7(9387)84-46,1,КОРм дЛЯ соБаК,2,843.77,156.23,cANCELLeD,Проверить наличие,2024/05/17,3088598611909854
2029956789459,2024/05/21 13:27:20,анНА СМИрнОва,+7(9387)84-46,4,ПоДПиСКа нА гаЗетУ,1,487.67,112.33,caNCeLlED,Проверить наличие,2024/05/17,3088598611909854
2029956788595,29.05.2024 02:17,сЕРГЕй сИдОрОв,+7(9051)65-68,1,кОрМ дЛЯ соБаК,4,1782.56,217.44,cOmPLEteD,подарок вовремя,2024-05-30,8554234750934436
2029956788595,29.05.2024 02:17,сЕРГЕй сИдОрОв,+7(9051)65-68,3,аМунИциЯ ДЛя СОбаК,4,4126.26,673.74,COmpleTed,подарок вовремя,2024-05-30,8554234750934436
2029956787637,22.05.2024 10:46,МИХаИл орЛов,8(9143) 44-74,2,иГрУШка МЯч,5,1383.66,116.34,coMPlETEd,Ждём с нетерпением!,2024-05-09,5350165077484428
2029956786143,10.05.2024 02:30,иВаН иВанОВ,8(9696) 76-84,4,поДпиСКА нА гАЗету,2,1157.87,42.13,coMpLeted,спасибо за заказ,18.05.2024,3323139313990255
2029956786143,10.05.2024 02:30,иВаН иВанОВ,8(9696) 76-84,4,поДписка на ГаЗеТУ,5,2613.27,386.73,coMPLETEd,спасибо за заказ,18.05.2024,3323139313990255
2029956786143,10.05.2024 02:30,иВаН иВанОВ,8(9696) 76-84,3,АМУНиЦИЯ ДлЯ СОбак,4,3862.25,937.75,COMpLeTeD,спасибо за заказ,18.05.2024,3323139313990255
2029956786143,10.05.2024 02:30,иВаН иВанОВ,8(9696) 76-84,5,моЛокО,5,13452.56,1547.44,cOmpLeTEd,спасибо за заказ,18.05.2024,3323139313990255
2029956786143,10.05.2024 02:30,иВаН иВанОВ,8(9696) 76-84,3,аМУНИЦия Для Собак,5,5631.19,368.81,compLetEd,спасибо за заказ,18.05.2024,3323139313990255
2029956785582,17.05.2024 15:41,СеРгЕй СИдоРОв,8(9201) 69-58,5,мОЛОко,3,8286.5,713.5,cOmpLetED,Всё отлично!,2024-05-31,5872795572553412
2029956785582,17.05.2024 15:41,СеРгЕй СИдоРОв,8(9201) 69-58,3,АМУНИциЯ ДлЯ соБак,1,1101.19,98.81,ComPLeted,Всё отлично!,2024-05-31,5872795572553412
2029956785582,17.05.2024 15:41,СеРгЕй СИдоРОв,8(9201) 69-58,2,ИГрУшКА Мяч,1,285.58,14.42,cOmpLeTed,Всё отлично!,2024-05-31,5872795572553412
2029956785582,17.05.2024 15:41,СеРгЕй СИдоРОв,8(9201) 69-58,2,ИГрушкА мяч,5,1490.64,9.36,CoMpLETEd,Всё отлично!,2024-05-31,5872795572553412
2029956785582,17.05.2024 15:41,СеРгЕй СИдоРОв,8(9201) 69-58,3,амУНиЦия длЯ сОбАк,2,2338.42,61.58,coMplETeD,Всё отлично!,2024-05-31,5872795572553412
2029956784445,28.05.2024 10:31,ивАн иВАНОв,+7(9404)78-21,1,корм Для СОБАК,1,414.57,85.43,CANCElLeD,Всё отлично!,2024/05/05,5310770700800920
2029956783540,2024-05-21 19:47:17,сЕргеЙ сидОРов,+7 9766 97 73,1,Корм для СоБАк,4,1843.68,156.32,cANCeLLed,Всё отлично!,06.05.2024,1501563039539516
2029956783540,2024-05-21 19:47:17,сЕргеЙ сидОРов,+7 9766 97 73,3,аМУНИцИЯ длЯ СОБак,4,4721.5,78.5,CanCelLed,Всё отлично!,06.05.2024,1501563039539516
2029956783540,2024-05-21 19:47:17,сЕргеЙ сидОРов,+7 9766 97 73,5,МОЛоко,1,2712.22,287.78,caNCelled,Всё отлично!,06.05.2024,1501563039539516
2029956783540,2024-05-21 19:47:17,сЕргеЙ сидОРов,+7 9766 97 73,3,амУнИция дЛя СОбаК,2,2366.22,33.78,CAnCElleD,Всё отлично!,06.05.2024,1501563039539516
2029956782653,17.05.2024 14:00,марИя ПЕтрОва,+7 9289 14 13,1,КоРМ для СОбак,5,2120.26,379.74,PROcessiNG,Нужно уточнить сроки,2024-05-22,8487490846093264
2029956782653,17.05.2024 14:00,марИя ПЕтрОва,+7 9289 14 13,3,амУНИциЯ ДЛЯ собАК,5,5839.23,160.77,procESSInG,Нужно уточнить сроки,2024-05-22,8487490846093264
2029956782653,17.05.2024 14:00,марИя ПЕтрОва,+7 9289 14 13,5,МОЛОкО,3,8853.23,146.77,PrOcESSing,Нужно уточнить сроки,2024-05-22,8487490846093264
2029956782653,17.05.2024 14:00,марИя ПЕтрОва,+7 9289 14 13,4,ПоДпискА нА гАЗЕТУ,1,597.28,2.72,PRoCESSInG,Нужно уточнить сроки,2024-05-22,8487490846093264
2029956781852,17.05.2024 23:02,нАтаЛьЯ ВАСИЛьЕВа,+7(9115)36-36,2,игРУшка мяч,2,527.69,72.31,canCelLED,"Задержка с доставкой, печалька...",30.05.2024,2964901588075882
2029956781852,17.05.2024 23:02,нАтаЛьЯ ВАСИЛьЕВа,+7(9115)36-36,4,ПОДпИСкА на гАЗету,5,2980.93,19.07,CaNCEllED,"Задержка с доставкой, печалька...",30.05.2024,2964901588075882
2029956780575,2024/05/05 21:30:58,мИхАиЛ оРлОВ,+7(9016)38-83,1,кОрм для СОБаК,1,467.63,32.37,coMplEteD,спасибо за заказ,2024/05/29,6769223201184917
2029956780575,2024/05/05 21:30:58,мИхАиЛ оРлОВ,+7(9016)38-83,4,пОДПИСкА На гаЗеТУ,2,1060.03,139.97,CoMPLETED,спасибо за заказ,2024/05/29,6769223201184917
2029956779910,15.05.2024 22:27,НАтАлЬЯ вАсИЛЬЕВа,+7 9858 71 22,1,КоРм дЛЯ СОбак,4,1657.93,342.07,pROceSSING,подарок вовремя,2024-05-18,2373275577992137
2029956779910,15.05.2024 22:27,НАтАлЬЯ вАсИЛЬЕВа,+7 9858 71 22,1,КОРМ дЛЯ собАК,1,432.44,67.56,prOcESsinG,подарок вовремя,2024-05-18,2373275577992137
2029956778353,2024-05-02 20:12:58,алеКСеЙ мИхайЛоВ,+7(9994)43-10,4,пОдПИскА на газЕтУ,2,976.48,223.52,cOmPleted,"Задержка с доставкой, печалька...",2024-05-31,1888576492293104
2029956777209,2024-05-31 09:01:27,СЕРгЕй Сидоров,+7 9587 68 04,5,МоЛОКо,4,11451.61,548.39,cANcElLed,Всё отлично!,2024-05-27,1381383188220954
2029956777209,2024-05-31 09:01:27,СЕРгЕй Сидоров,+7 9587 68 04,4,пОДписКА на газетУ,2,1000.45,199.55,CaNcElLed,Всё отлично!,2024-05-27,1381383188220954
2029956777209,2024-05-31 09:01:27,СЕРгЕй Сидоров,+7 9587 68 04,2,иГРУшка МЯЧ,5,1346.47,153.53,caNCElLeD,Всё отлично!,2024-05-27,1381383188220954
2029956777209,2024-05-31 09:01:27,СЕРгЕй Сидоров,+7 9587 68 04,5,мОлокО,2,5127.35,872.65,CANcEllED,Всё отлично!,2024-05-27,1381383188220954
2029956777209,2024-05-31 09:01:27,СЕРгЕй Сидоров,+7 9587 68 04,2,ИгРушка мяЧ,5,1372.19,127.81,cancElLED,Всё отлично!,2024-05-27,1381383188220954
2029956776370,2024/05/20 20:44:06,оЛьгА кУЗнеЦОВа,+7(9150)86-81,2,иГрУшка мяч,3,841.25,58.75,ProceSsinG,Всё отлично!,09.05.2024,0029859434742513
2029956776370,2024/05/20 20:44:06,оЛьгА кУЗнеЦОВа,+7(9150)86-81,1,кОрм ДлЯ СобаК,4,1960.02,39.98,pROCESsiNG,Всё отлично!,09.05.2024,0029859434742513
2029956776370,2024/05/20 20:44:06,оЛьгА кУЗнеЦОВа,+7(9150)86-81,5,МОлоко,4,10008.7,1991.3,PRoCesSINg,Всё отлично!,09.05.2024,0029859434742513
2029956776370,2024/05/20 20:44:06,оЛьгА кУЗнеЦОВа,+7(9150)86-81,4,ПодпиСКа НА газЕТу,1,540.86,59.14,PROCeSsING,Всё отлично!,09.05.2024,0029859434742513
2029956776370,2024/05/20 20:44:06,оЛьгА кУЗнеЦОВа,+7(9150)86-81,4,ПОдПиска на ГАЗетУ,3,1677.17,122.83,PRocessinG,Всё отлично!,09.05.2024,0029859434742513
2029956775548,15.05.2024 00:47,аЛЕксеЙ МИХайлОВ,8(9447) 64-44,4,Подписка На гаЗетУ,5,2540.52,459.48,PROcESSiNG,спасибо за заказ,21.05.2024,9596144594312879
2029956774950,2024/05/27 15:13:53,иВан иванОв,+7 9363 05 79,1,Корм дЛЯ СОбаК,5,2059.35,440.65,pROCESsiNg,спасибо за заказ,2024-05-17,9491102253596996
2029956774950,2024/05/27 15:13:53,иВан иванОв,+7 9363 05 79,5,мОлокО,3,8931.21,68.79,PRoCESsING,спасибо за заказ,2024-05-17,9491102253596996
2029956774950,2024/05/27 15:13:53,иВан иванОв,+7 9363 05 79,2,игРУШкА мяч,5,1481.3,18.7,PrOcEsSiNG,спасибо за заказ,2024-05-17,9491102253596996
2029956773220,2024-05-13 07:34:28,МихаИЛ орлОВ,+7(9044)62-75,3,АмуНицИя для сОБаК,1,961.95,238.05,ProCessing,подарок вовремя,2024/05/12,9475243920091777
2029956773220,2024-05-13 07:34:28,МихаИЛ орлОВ,+7(9044)62-75,2,игрУШКА Мяч,3,826.8,73.2,prOCeSsIng,подарок вовремя,2024/05/12,9475243920091777
2029956772786,2024-05-14 00:57:16,Иван ивАНоВ,8(9850) 10-31,5,моЛоКО,4,10898.99,1101.01,caNCEllED,Ждём с нетерпением!,23.05.2024,8757940645493453
2029956772786,2024-05-14 00:57:16,Иван ивАНоВ,8(9850) 10-31,2,иГРушКА МЯч,4,994.71,205.29,cAnceLled,Ждём с нетерпением!,23.05.2024,8757940645493453
2029956771883,2024/05/29 21:17:56,АЛЕКСЕЙ МиХАйлОв,+7 9055 49 76,1,коРм дЛЯ соБаК,4,1758.86,241.14,CancELLED,Проверить наличие,08.05.2024,6672542558465237
2029956771883,2024/05/29 21:17:56,АЛЕКСЕЙ МиХАйлОв,+7 9055 49 76,2,игРУшКА мяч,1,263.51,36.49,cAnCelLed,Проверить наличие,08.05.2024,6672542558465237
2029956771883,2024/05/29 21:17:56,АЛЕКСЕЙ МиХАйлОв,+7 9055 49 76,2,игРУшКА мЯч,3,774.73,125.27,cANCeLLed,Проверить наличие,08.05.2024,6672542558465237
2029956770594,17.05.2024 01:14,ЕЛенА НОвиКОВА,+7 9597 25 67,1,Корм ДлЯ сОбаК,2,964.56,35.44,PROCesSInG,подарок вовремя,10.05.2024,1101633889114022
2029956770594,17.05.2024 01:14,ЕЛенА НОвиКОВА,+7 9597 25 67,5,МОЛОКо,3,8036.45,963.55,PROcESSInG,подарок вовремя,10.05.2024,1101633889114022
2029956770594,17.05.2024 01:14,ЕЛенА НОвиКОВА,+7 9597 25 67,3,АмУНИЦия для СОбАК,4,4366.53,433.47,proCESSiNg,подарок вовремя,10.05.2024,1101633889114022
2029956769149,2024/05/03 10:17:52,елеНА нОВИкОвА,+7 9634 50 09,5,МОлОко,1,2575.07,424.93,cOMPLeTed,спасибо за заказ,2024/05/26,5525813668455086
2029956769149,2024/05/03 10:17:52,елеНА нОВИкОвА,+7 9634 50 09,1,кОРм ДЛЯ сОбаК,5,2351.6,148.4,cOmPlEtEd,спасибо за заказ,2024/05/26,5525813668455086
2029956769149,2024/05/03 10:17:52,елеНА нОВИкОвА,+7 9634 50 09,1,КоРМ для собАк,4,1942.41,57.59,COmPLeTEd,спасибо за заказ,2024/05/26,5525813668455086
2029956769149,2024/05/03 10:17:52,елеНА нОВИкОвА,+7 9634 50 09,2,иГРушКа мЯЧ,5,1225.17,274.83,COMPLEteD,спасибо за заказ,2024/05/26,5525813668455086
2029956769149,2024/05/03 10:17:52,елеНА нОВИкОвА,+7 9634 50 09,4,пОдписка НА гАзеТУ,5,2654.11,345.89,CoMPLETeD,спасибо за заказ,2024/05/26,5525813668455086
2029956768965,2024-05-29 07:28:09,ОЛЬГА кузнецоВа,+7 9109 98 75,1,КОРМ длЯ СобАК,5,2245.93,254.07,PROCESsINg,Проверить наличие,2024-05-10,9186713534835728
2029956768965,2024-05-29 07:28:09,ОЛЬГА кузнецоВа,+7 9109 98 75,5,МоЛоко,5,14048.7,951.3,PrOceSsing,Проверить наличие,2024-05-10,9186713534835728
2029956768965,2024-05-29 07:28:09,ОЛЬГА кузнецоВа,+7 9109 98 75,3,АМуницИя длЯ соБак,3,3483.96,116.04,procESsIng,Проверить наличие,2024-05-10,9186713534835728
2029956768965,2024-05-29 07:28:09,ОЛЬГА кузнецоВа,+7 9109 98 75,4,ПодПИска НА ГазЕтУ,3,1466.39,333.61,PRoCESSinG,Проверить наличие,2024-05-10,9186713534835728
2029956768965,2024-05-29 07:28:09,ОЛЬГА кузнецоВа,+7 9109 98 75,2,ИГРушКА МЯч,5,1209.61,290.39,PROCesSiNG,Проверить наличие,2024-05-10,9186713534835728
2029956767185,22.05.2024 03:07,аЛЕКСЕй МихайЛОв,+7 9751 05 98,2,ИгРуШКа мЯЧ,4,1134.1,65.9,prOCESSIng,Ждём с нетерпением!,2024-05-25,2153726905096026
2029956767185,22.05.2024 03:07,аЛЕКСЕй МихайЛОв,+7 9751 05 98,4,пОДпиСКа на газЕТу,4,2227.77,172.23,PROCEssIng,Ждём с нетерпением!,2024-05-25,2153726905096026
2029956767185,22.05.2024 03:07,аЛЕКСЕй МихайЛОв,+7 9751 05 98,3,аМуНиЦИя дЛя соБАк,2,2340.0,60.0,PROCesSiNg,Ждём с нетерпением!,2024-05-25,2153726905096026
2029956767185,22.05.2024 03:07,аЛЕКСЕй МихайЛОв,+7 9751 05 98,4,подПисКа НА гАЗЕТУ,1,519.14,80.86,ProcEsSINg,Ждём с нетерпением!,2024-05-25,2153726905096026
2029956767185,22.05.2024 03:07,аЛЕКСЕй МихайЛОв,+7 9751 05 98,3,аМуНиЦиЯ ДЛЯ СОБАк,3,2899.86,700.14,PROceSsInG,Ждём с нетерпением!,2024-05-25,2153726905096026
2029956766704,2024-05-08 18:09:19,иВАн иВаНов,+7(9347)22-77,5,мОЛоко,2,5311.75,688.25,cOMPLEtEd,Ждём с нетерпением!,2024-05-19,3389037582465123
2029956766704,2024-05-08 18:09:19,иВАн иВаНов,+7(9347)22-77,1,корм Для сОБаК,5,2029.33,470.67,compLETEd,Ждём с нетерпением!,2024-05-19,3389037582465123
2029956766704,2024-05-08 18:09:19,иВАн иВаНов,+7(9347)22-77,2,ИгРушКа мЯч,1,275.62,24.38,cOMplETEd,Ждём с нетерпением!,2024-05-19,3389037582465123
2029956765706,2024/05/07 17:40:14,ИВАН ИВАнов,+7(9060)74-88,4,ПодПИскА НА ГазетУ,3,1481.1,318.9,PRoCEsSING,подарок вовремя,2024-05-04,8109534133594071
2029956764605,2024-05-09 13:33:51,ИВАН иванОВ,8(9961) 13-34,3,амУнИЦИЯ длЯ сОбак,2,2090.36,309.64,comPLEtEd,Всё отлично!,2024-05-24,9541490681436997
2029956763951,26.05.2024 16:08,дмИТриЙ кузНЕцОв,8(9287) 18-31,1,кОРМ дЛЯ СоБАК,4,1879.09,120.91,prOcESsiNG,"Задержка с доставкой, печалька...",2024-05-22,3233421441269100
2029956762589,2024-05-11 17:25:25,МИХАИл оРЛоВ,+7 9747 29 71,2,ИГРуШка МЯЧ,1,252.77,47.23,coMPlETeD,Всё отлично!,2024/05/28,3856532691336413
2029956762589,2024-05-11 17:25:25,МИХАИл оРЛоВ,+7 9747 29 71,2,иГрушкА МЯЧ,2,585.44,14.56,coMPLeTED,Всё отлично!,2024/05/28,3856532691336413
2029956762589,2024-05-11 17:25:25,МИХАИл оРЛоВ,+7 9747 29 71,5,МОЛоКо,5,14896.32,103.68,CoMpleTed,Всё отлично!,2024/05/28,3856532691336413
2029956762589,2024-05-11 17:25:25,МИХАИл оРЛоВ,+7 9747 29 71,5,МОЛокО,3,8011.08,988.92,cOMPlETeD,Всё отлично!,2024/05/28,3856532691336413
2029956762589,2024-05-11 17:25:25,МИХАИл оРЛоВ,+7 9747 29 71,2,ИгРУШКа мяч,2,533.3,66.7,compLeTeD,Всё отлично!,2024/05/28,3856532691336413
2029956761676,2024/05/26 23:47:12,ивАН иВаноВ,+7(9167)53-16,3,АМУНицИя для Собак,3,3267.45,332.55,COmPLeTED,Проверить наличие,17.05.2024,1012458981484098
2029956761676,2024/05/26 23:47:12,ивАН иВаноВ,+7(9167)53-16,1,коРм дЛя СоБАК,4,1691.45,308.55,cOmPlETeD,Проверить наличие,17.05.2024,1012458981484098
2029956761676,2024/05/26 23:47:12,ивАН иВаноВ,+7(9167)53-16,5,МолОКо,3,7844.48,1155.52,cOmPleted,Проверить наличие,17.05.2024,1012458981484098
2029956761676,2024/05/26 23:47:12,ивАН иВаноВ,+7(9167)53-16,3,АМуНицИя дЛя СоБАк,5,5539.61,460.39,CoMpLETEd,Проверить наличие,17.05.2024,1012458981484098
2029956761676,2024/05/26 23:47:12,ивАН иВаноВ,+7(9167)53-16,2,иГРУШка МЯЧ,3,845.05,54.95,COMpleteD,Проверить наличие,17.05.2024,1012458981484098
2029956760215,2024/05/06 12:51:14,АЛеКсЕй мИхАЙЛОВ,+7 9875 41 30,2,ИГрушка МяЧ,2,523.92,76.08,cancEllEd,Проверить наличие,2024/05/23,0950885004517527
2029956760215,2024/05/06 12:51:14,АЛеКсЕй мИхАЙЛОВ,+7 9875 41 30,2,иГрушкА МЯч,4,998.04,201.96,cAncELLed,Проверить наличие,2024/05/23,0950885004517527
2029956760215,2024/05/06 12:51:14,АЛеКсЕй мИхАЙЛОВ,+7 9875 41 30,5,МолОКо,1,2533.9,466.1,cANCElled,Проверить наличие,2024/05/23,0950885004517527
2029956760215,2024/05/06 12:51:14,АЛеКсЕй мИхАЙЛОВ,+7 9875 41 30,4,ПоДПИскА нА гАзЕтУ,4,2379.28,20.72,CaNcelled,Проверить наличие,2024/05/23,0950885004517527
2029956760215,2024/05/06 12:51:14,АЛеКсЕй мИхАЙЛОВ,+7 9875 41 30,2,игрушКа Мяч,2,570.52,29.48,CANcElled,Проверить наличие,2024/05/23,0950885004517527
2029956759842,2024/05/13 15:02:22,оЛьГа кУзНЕЦОва,+7 9537 70 49,5,моЛОко,4,9700.92,2299.08,pRoCESsIng,Проверить наличие,2024/05/08,0649748536218595
2029956759842,2024/05/13 15:02:22,оЛьГа кУзНЕЦОва,+7 9537 70 49,5,моЛоКо,5,12753.75,2246.25,prOCESsIng,Проверить наличие,2024/05/08,0649748536218595
2029956759842,2024/05/13 15:02:22,оЛьГа кУзНЕЦОва,+7 9537 70 49,4,ПодпИсКа на газету,2,968.16,231.84,pROCessIng,Проверить наличие,2024/05/08,0649748536218595
2029956759842,2024/05/13 15:02:22,оЛьГа кУзНЕЦОва,+7 9537 70 49,4,ПоДписКА На ГазеТу,1,564.35,35.65,pROCesSiNg,Проверить наличие,2024/05/08,0649748536218595
2029956759842,2024/05/13 15:02:22,оЛьГа кУзНЕЦОва,+7 9537 70 49,4,поДПисКА НА ГазЕТу,5,2695.72,304.28,PROcESsINg,Проверить наличие,2024/05/08,0649748536218595
2029956758318,2024-05-31 14:11:32,еЛЕНА ноВиКОва,8(9578) 84-79,3,амУНИция ДЛя собаК,1,1127.7,72.3,caNcElleD,"Задержка с доставкой, печалька...",2024-05-19,2179845143918068
2029956758318,2024-05-31 14:11:32,еЛЕНА ноВиКОва,8(9578) 84-79,2,ИгрУшкА мяЧ,1,291.48,8.52,cAnCeLLED,"Задержка с доставкой, печалька...",2024-05-19,2179845143918068
2029956758318,2024-05-31 14:11:32,еЛЕНА ноВиКОва,8(9578) 84-79,2,иГРуШКА мЯЧ,4,1107.65,92.35,CaNcElLEd,"Задержка с доставкой, печалька...",2024-05-19,2179845143918068
2029956758318,2024-05-31 14:11:32,еЛЕНА ноВиКОва,8(9578) 84-79,2,иГРуШкА мяЧ,5,1291.47,208.53,CaNceLlED,"Задержка с доставкой, печалька...",2024-05-19,2179845143918068
2029956757375,30.05.2024 00:48,ДмиТрИЙ кУзнЕцов,+7 9433 26 07,4,пОдПИСКа на гаЗетУ,5,2462.81,537.19,compLetEd,спасибо за заказ,2024/05/21,5955438649024276
2029956757375,30.05.2024 00:48,ДмиТрИЙ кУзнЕцов,+7 9433 26 07,2,игРУШкА МяЧ,1,270.12,29.88,COMpLETED,спасибо за заказ,2024/05/21,5955438649024276
2029956756621,21.05.2024 00:43,анНА СМИРнОвА,+7 9907 89 97,1,КОРМ ДЛя сОбАк,1,414.95,85.05,complETeD,"Задержка с доставкой, печалька...",07.05.2024,1327965888887015
2029956756621,21.05.2024 00:43,анНА СМИРнОвА,+7 9907 89 97,5,моЛОкО,3,7227.78,1772.22,cOmpleTED,"Задержка с доставкой, печалька...",07.05.2024,1327965888887015
2029956756621,21.05.2024 00:43,анНА СМИРнОвА,+7 9907 89 97,1,КорМ ДЛя СобАк,2,841.82,158.18,coMplETeD,"Задержка с доставкой, печалька...",07.05.2024,1327965888887015
2029956756621,21.05.2024 00:43,анНА СМИРнОвА,+7 9907 89 97,4,ПоДпискА НА гАзету,5,2577.42,422.58,cOMPlETeD,"Задержка с доставкой, печалька...",07.05.2024,1327965888887015
2029956756621,21.05.2024 00:43,анНА СМИРнОвА,+7 9907 89 97,1,кОрм Для СоБаК,3,1308.88,191.12,CompLETeD,"Задержка с доставкой, печалька...",07.05.2024,1327965888887015
2029956755962,2024/05/11 19:00:33,ИВаН ИВАнОВ,8(9709) 56-56,3,АМуНИциЯ для собАК,1,1028.73,171.27,CAnCelleD,подарок вовремя,16.05.2024,7661611749343080
2029956755962,2024/05/11 19:00:33,ИВаН ИВАнОВ,8(9709) 56-56,4,пОДПискА НА ГазеТу,1,484.66,115.34,CaNCeLLEd,подарок вовремя,16.05.2024,7661611749343080
2029956754375,2024/05/02 04:34:03,мИХАИЛ ОРлОВ,8(9709) 01-48,5,мОЛоко,4,10087.18,1912.82,CANCeLlED,Нужно уточнить сроки,2024/05/04,8913947489687231
2029956754375,2024/05/02 04:34:03,мИХАИЛ ОРлОВ,8(9709) 01-48,5,молОКО,4,10875.19,1124.81,CANCELLEd,Нужно уточнить сроки,2024/05/04,8913947489687231
2029956754375,2024/05/02 04:34:03,мИХАИЛ ОРлОВ,8(9709) 01-48,5,мОлоКО,2,5411.84,588.16,CanCEllED,Нужно уточнить сроки,2024/05/04,8913947489687231
2029956753154,2024/05/03 05:34:05,мАРИЯ пеТровА,+7 9829 31 73,5,МолоКО,1,2864.66,135.34,COmpleTED,подарок вовремя,2024/05/25,9916730267918452
2029956753154,2024/05/03 05:34:05,мАРИЯ пеТровА,+7 9829 31 73,2,игРушКа мяч,5,1294.33,205.67,CompLeTeD,подарок вовремя,2024/05/25,9916730267918452
2029956753154,2024/05/03 05:34:05,мАРИЯ пеТровА,+7 9829 31 73,3,аМУНициЯ Для СобАк,4,4197.32,602.68,COmpLEtEd,подарок вовремя,2024/05/25,9916730267918452
2029956752214,2024/05/20 15:40:11,ДмитрИй куЗНеЦОв,+7 9000 79 31,1,корМ длЯ собак,2,875.83,124.17,pROCEssing,"Задержка с доставкой, печалька...",16.05.2024,2797209606388870
2029956752214,2024/05/20 15:40:11,ДмитрИй куЗНеЦОв,+7 9000 79 31,1,кОрМ ДЛЯ СОБаК,3,1424.78,75.22,PROcESsing,"Задержка с доставкой, печалька...",16.05.2024,2797209606388870
2029956752214,2024/05/20 15:40:11,ДмитрИй куЗНеЦОв,+7 9000 79 31,2,ИГрушКа МЯЧ,1,296.52,3.48,pRoCeSsInG,"Задержка с доставкой, печалька...",16.05.2024,2797209606388870
2029956752214,2024/05/20 15:40:11,ДмитрИй куЗНеЦОв,+7 9000 79 31,2,ИгРУШкА мЯч,5,1420.59,79.41,PrOCeSSINg,"Задержка с доставкой, печалька...",16.05.2024,2797209606388870
2029956752214,2024/05/20 15:40:11,ДмитрИй куЗНеЦОв,+7 9000 79 31,3,АМУНиция ДЛя СОБАк,5,5473.74,526.26,prOcesSinG,"Задержка с доставкой, печалька...",16.05.2024,2797209606388870
2029956751899,2024/05/01 10:11:27,сеРгей сиДорОВ,8(9130) 42-60,1,Корм ДЛя сОбАк,2,882.86,117.14,cANcELLED,Проверить наличие,2024-05-26,4127167451423737
2029956751899,2024/05/01 10:11:27,сеРгей сиДорОВ,8(9130) 42-60,4,ПОдпИСкА нА гАзЕтУ,2,1000.83,199.17,cAnceLlEd,Проверить наличие,2024-05-26,4127167451423737
2029956751899,2024/05/01 10:11:27,сеРгей сиДорОВ,8(9130) 42-60,5,мОлоКо,5,12526.97,2473.03,caNcEllEd,Проверить наличие,2024-05-26,4127167451423737
2029956750687,18.05.2024 15:56,аНнА СМиРноВА,+7(9556)53-40,3,АМУнИцИЯ ДлЯ сОбАК,1,1091.2,108.8,CAnCeLlED,Проверить наличие,2024-05-06,2089876941526225
2029956750687,18.05.2024 15:56,аНнА СМиРноВА,+7(9556)53-40,1,кОРМ ДЛЯ сОбАк,4,1851.81,148.19,CaNCElLeD,Проверить наличие,2024-05-06,2089876941526225
2029956749128,2024/05/21 18:07:34,СергЕЙ СИдороВ,+7 9203 78 26,2,ИГрУшКа Мяч,4,964.68,235.32,comPLEtEd,подарок вовремя,2024/05/07,1692985007573006
2029956749128,2024/05/21 18:07:34,СергЕЙ СИдороВ,+7 9203 78 26,5,МолокО,5,14217.96,782.04,cOmPlETeD,подарок вовремя,2024/05/07,1692985007573006
2029956749128,2024/05/21 18:07:34,СергЕЙ СИдороВ,+7 9203 78 26,1,кОРм дЛЯ СОбАк,5,2219.93,280.07,coMPlETed,подарок вовремя,2024/05/07,1692985007573006
2029956748770,2024-05-31 23:54:35,мИХаил оРЛоВ,+7 9318 09 73,2,ИГрУШКА мяЧ,5,1305.8,194.2,PROcessIng,Нужно уточнить сроки,2024-05-08,3477937489774741
2029956748770,2024-05-31 23:54:35,мИХаил оРЛоВ,+7 9318 09 73,3,аМУниЦИЯ ДЛЯ собак,5,5041.96,958.04,PrOCesSIng,Нужно уточнить сроки,2024-05-08,3477937489774741
2029956748770,2024-05-31 23:54:35,мИХаил оРЛоВ,+7 9318 09 73,4,ПОдПискА на ГАзЕту,2,1066.42,133.58,prOCeSsIng,Нужно уточнить сроки,2024-05-08,3477937489774741
2029956748770,2024-05-31 23:54:35,мИХаил оРЛоВ,+7 9318 09 73,2,ИГРуШКа МЯч,4,1192.84,7.16,PrOCesSinG,Нужно уточнить сроки,2024-05-08,3477937489774741
2029956748770,2024-05-31 23:54:35,мИХаил оРЛоВ,+7 9318 09 73,4,ПодПИСКа на ГАЗеТу,4,1948.65,451.35,pROceSSiNg,Нужно уточнить сроки,2024-05-08,3477937489774741
2029956747506,2024-05-20 05:36:20,АНна сМИрНОва,8(9089) 95-00,5,мОлоКО,5,14030.38,969.62,CanCELLeD,спасибо за заказ,08.05.2024,8962810764605705
2029956746949,2024/05/29 12:24:15,СЕРГЕй СИдорОВ,+7(9327)89-93,2,ИгРУШкА мяЧ,5,1452.64,47.36,CanCEllED,"Задержка с доставкой, печалька...",2024/05/29,7981210944145820
2029956746949,2024/05/29 12:24:15,СЕРГЕй СИдорОВ,+7(9327)89-93,1,кОРМ ДлЯ СОБаК,5,2481.25,18.75,cAncELlEd,"Задержка с доставкой, печалька...",2024/05/29,7981210944145820
2029956745922,2024-05-16 10:11:34,дмИТРий кузнЕЦОв,+7 9000 05 04,4,ПоДпИсКа на ГАЗЕТУ,5,2662.15,337.85,coMplETED,спасибо за заказ,2024-05-14,3160166655318380
2029956744576,30.05.2024 23:15,олЬгА куЗнЕЦовА,8(9098) 77-69,5,МОЛОко,4,11412.73,587.27,CAnCELLeD,подарок вовремя,2024-05-07,4760462492977193
2029956744576,30.05.2024 23:15,олЬгА куЗнЕЦовА,8(9098) 77-69,3,АмУНиЦИя ДЛЯ соБак,5,5368.67,631.33,canCElled,подарок вовремя,2024-05-07,4760462492977193
2029956744576,30.05.2024 23:15,олЬгА куЗнЕЦовА,8(9098) 77-69,3,АмуНИЦИЯ длЯ СОбАК,5,5429.37,570.63,cAncelLed,подарок вовремя,2024-05-07,4760462492977193
2029956743101,2024/05/30 23:50:32,мАриЯ пеТРова,+7(9737)77-19,5,моЛоко,5,13587.31,1412.69,PrOceSSIng,Нужно уточнить сроки,10.05.2024,3114391593526622
2029956742174,2024-05-12 22:16:48,нАТАльЯ Васильева,+7(9176)76-57,4,ПОдПиСкА на гАЗЕТУ,1,523.86,76.14,PROCESSing,"Задержка с доставкой, печалька...",31.05.2024,4271902509419109
2029956742174,2024-05-12 22:16:48,нАТАльЯ Васильева,+7(9176)76-57,3,АМУНИцИЯ ДлЯ соБаК,1,1068.09,131.91,proCessiNg,"Задержка с доставкой, печалька...",31.05.2024,4271902509419109
2029956741233,2024/05/08 16:07:37,АЛЕксей михайЛОВ,8(9758) 46-68,1,кОРм дЛЯ соБак,3,1287.53,212.47,cOmpLETeD,"Задержка с доставкой, печалька...",2024-05-29,4483798376676750
2029956741233,2024/05/08 16:07:37,АЛЕксей михайЛОВ,8(9758) 46-68,5,МОлОКо,4,10717.72,1282.28,ComPlETED,"Задержка с доставкой, печалька...",2024-05-29,4483798376676750
2029956741233,2024/05/08 16:07:37,АЛЕксей михайЛОВ,8(9758) 46-68,4,подпиСКа на ГАЗЕтУ,2,1112.85,87.15,COmplEtED,"Задержка с доставкой, печалька...",2024-05-29,4483798376676750
2029956741233,2024/05/08 16:07:37,АЛЕксей михайЛОВ,8(9758) 46-68,2,игрУШКА МЯч,5,1221.76,278.24,CoMpLetED,"Задержка с доставкой, печалька...",2024-05-29,4483798376676750
2029956741233,2024/05/08 16:07:37,АЛЕксей михайЛОВ,8(9758) 46-68,2,ИгРуШкА мЯЧ,2,500.97,99.03,COMPLETeD,"Задержка с доставкой, печалька...",2024-05-29,4483798376676750
2029956740132,12.05.2024 17:03,наТАлья ВАсилЬевА,+7(9510)05-13,1,КОрм ДлЯ СОБак,1,435.69,64.31,CompLEtED,Ждём с нетерпением!,30.05.2024,4428254792348700
2029956740132,12.05.2024 17:03,наТАлья ВАсилЬевА,+7(9510)05-13,3,АмУНИЦия ДЛя соБАк,5,5303.57,696.43,COmpleTED,Ждём с нетерпением!,30.05.2024,4428254792348700
2029956740132,12.05.2024 17:03,наТАлья ВАсилЬевА,+7(9510)05-13,4,ПОдПИскА нА гАзеТУ,4,2264.67,135.33,coMPlEtEd,Ждём с нетерпением!,30.05.2024,4428254792348700
2029956740132,12.05.2024 17:03,наТАлья ВАсилЬевА,+7(9510)05-13,4,поДпИСкА на газеТу,5,2819.92,180.08,cOMPLEted,Ждём с нетерпением!,30.05.2024,4428254792348700
2029956739839,2024-05-09 16:10:19,нАТаЛья Васильева,+7(9189)31-90,2,ИГрУШКа МЯч,3,847.94,52.06,cAnCeLlEd,Ждём с нетерпением!,2024/05/27,6554892311905350
2029956739839,2024-05-09 16:10:19,нАТаЛья Васильева,+7(9189)31-90,4,пОдписка НА ГАЗЕТУ,2,974.86,225.14,CaNceLLEd,Ждём с нетерпением!,2024/05/27,6554892311905350
2029956739839,2024-05-09 16:10:19,нАТаЛья Васильева,+7(9189)31-90,5,МОлоКо,5,14708.35,291.65,CanCElleD,Ждём с нетерпением!,2024/05/27,6554892311905350
2029956739839,2024-05-09 16:10:19,нАТаЛья Васильева,+7(9189)31-90,3,АмУНиЦИя ДЛЯ СОБАк,1,1097.97,102.03,CAnceLleD,Ждём с нетерпением!,2024/05/27,6554892311905350
2029956739839,2024-05-09 16:10:19,нАТаЛья Васильева,+7(9189)31-90,5,МОЛоко,3,8970.59,29.41,CaNcELLEd,Ждём с нетерпением!,2024/05/27,6554892311905350
2029956738702,2024/05/27 05:42:15,мАрИя петРОвА,+7(9871)96-63,1,КоРм для сОбАк,4,1792.01,207.99,CancELlEd,Всё отлично!,11.05.2024,5909671192600922
2029956737707,2024/05/08 19:11:16,дмИТРИЙ КУзНеЦОВ,8(9920) 04-29,5,МоЛоКО,3,8955.6,44.4,cOMpLetEd,Проверить наличие,04.05.2024,4982102104357293
2029956737707,2024/05/08 19:11:16,дмИТРИЙ КУзНеЦОВ,8(9920) 04-29,1,корМ Для СОБАк,3,1395.1,104.9,COMPlETed,Проверить наличие,04.05.2024,4982102104357293
2029956737707,2024/05/08 19:11:16,дмИТРИЙ КУзНеЦОВ,8(9920) 04-29,4,ПодпиСкА На гаЗеТу,3,1499.55,300.45,cOMpleted,Проверить наличие,04.05.2024,4982102104357293
2029956737707,2024/05/08 19:11:16,дмИТРИЙ КУзНеЦОВ,8(9920) 04-29,4,ПодписКА на гаЗЕтУ,4,2149.64,250.36,complEted,Проверить наличие,04.05.2024,4982102104357293
2029956737707,2024/05/08 19:11:16,дмИТРИЙ КУзНеЦОВ,8(9920) 04-29,4,ПОдПИскА на ГазЕту,4,2388.03,11.97,coMPlEted,Проверить наличие,04.05.2024,4982102104357293
2029956736381,2024-05-28 01:59:48,оЛьГа КузНецОвА,+7 9325 93 63,5,мОЛОКо,4,11077.02,922.98,coMPletEd,Проверить наличие,2024/05/15,7175177448769186
2029956736381,2024-05-28 01:59:48,оЛьГа КузНецОвА,+7 9325 93 63,2,ИгрушкА МяЧ,1,248.83,51.17,COmpLEtED,Проверить наличие,2024/05/15,7175177448769186
2029956736381,2024-05-28 01:59:48,оЛьГа КузНецОвА,+7 9325 93 63,2,ИГРушКА мЯЧ,3,779.3,120.7,COMpLetED,Проверить наличие,2024/05/15,7175177448769186
2029956736381,2024-05-28 01:59:48,оЛьГа КузНецОвА,+7 9325 93 63,1,кОРм дЛя СобаК,2,996.62,3.38,coMPleted,Проверить наличие,2024/05/15,7175177448769186
2029956736381,2024-05-28 01:59:48,оЛьГа КузНецОвА,+7 9325 93 63,3,АМУниция ДЛя Собак,5,5491.03,508.97,cOmpLEtEd,Проверить наличие,2024/05/15,7175177448769186
2029956991430,2024-05-08 01:24:10,анНа сМирНовА,+7 9918 25 33,3,АМУнИЦиЯ дЛя СОБАк,3,2936.15,663.85,caNCEllEd,Проверить наличие,06.05.2024,9820519821878740
2029956991430,2024-05-08 01:24:10,анНа сМирНовА,+7 9918 25 33,4,ПОДПИска нА гАзеТУ,4,2156.66,243.34,CancElLeD,Проверить наличие,06.05.2024,9820519821878740
2029956990451,2024/05/18 04:18:48,МИхаил оРЛов,+7 9382 76 78,4,пОдпискА нА ГАЗЕту,1,578.11,21.89,CANceLlED,подарок вовремя,08.05.2024,8034803134626056
2029956990451,2024/05/18 04:18:48,МИхаил оРЛов,+7 9382 76 78,4,поДписКА нА ГазеТу,4,1927.3,472.7,CanCEllEd,подарок вовремя,08.05.2024,8034803134626056
2029956990451,2024/05/18 04:18:48,МИхаил оРЛов,+7 9382 76 78,5,МоЛОКО,3,7560.92,1439.08,CaNcelLED,подарок вовремя,08.05.2024,8034803134626056
2029956990451,2024/05/18 04:18:48,МИхаил оРЛов,+7 9382 76 78,1,кОрМ дЛЯ собак,4,1644.43,355.57,CAnceLLeD,подарок вовремя,08.05.2024,8034803134626056
2029956990451,2024/05/18 04:18:48,МИхаил оРЛов,+7 9382 76 78,2,ИгрушКА мяч,1,294.87,5.13,CANCELLEd,подарок вовремя,08.05.2024,8034803134626056
2029956989417,14.05.2024 07:27,ОЛЬГА кузНЕЦовА,+7 9972 14 05,1,КОрм Для СОБАК,2,919.25,80.75,PrOCEsSInG,Проверить наличие,2024/05/29,3367769107919779
2029956989417,14.05.2024 07:27,ОЛЬГА кузНЕЦовА,+7 9972 14 05,1,коРм ДЛЯ СОБАК,5,2182.22,317.78,pROceSSiNg,Проверить наличие,2024/05/29,3367769107919779
2029956989417,14.05.2024 07:27,ОЛЬГА кузНЕЦовА,+7 9972 14 05,2,ИгрушКА мяЧ,3,826.28,73.72,PRoCESsING,Проверить наличие,2024/05/29,3367769107919779
2029956988829,2024/05/23 11:12:31,сеРгЕЙ СиДоРОВ,+7 9677 01 43,2,игрУшка Мяч,1,263.2,36.8,COmpLeTEd,"Задержка с доставкой, печалька...",2024/05/16,4296291038743387
2029956988829,2024/05/23 11:12:31,сеРгЕЙ СиДоРОВ,+7 9677 01 43,5,МОЛоКо,4,10904.11,1095.89,cOMPlEtEd,"Задержка с доставкой, печалька...",2024/05/16,4296291038743387
2029956988829,2024/05/23 11:12:31,сеРгЕЙ СиДоРОВ,+7 9677 01 43,5,мОЛоКо,1,2837.13,162.87,ComplEteD,"Задержка с доставкой, печалька...",2024/05/16,4296291038743387
2029956988829,2024/05/23 11:12:31,сеРгЕЙ СиДоРОВ,+7 9677 01 43,3,АмУнИЦия ДЛЯ соБАк,3,3440.57,159.43,COmPLeTED,"Задержка с доставкой, печалька...",2024/05/16,4296291038743387
2029956987861,2024/05/07 12:06:02,МиХАиЛ ОрЛоВ,+7 9525 86 46,3,АмУнИЦия ДлЯ соБАк,5,5016.34,983.66,cANcELLed,Проверить наличие,2024/05/20,5385099298209884
2029956987861,2024/05/07 12:06:02,МиХАиЛ ОрЛоВ,+7 9525 86 46,5,мОЛоКО,4,11186.16,813.84,caNcELlEd,Проверить наличие,2024/05/20,5385099298209884
2029956987861,2024/05/07 12:06:02,МиХАиЛ ОрЛоВ,+7 9525 86 46,4,ПодписКА нА ГазЕтУ,4,2038.34,361.66,cancelleD,Проверить наличие,2024/05/20,5385099298209884
2029956986101,2024/05/01 08:38:43,ДМИТРий КУЗНеЦОв,+7(9030)62-61,3,АМуНицИЯ для СобАК,2,2050.44,349.56,CanceLLeD,Нужно уточнить сроки,26.05.2024,0615040183964635
2029956986101,2024/05/01 08:38:43,ДМИТРий КУЗНеЦОв,+7(9030)62-61,1,Корм Для сОБак,2,913.75,86.25,caNCelLEd,Нужно уточнить сроки,26.05.2024,0615040183964635
2029956986101,2024/05/01 08:38:43,ДМИТРий КУЗНеЦОв,+7(9030)62-61,4,ПОДПиСка На ГАЗЕТУ,5,2495.68,504.32,canCeLlED,Нужно уточнить сроки,26.05.2024,0615040183964635
2029956986101,2024/05/01 08:38:43,ДМИТРий КУЗНеЦОв,+7(9030)62-61,2,ИгРУшкА МЯч,2,529.35,70.65,CaNcElLED,Нужно уточнить сроки,26.05.2024,0615040183964635
2029956985900,06.05.2024 23:06,мИХАИЛ ОрЛОв,+7 9443 15 01,3,аМУнИцИЯ ДЛЯ собак,4,3920.58,879.42,PrOcESsiNG,Ждём с нетерпением!,10.05.2024,2190481827070203
2029956985900,06.05.2024 23:06,мИХАИЛ ОрЛОв,+7 9443 15 01,2,ИгрУШкА МяЧ,1,259.45,40.55,pRocEsSINg,Ждём с нетерпением!,10.05.2024,2190481827070203
2029956984771,2024-05-02 20:06:49,ЕлЕНА НОвиКоВА,+7(9341)41-03,5,МОлоКО,2,5996.28,3.72,cOmPLETEd,Нужно уточнить сроки,23.05.2024,6193487171750678
2029956984771,2024-05-02 20:06:49,ЕлЕНА НОвиКоВА,+7(9341)41-03,3,аМуНиция дЛя СоБАк,4,4555.0,245.0,COMPLetED,Нужно уточнить сроки,23.05.2024,6193487171750678
2029956984771,2024-05-02 20:06:49,ЕлЕНА НОвиКоВА,+7(9341)41-03,4,поДпиСКА нА ГаЗЕту,1,539.15,60.85,COmPleTed,Нужно уточнить сроки,23.05.2024,6193487171750678
2029956984771,2024-05-02 20:06:49,ЕлЕНА НОвиКоВА,+7(9341)41-03,1,КОРм ДлЯ СОБаК,4,1634.96,365.04,COmPlEted,Нужно уточнить сроки,23.05.2024,6193487171750678
2029956983121,2024/05/21 04:00:58,АЛЕксЕй мИХайЛоВ,+7(9877)80-57,1,КОрМ ДЛя СОБАк,5,2450.21,49.79,ProcessiNG,Ждём с нетерпением!,10.05.2024,9020721436519390
2029956983121,2024/05/21 04:00:58,АЛЕксЕй мИХайЛоВ,+7(9877)80-57,2,иГРУШКа МЯЧ,5,1471.99,28.01,pROCEsSIng,Ждём с нетерпением!,10.05.2024,9020721436519390
2029956983121,2024/05/21 04:00:58,АЛЕксЕй мИХайЛоВ,+7(9877)80-57,4,подпИсКА На гАзЕту,2,1138.0,62.0,PRoCeSSInG,Ждём с нетерпением!,10.05.2024,9020721436519390
2029956983121,2024/05/21 04:00:58,АЛЕксЕй мИХайЛоВ,+7(9877)80-57,4,пОДПИСкА на ГазЕТу,4,1993.45,406.55,proCesSiNg,Ждём с нетерпением!,10.05.2024,9020721436519390
2029956983121,2024/05/21 04:00:58,АЛЕксЕй мИХайЛоВ,+7(9877)80-57,4,ПодпИска на ГаЗеТу,5,2855.33,144.67,proCESsINg,Ждём с нетерпением!,10.05.2024,9020721436519390
2029956982820,2024-05-06 02:17:04,АнНа сМирНОвА,+7(9320)29-97,1,КоРМ Для сОБак,1,421.17,78.83,comPletEd,Ждём с нетерпением!,2024/05/30,6932239972933909
2029956982820,2024-05-06 02:17:04,АнНа сМирНОвА,+7(9320)29-97,4,ПОДписКА на Газету,1,507.69,92.31,coMPLETED,Ждём с нетерпением!,2024/05/30,6932239972933909
2029956982820,2024-05-06 02:17:04,АнНа сМирНОвА,+7(9320)29-97,4,пОдпИСКА на ГАЗЕТу,3,1540.43,259.57,CompLeteD,Ждём с нетерпением!,2024/05/30,6932239972933909
2029956982820,2024-05-06 02:17:04,АнНа сМирНОвА,+7(9320)29-97,2,иГрушкА мяч,3,741.53,158.47,cOMplEted,Ждём с нетерпением!,2024/05/30,6932239972933909
2029956982820,2024-05-06 02:17:04,АнНа сМирНОвА,+7(9320)29-97,2,ИгрУШкА мяЧ,2,489.74,110.26,COmPlEtEd,Ждём с нетерпением!,2024/05/30,6932239972933909
2029956981608,2024/05/12 07:28:37,АЛЕКсЕЙ мИХАйЛоВ,+7(9713)68-02,1,корМ длЯ сОБаК,2,835.43,164.57,proCesSiNg,подарок вовремя,2024-05-17,8257198433851390
2029956981608,2024/05/12 07:28:37,АЛЕКсЕЙ мИХАйЛоВ,+7(9713)68-02,4,ПодПиска на ГАзеТу,1,574.7,25.3,procESSIng,подарок вовремя,2024-05-17,8257198433851390
2029956981608,2024/05/12 07:28:37,АЛЕКсЕЙ мИХАйЛоВ,+7(9713)68-02,4,ПОДпискА НА газеТу,2,1147.06,52.94,pRoCesSinG,подарок вовремя,2024-05-17,8257198433851390
2029956980524,2024-05-09 01:27:38,ОЛЬга кузНЕЦоВа,+7(9361)92-60,3,АМуНициЯ длЯ СОБаК,5,5120.18,879.82,COmpLeteD,Нужно уточнить сроки,2024-05-16,4357290517305708
2029956980524,2024-05-09 01:27:38,ОЛЬга кузНЕЦоВа,+7(9361)92-60,5,МОлокО,2,5890.22,109.78,ComPLETEd,Нужно уточнить сроки,2024-05-16,4357290517305708
2029956980524,2024-05-09 01:27:38,ОЛЬга кузНЕЦоВа,+7(9361)92-60,1,КОРМ дЛЯ сОБАк,2,867.82,132.18,CoMPlEteD,Нужно уточнить сроки,2024-05-16,4357290517305708
2029956980524,2024-05-09 01:27:38,ОЛЬга кузНЕЦоВа,+7(9361)92-60,1,коРМ для собак,1,491.81,8.19,CoMPLeTED,Нужно уточнить сроки,2024-05-16,4357290517305708
2029956980524,2024-05-09 01:27:38,ОЛЬга кузНЕЦоВа,+7(9361)92-60,5,МОЛОКО,2,5525.7,474.3,cOMPlEtEd,Нужно уточнить сроки,2024-05-16,4357290517305708
2029956979682,29.05.2024 05:48,ИвАН ИВаНОВ,+7 9119 70 15,5,МОЛоКо,3,7936.69,1063.31,cOMplEted,подарок вовремя,21.05.2024,7571822478523068
2029956979682,29.05.2024 05:48,ИвАН ИВаНОВ,+7 9119 70 15,1,КОрм ДЛя соБАК,4,1737.4,262.6,compLeTed,подарок вовремя,21.05.2024,7571822478523068
2029956979682,29.05.2024 05:48,ИвАН ИВаНОВ,+7 9119 70 15,1,коРм ДЛЯ СобаК,2,823.0,177.0,COmPLETeD,подарок вовремя,21.05.2024,7571822478523068
2029956979682,29.05.2024 05:48,ИвАН ИВаНОВ,+7 9119 70 15,3,АмУниЦия ДЛя сОбАк,3,3098.3,501.7,ComPLeTEd,подарок вовремя,21.05.2024,7571822478523068
2029956978105,2024/05/10 10:11:51,АлЕкСеЙ МИХАйлОв,8(9861) 09-50,4,поДПискА На газЕТУ,3,1605.48,194.52,canceLLEd,Нужно уточнить сроки,2024/05/17,7240265494873198
2029956977960,20.05.2024 00:16,ДмиТРИЙ КУЗНЕцоВ,+7 9041 23 96,3,аМУНИция ДЛя соБАК,4,4243.23,556.77,canCElled,"Задержка с доставкой, печалька...",2024/05/08,6018026158943568
2029956977960,20.05.2024 00:16,ДмиТРИЙ КУЗНЕцоВ,+7 9041 23 96,2,ИГРуШКА мяЧ,2,562.7,37.3,canCeLLeD,"Задержка с доставкой, печалька...",2024/05/08,6018026158943568
2029956977960,20.05.2024 00:16,ДмиТРИЙ КУЗНЕцоВ,+7 9041 23 96,4,ПодПиска НА газЕТу,5,2568.77,431.23,caNCELlED,"Задержка с доставкой, печалька...",2024/05/08,6018026158943568
2029956977960,20.05.2024 00:16,ДмиТРИЙ КУЗНЕцоВ,+7 9041 23 96,5,МоЛокО,1,2542.41,457.59,CAncelleD,"Задержка с доставкой, печалька...",2024/05/08,6018026158943568
2029956976272,2024-05-27 16:01:28,мИхАИл ОРлов,+7(9424)74-83,5,молОКО,1,2681.12,318.88,CAncelLeD,Ждём с нетерпением!,2024-05-11,1681609828444368
2029956976272,2024-05-27 16:01:28,мИхАИл ОРлов,+7(9424)74-83,3,АмуниЦиЯ ДЛя СобаК,5,5316.71,683.29,cAncEllEd,Ждём с нетерпением!,2024-05-11,1681609828444368
2029956976272,2024-05-27 16:01:28,мИхАИл ОРлов,+7(9424)74-83,2,иГруШка мЯч,3,873.73,26.27,CANCElled,Ждём с нетерпением!,2024-05-11,1681609828444368
2029956976272,2024-05-27 16:01:28,мИхАИл ОРлов,+7(9424)74-83,1,кОрм ДЛя СоБаК,2,929.09,70.91,CanCELLED,Ждём с нетерпением!,2024-05-11,1681609828444368
2029956975826,31.05.2024 16:50,миХАиЛ орЛоВ,+7(9681)04-39,2,ИгРУшка МяЧ,3,739.0,161.0,pROCeSsing,Всё отлично!,2024/05/09,1418013552866850
2029956975826,31.05.2024 16:50,миХАиЛ орЛоВ,+7(9681)04-39,1,КОРМ для СОБАК,1,400.96,99.04,PRocessing,Всё отлично!,2024/05/09,1418013552866850
2029956975826,31.05.2024 16:50,миХАиЛ орЛоВ,+7(9681)04-39,4,поДПИскА На гаЗеТу,2,1051.7,148.3,pROCesSIng,Всё отлично!,2024/05/09,1418013552866850
2029956975826,31.05.2024 16:50,миХАиЛ орЛоВ,+7(9681)04-39,2,игРушКа мЯч,2,516.79,83.21,PROcESSIng,Всё отлично!,2024/05/09,1418013552866850
2029956975826,31.05.2024 16:50,миХАиЛ орЛоВ,+7(9681)04-39,4,ПОДпИскА нА гАЗетУ,2,1130.46,69.54,PrOCeSsinG,Всё отлично!,2024/05/09,1418013552866850
2029956974248,04.05.2024 08:52,МИХаил орлов,+7(9880)79-38,1,кОРм ДлЯ сОбак,3,1444.97,55.03,ProCessiNG,Проверить наличие,2024-05-25,1019239289329390
2029956974248,04.05.2024 08:52,МИХаил орлов,+7(9880)79-38,5,мОлоко,2,5549.14,450.86,ProceSsiNG,Проверить наличие,2024-05-25,1019239289329390
2029956974248,04.05.2024 08:52,МИХаил орлов,+7(9880)79-38,5,МОлоко,4,10159.41,1840.59,PRocesSINg,Проверить наличие,2024-05-25,1019239289329390
2029956974248,04.05.2024 08:52,МИХаил орлов,+7(9880)79-38,1,кОрм ДЛя сОБаК,1,494.78,5.22,ProCESSIng,Проверить наличие,2024-05-25,1019239289329390
2029956974248,04.05.2024 08:52,МИХаил орлов,+7(9880)79-38,4,подпИСка На ГАЗЕТу,1,557.91,42.09,PRoceSSiNg,Проверить наличие,2024-05-25,1019239289329390
2029956973331,2024/05/06 22:20:48,ИВАН ИВанОВ,+7(9083)42-63,5,мОЛОкО,1,2915.78,84.22,CAnCeLLed,спасибо за заказ,2024/05/01,3760396888686727
2029956972988,2024-05-03 20:35:16,АЛекСЕЙ МиХайлоВ,8(9274) 97-73,4,ПодПиСкА на гаЗетУ,3,1446.92,353.08,coMplETeD,Ждём с нетерпением!,2024/05/15,0144797903376460
2029956972988,2024-05-03 20:35:16,АЛекСЕЙ МиХайлоВ,8(9274) 97-73,1,коРМ дЛя СобаК,3,1458.53,41.47,comPlETed,Ждём с нетерпением!,2024/05/15,0144797903376460
2029956972988,2024-05-03 20:35:16,АЛекСЕЙ МиХайлоВ,8(9274) 97-73,4,ПОДпИска На ГаЗеТУ,2,1125.85,74.15,coMPLeteD,Ждём с нетерпением!,2024/05/15,0144797903376460
2029956971323,08.05.2024 12:09,натАЛьЯ ВАСилЬЕва,+7 9459 73 28,1,кОРМ Для СОбАк,5,2082.53,417.47,ProcEsSING,"Задержка с доставкой, печалька...",2024/05/17,1904811039595174
2029956971323,08.05.2024 12:09,натАЛьЯ ВАСилЬЕва,+7 9459 73 28,3,АмУниЦИЯ ДлЯ Собак,2,2330.0,70.0,PrOcessiNg,"Задержка с доставкой, печалька...",2024/05/17,1904811039595174
2029956971323,08.05.2024 12:09,натАЛьЯ ВАСилЬЕва,+7 9459 73 28,2,ИгРуШка мЯч,2,565.5,34.5,pRoCEssIng,"Задержка с доставкой, печалька...",2024/05/17,1904811039595174
2029956971323,08.05.2024 12:09,натАЛьЯ ВАСилЬЕва,+7 9459 73 28,4,ПоДпИСКа На ГАзЕТУ,1,546.21,53.79,proceSSinG,"Задержка с доставкой, печалька...",2024/05/17,1904811039595174
2029956971323,08.05.2024 12:09,натАЛьЯ ВАСилЬЕва,+7 9459 73 28,1,КоРМ ДЛЯ СОБак,3,1286.9,213.1,PROCesSIng,"Задержка с доставкой, печалька...",2024/05/17,1904811039595174
2029956970768,2024/05/18 19:28:31,дМитРий КуЗНЕЦОВ,+7 9186 00 48,4,поДПИскА нА ГаЗеТу,4,2025.98,374.02,caNceLlED,Проверить наличие,2024/05/12,1110652875717807
2029956970768,2024/05/18 19:28:31,дМитРий КуЗНЕЦОВ,+7 9186 00 48,4,поДПиСКа На ГАзету,3,1547.06,252.94,CAnCelLed,Проверить наличие,2024/05/12,1110652875717807
2029956969692,2024/05/30 22:28:33,оЛьГА кУЗНЕцОВА,+7 9661 99 80,2,ИгРУшКа МЯч,2,484.82,115.18,COMPLETEd,Нужно уточнить сроки,2024-05-29,8687910770048003
2029956968303,2024/05/13 02:13:57,мАРия пЕТрОВА,+7 9800 03 05,1,корм ДЛЯ СОбАК,3,1291.91,208.09,pROcessInG,Нужно уточнить сроки,2024/05/15,6485789456180083
2029956968303,2024/05/13 02:13:57,мАРия пЕТрОВА,+7 9800 03 05,3,АмУницИЯ Для СОБАК,1,1163.27,36.73,PROCESsinG,Нужно уточнить сроки,2024/05/15,6485789456180083
2029956968303,2024/05/13 02:13:57,мАРия пЕТрОВА,+7 9800 03 05,2,ИГрУшКА мЯч,1,274.89,25.11,pRocessInG,Нужно уточнить сроки,2024/05/15,6485789456180083
2029956967164,2024/05/15 02:32:21,СЕРгЕЙ СиДоров,8(9637) 24-10,5,моЛоКО,2,5630.31,369.69,cAnCeLleD,Проверить наличие,2024-05-19,9830902700349903
2029956967164,2024/05/15 02:32:21,СЕРгЕЙ СиДоров,8(9637) 24-10,5,МоЛоКо,4,10457.46,1542.54,caNcelLED,Проверить наличие,2024-05-19,9830902700349903
2029956967164,2024/05/15 02:32:21,СЕРгЕЙ СиДоров,8(9637) 24-10,4,ПоДПИСКА НА гаЗеТУ,2,1153.21,46.79,CancelLeD,Проверить наличие,2024-05-19,9830902700349903
2029956967164,2024/05/15 02:32:21,СЕРгЕЙ СиДоров,8(9637) 24-10,4,пОДПИскА На ГАзету,2,1094.85,105.15,CanCElLED,Проверить наличие,2024-05-19,9830902700349903
2029956966942,2024-05-17 17:18:51,ДМитрИй КуЗнЕцов,+7(9263)71-22,5,МОлОКо,4,10075.63,1924.37,CAncELled,Всё отлично!,2024/05/02,6132705652460658
2029956966942,2024-05-17 17:18:51,ДМитрИй КуЗнЕцов,+7(9263)71-22,3,амуНИцИя для СОБАК,2,2345.29,54.71,canceLLed,Всё отлично!,2024/05/02,6132705652460658
2029956965800,04.05.2024 20:26,МаРия петроВа,+7 9014 13 21,2,ИгРуШкА мЯч,2,507.41,92.59,CompLetED,"Задержка с доставкой, печалька...",2024-05-01,1922634304590854
2029956965800,04.05.2024 20:26,МаРия петроВа,+7 9014 13 21,4,подПисКА НА гаЗеТу,2,978.78,221.22,coMPlEted,"Задержка с доставкой, печалька...",2024-05-01,1922634304590854
2029956965800,04.05.2024 20:26,МаРия петроВа,+7 9014 13 21,4,подпИСКА на гаЗеТУ,5,2921.08,78.92,CoMpletED,"Задержка с доставкой, печалька...",2024-05-01,1922634304590854
2029956965800,04.05.2024 20:26,МаРия петроВа,+7 9014 13 21,1,коРМ длЯ собАк,2,838.8,161.2,coMpLeteD,"Задержка с доставкой, печалька...",2024-05-01,1922634304590854
2029956965800,04.05.2024 20:26,МаРия петроВа,+7 9014 13 21,5,МоЛоко,1,2411.56,588.44,completED,"Задержка с доставкой, печалька...",2024-05-01,1922634304590854
2029956964570,2024/05/09 10:51:50,МИХаил ОрлоВ,+7(9831)68-13,5,молОКо,4,10920.46,1079.54,PROCESSINg,Проверить наличие,2024-05-16,8207558526625784
2029956964570,2024/05/09 10:51:50,МИХаил ОрлоВ,+7(9831)68-13,4,пОДПИСКа НА ГАзЕту,3,1693.49,106.51,proCEsSing,Проверить наличие,2024-05-16,8207558526625784
2029956964570,2024/05/09 10:51:50,МИХаил ОрлоВ,+7(9831)68-13,1,Корм длЯ соБаК,3,1457.52,42.48,PRoCeSSIng,Проверить наличие,2024-05-16,8207558526625784
2029956963845,2024/05/30 00:10:21,анНа СМИРНОвА,+7 9622 66 03,5,мОлоко,5,14511.79,488.21,coMPletED,Проверить наличие,2024-05-17,6155081532962996
2029956963845,2024/05/30 00:10:21,анНа СМИРНОвА,+7 9622 66 03,2,ИГРуШкА МЯЧ,3,744.82,155.18,COMPLeteD,Проверить наличие,2024-05-17,6155081532962996
2029956963845,2024/05/30 00:10:21,анНа СМИРНОвА,+7 9622 66 03,4,ПодПИСка нА ГазЕтУ,1,495.74,104.26,cOMPLetEd,Проверить наличие,2024-05-17,6155081532962996
2029956963845,2024/05/30 00:10:21,анНа СМИРНОвА,+7 9622 66 03,2,ИГРУшКа Мяч,2,553.26,46.74,cOmpleted,Проверить наличие,2024-05-17,6155081532962996
2029956962673,18.05.2024 10:41,анНА сМИРнОВа,8(9991) 93-99,3,АМУНиЦия Для сОбак,4,4439.42,360.58,CaNcElLed,Проверить наличие,27.05.2024,6310154569964550
2029956962673,18.05.2024 10:41,анНА сМИРнОВа,8(9991) 93-99,2,ИГруШка мЯЧ,5,1310.72,189.28,cAnCElLed,Проверить наличие,27.05.2024,6310154569964550
2029956962673,18.05.2024 10:41,анНА сМИРнОВа,8(9991) 93-99,2,игРУшка мяЧ,5,1442.22,57.78,CanCELlED,Проверить наличие,27.05.2024,6310154569964550
2029956962673,18.05.2024 10:41,анНА сМИРнОВа,8(9991) 93-99,3,АМуниЦИя дЛЯ СОбак,2,2188.94,211.06,CanceLLEd,Проверить наличие,27.05.2024,6310154569964550
2029956961749,2024/05/02 19:19:29,ОЛЬГА кузнЕцОва,+7(9505)10-02,3,аМуНИЦиЯ для Собак,4,4140.5,659.5,cOmPLEtEd,Всё отлично!,2024/05/13,2398306657337607
2029956961749,2024/05/02 19:19:29,ОЛЬГА кузнЕцОва,+7(9505)10-02,2,ИгРУшКА МяЧ,4,1073.17,126.83,cOMPleTEd,Всё отлично!,2024/05/13,2398306657337607
2029956961749,2024/05/02 19:19:29,ОЛЬГА кузнЕцОва,+7(9505)10-02,4,ПОдпИсКа на ГаЗеТу,1,510.4,89.6,coMPlEtEd,Всё отлично!,2024/05/13,2398306657337607
2029956960734,04.05.2024 21:34,маРИя ПеТрОВА,+7 9841 98 10,3,амУнИЦия дЛЯ СОбАК,5,5673.24,326.76,canCELled,Всё отлично!,2024/05/12,2469747910373587
2029956960734,04.05.2024 21:34,маРИя ПеТрОВА,+7 9841 98 10,5,МоЛоКО,2,5784.52,215.48,canceLLed,Всё отлично!,2024/05/12,2469747910373587
2029956960734,04.05.2024 21:34,маРИя ПеТрОВА,+7 9841 98 10,3,АмУнИЦиЯ дЛя сОБаК,5,5235.55,764.45,caNcELlEd,Всё отлично!,2024/05/12,2469747910373587
2029956959615,2024-05-16 17:17:27,алЕксЕй МиХаЙЛов,+7 9665 18 43,5,моЛОКО,1,2928.2,71.8,COMpletEd,подарок вовремя,2024-05-04,6732097324499068
2029956959615,2024-05-16 17:17:27,алЕксЕй МиХаЙЛов,+7 9665 18 43,2,ИгрушкА Мяч,4,1020.52,179.48,cOmpleTeD,подарок вовремя,2024-05-04,6732097324499068
2029956958197,05.05.2024 19:58,АлЕксЕЙ миХАйЛов,+7 9070 09 69,5,мОЛОкО,1,2972.03,27.97,CaNCeLLED,Ждём с нетерпением!,2024/05/29,7338559371782460
2029956958197,05.05.2024 19:58,АлЕксЕЙ миХАйЛов,+7 9070 09 69,1,КОРМ Для соБАк,5,2493.73,6.27,CaNCELlED,Ждём с нетерпением!,2024/05/29,7338559371782460
2029956958197,05.05.2024 19:58,АлЕксЕЙ миХАйЛов,+7 9070 09 69,3,аМУНициЯ Для сОбаК,1,1009.88,190.12,cANCELlED,Ждём с нетерпением!,2024/05/29,7338559371782460
2029956958197,05.05.2024 19:58,АлЕксЕЙ миХАйЛов,+7 9070 09 69,5,мОЛОко,1,2917.5,82.5,cANceLled,Ждём с нетерпением!,2024/05/29,7338559371782460
2029956957293,2024/05/09 14:03:27,ЕлеНА новикОВА,+7(9579)85-43,4,пОдПИсКА НА газЕтУ,4,1955.62,444.38,cOMpLEteD,Проверить наличие,06.05.2024,1912365369451883
2029956956963,2024/05/10 03:44:49,ДМИтРиЙ куЗНецОв,+7(9452)15-57,4,поДпИСКА На ГАзЕту,5,2871.68,128.32,compLETed,Нужно уточнить сроки,01.05.2024,8086305089650567
2029956956963,2024/05/10 03:44:49,ДМИтРиЙ куЗНецОв,+7(9452)15-57,1,кОрМ ДЛЯ соБаК,5,2451.58,48.42,completED,Нужно уточнить сроки,01.05.2024,8086305089650567
2029956956963,2024/05/10 03:44:49,ДМИтРиЙ куЗНецОв,+7(9452)15-57,2,игРУшКА мяЧ,3,850.79,49.21,coMPlETed,Нужно уточнить сроки,01.05.2024,8086305089650567
2029956956963,2024/05/10 03:44:49,ДМИтРиЙ куЗНецОв,+7(9452)15-57,3,амУНИЦИЯ ДЛя сОбАК,3,3516.3,83.7,CoMpLeTed,Нужно уточнить сроки,01.05.2024,8086305089650567
2029956955727,08.05.2024 21:56,СеРгЕй сидоРоВ,8(9462) 93-89,2,ИгРУШкА мяч,1,295.36,4.64,PrOcESSiNg,Ждём с нетерпением!,19.05.2024,9327486355063486
2029956954128,2024-05-31 07:07:25,иваН ИвАнОв,+7(9984)92-23,5,моЛОко,3,8633.75,366.25,pRocEssInG,Нужно уточнить сроки,2024-05-09,9705389951859535
2029956954128,2024-05-31 07:07:25,иваН ИвАнОв,+7(9984)92-23,5,МолоКО,2,4848.28,1151.72,PrOcesSING,Нужно уточнить сроки,2024-05-09,9705389951859535
2029956954128,2024-05-31 07:07:25,иваН ИвАнОв,+7(9984)92-23,5,МоЛОкО,1,2712.18,287.82,PRoCEssInG,Нужно уточнить сроки,2024-05-09,9705389951859535
2029956954128,2024-05-31 07:07:25,иваН ИвАнОв,+7(9984)92-23,2,иГрушКА мЯч,4,1021.84,178.16,proCesSiNg,Нужно уточнить сроки,2024-05-09,9705389951859535
2029956954128,2024-05-31 07:07:25,иваН ИвАнОв,+7(9984)92-23,3,АМунИцИя для соБак,2,1968.03,431.97,PRoCesSiNG,Нужно уточнить сроки,2024-05-09,9705389951859535
2029956953569,2024-05-02 07:09:29,сЕРгЕй сиДОРов,8(9075) 81-31,1,КоРм Для сОБАК,3,1305.71,194.29,cOMpletEd,Ждём с нетерпением!,2024-05-27,2846726739561058
2029956953569,2024-05-02 07:09:29,сЕРгЕй сиДОРов,8(9075) 81-31,4,пОДписка На гаЗеТУ,2,1041.55,158.45,comPLeTeD,Ждём с нетерпением!,2024-05-27,2846726739561058
2029956952718,2024-05-23 18:11:29,АнНа сМИРнОВА,8(9058) 03-72,3,АМуНиЦИя дЛя СоБак,2,2321.42,78.58,PROcESsING,Всё отлично!,2024-05-09,4189570287092360
2029956952718,2024-05-23 18:11:29,АнНа сМИРнОВА,8(9058) 03-72,5,МолОкО,1,2982.97,17.03,proCESsinG,Всё отлично!,2024-05-09,4189570287092360
2029956951432,01.05.2024 15:37,МИХаиЛ ОРлОВ,8(9462) 56-42,4,ПОДпиСкА на ГаЗеТУ,1,489.59,110.41,COmpLEtED,"Задержка с доставкой, печалька...",09.05.2024,4568305450731322
2029956951432,01.05.2024 15:37,МИХаиЛ ОРлОВ,8(9462) 56-42,1,КОрМ ДЛЯ СОБАк,4,1817.71,182.29,CoMPLeTED,"Задержка с доставкой, печалька...",09.05.2024,4568305450731322
2029956951432,01.05.2024 15:37,МИХаиЛ ОРлОВ,8(9462) 56-42,2,ИгРУшКа Мяч,3,873.97,26.03,coMpLeteD,"Задержка с доставкой, печалька...",09.05.2024,4568305450731322
2029956951432,01.05.2024 15:37,МИХаиЛ ОРлОВ,8(9462) 56-42,4,ПоДпИсКА нА ГазЕТу,3,1769.87,30.13,COmpLETed,"Задержка с доставкой, печалька...",09.05.2024,4568305450731322
2029956950860,30.05.2024 02:53,оЛьГА куЗНЕЦова,+7 9583 45 03,2,ИГРУШкА Мяч,5,1248.2,251.8,proCESsInG,Всё отлично!,2024-05-29,4982755976983083
2029956950860,30.05.2024 02:53,оЛьГА куЗНЕЦова,+7 9583 45 03,4,ПодПИска нА ГАЗету,4,2180.98,219.02,PROceSSiNg,Всё отлично!,2024-05-29,4982755976983083
2029956950860,30.05.2024 02:53,оЛьГА куЗНЕЦова,+7 9583 45 03,4,ПодПисКа На ГАЗеТУ,2,1070.08,129.92,procESsing,Всё отлично!,2024-05-29,4982755976983083
2029956950860,30.05.2024 02:53,оЛьГА куЗНЕЦова,+7 9583 45 03,2,ИГрУшКА мЯч,1,285.44,14.56,PRoCeSsInG,Всё отлично!,2024-05-29,4982755976983083
2029956949471,15.05.2024 01:34,МИХАИЛ ОрлоВ,+7(9324)96-08,2,ИгрушКА мяЧ,5,1408.87,91.13,CoMpLETed,"Задержка с доставкой, печалька...",2024-05-26,3137659440099120
2029956948470,2024-05-11 14:21:42,олЬга КузнЕЦОва,8(9766) 02-36,4,ПОДПИсКА на гаЗЕту,4,2165.97,234.03,COMpLEtEd,Нужно уточнить сроки,2024/05/20,7278053059058675
2029956948470,2024-05-11 14:21:42,олЬга КузнЕЦОва,8(9766) 02-36,5,моЛОКо,1,2771.58,228.42,cOmPLetED,Нужно уточнить сроки,2024/05/20,7278053059058675
2029956948470,2024-05-11 14:21:42,олЬга КузнЕЦОва,8(9766) 02-36,1,кОрм дЛя соБАк,2,866.36,133.64,cOMPLETEd,Нужно уточнить сроки,2024/05/20,7278053059058675
2029956948470,2024-05-11 14:21:42,олЬга КузнЕЦОва,8(9766) 02-36,1,кОРМ ДЛЯ соБАК,5,2384.05,115.95,coMplEtEd,Нужно уточнить сроки,2024/05/20,7278053059058675
2029956948470,2024-05-11 14:21:42,олЬга КузнЕЦОва,8(9766) 02-36,5,МоЛОКо,3,8466.07,533.93,ComplETEd,Нужно уточнить сроки,2024/05/20,7278053059058675
2029956947865,03.05.2024 20:20,мАРИя ПеТровА,8(9878) 81-46,4,пОДпИска На гаЗЕтУ,3,1769.08,30.92,CanCeLLEd,"Задержка с доставкой, печалька...",2024/05/29,4105801184756309
2029956947865,03.05.2024 20:20,мАРИя ПеТровА,8(9878) 81-46,5,молОКО,1,2873.09,126.91,cANcElLed,"Задержка с доставкой, печалька...",2024/05/29,4105801184756309
2029956947865,03.05.2024 20:20,мАРИя ПеТровА,8(9878) 81-46,4,поДПИСка нА газЕТу,3,1704.22,95.78,CANcElLed,"Задержка с доставкой, печалька...",2024/05/29,4105801184756309
2029956946577,2024/05/01 16:35:00,ЕлЕнА новиковА,8(9604) 62-94,3,аМунИЦия дЛЯ соБак,2,2303.34,96.66,ComPlEtED,Нужно уточнить сроки,2024/05/08,8438821388484866
2029956946577,2024/05/01 16:35:00,ЕлЕнА новиковА,8(9604) 62-94,2,игрушКа МЯч,3,734.19,165.81,cOmPlETed,Нужно уточнить сроки,2024/05/08,8438821388484866
2029956946577,2024/05/01 16:35:00,ЕлЕнА новиковА,8(9604) 62-94,3,амунИцИЯ ДЛЯ СобАк,3,3454.77,145.23,complETEd,Нужно уточнить сроки,2024/05/08,8438821388484866
2029956946577,2024/05/01 16:35:00,ЕлЕнА новиковА,8(9604) 62-94,2,игРушкА МЯч,5,1262.18,237.82,CoMplETEd,Нужно уточнить сроки,2024/05/08,8438821388484866
2029956945258,2024-05-11 16:31:44,ЕЛенА нОВИКова,+7 9872 06 68,1,КОРМ дЛЯ сОБак,4,1904.61,95.39,CaNcelLEd,Ждём с нетерпением!,2024/05/03,0013755185104933
2029956945258,2024-05-11 16:31:44,ЕЛенА нОВИКова,+7 9872 06 68,5,МолоКО,2,5439.84,560.16,CaNCELLED,Ждём с нетерпением!,2024/05/03,0013755185104933
2029956945258,2024-05-11 16:31:44,ЕЛенА нОВИКова,+7 9872 06 68,1,КоРМ ДЛя СОбаК,2,860.46,139.54,cANcellEd,Ждём с нетерпением!,2024/05/03,0013755185104933
2029956945258,2024-05-11 16:31:44,ЕЛенА нОВИКова,+7 9872 06 68,3,аМуниЦия ДлЯ СобАК,1,1045.03,154.97,CanCellEd,Ждём с нетерпением!,2024/05/03,0013755185104933
2029956945258,2024-05-11 16:31:44,ЕЛенА нОВИКова,+7 9872 06 68,3,амуНиция дЛя собАК,4,4193.75,606.25,CancELleD,Ждём с нетерпением!,2024/05/03,0013755185104933
2029956944876,04.05.2024 14:22,миХаИЛ орлОВ,8(9057) 54-19,3,аМунИцИЯ ДЛя СОбак,3,3481.12,118.88,canCeLLed,"Задержка с доставкой, печалька...",2024/05/05,7216867176280839
2029956944876,04.05.2024 14:22,миХаИЛ орлОВ,8(9057) 54-19,2,ИГРУШкА МЯЧ,4,1085.32,114.68,cancELLed,"Задержка с доставкой, печалька...",2024/05/05,7216867176280839
2029956944876,04.05.2024 14:22,миХаИЛ орлОВ,8(9057) 54-19,4,ПОдпИСКа нА газеТУ,3,1521.82,278.18,CancelleD,"Задержка с доставкой, печалька...",2024/05/05,7216867176280839
2029956944876,04.05.2024 14:22,миХаИЛ орлОВ,8(9057) 54-19,3,аМУНиЦиЯ дЛЯ сОБаК,4,4212.96,587.04,cAnCELlEd,"Задержка с доставкой, печалька...",2024/05/05,7216867176280839
2029956943172,2024/05/10 14:06:05,ОЛьгА кузнЕЦОва,+7(9085)13-02,4,пОдписка На ГазЕтУ,4,2092.52,307.48,prOCessIng,Нужно уточнить сроки,2024/05/01,7527949046956876
2029956943172,2024/05/10 14:06:05,ОЛьгА кузнЕЦОва,+7(9085)13-02,1,КоРМ ДЛя СоБАК,4,1911.52,88.48,prOcESSiNG,Нужно уточнить сроки,2024/05/01,7527949046956876
2029956943172,2024/05/10 14:06:05,ОЛьгА кузнЕЦОва,+7(9085)13-02,3,АмуНИЦИЯ ДЛЯ сОбак,2,2197.86,202.14,ProCEsSING,Нужно уточнить сроки,2024/05/01,7527949046956876
2029956942417,2024/05/21 13:51:35,дмитрИй кУЗНеЦОв,8(9442) 31-85,3,АМУНИция длЯ СОБАк,1,1195.39,4.61,ProceSsinG,Проверить наличие,2024-05-15,2543468855478898
2029956942417,2024/05/21 13:51:35,дмитрИй кУЗНеЦОв,8(9442) 31-85,4,подпИСкА На ГАЗЕту,4,2126.06,273.94,pRocEsSinG,Проверить наличие,2024-05-15,2543468855478898
2029956942417,2024/05/21 13:51:35,дмитрИй кУЗНеЦОв,8(9442) 31-85,1,коРм ДлЯ СОБАК,4,1620.32,379.68,PRocessIng,Проверить наличие,2024-05-15,2543468855478898
2029956942417,2024/05/21 13:51:35,дмитрИй кУЗНеЦОв,8(9442) 31-85,5,МОлоКо,3,7245.67,1754.33,ProcEsSING,Проверить наличие,2024-05-15,2543468855478898
2029956942417,2024/05/21 13:51:35,дмитрИй кУЗНеЦОв,8(9442) 31-85,5,МолОко,1,2675.48,324.52,pROCeSsiNg,Проверить наличие,2024-05-15,2543468855478898
2029956941457,25.05.2024 23:19,нАтАлЬя ВаСИЛьЕвА,+7 9416 00 08,4,ПоДпИскА На гАзЕТу,5,2867.55,132.45,pRoCESsinG,Нужно уточнить сроки,10.05.2024,4557568338971402
2029956941457,25.05.2024 23:19,нАтАлЬя ВаСИЛьЕвА,+7 9416 00 08,5,мОлоКО,4,11596.32,403.68,PROCESsiNg,Нужно уточнить сроки,10.05.2024,4557568338971402
2029956941457,25.05.2024 23:19,нАтАлЬя ВаСИЛьЕвА,+7 9416 00 08,1,КОРМ дЛя СОБАк,1,471.44,28.56,PRoCesSINg,Нужно уточнить сроки,10.05.2024,4557568338971402
2029956941457,25.05.2024 23:19,нАтАлЬя ВаСИЛьЕвА,+7 9416 00 08,2,ИГрУшка мЯЧ,2,555.9,44.1,PRoceSSIng,Нужно уточнить сроки,10.05.2024,4557568338971402
2029956940763,04.05.2024 09:37,АлекСей михАЙЛОВ,+7(9289)08-78,1,КОРм Для сОбАК,4,1775.17,224.83,prOCEsSiNG,спасибо за заказ,25.05.2024,2108169222813129
2029956940763,04.05.2024 09:37,АлекСей михАЙЛОВ,+7(9289)08-78,3,аМУнИЦия дЛя СОбак,4,3909.96,890.04,prOCeSSIng,спасибо за заказ,25.05.2024,2108169222813129
2029956940763,04.05.2024 09:37,АлекСей михАЙЛОВ,+7(9289)08-78,4,ПОдпиСКа на ГаЗету,3,1741.81,58.19,prOcEsSiNG,спасибо за заказ,25.05.2024,2108169222813129
2029956940763,04.05.2024 09:37,АлекСей михАЙЛОВ,+7(9289)08-78,1,КОрМ для СОБАК,1,494.67,5.33,PROcesSINg,спасибо за заказ,25.05.2024,2108169222813129
2029956939913,2024/05/25 02:25:00,мАРИЯ пеТровА,+7(9027)96-23,5,МОЛоКО,2,5202.03,797.97,caNcELlEd,Всё отлично!,2024-05-22,9982662851313118
2029956939913,2024/05/25 02:25:00,мАРИЯ пеТровА,+7(9027)96-23,3,амуницИя дЛЯ СоБак,5,5337.89,662.11,caNCELleD,Всё отлично!,2024-05-22,9982662851313118
2029956938404,04.05.2024 15:16,ДмиТрИй КУЗНЕЦов,+7 9169 11 93,2,игрушКА мЯЧ,1,261.31,38.69,CoMpleTed,Ждём с нетерпением!,26.05.2024,7349845308557298
2029956938404,04.05.2024 15:16,ДмиТрИй КУЗНЕЦов,+7 9169 11 93,1,кОрМ дЛя соБАк,1,453.98,46.02,CoMplETEd,Ждём с нетерпением!,26.05.2024,7349845308557298
2029956937460,2024/05/29 05:45:04,ИваН ИваНоВ,8(9005) 90-40,3,АМуниция для собАК,4,3895.25,904.75,pRocesSing,Нужно уточнить сроки,2024-05-17,5190903636264628
2029956937460,2024/05/29 05:45:04,ИваН ИваНоВ,8(9005) 90-40,1,кОРм Для СОбаК,4,1684.95,315.05,proCeSSING,Нужно уточнить сроки,2024-05-17,5190903636264628
2029956937460,2024/05/29 05:45:04,ИваН ИваНоВ,8(9005) 90-40,5,МолОКО,5,14211.83,788.17,PrOcessiNG,Нужно уточнить сроки,2024-05-17,5190903636264628
2029956937460,2024/05/29 05:45:04,ИваН ИваНоВ,8(9005) 90-40,5,МОЛоко,1,2825.07,174.93,pRoceSsING,Нужно уточнить сроки,2024-05-17,5190903636264628
2029956936359,2024/05/15 20:22:25,дмИтРИЙ КуЗнЕЦов,+7 9891 90 07,2,игРУшка мяЧ,2,595.87,4.13,prOceSSINg,подарок вовремя,2024/05/09,8117259060062641
2029956936359,2024/05/15 20:22:25,дмИтРИЙ КуЗнЕЦов,+7 9891 90 07,5,мОлОко,5,13845.07,1154.93,pROceSsIng,подарок вовремя,2024/05/09,8117259060062641
2029956936359,2024/05/15 20:22:25,дмИтРИЙ КуЗнЕЦов,+7 9891 90 07,4,пОДпИска нА ГаЗеТу,2,962.7,237.3,pROCeSSING,подарок вовремя,2024/05/09,8117259060062641
2029956936359,2024/05/15 20:22:25,дмИтРИЙ КуЗнЕЦов,+7 9891 90 07,2,иГРушКа МЯч,2,597.64,2.36,PRocEsSiNg,подарок вовремя,2024/05/09,8117259060062641
2029956936359,2024/05/15 20:22:25,дмИтРИЙ КуЗнЕЦов,+7 9891 90 07,4,ПОДПиСКА нА ГаЗету,3,1565.59,234.41,PRocessiNG,подарок вовремя,2024/05/09,8117259060062641
2029956935492,2024-05-10 10:37:57,Анна сМиРНовА,8(9944) 00-35,3,аМуНИЦИЯ длЯ СобаК,5,4856.85,1143.15,CaNCELLed,Проверить наличие,2024-05-14,0300012886989263
2029956935492,2024-05-10 10:37:57,Анна сМиРНовА,8(9944) 00-35,3,аМУницИЯ длЯ СоБАК,3,3216.02,383.98,CanCELleD,Проверить наличие,2024-05-14,0300012886989263
2029956935492,2024-05-10 10:37:57,Анна сМиРНовА,8(9944) 00-35,1,коРМ для СоБАК,4,1767.74,232.26,CANCeLLeD,Проверить наличие,2024-05-14,0300012886989263
2029956935492,2024-05-10 10:37:57,Анна сМиРНовА,8(9944) 00-35,3,АмуницИя длЯ сОбАК,1,1007.91,192.09,cAnceLled,Проверить наличие,2024-05-14,0300012886989263
2029956934151,2024/05/15 16:37:14,АлЕКсЕй МихаЙЛоВ,+7(9196)92-00,3,АмунИЦиЯ Для СобаК,5,5841.29,158.71,pRocESSiNg,Проверить наличие,22.05.2024,3180265580020396
2029956934151,2024/05/15 16:37:14,АлЕКсЕй МихаЙЛоВ,+7(9196)92-00,5,моЛОКО,5,14680.24,319.76,PrOcEsSinG,Проверить наличие,22.05.2024,3180265580020396
2029956934151,2024/05/15 16:37:14,АлЕКсЕй МихаЙЛоВ,+7(9196)92-00,5,моЛокО,5,13070.62,1929.38,pRoceSSinG,Проверить наличие,22.05.2024,3180265580020396
2029956934151,2024/05/15 16:37:14,АлЕКсЕй МихаЙЛоВ,+7(9196)92-00,4,ПОДпИсКа На ГаЗЕТу,4,2398.17,1.83,pRocEsSiNg,Проверить наличие,22.05.2024,3180265580020396
2029956933951,2024-05-08 04:39:56,МиХаИЛ оРЛОв,8(9697) 20-59,2,ИГРушКа мЯч,5,1207.32,292.68,Cancelled,"Задержка с доставкой, печалька...",26.05.2024,6285020903368520
2029956933951,2024-05-08 04:39:56,МиХаИЛ оРЛОв,8(9697) 20-59,5,Молоко,3,7924.01,1075.99,CANcellED,"Задержка с доставкой, печалька...",26.05.2024,6285020903368520
2029956933951,2024-05-08 04:39:56,МиХаИЛ оРЛОв,8(9697) 20-59,5,мОЛоКО,4,11983.95,16.05,CaNcelLed,"Задержка с доставкой, печалька...",26.05.2024,6285020903368520
2029956932909,2024-05-22 20:26:19,Анна СМирнОВа,+7 9117 21 57,2,иГРушКА мЯЧ,4,1163.41,36.59,COMpleTed,спасибо за заказ,2024-05-07,0606092442090793
2029956932909,2024-05-22 20:26:19,Анна СМирнОВа,+7 9117 21 57,4,пОДпИСка на гАЗЕту,4,2121.88,278.12,COmpleTEd,спасибо за заказ,2024-05-07,0606092442090793
2029956931924,2024-05-08 00:02:32,ОЛьГа кузнецОВА,+7(9052)59-81,3,АМунИцИя ДлЯ собаК,3,3130.38,469.62,PrOcessING,Проверить наличие,14.05.2024,5668052352309273
2029956931924,2024-05-08 00:02:32,ОЛьГа кузнецОВА,+7(9052)59-81,5,МоЛОко,5,14738.3,261.7,prOCessing,Проверить наличие,14.05.2024,5668052352309273
2029956931924,2024-05-08 00:02:32,ОЛьГа кузнецОВА,+7(9052)59-81,3,амуниЦия дЛЯ сОбаК,1,1101.85,98.15,PRoCESsiNg,Проверить наличие,14.05.2024,5668052352309273
2029956931924,2024-05-08 00:02:32,ОЛьГа кузнецОВА,+7(9052)59-81,2,игРУшКа мЯч,3,720.52,179.48,pRocesSING,Проверить наличие,14.05.2024,5668052352309273
2029956930974,18.05.2024 17:56,сЕРГЕЙ СИДоРов,+7 9770 25 39,1,КОРм ДЛЯ соБак,3,1432.22,67.78,PRocEssiNG,Ждём с нетерпением!,2024/05/09,1081732163971770
2029956930974,18.05.2024 17:56,сЕРГЕЙ СИДоРов,+7 9770 25 39,2,иГрУШКА Мяч,2,574.34,25.66,prOCeSSIng,Ждём с нетерпением!,2024/05/09,1081732163971770
2029956930974,18.05.2024 17:56,сЕРГЕЙ СИДоРов,+7 9770 25 39,1,корМ Для СОБАК,3,1318.22,181.78,ProcEsSINg,Ждём с нетерпением!,2024/05/09,1081732163971770
2029956930974,18.05.2024 17:56,сЕРГЕЙ СИДоРов,+7 9770 25 39,4,ПоДпИСка На гАЗеТу,1,489.01,110.99,prOcEsSiNg,Ждём с нетерпением!,2024/05/09,1081732163971770
2029956930974,18.05.2024 17:56,сЕРГЕЙ СИДоРов,+7 9770 25 39,3,АмУнИциЯ ДЛя СОБАК,4,4079.84,720.16,PrOcEssing,Ждём с нетерпением!,2024/05/09,1081732163971770
2029956929273,24.05.2024 19:32,мАРИЯ пеТРоВа,+7 9073 71 68,1,Корм дЛЯ сОбАК,4,1880.97,119.03,caNCelleD,Нужно уточнить сроки,19.05.2024,8893739554869643
2029956929273,24.05.2024 19:32,мАРИЯ пеТРоВа,+7 9073 71 68,4,пОДПИсКа На гАЗЕТУ,5,2822.41,177.59,CAnCelLeD,Нужно уточнить сроки,19.05.2024,8893739554869643
2029956929273,24.05.2024 19:32,мАРИЯ пеТРоВа,+7 9073 71 68,2,иГРУшКА МЯч,3,840.61,59.39,cancELleD,Нужно уточнить сроки,19.05.2024,8893739554869643
2029956928836,2024/05/01 11:55:53,мИхАиЛ ОрлОВ,+7(9446)46-80,4,ПОДпиСкА на гАзетУ,5,2506.6,493.4,cOMplETed,подарок вовремя,2024-05-26,3554163989075820
2029956928836,2024/05/01 11:55:53,мИхАиЛ ОрлОВ,+7(9446)46-80,5,молОко,4,11784.94,215.06,coMplETED,подарок вовремя,2024-05-26,3554163989075820
2029956928836,2024/05/01 11:55:53,мИхАиЛ ОрлОВ,+7(9446)46-80,3,аМунИЦИя дЛЯ СоБАК,2,2398.4,1.6,CompletEd,подарок вовремя,2024-05-26,3554163989075820
2029956927554,2024/05/04 03:42:35,мИхАИЛ оРЛов,+7(9259)61-62,3,аМУНИЦиЯ длЯ СОбАк,1,1042.53,157.47,PROCEssiNG,Проверить наличие,2024/05/09,3396601418402655
2029956926844,21.05.2024 06:04,МАРИЯ ПЕтРОвА,8(9433) 93-55,4,ПоДПиска нА ГаЗету,3,1474.1,325.9,CoMpleted,Нужно уточнить сроки,29.05.2024,5346307882170565
2029956926844,21.05.2024 06:04,МАРИЯ ПЕтРОвА,8(9433) 93-55,2,игрУШка мЯч,5,1232.37,267.63,comPlETed,Нужно уточнить сроки,29.05.2024,5346307882170565
2029956926844,21.05.2024 06:04,МАРИЯ ПЕтРОвА,8(9433) 93-55,3,аМУНицИЯ ДЛя СОБаК,1,1140.74,59.26,comPLEted,Нужно уточнить сроки,29.05.2024,5346307882170565
2029956926844,21.05.2024 06:04,МАРИЯ ПЕтРОвА,8(9433) 93-55,2,ИгрУшКА Мяч,5,1343.4,156.6,COMpleTED,Нужно уточнить сроки,29.05.2024,5346307882170565
2029956925125,2024/05/24 08:30:08,Мария ПеТРовА,+7(9264)67-55,2,игРушка МЯЧ,3,762.66,137.34,ProceSSinG,"Задержка с доставкой, печалька...",19.05.2024,2992892693792101
2029956925125,2024/05/24 08:30:08,Мария ПеТРовА,+7(9264)67-55,2,ИГруШка МЯч,3,849.9,50.1,pROCeSsInG,"Задержка с доставкой, печалька...",19.05.2024,2992892693792101
2029956925125,2024/05/24 08:30:08,Мария ПеТРовА,+7(9264)67-55,3,амуНиЦия для СобаК,1,1191.7,8.3,prOCessIng,"Задержка с доставкой, печалька...",19.05.2024,2992892693792101
2029956925125,2024/05/24 08:30:08,Мария ПеТРовА,+7(9264)67-55,3,АмуНИциЯ длЯ СОБаК,3,3150.42,449.58,procESsiNG,"Задержка с доставкой, печалька...",19.05.2024,2992892693792101
2029956925125,2024/05/24 08:30:08,Мария ПеТРовА,+7(9264)67-55,4,ПодПисКА НА гАЗЕТУ,1,519.19,80.81,prOcEsSiNG,"Задержка с доставкой, печалька...",19.05.2024,2992892693792101
2029956924684,23.05.2024 01:30,НаТАЛьЯ ВАСиЛЬЕВА,+7 9311 03 52,3,АМуНИЦиЯ ДЛя сОБаК,2,2093.1,306.9,cAnceLLEd,Ждём с нетерпением!,2024-05-14,1464894574266708
2029956924684,23.05.2024 01:30,НаТАЛьЯ ВАСиЛЬЕВА,+7 9311 03 52,5,МОЛОкО,3,7451.03,1548.97,CANCELLEd,Ждём с нетерпением!,2024-05-14,1464894574266708
2029956924684,23.05.2024 01:30,НаТАЛьЯ ВАСиЛЬЕВА,+7 9311 03 52,4,подПИсКа на гАзету,3,1664.22,135.78,CancELLEd,Ждём с нетерпением!,2024-05-14,1464894574266708
2029956923306,18.05.2024 20:32,мария пеТровА,8(9922) 38-05,3,АмуНИцИя ДЛя СоБАК,4,4626.71,173.29,canceLleD,Ждём с нетерпением!,2024-05-19,2404580557206553
2029956923306,18.05.2024 20:32,мария пеТровА,8(9922) 38-05,3,амУниЦиЯ дЛя собАК,2,2289.69,110.31,CaNceLlEd,Ждём с нетерпением!,2024-05-19,2404580557206553
2029956922915,01.05.2024 23:14,дМиТРИй кУзНЕЦОв,8(9307) 72-57,2,ИГрушкА Мяч,5,1481.51,18.49,coMPlEtEd,Нужно уточнить сроки,24.05.2024,3590671454948979
2029956922915,01.05.2024 23:14,дМиТРИй кУзНЕЦОв,8(9307) 72-57,5,МоЛОКо,5,13645.51,1354.49,ComPleTeD,Нужно уточнить сроки,24.05.2024,3590671454948979
2029956922915,01.05.2024 23:14,дМиТРИй кУзНЕЦОв,8(9307) 72-57,3,аМУНиЦИЯ длЯ СОбак,4,4388.97,411.03,coMplEtEd,Нужно уточнить сроки,24.05.2024,3590671454948979
2029956922915,01.05.2024 23:14,дМиТРИй кУзНЕЦОв,8(9307) 72-57,5,мОлоко,2,4941.79,1058.21,cOmpLETed,Нужно уточнить сроки,24.05.2024,3590671454948979
2029956922915,01.05.2024 23:14,дМиТРИй кУзНЕЦОв,8(9307) 72-57,5,мОлОКо,5,13619.04,1380.96,COMPLEted,Нужно уточнить сроки,24.05.2024,3590671454948979
2029956921171,12.05.2024 04:07,наТаЛЬЯ вАсиЛьеВА,+7 9768 53 42,4,ПоДПИСКА нА гАзеТу,4,2358.24,41.76,caNCeLled,спасибо за заказ,08.05.2024,6489854764596162
2029956921171,12.05.2024 04:07,наТаЛЬЯ вАсиЛьеВА,+7 9768 53 42,4,пОДпИсКа нА газЕТУ,4,2001.69,398.31,CanCELleD,спасибо за заказ,08.05.2024,6489854764596162
2029956921171,12.05.2024 04:07,наТаЛЬЯ вАсиЛьеВА,+7 9768 53 42,5,МОЛоко,1,2872.83,127.17,CancelLed,спасибо за заказ,08.05.2024,6489854764596162
2029956920300,2024/05/18 10:03:01,СЕРГЕй сИдОРоВ,+7 9729 31 51,3,Амуниция для СОБАк,1,1198.97,1.03,cANceLleD,Проверить наличие,2024/05/27,9400986152442152
2029956920300,2024/05/18 10:03:01,СЕРГЕй сИдОРоВ,+7 9729 31 51,2,ИгрУШка МяЧ,1,279.19,20.81,canCElled,Проверить наличие,2024/05/27,9400986152442152
2029956920300,2024/05/18 10:03:01,СЕРГЕй сИдОРоВ,+7 9729 31 51,2,ИГрУШка МяЧ,4,1151.06,48.94,cancelLED,Проверить наличие,2024/05/27,9400986152442152
2029956919776,2024/05/30 03:49:44,ДМиТРий КУЗНеЦОв,+7(9307)22-47,3,амунИЦия ДЛЯ СоБаК,3,3337.45,262.55,canCELled,Проверить наличие,01.05.2024,0490575630101401
2029956919776,2024/05/30 03:49:44,ДМиТРий КУЗНеЦОв,+7(9307)22-47,5,мОЛОКо,1,2722.58,277.42,cAnCellED,Проверить наличие,01.05.2024,0490575630101401
2029956918449,2024-05-16 20:43:10,алеКсЕй МИХаЙЛОВ,8(9701) 04-22,5,моЛОКО,4,10195.58,1804.42,prOCESsiNG,Ждём с нетерпением!,2024/05/22,1548891623248494
2029956918449,2024-05-16 20:43:10,алеКсЕй МИХаЙЛОВ,8(9701) 04-22,1,КОрМ дЛЯ сОБАк,5,2463.24,36.76,ProCeSSING,Ждём с нетерпением!,2024/05/22,1548891623248494
2029956917534,2024-05-16 03:41:59,Мария пЕТРоВа,8(9429) 36-58,3,АМуниЦиЯ ДЛЯ сОБАк,5,5120.85,879.15,COmpLEted,спасибо за заказ,2024-05-10,7898676274560742
2029956917534,2024-05-16 03:41:59,Мария пЕТРоВа,8(9429) 36-58,5,МОлОКО,2,5087.22,912.78,cOmpletEd,спасибо за заказ,2024-05-10,7898676274560742
2029956917534,2024-05-16 03:41:59,Мария пЕТРоВа,8(9429) 36-58,4,поДПИска На гАзЕту,3,1474.6,325.4,COMPLeTed,спасибо за заказ,2024-05-10,7898676274560742
2029956917534,2024-05-16 03:41:59,Мария пЕТРоВа,8(9429) 36-58,2,ИгРУшка мяч,5,1290.45,209.55,cOMplETEd,спасибо за заказ,2024-05-10,7898676274560742
2029956916825,06.05.2024 20:22,олЬгА КУЗНецОВа,+7 9572 01 23,2,иГРушкА МЯЧ,5,1247.2,252.8,ProCesSING,"Задержка с доставкой, печалька...",2024/05/02,1739540145419405
2029956916825,06.05.2024 20:22,олЬгА КУЗНецОВа,+7 9572 01 23,3,АМуНИцИя ДЛя сОбАК,3,3008.22,591.78,proCEsSING,"Задержка с доставкой, печалька...",2024/05/02,1739540145419405
2029956915232,2024-05-12 15:33:13,ольга КуЗНеЦова,+7(9676)40-32,2,игруШКА мЯЧ,2,542.07,57.93,ProCesSiNG,Всё отлично!,2024-05-17,0154493164871007
2029956915232,2024-05-12 15:33:13,ольга КуЗНеЦова,+7(9676)40-32,2,ИгрушКа МяЧ,4,1195.21,4.79,prOCESSINg,Всё отлично!,2024-05-17,0154493164871007
2029956915232,2024-05-12 15:33:13,ольга КуЗНеЦова,+7(9676)40-32,4,поДПИсКА на ГАзЕТу,1,525.65,74.35,pROcESsinG,Всё отлично!,2024-05-17,0154493164871007
2029956915232,2024-05-12 15:33:13,ольга КуЗНеЦова,+7(9676)40-32,2,ИГруШКА мяЧ,2,484.36,115.64,ProcEsSiNG,Всё отлично!,2024-05-17,0154493164871007
2029956914882,02.05.2024 03:04,еЛЕНа НовИкоВа,+7(9658)85-04,1,кОрМ ДлЯ соБАк,5,2372.66,127.34,comPLeted,подарок вовремя,30.05.2024,7967404419944465
2029956914882,02.05.2024 03:04,еЛЕНа НовИкоВа,+7(9658)85-04,1,КОрм ДлЯ СоБАК,1,477.15,22.85,cOMPlEted,подарок вовремя,30.05.2024,7967404419944465
2029956913334,15.05.2024 04:27,ДМИтрИЙ КуЗнЕцОВ,+7 9895 78 83,5,МОЛоКо,5,13651.43,1348.57,PRoCessiNg,подарок вовремя,10.05.2024,7354696327810166
2029956913334,15.05.2024 04:27,ДМИтрИЙ КуЗнЕцОВ,+7 9895 78 83,4,ПОДПиСКА на ГаЗЕтУ,5,2746.2,253.8,pROCESSing,подарок вовремя,10.05.2024,7354696327810166
2029956913334,15.05.2024 04:27,ДМИтрИЙ КуЗнЕцОВ,+7 9895 78 83,5,МолОкО,2,5204.39,795.61,pRocEsSinG,подарок вовремя,10.05.2024,7354696327810166
2029956912904,2024/05/22 21:36:09,ДМитРИЙ КузНецОв,+7(9109)20-92,1,кОрМ для сОБАк,3,1356.73,143.27,cAnCELLEd,Всё отлично!,06.05.2024,2900713372116642
2029956912904,2024/05/22 21:36:09,ДМитРИЙ КузНецОв,+7(9109)20-92,3,АМУНИЦия Для сОбАк,5,5790.74,209.26,cANcElLEd,Всё отлично!,06.05.2024,2900713372116642
2029956911704,2024-05-28 16:30:06,иваН иваНОВ,+7(9656)12-53,1,КОрМ дЛя сОбАк,3,1478.76,21.24,processIng,"Задержка с доставкой, печалька...",2024-05-18,8716582196201977
2029956910867,12.05.2024 09:34,МАрИя ПеТРОвА,+7(9470)93-22,5,мОлОКО,1,2461.96,538.04,CAncEllED,Нужно уточнить сроки,2024-05-13,2535676410529016
2029956909103,2024/05/20 19:14:18,иВаН ИВАнОв,8(9193) 22-89,3,аМуницИя ДЛЯ СоБАК,2,2385.3,14.7,caNCELlEd,Ждём с нетерпением!,16.05.2024,4652632708123102
2029956909103,2024/05/20 19:14:18,иВаН ИВАнОв,8(9193) 22-89,4,подПИсКА НА гАЗЕТУ,4,2165.32,234.68,cANceLLeD,Ждём с нетерпением!,16.05.2024,4652632708123102
2029956909103,2024/05/20 19:14:18,иВаН ИВАнОв,8(9193) 22-89,4,поДПИСкА нА ГаЗетУ,4,2104.06,295.94,CanCelLed,Ждём с нетерпением!,16.05.2024,4652632708123102
2029956909103,2024/05/20 19:14:18,иВаН ИВАнОв,8(9193) 22-89,5,мОлокО,4,10950.52,1049.48,cancElleD,Ждём с нетерпением!,16.05.2024,4652632708123102
2029956908374,2024-05-01 23:22:24,ЕЛена нОВИкова,8(9135) 37-15,1,корМ для Собак,2,991.41,8.59,CoMplETED,подарок вовремя,2024/05/04,0596770128562471
2029956908374,2024-05-01 23:22:24,ЕЛена нОВИкова,8(9135) 37-15,5,моЛОкО,1,2597.88,402.12,CoMPLeTed,подарок вовремя,2024/05/04,0596770128562471
2029956908374,2024-05-01 23:22:24,ЕЛена нОВИкова,8(9135) 37-15,3,амуницИя ДЛЯ соБаК,2,1994.0,406.0,ComPlETeD,подарок вовремя,2024/05/04,0596770128562471
2029956908374,2024-05-01 23:22:24,ЕЛена нОВИкова,8(9135) 37-15,5,молОКо,3,8830.14,169.86,cOmpLETeD,подарок вовремя,2024/05/04,0596770128562471
2029956907635,15.05.2024 21:04,елеНа НОвиКОвА,+7 9962 62 15,1,КОрм для сОБаК,3,1279.14,220.86,CANCElLED,спасибо за заказ,15.05.2024,4584008036117900
2029956907635,15.05.2024 21:04,елеНа НОвиКОвА,+7 9962 62 15,1,КорМ ДлЯ сОБак,3,1400.58,99.42,CANCELled,спасибо за заказ,15.05.2024,4584008036117900
2029956907635,15.05.2024 21:04,елеНа НОвиКОвА,+7 9962 62 15,2,иГрушкА МЯЧ,5,1227.22,272.78,caNcElLeD,спасибо за заказ,15.05.2024,4584008036117900
2029956906612,2024-05-19 07:47:59,ДмиТриЙ кУЗНецов,8(9643) 72-87,5,МоЛоКО,3,7349.53,1650.47,CaNCeLLeD,Ждём с нетерпением!,2024-05-21,3630651942614132
2029956906612,2024-05-19 07:47:59,ДмиТриЙ кУЗНецов,8(9643) 72-87,3,АмУнИЦиЯ для СоБАК,2,2164.38,235.62,CANCElLeD,Ждём с нетерпением!,2024-05-21,3630651942614132
2029956906612,2024-05-19 07:47:59,ДмиТриЙ кУЗНецов,8(9643) 72-87,5,МОЛОко,3,8973.26,26.74,CanCELled,Ждём с нетерпением!,2024-05-21,3630651942614132
2029956906612,2024-05-19 07:47:59,ДмиТриЙ кУЗНецов,8(9643) 72-87,3,амуНИцИя ДЛЯ СоБАк,4,4430.02,369.98,cANCElLED,Ждём с нетерпением!,2024-05-21,3630651942614132
2029956906612,2024-05-19 07:47:59,ДмиТриЙ кУЗНецов,8(9643) 72-87,2,ИГРуШка мЯч,4,1122.09,77.91,cANcELled,Ждём с нетерпением!,2024-05-21,3630651942614132
2029956905859,2024-05-09 19:39:40,сЕргЕй сИдорОв,+7 9602 30 26,3,амунИция Для собаК,2,2076.24,323.76,canCElLED,подарок вовремя,14.05.2024,2662952223394206
2029956905859,2024-05-09 19:39:40,сЕргЕй сИдорОв,+7 9602 30 26,2,ИГРУШка мяч,4,1157.19,42.81,caNCelLED,подарок вовремя,14.05.2024,2662952223394206
2029956905859,2024-05-09 19:39:40,сЕргЕй сИдорОв,+7 9602 30 26,3,АМУниЦиЯ для собак,2,2336.07,63.93,caNceLlED,подарок вовремя,14.05.2024,2662952223394206
2029956905859,2024-05-09 19:39:40,сЕргЕй сИдорОв,+7 9602 30 26,2,иГРушкА МЯч,3,729.63,170.37,caNCelLED,подарок вовремя,14.05.2024,2662952223394206
2029956905859,2024-05-09 19:39:40,сЕргЕй сИдорОв,+7 9602 30 26,4,ПодпИска на ГАзету,4,2058.36,341.64,CAncELLed,подарок вовремя,14.05.2024,2662952223394206
2029956904774,29.05.2024 13:50,ИВАн ИваНОВ,8(9314) 58-37,1,КоРМ ДлЯ СоБаК,3,1295.81,204.19,pROCEsSIng,Ждём с нетерпением!,25.05.2024,9522105524987503
2029956904774,29.05.2024 13:50,ИВАн ИваНОВ,8(9314) 58-37,4,пОдпИСка НА ГАЗету,1,519.91,80.09,PROCEssInG,Ждём с нетерпением!,25.05.2024,9522105524987503
2029956903451,07.05.2024 09:26,МИХаиЛ ОРЛОВ,+7(9649)21-87,1,КОрМ ДлЯ СобАК,2,852.03,147.97,PRoceSsinG,"Задержка с доставкой, печалька...",28.05.2024,3139936562923964
2029956902115,2024/05/10 10:12:31,еЛЕна НовИКОВа,8(9308) 39-32,1,Корм ДЛЯ СоБАК,2,834.02,165.98,CompLEted,Нужно уточнить сроки,2024-05-29,7653704125874941
2029956902115,2024/05/10 10:12:31,еЛЕна НовИКОВа,8(9308) 39-32,1,кОРМ Для СоБаК,5,2128.2,371.8,cOmPleted,Нужно уточнить сроки,2024-05-29,7653704125874941
2029956902115,2024/05/10 10:12:31,еЛЕна НовИКОВа,8(9308) 39-32,3,амУниЦия Для СоБак,5,5166.05,833.95,COmpLEtEd,Нужно уточнить сроки,2024-05-29,7653704125874941
2029956902115,2024/05/10 10:12:31,еЛЕна НовИКОВа,8(9308) 39-32,5,МОЛОКО,1,2479.39,520.61,cOmPlETED,Нужно уточнить сроки,2024-05-29,7653704125874941
2029956901978,2024-05-13 16:46:51,ДМИтрий КУЗнеЦОВ,8(9113) 61-27,1,кОРМ дЛЯ сОБАк,3,1469.45,30.55,coMPLEtEd,спасибо за заказ,2024-05-17,4817760890967219
2029956901978,2024-05-13 16:46:51,ДМИтрий КУЗнеЦОВ,8(9113) 61-27,2,ИгрУШка МЯЧ,4,1042.86,157.14,CoMpleTed,спасибо за заказ,2024-05-17,4817760890967219
2029956900273,02.05.2024 21:23,СЕРГеЙ СиДОРоВ,8(9961) 03-28,3,аМУнИциЯ ДЛЯ СобаК,4,4414.15,385.85,ComPlEteD,спасибо за заказ,2024-05-04,9633752234978497
2029956900273,02.05.2024 21:23,СЕРГеЙ СиДОРоВ,8(9961) 03-28,1,КоРМ ДЛЯ собаК,4,1707.43,292.57,COMpLeteD,спасибо за заказ,2024-05-04,9633752234978497
2029956899931,16.05.2024 10:12,СЕРГеЙ СидорОв,8(9158) 64-22,5,МОлоКо,3,7970.69,1029.31,cOMPlEted,Всё отлично!,2024/05/16,0273503803285813
2029956899931,16.05.2024 10:12,СЕРГеЙ СидорОв,8(9158) 64-22,5,МОлоКо,3,7656.2,1343.8,CoMpleTed,Всё отлично!,2024/05/16,0273503803285813
2029956899931,16.05.2024 10:12,СЕРГеЙ СидорОв,8(9158) 64-22,3,амУНИциЯ для сОбАК,1,1146.87,53.13,CoMPLetED,Всё отлично!,2024/05/16,0273503803285813
2029956899931,16.05.2024 10:12,СЕРГеЙ СидорОв,8(9158) 64-22,3,АмУниЦИЯ дЛЯ соБаК,4,4525.43,274.57,ComPLeTED,Всё отлично!,2024/05/16,0273503803285813
2029956899931,16.05.2024 10:12,СЕРГеЙ СидорОв,8(9158) 64-22,5,МОлОКО,1,2800.46,199.54,cOmpLETEd,Всё отлично!,2024/05/16,0273503803285813
2029956898141,2024/05/01 02:30:56,оЛЬга кУзнеЦовА,8(9459) 36-48,1,КОрМ Для Собак,4,1652.59,347.41,ComPLetEd,Проверить наличие,28.05.2024,2186245378762262
2029956898141,2024/05/01 02:30:56,оЛЬга кУзнеЦовА,8(9459) 36-48,5,МОлОкО,4,10796.84,1203.16,complEtEd,Проверить наличие,28.05.2024,2186245378762262
2029956897167,2024/05/27 09:38:36,ольга кУзнЕЦоВа,+7(9439)50-53,2,ИгрушкА мЯч,1,278.35,21.65,CoMpLETeD,Ждём с нетерпением!,11.05.2024,3840359959188117
2029956897167,2024/05/27 09:38:36,ольга кУзнЕЦоВа,+7(9439)50-53,4,ПОдПИСкА На ГаЗеТу,1,480.4,119.6,CoMpLETED,Ждём с нетерпением!,11.05.2024,3840359959188117
2029956897167,2024/05/27 09:38:36,ольга кУзнЕЦоВа,+7(9439)50-53,3,АМунИЦия дЛя СОбаК,3,3520.95,79.05,cOmPLETed,Ждём с нетерпением!,11.05.2024,3840359959188117
2029956896676,2024/05/30 05:46:34,оЛЬгА КуЗНЕцоВА,8(9811) 70-32,4,пОдпИсКА нА гаЗЕту,2,1173.01,26.99,CanCElLeD,Ждём с нетерпением!,2024-05-30,6271613713482536
2029956896676,2024/05/30 05:46:34,оЛЬгА КуЗНЕцоВА,8(9811) 70-32,1,корм для СОбак,3,1438.45,61.55,cANcelLeD,Ждём с нетерпением!,2024-05-30,6271613713482536
2029956895226,2024-05-19 10:55:42,АннА СМиРНоВа,+7(9982)63-77,2,иГруШКА МяЧ,5,1477.52,22.48,CAnceLLED,Ждём с нетерпением!,2024-05-02,3020072638265429
2029956895226,2024-05-19 10:55:42,АннА СМиРНоВа,+7(9982)63-77,2,игРуШка мЯч,4,1148.1,51.9,CaNcELLEd,Ждём с нетерпением!,2024-05-02,3020072638265429
2029956895226,2024-05-19 10:55:42,АннА СМиРНоВа,+7(9982)63-77,1,КОРМ длЯ СоБак,1,463.02,36.98,canCEllEd,Ждём с нетерпением!,2024-05-02,3020072638265429
2029956895226,2024-05-19 10:55:42,АннА СМиРНоВа,+7(9982)63-77,2,игРушка мяч,5,1380.73,119.27,canCeLLED,Ждём с нетерпением!,2024-05-02,3020072638265429
2029956895226,2024-05-19 10:55:42,АннА СМиРНоВа,+7(9982)63-77,4,поДпИсКа нА ГАзету,3,1721.79,78.21,caNCELlED,Ждём с нетерпением!,2024-05-02,3020072638265429
2029956894466,2024-05-11 02:57:43,дмиТрИй кузнЕЦОВ,+7(9989)12-14,4,ПоДПИсКа на ГАЗЕту,1,588.59,11.41,pROcEssINg,Проверить наличие,04.05.2024,4604897943012139
2029956894466,2024-05-11 02:57:43,дмиТрИй кузнЕЦОВ,+7(9989)12-14,5,мОлоКО,5,12155.62,2844.38,PROCeSSiNg,Проверить наличие,04.05.2024,4604897943012139
2029956894466,2024-05-11 02:57:43,дмиТрИй кузнЕЦОВ,+7(9989)12-14,1,корМ дЛя СоБак,5,2305.95,194.05,ProCEsSing,Проверить наличие,04.05.2024,4604897943012139
2029956893480,2024-05-02 07:51:02,ДмИтрИЙ кУзНЕцОВ,+7 9909 10 80,3,АмуниЦИЯ дЛя сОбак,2,2212.13,187.87,cANcELLEd,спасибо за заказ,2024-05-02,5165916910574776
2029956893480,2024-05-02 07:51:02,ДмИтрИЙ кУзНЕцОВ,+7 9909 10 80,2,ИГрушКА Мяч,1,240.57,59.43,CANcElLEd,спасибо за заказ,2024-05-02,5165916910574776
2029956892680,04.05.2024 10:25,нАТаЛЬя вАСиЛЬеВА,+7 9846 55 17,5,МОЛОко,1,2735.79,264.21,PROCEssing,Проверить наличие,2024-05-16,2447238664063346
2029956892680,04.05.2024 10:25,нАТаЛЬя вАСиЛЬеВА,+7 9846 55 17,4,ПОДпиСка нА гаЗЕту,4,2297.43,102.57,pRoCessING,Проверить наличие,2024-05-16,2447238664063346
2029956891857,2024-05-29 01:26:46,дМиТРИЙ КУЗНЕЦОв,8(9991) 37-95,4,подпИсКА на гАзеТУ,2,1093.2,106.8,CoMpleted,спасибо за заказ,2024/05/11,0234708438715784
2029956891857,2024-05-29 01:26:46,дМиТРИЙ КУЗНЕЦОв,8(9991) 37-95,5,МолОКО,3,8545.38,454.62,COmPlETEd,спасибо за заказ,2024/05/11,0234708438715784
2029956890536,2024/05/31 03:57:50,ольГА КуЗНЕЦоВа,+7 9660 12 50,2,ИГрУШКА МяЧ,1,264.98,35.02,CANCELlED,Всё отлично!,2024/05/12,0585045947209978
2029956890536,2024/05/31 03:57:50,ольГА КуЗНЕЦоВа,+7 9660 12 50,1,кОрМ Для соБАк,4,1968.23,31.77,cANCElLeD,Всё отлично!,2024/05/12,0585045947209978
2029956890536,2024/05/31 03:57:50,ольГА КуЗНЕЦоВа,+7 9660 12 50,4,ПОдписКа На гаЗЕТу,3,1747.38,52.62,caNceLLeD,Всё отлично!,2024/05/12,0585045947209978
2029956889656,11.05.2024 04:58,ДМитрий куЗнЕЦов,+7 9295 67 93,1,кОрМ ДлЯ сОбАК,3,1365.58,134.42,COMpLEteD,Ждём с нетерпением!,2024-05-01,4059229474551416
2029956889656,11.05.2024 04:58,ДМитрий куЗнЕЦов,+7 9295 67 93,5,мОлокО,5,14112.93,887.07,coMPleTeD,Ждём с нетерпением!,2024-05-01,4059229474551416
2029956888254,2024/05/10 04:18:12,ОльГА КУзНЕцОва,+7(9321)25-82,1,корм для СоБаК,5,2333.9,166.1,pRoCEssINg,спасибо за заказ,2024-05-19,3766050855124628
2029956888254,2024/05/10 04:18:12,ОльГА КУзНЕцОва,+7(9321)25-82,2,ИГРУШКа МЯЧ,1,255.39,44.61,PRocesSInG,спасибо за заказ,2024-05-19,3766050855124628
2029956887733,2024-05-01 17:55:36,МарИя пЕтроВА,+7(9337)17-48,5,МолОКО,5,14542.27,457.73,CoMplEted,Нужно уточнить сроки,2024/05/28,7775466670943104
2029956887733,2024-05-01 17:55:36,МарИя пЕтроВА,+7(9337)17-48,3,аМунициЯ ДЛя СОБАк,3,3005.41,594.59,COmPleted,Нужно уточнить сроки,2024/05/28,7775466670943104
2029956887733,2024-05-01 17:55:36,МарИя пЕтроВА,+7(9337)17-48,5,молоКо,1,2587.21,412.79,cOmpLeTED,Нужно уточнить сроки,2024/05/28,7775466670943104
2029956887733,2024-05-01 17:55:36,МарИя пЕтроВА,+7(9337)17-48,5,МоЛОКо,2,4961.91,1038.09,COmpleTed,Нужно уточнить сроки,2024/05/28,7775466670943104
2029956887733,2024-05-01 17:55:36,МарИя пЕтроВА,+7(9337)17-48,2,иГрУШка МяЧ,4,1199.88,0.12,ComplETEd,Нужно уточнить сроки,2024/05/28,7775466670943104
2029956886180,2024-05-16 04:16:28,МаРИя ПЕТрова,+7(9350)56-62,4,ПоДпискА На гАЗеТУ,1,498.7,101.3,cAnCelLeD,Нужно уточнить сроки,2024/05/16,6486985391321235
2029956886180,2024-05-16 04:16:28,МаРИя ПЕТрова,+7(9350)56-62,3,АМУниЦИя дЛя соБАК,3,3519.55,80.45,caNcellED,Нужно уточнить сроки,2024/05/16,6486985391321235
2029956886180,2024-05-16 04:16:28,МаРИя ПЕТрова,+7(9350)56-62,4,подписка На гаЗЕТу,2,1145.95,54.05,caNCellEd,Нужно уточнить сроки,2024/05/16,6486985391321235
2029956886180,2024-05-16 04:16:28,МаРИя ПЕТрова,+7(9350)56-62,1,кОрм дЛЯ сОБАк,4,1969.05,30.95,caNCELlEd,Нужно уточнить сроки,2024/05/16,6486985391321235
2029956885538,2024/05/04 19:31:25,АЛЕксеЙ МихаЙЛОв,8(9788) 03-38,1,коРм дЛя сОБАК,3,1461.82,38.18,pRocESSING,"Задержка с доставкой, печалька...",03.05.2024,3847237211125452
2029956884356,11.05.2024 03:04,ЕленА нОВИкОва,+7 9460 21 76,2,игРуШКа МяЧ,3,866.08,33.92,CoMpLETED,Нужно уточнить сроки,2024/05/01,3807850441433456
2029956884356,11.05.2024 03:04,ЕленА нОВИкОва,+7 9460 21 76,4,ПодПисКА НА гаЗеТУ,3,1447.5,352.5,CoMpLEted,Нужно уточнить сроки,2024/05/01,3807850441433456
2029956884356,11.05.2024 03:04,ЕленА нОВИкОва,+7 9460 21 76,3,АмУНицИя ДлЯ сОбАк,3,3188.71,411.29,cOMpLeTed,Нужно уточнить сроки,2024/05/01,3807850441433456
2029956884356,11.05.2024 03:04,ЕленА нОВИкОва,+7 9460 21 76,2,ИГрУШкА мЯЧ,5,1458.95,41.05,coMpLeteD,Нужно уточнить сроки,2024/05/01,3807850441433456
2029956883631,07.05.2024 18:47,еЛЕна нОВикоВА,+7(9556)42-71,1,кОРМ Для сОБАк,5,2103.42,396.58,cANcelLED,Нужно уточнить сроки,2024/05/28,5710444956906356
2029956883631,07.05.2024 18:47,еЛЕна нОВикоВА,+7(9556)42-71,1,КорМ дЛЯ СОбАк,1,404.58,95.42,CAnCelLED,Нужно уточнить сроки,2024/05/28,5710444956906356
2029956882658,2024-05-11 21:34:26,ЕЛЕна НоВИКОВА,+7(9404)61-63,1,кОРМ дЛя сОБАк,2,808.78,191.22,ProcEsSinG,спасибо за заказ,2024-05-23,9205557267758875
2029956882658,2024-05-11 21:34:26,ЕЛЕна НоВИКОВА,+7(9404)61-63,5,моЛокО,2,5636.74,363.26,prOceSsing,спасибо за заказ,2024-05-23,9205557267758875
2029956881456,2024-05-30 09:25:32,мИХаИЛ орлов,+7(9625)02-67,3,АмУнИЦИЯ ДЛЯ СобАК,2,2120.82,279.18,cAnCeLLed,подарок вовремя,2024-05-13,1529194081772422
2029956881456,2024-05-30 09:25:32,мИХаИЛ орлов,+7(9625)02-67,2,иГруШка МяЧ,3,763.02,136.98,cANcEllEd,подарок вовремя,2024-05-13,1529194081772422
2029956881456,2024-05-30 09:25:32,мИХаИЛ орлов,+7(9625)02-67,2,ИГРушкА мЯЧ,5,1468.91,31.09,cANcELLed,подарок вовремя,2024-05-13,1529194081772422
2029956881456,2024-05-30 09:25:32,мИХаИЛ орлов,+7(9625)02-67,1,КоРм ДлЯ СОбак,1,412.82,87.18,CancELlEd,подарок вовремя,2024-05-13,1529194081772422
2029956881456,2024-05-30 09:25:32,мИХаИЛ орлов,+7(9625)02-67,5,моЛокО,2,5394.12,605.88,CaNcelled,подарок вовремя,2024-05-13,1529194081772422
2029956880838,05.05.2024 19:37,АлеКСей мИХАйЛОВ,+7 9736 50 50,5,моЛОкО,5,13463.0,1537.0,PROcesSiNG,Ждём с нетерпением!,2024/05/29,5099728749396920
2029956880838,05.05.2024 19:37,АлеКСей мИХАйЛОВ,+7 9736 50 50,2,иГРУШКА Мяч,5,1331.01,168.99,pROCESSiNG,Ждём с нетерпением!,2024/05/29,5099728749396920
2029956880838,05.05.2024 19:37,АлеКСей мИХАйЛОВ,+7 9736 50 50,2,иГРУШКа МяЧ,3,884.48,15.52,prOcEssInG,Ждём с нетерпением!,2024/05/29,5099728749396920
2029956879607,2024-05-07 16:43:45,аЛекСеЙ МихайлоВ,+7(9953)97-80,2,игРУШКа Мяч,2,559.3,40.7,COmPLeTed,"Задержка с доставкой, печалька...",2024/05/14,3837488563002947
2029956879607,2024-05-07 16:43:45,аЛекСеЙ МихайлоВ,+7(9953)97-80,3,аМунИцИя Для собАк,3,3333.37,266.63,COMpLEtEd,"Задержка с доставкой, печалька...",2024/05/14,3837488563002947
2029956879607,2024-05-07 16:43:45,аЛекСеЙ МихайлоВ,+7(9953)97-80,5,МОлОко,4,9889.12,2110.88,COmpLetEd,"Задержка с доставкой, печалька...",2024/05/14,3837488563002947
2029956879607,2024-05-07 16:43:45,аЛекСеЙ МихайлоВ,+7(9953)97-80,5,молОкО,3,7576.14,1423.86,ComPlEted,"Задержка с доставкой, печалька...",2024/05/14,3837488563002947
2029956879607,2024-05-07 16:43:45,аЛекСеЙ МихайлоВ,+7(9953)97-80,4,ПодПисКА на гаЗЕту,4,2341.61,58.39,COMplETED,"Задержка с доставкой, печалька...",2024/05/14,3837488563002947
2029956878975,2024/05/14 07:08:07,ЕлеНа НовикоВА,+7 9211 65 75,2,ИгРушКА МЯЧ,4,1064.31,135.69,cOMPlETed,Всё отлично!,2024/05/19,0568920857895394
2029956878975,2024/05/14 07:08:07,ЕлеНа НовикоВА,+7 9211 65 75,5,мОлОко,3,7437.22,1562.78,CoMpleTED,Всё отлично!,2024/05/19,0568920857895394
2029956878975,2024/05/14 07:08:07,ЕлеНа НовикоВА,+7 9211 65 75,3,АмуНИцИЯ дЛЯ собак,1,1011.07,188.93,COmpLeted,Всё отлично!,2024/05/19,0568920857895394
2029956877677,29.05.2024 21:20,ИвАн иваНоВ,8(9729) 75-89,5,МолокО,2,4921.16,1078.84,CaNCelleD,спасибо за заказ,2024/05/15,4152972297262706
2029956877677,29.05.2024 21:20,ИвАн иваНоВ,8(9729) 75-89,4,ПодпИСкА нА газЕТУ,2,1083.44,116.56,CANCEllED,спасибо за заказ,2024/05/15,4152972297262706
2029956876729,2024-05-11 12:29:01,иВан иВАноВ,+7(9530)68-52,2,ИГрУШКА МяЧ,2,520.59,79.41,PrOCEssIng,Ждём с нетерпением!,2024/05/12,1511591187363176
2029956876729,2024-05-11 12:29:01,иВан иВАноВ,+7(9530)68-52,5,мОЛоКо,2,5407.01,592.99,pROcesSInG,Ждём с нетерпением!,2024/05/12,1511591187363176
2029956875201,2024-05-12 07:35:22,елеНа НОвИКОва,+7 9464 54 97,3,амуНИцИЯ Для соБаК,4,4007.08,792.92,CompLeTeD,Нужно уточнить сроки,2024-05-07,4178679799633447
2029956875201,2024-05-12 07:35:22,елеНа НОвИКОва,+7 9464 54 97,5,МоЛОкО,1,2553.22,446.78,coMpLeTEd,Нужно уточнить сроки,2024-05-07,4178679799633447
2029956875201,2024-05-12 07:35:22,елеНа НОвИКОва,+7 9464 54 97,5,МОЛОКо,3,7256.72,1743.28,COmplEtEd,Нужно уточнить сроки,2024-05-07,4178679799633447
2029956875201,2024-05-12 07:35:22,елеНа НОвИКОва,+7 9464 54 97,2,ИгрУШКа МЯЧ,5,1369.34,130.66,coMpLEteD,Нужно уточнить сроки,2024-05-07,4178679799633447
2029956874788,2024/05/18 12:55:24,НаталЬЯ ВаСИЛьевА,8(9408) 72-07,2,иГрушка мЯч,3,810.08,89.92,cANcEllEd,Ждём с нетерпением!,2024/05/07,2103845566177533
2029956874788,2024/05/18 12:55:24,НаталЬЯ ВаСИЛьевА,8(9408) 72-07,2,ИГруШКа Мяч,2,525.23,74.77,cANceLLeD,Ждём с нетерпением!,2024/05/07,2103845566177533
2029956873524,2024/05/06 06:17:44,алекСЕЙ мИхАЙлоВ,+7 9620 95 31,4,пОдПиСкА НА гАЗету,4,2313.68,86.32,prOcessing,спасибо за заказ,2024/05/06,8143964682520017
2029956872207,29.05.2024 12:03,НатальЯ васиЛЬевА,8(9163) 72-88,5,МоЛоКО,3,7527.64,1472.36,CanCELled,Всё отлично!,2024/05/10,7521825633676420
2029956872207,29.05.2024 12:03,НатальЯ васиЛЬевА,8(9163) 72-88,5,МолОКо,1,2978.56,21.44,CAncelLED,Всё отлично!,2024/05/10,7521825633676420
2029956872207,29.05.2024 12:03,НатальЯ васиЛЬевА,8(9163) 72-88,2,ИГрушКА Мяч,3,836.54,63.46,caNCeLled,Всё отлично!,2024/05/10,7521825633676420
2029956871275,31.05.2024 04:42,МАРия пеТрОва,+7(9052)37-04,5,мОЛоко,5,13886.99,1113.01,PROCessINg,Проверить наличие,17.05.2024,6150984327876230
2029956871275,31.05.2024 04:42,МАРия пеТрОва,+7(9052)37-04,1,КОрМ дЛя СОБаК,5,2151.35,348.65,pRoceSsinG,Проверить наличие,17.05.2024,6150984327876230
2029956870302,2024-05-22 23:36:49,марИя пЕтрОВа,8(9535) 75-60,2,ИГРУшКА мяЧ,1,294.59,5.41,PrOCEssING,Нужно уточнить сроки,2024/05/17,8300682656270927
2029956870302,2024-05-22 23:36:49,марИя пЕтрОВа,8(9535) 75-60,4,ПоДПиСка На ГазЕту,4,2267.13,132.87,pROcesSInG,Нужно уточнить сроки,2024/05/17,8300682656270927
2029956869609,2024/05/21 01:02:10,ЕленА нОВИКОвА,8(9587) 07-99,4,ПОДПиСкА На ГаЗЕту,4,2150.45,249.55,COmplETed,Проверить наличие,2024/05/26,7607270856097611
2029956869609,2024/05/21 01:02:10,ЕленА нОВИКОвА,8(9587) 07-99,2,иГрушКа мяЧ,3,841.31,58.69,ComPLETeD,Проверить наличие,2024/05/26,7607270856097611
2029956868926,2024/05/26 14:11:33,ЕлЕНА ноВИкоВа,+7(9807)86-84,1,КоРм дЛЯ соБак,3,1398.3,101.7,pRocesSiNG,Ждём с нетерпением!,2024/05/16,4512083900232920
2029956868926,2024/05/26 14:11:33,ЕлЕНА ноВИкоВа,+7(9807)86-84,1,Корм ДЛя СоБАК,2,854.99,145.01,pRoCessING,Ждём с нетерпением!,2024/05/16,4512083900232920
2029956868926,2024/05/26 14:11:33,ЕлЕНА ноВИкоВа,+7(9807)86-84,3,аМунИЦИя ДЛя собак,3,2949.56,650.44,PRocESSINg,Ждём с нетерпением!,2024/05/16,4512083900232920
2029956867200,21.05.2024 05:37,СергЕЙ сидОРОВ,+7(9322)68-84,2,ИГрУШка мяЧ,2,524.8,75.2,PRoceSSINg,Ждём с нетерпением!,23.05.2024,7894989244495232
2029956867200,21.05.2024 05:37,СергЕЙ сидОРОВ,+7(9322)68-84,1,КОрМ ДЛя СОбАК,1,449.67,50.33,PrOCeSSING,Ждём с нетерпением!,23.05.2024,7894989244495232
2029956866132,03.05.2024 21:45,серГЕй сидОрОВ,8(9669) 35-81,1,КорМ для соБАк,3,1298.57,201.43,compLeted,Проверить наличие,2024/05/24,0944633065984489
2029956866132,03.05.2024 21:45,серГЕй сидОрОВ,8(9669) 35-81,5,МОЛОКо,5,13315.1,1684.9,comPLETED,Проверить наличие,2024/05/24,0944633065984489
2029956866132,03.05.2024 21:45,серГЕй сидОрОВ,8(9669) 35-81,3,АмУнИЦИЯ для соБак,4,3854.79,945.21,COmPLEteD,Проверить наличие,2024/05/24,0944633065984489
2029956866132,03.05.2024 21:45,серГЕй сидОрОВ,8(9669) 35-81,1,корМ для соБак,1,418.3,81.7,CoMpleteD,Проверить наличие,2024/05/24,0944633065984489
2029956866132,03.05.2024 21:45,серГЕй сидОрОВ,8(9669) 35-81,2,ИгрУшКа МяЧ,3,811.5,88.5,coMPLetED,Проверить наличие,2024/05/24,0944633065984489
2029956865254,2024-05-02 04:41:16,МАРия пеТровА,+7 9864 88 43,2,ИГрушка Мяч,5,1462.43,37.57,pRoCeSSiNg,Всё отлично!,2024-05-30,3701399338799445
2029956865254,2024-05-02 04:41:16,МАРия пеТровА,+7 9864 88 43,1,кОрМ ДЛя СоБаК,4,1957.99,42.01,PRocEsSinG,Всё отлично!,2024-05-30,3701399338799445
2029956865254,2024-05-02 04:41:16,МАРия пеТровА,+7 9864 88 43,5,МолоКо,1,2960.78,39.22,pROceSSINg,Всё отлично!,2024-05-30,3701399338799445
2029956865254,2024-05-02 04:41:16,МАРия пеТровА,+7 9864 88 43,1,Корм длЯ СОбак,5,2223.6,276.4,pRoceSsiNG,Всё отлично!,2024-05-30,3701399338799445
2029956864268,2024-05-24 14:27:17,ЕЛеНА НОВИкОвА,+7 9092 46 87,4,пОдпиСка на ГАЗЕту,4,2393.91,6.09,CanCelLed,"Задержка с доставкой, печалька...",2024-05-16,2035435312726693
2029956864268,2024-05-24 14:27:17,ЕЛеНА НОВИкОвА,+7 9092 46 87,1,кОРм для сОбаК,3,1487.65,12.35,cancelleD,"Задержка с доставкой, печалька...",2024-05-16,2035435312726693
2029957119616,2024-05-31 09:30:58,МАРиЯ петРовА,+7(9765)29-94,5,МОлоКО,2,5512.61,487.39,cancElLed,спасибо за заказ,19.05.2024,6069055867342586
2029957119616,2024-05-31 09:30:58,МАРиЯ петРовА,+7(9765)29-94,5,МОЛоко,4,10534.6,1465.4,CANCEllED,спасибо за заказ,19.05.2024,6069055867342586
2029957119616,2024-05-31 09:30:58,МАРиЯ петРовА,+7(9765)29-94,5,МоЛоКо,3,8174.54,825.46,cancELLed,спасибо за заказ,19.05.2024,6069055867342586
2029957119616,2024-05-31 09:30:58,МАРиЯ петРовА,+7(9765)29-94,2,ИгруШКА Мяч,3,879.44,20.56,CAncELLEd,спасибо за заказ,19.05.2024,6069055867342586
2029957119616,2024-05-31 09:30:58,МАРиЯ петРовА,+7(9765)29-94,1,корМ дЛя СоБак,2,975.76,24.24,CaNCELLEd,спасибо за заказ,19.05.2024,6069055867342586
2029957118384,2024/05/07 04:27:29,маРИя пеТроВА,+7 9429 86 05,1,КОРм дЛЯ СОбаК,5,2150.55,349.45,cOMpleteD,Проверить наличие,02.05.2024,4280985600935636
2029957118384,2024/05/07 04:27:29,маРИя пеТроВА,+7 9429 86 05,1,КоРм ДлЯ собаК,3,1367.39,132.61,comPlETed,Проверить наличие,02.05.2024,4280985600935636
2029957117119,2024/05/13 05:20:00,дмИтрий КузнецОв,+7 9935 97 27,2,ИГРуШКа мЯЧ,5,1438.43,61.57,CANceLlEd,Всё отлично!,2024/05/16,9126000881590423
2029957117119,2024/05/13 05:20:00,дмИтрий КузнецОв,+7 9935 97 27,5,мОЛокО,5,14574.37,425.63,caNcellEd,Всё отлично!,2024/05/16,9126000881590423
2029957117119,2024/05/13 05:20:00,дмИтрий КузнецОв,+7 9935 97 27,1,корм дЛя СоБаК,4,1764.77,235.23,CanCeLLeD,Всё отлично!,2024/05/16,9126000881590423
2029957116189,2024/05/17 19:16:36,НатАЛЬя ваСИЛьЕвА,+7(9940)94-64,5,МОЛОКО,4,9939.47,2060.53,CaNCelLED,Нужно уточнить сроки,2024/05/25,4876956825932483
2029957116189,2024/05/17 19:16:36,НатАЛЬя ваСИЛьЕвА,+7(9940)94-64,5,молОко,4,11186.24,813.76,CancEllED,Нужно уточнить сроки,2024/05/25,4876956825932483
2029957115165,2024/05/18 08:56:19,МариЯ пеТРова,+7(9734)88-83,3,АмУНИциЯ длЯ СОбак,5,5225.47,774.53,CaNCEllEd,Нужно уточнить сроки,2024/05/17,5123702733232616
2029957115165,2024/05/18 08:56:19,МариЯ пеТРова,+7(9734)88-83,2,ИГрУшкА МЯч,1,240.32,59.68,cAnceLLED,Нужно уточнить сроки,2024/05/17,5123702733232616
2029957115165,2024/05/18 08:56:19,МариЯ пеТРова,+7(9734)88-83,3,амуНИЦИЯ ДЛЯ СоБаК,5,5449.62,550.38,CanceLled,Нужно уточнить сроки,2024/05/17,5123702733232616
2029957114827,2024/05/18 00:28:54,олЬГА КузНецовА,+7 9897 19 98,2,ИГРУШКА мЯч,2,530.05,69.95,caNcELLed,"Задержка с доставкой, печалька...",16.05.2024,3914024449749311
2029957114827,2024/05/18 00:28:54,олЬГА КузНецовА,+7 9897 19 98,4,поДПИска нА газетУ,2,1191.35,8.65,CANcELlED,"Задержка с доставкой, печалька...",16.05.2024,3914024449749311
2029957114827,2024/05/18 00:28:54,олЬГА КузНецовА,+7 9897 19 98,3,аМуниция дЛя СобАК,2,2255.84,144.16,CancELlEd,"Задержка с доставкой, печалька...",16.05.2024,3914024449749311
2029957113407,2024/05/17 02:16:22,НАТАльЯ ВАСИлЬеВа,+7(9510)67-96,5,моЛОко,1,2414.23,585.77,PRoceSsIng,Нужно уточнить сроки,18.05.2024,6359997426499612
2029957113407,2024/05/17 02:16:22,НАТАльЯ ВАСИлЬеВа,+7(9510)67-96,2,игруШКа МяЧ,3,866.37,33.63,pROcEsSInG,Нужно уточнить сроки,18.05.2024,6359997426499612
2029957113407,2024/05/17 02:16:22,НАТАльЯ ВАСИлЬеВа,+7(9510)67-96,4,поДПИска на гАзеТУ,3,1709.97,90.03,PRocessiNg,Нужно уточнить сроки,18.05.2024,6359997426499612
2029957112472,2024/05/27 01:56:12,оЛЬГА куЗнецоВа,+7(9387)32-95,2,ИГРушКа мяЧ,5,1342.31,157.69,COmPLETeD,Ждём с нетерпением!,2024-05-06,2718076694818264
2029957112472,2024/05/27 01:56:12,оЛЬГА куЗнецоВа,+7(9387)32-95,1,кОРМ ДЛя собаК,5,2410.68,89.32,comPleTEd,Ждём с нетерпением!,2024-05-06,2718076694818264
2029957112472,2024/05/27 01:56:12,оЛЬГА куЗнецоВа,+7(9387)32-95,4,подпИСкА НА ГазетУ,2,1081.09,118.91,COMpLEted,Ждём с нетерпением!,2024-05-06,2718076694818264
2029957112472,2024/05/27 01:56:12,оЛЬГА куЗнецоВа,+7(9387)32-95,3,АМУНицИЯ ДлЯ сОбАК,1,1057.13,142.87,cOMPleTeD,Ждём с нетерпением!,2024-05-06,2718076694818264
2029957111969,2024-05-28 07:34:42,олЬГА куЗНеЦоВа,+7(9272)20-25,3,амУНИЦия для СоБАк,5,5134.97,865.03,caNCELLed,Всё отлично!,2024-05-29,7691981656770772
2029957111969,2024-05-28 07:34:42,олЬГА куЗНеЦоВа,+7(9272)20-25,2,игрушКа мЯч,1,251.34,48.66,CAncELlEd,Всё отлично!,2024-05-29,7691981656770772
2029957110988,2024/05/22 22:48:45,наТаЛья ВАсИлЬевА,8(9101) 40-51,3,АМуниЦИЯ дЛЯ соБаК,3,3364.85,235.15,cAnceLLeD,Всё отлично!,2024/05/30,7807677297495216
2029957110988,2024/05/22 22:48:45,наТаЛья ВАсИлЬевА,8(9101) 40-51,2,ИгруШка мяч,5,1279.19,220.81,CAnCelLED,Всё отлично!,2024/05/30,7807677297495216
2029957109878,2024/05/17 02:36:14,СЕргеЙ СИДОРОв,+7(9805)51-32,4,поДПИСКа На газетУ,3,1582.34,217.66,CaNCellED,подарок вовремя,2024/05/02,4864155146358387
2029957109878,2024/05/17 02:36:14,СЕргеЙ СИДОРОв,+7(9805)51-32,2,ИгруШКА мЯч,3,756.29,143.71,caNCELLed,подарок вовремя,2024/05/02,4864155146358387
2029957109878,2024/05/17 02:36:14,СЕргеЙ СИДОРОв,+7(9805)51-32,3,АМунИция Для сОБАК,1,1173.74,26.26,cAnCElLed,подарок вовремя,2024/05/02,4864155146358387
2029957109878,2024/05/17 02:36:14,СЕргеЙ СИДОРОв,+7(9805)51-32,4,пОдПиСка нА ГАЗЕТУ,1,497.69,102.31,CancELLed,подарок вовремя,2024/05/02,4864155146358387
2029957108695,2024/05/16 19:40:15,ОЛЬГа КУзНЕцОвА,+7(9955)25-60,3,амУнИциЯ для сОБАК,2,2263.17,136.83,ProCEssiNg,спасибо за заказ,31.05.2024,5090465857766340
2029957108695,2024/05/16 19:40:15,ОЛЬГа КУзНЕцОвА,+7(9955)25-60,2,ИГРуШкА МЯЧ,3,724.79,175.21,PRocessINg,спасибо за заказ,31.05.2024,5090465857766340
2029957108695,2024/05/16 19:40:15,ОЛЬГа КУзНЕцОвА,+7(9955)25-60,3,АМУНИЦия длЯ СоБАК,1,1117.93,82.07,PROceSsinG,спасибо за заказ,31.05.2024,5090465857766340
2029957107613,20.05.2024 08:29,михаИл ОрЛов,8(9055) 22-91,5,мОлОкО,1,2783.07,216.93,cOMPLeTEd,Нужно уточнить сроки,2024/05/18,3030312884580817
2029957107613,20.05.2024 08:29,михаИл ОрЛов,8(9055) 22-91,2,иГрушка мЯЧ,2,535.56,64.44,cOMPLETeD,Нужно уточнить сроки,2024/05/18,3030312884580817
2029957106799,13.05.2024 17:41,НАТалЬя вАСильЕва,+7 9717 04 04,4,ПОдписКА НА ГАзеТу,4,2062.91,337.09,PrOCesSInG,подарок вовремя,11.05.2024,7537482657334707
2029957106799,13.05.2024 17:41,НАТалЬя вАСильЕва,+7 9717 04 04,2,иГРушКА мяЧ,3,749.75,150.25,pRocEssinG,подарок вовремя,11.05.2024,7537482657334707
2029957106799,13.05.2024 17:41,НАТалЬя вАСильЕва,+7 9717 04 04,1,КОРМ дЛЯ сОбак,2,995.96,4.04,pROCESSiNg,подарок вовремя,11.05.2024,7537482657334707
2029957105850,2024-05-15 15:03:17,МИХАИл оРлОв,+7(9622)98-74,5,МОЛОКО,3,7379.79,1620.21,pROcesSInG,спасибо за заказ,28.05.2024,5328212412581880
2029957104208,2024-05-31 06:18:46,михаИл орЛОВ,+7(9089)08-68,4,подпИСКА НА ГазЕту,5,2440.46,559.54,pROCeSsInG,подарок вовремя,2024-05-30,2446571329319554
2029957103685,21.05.2024 23:12,ЕлеНа новиКОва,+7(9698)29-44,1,коРм ДлЯ СОбАк,4,1983.01,16.99,CaNCELLed,подарок вовремя,2024/05/16,5985420681420724
2029957103685,21.05.2024 23:12,ЕлеНа новиКОва,+7(9698)29-44,3,амуНицИЯ дЛЯ СОбак,4,4371.74,428.26,CAnCeLLed,подарок вовремя,2024/05/16,5985420681420724
2029957103685,21.05.2024 23:12,ЕлеНа новиКОва,+7(9698)29-44,5,мОЛОкО,1,2420.07,579.93,caNCELlED,подарок вовремя,2024/05/16,5985420681420724
2029957103685,21.05.2024 23:12,ЕлеНа новиКОва,+7(9698)29-44,1,КорМ ДлЯ собаК,4,1667.93,332.07,CaNCelLed,подарок вовремя,2024/05/16,5985420681420724
2029957103685,21.05.2024 23:12,ЕлеНа новиКОва,+7(9698)29-44,3,АмУНИЦИЯ длЯ собак,5,4850.57,1149.43,CANCELleD,подарок вовремя,2024/05/16,5985420681420724
2029957102602,2024-05-10 10:05:42,мАРиЯ пеТРовА,+7 9605 97 55,2,ИГРушкА МяЧ,5,1270.22,229.78,CaNcELleD,Проверить наличие,2024-05-13,7252023554462002
2029957102602,2024-05-10 10:05:42,мАРиЯ пеТРовА,+7 9605 97 55,4,подписКа нА гаЗету,5,2748.76,251.24,CAnCELLeD,Проверить наличие,2024-05-13,7252023554462002
2029957102602,2024-05-10 10:05:42,мАРиЯ пеТРовА,+7 9605 97 55,3,АМУНИцИЯ длЯ собак,3,3090.53,509.47,cAncELLed,Проверить наличие,2024-05-13,7252023554462002
2029957102602,2024-05-10 10:05:42,мАРиЯ пеТРовА,+7 9605 97 55,2,ИГРУШкА мяч,1,253.49,46.51,cAncelLed,Проверить наличие,2024-05-13,7252023554462002
2029957101992,2024/05/02 00:29:28,нАТаЛЬЯ вАСИлЬЕва,+7 9808 91 53,1,КОРМ дЛЯ сОБак,4,1961.71,38.29,pRocESsiNG,Всё отлично!,2024-05-25,6375172788973583
2029957101992,2024/05/02 00:29:28,нАТаЛЬЯ вАСИлЬЕва,+7 9808 91 53,5,моЛоко,4,10972.84,1027.16,PRoceSsiNg,Всё отлично!,2024-05-25,6375172788973583
2029957101992,2024/05/02 00:29:28,нАТаЛЬЯ вАСИлЬЕва,+7 9808 91 53,4,ПодПиска НА гАзеТу,1,597.25,2.75,pROceSsing,Всё отлично!,2024-05-25,6375172788973583
2029957101992,2024/05/02 00:29:28,нАТаЛЬЯ вАСИлЬЕва,+7 9808 91 53,3,аМуНиция длЯ сОбАк,4,4372.93,427.07,PROceSsinG,Всё отлично!,2024-05-25,6375172788973583
2029957100918,2024/05/14 07:27:44,АЛЕКСей МиХайЛОВ,+7 9599 33 54,2,игрУшКА МяЧ,1,297.12,2.88,coMPletEd,Всё отлично!,2024/05/28,6421140406225758
2029957100918,2024/05/14 07:27:44,АЛЕКСей МиХайЛОВ,+7 9599 33 54,3,АмунИЦИЯ дЛя собАК,2,2243.82,156.18,CoMPlEtEd,Всё отлично!,2024/05/28,6421140406225758
2029957099806,2024-05-27 04:47:34,алеКсЕЙ МИХаЙлОВ,+7(9501)59-31,5,МоЛОКО,4,10599.55,1400.45,CanCELleD,Всё отлично!,2024-05-11,6661093049533498
2029957098496,27.05.2024 12:33,аНна смирНОва,+7 9495 22 75,3,АмунИцИя ДЛЯ соБаК,5,5378.19,621.81,COmPleted,Всё отлично!,2024/05/04,6226403531808415
2029957098496,27.05.2024 12:33,аНна смирНОва,+7 9495 22 75,4,Подписка НА гАзЕТу,2,1038.26,161.74,COMPLETEd,Всё отлично!,2024/05/04,6226403531808415
2029957098496,27.05.2024 12:33,аНна смирНОва,+7 9495 22 75,2,иГРУшКА МяЧ,2,493.53,106.47,complEtEd,Всё отлично!,2024/05/04,6226403531808415
2029957098496,27.05.2024 12:33,аНна смирНОва,+7 9495 22 75,4,поДпиСКА НА Газету,4,2339.91,60.09,CompLeTeD,Всё отлично!,2024/05/04,6226403531808415
2029957098496,27.05.2024 12:33,аНна смирНОва,+7 9495 22 75,3,амУНИЦИя дЛЯ СоБаК,5,5583.06,416.94,COMpLeTed,Всё отлично!,2024/05/04,6226403531808415
2029957097500,2024-05-20 11:50:17,АЛекСЕй МиХАЙЛов,8(9760) 51-23,2,ИгРушкА мяч,1,255.17,44.83,procEsSInG,Всё отлично!,05.05.2024,6167872816252561
2029957097500,2024-05-20 11:50:17,АЛекСЕй МиХАЙЛов,8(9760) 51-23,2,ИГрушкА МЯЧ,3,881.99,18.01,pROcESsInG,Всё отлично!,05.05.2024,6167872816252561
2029957097500,2024-05-20 11:50:17,АЛекСЕй МиХАЙЛов,8(9760) 51-23,3,АмУниЦИЯ дЛЯ СОбАК,5,5465.93,534.07,proceSSIng,Всё отлично!,05.05.2024,6167872816252561
2029957097500,2024-05-20 11:50:17,АЛекСЕй МиХАЙЛов,8(9760) 51-23,4,ПОДпИСКА НА газеТУ,1,484.18,115.82,PrOCesSInG,Всё отлично!,05.05.2024,6167872816252561
2029957096762,21.05.2024 20:41,АЛЕКСей МихайЛОВ,+7(9656)68-64,4,пОДПИСКа на гАЗеТу,3,1500.45,299.55,cOmpleTed,Нужно уточнить сроки,2024-05-06,3354060832117914
2029957096762,21.05.2024 20:41,АЛЕКСей МихайЛОВ,+7(9656)68-64,3,аМунИЦия ДЛЯ СоБак,2,2029.7,370.3,CoMpLeTEd,Нужно уточнить сроки,2024-05-06,3354060832117914
2029957096762,21.05.2024 20:41,АЛЕКСей МихайЛОВ,+7(9656)68-64,5,МолОКо,5,14380.66,619.34,cOMPleteD,Нужно уточнить сроки,2024-05-06,3354060832117914
2029957096762,21.05.2024 20:41,АЛЕКСей МихайЛОВ,+7(9656)68-64,3,АМуНиЦиЯ Для СОБак,2,2139.82,260.18,ComplETEd,Нужно уточнить сроки,2024-05-06,3354060832117914
2029957096762,21.05.2024 20:41,АЛЕКСей МихайЛОВ,+7(9656)68-64,5,МоЛоКО,1,2564.6,435.4,CompLEtEd,Нужно уточнить сроки,2024-05-06,3354060832117914
2029957095434,10.05.2024 02:44,ДмИтрИй куЗНеЦОВ,+7 9151 47 54,5,МОлоКо,3,8155.49,844.51,COmPleTEd,Проверить наличие,05.05.2024,9740951848158694
2029957094179,2024-05-21 22:33:53,МаРиЯ ПетрОва,+7 9499 66 82,5,МОЛОкО,1,2985.66,14.34,proCesSiNG,спасибо за заказ,02.05.2024,3408661848797192
2029957094179,2024-05-21 22:33:53,МаРиЯ ПетрОва,+7 9499 66 82,4,пОДпиСКа На газеТу,4,2326.13,73.87,proCeSsING,спасибо за заказ,02.05.2024,3408661848797192
2029957094179,2024-05-21 22:33:53,МаРиЯ ПетрОва,+7 9499 66 82,2,игРуШКа МяЧ,5,1475.63,24.37,PrOCeSSIng,спасибо за заказ,02.05.2024,3408661848797192
2029957094179,2024-05-21 22:33:53,МаРиЯ ПетрОва,+7 9499 66 82,5,МоЛОко,3,7959.52,1040.48,pROCeSsing,спасибо за заказ,02.05.2024,3408661848797192
2029957093992,2024/05/13 05:36:28,НатАЛья ВасиЛьеВА,+7 9206 90 41,5,молОКО,5,12948.51,2051.49,CANcElLeD,подарок вовремя,2024-05-19,4793114327298781
2029957093992,2024/05/13 05:36:28,НатАЛья ВасиЛьеВА,+7 9206 90 41,4,подписКА На ГаЗеТУ,2,1185.33,14.67,CancELLeD,подарок вовремя,2024-05-19,4793114327298781
2029957092653,2024-05-10 16:11:44,ДмиТриЙ кузНЕЦов,+7(9949)19-93,5,МОлокО,3,8503.35,496.65,CANcELLED,Нужно уточнить сроки,2024/05/28,2195380320708827
2029957091799,2024/05/10 08:23:18,алексеЙ МИхАЙЛОВ,8(9508) 28-92,1,КОрМ длЯ собак,4,1813.5,186.5,CaNcellED,спасибо за заказ,2024-05-26,8631154227905433
2029957091799,2024/05/10 08:23:18,алексеЙ МИхАЙЛОВ,8(9508) 28-92,1,Корм ДЛЯ СоБАК,3,1375.43,124.57,cANCelleD,спасибо за заказ,2024-05-26,8631154227905433
2029957091799,2024/05/10 08:23:18,алексеЙ МИхАЙЛОВ,8(9508) 28-92,3,амуНиЦиЯ дЛя соБАК,1,1017.65,182.35,CancelLED,спасибо за заказ,2024-05-26,8631154227905433
2029957091799,2024/05/10 08:23:18,алексеЙ МИхАЙЛОВ,8(9508) 28-92,1,КОрМ Для сОБак,4,1610.79,389.21,canCeLLed,спасибо за заказ,2024-05-26,8631154227905433
2029957091799,2024/05/10 08:23:18,алексеЙ МИхАЙЛОВ,8(9508) 28-92,3,аМУНиЦиЯ ДЛя СОбАк,1,1142.04,57.96,CANCelLeD,спасибо за заказ,2024-05-26,8631154227905433
2029957090528,2024/05/29 07:35:02,АлЕКсЕЙ мИХАйЛОВ,+7(9377)18-78,3,АмУНИЦия дЛЯ СобАк,1,1025.18,174.82,prOCessIng,Проверить наличие,30.05.2024,4580628457097974
2029957090528,2024/05/29 07:35:02,АлЕКсЕЙ мИХАйЛОВ,+7(9377)18-78,2,ИГрУшКА МЯч,2,509.26,90.74,PROCessInG,Проверить наличие,30.05.2024,4580628457097974
2029957089822,14.05.2024 22:55,АЛеКСЕЙ михАЙлоВ,+7 9423 93 80,5,МоЛОКо,3,7764.87,1235.13,caNCellEd,Ждём с нетерпением!,2024/05/26,6731133192880174
2029957089822,14.05.2024 22:55,АЛеКСЕЙ михАЙлоВ,+7 9423 93 80,5,мОЛОКО,1,2792.86,207.14,cAncELlEd,Ждём с нетерпением!,2024/05/26,6731133192880174
2029957089822,14.05.2024 22:55,АЛеКСЕЙ михАЙлоВ,+7 9423 93 80,4,пОдПиСКа НА гАзЕту,2,1196.23,3.77,canCELlED,Ждём с нетерпением!,2024/05/26,6731133192880174
2029957089822,14.05.2024 22:55,АЛеКСЕЙ михАЙлоВ,+7 9423 93 80,4,ПОдпИСКА на гаЗЕту,2,1009.47,190.53,cAnCelLEd,Ждём с нетерпением!,2024/05/26,6731133192880174
2029957088748,2024/05/04 11:47:14,МИХАил ОрлОв,+7(9123)79-37,4,пОДписКА нА гаЗеТУ,3,1607.88,192.12,comPlEteD,подарок вовремя,09.05.2024,2181085568452795
2029957088748,2024/05/04 11:47:14,МИХАил ОрлОв,+7(9123)79-37,4,ПОдПИСКА на газеТу,5,2986.86,13.14,cOMpleTED,подарок вовремя,09.05.2024,2181085568452795
2029957087351,18.05.2024 19:07,МАрия ПЕтровА,8(9890) 50-05,4,ПОДписКа нА ГАзЕтУ,2,1026.55,173.45,ComPLEted,подарок вовремя,2024-05-03,1806477352426368
2029957087351,18.05.2024 19:07,МАрия ПЕтровА,8(9890) 50-05,1,Корм ДЛя сОбаК,3,1260.28,239.72,cOmPlETed,подарок вовремя,2024-05-03,1806477352426368
2029957086866,2024/05/15 07:09:49,елена новикОВа,8(9720) 15-04,5,мОЛОко,3,8838.62,161.38,ComplEtED,подарок вовремя,11.05.2024,6655935533311369
2029957086866,2024/05/15 07:09:49,елена новикОВа,8(9720) 15-04,4,пОдПиСКА нА ГАЗЕту,3,1773.67,26.33,cOMpletEd,подарок вовремя,11.05.2024,6655935533311369
2029957086866,2024/05/15 07:09:49,елена новикОВа,8(9720) 15-04,1,коРм дЛЯ СОбак,2,992.52,7.48,cOMPlEtED,подарок вовремя,11.05.2024,6655935533311369
2029957086866,2024/05/15 07:09:49,елена новикОВа,8(9720) 15-04,5,МоЛоКо,2,4975.5,1024.5,COMpLeTED,подарок вовремя,11.05.2024,6655935533311369
2029957085461,2024-05-01 00:56:06,СЕргеЙ СИдороВ,8(9154) 12-84,3,амУнИЦиЯ ДЛЯ Собак,4,4580.85,219.15,CaNCeLleD,подарок вовремя,2024/05/11,2044563665582460
2029957085461,2024-05-01 00:56:06,СЕргеЙ СИдороВ,8(9154) 12-84,4,подписКА нА ГАЗеТУ,4,2199.47,200.53,CanceLLed,подарок вовремя,2024/05/11,2044563665582460
2029957085461,2024-05-01 00:56:06,СЕргеЙ СИдороВ,8(9154) 12-84,2,ИГРУшка Мяч,2,589.04,10.96,CancELlEd,подарок вовремя,2024/05/11,2044563665582460
2029957085461,2024-05-01 00:56:06,СЕргеЙ СИдороВ,8(9154) 12-84,2,игрУШКА МЯч,3,848.07,51.93,cANcelLED,подарок вовремя,2024/05/11,2044563665582460
2029957084103,05.05.2024 23:21,ОЛЬга куЗНЕцоВа,8(9304) 94-84,3,АмуНиЦиЯ для собак,5,5350.62,649.38,CaNcELled,подарок вовремя,2024-05-25,4704271711537004
2029957084103,05.05.2024 23:21,ОЛЬга куЗНЕцоВа,8(9304) 94-84,5,МоЛоКо,4,11295.22,704.78,caNCelled,подарок вовремя,2024-05-25,4704271711537004
2029957084103,05.05.2024 23:21,ОЛЬга куЗНЕцоВа,8(9304) 94-84,5,МолОкО,3,7842.04,1157.96,cAnCELled,подарок вовремя,2024-05-25,4704271711537004
2029957083162,2024-05-28 17:16:00,нАТАЛЬЯ ВАсИЛьЕвА,8(9369) 77-83,5,молокО,2,4938.98,1061.02,cOMpLEtEd,Проверить наличие,2024/05/14,7929081347083271
2029957083162,2024-05-28 17:16:00,нАТАЛЬЯ ВАсИЛьЕвА,8(9369) 77-83,5,МоЛоКо,3,8079.54,920.46,COmPlEtED,Проверить наличие,2024/05/14,7929081347083271
2029957082110,28.05.2024 11:13,Анна смиРНОвА,+7 9655 35 49,4,ПодписКа на ГАЗЕту,2,977.99,222.01,ProcEssinG,спасибо за заказ,2024-05-15,8703521540987054
2029957082110,28.05.2024 11:13,Анна смиРНОвА,+7 9655 35 49,2,игРУшка МЯч,2,495.78,104.22,processing,спасибо за заказ,2024-05-15,8703521540987054
2029957082110,28.05.2024 11:13,Анна смиРНОвА,+7 9655 35 49,1,КОрМ ДлЯ СОбак,4,1931.48,68.52,proCesSING,спасибо за заказ,2024-05-15,8703521540987054
2029957082110,28.05.2024 11:13,Анна смиРНОвА,+7 9655 35 49,4,поДпИсКа НА гАзЕТУ,3,1578.31,221.69,ProcESSinG,спасибо за заказ,2024-05-15,8703521540987054
2029957082110,28.05.2024 11:13,Анна смиРНОвА,+7 9655 35 49,5,МОлОКО,2,5431.5,568.5,proCESsiNg,спасибо за заказ,2024-05-15,8703521540987054
2029957081821,2024-05-04 05:06:20,михаиЛ ОрЛоВ,+7(9899)43-44,4,ПодпИСкА на гАзЕТу,2,1031.02,168.98,caNcELleD,спасибо за заказ,07.05.2024,9581883837682164
2029957081821,2024-05-04 05:06:20,михаиЛ ОрЛоВ,+7(9899)43-44,4,подпИСКА на гАзЕТУ,5,2567.04,432.96,cANCeLLeD,спасибо за заказ,07.05.2024,9581883837682164
2029957081821,2024-05-04 05:06:20,михаиЛ ОрЛоВ,+7(9899)43-44,4,ПОдпИсКа На гАЗЕТУ,4,2220.55,179.45,CAncElleD,спасибо за заказ,07.05.2024,9581883837682164
2029957081821,2024-05-04 05:06:20,михаиЛ ОрЛоВ,+7(9899)43-44,1,корм для СОБак,3,1258.21,241.79,CanCELLED,спасибо за заказ,07.05.2024,9581883837682164
2029957080922,2024-05-03 21:01:06,ДМитРий кУзНецОв,+7 9548 05 76,2,игрушка МяЧ,1,291.51,8.49,CANcELLEd,Проверить наличие,19.05.2024,4564524339848805
2029957080922,2024-05-03 21:01:06,ДМитРий кУзНецОв,+7 9548 05 76,5,МОЛОкО,2,5671.24,328.76,CAnceLLED,Проверить наличие,19.05.2024,4564524339848805
2029957080922,2024-05-03 21:01:06,ДМитРий кУзНецОв,+7 9548 05 76,1,КОРМ ДЛЯ сОБак,4,1721.37,278.63,cAnCeLLeD,Проверить наличие,19.05.2024,4564524339848805
2029957079498,2024/05/14 20:49:43,Мария пЕТРОВа,+7(9531)16-26,4,подпиСкА на ГаЗету,3,1550.6,249.4,caNcEllEd,подарок вовремя,2024/05/13,6603551666285028
2029957079498,2024/05/14 20:49:43,Мария пЕТРОВа,+7(9531)16-26,2,игРУшка МЯч,4,1023.8,176.2,CANCElLed,подарок вовремя,2024/05/13,6603551666285028
2029957078136,15.05.2024 13:21,михАИЛ орлОВ,+7 9442 68 16,5,мОлОКо,2,5011.11,988.89,cOmPlEtED,Ждём с нетерпением!,2024/05/03,3934451224866767
2029957078136,15.05.2024 13:21,михАИЛ орлОВ,+7 9442 68 16,3,аМУНиЦия для СобАк,1,977.48,222.52,coMPLeted,Ждём с нетерпением!,2024/05/03,3934451224866767
2029957078136,15.05.2024 13:21,михАИЛ орлОВ,+7 9442 68 16,1,КорМ ДЛя СОбаК,4,1811.37,188.63,cOMPlEtED,Ждём с нетерпением!,2024/05/03,3934451224866767
2029957078136,15.05.2024 13:21,михАИЛ орлОВ,+7 9442 68 16,5,мОлОКо,2,5423.95,576.05,CoMPLeTed,Ждём с нетерпением!,2024/05/03,3934451224866767
2029957078136,15.05.2024 13:21,михАИЛ орлОВ,+7 9442 68 16,2,ИГРУшКА МяЧ,1,257.77,42.23,cOmPLeTED,Ждём с нетерпением!,2024/05/03,3934451224866767
2029957077311,18.05.2024 10:49,ИВан ИвАнОв,+7 9127 89 24,3,аМУниция дЛя соБак,3,3213.69,386.31,PrOCEsSInG,Нужно уточнить сроки,11.05.2024,0077547992760392
2029957077311,18.05.2024 10:49,ИВан ИвАнОв,+7 9127 89 24,1,коРм ДЛЯ соБАК,5,2336.41,163.59,pROCeSSiNg,Нужно уточнить сроки,11.05.2024,0077547992760392
2029957076639,2024/05/11 13:42:24,сЕргеЙ СИдороВ,+7 9145 46 52,4,ПОДПИсКА нА гаЗетУ,4,2136.22,263.78,comPlEteD,Проверить наличие,17.05.2024,3786932310861299
2029957075468,2024/05/23 17:14:30,аЛеКсей МИХаЙлОв,8(9452) 91-28,5,МолОкО,5,12056.33,2943.67,cOmPLEted,подарок вовремя,24.05.2024,5698982561226127
2029957075468,2024/05/23 17:14:30,аЛеКсей МИХаЙлОв,8(9452) 91-28,5,мОлОКО,3,7896.34,1103.66,COmPLETeD,подарок вовремя,24.05.2024,5698982561226127
2029957075468,2024/05/23 17:14:30,аЛеКсей МИХаЙлОв,8(9452) 91-28,4,подПИска На ГАЗЕту,4,2058.74,341.26,comPLetED,подарок вовремя,24.05.2024,5698982561226127
2029957074719,2024/05/04 12:29:03,аЛЕКСЕй МихайлоВ,+7 9363 51 08,2,ИгРУшкА мЯч,5,1337.91,162.09,COmpletED,Нужно уточнить сроки,16.05.2024,3796192350091630
2029957073512,2024-05-08 07:46:33,ивАН ИВАНОв,+7 9834 90 22,4,подПиСКа НА гАЗЕту,3,1511.57,288.43,CANCellEd,"Задержка с доставкой, печалька...",2024-05-10,8603437816121881
2029957072411,2024/05/20 23:09:28,СЕРГеЙ СиДОроВ,8(9431) 67-35,2,ИгрУШка МЯч,1,295.11,4.89,procesSIng,Нужно уточнить сроки,24.05.2024,1761589468877913
2029957072411,2024/05/20 23:09:28,СЕРГеЙ СиДОроВ,8(9431) 67-35,5,МОЛОкО,4,9949.4,2050.6,pRoCEssING,Нужно уточнить сроки,24.05.2024,1761589468877913
2029957072411,2024/05/20 23:09:28,СЕРГеЙ СиДОроВ,8(9431) 67-35,2,Игрушка МяЧ,3,738.27,161.73,pRocESsiNg,Нужно уточнить сроки,24.05.2024,1761589468877913
2029957072411,2024/05/20 23:09:28,СЕРГеЙ СиДОроВ,8(9431) 67-35,3,амуниЦИЯ длЯ СОБАк,2,2243.01,156.99,proCeSsING,Нужно уточнить сроки,24.05.2024,1761589468877913
2029957072411,2024/05/20 23:09:28,СЕРГеЙ СиДОроВ,8(9431) 67-35,5,МОлоко,2,5010.7,989.3,ProcessiNG,Нужно уточнить сроки,24.05.2024,1761589468877913
2029957071480,2024/05/18 15:42:08,МАРия ПЕТроВа,8(9246) 68-83,5,мОлоКо,1,2494.71,505.29,cAnceLLeD,Проверить наличие,18.05.2024,8986220546823040
2029957071480,2024/05/18 15:42:08,МАРия ПЕТроВа,8(9246) 68-83,5,МОлОкО,4,11580.61,419.39,CANceLleD,Проверить наличие,18.05.2024,8986220546823040
2029957070850,2024/05/26 05:44:58,иВан иваНов,+7(9848)00-62,1,КорМ длЯ СобаК,3,1342.68,157.32,cANCeLled,спасибо за заказ,15.05.2024,8367014137811075
2029957070850,2024/05/26 05:44:58,иВан иваНов,+7(9848)00-62,5,молоКО,4,9725.82,2274.18,cANCElLed,спасибо за заказ,15.05.2024,8367014137811075
2029957069624,02.05.2024 17:16,ЕЛЕна НОВИкоВа,+7(9833)32-83,2,иГРУШка МЯЧ,3,816.15,83.85,CaNcEllED,подарок вовремя,2024/05/20,6125582192004601
2029957069624,02.05.2024 17:16,ЕЛЕна НОВИкоВа,+7(9833)32-83,2,ИгРуШКа Мяч,3,811.2,88.8,cAnCELLeD,подарок вовремя,2024/05/20,6125582192004601
2029957068218,2024-05-21 02:47:58,ОЛьга КУзНЕЦоВа,+7(9446)49-40,3,амуНИциЯ Для сОБак,2,2384.69,15.31,PROcEsSinG,"Задержка с доставкой, печалька...",20.05.2024,2581723673710360
2029957068218,2024-05-21 02:47:58,ОЛьга КУзНЕЦоВа,+7(9446)49-40,4,ПОДПиска На ГАзЕТу,4,2370.29,29.71,PrOcessIng,"Задержка с доставкой, печалька...",20.05.2024,2581723673710360
2029957067574,2024/05/20 17:10:23,нАТАлЬя вАсИЛЬЕВА,+7 9486 68 16,1,кОРм Для соБак,2,849.48,150.52,CoMPLETEd,подарок вовремя,25.05.2024,3019767935328221
2029957067574,2024/05/20 17:10:23,нАТАлЬя вАсИЛЬЕВА,+7 9486 68 16,5,МОлОКО,2,4810.87,1189.13,COMpLeted,подарок вовремя,25.05.2024,3019767935328221
2029957066155,2024/05/24 09:39:39,сЕргЕЙ СидОРоВ,+7(9678)56-46,2,игРуШкА мяЧ,2,532.18,67.82,COmpLetEd,подарок вовремя,2024-05-01,2820140468316645
2029957066155,2024/05/24 09:39:39,сЕргЕЙ СидОРоВ,+7(9678)56-46,2,иГРУШка мЯЧ,4,1198.81,1.19,cOmPLETeD,подарок вовремя,2024-05-01,2820140468316645
2029957065346,01.05.2024 16:50,сеРГЕй сиДОРоВ,8(9453) 68-25,4,поДпИСКа на ГазеТУ,1,513.7,86.3,cAncelleD,спасибо за заказ,28.05.2024,3526740450658944
2029957064491,2024-05-20 06:19:45,СеРгей сидОрОв,+7 9559 33 64,4,подПИСКА НА ГаЗеТу,5,2704.79,295.21,CoMPlEteD,спасибо за заказ,2024-05-29,6581184312582927
2029957064491,2024-05-20 06:19:45,СеРгей сидОрОв,+7 9559 33 64,5,моЛОко,3,8658.36,341.64,complETED,спасибо за заказ,2024-05-29,6581184312582927
2029957064491,2024-05-20 06:19:45,СеРгей сидОрОв,+7 9559 33 64,1,кОРМ ДлЯ СОБАк,3,1338.17,161.83,COMplEtED,спасибо за заказ,2024-05-29,6581184312582927
2029957064491,2024-05-20 06:19:45,СеРгей сидОрОв,+7 9559 33 64,3,АмУНИцИЯ для Собак,3,3418.71,181.29,cOMpLetEd,спасибо за заказ,2024-05-29,6581184312582927
2029957063613,2024-05-01 19:25:49,ДмитриЙ кУЗНЕцов,+7 9729 40 88,3,аМУНИциЯ для СоБАК,1,1149.08,50.92,CAnCElled,подарок вовремя,2024/05/29,0275318978711940
2029957063613,2024-05-01 19:25:49,ДмитриЙ кУЗНЕцов,+7 9729 40 88,3,АмуНИЦиЯ ДЛя соБАК,5,5191.19,808.81,cAnCEllED,подарок вовремя,2024/05/29,0275318978711940
2029957062729,2024-05-16 14:21:08,ЕЛЕНа НОвиКОВа,+7 9253 76 11,1,КорМ длЯ сОБАК,1,405.36,94.64,COmpLETED,Всё отлично!,07.05.2024,5410607988781825
2029957061551,2024-05-04 06:27:49,ИвАн ИвАНов,+7 9948 97 60,3,аМуНИЦия дЛя сОБаК,2,1945.11,454.89,proCEssINg,Проверить наличие,2024-05-07,5602138935000387
2029957061551,2024-05-04 06:27:49,ИвАн ИвАНов,+7 9948 97 60,3,АМуниЦИя ДЛя сОБАК,4,4505.15,294.85,pRoCesSING,Проверить наличие,2024-05-07,5602138935000387
2029957061551,2024-05-04 06:27:49,ИвАн ИвАНов,+7 9948 97 60,5,МолОКо,4,10159.97,1840.03,PROCeSsINg,Проверить наличие,2024-05-07,5602138935000387
2029957061551,2024-05-04 06:27:49,ИвАн ИвАНов,+7 9948 97 60,4,ПодПИсКА На ГазеТУ,1,555.21,44.79,pROcessInG,Проверить наличие,2024-05-07,5602138935000387
2029957060560,2024-05-09 16:57:35,аНнА СмиРнОвА,+7 9403 88 93,1,кОРм дЛЯ собАК,2,830.4,169.6,CaNCeLled,Нужно уточнить сроки,2024/05/25,5027978947119223
2029957060560,2024-05-09 16:57:35,аНнА СмиРнОвА,+7 9403 88 93,1,КОрМ дЛя СОБАК,1,468.23,31.77,CaNCellED,Нужно уточнить сроки,2024/05/25,5027978947119223
2029957060560,2024-05-09 16:57:35,аНнА СмиРнОвА,+7 9403 88 93,4,пОдпИска На ГАЗЕТу,4,2047.29,352.71,caNcelLed,Нужно уточнить сроки,2024/05/25,5027978947119223
2029957059657,2024-05-29 11:19:40,аННА СМИРновА,+7(9628)46-25,2,игрушка МЯч,3,860.75,39.25,PrOCesSiNg,Нужно уточнить сроки,06.05.2024,4313768220192256
2029957058243,26.05.2024 17:13,михАил оРлОв,+7 9165 66 82,3,АмУНицИя ДЛя собаК,2,2195.65,204.35,PrOCESsinG,Ждём с нетерпением!,2024-05-15,3662195187730691
2029957058243,26.05.2024 17:13,михАил оРлОв,+7 9165 66 82,4,ПоДписка нА гаЗетУ,4,2049.1,350.9,PrOCeSSing,Ждём с нетерпением!,2024-05-15,3662195187730691
2029957057659,29.05.2024 01:27,ЕлЕНА новИкОвА,+7 9851 46 71,4,ПОдпИсКа нА ГАзЕТу,3,1666.82,133.18,compLeTEd,спасибо за заказ,11.05.2024,8058277196411605
2029957057659,29.05.2024 01:27,ЕлЕНА новИкОвА,+7 9851 46 71,5,МоЛОко,4,11619.15,380.85,COMpleTeD,спасибо за заказ,11.05.2024,8058277196411605
2029957057659,29.05.2024 01:27,ЕлЕНА новИкОвА,+7 9851 46 71,1,КорМ дЛя сОБаК,1,482.37,17.63,COMPleted,спасибо за заказ,11.05.2024,8058277196411605
2029957056125,2024-05-19 12:01:47,мИХАИЛ орЛоВ,+7 9131 37 51,3,АмУНиЦиЯ дЛя СОбАК,5,5722.64,277.36,pRocessING,Ждём с нетерпением!,03.05.2024,3869591375409961
2029957056125,2024-05-19 12:01:47,мИХАИЛ орЛоВ,+7 9131 37 51,4,ПОДпИскА нА гаЗЕту,2,1166.73,33.27,pRoceSsInG,Ждём с нетерпением!,03.05.2024,3869591375409961
2029957055427,2024/05/07 02:13:30,ЕЛеНА нОвиКОВА,+7 9289 07 12,3,АМУниция дЛЯ сОбАк,1,983.66,216.34,coMPLeTED,спасибо за заказ,17.05.2024,3743557438192403
2029957054108,08.05.2024 08:32,ОлЬга куЗнЕцОвА,8(9208) 73-80,2,ИгруШКА мЯЧ,3,814.19,85.81,COmpleTEd,Всё отлично!,03.05.2024,2990372378054134
2029957054108,08.05.2024 08:32,ОлЬга куЗнЕцОвА,8(9208) 73-80,3,АМунИцИЯ ДЛя СОБАк,3,3354.24,245.76,COmplEted,Всё отлично!,03.05.2024,2990372378054134
2029957053984,06.05.2024 06:59,наТалья васИльЕВА,8(9778) 67-97,2,иГРуШкА мяЧ,2,562.44,37.56,cAncelled,подарок вовремя,27.05.2024,0967252400739659
2029957053984,06.05.2024 06:59,наТалья васИльЕВА,8(9778) 67-97,5,МОлОКо,4,11780.38,219.62,CaNcELLEd,подарок вовремя,27.05.2024,0967252400739659
2029957052573,19.05.2024 06:46,алеКсЕЙ мИхайлов,+7 9582 55 42,2,игруШКа мяч,2,563.39,36.61,CaNceLlEd,Всё отлично!,2024/05/13,5054682717522543
2029957052573,19.05.2024 06:46,алеКсЕЙ мИхайлов,+7 9582 55 42,5,мОЛОКО,1,2952.84,47.16,caNcELleD,Всё отлично!,2024/05/13,5054682717522543
2029957052573,19.05.2024 06:46,алеКсЕЙ мИхайлов,+7 9582 55 42,4,подПИСкА на газеТу,3,1494.1,305.9,cANCelLED,Всё отлично!,2024/05/13,5054682717522543
2029957051203,2024/05/22 17:12:57,мАрия пЕТрова,8(9892) 60-41,5,МОлоКо,2,4910.42,1089.58,caNceLled,Проверить наличие,18.05.2024,6328223541430370
2029957051203,2024/05/22 17:12:57,мАрия пЕТрова,8(9892) 60-41,1,кОрМ дЛЯ СОБАК,3,1361.17,138.83,cancelleD,Проверить наличие,18.05.2024,6328223541430370
2029957050583,2024/05/28 03:31:12,СЕргЕй сиДОРоВ,+7 9366 31 24,1,КОрМ ДЛЯ сОбак,5,2228.51,271.49,PROceSsiNg,спасибо за заказ,2024/05/15,5067104973257887
2029957050583,2024/05/28 03:31:12,СЕргЕй сиДОРоВ,+7 9366 31 24,3,амУнИЦиЯ Для собаК,2,2007.54,392.46,ProceSsiNg,спасибо за заказ,2024/05/15,5067104973257887
2029957050583,2024/05/28 03:31:12,СЕргЕй сиДОРоВ,+7 9366 31 24,2,иГРУшКа мЯч,3,742.99,157.01,ProCesSing,спасибо за заказ,2024/05/15,5067104973257887
2029957049762,05.05.2024 01:53,иван иВаНОВ,+7 9750 91 92,1,коРм ДЛЯ собаК,5,2467.67,32.33,cOMPleTED,Нужно уточнить сроки,20.05.2024,5959751952122524
2029957049762,05.05.2024 01:53,иван иВаНОВ,+7 9750 91 92,3,АмУНиЦИЯ Для Собак,4,4781.76,18.24,COmPLetED,Нужно уточнить сроки,20.05.2024,5959751952122524
2029957049762,05.05.2024 01:53,иван иВаНОВ,+7 9750 91 92,2,ИГруШкА МЯЧ,3,828.92,71.08,ComPlETed,Нужно уточнить сроки,20.05.2024,5959751952122524
2029957049762,05.05.2024 01:53,иван иВаНОВ,+7 9750 91 92,5,мОлОКО,3,7501.17,1498.83,comPleTed,Нужно уточнить сроки,20.05.2024,5959751952122524
2029957048351,2024/05/15 22:17:54,ЕЛЕна НоВИкОВА,8(9194) 93-18,5,МОлОкО,4,10356.86,1643.14,ProcEsSINg,"Задержка с доставкой, печалька...",13.05.2024,8193834741779341
2029957048351,2024/05/15 22:17:54,ЕЛЕна НоВИкОВА,8(9194) 93-18,4,ПОдписКа на ГаЗЕту,5,2786.86,213.14,pROCEsSinG,"Задержка с доставкой, печалька...",13.05.2024,8193834741779341
2029957047579,13.05.2024 04:25,мИХАИл ОрЛОв,+7 9800 58 51,2,ИгРУШКа мяч,5,1456.83,43.17,pRocessing,Всё отлично!,2024-05-08,0101907603949063
2029957047579,13.05.2024 04:25,мИХАИл ОрЛОв,+7 9800 58 51,2,ИГрУШКА МЯЧ,2,568.63,31.37,proCesSinG,Всё отлично!,2024-05-08,0101907603949063
2029957047579,13.05.2024 04:25,мИХАИл ОрЛОв,+7 9800 58 51,3,аМуНицИЯ длЯ соБАК,3,3536.98,63.02,PROcEsSIng,Всё отлично!,2024-05-08,0101907603949063
2029957047579,13.05.2024 04:25,мИХАИл ОрЛОв,+7 9800 58 51,4,пОдПИска На ГАЗеТу,2,1050.02,149.98,pRoCEsSiNG,Всё отлично!,2024-05-08,0101907603949063
2029957046508,2024/05/24 04:42:35,мИхАИЛ ОРлов,+7(9812)34-14,5,МолОко,1,2508.84,491.16,PRoceSsING,спасибо за заказ,2024-05-14,3323313442896729
2029957046508,2024/05/24 04:42:35,мИхАИЛ ОРлов,+7(9812)34-14,1,коРМ для соБаК,1,417.88,82.12,prOCEssING,спасибо за заказ,2024-05-14,3323313442896729
2029957045871,2024-05-05 20:40:45,НАТаЛья ВАСИЛьЕВА,8(9201) 07-47,1,кОрм дЛя СобАк,3,1327.93,172.07,cOMplEted,спасибо за заказ,2024-05-28,1706586263755914
2029957045871,2024-05-05 20:40:45,НАТаЛья ВАСИЛьЕВА,8(9201) 07-47,3,АМУНИЦИЯ длЯ собАК,4,4020.16,779.84,COMpLETed,спасибо за заказ,2024-05-28,1706586263755914
2029957045871,2024-05-05 20:40:45,НАТаЛья ВАСИЛьЕВА,8(9201) 07-47,3,АМуНицИЯ ДлЯ соБак,1,1094.61,105.39,cOMpLeTEd,спасибо за заказ,2024-05-28,1706586263755914
2029957044427,2024-05-20 03:24:27,ОЛьГА кУЗнЕцоВА,+7 9541 71 22,3,АМуНиция дЛЯ СОБаК,5,5026.75,973.25,PROcEssiNG,Всё отлично!,2024-05-27,7173444259929066
2029957044427,2024-05-20 03:24:27,ОЛьГА кУЗнЕцоВА,+7 9541 71 22,4,ПОдпИСка На гАзету,4,1927.27,472.73,pRoceSsiNg,Всё отлично!,2024-05-27,7173444259929066
2029957044427,2024-05-20 03:24:27,ОЛьГА кУЗнЕцоВА,+7 9541 71 22,5,мОЛОкО,2,5733.55,266.45,PROcEssINg,Всё отлично!,2024-05-27,7173444259929066
2029957044427,2024-05-20 03:24:27,ОЛьГА кУЗнЕцоВА,+7 9541 71 22,5,МОЛОКо,3,7788.57,1211.43,PROcEsSINg,Всё отлично!,2024-05-27,7173444259929066
2029957043742,2024-05-15 10:57:16,елЕнА НОвиКОВа,+7 9220 44 45,4,пОДпиСкА на ГазеТУ,5,2784.34,215.66,PRocEssing,спасибо за заказ,2024/05/29,4948310586932872
2029957042832,2024/05/03 20:32:55,НаТалЬя василЬЕВа,+7(9094)10-94,4,подПИска НА ГаЗеТу,3,1567.3,232.7,COMpLETEd,спасибо за заказ,2024/05/14,1059976791140216
2029957041343,2024-05-19 16:27:13,ДМиТРИй кузНЕЦоВ,8(9335) 15-74,1,КОРм ДЛЯ СОБАК,4,1929.67,70.33,ProCEssInG,Всё отлично!,2024/05/22,1004230172614845
2029957041343,2024-05-19 16:27:13,ДМиТРИй кузНЕЦоВ,8(9335) 15-74,4,поДПиСКа на ГАзеТУ,3,1596.08,203.92,ProcESSiNg,Всё отлично!,2024/05/22,1004230172614845
2029957041343,2024-05-19 16:27:13,ДМиТРИй кузНЕЦоВ,8(9335) 15-74,4,поДпиСКА На газЕТу,5,2732.19,267.81,pRocEssIng,Всё отлично!,2024/05/22,1004230172614845
2029957041343,2024-05-19 16:27:13,ДМиТРИй кузНЕЦоВ,8(9335) 15-74,5,моЛОКО,2,5742.86,257.14,ProCesSIng,Всё отлично!,2024/05/22,1004230172614845
2029957040286,06.05.2024 18:32,Михаил ОРлов,+7(9976)86-69,2,иГрУШКа МЯЧ,5,1204.08,295.92,pRocessing,Нужно уточнить сроки,2024-05-10,6813205348352641
2029957040286,06.05.2024 18:32,Михаил ОРлов,+7(9976)86-69,1,КоРМ дЛЯ сОБАК,5,2066.86,433.14,pROcESSING,Нужно уточнить сроки,2024-05-10,6813205348352641
2029957040286,06.05.2024 18:32,Михаил ОРлов,+7(9976)86-69,5,Молоко,4,11890.57,109.43,PrOCeSsInG,Нужно уточнить сроки,2024-05-10,6813205348352641
2029957039991,2024-05-29 18:45:52,серГЕЙ сидоРОВ,8(9463) 26-12,4,пОДПиСка нА ГазеТУ,4,1940.24,459.76,ComPLETEd,"Задержка с доставкой, печалька...",2024/05/13,1010398369684181
2029957039991,2024-05-29 18:45:52,серГЕЙ сидоРОВ,8(9463) 26-12,5,молОКО,2,5195.46,804.54,compleTed,"Задержка с доставкой, печалька...",2024/05/13,1010398369684181
2029957039991,2024-05-29 18:45:52,серГЕЙ сидоРОВ,8(9463) 26-12,1,КОРМ дЛЯ сОбАК,3,1380.55,119.45,ComplETEd,"Задержка с доставкой, печалька...",2024/05/13,1010398369684181
2029957039991,2024-05-29 18:45:52,серГЕЙ сидоРОВ,8(9463) 26-12,1,КоРм Для СОбаК,3,1477.91,22.09,COmPLeTeD,"Задержка с доставкой, печалька...",2024/05/13,1010398369684181
2029957038439,2024-05-08 16:45:12,мИХАИЛ орлОв,+7(9565)32-47,2,игРуШКа МЯЧ,1,255.12,44.88,caNceLled,Ждём с нетерпением!,2024/05/25,8113091858158556
2029957038439,2024-05-08 16:45:12,мИХАИЛ орлОв,+7(9565)32-47,1,корМ дЛЯ собАк,2,980.22,19.78,CAncelLeD,Ждём с нетерпением!,2024/05/25,8113091858158556
2029957038439,2024-05-08 16:45:12,мИХАИЛ орлОв,+7(9565)32-47,4,поДПиСКА на гАзЕТу,1,526.45,73.55,cAnCElLeD,Ждём с нетерпением!,2024/05/25,8113091858158556
2029957038439,2024-05-08 16:45:12,мИХАИЛ орлОв,+7(9565)32-47,3,аМУНИЦИЯ длЯ СОБак,2,2383.3,16.7,CancELLeD,Ждём с нетерпением!,2024/05/25,8113091858158556
2029957038439,2024-05-08 16:45:12,мИХАИЛ орлОв,+7(9565)32-47,1,КорМ дЛЯ СоБак,2,872.15,127.85,CaNCeLLED,Ждём с нетерпением!,2024/05/25,8113091858158556
2029957037630,2024/05/24 11:34:51,МихАиЛ оРЛоВ,+7(9513)27-85,5,мОЛоКо,3,7526.7,1473.3,ProcESSiNG,Всё отлично!,22.05.2024,2458370383600267
2029957037630,2024/05/24 11:34:51,МихАиЛ оРЛоВ,+7(9513)27-85,3,аМУнИцИя дЛя СОБАК,4,4461.47,338.53,PrOCEssiNG,Всё отлично!,22.05.2024,2458370383600267
2029957037630,2024/05/24 11:34:51,МихАиЛ оРЛоВ,+7(9513)27-85,1,кОрМ длЯ сОбАк,1,472.63,27.37,ProceSsING,Всё отлично!,22.05.2024,2458370383600267
2029957037630,2024/05/24 11:34:51,МихАиЛ оРЛоВ,+7(9513)27-85,3,АМуниЦия ДЛЯ сОбАк,1,1139.8,60.2,PRoCessiNg,Всё отлично!,22.05.2024,2458370383600267
2029957036600,2024-05-07 14:27:47,иван ИвАнОв,8(9953) 52-03,5,МоЛОКО,5,14021.25,978.75,CAnCELleD,"Задержка с доставкой, печалька...",2024-05-08,2848781331131537
2029957036600,2024-05-07 14:27:47,иван ИвАнОв,8(9953) 52-03,3,амуниЦиЯ ДлЯ СОбак,1,1158.59,41.41,cAnCElLEd,"Задержка с доставкой, печалька...",2024-05-08,2848781331131537
2029957036600,2024-05-07 14:27:47,иван ИвАнОв,8(9953) 52-03,3,АмУнИЦИя дЛЯ собАк,4,4611.19,188.81,CANceLLEd,"Задержка с доставкой, печалька...",2024-05-08,2848781331131537
2029957035482,2024/05/26 07:10:37,МиХАИЛ ОРЛОв,8(9188) 96-25,4,ПоДПиСКа на газеТу,5,2604.34,395.66,CoMPlEted,Нужно уточнить сроки,2024/05/10,0559706407328534
2029957035482,2024/05/26 07:10:37,МиХАИЛ ОРЛОв,8(9188) 96-25,3,АмУНиция для СоБаК,3,3511.26,88.74,cOmPLETEd,Нужно уточнить сроки,2024/05/10,0559706407328534
2029957034560,2024-05-04 12:53:35,мАРИя ПеТроВА,+7 9737 83 96,3,аМунИция ДлЯ СОбаК,5,5393.44,606.56,caNCeLled,Проверить наличие,2024-05-15,3359516324748735
2029957033153,2024/05/01 05:07:25,ЕЛена новикова,+7(9427)31-62,1,коРМ ДЛЯ СобАк,2,818.57,181.43,cancELLed,"Задержка с доставкой, печалька...",04.05.2024,6521558199975125
2029957033153,2024/05/01 05:07:25,ЕЛена новикова,+7(9427)31-62,3,амуНицИя длЯ СОбАК,5,5002.28,997.72,canCelLeD,"Задержка с доставкой, печалька...",04.05.2024,6521558199975125
2029957033153,2024/05/01 05:07:25,ЕЛена новикова,+7(9427)31-62,1,КОрМ ДЛЯ собак,5,2395.72,104.28,caNcElLed,"Задержка с доставкой, печалька...",04.05.2024,6521558199975125
2029957033153,2024/05/01 05:07:25,ЕЛена новикова,+7(9427)31-62,1,коРМ длЯ соБак,4,1874.65,125.35,cAnceLlEd,"Задержка с доставкой, печалька...",04.05.2024,6521558199975125
2029957033153,2024/05/01 05:07:25,ЕЛена новикова,+7(9427)31-62,1,Корм дЛя сОбАК,4,1813.48,186.52,CaNCElLEd,"Задержка с доставкой, печалька...",04.05.2024,6521558199975125
2029957032199,2024-05-12 12:36:44,МИХаИл оРлоВ,+7 9944 86 34,1,КОрМ дЛЯ собАк,2,920.06,79.94,cOMPLetED,Ждём с нетерпением!,2024-05-27,6765169987555872
2029957031684,2024-05-06 07:11:28,дмИТРиЙ кузнецоВ,+7 9479 27 36,2,ИгРУШКА МяЧ,1,296.49,3.51,pRoceSsiNg,Проверить наличие,2024/05/20,3403790289000716
2029957031684,2024-05-06 07:11:28,дмИТРиЙ кузнецоВ,+7 9479 27 36,2,ИгРУшКа мяЧ,3,777.98,122.02,ProcEssIng,Проверить наличие,2024/05/20,3403790289000716
2029957030835,2024/05/13 01:39:47,алексЕЙ МиХАЙЛов,8(9199) 48-97,1,кОрм длЯ СобАк,2,837.19,162.81,procesSinG,Проверить наличие,02.05.2024,1101989882718697
2029957030835,2024/05/13 01:39:47,алексЕЙ МиХАЙЛов,8(9199) 48-97,4,пОДПИска нА ГазеТу,4,2328.17,71.83,procEsSinG,Проверить наличие,02.05.2024,1101989882718697
2029957030835,2024/05/13 01:39:47,алексЕЙ МиХАЙЛов,8(9199) 48-97,5,моЛОКО,2,5934.21,65.79,pROcESSInG,Проверить наличие,02.05.2024,1101989882718697
2029957029922,2024-05-22 00:51:43,НаТаЛьЯ ВасиЛьЕвА,8(9703) 77-95,4,ПоДПИСКа на газЕту,5,2832.79,167.21,comPletEd,"Задержка с доставкой, печалька...",06.05.2024,4867071719495272
2029957029922,2024-05-22 00:51:43,НаТаЛьЯ ВасиЛьЕвА,8(9703) 77-95,3,амуНицИЯ ДЛя СоБАк,4,4591.67,208.33,cOmPletEd,"Задержка с доставкой, печалька...",06.05.2024,4867071719495272
2029957029922,2024-05-22 00:51:43,НаТаЛьЯ ВасиЛьЕвА,8(9703) 77-95,5,мОЛОКо,3,8678.31,321.69,cOmPletEd,"Задержка с доставкой, печалька...",06.05.2024,4867071719495272
2029957028469,2024/05/05 17:55:19,ИВаН ивАнОВ,+7 9585 15 31,4,ПодПисКа На ГазЕту,2,1078.02,121.98,pROcEssiNg,Нужно уточнить сроки,25.05.2024,3549817852280414
2029957027353,2024-05-11 09:55:08,михАИл ОРЛов,+7 9475 49 76,5,МОлокО,2,5996.95,3.05,cAnCellED,Проверить наличие,08.05.2024,5792728819523679
2029957027353,2024-05-11 09:55:08,михАИл ОРЛов,+7 9475 49 76,1,КорМ для СОбАк,4,1972.07,27.93,cANceLLED,Проверить наличие,08.05.2024,5792728819523679
2029957026578,03.05.2024 18:57,ИВан ИВАнОВ,+7(9771)79-47,3,АмуНиЦИЯ ДЛЯ соБак,3,2969.64,630.36,CompLetEd,Ждём с нетерпением!,03.05.2024,1958991121271071
2029957026578,03.05.2024 18:57,ИВан ИВАнОВ,+7(9771)79-47,3,аМуниЦия ДЛЯ СОбАК,5,5727.18,272.82,cOMpLeTED,Ждём с нетерпением!,03.05.2024,1958991121271071
2029957026578,03.05.2024 18:57,ИВан ИВАнОВ,+7(9771)79-47,2,игруШкА мЯч,2,489.92,110.08,CompLEtED,Ждём с нетерпением!,03.05.2024,1958991121271071
2029957025869,30.05.2024 16:32,ЕЛеНА новиКовА,8(9528) 42-43,3,амуниЦия Для СОБАК,2,2080.03,319.97,ProcessINg,спасибо за заказ,2024/05/22,6873889500882891
2029957025869,30.05.2024 16:32,ЕЛеНА новиКовА,8(9528) 42-43,1,кОРм ДлЯ сОбаК,2,868.82,131.18,pRocEsSInG,спасибо за заказ,2024/05/22,6873889500882891
2029957025869,30.05.2024 16:32,ЕЛеНА новиКовА,8(9528) 42-43,4,ПоДПиСКа нА ГаЗЕтУ,4,2320.95,79.05,pROCesSING,спасибо за заказ,2024/05/22,6873889500882891
2029957024524,08.05.2024 05:55,аНнА СМИРноВА,+7 9645 42 80,3,амунициЯ длЯ сОбак,4,4460.35,339.65,CAnceLled,Проверить наличие,2024/05/27,4404665471146621
2029957024524,08.05.2024 05:55,аНнА СМИРноВА,+7 9645 42 80,5,мОЛОКО,1,2733.39,266.61,cANCelleD,Проверить наличие,2024/05/27,4404665471146621
2029957024524,08.05.2024 05:55,аНнА СМИРноВА,+7 9645 42 80,3,АмунИЦиЯ ДЛЯ соБАк,2,2351.55,48.45,CANcELLeD,Проверить наличие,2024/05/27,4404665471146621
2029957024524,08.05.2024 05:55,аНнА СМИРноВА,+7 9645 42 80,2,игРУШка МЯч,3,884.66,15.34,CANCELlEd,Проверить наличие,2024/05/27,4404665471146621
2029957024524,08.05.2024 05:55,аНнА СМИРноВА,+7 9645 42 80,5,МолОкО,2,5886.77,113.23,CaNCEllED,Проверить наличие,2024/05/27,4404665471146621
2029957023891,2024/05/15 09:31:36,ОЛЬгА КУзНеЦоВА,8(9424) 85-27,4,ПОДПИСка НА ГазЕту,4,2081.22,318.78,pROCeSsiNg,Всё отлично!,2024/05/24,0054764064451166
2029957023891,2024/05/15 09:31:36,ОЛЬгА КУзНеЦоВА,8(9424) 85-27,2,ИГрушКА мяЧ,3,766.45,133.55,PROcessINg,Всё отлично!,2024/05/24,0054764064451166
2029957023891,2024/05/15 09:31:36,ОЛЬгА КУзНеЦоВА,8(9424) 85-27,3,АМУниЦиЯ ДЛя сОбаК,1,1182.48,17.52,pRoCESsInG,Всё отлично!,2024/05/24,0054764064451166
2029957023891,2024/05/15 09:31:36,ОЛЬгА КУзНеЦоВА,8(9424) 85-27,5,молОКО,4,11235.9,764.1,prOCESSiNG,Всё отлично!,2024/05/24,0054764064451166
2029957022585,2024/05/08 15:52:49,МихаИл оРлОВ,+7(9118)99-29,4,поДПисКа нА Газету,3,1531.51,268.49,CoMplETed,Нужно уточнить сроки,2024-05-07,8664695713803947
2029957022585,2024/05/08 15:52:49,МихаИл оРлОВ,+7(9118)99-29,4,подПисКа на гАЗету,2,1145.44,54.56,cOmpLeted,Нужно уточнить сроки,2024-05-07,8664695713803947
2029957022585,2024/05/08 15:52:49,МихаИл оРлОВ,+7(9118)99-29,3,АМУНиция Для собаК,5,5793.18,206.82,coMPletED,Нужно уточнить сроки,2024-05-07,8664695713803947
2029957021793,01.05.2024 12:05,ДМитрИй кузнецоВ,+7 9785 70 24,5,МОлокО,4,11428.08,571.92,cOMPLETEd,Всё отлично!,14.05.2024,1052386415244161
2029957021793,01.05.2024 12:05,ДМитрИй кузнецоВ,+7 9785 70 24,4,пОДПиСкА НА газЕТу,2,1039.06,160.94,COMPleTeD,Всё отлично!,14.05.2024,1052386415244161
2029957020987,2024-05-14 19:49:50,ДМиТрИй КУЗнецОв,+7(9482)44-26,4,ПОДпИсКА НА ГазетУ,3,1673.53,126.47,procESSIng,Нужно уточнить сроки,19.05.2024,5935888509622154
2029957020987,2024-05-14 19:49:50,ДМиТрИй КУЗнецОв,+7(9482)44-26,3,АМунИЦИЯ ДЛя соБАК,2,1950.11,449.89,procesSiNG,Нужно уточнить сроки,19.05.2024,5935888509622154
2029957019563,2024/05/15 21:57:21,анНА СМиРНОВА,+7 9060 04 22,3,амуниЦия Для СоБАк,5,5120.83,879.17,CAncELLED,Проверить наличие,18.05.2024,5073189289618758
2029957019563,2024/05/15 21:57:21,анНА СМиРНОВА,+7 9060 04 22,1,коРм ДЛя соБАК,2,920.26,79.74,cAncELleD,Проверить наличие,18.05.2024,5073189289618758
2029957019563,2024/05/15 21:57:21,анНА СМиРНОВА,+7 9060 04 22,5,мОЛОкО,3,7460.39,1539.61,cancELLeD,Проверить наличие,18.05.2024,5073189289618758
2029957019563,2024/05/15 21:57:21,анНА СМиРНОВА,+7 9060 04 22,4,пОдпИСКа на гАзЕтУ,4,2095.98,304.02,cAncEllED,Проверить наличие,18.05.2024,5073189289618758
2029957018964,2024/05/30 20:50:49,НаТаЛЬЯ вАсиЛьЕВа,+7 9306 18 91,4,ПоДпИСка На ГАзЕТу,2,1100.44,99.56,ProCeSSinG,Ждём с нетерпением!,07.05.2024,9765829650099013
2029957018964,2024/05/30 20:50:49,НаТаЛЬЯ вАсиЛьЕВа,+7 9306 18 91,4,поДпиСкА НА ГАЗЕТу,1,582.53,17.47,ProCesSINg,Ждём с нетерпением!,07.05.2024,9765829650099013
2029957017611,2024/05/19 11:22:08,аННа СМИРноВа,8(9485) 67-33,3,амУниЦиЯ дЛЯ собак,2,2264.76,135.24,procESSIng,Нужно уточнить сроки,2024-05-17,1797596211558254
2029957017611,2024/05/19 11:22:08,аННа СМИРноВа,8(9485) 67-33,4,ПОДПиСКА на ГАзЕТу,5,2507.87,492.13,pROcEsSiNG,Нужно уточнить сроки,2024-05-17,1797596211558254
2029957017611,2024/05/19 11:22:08,аННа СМИРноВа,8(9485) 67-33,3,амУнициЯ ДЛя Собак,1,993.08,206.92,PrOCessINg,Нужно уточнить сроки,2024-05-17,1797596211558254
2029957017611,2024/05/19 11:22:08,аННа СМИРноВа,8(9485) 67-33,1,КорМ для Собак,3,1443.1,56.9,PROcESSing,Нужно уточнить сроки,2024-05-17,1797596211558254
2029957017611,2024/05/19 11:22:08,аННа СМИРноВа,8(9485) 67-33,2,иГРушкА мяч,4,1181.89,18.11,proceSsiNG,Нужно уточнить сроки,2024-05-17,1797596211558254
2029957016947,24.05.2024 00:01,ИвАн ИВАНОв,+7 9819 10 45,3,АМУниЦИЯ длЯ собАк,4,4558.96,241.04,caNcellED,Всё отлично!,2024-05-18,3877775281256172
2029957015903,12.05.2024 02:27,СЕргеЙ сидОров,+7 9256 75 38,3,АмУнИЦИЯ дЛЯ СоБАК,5,5650.67,349.33,pROCEsSING,Всё отлично!,2024/05/21,2717294175209324
2029957015903,12.05.2024 02:27,СЕргеЙ сидОров,+7 9256 75 38,4,подпИскА НА гаЗету,1,520.12,79.88,procEsSInG,Всё отлично!,2024/05/21,2717294175209324
2029957015903,12.05.2024 02:27,СЕргеЙ сидОров,+7 9256 75 38,2,игрУшКа МЯч,4,1147.4,52.6,prOCESsINg,Всё отлично!,2024/05/21,2717294175209324
2029957015903,12.05.2024 02:27,СЕргеЙ сидОров,+7 9256 75 38,4,ПоДПискА нА гаЗЕту,2,1178.18,21.82,proCEsSing,Всё отлично!,2024/05/21,2717294175209324
2029957015903,12.05.2024 02:27,СЕргеЙ сидОров,+7 9256 75 38,4,ПодПИсКа На ГаЗеТу,3,1682.47,117.53,pRoCeSsING,Всё отлично!,2024/05/21,2717294175209324
2029957014456,2024/05/10 06:42:40,МАРия ПетроВа,8(9059) 17-68,1,кОрМ ДЛя СоБАК,5,2460.25,39.75,cOMpletED,Ждём с нетерпением!,2024-05-19,4537668929506904
2029957014456,2024/05/10 06:42:40,МАРия ПетроВа,8(9059) 17-68,5,молОКо,3,8072.74,927.26,COMPLetED,Ждём с нетерпением!,2024-05-19,4537668929506904
2029957013625,2024/05/02 08:05:07,аЛЕксеЙ миХАйлов,+7(9532)21-91,2,игРушКа мяЧ,2,537.82,62.18,cOMPletEd,подарок вовремя,2024-05-04,9964530956125006
2029957013625,2024/05/02 08:05:07,аЛЕксеЙ миХАйлов,+7(9532)21-91,3,АМУнИциЯ ДЛя сОБаК,5,5291.41,708.59,compLetEd,подарок вовремя,2024-05-04,9964530956125006
2029957012607,07.05.2024 07:05,ИвАн иВанОв,8(9976) 73-61,1,КоРМ дЛя соБАк,2,978.89,21.11,cANcELLeD,Нужно уточнить сроки,2024/05/29,9293081870719846
2029957012607,07.05.2024 07:05,ИвАн иВанОв,8(9976) 73-61,2,иГРУшка Мяч,1,240.37,59.63,CaNcElleD,Нужно уточнить сроки,2024/05/29,9293081870719846
2029957012607,07.05.2024 07:05,ИвАн иВанОв,8(9976) 73-61,1,корм дЛЯ СоБАк,5,2086.34,413.66,Cancelled,Нужно уточнить сроки,2024/05/29,9293081870719846
2029957011113,05.05.2024 13:00,НАТальЯ ВАСИльЕва,8(9401) 48-25,5,МолОкО,2,5744.33,255.67,PrOCESsIng,Всё отлично!,2024-05-06,6009958929755418
2029957011113,05.05.2024 13:00,НАТальЯ ВАСИльЕва,8(9401) 48-25,5,мОлоКо,5,13950.93,1049.07,PRoCEssinG,Всё отлично!,2024-05-06,6009958929755418
2029957010571,2024-05-09 17:37:24,НаТаЛьЯ ВасильЕВа,8(9822) 55-91,3,амуНИЦИя дЛЯ СОбак,4,4555.53,244.47,caNCELLed,"Задержка с доставкой, печалька...",31.05.2024,4395635354787304
2029957010571,2024-05-09 17:37:24,НаТаЛьЯ ВасильЕВа,8(9822) 55-91,1,кОРм ДЛя СобаК,2,831.24,168.76,cAnCElLED,"Задержка с доставкой, печалька...",31.05.2024,4395635354787304
2029957010571,2024-05-09 17:37:24,НаТаЛьЯ ВасильЕВа,8(9822) 55-91,4,ПОдпИсКА нА ГаЗЕТу,5,2577.32,422.68,cancElled,"Задержка с доставкой, печалька...",31.05.2024,4395635354787304
2029957009507,2024-05-31 20:45:01,НаТАЛЬЯ вАСилЬевА,8(9601) 14-71,3,амУнициЯ ДЛЯ СОБак,5,5811.46,188.54,cOMpLETED,подарок вовремя,14.05.2024,8499469247540763
2029957009507,2024-05-31 20:45:01,НаТАЛЬЯ вАСилЬевА,8(9601) 14-71,1,корМ для собАк,2,805.24,194.76,CoMPletEd,подарок вовремя,14.05.2024,8499469247540763
2029957009507,2024-05-31 20:45:01,НаТАЛЬЯ вАСилЬевА,8(9601) 14-71,2,иГРУШКа Мяч,2,516.5,83.5,ComPlETeD,подарок вовремя,14.05.2024,8499469247540763
2029957009507,2024-05-31 20:45:01,НаТАЛЬЯ вАСилЬевА,8(9601) 14-71,5,МоЛОко,3,8710.49,289.51,cOmpLEtED,подарок вовремя,14.05.2024,8499469247540763
2029957008459,04.05.2024 01:05,мИХаиЛ орЛоВ,8(9386) 77-21,3,амуНиЦИя длЯ сОбаК,2,2234.06,165.94,coMPletEd,подарок вовремя,31.05.2024,7718418273448727
2029957007838,2024-05-25 09:31:35,иван ИваНОв,+7(9309)45-08,2,игрУшка мяч,2,529.2,70.8,COmpleTed,Всё отлично!,2024-05-14,0351916143185616
2029957006542,24.05.2024 04:54,СеРгЕЙ СиДоров,+7(9342)14-54,1,КорМ дЛЯ сОбАК,3,1409.5,90.5,cOMpLeteD,Ждём с нетерпением!,14.05.2024,3892341759703593
2029957005573,2024-05-11 13:54:17,дмиТрий КУЗнЕцОв,+7 9466 21 14,3,АмуницИя ДлЯ СОБАК,3,3243.25,356.75,cOmpleted,"Задержка с доставкой, печалька...",24.05.2024,4190406125728336
2029957005573,2024-05-11 13:54:17,дмиТрий КУЗнЕцОв,+7 9466 21 14,5,МолОко,3,7732.65,1267.35,ComPleted,"Задержка с доставкой, печалька...",24.05.2024,4190406125728336
2029957005573,2024-05-11 13:54:17,дмиТрий КУЗнЕцОв,+7 9466 21 14,4,пОдпиСкА на ГазЕТУ,4,2132.73,267.27,ComPLEtEd,"Задержка с доставкой, печалька...",24.05.2024,4190406125728336
2029957005573,2024-05-11 13:54:17,дмиТрий КУЗнЕцОв,+7 9466 21 14,3,амунИЦИя Для СобАк,3,3181.5,418.5,COmPlETED,"Задержка с доставкой, печалька...",24.05.2024,4190406125728336
2029957004634,2024-05-03 11:21:48,МаРия пЕТРОвА,8(9288) 35-75,1,КОрм дЛЯ СобАК,3,1434.05,65.95,PROCessING,подарок вовремя,31.05.2024,6715820568731332
2029957004634,2024-05-03 11:21:48,МаРия пЕТРОвА,8(9288) 35-75,4,ПОдПИсКА на газЕТу,3,1688.92,111.08,PROcEssinG,подарок вовремя,31.05.2024,6715820568731332
2029957004634,2024-05-03 11:21:48,МаРия пЕТРОвА,8(9288) 35-75,4,ПоДПисКА НА ГАзеТу,2,1084.04,115.96,PROcEsSinG,подарок вовремя,31.05.2024,6715820568731332
2029957004634,2024-05-03 11:21:48,МаРия пЕТРОвА,8(9288) 35-75,2,игрУШкА мяч,2,497.17,102.83,ProCEsSING,подарок вовремя,31.05.2024,6715820568731332
2029957003405,2024/05/30 21:07:47,ИвАн ивАНОВ,8(9530) 53-91,3,аМУнИцИя для СоБАк,1,1153.77,46.23,ProCesSIng,"Задержка с доставкой, печалька...",2024/05/29,2785806229765719
2029957002197,2024/05/02 13:43:19,аЛЕКСЕЙ МИхАйлОв,+7(9098)62-46,3,АмуниЦИя дЛЯ сОБАк,3,3347.12,252.88,procESsiNg,спасибо за заказ,2024/05/19,7280902341276353
2029957001535,06.05.2024 05:04,АННА СМиРноВА,+7(9844)20-32,4,пОдписка нА гАЗетУ,3,1751.29,48.71,cOMPleteD,подарок вовремя,23.05.2024,8009266496637064
2029957001535,06.05.2024 05:04,АННА СМиРноВА,+7(9844)20-32,2,игРУшка мЯч,1,264.88,35.12,CoMPlETed,подарок вовремя,23.05.2024,8009266496637064
2029957001535,06.05.2024 05:04,АННА СМиРноВА,+7(9844)20-32,4,подпИска На ГАЗЕту,1,523.17,76.83,coMplETEd,подарок вовремя,23.05.2024,8009266496637064
2029957001535,06.05.2024 05:04,АННА СМиРноВА,+7(9844)20-32,5,МОлОКО,3,8000.28,999.72,Completed,подарок вовремя,23.05.2024,8009266496637064
2029957000393,2024-05-07 22:54:31,дмИТРий КУзНЕЦоВ,8(9515) 98-55,5,мОлокО,2,5659.61,340.39,pRocEssINg,Нужно уточнить сроки,12.05.2024,7024965075595058
2029957000393,2024-05-07 22:54:31,дмИТРий КУзНЕЦоВ,8(9515) 98-55,2,игРУшка мЯч,1,260.99,39.01,prOCEssiNG,Нужно уточнить сроки,12.05.2024,7024965075595058
2029957000393,2024-05-07 22:54:31,дмИТРий КУзНЕЦоВ,8(9515) 98-55,4,поДПИСКа НА гАзЕтУ,1,508.11,91.89,PrOCeSsING,Нужно уточнить сроки,12.05.2024,7024965075595058
2029956999999,2024/05/10 10:23:58,ИВАН Иванов,8(9048) 14-89,4,ПОДпиСкА На ГазЕту,2,1154.91,45.09,coMplETED,Нужно уточнить сроки,17.05.2024,5552649244017347
2029956999999,2024/05/10 10:23:58,ИВАН Иванов,8(9048) 14-89,2,ИГРушкА Мяч,4,993.09,206.91,COmPLetEd,Нужно уточнить сроки,17.05.2024,5552649244017347
2029956999999,2024/05/10 10:23:58,ИВАН Иванов,8(9048) 14-89,3,амуницИЯ для СобАк,4,4523.63,276.37,coMpleTed,Нужно уточнить сроки,17.05.2024,5552649244017347
2029956999999,2024/05/10 10:23:58,ИВАН Иванов,8(9048) 14-89,3,аМУницИЯ ДЛя сОБаК,4,4355.65,444.35,COmPLetEd,Нужно уточнить сроки,17.05.2024,5552649244017347
2029956999999,2024/05/10 10:23:58,ИВАН Иванов,8(9048) 14-89,1,корМ Для СОБАК,1,479.3,20.7,coMPlEtEd,Нужно уточнить сроки,17.05.2024,5552649244017347
2029956998307,01.05.2024 08:55,оЛЬгА КуЗнЕЦОВА,8(9954) 16-56,4,ПОдпИскА нА гАзеТУ,3,1621.97,178.03,cAnCELLEd,Всё отлично!,10.05.2024,5954061321453199
2029956998307,01.05.2024 08:55,оЛЬгА КуЗнЕЦОВА,8(9954) 16-56,5,МолОКо,1,2917.16,82.84,caNCeLled,Всё отлично!,10.05.2024,5954061321453199
2029956998307,01.05.2024 08:55,оЛЬгА КуЗнЕЦОВА,8(9954) 16-56,4,пОдПИсКА НА гАЗеТУ,2,965.31,234.69,CANCElLEd,Всё отлично!,10.05.2024,5954061321453199
2029956998307,01.05.2024 08:55,оЛЬгА КуЗнЕЦОВА,8(9954) 16-56,4,ПОДПИсКА нА гАЗЕТУ,4,2354.58,45.42,CanCelLed,Всё отлично!,10.05.2024,5954061321453199
2029956998307,01.05.2024 08:55,оЛЬгА КуЗнЕЦОВА,8(9954) 16-56,2,игРУшкА Мяч,1,272.18,27.82,CANcEllED,Всё отлично!,10.05.2024,5954061321453199
2029956997171,10.05.2024 12:06,мИХАИЛ орлоВ,+7 9067 57 16,5,МоЛОкО,4,9637.81,2362.19,cANcELleD,Всё отлично!,15.05.2024,3091160798744570
2029956997171,10.05.2024 12:06,мИХАИЛ орлоВ,+7 9067 57 16,4,пОДПИСКА на гАЗЕТУ,4,2316.22,83.78,CAncElLed,Всё отлично!,15.05.2024,3091160798744570
2029956997171,10.05.2024 12:06,мИХАИЛ орлоВ,+7 9067 57 16,1,кОРМ ДлЯ сОбАк,1,440.34,59.66,cAnCEllED,Всё отлично!,15.05.2024,3091160798744570
2029956997171,10.05.2024 12:06,мИХАИЛ орлоВ,+7 9067 57 16,3,АМунИция ДЛЯ СОбак,5,4883.67,1116.33,caNcellEd,Всё отлично!,15.05.2024,3091160798744570
2029956996167,2024/05/13 01:46:00,иВАн ИВанОВ,8(9203) 36-32,2,ИгРУшкА МяЧ,2,542.77,57.23,CANcELlED,Нужно уточнить сроки,04.05.2024,1825423725544594
2029956996167,2024/05/13 01:46:00,иВАн ИВанОВ,8(9203) 36-32,4,пОДПИСка На гАЗету,4,2203.14,196.86,CaNCElLED,Нужно уточнить сроки,04.05.2024,1825423725544594
2029956995827,2024-05-16 11:12:27,мАрИЯ ПеТРоВа,+7 9163 50 05,3,амуниЦия для СОБак,3,3132.7,467.3,COmPleTeD,подарок вовремя,15.05.2024,1224217056186183
2029956995827,2024-05-16 11:12:27,мАрИЯ ПеТРоВа,+7 9163 50 05,5,МоЛОКо,1,2658.99,341.01,COmplEtEd,подарок вовремя,15.05.2024,1224217056186183
2029956995827,2024-05-16 11:12:27,мАрИЯ ПеТРоВа,+7 9163 50 05,3,АМуницИя дЛЯ собаК,5,5217.11,782.89,cOmPleTed,подарок вовремя,15.05.2024,1224217056186183
2029956995827,2024-05-16 11:12:27,мАрИЯ ПеТРоВа,+7 9163 50 05,5,МОЛОко,2,5444.8,555.2,COMpLEtED,подарок вовремя,15.05.2024,1224217056186183
2029956995827,2024-05-16 11:12:27,мАрИЯ ПеТРоВа,+7 9163 50 05,3,АМУнИЦия дЛя соБак,1,1067.47,132.53,CoMPLeted,подарок вовремя,15.05.2024,1224217056186183
2029956994842,2024-05-22 22:45:13,ОлЬга кУЗНЕцоВа,+7(9982)13-20,3,аМУнициЯ Для СОБак,1,966.28,233.72,ComPLEtED,подарок вовремя,28.05.2024,4387322756421513
2029956994842,2024-05-22 22:45:13,ОлЬга кУЗНЕцоВа,+7(9982)13-20,5,МОЛокО,2,5140.68,859.32,ComPLETeD,подарок вовремя,28.05.2024,4387322756421513
2029956994842,2024-05-22 22:45:13,ОлЬга кУЗНЕцоВа,+7(9982)13-20,2,ИгРУшКа мяЧ,5,1494.27,5.73,cOMpLETED,подарок вовремя,28.05.2024,4387322756421513
2029956994842,2024-05-22 22:45:13,ОлЬга кУЗНЕцоВа,+7(9982)13-20,3,АмУНИЦИя ДЛя соБАК,1,1078.43,121.57,CoMpleTed,подарок вовремя,28.05.2024,4387322756421513
2029956994842,2024-05-22 22:45:13,ОлЬга кУЗНЕцоВа,+7(9982)13-20,3,АМУНициЯ для собАК,4,4437.67,362.33,coMpleTEd,подарок вовремя,28.05.2024,4387322756421513
2029956993124,18.05.2024 21:10,АНнА СМирНовА,+7(9348)52-82,3,АМУНИцИя длЯ СоБак,5,5089.0,911.0,cANCElLeD,Всё отлично!,2024-05-31,3167821867362970
2029956993124,18.05.2024 21:10,АНнА СМирНовА,+7(9348)52-82,2,ИгруШкА мяЧ,5,1290.32,209.68,CancEllEd,Всё отлично!,2024-05-31,3167821867362970
2029956993124,18.05.2024 21:10,АНнА СМирНовА,+7(9348)52-82,2,иГРушКа МЯч,5,1258.39,241.61,CaNceLled,Всё отлично!,2024-05-31,3167821867362970
2029956992451,2024/05/30 21:24:21,СЕРГеЙ сИДорОв,+7(9781)82-19,2,игРуШКА Мяч,1,261.32,38.68,cOmPlEtED,Всё отлично!,2024/05/11,6464850556194655
2029956992451,2024/05/30 21:24:21,СЕРГеЙ сИДорОв,+7(9781)82-19,2,иГРУШкА МяЧ,3,882.66,17.34,coMplEtEd,Всё отлично!,2024/05/11,6464850556194655
2029955199944,04.05.2024 12:57,АлекСЕЙ миХайЛОВ,8(9030) 50-81,4,поДписка На ГаЗЕТу,1,581.09,18.91,caNcElLed,Проверить наличие,2024/05/24,8272146265708026
2029955199944,04.05.2024 12:57,АлекСЕЙ миХайЛОВ,8(9030) 50-81,3,АМуниЦиЯ ДЛя СОбак,4,4147.97,652.03,cancelleD,Проверить наличие,2024/05/24,8272146265708026
2029955198747,2024-05-17 15:39:00,НАтАлЬЯ вАСИлЬеВА,+7 9661 10 80,5,МОЛокО,4,10006.76,1993.24,CAnCelLed,Всё отлично!,2024/05/11,9535010770163213
2029955197611,05.05.2024 09:33,НАТаЛЬя васИлЬевА,+7(9909)64-25,4,поДПИскА На ГАЗетУ,5,2830.73,169.27,CoMPLETED,Проверить наличие,2024/05/03,4391864688305162
2029955197611,05.05.2024 09:33,НАТаЛЬя васИлЬевА,+7(9909)64-25,1,КОрм длЯ сОбАК,2,914.2,85.8,COMPLeteD,Проверить наличие,2024/05/03,4391864688305162
2029955196167,25.05.2024 14:05,натаЛьЯ ВАсИЛьЕвА,+7(9359)69-14,4,ПодПИска нА гаЗЕту,5,2582.49,417.51,coMPlETED,подарок вовремя,2024/05/25,0237689738822518
2029955196167,25.05.2024 14:05,натаЛьЯ ВАсИЛьЕвА,+7(9359)69-14,5,моЛокО,1,2871.3,128.7,CoMplEteD,подарок вовремя,2024/05/25,0237689738822518
2029955196167,25.05.2024 14:05,натаЛьЯ ВАсИЛьЕвА,+7(9359)69-14,4,ПоДПиска На гАзЕТУ,1,553.89,46.11,COMpLeTEd,подарок вовремя,2024/05/25,0237689738822518
2029955196167,25.05.2024 14:05,натаЛьЯ ВАсИЛьЕвА,+7(9359)69-14,1,КОрМ ДЛЯ СоБАк,3,1209.84,290.16,COMPLeted,подарок вовремя,2024/05/25,0237689738822518
2029955195941,2024/05/18 01:11:04,дмИТРий кУзНЕЦоВ,8(9059) 65-62,2,ИгРуШКа мЯЧ,3,850.25,49.75,CompleTEd,"Задержка с доставкой, печалька...",13.05.2024,2025493807080337
2029955195941,2024/05/18 01:11:04,дмИТРий кУзНЕЦоВ,8(9059) 65-62,2,ИГРУШка мЯЧ,3,813.14,86.86,cOMPLeTeD,"Задержка с доставкой, печалька...",13.05.2024,2025493807080337
2029955195941,2024/05/18 01:11:04,дмИТРий кУзНЕЦоВ,8(9059) 65-62,5,МолОкО,1,2701.1,298.9,cOmPLeTeD,"Задержка с доставкой, печалька...",13.05.2024,2025493807080337
2029955194659,01.05.2024 06:17,еЛеНА нОВикова,8(9087) 96-02,3,АМУНИцИЯ дЛЯ собАк,1,1059.27,140.73,cOmPLETEd,Ждём с нетерпением!,2024/05/03,4215065549800697
2029955194659,01.05.2024 06:17,еЛеНА нОВикова,8(9087) 96-02,2,игрУШкА МЯЧ,3,856.18,43.82,cOmPleTEd,Ждём с нетерпением!,2024/05/03,4215065549800697
2029955194659,01.05.2024 06:17,еЛеНА нОВикова,8(9087) 96-02,5,мОлОКО,2,5154.95,845.05,COmpLEteD,Ждём с нетерпением!,2024/05/03,4215065549800697
2029955194659,01.05.2024 06:17,еЛеНА нОВикова,8(9087) 96-02,5,МолокО,5,13580.6,1419.4,comPleted,Ждём с нетерпением!,2024/05/03,4215065549800697
2029955193782,2024-05-12 17:44:08,МИХаИл ОРЛоВ,+7(9020)98-10,5,МОЛОКО,4,11047.86,952.14,CanCelLed,Нужно уточнить сроки,2024-05-20,7566389109842268
2029955192501,2024/05/09 19:02:25,ОлЬгА КУзНЕцОВа,8(9240) 00-31,3,аМУНИЦИя ДЛЯ СОБАК,1,1156.53,43.47,pRoceSsIng,Нужно уточнить сроки,2024/05/26,2200510262663155
2029955192501,2024/05/09 19:02:25,ОлЬгА КУзНЕцОВа,8(9240) 00-31,4,ПоДписКА На ГАЗЕТу,2,1043.02,156.98,PrOceSSing,Нужно уточнить сроки,2024/05/26,2200510262663155
2029955192501,2024/05/09 19:02:25,ОлЬгА КУзНЕцОВа,8(9240) 00-31,3,АМУНИцИЯ дЛя соБаК,3,2952.59,647.41,prOCESSIng,Нужно уточнить сроки,2024/05/26,2200510262663155
2029955192501,2024/05/09 19:02:25,ОлЬгА КУзНЕцОВа,8(9240) 00-31,3,АМуНИцИя для Собак,3,3413.39,186.61,PROCEssIng,Нужно уточнить сроки,2024/05/26,2200510262663155
2029955192501,2024/05/09 19:02:25,ОлЬгА КУзНЕцОВа,8(9240) 00-31,1,корМ ДЛя СОбак,1,462.64,37.36,ProCESsING,Нужно уточнить сроки,2024/05/26,2200510262663155
2029955191609,20.05.2024 10:42,елЕНА НОВИКоВа,8(9860) 35-86,3,АМУниЦИя для сОБак,5,4936.05,1063.95,cANcElled,подарок вовремя,2024/05/14,5347167196423520
2029955190856,2024/05/17 15:23:30,сергеЙ сИдОРОВ,+7(9185)87-84,5,МоЛОкО,1,2815.86,184.14,PRoCESsiNG,Нужно уточнить сроки,2024-05-29,1617651772969110
2029955190856,2024/05/17 15:23:30,сергеЙ сИдОРОВ,+7(9185)87-84,4,подПискА НА газету,5,2883.49,116.51,proCeSsiNG,Нужно уточнить сроки,2024-05-29,1617651772969110
2029955190856,2024/05/17 15:23:30,сергеЙ сИдОРОВ,+7(9185)87-84,5,МолокО,3,7258.68,1741.32,PROCEsSiNG,Нужно уточнить сроки,2024-05-29,1617651772969110
2029955190856,2024/05/17 15:23:30,сергеЙ сИдОРОВ,+7(9185)87-84,3,АМуНИЦИя ДЛя собАК,3,3184.76,415.24,proceSsING,Нужно уточнить сроки,2024-05-29,1617651772969110
2029955189669,2024-05-15 11:14:31,АнНА смИрнОВа,+7 9851 92 31,5,мОЛОКО,2,5792.28,207.72,CaNCELled,Ждём с нетерпением!,27.05.2024,1316839039836990
2029955189669,2024-05-15 11:14:31,АнНА смИрнОВа,+7 9851 92 31,1,КОрМ дЛЯ собак,3,1313.84,186.16,CancelleD,Ждём с нетерпением!,27.05.2024,1316839039836990
2029955189669,2024-05-15 11:14:31,АнНА смИрнОВа,+7 9851 92 31,3,АМУНИЦиЯ Для соБаК,3,2975.93,624.07,CaNcElLed,Ждём с нетерпением!,27.05.2024,1316839039836990
2029955189669,2024-05-15 11:14:31,АнНА смИрнОВа,+7 9851 92 31,2,игрУшКа мяч,5,1311.64,188.36,CanCELLED,Ждём с нетерпением!,27.05.2024,1316839039836990
2029955189669,2024-05-15 11:14:31,АнНА смИрнОВа,+7 9851 92 31,2,ИГРуШКА МяЧ,5,1268.21,231.79,caNCElLED,Ждём с нетерпением!,27.05.2024,1316839039836990
2029955188722,2024/05/31 01:58:29,аНнА сМИрНоВа,+7 9488 81 32,3,АмУницИя Для СоБАк,2,1946.73,453.27,CANcElLeD,подарок вовремя,2024-05-13,9149940131962673
2029955187353,2024-05-12 02:38:32,МАрИЯ пеТроВа,8(9155) 11-40,1,КОрм ДЛЯ СОБак,3,1279.05,220.95,caNCElled,"Задержка с доставкой, печалька...",2024/05/08,8271300324418563
2029955187353,2024-05-12 02:38:32,МАрИЯ пеТроВа,8(9155) 11-40,2,иГРуШКа МЯЧ,3,845.45,54.55,CaNceLled,"Задержка с доставкой, печалька...",2024/05/08,8271300324418563
2029955187353,2024-05-12 02:38:32,МАрИЯ пеТроВа,8(9155) 11-40,4,пОдписка нА ГАзЕТу,5,2699.43,300.57,cANCELLED,"Задержка с доставкой, печалька...",2024/05/08,8271300324418563
2029955187353,2024-05-12 02:38:32,МАрИЯ пеТроВа,8(9155) 11-40,5,моЛОКо,4,11032.88,967.12,CANCeLled,"Задержка с доставкой, печалька...",2024/05/08,8271300324418563
2029955187353,2024-05-12 02:38:32,МАрИЯ пеТроВа,8(9155) 11-40,3,АМУнИциЯ длЯ сОБак,3,3357.13,242.87,canCeLled,"Задержка с доставкой, печалька...",2024/05/08,8271300324418563
2029955186107,2024-05-07 08:37:25,МихАИл оРЛоВ,+7 9945 34 75,4,ПодПИСка На ГАЗЕТУ,1,524.39,75.61,PrOCeSsiNg,"Задержка с доставкой, печалька...",2024-05-13,4697972615758744
2029955186107,2024-05-07 08:37:25,МихАИл оРЛоВ,+7 9945 34 75,3,АМуНиЦИЯ дЛЯ СОБАК,2,2159.12,240.88,prOcESSiNG,"Задержка с доставкой, печалька...",2024-05-13,4697972615758744
2029955186107,2024-05-07 08:37:25,МихАИл оРЛоВ,+7 9945 34 75,3,аМуниЦИя ДЛЯ СОбАк,1,1004.05,195.95,ProcEsSing,"Задержка с доставкой, печалька...",2024-05-13,4697972615758744
2029955186107,2024-05-07 08:37:25,МихАИл оРЛоВ,+7 9945 34 75,4,ПОдПИСКА НА ГаЗЕТу,5,2723.13,276.87,pROCeSSinG,"Задержка с доставкой, печалька...",2024-05-13,4697972615758744
2029955186107,2024-05-07 08:37:25,МихАИл оРЛоВ,+7 9945 34 75,2,ИГРУШка мяч,3,778.2,121.8,prOcEsSIng,"Задержка с доставкой, печалька...",2024-05-13,4697972615758744
2029955185943,2024/05/05 09:12:09,МИХАИл орлОВ,+7 9542 10 68,5,молоКО,1,2417.98,582.02,caNcElLEd,подарок вовремя,31.05.2024,3802523135059618
2029955185943,2024/05/05 09:12:09,МИХАИл орлОВ,+7 9542 10 68,1,КОРм дЛЯ СОБАК,2,839.95,160.05,caNCELLEd,подарок вовремя,31.05.2024,3802523135059618
2029955184978,2024/05/13 17:34:08,МаРИЯ пЕТроВА,+7 9705 44 58,4,поДпИсКа на гаЗету,5,2810.75,189.25,cANCElLED,Нужно уточнить сроки,2024-05-02,5943958978612334
2029955183982,2024-05-17 06:21:05,ИваН ИвАНов,+7 9447 38 06,5,мОлОко,2,5730.72,269.28,cANCELLeD,Всё отлично!,2024-05-01,4442567922206778
2029955183982,2024-05-17 06:21:05,ИваН ИвАНов,+7 9447 38 06,5,МолокО,5,13142.78,1857.22,cAnCelLeD,Всё отлично!,2024-05-01,4442567922206778
2029955183982,2024-05-17 06:21:05,ИваН ИвАНов,+7 9447 38 06,4,подпИсКа НА гаЗЕТУ,3,1548.83,251.17,CANceLled,Всё отлично!,2024-05-01,4442567922206778
2029955182862,2024/05/27 22:13:36,АНнА СмИрНова,8(9573) 31-41,1,корМ дЛя сОбАК,3,1413.42,86.58,CAnceLleD,Нужно уточнить сроки,18.05.2024,9257579945425416
2029955182862,2024/05/27 22:13:36,АНнА СмИрНова,8(9573) 31-41,2,ИГРуШКА Мяч,5,1344.96,155.04,caNcELlED,Нужно уточнить сроки,18.05.2024,9257579945425416
2029955182862,2024/05/27 22:13:36,АНнА СмИрНова,8(9573) 31-41,2,игРуШКа МяЧ,1,271.47,28.53,CAnCellED,Нужно уточнить сроки,18.05.2024,9257579945425416
2029955182862,2024/05/27 22:13:36,АНнА СмИрНова,8(9573) 31-41,5,молокО,5,13211.57,1788.43,cANCElLed,Нужно уточнить сроки,18.05.2024,9257579945425416
2029955181153,27.05.2024 21:17,аННа СмИрНоВА,+7 9794 61 28,4,поДПиСка нА газЕтУ,4,2174.28,225.72,PROCesSINg,Проверить наличие,2024/05/04,8552939641368947
2029955181153,27.05.2024 21:17,аННа СмИрНоВА,+7 9794 61 28,2,ИгрУШка МЯч,1,261.97,38.03,PROcEsSiNG,Проверить наличие,2024/05/04,8552939641368947
2029955180738,25.05.2024 22:39,мАРиЯ ПЕтРоВа,+7(9896)84-73,2,игрушКА мЯЧ,2,527.65,72.35,cancEllEd,спасибо за заказ,2024/05/21,2364847824346637
2029955180738,25.05.2024 22:39,мАРиЯ ПЕтРоВа,+7(9896)84-73,1,КОРм Для сОбаК,1,445.93,54.07,cancElled,спасибо за заказ,2024/05/21,2364847824346637
2029955180738,25.05.2024 22:39,мАРиЯ ПЕтРоВа,+7(9896)84-73,1,корм ДлЯ сОБАК,3,1331.26,168.74,cancElleD,спасибо за заказ,2024/05/21,2364847824346637
2029955179200,29.05.2024 04:21,ЕЛЕНА нОВиКоВа,8(9255) 59-51,5,МОлОКО,2,5764.99,235.01,cOMPLETeD,Всё отлично!,02.05.2024,9580247885562989
2029955178661,2024/05/24 20:37:16,алеКСЕй МИХайЛОВ,8(9658) 80-25,1,Корм Для соБаК,3,1204.76,295.24,ComPLeteD,Нужно уточнить сроки,08.05.2024,0425471955266224
2029955178661,2024/05/24 20:37:16,алеКСЕй МИХайЛОВ,8(9658) 80-25,3,амуниЦия длЯ Собак,5,5555.82,444.18,ComPleTed,Нужно уточнить сроки,08.05.2024,0425471955266224
2029955177577,2024-05-29 23:55:05,аНна смирнОвА,8(9402) 50-08,4,ПОДпискА На ГАзеТУ,4,1975.01,424.99,COMPLETEd,Всё отлично!,2024-05-02,7723779724973882
2029955177577,2024-05-29 23:55:05,аНна смирнОвА,8(9402) 50-08,1,кОрм ДлЯ собаК,5,2362.16,137.84,compLeTeD,Всё отлично!,2024-05-02,7723779724973882
2029955176688,17.05.2024 10:22,АннА смИрнОВА,+7 9677 24 43,2,игрУШкА мЯЧ,2,500.98,99.02,PROCESsINg,спасибо за заказ,26.05.2024,0112869278116399
2029955176688,17.05.2024 10:22,АннА смИрнОВА,+7 9677 24 43,1,Корм ДЛЯ СОБАК,2,897.22,102.78,PRocESsInG,спасибо за заказ,26.05.2024,0112869278116399
2029955176688,17.05.2024 10:22,АннА смИрнОВА,+7 9677 24 43,5,МОЛоКО,3,7679.42,1320.58,prOcESsIng,спасибо за заказ,26.05.2024,0112869278116399
2029955175192,2024-05-09 03:27:41,мАРиЯ пЕтрОвА,8(9168) 06-66,5,моЛокО,2,4927.24,1072.76,CANcELLED,Проверить наличие,2024/05/14,2206813318306759
2029955175192,2024-05-09 03:27:41,мАРиЯ пЕтрОвА,8(9168) 06-66,4,ПОдПиСкА нА ГАЗЕтУ,1,490.61,109.39,cAncELLed,Проверить наличие,2024/05/14,2206813318306759
2029955175192,2024-05-09 03:27:41,мАРиЯ пЕтрОвА,8(9168) 06-66,3,аМУнИция ДлЯ сОБАК,5,5529.32,470.68,CANCeLlED,Проверить наличие,2024/05/14,2206813318306759
2029955175192,2024-05-09 03:27:41,мАРиЯ пЕтрОвА,8(9168) 06-66,2,ИгРУшКа Мяч,1,252.54,47.46,cAnCElled,Проверить наличие,2024/05/14,2206813318306759
2029955175192,2024-05-09 03:27:41,мАРиЯ пЕтрОвА,8(9168) 06-66,5,МолоКо,2,5358.33,641.67,cancEllEd,Проверить наличие,2024/05/14,2206813318306759
2029955174693,25.05.2024 22:50,миХАИЛ орлоВ,+7 9064 14 69,5,мОЛоКО,4,11765.24,234.76,CompLetED,спасибо за заказ,2024-05-27,0699476930576027
2029955173537,2024/05/04 00:33:34,аНнА сМиРнОва,8(9270) 29-51,2,иГРУШКА мяЧ,5,1356.79,143.21,CANcElLED,Нужно уточнить сроки,08.05.2024,7095401540621768
2029955173537,2024/05/04 00:33:34,аНнА сМиРнОва,8(9270) 29-51,1,коРм дЛя СОбак,4,1669.43,330.57,canCELLED,Нужно уточнить сроки,08.05.2024,7095401540621768
2029955173537,2024/05/04 00:33:34,аНнА сМиРнОва,8(9270) 29-51,4,пОДПиска НА гАзЕТУ,4,2192.66,207.34,cAnceLLeD,Нужно уточнить сроки,08.05.2024,7095401540621768
2029955173537,2024/05/04 00:33:34,аНнА сМиРнОва,8(9270) 29-51,4,поДпискА нА ГАЗЕтУ,5,2451.16,548.84,CaNcElLed,Нужно уточнить сроки,08.05.2024,7095401540621768
2029955173537,2024/05/04 00:33:34,аНнА сМиРнОва,8(9270) 29-51,3,амуНИциЯ дЛЯ СобаК,1,1051.2,148.8,caNcElLed,Нужно уточнить сроки,08.05.2024,7095401540621768
2029955172346,2024/05/14 21:54:46,михаиЛ оРлОВ,+7(9518)98-78,4,ПодПИсКА НА Газету,2,1199.85,0.15,CoMplEtEd,Нужно уточнить сроки,2024-05-09,4757305031055459
2029955172346,2024/05/14 21:54:46,михаиЛ оРлОВ,+7(9518)98-78,3,аМУНиЦИя ДЛЯ СоБАК,3,3368.45,231.55,cOmpleTEd,Нужно уточнить сроки,2024-05-09,4757305031055459
2029955171600,01.05.2024 11:28,МИхАИл ОрлОВ,+7(9339)49-55,5,молОко,2,4915.71,1084.29,CoMpletEd,подарок вовремя,2024-05-21,7575724181529923
2029955171600,01.05.2024 11:28,МИхАИл ОрлОВ,+7(9339)49-55,4,пОдПИскА нА ГАзЕту,3,1558.92,241.08,COmPLETed,подарок вовремя,2024-05-21,7575724181529923
2029955171600,01.05.2024 11:28,МИхАИл ОрлОВ,+7(9339)49-55,2,ИГРуШКа мЯч,1,281.27,18.73,COmplETeD,подарок вовремя,2024-05-21,7575724181529923
2029955171600,01.05.2024 11:28,МИхАИл ОрлОВ,+7(9339)49-55,5,мОлОКо,4,9842.45,2157.55,cOmpLEtED,подарок вовремя,2024-05-21,7575724181529923
2029955170895,2024/05/27 04:12:29,серГЕЙ СиДОров,8(9339) 81-39,4,ПОдПИскА На гаЗЕту,5,2753.85,246.15,comPletEd,"Задержка с доставкой, печалька...",09.05.2024,7604882567216195
2029955170895,2024/05/27 04:12:29,серГЕЙ СиДОров,8(9339) 81-39,4,поДПИСка НА гАЗету,1,584.49,15.51,COMPlETED,"Задержка с доставкой, печалька...",09.05.2024,7604882567216195
2029955170895,2024/05/27 04:12:29,серГЕЙ СиДОров,8(9339) 81-39,3,амуНиЦиЯ для СОБАК,3,2953.19,646.81,COmpleTed,"Задержка с доставкой, печалька...",09.05.2024,7604882567216195
2029955169656,17.05.2024 21:49,дМиТРИй куЗнеЦОв,8(9032) 64-27,4,пОДПИСКа На гАзету,4,2367.73,32.27,CancellED,Проверить наличие,2024-05-23,9890963461264286
2029955168680,2024/05/09 07:25:49,Ольга кУзНЕцова,8(9856) 21-11,3,АмУНиция длЯ собаК,3,3351.1,248.9,prOcESsiNg,Ждём с нетерпением!,24.05.2024,7207430098894447
2029955168680,2024/05/09 07:25:49,Ольга кУзНЕцова,8(9856) 21-11,5,МолоКо,3,7872.82,1127.18,PROceSSING,Ждём с нетерпением!,24.05.2024,7207430098894447
2029955167866,2024/05/13 22:56:37,сЕргЕй СидОрОВ,+7 9742 90 67,5,моЛОко,5,12582.4,2417.6,cAncELled,Проверить наличие,2024-05-26,8303159396244162
2029955167866,2024/05/13 22:56:37,сЕргЕй СидОрОВ,+7 9742 90 67,4,ПоДпИсКа На ГаЗету,3,1572.22,227.78,CANCeLlEd,Проверить наличие,2024-05-26,8303159396244162
2029955167866,2024/05/13 22:56:37,сЕргЕй СидОрОВ,+7 9742 90 67,3,аМУнИция ДлЯ СОбАк,5,4955.66,1044.34,CaNcELleD,Проверить наличие,2024-05-26,8303159396244162
2029955166861,16.05.2024 13:14,сергЕЙ сиДоРОв,+7(9916)95-93,3,амуНИЦиЯ дЛя СОбак,1,1110.34,89.66,CanCEllEd,Всё отлично!,06.05.2024,8369171017878430
2029955165168,2024-05-14 14:38:29,аЛЕкСЕй мИхаЙЛОВ,+7(9254)63-44,5,моЛокО,2,5713.69,286.31,pRoCeSSING,Всё отлично!,06.05.2024,1692245228111386
2029955164849,2024/05/22 07:51:07,ДмиТриЙ кУзнЕцОВ,+7(9148)78-95,1,кОрМ дЛя СОБаК,1,467.32,32.68,CAnCellEd,"Задержка с доставкой, печалька...",2024/05/14,9489975795532525
2029955164849,2024/05/22 07:51:07,ДмиТриЙ кУзнЕцОВ,+7(9148)78-95,2,ИгрУШКа мяч,5,1395.49,104.51,canCelLed,"Задержка с доставкой, печалька...",2024/05/14,9489975795532525
2029955164849,2024/05/22 07:51:07,ДмиТриЙ кУзнЕцОВ,+7(9148)78-95,1,кОрм ДлЯ СобАк,1,459.52,40.48,CaNcELleD,"Задержка с доставкой, печалька...",2024/05/14,9489975795532525
2029955164849,2024/05/22 07:51:07,ДмиТриЙ кУзнЕцОВ,+7(9148)78-95,3,АмунИЦИя ДЛЯ сОБак,1,1120.04,79.96,cAnCElled,"Задержка с доставкой, печалька...",2024/05/14,9489975795532525
2029955163830,15.05.2024 04:02,МАрия ПеТРоВА,8(9645) 25-64,4,подпиСка нА гАзету,2,1145.07,54.93,cOmPleTeD,"Задержка с доставкой, печалька...",2024/05/14,1819422787309594
2029955163830,15.05.2024 04:02,МАрия ПеТРоВА,8(9645) 25-64,2,иГРуШКА мЯЧ,5,1493.8,6.2,CoMPlEteD,"Задержка с доставкой, печалька...",2024/05/14,1819422787309594
2029955163830,15.05.2024 04:02,МАрия ПеТРоВА,8(9645) 25-64,4,поДпИска нА гаЗеТу,1,509.46,90.54,cOmPLeTED,"Задержка с доставкой, печалька...",2024/05/14,1819422787309594
2029955163830,15.05.2024 04:02,МАрия ПеТРоВА,8(9645) 25-64,5,молоКо,5,12816.54,2183.46,COMPlEteD,"Задержка с доставкой, печалька...",2024/05/14,1819422787309594
2029955162912,2024-05-28 19:14:55,МарИЯ пеТРовА,+7 9522 25 51,2,ИГРУШКа мЯЧ,3,731.07,168.93,pRoCessing,"Задержка с доставкой, печалька...",2024-05-29,2143559694040081
2029955162912,2024-05-28 19:14:55,МарИЯ пеТРовА,+7 9522 25 51,3,аМуНиЦия для СобАК,1,1181.24,18.76,PROcESSInG,"Задержка с доставкой, печалька...",2024-05-29,2143559694040081
2029955162912,2024-05-28 19:14:55,МарИЯ пеТРовА,+7 9522 25 51,5,МоЛОКО,1,2449.97,550.03,PrOCESSINg,"Задержка с доставкой, печалька...",2024-05-29,2143559694040081
2029955161988,2024/05/31 00:07:09,еЛЕНА ноВИковА,8(9604) 76-90,5,МолОКо,1,2990.97,9.03,cancElLEd,"Задержка с доставкой, печалька...",03.05.2024,2282437317842964
2029955161988,2024/05/31 00:07:09,еЛЕНА ноВИковА,8(9604) 76-90,2,игРУШка мЯч,4,1167.67,32.33,CANcElLED,"Задержка с доставкой, печалька...",03.05.2024,2282437317842964
2029955161988,2024/05/31 00:07:09,еЛЕНА ноВИковА,8(9604) 76-90,5,мОЛОКо,4,11198.87,801.13,CAnceLLED,"Задержка с доставкой, печалька...",03.05.2024,2282437317842964
2029955160211,2024-05-08 08:18:22,сЕргеЙ сИДороВ,+7 9488 79 96,5,молОкО,4,10396.86,1603.14,cOMPletED,спасибо за заказ,10.05.2024,6809188601438972
2029955160211,2024-05-08 08:18:22,сЕргеЙ сИДороВ,+7 9488 79 96,4,ПОДпиСКА нА газЕтУ,1,502.4,97.6,cOmpLEtEd,спасибо за заказ,10.05.2024,6809188601438972
2029955160211,2024-05-08 08:18:22,сЕргеЙ сИДороВ,+7 9488 79 96,3,АмУНицИЯ дЛЯ сОБАК,5,5674.83,325.17,ComPleTED,спасибо за заказ,10.05.2024,6809188601438972
2029955159176,02.05.2024 20:42,нАтАЛЬя ВАСИЛьЕВА,8(9446) 82-43,5,мОлОКо,4,9906.48,2093.52,ProCesSIng,Всё отлично!,02.05.2024,7896614866581647
2029955159176,02.05.2024 20:42,нАтАЛЬя ВАСИЛьЕВА,8(9446) 82-43,3,АМуНИЦИя дЛЯ СоБак,2,2348.56,51.44,ProCeSSIng,Всё отлично!,02.05.2024,7896614866581647
2029955159176,02.05.2024 20:42,нАтАЛЬя ВАСИЛьЕВА,8(9446) 82-43,4,пОдПИСКа нА гАЗЕту,5,2812.1,187.9,prOCESsinG,Всё отлично!,02.05.2024,7896614866581647
2029955159176,02.05.2024 20:42,нАтАЛЬя ВАСИЛьЕВА,8(9446) 82-43,5,мОЛОко,4,11964.4,35.6,prOCEsSiNg,Всё отлично!,02.05.2024,7896614866581647
2029955158199,2024-05-02 04:42:33,АНнА сМирнОва,+7(9123)22-97,2,игруШКА мЯЧ,2,575.75,24.25,CaNcElLeD,спасибо за заказ,2024-05-05,2670284654220365
2029955158199,2024-05-02 04:42:33,АНнА сМирнОва,+7(9123)22-97,1,Корм дЛЯ СобаК,1,455.3,44.7,CanCeLLED,спасибо за заказ,2024-05-05,2670284654220365
2029955158199,2024-05-02 04:42:33,АНнА сМирнОва,+7(9123)22-97,1,корМ длЯ Собак,3,1283.27,216.73,CaNCeLlEd,спасибо за заказ,2024-05-05,2670284654220365
2029955157413,2024-05-21 01:44:21,МАрия ПЕтРОвА,8(9968) 19-02,3,амунИцИя длЯ сОБак,4,3908.18,891.82,completED,Проверить наличие,2024-05-18,3926398591352661
2029955157413,2024-05-21 01:44:21,МАрия ПЕтРОвА,8(9968) 19-02,1,КоРм дЛЯ сОБАК,3,1484.51,15.49,COMpletED,Проверить наличие,2024-05-18,3926398591352661
2029955157413,2024-05-21 01:44:21,МАрия ПЕтРОвА,8(9968) 19-02,2,ИгрушкА мяч,4,1145.74,54.26,CompLeted,Проверить наличие,2024-05-18,3926398591352661
2029955157413,2024-05-21 01:44:21,МАрия ПЕтРОвА,8(9968) 19-02,3,АмуНицИЯ дЛЯ сОбак,4,4259.7,540.3,coMPleTED,Проверить наличие,2024-05-18,3926398591352661
2029955157413,2024-05-21 01:44:21,МАрия ПЕтРОвА,8(9968) 19-02,2,иГРУШКа мЯч,2,546.8,53.2,CoMPLETed,Проверить наличие,2024-05-18,3926398591352661
2029955156811,03.05.2024 00:17,аЛЕкСей михаЙЛов,+7 9915 18 45,1,кОРм длЯ СОБак,3,1472.58,27.42,cAnceLLed,Проверить наличие,2024-05-02,7869575348383082
2029955156811,03.05.2024 00:17,аЛЕкСей михаЙЛов,+7 9915 18 45,2,ИгРушка Мяч,4,1150.0,50.0,CaNceLLeD,Проверить наличие,2024-05-02,7869575348383082
2029955156811,03.05.2024 00:17,аЛЕкСей михаЙЛов,+7 9915 18 45,3,аМунИцИя ДЛя СоБАК,1,1008.6,191.4,cAncELled,Проверить наличие,2024-05-02,7869575348383082
2029955156811,03.05.2024 00:17,аЛЕкСей михаЙЛов,+7 9915 18 45,3,амУНИЦИЯ длЯ СоБак,4,4381.07,418.93,cAncelLeD,Проверить наличие,2024-05-02,7869575348383082
2029955155371,01.05.2024 09:54,МИхаил ОрлОв,+7 9801 40 55,4,ПоДпискА на газеТу,4,2211.99,188.01,pRoCesSiNg,Нужно уточнить сроки,2024/05/10,6827389572356405
2029955155371,01.05.2024 09:54,МИхаил ОрлОв,+7 9801 40 55,2,ИГРУШКА МяЧ,2,529.63,70.37,PRoCESsiNG,Нужно уточнить сроки,2024/05/10,6827389572356405
2029955154702,2024-05-17 01:15:06,оЛЬгА куЗнеЦОва,8(9410) 39-97,2,ИгРУШка МяЧ,4,1143.33,56.67,cANcELled,Проверить наличие,13.05.2024,7042084694448531
2029955153236,17.05.2024 21:58,НАталья ВАСИльЕва,+7 9471 12 32,5,мОлоКО,2,5592.51,407.49,cOMplETEd,спасибо за заказ,2024/05/11,1855155296140484
2029955153236,17.05.2024 21:58,НАталья ВАСИльЕва,+7 9471 12 32,3,АмуНицИя длЯ СоБак,5,5619.43,380.57,coMPLeTed,спасибо за заказ,2024/05/11,1855155296140484
2029955153236,17.05.2024 21:58,НАталья ВАСИльЕва,+7 9471 12 32,3,амУнициЯ ДЛя собАк,5,5731.65,268.35,cOMpLeTed,спасибо за заказ,2024/05/11,1855155296140484
2029955153236,17.05.2024 21:58,НАталья ВАСИльЕва,+7 9471 12 32,3,АмУнИциЯ ДЛя СобаК,1,1135.34,64.66,compLeTEd,спасибо за заказ,2024/05/11,1855155296140484
2029955153236,17.05.2024 21:58,НАталья ВАСИльЕва,+7 9471 12 32,3,амунИция для соБАк,1,972.89,227.11,COmPleTED,спасибо за заказ,2024/05/11,1855155296140484
2029955152334,03.05.2024 10:39,олЬГА КУЗНЕцова,8(9073) 46-36,5,молоКо,3,8354.24,645.76,CaNCElled,спасибо за заказ,2024-05-17,5833995123716081
2029955152334,03.05.2024 10:39,олЬГА КУЗНЕцова,8(9073) 46-36,5,МоЛОКо,5,13262.62,1737.38,CaNCELLEd,спасибо за заказ,2024-05-17,5833995123716081
2029955151768,2024/05/16 10:11:17,МИХАил орлОв,+7 9607 68 25,5,моЛоКО,2,5585.97,414.03,ProcESsiNg,спасибо за заказ,2024-05-24,0813070738323695
2029955151768,2024/05/16 10:11:17,МИХАил орлОв,+7 9607 68 25,4,пОДписка На ГАзету,2,1073.8,126.2,PrOCESSIng,спасибо за заказ,2024-05-24,0813070738323695
2029955151768,2024/05/16 10:11:17,МИХАил орлОв,+7 9607 68 25,3,аМунИцИя ДлЯ собак,5,5666.69,333.31,PROCesSinG,спасибо за заказ,2024-05-24,0813070738323695
2029955151768,2024/05/16 10:11:17,МИХАил орлОв,+7 9607 68 25,3,аМунИция Для СОБАК,5,5347.43,652.57,PrOCEsSing,спасибо за заказ,2024-05-24,0813070738323695
2029955151768,2024/05/16 10:11:17,МИХАил орлОв,+7 9607 68 25,4,ПОдПИсКа на газЕту,1,505.32,94.68,prOCESsIng,спасибо за заказ,2024-05-24,0813070738323695
2029955150414,2024-05-01 05:56:19,ДмИТРИй кУзнеЦов,+7(9429)04-82,5,мОлОКО,1,2988.48,11.52,PROCeSsIng,подарок вовремя,2024-05-17,3481096742936086
2029955150414,2024-05-01 05:56:19,ДмИТРИй кУзнеЦов,+7(9429)04-82,3,амУнИЦиЯ для СОбак,5,5454.14,545.86,PrOCESSiNG,подарок вовремя,2024-05-17,3481096742936086
2029955150414,2024-05-01 05:56:19,ДмИТРИй кУзнеЦов,+7(9429)04-82,3,АМуНИцИя ДлЯ собАк,5,5970.66,29.34,PRocEssINg,подарок вовремя,2024-05-17,3481096742936086
2029955150414,2024-05-01 05:56:19,ДмИТРИй кУзнеЦов,+7(9429)04-82,2,иГрушКА мЯЧ,2,481.67,118.33,procESsING,подарок вовремя,2024-05-17,3481096742936086
2029955149795,17.05.2024 20:11,СЕРгЕй СиДОРоВ,+7(9773)32-83,2,ИГруШка мяЧ,3,783.13,116.87,pROcesSING,подарок вовремя,2024/05/30,9993582267506152
2029955149795,17.05.2024 20:11,СЕРгЕй СиДОРоВ,+7(9773)32-83,2,ИГРуШКА МЯч,2,594.22,5.78,prOCEssing,подарок вовремя,2024/05/30,9993582267506152
2029955149795,17.05.2024 20:11,СЕРгЕй СиДОРоВ,+7(9773)32-83,2,игрУшкА МЯч,5,1280.99,219.01,ProcEsSiNG,подарок вовремя,2024/05/30,9993582267506152
2029955149795,17.05.2024 20:11,СЕРгЕй СиДОРоВ,+7(9773)32-83,4,поДпИсКа На ГазеТУ,1,579.57,20.43,PRoceSSinG,подарок вовремя,2024/05/30,9993582267506152
2029955149795,17.05.2024 20:11,СЕРгЕй СиДОРоВ,+7(9773)32-83,1,кОрМ ДлЯ СоБАк,4,1681.16,318.84,procEssInG,подарок вовремя,2024/05/30,9993582267506152
2029955148123,2024-05-26 05:27:21,МихАиЛ орлОВ,8(9224) 65-39,2,иГРУшкА мЯч,2,579.34,20.66,caNCElLed,Ждём с нетерпением!,2024/05/07,2515334557759424
2029955148123,2024-05-26 05:27:21,МихАиЛ орлОВ,8(9224) 65-39,4,подпИСКа нА ГаЗету,3,1449.83,350.17,CANcELLED,Ждём с нетерпением!,2024/05/07,2515334557759424
2029955147400,2024-05-14 11:55:56,аЛЕкСЕЙ мИХаЙлоВ,+7 9264 73 91,3,АМуниЦИя ДЛя СОбАк,3,3098.37,501.63,cancelleD,Проверить наличие,17.05.2024,2844994204899765
2029955147400,2024-05-14 11:55:56,аЛЕкСЕЙ мИХаЙлоВ,+7 9264 73 91,1,КОРМ ДЛЯ сОбАк,5,2201.21,298.79,cAnCELlEd,Проверить наличие,17.05.2024,2844994204899765
2029955147400,2024-05-14 11:55:56,аЛЕкСЕЙ мИХаЙлоВ,+7 9264 73 91,3,аМУниЦия Для соБак,1,1145.58,54.42,caNCElLED,Проверить наличие,17.05.2024,2844994204899765
2029955146919,08.05.2024 10:27,АннА смиРНоВА,+7 9739 07 01,2,иГрушКА МяЧ,1,297.45,2.55,CANCelLEd,Всё отлично!,2024-05-23,5214364705378302
2029955146919,08.05.2024 10:27,АннА смиРНоВА,+7 9739 07 01,5,моЛОкО,5,12625.55,2374.45,CAnceLled,Всё отлично!,2024-05-23,5214364705378302
2029955145120,2024/05/02 09:19:01,МИХаил ОрлОв,8(9922) 62-15,4,подПисКа на ГАзету,1,596.89,3.11,coMPLeTED,подарок вовремя,21.05.2024,0260415498875926
2029955145120,2024/05/02 09:19:01,МИХаил ОрлОв,8(9922) 62-15,1,кОрм длЯ соБАк,5,2012.13,487.87,COmPleteD,подарок вовремя,21.05.2024,0260415498875926
2029955145120,2024/05/02 09:19:01,МИХаил ОрлОв,8(9922) 62-15,2,иГРУШкА МЯч,4,1026.57,173.43,ComPLEteD,подарок вовремя,21.05.2024,0260415498875926
2029955144637,2024/05/22 04:03:38,ИвАн иванОВ,+7 9173 96 68,5,мОЛоКО,1,2861.42,138.58,CoMpleTeD,Всё отлично!,2024/05/29,8335586971158607
2029955144637,2024/05/22 04:03:38,ИвАн иванОВ,+7 9173 96 68,5,мОЛОкО,1,2417.87,582.13,cOMplEtED,Всё отлично!,2024/05/29,8335586971158607
2029955144637,2024/05/22 04:03:38,ИвАн иванОВ,+7 9173 96 68,1,кОРм дЛя СОБАк,1,454.9,45.1,COMplEtED,Всё отлично!,2024/05/29,8335586971158607
2029955144637,2024/05/22 04:03:38,ИвАн иванОВ,+7 9173 96 68,4,подПИСка нА гАЗетУ,1,573.68,26.32,CompleTED,Всё отлично!,2024/05/29,8335586971158607
2029955144637,2024/05/22 04:03:38,ИвАн иванОВ,+7 9173 96 68,3,аМуНИция ДЛя сОБаК,2,2083.96,316.04,coMPleted,Всё отлично!,2024/05/29,8335586971158607
2029955143626,08.05.2024 03:58,АЛексей михАЙЛоВ,+7(9054)45-05,1,коРМ ДлЯ сОбАК,3,1377.95,122.05,cAnCElLed,подарок вовремя,09.05.2024,5103871487313347
2029955143626,08.05.2024 03:58,АЛексей михАЙЛоВ,+7(9054)45-05,4,ПодПисКА На газеТУ,1,532.3,67.7,cANCelLeD,подарок вовремя,09.05.2024,5103871487313347
2029955142376,2024/05/29 08:28:06,МИХАИЛ ОРЛОВ,8(9115) 57-72,4,ПОдпиСкА нА ГАЗЕТу,4,2335.05,64.95,cANCElLeD,спасибо за заказ,2024/05/04,8547279543359393
2029955142376,2024/05/29 08:28:06,МИХАИЛ ОРЛОВ,8(9115) 57-72,1,корМ длЯ собаК,3,1212.68,287.32,CaNCeLleD,спасибо за заказ,2024/05/04,8547279543359393
2029955142376,2024/05/29 08:28:06,МИХАИЛ ОРЛОВ,8(9115) 57-72,1,коРм дЛЯ СоБАк,5,2000.21,499.79,CaNcElled,спасибо за заказ,2024/05/04,8547279543359393
2029955141976,25.05.2024 15:00,ЕЛенА нОВИковА,+7(9011)56-32,2,иГруШкА МЯЧ,3,878.87,21.13,CoMpleTEd,Ждём с нетерпением!,2024-05-11,1557911381381111
2029955141976,25.05.2024 15:00,ЕЛенА нОВИковА,+7(9011)56-32,2,игРУШка мЯЧ,5,1289.93,210.07,cOMPLeteD,Ждём с нетерпением!,2024-05-11,1557911381381111
2029955141976,25.05.2024 15:00,ЕЛенА нОВИковА,+7(9011)56-32,4,пОдПИСка На ГАЗЕТу,3,1681.53,118.47,cOmpLETED,Ждём с нетерпением!,2024-05-11,1557911381381111
2029955140807,2024/05/13 21:50:47,дмиТРиЙ кУЗНЕцОв,8(9383) 58-23,5,МОЛоКо,5,13378.42,1621.58,comPlETeD,Нужно уточнить сроки,2024-05-11,7830512259352733
2029955140807,2024/05/13 21:50:47,дмиТРиЙ кУЗНЕцОв,8(9383) 58-23,5,моЛоко,2,5334.34,665.66,comPleTEd,Нужно уточнить сроки,2024-05-11,7830512259352733
2029955139465,2024-05-21 00:43:29,СергЕй СиДОРОВ,+7(9783)89-24,3,АмуницИя ДЛя собАК,5,5318.61,681.39,COMPlEted,подарок вовремя,06.05.2024,5634717486585611
2029955138198,2024-05-12 07:13:21,ДМИТрИЙ кУЗНЕЦоВ,+7(9339)25-02,4,пОдпИскА на ГаЗЕТУ,3,1441.59,358.41,COmpLetEd,Ждём с нетерпением!,17.05.2024,6267970157986979
2029955138198,2024-05-12 07:13:21,ДМИТрИЙ кУЗНЕЦоВ,+7(9339)25-02,5,мОлоКо,3,7957.27,1042.73,COMpLETeD,Ждём с нетерпением!,17.05.2024,6267970157986979
2029955138198,2024-05-12 07:13:21,ДМИТрИЙ кУЗНЕЦоВ,+7(9339)25-02,1,коРм ДЛЯ СОбАк,5,2427.14,72.86,CoMpLetED,Ждём с нетерпением!,17.05.2024,6267970157986979
2029955138198,2024-05-12 07:13:21,ДМИТрИЙ кУЗНЕЦоВ,+7(9339)25-02,1,КОРМ дЛя СОбак,5,2055.79,444.21,comPLeteD,Ждём с нетерпением!,17.05.2024,6267970157986979
2029955137302,13.05.2024 14:20,Михаил ОРЛОв,+7 9453 10 84,5,МолокО,4,10463.66,1536.34,compleTed,подарок вовремя,26.05.2024,2673725267151650
2029955137302,13.05.2024 14:20,Михаил ОРЛОв,+7 9453 10 84,2,ИГрУшКА МяЧ,2,494.14,105.86,cOmpLEteD,подарок вовремя,26.05.2024,2673725267151650
2029955137302,13.05.2024 14:20,Михаил ОРЛОв,+7 9453 10 84,1,корМ длЯ сОбАк,1,427.8,72.2,COmpletED,подарок вовремя,26.05.2024,2673725267151650
2029955137302,13.05.2024 14:20,Михаил ОРЛОв,+7 9453 10 84,2,ИГРУшкА МЯЧ,5,1206.26,293.74,cOMPLeted,подарок вовремя,26.05.2024,2673725267151650
2029955136120,2024/05/24 02:53:52,натАЛьЯ вАсИльЕвА,8(9951) 79-05,2,иГРУшка МяЧ,3,857.26,42.74,cANCEllED,"Задержка с доставкой, печалька...",2024-05-03,1583559495793150
2029955136120,2024/05/24 02:53:52,натАЛьЯ вАсИльЕвА,8(9951) 79-05,1,коРм дЛя СОбак,3,1384.88,115.12,cAncelled,"Задержка с доставкой, печалька...",2024-05-03,1583559495793150
2029955136120,2024/05/24 02:53:52,натАЛьЯ вАсИльЕвА,8(9951) 79-05,1,КОРм дЛЯ Собак,5,2415.5,84.5,caNceLLEd,"Задержка с доставкой, печалька...",2024-05-03,1583559495793150
2029955135419,23.05.2024 04:54,НаТАЛья ВасилЬева,+7(9268)06-07,4,пОДписКА нА гАзеТУ,1,552.61,47.39,COMpLeTeD,спасибо за заказ,2024-05-29,6798000847639505
2029955135419,23.05.2024 04:54,НаТАЛья ВасилЬева,+7(9268)06-07,1,кОрм ДлЯ соБАК,3,1227.03,272.97,comPLeTED,спасибо за заказ,2024-05-29,6798000847639505
2029955135419,23.05.2024 04:54,НаТАЛья ВасилЬева,+7(9268)06-07,1,кОрм ДЛЯ собак,2,932.61,67.39,CompleTeD,спасибо за заказ,2024-05-29,6798000847639505
2029955134273,03.05.2024 06:37,Мария ПетРоВа,+7 9866 06 88,1,коРм дЛя СОБАК,3,1291.98,208.02,COMPleTED,Проверить наличие,23.05.2024,4640189937689285
2029955134273,03.05.2024 06:37,Мария ПетРоВа,+7 9866 06 88,1,КоРМ длЯ СоБаК,4,1817.54,182.46,COMPLETED,Проверить наличие,23.05.2024,4640189937689285
2029955134273,03.05.2024 06:37,Мария ПетРоВа,+7 9866 06 88,4,ПодпискА На ГазеТУ,5,2819.67,180.33,COmPLeTed,Проверить наличие,23.05.2024,4640189937689285
2029955134273,03.05.2024 06:37,Мария ПетРоВа,+7 9866 06 88,3,амуНИЦИя ДЛЯ СОбАК,1,1184.73,15.27,coMPLETEd,Проверить наличие,23.05.2024,4640189937689285
2029955134273,03.05.2024 06:37,Мария ПетРоВа,+7 9866 06 88,3,амУНиция ДЛЯ соБАК,2,1960.63,439.37,COMplETeD,Проверить наличие,23.05.2024,4640189937689285
2029955133977,22.05.2024 14:53,оЛьгА куЗНЕЦОВА,+7(9331)11-82,1,кОрм дЛЯ СОбак,1,480.62,19.38,CoMPlEteD,Всё отлично!,2024/05/05,5111415919749275
2029955133977,22.05.2024 14:53,оЛьгА куЗНЕЦОВА,+7(9331)11-82,3,АмуНицИЯ ДЛя СОбАк,2,2064.53,335.47,COMpletEd,Всё отлично!,2024/05/05,5111415919749275
2029955133977,22.05.2024 14:53,оЛьгА куЗНЕЦОВА,+7(9331)11-82,4,пОдпиСка на гАЗЕту,2,1025.95,174.05,CoMpleTeD,Всё отлично!,2024/05/05,5111415919749275
2029955133977,22.05.2024 14:53,оЛьгА куЗНЕЦОВА,+7(9331)11-82,3,аМунИЦИя дЛЯ сОбак,2,2031.02,368.98,ComPLeTEd,Всё отлично!,2024/05/05,5111415919749275
2029955133977,22.05.2024 14:53,оЛьгА куЗНЕЦОВА,+7(9331)11-82,1,КОРМ для СОБАк,1,478.6,21.4,comPleTED,Всё отлично!,2024/05/05,5111415919749275
2029955132531,28.05.2024 18:16,ЕлЕНА ноВиКОвА,8(9555) 73-85,2,ИгрУшКа Мяч,1,268.58,31.42,compLETed,спасибо за заказ,2024-05-31,5779296402638139
2029955132531,28.05.2024 18:16,ЕлЕНА ноВиКОвА,8(9555) 73-85,4,пОДписка на газеТУ,3,1495.59,304.41,COMpLeTEd,спасибо за заказ,2024-05-31,5779296402638139
2029955132531,28.05.2024 18:16,ЕлЕНА ноВиКОвА,8(9555) 73-85,4,подпиСКа НА ГазЕТУ,4,1950.35,449.65,coMpLETEd,спасибо за заказ,2024-05-31,5779296402638139
2029955132531,28.05.2024 18:16,ЕлЕНА ноВиКОвА,8(9555) 73-85,2,игрУШКА Мяч,3,724.29,175.71,COmPlEted,спасибо за заказ,2024-05-31,5779296402638139
2029955131136,2024/05/11 16:13:31,МиХаиЛ ОрЛоВ,8(9160) 46-56,1,коРм для собаК,5,2263.12,236.88,caNCELleD,Нужно уточнить сроки,16.05.2024,2192260479522635
2029955131136,2024/05/11 16:13:31,МиХаиЛ ОрЛоВ,8(9160) 46-56,1,кОрМ длЯ СОбаК,2,968.91,31.09,cAnCeLled,Нужно уточнить сроки,16.05.2024,2192260479522635
2029955130755,17.05.2024 20:24,НаТаЛЬя ваСИЛьЕВа,+7 9496 44 09,3,аМУнИцИЯ дЛЯ собаК,1,1126.63,73.37,compLeTEd,Всё отлично!,2024-05-07,7014809385296046
2029955130755,17.05.2024 20:24,НаТаЛЬя ваСИЛьЕВа,+7 9496 44 09,1,КОрМ ДлЯ СоБаК,2,935.1,64.9,COmPLeTed,Всё отлично!,2024-05-07,7014809385296046
2029955130755,17.05.2024 20:24,НаТаЛЬя ваСИЛьЕВа,+7 9496 44 09,5,МолОКО,3,8386.77,613.23,CoMpletEd,Всё отлично!,2024-05-07,7014809385296046
2029955129486,13.05.2024 09:53,МиХаИл ОРЛов,+7 9072 66 34,5,МОЛОКО,3,7760.44,1239.56,cANCElLEd,спасибо за заказ,2024/05/11,0604605878692044
2029955128649,2024/05/06 15:36:54,АЛЕкСеЙ мИХАЙлов,8(9108) 69-08,1,коРм длЯ сОБаК,2,980.87,19.13,COmPLETeD,спасибо за заказ,2024-05-04,7737164597147004
2029955128649,2024/05/06 15:36:54,АЛЕкСеЙ мИХАЙлов,8(9108) 69-08,5,МОЛоко,2,4874.35,1125.65,CoMplEtED,спасибо за заказ,2024-05-04,7737164597147004
2029955128649,2024/05/06 15:36:54,АЛЕкСеЙ мИХАЙлов,8(9108) 69-08,2,игРУшка мяЧ,1,258.68,41.32,coMPLeTeD,спасибо за заказ,2024-05-04,7737164597147004
2029955128649,2024/05/06 15:36:54,АЛЕкСеЙ мИХАЙлов,8(9108) 69-08,4,ПоДПиСКа нА гаЗеТу,2,1078.48,121.52,cOMPLEtED,спасибо за заказ,2024-05-04,7737164597147004
2029955128649,2024/05/06 15:36:54,АЛЕкСеЙ мИХАЙлов,8(9108) 69-08,4,ПодПИсКа НА ГАЗеТУ,2,1082.5,117.5,CoMpLEted,спасибо за заказ,2024-05-04,7737164597147004
2029955127612,2024-05-06 13:02:04,ИвАН ИванОВ,+7 9133 33 44,1,Корм дЛЯ СОбак,2,829.33,170.67,PrOCeSSInG,"Задержка с доставкой, печалька...",25.05.2024,3821638043711167
2029955127612,2024-05-06 13:02:04,ИвАН ИванОВ,+7 9133 33 44,5,молОКо,5,14875.28,124.72,prOcESSinG,"Задержка с доставкой, печалька...",25.05.2024,3821638043711167
2029955126620,08.05.2024 13:29,ЕЛенА НоВИКоВА,8(9606) 74-91,5,МОлОко,3,7807.4,1192.6,cAnceLleD,Ждём с нетерпением!,2024/05/07,6761795875360719
2029955126620,08.05.2024 13:29,ЕЛенА НоВИКоВА,8(9606) 74-91,4,ПОдПИСКА НА ГазетУ,5,2710.15,289.85,canCelLED,Ждём с нетерпением!,2024/05/07,6761795875360719
2029955126620,08.05.2024 13:29,ЕЛенА НоВИКоВА,8(9606) 74-91,3,амУнИциЯ ДЛЯ соБаК,3,2967.91,632.09,CAnCeLLEd,Ждём с нетерпением!,2024/05/07,6761795875360719
2029955125900,18.05.2024 10:06,оЛьГа КузНецоВА,+7(9615)33-69,3,амУниЦИЯ ДлЯ сОбаК,2,2253.57,146.43,CANCEllED,Нужно уточнить сроки,2024-05-27,8515789010779377
2029955125900,18.05.2024 10:06,оЛьГа КузНецоВА,+7(9615)33-69,3,АмуНиЦиЯ ДлЯ СобАК,4,4086.5,713.5,cANcELleD,Нужно уточнить сроки,2024-05-27,8515789010779377
2029955124319,2024-05-24 17:51:20,мАриЯ пеТРовА,8(9174) 15-19,3,АмУНИЦия ДлЯ собАк,1,1193.12,6.88,cOmpLETeD,Нужно уточнить сроки,2024/05/08,6076024824481235
2029955124319,2024-05-24 17:51:20,мАриЯ пеТРовА,8(9174) 15-19,3,аМуНициЯ дЛЯ сОбАк,3,3258.91,341.09,cOmPleTEd,Нужно уточнить сроки,2024/05/08,6076024824481235
2029955124319,2024-05-24 17:51:20,мАриЯ пеТРовА,8(9174) 15-19,1,корМ дЛя собак,3,1280.25,219.75,compLeTED,Нужно уточнить сроки,2024/05/08,6076024824481235
2029955123371,27.05.2024 17:03,елеНА НоВиковА,+7 9772 13 98,2,игруШКа мяЧ,3,743.52,156.48,caNCElLeD,Ждём с нетерпением!,2024-05-03,1654389302328048
2029955123371,27.05.2024 17:03,елеНА НоВиковА,+7 9772 13 98,3,аМУнИцИЯ ДЛЯ сОбаК,2,2084.17,315.83,cAncElled,Ждём с нетерпением!,2024-05-03,1654389302328048
2029955123371,27.05.2024 17:03,елеНА НоВиковА,+7 9772 13 98,1,КорМ ДЛя сОбаК,1,485.32,14.68,CaNCELlEd,Ждём с нетерпением!,2024-05-03,1654389302328048
2029955123371,27.05.2024 17:03,елеНА НоВиковА,+7 9772 13 98,4,поДпИсКА На газЕту,2,1068.08,131.92,cANCelled,Ждём с нетерпением!,2024-05-03,1654389302328048
2029955122235,2024-05-27 03:45:31,алЕКсЕЙ михаЙлов,+7 9512 31 04,3,аМУниция ДЛя сОбАК,4,4572.53,227.47,CaNCelLEd,Ждём с нетерпением!,2024/05/16,0099106188798151
2029955121933,2024/05/29 14:34:58,сЕргЕй сидоРОВ,8(9457) 59-30,4,ПодпИсКА НА газету,1,492.56,107.44,caNcELLeD,подарок вовремя,22.05.2024,1964758945092753
2029955121933,2024/05/29 14:34:58,сЕргЕй сидоРОВ,8(9457) 59-30,2,игРУШКа Мяч,5,1345.64,154.36,CAncelLeD,подарок вовремя,22.05.2024,1964758945092753
2029955120488,2024-05-26 20:17:09,еЛЕНа НоВикоВА,+7 9498 51 78,4,ПОдпиСКА НА гАЗеТу,5,2786.33,213.67,pROCESSINg,Проверить наличие,27.05.2024,7078110349750430
2029955120488,2024-05-26 20:17:09,еЛЕНа НоВикоВА,+7 9498 51 78,3,аМУНиЦия длЯ СоБаК,4,4115.61,684.39,prOCEsSing,Проверить наличие,27.05.2024,7078110349750430
2029955120488,2024-05-26 20:17:09,еЛЕНа НоВикоВА,+7 9498 51 78,2,иГруШКА МЯЧ,4,1153.38,46.62,pRoceSSINg,Проверить наличие,27.05.2024,7078110349750430
2029955120488,2024-05-26 20:17:09,еЛЕНа НоВикоВА,+7 9498 51 78,1,коРм ДЛя СоБак,1,427.28,72.72,pRocEsSINg,Проверить наличие,27.05.2024,7078110349750430
2029955119592,29.05.2024 20:01,нАтАЛЬЯ вАсИЛЬевА,8(9237) 04-60,3,аМунИциЯ ДлЯ СоБак,5,5677.67,322.33,PrOCesSiNg,Ждём с нетерпением!,06.05.2024,8886391467432079
2029955119592,29.05.2024 20:01,нАтАЛЬЯ вАсИЛЬевА,8(9237) 04-60,1,кОрМ для собаК,1,402.27,97.73,PROcessinG,Ждём с нетерпением!,06.05.2024,8886391467432079
2029955119592,29.05.2024 20:01,нАтАЛЬЯ вАсИЛЬевА,8(9237) 04-60,2,иГрУШкА мяЧ,3,824.64,75.36,pROCeSsInG,Ждём с нетерпением!,06.05.2024,8886391467432079
2029955118879,2024-05-23 15:42:47,наТальЯ вАсилЬЕвА,+7 9997 69 82,2,игРуШКА Мяч,5,1209.99,290.01,cAnCeLLEd,"Задержка с доставкой, печалька...",2024/05/21,1859702718693548
2029955118879,2024-05-23 15:42:47,наТальЯ вАсилЬЕвА,+7 9997 69 82,4,поДпиСКА На гАЗЕТу,3,1718.65,81.35,CanCELlEd,"Задержка с доставкой, печалька...",2024/05/21,1859702718693548
2029955118879,2024-05-23 15:42:47,наТальЯ вАсилЬЕвА,+7 9997 69 82,1,КОрМ для соБАк,1,480.35,19.65,CaNCellED,"Задержка с доставкой, печалька...",2024/05/21,1859702718693548
2029955117725,2024-05-08 00:29:23,АЛексЕЙ МИхАйЛоВ,+7 9390 90 93,1,корм ДЛЯ СобАк,5,2190.35,309.65,pROCESSING,"Задержка с доставкой, печалька...",2024/05/23,8495661378179383
2029955117725,2024-05-08 00:29:23,АЛексЕЙ МИхАйЛоВ,+7 9390 90 93,3,АмунИцИЯ дЛЯ соБак,5,4982.53,1017.47,PROCessiNG,"Задержка с доставкой, печалька...",2024/05/23,8495661378179383
2029955117725,2024-05-08 00:29:23,АЛексЕЙ МИхАйЛоВ,+7 9390 90 93,3,аМУНИцИЯ Для собаК,5,5254.01,745.99,pROCEssING,"Задержка с доставкой, печалька...",2024/05/23,8495661378179383
2029955116107,31.05.2024 11:48,нАтАлЬЯ ВасИлЬеВа,+7 9452 85 84,1,коРМ для сОБаК,2,863.02,136.98,pROceSSiNG,спасибо за заказ,16.05.2024,2633338880721906
2029955116107,31.05.2024 11:48,нАтАлЬЯ ВасИлЬеВа,+7 9452 85 84,4,пОдПиСКа на гаЗетУ,2,1125.58,74.42,pROCeSsing,спасибо за заказ,16.05.2024,2633338880721906
2029955116107,31.05.2024 11:48,нАтАлЬЯ ВасИлЬеВа,+7 9452 85 84,1,коРм Для соБаК,4,1899.33,100.67,pROCeSsIng,спасибо за заказ,16.05.2024,2633338880721906
2029955116107,31.05.2024 11:48,нАтАлЬЯ ВасИлЬеВа,+7 9452 85 84,5,мОлОКо,4,10890.51,1109.49,proCeSsinG,спасибо за заказ,16.05.2024,2633338880721906
2029955116107,31.05.2024 11:48,нАтАлЬЯ ВасИлЬеВа,+7 9452 85 84,3,АМУНиЦИя ДЛя сОбАк,2,2039.6,360.4,prOcEssINg,спасибо за заказ,16.05.2024,2633338880721906
2029955115417,2024/05/28 12:18:52,НАтАЛья ВАсИлЬЕВа,+7(9080)96-75,3,амуНицИя Для СобаК,1,990.76,209.24,cOmPLETED,спасибо за заказ,2024/05/10,3310878104780675
2029955115417,2024/05/28 12:18:52,НАтАЛья ВАсИлЬЕВа,+7(9080)96-75,4,ПОДпИскА нА гаЗетУ,1,540.39,59.61,comPLeTEd,спасибо за заказ,2024/05/10,3310878104780675
2029955115417,2024/05/28 12:18:52,НАтАЛья ВАсИлЬЕВа,+7(9080)96-75,3,аМуНИЦия ДлЯ сОбаК,1,1123.12,76.88,cOmPLEteD,спасибо за заказ,2024/05/10,3310878104780675
2029955114536,27.05.2024 23:27,елЕНа НоВиКОва,+7 9867 40 35,1,кОрм Для сОБАК,1,402.33,97.67,coMPlETED,Нужно уточнить сроки,2024/05/23,8542433745620584
2029955114536,27.05.2024 23:27,елЕНа НоВиКОва,+7 9867 40 35,1,КорМ дЛя соБак,1,429.66,70.34,ComPLeTed,Нужно уточнить сроки,2024/05/23,8542433745620584
2029955114536,27.05.2024 23:27,елЕНа НоВиКОва,+7 9867 40 35,3,аМУниция ДЛя СОбАК,2,2282.41,117.59,COmpLeted,Нужно уточнить сроки,2024/05/23,8542433745620584
2029955113578,07.05.2024 22:27,ивАН ИВАНов,8(9638) 12-90,4,поДПиСка НА ГАЗЕТУ,1,583.9,16.1,ComPLETEd,подарок вовремя,2024/05/06,4140831021484491
2029955113578,07.05.2024 22:27,ивАН ИВАНов,8(9638) 12-90,1,КОРм дЛя СОбаК,1,467.97,32.03,cOMpleTEd,подарок вовремя,2024/05/06,4140831021484491
2029955113578,07.05.2024 22:27,ивАН ИВАНов,8(9638) 12-90,2,игРушКа МЯЧ,4,1171.62,28.38,comPlETed,подарок вовремя,2024/05/06,4140831021484491
2029955112308,2024-05-11 09:20:08,еЛенА нОВикОВА,8(9325) 39-65,5,мОЛОко,4,9673.64,2326.36,coMpLETeD,Нужно уточнить сроки,15.05.2024,9693567229329640
2029955112308,2024-05-11 09:20:08,еЛенА нОВикОВА,8(9325) 39-65,2,ИгрУШкА МяЧ,1,262.16,37.84,cOmPleTed,Нужно уточнить сроки,15.05.2024,9693567229329640
2029955112308,2024-05-11 09:20:08,еЛенА нОВикОВА,8(9325) 39-65,3,аМУНИЦия для СоБАК,3,3215.8,384.2,cOMpLeTEd,Нужно уточнить сроки,15.05.2024,9693567229329640
2029955111508,2024/05/14 00:37:20,АлексЕЙ миХайлоВ,8(9892) 61-67,1,кОРм дЛЯ СОБАк,2,880.64,119.36,PRoCeSsIng,Проверить наличие,06.05.2024,5163956307297013
2029955111508,2024/05/14 00:37:20,АлексЕЙ миХайлоВ,8(9892) 61-67,5,МОЛОко,3,8249.79,750.21,ProCEsSING,Проверить наличие,06.05.2024,5163956307297013
2029955111508,2024/05/14 00:37:20,АлексЕЙ миХайлоВ,8(9892) 61-67,2,ИГрУШКа Мяч,3,743.63,156.37,PrOCessING,Проверить наличие,06.05.2024,5163956307297013
2029955111508,2024/05/14 00:37:20,АлексЕЙ миХайлоВ,8(9892) 61-67,4,ПоДПИска НА газЕтУ,3,1601.06,198.94,PROceSsing,Проверить наличие,06.05.2024,5163956307297013
2029955110918,2024-05-08 11:24:38,МИхАиЛ орЛОв,+7(9644)00-24,1,КорМ дЛя СОБАк,2,883.99,116.01,cancELlEd,Всё отлично!,13.05.2024,9012116975800284
2029955110918,2024-05-08 11:24:38,МИхАиЛ орЛОв,+7(9644)00-24,3,АмУНиция дЛЯ сОбак,5,4973.49,1026.51,CaNCElLed,Всё отлично!,13.05.2024,9012116975800284
2029955110918,2024-05-08 11:24:38,МИхАиЛ орЛОв,+7(9644)00-24,1,кОрм дЛЯ собАк,2,900.25,99.75,CANcellEd,Всё отлично!,13.05.2024,9012116975800284
2029955109311,20.05.2024 05:46,миХаил орЛоВ,8(9415) 25-47,1,КоРМ ДЛя СОбАК,3,1349.63,150.37,CanCeLled,спасибо за заказ,26.05.2024,2131019829227254
2029955109311,20.05.2024 05:46,миХаил орЛоВ,8(9415) 25-47,4,ПОдпиСКа На ГазЕтУ,1,599.01,0.99,CANCELled,спасибо за заказ,26.05.2024,2131019829227254
2029955109311,20.05.2024 05:46,миХаил орЛоВ,8(9415) 25-47,2,игРушка мяч,1,296.51,3.49,CANCELlED,спасибо за заказ,26.05.2024,2131019829227254
2029955108988,2024-05-04 03:43:36,АЛекСей МИхАйЛОВ,+7(9459)88-50,3,АмуниЦИЯ Для сОбаК,2,2002.88,397.12,pRoCeSSING,"Задержка с доставкой, печалька...",2024/05/15,7313691943208051
2029955108988,2024-05-04 03:43:36,АЛекСей МИхАйЛОВ,+7(9459)88-50,3,аМуНИцИЯ дЛЯ сОБАк,1,1030.82,169.18,prOCeSsIng,"Задержка с доставкой, печалька...",2024/05/15,7313691943208051
2029955108988,2024-05-04 03:43:36,АЛекСей МИхАйЛОВ,+7(9459)88-50,5,МОлоКО,4,11779.39,220.61,pRoceSsing,"Задержка с доставкой, печалька...",2024/05/15,7313691943208051
2029955108988,2024-05-04 03:43:36,АЛекСей МИхАйЛОВ,+7(9459)88-50,1,КорМ дЛЯ сОбаК,5,2316.04,183.96,pRocEssING,"Задержка с доставкой, печалька...",2024/05/15,7313691943208051
2029955108988,2024-05-04 03:43:36,АЛекСей МИхАйЛОВ,+7(9459)88-50,5,молОко,5,12414.09,2585.91,ProcEsSiNG,"Задержка с доставкой, печалька...",2024/05/15,7313691943208051
2029955107329,08.05.2024 23:56,СеРГеЙ СидорОв,8(9508) 43-05,5,МоЛоКО,4,11008.04,991.96,CoMPleTed,Нужно уточнить сроки,2024/05/06,4524368575835066
2029955107329,08.05.2024 23:56,СеРГеЙ СидорОв,8(9508) 43-05,2,ИгрУшКа мяЧ,4,1089.65,110.35,coMplETED,Нужно уточнить сроки,2024/05/06,4524368575835066
2029955106452,06.05.2024 21:08,НАТАЛЬЯ ВАсильЕвА,+7(9605)55-89,3,АМуницИЯ дЛЯ СоБАК,4,4178.96,621.04,COmpLetEd,Проверить наличие,2024-05-05,5641276153746132
2029955106452,06.05.2024 21:08,НАТАЛЬЯ ВАсильЕвА,+7(9605)55-89,3,аМуНиЦИя длЯ сОбак,3,3137.19,462.81,coMplEted,Проверить наличие,2024-05-05,5641276153746132
2029955106452,06.05.2024 21:08,НАТАЛЬЯ ВАсильЕвА,+7(9605)55-89,3,амуНиЦИя ДлЯ СОбАк,5,5185.0,815.0,COmPLEtED,Проверить наличие,2024-05-05,5641276153746132
2029955105470,09.05.2024 11:26,ИваН иВАНоВ,+7 9929 47 06,5,мОлокО,3,7978.3,1021.7,CANCElLEd,Всё отлично!,22.05.2024,1359894374825450
2029955105470,09.05.2024 11:26,ИваН иВАНоВ,+7 9929 47 06,3,АмуНИЦиЯ ДЛя Собак,1,1109.36,90.64,CaNcelled,Всё отлично!,22.05.2024,1359894374825450
2029955105470,09.05.2024 11:26,ИваН иВАНоВ,+7 9929 47 06,1,КоРм для СоБаК,4,1801.41,198.59,cANCelLed,Всё отлично!,22.05.2024,1359894374825450
2029955104524,2024-05-23 15:04:54,НАтАлья ВАСиЛьЕва,8(9668) 73-37,2,ИгрУшКа МЯч,3,866.7,33.3,cANCeLlEd,подарок вовремя,28.05.2024,6431244281765887
2029955104524,2024-05-23 15:04:54,НАтАлья ВАСиЛьЕва,8(9668) 73-37,4,подПиСка на газеТУ,1,557.88,42.12,canCeLled,подарок вовремя,28.05.2024,6431244281765887
2029955104524,2024-05-23 15:04:54,НАтАлья ВАСиЛьЕва,8(9668) 73-37,5,МолоКо,5,12563.12,2436.88,CanCELLed,подарок вовремя,28.05.2024,6431244281765887
2029955104524,2024-05-23 15:04:54,НАтАлья ВАСиЛьЕва,8(9668) 73-37,4,ПодпиСКА На гАзЕТУ,1,515.03,84.97,cAnCElLEd,подарок вовремя,28.05.2024,6431244281765887
2029955104524,2024-05-23 15:04:54,НАтАлья ВАСиЛьЕва,8(9668) 73-37,3,АМУНицИЯ ДЛя СОбак,3,3170.53,429.47,cancelLEd,подарок вовремя,28.05.2024,6431244281765887
2029955103548,2024-05-01 12:06:47,СеРГЕЙ СИДоРов,8(9540) 07-59,2,ИгРушка МЯЧ,4,981.82,218.18,cancelLEd,спасибо за заказ,05.05.2024,5267111967990079
2029955103548,2024-05-01 12:06:47,СеРГЕЙ СИДоРов,8(9540) 07-59,1,коРМ ДЛя соБак,4,1754.56,245.44,CANcElLed,спасибо за заказ,05.05.2024,5267111967990079
2029955102300,07.05.2024 23:04,СеРГеЙ сиДОРОВ,+7(9294)33-86,2,ИгРУшКА мяЧ,4,1166.68,33.32,CaNCelled,Проверить наличие,17.05.2024,7282550821454569
2029955102300,07.05.2024 23:04,СеРГеЙ сиДОРОВ,+7(9294)33-86,5,МОЛоКо,4,10881.98,1118.02,CaNcElLED,Проверить наличие,17.05.2024,7282550821454569
2029955101391,2024-05-09 14:20:52,ОЛЬгА кУзНеЦоВА,+7(9257)54-15,5,Молоко,1,2990.1,9.9,pRoCesSING,Нужно уточнить сроки,04.05.2024,0412464148880312
2029955101391,2024-05-09 14:20:52,ОЛЬгА кУзНеЦоВА,+7(9257)54-15,5,моЛоКо,2,5198.83,801.17,prOCEsSinG,Нужно уточнить сроки,04.05.2024,0412464148880312
2029955101391,2024-05-09 14:20:52,ОЛЬгА кУзНеЦоВА,+7(9257)54-15,4,ПОдПИСкА на ГАЗЕту,4,2089.68,310.32,proCESsiNG,Нужно уточнить сроки,04.05.2024,0412464148880312
2029955100955,28.05.2024 03:17,ольгА куЗнеЦОвА,+7(9258)16-36,5,моЛоко,2,4840.37,1159.63,cANcElLed,Всё отлично!,2024-05-30,9436490106554378
2029955100955,28.05.2024 03:17,ольгА куЗнеЦОвА,+7(9258)16-36,5,МОлОко,1,2881.72,118.28,CANceLleD,Всё отлично!,2024-05-30,9436490106554378
2029955100955,28.05.2024 03:17,ольгА куЗнеЦОвА,+7(9258)16-36,5,молоко,1,2518.27,481.73,caNCELlEd,Всё отлично!,2024-05-30,9436490106554378
2029955099849,2024/05/02 17:21:59,сЕргЕй сИДоРов,8(9499) 99-78,1,корм дЛЯ СобаК,4,1610.26,389.74,cOMPLEted,Всё отлично!,2024-05-18,2227838998949063
2029955098123,2024-05-17 23:51:46,СеРгЕй СИДоРов,+7(9406)53-95,5,МОлОкО,3,8203.24,796.76,CaNCeLLeD,Проверить наличие,08.05.2024,5740926675267854
2029955097583,2024-05-28 04:00:28,ДМИТРиЙ куЗнЕцОв,+7 9775 06 05,5,мОлокО,3,8918.26,81.74,PrOcESsIng,Проверить наличие,2024/05/15,1937428693410178
2029955097583,2024-05-28 04:00:28,ДМИТРиЙ куЗнЕцОв,+7 9775 06 05,2,игРуШКа МЯЧ,4,977.63,222.37,proCesSIng,Проверить наличие,2024/05/15,1937428693410178
2029955096742,2024-05-11 22:53:35,еЛЕнА НовИковА,+7(9414)15-31,2,ИгрУшКа мяч,3,766.91,133.09,COMPlEtED,Всё отлично!,2024-05-06,3779927685920133
2029955095240,2024-05-29 04:28:44,анНа сМирноВа,+7(9286)40-29,3,амуНиЦИЯ Для соБАК,2,2170.09,229.91,CAnCELlED,Нужно уточнить сроки,2024/05/09,8070708384197388
2029955095240,2024-05-29 04:28:44,анНа сМирноВа,+7(9286)40-29,4,поДПиСКа На ГАЗеТу,4,2279.76,120.24,CAnCellED,Нужно уточнить сроки,2024/05/09,8070708384197388
2029955095240,2024-05-29 04:28:44,анНа сМирноВа,+7(9286)40-29,5,молоКо,4,11596.19,403.81,CAnceLlED,Нужно уточнить сроки,2024/05/09,8070708384197388
2029955095240,2024-05-29 04:28:44,анНа сМирноВа,+7(9286)40-29,1,кОРМ длЯ СОбАк,3,1414.27,85.73,CANcElled,Нужно уточнить сроки,2024/05/09,8070708384197388
2029955095240,2024-05-29 04:28:44,анНа сМирноВа,+7(9286)40-29,2,ИгрУшКА мЯч,3,784.38,115.62,CAncELLeD,Нужно уточнить сроки,2024/05/09,8070708384197388
2029955094854,2024-05-13 19:01:48,ОЛЬга кУЗнецОВА,8(9547) 49-70,2,ИгРуШКА МЯЧ,2,506.3,93.7,prOcEsSInG,"Задержка с доставкой, печалька...",2024/05/27,0154850202730568
2029955094854,2024-05-13 19:01:48,ОЛЬга кУЗнецОВА,8(9547) 49-70,2,иГрУшКА МЯЧ,5,1463.3,36.7,pROCesSiNG,"Задержка с доставкой, печалька...",2024/05/27,0154850202730568
2029955094854,2024-05-13 19:01:48,ОЛЬга кУЗнецОВА,8(9547) 49-70,3,АмуницИя для собак,1,1156.67,43.33,PRoCESSiNg,"Задержка с доставкой, печалька...",2024/05/27,0154850202730568
2029955094854,2024-05-13 19:01:48,ОЛЬга кУЗнецОВА,8(9547) 49-70,1,корМ дЛя СоБак,2,950.97,49.03,ProcESSing,"Задержка с доставкой, печалька...",2024/05/27,0154850202730568
2029955094854,2024-05-13 19:01:48,ОЛЬга кУЗнецОВА,8(9547) 49-70,2,ИГрУШКа мЯч,4,1185.53,14.47,ProcEsSInG,"Задержка с доставкой, печалька...",2024/05/27,0154850202730568
2029955093750,2024/05/04 20:20:38,олЬга КуЗнеЦоВа,+7(9207)15-93,3,АМуНиция длЯ сОБаК,4,4434.27,365.73,ComPlEtEd,"Задержка с доставкой, печалька...",2024/05/29,0373339639129698
2029955093750,2024/05/04 20:20:38,олЬга КуЗнеЦоВа,+7(9207)15-93,4,подПИсКА на гАзетУ,1,526.74,73.26,COmpLeTED,"Задержка с доставкой, печалька...",2024/05/29,0373339639129698
2029955093750,2024/05/04 20:20:38,олЬга КуЗнеЦоВа,+7(9207)15-93,3,АмУНИЦИя ДЛя СобАК,4,4206.29,593.71,CompLEtEd,"Задержка с доставкой, печалька...",2024/05/29,0373339639129698
2029955093750,2024/05/04 20:20:38,олЬга КуЗнеЦоВа,+7(9207)15-93,1,КоРМ для СоБАК,2,806.75,193.25,CoMpLeted,"Задержка с доставкой, печалька...",2024/05/29,0373339639129698
2029955093750,2024/05/04 20:20:38,олЬга КуЗнеЦоВа,+7(9207)15-93,1,КорМ дЛЯ соБак,2,925.95,74.05,COmPLETED,"Задержка с доставкой, печалька...",2024/05/29,0373339639129698
2029955092136,2024-05-17 13:19:56,МиХаил ОРлОв,8(9895) 18-20,3,АМУНицИЯ ДлЯ сОбаК,1,1063.93,136.07,caNceLleD,"Задержка с доставкой, печалька...",22.05.2024,0597037325592540
2029955092136,2024-05-17 13:19:56,МиХаил ОРлОв,8(9895) 18-20,3,АМунИЦия ДлЯ сОбаК,1,1050.82,149.18,CaNCeLlED,"Задержка с доставкой, печалька...",22.05.2024,0597037325592540
2029955092136,2024-05-17 13:19:56,МиХаил ОРлОв,8(9895) 18-20,5,МолоКО,3,7909.5,1090.5,CANCeLled,"Задержка с доставкой, печалька...",22.05.2024,0597037325592540
2029955092136,2024-05-17 13:19:56,МиХаил ОРлОв,8(9895) 18-20,5,МОЛоКО,1,2861.57,138.43,CANCeLleD,"Задержка с доставкой, печалька...",22.05.2024,0597037325592540
2029955092136,2024-05-17 13:19:56,МиХаил ОРлОв,8(9895) 18-20,3,АМунИцИЯ Для соБаК,1,1032.09,167.91,CANCELleD,"Задержка с доставкой, печалька...",22.05.2024,0597037325592540
2029955091546,2024/05/22 01:20:03,ЕлеНа ноВИкоВа,+7 9526 28 50,2,иГРуШка мяч,4,1072.9,127.1,ProcEsSINg,Проверить наличие,14.05.2024,8455652290831786
2029955091546,2024/05/22 01:20:03,ЕлеНа ноВИкоВа,+7 9526 28 50,3,аМУНИЦИя для Собак,3,3026.07,573.93,pROceSsing,Проверить наличие,14.05.2024,8455652290831786
2029955091546,2024/05/22 01:20:03,ЕлеНа ноВИкоВа,+7 9526 28 50,2,игРуШкА мЯЧ,3,886.16,13.84,PROcESSING,Проверить наличие,14.05.2024,8455652290831786
2029955090808,20.05.2024 07:58,дмИТрий кузНеЦоВ,+7 9562 11 43,4,ПоДпИскА НА ГАзетУ,5,2853.68,146.32,caNCElleD,Всё отлично!,2024-05-14,5227267554240717
2029955090808,20.05.2024 07:58,дмИТрий кузНеЦоВ,+7 9562 11 43,2,иГрУшкА МЯЧ,3,725.89,174.11,CaNCElLEd,Всё отлично!,2024-05-14,5227267554240717
2029955090808,20.05.2024 07:58,дмИТрий кузНеЦоВ,+7 9562 11 43,1,кОрм для сОБак,1,433.47,66.53,CAnCeLled,Всё отлично!,2024-05-14,5227267554240717
2029955090808,20.05.2024 07:58,дмИТрий кузНеЦоВ,+7 9562 11 43,5,МОЛоко,2,5302.48,697.52,CAncelled,Всё отлично!,2024-05-14,5227267554240717
2029955089318,03.05.2024 16:13,АлеКСеЙ миХАЙлов,+7 9420 81 33,1,корм для СобАк,5,2437.28,62.72,cOmPLEtED,Ждём с нетерпением!,2024-05-15,0839745223174163
2029955089318,03.05.2024 16:13,АлеКСеЙ миХАЙлов,+7 9420 81 33,3,АмУНИциЯ ДЛЯ СОБаК,5,5754.15,245.85,coMpLETed,Ждём с нетерпением!,2024-05-15,0839745223174163
2029955089318,03.05.2024 16:13,АлеКСеЙ миХАЙлов,+7 9420 81 33,4,подпИсКА На газЕту,2,1104.87,95.13,CoMPleted,Ждём с нетерпением!,2024-05-15,0839745223174163
2029955089318,03.05.2024 16:13,АлеКСеЙ миХАЙлов,+7 9420 81 33,4,ПОДПИскА на гАЗЕТУ,4,1923.25,476.75,CoMPleTED,Ждём с нетерпением!,2024-05-15,0839745223174163
2029955089318,03.05.2024 16:13,АлеКСеЙ миХАЙлов,+7 9420 81 33,4,ПоДПИска нА гаЗЕТУ,2,993.29,206.71,comPlEteD,Ждём с нетерпением!,2024-05-15,0839745223174163
2029955088195,2024-05-28 04:41:52,ИВаН иванов,+7 9064 53 09,1,кОРМ Для СОбак,3,1432.61,67.39,procESSinG,Всё отлично!,11.05.2024,4586052025615648
2029955088195,2024-05-28 04:41:52,ИВаН иванов,+7 9064 53 09,4,ПОдПИсКА На гаЗеТу,3,1509.52,290.48,pRoCessiNG,Всё отлично!,11.05.2024,4586052025615648
2029955088195,2024-05-28 04:41:52,ИВаН иванов,+7 9064 53 09,5,Молоко,2,5666.92,333.08,PrOCESsing,Всё отлично!,11.05.2024,4586052025615648
2029955087786,2024-05-01 11:19:57,ЕЛЕНА НОвикоВА,+7 9638 51 36,1,КОРМ ДлЯ соБАк,1,427.35,72.65,PRoceSsiNG,спасибо за заказ,2024-05-10,2154693978527675
2029955087786,2024-05-01 11:19:57,ЕЛЕНА НОвикоВА,+7 9638 51 36,1,КоРм дЛЯ СобаК,1,418.17,81.83,PRocEssing,спасибо за заказ,2024-05-10,2154693978527675
2029955086426,2024/05/10 04:19:50,МиХАИл ОРЛОВ,+7(9921)16-75,3,АмУНИЦиЯ ДЛя СобАК,5,5345.69,654.31,PrOcesSIng,Нужно уточнить сроки,2024-05-25,1415281061845562
2029955086426,2024/05/10 04:19:50,МиХАИл ОРЛОВ,+7(9921)16-75,5,Молоко,3,8660.58,339.42,PrOcEssIng,Нужно уточнить сроки,2024-05-25,1415281061845562
2029955086426,2024/05/10 04:19:50,МиХАИл ОРЛОВ,+7(9921)16-75,1,коРм дЛЯ собАК,4,1915.91,84.09,prOcESSING,Нужно уточнить сроки,2024-05-25,1415281061845562
2029955086426,2024/05/10 04:19:50,МиХАИл ОРЛОВ,+7(9921)16-75,2,игрУШка МяЧ,5,1399.82,100.18,proCeSsiNG,Нужно уточнить сроки,2024-05-25,1415281061845562
2029955085972,15.05.2024 13:51,сЕрГей СИДОроВ,8(9383) 12-46,3,аМуНИциЯ длЯ СоБАк,3,3300.52,299.48,PROCESSINg,Ждём с нетерпением!,2024/05/28,9324472083141509
2029955085972,15.05.2024 13:51,сЕрГей СИДОроВ,8(9383) 12-46,2,иГруШКа мяЧ,1,256.62,43.38,PrOCeSsINg,Ждём с нетерпением!,2024/05/28,9324472083141509
2029955084144,31.05.2024 17:19,МИхАИЛ Орлов,+7 9090 39 30,1,корм ДЛЯ СОбак,4,1884.77,115.23,cOMplEtED,Ждём с нетерпением!,02.05.2024,1678230894575986
2029955084144,31.05.2024 17:19,МИхАИЛ Орлов,+7 9090 39 30,4,подпиСКа на гаЗЕтУ,3,1539.94,260.06,COmpleTed,Ждём с нетерпением!,02.05.2024,1678230894575986
2029955084144,31.05.2024 17:19,МИхАИЛ Орлов,+7 9090 39 30,3,АмуНИЦия Для сОбак,1,1187.52,12.48,cOmPLETED,Ждём с нетерпением!,02.05.2024,1678230894575986
2029955084144,31.05.2024 17:19,МИхАИЛ Орлов,+7 9090 39 30,3,аМУниЦИя длЯ соБАк,3,2909.78,690.22,COmPLEted,Ждём с нетерпением!,02.05.2024,1678230894575986
2029955084144,31.05.2024 17:19,МИхАИЛ Орлов,+7 9090 39 30,3,АмунИциЯ для соБак,3,3328.23,271.77,compleTed,Ждём с нетерпением!,02.05.2024,1678230894575986
2029955083460,01.05.2024 08:32,МАрИя пЕтрова,8(9393) 19-49,4,подпИСкА НА газЕту,3,1620.02,179.98,CAnceLlED,Нужно уточнить сроки,16.05.2024,7956346488992914
2029955083460,01.05.2024 08:32,МАрИя пЕтрова,8(9393) 19-49,5,мОЛОкО,1,2940.98,59.02,CaNCElLeD,Нужно уточнить сроки,16.05.2024,7956346488992914
2029955082321,2024/05/17 20:17:39,еЛеНа НОВикОвА,+7 9838 26 37,1,КоРМ ДЛя соБАК,2,981.21,18.79,canCeLled,Ждём с нетерпением!,2024-05-31,0155663728192027
2029955082321,2024/05/17 20:17:39,еЛеНа НОВикОвА,+7 9838 26 37,2,иГРушкА Мяч,4,1007.2,192.8,cANcelled,Ждём с нетерпением!,2024-05-31,0155663728192027
2029955082321,2024/05/17 20:17:39,еЛеНа НОВикОвА,+7 9838 26 37,4,ПодпИСкА На газЕТУ,5,2691.21,308.79,cancELlEd,Ждём с нетерпением!,2024-05-31,0155663728192027
2029955082321,2024/05/17 20:17:39,еЛеНа НОВикОвА,+7 9838 26 37,3,АмУницИЯ ДЛя соБаК,3,3540.88,59.12,CAnCElLed,Ждём с нетерпением!,2024-05-31,0155663728192027
2029955082321,2024/05/17 20:17:39,еЛеНа НОВикОвА,+7 9838 26 37,5,МоЛоКо,3,8562.18,437.82,CanCEllEd,Ждём с нетерпением!,2024-05-31,0155663728192027
2029955081123,16.05.2024 19:41,мАРИЯ пЕтрОВа,8(9800) 79-48,5,МОлокО,1,2983.29,16.71,cANCeLLEd,Проверить наличие,2024/05/13,7748435045537346
2029955080658,15.05.2024 18:12,дмИТриЙ КузНеЦОв,+7(9078)51-53,1,коРМ ДлЯ СобАк,2,997.83,2.17,CanCelLeD,Ждём с нетерпением!,2024/05/27,7390150217430495
2029955080658,15.05.2024 18:12,дмИТриЙ КузНеЦОв,+7(9078)51-53,4,поДПисКа НА ГазЕту,1,494.66,105.34,cAncElLED,Ждём с нетерпением!,2024/05/27,7390150217430495
2029955080658,15.05.2024 18:12,дмИТриЙ КузНеЦОв,+7(9078)51-53,5,мОлОКо,1,2700.43,299.57,canCELLed,Ждём с нетерпением!,2024/05/27,7390150217430495
2029955080658,15.05.2024 18:12,дмИТриЙ КузНеЦОв,+7(9078)51-53,2,игрУШкА Мяч,5,1451.11,48.89,CanCeLled,Ждём с нетерпением!,2024/05/27,7390150217430495
2029955080658,15.05.2024 18:12,дмИТриЙ КузНеЦОв,+7(9078)51-53,4,поДпИСКа НА гАЗеТу,3,1722.49,77.51,cancELLED,Ждём с нетерпением!,2024/05/27,7390150217430495
2029955079733,2024/05/02 07:13:39,мИхаил орЛоВ,+7(9414)59-35,4,ПОДПисКА На ГазЕТу,1,573.85,26.15,proCessing,"Задержка с доставкой, печалька...",2024/05/01,3454298945027763
2029955079733,2024/05/02 07:13:39,мИхаил орЛоВ,+7(9414)59-35,1,коРМ ДлЯ СОбак,5,2313.68,186.32,PROCESsIng,"Задержка с доставкой, печалька...",2024/05/01,3454298945027763
2029955079733,2024/05/02 07:13:39,мИхаил орЛоВ,+7(9414)59-35,1,кОРМ дЛЯ соБАк,2,960.4,39.6,ProCESSiNg,"Задержка с доставкой, печалька...",2024/05/01,3454298945027763
2029955079733,2024/05/02 07:13:39,мИхаил орЛоВ,+7(9414)59-35,4,ПодПиска НА ГАзЕту,3,1713.84,86.16,pRocEsSing,"Задержка с доставкой, печалька...",2024/05/01,3454298945027763
2029955079733,2024/05/02 07:13:39,мИхаил орЛоВ,+7(9414)59-35,3,АмУНициЯ Для СОбак,5,5560.09,439.91,proCessiNg,"Задержка с доставкой, печалька...",2024/05/01,3454298945027763
2029955078604,2024/05/27 11:04:14,нАталЬЯ ВаСиЛьеВА,8(9525) 45-47,3,АМуницИЯ длЯ СОБак,3,3347.08,252.92,CancelleD,подарок вовремя,2024-05-31,5278779150906270
2029955078604,2024/05/27 11:04:14,нАталЬЯ ВаСиЛьеВА,8(9525) 45-47,5,мОЛокО,3,7982.52,1017.48,CAncELLEd,подарок вовремя,2024-05-31,5278779150906270
2029955078604,2024/05/27 11:04:14,нАталЬЯ ВаСиЛьеВА,8(9525) 45-47,2,ИГрушКа МЯч,2,540.77,59.23,CaNCelLeD,подарок вовремя,2024-05-31,5278779150906270
2029955078604,2024/05/27 11:04:14,нАталЬЯ ВаСиЛьеВА,8(9525) 45-47,4,пОдПиска нА газеТУ,3,1712.34,87.66,cANCELLed,подарок вовремя,2024-05-31,5278779150906270
2029955078604,2024/05/27 11:04:14,нАталЬЯ ВаСиЛьеВА,8(9525) 45-47,3,АМуНиция ДЛЯ СобАк,5,5389.22,610.78,CanCElLEd,подарок вовремя,2024-05-31,5278779150906270
2029955077875,17.05.2024 02:11,ДмиТРий КУзНЕЦОВ,+7(9078)78-36,2,ИгрушКА МЯЧ,2,599.63,0.37,PrOCeSsING,Ждём с нетерпением!,2024/05/29,2147096575622820
2029955076169,2024/05/18 11:10:46,ДМИТРИй КузнЕцОВ,+7(9175)15-43,4,ПодПИсКа На гаЗЕТу,3,1480.37,319.63,proCESSINg,"Задержка с доставкой, печалька...",2024-05-18,9594255015925261
2029955075628,2024-05-15 15:36:50,СеРГЕй СИДОрОВ,8(9927) 33-88,2,ИгруШКа мЯЧ,5,1267.17,232.83,pRoceSsINg,"Задержка с доставкой, печалька...",30.05.2024,6197489849616296
2029955075628,2024-05-15 15:36:50,СеРГЕй СИДОрОВ,8(9927) 33-88,3,АмУНиЦИя длЯ сОбаК,1,1116.61,83.39,PROcESSING,"Задержка с доставкой, печалька...",30.05.2024,6197489849616296
2029955075628,2024-05-15 15:36:50,СеРГЕй СИДОрОВ,8(9927) 33-88,3,АМУНицИЯ дЛя СобАк,2,2127.95,272.05,proCEsSing,"Задержка с доставкой, печалька...",30.05.2024,6197489849616296
2029955075628,2024-05-15 15:36:50,СеРГЕй СИДОрОВ,8(9927) 33-88,1,КОрМ Для сОБак,4,1845.76,154.24,proCEssing,"Задержка с доставкой, печалька...",30.05.2024,6197489849616296
2029955075628,2024-05-15 15:36:50,СеРГЕй СИДОрОВ,8(9927) 33-88,1,КОРм для СОБак,4,1679.63,320.37,pROcessiNG,"Задержка с доставкой, печалька...",30.05.2024,6197489849616296
2029955074509,2024-05-28 11:53:40,Иван иВаНоВ,+7 9484 75 10,5,моЛоКО,1,2595.12,404.88,PrOcESSIng,"Задержка с доставкой, печалька...",2024-05-29,0972899190320428
2029955074509,2024-05-28 11:53:40,Иван иВаНоВ,+7 9484 75 10,4,ПодпиСкА На ГаЗЕтУ,1,595.38,4.62,PrOCeSsinG,"Задержка с доставкой, печалька...",2024-05-29,0972899190320428
2029955074509,2024-05-28 11:53:40,Иван иВаНоВ,+7 9484 75 10,3,амуНИция ДлЯ соБАк,1,1034.04,165.96,PROcESSING,"Задержка с доставкой, печалька...",2024-05-29,0972899190320428
2029955074509,2024-05-28 11:53:40,Иван иВаНоВ,+7 9484 75 10,4,ПОДпИсКА НА гАзеТу,5,2921.6,78.4,ProcESSINg,"Задержка с доставкой, печалька...",2024-05-29,0972899190320428
2029955074509,2024-05-28 11:53:40,Иван иВаНоВ,+7 9484 75 10,4,пОдПиСка нА гАЗеТУ,4,2066.06,333.94,ProCeSsIng,"Задержка с доставкой, печалька...",2024-05-29,0972899190320428
2029955073831,2024/05/05 16:36:37,ИваН ивАНОв,8(9059) 86-27,3,АмуНИЦИЯ ДлЯ СобаК,2,2245.26,154.74,cANCeLlED,Ждём с нетерпением!,2024-05-10,5170876542569618
2029955073831,2024/05/05 16:36:37,ИваН ивАНОв,8(9059) 86-27,1,КОрМ для СОБак,1,474.11,25.89,caNcellEd,Ждём с нетерпением!,2024-05-10,5170876542569618
2029955073831,2024/05/05 16:36:37,ИваН ивАНОв,8(9059) 86-27,5,молокО,1,2775.14,224.86,CanCELlED,Ждём с нетерпением!,2024-05-10,5170876542569618
2029955073831,2024/05/05 16:36:37,ИваН ивАНОв,8(9059) 86-27,3,амУницИЯ дЛя соБАК,4,4328.55,471.45,CancELLeD,Ждём с нетерпением!,2024-05-10,5170876542569618
2029955072511,02.05.2024 01:38,ольга куЗнЕцоВА,+7 9852 23 19,5,мОЛоКо,5,12984.8,2015.2,pRoCessiNG,Ждём с нетерпением!,2024/05/09,5860150576243818
2029955072511,02.05.2024 01:38,ольга куЗнЕцоВА,+7 9852 23 19,4,подПИСКА НА гАзету,4,2013.52,386.48,ProcesSING,Ждём с нетерпением!,2024/05/09,5860150576243818
2029955327113,2024-05-19 18:09:07,мИХАИл ОРлов,+7(9168)59-90,2,игРУшкА МЯЧ,4,1065.88,134.12,pROcEssing,Нужно уточнить сроки,01.05.2024,4144666212273977
2029955326496,05.05.2024 07:42,елЕнА НОвиКОва,+7(9834)36-35,4,подПИСКА нА гАЗету,5,2766.5,233.5,cANCElled,Всё отлично!,2024-05-12,6742273640879173
2029955326496,05.05.2024 07:42,елЕнА НОвиКОва,+7(9834)36-35,3,амунициЯ длЯ СОБАК,1,1031.57,168.43,CancelLeD,Всё отлично!,2024-05-12,6742273640879173
2029955326496,05.05.2024 07:42,елЕнА НОвиКОва,+7(9834)36-35,4,ПоДпИска НА гаЗеТУ,2,1097.86,102.14,caNceLled,Всё отлично!,2024-05-12,6742273640879173
2029955325254,2024/05/28 02:26:47,ивАн Иванов,8(9803) 87-77,5,мОлокО,4,10637.18,1362.82,CoMPlETED,Всё отлично!,16.05.2024,7703670210039871
2029955325254,2024/05/28 02:26:47,ивАн Иванов,8(9803) 87-77,3,аМуницИя ДЛя сОБаК,4,4501.58,298.42,coMPLeTEd,Всё отлично!,16.05.2024,7703670210039871
2029955324879,16.05.2024 20:54,СЕргеЙ СИдоРов,+7(9884)94-89,2,ИГрушкА мяЧ,5,1425.66,74.34,CANceLLeD,Всё отлично!,11.05.2024,0738365245304994
2029955323407,2024/05/03 01:47:16,мАРия ПеТРОва,8(9179) 97-22,3,аМунИция длЯ СоБаК,1,1176.68,23.32,CancellEd,спасибо за заказ,20.05.2024,6238892782182420
2029955323407,2024/05/03 01:47:16,мАРия ПеТРОва,8(9179) 97-22,5,моЛОко,1,2920.1,79.9,CANCELleD,спасибо за заказ,20.05.2024,6238892782182420
2029955323407,2024/05/03 01:47:16,мАРия ПеТРОва,8(9179) 97-22,2,игРуШкА Мяч,3,742.82,157.18,cAncELLED,спасибо за заказ,20.05.2024,6238892782182420
2029955322482,2024/05/08 22:31:32,аннА смИРНова,+7(9914)82-55,5,моЛоКо,5,13017.97,1982.03,coMpleteD,спасибо за заказ,11.05.2024,3550867370533979
2029955321103,2024/05/20 04:55:08,ИВАН ИВанОВ,+7(9647)26-78,1,кОрм дЛя СОБАк,2,969.43,30.57,CaNCElLed,Проверить наличие,24.05.2024,2650797078504575
2029955321103,2024/05/20 04:55:08,ИВАН ИВанОВ,+7(9647)26-78,2,ИГрУШКа мяч,1,285.05,14.95,cancELlED,Проверить наличие,24.05.2024,2650797078504575
2029955321103,2024/05/20 04:55:08,ИВАН ИВанОВ,+7(9647)26-78,5,МОлОКО,3,7601.09,1398.91,cANcElLED,Проверить наличие,24.05.2024,2650797078504575
2029955321103,2024/05/20 04:55:08,ИВАН ИВанОВ,+7(9647)26-78,3,аМУНИЦия ДЛЯ сОбАК,3,3318.33,281.67,caNCelLEd,Проверить наличие,24.05.2024,2650797078504575
2029955321103,2024/05/20 04:55:08,ИВАН ИВанОВ,+7(9647)26-78,2,ИГРуШКа МяЧ,3,820.8,79.2,canCeLLED,Проверить наличие,24.05.2024,2650797078504575
2029955320970,2024-05-09 22:44:55,ДмИТРИй КуЗнЕцов,+7 9648 50 03,2,игрУШка МяЧ,2,519.11,80.89,CaNCelLEd,"Задержка с доставкой, печалька...",10.05.2024,9632889898344881
2029955320970,2024-05-09 22:44:55,ДмИТРИй КуЗнЕцов,+7 9648 50 03,3,амУНИция для соБаК,3,2886.27,713.73,CaNcElLeD,"Задержка с доставкой, печалька...",10.05.2024,9632889898344881
2029955320970,2024-05-09 22:44:55,ДмИТРИй КуЗнЕцов,+7 9648 50 03,2,ИгРушКа мяч,3,775.62,124.38,CAnceLLeD,"Задержка с доставкой, печалька...",10.05.2024,9632889898344881
2029955319733,2024/05/06 17:59:33,ольГа кУЗнеЦОва,+7(9525)13-08,4,ПОДПИСКа НА гАЗету,1,554.82,45.18,cANceLLed,Нужно уточнить сроки,20.05.2024,1103590296651109
2029955319733,2024/05/06 17:59:33,ольГа кУЗнеЦОва,+7(9525)13-08,1,кОрм дЛЯ СОБак,1,458.11,41.89,CaNCELLED,Нужно уточнить сроки,20.05.2024,1103590296651109
2029955319733,2024/05/06 17:59:33,ольГа кУЗнеЦОва,+7(9525)13-08,1,корМ дЛя СоБаК,2,940.39,59.61,CANcELLeD,Нужно уточнить сроки,20.05.2024,1103590296651109
2029955319733,2024/05/06 17:59:33,ольГа кУЗнеЦОва,+7(9525)13-08,2,Игрушка мяч,1,259.52,40.48,CancElLED,Нужно уточнить сроки,20.05.2024,1103590296651109
2029955319733,2024/05/06 17:59:33,ольГа кУЗнеЦОва,+7(9525)13-08,5,молОкО,1,2588.51,411.49,cAncelLEd,Нужно уточнить сроки,20.05.2024,1103590296651109
2029955318314,2024-05-16 22:42:27,натаЛЬЯ ваСиЛьЕвА,+7 9571 00 70,4,ПодпИсКА нА гАзЕТУ,4,1987.44,412.56,PrOcEssIng,Нужно уточнить сроки,2024/05/18,3152706002980940
2029955318314,2024-05-16 22:42:27,натаЛЬЯ ваСиЛьЕвА,+7 9571 00 70,4,ПОДПИСКА На ГазЕту,3,1696.78,103.22,pRocEssiNg,Нужно уточнить сроки,2024/05/18,3152706002980940
2029955317864,2024/05/21 16:52:40,НатальЯ вАсильеВа,+7(9247)19-23,4,поДПискА НА гАзЕТу,3,1607.53,192.47,caNcElLeD,"Задержка с доставкой, печалька...",2024-05-27,5669898006179232
2029955317864,2024/05/21 16:52:40,НатальЯ вАсильеВа,+7(9247)19-23,3,АМУНициЯ Для сОбаК,1,1125.82,74.18,CancELLED,"Задержка с доставкой, печалька...",2024-05-27,5669898006179232
2029955316184,2024/05/23 15:45:25,ДМИТРиЙ КуЗнеЦов,+7(9294)23-24,5,моЛОКО,4,11008.89,991.11,PrOcessING,Нужно уточнить сроки,2024/05/04,3678745432878664
2029955316184,2024/05/23 15:45:25,ДМИТРиЙ КуЗнеЦов,+7(9294)23-24,2,игРУШКА МяЧ,3,817.48,82.52,proCEsSinG,Нужно уточнить сроки,2024/05/04,3678745432878664
2029955316184,2024/05/23 15:45:25,ДМИТРиЙ КуЗнеЦов,+7(9294)23-24,4,поДПиСКА нА гаЗеТУ,1,593.62,6.38,PRoCeSSiNg,Нужно уточнить сроки,2024/05/04,3678745432878664
2029955316184,2024/05/23 15:45:25,ДМИТРиЙ КуЗнеЦов,+7(9294)23-24,2,ИгРуШКА мяЧ,5,1349.69,150.31,ProcEsSiNg,Нужно уточнить сроки,2024/05/04,3678745432878664
2029955315203,2024/05/26 09:56:21,иВан ИВаНОв,+7(9916)71-76,2,ИгРУшКа МЯч,2,520.98,79.02,COmplEteD,Нужно уточнить сроки,2024/05/13,1317810265176994
2029955314801,11.05.2024 11:39,АННа СМирНОВа,+7 9636 63 11,5,мОЛОкО,1,2489.76,510.24,coMPletED,Проверить наличие,31.05.2024,1763624651053882
2029955313731,2024/05/26 19:09:28,ЕЛеНА новИКОва,+7 9041 43 82,1,кОРм ДлЯ собаК,5,2128.88,371.12,comPletED,подарок вовремя,2024/05/26,4678534270246805
2029955313731,2024/05/26 19:09:28,ЕЛеНА новИКОва,+7 9041 43 82,3,АМунИция ДЛя СоБаК,4,4799.87,0.13,cOmPletED,подарок вовремя,2024/05/26,4678534270246805
2029955313731,2024/05/26 19:09:28,ЕЛеНА новИКОва,+7 9041 43 82,1,коРМ ДЛя СОбАК,4,1695.29,304.71,COMPLeTED,подарок вовремя,2024/05/26,4678534270246805
2029955313731,2024/05/26 19:09:28,ЕЛеНА новИКОва,+7 9041 43 82,4,поДПИСкА НА ГазЕТу,4,2172.67,227.33,compLETEd,подарок вовремя,2024/05/26,4678534270246805
2029955312753,27.05.2024 16:02,ОЛЬГа КУзНЕЦова,8(9571) 47-27,3,амуНиЦИя ДлЯ собаК,3,3007.85,592.15,COMPLeted,подарок вовремя,2024-05-21,4518997821318200
2029955311567,31.05.2024 08:54,АЛЕкСЕй миХайЛОВ,+7 9114 58 11,1,КорМ ДЛя СОбАК,1,489.61,10.39,caNCELled,подарок вовремя,25.05.2024,0736881114055966
2029955311567,31.05.2024 08:54,АЛЕкСЕй миХайЛОВ,+7 9114 58 11,3,АМУнициЯ длЯ СобАк,1,965.88,234.12,CAnCElleD,подарок вовремя,25.05.2024,0736881114055966
2029955311567,31.05.2024 08:54,АЛЕкСЕй миХайЛОВ,+7 9114 58 11,4,подпИСкА На ГАзетУ,2,967.05,232.95,cAnCeLlED,подарок вовремя,25.05.2024,0736881114055966
2029955310343,2024/05/14 01:08:41,АлеКСЕЙ МИхаЙлов,+7(9628)12-84,2,ИгрУшкА Мяч,3,735.66,164.34,pROcESsINg,Нужно уточнить сроки,2024/05/11,1371307508750126
2029955310343,2024/05/14 01:08:41,АлеКСЕЙ МИхаЙлов,+7(9628)12-84,4,пОДписка нА ГАЗЕтУ,1,508.89,91.11,ProCESSiNG,Нужно уточнить сроки,2024/05/11,1371307508750126
2029955309633,2024-05-23 12:54:58,АНна СМирНова,8(9130) 86-42,5,МОлОКо,1,2402.13,597.87,CompLETeD,Нужно уточнить сроки,2024/05/13,7423636208219940
2029955309633,2024-05-23 12:54:58,АНна СМирНова,8(9130) 86-42,2,игрУшка МЯч,2,532.91,67.09,compLEted,Нужно уточнить сроки,2024/05/13,7423636208219940
2029955309633,2024-05-23 12:54:58,АНна СМирНова,8(9130) 86-42,5,МОЛоКО,1,2624.66,375.34,COmplETED,Нужно уточнить сроки,2024/05/13,7423636208219940
2029955309633,2024-05-23 12:54:58,АНна СМирНова,8(9130) 86-42,3,аМуниЦИЯ дЛя СОбАк,2,2331.0,69.0,comPLEteD,Нужно уточнить сроки,2024/05/13,7423636208219940
2029955309633,2024-05-23 12:54:58,АНна СМирНова,8(9130) 86-42,3,АМУНИЦиЯ ДЛЯ сОбАК,4,4041.01,758.99,cOmplEted,Нужно уточнить сроки,2024/05/13,7423636208219940
2029955308675,2024/05/26 07:43:17,СЕРГЕй СИдорОВ,+7(9651)21-66,3,аМунИЦИЯ для СОбАК,2,2343.51,56.49,proCEssINg,Ждём с нетерпением!,2024-05-10,3983588494560321
2029955308675,2024/05/26 07:43:17,СЕРГЕй СИдорОВ,+7(9651)21-66,2,иГРушка мЯЧ,1,263.14,36.86,pROCESSINg,Ждём с нетерпением!,2024-05-10,3983588494560321
2029955308675,2024/05/26 07:43:17,СЕРГЕй СИдорОВ,+7(9651)21-66,2,игРуШКа МЯч,2,509.5,90.5,PrOcESsing,Ждём с нетерпением!,2024-05-10,3983588494560321
2029955307767,02.05.2024 22:36,НатаЛЬя ВАСИЛьевА,8(9954) 06-56,2,игРУшКА МяЧ,1,270.29,29.71,CanCEllEd,"Задержка с доставкой, печалька...",27.05.2024,0507078571092010
2029955307767,02.05.2024 22:36,НатаЛЬя ВАСИЛьевА,8(9954) 06-56,5,мОлОко,3,8693.51,306.49,CAncEllEd,"Задержка с доставкой, печалька...",27.05.2024,0507078571092010
2029955306444,2024-05-20 09:44:07,сЕРГеЙ СиДОРОв,8(9195) 68-32,4,поДПиСка На ГазетУ,3,1757.41,42.59,PROcessIng,спасибо за заказ,07.05.2024,6524523184916910
2029955306444,2024-05-20 09:44:07,сЕРГеЙ СиДОРОв,8(9195) 68-32,3,АмУНиЦИя длЯ СОБАк,4,3970.78,829.22,PrOCeSSING,спасибо за заказ,07.05.2024,6524523184916910
2029955306444,2024-05-20 09:44:07,сЕРГеЙ СиДОРОв,8(9195) 68-32,2,иГРУшКА мяч,1,294.14,5.86,pROcESSiNg,спасибо за заказ,07.05.2024,6524523184916910
2029955306444,2024-05-20 09:44:07,сЕРГеЙ СиДОРОв,8(9195) 68-32,2,ИГРУшка мЯЧ,5,1429.36,70.64,pROceSSIng,спасибо за заказ,07.05.2024,6524523184916910
2029955305396,2024/05/09 17:56:37,елЕнА новИКоВА,+7 9549 86 36,2,ИгРУШка МЯч,3,851.57,48.43,ComplEteD,Всё отлично!,2024-05-01,8002021858968076
2029955305396,2024/05/09 17:56:37,елЕнА новИКоВА,+7 9549 86 36,5,мОлоКо,3,8408.02,591.98,COmPleted,Всё отлично!,2024-05-01,8002021858968076
2029955304844,28.05.2024 19:58,МИхаиЛ оРлОВ,+7(9270)27-82,5,мОлокО,1,2885.21,114.79,PRocEssInG,спасибо за заказ,2024/05/15,7093617834784396
2029955304844,28.05.2024 19:58,МИхаиЛ оРлОВ,+7(9270)27-82,4,ПоДПИСКа на гАЗЕту,2,1038.36,161.64,PrOcessIng,спасибо за заказ,2024/05/15,7093617834784396
2029955304844,28.05.2024 19:58,МИхаиЛ оРлОВ,+7(9270)27-82,2,иГРУшкА МЯЧ,2,541.08,58.92,PROCESsiNg,спасибо за заказ,2024/05/15,7093617834784396
2029955304844,28.05.2024 19:58,МИхаиЛ оРлОВ,+7(9270)27-82,2,ИГРУшкА мЯч,5,1250.25,249.75,prOcESsIng,спасибо за заказ,2024/05/15,7093617834784396
2029955303912,23.05.2024 10:10,СЕРГей сИдоРоВ,8(9519) 89-01,4,поДписка на ГАзЕту,1,529.32,70.68,CoMPLEted,подарок вовремя,2024/05/04,9028632552771849
2029955303912,23.05.2024 10:10,СЕРГей сИдоРоВ,8(9519) 89-01,4,ПоДПИСКа нА ГазеТУ,4,1956.25,443.75,CoMpLeTed,подарок вовремя,2024/05/04,9028632552771849
2029955303912,23.05.2024 10:10,СЕРГей сИдоРоВ,8(9519) 89-01,2,ИгРушКА МЯЧ,1,274.27,25.73,cOMPLetED,подарок вовремя,2024/05/04,9028632552771849
2029955302790,2024-05-24 15:22:04,МИХАиЛ ОрлоВ,+7(9912)01-97,1,КорМ ДЛЯ СоБак,2,817.6,182.4,COmPLetEd,Всё отлично!,2024/05/21,3451881489134513
2029955301332,2024-05-31 14:44:26,СЕргЕЙ сИдоРоВ,8(9254) 61-67,2,ИгруШкА МЯч,4,1182.71,17.29,prOCESSinG,Всё отлично!,01.05.2024,0206141297903665
2029955301332,2024-05-31 14:44:26,СЕргЕЙ сИдоРоВ,8(9254) 61-67,4,ПОДпИСкА нА ГаЗеТу,3,1505.33,294.67,pRocESSiNg,Всё отлично!,01.05.2024,0206141297903665
2029955301332,2024-05-31 14:44:26,СЕргЕЙ сИдоРоВ,8(9254) 61-67,1,коРм дЛЯ СОБак,3,1373.51,126.49,ProcEssInG,Всё отлично!,01.05.2024,0206141297903665
2029955301332,2024-05-31 14:44:26,СЕргЕЙ сИдоРоВ,8(9254) 61-67,3,АмУнИЦИЯ дЛя соБАк,1,1042.57,157.43,prOcessinG,Всё отлично!,01.05.2024,0206141297903665
2029955301332,2024-05-31 14:44:26,СЕргЕЙ сИдоРоВ,8(9254) 61-67,4,ПодПИсКа на гаЗЕТУ,5,2833.9,166.1,ProCESSINg,Всё отлично!,01.05.2024,0206141297903665
2029955300599,2024/05/30 20:36:00,сЕргей сИДорОВ,8(9392) 21-10,3,аМунициЯ Для СоБАк,5,5627.9,372.1,cancELled,подарок вовремя,2024-05-23,3195332003715455
2029955300599,2024/05/30 20:36:00,сЕргей сИДорОВ,8(9392) 21-10,3,амуНИЦия для СОБак,5,5136.79,863.21,CANCeLLED,подарок вовремя,2024-05-23,3195332003715455
2029955300599,2024/05/30 20:36:00,сЕргей сИДорОВ,8(9392) 21-10,4,пОдПисКа На гАЗетУ,1,553.86,46.14,caNcElLeD,подарок вовремя,2024-05-23,3195332003715455
2029955299645,2024/05/19 21:55:53,дМитрИй кузНЕЦОВ,+7 9966 27 29,3,аМУнИциЯ дЛя Собак,4,4287.55,512.45,comPletEd,Всё отлично!,22.05.2024,7900320581616452
2029955298725,2024-05-29 10:13:47,аННа смирНОвА,+7 9039 45 04,1,КорМ ДЛЯ Собак,3,1331.35,168.65,COMpLeteD,Проверить наличие,2024-05-09,1391028576438884
2029955298725,2024-05-29 10:13:47,аННа смирНОвА,+7 9039 45 04,2,ИгРУшкА мЯч,5,1483.07,16.93,COMPleTED,Проверить наличие,2024-05-09,1391028576438884
2029955297679,21.05.2024 05:15,ЕленА НОвИкОвА,+7(9516)45-85,3,амуНиЦИя дЛЯ СобаК,4,4313.15,486.85,CancEllEd,Ждём с нетерпением!,2024-05-22,1333811834465668
2029955297679,21.05.2024 05:15,ЕленА НОвИкОвА,+7(9516)45-85,3,аМУниЦИя дЛя СоБаК,3,2892.1,707.9,CANCElLEd,Ждём с нетерпением!,2024-05-22,1333811834465668
2029955297679,21.05.2024 05:15,ЕленА НОвИкОвА,+7(9516)45-85,1,КоРМ ДЛя собаК,1,417.15,82.85,canCelLed,Ждём с нетерпением!,2024-05-22,1333811834465668
2029955297679,21.05.2024 05:15,ЕленА НОвИкОвА,+7(9516)45-85,5,мОЛокО,2,4969.8,1030.2,CaNceLleD,Ждём с нетерпением!,2024-05-22,1333811834465668
2029955296906,2024-05-30 22:57:09,нАтаЛЬЯ васИЛЬеВа,8(9387) 11-75,4,поДпИСка На гАзЕТу,3,1498.74,301.26,cOMpleTED,Проверить наличие,2024-05-10,0844235877123904
2029955295132,2024/05/17 20:55:25,дМитрИЙ кузнЕЦОВ,+7 9441 50 63,3,АмуНИЦИЯ дЛя СОбАК,5,5307.3,692.7,ProCeSsInG,Проверить наличие,2024/05/29,9300730785685527
2029955295132,2024/05/17 20:55:25,дМитрИЙ кузнЕЦОВ,+7 9441 50 63,3,АМуНиЦиЯ ДЛЯ соБАК,1,1000.66,199.34,PROcESsING,Проверить наличие,2024/05/29,9300730785685527
2029955295132,2024/05/17 20:55:25,дМитрИЙ кузнЕЦОВ,+7 9441 50 63,3,аМУНИция длЯ СоБАК,1,1099.26,100.74,prOcEssing,Проверить наличие,2024/05/29,9300730785685527
2029955295132,2024/05/17 20:55:25,дМитрИЙ кузнЕЦОВ,+7 9441 50 63,2,ИГрушКа МЯЧ,2,533.0,67.0,PROcEssING,Проверить наличие,2024/05/29,9300730785685527
2029955294822,2024/05/30 17:07:48,ИвАН ИВанов,+7(9959)23-92,3,АмУнИцИЯ для соБАК,3,3175.64,424.36,CAnCELLEd,Всё отлично!,2024-05-16,2572026597036338
2029955294822,2024/05/30 17:07:48,ИвАН ИВанов,+7(9959)23-92,4,ПоДпИСка НА ГАзЕту,3,1461.52,338.48,caNCeLleD,Всё отлично!,2024-05-16,2572026597036338
2029955293462,2024-05-16 11:50:46,мИхАил ОрлОв,8(9136) 35-33,1,коРМ ДЛЯ Собак,1,412.32,87.68,cOmpletEd,"Задержка с доставкой, печалька...",2024/05/21,6275111229465482
2029955293462,2024-05-16 11:50:46,мИхАил ОрлОв,8(9136) 35-33,4,поДПИСКа НА гаЗЕту,3,1770.19,29.81,cOmpLETED,"Задержка с доставкой, печалька...",2024/05/21,6275111229465482
2029955292144,2024/05/01 09:30:53,НАТаЛьЯ ВАСильеВа,+7(9350)92-76,3,АМУНИция длЯ сОБаК,3,3060.59,539.41,ComPleTEd,Всё отлично!,2024-05-04,1695242804276310
2029955292144,2024/05/01 09:30:53,НАТаЛьЯ ВАСильеВа,+7(9350)92-76,1,корМ дЛЯ соБАк,2,888.56,111.44,cOMpletEd,Всё отлично!,2024-05-04,1695242804276310
2029955291610,2024-05-02 04:38:25,ЕЛЕна новиКоВа,+7(9996)13-86,1,КоРМ дЛя СоБАК,5,2006.5,493.5,cOMPLetEd,спасибо за заказ,2024-05-16,5884946806221231
2029955290923,2024/05/27 23:51:07,ЕЛЕнА нОВиКовА,+7 9761 23 27,3,АМУниЦИЯ ДЛя СоБАк,3,3508.84,91.16,cOmPlEteD,Нужно уточнить сроки,11.05.2024,0841363790830733
2029955290923,2024/05/27 23:51:07,ЕЛЕнА нОВиКовА,+7 9761 23 27,4,пОДпиСкА НА гАЗету,4,2347.72,52.28,cOmplETeD,Нужно уточнить сроки,11.05.2024,0841363790830733
2029955290923,2024/05/27 23:51:07,ЕЛЕнА нОВиКовА,+7 9761 23 27,2,ИГруШка Мяч,2,598.29,1.71,comPLETED,Нужно уточнить сроки,11.05.2024,0841363790830733
2029955290923,2024/05/27 23:51:07,ЕЛЕнА нОВиКовА,+7 9761 23 27,4,пОДПИСКА нА ГаЗЕТУ,4,2037.39,362.61,ComPlETeD,Нужно уточнить сроки,11.05.2024,0841363790830733
2029955289648,2024-05-16 14:46:07,оЛЬга КуЗНецОВА,+7 9282 36 34,3,аМуниЦИя ДлЯ Собак,2,2375.62,24.38,PROCeSsIng,спасибо за заказ,2024-05-02,6958034312324897
2029955289648,2024-05-16 14:46:07,оЛЬга КуЗНецОВА,+7 9282 36 34,2,иГРушКа МЯч,4,1046.23,153.77,PrOcEsSIng,спасибо за заказ,2024-05-02,6958034312324897
2029955289648,2024-05-16 14:46:07,оЛЬга КуЗНецОВА,+7 9282 36 34,1,КОРм дЛя собаК,5,2452.62,47.38,PRoCESSinG,спасибо за заказ,2024-05-02,6958034312324897
2029955289648,2024-05-16 14:46:07,оЛЬга КуЗНецОВА,+7 9282 36 34,1,корм дЛЯ соБАк,5,2426.28,73.72,PRoCEssinG,спасибо за заказ,2024-05-02,6958034312324897
2029955289648,2024-05-16 14:46:07,оЛЬга КуЗНецОВА,+7 9282 36 34,2,иГРУшка мЯч,3,732.45,167.55,PRocEsSINg,спасибо за заказ,2024-05-02,6958034312324897
2029955288650,2024-05-29 14:03:43,анна смиРнОВА,+7(9828)55-78,4,ПоДПисКА на ГАЗеТУ,5,2921.07,78.93,CANCElleD,Нужно уточнить сроки,2024/05/18,1570365801804109
2029955288650,2024-05-29 14:03:43,анна смиРнОВА,+7(9828)55-78,5,мОлОКо,3,8185.36,814.64,cANCeLled,Нужно уточнить сроки,2024/05/18,1570365801804109
2029955288650,2024-05-29 14:03:43,анна смиРнОВА,+7(9828)55-78,2,иГРуШкА мЯч,4,1029.9,170.1,cANceLled,Нужно уточнить сроки,2024/05/18,1570365801804109
2029955288650,2024-05-29 14:03:43,анна смиРнОВА,+7(9828)55-78,1,коРм Для сОбАк,2,878.45,121.55,cANCelLEd,Нужно уточнить сроки,2024/05/18,1570365801804109
2029955287965,04.05.2024 15:12,СеРгеЙ СиДОРОв,8(9487) 52-96,5,МоЛОКО,2,5091.57,908.43,canCELlED,Всё отлично!,15.05.2024,3877331683892671
2029955287965,04.05.2024 15:12,СеРгеЙ СиДОРОв,8(9487) 52-96,2,ИГРушКА мяч,4,1109.06,90.94,CANcelled,Всё отлично!,15.05.2024,3877331683892671
2029955287965,04.05.2024 15:12,СеРгеЙ СиДОРОв,8(9487) 52-96,3,амУнИцИЯ длЯ СОбак,5,5632.35,367.65,cAnceLlEd,Всё отлично!,15.05.2024,3877331683892671
2029955287965,04.05.2024 15:12,СеРгеЙ СиДОРОв,8(9487) 52-96,4,ПОДпИсКа нА гаЗеТУ,2,1052.02,147.98,CanceLLED,Всё отлично!,15.05.2024,3877331683892671
2029955286870,2024/05/30 04:27:01,михАИЛ ОрЛоВ,8(9759) 61-73,3,аМуНИциЯ дЛЯ собАк,3,3028.48,571.52,ProcesSInG,Проверить наличие,16.05.2024,5406918462948304
2029955285162,2024-05-01 13:31:51,ольГа кузНеЦоВа,+7(9968)43-49,3,АмУНИЦИя длЯ сОБАК,3,3546.24,53.76,PROcESSInG,"Задержка с доставкой, печалька...",2024/05/08,1393111075064863
2029955285162,2024-05-01 13:31:51,ольГа кузНеЦоВа,+7(9968)43-49,3,АМУнИЦия дЛЯ соБак,1,1185.36,14.64,pROCESsinG,"Задержка с доставкой, печалька...",2024/05/08,1393111075064863
2029955285162,2024-05-01 13:31:51,ольГа кузНеЦоВа,+7(9968)43-49,2,иГруШка мЯЧ,2,535.23,64.77,ProCeSSing,"Задержка с доставкой, печалька...",2024/05/08,1393111075064863
2029955284241,2024-05-29 17:41:27,дМиТрий КУЗНЕЦОВ,+7 9182 25 15,3,АМУницИя длЯ СобАК,5,4965.59,1034.41,CAncELLEd,подарок вовремя,2024-05-16,8220167981596769
2029955284241,2024-05-29 17:41:27,дМиТрий КУЗНЕЦОВ,+7 9182 25 15,3,аМУНицИЯ ДЛЯ сОбАК,1,979.98,220.02,caNCELled,подарок вовремя,2024-05-16,8220167981596769
2029955284241,2024-05-29 17:41:27,дМиТрий КУЗНЕЦОВ,+7 9182 25 15,4,пОДпиСКА на ГАзету,2,1088.02,111.98,CaNCelLed,подарок вовремя,2024-05-16,8220167981596769
2029955283154,02.05.2024 10:06,ИВан ИВАНов,8(9681) 03-88,1,кОРм дЛЯ СоБаК,5,2157.33,342.67,cANcELlED,Нужно уточнить сроки,2024-05-12,9961978877588713
2029955283154,02.05.2024 10:06,ИВан ИВАНов,8(9681) 03-88,2,ИгрУшКА мяЧ,4,1031.81,168.19,canceLLed,Нужно уточнить сроки,2024-05-12,9961978877588713
2029955283154,02.05.2024 10:06,ИВан ИВАНов,8(9681) 03-88,1,кОРм Для сОБаК,4,1669.27,330.73,CAnCelled,Нужно уточнить сроки,2024-05-12,9961978877588713
2029955283154,02.05.2024 10:06,ИВан ИВАНов,8(9681) 03-88,2,иГруШка мЯЧ,4,1034.45,165.55,CancelLED,Нужно уточнить сроки,2024-05-12,9961978877588713
2029955283154,02.05.2024 10:06,ИВан ИВАНов,8(9681) 03-88,1,корМ ДлЯ СобАК,5,2306.89,193.11,canCeLLeD,Нужно уточнить сроки,2024-05-12,9961978877588713
2029955282249,2024-05-02 23:04:43,НаТалЬЯ ВАСилЬЕва,+7 9364 56 38,2,игрУШКа мяЧ,3,877.12,22.88,coMpLEted,Нужно уточнить сроки,2024-05-25,4585355191953353
2029955281900,2024/05/02 19:41:39,СеРгей сиДорОВ,8(9842) 36-86,1,КОрм Для СОбАк,4,1832.78,167.22,ComPLEtED,Нужно уточнить сроки,2024/05/30,1204352017497790
2029955281900,2024/05/02 19:41:39,СеРгей сиДорОВ,8(9842) 36-86,1,КорМ дЛя сОбак,4,1756.73,243.27,CoMplETEd,Нужно уточнить сроки,2024/05/30,1204352017497790
2029955281900,2024/05/02 19:41:39,СеРгей сиДорОВ,8(9842) 36-86,5,МОЛОКО,3,8592.95,407.05,coMPLeTeD,Нужно уточнить сроки,2024/05/30,1204352017497790
2029955280344,31.05.2024 09:54,АнНа сМИрНОВа,8(9348) 31-87,5,моЛоКО,2,5337.85,662.15,ComPLETeD,Ждём с нетерпением!,2024-05-19,3727885509435986
2029955280344,31.05.2024 09:54,АнНа сМИрНОВа,8(9348) 31-87,4,ПодписКа нА газету,3,1523.98,276.02,cOMpLETeD,Ждём с нетерпением!,2024-05-19,3727885509435986
2029955280344,31.05.2024 09:54,АнНа сМИрНОВа,8(9348) 31-87,3,АмуНИция дЛЯ сОБАк,1,985.4,214.6,cOmplETed,Ждём с нетерпением!,2024-05-19,3727885509435986
2029955280344,31.05.2024 09:54,АнНа сМИрНОВа,8(9348) 31-87,1,кОРм ДЛЯ соБак,3,1297.38,202.62,COmPleted,Ждём с нетерпением!,2024-05-19,3727885509435986
2029955279112,2024-05-13 15:57:39,сергЕЙ сИДОроВ,+7(9267)86-60,4,пОДпИСка нА ГазетУ,2,987.86,212.14,COMpLeTeD,подарок вовремя,2024-05-04,5270454758208496
2029955278121,23.05.2024 11:20,ЕЛеНА НОВИковА,+7 9447 44 18,1,КоРМ ДЛя сОБАК,1,477.8,22.2,PROcesSinG,спасибо за заказ,2024-05-21,5943853576333360
2029955278121,23.05.2024 11:20,ЕЛеНА НОВИковА,+7 9447 44 18,5,МоЛОКо,4,11149.36,850.64,prOCEsSING,спасибо за заказ,2024-05-21,5943853576333360
2029955278121,23.05.2024 11:20,ЕЛеНА НОВИковА,+7 9447 44 18,5,МоЛоКО,2,5749.65,250.35,procesSING,спасибо за заказ,2024-05-21,5943853576333360
2029955278121,23.05.2024 11:20,ЕЛеНА НОВИковА,+7 9447 44 18,3,АмунИциЯ дЛЯ СОБАк,5,4885.6,1114.4,PROCeSsiNg,спасибо за заказ,2024-05-21,5943853576333360
2029955277463,2024/05/10 00:21:38,ивАн ИвАНов,+7(9792)72-66,1,кОрм для СоБак,3,1321.9,178.1,cOMPlEtED,"Задержка с доставкой, печалька...",2024/05/10,2241082211893135
2029955277463,2024/05/10 00:21:38,ивАн ИвАНов,+7(9792)72-66,2,иГрушкА мяЧ,2,501.28,98.72,ComPLeted,"Задержка с доставкой, печалька...",2024/05/10,2241082211893135
2029955277463,2024/05/10 00:21:38,ивАн ИвАНов,+7(9792)72-66,4,поДПИСКа НА ГаЗеТу,4,2106.12,293.88,ComplEteD,"Задержка с доставкой, печалька...",2024/05/10,2241082211893135
2029955277463,2024/05/10 00:21:38,ивАн ИвАНов,+7(9792)72-66,3,АМУниЦия ДЛЯ СОБаК,2,1983.52,416.48,comPLETeD,"Задержка с доставкой, печалька...",2024/05/10,2241082211893135
2029955276959,10.05.2024 04:46,НАтальЯ ВасИЛьеВА,+7(9505)39-90,3,АМуНиЦИя ДлЯ СоБак,3,3235.38,364.62,cOMPLeTeD,Ждём с нетерпением!,2024-05-14,9997137284656958
2029955276959,10.05.2024 04:46,НАтальЯ ВасИЛьеВА,+7(9505)39-90,2,игРУШКа мяЧ,2,571.41,28.59,coMPlETed,Ждём с нетерпением!,2024-05-14,9997137284656958
2029955276959,10.05.2024 04:46,НАтальЯ ВасИЛьеВА,+7(9505)39-90,2,ИгрУшКа МЯч,4,1173.64,26.36,cOmPLeTed,Ждём с нетерпением!,2024-05-14,9997137284656958
2029955275925,17.05.2024 16:10,оЛьГА КУЗнецоВа,8(9230) 18-05,4,поДпИСКА На гАЗетУ,1,523.97,76.03,ComPLETed,подарок вовремя,2024-05-02,6605749892888162
2029955274702,2024-05-29 08:36:34,СергЕЙ сИдОРоВ,+7(9702)43-74,2,иГрУШКА мЯЧ,5,1255.36,244.64,CaNcelLED,Всё отлично!,2024/05/07,2540894629178509
2029955273631,29.05.2024 15:34,ДМитРий куЗнецОВ,+7(9998)86-65,1,корМ для собак,2,836.9,163.1,ProCeSSiNG,Всё отлично!,2024-05-27,8456198433715570
2029955273631,29.05.2024 15:34,ДМитРий куЗнецОВ,+7(9998)86-65,2,ИгруШКа Мяч,1,256.21,43.79,ProCESsIng,Всё отлично!,2024-05-27,8456198433715570
2029955272261,10.05.2024 00:29,НаТалЬЯ васиЛьевА,+7 9134 21 90,1,Корм ДлЯ СобаК,3,1218.71,281.29,cAncelLed,Нужно уточнить сроки,2024/05/15,0052534678110446
2029955272261,10.05.2024 00:29,НаТалЬЯ васиЛьевА,+7 9134 21 90,1,корм длЯ СоБАк,3,1463.31,36.69,CaNceLled,Нужно уточнить сроки,2024/05/15,0052534678110446
2029955272261,10.05.2024 00:29,НаТалЬЯ васиЛьевА,+7 9134 21 90,3,АмУНиция для СОбАк,1,1111.13,88.87,CaNcelLeD,Нужно уточнить сроки,2024/05/15,0052534678110446
2029955271818,17.05.2024 20:57,СеРГЕй СиДоРОВ,+7(9948)72-38,5,мОЛОКо,1,2857.91,142.09,CANCeLLed,спасибо за заказ,27.05.2024,5777260776125827
2029955271818,17.05.2024 20:57,СеРГЕй СиДоРОВ,+7(9948)72-38,4,поДпискА НА газЕту,3,1643.65,156.35,CANCelLed,спасибо за заказ,27.05.2024,5777260776125827
2029955271818,17.05.2024 20:57,СеРГЕй СиДоРОВ,+7(9948)72-38,2,ИГРУшка МЯч,1,275.56,24.44,cANCEllED,спасибо за заказ,27.05.2024,5777260776125827
2029955271818,17.05.2024 20:57,СеРГЕй СиДоРОВ,+7(9948)72-38,4,ПоДпИСкА НА гАЗетУ,1,539.47,60.53,caNcelleD,спасибо за заказ,27.05.2024,5777260776125827
2029955270923,06.05.2024 06:00,аЛеКсей михАЙЛОВ,+7 9287 09 43,4,ПоДпискА на гАЗету,4,2075.3,324.7,COmpLETed,спасибо за заказ,2024/05/10,0009928770023357
2029955270923,06.05.2024 06:00,аЛеКсей михАЙЛОВ,+7 9287 09 43,3,аМунИция дЛЯ сОбАк,2,1986.25,413.75,ComplEteD,спасибо за заказ,2024/05/10,0009928770023357
2029955270923,06.05.2024 06:00,аЛеКсей михАЙЛОВ,+7 9287 09 43,2,игрУшкА МЯЧ,2,524.99,75.01,cOMpLeted,спасибо за заказ,2024/05/10,0009928770023357
2029955269101,2024-05-27 05:25:34,еЛеНа ноВиКоВа,+7(9665)11-06,1,корМ дЛя соБаК,1,416.02,83.98,CoMpLeted,"Задержка с доставкой, печалька...",2024/05/15,1977412686676608
2029955268287,2024/05/04 03:13:33,серГей СИдоров,8(9606) 83-18,5,МоЛоКО,1,2593.09,406.91,canCELLEd,спасибо за заказ,2024-05-12,5719579769876508
2029955268287,2024/05/04 03:13:33,серГей СИдоров,8(9606) 83-18,1,кОрм для СОбАк,4,1651.2,348.8,cANCellED,спасибо за заказ,2024-05-12,5719579769876508
2029955268287,2024/05/04 03:13:33,серГей СИдоров,8(9606) 83-18,1,КОРМ Для собАК,1,458.67,41.33,canCeLLED,спасибо за заказ,2024-05-12,5719579769876508
2029955268287,2024/05/04 03:13:33,серГей СИдоров,8(9606) 83-18,3,аМУнициЯ ДЛЯ соБак,2,2087.43,312.57,cANcEllED,спасибо за заказ,2024-05-12,5719579769876508
2029955267825,2024-05-22 07:01:40,ЕЛЕнА НОВикоВа,+7(9328)85-40,5,МОЛокО,1,2684.82,315.18,COMplETEd,Ждём с нетерпением!,2024/05/20,6453708597876423
2029955266213,2024/05/21 12:19:28,ОЛЬГА кУЗНЕцОВа,+7(9739)55-11,5,мОлоКо,1,2476.14,523.86,cOmPlEteD,"Задержка с доставкой, печалька...",2024/05/13,5756390236346103
2029955266213,2024/05/21 12:19:28,ОЛЬГА кУЗНЕцОВа,+7(9739)55-11,2,иГРуШКА МяЧ,1,277.51,22.49,cOmPLETeD,"Задержка с доставкой, печалька...",2024/05/13,5756390236346103
2029955266213,2024/05/21 12:19:28,ОЛЬГА кУЗНЕцОВа,+7(9739)55-11,2,игРУшка Мяч,4,1174.41,25.59,cOMPLetEd,"Задержка с доставкой, печалька...",2024/05/13,5756390236346103
2029955266213,2024/05/21 12:19:28,ОЛЬГА кУЗНЕцОВа,+7(9739)55-11,5,мОлОКО,3,7583.75,1416.25,cOMPLetED,"Задержка с доставкой, печалька...",2024/05/13,5756390236346103
2029955265692,2024-05-13 16:13:44,аННА смИрнОВа,+7(9906)89-17,5,мОлоКо,5,12000.48,2999.52,PrOceSsINg,"Задержка с доставкой, печалька...",07.05.2024,6911366991513772
2029955265692,2024-05-13 16:13:44,аННА смИрнОВа,+7(9906)89-17,1,кОРМ ДЛЯ собАк,3,1415.43,84.57,PrOcEsSInG,"Задержка с доставкой, печалька...",07.05.2024,6911366991513772
2029955265692,2024-05-13 16:13:44,аННА смИрнОВа,+7(9906)89-17,3,амуницИЯ ДлЯ СоБАК,5,5845.94,154.06,ProCesSing,"Задержка с доставкой, печалька...",07.05.2024,6911366991513772
2029955265692,2024-05-13 16:13:44,аННА смИрнОВа,+7(9906)89-17,2,иГрУШка МяЧ,3,770.61,129.39,pRocEssiNG,"Задержка с доставкой, печалька...",07.05.2024,6911366991513772
2029955264665,2024-05-31 01:32:08,марИЯ петРова,8(9658) 74-47,1,КОРМ для СОБак,4,1937.56,62.44,comPLeteD,Всё отлично!,2024/05/23,7047536627385612
2029955264665,2024-05-31 01:32:08,марИЯ петРова,8(9658) 74-47,2,ИГруШкА МЯЧ,2,527.12,72.88,COMPlEted,Всё отлично!,2024/05/23,7047536627385612
2029955263311,2024/05/10 16:17:20,мАрия пЕтрОВА,8(9708) 23-07,4,ПОДПиСКа нА гАзЕТУ,2,1183.7,16.3,COMplEted,"Задержка с доставкой, печалька...",2024-05-07,5227800310175132
2029955263311,2024/05/10 16:17:20,мАрия пЕтрОВА,8(9708) 23-07,5,МОЛоко,4,11511.56,488.44,CompLETeD,"Задержка с доставкой, печалька...",2024-05-07,5227800310175132
2029955263311,2024/05/10 16:17:20,мАрия пЕтрОВА,8(9708) 23-07,4,поДпИска На гАзетУ,4,1970.73,429.27,coMPLETEd,"Задержка с доставкой, печалька...",2024-05-07,5227800310175132
2029955262464,2024-05-17 02:07:33,МиХаИЛ ОрлоВ,8(9879) 59-61,3,аМУНиЦИя ДЛЯ сОБАК,1,1078.46,121.54,COmpleteD,спасибо за заказ,2024/05/03,9550800174540457
2029955262464,2024-05-17 02:07:33,МиХаИЛ ОрлоВ,8(9879) 59-61,2,игрушка МЯч,5,1459.04,40.96,CoMpLetED,спасибо за заказ,2024/05/03,9550800174540457
2029955262464,2024-05-17 02:07:33,МиХаИЛ ОрлоВ,8(9879) 59-61,5,МОЛОко,3,8712.47,287.53,complETeD,спасибо за заказ,2024/05/03,9550800174540457
2029955262464,2024-05-17 02:07:33,МиХаИЛ ОрлоВ,8(9879) 59-61,2,ИГрУШКа мЯч,2,500.34,99.66,compleTED,спасибо за заказ,2024/05/03,9550800174540457
2029955261188,2024/05/07 18:13:07,елЕНа новикОвА,+7 9743 80 23,4,ПОДПискА НА ГАзЕту,1,496.78,103.22,prOCEssiNg,подарок вовремя,2024/05/27,0467417859787928
2029955261188,2024/05/07 18:13:07,елЕНа новикОвА,+7 9743 80 23,5,мОЛокО,5,13133.68,1866.32,pROCeSsINg,подарок вовремя,2024/05/27,0467417859787928
2029955261188,2024/05/07 18:13:07,елЕНа новикОвА,+7 9743 80 23,5,молОко,2,5741.88,258.12,ProCESsING,подарок вовремя,2024/05/27,0467417859787928
2029955261188,2024/05/07 18:13:07,елЕНа новикОвА,+7 9743 80 23,2,иГРУШКа Мяч,1,260.54,39.46,pROCeSSiNG,подарок вовремя,2024/05/27,0467417859787928
2029955260931,14.05.2024 21:07,нАтаЛья вАСИЛьЕвА,8(9972) 26-11,1,КорМ ДЛЯ СобаК,4,1986.86,13.14,PRocESSing,Ждём с нетерпением!,04.05.2024,0162144443285571
2029955260931,14.05.2024 21:07,нАтаЛья вАСИЛьЕвА,8(9972) 26-11,1,КорМ ДЛя СОБАК,5,2027.91,472.09,proceSSiNG,Ждём с нетерпением!,04.05.2024,0162144443285571
2029955260931,14.05.2024 21:07,нАтаЛья вАСИЛьЕвА,8(9972) 26-11,5,МолокО,1,2504.58,495.42,prOCEsSING,Ждём с нетерпением!,04.05.2024,0162144443285571
2029955259839,2024/05/04 05:52:45,ИВаН ИванОВ,8(9204) 19-07,4,пОдПиСКа На ГаЗету,2,1054.95,145.05,CANCeLlED,спасибо за заказ,18.05.2024,8089434972462896
2029955259839,2024/05/04 05:52:45,ИВаН ИванОВ,8(9204) 19-07,1,КОрм для Собак,4,1897.39,102.61,cAnCElLeD,спасибо за заказ,18.05.2024,8089434972462896
2029955258754,2024-05-03 04:38:20,Иван Иванов,+7(9655)36-93,2,игрУшКА мЯч,3,725.15,174.85,cAnceLleD,Ждём с нетерпением!,2024/05/14,6987957953933595
2029955258754,2024-05-03 04:38:20,Иван Иванов,+7(9655)36-93,3,амУниЦия ДлЯ собак,1,1055.71,144.29,cANCElled,Ждём с нетерпением!,2024/05/14,6987957953933595
2029955258754,2024-05-03 04:38:20,Иван Иванов,+7(9655)36-93,3,АмУнИЦИЯ длЯ сОбаК,5,5695.43,304.57,CANCElled,Ждём с нетерпением!,2024/05/14,6987957953933595
2029955258754,2024-05-03 04:38:20,Иван Иванов,+7(9655)36-93,3,АМуницИя дЛЯ СОбАк,4,4235.73,564.27,CanceLlEd,Ждём с нетерпением!,2024/05/14,6987957953933595
2029955258754,2024-05-03 04:38:20,Иван Иванов,+7(9655)36-93,2,игрУшКа мЯЧ,1,294.53,5.47,cancelLeD,Ждём с нетерпением!,2024/05/14,6987957953933595
2029955257146,20.05.2024 15:38,оЛЬГА КузНеЦоВА,+7(9406)46-06,4,поДПИсКа на газЕту,1,548.89,51.11,caNcELLED,подарок вовремя,11.05.2024,6097117500043433
2029955257146,20.05.2024 15:38,оЛЬГА КузНеЦоВА,+7(9406)46-06,3,амУнИЦиЯ ДлЯ СоБАК,3,2884.83,715.17,CANcElLed,подарок вовремя,11.05.2024,6097117500043433
2029955257146,20.05.2024 15:38,оЛЬГА КузНеЦоВА,+7(9406)46-06,1,КОрМ длЯ сОбАК,2,993.25,6.75,cAncelLeD,подарок вовремя,11.05.2024,6097117500043433
2029955257146,20.05.2024 15:38,оЛЬГА КузНеЦоВА,+7(9406)46-06,5,МолоКО,4,11142.4,857.6,CANceLled,подарок вовремя,11.05.2024,6097117500043433
2029955257146,20.05.2024 15:38,оЛЬГА КузНеЦоВА,+7(9406)46-06,3,аМунициЯ дЛя СоБаК,2,2286.98,113.02,cANCeLLED,подарок вовремя,11.05.2024,6097117500043433
2029955256510,2024-05-27 11:56:41,аннА СмирнОвА,8(9606) 07-37,4,пОДПиСКА нА ГаЗетУ,1,584.24,15.76,COMPlETEd,Нужно уточнить сроки,27.05.2024,0511402251411204
2029955256510,2024-05-27 11:56:41,аннА СмирнОвА,8(9606) 07-37,5,моЛоКО,1,2843.48,156.52,CoMplEted,Нужно уточнить сроки,27.05.2024,0511402251411204
2029955256510,2024-05-27 11:56:41,аннА СмирнОвА,8(9606) 07-37,1,КорМ ДЛЯ собАк,3,1297.98,202.02,cOMPleTEd,Нужно уточнить сроки,27.05.2024,0511402251411204
2029955256510,2024-05-27 11:56:41,аннА СмирнОвА,8(9606) 07-37,3,АмУниЦия ДЛя Собак,1,985.38,214.62,CoMPLETEd,Нужно уточнить сроки,27.05.2024,0511402251411204
2029955256510,2024-05-27 11:56:41,аннА СмирнОвА,8(9606) 07-37,1,корм ДЛЯ СОбАк,2,800.95,199.05,CoMPLETED,Нужно уточнить сроки,27.05.2024,0511402251411204
2029955255805,09.05.2024 21:20,иван ИВАНоВ,+7(9397)38-59,4,поДпиСКа НА гАзЕту,2,1028.51,171.49,pRocesSIng,"Задержка с доставкой, печалька...",2024-05-09,0840410076362859
2029955255805,09.05.2024 21:20,иван ИВАНоВ,+7(9397)38-59,4,Подписка НА ГАзету,2,1052.45,147.55,prOCeSsIng,"Задержка с доставкой, печалька...",2024-05-09,0840410076362859
2029955254229,2024-05-04 13:05:11,ЕЛЕНА НоВИКОва,8(9495) 80-97,4,ПОДПИСка нА ГАзеТу,3,1570.5,229.5,coMpleTed,спасибо за заказ,2024/05/18,3807180306945910
2029955254229,2024-05-04 13:05:11,ЕЛЕНА НоВИКОва,8(9495) 80-97,4,пОдПиска нА гАзеТу,5,2647.69,352.31,comPLETed,спасибо за заказ,2024/05/18,3807180306945910
2029955254229,2024-05-04 13:05:11,ЕЛЕНА НоВИКОва,8(9495) 80-97,2,игРуШка мЯч,4,997.27,202.73,cOMPLetEd,спасибо за заказ,2024/05/18,3807180306945910
2029955254229,2024-05-04 13:05:11,ЕЛЕНА НоВИКОва,8(9495) 80-97,5,мОЛоКо,5,14048.3,951.7,coMpLeted,спасибо за заказ,2024/05/18,3807180306945910
2029955254229,2024-05-04 13:05:11,ЕЛЕНА НоВИКОва,8(9495) 80-97,2,ИГРУшкА мЯч,5,1332.22,167.78,ComPLETed,спасибо за заказ,2024/05/18,3807180306945910
2029955253185,2024/05/08 20:09:15,мариЯ ПЕтрОва,+7(9181)32-20,1,КорМ Для СОБаК,5,2381.93,118.07,coMPletED,Проверить наличие,2024/05/01,1235475607142919
2029955253185,2024/05/08 20:09:15,мариЯ ПЕтрОва,+7(9181)32-20,5,МолоКО,5,12616.08,2383.92,coMPLEted,Проверить наличие,2024/05/01,1235475607142919
2029955252763,2024-05-16 08:52:15,еЛЕНа нОВИКоВа,+7(9301)04-38,5,мОЛОкО,2,5535.99,464.01,cANcElLeD,спасибо за заказ,2024/05/06,0940092336762330
2029955252763,2024-05-16 08:52:15,еЛЕНа нОВИКоВа,+7(9301)04-38,4,ПОДпИскА на ГАЗЕтУ,5,2842.5,157.5,caNCelLed,спасибо за заказ,2024/05/06,0940092336762330
2029955252763,2024-05-16 08:52:15,еЛЕНа нОВИКоВа,+7(9301)04-38,3,АмуНиЦиЯ длЯ СОбаК,2,2382.97,17.03,cancELlEd,спасибо за заказ,2024/05/06,0940092336762330
2029955252763,2024-05-16 08:52:15,еЛЕНа нОВИКоВа,+7(9301)04-38,4,пОДпискА На ГАзету,4,2267.39,132.61,CanCeLLeD,спасибо за заказ,2024/05/06,0940092336762330
2029955251631,2024/05/30 05:31:49,сеРГеЙ СИдоров,8(9665) 67-15,3,АМУницИя дЛя сОбАк,1,1186.34,13.66,pRoCESsINg,Проверить наличие,22.05.2024,8652901364920613
2029955251631,2024/05/30 05:31:49,сеРГеЙ СИдоров,8(9665) 67-15,1,корМ для соБаК,2,997.51,2.49,proCessing,Проверить наличие,22.05.2024,8652901364920613
2029955251631,2024/05/30 05:31:49,сеРГеЙ СИдоров,8(9665) 67-15,1,коРМ для СобАк,2,948.32,51.68,PrOCessiNg,Проверить наличие,22.05.2024,8652901364920613
2029955250441,2024-05-01 02:52:23,ДМиТРий КузнеЦОв,+7(9379)89-80,2,иГрУШкА МЯЧ,3,801.83,98.17,cAnCellEd,"Задержка с доставкой, печалька...",2024-05-11,6894565867448472
2029955250441,2024-05-01 02:52:23,ДМиТРий КузнеЦОв,+7(9379)89-80,5,МоЛоКо,2,4966.55,1033.45,caNceLled,"Задержка с доставкой, печалька...",2024-05-11,6894565867448472
2029955249195,2024-05-31 07:09:41,ивАн ивАНОв,8(9133) 45-79,4,поДпИСка НА ГаЗеТУ,5,2544.66,455.34,PrOCesSINg,Ждём с нетерпением!,2024/05/13,2434150275924980
2029955249195,2024-05-31 07:09:41,ивАн ивАНОв,8(9133) 45-79,1,КОрм ДлЯ сОбАК,1,443.5,56.5,pRoCESsinG,Ждём с нетерпением!,2024/05/13,2434150275924980
2029955249195,2024-05-31 07:09:41,ивАн ивАНОв,8(9133) 45-79,3,АМУнИЦИЯ дЛЯ соБаК,1,1080.61,119.39,PRoCessInG,Ждём с нетерпением!,2024/05/13,2434150275924980
2029955248121,2024-05-12 19:54:12,ОЛьГА кузнЕцова,8(9371) 53-82,1,КорМ ДЛя собаК,2,805.06,194.94,CanCElled,подарок вовремя,2024-05-06,6746387117682919
2029955248121,2024-05-12 19:54:12,ОЛьГА кузнЕцова,8(9371) 53-82,4,подПиСКА На ГАзЕтУ,1,562.48,37.52,CAnCelLeD,подарок вовремя,2024-05-06,6746387117682919
2029955248121,2024-05-12 19:54:12,ОЛьГА кузнЕцова,8(9371) 53-82,4,ПОдПиска На ГаЗЕту,2,1171.01,28.99,cAnceLleD,подарок вовремя,2024-05-06,6746387117682919
2029955247389,2024/05/22 04:37:46,мИхАИЛ ОрлоВ,+7(9405)82-62,5,моЛОКО,5,12250.7,2749.3,cOMPleTED,"Задержка с доставкой, печалька...",2024/05/11,7991677299624523
2029955247389,2024/05/22 04:37:46,мИхАИЛ ОрлоВ,+7(9405)82-62,1,Корм дЛЯ соБАК,2,841.42,158.58,COmPLeTEd,"Задержка с доставкой, печалька...",2024/05/11,7991677299624523
2029955247389,2024/05/22 04:37:46,мИхАИЛ ОрлоВ,+7(9405)82-62,2,иГруШкА МяЧ,3,878.01,21.99,CoMpLeTED,"Задержка с доставкой, печалька...",2024/05/11,7991677299624523
2029955247389,2024/05/22 04:37:46,мИхАИЛ ОрлоВ,+7(9405)82-62,1,КОрМ ДЛя СОбак,1,435.87,64.13,cOMPleTED,"Задержка с доставкой, печалька...",2024/05/11,7991677299624523
2029955247389,2024/05/22 04:37:46,мИхАИЛ ОрлоВ,+7(9405)82-62,5,моЛоКо,5,14570.55,429.45,cOMpLETeD,"Задержка с доставкой, печалька...",2024/05/11,7991677299624523
2029955246172,2024/05/23 13:18:32,алекСей МИхайЛОв,+7(9902)59-76,4,подПИСкА нА ГазеТУ,5,2977.55,22.45,caNcEllED,Ждём с нетерпением!,26.05.2024,0236596343258250
2029955246172,2024/05/23 13:18:32,алекСей МИхайЛОв,+7(9902)59-76,3,амуНИцИя ДЛЯ Собак,2,2095.77,304.23,CaNCElLeD,Ждём с нетерпением!,26.05.2024,0236596343258250
2029955246172,2024/05/23 13:18:32,алекСей МИхайЛОв,+7(9902)59-76,1,кОрм длЯ соБАК,3,1202.62,297.38,cancEllEd,Ждём с нетерпением!,26.05.2024,0236596343258250
2029955246172,2024/05/23 13:18:32,алекСей МИхайЛОв,+7(9902)59-76,4,ПодпИскА нА газетУ,3,1619.23,180.77,cAnCelled,Ждём с нетерпением!,26.05.2024,0236596343258250
2029955246172,2024/05/23 13:18:32,алекСей МИхайЛОв,+7(9902)59-76,1,КОРМ Для сОбАк,4,1666.85,333.15,cAnCeLleD,Ждём с нетерпением!,26.05.2024,0236596343258250
2029955245890,2024-05-19 19:00:48,иван ИВанОв,8(9054) 38-96,5,мОлОко,1,2775.73,224.27,pRocESsIng,Нужно уточнить сроки,22.05.2024,7650445844144568
2029955245890,2024-05-19 19:00:48,иван ИВанОв,8(9054) 38-96,3,аМуНиЦия Для СОбаК,1,1073.88,126.12,pRocEssINg,Нужно уточнить сроки,22.05.2024,7650445844144568
2029955245890,2024-05-19 19:00:48,иван ИВанОв,8(9054) 38-96,5,МОЛоКО,1,2585.91,414.09,PROcesSiNg,Нужно уточнить сроки,22.05.2024,7650445844144568
2029955245890,2024-05-19 19:00:48,иван ИВанОв,8(9054) 38-96,2,ИгРушка мяЧ,1,279.08,20.92,ProceSsiNg,Нужно уточнить сроки,22.05.2024,7650445844144568
2029955244191,2024-05-05 19:15:59,АННА СМирНОвА,+7 9018 48 16,3,АМуницИЯ для соБаК,4,4487.07,312.93,comPLETED,"Задержка с доставкой, печалька...",01.05.2024,5689597122832094
2029955244191,2024-05-05 19:15:59,АННА СМирНОвА,+7 9018 48 16,5,МоЛокО,5,13002.18,1997.82,ComPletED,"Задержка с доставкой, печалька...",01.05.2024,5689597122832094
2029955244191,2024-05-05 19:15:59,АННА СМирНОвА,+7 9018 48 16,5,мОЛОКО,4,10769.28,1230.72,CoMpleteD,"Задержка с доставкой, печалька...",01.05.2024,5689597122832094
2029955244191,2024-05-05 19:15:59,АННА СМирНОвА,+7 9018 48 16,1,КОрМ дЛя СОбак,2,878.57,121.43,COmPlEtED,"Задержка с доставкой, печалька...",01.05.2024,5689597122832094
2029955244191,2024-05-05 19:15:59,АННА СМирНОвА,+7 9018 48 16,3,амУНИЦИЯ дЛЯ соБАК,2,2047.98,352.02,cOMpLEted,"Задержка с доставкой, печалька...",01.05.2024,5689597122832094
2029955243318,2024/05/19 19:37:28,АнНА СмИРНОвА,8(9073) 17-04,3,АМУниЦия для соБак,2,2357.27,42.73,pRocesSING,подарок вовремя,2024-05-26,7551715172637467
2029955243318,2024/05/19 19:37:28,АнНА СмИРНОвА,8(9073) 17-04,1,кОРм ДЛЯ СоБак,1,463.94,36.06,pRoCeSSiNG,подарок вовремя,2024-05-26,7551715172637467
2029955243318,2024/05/19 19:37:28,АнНА СмИРНОвА,8(9073) 17-04,2,ИгруШкА МяЧ,2,521.66,78.34,PRocESsINg,подарок вовремя,2024-05-26,7551715172637467
2029955243318,2024/05/19 19:37:28,АнНА СмИРНОвА,8(9073) 17-04,2,игРушкА мяч,1,274.0,26.0,pRoCEssiNg,подарок вовремя,2024-05-26,7551715172637467
2029955243318,2024/05/19 19:37:28,АнНА СмИРНОвА,8(9073) 17-04,4,пОДПискА На ГАЗЕТУ,2,1026.53,173.47,pROCeSsING,подарок вовремя,2024-05-26,7551715172637467
2029955242474,2024/05/08 19:20:02,дмитРий КуЗнеЦов,+7(9154)42-86,1,коРм длЯ сОбАк,4,1906.82,93.18,CancElled,Ждём с нетерпением!,04.05.2024,0596399768459370
2029955241503,2024-05-08 04:54:57,НАТАЛьЯ ВаСиЛьеВа,8(9046) 79-78,5,МолОко,5,12100.1,2899.9,COmplEtEd,подарок вовремя,2024-05-10,7541687296435092
2029955241503,2024-05-08 04:54:57,НАТАЛьЯ ВаСиЛьеВа,8(9046) 79-78,1,Корм ДлЯ СобаК,1,467.41,32.59,cOmPLeTEd,подарок вовремя,2024-05-10,7541687296435092
2029955241503,2024-05-08 04:54:57,НАТАЛьЯ ВаСиЛьеВа,8(9046) 79-78,1,кОрМ Для соБак,5,2145.82,354.18,COMpLetEd,подарок вовремя,2024-05-10,7541687296435092
2029955240571,08.05.2024 17:31,ЕЛЕНА НоВиКоВА,+7(9322)46-21,1,кОРм дЛЯ собАК,2,921.08,78.92,cOMPlEtED,Проверить наличие,2024-05-22,8465800810049756
2029955240571,08.05.2024 17:31,ЕЛЕНА НоВиКоВА,+7(9322)46-21,4,поДпИсКА нА гАзетУ,4,2295.91,104.09,COMpLETeD,Проверить наличие,2024-05-22,8465800810049756
2029955240571,08.05.2024 17:31,ЕЛЕНА НоВиКоВА,+7(9322)46-21,4,пОдПИсКА на гАзЕтУ,5,2954.9,45.1,cOmplEteD,Проверить наличие,2024-05-22,8465800810049756
2029955240571,08.05.2024 17:31,ЕЛЕНА НоВиКоВА,+7(9322)46-21,2,иГРушКа Мяч,5,1474.03,25.97,cOMPleTeD,Проверить наличие,2024-05-22,8465800810049756
2029955240571,08.05.2024 17:31,ЕЛЕНА НоВиКоВА,+7(9322)46-21,2,ИгРуШКа МЯЧ,4,1098.01,101.99,compLETEd,Проверить наличие,2024-05-22,8465800810049756
2029955239470,20.05.2024 21:09,маРиЯ ПетровА,+7(9732)62-15,3,аМунИЦИЯ длЯ собак,4,4103.27,696.73,COmPLetED,Всё отлично!,26.05.2024,8090840883948615
2029955239470,20.05.2024 21:09,маРиЯ ПетровА,+7(9732)62-15,4,ПоДПИсКа нА газеТУ,1,519.66,80.34,coMPLETED,Всё отлично!,26.05.2024,8090840883948615
2029955238999,2024-05-09 15:46:02,МИХАил ОРлОВ,8(9387) 00-51,3,Амуниция дЛЯ СоБАк,3,2963.29,636.71,CANcELLed,Всё отлично!,2024-05-02,0811270329257161
2029955238999,2024-05-09 15:46:02,МИХАил ОРлОВ,8(9387) 00-51,3,аМУнИЦиЯ дЛЯ СоБАк,5,5329.48,670.52,cancELLEd,Всё отлично!,2024-05-02,0811270329257161
2029955238999,2024-05-09 15:46:02,МИХАил ОРлОВ,8(9387) 00-51,3,АМуНиция ДлЯ сОБаК,4,3941.4,858.6,caNcelled,Всё отлично!,2024-05-02,0811270329257161
2029955238999,2024-05-09 15:46:02,МИХАил ОРлОВ,8(9387) 00-51,4,ПодПИсКа НА ГАЗеТу,4,2301.88,98.12,cANCellED,Всё отлично!,2024-05-02,0811270329257161
2029955237851,2024/05/23 16:13:04,НАТАЛЬя вАСИЛЬЕВа,8(9632) 31-92,5,моЛоКО,5,14245.05,754.95,CaNCeLLed,Нужно уточнить сроки,24.05.2024,8639201345988487
2029955237851,2024/05/23 16:13:04,НАТАЛЬя вАСИЛЬЕВа,8(9632) 31-92,3,АмУнИция дЛЯ СоБак,5,4928.24,1071.76,caNCELlEd,Нужно уточнить сроки,24.05.2024,8639201345988487
2029955236805,2024-05-11 14:47:58,сергЕЙ СидОроВ,+7(9916)02-36,4,ПоДПисКа нА ГАзету,4,2205.25,194.75,pROceSsING,"Задержка с доставкой, печалька...",25.05.2024,3701293797116520
2029955235851,2024-05-18 04:53:21,сЕРгей СИдОрОВ,+7(9661)36-61,2,ИГРуШКА мЯч,5,1275.82,224.18,cOmPleted,Всё отлично!,27.05.2024,3389740538014693
2029955235851,2024-05-18 04:53:21,сЕРгей СИдОрОВ,+7(9661)36-61,2,ИГРУшКа мяЧ,1,253.22,46.78,coMPLETeD,Всё отлично!,27.05.2024,3389740538014693
2029955234180,2024-05-14 03:21:57,Анна СмирноВа,+7 9965 01 52,4,пОдПиСКА на ГАзЕТУ,1,526.56,73.44,ProCESSInG,Ждём с нетерпением!,02.05.2024,0512314127575674
2029955234180,2024-05-14 03:21:57,Анна СмирноВа,+7 9965 01 52,2,ИгРУШКа МЯЧ,5,1302.61,197.39,procESsiNG,Ждём с нетерпением!,02.05.2024,0512314127575674
2029955234180,2024-05-14 03:21:57,Анна СмирноВа,+7 9965 01 52,1,корМ ДлЯ соБАК,5,2201.64,298.36,procESSinG,Ждём с нетерпением!,02.05.2024,0512314127575674
2029955233884,23.05.2024 11:17,иван Иванов,8(9471) 53-04,3,аМУниЦИЯ Для сОбаК,1,1062.17,137.83,CanCeLled,Ждём с нетерпением!,29.05.2024,3590869311336049
2029955232322,2024/05/23 00:27:13,алЕксей мИХАйлов,+7 9078 80 88,2,игруШка Мяч,3,855.49,44.51,cOmpLeTeD,подарок вовремя,13.05.2024,5634627659551932
2029955232322,2024/05/23 00:27:13,алЕксей мИХАйлов,+7 9078 80 88,3,амунИЦИЯ длЯ СОбаК,1,1113.58,86.42,COmPLeTED,подарок вовремя,13.05.2024,5634627659551932
2029955232322,2024/05/23 00:27:13,алЕксей мИХАйлов,+7 9078 80 88,3,АмуНиция длЯ СоБАК,1,1032.69,167.31,completed,подарок вовремя,13.05.2024,5634627659551932
2029955231608,2024-05-01 04:15:00,ИВАн иванов,8(9407) 06-24,2,ИГРушка мяЧ,3,787.34,112.66,pROCeSsING,Ждём с нетерпением!,09.05.2024,7940758691047283
2029955230825,2024/05/11 07:59:20,АнНа смирНОВа,+7(9481)29-58,2,ИГРушка МЯч,4,1076.59,123.41,caNCELLED,спасибо за заказ,2024-05-17,3651891610886681
2029955230825,2024/05/11 07:59:20,АнНа смирНОВа,+7(9481)29-58,4,ПОдПиСка нА ГАзеТУ,5,2557.5,442.5,cAnceLLeD,спасибо за заказ,2024-05-17,3651891610886681
2029955229726,08.05.2024 06:24,АнНА сМИрнОВа,+7 9990 85 20,3,АМуНициЯ Для собАК,3,3061.24,538.76,caNcELlEd,Проверить наличие,2024/05/17,1018401679043130
2029955228383,30.05.2024 17:09,михаИл орлОВ,+7 9146 17 95,5,моЛоко,1,2950.93,49.07,cAncELlED,Ждём с нетерпением!,15.05.2024,0703884919828676
2029955228383,30.05.2024 17:09,михаИл орлОВ,+7 9146 17 95,5,МОлокО,5,14083.56,916.44,CancElLEd,Ждём с нетерпением!,15.05.2024,0703884919828676
2029955228383,30.05.2024 17:09,михаИл орлОВ,+7 9146 17 95,4,пОдПискА На гАЗеТУ,4,2032.63,367.37,caNCelLed,Ждём с нетерпением!,15.05.2024,0703884919828676
2029955228383,30.05.2024 17:09,михаИл орлОВ,+7 9146 17 95,5,МолОКО,2,5134.1,865.9,CAncELLeD,Ждём с нетерпением!,15.05.2024,0703884919828676
2029955227207,12.05.2024 14:55,АлеКсей мИХАйЛоВ,+7(9790)22-44,5,мОЛокО,3,8801.58,198.42,pROcESsing,Проверить наличие,2024-05-30,3014873701451135
2029955227207,12.05.2024 14:55,АлеКсей мИХАйЛоВ,+7(9790)22-44,4,ПоДпИскА на ГАзетУ,5,2438.29,561.71,PrOcesSIng,Проверить наличие,2024-05-30,3014873701451135
2029955227207,12.05.2024 14:55,АлеКсей мИХАйЛоВ,+7(9790)22-44,5,мОЛоКО,4,11719.67,280.33,ProcessInG,Проверить наличие,2024-05-30,3014873701451135
2029955227207,12.05.2024 14:55,АлеКсей мИХАйЛоВ,+7(9790)22-44,1,коРМ дЛЯ сОбАк,2,868.12,131.88,Processing,Проверить наличие,2024-05-30,3014873701451135
2029955227207,12.05.2024 14:55,АлеКсей мИХАйЛоВ,+7(9790)22-44,1,корм дЛя соБАк,2,892.1,107.9,PrOceSsiNg,Проверить наличие,2024-05-30,3014873701451135
2029955226406,26.05.2024 11:38,АНнА СМИРнова,+7(9937)87-41,1,корм дЛЯ собак,3,1394.18,105.82,PRoCESSING,Проверить наличие,2024-05-08,2413929715611749
2029955226406,26.05.2024 11:38,АНнА СМИРнова,+7(9937)87-41,4,ПОДпиСка На ГАЗЕтУ,3,1656.68,143.32,prOCesSing,Проверить наличие,2024-05-08,2413929715611749
2029955226406,26.05.2024 11:38,АНнА СМИРнова,+7(9937)87-41,2,игРУшКа мяч,3,748.05,151.95,proCESsiNg,Проверить наличие,2024-05-08,2413929715611749
2029955225754,05.05.2024 06:07,мАРИя ПЕтРоВа,8(9583) 18-95,5,моЛоКо,1,2854.1,145.9,cANcElLED,"Задержка с доставкой, печалька...",2024/05/20,1254546834251671
2029955225754,05.05.2024 06:07,мАРИя ПЕтРоВа,8(9583) 18-95,4,пОдПИСкА На ГаЗЕтУ,3,1716.76,83.24,CanceLLeD,"Задержка с доставкой, печалька...",2024/05/20,1254546834251671
2029955225754,05.05.2024 06:07,мАРИя ПЕтРоВа,8(9583) 18-95,4,пОдпиСкА на ГаЗеТУ,1,544.61,55.39,CAncelled,"Задержка с доставкой, печалька...",2024/05/20,1254546834251671
2029955225754,05.05.2024 06:07,мАРИя ПЕтРоВа,8(9583) 18-95,2,иГРУШКа мяЧ,5,1216.03,283.97,cancELled,"Задержка с доставкой, печалька...",2024/05/20,1254546834251671
2029955225754,05.05.2024 06:07,мАРИя ПЕтРоВа,8(9583) 18-95,3,аМуницИЯ ДЛя СОбАк,2,2074.48,325.52,CancELled,"Задержка с доставкой, печалька...",2024/05/20,1254546834251671
2029955224707,2024/05/22 23:46:49,миХаИЛ орлОВ,+7 9817 34 46,5,мОЛоКо,3,7936.44,1063.56,PROCessiNg,подарок вовремя,2024-05-10,7792653964945270
2029955224707,2024/05/22 23:46:49,миХаИЛ орлОВ,+7 9817 34 46,5,МолОКо,4,9833.76,2166.24,proCesSinG,подарок вовремя,2024-05-10,7792653964945270
2029955223931,2024/05/11 23:25:57,НАТалЬя вАСИЛьева,+7(9662)32-00,5,МОЛОКО,1,2579.32,420.68,CANcelLeD,Проверить наличие,2024/05/28,7190642220266367
2029955223931,2024/05/11 23:25:57,НАТалЬя вАСИЛьева,+7(9662)32-00,3,амуницИЯ дЛЯ сОБАк,5,4956.05,1043.95,CANcelLED,Проверить наличие,2024/05/28,7190642220266367
2029955223931,2024/05/11 23:25:57,НАТалЬя вАСИЛьева,+7(9662)32-00,3,АмУнИцИя Для собаК,3,2977.12,622.88,CANceLlEd,Проверить наличие,2024/05/28,7190642220266367
2029955223931,2024/05/11 23:25:57,НАТалЬя вАСИЛьева,+7(9662)32-00,1,корМ дЛЯ собАк,3,1395.35,104.65,CanCElLED,Проверить наличие,2024/05/28,7190642220266367
2029955222603,2024-05-04 22:53:51,СерГЕЙ сиДоРоВ,+7(9541)54-24,3,амуНИцИЯ для собАк,5,5046.57,953.43,CaNcEllEd,спасибо за заказ,2024/05/18,1795781154808357
2029955222603,2024-05-04 22:53:51,СерГЕЙ сиДоРоВ,+7(9541)54-24,5,МОЛОКО,2,4995.82,1004.18,CANCELlEd,спасибо за заказ,2024/05/18,1795781154808357
2029955222603,2024-05-04 22:53:51,СерГЕЙ сиДоРоВ,+7(9541)54-24,3,АМуНИцИЯ ДЛЯ сОБаК,1,982.62,217.38,cANcElLeD,спасибо за заказ,2024/05/18,1795781154808357
2029955221948,16.05.2024 15:54,серГеЙ сИдОрОв,+7(9800)06-88,2,ИГрУШКа мяЧ,4,1057.89,142.11,COMpleTEd,Всё отлично!,2024/05/24,3562752004667400
2029955221948,16.05.2024 15:54,серГеЙ сИдОрОв,+7(9800)06-88,4,пОДПИсКА на гаЗЕТу,1,512.21,87.79,CoMPlEted,Всё отлично!,2024/05/24,3562752004667400
2029955221948,16.05.2024 15:54,серГеЙ сИдОрОв,+7(9800)06-88,1,КОрМ длЯ сОбак,1,499.07,0.93,cOMPLEtED,Всё отлично!,2024/05/24,3562752004667400
2029955221948,16.05.2024 15:54,серГеЙ сИдОрОв,+7(9800)06-88,3,амуНициЯ для собак,5,5768.72,231.28,COmpLETED,Всё отлично!,2024/05/24,3562752004667400
2029955220531,2024/05/25 06:24:13,МИХАиЛ оРлОв,+7(9374)91-76,1,КОрМ длЯ сОбАК,2,902.05,97.95,pROCEsSIng,спасибо за заказ,2024/05/28,1262506198603016
2029955220531,2024/05/25 06:24:13,МИХАиЛ оРлОв,+7(9374)91-76,4,подПиСка На газЕТу,1,569.65,30.35,PRoCessING,спасибо за заказ,2024/05/28,1262506198603016
2029955220531,2024/05/25 06:24:13,МИХАиЛ оРлОв,+7(9374)91-76,4,поДПИскА На гАзЕту,4,1993.9,406.1,PRoCeSsIng,спасибо за заказ,2024/05/28,1262506198603016
2029955220531,2024/05/25 06:24:13,МИХАиЛ оРлОв,+7(9374)91-76,2,ИгРуШКА мяЧ,2,500.82,99.18,pRoCESsinG,спасибо за заказ,2024/05/28,1262506198603016
2029955219231,2024-05-12 12:23:33,анНа смиРноВа,8(9581) 70-64,5,моЛоКо,5,13635.05,1364.95,CANCELleD,Нужно уточнить сроки,2024/05/21,3273995098984303
2029955219231,2024-05-12 12:23:33,анНа смиРноВа,8(9581) 70-64,1,корм ДЛя сОБАК,2,833.37,166.63,cANCelLED,Нужно уточнить сроки,2024/05/21,3273995098984303
2029955218838,2024-05-15 07:08:52,дмитРиЙ куЗНецОВ,8(9650) 48-81,2,игрушка мЯч,3,849.02,50.98,ProCESsinG,Всё отлично!,2024/05/08,8979176797321135
2029955218838,2024-05-15 07:08:52,дмитРиЙ куЗНецОВ,8(9650) 48-81,5,МоЛоко,5,14336.4,663.6,procEsSING,Всё отлично!,2024/05/08,8979176797321135
2029955218838,2024-05-15 07:08:52,дмитРиЙ куЗНецОВ,8(9650) 48-81,1,КОРМ для СобАк,3,1220.2,279.8,PROCESsinG,Всё отлично!,2024/05/08,8979176797321135
2029955218838,2024-05-15 07:08:52,дмитРиЙ куЗНецОВ,8(9650) 48-81,5,МолОко,3,7403.95,1596.05,PRocEsSing,Всё отлично!,2024/05/08,8979176797321135
2029955218838,2024-05-15 07:08:52,дмитРиЙ куЗНецОВ,8(9650) 48-81,2,ИгРуШКа мЯЧ,1,289.38,10.62,ProCeSSInG,Всё отлично!,2024/05/08,8979176797321135
2029955217678,14.05.2024 03:37,алеКСей МиХайЛоВ,8(9087) 08-67,2,игРУШкА мЯч,1,263.42,36.58,CANCElLEd,спасибо за заказ,2024-05-02,2442005141736959
2029955217678,14.05.2024 03:37,алеКСей МиХайЛоВ,8(9087) 08-67,3,АМУниЦия Для сОбаК,3,3464.66,135.34,cAnCElLeD,спасибо за заказ,2024-05-02,2442005141736959
2029955217678,14.05.2024 03:37,алеКСей МиХайЛоВ,8(9087) 08-67,2,иГрУШКА МЯч,4,1010.12,189.88,cANcElled,спасибо за заказ,2024-05-02,2442005141736959
2029955217678,14.05.2024 03:37,алеКСей МиХайЛоВ,8(9087) 08-67,5,МОлокО,2,4852.72,1147.28,cancELlEd,спасибо за заказ,2024-05-02,2442005141736959
2029955216291,2024/05/30 12:50:13,МихаИЛ оРЛОВ,+7 9843 31 96,3,аМуНИциЯ длЯ СобаК,5,4826.78,1173.22,CAnCelLeD,Всё отлично!,05.05.2024,5616585396466225
2029955216291,2024/05/30 12:50:13,МихаИЛ оРЛОВ,+7 9843 31 96,4,ПОдПискА нА гАзетУ,5,2475.81,524.19,CAnCElled,Всё отлично!,05.05.2024,5616585396466225
2029955216291,2024/05/30 12:50:13,МихаИЛ оРЛОВ,+7 9843 31 96,4,ПОдпИСкА На гАзеТУ,4,2303.35,96.65,CANCELLED,Всё отлично!,05.05.2024,5616585396466225
2029955215690,2024-05-01 20:09:17,олЬГа кузНЕцова,8(9370) 88-51,4,ПОДпИсКА на гаЗетУ,3,1553.24,246.76,caNCEllEd,подарок вовремя,2024-05-06,1206475265781690
2029955215690,2024-05-01 20:09:17,олЬГа кузНЕцова,8(9370) 88-51,3,аМуниЦИя ДЛя СОБак,5,4866.2,1133.8,CanCeLLeD,подарок вовремя,2024-05-06,1206475265781690
2029955215690,2024-05-01 20:09:17,олЬГа кузНЕцова,8(9370) 88-51,3,амуНицИя дЛя соБаК,3,3385.31,214.69,CAnCElleD,подарок вовремя,2024-05-06,1206475265781690
2029955214661,02.05.2024 05:26,еЛена НовИКовА,+7 9695 81 29,3,АмуНИЦиЯ длЯ СоБАк,3,3256.88,343.12,CaNcElLED,"Задержка с доставкой, печалька...",2024-05-26,2648538082461157
2029955214661,02.05.2024 05:26,еЛена НовИКовА,+7 9695 81 29,3,АмуНИция Для СобАК,4,4725.61,74.39,CancelLED,"Задержка с доставкой, печалька...",2024-05-26,2648538082461157
2029955214661,02.05.2024 05:26,еЛена НовИКовА,+7 9695 81 29,2,игрушка МЯЧ,1,272.12,27.88,canCelLed,"Задержка с доставкой, печалька...",2024-05-26,2648538082461157
2029955214661,02.05.2024 05:26,еЛена НовИКовА,+7 9695 81 29,2,иГруШкА МяЧ,1,263.99,36.01,CANCELleD,"Задержка с доставкой, печалька...",2024-05-26,2648538082461157
2029955213737,13.05.2024 13:01,АЛЕксЕй мИхаЙлОв,+7 9807 23 83,2,ИгрУШка мЯч,1,282.64,17.36,CanCElLed,Проверить наличие,2024/05/15,2427817881091519
2029955213737,13.05.2024 13:01,АЛЕксЕй мИхаЙлОв,+7 9807 23 83,3,амуНициЯ дЛЯ СОбАк,5,5326.84,673.16,canCeLLeD,Проверить наличие,2024/05/15,2427817881091519
2029955213737,13.05.2024 13:01,АЛЕксЕй мИхаЙлОв,+7 9807 23 83,4,ПОдпиСКа на ГАЗеТУ,1,562.21,37.79,CAncelled,Проверить наличие,2024/05/15,2427817881091519
2029955213737,13.05.2024 13:01,АЛЕксЕй мИхаЙлОв,+7 9807 23 83,1,КоРм ДлЯ соБАк,3,1398.71,101.29,canCELled,Проверить наличие,2024/05/15,2427817881091519
2029955212827,2024-05-16 06:37:50,Иван ИвАНОВ,8(9564) 07-80,1,КорМ ДЛя собак,1,409.04,90.96,cANcElleD,Всё отлично!,2024/05/19,8163400938481385
2029955211871,2024-05-16 01:28:02,маРиЯ ПетРоВА,8(9873) 21-57,2,ИГРУШКа мЯч,5,1337.94,162.06,COmpleteD,Ждём с нетерпением!,08.05.2024,3915443678027251
2029955211871,2024-05-16 01:28:02,маРиЯ ПетРоВА,8(9873) 21-57,3,АМунИЦИя ДЛя СоБаК,5,5084.93,915.07,cOMpLetED,Ждём с нетерпением!,08.05.2024,3915443678027251
2029955211871,2024-05-16 01:28:02,маРиЯ ПетРоВА,8(9873) 21-57,3,аМуНиЦия ДЛЯ соБАк,2,2182.57,217.43,cOmPLeteD,Ждём с нетерпением!,08.05.2024,3915443678027251
2029955210528,2024/05/17 14:09:01,ДмИтрИЙ кУЗнеЦов,8(9033) 91-33,1,корм для СОБаК,1,475.28,24.72,ProCesSing,Ждём с нетерпением!,2024/05/06,6950993774052419
2029955209720,2024/05/09 00:09:18,ольГа кУЗНЕцоВА,+7 9697 53 89,5,моЛОкО,3,7410.88,1589.12,CaNceLLEd,Нужно уточнить сроки,30.05.2024,4113073819625975
2029955209720,2024/05/09 00:09:18,ольГа кУЗНЕцоВА,+7 9697 53 89,3,аМУнИциЯ ДлЯ сОбАК,2,2205.68,194.32,cancelLEd,Нужно уточнить сроки,30.05.2024,4113073819625975
2029955208533,2024-05-13 19:40:50,АлЕкСеЙ михАЙЛоВ,+7 9493 31 22,5,МолоКО,5,12256.13,2743.87,caNCellED,"Задержка с доставкой, печалька...",07.05.2024,0541086577499996
2029955208533,2024-05-13 19:40:50,АлЕкСеЙ михАЙЛоВ,+7 9493 31 22,5,мОлоко,3,7577.93,1422.07,cANCelleD,"Задержка с доставкой, печалька...",07.05.2024,0541086577499996
2029955208533,2024-05-13 19:40:50,АлЕкСеЙ михАЙЛоВ,+7 9493 31 22,3,АмУниЦия дЛЯ СОБаК,1,1114.13,85.87,CaNceLleD,"Задержка с доставкой, печалька...",07.05.2024,0541086577499996
2029955208533,2024-05-13 19:40:50,АлЕкСеЙ михАЙЛоВ,+7 9493 31 22,2,ИгруШкА мЯЧ,3,867.38,32.62,cAncelled,"Задержка с доставкой, печалька...",07.05.2024,0541086577499996
2029955208533,2024-05-13 19:40:50,АлЕкСеЙ михАЙЛоВ,+7 9493 31 22,3,АмуниЦиЯ дЛЯ СоБаК,1,1172.79,27.21,cAncElLEd,"Задержка с доставкой, печалька...",07.05.2024,0541086577499996
2029955207219,27.05.2024 05:44,анНа сМИрноВА,+7 9534 81 88,1,Корм для сОБАК,1,466.65,33.35,proCesSiNG,Проверить наличие,2024/05/31,4039904860203062
2029955207219,27.05.2024 05:44,анНа сМИрноВА,+7 9534 81 88,4,пОдПисКа на гАзеТу,5,2877.62,122.38,ProceSsInG,Проверить наличие,2024/05/31,4039904860203062
2029955206771,2024/05/30 16:15:56,ЕЛена нОвикОвА,8(9820) 97-21,2,ИгрУшКА МяЧ,4,1019.29,180.71,canCelLeD,спасибо за заказ,2024-05-04,0347494109408846
2029955206771,2024/05/30 16:15:56,ЕЛена нОвикОвА,8(9820) 97-21,2,игрУШКА МЯч,1,242.13,57.87,CaNCELlEd,спасибо за заказ,2024-05-04,0347494109408846
2029955206771,2024/05/30 16:15:56,ЕЛена нОвикОвА,8(9820) 97-21,1,корм дЛя СоБАк,3,1268.06,231.94,caNCElleD,спасибо за заказ,2024-05-04,0347494109408846
2029955206771,2024/05/30 16:15:56,ЕЛена нОвикОвА,8(9820) 97-21,3,АмУниЦиЯ длЯ собак,2,2191.78,208.22,CAncELLeD,спасибо за заказ,2024-05-04,0347494109408846
2029955206771,2024/05/30 16:15:56,ЕЛена нОвикОвА,8(9820) 97-21,5,мОлОко,1,2685.57,314.43,CAncElled,спасибо за заказ,2024-05-04,0347494109408846
2029955205947,2024-05-19 16:24:24,маРия ПЕТРовА,+7(9591)06-86,5,молОкО,5,14863.16,136.84,pROcEssiNG,подарок вовремя,15.05.2024,7912184570255787
2029955205947,2024-05-19 16:24:24,маРия ПЕТРовА,+7(9591)06-86,3,АмуНиЦия дЛЯ СОбак,4,3843.71,956.29,PROcEsSINg,подарок вовремя,15.05.2024,7912184570255787
2029955205947,2024-05-19 16:24:24,маРия ПЕТРовА,+7(9591)06-86,3,АМуниЦиЯ длЯ СОбАк,3,3264.78,335.22,pROcESsiNg,подарок вовремя,15.05.2024,7912184570255787
2029955205947,2024-05-19 16:24:24,маРия ПЕТРовА,+7(9591)06-86,3,аМуНИциЯ для собАК,5,4979.04,1020.96,PROCEsSInG,подарок вовремя,15.05.2024,7912184570255787
2029955204797,01.05.2024 15:41,ОЛьга КуЗНецова,+7 9129 19 07,1,КоРм ДлЯ СобАК,5,2026.8,473.2,COmplEteD,подарок вовремя,2024/05/18,3327003731177255
2029955204797,01.05.2024 15:41,ОЛьга КуЗНецова,+7 9129 19 07,5,МоЛоКо,3,8710.68,289.32,COmplEtEd,подарок вовремя,2024/05/18,3327003731177255
2029955204797,01.05.2024 15:41,ОЛьга КуЗНецова,+7 9129 19 07,3,аМуниЦИЯ ДЛя сОБАк,3,3435.45,164.55,ComPLeTEd,подарок вовремя,2024/05/18,3327003731177255
2029955204797,01.05.2024 15:41,ОЛьга КуЗНецова,+7 9129 19 07,3,АмуНициЯ дЛя СобАк,2,2129.8,270.2,cOmPlETEd,подарок вовремя,2024/05/18,3327003731177255
2029955204797,01.05.2024 15:41,ОЛьга КуЗНецова,+7 9129 19 07,3,АмуНицИЯ длЯ собАк,1,1170.08,29.92,COMpleted,подарок вовремя,2024/05/18,3327003731177255
2029955203279,2024-05-24 08:02:46,алекСЕЙ МиХАйлоВ,8(9800) 20-31,1,кОрМ ДлЯ СОбАк,1,415.93,84.07,ComPLeted,Нужно уточнить сроки,2024-05-27,2465352036844622
2029955203279,2024-05-24 08:02:46,алекСЕЙ МиХАйлоВ,8(9800) 20-31,5,МоЛОКо,3,8911.83,88.17,compLeTeD,Нужно уточнить сроки,2024-05-27,2465352036844622
2029955203279,2024-05-24 08:02:46,алекСЕЙ МиХАйлоВ,8(9800) 20-31,1,КорМ ДлЯ СОбАк,2,957.75,42.25,complEtED,Нужно уточнить сроки,2024-05-27,2465352036844622
2029955203279,2024-05-24 08:02:46,алекСЕЙ МиХАйлоВ,8(9800) 20-31,5,моЛОко,3,7338.88,1661.12,cOMPLetED,Нужно уточнить сроки,2024-05-27,2465352036844622
2029955202964,31.05.2024 20:42,еЛЕнА НОвиКОвА,+7 9200 48 92,3,амуНицИя ДЛя СоБАК,3,3463.06,136.94,canCeLLed,"Задержка с доставкой, печалька...",2024-05-29,0448253339231425
2029955201667,2024-05-28 11:48:42,михАИл ОрЛов,+7 9151 74 75,5,моЛоко,1,2730.02,269.98,cOMPletED,Проверить наличие,23.05.2024,0112981114718318
2029955201667,2024-05-28 11:48:42,михАИл ОрЛов,+7 9151 74 75,1,КОрМ длЯ Собак,3,1436.42,63.58,COmpLEtEd,Проверить наличие,23.05.2024,0112981114718318
2029955200689,2024-05-10 08:36:18,СЕРГей СИдоРОВ,+7 9682 16 19,4,ПодПиСКа на Газету,5,2543.56,456.44,pROCessiNG,Нужно уточнить сроки,18.05.2024,7117885440398173
2029955200689,2024-05-10 08:36:18,СЕРГей СИдоРОВ,+7 9682 16 19,3,АмУНицИя ДЛЯ соБАК,3,3053.38,546.62,PROCeSsing,Нужно уточнить сроки,18.05.2024,7117885440398173
2029955200689,2024-05-10 08:36:18,СЕРГей СИдоРОВ,+7 9682 16 19,3,амУНИцИя Для СобаК,4,4180.4,619.6,prOCesSing,Нужно уточнить сроки,18.05.2024,7117885440398173
2029955455315,2024-05-27 16:31:02,МИХАИЛ ОрЛоВ,8(9414) 02-00,3,аМуниЦия ДлЯ сОБаК,4,4079.52,720.48,cAncELLed,Ждём с нетерпением!,2024/05/06,7861803271055907
2029955455315,2024-05-27 16:31:02,МИХАИЛ ОрЛоВ,8(9414) 02-00,3,АМУНИЦИя ДЛЯ сОбаК,3,3140.51,459.49,cANCElled,Ждём с нетерпением!,2024/05/06,7861803271055907
2029955454558,2024/05/27 08:46:51,МиХАил ОРЛОВ,+7(9337)49-09,5,МоЛОко,1,2754.16,245.84,CaNCelLeD,Всё отлично!,2024-05-11,5360674300059401
2029955454558,2024/05/27 08:46:51,МиХАил ОРЛОВ,+7(9337)49-09,3,амУНИция дЛЯ сОбАк,2,2116.88,283.12,caNcelLED,Всё отлично!,2024-05-11,5360674300059401
2029955454558,2024/05/27 08:46:51,МиХАил ОРЛОВ,+7(9337)49-09,3,АмУНИциЯ дЛЯ СОБАк,5,5789.56,210.44,CANcElled,Всё отлично!,2024-05-11,5360674300059401
2029955453283,2024-05-16 10:00:57,наТалЬя ВаСилЬеВА,+7 9278 61 92,1,кОРМ для Собак,5,2462.98,37.02,cancEllED,подарок вовремя,2024/05/18,7591783589254258
2029955453283,2024-05-16 10:00:57,наТалЬя ВаСилЬеВА,+7 9278 61 92,4,ПОдпИсКА на гаЗЕТУ,2,1017.46,182.54,CaNCeLLed,подарок вовремя,2024/05/18,7591783589254258
2029955453283,2024-05-16 10:00:57,наТалЬя ВаСилЬеВА,+7 9278 61 92,4,подпискА На ГАЗетУ,1,589.18,10.82,canceLleD,подарок вовремя,2024/05/18,7591783589254258
2029955453283,2024-05-16 10:00:57,наТалЬя ВаСилЬеВА,+7 9278 61 92,1,Корм ДлЯ СоБАк,4,1951.58,48.42,cANCEllEd,подарок вовремя,2024/05/18,7591783589254258
2029955452112,2024-05-10 15:05:59,ИВАн иВАнОв,+7(9628)67-98,2,игрушКа МяЧ,5,1387.86,112.14,cOmPLEtED,Ждём с нетерпением!,2024-05-14,2335086235865849
2029955452112,2024-05-10 15:05:59,ИВАн иВАнОв,+7(9628)67-98,4,ПОдписка нА ГазЕту,4,2215.18,184.82,COmplETed,Ждём с нетерпением!,2024-05-14,2335086235865849
2029955452112,2024-05-10 15:05:59,ИВАн иВАнОв,+7(9628)67-98,5,МОлоко,3,8513.02,486.98,cOMPleteD,Ждём с нетерпением!,2024-05-14,2335086235865849
2029955452112,2024-05-10 15:05:59,ИВАн иВАнОв,+7(9628)67-98,3,амУницИя длЯ СОБАк,5,4916.07,1083.93,COMPleTED,Ждём с нетерпением!,2024-05-14,2335086235865849
2029955451670,2024/05/25 07:32:35,НаТАЛЬя ВаСиЛьЕВа,+7(9262)09-98,4,ПоДПИсКА НА ГазЕТУ,3,1643.71,156.29,pRoCESsinG,спасибо за заказ,2024/05/31,5747806747450273
2029955451670,2024/05/25 07:32:35,НаТАЛЬя ВаСиЛьЕВа,+7(9262)09-98,3,аМуНИЦия ДЛЯ сОбАК,2,2102.51,297.49,PROCesSiNG,спасибо за заказ,2024/05/31,5747806747450273
2029955451670,2024/05/25 07:32:35,НаТАЛЬя ВаСиЛьЕВа,+7(9262)09-98,2,ИгрУШкА мяч,3,775.39,124.61,prOCesSING,спасибо за заказ,2024/05/31,5747806747450273
2029955451670,2024/05/25 07:32:35,НаТАЛЬя ВаСиЛьЕВа,+7(9262)09-98,4,пОДпИскА нА гАзеТу,5,2794.81,205.19,PROcESSING,спасибо за заказ,2024/05/31,5747806747450273
2029955450581,2024-05-24 01:26:02,иВАн ИВАНов,+7(9556)46-79,3,аМУНИцИЯ ДЛя соБАк,3,3544.92,55.08,cAnCeLLED,спасибо за заказ,13.05.2024,7727097879039054
2029955450581,2024-05-24 01:26:02,иВАн ИВАНов,+7(9556)46-79,2,иГРУШКА МяЧ,3,884.9,15.1,cANCeLlEd,спасибо за заказ,13.05.2024,7727097879039054
2029955450581,2024-05-24 01:26:02,иВАн ИВАНов,+7(9556)46-79,1,корМ ДЛЯ СобАк,3,1396.21,103.79,CanCellED,спасибо за заказ,13.05.2024,7727097879039054
2029955450581,2024-05-24 01:26:02,иВАн ИВАНов,+7(9556)46-79,5,МолокО,4,9825.88,2174.12,CANCelLeD,спасибо за заказ,13.05.2024,7727097879039054
2029955449919,10.05.2024 17:06,ИВАН иВАнОВ,+7(9451)09-39,3,АМУниЦИя ДлЯ Собак,3,3282.44,317.56,coMPlETEd,подарок вовремя,15.05.2024,2201879943726786
2029955449919,10.05.2024 17:06,ИВАН иВАнОВ,+7(9451)09-39,4,подпИсКа На ГаЗетУ,1,551.41,48.59,cOmplEtEd,подарок вовремя,15.05.2024,2201879943726786
2029955449919,10.05.2024 17:06,ИВАН иВАнОВ,+7(9451)09-39,4,ПОДписКА На ГаЗЕту,4,1957.21,442.79,COMPLETed,подарок вовремя,15.05.2024,2201879943726786
2029955449919,10.05.2024 17:06,ИВАН иВАнОВ,+7(9451)09-39,5,мОЛОКО,1,2416.53,583.47,CoMpletED,подарок вовремя,15.05.2024,2201879943726786
2029955448708,04.05.2024 12:21,МАриЯ петрОва,8(9234) 96-21,2,ИГРУШКА МЯч,1,286.95,13.05,pROcESSIng,Ждём с нетерпением!,2024/05/07,3233613801647756
2029955447536,2024-05-12 06:25:47,аЛеКСЕЙ миХайлоВ,8(9201) 35-06,4,подпиСКА На гАЗЕТу,2,1039.49,160.51,PRoCESSInG,Нужно уточнить сроки,2024/05/20,4621287718621818
2029955447536,2024-05-12 06:25:47,аЛеКСЕЙ миХайлоВ,8(9201) 35-06,1,КОрМ Для СоБАк,2,965.78,34.22,PRocEsSing,Нужно уточнить сроки,2024/05/20,4621287718621818
2029955447536,2024-05-12 06:25:47,аЛеКСЕЙ миХайлоВ,8(9201) 35-06,3,амунИЦия ДЛЯ СобаК,1,1014.98,185.02,PROcESsiNg,Нужно уточнить сроки,2024/05/20,4621287718621818
2029955446504,09.05.2024 08:47,СЕргей сиДОров,8(9987) 87-47,3,АмуНицИя длЯ СОБаК,3,3563.44,36.56,prOCEsSing,"Задержка с доставкой, печалька...",2024-05-26,1484438447144692
2029955446504,09.05.2024 08:47,СЕргей сиДОров,8(9987) 87-47,2,иГРУшка МЯч,5,1489.34,10.66,PRoCeSsing,"Задержка с доставкой, печалька...",2024-05-26,1484438447144692
2029955445385,2024-05-05 23:02:27,маРИЯ ПЕТРовА,+7(9647)72-53,1,КОрм дЛЯ СОБаК,4,1696.96,303.04,pRoCessING,спасибо за заказ,2024-05-12,9195308445508744
2029955445385,2024-05-05 23:02:27,маРИЯ ПЕТРовА,+7(9647)72-53,4,ПодпискА НА гаЗЕтУ,4,2339.72,60.28,PrOceSsinG,спасибо за заказ,2024-05-12,9195308445508744
2029955445385,2024-05-05 23:02:27,маРИЯ ПЕТРовА,+7(9647)72-53,4,ПоДПиСКа НА гАЗЕТУ,4,2146.09,253.91,PROcEssIng,спасибо за заказ,2024-05-12,9195308445508744
2029955445385,2024-05-05 23:02:27,маРИЯ ПЕТРовА,+7(9647)72-53,5,мОлоко,2,4807.07,1192.93,pROCEsSINg,спасибо за заказ,2024-05-12,9195308445508744
2029955444108,2024/05/18 09:14:26,нАТальЯ ВАСилЬева,+7 9415 02 26,1,корм дЛя сОбак,1,449.22,50.78,CoMpletED,Нужно уточнить сроки,2024-05-24,2429696083080850
2029955444108,2024/05/18 09:14:26,нАТальЯ ВАСилЬева,+7 9415 02 26,4,пОдПИсКА На ГаЗЕТУ,4,2117.2,282.8,ComPlETED,Нужно уточнить сроки,2024-05-24,2429696083080850
2029955444108,2024/05/18 09:14:26,нАТальЯ ВАСилЬева,+7 9415 02 26,1,КорМ для СОБАК,4,1650.97,349.03,comPlEtED,Нужно уточнить сроки,2024-05-24,2429696083080850
2029955444108,2024/05/18 09:14:26,нАТальЯ ВАСилЬева,+7 9415 02 26,3,АмУНиция ДлЯ собак,4,3978.39,821.61,cOmplEtED,Нужно уточнить сроки,2024-05-24,2429696083080850
2029955443987,13.05.2024 10:43,михАИл орЛОв,8(9318) 85-23,2,ИГруШкА мЯч,2,527.11,72.89,ProcEsSIng,Всё отлично!,30.05.2024,7382143841492864
2029955443987,13.05.2024 10:43,михАИл орЛОв,8(9318) 85-23,2,ИГрУшКА МЯч,5,1460.4,39.6,pRocesSIng,Всё отлично!,30.05.2024,7382143841492864
2029955443987,13.05.2024 10:43,михАИл орЛОв,8(9318) 85-23,2,ИГРушКА мЯч,5,1488.62,11.38,pROcessInG,Всё отлично!,30.05.2024,7382143841492864
2029955443987,13.05.2024 10:43,михАИл орЛОв,8(9318) 85-23,4,ПодпиСКА нА ГаЗЕТу,4,1952.78,447.22,PrOcESsing,Всё отлично!,30.05.2024,7382143841492864
2029955443987,13.05.2024 10:43,михАИл орЛОв,8(9318) 85-23,2,игрУшКА мЯЧ,4,1122.59,77.41,pROceSsING,Всё отлично!,30.05.2024,7382143841492864
2029955442660,2024-05-19 10:49:19,сЕргЕй СИДОРоВ,+7 9569 69 01,2,ИГРуШКа мЯч,2,572.67,27.33,PRocESsInG,Проверить наличие,2024-05-21,8345250125996364
2029955442660,2024-05-19 10:49:19,сЕргЕй СИДОРоВ,+7 9569 69 01,5,молоКо,1,2522.01,477.99,PROCESSiNG,Проверить наличие,2024-05-21,8345250125996364
2029955441413,2024/05/15 04:12:40,аННа СМИрноВА,+7(9087)76-48,5,моЛокО,2,5705.02,294.98,CancELlEd,Всё отлично!,19.05.2024,7041206623355026
2029955440790,2024/05/05 14:04:17,СергЕй СидОрОВ,+7 9614 82 95,4,пОдпИска НА Газету,3,1505.49,294.51,prOceSsiNG,"Задержка с доставкой, печалька...",2024/05/28,3026559821639566
2029955439611,02.05.2024 11:08,ОЛьГА кузнецовА,+7(9172)89-01,3,АМуниЦиЯ дЛя сОБаК,3,3461.83,138.17,cOmPlETEd,спасибо за заказ,2024-05-28,2771390365677094
2029955439611,02.05.2024 11:08,ОЛьГА кузнецовА,+7(9172)89-01,3,амУНИция ДЛя СОбаК,5,5434.9,565.1,cOmPLETed,спасибо за заказ,2024-05-28,2771390365677094
2029955439611,02.05.2024 11:08,ОЛьГА кузнецовА,+7(9172)89-01,3,АмУниЦИЯ дЛЯ СобаК,5,5022.23,977.77,cOMpLEtEd,спасибо за заказ,2024-05-28,2771390365677094
2029955438559,2024-05-08 02:36:07,ОлЬгА кУЗнецОВа,+7(9786)82-39,3,АМУниЦИЯ Для СОБАк,1,1028.86,171.14,pROcEsSINg,Ждём с нетерпением!,2024-05-21,8357007986344791
2029955438559,2024-05-08 02:36:07,ОлЬгА кУЗнецОВа,+7(9786)82-39,4,поДПИскА на газЕтУ,1,496.95,103.05,ProCEssiNg,Ждём с нетерпением!,2024-05-21,8357007986344791
2029955438559,2024-05-08 02:36:07,ОлЬгА кУЗнецОВа,+7(9786)82-39,1,КОРМ дЛЯ сОбАК,4,1749.92,250.08,PROcEsSING,Ждём с нетерпением!,2024-05-21,8357007986344791
2029955437699,17.05.2024 09:52,АЛЕксеЙ МихАЙлоВ,8(9966) 16-55,2,иГрУшка мЯч,4,1196.53,3.47,cOMpleTEd,подарок вовремя,2024-05-03,5582418125433558
2029955436780,2024-05-31 16:46:28,маРиЯ ПеТРОВА,+7(9424)11-52,2,ИГРуШКа мЯч,2,535.12,64.88,coMPLeTED,спасибо за заказ,2024/05/15,7669948013300058
2029955436780,2024-05-31 16:46:28,маРиЯ ПеТРОВА,+7(9424)11-52,3,АМуниЦия ДЛЯ сОбАк,5,5651.51,348.49,cOMPleTed,спасибо за заказ,2024/05/15,7669948013300058
2029955435310,14.05.2024 18:04,АНна СМИрНОВа,+7 9327 79 18,3,аМУНиЦия дЛя СОБАК,4,4348.58,451.42,CAncELLed,спасибо за заказ,18.05.2024,2785325289488916
2029955435310,14.05.2024 18:04,АНна СМИрНОВа,+7 9327 79 18,1,кОРМ для СоБАк,1,493.65,6.35,canceLled,спасибо за заказ,18.05.2024,2785325289488916
2029955434893,10.05.2024 10:39,аНна СмиРнОВА,8(9340) 73-61,3,АМуНициЯ дЛЯ СоБАк,4,4576.2,223.8,COmpletEd,Всё отлично!,02.05.2024,8880339642148449
2029955434893,10.05.2024 10:39,аНна СмиРнОВА,8(9340) 73-61,1,КОрм Для Собак,3,1241.69,258.31,cOmpletED,Всё отлично!,02.05.2024,8880339642148449
2029955434893,10.05.2024 10:39,аНна СмиРнОВА,8(9340) 73-61,5,молОкО,3,8843.72,156.28,cOMpLetEd,Всё отлично!,02.05.2024,8880339642148449
2029955434893,10.05.2024 10:39,аНна СмиРнОВА,8(9340) 73-61,3,АМУНИцИЯ для сОбак,2,2047.17,352.83,ComPlETEd,Всё отлично!,02.05.2024,8880339642148449
2029955433530,2024/05/23 01:15:50,СЕРГЕй сИДОров,8(9795) 11-25,2,игРУшка МЯЧ,5,1368.31,131.69,CaNCELLeD,"Задержка с доставкой, печалька...",2024-05-10,0887317950342704
2029955433530,2024/05/23 01:15:50,СЕРГЕй сИДОров,8(9795) 11-25,5,МОлоко,2,5639.26,360.74,CAnCelled,"Задержка с доставкой, печалька...",2024-05-10,0887317950342704
2029955433530,2024/05/23 01:15:50,СЕРГЕй сИДОров,8(9795) 11-25,1,КОрм длЯ СОБаК,5,2094.63,405.37,cancelled,"Задержка с доставкой, печалька...",2024-05-10,0887317950342704
2029955432953,2024-05-15 15:47:42,МИХаил орлОв,+7 9238 27 08,5,моЛокО,5,14685.99,314.01,ComPlEteD,Нужно уточнить сроки,13.05.2024,1396219482807406
2029955432953,2024-05-15 15:47:42,МИХаил орлОв,+7 9238 27 08,1,КОРм дЛя собак,1,455.96,44.04,CoMpLetEd,Нужно уточнить сроки,13.05.2024,1396219482807406
2029955432953,2024-05-15 15:47:42,МИХаил орлОв,+7 9238 27 08,4,пОдПИсКа НА ГАзЕТу,1,497.04,102.96,CoMpLEted,Нужно уточнить сроки,13.05.2024,1396219482807406
2029955432953,2024-05-15 15:47:42,МИХаил орлОв,+7 9238 27 08,3,амУНициЯ ДлЯ сОБАК,1,1102.87,97.13,cOmpLeted,Нужно уточнить сроки,13.05.2024,1396219482807406
2029955431537,2024-05-20 13:56:45,сЕргЕЙ СИдОРов,+7(9539)15-10,4,ПОдпИсКА нА гаЗЕТУ,3,1680.69,119.31,COMPLETED,подарок вовремя,08.05.2024,5783727530107190
2029955431537,2024-05-20 13:56:45,сЕргЕЙ СИдОРов,+7(9539)15-10,2,иГрушКА мяЧ,5,1380.14,119.86,CoMplEted,подарок вовремя,08.05.2024,5783727530107190
2029955431537,2024-05-20 13:56:45,сЕргЕЙ СИдОРов,+7(9539)15-10,4,ПОДПиСка на гАзЕтУ,2,1095.47,104.53,COmpLEted,подарок вовремя,08.05.2024,5783727530107190
2029955430182,10.05.2024 07:17,Анна сМИРнОвА,+7 9010 04 55,2,ИгРУшКА мЯч,5,1304.28,195.72,pROCESSing,Ждём с нетерпением!,2024-05-12,6432021064948062
2029955430182,10.05.2024 07:17,Анна сМИРнОвА,+7 9010 04 55,4,ПодПИскА НА ГаЗеТУ,3,1544.36,255.64,procESsinG,Ждём с нетерпением!,2024-05-12,6432021064948062
2029955430182,10.05.2024 07:17,Анна сМИРнОвА,+7 9010 04 55,5,МОлокО,1,2622.03,377.97,proCEsSing,Ждём с нетерпением!,2024-05-12,6432021064948062
2029955430182,10.05.2024 07:17,Анна сМИРнОвА,+7 9010 04 55,1,корм ДЛЯ собак,1,435.8,64.2,pROCESsiNG,Ждём с нетерпением!,2024-05-12,6432021064948062
2029955429719,12.05.2024 20:29,ДМИТриЙ кУзНеЦОв,+7 9810 49 99,5,МоЛОКо,1,2427.5,572.5,CompLetED,спасибо за заказ,22.05.2024,6594200475239035
2029955429719,12.05.2024 20:29,ДМИТриЙ кУзНеЦОв,+7 9810 49 99,2,иГрУШКа Мяч,5,1418.93,81.07,cOMplEtED,спасибо за заказ,22.05.2024,6594200475239035
2029955428615,2024-05-25 03:36:51,ЕлеНа НОВиКОва,+7(9470)42-17,4,ПодпИСКа нА ГАЗеТу,2,980.51,219.49,PROceSsiNG,Проверить наличие,09.05.2024,7681080975169606
2029955428615,2024-05-25 03:36:51,ЕлеНа НОВиКОва,+7(9470)42-17,2,ИгрушКа мяч,1,264.14,35.86,pRoceSSIng,Проверить наличие,09.05.2024,7681080975169606
2029955428615,2024-05-25 03:36:51,ЕлеНа НОВиКОва,+7(9470)42-17,5,мОлОКО,4,10871.38,1128.62,ProCeSsINg,Проверить наличие,09.05.2024,7681080975169606
2029955428615,2024-05-25 03:36:51,ЕлеНа НОВиКОва,+7(9470)42-17,3,АМУНИЦИя ДЛЯ СОбак,2,1981.75,418.25,procESsinG,Проверить наличие,09.05.2024,7681080975169606
2029955427697,2024-05-02 12:11:15,ИВаН ИвАНОв,8(9009) 06-87,2,иГруШКа мяч,3,771.94,128.06,proceSsINg,подарок вовремя,2024-05-30,9441514970888905
2029955427697,2024-05-02 12:11:15,ИВаН ИвАНОв,8(9009) 06-87,1,корМ ДлЯ собаК,1,437.95,62.05,PrOCeSsing,подарок вовремя,2024-05-30,9441514970888905
2029955427697,2024-05-02 12:11:15,ИВаН ИвАНОв,8(9009) 06-87,2,ИГРуШкА МЯЧ,3,831.04,68.96,pRocesSINg,подарок вовремя,2024-05-30,9441514970888905
2029955427697,2024-05-02 12:11:15,ИВаН ИвАНОв,8(9009) 06-87,4,ПОДпИСкА На гаЗЕтУ,4,1945.19,454.81,pRoCesSING,подарок вовремя,2024-05-30,9441514970888905
2029955427697,2024-05-02 12:11:15,ИВаН ИвАНОв,8(9009) 06-87,2,игрушкА МЯЧ,4,1088.67,111.33,procesSING,подарок вовремя,2024-05-30,9441514970888905
2029955426483,12.05.2024 11:45,дМитРИй КУзнецОв,8(9322) 45-25,1,КОрм Для СоБАк,2,925.36,74.64,cANceLled,подарок вовремя,2024/05/13,4068034464965764
2029955426483,12.05.2024 11:45,дМитРИй КУзнецОв,8(9322) 45-25,5,молОКО,1,2638.38,361.62,CanCEllEd,подарок вовремя,2024/05/13,4068034464965764
2029955425907,2024-05-02 21:47:00,нАТальЯ ваСиЛьЕва,+7 9818 20 88,2,иГРуШкА мяч,3,812.06,87.94,PROcesSinG,Ждём с нетерпением!,2024-05-01,8051534693486144
2029955425907,2024-05-02 21:47:00,нАТальЯ ваСиЛьЕва,+7 9818 20 88,4,пОдпИСка На ГАЗету,4,2123.26,276.74,PRocEsSING,Ждём с нетерпением!,2024-05-01,8051534693486144
2029955425907,2024-05-02 21:47:00,нАТальЯ ваСиЛьЕва,+7 9818 20 88,1,коРм дЛЯ СоБАК,1,488.61,11.39,procESsInG,Ждём с нетерпением!,2024-05-01,8051534693486144
2029955424562,2024-05-25 09:04:55,нАтаЛЬя ВасилЬЕВА,+7 9649 37 06,4,ПодПИСКА НА гаЗету,2,1176.52,23.48,CANcELled,Проверить наличие,2024/05/26,7804431146558418
2029955424562,2024-05-25 09:04:55,нАтаЛЬя ВасилЬЕВА,+7 9649 37 06,5,мОлОКо,5,12169.69,2830.31,CAnCElLED,Проверить наличие,2024/05/26,7804431146558418
2029955424562,2024-05-25 09:04:55,нАтаЛЬя ВасилЬЕВА,+7 9649 37 06,3,АМуницИя ДЛЯ сОБАК,2,2201.61,198.39,CaNcELLed,Проверить наличие,2024/05/26,7804431146558418
2029955424562,2024-05-25 09:04:55,нАтаЛЬя ВасилЬЕВА,+7 9649 37 06,3,амУНИЦия длЯ СОБАК,5,5792.65,207.35,CANCeLlEd,Проверить наличие,2024/05/26,7804431146558418
2029955424562,2024-05-25 09:04:55,нАтаЛЬя ВасилЬЕВА,+7 9649 37 06,1,КОРМ дЛЯ соБак,5,2426.24,73.76,CaNcEllEd,Проверить наличие,2024/05/26,7804431146558418
2029955423395,2024-05-26 20:12:31,ЕлЕНА НовИКовА,+7 9289 68 85,4,ПОдПиСка На ГазеТУ,5,2699.52,300.48,compleTED,подарок вовремя,2024-05-09,6023040922205333
2029955423395,2024-05-26 20:12:31,ЕлЕНА НовИКовА,+7 9289 68 85,4,пОдПиСКа НА ГазеТУ,5,2577.36,422.64,ComPleted,подарок вовремя,2024-05-09,6023040922205333
2029955423395,2024-05-26 20:12:31,ЕлЕНА НовИКовА,+7 9289 68 85,3,аМУНиЦия Для сОбаК,2,2080.86,319.14,coMpLETeD,подарок вовремя,2024-05-09,6023040922205333
