order_id,order_date,customer_name,customer_phone,product_id,product_name,quantity,total_amount,discount_amount,status,comment,delivery_date,gift_card
2030019262935,2024/12/02 17:07:11,мИХаИЛ орлОв,8(9696) 23-34,4,пОДпИСка на ГаЗЕтУ,2,1179.31,20.69,cANCELLED,"Задержка с доставкой, печалька...",20.12.2024,1831228608737556
2030019262935,2024/12/02 17:07:11,мИХаИЛ орлОв,8(9696) 23-34,5,молОкО,5,13840.77,1159.23,CanceLleD,"Задержка с доставкой, печалька...",20.12.2024,1831228608737556
2030019262935,2024/12/02 17:07:11,мИХаИЛ орлОв,8(9696) 23-34,5,мОлоко,5,14417.31,582.69,CaNcELLED,"Задержка с доставкой, печалька...",20.12.2024,1831228608737556
2030019262935,2024/12/02 17:07:11,мИХаИЛ орлОв,8(9696) 23-34,4,пОДПИСКа На ГАзЕТУ,2,1121.1,78.9,cAnCeLlEd,"Задержка с доставкой, печалька...",20.12.2024,1831228608737556
2030019262935,2024/12/02 17:07:11,мИХаИЛ орлОв,8(9696) 23-34,4,ПодпиСкА нА ГАЗЕтУ,2,1062.98,137.02,CanCeLlED,"Задержка с доставкой, печалька...",20.12.2024,1831228608737556
2030019261112,2024/12/24 18:09:01,НАТАЛьЯ вАСИЛЬева,+7(9932)18-65,1,КОРМ ДЛЯ СобАК,4,1712.38,287.62,caNCElled,подарок вовремя,2024/12/01,6216898129933371
2030019261112,2024/12/24 18:09:01,НАТАЛьЯ вАСИЛЬева,+7(9932)18-65,4,пОДпиСкА на ГАЗетУ,3,1506.51,293.49,CAnCelled,подарок вовремя,2024/12/01,6216898129933371
2030019260234,2024/12/17 06:31:28,аНна смИрнова,+7 9008 51 19,5,мОлОкО,5,12435.78,2564.22,cANcELlED,Всё отлично!,01.12.2024,3722195607248237
2030019260234,2024/12/17 06:31:28,аНна смИрнова,+7 9008 51 19,1,КоРМ дЛя СОбак,5,2012.75,487.25,cANCELleD,Всё отлично!,01.12.2024,3722195607248237
2030019260234,2024/12/17 06:31:28,аНна смИрнова,+7 9008 51 19,3,АмУНиЦИЯ ДлЯ сОбаК,5,5782.07,217.93,CANCeLled,Всё отлично!,01.12.2024,3722195607248237
2030019260234,2024/12/17 06:31:28,аНна смИрнова,+7 9008 51 19,2,ИгрУШка Мяч,3,841.41,58.59,CanCeLleD,Всё отлично!,01.12.2024,3722195607248237
2030019260234,2024/12/17 06:31:28,аНна смИрнова,+7 9008 51 19,1,КОРМ ДЛя СобаК,1,404.44,95.56,CANceLlED,Всё отлично!,01.12.2024,3722195607248237
2030019259148,2024-12-20 08:02:32,ольгА КуЗнеЦОвА,+7 9040 21 43,2,ИГруШКа мЯЧ,5,1437.19,62.81,cANceLleD,Проверить наличие,2024-12-06,0685118076697251
2030019259148,2024-12-20 08:02:32,ольгА КуЗнеЦОвА,+7 9040 21 43,4,пОдпИскА На гаЗЕту,5,2976.85,23.15,canCElLeD,Проверить наличие,2024-12-06,0685118076697251
2030019259148,2024-12-20 08:02:32,ольгА КуЗнеЦОвА,+7 9040 21 43,1,корм длЯ соБаК,3,1337.65,162.35,cANCeLleD,Проверить наличие,2024-12-06,0685118076697251
2030019258958,2024/12/12 17:16:27,ОлЬгА КуЗнЕЦОВа,+7(9766)28-78,5,молоКО,5,14962.23,37.77,pRocessiNg,Нужно уточнить сроки,2024-12-13,9281143293100028
2030019257828,11.12.2024 12:40,ОЛьгА КуЗнеЦовА,8(9158) 49-77,4,ПоДпИСкА На гаЗетУ,3,1795.49,4.51,PrOCeSSinG,"Задержка с доставкой, печалька...",2024/12/09,7774423671544814
2030019257828,11.12.2024 12:40,ОЛьгА КуЗнеЦовА,8(9158) 49-77,5,мОЛоКО,2,5111.98,888.02,PROcESSiNg,"Задержка с доставкой, печалька...",2024/12/09,7774423671544814
2030019257828,11.12.2024 12:40,ОЛьгА КуЗнеЦовА,8(9158) 49-77,2,иГРуШКа мяч,5,1312.53,187.47,proCESsiNg,"Задержка с доставкой, печалька...",2024/12/09,7774423671544814
2030019257828,11.12.2024 12:40,ОЛьгА КуЗнеЦовА,8(9158) 49-77,1,коРМ ДлЯ Собак,5,2461.61,38.39,proCEssiNg,"Задержка с доставкой, печалька...",2024/12/09,7774423671544814
2030019256296,2024-12-27 06:49:29,аННа смирНова,8(9660) 26-61,5,мОлОКо,5,13612.33,1387.67,prOCESSiNg,Ждём с нетерпением!,2024/12/13,7163316350457164
2030019256296,2024-12-27 06:49:29,аННа смирНова,8(9660) 26-61,2,иГРушка мяч,4,1184.76,15.24,PRocesSINg,Ждём с нетерпением!,2024/12/13,7163316350457164
2030019255184,26.12.2024 10:01,нАтАлЬя ВАСИльева,8(9770) 53-36,1,кОРм длЯ соБак,5,2417.19,82.81,pRoceSsiNg,Нужно уточнить сроки,2024-12-26,5328719063411147
2030019255184,26.12.2024 10:01,нАтАлЬя ВАСИльева,8(9770) 53-36,3,АМуНИЦиЯ дЛя СоБаК,4,4262.66,537.34,prOCesSINg,Нужно уточнить сроки,2024-12-26,5328719063411147
2030019255184,26.12.2024 10:01,нАтАлЬя ВАСИльева,8(9770) 53-36,5,МолОКо,1,2964.58,35.42,ProCessiNg,Нужно уточнить сроки,2024-12-26,5328719063411147
2030019255184,26.12.2024 10:01,нАтАлЬя ВАСИльева,8(9770) 53-36,3,аМУнИцИЯ для сОбАК,3,2924.56,675.44,prOceSsInG,Нужно уточнить сроки,2024-12-26,5328719063411147
2030019254338,2024-12-18 13:00:48,мАРия петРоВА,8(9334) 80-84,5,МолоКо,1,2907.74,92.26,CaNceLlEd,"Задержка с доставкой, печалька...",18.12.2024,1715734763154531
2030019254338,2024-12-18 13:00:48,мАРия петРоВА,8(9334) 80-84,2,ИГруШка мЯч,4,1142.91,57.09,CANCElLEd,"Задержка с доставкой, печалька...",18.12.2024,1715734763154531
2030019254338,2024-12-18 13:00:48,мАРия петРоВА,8(9334) 80-84,3,аМУнИЦия Для сОБАк,3,3493.27,106.73,caNCellED,"Задержка с доставкой, печалька...",18.12.2024,1715734763154531
2030019253390,2024-12-17 05:15:41,ЕЛЕНа нОвИкоВа,+7 9854 72 00,5,молоко,2,5283.58,716.42,ProCesSiNG,Всё отлично!,29.12.2024,2555334297934977
2030019253390,2024-12-17 05:15:41,ЕЛЕНа нОвИкоВа,+7 9854 72 00,2,иГРуШКА МЯч,2,497.87,102.13,PrOcesSIng,Всё отлично!,29.12.2024,2555334297934977
2030019253390,2024-12-17 05:15:41,ЕЛЕНа нОвИкоВа,+7 9854 72 00,5,МОЛокО,3,8227.6,772.4,pROcESSINg,Всё отлично!,29.12.2024,2555334297934977
2030019253390,2024-12-17 05:15:41,ЕЛЕНа нОвИкоВа,+7 9854 72 00,1,кОрм дЛя собАк,5,2394.39,105.61,pRoCEssinG,Всё отлично!,29.12.2024,2555334297934977
2030019253390,2024-12-17 05:15:41,ЕЛЕНа нОвИкоВа,+7 9854 72 00,1,кОРМ для СоБАК,3,1462.3,37.7,PRocESsing,Всё отлично!,29.12.2024,2555334297934977
2030019252211,2024-12-22 23:38:29,ОлЬга КуЗНЕЦОВА,8(9759) 06-80,1,корМ ДЛя СОбАк,5,2410.77,89.23,cANCELlEd,спасибо за заказ,2024/12/28,5722394385730472
2030019252211,2024-12-22 23:38:29,ОлЬга КуЗНЕЦОВА,8(9759) 06-80,2,ИГрушкА МЯч,1,297.97,2.03,caNcEllEd,спасибо за заказ,2024/12/28,5722394385730472
2030019251341,07.12.2024 09:32,АЛЕкСеЙ МИхАЙлов,8(9627) 15-78,2,иГрУшКа мЯЧ,2,580.65,19.35,CanCelLED,Проверить наличие,2024-12-24,8404983115234249
2030019250626,13.12.2024 15:05,ДМИТриЙ куЗНЕцоВ,+7 9071 48 42,5,молОкО,3,7836.0,1164.0,pRocesSing,Всё отлично!,2024/12/22,5192030034851777
2030019249107,2024/12/23 15:32:14,оЛьГА КУзнеЦоВА,+7 9689 88 16,2,игруШка МЯЧ,5,1343.95,156.05,cANceLLED,подарок вовремя,2024-12-14,4616218047458662
2030019249107,2024/12/23 15:32:14,оЛьГА КУзнеЦоВА,+7 9689 88 16,4,поДпИСКа НА ГАзеТУ,4,2052.57,347.43,canCeLLED,подарок вовремя,2024-12-14,4616218047458662
2030019249107,2024/12/23 15:32:14,оЛьГА КУзнеЦоВА,+7 9689 88 16,5,МОлоКО,4,11143.09,856.91,cancelleD,подарок вовремя,2024-12-14,4616218047458662
2030019248539,23.12.2024 05:46,нАТАЛЬя ВАсИЛЬеВа,8(9793) 90-04,2,ИгРУшКа МЯЧ,5,1457.89,42.11,CaNcELlED,подарок вовремя,2024-12-27,8353747031499294
2030019248539,23.12.2024 05:46,нАТАЛЬя ВАсИЛЬеВа,8(9793) 90-04,1,КОРМ ДлЯ СОБак,4,1786.07,213.93,CanceLlED,подарок вовремя,2024-12-27,8353747031499294
2030019248539,23.12.2024 05:46,нАТАЛЬя ВАсИЛЬеВа,8(9793) 90-04,2,ИГрушКа МЯч,5,1262.71,237.29,caNcELLeD,подарок вовремя,2024-12-27,8353747031499294
2030019248539,23.12.2024 05:46,нАТАЛЬя ВАсИЛЬеВа,8(9793) 90-04,3,АмуНИЦИЯ ДЛЯ сОБак,3,3132.53,467.47,CaNCELled,подарок вовремя,2024-12-27,8353747031499294
2030019247682,13.12.2024 17:47,иВаН ИваноВ,+7(9268)96-75,5,МоЛОкО,2,5470.76,529.24,cAnCelLED,Ждём с нетерпением!,18.12.2024,0561941872006449
2030019247682,13.12.2024 17:47,иВаН ИваноВ,+7(9268)96-75,3,АмуниЦИЯ Для СобАк,1,1198.87,1.13,canceLLEd,Ждём с нетерпением!,18.12.2024,0561941872006449
2030019247682,13.12.2024 17:47,иВаН ИваноВ,+7(9268)96-75,1,корм длЯ СОБАк,4,1662.22,337.78,cancELlED,Ждём с нетерпением!,18.12.2024,0561941872006449
2030019247682,13.12.2024 17:47,иВаН ИваноВ,+7(9268)96-75,2,иГруШКа Мяч,2,496.91,103.09,CAnCeLleD,Ждём с нетерпением!,18.12.2024,0561941872006449
2030019247682,13.12.2024 17:47,иВаН ИваноВ,+7(9268)96-75,5,мОлОКО,2,5455.77,544.23,caNCelLEd,Ждём с нетерпением!,18.12.2024,0561941872006449
2030019246796,2024/12/06 13:02:29,дМИТРиЙ КузНЕцов,+7(9993)83-45,2,ИГРУшка МяЧ,5,1469.91,30.09,CaNCElled,Нужно уточнить сроки,19.12.2024,9748989908418504
2030019245261,10.12.2024 09:24,сеРгЕЙ СИдОроВ,+7(9739)84-21,1,КоРМ Для соБАк,1,440.34,59.66,compLetEd,Всё отлично!,2024-12-02,4237868361375665
2030019245261,10.12.2024 09:24,сеРгЕЙ СИдОроВ,+7(9739)84-21,2,иГрУШКа МЯЧ,1,251.62,48.38,COMpLEtEd,Всё отлично!,2024-12-02,4237868361375665
2030019245261,10.12.2024 09:24,сеРгЕЙ СИдОроВ,+7(9739)84-21,4,пОДпИсКА На гАзЕту,3,1720.22,79.78,compLeteD,Всё отлично!,2024-12-02,4237868361375665
2030019244886,03.12.2024 00:14,мария пЕтРова,+7 9747 80 24,1,КоРМ для собАК,5,2466.72,33.28,COmpLEted,подарок вовремя,31.12.2024,1288632523928379
2030019244886,03.12.2024 00:14,мария пЕтРова,+7 9747 80 24,5,мОлоКО,2,5520.38,479.62,cOMPLeTEd,подарок вовремя,31.12.2024,1288632523928379
2030019243257,2024-12-19 06:46:26,МаРИЯ ПЕТРоВА,+7 9832 79 83,4,пОдпиСКа нА газЕТУ,5,2668.6,331.4,ProCessINg,Нужно уточнить сроки,2024/12/21,3994869583563053
2030019242464,24.12.2024 10:38,ДмиТрий кузНЕЦОВ,8(9158) 35-89,1,кОрМ ДЛЯ СОбАк,4,1694.82,305.18,pROcEssIng,Всё отлично!,2024/12/22,4356762137815697
2030019242464,24.12.2024 10:38,ДмиТрий кузНЕЦОВ,8(9158) 35-89,1,коРМ ДЛЯ собАк,2,987.96,12.04,prOCeSsInG,Всё отлично!,2024/12/22,4356762137815697
2030019242464,24.12.2024 10:38,ДмиТрий кузНЕЦОВ,8(9158) 35-89,4,ПоДписКА нА гАЗеТу,1,573.62,26.38,pROceSsing,Всё отлично!,2024/12/22,4356762137815697
2030019241761,2024/12/06 16:07:09,ОЛЬГА куЗнЕЦовА,+7(9154)20-81,3,амУНиЦиЯ ДлЯ сОбак,2,2100.08,299.92,pRocEssING,спасибо за заказ,2024-12-30,8091899655765027
2030019241761,2024/12/06 16:07:09,ОЛЬГА куЗнЕЦовА,+7(9154)20-81,3,АмуНИцИя дЛЯ сОБАк,5,5211.52,788.48,pRocessINg,спасибо за заказ,2024-12-30,8091899655765027
2030019241761,2024/12/06 16:07:09,ОЛЬГА куЗнЕЦовА,+7(9154)20-81,2,ИгРУшКа мЯЧ,3,788.96,111.04,proCesSing,спасибо за заказ,2024-12-30,8091899655765027
2030019240806,2024-12-19 15:19:39,мАриЯ пЕТРова,+7(9684)79-73,4,поДписка на газеТу,2,1048.16,151.84,cOMpletEd,"Задержка с доставкой, печалька...",2024-12-13,8930381850471336
2030019239488,13.12.2024 23:23,елЕнА НовиКоВа,+7(9856)43-86,4,подПиСкА На ГАЗету,1,577.68,22.32,COMplEtED,Всё отлично!,2024/12/28,3047597158754292
2030019238160,12.12.2024 21:41,алеКсей мИХайЛов,8(9736) 66-12,2,ИгрУшКА МЯЧ,2,593.77,6.23,cANceLLed,"Задержка с доставкой, печалька...",2024/12/10,4508619101736486
2030019238160,12.12.2024 21:41,алеКсей мИХайЛов,8(9736) 66-12,2,иГрУШкА мЯЧ,3,855.62,44.38,cancELLEd,"Задержка с доставкой, печалька...",2024/12/10,4508619101736486
2030019238160,12.12.2024 21:41,алеКсей мИХайЛов,8(9736) 66-12,4,подписКа нА ГАзЕТу,3,1674.84,125.16,canCElLED,"Задержка с доставкой, печалька...",2024/12/10,4508619101736486
2030019238160,12.12.2024 21:41,алеКсей мИХайЛов,8(9736) 66-12,3,АмУНиЦИя дЛЯ Собак,4,4618.59,181.41,CaNcELlED,"Задержка с доставкой, печалька...",2024/12/10,4508619101736486
2030019237905,2024-12-20 16:03:45,МАРия ПЕТрова,+7(9010)93-09,2,ИгрушкА мяЧ,2,527.67,72.33,cancElLed,Ждём с нетерпением!,27.12.2024,0678977511988361
2030019237905,2024-12-20 16:03:45,МАРия ПЕТрова,+7(9010)93-09,1,кОРм длЯ СоБАк,1,410.57,89.43,cancelLEd,Ждём с нетерпением!,27.12.2024,0678977511988361
2030019237905,2024-12-20 16:03:45,МАРия ПЕТрова,+7(9010)93-09,1,КорМ дЛя СоБаК,1,449.17,50.83,CanceLLed,Ждём с нетерпением!,27.12.2024,0678977511988361
2030019236203,13.12.2024 07:43,алЕксей мИхАйЛов,8(9376) 55-45,2,иГРУШКа мЯЧ,1,243.14,56.86,CoMPlETed,Всё отлично!,18.12.2024,2987888394682548
2030019235926,2024/12/08 06:00:37,СЕрГей сИдоРоВ,8(9291) 00-39,2,ИГРуШКА мяч,1,278.85,21.15,prOCesSing,"Задержка с доставкой, печалька...",21.12.2024,8027398677513291
2030019235926,2024/12/08 06:00:37,СЕрГей сИдоРоВ,8(9291) 00-39,3,амуНицИя ДлЯ СОбак,2,2097.64,302.36,ProCEssIng,"Задержка с доставкой, печалька...",21.12.2024,8027398677513291
2030019235926,2024/12/08 06:00:37,СЕрГей сИдоРоВ,8(9291) 00-39,4,ПоДпиСкА НА газЕТу,3,1663.29,136.71,prOCEssING,"Задержка с доставкой, печалька...",21.12.2024,8027398677513291
2030019235926,2024/12/08 06:00:37,СЕрГей сИдоРоВ,8(9291) 00-39,1,кОРм ДЛя СоБак,1,435.75,64.25,pRocEsSIng,"Задержка с доставкой, печалька...",21.12.2024,8027398677513291
2030019235926,2024/12/08 06:00:37,СЕрГей сИдоРоВ,8(9291) 00-39,5,МолОко,1,2595.08,404.92,pROCeSsINg,"Задержка с доставкой, печалька...",21.12.2024,8027398677513291
2030019234487,22.12.2024 22:23,АлЕкСеЙ михайЛов,+7 9747 25 23,4,ПОдПиСКА на ГАзетУ,3,1781.12,18.88,CoMpLEtED,подарок вовремя,2024/12/18,6684188382036035
2030019234487,22.12.2024 22:23,АлЕкСеЙ михайЛов,+7 9747 25 23,2,ИГРуШКа мЯч,1,249.72,50.28,compLeted,подарок вовремя,2024/12/18,6684188382036035
2030019233218,2024/12/18 13:22:04,дМиТРИЙ КУЗнЕцОВ,+7(9137)97-45,5,моЛоКО,4,11449.02,550.98,CANCeLlED,Всё отлично!,2024-12-14,7584271074419933
2030019232815,2024/12/11 13:28:46,ИвАн иВАнов,8(9050) 87-98,3,АмУницИЯ Для СОбАк,4,4137.0,663.0,cOmPlETED,подарок вовремя,24.12.2024,0757313785897978
2030019232815,2024/12/11 13:28:46,ИвАн иВАнов,8(9050) 87-98,5,молоКо,3,7958.73,1041.27,CompLETED,подарок вовремя,24.12.2024,0757313785897978
2030019232815,2024/12/11 13:28:46,ИвАн иВАнов,8(9050) 87-98,2,ИГрушКа МЯЧ,1,250.9,49.1,cOMpleTed,подарок вовремя,24.12.2024,0757313785897978
2030019231277,13.12.2024 02:51,миХаил ОРЛов,8(9422) 71-74,1,Корм ДЛя соБак,5,2402.29,97.71,ProceSSiNg,Нужно уточнить сроки,2024/12/11,9306824393832346
2030019231277,13.12.2024 02:51,миХаил ОРЛов,8(9422) 71-74,1,кОрМ дЛя СобАК,4,1968.33,31.67,pROCEsSING,Нужно уточнить сроки,2024/12/11,9306824393832346
2030019230239,04.12.2024 17:33,мария ПЕТрОва,8(9639) 21-93,5,МОЛоКО,5,14729.35,270.65,COmPLEteD,спасибо за заказ,06.12.2024,9924065638580929
2030019229548,2024/12/08 21:53:12,МАРИя петРОвА,8(9516) 68-71,1,корм ДлЯ СОбАк,4,1653.64,346.36,pROcessINg,Нужно уточнить сроки,10.12.2024,7257169216501349
2030019229548,2024/12/08 21:53:12,МАРИя петРОвА,8(9516) 68-71,3,АмУНицИя дЛЯ СОбАк,3,3057.55,542.45,pROCEsSiNG,Нужно уточнить сроки,10.12.2024,7257169216501349
2030019229548,2024/12/08 21:53:12,МАРИя петРОвА,8(9516) 68-71,5,МОлокО,5,14963.1,36.9,PrOcessinG,Нужно уточнить сроки,10.12.2024,7257169216501349
2030019229548,2024/12/08 21:53:12,МАРИя петРОвА,8(9516) 68-71,4,пОДПИскА нА гАзеТУ,2,1073.83,126.17,proceSsInG,Нужно уточнить сроки,10.12.2024,7257169216501349
2030019228978,2024/12/09 05:34:36,АлеКСеЙ миХайлОв,8(9228) 46-89,1,КОрм дЛЯ сОбаК,1,450.07,49.93,CancEllEd,Проверить наличие,2024-12-06,3902271671202490
2030019228978,2024/12/09 05:34:36,АлеКСеЙ миХайлОв,8(9228) 46-89,4,поДпИСка на газеТУ,5,2660.87,339.13,CanceLled,Проверить наличие,2024-12-06,3902271671202490
2030019227908,2024/12/09 16:59:41,дМитРИЙ КУЗнЕцоВ,+7(9446)04-22,2,иГРУшКа мяЧ,3,787.29,112.71,PROcEsSing,Нужно уточнить сроки,28.12.2024,5306243413305675
2030019227908,2024/12/09 16:59:41,дМитРИЙ КУЗнЕцоВ,+7(9446)04-22,1,кОрМ дЛЯ соБак,1,410.3,89.7,PRocEssing,Нужно уточнить сроки,28.12.2024,5306243413305675
2030019227908,2024/12/09 16:59:41,дМитРИЙ КУЗнЕцоВ,+7(9446)04-22,2,ИГРУШка МяЧ,4,1124.02,75.98,PrOcesSINg,Нужно уточнить сроки,28.12.2024,5306243413305675
2030019227908,2024/12/09 16:59:41,дМитРИЙ КУЗнЕцоВ,+7(9446)04-22,1,корМ дЛЯ сОБАК,2,844.01,155.99,prOcEssing,Нужно уточнить сроки,28.12.2024,5306243413305675
2030019227908,2024/12/09 16:59:41,дМитРИЙ КУЗнЕцоВ,+7(9446)04-22,4,ПОдПИСКа нА газЕту,1,564.06,35.94,PROcEsSIng,Нужно уточнить сроки,28.12.2024,5306243413305675
2030019226215,26.12.2024 05:24,мАрИЯ петРова,+7(9913)90-03,5,МоЛоко,1,2764.71,235.29,CancELLeD,"Задержка с доставкой, печалька...",2024-12-23,8655673236382478
2030019226215,26.12.2024 05:24,мАрИЯ петРова,+7(9913)90-03,1,КОрм ДлЯ СОбАК,5,2125.46,374.54,canCElled,"Задержка с доставкой, печалька...",2024-12-23,8655673236382478
2030019226215,26.12.2024 05:24,мАрИЯ петРова,+7(9913)90-03,5,моЛокО,3,8865.19,134.81,cAncElLED,"Задержка с доставкой, печалька...",2024-12-23,8655673236382478
2030019226215,26.12.2024 05:24,мАрИЯ петРова,+7(9913)90-03,4,ПоДпИСкА На газеТу,2,1171.47,28.53,cANcELLEd,"Задержка с доставкой, печалька...",2024-12-23,8655673236382478
2030019225560,09.12.2024 11:28,сЕргЕЙ СИдОроВ,+7(9973)40-19,5,мОлокО,1,2770.7,229.3,CoMpLetEd,Нужно уточнить сроки,2024/12/05,9291665209951355
2030019225560,09.12.2024 11:28,сЕргЕЙ СИдОроВ,+7(9973)40-19,3,АмуницИя для сОбаК,2,2310.24,89.76,COMPleTed,Нужно уточнить сроки,2024/12/05,9291665209951355
2030019225560,09.12.2024 11:28,сЕргЕЙ СИдОроВ,+7(9973)40-19,5,молОкО,5,13279.98,1720.02,cOMPleteD,Нужно уточнить сроки,2024/12/05,9291665209951355
2030019225560,09.12.2024 11:28,сЕргЕЙ СИдОроВ,+7(9973)40-19,2,ИГРУШкА мЯч,4,1114.01,85.99,COMPleTED,Нужно уточнить сроки,2024/12/05,9291665209951355
2030019224805,2024/12/08 20:11:26,АлеКсеЙ мИхайлоВ,+7 9682 94 55,4,подпИска на ГАзЕТу,4,2331.16,68.84,PRoCeSsiNG,Нужно уточнить сроки,11.12.2024,3280901104268047
2030019224805,2024/12/08 20:11:26,АлеКсеЙ мИхайлоВ,+7 9682 94 55,2,иГРушка МяЧ,5,1327.09,172.91,PrOcESsinG,Нужно уточнить сроки,11.12.2024,3280901104268047
2030019224805,2024/12/08 20:11:26,АлеКсеЙ мИхайлоВ,+7 9682 94 55,5,молокО,3,7229.13,1770.87,pRoCEsSInG,Нужно уточнить сроки,11.12.2024,3280901104268047
2030019224805,2024/12/08 20:11:26,АлеКсеЙ мИхайлоВ,+7 9682 94 55,4,подпиСКа На ГаЗету,2,1190.71,9.29,pRoCeSSiNg,Нужно уточнить сроки,11.12.2024,3280901104268047
2030019224805,2024/12/08 20:11:26,АлеКсеЙ мИхайлоВ,+7 9682 94 55,2,иГРУШКА мЯч,1,267.56,32.44,pROcEssiNG,Нужно уточнить сроки,11.12.2024,3280901104268047
2030019223495,2024/12/12 09:29:19,иваН ивАНОВ,+7 9261 21 02,1,кОрМ дЛЯ собаК,4,1744.58,255.42,CAncElleD,Ждём с нетерпением!,06.12.2024,8967149206621428
2030019223495,2024/12/12 09:29:19,иваН ивАНОВ,+7 9261 21 02,1,корМ дЛя СОбАК,5,2120.6,379.4,CANCeLLeD,Ждём с нетерпением!,06.12.2024,8967149206621428
2030019223495,2024/12/12 09:29:19,иваН ивАНОВ,+7 9261 21 02,5,МоЛОко,3,8157.22,842.78,CaNCelLed,Ждём с нетерпением!,06.12.2024,8967149206621428
2030019223495,2024/12/12 09:29:19,иваН ивАНОВ,+7 9261 21 02,1,кОрм дЛЯ СОбАК,5,2042.5,457.5,CANCelLed,Ждём с нетерпением!,06.12.2024,8967149206621428
2030019222285,2024/12/15 08:29:04,СЕРгеЙ СИдОров,8(9034) 40-30,5,МОЛоКО,3,7839.65,1160.35,CAncElLEd,Проверить наличие,2024-12-18,0523418549828235
2030019222285,2024/12/15 08:29:04,СЕРгеЙ СИдОров,8(9034) 40-30,3,АмУНиЦИя дЛя сОбак,5,5926.15,73.85,cAncELlED,Проверить наличие,2024-12-18,0523418549828235
2030019222285,2024/12/15 08:29:04,СЕРгеЙ СИдОров,8(9034) 40-30,2,ИгРушка мяч,1,282.2,17.8,CaNcElled,Проверить наличие,2024-12-18,0523418549828235
2030019222285,2024/12/15 08:29:04,СЕРгеЙ СИдОров,8(9034) 40-30,1,КорМ для Собак,2,914.22,85.78,CaNCELLED,Проверить наличие,2024-12-18,0523418549828235
2030019221296,2024/12/17 00:41:19,ивАН иВанОВ,+7(9156)14-87,5,молокО,4,10598.95,1401.05,CancELlED,"Задержка с доставкой, печалька...",2024/12/28,3477472090422044
2030019221296,2024/12/17 00:41:19,ивАН иВанОВ,+7(9156)14-87,4,ПоДПИскА на гАЗЕту,2,1116.92,83.08,CANCelled,"Задержка с доставкой, печалька...",2024/12/28,3477472090422044
2030019221296,2024/12/17 00:41:19,ивАН иВанОВ,+7(9156)14-87,2,иГРушкА МЯч,4,1179.19,20.81,CaNCelLED,"Задержка с доставкой, печалька...",2024/12/28,3477472090422044
2030019220958,2024/12/31 01:18:40,ОЛЬгА кУЗНЕЦоВа,+7 9515 54 51,5,МоЛоко,1,2800.35,199.65,ComPlEteD,подарок вовремя,2024-12-13,6535026258352747
2030019219344,2024-12-14 10:43:26,еЛЕНа НОВикова,+7 9982 31 09,5,МОлОко,2,5436.71,563.29,PrOCEssIng,"Задержка с доставкой, печалька...",2024-12-16,7124534590029185
2030019219344,2024-12-14 10:43:26,еЛЕНа НОВикова,+7 9982 31 09,5,молокО,1,2963.0,37.0,PRocessING,"Задержка с доставкой, печалька...",2024-12-16,7124534590029185
2030019219344,2024-12-14 10:43:26,еЛЕНа НОВикова,+7 9982 31 09,3,амУНИЦИЯ дЛЯ СОбак,4,4468.68,331.32,PrOceSsiNG,"Задержка с доставкой, печалька...",2024-12-16,7124534590029185
2030019219344,2024-12-14 10:43:26,еЛЕНа НОВикова,+7 9982 31 09,5,мОлОКО,3,7354.66,1645.34,prOCEssiNG,"Задержка с доставкой, печалька...",2024-12-16,7124534590029185
2030019218455,2024/12/28 01:04:25,дМиТрИй КуЗНЕцов,+7(9553)64-57,5,МолоКО,3,8190.4,809.6,procEsSiNG,"Задержка с доставкой, печалька...",2024-12-31,1746530550547057
2030019218455,2024/12/28 01:04:25,дМиТрИй КуЗНЕцов,+7(9553)64-57,2,иГруШКА Мяч,3,817.45,82.55,PRoceSsIng,"Задержка с доставкой, печалька...",2024-12-31,1746530550547057
2030019218455,2024/12/28 01:04:25,дМиТрИй КуЗНЕцов,+7(9553)64-57,4,подПиСкА на гАЗеТу,3,1691.69,108.31,proceSsinG,"Задержка с доставкой, печалька...",2024-12-31,1746530550547057
2030019218455,2024/12/28 01:04:25,дМиТрИй КуЗНЕцов,+7(9553)64-57,3,АМуНиция Для Собак,2,2162.06,237.94,pROCEsSiNg,"Задержка с доставкой, печалька...",2024-12-31,1746530550547057
2030019217139,29.12.2024 06:24,ОлЬГа КуЗНЕЦОВА,+7(9655)62-34,5,молоКо,3,7277.52,1722.48,cOMPLEtED,Проверить наличие,2024-12-28,1502117048344120
2030019217139,29.12.2024 06:24,ОлЬГа КуЗНЕЦОВА,+7(9655)62-34,4,поДпиСКА На ГазетУ,3,1732.11,67.89,compLeTED,Проверить наличие,2024-12-28,1502117048344120
2030019217139,29.12.2024 06:24,ОлЬГа КуЗНЕЦОВА,+7(9655)62-34,3,АмунИЦИЯ ДлЯ собаК,3,3158.8,441.2,ComplETEd,Проверить наличие,2024-12-28,1502117048344120
2030019217139,29.12.2024 06:24,ОлЬГа КуЗНЕЦОВА,+7(9655)62-34,5,МОлОко,4,10600.83,1399.17,cOmPleTeD,Проверить наличие,2024-12-28,1502117048344120
2030019217139,29.12.2024 06:24,ОлЬГа КуЗНЕЦОВА,+7(9655)62-34,1,корм для соБАк,2,977.02,22.98,cOMPLetED,Проверить наличие,2024-12-28,1502117048344120
2030019216894,08.12.2024 20:58,оЛьГа КУЗнецОВа,+7(9400)34-02,5,моЛоКо,5,13643.79,1356.21,prOCEsSINg,подарок вовремя,2024/12/08,5216172808171535
2030019216894,08.12.2024 20:58,оЛьГа КУЗнецОВа,+7(9400)34-02,4,подписКа нА ГАЗЕТу,5,2557.08,442.92,PrOcESSing,подарок вовремя,2024/12/08,5216172808171535
2030019216894,08.12.2024 20:58,оЛьГа КУЗнецОВа,+7(9400)34-02,2,игРУШКА МЯЧ,4,1186.02,13.98,PrOCeSSIng,подарок вовремя,2024/12/08,5216172808171535
2030019215721,2024-12-28 09:58:18,маРиЯ пЕтровА,+7 9200 61 83,2,ИгрУШКа мяч,1,275.33,24.67,coMPLeTEd,Проверить наличие,2024/12/12,9856231073344652
2030019215721,2024-12-28 09:58:18,маРиЯ пЕтровА,+7 9200 61 83,2,иГРушкА мяЧ,1,250.25,49.75,COmPlEtEd,Проверить наличие,2024/12/12,9856231073344652
2030019214722,2024/12/10 21:49:59,Анна СмирНоВа,+7(9644)25-54,4,ПОДпиСкА на ГАЗЕтУ,4,2143.2,256.8,prOcEsSinG,спасибо за заказ,2024/12/30,4162961807588092
2030019214722,2024/12/10 21:49:59,Анна СмирНоВа,+7(9644)25-54,1,коРМ ДЛЯ собак,4,1765.71,234.29,procesSING,спасибо за заказ,2024/12/30,4162961807588092
2030019213914,2024/12/12 22:34:26,МиХАил орлОВ,+7(9659)76-62,4,ПодписКА На газЕТу,2,1159.95,40.05,COmpletEd,Ждём с нетерпением!,2024/12/04,1410573870139232
2030019213914,2024/12/12 22:34:26,МиХАил орлОВ,+7(9659)76-62,5,МОлокО,3,8187.37,812.63,COmPLETED,Ждём с нетерпением!,2024/12/04,1410573870139232
2030019213914,2024/12/12 22:34:26,МиХАил орлОВ,+7(9659)76-62,3,АМунИЦия длЯ сОбАк,1,1191.48,8.52,COMpLEted,Ждём с нетерпением!,2024/12/04,1410573870139232
2030019213914,2024/12/12 22:34:26,МиХАил орлОВ,+7(9659)76-62,4,поДпиСКА НА гаЗеТу,3,1641.06,158.94,COMpLeTEd,Ждём с нетерпением!,2024/12/04,1410573870139232
2030019212426,2024-12-01 18:14:14,дМИТриЙ кУзнЕЦОв,+7(9649)99-63,3,амунИЦиЯ ДЛя СобаК,5,5763.43,236.57,comPLeteD,"Задержка с доставкой, печалька...",2024-12-11,7150001454914115
2030019211119,25.12.2024 15:57,мариЯ петРова,8(9638) 61-02,5,МОлоко,5,13813.29,1186.71,coMpleTed,Нужно уточнить сроки,2024/12/23,7036613278898167
2030019211119,25.12.2024 15:57,мариЯ петРова,8(9638) 61-02,2,ИгрУшкА мЯч,1,296.05,3.95,COMPLETeD,Нужно уточнить сроки,2024/12/23,7036613278898167
2030019211119,25.12.2024 15:57,мариЯ петРова,8(9638) 61-02,2,игрушка мяЧ,3,848.11,51.89,COmPlETeD,Нужно уточнить сроки,2024/12/23,7036613278898167
2030019210912,2024/12/14 19:25:41,НАтАлЬЯ ВАСИльЕва,+7 9580 49 79,3,амунИция дЛя СОбак,5,5035.71,964.29,canceLled,Проверить наличие,31.12.2024,4827232166228784
2030019210912,2024/12/14 19:25:41,НАтАлЬЯ ВАСИльЕва,+7 9580 49 79,3,АМУНиЦИя Для СОБак,1,1013.65,186.35,cAnCElLEd,Проверить наличие,31.12.2024,4827232166228784
2030019210912,2024/12/14 19:25:41,НАтАлЬЯ ВАСИльЕва,+7 9580 49 79,5,моЛОКО,5,12694.93,2305.07,cAncElLED,Проверить наличие,31.12.2024,4827232166228784
2030019209791,2024-12-07 06:49:03,МИХАИл орЛов,8(9216) 14-31,2,иГруШКа мЯч,2,484.3,115.7,CAnCelled,Проверить наличие,2024-12-07,9516714613017364
2030019208205,25.12.2024 07:08,ЕЛЕнА нОвикоВа,8(9984) 84-94,2,иГРУшКА МяЧ,1,271.45,28.55,CoMPLeTed,Ждём с нетерпением!,2024/12/16,8892229145644058
2030019208205,25.12.2024 07:08,ЕЛЕнА нОвикоВа,8(9984) 84-94,4,ПоДПиСКа На ГАзетУ,2,1062.75,137.25,cOmplEteD,Ждём с нетерпением!,2024/12/16,8892229145644058
2030019208205,25.12.2024 07:08,ЕЛЕнА нОвикоВа,8(9984) 84-94,5,МоЛоКо,4,11681.23,318.77,cOMpleTEd,Ждём с нетерпением!,2024/12/16,8892229145644058
2030019208205,25.12.2024 07:08,ЕЛЕнА нОвикоВа,8(9984) 84-94,1,КорМ Для сОбак,1,478.9,21.1,CoMPLETEd,Ждём с нетерпением!,2024/12/16,8892229145644058
2030019207562,2024/12/08 03:50:39,НаТАЛьЯ вАСИлЬева,8(9232) 87-79,3,АМУнИЦИя длЯ соБак,4,3931.81,868.19,COMpleted,спасибо за заказ,28.12.2024,8868625106242111
2030019207562,2024/12/08 03:50:39,НаТАЛьЯ вАСИлЬева,8(9232) 87-79,5,молоко,5,13722.25,1277.75,ComPLETED,спасибо за заказ,28.12.2024,8868625106242111
2030019206404,09.12.2024 01:49,дМиТриЙ кУзнецОв,+7(9507)06-90,5,молокО,4,11118.49,881.51,coMpLeteD,Всё отлично!,2024/12/14,4091494516722279
2030019206404,09.12.2024 01:49,дМиТриЙ кУзнецОв,+7(9507)06-90,5,МОлОкО,1,2679.65,320.35,cOmplEtEd,Всё отлично!,2024/12/14,4091494516722279
2030019206404,09.12.2024 01:49,дМиТриЙ кУзнецОв,+7(9507)06-90,1,коРМ длЯ СОБаК,1,495.46,4.54,CompLETEd,Всё отлично!,2024/12/14,4091494516722279
2030019206404,09.12.2024 01:49,дМиТриЙ кУзнецОв,+7(9507)06-90,4,ПОдПИСКа На гАЗЕту,4,2213.42,186.58,cOmPlETeD,Всё отлично!,2024/12/14,4091494516722279
2030019205971,2024/12/10 08:19:43,Иван ИваНОв,+7(9078)76-09,4,ПОдпиСка НА ГАЗетУ,5,2724.61,275.39,caNcelleD,спасибо за заказ,2024-12-16,4406047012420613
2030019205971,2024/12/10 08:19:43,Иван ИваНОв,+7(9078)76-09,5,МоЛоКо,2,5221.89,778.11,canCELlED,спасибо за заказ,2024-12-16,4406047012420613
2030019205971,2024/12/10 08:19:43,Иван ИваНОв,+7(9078)76-09,3,амУНиЦИя дЛя соБак,5,5278.04,721.96,CanCelLeD,спасибо за заказ,2024-12-16,4406047012420613
2030019205971,2024/12/10 08:19:43,Иван ИваНОв,+7(9078)76-09,3,АмуницИЯ ДЛЯ СобаК,2,2083.76,316.24,CAnCELLEd,спасибо за заказ,2024-12-16,4406047012420613
2030019205971,2024/12/10 08:19:43,Иван ИваНОв,+7(9078)76-09,1,корм длЯ СОбАк,4,1882.91,117.09,CANcElleD,спасибо за заказ,2024-12-16,4406047012420613
2030019204139,2024-12-13 04:03:13,ОлЬга кузнЕцОвА,8(9397) 01-83,2,игрУшКА МЯЧ,3,868.65,31.35,canCellED,подарок вовремя,2024-12-29,5938142233531751
2030019204139,2024-12-13 04:03:13,ОлЬга кузнЕцОвА,8(9397) 01-83,1,кОрМ длЯ СОБАк,4,1867.27,132.73,CancElLED,подарок вовремя,2024-12-29,5938142233531751
2030019204139,2024-12-13 04:03:13,ОлЬга кузнЕцОвА,8(9397) 01-83,1,кОрм длЯ соБАК,4,1622.71,377.29,CANcelLEd,подарок вовремя,2024-12-29,5938142233531751
2030019204139,2024-12-13 04:03:13,ОлЬга кузнЕцОвА,8(9397) 01-83,1,корм длЯ соБАк,3,1300.31,199.69,cancEllEd,подарок вовремя,2024-12-29,5938142233531751
2030019203821,2024-12-11 20:06:28,ДмиТРий КУзНЕцоВ,8(9014) 66-67,2,ИгрушкА мяч,1,284.64,15.36,CAnCelLEd,Нужно уточнить сроки,2024/12/13,4487653037049460
2030019203821,2024-12-11 20:06:28,ДмиТРий КУзНЕцоВ,8(9014) 66-67,1,Корм ДЛя собАк,3,1341.24,158.76,cANCELLeD,Нужно уточнить сроки,2024/12/13,4487653037049460
2030019203821,2024-12-11 20:06:28,ДмиТРий КУзНЕцоВ,8(9014) 66-67,5,молОКО,2,5153.03,846.97,CancELLED,Нужно уточнить сроки,2024/12/13,4487653037049460
2030019203821,2024-12-11 20:06:28,ДмиТРий КУзНЕцоВ,8(9014) 66-67,5,МОЛоКО,2,5829.44,170.56,CaNcellED,Нужно уточнить сроки,2024/12/13,4487653037049460
2030019202791,2024/12/20 06:49:35,сергЕй сИДоРоВ,+7(9800)56-07,3,аМУнИцИя дЛя СобАК,3,3223.53,376.47,cancellEd,Нужно уточнить сроки,12.12.2024,5548775329804557
2030019202791,2024/12/20 06:49:35,сергЕй сИДоРоВ,+7(9800)56-07,1,кОРм ДЛя СОБАК,3,1289.23,210.77,CaNCelleD,Нужно уточнить сроки,12.12.2024,5548775329804557
2030019202791,2024/12/20 06:49:35,сергЕй сИДоРоВ,+7(9800)56-07,5,мОлоко,1,2434.87,565.13,cANcEllED,Нужно уточнить сроки,12.12.2024,5548775329804557
2030019201750,2024/12/07 08:11:48,анна сМирнОВА,+7(9128)29-37,3,аМУНИцИя ДлЯ сОБак,5,5697.95,302.05,PROcesSING,Проверить наличие,2024-12-22,5518096893252346
2030019201750,2024/12/07 08:11:48,анна сМирнОВА,+7(9128)29-37,5,мОЛОко,1,2418.18,581.82,ProcEssIng,Проверить наличие,2024-12-22,5518096893252346
2030019201750,2024/12/07 08:11:48,анна сМирнОВА,+7(9128)29-37,4,ПодПисКА на ГАзЕТу,1,576.99,23.01,ProCeSSinG,Проверить наличие,2024-12-22,5518096893252346
2030019200315,2024-12-24 06:38:44,анНа СмиРнОвА,+7(9396)99-45,4,пОдпИСКа НА ГАЗЕтУ,4,2394.08,5.92,compleTed,подарок вовремя,2024-12-20,1910389721240117
2030019200315,2024-12-24 06:38:44,анНа СмиРнОвА,+7(9396)99-45,5,МОлОко,2,5621.87,378.13,CoMpLeTEd,подарок вовремя,2024-12-20,1910389721240117
2030019200315,2024-12-24 06:38:44,анНа СмиРнОвА,+7(9396)99-45,2,игРУШка мЯЧ,2,495.02,104.98,COmpleTed,подарок вовремя,2024-12-20,1910389721240117
2030019455741,2024-12-28 17:59:55,ОЛЬга кузНеЦОВА,8(9108) 64-39,2,ИгРУШКа мяЧ,1,299.17,0.83,PROcESsIng,Нужно уточнить сроки,23.12.2024,1074230097366352
2030019455741,2024-12-28 17:59:55,ОЛЬга кузНеЦОВА,8(9108) 64-39,5,МОлоко,5,13091.66,1908.34,pRoCeSSiNg,Нужно уточнить сроки,23.12.2024,1074230097366352
2030019455741,2024-12-28 17:59:55,ОЛЬга кузНеЦОВА,8(9108) 64-39,3,аМУнИЦия ДЛя СОбАк,3,3324.73,275.27,proCEsSIng,Нужно уточнить сроки,23.12.2024,1074230097366352
2030019455741,2024-12-28 17:59:55,ОЛЬга кузНеЦОВА,8(9108) 64-39,5,МоЛокО,3,8764.8,235.2,pRocEsSInG,Нужно уточнить сроки,23.12.2024,1074230097366352
2030019455741,2024-12-28 17:59:55,ОЛЬга кузНеЦОВА,8(9108) 64-39,3,аМУНициЯ ДлЯ СобАк,3,3089.09,510.91,proCesSInG,Нужно уточнить сроки,23.12.2024,1074230097366352
2030019454528,09.12.2024 14:45,НАталья вАСИЛьЕВА,8(9708) 41-87,3,АмунИЦИЯ дЛя сОбАк,1,1183.19,16.81,pROCeSSinG,Всё отлично!,29.12.2024,8625345378693849
2030019454528,09.12.2024 14:45,НАталья вАСИЛьЕВА,8(9708) 41-87,2,иГРуШКа МЯч,2,528.78,71.22,pRocEsSIng,Всё отлично!,29.12.2024,8625345378693849
2030019454528,09.12.2024 14:45,НАталья вАСИЛьЕВА,8(9708) 41-87,1,КОРм Для СобАк,5,2290.49,209.51,ProceSSiNG,Всё отлично!,29.12.2024,8625345378693849
2030019453175,2024/12/29 05:48:19,сЕРгеЙ сидОРОВ,8(9181) 86-51,2,ИгрУшКа мяч,2,533.25,66.75,ProCEssiNg,Нужно уточнить сроки,2024-12-04,5721096374934080
2030019453175,2024/12/29 05:48:19,сЕРгеЙ сидОРОВ,8(9181) 86-51,3,амУНИция дЛЯ соБАк,3,3392.06,207.94,pRoCesSIng,Нужно уточнить сроки,2024-12-04,5721096374934080
2030019453175,2024/12/29 05:48:19,сЕРгеЙ сидОРОВ,8(9181) 86-51,1,КОРМ длЯ СОБАК,5,2479.45,20.55,pROceSsINg,Нужно уточнить сроки,2024-12-04,5721096374934080
2030019453175,2024/12/29 05:48:19,сЕРгеЙ сидОРОВ,8(9181) 86-51,1,Корм ДЛЯ СОБаК,2,941.35,58.65,proCESSInG,Нужно уточнить сроки,2024-12-04,5721096374934080
2030019452923,2024-12-12 03:27:30,сЕрГЕЙ СиДоРОв,+7 9556 63 65,3,АмуНиЦия ДлЯ СОБАк,4,4336.95,463.05,pRoCeSsiNg,Нужно уточнить сроки,12.12.2024,7951158244639106
2030019452923,2024-12-12 03:27:30,сЕрГЕЙ СиДоРОв,+7 9556 63 65,4,ПоДпИСка НА ГАЗЕТу,4,2025.9,374.1,ProceSsiNG,Нужно уточнить сроки,12.12.2024,7951158244639106
2030019451121,21.12.2024 20:48,ДМИтРИй КуЗнЕЦов,+7(9013)45-96,5,МолОкО,1,2640.13,359.87,cOMPlEtED,Всё отлично!,2024/12/31,2958793856769502
2030019451121,21.12.2024 20:48,ДМИтРИй КуЗнЕЦов,+7(9013)45-96,2,игРУшкА мяЧ,5,1216.29,283.71,COmpLEtEd,Всё отлично!,2024/12/31,2958793856769502
2030019451121,21.12.2024 20:48,ДМИтРИй КуЗнЕЦов,+7(9013)45-96,4,ПоДПисКА на гАЗЕТу,2,1061.42,138.58,compleTed,Всё отлично!,2024/12/31,2958793856769502
2030019451121,21.12.2024 20:48,ДМИтРИй КуЗнЕЦов,+7(9013)45-96,5,мОлОКО,1,2901.35,98.65,coMPleTEd,Всё отлично!,2024/12/31,2958793856769502
2030019450110,2024/12/17 11:16:04,натаЛьЯ ваСильЕва,+7 9159 36 28,1,КОРм ДлЯ соБАК,5,2050.11,449.89,pROCEsSing,подарок вовремя,2024-12-05,3614066367807714
2030019449800,2024-12-23 16:30:17,иВАН ИВАНОВ,8(9736) 13-00,2,иГРушка мяЧ,4,1125.74,74.26,CaNcEllED,Всё отлично!,2024/12/01,9187862351697510
2030019449800,2024-12-23 16:30:17,иВАН ИВАНОВ,8(9736) 13-00,5,МОлОко,3,8262.61,737.39,CancELleD,Всё отлично!,2024/12/01,9187862351697510
2030019449800,2024-12-23 16:30:17,иВАН ИВАНОВ,8(9736) 13-00,4,ПОдписКА НА ГАЗеТу,3,1472.78,327.22,CANCeLleD,Всё отлично!,2024/12/01,9187862351697510
2030019449800,2024-12-23 16:30:17,иВАН ИВАНОВ,8(9736) 13-00,1,КОрМ ДЛя сОбак,5,2143.98,356.02,canCelLEd,Всё отлично!,2024/12/01,9187862351697510
2030019448757,27.12.2024 15:49,сЕРгеЙ СиДОРоВ,+7(9825)87-01,4,подПИсКа На ГАзЕТу,4,2050.89,349.11,ProCeSSIng,Проверить наличие,2024-12-11,4695966877853404
2030019447889,2024-12-06 21:21:26,миХАИЛ оРЛоВ,+7 9039 74 17,4,подПиСкА На гАЗЕту,5,2416.29,583.71,cOMPLEtEd,спасибо за заказ,2024/12/10,7313916901646572
2030019446454,2024-12-14 17:17:23,НАТАЛЬЯ ВАСиЛЬЕВа,+7 9239 34 43,3,АМунИЦия для сОбаК,4,3964.28,835.72,coMPlETed,Нужно уточнить сроки,2024-12-22,0750136655545021
2030019446454,2024-12-14 17:17:23,НАТАЛЬЯ ВАСиЛЬЕВа,+7 9239 34 43,5,МОЛОко,3,7653.55,1346.45,completEd,Нужно уточнить сроки,2024-12-22,0750136655545021
2030019446454,2024-12-14 17:17:23,НАТАЛЬЯ ВАСиЛЬЕВа,+7 9239 34 43,4,пОДПИСкА нА газЕТУ,2,1177.06,22.94,cOMPlETeD,Нужно уточнить сроки,2024-12-22,0750136655545021
2030019445398,2024-12-24 05:29:24,дМИТрий куЗНЕЦОв,+7 9914 02 25,4,ПОДПиска НА ГАзЕТу,4,2114.49,285.51,ComPlETeD,"Задержка с доставкой, печалька...",2024-12-27,7656689101103045
2030019445398,2024-12-24 05:29:24,дМИТрий куЗНЕЦОв,+7 9914 02 25,2,иГрУШка Мяч,4,983.8,216.2,coMPleTED,"Задержка с доставкой, печалька...",2024-12-27,7656689101103045
2030019445398,2024-12-24 05:29:24,дМИТрий куЗНЕЦОв,+7 9914 02 25,1,КОрм ДЛя СобаК,1,460.92,39.08,COmplETEd,"Задержка с доставкой, печалька...",2024-12-27,7656689101103045
2030019445398,2024-12-24 05:29:24,дМИТрий куЗНЕЦОв,+7 9914 02 25,3,АМуНИЦИЯ для СОбАК,4,4077.59,722.41,cOmPLeted,"Задержка с доставкой, печалька...",2024-12-27,7656689101103045
2030019445398,2024-12-24 05:29:24,дМИТрий куЗНЕЦОв,+7 9914 02 25,2,иГрУшКА мЯЧ,2,577.97,22.03,comPleteD,"Задержка с доставкой, печалька...",2024-12-27,7656689101103045
2030019444746,2024-12-13 20:05:36,Анна сМирНовА,8(9416) 90-89,5,моЛОкО,4,10326.24,1673.76,PROCeSsIng,Нужно уточнить сроки,2024/12/09,0846339937542726
2030019444746,2024-12-13 20:05:36,Анна сМирНовА,8(9416) 90-89,1,КоРМ ДЛя сОБАк,3,1379.38,120.62,prOcESSING,Нужно уточнить сроки,2024/12/09,0846339937542726
2030019443379,2024/12/13 23:51:43,оЛЬГа кУзНЕцова,+7(9496)02-08,3,АмУниЦИЯ Для СоБАК,1,1038.48,161.52,cOMPlEteD,Проверить наличие,2024/12/20,1743165015200541
2030019442276,2024/12/01 10:35:12,оЛЬга КУзНЕцОвА,+7(9059)17-73,2,ИГРуШКа мЯЧ,3,848.1,51.9,proCEsSInG,"Задержка с доставкой, печалька...",02.12.2024,3023582725562389
2030019442276,2024/12/01 10:35:12,оЛЬга КУзНЕцОвА,+7(9059)17-73,2,ИгрУшКа Мяч,4,1103.24,96.76,pROCESsinG,"Задержка с доставкой, печалька...",02.12.2024,3023582725562389
2030019442276,2024/12/01 10:35:12,оЛЬга КУзНЕцОвА,+7(9059)17-73,1,КоРм дЛя СОБак,5,2467.83,32.17,pROceSSIng,"Задержка с доставкой, печалька...",02.12.2024,3023582725562389
2030019442276,2024/12/01 10:35:12,оЛЬга КУзНЕцОвА,+7(9059)17-73,1,КОРМ ДЛЯ Собак,3,1247.77,252.23,proCeSsInG,"Задержка с доставкой, печалька...",02.12.2024,3023582725562389
2030019442276,2024/12/01 10:35:12,оЛЬга КУзНЕцОвА,+7(9059)17-73,5,МОлОкО,5,14717.35,282.65,pRocesSING,"Задержка с доставкой, печалька...",02.12.2024,3023582725562389
2030019441873,2024-12-22 14:34:11,аЛЕксЕЙ МихАЙлов,8(9303) 67-60,4,пОдПИскА на гАЗЕтУ,4,1964.65,435.35,CancElled,Ждём с нетерпением!,27.12.2024,4319272333803947
2030019441873,2024-12-22 14:34:11,аЛЕксЕЙ МихАЙлов,8(9303) 67-60,2,ИгРуШкА мяч,1,244.89,55.11,cANCEllEd,Ждём с нетерпением!,27.12.2024,4319272333803947
2030019441873,2024-12-22 14:34:11,аЛЕксЕЙ МихАЙлов,8(9303) 67-60,2,иГРушка мяч,5,1421.11,78.89,CancelLed,Ждём с нетерпением!,27.12.2024,4319272333803947
2030019441873,2024-12-22 14:34:11,аЛЕксЕЙ МихАЙлов,8(9303) 67-60,1,КоРМ Для собАк,2,878.51,121.49,canceLleD,Ждём с нетерпением!,27.12.2024,4319272333803947
2030019440386,13.12.2024 10:36,НАтАлья ВАсилЬЕва,8(9592) 29-77,5,МолоКо,4,10470.56,1529.44,coMPleteD,подарок вовремя,17.12.2024,8326115893580361
2030019440386,13.12.2024 10:36,НАтАлья ВАсилЬЕва,8(9592) 29-77,3,АМуниция Для СобаК,2,2236.3,163.7,cOMpleTED,подарок вовремя,17.12.2024,8326115893580361
2030019440386,13.12.2024 10:36,НАтАлья ВАсилЬЕва,8(9592) 29-77,2,ИгруШкА мЯЧ,3,756.37,143.63,COMpleTEd,подарок вовремя,17.12.2024,8326115893580361
2030019440386,13.12.2024 10:36,НАтАлья ВАсилЬЕва,8(9592) 29-77,4,пОДПИСка на ГазетУ,4,1978.09,421.91,complEted,подарок вовремя,17.12.2024,8326115893580361
2030019440386,13.12.2024 10:36,НАтАлья ВАсилЬЕва,8(9592) 29-77,4,ПодпИска нА гАзетУ,3,1796.39,3.61,coMpleteD,подарок вовремя,17.12.2024,8326115893580361
2030019439605,2024-12-06 02:58:23,сЕРГЕЙ СИдорОв,+7 9477 32 40,4,ПодпИСКА на гаЗЕтУ,3,1621.91,178.09,CoMpLETeD,спасибо за заказ,2024/12/06,2785191976034264
2030019439605,2024-12-06 02:58:23,сЕРГЕЙ СИдорОв,+7 9477 32 40,2,иГРУШка МЯч,3,837.68,62.32,COmPlETED,спасибо за заказ,2024/12/06,2785191976034264
2030019439605,2024-12-06 02:58:23,сЕРГЕЙ СИдорОв,+7 9477 32 40,2,ИгРУШка МЯЧ,2,513.8,86.2,COmpLeteD,спасибо за заказ,2024/12/06,2785191976034264
2030019439605,2024-12-06 02:58:23,сЕРГЕЙ СИдорОв,+7 9477 32 40,5,МоЛОко,3,7675.23,1324.77,cOmplETed,спасибо за заказ,2024/12/06,2785191976034264
2030019439605,2024-12-06 02:58:23,сЕРГЕЙ СИдорОв,+7 9477 32 40,4,ПОДписКа на гАЗЕТу,4,1987.01,412.99,cOMPLeTeD,спасибо за заказ,2024/12/06,2785191976034264
2030019438788,22.12.2024 19:54,мАРИя пЕтРоВА,+7 9788 49 39,1,КоРм длЯ соБак,1,401.21,98.79,caNcellED,Всё отлично!,2024-12-12,1425428682981434
2030019438788,22.12.2024 19:54,мАРИя пЕтРоВА,+7 9788 49 39,3,амунИциЯ ДлЯ СОбаК,2,1996.16,403.84,CanceLleD,Всё отлично!,2024-12-12,1425428682981434
2030019438788,22.12.2024 19:54,мАРИя пЕтРоВА,+7 9788 49 39,3,амУнИЦиЯ ДлЯ СОбАк,4,4358.05,441.95,cANcELled,Всё отлично!,2024-12-12,1425428682981434
2030019438788,22.12.2024 19:54,мАРИя пЕтРоВА,+7 9788 49 39,5,МОЛОКО,5,12183.36,2816.64,CANcELLeD,Всё отлично!,2024-12-12,1425428682981434
2030019438788,22.12.2024 19:54,мАРИя пЕтРоВА,+7 9788 49 39,1,КоРм дЛя соБаК,5,2142.27,357.73,CanCelleD,Всё отлично!,2024-12-12,1425428682981434
2030019437479,2024-12-04 02:54:18,елЕнА НОВиКОва,+7(9019)21-95,5,молОКО,5,13246.52,1753.48,PROcESSiNg,Всё отлично!,16.12.2024,2681438445688635
2030019437479,2024-12-04 02:54:18,елЕнА НОВиКОва,+7(9019)21-95,2,иГРуШКа мЯЧ,5,1346.07,153.93,PrOcESSInG,Всё отлично!,16.12.2024,2681438445688635
2030019437479,2024-12-04 02:54:18,елЕнА НОВиКОва,+7(9019)21-95,5,моЛоко,5,13779.95,1220.05,PRoCeSsiNg,Всё отлично!,16.12.2024,2681438445688635
2030019436579,2024-12-26 16:38:04,ивАн ИванОв,8(9907) 94-01,3,амуНИцИЯ Для соБак,4,4236.73,563.27,CoMPLeteD,Нужно уточнить сроки,2024-12-11,0821816391715378
2030019436579,2024-12-26 16:38:04,ивАн ИванОв,8(9907) 94-01,3,аМУнИция ДлЯ Собак,4,4596.66,203.34,cOMPlETed,Нужно уточнить сроки,2024-12-11,0821816391715378
2030019435698,2024-12-24 09:39:47,ЕЛЕНА нОВИкова,+7(9812)89-82,5,мОлОКО,1,2470.75,529.25,compleTeD,подарок вовремя,2024-12-04,2019245070875273
2030019435698,2024-12-24 09:39:47,ЕЛЕНА нОВИкова,+7(9812)89-82,1,кОрм для СОбаК,3,1301.5,198.5,cOMPLETeD,подарок вовремя,2024-12-04,2019245070875273
2030019435698,2024-12-24 09:39:47,ЕЛЕНА нОВИкова,+7(9812)89-82,1,кОрм для собак,3,1249.41,250.59,cOmpLEtEd,подарок вовремя,2024-12-04,2019245070875273
2030019435698,2024-12-24 09:39:47,ЕЛЕНА нОВИкова,+7(9812)89-82,2,ИгРушКА МЯЧ,4,1066.47,133.53,CoMpLeteD,подарок вовремя,2024-12-04,2019245070875273
2030019434461,10.12.2024 02:36,анНА СМиРновА,+7(9814)58-35,1,коРМ ДЛя СобАк,2,816.84,183.16,proCessINg,Проверить наличие,2024/12/27,6877656015500934
2030019434461,10.12.2024 02:36,анНА СМиРновА,+7(9814)58-35,5,МоЛОКо,2,5768.25,231.75,procesSING,Проверить наличие,2024/12/27,6877656015500934
2030019434461,10.12.2024 02:36,анНА СМиРновА,+7(9814)58-35,3,амУНИцИя дЛЯ СОбАК,1,1097.32,102.68,PrOcesSIng,Проверить наличие,2024/12/27,6877656015500934
2030019434461,10.12.2024 02:36,анНА СМиРновА,+7(9814)58-35,2,ИгРУШКА мяч,2,482.72,117.28,ProcesSing,Проверить наличие,2024/12/27,6877656015500934
2030019433242,2024/12/28 09:18:39,МарИЯ ПеТрова,+7(9451)11-86,4,ПОДПИСка на гаЗетУ,3,1499.98,300.02,cOMpletEd,Ждём с нетерпением!,2024/12/05,0060551396849636
2030019433242,2024/12/28 09:18:39,МарИЯ ПеТрова,+7(9451)11-86,1,кОРм Для сОбаК,2,973.18,26.82,CoMpLeted,Ждём с нетерпением!,2024/12/05,0060551396849636
2030019432370,17.12.2024 19:06,сеРГей СидоРОв,8(9690) 16-03,1,корм ДЛЯ собак,3,1306.27,193.73,CANcellED,Ждём с нетерпением!,2024/12/18,0692545952090064
2030019432370,17.12.2024 19:06,сеРГей СидоРОв,8(9690) 16-03,5,молоКО,5,12559.89,2440.11,cAnCelLED,Ждём с нетерпением!,2024/12/18,0692545952090064
2030019432370,17.12.2024 19:06,сеРГей СидоРОв,8(9690) 16-03,3,амуниция ДЛя соБак,4,4777.41,22.59,cAncELlEd,Ждём с нетерпением!,2024/12/18,0692545952090064
2030019432370,17.12.2024 19:06,сеРГей СидоРОв,8(9690) 16-03,1,корМ дЛя сОбАк,2,989.15,10.85,CAnceLled,Ждём с нетерпением!,2024/12/18,0692545952090064
2030019431622,2024/12/10 13:26:53,елеНА новИКОВа,8(9970) 20-85,4,ПодПиСКа нА ГазеТУ,2,1151.38,48.62,CoMpleTed,"Задержка с доставкой, печалька...",25.12.2024,4803352868956830
2030019431622,2024/12/10 13:26:53,елеНА новИКОВа,8(9970) 20-85,2,игРуШка мЯЧ,4,1014.47,185.53,cOmPlEted,"Задержка с доставкой, печалька...",25.12.2024,4803352868956830
2030019431622,2024/12/10 13:26:53,елеНА новИКОВа,8(9970) 20-85,2,игРУШКа мЯч,2,482.04,117.96,CoMplEtED,"Задержка с доставкой, печалька...",25.12.2024,4803352868956830
2030019431622,2024/12/10 13:26:53,елеНА новИКОВа,8(9970) 20-85,5,мОлоКо,1,2771.47,228.53,cOMPlETED,"Задержка с доставкой, печалька...",25.12.2024,4803352868956830
2030019431622,2024/12/10 13:26:53,елеНА новИКОВа,8(9970) 20-85,3,аМУНИцИЯ ДЛЯ СобАк,3,3448.76,151.24,CompLeTED,"Задержка с доставкой, печалька...",25.12.2024,4803352868956830
2030019430470,2024/12/21 13:29:15,ОЛЬга КузнЕцова,+7 9806 25 97,3,амУНиЦИЯ дЛя собак,4,4736.3,63.7,CoMpletEd,Всё отлично!,2024-12-10,5795554890794510
2030019430470,2024/12/21 13:29:15,ОЛЬга КузнЕцова,+7 9806 25 97,4,пОДпИсКа нА ГАзЕТу,2,1190.33,9.67,CoMpLeTED,Всё отлично!,2024-12-10,5795554890794510
2030019429547,2024/12/24 04:06:32,АЛексЕЙ миХайЛов,+7(9010)61-78,1,КОрМ для собак,2,864.17,135.83,PRoCesSInG,Всё отлично!,02.12.2024,4192549369933008
2030019429547,2024/12/24 04:06:32,АЛексЕЙ миХайЛов,+7(9010)61-78,4,ПодпиСКа НА ГаЗЕТу,3,1778.92,21.08,pRoCEsSiNg,Всё отлично!,02.12.2024,4192549369933008
2030019428802,2024/12/24 03:31:43,МАрИя ПетРоВа,8(9052) 32-06,3,АМуНиЦИЯ для собАК,5,5397.94,602.06,cOMPleted,Ждём с нетерпением!,2024/12/10,5371725492633096
2030019427587,2024-12-02 01:10:29,НаТАЛьЯ ваСИльЕвА,8(9637) 45-96,2,игрушкА МяЧ,3,809.18,90.82,PRoCessInG,Ждём с нетерпением!,05.12.2024,9196748389265438
2030019427587,2024-12-02 01:10:29,НаТАЛьЯ ваСИльЕвА,8(9637) 45-96,2,ИгрУШКа МяЧ,3,783.3,116.7,PROCeSsIng,Ждём с нетерпением!,05.12.2024,9196748389265438
2030019427587,2024-12-02 01:10:29,НаТАЛьЯ ваСИльЕвА,8(9637) 45-96,1,Корм ДЛя собАК,4,1934.92,65.08,PrOCessiNg,Ждём с нетерпением!,05.12.2024,9196748389265438
2030019426312,25.12.2024 08:05,Анна сМИрНова,+7(9684)34-95,1,КоРМ ДЛя собак,3,1461.24,38.76,CANcELlEd,Всё отлично!,2024-12-25,1390762167151906
2030019426312,25.12.2024 08:05,Анна сМИрНова,+7(9684)34-95,1,кОрм Для СОбАк,5,2383.15,116.85,caNcelLED,Всё отлично!,2024-12-25,1390762167151906
2030019426312,25.12.2024 08:05,Анна сМИрНова,+7(9684)34-95,1,КорМ ДЛЯ СОбАк,2,839.69,160.31,CAnCELled,Всё отлично!,2024-12-25,1390762167151906
2030019426312,25.12.2024 08:05,Анна сМИрНова,+7(9684)34-95,4,ПодпИСКа на ГАЗетУ,4,2377.81,22.19,cancElLeD,Всё отлично!,2024-12-25,1390762167151906
2030019425845,2024/12/17 19:35:55,олЬгА КУЗНеЦова,8(9475) 67-78,3,АмУниЦИЯ длЯ СОбаК,2,2008.1,391.9,prOCeSSinG,Нужно уточнить сроки,2024/12/13,9471341831168916
2030019425845,2024/12/17 19:35:55,олЬгА КУЗНеЦова,8(9475) 67-78,5,МОЛОКо,4,11524.23,475.77,PrOcEsSiNG,Нужно уточнить сроки,2024/12/13,9471341831168916
2030019425845,2024/12/17 19:35:55,олЬгА КУЗНеЦова,8(9475) 67-78,5,МоЛОКо,3,8101.17,898.83,PROCESSInG,Нужно уточнить сроки,2024/12/13,9471341831168916
2030019425845,2024/12/17 19:35:55,олЬгА КУЗНеЦова,8(9475) 67-78,1,корМ ДЛя собак,4,1600.24,399.76,pRoCeSSINg,Нужно уточнить сроки,2024/12/13,9471341831168916
2030019425845,2024/12/17 19:35:55,олЬгА КУЗНеЦова,8(9475) 67-78,3,АмУНиЦия ДлЯ СобАК,5,5620.17,379.83,PRoCeSsiNG,Нужно уточнить сроки,2024/12/13,9471341831168916
2030019424497,2024/12/01 07:44:58,маРия ПЕтрОва,8(9975) 99-66,3,амУнициЯ длЯ сОБак,2,2175.99,224.01,pRocESSinG,спасибо за заказ,2024-12-20,0046986300828509
2030019424497,2024/12/01 07:44:58,маРия ПЕтрОва,8(9975) 99-66,4,ПОдписка НА гАзеТу,2,1125.56,74.44,ProcESsing,спасибо за заказ,2024-12-20,0046986300828509
2030019424497,2024/12/01 07:44:58,маРия ПЕтрОва,8(9975) 99-66,5,МОлоКо,5,12502.55,2497.45,PrOcESSIng,спасибо за заказ,2024-12-20,0046986300828509
2030019424497,2024/12/01 07:44:58,маРия ПЕтрОва,8(9975) 99-66,4,поДПиСка на ГаЗетУ,2,1172.05,27.95,PROCeSSiNg,спасибо за заказ,2024-12-20,0046986300828509
2030019424497,2024/12/01 07:44:58,маРия ПЕтрОва,8(9975) 99-66,3,АмуНиция длЯ соБАК,4,4582.28,217.72,prOCEsSing,спасибо за заказ,2024-12-20,0046986300828509
2030019423999,2024/12/25 12:22:29,иВан ИВанОв,+7(9184)26-64,5,МолОко,3,7234.5,1765.5,PRoceSSing,Нужно уточнить сроки,24.12.2024,8334418237811614
2030019423999,2024/12/25 12:22:29,иВан ИВанОв,+7(9184)26-64,4,пОДПИсКА нА газетУ,5,2985.49,14.51,proceSSInG,Нужно уточнить сроки,24.12.2024,8334418237811614
2030019422629,2024/12/19 05:54:48,нАТАлЬя ВасилЬЕВА,8(9973) 35-39,5,МолОко,4,9870.87,2129.13,pROceSsInG,спасибо за заказ,26.12.2024,9973518177226820
2030019421659,01.12.2024 14:34,сеРГей СИДоРоВ,+7(9913)06-73,2,ИГРушКА Мяч,3,770.91,129.09,CancelLed,Всё отлично!,21.12.2024,1835230472057286
2030019421659,01.12.2024 14:34,сеРГей СИДоРоВ,+7(9913)06-73,3,АмУниция для сОБАк,5,5341.41,658.59,cANCELleD,Всё отлично!,21.12.2024,1835230472057286
2030019420683,2024-12-26 18:25:54,дмИТРий КуЗнеЦов,8(9055) 20-09,2,игРУшКА Мяч,4,1185.36,14.64,ProcESsINg,подарок вовремя,2024-12-29,2965274695429300
2030019420683,2024-12-26 18:25:54,дмИТРий КуЗнеЦов,8(9055) 20-09,4,ПоДПисКА На Газету,1,559.98,40.02,ProCeSSING,подарок вовремя,2024-12-29,2965274695429300
2030019420683,2024-12-26 18:25:54,дмИТРий КуЗнеЦов,8(9055) 20-09,5,мОЛокО,3,7527.28,1472.72,PrOcessIng,подарок вовремя,2024-12-29,2965274695429300
2030019420683,2024-12-26 18:25:54,дмИТРий КуЗнеЦов,8(9055) 20-09,1,коРм ДлЯ сОБАк,2,967.68,32.32,ProcEssINg,подарок вовремя,2024-12-29,2965274695429300
2030019420683,2024-12-26 18:25:54,дмИТРий КуЗнеЦов,8(9055) 20-09,1,КоРм дЛЯ СОБаК,4,1754.36,245.64,pROCEssINg,подарок вовремя,2024-12-29,2965274695429300
2030019419364,2024-12-27 02:54:58,МихАиЛ ОРЛоВ,+7 9962 50 43,4,ПОДПИска нА газеТу,2,1091.11,108.89,PRoceSsinG,спасибо за заказ,2024/12/27,2157596232883966
2030019419364,2024-12-27 02:54:58,МихАиЛ ОРЛоВ,+7 9962 50 43,5,МоЛОКо,2,5267.06,732.94,PRocesSiNg,спасибо за заказ,2024/12/27,2157596232883966
2030019419364,2024-12-27 02:54:58,МихАиЛ ОРЛоВ,+7 9962 50 43,3,аМУНИЦИЯ дЛЯ СоБАК,4,4466.22,333.78,PROCESSing,спасибо за заказ,2024/12/27,2157596232883966
2030019419364,2024-12-27 02:54:58,МихАиЛ ОРЛоВ,+7 9962 50 43,5,МолОко,2,5084.71,915.29,PRocESSInG,спасибо за заказ,2024/12/27,2157596232883966
2030019419364,2024-12-27 02:54:58,МихАиЛ ОРЛоВ,+7 9962 50 43,5,МОЛОкО,4,10848.69,1151.31,PrOCeSSINg,спасибо за заказ,2024/12/27,2157596232883966
2030019418925,17.12.2024 02:09,аЛЕксЕй МиХайлов,8(9473) 71-28,2,иГРушКА МЯч,4,1066.85,133.15,pRocESsINg,Проверить наличие,2024-12-28,4802019370674470
2030019417747,2024/12/21 15:21:37,АлеКСеЙ МИХАЙлОв,+7 9102 42 38,5,МоЛОко,5,13786.46,1213.54,cANCeLLeD,Ждём с нетерпением!,2024-12-31,5725125857107783
2030019416118,2024-12-04 07:26:51,иВаН ивАНов,+7(9743)48-99,3,амУНИЦия дЛя соБак,5,5259.01,740.99,cancElleD,Нужно уточнить сроки,2024/12/23,9722860956643256
2030019416118,2024-12-04 07:26:51,иВаН ивАНов,+7(9743)48-99,4,ПодПисКа нА гаЗетУ,5,2921.08,78.92,canCeLLed,Нужно уточнить сроки,2024/12/23,9722860956643256
2030019416118,2024-12-04 07:26:51,иВаН ивАНов,+7(9743)48-99,4,поДпИСка НА гАЗетУ,5,2961.46,38.54,CanCelLed,Нужно уточнить сроки,2024/12/23,9722860956643256
2030019415163,2024/12/29 05:21:23,АлЕкСЕй МИхАЙлоВ,+7 9423 11 09,2,ИГРУшКа МЯЧ,4,1044.97,155.03,pROCeSsinG,"Задержка с доставкой, печалька...",2024/12/03,1400554011179974
2030019415163,2024/12/29 05:21:23,АлЕкСЕй МИхАЙлоВ,+7 9423 11 09,3,амуниЦИЯ ДлЯ СоБак,5,5288.09,711.91,procEsSiNg,"Задержка с доставкой, печалька...",2024/12/03,1400554011179974
2030019415163,2024/12/29 05:21:23,АлЕкСЕй МИхАЙлоВ,+7 9423 11 09,5,мОЛОКо,3,7615.76,1384.24,PrOcESSING,"Задержка с доставкой, печалька...",2024/12/03,1400554011179974
2030019415163,2024/12/29 05:21:23,АлЕкСЕй МИхАЙлоВ,+7 9423 11 09,1,КоРм Для СОБак,2,841.3,158.7,procEsSING,"Задержка с доставкой, печалька...",2024/12/03,1400554011179974
2030019415163,2024/12/29 05:21:23,АлЕкСЕй МИхАЙлоВ,+7 9423 11 09,3,АмУНиЦия ДЛЯ СОбак,5,5907.85,92.15,ProCesSINg,"Задержка с доставкой, печалька...",2024/12/03,1400554011179974
2030019414904,2024/12/14 02:33:13,МиХаиЛ Орлов,+7 9354 22 79,3,АМУниЦИя дЛЯ СоБаК,4,4629.03,170.97,compLeteD,Всё отлично!,2024-12-27,5698844378349649
2030019414904,2024/12/14 02:33:13,МиХаиЛ Орлов,+7 9354 22 79,3,амунИЦия ДлЯ СОбаК,2,1987.85,412.15,cOMPleteD,Всё отлично!,2024-12-27,5698844378349649
2030019414904,2024/12/14 02:33:13,МиХаиЛ Орлов,+7 9354 22 79,3,аМУНиЦия для сОбаК,3,3029.34,570.66,coMPlEtEd,Всё отлично!,2024-12-27,5698844378349649
2030019414904,2024/12/14 02:33:13,МиХаиЛ Орлов,+7 9354 22 79,1,корм дЛя СоБак,5,2254.69,245.31,ComPlEtED,Всё отлично!,2024-12-27,5698844378349649
2030019414904,2024/12/14 02:33:13,МиХаиЛ Орлов,+7 9354 22 79,1,коРМ длЯ соБАк,2,805.41,194.59,coMpLetED,Всё отлично!,2024-12-27,5698844378349649
2030019413420,04.12.2024 00:01,ИВаН ивАНов,8(9310) 73-14,1,КОРм длЯ сОбАК,2,925.3,74.7,prOceSsING,Проверить наличие,2024-12-30,3913851488153048
2030019413420,04.12.2024 00:01,ИВаН ивАНов,8(9310) 73-14,1,КОрМ длЯ СоБАК,4,1874.8,125.2,pROceSsIng,Проверить наличие,2024-12-30,3913851488153048
2030019413420,04.12.2024 00:01,ИВаН ивАНов,8(9310) 73-14,2,иГруШКа мЯч,4,1010.88,189.12,pROCeSSIng,Проверить наличие,2024-12-30,3913851488153048
2030019413420,04.12.2024 00:01,ИВаН ивАНов,8(9310) 73-14,3,амУниЦиЯ для соБАк,4,4010.22,789.78,ProcessInG,Проверить наличие,2024-12-30,3913851488153048
2030019412942,2024-12-17 20:08:28,АНнА СмИРнОвА,+7(9869)77-22,3,АмУНиЦИЯ дЛя сОбАК,2,2296.42,103.58,prOcESSing,Проверить наличие,2024/12/22,2503190155175246
2030019411765,16.12.2024 23:11,ольгА КузНЕЦовА,+7(9836)12-18,5,МОлоКО,5,14633.31,366.69,COmpLeTED,подарок вовремя,29.12.2024,9895773553576448
2030019411765,16.12.2024 23:11,ольгА КузНЕЦовА,+7(9836)12-18,5,мОЛокО,4,11124.86,875.14,coMpLetED,подарок вовремя,29.12.2024,9895773553576448
2030019411765,16.12.2024 23:11,ольгА КузНЕЦовА,+7(9836)12-18,5,МоЛОКО,1,2832.73,167.27,CompLeted,подарок вовремя,29.12.2024,9895773553576448
2030019410958,10.12.2024 14:26,ДмИтрИй КузнецОв,+7(9921)45-56,5,МОлоко,5,12449.84,2550.16,CancElLeD,Ждём с нетерпением!,2024/12/05,8364831998197075
2030019410958,10.12.2024 14:26,ДмИтрИй КузнецОв,+7(9921)45-56,4,пОдпискА На ГаЗеТу,3,1747.83,52.17,CancELLED,Ждём с нетерпением!,2024/12/05,8364831998197075
2030019410958,10.12.2024 14:26,ДмИтрИй КузнецОв,+7(9921)45-56,4,ПОдпИСКА нА газЕтУ,3,1583.02,216.98,cancElLed,Ждём с нетерпением!,2024/12/05,8364831998197075
2030019409485,19.12.2024 01:39,аЛЕкСей МихАйЛоВ,+7(9240)79-92,5,мОЛОкО,4,11201.58,798.42,pROcesSING,Ждём с нетерпением!,2024-12-31,7012920234994582
2030019408426,2024-12-18 08:11:41,СЕрГЕй сиДороВ,+7 9273 99 83,3,АмУницИя для сОБАк,3,3107.87,492.13,COMplEteD,"Задержка с доставкой, печалька...",2024-12-23,0035066625280964
2030019408426,2024-12-18 08:11:41,СЕрГЕй сиДороВ,+7 9273 99 83,1,КОрМ ДЛЯ собаК,5,2168.13,331.87,cOMPleted,"Задержка с доставкой, печалька...",2024-12-23,0035066625280964
2030019408426,2024-12-18 08:11:41,СЕрГЕй сиДороВ,+7 9273 99 83,1,КоРМ дЛЯ СоБаК,1,481.91,18.09,cOMpLETED,"Задержка с доставкой, печалька...",2024-12-23,0035066625280964
2030019408426,2024-12-18 08:11:41,СЕрГЕй сиДороВ,+7 9273 99 83,1,коРМ для СоБаК,1,413.23,86.77,completED,"Задержка с доставкой, печалька...",2024-12-23,0035066625280964
2030019408426,2024-12-18 08:11:41,СЕрГЕй сиДороВ,+7 9273 99 83,1,КОрм дЛя СОбАк,2,954.36,45.64,compLetEd,"Задержка с доставкой, печалька...",2024-12-23,0035066625280964
2030019407621,30.12.2024 15:12,ОльГа куЗнецовА,+7(9939)93-57,4,пОДпИсКА на гАзетУ,4,2149.14,250.86,PrOCESsINg,Всё отлично!,2024/12/22,4278610000172971
2030019407621,30.12.2024 15:12,ОльГа куЗнецовА,+7(9939)93-57,2,ИгРушКа мяч,3,762.48,137.52,PRoCeSsiNG,Всё отлично!,2024/12/22,4278610000172971
2030019406457,2024/12/05 14:39:17,олЬГа КУзнЕцовА,+7 9697 39 86,4,пОДПисКа на ГАЗетУ,4,2273.49,126.51,prOcESSInG,Нужно уточнить сроки,12.12.2024,9216360826196218
2030019406457,2024/12/05 14:39:17,олЬГа КУзнЕцовА,+7 9697 39 86,3,амуНИЦиЯ для СобАк,5,5702.52,297.48,proCeSsING,Нужно уточнить сроки,12.12.2024,9216360826196218
2030019406457,2024/12/05 14:39:17,олЬГа КУзнЕцовА,+7 9697 39 86,1,КорМ ДЛЯ СОБАк,2,828.63,171.37,pRoCEsSINg,Нужно уточнить сроки,12.12.2024,9216360826196218
2030019406457,2024/12/05 14:39:17,олЬГа КУзнЕцовА,+7 9697 39 86,3,амУНИция ДЛЯ собаК,2,1989.12,410.88,prOcEsSINg,Нужно уточнить сроки,12.12.2024,9216360826196218
2030019405401,25.12.2024 05:25,Михаил оРлов,+7(9560)97-33,2,игруШКа мяЧ,5,1449.63,50.37,CAncElLeD,подарок вовремя,2024/12/14,7527701526117929
2030019405401,25.12.2024 05:25,Михаил оРлов,+7(9560)97-33,3,АмунИЦиЯ ДлЯ СоБАК,2,1959.12,440.88,cAncelLEd,подарок вовремя,2024/12/14,7527701526117929
2030019405401,25.12.2024 05:25,Михаил оРлов,+7(9560)97-33,2,ИГРуШКА мяч,3,859.39,40.61,CanCelleD,подарок вовремя,2024/12/14,7527701526117929
2030019405401,25.12.2024 05:25,Михаил оРлов,+7(9560)97-33,3,аМУнИЦия ДЛЯ СоБАК,3,2888.54,711.46,cAnCeLLeD,подарок вовремя,2024/12/14,7527701526117929
2030019405401,25.12.2024 05:25,Михаил оРлов,+7(9560)97-33,3,АмУНИЦИЯ дЛя соБак,4,4276.91,523.09,cAnCElLed,подарок вовремя,2024/12/14,7527701526117929
2030019404214,2024-12-01 13:49:52,алексей МИхАЙЛов,+7(9071)07-73,3,АМУНициЯ длЯ СОбаК,3,3068.46,531.54,COMpleteD,Нужно уточнить сроки,31.12.2024,4184554086886501
2030019403581,2024-12-28 12:04:44,натаЛьЯ васиЛьеВА,+7 9301 30 12,4,подПИСка НА газЕТу,4,2149.2,250.8,CanCELled,спасибо за заказ,2024-12-09,4178389272311433
2030019403581,2024-12-28 12:04:44,натаЛьЯ васиЛьеВА,+7 9301 30 12,2,игРушкА МЯЧ,3,796.51,103.49,CaNcElLED,спасибо за заказ,2024-12-09,4178389272311433
2030019403581,2024-12-28 12:04:44,натаЛьЯ васиЛьеВА,+7 9301 30 12,1,кОрМ ДЛЯ сОбак,5,2454.23,45.77,caNCElled,спасибо за заказ,2024-12-09,4178389272311433
2030019403581,2024-12-28 12:04:44,натаЛьЯ васиЛьеВА,+7 9301 30 12,2,игрУшКа мЯч,4,969.31,230.69,cancELLEd,спасибо за заказ,2024-12-09,4178389272311433
2030019402789,2024/12/10 13:00:38,Алексей мИХАйЛОв,8(9238) 73-35,4,ПОДПиСка нА гаЗету,2,1059.19,140.81,ProcesSiNg,Ждём с нетерпением!,2024/12/02,7220369220611473
2030019402789,2024/12/10 13:00:38,Алексей мИХАйЛОв,8(9238) 73-35,1,КорМ длЯ СОбак,4,1657.34,342.66,PrOcessing,Ждём с нетерпением!,2024/12/02,7220369220611473
2030019402789,2024/12/10 13:00:38,Алексей мИХАйЛОв,8(9238) 73-35,1,кОРм ДЛя СОбАк,2,988.11,11.89,ProcESsiNG,Ждём с нетерпением!,2024/12/02,7220369220611473
2030019401465,2024-12-21 21:01:12,МиХАИл ОрЛОВ,+7(9149)92-17,2,иГрУшКА МяЧ,5,1337.43,162.57,CaNCeLLed,подарок вовремя,2024-12-06,3483196255264016
2030019401465,2024-12-21 21:01:12,МиХАИл ОрЛОВ,+7(9149)92-17,1,кОРМ ДлЯ СОбАК,5,2260.55,239.45,canCelLED,подарок вовремя,2024-12-06,3483196255264016
2030019401465,2024-12-21 21:01:12,МиХАИл ОрЛОВ,+7(9149)92-17,5,моЛоКо,5,13611.57,1388.43,canCeLLed,подарок вовремя,2024-12-06,3483196255264016
2030019401465,2024-12-21 21:01:12,МиХАИл ОрЛОВ,+7(9149)92-17,3,аМуНицИя ДЛЯ сОбАК,4,3934.89,865.11,CanCElled,подарок вовремя,2024-12-06,3483196255264016
2030019400567,2024-12-03 11:18:25,сЕргеЙ СИДОрОВ,8(9230) 38-09,4,пОДпИска на гАЗеТу,1,543.82,56.18,CAnCELleD,Нужно уточнить сроки,2024/12/08,9140732618599396
2030019399403,2024-12-10 07:04:27,СЕрГей СиДОроВ,+7(9979)86-24,2,ИГруШка мЯч,5,1318.25,181.75,canCeLled,спасибо за заказ,2024/12/25,9075600405700967
2030019399403,2024-12-10 07:04:27,СЕрГей СиДОроВ,+7(9979)86-24,4,ПодпИСКа НА ГАЗеТу,5,2906.3,93.7,cAnCeLleD,спасибо за заказ,2024/12/25,9075600405700967
2030019399403,2024-12-10 07:04:27,СЕрГей СиДОроВ,+7(9979)86-24,1,кОРм ДЛя СОБАк,2,853.79,146.21,CancELLED,спасибо за заказ,2024/12/25,9075600405700967
2030019399403,2024-12-10 07:04:27,СЕрГей СиДОроВ,+7(9979)86-24,2,ИгРУШка мЯЧ,2,504.03,95.97,CanCELLed,спасибо за заказ,2024/12/25,9075600405700967
2030019399403,2024-12-10 07:04:27,СЕрГей СиДОроВ,+7(9979)86-24,5,молоКо,5,12100.57,2899.43,caNceLLEd,спасибо за заказ,2024/12/25,9075600405700967
2030019398979,2024/12/01 19:16:30,НатАлЬя ВАСильеВА,8(9905) 66-61,2,иГРушка МЯч,5,1398.98,101.02,caNcElLeD,Всё отлично!,2024/12/24,5492365382828920
2030019398979,2024/12/01 19:16:30,НатАлЬя ВАСильеВА,8(9905) 66-61,3,амУНИция дЛя собАК,5,4815.94,1184.06,CAncelled,Всё отлично!,2024/12/24,5492365382828920
2030019397947,25.12.2024 14:07,михАиЛ ОрлоВ,8(9738) 66-45,3,АМУНиция ДлЯ соБАК,1,1072.24,127.76,caNcelLeD,спасибо за заказ,2024/12/08,7991236290709861
2030019397947,25.12.2024 14:07,михАиЛ ОрлоВ,8(9738) 66-45,1,КОРм для сОбАк,1,473.09,26.91,cancelLed,спасибо за заказ,2024/12/08,7991236290709861
2030019396410,2024/12/15 11:49:31,сЕРГЕй сиДоРОВ,+7(9965)54-81,3,АМунИЦия длЯ СОБак,2,1954.3,445.7,PROCEssinG,"Задержка с доставкой, печалька...",12.12.2024,6447607961123607
2030019396410,2024/12/15 11:49:31,сЕРГЕй сиДоРОВ,+7(9965)54-81,2,иГРушКА мяч,5,1367.81,132.19,PROcESSINg,"Задержка с доставкой, печалька...",12.12.2024,6447607961123607
2030019395695,2024-12-08 16:20:59,мАриЯ ПетрОВа,8(9579) 23-00,5,мОЛоКО,2,5793.8,206.2,COmPletEd,"Задержка с доставкой, печалька...",2024-12-30,6902209775175155
2030019395695,2024-12-08 16:20:59,мАриЯ ПетрОВа,8(9579) 23-00,4,ПОДПИСКА НА гАзету,1,594.28,5.72,COmPlEteD,"Задержка с доставкой, печалька...",2024-12-30,6902209775175155
2030019394991,18.12.2024 23:35,аНна СмИрНоВА,8(9644) 19-77,2,иГРуШКа мЯч,1,242.65,57.35,pROCessInG,спасибо за заказ,2024-12-14,9820269090870904
2030019393205,29.12.2024 19:53,мАриЯ пеТрОва,+7 9356 89 32,2,ИгрУШКа МяЧ,1,265.13,34.87,compLetED,подарок вовремя,2024/12/19,5381971833875543
2030019393205,29.12.2024 19:53,мАриЯ пеТрОва,+7 9356 89 32,2,иГруШКА мЯЧ,5,1215.58,284.42,cOmpLETed,подарок вовремя,2024/12/19,5381971833875543
2030019392748,2024/12/09 13:56:59,АЛЕКсеЙ МИхАЙЛов,+7(9773)24-19,3,АМунИЦиЯ дЛЯ СОбАк,3,3431.4,168.6,CAncElled,подарок вовремя,2024/12/01,3558455184281944
2030019392748,2024/12/09 13:56:59,АЛЕКсеЙ МИхАЙЛов,+7(9773)24-19,1,КоРм длЯ сОбАК,3,1288.49,211.51,CanCellEd,подарок вовремя,2024/12/01,3558455184281944
2030019392748,2024/12/09 13:56:59,АЛЕКсеЙ МИхАЙЛов,+7(9773)24-19,4,ПодПисКА На ГаЗеТУ,3,1583.27,216.73,CANCELled,подарок вовремя,2024/12/01,3558455184281944
2030019391942,2024-12-21 13:04:35,ЕЛеНА НОвИКоВА,+7 9533 93 40,2,ИгрУШКА мЯч,4,1123.91,76.09,COMPleTeD,подарок вовремя,26.12.2024,0178963449885519
2030019391942,2024-12-21 13:04:35,ЕЛеНА НОвИКоВА,+7 9533 93 40,1,кОРМ Для СОбаК,2,923.45,76.55,complEtEd,подарок вовремя,26.12.2024,0178963449885519
2030019391942,2024-12-21 13:04:35,ЕЛеНА НОвИКоВА,+7 9533 93 40,1,кОРм Для СоБАК,4,1974.83,25.17,coMplETeD,подарок вовремя,26.12.2024,0178963449885519
2030019390942,2024/12/31 06:59:16,НаТальЯ ВАсиЛЬЕва,+7 9605 80 44,3,амУНИцИя Для сОБаК,4,4488.9,311.1,ProCeSSiNg,подарок вовремя,13.12.2024,0491945799853068
2030019390942,2024/12/31 06:59:16,НаТальЯ ВАсиЛЬЕва,+7 9605 80 44,5,МОлОКо,2,5576.18,423.82,PrOcEsSiNG,подарок вовремя,13.12.2024,0491945799853068
2030019389164,2024-12-20 10:00:46,нАТаЛЬЯ ваСИЛЬЕВа,8(9409) 12-99,2,ИгрушКа мяч,1,272.08,27.92,pRocEsSInG,Ждём с нетерпением!,2024/12/25,3582489895775259
2030019388420,2024/12/07 12:06:41,оЛЬгА кУзнЕЦОва,+7(9027)29-58,3,аМУНИциЯ длЯ соБаК,4,4012.93,787.07,CanCELLed,Всё отлично!,14.12.2024,2438939108722781
2030019388420,2024/12/07 12:06:41,оЛЬгА кУзнЕЦОва,+7(9027)29-58,2,ИгРушка МЯЧ,5,1222.51,277.49,cANCelleD,Всё отлично!,14.12.2024,2438939108722781
2030019388420,2024/12/07 12:06:41,оЛЬгА кУзнЕЦОва,+7(9027)29-58,4,поДписка нА ГАЗеТУ,4,2206.01,193.99,caNCeLleD,Всё отлично!,14.12.2024,2438939108722781
2030019388420,2024/12/07 12:06:41,оЛЬгА кУзнЕЦОва,+7(9027)29-58,3,АмуНИцИЯ для СобАк,1,1084.74,115.26,CanCelled,Всё отлично!,14.12.2024,2438939108722781
2030019388420,2024/12/07 12:06:41,оЛЬгА кУзнЕЦОва,+7(9027)29-58,1,КОРМ ДЛЯ собАк,3,1372.04,127.96,CancElLeD,Всё отлично!,14.12.2024,2438939108722781
2030019387551,2024/12/08 15:13:11,наТалЬЯ ВАсИльевА,+7 9032 30 09,3,АмУНИцИя ДЛя СОБаК,2,2279.78,120.22,cOmPLeted,спасибо за заказ,01.12.2024,2435263621902326
2030019386783,2024-12-10 20:05:31,алЕкСЕй МихАйЛоВ,+7 9082 38 22,2,иГрУшКа МяЧ,1,275.22,24.78,CoMPlETeD,"Задержка с доставкой, печалька...",15.12.2024,3708598419482857
2030019386783,2024-12-10 20:05:31,алЕкСЕй МихАйЛоВ,+7 9082 38 22,5,мОлокО,2,5781.8,218.2,coMpleTEd,"Задержка с доставкой, печалька...",15.12.2024,3708598419482857
2030019385209,28.12.2024 15:51,аЛЕксей МИХАЙлОВ,+7(9553)85-53,3,аМуНицИя ДЛя СобАК,1,997.98,202.02,coMPLeTed,Ждём с нетерпением!,30.12.2024,1183978244055771
2030019385209,28.12.2024 15:51,аЛЕксей МИХАЙлОВ,+7(9553)85-53,2,игРушка Мяч,1,266.24,33.76,coMPlEteD,Ждём с нетерпением!,30.12.2024,1183978244055771
2030019384566,2024/12/26 16:37:04,михаИл ОрЛОВ,+7(9192)59-90,3,аМуНициЯ ДЛя сОбАк,1,1198.9,1.1,cOMPletEd,Нужно уточнить сроки,27.12.2024,2357440500664411
2030019384566,2024/12/26 16:37:04,михаИл ОрЛОВ,+7(9192)59-90,4,ПоДпИскА На гАЗЕТу,2,1155.51,44.49,compLeTED,Нужно уточнить сроки,27.12.2024,2357440500664411
2030019384566,2024/12/26 16:37:04,михаИл ОрЛОВ,+7(9192)59-90,4,пОДпиСкА НА ГАЗету,5,2610.32,389.68,cOmPleTEd,Нужно уточнить сроки,27.12.2024,2357440500664411
2030019384566,2024/12/26 16:37:04,михаИл ОрЛОВ,+7(9192)59-90,2,игРУШКА мяЧ,5,1297.83,202.17,cOMpLETed,Нужно уточнить сроки,27.12.2024,2357440500664411
2030019384566,2024/12/26 16:37:04,михаИл ОрЛОВ,+7(9192)59-90,3,АмуНицИЯ ДЛя СОБАК,3,3301.89,298.11,comPleTed,Нужно уточнить сроки,27.12.2024,2357440500664411
2030019383786,11.12.2024 03:26,нАТАЛЬя вАсиЛЬЕва,+7 9924 72 44,1,коРм ДЛя собАк,5,2210.34,289.66,CompLeted,подарок вовремя,2024/12/06,3259267963946266
2030019383786,11.12.2024 03:26,нАТАЛЬя вАсиЛЬЕва,+7 9924 72 44,4,ПодПисКА на гАзеТУ,5,2829.57,170.43,cOMplETed,подарок вовремя,2024/12/06,3259267963946266
2030019383786,11.12.2024 03:26,нАТАЛЬя вАсиЛЬЕва,+7 9924 72 44,5,МолОкО,3,8626.63,373.37,COMPleTeD,подарок вовремя,2024/12/06,3259267963946266
2030019383786,11.12.2024 03:26,нАТАЛЬя вАсиЛЬЕва,+7 9924 72 44,5,молОко,5,12581.92,2418.08,COMplEtED,подарок вовремя,2024/12/06,3259267963946266
2030019383786,11.12.2024 03:26,нАТАЛЬя вАсиЛЬЕва,+7 9924 72 44,3,аМУнИцИЯ дЛя СОБАк,3,3383.52,216.48,cOmPleTED,подарок вовремя,2024/12/06,3259267963946266
2030019382616,2024/12/15 18:34:42,АЛЕКсЕЙ МИхаЙЛОВ,+7(9190)16-49,4,ПодпиСКА На ГАЗЕтУ,3,1732.05,67.95,CanCElleD,Ждём с нетерпением!,2024/12/13,3409924566711745
2030019382616,2024/12/15 18:34:42,АЛЕКсЕЙ МИхаЙЛОВ,+7(9190)16-49,3,АмунИЦИя ДлЯ сОбАк,2,2283.47,116.53,CANcElled,Ждём с нетерпением!,2024/12/13,3409924566711745
2030019382616,2024/12/15 18:34:42,АЛЕКсЕЙ МИхаЙЛОВ,+7(9190)16-49,5,МОлОКо,3,8399.02,600.98,cAnceLLEd,Ждём с нетерпением!,2024/12/13,3409924566711745
2030019382616,2024/12/15 18:34:42,АЛЕКсЕЙ МИхаЙЛОВ,+7(9190)16-49,4,ПОдпИСКа На газеТУ,4,2398.51,1.49,cANCEllEd,Ждём с нетерпением!,2024/12/13,3409924566711745
2030019382616,2024/12/15 18:34:42,АЛЕКсЕЙ МИхаЙЛОВ,+7(9190)16-49,3,аМуНИцИя для сОбаК,1,1121.48,78.52,CancELLEd,Ждём с нетерпением!,2024/12/13,3409924566711745
2030019381854,2024-12-28 00:54:21,АннА СМирнОВа,+7 9261 13 02,5,МоЛОко,5,14105.22,894.78,CaNCELLED,спасибо за заказ,2024-12-07,5991038456550718
2030019381854,2024-12-28 00:54:21,АннА СМирнОВа,+7 9261 13 02,4,пОдПисКа На газеТУ,5,2622.94,377.06,CaNCeLLEd,спасибо за заказ,2024-12-07,5991038456550718
2030019381854,2024-12-28 00:54:21,АннА СМирнОВа,+7 9261 13 02,1,КорМ дЛя соБАК,2,822.83,177.17,CaNcellEd,спасибо за заказ,2024-12-07,5991038456550718
2030019381854,2024-12-28 00:54:21,АннА СМирнОВа,+7 9261 13 02,5,МОЛОКО,5,13480.65,1519.35,CaNCelLeD,спасибо за заказ,2024-12-07,5991038456550718
2030019381854,2024-12-28 00:54:21,АннА СМирнОВа,+7 9261 13 02,5,моЛоКо,1,2621.93,378.07,CancElLed,спасибо за заказ,2024-12-07,5991038456550718
2030019380722,2024/12/01 09:10:37,иВАН иВАНОв,+7(9110)77-47,3,аМУнИЦИЯ ДлЯ собАК,3,3101.59,498.41,ComPlETed,Ждём с нетерпением!,2024/12/19,2903929399435168
2030019379498,2024-12-04 03:35:29,еЛенА НОвикоВа,+7 9796 25 19,1,Корм Для СобАК,3,1316.1,183.9,cOmPlETED,спасибо за заказ,2024/12/18,9170183109907551
2030019379498,2024-12-04 03:35:29,еЛенА НОвикоВа,+7 9796 25 19,4,подПИСКа на ГАзеТу,5,2519.37,480.63,ComPLetED,спасибо за заказ,2024/12/18,9170183109907551
2030019379498,2024-12-04 03:35:29,еЛенА НОвикоВа,+7 9796 25 19,5,моЛоко,5,12873.58,2126.42,COmpleteD,спасибо за заказ,2024/12/18,9170183109907551
2030019379498,2024-12-04 03:35:29,еЛенА НОвикоВа,+7 9796 25 19,4,ПОДпИСКА На ГАзетУ,1,528.55,71.45,cOMPleTed,спасибо за заказ,2024/12/18,9170183109907551
2030019378729,2024/12/25 05:40:35,МихаИЛ ОрлОВ,+7 9054 13 00,1,КорМ для сОбак,5,2415.68,84.32,pROCEsSINg,спасибо за заказ,2024/12/22,1043010989085062
2030019378729,2024/12/25 05:40:35,МихаИЛ ОрлОВ,+7 9054 13 00,3,аМунИциЯ Для СОБАк,2,2387.6,12.4,pRoCeSsiNG,спасибо за заказ,2024/12/22,1043010989085062
2030019378729,2024/12/25 05:40:35,МихаИЛ ОрлОВ,+7 9054 13 00,1,КОРм дЛя сОБаК,4,1657.77,342.23,PROCeSsiNg,спасибо за заказ,2024/12/22,1043010989085062
2030019377706,2024-12-21 03:24:36,михАИЛ ОрлОВ,+7(9329)43-45,2,ИгруШка мЯч,3,732.64,167.36,CanCellEd,"Задержка с доставкой, печалька...",2024-12-02,3084479036166370
2030019377706,2024-12-21 03:24:36,михАИЛ ОрлОВ,+7(9329)43-45,2,ИгРушКа МяЧ,3,738.05,161.95,caNCELled,"Задержка с доставкой, печалька...",2024-12-02,3084479036166370
2030019377706,2024-12-21 03:24:36,михАИЛ ОрлОВ,+7(9329)43-45,2,иГРУШкА МЯч,3,772.97,127.03,CanCelleD,"Задержка с доставкой, печалька...",2024-12-02,3084479036166370
2030019377706,2024-12-21 03:24:36,михАИЛ ОрлОВ,+7(9329)43-45,5,МолоКО,4,11110.05,889.95,CANcEllED,"Задержка с доставкой, печалька...",2024-12-02,3084479036166370
2030019377706,2024-12-21 03:24:36,михАИЛ ОрлОВ,+7(9329)43-45,3,АМУНИЦия дЛя СОбаК,5,5381.53,618.47,CANcElLED,"Задержка с доставкой, печалька...",2024-12-02,3084479036166370
2030019376627,18.12.2024 15:12,иван иВаноВ,+7(9393)85-24,3,АМУНИцИЯ ДЛя соБАК,3,3550.02,49.98,cOMPleTED,подарок вовремя,2024-12-10,1104387004636147
2030019375296,2024/12/18 22:18:31,дмИТрИЙ кУЗНЕЦоВ,+7(9268)07-06,2,иГРУШка Мяч,5,1403.36,96.64,ProcEssiNG,Ждём с нетерпением!,2024-12-01,8615564473572189
2030019375296,2024/12/18 22:18:31,дмИТрИЙ кУЗНЕЦоВ,+7(9268)07-06,3,АмУнИЦиЯ для сОбАК,2,2102.57,297.43,PrOcesSInG,Ждём с нетерпением!,2024-12-01,8615564473572189
2030019375296,2024/12/18 22:18:31,дмИТрИЙ кУЗНЕЦоВ,+7(9268)07-06,1,кОРМ длЯ собак,5,2113.14,386.86,prOCessING,Ждём с нетерпением!,2024-12-01,8615564473572189
2030019374455,08.12.2024 12:19,иван иваНов,+7(9091)41-25,2,ИГрУшка мЯЧ,4,1173.41,26.59,canCElLed,Проверить наличие,2024/12/11,9242826225611296
2030019374455,08.12.2024 12:19,иван иваНов,+7(9091)41-25,3,АмУНИЦИя ДЛя сОБаК,3,3298.9,301.1,CaNCeLlED,Проверить наличие,2024/12/11,9242826225611296
2030019374455,08.12.2024 12:19,иван иваНов,+7(9091)41-25,2,ИГрУшкА мЯЧ,1,268.2,31.8,CaNCElLed,Проверить наличие,2024/12/11,9242826225611296
2030019374455,08.12.2024 12:19,иван иваНов,+7(9091)41-25,2,иГрУшКа МЯч,4,1170.74,29.26,caNceLlED,Проверить наличие,2024/12/11,9242826225611296
2030019374455,08.12.2024 12:19,иван иваНов,+7(9091)41-25,1,КОРМ дЛЯ сОБАк,4,1686.62,313.38,CanCeLlEd,Проверить наличие,2024/12/11,9242826225611296
2030019373979,2024-12-01 20:33:31,еЛЕНа нОВикОВа,+7 9567 56 67,3,АМуниЦИЯ для собак,2,2096.6,303.4,PROceSSInG,Ждём с нетерпением!,2024-12-14,7669869832425762
2030019373979,2024-12-01 20:33:31,еЛЕНа нОВикОВа,+7 9567 56 67,4,ПОДпИскА На гаЗЕту,4,2304.99,95.01,pRocEsSIng,Ждём с нетерпением!,2024-12-14,7669869832425762
2030019373979,2024-12-01 20:33:31,еЛЕНа нОВикОВа,+7 9567 56 67,1,КоРМ ДлЯ СоБАК,2,826.35,173.65,PrOCesSiNG,Ждём с нетерпением!,2024-12-14,7669869832425762
2030019373979,2024-12-01 20:33:31,еЛЕНа нОВикОВа,+7 9567 56 67,1,корм для собАК,1,491.86,8.14,PROCEssinG,Ждём с нетерпением!,2024-12-14,7669869832425762
2030019372364,06.12.2024 06:21,АНна СМИРНОва,+7 9275 01 07,2,игРушКА МЯч,2,514.72,85.28,PROcESsiNg,спасибо за заказ,2024-12-25,1174432258193636
2030019372364,06.12.2024 06:21,АНна СМИРНОва,+7 9275 01 07,1,КорМ ДЛЯ сОБАк,5,2080.02,419.98,PRocESSIng,спасибо за заказ,2024-12-25,1174432258193636
2030019372364,06.12.2024 06:21,АНна СМИРНОва,+7 9275 01 07,3,амУнИЦИя длЯ сОбАК,2,2350.21,49.79,PROCesSing,спасибо за заказ,2024-12-25,1174432258193636
2030019371526,2024-12-05 23:20:18,НаТаЛЬЯ ваСИЛьева,+7 9825 08 86,1,корМ ДЛя сОБаК,2,821.19,178.81,pROCEsSInG,Проверить наличие,15.12.2024,1179902481655531
2030019370694,2024-12-13 00:07:04,ИВАн ивАНов,8(9922) 61-45,2,иГРУШкА мЯч,1,289.9,10.1,canCElleD,Нужно уточнить сроки,2024/12/04,2553774428573648
2030019369231,09.12.2024 14:48,АннА смИРНоВА,+7(9548)65-96,1,кОРМ ДлЯ соБАК,4,1708.39,291.61,compLETEd,спасибо за заказ,17.12.2024,4042835892643819
2030019369231,09.12.2024 14:48,АннА смИРНоВА,+7(9548)65-96,1,кОРм для СОБАК,2,989.32,10.68,COMpleteD,спасибо за заказ,17.12.2024,4042835892643819
2030019369231,09.12.2024 14:48,АннА смИРНоВА,+7(9548)65-96,4,Подписка нА ГаЗЕТу,4,2163.44,236.56,CoMpLETed,спасибо за заказ,17.12.2024,4042835892643819
2030019368111,2024/12/09 22:48:31,оЛЬГа КУзнецовА,8(9365) 32-51,1,КОрМ дЛя сОбаК,5,2178.16,321.84,comPlEted,Всё отлично!,05.12.2024,2229011294679676
2030019367670,01.12.2024 13:58,ЕЛЕна НОВикОВА,+7(9477)72-51,2,игРУШкА МЯЧ,4,1104.56,95.44,PROcESSinG,спасибо за заказ,2024-12-21,8035026148817254
2030019366384,07.12.2024 10:40,ДмИтРИй кУзнеЦоВ,+7(9964)94-26,2,ИГРУшкА МЯч,5,1352.01,147.99,caNceLLed,спасибо за заказ,20.12.2024,1052228302974104
2030019365545,2024-12-22 02:14:22,алЕксей мИХаЙлОВ,8(9731) 98-72,4,подПиСКа на газетУ,3,1754.32,45.68,CompleTeD,"Задержка с доставкой, печалька...",2024-12-19,7368377357893560
2030019365545,2024-12-22 02:14:22,алЕксей мИХаЙлОВ,8(9731) 98-72,4,пОДПИсКа На ГАЗеТУ,3,1774.48,25.52,COmplEteD,"Задержка с доставкой, печалька...",2024-12-19,7368377357893560
2030019364498,31.12.2024 00:32,серГЕй сидоров,+7 9804 22 20,2,игрушКа мЯч,5,1307.46,192.54,pRoCesSiNg,подарок вовремя,08.12.2024,4893733249741522
2030019364498,31.12.2024 00:32,серГЕй сидоров,+7 9804 22 20,5,молОКо,3,7371.65,1628.35,PROcEsSiNg,подарок вовремя,08.12.2024,4893733249741522
2030019364498,31.12.2024 00:32,серГЕй сидоров,+7 9804 22 20,3,АмУНиЦИЯ дЛЯ соБАк,5,5686.01,313.99,PrOCEssING,подарок вовремя,08.12.2024,4893733249741522
2030019364498,31.12.2024 00:32,серГЕй сидоров,+7 9804 22 20,2,ИГРуШка Мяч,2,565.05,34.95,pROCeSsIng,подарок вовремя,08.12.2024,4893733249741522
2030019363526,2024-12-01 21:47:15,ОЛьГа кУзнЕЦОвА,+7(9142)15-75,4,пОдПИСка НА ГАЗЕту,1,499.34,100.66,prOcESsing,подарок вовремя,2024/12/23,8028229425866852
2030019363526,2024-12-01 21:47:15,ОЛьГа кУзнЕЦОвА,+7(9142)15-75,4,поДПИска НА ГАЗЕТУ,2,1043.23,156.77,PrOCEssINg,подарок вовремя,2024/12/23,8028229425866852
2030019362516,2024-12-13 17:12:39,НАТАЛьЯ вАсИлЬЕва,+7(9880)44-08,3,аМуНициЯ Для сОбАк,4,4281.93,518.07,cAncelleD,Проверить наличие,2024/12/22,9933596151120583
2030019361518,09.12.2024 21:03,ЕлеНа нОВикоВа,8(9348) 00-07,2,иГРУШкА мЯЧ,4,1008.16,191.84,cANceLlEd,Проверить наличие,2024-12-26,3688783830222687
2030019361518,09.12.2024 21:03,ЕлеНа нОВикоВа,8(9348) 00-07,5,мОЛОкО,3,7867.72,1132.28,cAncELlEd,Проверить наличие,2024-12-26,3688783830222687
2030019361518,09.12.2024 21:03,ЕлеНа нОВикоВа,8(9348) 00-07,5,молоко,4,11712.58,287.42,CAncELlED,Проверить наличие,2024-12-26,3688783830222687
2030019361518,09.12.2024 21:03,ЕлеНа нОВикоВа,8(9348) 00-07,2,игрУшКа Мяч,2,490.36,109.64,CancElLed,Проверить наличие,2024-12-26,3688783830222687
2030019360228,2024-12-23 01:45:20,МИХАИЛ орЛОв,8(9770) 22-40,2,иГрУшКа мЯЧ,5,1215.49,284.51,pRoCEsSIng,Ждём с нетерпением!,17.12.2024,2486948858789749
2030019359212,31.12.2024 03:50,АлеКсей михАйлов,+7(9700)57-99,3,аМуНиЦИЯ ДлЯ СОбАК,5,5664.21,335.79,COmpleTED,спасибо за заказ,24.12.2024,7241007890662505
2030019359212,31.12.2024 03:50,АлеКсей михАйлов,+7(9700)57-99,2,ИГруШкА МЯЧ,1,254.11,45.89,cOmpLETed,спасибо за заказ,24.12.2024,7241007890662505
2030019358999,2024/12/21 05:08:13,ДМитРИЙ КузнЕцов,8(9161) 14-44,5,МОЛоКо,5,12534.7,2465.3,cOmpletED,спасибо за заказ,2024-12-03,1766868362697805
2030019358999,2024/12/21 05:08:13,ДМитРИЙ КузнЕцов,8(9161) 14-44,4,поДпИсКА НА ГаЗеТУ,1,547.82,52.18,cOMPLETEd,спасибо за заказ,2024-12-03,1766868362697805
2030019358999,2024/12/21 05:08:13,ДМитРИЙ КузнЕцов,8(9161) 14-44,4,ПоДПИскА на гаЗЕТу,4,2228.06,171.94,cOMpLeted,спасибо за заказ,2024-12-03,1766868362697805
2030019358999,2024/12/21 05:08:13,ДМитРИЙ КузнЕцов,8(9161) 14-44,1,корМ длЯ СоБАк,3,1350.66,149.34,coMplEtED,спасибо за заказ,2024-12-03,1766868362697805
2030019357301,29.12.2024 20:43,аннА СмИРНова,+7(9301)56-78,2,игРуШКа МЯч,2,551.97,48.03,PrOCEsSing,Нужно уточнить сроки,15.12.2024,5568152420069014
2030019357301,29.12.2024 20:43,аннА СмИРНова,+7(9301)56-78,1,КоРм ДЛя сОбаК,5,2249.39,250.61,PrOCesSiNg,Нужно уточнить сроки,15.12.2024,5568152420069014
2030019357301,29.12.2024 20:43,аннА СмИРНова,+7(9301)56-78,1,КОРм для СоБАк,4,1890.15,109.85,pROCesSing,Нужно уточнить сроки,15.12.2024,5568152420069014
2030019357301,29.12.2024 20:43,аннА СмИРНова,+7(9301)56-78,2,игРУшКА мЯЧ,2,521.21,78.79,pROcesSing,Нужно уточнить сроки,15.12.2024,5568152420069014
2030019356574,2024/12/11 06:36:51,мариЯ ПетрОва,+7(9484)12-32,2,иГРушкА мЯч,4,1137.62,62.38,PRocEsSing,Нужно уточнить сроки,26.12.2024,6386007795226472
2030019356574,2024/12/11 06:36:51,мариЯ ПетрОва,+7(9484)12-32,5,МОлоКо,2,4905.81,1094.19,PRoCEssING,Нужно уточнить сроки,26.12.2024,6386007795226472
2030019356574,2024/12/11 06:36:51,мариЯ ПетрОва,+7(9484)12-32,1,кОРМ длЯ СОбАК,5,2121.5,378.5,prOcESSInG,Нужно уточнить сроки,26.12.2024,6386007795226472
2030019356574,2024/12/11 06:36:51,мариЯ ПетрОва,+7(9484)12-32,4,ПОдПиСКА НА ГАЗету,5,2645.59,354.41,PRoceSSINg,Нужно уточнить сроки,26.12.2024,6386007795226472
2030019356574,2024/12/11 06:36:51,мариЯ ПетрОва,+7(9484)12-32,4,пОдПИСка нА гАЗетУ,4,1972.55,427.45,PRoceSSinG,Нужно уточнить сроки,26.12.2024,6386007795226472
2030019355426,27.12.2024 18:05,дМитРиЙ КуЗнеЦоВ,+7 9587 32 74,4,пОДПИсКа на ГаЗЕТу,1,520.08,79.92,proCEsSING,"Задержка с доставкой, печалька...",2024/12/26,4200561496185992
2030019355426,27.12.2024 18:05,дМитРиЙ КуЗнеЦоВ,+7 9587 32 74,2,ИгрУШка мяч,1,263.52,36.48,PRocessING,"Задержка с доставкой, печалька...",2024/12/26,4200561496185992
2030019355426,27.12.2024 18:05,дМитРиЙ КуЗнеЦоВ,+7 9587 32 74,1,коРМ дЛЯ Собак,1,471.77,28.23,ProcesSInG,"Задержка с доставкой, печалька...",2024/12/26,4200561496185992
2030019355426,27.12.2024 18:05,дМитРиЙ КуЗнеЦоВ,+7 9587 32 74,4,ПоДпИСка нА гАЗЕту,3,1458.61,341.39,prOCESSinG,"Задержка с доставкой, печалька...",2024/12/26,4200561496185992
2030019354624,2024-12-20 06:58:56,ИваН ивАНОВ,8(9898) 61-70,1,КОрм дЛя СОбАК,3,1299.42,200.58,PROCESSInG,подарок вовремя,2024-12-03,9796580264790137
2030019353476,2024-12-31 13:20:50,ИвАН ивАнов,8(9329) 21-63,4,ПОдПИСка нА гАзЕтУ,4,2186.89,213.11,caNcelLed,Ждём с нетерпением!,2024-12-10,1302876547015054
2030019353476,2024-12-31 13:20:50,ИвАН ивАнов,8(9329) 21-63,3,АМУнИЦИя дЛя СоБак,1,1132.74,67.26,caNCellEd,Ждём с нетерпением!,2024-12-10,1302876547015054
2030019353476,2024-12-31 13:20:50,ИвАН ивАнов,8(9329) 21-63,2,иГруШка МЯч,3,813.31,86.69,CanCELLed,Ждём с нетерпением!,2024-12-10,1302876547015054
2030019353476,2024-12-31 13:20:50,ИвАН ивАнов,8(9329) 21-63,1,кОРм ДлЯ соБаК,4,1720.92,279.08,caNcelled,Ждём с нетерпением!,2024-12-10,1302876547015054
2030019353476,2024-12-31 13:20:50,ИвАН ивАнов,8(9329) 21-63,1,кОРм Для сОБак,3,1329.21,170.79,CAncElLEd,Ждём с нетерпением!,2024-12-10,1302876547015054
2030019352613,2024-12-16 22:51:11,оЛьга куЗНЕЦоВА,+7 9877 00 03,5,мОЛОКО,2,5804.96,195.04,caNCELLED,Всё отлично!,2024/12/11,0021769025370715
2030019352613,2024-12-16 22:51:11,оЛьга куЗНЕЦоВА,+7 9877 00 03,3,АМУНиЦИя для СоБак,3,3599.03,0.97,cAncELLed,Всё отлично!,2024/12/11,0021769025370715
2030019352613,2024-12-16 22:51:11,оЛьга куЗНЕЦоВА,+7 9877 00 03,3,АМУНиЦия дЛя СоБАК,1,1177.5,22.5,CanCELLed,Всё отлично!,2024/12/11,0021769025370715
2030019352613,2024-12-16 22:51:11,оЛьга куЗНЕЦоВА,+7 9877 00 03,3,амуНИцИя дЛЯ СобаК,1,1137.97,62.03,CancElLEd,Всё отлично!,2024/12/11,0021769025370715
2030019352613,2024-12-16 22:51:11,оЛьга куЗНЕЦоВА,+7 9877 00 03,1,коРМ длЯ СоБАк,4,1756.8,243.2,cANCeLLed,Всё отлично!,2024/12/11,0021769025370715
2030019351714,2024/12/19 21:21:48,ЕЛеНА НОвИКОВА,+7(9603)29-79,1,КОРМ ДЛЯ собАк,5,2253.65,246.35,completed,Всё отлично!,2024-12-26,4674603134916191
2030019351714,2024/12/19 21:21:48,ЕЛеНА НОвИКОВА,+7(9603)29-79,4,пОДПИска На гАзЕтУ,3,1492.94,307.06,complEtEd,Всё отлично!,2024-12-26,4674603134916191
2030019351714,2024/12/19 21:21:48,ЕЛеНА НОвИКОВА,+7(9603)29-79,5,МоЛОко,1,2664.64,335.36,ComPLETED,Всё отлично!,2024-12-26,4674603134916191
2030019351714,2024/12/19 21:21:48,ЕЛеНА НОвИКОВА,+7(9603)29-79,3,АмунИЦИя Для СОбаК,3,3276.08,323.92,COMPletEd,Всё отлично!,2024-12-26,4674603134916191
2030019350648,14.12.2024 18:11,мАРиЯ Петрова,+7 9568 66 55,1,корМ дЛЯ СОБАК,3,1473.68,26.32,COmPLEtED,Нужно уточнить сроки,21.12.2024,2530756895914501
2030019350648,14.12.2024 18:11,мАРиЯ Петрова,+7 9568 66 55,1,КОрм ДЛЯ соБаК,1,421.74,78.26,cOmPLeTED,Нужно уточнить сроки,21.12.2024,2530756895914501
2030019350648,14.12.2024 18:11,мАРиЯ Петрова,+7 9568 66 55,3,амУнИцИЯ для собаК,5,5350.8,649.2,comPLEtED,Нужно уточнить сроки,21.12.2024,2530756895914501
2030019349449,2024/12/16 23:03:56,НАтАлья ваСИлЬЕвА,+7 9534 62 74,5,моЛОКо,4,11951.75,48.25,cANCeLlEd,"Задержка с доставкой, печалька...",17.12.2024,9998037645408474
2030019349449,2024/12/16 23:03:56,НАтАлья ваСИлЬЕвА,+7 9534 62 74,3,АМуНициЯ дЛЯ сОБаК,5,5263.81,736.19,CANcelLED,"Задержка с доставкой, печалька...",17.12.2024,9998037645408474
2030019348375,2024/12/25 20:26:02,ИваН ИВАНоВ,+7(9824)35-28,1,кОрм дЛя СОбак,5,2396.95,103.05,proCEssING,подарок вовремя,2024-12-05,6718706991076629
2030019348375,2024/12/25 20:26:02,ИваН ИВАНоВ,+7(9824)35-28,1,КОрм ДЛЯ сОБАК,3,1410.06,89.94,pRoCEssing,подарок вовремя,2024-12-05,6718706991076629
2030019348375,2024/12/25 20:26:02,ИваН ИВАНоВ,+7(9824)35-28,2,ИГрушКА МЯч,3,899.5,0.5,proCEsSIng,подарок вовремя,2024-12-05,6718706991076629
2030019348375,2024/12/25 20:26:02,ИваН ИВАНоВ,+7(9824)35-28,1,КОрм для сОБАк,5,2020.56,479.44,ProCEsSINg,подарок вовремя,2024-12-05,6718706991076629
2030019348375,2024/12/25 20:26:02,ИваН ИВАНоВ,+7(9824)35-28,4,поДпиСКА На газетУ,3,1596.12,203.88,pRocESSing,подарок вовремя,2024-12-05,6718706991076629
2030019347448,09.12.2024 13:18,ОлЬга КУзНеЦоВа,+7 9473 18 96,1,коРм дЛЯ СобАк,1,444.26,55.74,CaNcelLEd,спасибо за заказ,29.12.2024,6199009269984022
2030019346639,2024/12/19 11:23:08,аЛЕкСей МихАЙЛОв,+7(9329)06-96,2,игрушКа МяЧ,5,1291.14,208.86,CaNCelLED,спасибо за заказ,24.12.2024,7032852275353745
2030019346639,2024/12/19 11:23:08,аЛЕкСей МихАЙЛОв,+7(9329)06-96,4,ПодПиска нА гАзЕТу,5,2634.62,365.38,cAncElLEd,спасибо за заказ,24.12.2024,7032852275353745
2030019345609,2024/12/14 19:12:12,МИхаИл оРлоВ,+7 9044 79 80,5,мОЛОко,5,12774.11,2225.89,caNceLLeD,Ждём с нетерпением!,2024-12-29,1188655382110804
2030019345609,2024/12/14 19:12:12,МИхаИл оРлоВ,+7 9044 79 80,1,корМ дЛя СОБАК,4,1938.88,61.12,cANcElLED,Ждём с нетерпением!,2024-12-29,1188655382110804
2030019344519,06.12.2024 23:15,ОЛьГА кУЗнеЦОВа,+7 9777 32 94,3,АМунИЦиЯ дЛя СОбАк,5,5603.77,396.23,pROCEsSING,спасибо за заказ,2024-12-25,4824954270863302
2030019344519,06.12.2024 23:15,ОЛьГА кУЗнеЦОВа,+7 9777 32 94,3,АМунИЦия длЯ СОБАк,3,3421.47,178.53,pROCEssING,спасибо за заказ,2024-12-25,4824954270863302
2030019344519,06.12.2024 23:15,ОЛьГА кУЗнеЦОВа,+7 9777 32 94,3,амУнИЦиЯ ДлЯ собАк,3,3018.1,581.9,ProcEsSING,спасибо за заказ,2024-12-25,4824954270863302
2030019344519,06.12.2024 23:15,ОЛьГА кУЗнеЦОВа,+7 9777 32 94,4,ПОдпИСкА НА ГАзЕту,2,1134.4,65.6,PRoCeSsing,спасибо за заказ,2024-12-25,4824954270863302
2030019344519,06.12.2024 23:15,ОЛьГА кУЗнеЦОВа,+7 9777 32 94,3,АмУниЦИЯ длЯ соБАк,4,4634.08,165.92,prOCessIng,спасибо за заказ,2024-12-25,4824954270863302
2030019343129,2024-12-19 09:04:07,МихаиЛ орлОв,8(9681) 65-67,5,молОКо,1,2640.59,359.41,PrOcEssiNG,спасибо за заказ,2024-12-12,1413181121195748
2030019343129,2024-12-19 09:04:07,МихаиЛ орлОв,8(9681) 65-67,2,ИГрУшКА мяЧ,3,760.18,139.82,PrOCesSing,спасибо за заказ,2024-12-12,1413181121195748
2030019343129,2024-12-19 09:04:07,МихаиЛ орлОв,8(9681) 65-67,4,ПОдпиСКа НА газету,3,1556.66,243.34,PROcESSiNg,спасибо за заказ,2024-12-12,1413181121195748
2030019343129,2024-12-19 09:04:07,МихаиЛ орлОв,8(9681) 65-67,4,ПОДПиСКа На гаЗету,1,498.44,101.56,ProcESSING,спасибо за заказ,2024-12-12,1413181121195748
2030019342823,2024/12/06 02:24:39,МихАиЛ ОРЛов,8(9930) 79-19,2,игРушКа МЯЧ,3,878.27,21.73,COMpLeTED,Нужно уточнить сроки,2024-12-11,4775344772727442
2030019342823,2024/12/06 02:24:39,МихАиЛ ОРЛов,8(9930) 79-19,3,аМуНИцИя Для СоБак,3,3228.06,371.94,CompLeted,Нужно уточнить сроки,2024-12-11,4775344772727442
2030019342823,2024/12/06 02:24:39,МихАиЛ ОРЛов,8(9930) 79-19,5,Молоко,5,14173.2,826.8,COmPLETED,Нужно уточнить сроки,2024-12-11,4775344772727442
2030019342823,2024/12/06 02:24:39,МихАиЛ ОРЛов,8(9930) 79-19,1,КоРМ дЛЯ Собак,5,2399.3,100.7,cOMpLEted,Нужно уточнить сроки,2024-12-11,4775344772727442
2030019341132,20.12.2024 00:29,АлЕКСеЙ МиХайЛОв,8(9392) 31-88,2,ИГРУшка МЯЧ,5,1397.97,102.03,cOMPLEtEd,Нужно уточнить сроки,12.12.2024,4916170769364779
2030019341132,20.12.2024 00:29,АлЕКСеЙ МиХайЛОв,8(9392) 31-88,3,амунИцИя длЯ СОБАК,2,1951.01,448.99,ComPlEtEd,Нужно уточнить сроки,12.12.2024,4916170769364779
2030019340587,13.12.2024 07:40,СерГей сИДоров,+7(9587)00-38,2,иГрушка МЯч,1,288.46,11.54,CaNCElled,Всё отлично!,02.12.2024,1487055033858587
2030019340587,13.12.2024 07:40,СерГей сИДоров,+7(9587)00-38,4,ПОДпиСКА нА ГазЕту,1,529.52,70.48,cancelLeD,Всё отлично!,02.12.2024,1487055033858587
2030019340587,13.12.2024 07:40,СерГей сИДоров,+7(9587)00-38,3,АмУНИциЯ длЯ СОБАк,1,1141.08,58.92,cAnceLleD,Всё отлично!,02.12.2024,1487055033858587
2030019339795,2024/12/09 05:22:34,аннА СМИрНОВА,+7 9070 82 01,3,АмунИцИя длЯ собак,4,4728.84,71.16,CAnCeLLEd,Проверить наличие,05.12.2024,0533081417045832
2030019339795,2024/12/09 05:22:34,аннА СМИрНОВА,+7 9070 82 01,2,игруШка мЯч,3,778.8,121.2,caNcEllEd,Проверить наличие,05.12.2024,0533081417045832
2030019339795,2024/12/09 05:22:34,аннА СМИрНОВА,+7 9070 82 01,1,КОРМ ДлЯ СОбак,4,1610.35,389.65,caNcelled,Проверить наличие,05.12.2024,0533081417045832
2030019338422,2024-12-05 19:54:30,МаРия пеТРовА,+7 9549 69 13,3,АМунициЯ для соБак,1,997.42,202.58,cOMPLetED,"Задержка с доставкой, печалька...",2024/12/28,0787103243621969
2030019338422,2024-12-05 19:54:30,МаРия пеТРовА,+7 9549 69 13,2,игРУШкА МЯч,1,284.93,15.07,coMPLeteD,"Задержка с доставкой, печалька...",2024/12/28,0787103243621969
2030019337510,2024-12-21 17:59:25,ольга кУЗНеЦОВа,+7 9676 59 66,3,амУнИцИЯ длЯ собаК,4,4737.81,62.19,cANcElled,Всё отлично!,2024/12/19,3572483690253801
2030019337510,2024-12-21 17:59:25,ольга кУЗНеЦОВа,+7 9676 59 66,4,поДПиСКа НА газЕту,4,1993.65,406.35,caNCelleD,Всё отлично!,2024/12/19,3572483690253801
2030019337510,2024-12-21 17:59:25,ольга кУЗНеЦОВа,+7 9676 59 66,4,ПодпИСКА НА газЕТу,1,519.74,80.26,CAnCElLEd,Всё отлично!,2024/12/19,3572483690253801
2030019337510,2024-12-21 17:59:25,ольга кУЗНеЦОВа,+7 9676 59 66,3,АМУНиЦия для сОбаК,2,2355.24,44.76,cANCElLEd,Всё отлично!,2024/12/19,3572483690253801
2030019336847,2024-12-05 03:58:03,аЛЕКсей михаЙлОВ,8(9559) 31-54,3,АМУнИЦиЯ ДЛЯ СобаК,1,1198.55,1.45,cAncELled,подарок вовремя,2024-12-25,1633681617879063
2030019335519,2024/12/27 01:07:35,НАТальЯ ВаСИЛьЕва,8(9229) 09-77,3,АМУНиция для СОБАК,4,4242.36,557.64,COmPLETEd,"Задержка с доставкой, печалька...",13.12.2024,4340730561953903
2030019334883,2024/12/02 01:17:36,мИХАИЛ орЛОв,+7 9030 72 54,5,мОлоко,2,5148.44,851.56,pROcESSing,Проверить наличие,2024/12/26,1815043046053593
2030019334883,2024/12/02 01:17:36,мИХАИЛ орЛОв,+7 9030 72 54,4,пОДпИсКа на гаЗеТу,3,1760.68,39.32,ProcESSING,Проверить наличие,2024/12/26,1815043046053593
2030019334883,2024/12/02 01:17:36,мИХАИЛ орЛОв,+7 9030 72 54,5,мОлОко,1,2932.32,67.68,PrOCessING,Проверить наличие,2024/12/26,1815043046053593
2030019334883,2024/12/02 01:17:36,мИХАИЛ орЛОв,+7 9030 72 54,3,аМУНицИя для сОбаК,4,4521.04,278.96,pRocessinG,Проверить наличие,2024/12/26,1815043046053593
2030019334883,2024/12/02 01:17:36,мИХАИЛ орЛОв,+7 9030 72 54,2,ИгРУшКа мяЧ,1,269.03,30.97,PROcessInG,Проверить наличие,2024/12/26,1815043046053593
2030019333651,2024/12/07 03:26:23,оЛьгА кузнецОВа,8(9471) 06-33,1,КОрм ДлЯ сОбАк,2,928.73,71.27,cAnCelLED,Всё отлично!,2024-12-18,5866051663843224
2030019333651,2024/12/07 03:26:23,оЛьгА кузнецОВа,8(9471) 06-33,1,корм дЛЯ СобАк,2,836.54,163.46,canCeLlEd,Всё отлично!,2024-12-18,5866051663843224
2030019333651,2024/12/07 03:26:23,оЛьгА кузнецОВа,8(9471) 06-33,5,молоко,2,5860.55,139.45,cANcELLED,Всё отлично!,2024-12-18,5866051663843224
2030019333651,2024/12/07 03:26:23,оЛьгА кузнецОВа,8(9471) 06-33,2,ИГРУшКА мяЧ,2,559.82,40.18,cAnCElLEd,Всё отлично!,2024-12-18,5866051663843224
2030019333651,2024/12/07 03:26:23,оЛьгА кузнецОВа,8(9471) 06-33,4,ПодпиСкА на газету,2,1188.93,11.07,caNcELLeD,Всё отлично!,2024-12-18,5866051663843224
2030019332828,20.12.2024 16:49,елеНа НОвИкОва,+7 9999 69 21,4,пОДПиСкА На гАзетУ,1,586.22,13.78,compLeteD,подарок вовремя,2024-12-09,8376881058329169
2030019332828,20.12.2024 16:49,елеНа НОвИкОва,+7 9999 69 21,5,МОлОкО,5,13133.42,1866.58,CoMpleTEd,подарок вовремя,2024-12-09,8376881058329169
2030019332828,20.12.2024 16:49,елеНа НОвИкОва,+7 9999 69 21,1,коРМ дЛЯ сОБАК,4,1895.26,104.74,coMpleTED,подарок вовремя,2024-12-09,8376881058329169
2030019331294,2024/12/20 13:07:21,мИХаил ОрЛов,+7 9846 06 91,2,ИГрУшкА МяЧ,3,836.89,63.11,procESsiNg,Ждём с нетерпением!,10.12.2024,2479719955478425
2030019331294,2024/12/20 13:07:21,мИХаил ОрЛов,+7 9846 06 91,1,КорМ для собаК,2,822.83,177.17,PROCessiNg,Ждём с нетерпением!,10.12.2024,2479719955478425
2030019330863,07.12.2024 20:18,МАрИЯ пЕТРОвА,8(9750) 83-46,5,моЛоко,2,5955.23,44.77,canCellEd,Нужно уточнить сроки,16.12.2024,3182863901970062
2030019330863,07.12.2024 20:18,МАрИЯ пЕТРОвА,8(9750) 83-46,2,иГРуШКА МяЧ,1,279.83,20.17,CANceLled,Нужно уточнить сроки,16.12.2024,3182863901970062
2030019330863,07.12.2024 20:18,МАрИЯ пЕТРОвА,8(9750) 83-46,3,АмуНИЦиЯ длЯ СоБак,5,5681.8,318.2,CancelleD,Нужно уточнить сроки,16.12.2024,3182863901970062
2030019330863,07.12.2024 20:18,МАрИЯ пЕТРОвА,8(9750) 83-46,5,молоКо,3,7711.97,1288.03,caNCElLEd,Нужно уточнить сроки,16.12.2024,3182863901970062
2030019330863,07.12.2024 20:18,МАрИЯ пЕТРОвА,8(9750) 83-46,1,кОрм ДЛя соБАК,2,966.49,33.51,cancelleD,Нужно уточнить сроки,16.12.2024,3182863901970062
2030019329885,2024-12-18 00:06:40,АлеКсеЙ МихаЙЛов,+7(9831)76-56,1,КОрм Для СОБак,5,2141.1,358.9,PROCEsSInG,"Задержка с доставкой, печалька...",2024-12-20,6527310953255252
2030019329885,2024-12-18 00:06:40,АлеКсеЙ МихаЙЛов,+7(9831)76-56,4,подПиСка На газеТу,1,560.1,39.9,pRocESSiNg,"Задержка с доставкой, печалька...",2024-12-20,6527310953255252
2030019328598,2024/12/13 17:17:23,НаталЬя васИЛьЕва,8(9240) 91-66,1,Корм ДЛя СоБаК,5,2473.54,26.46,ProCESsiNG,Ждём с нетерпением!,2024/12/21,1697180782736830
2030019328598,2024/12/13 17:17:23,НаталЬя васИЛьЕва,8(9240) 91-66,4,поДПиСка На гАЗету,3,1693.23,106.77,PRoCeSsInG,Ждём с нетерпением!,2024/12/21,1697180782736830
2030019328598,2024/12/13 17:17:23,НаталЬя васИЛьЕва,8(9240) 91-66,5,мОлокО,3,7315.27,1684.73,PROCEsSIng,Ждём с нетерпением!,2024/12/21,1697180782736830
2030019583747,2024-12-17 08:37:53,аННА СмиРнова,+7(9951)91-30,3,амуницИЯ для СОБАк,5,5768.53,231.47,canceLLeD,Всё отлично!,2024/12/10,8906309526652063
2030019583747,2024-12-17 08:37:53,аННА СмиРнова,+7(9951)91-30,3,АмУНицИЯ ДЛЯ сОБак,4,4616.89,183.11,CancelLeD,Всё отлично!,2024/12/10,8906309526652063
2030019583747,2024-12-17 08:37:53,аННА СмиРнова,+7(9951)91-30,5,МолокО,4,11906.95,93.05,cAncELLeD,Всё отлично!,2024/12/10,8906309526652063
2030019583747,2024-12-17 08:37:53,аННА СмиРнова,+7(9951)91-30,3,аМуНицИЯ дЛя собаК,2,1935.31,464.69,CANCELLED,Всё отлично!,2024/12/10,8906309526652063
2030019582674,2024-12-29 17:51:50,ольГА кУЗнЕЦоВА,+7 9746 24 20,2,игРуШка Мяч,1,253.3,46.7,coMPLeted,подарок вовремя,2024/12/18,1557312592730634
2030019582674,2024-12-29 17:51:50,ольГА кУЗнЕЦоВА,+7 9746 24 20,3,аМуНицИЯ Для СОбаК,3,3392.03,207.97,COmpLeTed,подарок вовремя,2024/12/18,1557312592730634
2030019582674,2024-12-29 17:51:50,ольГА кУЗнЕЦоВА,+7 9746 24 20,4,поДпИска на ГАЗЕТУ,1,570.39,29.61,COMPleTEd,подарок вовремя,2024/12/18,1557312592730634
2030019581632,2024-12-25 15:17:10,мАрИЯ ПетРоВА,+7 9594 08 30,1,кОрМ ДЛЯ сОбаК,2,844.29,155.71,canCELLED,Ждём с нетерпением!,2024/12/14,7197450885335551
2030019581632,2024-12-25 15:17:10,мАрИЯ ПетРоВА,+7 9594 08 30,3,АмУНИцИЯ длЯ СОбАК,1,1112.82,87.18,cANceLLed,Ждём с нетерпением!,2024/12/14,7197450885335551
2030019580143,02.12.2024 20:02,МАриЯ ПЕтРоВа,8(9812) 46-11,1,Корм для сОБаК,3,1401.3,98.7,CAnCeLled,Всё отлично!,2024/12/02,4743928867346304
2030019580143,02.12.2024 20:02,МАриЯ ПЕтРоВа,8(9812) 46-11,1,коРМ ДЛя СОбАК,3,1279.1,220.9,canCellED,Всё отлично!,2024/12/02,4743928867346304
2030019580143,02.12.2024 20:02,МАриЯ ПЕтРоВа,8(9812) 46-11,2,ИгРуШКа мяЧ,2,580.85,19.15,CaNcElLED,Всё отлично!,2024/12/02,4743928867346304
2030019579329,2024/12/26 23:19:57,дМиТрИй КуЗнЕцов,+7(9580)53-50,2,игрушКА мЯЧ,4,968.54,231.46,COMPleted,Проверить наличие,2024/12/19,3733948098610613
2030019579329,2024/12/26 23:19:57,дМиТрИй КуЗнЕцов,+7(9580)53-50,5,МОлоКО,3,8827.46,172.54,comPlETeD,Проверить наличие,2024/12/19,3733948098610613
2030019579329,2024/12/26 23:19:57,дМиТрИй КуЗнЕцов,+7(9580)53-50,2,ИГРушКа Мяч,3,769.08,130.92,CoMPlETED,Проверить наличие,2024/12/19,3733948098610613
2030019579329,2024/12/26 23:19:57,дМиТрИй КуЗнЕцов,+7(9580)53-50,3,АМунИЦИЯ Для соБАК,2,1951.4,448.6,ComPLeteD,Проверить наличие,2024/12/19,3733948098610613
2030019578752,2024-12-30 10:02:20,мАрИя ПЕТрОва,8(9190) 67-30,5,мОлОкО,3,7492.85,1507.15,cOmPlETed,спасибо за заказ,2024-12-25,8193256660260751
2030019577593,2024/12/16 11:25:19,МИХАил ОрлОв,8(9498) 86-68,5,мОлОко,3,8808.78,191.22,CAncELLED,"Задержка с доставкой, печалька...",08.12.2024,0216675013074276
2030019577593,2024/12/16 11:25:19,МИХАил ОрлОв,8(9498) 86-68,4,ПОдпиСКа на гаЗЕТу,1,497.19,102.81,CAncELLed,"Задержка с доставкой, печалька...",08.12.2024,0216675013074276
2030019576415,2024/12/05 04:44:14,сергей сидорОв,8(9929) 66-05,3,амуНицИя дЛя СОБАк,2,1929.29,470.71,CoMplETed,"Задержка с доставкой, печалька...",2024/12/02,1043143823698050
2030019576415,2024/12/05 04:44:14,сергей сидорОв,8(9929) 66-05,5,МОлоКо,5,12478.53,2521.47,COmPleTEd,"Задержка с доставкой, печалька...",2024/12/02,1043143823698050
2030019576415,2024/12/05 04:44:14,сергей сидорОв,8(9929) 66-05,3,АмУнИция ДлЯ сОБАК,5,5883.28,116.72,CoMPleTED,"Задержка с доставкой, печалька...",2024/12/02,1043143823698050
2030019576415,2024/12/05 04:44:14,сергей сидорОв,8(9929) 66-05,2,игрушка МЯЧ,4,998.03,201.97,ComPlETeD,"Задержка с доставкой, печалька...",2024/12/02,1043143823698050
2030019575328,2024-12-26 14:52:20,НАТалЬЯ ВаСильЕВА,8(9384) 00-55,4,ПОдписка На гАзЕтУ,1,586.44,13.56,cancELLeD,Ждём с нетерпением!,2024/12/09,1513676709587244
2030019575328,2024-12-26 14:52:20,НАТалЬЯ ВаСильЕВА,8(9384) 00-55,2,ИгрушКА мЯЧ,5,1225.69,274.31,CaNcELLED,Ждём с нетерпением!,2024/12/09,1513676709587244
2030019575328,2024-12-26 14:52:20,НАТалЬЯ ВаСильЕВА,8(9384) 00-55,4,подПисКА На ГазеТу,2,1105.61,94.39,cancElLeD,Ждём с нетерпением!,2024/12/09,1513676709587244
2030019575328,2024-12-26 14:52:20,НАТалЬЯ ВаСильЕВА,8(9384) 00-55,4,пОДПисКа нА ГаЗЕТУ,1,509.25,90.75,CAnceLLeD,Ждём с нетерпением!,2024/12/09,1513676709587244
2030019575328,2024-12-26 14:52:20,НАТалЬЯ ВаСильЕВА,8(9384) 00-55,2,игрушка мяч,5,1411.01,88.99,cANcEllED,Ждём с нетерпением!,2024/12/09,1513676709587244
2030019574129,10.12.2024 17:10,МихАИл оРЛов,8(9699) 93-41,5,МолОКо,4,11704.99,295.01,cancELLeD,Всё отлично!,2024/12/19,6220362769253879
2030019574129,10.12.2024 17:10,МихАИл оРЛов,8(9699) 93-41,2,иГРуШКА мяч,4,1046.35,153.65,CancELled,Всё отлично!,2024/12/19,6220362769253879
2030019574129,10.12.2024 17:10,МихАИл оРЛов,8(9699) 93-41,3,АМУНИЦИЯ дЛя СобАк,4,4678.58,121.42,CAnCELLED,Всё отлично!,2024/12/19,6220362769253879
2030019573950,2024-12-19 21:22:50,ИваН ИвАнов,8(9126) 89-00,2,ИгРуШка мяЧ,2,498.07,101.93,cANCELlEd,спасибо за заказ,2024-12-22,6720975081590247
2030019572763,2024-12-23 17:12:46,СеРГЕЙ СИдОРОв,+7 9366 35 69,3,амунИциЯ дЛя собак,2,1936.61,463.39,CaNcellED,Проверить наличие,2024-12-31,7609458712090391
2030019572763,2024-12-23 17:12:46,СеРГЕЙ СИдОРОв,+7 9366 35 69,4,подПИСка нА гаЗеТу,2,992.05,207.95,CaNCelLED,Проверить наличие,2024-12-31,7609458712090391
2030019571358,23.12.2024 13:54,МихаИЛ оРлов,8(9285) 05-00,5,молоко,1,2596.97,403.03,PrOcessiNg,подарок вовремя,2024-12-11,6515838281299987
2030019571358,23.12.2024 13:54,МихаИЛ оРлов,8(9285) 05-00,2,игРУшКа мяЧ,4,1078.32,121.68,prOceSSinG,подарок вовремя,2024-12-11,6515838281299987
2030019571358,23.12.2024 13:54,МихаИЛ оРлов,8(9285) 05-00,4,ПоДПИСкА на ГАЗЕТу,4,2364.65,35.35,prOCEsSINg,подарок вовремя,2024-12-11,6515838281299987
2030019570675,06.12.2024 13:41,аННА СМИРновА,+7 9630 21 30,5,МолоКО,5,12159.04,2840.96,comPLETeD,"Задержка с доставкой, печалька...",2024/12/30,1920554146590271
2030019570675,06.12.2024 13:41,аННА СМИРновА,+7 9630 21 30,1,кОрМ дЛЯ сОБАК,2,934.79,65.21,coMPleted,"Задержка с доставкой, печалька...",2024/12/30,1920554146590271
2030019569992,28.12.2024 18:46,иВАн иВаноВ,8(9127) 87-59,3,АмуницИЯ дЛЯ собаК,1,1106.5,93.5,cAnCElleD,"Задержка с доставкой, печалька...",17.12.2024,8049508714607606
2030019568681,2024/12/30 23:29:44,оЛЬгА кУзНецОва,+7(9395)98-89,5,мОлокО,5,12715.87,2284.13,PROcEssIng,"Задержка с доставкой, печалька...",2024-12-02,7242492799046263
2030019568681,2024/12/30 23:29:44,оЛЬгА кУзНецОва,+7(9395)98-89,2,ИГРУшка МЯч,4,967.19,232.81,PRoCesSInG,"Задержка с доставкой, печалька...",2024-12-02,7242492799046263
2030019568681,2024/12/30 23:29:44,оЛЬгА кУзНецОва,+7(9395)98-89,2,ИгрУШКа мЯч,2,481.21,118.79,pRocEsSIng,"Задержка с доставкой, печалька...",2024-12-02,7242492799046263
2030019567546,2024-12-03 21:05:40,АЛЕКСей МиХАЙлОВ,+7 9313 98 19,3,АмУНИцИЯ ДЛя сОБАк,2,2132.94,267.06,pRoceSsinG,Проверить наличие,2024/12/13,5030971510006181
2030019567546,2024-12-03 21:05:40,АЛЕКСей МиХАЙлОВ,+7 9313 98 19,3,аМуНициЯ ДЛя собАК,4,4023.39,776.61,ProcESsING,Проверить наличие,2024/12/13,5030971510006181
2030019566657,25.12.2024 17:29,алЕКСей мИХАйЛОв,8(9513) 15-29,2,ИГруШКа мяч,2,510.88,89.12,CAnceLLeD,Ждём с нетерпением!,2024/12/11,9225642565193369
2030019565270,15.12.2024 20:21,ольГа куЗНЕцОВА,8(9918) 12-71,5,МолоКО,3,7895.2,1104.8,CaNcElled,подарок вовремя,2024-12-25,2613671176005648
2030019565270,15.12.2024 20:21,ольГа куЗНЕцОВА,8(9918) 12-71,2,игРУШКА МЯЧ,2,502.77,97.23,cancElLeD,подарок вовремя,2024-12-25,2613671176005648
2030019565270,15.12.2024 20:21,ольГа куЗНЕцОВА,8(9918) 12-71,1,кОРМ ДЛя СОбаК,3,1453.35,46.65,CANcEllEd,подарок вовремя,2024-12-25,2613671176005648
2030019565270,15.12.2024 20:21,ольГа куЗНЕцОВА,8(9918) 12-71,3,АМУНиЦиЯ дЛя соБаК,1,1103.34,96.66,CaNCELLED,подарок вовремя,2024-12-25,2613671176005648
2030019564483,2024-12-27 15:36:51,иВАн ИВАНОВ,8(9356) 02-51,1,КОрм Для СОБак,4,1735.0,265.0,COmPletED,Проверить наличие,2024/12/03,9514270764417094
2030019564483,2024-12-27 15:36:51,иВАн ИВАНОВ,8(9356) 02-51,2,иГрУшКА МЯч,3,794.71,105.29,CoMPlEted,Проверить наличие,2024/12/03,9514270764417094
2030019564483,2024-12-27 15:36:51,иВАн ИВАНОВ,8(9356) 02-51,3,АМуНициЯ ДЛя СОбак,3,3512.23,87.77,comPlEted,Проверить наличие,2024/12/03,9514270764417094
2030019564483,2024-12-27 15:36:51,иВАн ИВАНОВ,8(9356) 02-51,1,КоРМ ДЛЯ СоБак,1,444.77,55.23,CompLEteD,Проверить наличие,2024/12/03,9514270764417094
2030019564483,2024-12-27 15:36:51,иВАн ИВАНОВ,8(9356) 02-51,3,аМУНицИЯ ДЛя собАК,4,3899.19,900.81,CoMPLeTeD,Проверить наличие,2024/12/03,9514270764417094
2030019563683,26.12.2024 04:25,анНА СМИРНовА,8(9867) 08-05,5,молоКО,4,11337.46,662.54,CaNCeLlEd,Всё отлично!,2024/12/12,4278987311301156
2030019563683,26.12.2024 04:25,анНА СМИРНовА,8(9867) 08-05,4,ПоДПИсКА НА ГазЕтУ,5,2696.37,303.63,CancellED,Всё отлично!,2024/12/12,4278987311301156
2030019563683,26.12.2024 04:25,анНА СМИРНовА,8(9867) 08-05,5,МоЛОко,2,5026.66,973.34,CANCelleD,Всё отлично!,2024/12/12,4278987311301156
2030019563683,26.12.2024 04:25,анНА СМИРНовА,8(9867) 08-05,2,игруШкА МЯч,4,1001.29,198.71,caNCelLEd,Всё отлично!,2024/12/12,4278987311301156
2030019562133,2024/12/25 03:56:45,нАТАЛья ВасиЛьеВа,+7 9271 72 16,3,АМунИЦИЯ дЛя СОБаК,4,4788.55,11.45,CoMPlETEd,Нужно уточнить сроки,13.12.2024,9058906529010205
2030019561216,09.12.2024 14:41,СерГЕЙ сиДОРоВ,+7(9410)57-90,4,подПИСКа НА гАзЕтУ,1,493.06,106.94,coMpletED,подарок вовремя,2024-12-01,4864827067816281
2030019560237,18.12.2024 22:57,елЕНА НОвикоВа,+7 9233 01 00,2,иГРуШКА мяЧ,5,1267.94,232.06,caNceLled,"Задержка с доставкой, печалька...",2024/12/26,9791217112910507
2030019560237,18.12.2024 22:57,елЕНА НОвикоВа,+7 9233 01 00,4,ПОдПиСкА на газЕТУ,4,2095.83,304.17,CAncellED,"Задержка с доставкой, печалька...",2024/12/26,9791217112910507
2030019559395,06.12.2024 02:02,мАрИЯ ПЕтрова,+7(9011)37-75,4,пОдпИсКа на ГАзЕТу,2,1047.1,152.9,ComPlEtED,Всё отлично!,2024-12-25,2331987988300098
2030019559395,06.12.2024 02:02,мАрИЯ ПЕтрова,+7(9011)37-75,5,МоЛОкО,4,11472.0,528.0,COmpleTed,Всё отлично!,2024-12-25,2331987988300098
2030019558311,2024/12/23 23:50:03,наТАлЬя ВаСИлЬеВА,+7 9663 43 32,1,КОрм ДЛя СоБаК,2,977.95,22.05,PROcEssing,Ждём с нетерпением!,17.12.2024,1848936701974669
2030019558311,2024/12/23 23:50:03,наТАлЬя ВаСИлЬеВА,+7 9663 43 32,5,МолоКо,5,14123.79,876.21,pRoCEssING,Ждём с нетерпением!,17.12.2024,1848936701974669
2030019557754,07.12.2024 10:59,МАриЯ пеТрОвА,+7(9298)54-74,1,кОРМ ДЛЯ собак,5,2198.55,301.45,cANCeLlEd,спасибо за заказ,2024-12-03,2938025706412136
2030019557754,07.12.2024 10:59,МАриЯ пеТрОвА,+7(9298)54-74,4,пОдПиСка нА ГаЗеТУ,4,1966.0,434.0,CAncElled,спасибо за заказ,2024-12-03,2938025706412136
2030019557754,07.12.2024 10:59,МАриЯ пеТрОвА,+7(9298)54-74,3,АмуниЦия ДЛя СОбАк,3,3246.23,353.77,cancElLED,спасибо за заказ,2024-12-03,2938025706412136
2030019557754,07.12.2024 10:59,МАриЯ пеТрОвА,+7(9298)54-74,5,мОЛОКО,1,2696.9,303.1,canCElLed,спасибо за заказ,2024-12-03,2938025706412136
2030019556696,2024-12-02 21:02:53,ИваН иванов,+7(9504)96-95,1,КоРМ для соБАК,1,455.53,44.47,PrOCEssiNG,Ждём с нетерпением!,2024/12/20,4221224568661367
2030019556696,2024-12-02 21:02:53,ИваН иванов,+7(9504)96-95,1,Корм ДЛЯ СОБАк,5,2350.97,149.03,pRoceSsiNg,Ждём с нетерпением!,2024/12/20,4221224568661367
2030019556696,2024-12-02 21:02:53,ИваН иванов,+7(9504)96-95,5,моЛОкО,3,7867.94,1132.06,PrOcEssiNg,Ждём с нетерпением!,2024/12/20,4221224568661367
2030019555108,2024-12-25 14:57:11,алЕкСЕй МИХаЙлОВ,+7(9981)71-28,5,молОКО,1,2948.31,51.69,COMplETED,спасибо за заказ,03.12.2024,7083903014624712
2030019554161,02.12.2024 19:59,ЕлЕнА НоВиКова,+7 9216 85 98,2,игРушКА мяч,1,279.0,21.0,cOmpLETEd,Всё отлично!,2024/12/29,7620387484722035
2030019554161,02.12.2024 19:59,ЕлЕнА НоВиКова,+7 9216 85 98,3,АмУнИЦИя ДЛя СоБак,2,2215.7,184.3,ComPlETED,Всё отлично!,2024/12/29,7620387484722035
2030019554161,02.12.2024 19:59,ЕлЕнА НоВиКова,+7 9216 85 98,2,игрушКА МЯЧ,2,566.63,33.37,coMPleTeD,Всё отлично!,2024/12/29,7620387484722035
2030019554161,02.12.2024 19:59,ЕлЕнА НоВиКова,+7 9216 85 98,1,коРМ ДЛя СОБаК,3,1217.66,282.34,cOMplETed,Всё отлично!,2024/12/29,7620387484722035
2030019554161,02.12.2024 19:59,ЕлЕнА НоВиКова,+7 9216 85 98,1,коРм дЛЯ сОбаК,1,483.93,16.07,compLETEd,Всё отлично!,2024/12/29,7620387484722035
2030019553819,2024/12/19 05:13:26,мАрИя ПЕТРОВА,+7(9058)37-73,1,КОрм длЯ СОБАк,4,1796.82,203.18,CanCeLlED,"Задержка с доставкой, печалька...",04.12.2024,2052350234059147
2030019553819,2024/12/19 05:13:26,мАрИя ПЕТРОВА,+7(9058)37-73,3,аМУнИцИя дЛЯ сОБаК,2,2395.05,4.95,canCEllED,"Задержка с доставкой, печалька...",04.12.2024,2052350234059147
2030019553819,2024/12/19 05:13:26,мАрИя ПЕТРОВА,+7(9058)37-73,1,КОрМ ДЛя сОБак,4,1876.2,123.8,CANCeLlED,"Задержка с доставкой, печалька...",04.12.2024,2052350234059147
2030019553819,2024/12/19 05:13:26,мАрИя ПЕТРОВА,+7(9058)37-73,5,МОлоКО,3,8293.45,706.55,caNcELled,"Задержка с доставкой, печалька...",04.12.2024,2052350234059147
2030019552402,2024-12-29 18:33:24,мИхАил ОРлоВ,8(9979) 83-05,3,амуНиЦИя для соБак,3,2891.09,708.91,COmPlEted,Нужно уточнить сроки,18.12.2024,6295099804167861
2030019552402,2024-12-29 18:33:24,мИхАил ОРлоВ,8(9979) 83-05,1,КОРм дЛя СОбАК,2,817.23,182.77,coMPLETEd,Нужно уточнить сроки,18.12.2024,6295099804167861
2030019552402,2024-12-29 18:33:24,мИхАил ОРлоВ,8(9979) 83-05,3,аМунИция дЛя соБаК,2,2344.25,55.75,CoMPLetEd,Нужно уточнить сроки,18.12.2024,6295099804167861
2030019552402,2024-12-29 18:33:24,мИхАил ОРлоВ,8(9979) 83-05,3,амуНИЦИя ДлЯ собАК,3,3506.49,93.51,CoMplEtED,Нужно уточнить сроки,18.12.2024,6295099804167861
2030019552402,2024-12-29 18:33:24,мИхАил ОРлоВ,8(9979) 83-05,2,ИгрУшКА МЯч,1,295.1,4.9,coMPLeTEd,Нужно уточнить сроки,18.12.2024,6295099804167861
2030019551183,25.12.2024 16:50,ОЛьГА куЗнецоВа,8(9266) 88-44,5,МоЛОкО,4,10549.49,1450.51,pROcesSiNg,Всё отлично!,2024-12-31,3725535116921064
2030019551183,25.12.2024 16:50,ОЛьГА куЗнецоВа,8(9266) 88-44,2,игрУШКа мЯЧ,4,999.08,200.92,prOCeSsiNg,Всё отлично!,2024-12-31,3725535116921064
2030019551183,25.12.2024 16:50,ОЛьГА куЗнецоВа,8(9266) 88-44,2,ИгрУшКА МяЧ,3,809.11,90.89,pROCESSInG,Всё отлично!,2024-12-31,3725535116921064
2030019551183,25.12.2024 16:50,ОЛьГА куЗнецоВа,8(9266) 88-44,3,АМунИЦИя для СОбАк,3,3260.37,339.63,ProcessING,Всё отлично!,2024-12-31,3725535116921064
2030019551183,25.12.2024 16:50,ОЛьГА куЗнецоВа,8(9266) 88-44,4,пОдпиСкА НА гАЗеТу,3,1518.0,282.0,pRoceSsINg,Всё отлично!,2024-12-31,3725535116921064
2030019550551,31.12.2024 04:12,иван иВаНоВ,+7(9449)13-78,1,КоРМ длЯ СобАК,3,1454.96,45.04,pROcessiNG,Всё отлично!,2024-12-22,8905666632937529
2030019550551,31.12.2024 04:12,иван иВаНоВ,+7(9449)13-78,2,иГРушкА мяч,3,898.87,1.13,Processing,Всё отлично!,2024-12-22,8905666632937529
2030019550551,31.12.2024 04:12,иван иВаНоВ,+7(9449)13-78,5,МОлОКО,1,2433.2,566.8,pROCEssInG,Всё отлично!,2024-12-22,8905666632937529
2030019549950,31.12.2024 15:55,МиХаИЛ ОРлОВ,8(9282) 66-88,1,кОРм ДЛЯ соБАк,4,1795.33,204.67,caNcelled,подарок вовремя,2024-12-04,4174153489091583
2030019549950,31.12.2024 15:55,МиХаИЛ ОРлОВ,8(9282) 66-88,5,МолокО,5,13098.68,1901.32,CANcELLED,подарок вовремя,2024-12-04,4174153489091583
2030019549950,31.12.2024 15:55,МиХаИЛ ОРлОВ,8(9282) 66-88,2,ИгРУшКа МЯч,2,539.41,60.59,cancELleD,подарок вовремя,2024-12-04,4174153489091583
2030019548462,23.12.2024 20:15,наТАЛЬЯ ваСилЬЕвА,+7 9430 19 40,5,МолОкО,2,5583.68,416.32,CompLetEd,"Задержка с доставкой, печалька...",2024/12/16,6226058897727364
2030019548462,23.12.2024 20:15,наТАЛЬЯ ваСилЬЕвА,+7 9430 19 40,3,АмУНИцИя ДЛЯ СОБак,1,1023.71,176.29,CoMpLeted,"Задержка с доставкой, печалька...",2024/12/16,6226058897727364
2030019548462,23.12.2024 20:15,наТАЛЬЯ ваСилЬЕвА,+7 9430 19 40,4,ПодПиСка На гАЗЕту,2,966.04,233.96,COmplETEd,"Задержка с доставкой, печалька...",2024/12/16,6226058897727364
2030019548462,23.12.2024 20:15,наТАЛЬЯ ваСилЬЕвА,+7 9430 19 40,2,ИгРУШКа мяч,2,549.38,50.62,ComPLeTed,"Задержка с доставкой, печалька...",2024/12/16,6226058897727364
2030019547763,2024/12/29 12:49:40,натАлЬЯ васиЛЬЕВа,+7 9043 44 79,4,пОДПИСКА НА газетУ,5,2914.21,85.79,compLeTED,Ждём с нетерпением!,2024/12/23,4867700559441614
2030019547763,2024/12/29 12:49:40,натАлЬЯ васиЛЬЕВа,+7 9043 44 79,4,ПодПИСКА НА газЕТу,4,1992.14,407.86,cOMPLEteD,Ждём с нетерпением!,2024/12/23,4867700559441614
2030019547763,2024/12/29 12:49:40,натАлЬЯ васиЛЬЕВа,+7 9043 44 79,5,мОЛоко,5,12377.04,2622.96,COmPLeteD,Ждём с нетерпением!,2024/12/23,4867700559441614
2030019546846,2024/12/20 01:37:47,иваН иВаНОВ,+7 9413 50 50,3,амУнИЦия ДлЯ собАк,4,4533.45,266.55,ProCESsInG,Ждём с нетерпением!,2024/12/18,0199740816446879
2030019546846,2024/12/20 01:37:47,иваН иВаНОВ,+7 9413 50 50,4,ПоДписКА нА газету,2,1133.82,66.18,PrOceSsInG,Ждём с нетерпением!,2024/12/18,0199740816446879
2030019545803,04.12.2024 15:06,маРия ПЕтРОвА,8(9093) 36-97,2,игРуШКа мяЧ,4,1195.76,4.24,CaNCEllED,Всё отлично!,2024/12/25,2993017409465277
2030019544794,2024/12/28 04:28:15,АнНА СмИрноВА,+7(9798)91-55,1,КоРМ ДЛЯ собАк,5,2473.08,26.92,PrOCesSiNg,Ждём с нетерпением!,2024-12-15,0505031247284839
2030019544794,2024/12/28 04:28:15,АнНА СмИрноВА,+7(9798)91-55,3,амУнИцИя длЯ СОБаК,5,5194.53,805.47,pROCeSsiNg,Ждём с нетерпением!,2024-12-15,0505031247284839
2030019543178,23.12.2024 02:37,мАриЯ ПетРОвА,+7(9741)77-92,3,АМуНИциЯ ДЛЯ СОбАк,5,5018.43,981.57,PRoCESsing,Ждём с нетерпением!,14.12.2024,9143743499904340
2030019543178,23.12.2024 02:37,мАриЯ ПетРОвА,+7(9741)77-92,4,ПОДпИСКА нА гАЗЕтУ,2,1164.74,35.26,PrOCEsSing,Ждём с нетерпением!,14.12.2024,9143743499904340
2030019543178,23.12.2024 02:37,мАриЯ ПетРОвА,+7(9741)77-92,2,иГРуШКа мЯч,1,289.75,10.25,ProcESSing,Ждём с нетерпением!,14.12.2024,9143743499904340
2030019543178,23.12.2024 02:37,мАриЯ ПетРОвА,+7(9741)77-92,5,мОЛОКО,3,7355.23,1644.77,pRoceSsiNG,Ждём с нетерпением!,14.12.2024,9143743499904340
2030019542875,2024-12-29 23:19:31,ЕлЕНа нОВИКоВа,+7 9815 53 42,3,аМУниЦия ДЛя собАК,3,3065.62,534.38,pRoCESsINg,"Задержка с доставкой, печалька...",05.12.2024,4227282184232691
2030019542875,2024-12-29 23:19:31,ЕлЕНа нОВИКоВа,+7 9815 53 42,2,ИгрУшка МЯч,3,848.68,51.32,pRocEssiNg,"Задержка с доставкой, печалька...",05.12.2024,4227282184232691
2030019542875,2024-12-29 23:19:31,ЕлЕНа нОВИКоВа,+7 9815 53 42,5,моЛокО,5,12786.04,2213.96,prOCessIng,"Задержка с доставкой, печалька...",05.12.2024,4227282184232691
2030019541238,2024/12/08 13:06:38,нАТаЛЬЯ ВаСиЛЬева,+7 9387 82 12,1,кОрМ Для соБак,3,1263.69,236.31,cAnCelLEd,"Задержка с доставкой, печалька...",17.12.2024,3741281805485128
2030019540206,2024/12/26 22:38:41,АЛЕксей мИХАЙЛОВ,+7 9933 34 99,2,иГРушКа мЯч,5,1285.56,214.44,procEsSINg,Проверить наличие,2024-12-12,8872841053323461
2030019540206,2024/12/26 22:38:41,АЛЕксей мИХАЙЛОВ,+7 9933 34 99,3,АмУНИцИя ДЛя сОБаК,4,4427.92,372.08,pRoCEssIng,Проверить наличие,2024-12-12,8872841053323461
2030019540206,2024/12/26 22:38:41,АЛЕксей мИХАЙЛОВ,+7 9933 34 99,3,АмУницИЯ Для сОбаК,3,2963.76,636.24,proCeSSiNg,Проверить наличие,2024-12-12,8872841053323461
2030019540206,2024/12/26 22:38:41,АЛЕксей мИХАЙЛОВ,+7 9933 34 99,3,амуниЦИя ДлЯ соБАк,5,5861.65,138.35,proCEssING,Проверить наличие,2024-12-12,8872841053323461
2030019539644,04.12.2024 21:51,елЕНа ноВИкОВА,8(9136) 19-51,1,Корм для СОбаК,4,1736.81,263.19,compLeTEd,Проверить наличие,2024-12-22,8929852995992193
2030019539644,04.12.2024 21:51,елЕНа ноВИкОВА,8(9136) 19-51,3,АмУНИцИя дЛЯ сОБАК,2,2287.93,112.07,COmPLETeD,Проверить наличие,2024-12-22,8929852995992193
2030019539644,04.12.2024 21:51,елЕНа ноВИкОВА,8(9136) 19-51,5,мОлоКо,4,11124.86,875.14,cOmpLETEd,Проверить наличие,2024-12-22,8929852995992193
2030019539644,04.12.2024 21:51,елЕНа ноВИкОВА,8(9136) 19-51,5,моЛоКо,3,8242.58,757.42,cOMPLeTed,Проверить наличие,2024-12-22,8929852995992193
2030019539644,04.12.2024 21:51,елЕНа ноВИкОВА,8(9136) 19-51,2,игРУШКА МяЧ,5,1297.56,202.44,COmPLETeD,Проверить наличие,2024-12-22,8929852995992193
2030019538625,2024-12-31 02:02:28,МАРиЯ пЕТроВа,8(9606) 21-90,4,подписка На газетУ,4,2079.95,320.05,prOCeSSiNG,"Задержка с доставкой, печалька...",05.12.2024,6501892607529055
2030019538625,2024-12-31 02:02:28,МАРиЯ пЕТроВа,8(9606) 21-90,2,ИГрУшКА МЯч,1,247.74,52.26,pRoCeSsing,"Задержка с доставкой, печалька...",05.12.2024,6501892607529055
2030019537801,2024/12/25 03:32:04,АлЕкСеЙ МИХайЛОв,+7 9989 26 84,5,моЛокО,3,7663.49,1336.51,ProcESSing,Ждём с нетерпением!,02.12.2024,1932904871450029
2030019537801,2024/12/25 03:32:04,АлЕкСеЙ МИХайЛОв,+7 9989 26 84,2,игРУШКА МяЧ,1,253.27,46.73,PRocESSINg,Ждём с нетерпением!,02.12.2024,1932904871450029
2030019536323,2024-12-31 02:45:35,мИхаИл ОРЛОв,8(9881) 96-45,4,ПОдПискА нА гаЗЕТу,3,1625.14,174.86,ProCESsinG,подарок вовремя,2024/12/02,4619975502073881
2030019536323,2024-12-31 02:45:35,мИхаИл ОРЛОв,8(9881) 96-45,5,МОЛоко,4,11126.64,873.36,PrOCeSsing,подарок вовремя,2024/12/02,4619975502073881
2030019536323,2024-12-31 02:45:35,мИхаИл ОРЛОв,8(9881) 96-45,5,мОлоКО,2,5705.09,294.91,ProcesSING,подарок вовремя,2024/12/02,4619975502073881
2030019536323,2024-12-31 02:45:35,мИхаИл ОРЛОв,8(9881) 96-45,1,Корм ДлЯ соБАК,1,495.44,4.56,prOCESsinG,подарок вовремя,2024/12/02,4619975502073881
2030019535926,29.12.2024 13:00,МиХаИл Орлов,+7 9178 24 59,1,коРм ДлЯ собАК,4,1918.93,81.07,PrOCEssING,Проверить наличие,2024-12-24,2307672324964810
2030019535926,29.12.2024 13:00,МиХаИл Орлов,+7 9178 24 59,3,аМУнициЯ дЛЯ СОбак,3,3156.87,443.13,pRoCEsSInG,Проверить наличие,2024-12-24,2307672324964810
2030019535926,29.12.2024 13:00,МиХаИл Орлов,+7 9178 24 59,3,АмУнИцИя ДЛЯ СОбаК,5,4962.86,1037.14,PROceSsiNg,Проверить наличие,2024-12-24,2307672324964810
2030019535926,29.12.2024 13:00,МиХаИл Орлов,+7 9178 24 59,1,КОрМ Для сОбАк,5,2135.6,364.4,PrOceSsiNg,Проверить наличие,2024-12-24,2307672324964810
2030019534841,17.12.2024 11:41,михАиЛ орлОв,+7(9376)73-14,2,ИГРУшка мЯЧ,2,506.55,93.45,coMplETeD,Проверить наличие,2024-12-30,7555745829673735
2030019533907,2024-12-12 01:51:24,иВАН ИвАнОв,+7 9136 34 33,2,ИгРушКа МЯч,3,860.41,39.59,COMpLeTed,подарок вовремя,22.12.2024,7770970629744272
2030019533907,2024-12-12 01:51:24,иВАН ИвАнОв,+7 9136 34 33,5,МОЛОКО,5,13181.28,1818.72,COmPleTeD,подарок вовремя,22.12.2024,7770970629744272
2030019533907,2024-12-12 01:51:24,иВАН ИвАнОв,+7 9136 34 33,1,коРМ ДЛя сОбАК,5,2003.49,496.51,CoMPlEteD,подарок вовремя,22.12.2024,7770970629744272
2030019532282,2024-12-29 00:10:39,ОЛЬГА кУЗнеЦОва,+7 9150 45 77,3,АМУНицИЯ дЛЯ СОБак,3,2920.28,679.72,cOMpLETeD,подарок вовремя,19.12.2024,3433166894478270
2030019531819,2024/12/03 13:40:37,АННА смИрнова,+7(9069)92-59,1,кОРм для СоБАК,1,439.17,60.83,PRoCeSsinG,Всё отлично!,16.12.2024,4456727353454489
2030019531819,2024/12/03 13:40:37,АННА смИрнова,+7(9069)92-59,4,пОДпиСка На газЕтУ,2,995.54,204.46,PROCeSSiNG,Всё отлично!,16.12.2024,4456727353454489
2030019531819,2024/12/03 13:40:37,АННА смИрнова,+7(9069)92-59,5,МоЛОко,4,11618.99,381.01,ProcESSiNg,Всё отлично!,16.12.2024,4456727353454489
2030019531819,2024/12/03 13:40:37,АННА смИрнова,+7(9069)92-59,2,иГрушКА Мяч,4,1154.47,45.53,PrOcesSiNG,Всё отлично!,16.12.2024,4456727353454489
2030019530528,2024/12/06 05:02:35,миХаИЛ орЛов,+7(9566)69-97,1,КоРМ ДЛЯ СОБАк,5,2039.69,460.31,pROCesSINg,спасибо за заказ,2024-12-17,0971346155726254
2030019530528,2024/12/06 05:02:35,миХаИЛ орЛов,+7(9566)69-97,4,поДпИСКа нА ГАзеТУ,2,1163.64,36.36,PROCessiNG,спасибо за заказ,2024-12-17,0971346155726254
2030019530528,2024/12/06 05:02:35,миХаИЛ орЛов,+7(9566)69-97,1,кОРм длЯ соБАк,3,1235.63,264.37,pROceSsING,спасибо за заказ,2024-12-17,0971346155726254
2030019529522,03.12.2024 22:59,НАТаЛья ВАсИЛьева,+7 9258 32 70,2,игрУШКа мЯЧ,5,1339.24,160.76,pROcEsSINg,Проверить наличие,2024-12-30,7664937142055091
2030019528618,2024/12/09 17:47:53,алеКсей МИхАйлОВ,8(9994) 77-72,1,КОРм ДЛЯ собаК,2,938.05,61.95,canceLlED,"Задержка с доставкой, печалька...",2024-12-05,7508546879434456
2030019528618,2024/12/09 17:47:53,алеКсей МИхАйлОВ,8(9994) 77-72,1,КоРМ ДЛЯ соБак,3,1466.83,33.17,CANcELleD,"Задержка с доставкой, печалька...",2024-12-05,7508546879434456
2030019528618,2024/12/09 17:47:53,алеКсей МИхАйлОВ,8(9994) 77-72,1,Корм ДлЯ собАк,1,423.48,76.52,CanCEllED,"Задержка с доставкой, печалька...",2024-12-05,7508546879434456
2030019528618,2024/12/09 17:47:53,алеКсей МИхАйлОВ,8(9994) 77-72,5,МоЛоко,3,8042.18,957.82,caNcelled,"Задержка с доставкой, печалька...",2024-12-05,7508546879434456
2030019527787,24.12.2024 23:00,елеНА нОвиковА,+7 9879 80 09,1,коРм ДЛЯ собАк,1,493.32,6.68,CaNcEllED,Нужно уточнить сроки,2024/12/03,4222966542972457
2030019527787,24.12.2024 23:00,елеНА нОвиковА,+7 9879 80 09,2,иГРуШКа МяЧ,3,867.39,32.61,cAnCelLED,Нужно уточнить сроки,2024/12/03,4222966542972457
2030019527787,24.12.2024 23:00,елеНА нОвиковА,+7 9879 80 09,4,пОдпиСКа нА ГАЗетУ,5,2795.22,204.78,CancelLEd,Нужно уточнить сроки,2024/12/03,4222966542972457
2030019527787,24.12.2024 23:00,елеНА нОвиковА,+7 9879 80 09,3,АМУНИЦИЯ для СобАК,1,1188.47,11.53,CanCelleD,Нужно уточнить сроки,2024/12/03,4222966542972457
2030019527787,24.12.2024 23:00,елеНА нОвиковА,+7 9879 80 09,2,иГрУшка МЯч,3,784.85,115.15,CAnCELled,Нужно уточнить сроки,2024/12/03,4222966542972457
2030019526250,19.12.2024 04:49,ИВАН ИВаноВ,+7(9730)46-27,2,иГРУшКа мЯЧ,5,1370.51,129.49,CaNCeLLed,"Задержка с доставкой, печалька...",22.12.2024,7260144890193056
2030019525737,2024/12/18 00:41:02,МИхаИл ОРлОВ,+7(9519)00-12,1,КорМ ДЛя собаК,1,475.61,24.39,PrOCEssiNG,Проверить наличие,2024/12/28,1595319813910989
2030019525737,2024/12/18 00:41:02,МИхаИл ОРлОВ,+7(9519)00-12,4,поДпИсКа нА ГазЕтУ,2,1168.33,31.67,proCEsSiNG,Проверить наличие,2024/12/28,1595319813910989
2030019525737,2024/12/18 00:41:02,МИхаИл ОРлОВ,+7(9519)00-12,5,моЛОкО,2,4929.92,1070.08,PROcESSIng,Проверить наличие,2024/12/28,1595319813910989
2030019525737,2024/12/18 00:41:02,МИхаИл ОРлОВ,+7(9519)00-12,4,ПОДписКА нА гаЗЕТу,3,1746.0,54.0,proCeSsINg,Проверить наличие,2024/12/28,1595319813910989
2030019524347,21.12.2024 06:48,оЛЬга кУЗнецОВА,+7(9288)80-49,1,корМ дЛЯ СОБак,1,401.55,98.45,cANCeLlED,Проверить наличие,03.12.2024,4147246480628320
2030019524347,21.12.2024 06:48,оЛЬга кУЗнецОВА,+7(9288)80-49,5,мОЛОко,5,14333.76,666.24,CaNCElleD,Проверить наличие,03.12.2024,4147246480628320
2030019524347,21.12.2024 06:48,оЛЬга кУЗнецОВА,+7(9288)80-49,4,пОДпискА На ГАзЕту,1,557.73,42.27,canCELleD,Проверить наличие,03.12.2024,4147246480628320
2030019523250,11.12.2024 15:13,мАРИЯ петроВА,+7 9610 47 99,5,МоЛОко,4,11301.71,698.29,COmpLETed,Нужно уточнить сроки,2024-12-12,5951582812836536
2030019523250,11.12.2024 15:13,мАРИЯ петроВА,+7 9610 47 99,4,пОДпИСкА НА гАзетУ,2,1112.11,87.89,cOmpLEtEd,Нужно уточнить сроки,2024-12-12,5951582812836536
2030019523250,11.12.2024 15:13,мАРИЯ петроВА,+7 9610 47 99,5,мОлОКо,2,5913.02,86.98,COmpLeTED,Нужно уточнить сроки,2024-12-12,5951582812836536
2030019523250,11.12.2024 15:13,мАРИЯ петроВА,+7 9610 47 99,5,МолокО,5,13522.42,1477.58,complEtED,Нужно уточнить сроки,2024-12-12,5951582812836536
2030019523250,11.12.2024 15:13,мАРИЯ петроВА,+7 9610 47 99,3,аМунИциЯ ДЛЯ сОбак,1,1169.49,30.51,cOmPLetED,Нужно уточнить сроки,2024-12-12,5951582812836536
2030019522808,2024/12/26 22:24:31,СерГЕй сидОрОВ,+7(9083)23-95,2,иГрушКа мяч,1,291.69,8.31,CanCeLlED,Проверить наличие,2024-12-20,4328997468500503
2030019522808,2024/12/26 22:24:31,СерГЕй сидОрОВ,+7(9083)23-95,2,ИГРУшка мяч,5,1379.84,120.16,canCElLEd,Проверить наличие,2024-12-20,4328997468500503
2030019522808,2024/12/26 22:24:31,СерГЕй сидОрОВ,+7(9083)23-95,2,игрУшКА мЯЧ,3,853.41,46.59,CANCelLED,Проверить наличие,2024-12-20,4328997468500503
2030019522808,2024/12/26 22:24:31,СерГЕй сидОрОВ,+7(9083)23-95,3,АмуниЦИя Для СОБаК,3,3508.22,91.78,cANcEllEd,Проверить наличие,2024-12-20,4328997468500503
2030019521468,2024/12/11 13:50:13,елЕНА НОВИкова,+7 9338 18 61,2,игруШКА Мяч,2,505.74,94.26,PROCESsiNG,Проверить наличие,31.12.2024,1152704963478313
2030019521468,2024/12/11 13:50:13,елЕНА НОВИкова,+7 9338 18 61,3,амУнИЦИя длЯ СобаК,5,4910.93,1089.07,PrOCESSiNG,Проверить наличие,31.12.2024,1152704963478313
2030019520196,18.12.2024 08:21,ИВан ИВаНов,8(9644) 58-76,5,МолокО,4,10467.64,1532.36,PrOceSsiNG,подарок вовремя,17.12.2024,7227033826929966
2030019520196,18.12.2024 08:21,ИВан ИВаНов,8(9644) 58-76,4,поДпИСка На ГазеТу,5,2756.42,243.58,ProCESSinG,подарок вовремя,17.12.2024,7227033826929966
2030019520196,18.12.2024 08:21,ИВан ИВаНов,8(9644) 58-76,2,иГрУшкА Мяч,5,1437.06,62.94,prOcessiNg,подарок вовремя,17.12.2024,7227033826929966
2030019519283,2024-12-21 10:45:30,мариЯ ПеТроВА,+7 9793 29 04,3,аМуНИция ДЛя сОбАк,4,4602.73,197.27,cOMpleteD,Всё отлично!,10.12.2024,7512284122791073
2030019518522,17.12.2024 09:37,МИхаиЛ ОРлОв,+7(9542)30-43,4,ПОДПИСКА на гаЗЕтУ,3,1667.44,132.56,cANceLLed,спасибо за заказ,2024-12-31,9453239734288247
2030019517521,2024/12/12 09:36:01,иВАН ИВАНоВ,8(9927) 66-34,3,АмУНиЦИя ДлЯ соБАк,3,3526.12,73.88,ProcessInG,Всё отлично!,2024/12/11,1425253284409272
2030019517521,2024/12/12 09:36:01,иВАН ИВАНоВ,8(9927) 66-34,4,поДПИска на ГАзЕтУ,4,1955.46,444.54,proCEssING,Всё отлично!,2024/12/11,1425253284409272
2030019517521,2024/12/12 09:36:01,иВАН ИВАНоВ,8(9927) 66-34,4,ПоДписКа на гАзЕту,3,1542.51,257.49,prOCeSSiNg,Всё отлично!,2024/12/11,1425253284409272
2030019517521,2024/12/12 09:36:01,иВАН ИВАНоВ,8(9927) 66-34,3,АмУНиЦия ДЛЯ соБак,4,4734.92,65.08,pRoCesSIng,Всё отлично!,2024/12/11,1425253284409272
2030019517521,2024/12/12 09:36:01,иВАН ИВАНоВ,8(9927) 66-34,1,корМ ДЛя СобАК,3,1437.75,62.25,prOCEsSInG,Всё отлично!,2024/12/11,1425253284409272
2030019516895,2024-12-20 20:14:44,елЕНа новИКовА,+7 9322 60 15,5,моЛОкО,1,2672.0,328.0,PRoCESsing,спасибо за заказ,2024-12-12,0657802346079739
2030019516895,2024-12-20 20:14:44,елЕНа новИКовА,+7 9322 60 15,3,аМУНИЦиЯ ДЛя СОбак,3,2979.96,620.04,PRoCEsSiNG,спасибо за заказ,2024-12-12,0657802346079739
2030019515832,21.12.2024 17:59,ЕЛЕНА НовикоВА,+7 9981 04 49,5,мОлОкО,2,5864.97,135.03,PrOceSsInG,Всё отлично!,17.12.2024,6044234264453269
2030019515832,21.12.2024 17:59,ЕЛЕНА НовикоВА,+7 9981 04 49,4,поДПИскА НА гаЗЕТУ,1,487.01,112.99,ProceSSING,Всё отлично!,17.12.2024,6044234264453269
2030019515832,21.12.2024 17:59,ЕЛЕНА НовикоВА,+7 9981 04 49,2,ИГРуШКа мЯч,1,279.77,20.23,prOceSSInG,Всё отлично!,17.12.2024,6044234264453269
2030019515832,21.12.2024 17:59,ЕЛЕНА НовикоВА,+7 9981 04 49,4,ПодпИСКА На ГАЗеТУ,4,2235.0,165.0,procEsSing,Всё отлично!,17.12.2024,6044234264453269
2030019515832,21.12.2024 17:59,ЕЛЕНА НовикоВА,+7 9981 04 49,5,молОко,3,7699.27,1300.73,ProcessING,Всё отлично!,17.12.2024,6044234264453269
2030019514736,2024/12/13 09:47:06,мария пеТрОва,+7(9580)86-27,4,подпиСКА нА ГаЗЕтУ,5,2726.9,273.1,PrOcessinG,Ждём с нетерпением!,2024-12-07,3371070355066694
2030019513358,19.12.2024 06:50,оЛьГа КуЗНЕЦОвА,8(9571) 36-72,2,ИГРушкА МЯч,4,980.12,219.88,cANCellEd,Проверить наличие,2024-12-08,7773549278827777
2030019513358,19.12.2024 06:50,оЛьГа КуЗНЕЦОвА,8(9571) 36-72,2,ИГрУшкА мяЧ,5,1469.5,30.5,CANCEllED,Проверить наличие,2024-12-08,7773549278827777
2030019512838,2024/12/09 11:05:58,маРия пеТрОвА,+7(9433)73-01,5,молОкО,4,11419.17,580.83,cAncELlEd,Всё отлично!,03.12.2024,4536528925238042
2030019511553,2024/12/21 23:36:40,олЬгА кУзнецОвА,+7(9565)42-83,2,игруШКа мЯЧ,2,508.94,91.06,PROceSSInG,подарок вовремя,04.12.2024,3805237996520483
2030019511553,2024/12/21 23:36:40,олЬгА кУзнецОвА,+7(9565)42-83,4,ПОДпИскА на газеТУ,5,2553.93,446.07,ProcEssInG,подарок вовремя,04.12.2024,3805237996520483
2030019511553,2024/12/21 23:36:40,олЬгА кУзнецОвА,+7(9565)42-83,5,мОлОКО,1,2413.79,586.21,ProCeSsInG,подарок вовремя,04.12.2024,3805237996520483
2030019511553,2024/12/21 23:36:40,олЬгА кУзнецОвА,+7(9565)42-83,3,АМунИЦИя для СОбАк,1,1131.77,68.23,PRocesSinG,подарок вовремя,04.12.2024,3805237996520483
2030019511553,2024/12/21 23:36:40,олЬгА кУзнецОвА,+7(9565)42-83,1,КОРм Для сОБаК,2,815.86,184.14,PRocEsSing,подарок вовремя,04.12.2024,3805237996520483
2030019510224,30.12.2024 13:48,НАталЬЯ ВАсиЛьева,+7 9046 22 33,1,КорМ Для сОБАК,5,2201.91,298.09,processINg,подарок вовремя,2024-12-06,5584915736604348
2030019510224,30.12.2024 13:48,НАталЬЯ ВАсиЛьева,+7 9046 22 33,4,ПОДПисКА нА ГазеТу,5,2834.0,166.0,prOceSSIng,подарок вовремя,2024-12-06,5584915736604348
2030019510224,30.12.2024 13:48,НАталЬЯ ВАсиЛьева,+7 9046 22 33,1,коРМ дЛя СоБаК,1,403.34,96.66,PRoceSSinG,подарок вовремя,2024-12-06,5584915736604348
2030019509884,24.12.2024 02:07,НАтАЛья ВаСИлЬЕВа,+7 9400 06 74,4,пОДпискА На газЕТу,5,2440.07,559.93,COmpLEtED,Всё отлично!,2024-12-05,8649953410665396
2030019509884,24.12.2024 02:07,НАтАЛья ВаСИлЬЕВа,+7 9400 06 74,2,ИГРУшкА МяЧ,1,289.37,10.63,COMplETED,Всё отлично!,2024-12-05,8649953410665396
2030019508626,2024/12/17 13:03:58,Мария петроВа,+7(9580)92-60,2,игруШка МЯЧ,1,295.91,4.09,pROcessINg,Нужно уточнить сроки,2024/12/06,6923545462367270
2030019508626,2024/12/17 13:03:58,Мария петроВа,+7(9580)92-60,4,пОдПИСка нА гАзеТу,5,2954.62,45.38,pRoCESsInG,Нужно уточнить сроки,2024/12/06,6923545462367270
2030019508626,2024/12/17 13:03:58,Мария петроВа,+7(9580)92-60,1,кОрМ ДЛЯ СОБаК,1,447.4,52.6,PRocEsSiNG,Нужно уточнить сроки,2024/12/06,6923545462367270
2030019508626,2024/12/17 13:03:58,Мария петроВа,+7(9580)92-60,5,МОЛоКО,1,2422.51,577.49,PROcESsInG,Нужно уточнить сроки,2024/12/06,6923545462367270
2030019507150,2024-12-25 17:24:51,олЬга КузнеЦОВа,+7(9761)20-87,3,АмУНИциЯ для соБак,5,4877.6,1122.4,CoMpLETeD,Всё отлично!,2024/12/31,9158658645422027
2030019507150,2024-12-25 17:24:51,олЬга КузнеЦОВа,+7(9761)20-87,4,ПОДпиСкА НА гаЗЕтУ,3,1770.26,29.74,cOMPLeTeD,Всё отлично!,2024/12/31,9158658645422027
2030019507150,2024-12-25 17:24:51,олЬга КузнеЦОВа,+7(9761)20-87,3,амуниЦИя дЛя СобаК,5,5569.76,430.24,comPLetED,Всё отлично!,2024/12/31,9158658645422027
2030019507150,2024-12-25 17:24:51,олЬга КузнеЦОВа,+7(9761)20-87,4,пОДпиСкА На гАЗетУ,5,2768.2,231.8,cOMpLeTed,Всё отлично!,2024/12/31,9158658645422027
2030019507150,2024-12-25 17:24:51,олЬга КузнеЦОВа,+7(9761)20-87,5,МолОко,1,2704.57,295.43,ComPlEtED,Всё отлично!,2024/12/31,9158658645422027
2030019506843,2024-12-31 03:24:15,натАлЬЯ ВАСИЛЬеВа,8(9193) 19-54,1,кОрм ДЛЯ собаК,5,2148.88,351.12,compLETEd,Проверить наличие,2024-12-09,1770249649399797
2030019506843,2024-12-31 03:24:15,натАлЬЯ ВАСИЛЬеВа,8(9193) 19-54,2,иГРуШка мЯч,4,1022.68,177.32,cOmplEted,Проверить наличие,2024-12-09,1770249649399797
2030019506843,2024-12-31 03:24:15,натАлЬЯ ВАСИЛЬеВа,8(9193) 19-54,4,подпиСкА на ГАЗЕТУ,2,1022.78,177.22,ComPletED,Проверить наличие,2024-12-09,1770249649399797
2030019506843,2024-12-31 03:24:15,натАлЬЯ ВАСИЛЬеВа,8(9193) 19-54,2,иГРУШка Мяч,2,506.0,94.0,ComplETEd,Проверить наличие,2024-12-09,1770249649399797
2030019506843,2024-12-31 03:24:15,натАлЬЯ ВАСИЛЬеВа,8(9193) 19-54,1,КОрм ДЛЯ собАК,4,1659.96,340.04,ComplEtED,Проверить наличие,2024-12-09,1770249649399797
2030019505942,2024-12-16 00:26:40,аНнА СМИРнОва,+7(9639)68-42,1,КоРм Для сОбАк,3,1347.49,152.51,CAncelLEd,Ждём с нетерпением!,07.12.2024,3050930228289760
2030019505942,2024-12-16 00:26:40,аНнА СМИРнОва,+7(9639)68-42,3,АМуНИЦИЯ ДЛя Собак,2,2040.5,359.5,caNceLlED,Ждём с нетерпением!,07.12.2024,3050930228289760
2030019504390,15.12.2024 01:02,миХАил оРлов,8(9767) 26-97,2,ИгрУШКА МЯЧ,4,1071.71,128.29,ProcEsSiNG,спасибо за заказ,2024-12-08,2363868708208755
2030019504390,15.12.2024 01:02,миХАил оРлов,8(9767) 26-97,3,АмуНИциЯ длЯ СОбак,4,4698.81,101.19,PrOcESsiNg,спасибо за заказ,2024-12-08,2363868708208755
2030019504390,15.12.2024 01:02,миХАил оРлов,8(9767) 26-97,3,амунИция дЛя соБАк,2,2057.69,342.31,prOcESsIng,спасибо за заказ,2024-12-08,2363868708208755
2030019504390,15.12.2024 01:02,миХАил оРлов,8(9767) 26-97,4,пОДПИсКА на ГазЕТу,1,484.81,115.19,pRoCEssing,спасибо за заказ,2024-12-08,2363868708208755
2030019504390,15.12.2024 01:02,миХАил оРлов,8(9767) 26-97,4,пОДпИСКА на ГаЗеТУ,4,2352.19,47.81,PRocEsSINg,спасибо за заказ,2024-12-08,2363868708208755
2030019503717,2024-12-26 07:28:16,миХаИл орлОв,+7(9295)05-07,3,амУНициЯ Для СоБаК,4,4780.51,19.49,ProceSsING,Проверить наличие,2024/12/18,0278165950818540
2030019503717,2024-12-26 07:28:16,миХаИл орлОв,+7(9295)05-07,5,молОКо,1,2423.83,576.17,prOCesSIng,Проверить наличие,2024/12/18,0278165950818540
2030019502934,14.12.2024 06:45,нАтАЛЬя вАсильЕВА,+7(9406)19-08,2,ИгрУшка МЯч,3,835.22,64.78,prOcESsInG,подарок вовремя,2024/12/08,1566784771178036
2030019502934,14.12.2024 06:45,нАтАЛЬя вАсильЕВА,+7(9406)19-08,5,моЛОкО,5,12962.21,2037.79,prOCESSiNg,подарок вовремя,2024/12/08,1566784771178036
2030019501116,2024-12-27 02:47:00,НатАльЯ василЬЕвА,+7(9160)74-97,1,КоРМ длЯ СОбаК,4,1961.79,38.21,CoMpleteD,Проверить наличие,2024-12-13,2289418291049654
2030019501116,2024-12-27 02:47:00,НатАльЯ василЬЕвА,+7(9160)74-97,4,ПоДписКА НА гаЗЕтУ,5,2737.79,262.21,COMPleTED,Проверить наличие,2024-12-13,2289418291049654
2030019501116,2024-12-27 02:47:00,НатАльЯ василЬЕвА,+7(9160)74-97,4,ПОдпИСКА на ГАЗету,4,2172.24,227.76,COmPletED,Проверить наличие,2024-12-13,2289418291049654
2030019500732,08.12.2024 17:06,дмИТрИЙ кузнЕцоВ,+7(9456)35-18,5,МОлОкО,1,2498.81,501.19,caNCElLED,Всё отлично!,2024-12-25,3633360523608686
2030019500732,08.12.2024 17:06,дмИТрИЙ кузнЕцоВ,+7(9456)35-18,2,игРушКа мяч,2,530.05,69.95,CANCelLeD,Всё отлично!,2024-12-25,3633360523608686
2030019499717,2024/12/03 13:03:21,анНА СмИРнОВа,+7(9871)30-36,5,мОЛОКО,5,14395.2,604.8,PRoCESSING,спасибо за заказ,2024/12/11,9615740274692289
2030019499717,2024/12/03 13:03:21,анНА СмИРнОВа,+7(9871)30-36,1,корМ для СОБак,2,817.17,182.83,pROCeSSing,спасибо за заказ,2024/12/11,9615740274692289
2030019499717,2024/12/03 13:03:21,анНА СмИРнОВа,+7(9871)30-36,3,амуНиЦиЯ дЛЯ собак,4,4099.64,700.36,PROCeSsiNG,спасибо за заказ,2024/12/11,9615740274692289
2030019499717,2024/12/03 13:03:21,анНА СмИРнОВа,+7(9871)30-36,2,иГРУшка мЯЧ,2,508.98,91.02,PrOcEsSiNg,спасибо за заказ,2024/12/11,9615740274692289
2030019498309,24.12.2024 06:24,АЛексЕй миХаЙЛоВ,8(9811) 86-24,3,АМуНИЦия длЯ соБАК,4,4720.66,79.34,cANcElled,спасибо за заказ,2024-12-08,3268258859433598
2030019497145,27.12.2024 15:33,еЛЕнА НовиКоВА,8(9373) 64-22,3,аМунИция дЛя СоБАк,5,5940.14,59.86,pROceSSing,Проверить наличие,2024-12-04,7672923223766628
2030019497145,27.12.2024 15:33,еЛЕнА НовиКоВА,8(9373) 64-22,5,МОЛОКо,3,8682.82,317.18,proCESsiNg,Проверить наличие,2024-12-04,7672923223766628
2030019496675,2024-12-25 06:09:32,аЛЕксей МИХАйлов,+7 9611 83 08,4,ПоДписКа НА ГАЗЕТу,4,2036.28,363.72,CAnceLlEd,"Задержка с доставкой, печалька...",04.12.2024,8163863759166371
2030019496675,2024-12-25 06:09:32,аЛЕксей МИХАйлов,+7 9611 83 08,3,АМунИЦиЯ для СОбак,1,1126.23,73.77,CAnCelleD,"Задержка с доставкой, печалька...",04.12.2024,8163863759166371
2030019496675,2024-12-25 06:09:32,аЛЕксей МИХАйлов,+7 9611 83 08,5,мОлОКО,5,12196.53,2803.47,CanCellED,"Задержка с доставкой, печалька...",04.12.2024,8163863759166371
2030019496675,2024-12-25 06:09:32,аЛЕксей МИХАйлов,+7 9611 83 08,4,пОДПисКа НА гАЗеТУ,3,1623.11,176.89,CANcElled,"Задержка с доставкой, печалька...",04.12.2024,8163863759166371
2030019496675,2024-12-25 06:09:32,аЛЕксей МИХАйлов,+7 9611 83 08,2,ИгруШКА мяч,5,1413.29,86.71,cANCELlEd,"Задержка с доставкой, печалька...",04.12.2024,8163863759166371
2030019495504,08.12.2024 04:57,маРия ПЕТроВА,+7(9802)41-80,2,игРуШКа мяЧ,4,1168.28,31.72,cAncElled,Нужно уточнить сроки,2024-12-27,5697447565171969
2030019495504,08.12.2024 04:57,маРия ПЕТроВА,+7(9802)41-80,3,амУНИЦИя ДЛя Собак,2,2015.18,384.82,CaNCEllEd,Нужно уточнить сроки,2024-12-27,5697447565171969
2030019495504,08.12.2024 04:57,маРия ПЕТроВА,+7(9802)41-80,1,кОрм ДлЯ СоБак,5,2161.86,338.14,caNCeLLed,Нужно уточнить сроки,2024-12-27,5697447565171969
2030019495504,08.12.2024 04:57,маРия ПЕТроВА,+7(9802)41-80,4,ПодпИСкА На ГАЗЕТУ,1,592.61,7.39,CAnceLled,Нужно уточнить сроки,2024-12-27,5697447565171969
2030019495504,08.12.2024 04:57,маРия ПЕТроВА,+7(9802)41-80,2,игРушка мяЧ,5,1416.1,83.9,cANceLled,Нужно уточнить сроки,2024-12-27,5697447565171969
2030019494514,28.12.2024 20:08,АнНА СМиРНовА,8(9624) 78-82,4,ПОДПисКА На гАЗЕтУ,1,542.98,57.02,CanCELLED,Проверить наличие,16.12.2024,5084694700732873
2030019494514,28.12.2024 20:08,АнНА СМиРНовА,8(9624) 78-82,1,КоРМ ДлЯ СОБаК,1,406.68,93.32,CANcEllED,Проверить наличие,16.12.2024,5084694700732873
2030019494514,28.12.2024 20:08,АнНА СМиРНовА,8(9624) 78-82,5,МолокО,3,8793.13,206.87,Cancelled,Проверить наличие,16.12.2024,5084694700732873
2030019493315,18.12.2024 22:33,нАТАЛьЯ ВасИльеВа,8(9985) 63-14,2,иГрУшКа МяЧ,1,269.33,30.67,cANcElLed,спасибо за заказ,2024/12/25,4395867760595129
2030019493315,18.12.2024 22:33,нАТАЛьЯ ВасИльеВа,8(9985) 63-14,5,МОЛОко,2,5967.42,32.58,CaNcellED,спасибо за заказ,2024/12/25,4395867760595129
2030019493315,18.12.2024 22:33,нАТАЛьЯ ВасИльеВа,8(9985) 63-14,3,амУниция длЯ СОБак,2,1946.11,453.89,CaNCELLed,спасибо за заказ,2024/12/25,4395867760595129
2030019493315,18.12.2024 22:33,нАТАЛьЯ ВасИльеВа,8(9985) 63-14,4,ПодпиСКа На гАЗеТу,3,1494.88,305.12,CaNCEllED,спасибо за заказ,2024/12/25,4395867760595129
2030019492281,12.12.2024 07:29,ДМитрИй кузнЕцов,+7(9139)62-89,4,поДпИСКа На ГАЗЕтУ,2,963.89,236.11,CAnCeLleD,Ждём с нетерпением!,01.12.2024,7779559648213052
2030019492281,12.12.2024 07:29,ДМитрИй кузнЕцов,+7(9139)62-89,1,КорМ Для соБАК,5,2216.95,283.05,CancelleD,Ждём с нетерпением!,01.12.2024,7779559648213052
2030019492281,12.12.2024 07:29,ДМитрИй кузнЕцов,+7(9139)62-89,3,АмУнИЦИЯ длЯ сОбАк,2,2134.52,265.48,CANCelLEd,Ждём с нетерпением!,01.12.2024,7779559648213052
2030019491388,08.12.2024 18:15,СеРГЕЙ сИдорОв,+7(9071)69-51,3,АмУнИЦиЯ ДЛЯ сОБАк,3,3549.54,50.46,PRocessing,подарок вовремя,2024-12-30,0261302154926745
2030019491388,08.12.2024 18:15,СеРГЕЙ сИдорОв,+7(9071)69-51,3,амУНИцИя ДЛя сОБАк,5,5013.22,986.78,ProceSsIng,подарок вовремя,2024-12-30,0261302154926745
2030019491388,08.12.2024 18:15,СеРГЕЙ сИдорОв,+7(9071)69-51,3,амуНиЦИя длЯ собАк,5,5204.88,795.12,PROcEsSinG,подарок вовремя,2024-12-30,0261302154926745
2030019491388,08.12.2024 18:15,СеРГЕЙ сИдорОв,+7(9071)69-51,3,амунИция ДЛя СоБак,4,4250.87,549.13,pROcEssiNg,подарок вовремя,2024-12-30,0261302154926745
2030019490298,2024/12/15 17:25:31,ОлЬга КуЗНЕцоВА,+7(9206)88-23,5,МоЛОКо,1,2507.96,492.04,PRoCESsING,"Задержка с доставкой, печалька...",16.12.2024,9264266651209065
2030019490298,2024/12/15 17:25:31,ОлЬга КуЗНЕцоВА,+7(9206)88-23,1,КоРм длЯ СоБАК,2,978.18,21.82,PrOcessiNg,"Задержка с доставкой, печалька...",16.12.2024,9264266651209065
2030019490298,2024/12/15 17:25:31,ОлЬга КуЗНЕцоВА,+7(9206)88-23,4,ПодПИсКА нА гаЗЕТу,5,2933.16,66.84,PRoCesSiNg,"Задержка с доставкой, печалька...",16.12.2024,9264266651209065
2030019490298,2024/12/15 17:25:31,ОлЬга КуЗНЕцоВА,+7(9206)88-23,3,аМУнИция Для СОбАк,1,969.2,230.8,proceSsinG,"Задержка с доставкой, печалька...",16.12.2024,9264266651209065
2030019489759,15.12.2024 06:05,ЕлЕнА нОвиКовА,+7 9927 64 48,2,игруШка Мяч,3,860.43,39.57,cAnCelled,Всё отлично!,2024/12/27,5491084059165048
2030019489759,15.12.2024 06:05,ЕлЕнА нОвиКовА,+7 9927 64 48,2,игруШка МЯч,4,1086.74,113.26,canCeLleD,Всё отлично!,2024/12/27,5491084059165048
2030019489759,15.12.2024 06:05,ЕлЕнА нОвиКовА,+7 9927 64 48,2,иГРУШкА Мяч,2,485.91,114.09,CaNCELLEd,Всё отлично!,2024/12/27,5491084059165048
2030019489759,15.12.2024 06:05,ЕлЕнА нОвиКовА,+7 9927 64 48,4,пОДписка на гАЗету,3,1714.62,85.38,cANcELled,Всё отлично!,2024/12/27,5491084059165048
2030019489759,15.12.2024 06:05,ЕлЕнА нОвиКовА,+7 9927 64 48,4,пОДПиска НА газеТУ,5,2401.95,598.05,CANcELLEd,Всё отлично!,2024/12/27,5491084059165048
2030019488477,03.12.2024 19:00,АлЕксЕй МИхайЛоВ,8(9093) 85-24,1,КОрм дЛя сОБак,5,2156.4,343.6,cOMPleTED,подарок вовремя,2024/12/13,3993860092636822
2030019487468,2024-12-02 01:49:09,миХаиЛ орлОВ,8(9133) 80-79,5,мОЛоКо,5,14684.69,315.31,CanCelLED,Всё отлично!,05.12.2024,9930460569482210
2030019487468,2024-12-02 01:49:09,миХаиЛ орлОВ,8(9133) 80-79,2,игРушкА МЯЧ,1,260.32,39.68,CancELLeD,Всё отлично!,05.12.2024,9930460569482210
2030019486567,2024-12-23 22:36:27,мИХАиЛ орЛоВ,+7 9286 54 31,5,молОкО,3,7617.86,1382.14,cOmPletEd,Нужно уточнить сроки,12.12.2024,6080151461403804
2030019486567,2024-12-23 22:36:27,мИХАиЛ орЛоВ,+7 9286 54 31,5,МОлоко,1,2747.77,252.23,coMplETED,Нужно уточнить сроки,12.12.2024,6080151461403804
2030019486567,2024-12-23 22:36:27,мИХАиЛ орЛоВ,+7 9286 54 31,4,ПоДпискА На ГАзетУ,2,1183.31,16.69,CoMPLETEd,Нужно уточнить сроки,12.12.2024,6080151461403804
2030019485787,16.12.2024 16:05,ЕлЕна ноВИкОВА,+7 9397 94 74,4,ПОДпИСКа на газЕТУ,2,999.67,200.33,pRocessIng,"Задержка с доставкой, печалька...",2024/12/05,8347138957674819
2030019485787,16.12.2024 16:05,ЕлЕна ноВИкОВА,+7 9397 94 74,2,игРУШка мяЧ,5,1285.39,214.61,ProceSSInG,"Задержка с доставкой, печалька...",2024/12/05,8347138957674819
2030019485787,16.12.2024 16:05,ЕлЕна ноВИкОВА,+7 9397 94 74,4,ПОдПисКА нА гаЗеТу,1,489.02,110.98,PrOcESsING,"Задержка с доставкой, печалька...",2024/12/05,8347138957674819
2030019484892,2024/12/21 01:46:45,ДМИтрИЙ куЗнЕцов,+7(9404)55-45,4,ПоДПискА нА ГАзЕТУ,3,1498.74,301.26,caNcELLEd,Нужно уточнить сроки,2024-12-07,3734232514777796
2030019484892,2024/12/21 01:46:45,ДМИтрИЙ куЗнЕцов,+7(9404)55-45,1,КОРМ длЯ соБаК,3,1234.41,265.59,CanCeLlED,Нужно уточнить сроки,2024-12-07,3734232514777796
2030019483720,2024/12/27 20:02:48,ивАн иВАНОв,+7 9116 54 59,3,АМУНицИя ДлЯ СобАК,5,5681.18,318.82,canceLled,Нужно уточнить сроки,2024-12-02,6522204686686169
2030019483720,2024/12/27 20:02:48,ивАн иВАНОв,+7 9116 54 59,5,МОлокО,5,13567.96,1432.04,cANcELLEd,Нужно уточнить сроки,2024-12-02,6522204686686169
2030019482224,2024-12-11 21:50:24,иван иванов,+7 9217 42 54,5,мОЛоКо,1,2414.45,585.55,PROCEsSing,Проверить наличие,2024/12/08,5671582223209332
2030019482224,2024-12-11 21:50:24,иван иванов,+7 9217 42 54,1,КОРМ ДЛя сОБаК,3,1385.43,114.57,pRoCEsSing,Проверить наличие,2024/12/08,5671582223209332
2030019482224,2024-12-11 21:50:24,иван иванов,+7 9217 42 54,4,поДПиСКА на ГАЗеТУ,5,2494.56,505.44,PROcEssing,Проверить наличие,2024/12/08,5671582223209332
2030019481519,2024-12-07 02:56:31,ДмИТрИй КУзНЕЦоВ,8(9849) 57-07,1,КорМ ДЛя СОбаК,5,2368.98,131.02,CANCElLeD,"Задержка с доставкой, печалька...",25.12.2024,7580619544779776
2030019481519,2024-12-07 02:56:31,ДмИТрИй КУзНЕЦоВ,8(9849) 57-07,3,АмунИцИЯ Для собаК,4,4482.73,317.27,CanCeLled,"Задержка с доставкой, печалька...",25.12.2024,7580619544779776
2030019481519,2024-12-07 02:56:31,ДмИТрИй КУзНЕЦоВ,8(9849) 57-07,3,аМуНИЦИЯ длЯ сОбаК,3,3062.55,537.45,cAnCelLeD,"Задержка с доставкой, печалька...",25.12.2024,7580619544779776
2030019480541,05.12.2024 09:39,НатаЛьЯ ВаСИлЬеВа,+7 9594 98 93,1,кОРМ ДЛя СоБАк,5,2357.65,142.35,prOceSSInG,Всё отлично!,2024-12-04,5560907486553078
2030019479445,2024-12-18 15:15:23,дмИтРий кУЗНеЦОв,+7 9226 12 13,3,амУНиЦиЯ для соБАК,5,5260.44,739.56,COmpleteD,Проверить наличие,2024-12-17,4374163843691838
2030019478445,2024-12-15 13:13:43,нАтАльЯ вАСИльЕва,+7 9162 03 44,4,ПоДпИска НА гАзЕту,5,2572.12,427.88,pRoCeSsing,Проверить наличие,10.12.2024,2344130403373719
2030019478445,2024-12-15 13:13:43,нАтАльЯ вАСИльЕва,+7 9162 03 44,2,ИгрУШКа мяЧ,4,1012.43,187.57,ProcESsiNg,Проверить наличие,10.12.2024,2344130403373719
2030019478445,2024-12-15 13:13:43,нАтАльЯ вАСИльЕва,+7 9162 03 44,4,поДПиСка НА гаЗЕту,1,509.96,90.04,PRocesSINg,Проверить наличие,10.12.2024,2344130403373719
2030019478445,2024-12-15 13:13:43,нАтАльЯ вАСИльЕва,+7 9162 03 44,5,моЛОкО,4,11597.85,402.15,pRocesSINg,Проверить наличие,10.12.2024,2344130403373719
2030019477587,04.12.2024 22:47,мИхаиЛ орлоВ,8(9104) 95-95,4,подПиСКа на ГАЗетУ,1,533.21,66.79,comPLeTED,Проверить наличие,2024-12-17,6468266741045848
2030019477587,04.12.2024 22:47,мИхаиЛ орлоВ,8(9104) 95-95,1,кОрм ДЛЯ сОбак,5,2165.77,334.23,coMpLEtEd,Проверить наличие,2024-12-17,6468266741045848
2030019477587,04.12.2024 22:47,мИхаиЛ орлоВ,8(9104) 95-95,5,МоЛОКО,3,7424.19,1575.81,CompleTed,Проверить наличие,2024-12-17,6468266741045848
2030019477587,04.12.2024 22:47,мИхаиЛ орлоВ,8(9104) 95-95,1,корМ ДлЯ СоБаК,3,1364.44,135.56,COmPletEd,Проверить наличие,2024-12-17,6468266741045848
2030019476540,2024-12-16 20:24:55,иВаН ИванОВ,+7(9591)91-02,3,амуниЦИя длЯ СобаК,4,4196.6,603.4,cancELLED,Нужно уточнить сроки,15.12.2024,1822403704771211
2030019476540,2024-12-16 20:24:55,иВаН ИванОВ,+7(9591)91-02,4,поДписКа нА ГАЗЕтУ,1,524.74,75.26,CANcelLEd,Нужно уточнить сроки,15.12.2024,1822403704771211
2030019476540,2024-12-16 20:24:55,иВаН ИванОВ,+7(9591)91-02,3,АмУниЦИЯ дЛЯ сОБаК,1,1046.54,153.46,cAncelled,Нужно уточнить сроки,15.12.2024,1822403704771211
2030019476540,2024-12-16 20:24:55,иВаН ИванОВ,+7(9591)91-02,3,АМУниЦИя длЯ СОБаК,5,5893.04,106.96,CaNCELlED,Нужно уточнить сроки,15.12.2024,1822403704771211
2030019475779,2024/12/01 21:13:48,елЕНа нОвИКОва,+7(9367)07-88,5,МОлОко,4,10486.71,1513.29,COMpletEd,Проверить наличие,2024/12/03,9369273717274355
2030019475779,2024/12/01 21:13:48,елЕНа нОвИКОва,+7(9367)07-88,1,Корм дЛя соБаК,5,2428.56,71.44,cOmPLETed,Проверить наличие,2024/12/03,9369273717274355
2030019475779,2024/12/01 21:13:48,елЕНа нОвИКОва,+7(9367)07-88,5,МолОКО,3,8705.85,294.15,CoMpLETEd,Проверить наличие,2024/12/03,9369273717274355
2030019475779,2024/12/01 21:13:48,елЕНа нОвИКОва,+7(9367)07-88,4,ПОДПиСКА нА газеТУ,2,1164.25,35.75,CoMpLEtED,Проверить наличие,2024/12/03,9369273717274355
2030019474460,2024/12/13 13:21:53,ИвАН ИванОв,+7 9837 72 68,5,Молоко,2,4985.59,1014.41,PRoCessINg,подарок вовремя,2024-12-04,4776611789347208
2030019474460,2024/12/13 13:21:53,ИвАН ИванОв,+7 9837 72 68,4,ПОдПисКа нА ГазетУ,1,497.93,102.07,PRoCESSINg,подарок вовремя,2024-12-04,4776611789347208
2030019473143,2024-12-29 15:36:21,МАрия пеТровА,+7 9965 85 44,4,пОДПИсКА на ГАзЕту,3,1451.03,348.97,PrOCEsSING,"Задержка с доставкой, печалька...",2024/12/09,7058078603843234
2030019473143,2024-12-29 15:36:21,МАрия пеТровА,+7 9965 85 44,2,игрУшКа мЯч,5,1214.01,285.99,pROCeSsiNG,"Задержка с доставкой, печалька...",2024/12/09,7058078603843234
2030019473143,2024-12-29 15:36:21,МАрия пеТровА,+7 9965 85 44,1,корм ДлЯ сОБАК,4,1669.95,330.05,PROCeSsING,"Задержка с доставкой, печалька...",2024/12/09,7058078603843234
2030019473143,2024-12-29 15:36:21,МАрия пеТровА,+7 9965 85 44,2,ИгруШкА Мяч,1,279.97,20.03,pROcessiNG,"Задержка с доставкой, печалька...",2024/12/09,7058078603843234
2030019473143,2024-12-29 15:36:21,МАрия пеТровА,+7 9965 85 44,1,КоРм ДЛя СоБАК,3,1261.93,238.07,prOceSSinG,"Задержка с доставкой, печалька...",2024/12/09,7058078603843234
2030019472973,22.12.2024 20:41,АлЕксЕй мИХАЙЛоВ,+7 9421 28 49,3,амуНИЦия Для СОбАК,1,1009.47,190.53,prOceSSINg,Всё отлично!,2024/12/13,7855546597988171
2030019471415,2024/12/15 04:24:48,дМИТриЙ кУзНЕЦов,+7 9673 75 21,3,амуНИция ДЛя СОбАК,5,5067.59,932.41,PROcEsSiNg,"Задержка с доставкой, печалька...",2024-12-06,6779932421174395
2030019471415,2024/12/15 04:24:48,дМИТриЙ кУзНЕЦов,+7 9673 75 21,3,амуниЦИя длЯ СоБАК,3,3382.34,217.66,PRoCeSSIng,"Задержка с доставкой, печалька...",2024-12-06,6779932421174395
2030019471415,2024/12/15 04:24:48,дМИТриЙ кУзНЕЦов,+7 9673 75 21,2,иГрУшКА мяч,4,1022.19,177.81,proCessing,"Задержка с доставкой, печалька...",2024-12-06,6779932421174395
2030019471415,2024/12/15 04:24:48,дМИТриЙ кУзНЕЦов,+7 9673 75 21,5,мОЛоКО,3,8461.33,538.67,PrOcessING,"Задержка с доставкой, печалька...",2024-12-06,6779932421174395
2030019470776,2024/12/08 03:21:32,АлЕКСЕЙ мИхАЙлОв,+7(9226)33-87,1,КОрм дЛЯ СоБАк,5,2242.03,257.97,cAncelled,"Задержка с доставкой, печалька...",2024/12/06,1485640306112237
2030019470776,2024/12/08 03:21:32,АлЕКСЕЙ мИхАЙлОв,+7(9226)33-87,2,ИГруШкА мЯЧ,3,741.57,158.43,canceLLed,"Задержка с доставкой, печалька...",2024/12/06,1485640306112237
2030019470776,2024/12/08 03:21:32,АлЕКСЕЙ мИхАЙлОв,+7(9226)33-87,1,КОрм ДлЯ собак,4,1689.01,310.99,cANcELLed,"Задержка с доставкой, печалька...",2024/12/06,1485640306112237
2030019470776,2024/12/08 03:21:32,АлЕКСЕЙ мИхАЙлОв,+7(9226)33-87,3,аМУнИцИЯ дЛя собак,5,5452.7,547.3,CAnCeLLED,"Задержка с доставкой, печалька...",2024/12/06,1485640306112237
2030019469804,18.12.2024 06:04,МИхАИл Орлов,+7 9895 79 02,5,МОлОко,1,2443.27,556.73,proCeSsInG,Всё отлично!,2024-12-18,8819622237379110
2030019469804,18.12.2024 06:04,МИхАИл Орлов,+7 9895 79 02,2,иГРушка Мяч,3,868.09,31.91,PROCEsSInG,Всё отлично!,2024-12-18,8819622237379110
2030019468790,2024/12/17 22:34:32,мАрия ПЕтРОВА,+7 9991 60 66,1,КоРМ дЛя СобАк,1,451.48,48.52,CaNceLLeD,"Задержка с доставкой, печалька...",2024/12/21,1272273508940611
2030019468790,2024/12/17 22:34:32,мАрия ПЕтРОВА,+7 9991 60 66,5,мОЛОкО,3,8151.64,848.36,CaNcelled,"Задержка с доставкой, печалька...",2024/12/21,1272273508940611
2030019468790,2024/12/17 22:34:32,мАрия ПЕтРОВА,+7 9991 60 66,2,ИГруШка МЯЧ,4,1042.31,157.69,CAnCElLed,"Задержка с доставкой, печалька...",2024/12/21,1272273508940611
2030019467430,2024-12-16 00:38:02,аЛеКсЕЙ михайЛОв,+7 9143 41 64,3,амуниЦия дЛЯ соБАК,5,5875.54,124.46,CANcEllED,Проверить наличие,2024-12-29,7854697226427291
2030019466881,03.12.2024 19:14,елеНА нОвиковА,8(9596) 89-51,5,моЛоко,3,8689.87,310.13,procESsIng,Нужно уточнить сроки,13.12.2024,0693835704262887
2030019465392,2024-12-03 08:34:09,НаТалЬя ВасИльева,8(9861) 62-43,3,амунИЦиЯ дЛя соБАК,4,4527.34,272.66,CANCElLeD,Всё отлично!,26.12.2024,9585117173860269
2030019465392,2024-12-03 08:34:09,НаТалЬя ВасИльева,8(9861) 62-43,2,ИгрушКа МЯЧ,5,1354.47,145.53,CAnceLLeD,Всё отлично!,26.12.2024,9585117173860269
2030019465392,2024-12-03 08:34:09,НаТалЬя ВасИльева,8(9861) 62-43,5,МолоКО,4,11051.15,948.85,cAnCeLlED,Всё отлично!,26.12.2024,9585117173860269
2030019465392,2024-12-03 08:34:09,НаТалЬя ВасИльева,8(9861) 62-43,4,ПОдписКа на ГАЗету,4,1989.92,410.08,canCEllEd,Всё отлично!,26.12.2024,9585117173860269
2030019464238,2024/12/10 11:09:03,дМИтРИЙ КуЗнецов,+7 9384 54 74,4,пОдписка на ГАзЕтУ,2,1081.44,118.56,CaNCelled,Проверить наличие,2024-12-05,9719701757840780
2030019464238,2024/12/10 11:09:03,дМИтРИЙ КуЗнецов,+7 9384 54 74,3,аМуницИя дЛя СОбАК,4,4632.54,167.46,canceLLEd,Проверить наличие,2024-12-05,9719701757840780
2030019464238,2024/12/10 11:09:03,дМИтРИЙ КуЗнецов,+7 9384 54 74,4,ПодпискА на гАзеТу,3,1513.21,286.79,canCELLeD,Проверить наличие,2024-12-05,9719701757840780
2030019463848,2024-12-02 14:30:28,МИХаИл оРлов,+7 9413 09 66,3,АмУНИЦИЯ дЛя СоБак,2,2246.78,153.22,PrOceSSING,Нужно уточнить сроки,2024/12/10,6079106447509561
2030019463848,2024-12-02 14:30:28,МИХаИл оРлов,+7 9413 09 66,3,амунИЦиЯ дЛЯ СОбАК,5,5052.51,947.49,PROCessiNG,Нужно уточнить сроки,2024/12/10,6079106447509561
2030019463848,2024-12-02 14:30:28,МИХаИл оРлов,+7 9413 09 66,5,МолОко,2,5775.5,224.5,PRoCESsING,Нужно уточнить сроки,2024/12/10,6079106447509561
2030019463848,2024-12-02 14:30:28,МИХаИл оРлов,+7 9413 09 66,1,КОРМ для СОбаК,5,2122.62,377.38,prOCESSing,Нужно уточнить сроки,2024/12/10,6079106447509561
2030019462151,25.12.2024 08:22,МаРиЯ ПЕТровА,+7(9217)04-06,5,МолокО,4,10678.99,1321.01,PRoCeSSINg,Всё отлично!,2024/12/20,0852474857933903
2030019462151,25.12.2024 08:22,МаРиЯ ПЕТровА,+7(9217)04-06,5,МОЛокО,4,10480.6,1519.4,PrOcesSing,Всё отлично!,2024/12/20,0852474857933903
2030019462151,25.12.2024 08:22,МаРиЯ ПЕТровА,+7(9217)04-06,1,КОрМ ДЛЯ СОбак,1,408.54,91.46,pROCESsiNG,Всё отлично!,2024/12/20,0852474857933903
2030019462151,25.12.2024 08:22,МаРиЯ ПЕТровА,+7(9217)04-06,3,амуНиЦия Для СоБаК,1,1180.43,19.57,ProceSsing,Всё отлично!,2024/12/20,0852474857933903
2030019462151,25.12.2024 08:22,МаРиЯ ПЕТровА,+7(9217)04-06,4,ПоДпИсКА на ГАзЕту,3,1676.3,123.7,pRocEsSIng,Всё отлично!,2024/12/20,0852474857933903
2030019461322,2024-12-31 23:45:12,СеРГей СИДоРов,+7 9833 39 48,1,КорМ ДлЯ СОБаК,2,940.46,59.54,ProceSSinG,подарок вовремя,27.12.2024,3790498860624715
2030019460251,24.12.2024 19:38,елЕНА ноВИКовА,+7 9046 55 30,1,КоРм Для сОбАк,4,1715.43,284.57,PRocESsIng,Всё отлично!,08.12.2024,9380948223239001
2030019460251,24.12.2024 19:38,елЕНА ноВИКовА,+7 9046 55 30,3,амуНиЦиЯ длЯ сОбаК,2,2245.55,154.45,PROceSSiNg,Всё отлично!,08.12.2024,9380948223239001
2030019459650,2024/12/23 18:23:01,МихАИл оРлоВ,8(9190) 47-27,5,моЛОко,2,5816.51,183.49,PRoCEsSinG,подарок вовремя,2024-12-18,5780275380524034
2030019459650,2024/12/23 18:23:01,МихАИл оРлоВ,8(9190) 47-27,1,КорМ ДлЯ собаК,4,1815.0,185.0,proCesSiNG,подарок вовремя,2024-12-18,5780275380524034
2030019459650,2024/12/23 18:23:01,МихАИл оРлоВ,8(9190) 47-27,4,поДпИска На ГаЗеТУ,2,1184.18,15.82,prOCesSING,подарок вовремя,2024-12-18,5780275380524034
2030019458108,2024/12/03 06:07:33,АННа смиРноВа,+7 9132 50 08,4,пОДпИСкА На гаЗЕту,4,2200.48,199.52,processiNG,спасибо за заказ,2024/12/26,1293991915375472
2030019458108,2024/12/03 06:07:33,АННа смиРноВа,+7 9132 50 08,1,коРМ дЛЯ СОБак,2,946.08,53.92,prOCeSsinG,спасибо за заказ,2024/12/26,1293991915375472
2030019458108,2024/12/03 06:07:33,АННа смиРноВа,+7 9132 50 08,5,МоЛОКо,5,13663.23,1336.77,pRoceSsiNg,спасибо за заказ,2024/12/26,1293991915375472
2030019457573,03.12.2024 07:34,аНна смИрноВа,+7 9121 92 67,4,поДписКа нА гаЗету,5,2865.4,134.6,coMplETeD,Ждём с нетерпением!,2024-12-09,5510054222717314
2030019457573,03.12.2024 07:34,аНна смИрноВа,+7 9121 92 67,1,КорМ ДЛЯ СОбАК,3,1273.42,226.58,cOmpLetEd,Ждём с нетерпением!,2024-12-09,5510054222717314
2030019457573,03.12.2024 07:34,аНна смИрноВа,+7 9121 92 67,4,ПодПисКА На ГАЗеТу,1,550.38,49.62,ComPletEd,Ждём с нетерпением!,2024-12-09,5510054222717314
2030019457573,03.12.2024 07:34,аНна смИрноВа,+7 9121 92 67,5,мОЛОкО,4,9606.82,2393.18,COMpLETed,Ждём с нетерпением!,2024-12-09,5510054222717314
2030019456477,30.12.2024 23:36,дмиТрИй кУзнеЦОВ,8(9352) 69-17,2,игРУШка МЯч,2,561.11,38.89,PROCessInG,"Задержка с доставкой, печалька...",2024/12/17,4965514238134567
2030019456477,30.12.2024 23:36,дмиТрИй кУзнеЦОВ,8(9352) 69-17,3,АМУницИя для сОбаК,2,2284.96,115.04,PrOceSsInG,"Задержка с доставкой, печалька...",2024/12/17,4965514238134567
2030019456477,30.12.2024 23:36,дмиТрИй кУзнеЦОВ,8(9352) 69-17,3,амуницИЯ ДлЯ сОБаК,3,3162.64,437.36,prOCeSsiNg,"Задержка с доставкой, печалька...",2024/12/17,4965514238134567
2030019456477,30.12.2024 23:36,дмиТрИй кУзнеЦОВ,8(9352) 69-17,2,игРУшКА мяЧ,4,998.86,201.14,proCesSing,"Задержка с доставкой, печалька...",2024/12/17,4965514238134567
2030019456477,30.12.2024 23:36,дмиТрИй кУзнеЦОВ,8(9352) 69-17,5,мОЛокО,4,10181.1,1818.9,ProCeSSINg,"Задержка с доставкой, печалька...",2024/12/17,4965514238134567
2030017663438,2024-12-02 03:24:15,СеРгЕй сИДоРОв,+7(9199)62-32,1,кОрМ дЛя СОБАК,4,1849.41,150.59,COMPLeTEd,"Задержка с доставкой, печалька...",2024-12-18,7477136178979736
2030017663438,2024-12-02 03:24:15,СеРгЕй сИДоРОв,+7(9199)62-32,1,КоРМ длЯ СОбАК,5,2043.54,456.46,coMplEtED,"Задержка с доставкой, печалька...",2024-12-18,7477136178979736
2030017663438,2024-12-02 03:24:15,СеРгЕй сИДоРОв,+7(9199)62-32,4,пОдпИСка нА ГазетУ,1,553.54,46.46,cOmPlEteD,"Задержка с доставкой, печалька...",2024-12-18,7477136178979736
2030017663438,2024-12-02 03:24:15,СеРгЕй сИДоРОв,+7(9199)62-32,4,ПодпИсКА На гАзеТУ,4,2027.51,372.49,cOmpLeTED,"Задержка с доставкой, печалька...",2024-12-18,7477136178979736
2030017662423,2024/12/30 16:13:58,аЛеКСеЙ МиХАйлоВ,8(9882) 93-18,5,МОЛОко,5,13841.6,1158.4,COMpLEted,подарок вовремя,2024-12-20,1147750543036185
2030017662423,2024/12/30 16:13:58,аЛеКСеЙ МиХАйлоВ,8(9882) 93-18,1,КОрм длЯ собаК,5,2447.46,52.54,COmPletED,подарок вовремя,2024-12-20,1147750543036185
2030017662423,2024/12/30 16:13:58,аЛеКСеЙ МиХАйлоВ,8(9882) 93-18,3,АМУниЦИЯ длЯ СОБаК,4,4422.99,377.01,COMpLeTED,подарок вовремя,2024-12-20,1147750543036185
2030017662423,2024/12/30 16:13:58,аЛеКСеЙ МиХАйлоВ,8(9882) 93-18,5,Молоко,5,12089.47,2910.53,comPlEtEd,подарок вовремя,2024-12-20,1147750543036185
2030017661662,2024-12-30 09:01:16,АЛЕКсЕЙ мИхАйлоВ,+7(9240)27-26,5,МолоКО,1,2931.56,68.44,caNcELLED,Проверить наличие,2024/12/16,3655357421501262
2030017661662,2024-12-30 09:01:16,АЛЕКсЕЙ мИхАйлоВ,+7(9240)27-26,1,Корм Для СобАК,3,1260.79,239.21,cAncEllEd,Проверить наличие,2024/12/16,3655357421501262
2030017661662,2024-12-30 09:01:16,АЛЕКсЕЙ мИхАйлоВ,+7(9240)27-26,4,ПОДПисКа НА гАзету,1,500.85,99.15,cANceLlEd,Проверить наличие,2024/12/16,3655357421501262
2030017661662,2024-12-30 09:01:16,АЛЕКсЕЙ мИхАйлоВ,+7(9240)27-26,4,ПОдПИСка На Газету,4,2136.33,263.67,caNCElled,Проверить наличие,2024/12/16,3655357421501262
2030017660895,05.12.2024 01:34,ольГа кузНЕЦОва,+7 9091 01 66,2,ИгрушКа мяч,5,1250.08,249.92,ProCEssInG,подарок вовремя,2024-12-25,1662564247404814
2030017660895,05.12.2024 01:34,ольГа кузНЕЦОва,+7 9091 01 66,2,ИГРУшКа мЯч,5,1320.46,179.54,pROCEsSiNg,подарок вовремя,2024-12-25,1662564247404814
2030017660895,05.12.2024 01:34,ольГа кузНЕЦОва,+7 9091 01 66,1,корм для сОБАк,1,477.04,22.96,PrOcEssInG,подарок вовремя,2024-12-25,1662564247404814
2030017660895,05.12.2024 01:34,ольГа кузНЕЦОва,+7 9091 01 66,3,амУНИЦия дЛя соБАК,5,5336.73,663.27,pROCeSsiNG,подарок вовремя,2024-12-25,1662564247404814
2030017659866,2024-12-16 00:16:00,иВАН ИВАНОВ,+7 9355 61 79,2,ИгРуШКА МЯЧ,2,598.23,1.77,prOcesSInG,Нужно уточнить сроки,2024/12/26,5276661082329577
2030017659866,2024-12-16 00:16:00,иВАН ИВАНОВ,+7 9355 61 79,2,ИгрушКа МЯч,1,261.93,38.07,pROceSSIng,Нужно уточнить сроки,2024/12/26,5276661082329577
2030017659866,2024-12-16 00:16:00,иВАН ИВАНОВ,+7 9355 61 79,3,аМуНиЦия ДлЯ СоБАк,1,1021.48,178.52,PrOCEsSing,Нужно уточнить сроки,2024/12/26,5276661082329577
2030017658706,2024/12/22 21:04:15,дмИтРИЙ кУЗНеЦоВ,+7 9773 05 34,1,КоРМ длЯ сОБАК,5,2299.23,200.77,pROCESSiNG,подарок вовремя,2024/12/19,5201226658318592
2030017658706,2024/12/22 21:04:15,дмИтРИЙ кУЗНеЦоВ,+7 9773 05 34,2,иГРУШка МЯЧ,5,1379.01,120.99,ProCessinG,подарок вовремя,2024/12/19,5201226658318592
2030017658706,2024/12/22 21:04:15,дмИтРИЙ кУЗНеЦоВ,+7 9773 05 34,3,амуниЦиЯ дЛя соБАК,2,2386.9,13.1,pROcEsSing,подарок вовремя,2024/12/19,5201226658318592
2030017657269,2024-12-10 06:32:42,АННа Смирнова,+7(9339)87-41,4,ПоДпискА на ГаЗетУ,2,1058.04,141.96,cAnceLLED,"Задержка с доставкой, печалька...",19.12.2024,2197369694810645
2030017657269,2024-12-10 06:32:42,АННа Смирнова,+7(9339)87-41,1,КОрм дЛя СоБАк,2,983.54,16.46,CancELLEd,"Задержка с доставкой, печалька...",19.12.2024,2197369694810645
2030017657269,2024-12-10 06:32:42,АННа Смирнова,+7(9339)87-41,4,поДпиСкА нА гАЗету,1,577.87,22.13,CanCeLLed,"Задержка с доставкой, печалька...",19.12.2024,2197369694810645
2030017657269,2024-12-10 06:32:42,АННа Смирнова,+7(9339)87-41,3,амуНиЦИЯ длЯ СОбАк,1,1145.94,54.06,cancEllED,"Задержка с доставкой, печалька...",19.12.2024,2197369694810645
2030017656965,2024-12-13 12:23:59,михаил ОРЛОв,+7(9054)77-19,3,АМуниЦИя Для СобАК,1,1160.24,39.76,pRocesSING,Ждём с нетерпением!,2024/12/14,9193298623061379
2030017655221,2024-12-27 06:29:15,михаил орлОВ,8(9684) 76-52,2,ИгрУШкА МяЧ,5,1403.95,96.05,ProCEssIng,Нужно уточнить сроки,2024-12-22,2228372534337455
2030017655221,2024-12-27 06:29:15,михаил орлОВ,8(9684) 76-52,2,ИгрУШкА МяЧ,3,844.29,55.71,pROcesSINg,Нужно уточнить сроки,2024-12-22,2228372534337455
2030017654697,2024-12-24 19:45:05,Иван ИВанОВ,+7 9470 50 52,3,АмуНИцИЯ дЛЯ собАк,2,2084.4,315.6,prOCesSiNG,Ждём с нетерпением!,2024-12-14,1970625662308940
2030017654697,2024-12-24 19:45:05,Иван ИВанОВ,+7 9470 50 52,4,ПОДпИСкА На гАЗеТУ,4,2358.76,41.24,ProCeSSiNg,Ждём с нетерпением!,2024-12-14,1970625662308940
2030017653147,2024/12/03 23:47:18,НаТалья ваСИЛьЕва,+7 9224 54 69,1,коРм длЯ СОбак,2,838.8,161.2,pRoCEssinG,Всё отлично!,2024/12/05,7678410454194073
2030017653147,2024/12/03 23:47:18,НаТалья ваСИЛьЕва,+7 9224 54 69,5,мОлоКо,1,2406.42,593.58,procEssING,Всё отлично!,2024/12/05,7678410454194073
2030017653147,2024/12/03 23:47:18,НаТалья ваСИЛьЕва,+7 9224 54 69,5,молоКо,5,13918.89,1081.11,PROCesSiNg,Всё отлично!,2024/12/05,7678410454194073
2030017653147,2024/12/03 23:47:18,НаТалья ваСИЛьЕва,+7 9224 54 69,5,МоЛОко,1,2925.47,74.53,ProCessinG,Всё отлично!,2024/12/05,7678410454194073
2030017653147,2024/12/03 23:47:18,НаТалья ваСИЛьЕва,+7 9224 54 69,1,КорМ ДлЯ СоБак,2,954.35,45.65,prOcesSInG,Всё отлично!,2024/12/05,7678410454194073
2030017652121,2024/12/16 07:35:01,СеРгеЙ сИдоРоВ,+7 9042 40 41,1,КорМ дЛЯ собак,1,438.39,61.61,processING,подарок вовремя,2024/12/31,1482439553810993
2030017651253,23.12.2024 07:09,дмитРиЙ кУзнЕцов,+7(9070)13-49,3,аМУНИЦиЯ ДЛЯ СоБак,2,2206.8,193.2,cOmpleTed,Проверить наличие,28.12.2024,6674155440864374
2030017651253,23.12.2024 07:09,дмитРиЙ кУзнЕцов,+7(9070)13-49,4,ПодПИсКА НА ГазеТУ,5,2462.96,537.04,CoMpLETED,Проверить наличие,28.12.2024,6674155440864374
2030017651253,23.12.2024 07:09,дмитРиЙ кУзнЕцов,+7(9070)13-49,1,коРм ДЛя сОбак,4,1635.63,364.37,CoMPLeted,Проверить наличие,28.12.2024,6674155440864374
2030017651253,23.12.2024 07:09,дмитРиЙ кУзнЕцов,+7(9070)13-49,4,поДПИскА на ГаЗЕту,5,2464.49,535.51,COMpleTed,Проверить наличие,28.12.2024,6674155440864374
2030017650699,31.12.2024 07:53,марИЯ ПеТрова,+7 9207 53 15,2,игРушка мяч,1,272.05,27.95,COmpLETed,спасибо за заказ,2024-12-23,3762567189371238
2030017650699,31.12.2024 07:53,марИЯ ПеТрова,+7 9207 53 15,3,АМунИЦИя ДЛЯ соБАК,2,2130.14,269.86,cOMplEted,спасибо за заказ,2024-12-23,3762567189371238
2030017650699,31.12.2024 07:53,марИЯ ПеТрова,+7 9207 53 15,5,МоЛоко,3,8512.33,487.67,cOmpLeTed,спасибо за заказ,2024-12-23,3762567189371238
2030017650699,31.12.2024 07:53,марИЯ ПеТрова,+7 9207 53 15,4,пОДпИсКА НА ГАзЕТу,4,2277.34,122.66,COMpleteD,спасибо за заказ,2024-12-23,3762567189371238
2030017649399,2024-12-19 23:46:22,МИХаиЛ ОрлОв,8(9682) 39-57,2,игРУШКА мЯЧ,3,839.62,60.38,coMPleTeD,Ждём с нетерпением!,2024/12/12,3410312217190462
2030017648550,2024/12/06 10:49:33,мИхАИл орЛоВ,+7 9271 60 00,3,АмуницИя ДЛя СОбак,2,1981.71,418.29,prOcEsSING,"Задержка с доставкой, печалька...",2024/12/06,5330195847936838
2030017648550,2024/12/06 10:49:33,мИхАИл орЛоВ,+7 9271 60 00,1,коРМ ДЛя сОБАК,4,1630.65,369.35,pRoCeSsInG,"Задержка с доставкой, печалька...",2024/12/06,5330195847936838
2030017648550,2024/12/06 10:49:33,мИхАИл орЛоВ,+7 9271 60 00,4,ПодПисКА на гАЗЕту,5,2799.88,200.12,PRoceSSIng,"Задержка с доставкой, печалька...",2024/12/06,5330195847936838
2030017648550,2024/12/06 10:49:33,мИхАИл орЛоВ,+7 9271 60 00,4,ПОдПИсКА нА гАзЕТу,1,555.88,44.12,PrOcesSinG,"Задержка с доставкой, печалька...",2024/12/06,5330195847936838
2030017647700,2024-12-17 06:44:00,ольга КуЗнецОВа,+7 9388 34 49,4,ПодПискА на ГазЕтУ,3,1618.75,181.25,PROcEsSing,"Задержка с доставкой, печалька...",2024-12-31,5130946425788971
2030017647700,2024-12-17 06:44:00,ольга КуЗнецОВа,+7 9388 34 49,2,ИГрУШКа мЯч,4,1054.22,145.78,processING,"Задержка с доставкой, печалька...",2024-12-31,5130946425788971
2030017646475,2024-12-14 21:17:54,еЛеНа ноВикОвА,8(9584) 57-05,2,игРуШкА МЯч,5,1393.77,106.23,PrOceSSiNg,Нужно уточнить сроки,2024-12-20,8984246542833923
2030017646475,2024-12-14 21:17:54,еЛеНа ноВикОвА,8(9584) 57-05,5,МОлоКо,4,10977.19,1022.81,PROCeSSiNG,Нужно уточнить сроки,2024-12-20,8984246542833923
2030017646475,2024-12-14 21:17:54,еЛеНа ноВикОвА,8(9584) 57-05,3,АМунИция дЛЯ сОбак,5,4871.38,1128.62,proCeSsiNG,Нужно уточнить сроки,2024-12-20,8984246542833923
2030017646475,2024-12-14 21:17:54,еЛеНа ноВикОвА,8(9584) 57-05,5,мОлОКо,2,5975.66,24.34,PRocEsSiNg,Нужно уточнить сроки,2024-12-20,8984246542833923
2030017646475,2024-12-14 21:17:54,еЛеНа ноВикОвА,8(9584) 57-05,5,моЛОКО,5,12516.57,2483.43,ProcesSING,Нужно уточнить сроки,2024-12-20,8984246542833923
2030017645985,2024/12/24 08:41:27,ОЛьГа кузНеЦова,+7 9406 04 69,3,АмУНИция дЛя сОбАК,2,2336.28,63.72,PROCEsSinG,Проверить наличие,2024-12-07,7701408023885924
2030017645985,2024/12/24 08:41:27,ОЛьГа кузНеЦова,+7 9406 04 69,4,ПодпИскА НА гАЗЕТУ,1,503.26,96.74,ProCEsSinG,Проверить наличие,2024-12-07,7701408023885924
2030017644351,2024/12/23 00:43:22,анна СМиРНоВа,+7 9147 01 43,2,ИГРУшКа мЯч,3,854.94,45.06,CAnCELLEd,Проверить наличие,2024-12-22,1880403715604210
2030017644351,2024/12/23 00:43:22,анна СМиРНоВа,+7 9147 01 43,2,ИгРУшкА мяч,1,285.68,14.32,CancelleD,Проверить наличие,2024-12-22,1880403715604210
2030017644351,2024/12/23 00:43:22,анна СМиРНоВа,+7 9147 01 43,4,пОДпИСка нА гАзЕту,4,2074.63,325.37,canCellEd,Проверить наличие,2024-12-22,1880403715604210
2030017643843,15.12.2024 05:06,сЕрГЕЙ СИдороВ,+7(9876)99-49,4,поДпиСкА на ГаЗЕту,3,1535.63,264.37,compLeteD,Всё отлично!,09.12.2024,6140929219129317
2030017643843,15.12.2024 05:06,сЕрГЕЙ СИдороВ,+7(9876)99-49,1,коРМ ДлЯ Собак,5,2357.65,142.35,CoMplETed,Всё отлично!,09.12.2024,6140929219129317
2030017643843,15.12.2024 05:06,сЕрГЕЙ СИдороВ,+7(9876)99-49,4,ПодпиСКА НА гАЗетУ,3,1668.57,131.43,comPleTed,Всё отлично!,09.12.2024,6140929219129317
2030017642546,28.12.2024 19:01,иВан ИваноВ,+7 9743 44 13,3,аМуНИцИя ДЛЯ соБАк,3,2897.95,702.05,cANCElLED,Ждём с нетерпением!,08.12.2024,2403183141740823
2030017641781,2024/12/29 13:48:30,СЕрГей СИДОроВ,+7(9118)67-77,5,МОЛокО,5,14966.4,33.6,ProCEsSIng,Всё отлично!,2024-12-09,3504361738202679
2030017641781,2024/12/29 13:48:30,СЕрГей СИДОроВ,+7(9118)67-77,5,мОлоко,1,2481.54,518.46,PROCEssiNg,Всё отлично!,2024-12-09,3504361738202679
2030017641781,2024/12/29 13:48:30,СЕрГей СИДОроВ,+7(9118)67-77,1,корМ ДЛя соБАк,1,499.86,0.14,pRocessiNg,Всё отлично!,2024-12-09,3504361738202679
2030017641781,2024/12/29 13:48:30,СЕрГей СИДОроВ,+7(9118)67-77,3,амуНиЦИЯ для СоБАк,2,2081.46,318.54,pRocESSInG,Всё отлично!,2024-12-09,3504361738202679
2030017640504,2024-12-10 18:08:41,нАтаЛья ВаСилЬевА,8(9930) 19-95,1,Корм дЛЯ собаК,1,421.49,78.51,completED,Нужно уточнить сроки,2024-12-10,8566924409812900
2030017640504,2024-12-10 18:08:41,нАтаЛья ВаСилЬевА,8(9930) 19-95,3,АМуНИЦия дЛя СоБАк,4,4417.08,382.92,COmplETed,Нужно уточнить сроки,2024-12-10,8566924409812900
2030017640504,2024-12-10 18:08:41,нАтаЛья ВаСилЬевА,8(9930) 19-95,3,аМУНИция ДЛя Собак,5,4867.54,1132.46,cOmpLETed,Нужно уточнить сроки,2024-12-10,8566924409812900
2030017639728,2024-12-28 01:29:30,дМИтриЙ КуЗНЕЦоВ,8(9043) 46-65,1,кОрм ДЛЯ СОбак,2,985.6,14.4,CAnCElled,подарок вовремя,2024-12-27,8368684520902513
2030017638344,13.12.2024 20:48,алЕксеЙ михаЙЛОВ,+7(9953)78-50,2,ИГРУШКА МЯч,4,1024.42,175.58,cOmpLeTEd,подарок вовремя,04.12.2024,0086204441487237
2030017638344,13.12.2024 20:48,алЕксеЙ михаЙЛОВ,+7(9953)78-50,4,ПодпИсКА нА газЕТУ,5,2819.58,180.42,ComPLEteD,подарок вовремя,04.12.2024,0086204441487237
2030017638344,13.12.2024 20:48,алЕксеЙ михаЙЛОВ,+7(9953)78-50,1,коРМ ДлЯ собАк,2,850.47,149.53,cOmPLETed,подарок вовремя,04.12.2024,0086204441487237
2030017637195,2024/12/01 16:28:10,еленА НОВИКОВа,8(9602) 28-88,1,коРм ДлЯ сОбАК,5,2326.24,173.76,prOceSsInG,подарок вовремя,2024-12-12,1949955999370959
2030017637195,2024/12/01 16:28:10,еленА НОВИКОВа,8(9602) 28-88,2,ИгруШКа мЯЧ,2,507.16,92.84,ProCESsiNg,подарок вовремя,2024-12-12,1949955999370959
2030017637195,2024/12/01 16:28:10,еленА НОВИКОВа,8(9602) 28-88,1,КорМ Для СОБАК,4,1720.14,279.86,pRoceSsING,подарок вовремя,2024-12-12,1949955999370959
2030017637195,2024/12/01 16:28:10,еленА НОВИКОВа,8(9602) 28-88,1,корм ДЛЯ сОБАК,2,910.47,89.53,PROCEssINg,подарок вовремя,2024-12-12,1949955999370959
2030017636721,2024/12/26 23:26:41,иван иВАНов,+7 9295 93 93,5,мОлоко,5,12719.18,2280.82,CoMPLetEd,Нужно уточнить сроки,2024-12-13,0884621111244052
2030017636721,2024/12/26 23:26:41,иван иВАНов,+7 9295 93 93,3,амуниция ДЛя сОБаК,1,1007.71,192.29,COmPlEted,Нужно уточнить сроки,2024-12-13,0884621111244052
2030017636721,2024/12/26 23:26:41,иван иВАНов,+7 9295 93 93,2,ИгРуШКа мЯч,4,1055.1,144.9,cOmpLETEd,Нужно уточнить сроки,2024-12-13,0884621111244052
2030017635855,22.12.2024 01:09,ОлЬГА КУЗнецОва,+7 9791 35 52,4,ПодПискА на ГАзетУ,2,1062.48,137.52,compleTed,подарок вовремя,21.12.2024,5008836814246407
2030017635855,22.12.2024 01:09,ОлЬГА КУЗнецОва,+7 9791 35 52,1,коРм дЛЯ собАк,4,1829.52,170.48,comPletED,подарок вовремя,21.12.2024,5008836814246407
2030017634619,17.12.2024 05:13,ДМиТрИЙ КуЗНецОВ,+7 9069 91 22,4,пОДПиСКА НА гАзЕТу,3,1710.19,89.81,cOmPLETeD,Проверить наличие,2024/12/07,9815130195746598
2030017634619,17.12.2024 05:13,ДМиТрИЙ КуЗНецОВ,+7 9069 91 22,5,Молоко,2,5815.14,184.86,coMplETed,Проверить наличие,2024/12/07,9815130195746598
2030017634619,17.12.2024 05:13,ДМиТрИЙ КуЗНецОВ,+7 9069 91 22,3,аМУниЦИя Для сОбАк,1,1186.37,13.63,CompLETEd,Проверить наличие,2024/12/07,9815130195746598
2030017634619,17.12.2024 05:13,ДМиТрИЙ КуЗНецОВ,+7 9069 91 22,2,иГРУШКА мЯЧ,2,567.74,32.26,coMpLETed,Проверить наличие,2024/12/07,9815130195746598
2030017633158,2024-12-29 06:59:06,НАТалья ВАсиЛЬЕвА,8(9976) 10-55,3,амуниция для соБак,2,2365.97,34.03,comPLETED,подарок вовремя,03.12.2024,2449046141945728
2030017633158,2024-12-29 06:59:06,НАТалья ВАсиЛЬЕвА,8(9976) 10-55,3,АМУНИция для СОБаК,4,3874.24,925.76,COmplEted,подарок вовремя,03.12.2024,2449046141945728
2030017632807,2024-12-16 01:42:00,сЕРгЕЙ сиДороВ,8(9375) 53-80,4,ПоДпИСКа НА ГАзету,1,519.54,80.46,PROCEssInG,Ждём с нетерпением!,2024/12/24,0929675709412319
2030017632807,2024-12-16 01:42:00,сЕРгЕЙ сиДороВ,8(9375) 53-80,4,ПодПИсКа НА ГаЗЕтУ,1,482.39,117.61,prOcESsing,Ждём с нетерпением!,2024/12/24,0929675709412319
2030017632807,2024-12-16 01:42:00,сЕРгЕЙ сиДороВ,8(9375) 53-80,2,иГруШка МяЧ,3,757.2,142.8,pRoCEsSiNg,Ждём с нетерпением!,2024/12/24,0929675709412319
2030017632807,2024-12-16 01:42:00,сЕРгЕЙ сиДороВ,8(9375) 53-80,5,МОЛОкО,4,10932.98,1067.02,ProcEsSinG,Ждём с нетерпением!,2024/12/24,0929675709412319
2030017632807,2024-12-16 01:42:00,сЕРгЕЙ сиДороВ,8(9375) 53-80,3,АМУНИция дЛя соБАК,2,1971.48,428.52,pRoCeSSIng,Ждём с нетерпением!,2024/12/24,0929675709412319
2030017631722,2024-12-24 09:54:26,маРИя пЕтРоВА,+7 9707 97 10,2,иГРуШка МЯЧ,5,1200.6,299.4,cOMPletEd,Проверить наличие,2024-12-21,3854215413238393
2030017631722,2024-12-24 09:54:26,маРИя пЕтРоВА,+7 9707 97 10,4,ПоДПиска НА гаЗеТУ,2,1084.62,115.38,cOmPLETeD,Проверить наличие,2024-12-21,3854215413238393
2030017631722,2024-12-24 09:54:26,маРИя пЕтРоВА,+7 9707 97 10,1,Корм дЛя СОбак,3,1331.97,168.03,coMPLeTEd,Проверить наличие,2024-12-21,3854215413238393
2030017630994,23.12.2024 21:42,иВАн ИВАнов,8(9957) 86-38,4,ПОДписКа НА ГазЕту,5,2683.9,316.1,complETeD,Всё отлично!,17.12.2024,7657288078918504
2030017630994,23.12.2024 21:42,иВАн ИВАнов,8(9957) 86-38,3,АМУНИцИя длЯ Собак,4,4694.26,105.74,CompletEd,Всё отлично!,17.12.2024,7657288078918504
2030017630994,23.12.2024 21:42,иВАн ИВАнов,8(9957) 86-38,1,КоРМ Для сОБак,5,2492.45,7.55,cOmpLetED,Всё отлично!,17.12.2024,7657288078918504
2030017630994,23.12.2024 21:42,иВАн ИВАнов,8(9957) 86-38,1,кОрм дЛЯ собАК,5,2416.87,83.13,complETed,Всё отлично!,17.12.2024,7657288078918504
2030017629573,2024/12/08 15:04:45,ЕЛеНА ноВиКОВа,+7(9772)62-32,1,корМ ДЛя СоБАк,3,1386.65,113.35,COMPLeteD,"Задержка с доставкой, печалька...",2024-12-23,1256779799020276
2030017629573,2024/12/08 15:04:45,ЕЛеНА ноВиКОВа,+7(9772)62-32,4,пОДпиСКА на ГаЗЕту,4,1932.72,467.28,CompLeTeD,"Задержка с доставкой, печалька...",2024-12-23,1256779799020276
2030017629573,2024/12/08 15:04:45,ЕЛеНА ноВиКОВа,+7(9772)62-32,4,ПодписКА На ГаЗЕтУ,2,1110.28,89.72,COmPleted,"Задержка с доставкой, печалька...",2024-12-23,1256779799020276
2030017629573,2024/12/08 15:04:45,ЕЛеНА ноВиКОВа,+7(9772)62-32,2,игрУШкА МяЧ,4,1078.79,121.21,cOMpleteD,"Задержка с доставкой, печалька...",2024-12-23,1256779799020276
2030017628605,2024-12-10 03:28:58,МИХаиЛ оРлов,+7(9538)13-58,3,амунИциЯ дЛя сОБАк,3,3500.51,99.49,COmpleTED,подарок вовремя,2024/12/07,0317429554104955
2030017628605,2024-12-10 03:28:58,МИХаиЛ оРлов,+7(9538)13-58,2,ИГРУшка Мяч,5,1455.33,44.67,CoMpLeted,подарок вовремя,2024/12/07,0317429554104955
2030017628605,2024-12-10 03:28:58,МИХаиЛ оРлов,+7(9538)13-58,1,кОРМ для соБАк,1,451.77,48.23,compLETeD,подарок вовремя,2024/12/07,0317429554104955
2030017628605,2024-12-10 03:28:58,МИХаиЛ оРлов,+7(9538)13-58,4,ПОДпИска нА гаЗЕтУ,5,2584.46,415.54,coMpletEd,подарок вовремя,2024/12/07,0317429554104955
2030017627803,2024/12/11 19:13:18,ДмиТриЙ КуЗНЕцОв,+7 9277 33 46,4,ПОдПИСка НА ГаЗЕтУ,1,498.01,101.99,cANCellED,спасибо за заказ,15.12.2024,7798261072184359
2030017627803,2024/12/11 19:13:18,ДмиТриЙ КуЗНЕцОв,+7 9277 33 46,2,ИгРУШКА мяч,1,280.26,19.74,cANCELLED,спасибо за заказ,15.12.2024,7798261072184359
2030017627803,2024/12/11 19:13:18,ДмиТриЙ КуЗНЕцОв,+7 9277 33 46,3,аМУНИцИЯ Для СобаК,5,5849.98,150.02,CAncELLED,спасибо за заказ,15.12.2024,7798261072184359
2030017626530,2024/12/12 02:34:33,михаИл оРЛоВ,8(9748) 36-89,1,кОРм Для сОБАк,2,908.57,91.43,PROCeSsING,спасибо за заказ,14.12.2024,0161991321671689
2030017626530,2024/12/12 02:34:33,михаИл оРЛоВ,8(9748) 36-89,4,подпИСКа НА ГаЗЕТУ,3,1585.42,214.58,pRocesSiNG,спасибо за заказ,14.12.2024,0161991321671689
2030017626530,2024/12/12 02:34:33,михаИл оРЛоВ,8(9748) 36-89,4,ПОдПиска НА гАзЕТу,3,1710.31,89.69,pROcEsSIng,спасибо за заказ,14.12.2024,0161991321671689
2030017626530,2024/12/12 02:34:33,михаИл оРЛоВ,8(9748) 36-89,5,мОЛОкО,3,7372.69,1627.31,pROcEsSING,спасибо за заказ,14.12.2024,0161991321671689
2030017625755,2024-12-22 11:05:54,ИвАн иВаНОв,+7 9349 86 17,5,МОлокО,1,2789.51,210.49,coMPLeTeD,подарок вовремя,2024/12/15,8162248793512665
2030017625755,2024-12-22 11:05:54,ИвАн иВаНОв,+7 9349 86 17,5,МоЛокО,1,2563.49,436.51,COmPLetEd,подарок вовремя,2024/12/15,8162248793512665
2030017625755,2024-12-22 11:05:54,ИвАн иВаНОв,+7 9349 86 17,5,мОлоКо,3,7790.82,1209.18,ComPLETeD,подарок вовремя,2024/12/15,8162248793512665
2030017624481,04.12.2024 04:44,аНна СМирноВА,8(9437) 54-01,2,ИгРУшкА МЯЧ,3,865.64,34.36,PRocesSiNG,подарок вовремя,2024/12/01,1245135963915532
2030017624481,04.12.2024 04:44,аНна СМирноВА,8(9437) 54-01,4,пОДпИСкА На ГаЗеТУ,5,2899.03,100.97,ProceSSIng,подарок вовремя,2024/12/01,1245135963915532
2030017624481,04.12.2024 04:44,аНна СМирноВА,8(9437) 54-01,5,мОлОКо,3,8822.76,177.24,pRoCEssINg,подарок вовремя,2024/12/01,1245135963915532
2030017624481,04.12.2024 04:44,аНна СМирноВА,8(9437) 54-01,5,моЛоКо,5,12157.66,2842.34,ProcEssInG,подарок вовремя,2024/12/01,1245135963915532
2030017623738,2024/12/20 04:54:02,Ольга КуЗнЕЦоВа,8(9713) 58-46,2,ИГрУШКа мЯч,4,1138.93,61.07,COMpLEtED,подарок вовремя,2024/12/30,2056258130629849
2030017622439,2024/12/06 05:18:33,натАЛЬя ВаСИЛьевА,+7(9218)54-94,5,МОЛОкО,2,5337.97,662.03,ProcesSinG,Проверить наличие,15.12.2024,2387634922034093
2030017622439,2024/12/06 05:18:33,натАЛЬя ВаСИЛьевА,+7(9218)54-94,4,пОДпиСКА На гАзЕту,1,562.9,37.1,prOCesSINg,Проверить наличие,15.12.2024,2387634922034093
2030017621655,2024-12-12 20:26:40,АлЕкСЕЙ МИХаЙлОВ,+7 9416 16 16,4,ПОдпИСка На газету,5,2952.18,47.82,cOMPlETED,Всё отлично!,09.12.2024,7411766656023600
2030017620512,2024/12/11 13:48:04,сЕРгЕй сиДорОв,+7 9522 26 48,4,пОдпиСка нА газЕту,1,529.2,70.8,COmPLETed,Всё отлично!,2024/12/31,6761411941924910
2030017620512,2024/12/11 13:48:04,сЕРгЕй сиДорОв,+7 9522 26 48,3,АмУНИЦИЯ дЛЯ СобаК,2,2210.0,190.0,comPleted,Всё отлично!,2024/12/31,6761411941924910
2030017620512,2024/12/11 13:48:04,сЕРгЕй сиДорОв,+7 9522 26 48,2,ИГРУШка мЯЧ,3,779.97,120.03,cOmPleTeD,Всё отлично!,2024/12/31,6761411941924910
2030017620512,2024/12/11 13:48:04,сЕРгЕй сиДорОв,+7 9522 26 48,4,ПоДпиСКа На ГазЕТУ,3,1555.32,244.68,COmpLeted,Всё отлично!,2024/12/31,6761411941924910
2030017619166,2024/12/05 23:53:36,ивАн ИваНОВ,+7(9128)35-14,3,АмУНицИЯ для сОБАк,5,5465.63,534.37,CANcelLed,Проверить наличие,2024-12-31,6359517472092006
2030017619166,2024/12/05 23:53:36,ивАн ИваНОВ,+7(9128)35-14,3,амуНИциЯ ДЛя СоБАк,2,1977.65,422.35,CanCElLed,Проверить наличие,2024-12-31,6359517472092006
2030017618201,08.12.2024 14:26,ИВаН иВанов,8(9014) 25-38,4,пОДпИсКА нА ГАзЕтУ,1,587.36,12.64,pROCessiNg,Проверить наличие,2024/12/13,5262283439108013
2030017618201,08.12.2024 14:26,ИВаН иВанов,8(9014) 25-38,3,АМУНИЦия ДЛЯ собАк,2,2129.81,270.19,PrOcesSInG,Проверить наличие,2024/12/13,5262283439108013
2030017618201,08.12.2024 14:26,ИВаН иВанов,8(9014) 25-38,1,коРм длЯ СОбАк,5,2237.76,262.24,PROCEsSInG,Проверить наличие,2024/12/13,5262283439108013
2030017618201,08.12.2024 14:26,ИВаН иВанов,8(9014) 25-38,2,ИГРУШкА мяЧ,1,240.96,59.04,pRoCESSIng,Проверить наличие,2024/12/13,5262283439108013
2030017617483,2024/12/03 00:37:18,сеРгЕй СИдоРов,8(9582) 90-89,1,кОрм ДлЯ сОбАК,5,2250.07,249.93,compLeTeD,подарок вовремя,02.12.2024,1643256649334437
2030017617483,2024/12/03 00:37:18,сеРгЕй СИдоРов,8(9582) 90-89,4,подпИСкА нА газЕтУ,2,1085.69,114.31,COMpLeted,подарок вовремя,02.12.2024,1643256649334437
2030017616577,2024/12/24 13:25:49,ЕЛЕНа НОВИкОвА,8(9692) 91-08,3,АмУницИя для собАк,5,5570.72,429.28,CaNCELLed,Ждём с нетерпением!,2024/12/01,8363303687205184
2030017616577,2024/12/24 13:25:49,ЕЛЕНа НОВИкОвА,8(9692) 91-08,1,КоРм длЯ сОбАК,4,1850.7,149.3,canCElLED,Ждём с нетерпением!,2024/12/01,8363303687205184
2030017616577,2024/12/24 13:25:49,ЕЛЕНа НОВИкОвА,8(9692) 91-08,5,мОЛОКО,2,5548.72,451.28,cANCeLLed,Ждём с нетерпением!,2024/12/01,8363303687205184
2030017615511,19.12.2024 16:51,ОЛЬГА КуЗнецоВа,+7(9387)74-69,2,иГРуШка Мяч,2,517.82,82.18,ProCessiNg,спасибо за заказ,18.12.2024,8184128108680512
2030017615511,19.12.2024 16:51,ОЛЬГА КуЗнецоВа,+7(9387)74-69,1,КоРм длЯ Собак,2,954.61,45.39,prOcESsIng,спасибо за заказ,18.12.2024,8184128108680512
2030017615511,19.12.2024 16:51,ОЛЬГА КуЗнецоВа,+7(9387)74-69,2,иГРуШКА МЯч,5,1217.87,282.13,PROcESsing,спасибо за заказ,18.12.2024,8184128108680512
2030017615511,19.12.2024 16:51,ОЛЬГА КуЗнецоВа,+7(9387)74-69,5,моЛОКо,2,5571.08,428.92,PrOceSsiNg,спасибо за заказ,18.12.2024,8184128108680512
2030017615511,19.12.2024 16:51,ОЛЬГА КуЗнецоВа,+7(9387)74-69,1,КорМ ДЛЯ собаК,2,904.78,95.22,PRoCessInG,спасибо за заказ,18.12.2024,8184128108680512
2030017614484,2024-12-02 20:11:22,СеРГЕЙ СИДОРОв,+7(9746)87-08,2,игРуШКа мЯч,2,567.67,32.33,ProCEssInG,"Задержка с доставкой, печалька...",18.12.2024,9541568175256955
2030017614484,2024-12-02 20:11:22,СеРГЕЙ СИДОРОв,+7(9746)87-08,3,аМУНиция ДЛЯ собАк,3,3072.87,527.13,PROCESsiNG,"Задержка с доставкой, печалька...",18.12.2024,9541568175256955
2030017614484,2024-12-02 20:11:22,СеРГЕЙ СИДОРОв,+7(9746)87-08,5,мОлоко,1,2674.91,325.09,prOcessINg,"Задержка с доставкой, печалька...",18.12.2024,9541568175256955
2030017614484,2024-12-02 20:11:22,СеРГЕЙ СИДОРОв,+7(9746)87-08,5,молоКО,3,8745.75,254.25,PRoCeSsiNg,"Задержка с доставкой, печалька...",18.12.2024,9541568175256955
2030017613494,19.12.2024 15:35,МИхаиЛ орЛов,+7(9400)22-37,4,ПОДпИСка На ГазЕту,1,577.33,22.67,cancElLed,Ждём с нетерпением!,2024/12/12,3076554339455957
2030017612502,01.12.2024 01:20,анна смиРНовА,+7(9547)53-87,4,ПоДПИска НА газетУ,5,2499.41,500.59,CAncelLEd,Проверить наличие,26.12.2024,7921390558626313
2030017612502,01.12.2024 01:20,анна смиРНовА,+7(9547)53-87,4,ПодПиСкА на гаЗЕтУ,2,1054.08,145.92,CAncELleD,Проверить наличие,26.12.2024,7921390558626313
2030017612502,01.12.2024 01:20,анна смиРНовА,+7(9547)53-87,4,пОДпиСка НА гАЗетУ,1,532.45,67.55,canCELlED,Проверить наличие,26.12.2024,7921390558626313
2030017612502,01.12.2024 01:20,анна смиРНовА,+7(9547)53-87,1,КОрМ для сОБаК,3,1302.45,197.55,CAnceLLeD,Проверить наличие,26.12.2024,7921390558626313
2030017611439,26.12.2024 17:07,МАриЯ ПЕТРОВА,+7 9678 45 23,4,пОдПИскА НА ГАзЕтУ,1,541.73,58.27,coMpLETed,Нужно уточнить сроки,2024-12-27,1775969703443821
2030017610773,30.12.2024 21:17,ДМИтРиЙ КУЗНЕцоВ,+7 9924 13 26,4,ПодПИСка на газетУ,2,1185.63,14.37,PrOCesSInG,Проверить наличие,2024/12/18,0225113357121496
2030017610773,30.12.2024 21:17,ДМИтРиЙ КУЗНЕцоВ,+7 9924 13 26,1,Корм для Собак,3,1399.28,100.72,PRoCESsiNg,Проверить наличие,2024/12/18,0225113357121496
2030017610773,30.12.2024 21:17,ДМИтРиЙ КУЗНЕцоВ,+7 9924 13 26,3,аМУНИЦИЯ дЛя соБАк,3,3313.13,286.87,pROcEsSinG,Проверить наличие,2024/12/18,0225113357121496
2030017609908,31.12.2024 14:19,ИваН иВанОв,+7 9468 93 00,1,кОрм для СобаК,2,849.2,150.8,cOMpLEted,Ждём с нетерпением!,2024-12-03,0576416149439031
2030017608151,2024/12/20 16:03:16,оЛЬга КуЗнецОВа,8(9281) 76-24,5,МоЛоКО,3,7578.82,1421.18,Cancelled,Всё отлично!,2024/12/01,9832560976209938
2030017607398,2024/12/07 12:33:59,АлЕКсеЙ МихаЙЛоВ,8(9754) 78-58,4,пОдПисКа На гаЗеТу,2,1104.98,95.02,CanCelLEd,Нужно уточнить сроки,2024/12/14,9453621055219045
2030017607398,2024/12/07 12:33:59,АлЕКсеЙ МихаЙЛоВ,8(9754) 78-58,4,ПОДпИСкА нА гАзЕТу,1,489.99,110.01,cAnCELLeD,Нужно уточнить сроки,2024/12/14,9453621055219045
2030017606755,2024-12-13 19:04:36,Иван ивАнОв,8(9972) 90-68,2,игрУШКА мЯЧ,1,278.0,22.0,prOCessInG,подарок вовремя,2024-12-12,8437181118103361
2030017606755,2024-12-13 19:04:36,Иван ивАнОв,8(9972) 90-68,1,КОРм ДЛя сОБАк,3,1409.53,90.47,prOCESsINg,подарок вовремя,2024-12-12,8437181118103361
2030017605247,27.12.2024 11:11,НАталья вАСИЛЬЕВА,8(9357) 93-68,2,ИгруШКа мЯЧ,2,548.44,51.56,coMpLETED,"Задержка с доставкой, печалька...",2024/12/22,7230158544004837
2030017605247,27.12.2024 11:11,НАталья вАСИЛЬЕВА,8(9357) 93-68,3,амунИциЯ для СобАК,4,3881.4,918.6,cOMpLETED,"Задержка с доставкой, печалька...",2024/12/22,7230158544004837
2030017605247,27.12.2024 11:11,НАталья вАСИЛЬЕВА,8(9357) 93-68,1,Корм ДЛя СОбАК,1,415.13,84.87,CoMplETed,"Задержка с доставкой, печалька...",2024/12/22,7230158544004837
2030017604822,2024/12/23 13:24:06,СЕргеЙ сИДОРОВ,+7 9692 78 84,3,амУницИЯ дЛя СоБАк,2,2199.72,200.28,CANcellED,Ждём с нетерпением!,2024/12/14,2182775403430302
2030017604822,2024/12/23 13:24:06,СЕргеЙ сИДОРОВ,+7 9692 78 84,2,иГРушКа МЯч,3,769.03,130.97,cAnCELlED,Ждём с нетерпением!,2024/12/14,2182775403430302
2030017603132,2024-12-20 02:40:11,Сергей сиДоров,8(9540) 97-64,4,ПоДПиСка нА гаЗЕТу,4,1948.44,451.56,PrOCeSsing,Нужно уточнить сроки,22.12.2024,2046099792504538
2030017602207,13.12.2024 08:19,ИВАН иваНОВ,8(9911) 54-62,5,мОлОКо,3,8668.16,331.84,CoMpLETEd,Проверить наличие,2024/12/09,5858156283027972
2030017602207,13.12.2024 08:19,ИВАН иваНОВ,8(9911) 54-62,5,мОЛоко,1,2534.11,465.89,ComPleTed,Проверить наличие,2024/12/09,5858156283027972
2030017602207,13.12.2024 08:19,ИВАН иваНОВ,8(9911) 54-62,2,иГрушКА Мяч,5,1260.78,239.22,cOMPletEd,Проверить наличие,2024/12/09,5858156283027972
2030017601743,27.12.2024 07:56,ДМИтриЙ куЗнЕЦОВ,+7(9366)42-17,4,ПоДпИСКА нА ГаЗЕТу,2,1019.59,180.41,COMPlEtED,спасибо за заказ,2024/12/08,6422229573514984
2030017601743,27.12.2024 07:56,ДМИтриЙ куЗнЕЦОВ,+7(9366)42-17,2,игРушкА МяЧ,1,242.72,57.28,CoMPleteD,спасибо за заказ,2024/12/08,6422229573514984
2030017601743,27.12.2024 07:56,ДМИтриЙ куЗнЕЦОВ,+7(9366)42-17,4,ПоДПиСкА НА гаЗетУ,3,1545.39,254.61,cOMPLEteD,спасибо за заказ,2024/12/08,6422229573514984
2030017601743,27.12.2024 07:56,ДМИтриЙ куЗнЕЦОВ,+7(9366)42-17,5,МоЛоКО,1,2960.35,39.65,CoMpleTeD,спасибо за заказ,2024/12/08,6422229573514984
2030017600925,2024-12-26 16:26:59,дМиТрИЙ КУЗнеЦОВ,+7(9867)25-48,2,ИгРУШКа мяч,5,1243.46,256.54,caNCElLEd,Ждём с нетерпением!,2024-12-05,2030564373359052
2030017600925,2024-12-26 16:26:59,дМиТрИЙ КУЗнеЦОВ,+7(9867)25-48,5,МОлОко,3,7338.06,1661.94,CaNCelLeD,Ждём с нетерпением!,2024-12-05,2030564373359052
2030017600925,2024-12-26 16:26:59,дМиТрИЙ КУЗнеЦОВ,+7(9867)25-48,4,ПОдПИСка На гАЗетУ,1,528.63,71.37,CAncelLed,Ждём с нетерпением!,2024-12-05,2030564373359052
2030017600925,2024-12-26 16:26:59,дМиТрИЙ КУЗнеЦОВ,+7(9867)25-48,4,ПОДписКа НА ГаЗЕтУ,3,1689.5,110.5,CANCElled,Ждём с нетерпением!,2024-12-05,2030564373359052
2030017599942,2024-12-02 20:25:56,ЕЛенА нОВИковА,+7(9256)35-03,4,пОдПиСка НА ГАзЕту,1,588.1,11.9,cOMPLETED,спасибо за заказ,03.12.2024,0599666781355452
2030017598709,2024/12/20 10:21:28,алеКСЕЙ МиХАЙЛоВ,8(9009) 09-34,2,игрУШКА мЯЧ,1,275.93,24.07,ComPLeTED,спасибо за заказ,2024/12/30,7556734419080542
2030017598709,2024/12/20 10:21:28,алеКСЕЙ МиХАЙЛоВ,8(9009) 09-34,1,корМ ДлЯ СОбаК,1,441.97,58.03,cOmpLeTed,спасибо за заказ,2024/12/30,7556734419080542
2030017598709,2024/12/20 10:21:28,алеКСЕЙ МиХАЙЛоВ,8(9009) 09-34,3,АмуНИцИя ДЛя СоБак,3,2933.64,666.36,COmPlEtEd,спасибо за заказ,2024/12/30,7556734419080542
2030017598709,2024/12/20 10:21:28,алеКСЕЙ МиХАЙЛоВ,8(9009) 09-34,5,молоко,4,9780.59,2219.41,coMplEted,спасибо за заказ,2024/12/30,7556734419080542
2030017597471,2024-12-11 20:56:40,аЛЕкСЕй мИхАЙлоВ,+7 9605 63 96,2,иГРуШКа МЯЧ,3,726.81,173.19,caNCELLEd,Ждём с нетерпением!,2024-12-18,1024977095074012
2030017596461,2024/12/01 23:17:34,нАтАЛьЯ вАСилЬЕВА,8(9196) 66-76,2,иГрУшка МЯч,4,960.52,239.48,cAnceLleD,спасибо за заказ,2024/12/26,3186539735559792
2030017596461,2024/12/01 23:17:34,нАтАЛьЯ вАСилЬЕВА,8(9196) 66-76,5,МОлоКО,2,5564.37,435.63,CanCeLleD,спасибо за заказ,2024/12/26,3186539735559792
2030017596461,2024/12/01 23:17:34,нАтАЛьЯ вАСилЬЕВА,8(9196) 66-76,4,пОДпИсКа На гАЗЕту,2,1043.11,156.89,canCeLLED,спасибо за заказ,2024/12/26,3186539735559792
2030017595672,2024/12/11 22:59:48,иВаН ивАнОВ,+7 9390 44 76,2,иГРУШкА МЯч,2,533.0,67.0,CanCeLLeD,Ждём с нетерпением!,2024/12/10,0591141350415062
2030017594484,2024-12-22 07:25:40,маРиЯ ПетРова,+7 9712 07 32,4,пОДПиСКА НА гАЗетУ,2,1027.8,172.2,caNceLlEd,спасибо за заказ,2024-12-14,4579003604251376
2030017593349,2024-12-26 19:30:04,ОЛЬГа кУзНЕЦоВа,+7 9240 26 51,3,аМУницИЯ Для сОбАк,3,3516.23,83.77,ComPlETEd,Нужно уточнить сроки,2024-12-06,4916252498130995
2030017593349,2024-12-26 19:30:04,ОЛЬГа кУзНЕЦоВа,+7 9240 26 51,4,ПодписКа НА ГАзЕТУ,3,1662.15,137.85,CoMPLeTEd,Нужно уточнить сроки,2024-12-06,4916252498130995
2030017593349,2024-12-26 19:30:04,ОЛЬГа кУзНЕЦоВа,+7 9240 26 51,5,МОлоКо,4,9849.81,2150.19,cOmpletEd,Нужно уточнить сроки,2024-12-06,4916252498130995
2030017593349,2024-12-26 19:30:04,ОЛЬГа кУзНЕЦоВа,+7 9240 26 51,5,МоЛоКо,3,7847.41,1152.59,ComplETeD,Нужно уточнить сроки,2024-12-06,4916252498130995
2030017592766,2024-12-01 07:42:44,ДМиТРИй КузнЕЦОв,+7(9669)80-19,5,мОлоко,2,5838.32,161.68,CANcEllEd,"Задержка с доставкой, печалька...",2024-12-27,6339177581390411
2030017591889,28.12.2024 01:46,аНнА сМиРнова,8(9952) 90-45,3,аМУниЦия для собАК,3,3071.61,528.39,cOMplEted,Проверить наличие,2024/12/20,7937462817823550
2030017591889,28.12.2024 01:46,аНнА сМиРнова,8(9952) 90-45,2,иГРУшКА мяч,4,1003.25,196.75,compLEtEd,Проверить наличие,2024/12/20,7937462817823550
2030017591889,28.12.2024 01:46,аНнА сМиРнова,8(9952) 90-45,2,игрУшКА МЯч,2,567.62,32.38,COMPLETed,Проверить наличие,2024/12/20,7937462817823550
2030017591889,28.12.2024 01:46,аНнА сМиРнова,8(9952) 90-45,3,амУНицИЯ ДлЯ собАк,2,2243.9,156.1,cOmPlETed,Проверить наличие,2024/12/20,7937462817823550
2030017591889,28.12.2024 01:46,аНнА сМиРнова,8(9952) 90-45,3,амуниция дЛЯ СобаК,5,5201.55,798.45,ComPletED,Проверить наличие,2024/12/20,7937462817823550
2030017590238,2024-12-31 12:13:49,МАрИя пеТРовА,+7 9196 68 57,1,кОРм длЯ сОБАк,1,484.18,15.82,proCeSSing,Ждём с нетерпением!,2024/12/30,9634393202801575
2030017589223,20.12.2024 01:56,МаРиЯ пЕтРОВА,+7 9798 55 54,5,МОЛОКо,1,2798.04,201.96,cANCelLed,Нужно уточнить сроки,2024/12/25,3602294098556570
2030017589223,20.12.2024 01:56,МаРиЯ пЕтРОВА,+7 9798 55 54,5,моЛокО,1,2959.0,41.0,CAncELled,Нужно уточнить сроки,2024/12/25,3602294098556570
2030017589223,20.12.2024 01:56,МаРиЯ пЕтРОВА,+7 9798 55 54,3,АмуниЦИЯ дЛЯ сОБак,1,1030.03,169.97,cANCElLeD,Нужно уточнить сроки,2024/12/25,3602294098556570
2030017589223,20.12.2024 01:56,МаРиЯ пЕтРОВА,+7 9798 55 54,3,аМУницИЯ ДЛя СОБак,5,5889.51,110.49,CancElLED,Нужно уточнить сроки,2024/12/25,3602294098556570
2030017588392,07.12.2024 01:58,СергеЙ СИдоРоВ,8(9782) 69-40,1,кОрМ длЯ соБАк,3,1258.07,241.93,PROceSsing,Всё отлично!,2024/12/23,1715495302094438
2030017588392,07.12.2024 01:58,СергеЙ СИдоРоВ,8(9782) 69-40,2,игрушКА мяЧ,4,1149.52,50.48,prOcEsSinG,Всё отлично!,2024/12/23,1715495302094438
2030017588392,07.12.2024 01:58,СергеЙ СИдоРоВ,8(9782) 69-40,5,мОлОКО,5,13101.23,1898.77,PROcEssING,Всё отлично!,2024/12/23,1715495302094438
2030017588392,07.12.2024 01:58,СергеЙ СИдоРоВ,8(9782) 69-40,2,ИГрУШкА Мяч,1,271.26,28.74,PRoCEssinG,Всё отлично!,2024/12/23,1715495302094438
2030017588392,07.12.2024 01:58,СергеЙ СИдоРоВ,8(9782) 69-40,4,поДПИсКа нА ГАЗеТУ,3,1688.69,111.31,procesSing,Всё отлично!,2024/12/23,1715495302094438
2030017587263,2024/12/03 11:04:22,оЛьГА кузнЕЦОВа,+7(9905)13-76,2,иГРУШКа МяЧ,1,280.94,19.06,CANCeLLED,"Задержка с доставкой, печалька...",2024-12-08,1244908043716634
2030017587263,2024/12/03 11:04:22,оЛьГА кузнЕЦОВа,+7(9905)13-76,5,МОЛоКО,4,10857.85,1142.15,CaNCElLeD,"Задержка с доставкой, печалька...",2024-12-08,1244908043716634
2030017587263,2024/12/03 11:04:22,оЛьГА кузнЕЦОВа,+7(9905)13-76,2,иГРуШкА Мяч,4,1147.5,52.5,CANceLLEd,"Задержка с доставкой, печалька...",2024-12-08,1244908043716634
2030017587263,2024/12/03 11:04:22,оЛьГА кузнЕЦОВа,+7(9905)13-76,1,коРМ ДЛя соБАК,3,1453.39,46.61,CAncellEd,"Задержка с доставкой, печалька...",2024-12-08,1244908043716634
2030017587263,2024/12/03 11:04:22,оЛьГА кузнЕЦОВа,+7(9905)13-76,2,иГРуШКА мЯч,4,1193.9,6.1,CANcelLEd,"Задержка с доставкой, печалька...",2024-12-08,1244908043716634
2030017586857,03.12.2024 02:09,ДМИтрИй КУзнеЦоВ,8(9788) 83-72,2,ИГрУШкА МЯч,3,856.19,43.81,ProcEsSINg,Нужно уточнить сроки,2024-12-10,0761468963401621
2030017586857,03.12.2024 02:09,ДМИтрИй КУзнеЦоВ,8(9788) 83-72,1,кОРМ ДЛЯ СоБак,1,417.68,82.32,PrOcEssINg,Нужно уточнить сроки,2024-12-10,0761468963401621
2030017586857,03.12.2024 02:09,ДМИтрИй КУзнеЦоВ,8(9788) 83-72,1,КОрм дЛя сОБАК,2,945.39,54.61,procEsSINg,Нужно уточнить сроки,2024-12-10,0761468963401621
2030017585426,04.12.2024 18:51,мИхАиЛ ОРлОв,+7(9036)37-86,2,ИгрушКА МЯЧ,3,753.3,146.7,cOmPlETed,Нужно уточнить сроки,2024/12/05,8179094856462570
2030017585426,04.12.2024 18:51,мИхАиЛ ОРлОв,+7(9036)37-86,1,КоРм для сОбак,5,2244.47,255.53,cOMPLeted,Нужно уточнить сроки,2024/12/05,8179094856462570
2030017585426,04.12.2024 18:51,мИхАиЛ ОРлОв,+7(9036)37-86,1,КОРМ ДлЯ сОбак,2,937.53,62.47,coMpLetED,Нужно уточнить сроки,2024/12/05,8179094856462570
2030017585426,04.12.2024 18:51,мИхАиЛ ОРлОв,+7(9036)37-86,5,МолокО,4,11932.38,67.62,CoMPLeTED,Нужно уточнить сроки,2024/12/05,8179094856462570
2030017585426,04.12.2024 18:51,мИхАиЛ ОРлОв,+7(9036)37-86,1,корМ для СоБак,5,2423.78,76.22,coMpleteD,Нужно уточнить сроки,2024/12/05,8179094856462570
2030017584231,2024/12/07 02:57:56,МихАИл ОРЛОВ,+7 9801 06 51,3,АМуНицИя длЯ СоБак,4,4099.25,700.75,CAnCellED,Всё отлично!,23.12.2024,3541076523302722
2030017583197,2024/12/03 07:53:09,иВан ИВАНОв,+7 9701 00 52,1,кОРМ Для СобАК,5,2010.07,489.93,cOmPLETed,"Задержка с доставкой, печалька...",04.12.2024,7843996664096770
2030017583197,2024/12/03 07:53:09,иВан ИВАНОв,+7 9701 00 52,4,пОдписКА НА газЕТу,2,1057.84,142.16,COMPLeTeD,"Задержка с доставкой, печалька...",04.12.2024,7843996664096770
2030017582931,2024-12-03 07:32:11,иВАН ИВАнОВ,+7 9525 27 70,1,кОрм дЛя сОБаК,5,2267.18,232.82,caNCELLED,подарок вовремя,15.12.2024,1220840610326439
2030017582931,2024-12-03 07:32:11,иВАН ИВАнОВ,+7 9525 27 70,3,амунИция ДЛЯ собак,5,5754.37,245.63,CancELlED,подарок вовремя,15.12.2024,1220840610326439
2030017581274,2024-12-06 20:37:53,МиХаил орЛОВ,8(9940) 36-61,5,мОлОкО,1,2753.96,246.04,PROCesSiNG,Нужно уточнить сроки,2024/12/31,8022580959300782
2030017581274,2024-12-06 20:37:53,МиХаил орЛОВ,8(9940) 36-61,4,ПОдПиСКА НА гАЗЕТУ,1,505.19,94.81,ProCESSinG,Нужно уточнить сроки,2024/12/31,8022580959300782
2030017581274,2024-12-06 20:37:53,МиХаил орЛОВ,8(9940) 36-61,1,КОрМ дЛя сОБак,4,1817.29,182.71,PROcessing,Нужно уточнить сроки,2024/12/31,8022580959300782
2030017580434,2024-12-15 05:32:02,ОльгА кУЗНЕцОВА,+7(9904)87-96,2,игруШКа мяЧ,1,292.84,7.16,CanCelLeD,Всё отлично!,27.12.2024,5420767904800835
2030017579607,2024-12-23 21:58:50,аннА СМИрнОВа,+7(9541)41-28,5,моЛОкО,1,2514.47,485.53,ComPLetED,Проверить наличие,2024/12/26,3107035357416880
2030017579607,2024-12-23 21:58:50,аннА СМИрнОВа,+7(9541)41-28,3,АмуНИЦия ДЛя соБак,1,1157.0,43.0,compLeTeD,Проверить наличие,2024/12/26,3107035357416880
2030017579607,2024-12-23 21:58:50,аннА СМИрнОВа,+7(9541)41-28,4,поДПИСКа нА ГазЕтУ,1,520.6,79.4,ComPLEted,Проверить наличие,2024/12/26,3107035357416880
2030017578734,2024-12-16 23:10:35,НАтАЛЬЯ вАСИЛьЕва,+7(9834)38-98,4,поДПИскА НА газеТу,3,1518.74,281.26,cOMpLetEd,Проверить наличие,10.12.2024,9293028864694835
2030017578734,2024-12-16 23:10:35,НАтАЛЬЯ вАСИЛьЕва,+7(9834)38-98,3,АмУНиЦиЯ дЛЯ соБАК,5,5463.22,536.78,CoMplEted,Проверить наличие,10.12.2024,9293028864694835
2030017577995,2024-12-16 14:32:22,сЕрГЕЙ сИДорОв,+7(9667)85-45,2,игрУШка мЯЧ,2,534.34,65.66,cOmplEtEd,Всё отлично!,23.12.2024,4436290767761495
2030017577995,2024-12-16 14:32:22,сЕрГЕЙ сИДорОв,+7(9667)85-45,5,МолоКо,2,5072.32,927.68,COmPleTED,Всё отлично!,23.12.2024,4436290767761495
2030017577995,2024-12-16 14:32:22,сЕрГЕЙ сИДорОв,+7(9667)85-45,2,игРУШКА мЯч,5,1471.49,28.51,cOMPLEtEd,Всё отлично!,23.12.2024,4436290767761495
2030017576974,2024/12/20 08:04:51,ИВаН ивАнов,+7(9356)16-31,1,КОрМ Для СОБАк,4,1921.53,78.47,ProceSsiNG,Ждём с нетерпением!,2024/12/06,9297219860188414
2030017576974,2024/12/20 08:04:51,ИВаН ивАнов,+7(9356)16-31,3,амУнИцИя ДЛя сОбаК,4,3858.78,941.22,prOCESSinG,Ждём с нетерпением!,2024/12/06,9297219860188414
2030017576974,2024/12/20 08:04:51,ИВаН ивАнов,+7(9356)16-31,4,ПОдпИска НА ГазЕтУ,2,1097.71,102.29,procESsINg,Ждём с нетерпением!,2024/12/06,9297219860188414
2030017576974,2024/12/20 08:04:51,ИВаН ивАнов,+7(9356)16-31,4,ПоДПисКА На ГазЕТу,2,1067.04,132.96,PRocesSinG,Ждём с нетерпением!,2024/12/06,9297219860188414
2030017576974,2024/12/20 08:04:51,ИВаН ивАнов,+7(9356)16-31,3,аМУНицИЯ Для собаК,4,4543.74,256.26,proCeSsiNG,Ждём с нетерпением!,2024/12/06,9297219860188414
2030017575613,17.12.2024 20:24,ИВАН ИВаНОВ,+7(9246)40-74,1,КОРМ Для собак,4,1711.86,288.14,pRoceSsiNg,спасибо за заказ,2024-12-28,3852002167625012
2030017575613,17.12.2024 20:24,ИВАН ИВаНОВ,+7(9246)40-74,5,МолОко,4,10871.91,1128.09,pROcEsSiNg,спасибо за заказ,2024-12-28,3852002167625012
2030017574590,2024-12-10 05:01:02,СерГеЙ сИдоРОв,+7(9394)24-86,2,игРушКа мЯч,3,769.58,130.42,cancELlED,подарок вовремя,2024-12-20,6417275620851030
2030017574590,2024-12-10 05:01:02,СерГеЙ сИдоРОв,+7(9394)24-86,5,мОЛоКо,4,9895.0,2105.0,cANcelLED,подарок вовремя,2024-12-20,6417275620851030
2030017573686,31.12.2024 18:10,иВан ИВАНов,+7(9775)99-26,4,ПОдпИскА нА гаЗЕТу,3,1589.98,210.02,cANceLLeD,Всё отлично!,2024-12-02,6850146387336377
2030017572478,14.12.2024 03:43,михаИл орЛов,+7 9315 57 66,3,АмУНИция дЛя сОБак,5,5790.64,209.36,compLEteD,Ждём с нетерпением!,22.12.2024,9892145468090526
2030017572478,14.12.2024 03:43,михаИл орЛов,+7 9315 57 66,3,АМуНиЦИЯ Для СОБаК,4,4720.81,79.19,cOMPlETeD,Ждём с нетерпением!,22.12.2024,9892145468090526
2030017572478,14.12.2024 03:43,михаИл орЛов,+7 9315 57 66,3,АМуНиЦия Для СОбАк,4,4280.26,519.74,CoMPLeTed,Ждём с нетерпением!,22.12.2024,9892145468090526
2030017571691,2024/12/10 01:31:53,иВан ИВАнОв,8(9226) 08-15,4,ПОДписка НА газеТу,1,577.86,22.14,coMPlEtED,Проверить наличие,2024-12-24,4810177687302325
2030017571691,2024/12/10 01:31:53,иВан ИВАнОв,8(9226) 08-15,1,корМ дЛя сОбАК,2,914.28,85.72,COMpleTEd,Проверить наличие,2024-12-24,4810177687302325
2030017570479,17.12.2024 18:55,ЕЛЕНА нОВИКОВа,+7 9807 54 93,5,мОЛОКО,4,10653.28,1346.72,CompletEd,Проверить наличие,2024-12-08,9119316319270602
2030017570479,17.12.2024 18:55,ЕЛЕНА нОВИКОВа,+7 9807 54 93,1,корм ДлЯ СоБАк,4,1635.26,364.74,cOmPlEtEd,Проверить наличие,2024-12-08,9119316319270602
2030017570479,17.12.2024 18:55,ЕЛЕНА нОВИКОВа,+7 9807 54 93,4,ПодПИсКа нА гАЗЕтУ,2,1083.69,116.31,comPlETeD,Проверить наличие,2024-12-08,9119316319270602
2030017570479,17.12.2024 18:55,ЕЛЕНА нОВИКОВа,+7 9807 54 93,4,ПодПиска нА гАЗЕТУ,4,1945.27,454.73,cOmpLETEd,Проверить наличие,2024-12-08,9119316319270602
2030017570479,17.12.2024 18:55,ЕЛЕНА нОВИКОВа,+7 9807 54 93,5,мОлоко,2,5295.77,704.23,comPleteD,Проверить наличие,2024-12-08,9119316319270602
2030017569573,2024-12-26 21:07:07,ОльГА кУЗНЕцовА,+7 9983 88 09,2,иГРУШка МЯч,3,805.91,94.09,procEssing,Проверить наличие,2024-12-10,9063916036397823
2030017569573,2024-12-26 21:07:07,ОльГА кУЗНЕцовА,+7 9983 88 09,5,МОлоКо,1,2438.58,561.42,PrOCeSSinG,Проверить наличие,2024-12-10,9063916036397823
2030017568495,04.12.2024 02:37,михаил оРЛов,+7(9046)18-68,5,моЛокО,1,2791.37,208.63,pROcEsSiNG,Ждём с нетерпением!,2024-12-23,5743138112739900
2030017567300,2024-12-30 14:41:37,аНнА сМиРНова,+7 9119 81 37,1,КорМ дЛЯ СобАк,4,1689.88,310.12,pROceSsING,Ждём с нетерпением!,01.12.2024,9026150610882910
2030017566411,04.12.2024 14:17,ЕЛенА НовиКова,+7 9494 04 70,2,ИГрУШкА МяЧ,3,811.84,88.16,CANceLlEd,Нужно уточнить сроки,2024-12-05,0946493753649254
2030017565906,2024/12/22 01:16:49,ИВаН иваНоВ,+7(9629)73-53,2,ИгРуШка мяч,1,260.26,39.74,ComPLEted,Нужно уточнить сроки,2024-12-11,2340020002562870
2030017564665,2024-12-18 08:29:08,Елена НоВикОвА,8(9108) 21-83,2,игРУшКа МЯЧ,1,240.3,59.7,CanceLLED,Проверить наличие,2024/12/16,1954797226468258
2030017564665,2024-12-18 08:29:08,Елена НоВикОвА,8(9108) 21-83,1,кОРм Для сОбаК,3,1275.21,224.79,CAnCelleD,Проверить наличие,2024/12/16,1954797226468258
2030017564665,2024-12-18 08:29:08,Елена НоВикОвА,8(9108) 21-83,1,КОРм ДлЯ сОБАК,5,2006.85,493.15,CaNceLLed,Проверить наличие,2024/12/16,1954797226468258
2030017564665,2024-12-18 08:29:08,Елена НоВикОвА,8(9108) 21-83,2,игРуШКа Мяч,5,1277.4,222.6,cANcElleD,Проверить наличие,2024/12/16,1954797226468258
2030017563481,11.12.2024 19:37,мАрИя ПЕТРОва,8(9705) 82-97,2,ИГРУШКа Мяч,3,822.84,77.16,cANCeLleD,Всё отлично!,2024-12-22,3182188388955191
2030017562872,2024-12-24 23:50:24,дМИтрИЙ кУЗнецов,+7 9313 63 13,1,Корм дЛЯ сОБаК,2,813.71,186.29,cANCeLleD,Ждём с нетерпением!,2024/12/31,1035886132825290
2030017562872,2024-12-24 23:50:24,дМИтрИЙ кУЗнецов,+7 9313 63 13,2,иГрУШКА МЯЧ,2,505.73,94.27,CancelleD,Ждём с нетерпением!,2024/12/31,1035886132825290
2030017562872,2024-12-24 23:50:24,дМИтрИЙ кУЗнецов,+7 9313 63 13,1,КоРм дЛя собак,3,1237.06,262.94,caNcELlEd,Ждём с нетерпением!,2024/12/31,1035886132825290
2030017561383,2024-12-16 12:13:04,НАтаЛЬя вАсилЬевА,+7(9995)83-84,1,Корм ДЛЯ собАК,2,891.18,108.82,PROceSSInG,Нужно уточнить сроки,24.12.2024,4998556672617928
2030017561383,2024-12-16 12:13:04,НАтаЛЬя вАсилЬевА,+7(9995)83-84,4,ПоДпИска НА гАЗеТУ,4,2073.41,326.59,pRoCEsSiNG,Нужно уточнить сроки,24.12.2024,4998556672617928
2030017561383,2024-12-16 12:13:04,НАтаЛЬя вАсилЬевА,+7(9995)83-84,4,ПодПИСка на газету,5,2720.5,279.5,pROCEssiNG,Нужно уточнить сроки,24.12.2024,4998556672617928
2030017561383,2024-12-16 12:13:04,НАтаЛЬя вАсилЬевА,+7(9995)83-84,1,КОрм для СоБАк,1,447.77,52.23,pROcESSiNg,Нужно уточнить сроки,24.12.2024,4998556672617928
2030017560777,2024-12-27 09:24:57,АлЕкСей МихаЙЛОв,+7 9570 77 33,1,КОРм дЛя собаК,2,866.47,133.53,PROcEssing,Проверить наличие,2024-12-29,1240527512821542
2030017559402,24.12.2024 05:23,НаТАЛЬя вАсиЛЬеВА,+7(9841)06-05,1,КОРм Для собАК,1,439.73,60.27,PROceSSIng,Нужно уточнить сроки,2024/12/19,0906374434406182
2030017559402,24.12.2024 05:23,НаТАЛЬя вАсиЛЬеВА,+7(9841)06-05,5,мОлОКо,3,7481.17,1518.83,pROCessinG,Нужно уточнить сроки,2024/12/19,0906374434406182
2030017559402,24.12.2024 05:23,НаТАЛЬя вАсиЛЬеВА,+7(9841)06-05,4,пОДпиСкА нА гаЗеТу,1,494.97,105.03,PrOcesSING,Нужно уточнить сроки,2024/12/19,0906374434406182
2030017559402,24.12.2024 05:23,НаТАЛЬя вАсиЛЬеВА,+7(9841)06-05,3,аМунИцИЯ ДлЯ СобАК,3,3401.61,198.39,processiNG,Нужно уточнить сроки,2024/12/19,0906374434406182
2030017558857,2024/12/29 01:23:17,МарИя ПетроВа,+7(9794)81-63,1,КорМ ДЛЯ СобаК,4,1970.24,29.76,proceSsInG,Всё отлично!,2024/12/12,8197400921381971
2030017558857,2024/12/29 01:23:17,МарИя ПетроВа,+7(9794)81-63,3,АМУниЦИЯ ДЛя соБаК,2,2093.4,306.6,PRoCesSING,Всё отлично!,2024/12/12,8197400921381971
2030017558857,2024/12/29 01:23:17,МарИя ПетроВа,+7(9794)81-63,3,амуНИцИя дЛЯ СОБаК,5,5501.92,498.08,ProcEssIng,Всё отлично!,2024/12/12,8197400921381971
2030017558857,2024/12/29 01:23:17,МарИя ПетроВа,+7(9794)81-63,4,пОДПисКА На гаЗЕТУ,3,1789.72,10.28,pRocESsING,Всё отлично!,2024/12/12,8197400921381971
2030017558857,2024/12/29 01:23:17,МарИя ПетроВа,+7(9794)81-63,2,ИГРУшКА мЯЧ,3,732.58,167.42,procesSinG,Всё отлично!,2024/12/12,8197400921381971
2030017557777,2024/12/24 09:05:52,анНа СмиРнова,8(9319) 28-36,5,МОЛОКО,1,2704.58,295.42,CoMpLeted,Ждём с нетерпением!,2024-12-11,5076814712279944
2030017557777,2024/12/24 09:05:52,анНа СмиРнова,8(9319) 28-36,1,кОРМ ДЛя СОБак,5,2197.31,302.69,CoMpLeTed,Ждём с нетерпением!,2024-12-11,5076814712279944
2030017557777,2024/12/24 09:05:52,анНа СмиРнова,8(9319) 28-36,3,АМуниЦиЯ дЛя СобАК,1,1035.39,164.61,cOMpLETed,Ждём с нетерпением!,2024-12-11,5076814712279944
2030017557777,2024/12/24 09:05:52,анНа СмиРнова,8(9319) 28-36,2,ИгрУшКа мяЧ,1,261.42,38.58,cOmplETEd,Ждём с нетерпением!,2024-12-11,5076814712279944
2030017556458,2024-12-18 02:41:41,ЕлЕнА НоВИКОВа,8(9838) 60-60,4,ПОДпИСка на ГаЗЕТУ,5,2580.5,419.5,CaNCeLlEd,Ждём с нетерпением!,2024/12/04,9418447757519422
2030017555361,09.12.2024 15:43,МИХАИЛ орлОВ,8(9798) 81-40,5,моЛоКО,4,9901.3,2098.7,pRoceSSInG,Нужно уточнить сроки,2024/12/24,2612828985325531
2030017555361,09.12.2024 15:43,МИХАИЛ орлОВ,8(9798) 81-40,1,корм дЛя сОбАк,5,2352.54,147.46,pROCeSSinG,Нужно уточнить сроки,2024/12/24,2612828985325531
2030017555361,09.12.2024 15:43,МИХАИЛ орлОВ,8(9798) 81-40,5,МОлОкО,3,8131.37,868.63,PrOcEssiNg,Нужно уточнить сроки,2024/12/24,2612828985325531
2030017555361,09.12.2024 15:43,МИХАИЛ орлОВ,8(9798) 81-40,2,ИГруШКа МяЧ,4,1102.14,97.86,PrOCeSSiNg,Нужно уточнить сроки,2024/12/24,2612828985325531
2030017555361,09.12.2024 15:43,МИХАИЛ орлОВ,8(9798) 81-40,5,моЛоКо,3,7676.52,1323.48,pROcESsING,Нужно уточнить сроки,2024/12/24,2612828985325531
2030017554267,2024-12-29 08:48:38,нАТАЛьЯ вАсИлЬЕВА,+7 9881 80 26,2,иГРУШкА мЯч,3,834.93,65.07,COmpLetED,Проверить наличие,10.12.2024,5316675967077113
2030017554267,2024-12-29 08:48:38,нАТАЛьЯ вАсИлЬЕВА,+7 9881 80 26,1,КоРМ ДлЯ СоБАК,1,486.71,13.29,COMPleTEd,Проверить наличие,10.12.2024,5316675967077113
2030017554267,2024-12-29 08:48:38,нАТАЛьЯ вАсИлЬЕВА,+7 9881 80 26,1,КорМ Для СоБак,3,1499.67,0.33,ComPLEtED,Проверить наличие,10.12.2024,5316675967077113
2030017554267,2024-12-29 08:48:38,нАТАЛьЯ вАсИлЬЕВА,+7 9881 80 26,3,АМУНиЦиЯ ДЛя сОбаК,3,3014.11,585.89,cOMpleTED,Проверить наличие,10.12.2024,5316675967077113
2030017554267,2024-12-29 08:48:38,нАТАЛьЯ вАсИлЬЕВА,+7 9881 80 26,5,молОкО,1,2588.72,411.28,cOMpLEtEd,Проверить наличие,10.12.2024,5316675967077113
2030017553444,2024-12-16 13:06:23,мИхАИл ОрлОв,+7 9157 40 48,2,ИГрушка мЯЧ,5,1377.73,122.27,proCESSINg,"Задержка с доставкой, печалька...",03.12.2024,6501517424431731
2030017553444,2024-12-16 13:06:23,мИхАИл ОрлОв,+7 9157 40 48,3,амунИЦия ДЛя сОБАк,2,2162.0,238.0,PrOCessiNG,"Задержка с доставкой, печалька...",03.12.2024,6501517424431731
2030017553444,2024-12-16 13:06:23,мИхАИл ОрлОв,+7 9157 40 48,1,КОРМ дЛЯ СоБак,1,419.05,80.95,procESsInG,"Задержка с доставкой, печалька...",03.12.2024,6501517424431731
2030017552588,2024-12-09 01:16:23,СЕРГЕЙ СИДоРОВ,8(9505) 52-90,5,МоЛОко,5,12294.44,2705.56,PRocEsSIng,Нужно уточнить сроки,2024-12-09,5670854125844338
2030017552588,2024-12-09 01:16:23,СЕРГЕЙ СИДоРОВ,8(9505) 52-90,5,МОЛоКо,4,10321.87,1678.13,procEssInG,Нужно уточнить сроки,2024-12-09,5670854125844338
2030017552588,2024-12-09 01:16:23,СЕРГЕЙ СИДоРОВ,8(9505) 52-90,2,иГРушка МЯЧ,5,1298.67,201.33,ProcessInG,Нужно уточнить сроки,2024-12-09,5670854125844338
2030017551338,2024-12-17 18:30:36,ЕлеНа НоВИкОВа,+7(9238)60-67,3,амУНиЦИя для собак,3,3591.19,8.81,pRocEssING,спасибо за заказ,02.12.2024,3503111053923979
2030017551338,2024-12-17 18:30:36,ЕлеНа НоВИкОВа,+7(9238)60-67,4,ПоДПисКа на гАЗЕту,5,2406.27,593.73,pRoCESsing,спасибо за заказ,02.12.2024,3503111053923979
2030017550961,02.12.2024 05:20,ДМиТРИй кУзнеЦОв,+7 9490 04 47,4,ПОДПискА нА ГаЗЕту,2,1160.19,39.81,PROcESSIng,Ждём с нетерпением!,2024-12-31,3480152436741849
2030017550961,02.12.2024 05:20,ДМиТРИй кУзнеЦОв,+7 9490 04 47,3,АмУницИя для сОбАК,1,1007.05,192.95,ProCEsSINg,Ждём с нетерпением!,2024-12-31,3480152436741849
2030017550961,02.12.2024 05:20,ДМиТРИй кУзнеЦОв,+7 9490 04 47,3,аМУНиЦИЯ для СОбаК,3,3190.23,409.77,ProCEssing,Ждём с нетерпением!,2024-12-31,3480152436741849
2030017549419,2024-12-27 04:42:50,оЛЬГа КуЗнЕЦОвА,+7(9333)63-67,1,КОРм Для сОБАК,4,1788.2,211.8,cAnCELLEd,Нужно уточнить сроки,25.12.2024,1674841970246257
2030017548707,2024-12-02 15:17:48,СерГеЙ сИДороВ,8(9844) 82-78,4,ПОДПИсКа на гаЗеТу,1,506.04,93.96,prOCesSinG,Всё отлично!,2024/12/19,5955935241746817
2030017547859,21.12.2024 14:23,оЛьГа куЗнеЦОвА,8(9286) 11-75,4,поДпИскА на ГазетУ,4,2121.54,278.46,pRocEssIng,спасибо за заказ,2024-12-17,6254448795919559
2030017547859,21.12.2024 14:23,оЛьГа куЗнеЦОвА,8(9286) 11-75,1,Корм ДЛЯ собАк,5,2491.57,8.43,PRoceSSiNg,спасибо за заказ,2024-12-17,6254448795919559
2030017547859,21.12.2024 14:23,оЛьГа куЗнеЦОвА,8(9286) 11-75,2,ИгрУШкА мяЧ,4,1140.74,59.26,proCeSSInG,спасибо за заказ,2024-12-17,6254448795919559
2030017546347,2024/12/27 06:27:30,ДМИТРий КУЗнЕЦоВ,+7 9472 96 91,3,АМуниЦия ДЛя СоБак,1,997.04,202.96,ProCesSinG,спасибо за заказ,2024/12/12,3300612222766316
2030017545268,2024-12-13 22:19:32,елЕнА НовИКовА,+7(9916)12-33,2,ИГруШКА мЯч,4,988.93,211.07,COmPLEtEd,Нужно уточнить сроки,2024-12-22,7063645481651659
2030017545268,2024-12-13 22:19:32,елЕнА НовИКовА,+7(9916)12-33,2,иГРуШКа мЯЧ,1,267.88,32.12,coMpLeted,Нужно уточнить сроки,2024-12-22,7063645481651659
2030017545268,2024-12-13 22:19:32,елЕнА НовИКовА,+7(9916)12-33,1,кОРм ДЛя сОбак,5,2342.42,157.58,compLeTED,Нужно уточнить сроки,2024-12-22,7063645481651659
2030017545268,2024-12-13 22:19:32,елЕнА НовИКовА,+7(9916)12-33,5,МоЛОко,4,10746.63,1253.37,coMPlETED,Нужно уточнить сроки,2024-12-22,7063645481651659
2030017545268,2024-12-13 22:19:32,елЕнА НовИКовА,+7(9916)12-33,3,аМУНИцИЯ для СОБАк,2,2297.58,102.42,COMpLEted,Нужно уточнить сроки,2024-12-22,7063645481651659
2030017544716,09.12.2024 02:52,елЕна НоВикОВа,+7(9461)07-87,5,МоЛоко,5,14677.04,322.96,PROcESSiNg,"Задержка с доставкой, печалька...",01.12.2024,1408733283328018
2030017543862,14.12.2024 05:49,ДмИТриЙ кузНЕЦоВ,8(9002) 26-16,5,МоЛокО,3,8487.52,512.48,prOCEssiNG,спасибо за заказ,21.12.2024,5886199973812775
2030017542912,2024/12/01 09:26:03,ЕленА новИКОва,8(9277) 32-83,1,КоРм Для СоБАК,1,440.93,59.07,ComPLeTed,Ждём с нетерпением!,2024-12-26,9399821989825302
2030017541432,04.12.2024 18:41,СЕргЕЙ сИДОРоВ,+7(9018)25-26,1,корм ДлЯ сОбак,5,2031.27,468.73,ComPleteD,Проверить наличие,2024-12-14,0039553223352369
2030017540147,2024-12-18 12:02:33,дмИТрИй кузНецОв,8(9816) 49-06,2,игрУШкА мЯЧ,3,803.5,96.5,CancELLeD,Нужно уточнить сроки,2024/12/11,5431543988116239
2030017540147,2024-12-18 12:02:33,дмИТрИй кузНецОв,8(9816) 49-06,3,АМУнИцИЯ дЛЯ СОбАк,3,3284.42,315.58,caNcellEd,Нужно уточнить сроки,2024/12/11,5431543988116239
2030017540147,2024-12-18 12:02:33,дмИТрИй кузНецОв,8(9816) 49-06,5,моЛоКО,4,10407.45,1592.55,caNcelleD,Нужно уточнить сроки,2024/12/11,5431543988116239
2030017540147,2024-12-18 12:02:33,дмИТрИй кузНецОв,8(9816) 49-06,1,коРм дЛя Собак,4,1850.57,149.43,canCELlED,Нужно уточнить сроки,2024/12/11,5431543988116239
2030017540147,2024-12-18 12:02:33,дмИТрИй кузНецОв,8(9816) 49-06,1,кОрм дЛя сОбАК,2,931.3,68.7,cANCeLLeD,Нужно уточнить сроки,2024/12/11,5431543988116239
2030017539946,2024-12-06 22:23:16,ОЛЬгА КУЗНЕЦовА,+7 9762 02 87,5,мОЛоКо,3,8984.95,15.05,ComPlEtED,Нужно уточнить сроки,2024-12-09,9533810381094084
2030017539946,2024-12-06 22:23:16,ОЛЬгА КУЗНЕЦовА,+7 9762 02 87,2,игрушкА МЯЧ,1,276.85,23.15,COmPLeTeD,Нужно уточнить сроки,2024-12-09,9533810381094084
2030017538726,2024/12/06 05:11:04,АННа сМИРНОвА,+7 9644 58 01,4,ПодпиСкА нА гаЗЕТУ,3,1599.03,200.97,CAnCelLED,Нужно уточнить сроки,2024-12-15,2192893262261078
2030017538726,2024/12/06 05:11:04,АННа сМИРНОвА,+7 9644 58 01,1,КОрм Для сОБАК,2,986.37,13.63,CaNCELlEd,Нужно уточнить сроки,2024-12-15,2192893262261078
2030017538726,2024/12/06 05:11:04,АННа сМИРНОвА,+7 9644 58 01,5,МолокО,3,7330.5,1669.5,cAnCeLled,Нужно уточнить сроки,2024-12-15,2192893262261078
2030017537545,13.12.2024 18:22,мария ПеТрОва,+7(9262)79-26,1,коРМ ДЛя сОбАк,3,1388.35,111.65,PRoCEsSiNG,Нужно уточнить сроки,2024/12/19,9974137312067108
2030017537545,13.12.2024 18:22,мария ПеТрОва,+7(9262)79-26,1,КОРМ длЯ сОБАК,1,495.73,4.27,pRocESSIng,Нужно уточнить сроки,2024/12/19,9974137312067108
2030017536431,2024/12/01 10:47:37,нАТАльЯ вАсиЛЬевА,8(9815) 46-89,2,ИгРуШкА мЯч,3,734.61,165.39,CaNcelLed,"Задержка с доставкой, печалька...",2024/12/10,4926411731757250
2030017536431,2024/12/01 10:47:37,нАТАльЯ вАсиЛЬевА,8(9815) 46-89,4,пОдПИСКА НА ГАзетУ,5,2693.19,306.81,caNCellEd,"Задержка с доставкой, печалька...",2024/12/10,4926411731757250
2030017536431,2024/12/01 10:47:37,нАТАльЯ вАсиЛЬевА,8(9815) 46-89,4,подПиСКА На гАЗеТУ,3,1469.36,330.64,cANCELLED,"Задержка с доставкой, печалька...",2024/12/10,4926411731757250
2030017536431,2024/12/01 10:47:37,нАТАльЯ вАсиЛЬевА,8(9815) 46-89,1,кОрм Для СобАК,1,405.32,94.68,cANcELlED,"Задержка с доставкой, печалька...",2024/12/10,4926411731757250
2030017536431,2024/12/01 10:47:37,нАТАльЯ вАсиЛЬевА,8(9815) 46-89,1,КоРм ДлЯ СОбАк,4,1935.91,64.09,cAnCELLED,"Задержка с доставкой, печалька...",2024/12/10,4926411731757250
2030017791435,2024/12/02 15:16:13,ДмИТрИЙ куЗНецоВ,8(9875) 31-78,1,кОрм Для соБаК,3,1410.2,89.8,cOMplEteD,Нужно уточнить сроки,08.12.2024,0541403752178413
2030017791435,2024/12/02 15:16:13,ДмИТрИЙ куЗНецоВ,8(9875) 31-78,4,пОДпИсКА На гаЗетУ,4,2306.48,93.52,coMpLEteD,Нужно уточнить сроки,08.12.2024,0541403752178413
2030017791435,2024/12/02 15:16:13,ДмИТрИЙ куЗНецоВ,8(9875) 31-78,4,подПисКА НА ГаЗету,4,1953.99,446.01,cOMpLETed,Нужно уточнить сроки,08.12.2024,0541403752178413
2030017791435,2024/12/02 15:16:13,ДмИТрИЙ куЗНецоВ,8(9875) 31-78,1,кОрм дЛя СоБАк,5,2373.26,126.74,coMPLetED,Нужно уточнить сроки,08.12.2024,0541403752178413
2030017791435,2024/12/02 15:16:13,ДмИТрИЙ куЗНецоВ,8(9875) 31-78,5,МоЛокО,2,5459.07,540.93,cOMPleTeD,Нужно уточнить сроки,08.12.2024,0541403752178413
2030017790700,2024/12/15 21:01:19,ОлЬГа кУЗНЕцОва,+7(9197)34-47,3,аМунИЦИЯ дЛЯ СОБАК,1,1179.12,20.88,pROCESsIng,"Задержка с доставкой, печалька...",30.12.2024,3705084308273095
2030017790700,2024/12/15 21:01:19,ОлЬГа кУЗНЕцОва,+7(9197)34-47,3,аМуниЦИя длЯ СОбак,1,1041.06,158.94,PrOCEssing,"Задержка с доставкой, печалька...",30.12.2024,3705084308273095
2030017790700,2024/12/15 21:01:19,ОлЬГа кУЗНЕцОва,+7(9197)34-47,1,КорМ Для СОбаК,4,1900.23,99.77,proCESsing,"Задержка с доставкой, печалька...",30.12.2024,3705084308273095
2030017790700,2024/12/15 21:01:19,ОлЬГа кУЗНЕцОва,+7(9197)34-47,3,амуНиЦИЯ ДЛя СОбАК,4,3852.75,947.25,PROCEssIng,"Задержка с доставкой, печалька...",30.12.2024,3705084308273095
2030017789610,25.12.2024 03:36,АЛЕксей мИхАйЛОВ,+7 9956 53 11,2,ИгруШКА МЯч,1,292.05,7.95,COMpleTeD,Нужно уточнить сроки,09.12.2024,9003622445567662
2030017789610,25.12.2024 03:36,АЛЕксей мИхАйЛОВ,+7 9956 53 11,1,кОрМ дЛЯ СОбак,5,2173.82,326.18,cOMPLeTEd,Нужно уточнить сроки,09.12.2024,9003622445567662
2030017789610,25.12.2024 03:36,АЛЕксей мИхАйЛОВ,+7 9956 53 11,3,АмУНиЦИя Для СОБАк,5,5280.3,719.7,comPLEteD,Нужно уточнить сроки,09.12.2024,9003622445567662
2030017789610,25.12.2024 03:36,АЛЕксей мИхАйЛОВ,+7 9956 53 11,4,ПОДПисКА на гаЗеТу,5,2910.19,89.81,CompletEd,Нужно уточнить сроки,09.12.2024,9003622445567662
2030017788250,11.12.2024 11:41,анНА сМирнОВа,8(9989) 28-82,1,КОРм дЛЯ СобАК,5,2014.4,485.6,COMPletEd,Ждём с нетерпением!,2024-12-29,9396702998128692
2030017788250,11.12.2024 11:41,анНА сМирнОВа,8(9989) 28-82,3,АмУницИЯ дЛя сОбак,4,4275.98,524.02,CompLeTEd,Ждём с нетерпением!,2024-12-29,9396702998128692
2030017788250,11.12.2024 11:41,анНА сМирнОВа,8(9989) 28-82,2,иГрУшКА мЯЧ,1,254.82,45.18,cOmpleted,Ждём с нетерпением!,2024-12-29,9396702998128692
2030017788250,11.12.2024 11:41,анНА сМирнОВа,8(9989) 28-82,1,КоРм ДЛЯ СобаК,5,2304.65,195.35,completEd,Ждём с нетерпением!,2024-12-29,9396702998128692
2030017787361,2024/12/30 09:17:50,НаТАЛЬя ВасИЛЬеВа,8(9709) 93-42,3,АмунИция длЯ СоБак,3,3284.43,315.57,canCelLeD,Проверить наличие,2024/12/14,7310221108859204
2030017787361,2024/12/30 09:17:50,НаТАЛЬя ВасИЛЬеВа,8(9709) 93-42,1,коРм ДЛя СОбак,2,859.89,140.11,CANCEllEd,Проверить наличие,2024/12/14,7310221108859204
2030017787361,2024/12/30 09:17:50,НаТАЛЬя ВасИЛЬеВа,8(9709) 93-42,1,коРм дЛЯ СоБак,5,2402.28,97.72,CAnceLled,Проверить наличие,2024/12/14,7310221108859204
2030017787361,2024/12/30 09:17:50,НаТАЛЬя ВасИЛЬеВа,8(9709) 93-42,5,МоЛОко,1,2684.18,315.82,cAnCellEd,Проверить наличие,2024/12/14,7310221108859204
2030017787361,2024/12/30 09:17:50,НаТАЛЬя ВасИЛЬеВа,8(9709) 93-42,5,МОлоКо,2,5348.26,651.74,canCelLEd,Проверить наличие,2024/12/14,7310221108859204
2030017786396,2024-12-31 11:26:15,МАРИя пЕтровА,+7(9385)72-68,1,кОрМ ДЛЯ СОБАк,2,938.45,61.55,cAnceLlED,спасибо за заказ,2024-12-11,7717971622969989
2030017786396,2024-12-31 11:26:15,МАРИя пЕтровА,+7(9385)72-68,2,иГРушКА мяЧ,4,1145.5,54.5,CAnCElled,спасибо за заказ,2024-12-11,7717971622969989
2030017786396,2024-12-31 11:26:15,МАРИя пЕтровА,+7(9385)72-68,3,амУНИцИя Для сОбАк,1,1064.25,135.75,cANCeLlEd,спасибо за заказ,2024-12-11,7717971622969989
2030017786396,2024-12-31 11:26:15,МАРИя пЕтровА,+7(9385)72-68,5,МоЛоКо,1,2747.77,252.23,CAnCelleD,спасибо за заказ,2024-12-11,7717971622969989
2030017785997,10.12.2024 15:22,елеНа нОВИкОВа,8(9513) 57-17,3,АмунИцИЯ ДлЯ СОБАк,1,1105.48,94.52,proCesSiNg,Ждём с нетерпением!,2024/12/16,0963215757307482
2030017785997,10.12.2024 15:22,елеНа нОВИкОВа,8(9513) 57-17,4,подпиСка На газету,3,1458.79,341.21,PRoceSsinG,Ждём с нетерпением!,2024/12/16,0963215757307482
2030017785997,10.12.2024 15:22,елеНа нОВИкОВа,8(9513) 57-17,4,подпИскА На гАЗЕТу,3,1584.18,215.82,pROcEsSING,Ждём с нетерпением!,2024/12/16,0963215757307482
2030017785997,10.12.2024 15:22,елеНа нОВИкОВа,8(9513) 57-17,1,корМ длЯ СОБаК,5,2446.54,53.46,PrOCesSiNG,Ждём с нетерпением!,2024/12/16,0963215757307482
2030017784898,2024-12-27 20:50:43,мАРия ПЕТрОВА,+7 9850 88 20,3,аМуНИЦИЯ ДЛЯ СОбак,5,5122.38,877.62,COMpletED,Ждём с нетерпением!,2024-12-04,4281361682039100
2030017784898,2024-12-27 20:50:43,мАРия ПЕТрОВА,+7 9850 88 20,4,ПОДпИска нА газЕТу,1,517.22,82.78,COMpletED,Ждём с нетерпением!,2024-12-04,4281361682039100
2030017784898,2024-12-27 20:50:43,мАРия ПЕТрОВА,+7 9850 88 20,4,ПОдПИСКА на ГАзеТу,4,1990.17,409.83,COMPLetED,Ждём с нетерпением!,2024-12-04,4281361682039100
2030017784898,2024-12-27 20:50:43,мАРия ПЕТрОВА,+7 9850 88 20,5,МОЛоКо,1,2443.76,556.24,CompleTED,Ждём с нетерпением!,2024-12-04,4281361682039100
2030017784898,2024-12-27 20:50:43,мАРия ПЕТрОВА,+7 9850 88 20,2,игрушка мЯЧ,4,1030.38,169.62,CoMPLEtED,Ждём с нетерпением!,2024-12-04,4281361682039100
2030017783330,2024-12-02 06:35:13,ИВан ИВаНоВ,+7 9579 29 09,3,АмуниЦия ДЛЯ соБАк,4,4166.46,633.54,CanCElleD,Проверить наличие,23.12.2024,4323836743192546
2030017783330,2024-12-02 06:35:13,ИВан ИВаНоВ,+7 9579 29 09,3,АМуНИЦИЯ длЯ СОБАК,5,5149.33,850.67,canceLLED,Проверить наличие,23.12.2024,4323836743192546
2030017783330,2024-12-02 06:35:13,ИВан ИВаНоВ,+7 9579 29 09,3,АмуниЦИя Для СОбАК,2,2375.59,24.41,CanCelLeD,Проверить наличие,23.12.2024,4323836743192546
2030017783330,2024-12-02 06:35:13,ИВан ИВаНоВ,+7 9579 29 09,4,ПОдпиСКа НА ГАзЕтУ,5,2765.31,234.69,canCelLEd,Проверить наличие,23.12.2024,4323836743192546
2030017782337,03.12.2024 03:07,ДмИтрИЙ кУзНЕЦоВ,+7 9822 30 32,5,мОлоКо,3,8853.77,146.23,cANCELLED,Нужно уточнить сроки,2024-12-20,1967293898068692
2030017781289,2024-12-01 07:26:47,еЛЕна нОвиКОВа,+7 9664 75 42,2,игРУШКА МяЧ,4,979.1,220.9,pRoCeSSing,Нужно уточнить сроки,29.12.2024,3036762889366360
2030017781289,2024-12-01 07:26:47,еЛЕна нОвиКОВа,+7 9664 75 42,5,молОко,1,2753.38,246.62,PRocEssInG,Нужно уточнить сроки,29.12.2024,3036762889366360
2030017781289,2024-12-01 07:26:47,еЛЕна нОвиКОВа,+7 9664 75 42,3,амуНИцИя для сОбАК,1,1032.29,167.71,procEssing,Нужно уточнить сроки,29.12.2024,3036762889366360
2030017781289,2024-12-01 07:26:47,еЛЕна нОвиКОВа,+7 9664 75 42,4,пОдпиСКА на гаЗеТУ,3,1509.1,290.9,PRoCesSinG,Нужно уточнить сроки,29.12.2024,3036762889366360
2030017780350,2024/12/30 00:37:42,ЕЛеНА новиКОВа,+7 9627 48 75,4,ПОДпиСКА На газетУ,3,1513.23,286.77,cAnCELlEd,Всё отлично!,2024/12/26,3403785853897859
2030017780350,2024/12/30 00:37:42,ЕЛеНА новиКОВа,+7 9627 48 75,5,МОЛОкО,4,11313.46,686.54,CAnCeLlEd,Всё отлично!,2024/12/26,3403785853897859
2030017779767,2024-12-04 20:21:40,иван ИВАНОв,+7 9882 09 60,5,мОЛоКО,3,8691.88,308.12,pROcEssiNG,Проверить наличие,2024/12/02,5108270499678488
2030017778206,14.12.2024 13:35,ЕЛена новИКоВА,+7(9109)85-24,5,мОЛОКо,1,2913.85,86.15,cOmPlEted,Всё отлично!,2024/12/16,5207890051693974
2030017778206,14.12.2024 13:35,ЕЛена новИКоВА,+7(9109)85-24,1,кОрМ дЛя сОбаК,4,1615.73,384.27,cOmpLetEd,Всё отлично!,2024/12/16,5207890051693974
2030017778206,14.12.2024 13:35,ЕЛена новИКоВА,+7(9109)85-24,3,амунИЦИЯ ДЛя СОБАк,4,4656.32,143.68,COmplEteD,Всё отлично!,2024/12/16,5207890051693974
2030017778206,14.12.2024 13:35,ЕЛена новИКоВА,+7(9109)85-24,3,амУнИЦИя ДЛя СобАК,2,1990.08,409.92,cOmpLeTED,Всё отлично!,2024/12/16,5207890051693974
2030017778206,14.12.2024 13:35,ЕЛена новИКоВА,+7(9109)85-24,3,АмУнИЦиЯ длЯ СОбаК,4,4680.62,119.38,coMPlETeD,Всё отлично!,2024/12/16,5207890051693974
2030017777883,2024-12-12 19:56:37,аЛЕКсЕй миХаЙЛОв,+7 9647 43 86,4,поДпИсКа НА газЕТу,3,1588.66,211.34,caNcELled,"Задержка с доставкой, печалька...",2024-12-02,0553142283116208
2030017777883,2024-12-12 19:56:37,аЛЕКсЕй миХаЙЛОв,+7 9647 43 86,2,ИгруШка МяЧ,5,1496.08,3.92,cAncElLeD,"Задержка с доставкой, печалька...",2024-12-02,0553142283116208
2030017777883,2024-12-12 19:56:37,аЛЕКсЕй миХаЙЛОв,+7 9647 43 86,5,моЛОкО,4,11493.27,506.73,cancELleD,"Задержка с доставкой, печалька...",2024-12-02,0553142283116208
2030017777883,2024-12-12 19:56:37,аЛЕКсЕй миХаЙЛОв,+7 9647 43 86,4,ПОДПИскА НА газеТу,4,2057.02,342.98,cAncelLED,"Задержка с доставкой, печалька...",2024-12-02,0553142283116208
2030017776806,2024/12/13 17:18:05,ОЛьГа кУЗнецоВА,+7 9725 65 36,2,ИГрушкА мяЧ,5,1383.41,116.59,canCeLLEd,"Задержка с доставкой, печалька...",06.12.2024,6151736321282064
2030017776806,2024/12/13 17:18:05,ОЛьГа кУЗнецоВА,+7 9725 65 36,2,ИгрушКА МЯЧ,3,764.02,135.98,cAncelLed,"Задержка с доставкой, печалька...",06.12.2024,6151736321282064
2030017776806,2024/12/13 17:18:05,ОЛьГа кУЗнецоВА,+7 9725 65 36,3,амУНицИЯ ДЛЯ СОбАК,3,3443.95,156.05,canceLLED,"Задержка с доставкой, печалька...",06.12.2024,6151736321282064
2030017776806,2024/12/13 17:18:05,ОЛьГа кУЗнецоВА,+7 9725 65 36,1,корМ для СобАк,5,2009.11,490.89,CANcELlED,"Задержка с доставкой, печалька...",06.12.2024,6151736321282064
2030017775808,24.12.2024 06:41,марИя ПЕтРОВА,+7 9823 90 71,1,кОРМ дЛЯ сОБаК,2,880.17,119.83,cANcElled,Всё отлично!,13.12.2024,4324999877981755
2030017775808,24.12.2024 06:41,марИя ПЕтРОВА,+7 9823 90 71,5,мОлоКо,4,11798.63,201.37,caNcellEd,Всё отлично!,13.12.2024,4324999877981755
2030017775808,24.12.2024 06:41,марИя ПЕтРОВА,+7 9823 90 71,4,подПиСкА НА ГаЗЕТУ,4,2288.87,111.13,CaNCeLLEd,Всё отлично!,13.12.2024,4324999877981755
2030017775808,24.12.2024 06:41,марИя ПЕтРОВА,+7 9823 90 71,3,амуНицИя дЛЯ СобАк,1,1090.42,109.58,cAncElLED,Всё отлично!,13.12.2024,4324999877981755
2030017774417,13.12.2024 00:09,нАталЬЯ ВАСИЛЬЕва,8(9166) 99-86,1,кОрМ Для СобАК,3,1219.6,280.4,proCESsinG,подарок вовремя,2024/12/06,7458106322280242
2030017774417,13.12.2024 00:09,нАталЬЯ ВАСИЛЬЕва,8(9166) 99-86,5,моЛОКо,1,2858.1,141.9,procESsinG,подарок вовремя,2024/12/06,7458106322280242
2030017774417,13.12.2024 00:09,нАталЬЯ ВАСИЛЬЕва,8(9166) 99-86,5,МОЛоКо,3,7522.7,1477.3,PRoCessINg,подарок вовремя,2024/12/06,7458106322280242
2030017773212,06.12.2024 04:44,олЬга куЗнЕЦОвА,8(9616) 16-30,4,ПодПИСКа НА ГАЗетУ,1,597.01,2.99,CaNcElLED,Ждём с нетерпением!,2024-12-07,5274813909027917
2030017773212,06.12.2024 04:44,олЬга куЗнЕЦОвА,8(9616) 16-30,5,мОлОкО,2,5792.11,207.89,caNcElLed,Ждём с нетерпением!,2024-12-07,5274813909027917
2030017772573,02.12.2024 03:16,МарИЯ петРОВА,+7(9494)08-22,4,ПОдпИСКа На гаЗетУ,1,534.92,65.08,pRocEsSING,"Задержка с доставкой, печалька...",14.12.2024,8775114098675616
2030017771675,2024/12/10 22:05:59,оЛьГа КУзНЕцоВа,+7 9457 75 35,1,коРм для СобАК,2,837.75,162.25,PROcessing,подарок вовремя,16.12.2024,2286273415528041
2030017771675,2024/12/10 22:05:59,оЛьГа КУзНЕцоВа,+7 9457 75 35,4,ПОдпиСКА НА гАЗЕтУ,5,2783.44,216.56,pROCESSiNg,подарок вовремя,16.12.2024,2286273415528041
2030017771675,2024/12/10 22:05:59,оЛьГа КУзНЕцоВа,+7 9457 75 35,1,коРм длЯ СоБаК,1,402.1,97.9,PRocESsIng,подарок вовремя,16.12.2024,2286273415528041
2030017771675,2024/12/10 22:05:59,оЛьГа КУзНЕцоВа,+7 9457 75 35,4,ПОДпИСка НА гАЗету,3,1649.02,150.98,prOCessing,подарок вовремя,16.12.2024,2286273415528041
2030017771675,2024/12/10 22:05:59,оЛьГа КУзНЕцоВа,+7 9457 75 35,4,ПоДпискА НА гАзЕТу,3,1767.26,32.74,PROcEsSIng,подарок вовремя,16.12.2024,2286273415528041
2030017770478,2024-12-08 03:59:28,МИХАИЛ ОрлОВ,+7(9035)78-48,2,ИгруШка МЯЧ,2,595.69,4.31,comPleteD,Нужно уточнить сроки,11.12.2024,6731653410211997
2030017770478,2024-12-08 03:59:28,МИХАИЛ ОрлОВ,+7(9035)78-48,1,кОрм Для СОБАК,4,1937.05,62.95,COMPLEted,Нужно уточнить сроки,11.12.2024,6731653410211997
2030017770478,2024-12-08 03:59:28,МИХАИЛ ОрлОВ,+7(9035)78-48,3,АМуНиция длЯ СОбаК,4,3948.63,851.37,COmpLetED,Нужно уточнить сроки,11.12.2024,6731653410211997
2030017770478,2024-12-08 03:59:28,МИХАИЛ ОрлОВ,+7(9035)78-48,2,иГрУшКа мЯЧ,2,486.43,113.57,coMPLetEd,Нужно уточнить сроки,11.12.2024,6731653410211997
2030017770478,2024-12-08 03:59:28,МИХАИЛ ОрлОВ,+7(9035)78-48,3,амунИЦия дЛя сОБАк,1,1193.22,6.78,COmPlETed,Нужно уточнить сроки,11.12.2024,6731653410211997
2030017769558,2024/12/03 03:23:58,ЕЛЕна НОвИкоВА,+7(9958)30-10,5,мОЛОКо,3,8530.74,469.26,CompLETed,спасибо за заказ,27.12.2024,1408429674200684
2030017768352,2024-12-07 12:29:16,ЕЛена НОвиКОВа,+7(9487)79-67,4,пОдПИСКА нА газЕТУ,3,1567.91,232.09,cANceLLed,Нужно уточнить сроки,26.12.2024,0974392100411477
2030017768352,2024-12-07 12:29:16,ЕЛена НОвиКОВа,+7(9487)79-67,2,ИГруШКа МЯЧ,1,281.95,18.05,CAnCElLED,Нужно уточнить сроки,26.12.2024,0974392100411477
2030017768352,2024-12-07 12:29:16,ЕЛена НОвиКОВа,+7(9487)79-67,5,МОлОКо,3,7663.92,1336.08,CAncElLED,Нужно уточнить сроки,26.12.2024,0974392100411477
2030017768352,2024-12-07 12:29:16,ЕЛена НОвиКОВа,+7(9487)79-67,5,мОлокО,2,5731.56,268.44,CancELled,Нужно уточнить сроки,26.12.2024,0974392100411477
2030017767389,2024/12/17 10:17:28,иваН ивАнов,+7 9632 11 46,2,ИгРУШКа МЯч,4,1075.42,124.58,cOMpLEtED,Нужно уточнить сроки,2024-12-08,4491175409886959
2030017767389,2024/12/17 10:17:28,иваН ивАнов,+7 9632 11 46,2,ИГрУшКа мяч,5,1300.17,199.83,cOmpleTed,Нужно уточнить сроки,2024-12-08,4491175409886959
2030017767389,2024/12/17 10:17:28,иваН ивАнов,+7 9632 11 46,5,МОлОКО,5,12520.79,2479.21,compLETEd,Нужно уточнить сроки,2024-12-08,4491175409886959
2030017767389,2024/12/17 10:17:28,иваН ивАнов,+7 9632 11 46,2,ИГрУШка Мяч,3,775.38,124.62,CompleteD,Нужно уточнить сроки,2024-12-08,4491175409886959
2030017766151,2024-12-28 11:06:32,МИхаИЛ ОРлоВ,+7(9606)95-21,2,иГРуШКА МЯч,5,1272.93,227.07,ComplETED,подарок вовремя,26.12.2024,8061334145254663
2030017766151,2024-12-28 11:06:32,МИхаИЛ ОРлоВ,+7(9606)95-21,4,ПоДпИсКа нА ГАЗеТу,1,572.28,27.72,COMPLETED,подарок вовремя,26.12.2024,8061334145254663
2030017766151,2024-12-28 11:06:32,МИхаИЛ ОРлоВ,+7(9606)95-21,1,корМ дЛЯ собак,3,1357.24,142.76,cOMPLETED,подарок вовремя,26.12.2024,8061334145254663
2030017765840,2024/12/23 10:02:24,дМИтрИй КузНецов,8(9080) 45-82,2,игрушКа МЯч,4,1133.39,66.61,PROCEsSiNG,Нужно уточнить сроки,2024-12-19,2111342095902412
2030017764226,24.12.2024 03:46,ЕЛЕНА НовиКова,8(9389) 79-48,5,МОЛОКо,2,5274.52,725.48,prOcESSInG,подарок вовремя,14.12.2024,2326481933826562
2030017764226,24.12.2024 03:46,ЕЛЕНА НовиКова,8(9389) 79-48,2,иГрУШКА мЯч,2,511.4,88.6,pROcesSiNG,подарок вовремя,14.12.2024,2326481933826562
2030017764226,24.12.2024 03:46,ЕЛЕНА НовиКова,8(9389) 79-48,5,мОлоКо,4,10617.94,1382.06,pROCesSing,подарок вовремя,14.12.2024,2326481933826562
2030017763125,2024/12/25 09:43:37,НАТАлья ВАСИлЬеВА,+7(9863)68-58,4,подПИСКА На ГаЗЕТУ,2,1047.53,152.47,PRoceSSiNG,Проверить наличие,2024-12-07,2006420595058371
2030017763125,2024/12/25 09:43:37,НАТАлья ВАСИлЬеВА,+7(9863)68-58,3,АмУНицИя дЛЯ сОБак,2,2338.19,61.81,pRoCeSsIng,Проверить наличие,2024-12-07,2006420595058371
2030017763125,2024/12/25 09:43:37,НАТАлья ВАСИлЬеВА,+7(9863)68-58,3,аМУНициЯ для сОБаК,2,2060.68,339.32,PRoceSsiNG,Проверить наличие,2024-12-07,2006420595058371
2030017762637,10.12.2024 12:37,иВан ИВАНОв,8(9414) 49-50,1,КоРМ Для СобАк,4,1851.44,148.56,cOMPLEtED,Проверить наличие,2024/12/15,5529970708804669
2030017762637,10.12.2024 12:37,иВан ИВАНОв,8(9414) 49-50,5,МоЛокО,2,5495.05,504.95,ComPLEtED,Проверить наличие,2024/12/15,5529970708804669
2030017762637,10.12.2024 12:37,иВан ИВАНОв,8(9414) 49-50,4,подпИСкА На гАЗЕтУ,4,2041.31,358.69,comPLeteD,Проверить наличие,2024/12/15,5529970708804669
2030017761591,2024/12/02 20:00:00,мАрИя петрова,8(9377) 84-33,1,корМ длЯ СОбак,4,1685.78,314.22,compLetED,спасибо за заказ,19.12.2024,7263358347114289
2030017761591,2024/12/02 20:00:00,мАрИя петрова,8(9377) 84-33,4,пОДпиСКа на ГаЗетУ,5,2856.07,143.93,comPleTED,спасибо за заказ,19.12.2024,7263358347114289
2030017761591,2024/12/02 20:00:00,мАрИя петрова,8(9377) 84-33,5,мОлокО,4,11911.62,88.38,ComPLeted,спасибо за заказ,19.12.2024,7263358347114289
2030017760999,2024-12-24 06:38:02,аНнА СМИРНОвА,+7 9746 55 25,2,ИгруШкА мяЧ,5,1347.21,152.79,cAnCeLled,Всё отлично!,2024/12/18,1023309539137263
2030017760999,2024-12-24 06:38:02,аНнА СМИРНОвА,+7 9746 55 25,1,КорМ дЛЯ сОБАк,4,1982.11,17.89,CAnCELled,Всё отлично!,2024/12/18,1023309539137263
2030017760999,2024-12-24 06:38:02,аНнА СМИРНОвА,+7 9746 55 25,5,мОЛоко,2,4965.35,1034.65,CANcELled,Всё отлично!,2024/12/18,1023309539137263
2030017759119,2024-12-22 21:43:19,ольГА КуЗНецова,+7(9963)12-05,3,аМУнИцИЯ дЛя СоБаК,2,2005.57,394.43,caNCeLLED,подарок вовремя,29.12.2024,4299352502853868
2030017759119,2024-12-22 21:43:19,ольГА КуЗНецова,+7(9963)12-05,3,АмУниЦия ДЛЯ соБАк,3,3126.69,473.31,cANcelLED,подарок вовремя,29.12.2024,4299352502853868
2030017759119,2024-12-22 21:43:19,ольГА КуЗНецова,+7(9963)12-05,4,ПоДПИсКа НА газЕтУ,1,510.13,89.87,CancEllEd,подарок вовремя,29.12.2024,4299352502853868
2030017758842,2024-12-27 22:10:25,алеКсей миХаЙЛоВ,+7 9841 53 73,1,кОРм ДЛя СоБак,1,463.23,36.77,CanCElLeD,спасибо за заказ,2024-12-16,1112627577102114
2030017758842,2024-12-27 22:10:25,алеКсей миХаЙЛоВ,+7 9841 53 73,1,КОрм длЯ СобаК,5,2056.96,443.04,caNCELLED,спасибо за заказ,2024-12-16,1112627577102114
2030017758842,2024-12-27 22:10:25,алеКсей миХаЙЛоВ,+7 9841 53 73,4,ПОдПиСка нА гАзЕту,2,1026.18,173.82,cANceLLeD,спасибо за заказ,2024-12-16,1112627577102114
2030017758842,2024-12-27 22:10:25,алеКсей миХаЙЛоВ,+7 9841 53 73,2,ИГРУШка МяЧ,3,874.82,25.18,CAncelLeD,спасибо за заказ,2024-12-16,1112627577102114
2030017757989,14.12.2024 18:55,АннА сМиРНОва,+7 9320 96 33,5,МоЛОкО,3,8813.64,186.36,PROCeSSinG,спасибо за заказ,2024/12/27,2703450257467456
2030017757989,14.12.2024 18:55,АннА сМиРНОва,+7 9320 96 33,3,Амуниция дЛЯ СобаК,4,4516.27,283.73,ProcEsSiNg,спасибо за заказ,2024/12/27,2703450257467456
2030017757989,14.12.2024 18:55,АннА сМиРНОва,+7 9320 96 33,4,ПодПИСКА нА ГаЗЕтУ,5,2441.68,558.32,PRocESSING,спасибо за заказ,2024/12/27,2703450257467456
2030017756523,2024/12/22 04:54:08,сЕргЕй СидОроВ,+7(9387)19-58,4,пОдпИСка нА гАзЕту,3,1589.5,210.5,pROcESsINg,Проверить наличие,25.12.2024,6044296493948573
2030017756523,2024/12/22 04:54:08,сЕргЕй СидОроВ,+7(9387)19-58,3,АмУНиция ДЛЯ СОбАк,3,3562.58,37.42,ProCesSInG,Проверить наличие,25.12.2024,6044296493948573
2030017756523,2024/12/22 04:54:08,сЕргЕй СидОроВ,+7(9387)19-58,2,игрУшкА мяч,3,884.23,15.77,PRoCeSSINg,Проверить наличие,25.12.2024,6044296493948573
2030017756523,2024/12/22 04:54:08,сЕргЕй СидОроВ,+7(9387)19-58,1,Корм длЯ СоБАК,2,802.94,197.06,prOCESSING,Проверить наличие,25.12.2024,6044296493948573
2030017756523,2024/12/22 04:54:08,сЕргЕй СидОроВ,+7(9387)19-58,5,мОЛОко,5,12557.45,2442.55,PrOceSSiNG,Проверить наличие,25.12.2024,6044296493948573
2030017755124,2024-12-02 11:17:52,елЕнА нОвиКОВА,8(9160) 12-42,1,КОрм Для собАк,4,1878.4,121.6,pROcessInG,Всё отлично!,2024/12/08,3223414885529123
2030017755124,2024-12-02 11:17:52,елЕнА нОвиКОВА,8(9160) 12-42,3,амунИЦия для сОбАк,4,4713.77,86.23,prOCEsSiNg,Всё отлично!,2024/12/08,3223414885529123
2030017754658,19.12.2024 03:40,ОльГа КУзНецоВа,8(9754) 05-24,3,АмуНиЦия Для соБаК,4,4210.07,589.93,prOcEsSInG,"Задержка с доставкой, печалька...",2024-12-02,6498858767311722
2030017754658,19.12.2024 03:40,ОльГа КУзНецоВа,8(9754) 05-24,2,ИГРУШКА мяч,2,504.47,95.53,prOCEssinG,"Задержка с доставкой, печалька...",2024-12-02,6498858767311722
2030017754658,19.12.2024 03:40,ОльГа КУзНецоВа,8(9754) 05-24,4,пОДпИСка нА гАЗеТу,2,1142.73,57.27,proCeSSinG,"Задержка с доставкой, печалька...",2024-12-02,6498858767311722
2030017754658,19.12.2024 03:40,ОльГа КУзНецоВа,8(9754) 05-24,4,поДписКа на гАзЕТу,2,980.33,219.67,ProceSsINg,"Задержка с доставкой, печалька...",2024-12-02,6498858767311722
2030017754658,19.12.2024 03:40,ОльГа КУзНецоВа,8(9754) 05-24,5,МолокО,4,11279.46,720.54,pROCessinG,"Задержка с доставкой, печалька...",2024-12-02,6498858767311722
2030017753559,2024-12-28 08:30:36,НАТАЛЬЯ ВасиЛьеВа,+7 9203 26 14,2,ИгРУшКА мяч,4,1127.62,72.38,CAncELLed,подарок вовремя,14.12.2024,7982353902179968
2030017752860,26.12.2024 05:01,МАрИЯ пЕТРОВА,8(9441) 53-86,4,ПОДПИСка На ГАЗету,1,502.07,97.93,ProcesSiNg,Всё отлично!,2024/12/25,3258271677579952
2030017752860,26.12.2024 05:01,МАрИЯ пЕТРОВА,8(9441) 53-86,5,МолОКо,1,2434.53,565.47,PrOCessing,Всё отлично!,2024/12/25,3258271677579952
2030017751688,2024-12-27 07:54:01,ИвАН ИВАНОВ,+7(9362)08-74,5,моЛоко,3,7394.91,1605.09,cANCELLED,Нужно уточнить сроки,19.12.2024,0773736617548541
2030017751688,2024-12-27 07:54:01,ИвАН ИВАНОВ,+7(9362)08-74,5,МоЛОКО,4,10003.49,1996.51,CancelLeD,Нужно уточнить сроки,19.12.2024,0773736617548541
2030017751688,2024-12-27 07:54:01,ИвАН ИВАНОВ,+7(9362)08-74,1,КОрм дЛЯ СОБАк,2,934.99,65.01,CaNcELleD,Нужно уточнить сроки,19.12.2024,0773736617548541
2030017750194,01.12.2024 05:57,мИхАИл ОрЛов,+7(9135)17-68,1,КоРМ для собАК,1,431.64,68.36,caNceLled,Всё отлично!,2024/12/16,9549103392183740
2030017750194,01.12.2024 05:57,мИхАИл ОрЛов,+7(9135)17-68,3,амуНИЦИя Для СоБАК,5,5568.82,431.18,CaNCElLEd,Всё отлично!,2024/12/16,9549103392183740
2030017750194,01.12.2024 05:57,мИхАИл ОрЛов,+7(9135)17-68,2,ИГрУШкА мяч,3,738.56,161.44,cANCellEd,Всё отлично!,2024/12/16,9549103392183740
2030017749484,29.12.2024 11:41,МариЯ ПетРОвА,+7(9640)06-97,2,игруШКа Мяч,4,1057.17,142.83,proCESSING,Нужно уточнить сроки,27.12.2024,3259781021534104
2030017748519,01.12.2024 09:22,ОЛьга КУЗнЕцоВА,+7(9228)23-71,1,КоРм ДЛЯ собАк,5,2153.16,346.84,cOmpLETed,спасибо за заказ,2024/12/13,9159565028425492
2030017748519,01.12.2024 09:22,ОЛьга КУЗнЕцоВА,+7(9228)23-71,1,КоРМ ДЛЯ собаК,4,1781.54,218.46,cOmpLETed,спасибо за заказ,2024/12/13,9159565028425492
2030017748519,01.12.2024 09:22,ОЛьга КУЗнЕцоВА,+7(9228)23-71,2,игРуШка МЯч,5,1408.34,91.66,COMPlEtED,спасибо за заказ,2024/12/13,9159565028425492
2030017748519,01.12.2024 09:22,ОЛьга КУЗнЕцоВА,+7(9228)23-71,2,иГрУшкА мЯЧ,3,755.53,144.47,cOmpleTed,спасибо за заказ,2024/12/13,9159565028425492
2030017748519,01.12.2024 09:22,ОЛьга КУЗнЕцоВА,+7(9228)23-71,5,МоЛоКО,4,11468.97,531.03,coMPlETEd,спасибо за заказ,2024/12/13,9159565028425492
2030017747943,2024-12-30 02:05:02,аннА СмИрНОВа,+7 9617 03 70,3,АМуНиЦИя дЛя СОБак,5,5491.08,508.92,CANcelled,Нужно уточнить сроки,2024/12/14,2816245373494316
2030017747943,2024-12-30 02:05:02,аннА СмИрНОВа,+7 9617 03 70,1,КОрМ ДлЯ соБаК,2,959.04,40.96,CanCeLleD,Нужно уточнить сроки,2024/12/14,2816245373494316
2030017746143,2024/12/24 01:01:39,ЕлЕНА НовИкОВА,+7(9725)97-49,2,игРуШкА МЯч,5,1218.6,281.4,CoMPlETeD,"Задержка с доставкой, печалька...",31.12.2024,1582182918652880
2030017745853,2024/12/08 05:52:54,аННа смИрнОвА,8(9037) 97-63,5,МолоКО,5,14418.86,581.14,canceLlEd,спасибо за заказ,2024-12-21,1547296504392427
2030017745853,2024/12/08 05:52:54,аННа смИрнОвА,8(9037) 97-63,3,аМУНиЦИя длЯ сОБаК,1,1199.38,0.62,CanCEllED,спасибо за заказ,2024-12-21,1547296504392427
2030017745853,2024/12/08 05:52:54,аННа смИрнОвА,8(9037) 97-63,4,ПОДПИСКА на ГаЗеТУ,1,501.88,98.12,CANCELLeD,спасибо за заказ,2024-12-21,1547296504392427
2030017745853,2024/12/08 05:52:54,аННа смИрнОвА,8(9037) 97-63,1,КоРМ ДЛя сОбак,5,2263.32,236.68,cANcElled,спасибо за заказ,2024-12-21,1547296504392427
2030017745853,2024/12/08 05:52:54,аННа смИрнОвА,8(9037) 97-63,1,КоРм ДлЯ сОбАк,3,1487.97,12.03,cANcELLEd,спасибо за заказ,2024-12-21,1547296504392427
2030017744667,2024/12/28 22:06:38,марИя ПЕТРОВА,8(9139) 68-90,2,ИГрУшкА Мяч,1,251.42,48.58,COMpLetEd,"Задержка с доставкой, печалька...",2024/12/20,1579933701265637
2030017744667,2024/12/28 22:06:38,марИя ПЕТРОВА,8(9139) 68-90,3,АМУНИЦИя ДлЯ СОБАК,4,4280.09,519.91,COMPLEtED,"Задержка с доставкой, печалька...",2024/12/20,1579933701265637
2030017744667,2024/12/28 22:06:38,марИя ПЕТРОВА,8(9139) 68-90,4,ПодПИСка На гаЗеТУ,3,1767.18,32.82,cOmpLeTED,"Задержка с доставкой, печалька...",2024/12/20,1579933701265637
2030017743651,02.12.2024 04:45,НАтаЛЬя ВаСИльЕвА,8(9448) 25-27,4,поДписКа На ГАЗетУ,5,2779.39,220.61,CaNCeLLeD,спасибо за заказ,2024-12-06,0372637122131868
2030017742684,2024/12/03 18:42:03,еЛЕнА НОвиковА,+7(9234)98-83,2,игрушка МяЧ,4,1097.54,102.46,CaNcEllED,Нужно уточнить сроки,2024/12/05,5431277149810492
2030017742684,2024/12/03 18:42:03,еЛЕнА НОвиковА,+7(9234)98-83,4,ПодпИСка На гаЗЕту,5,2519.92,480.08,Cancelled,Нужно уточнить сроки,2024/12/05,5431277149810492
2030017742684,2024/12/03 18:42:03,еЛЕнА НОвиковА,+7(9234)98-83,3,АМУНИциЯ ДЛЯ сОБАК,4,4085.41,714.59,CAnCelLed,Нужно уточнить сроки,2024/12/05,5431277149810492
2030017741516,31.12.2024 14:57,МаРИЯ пЕТРовА,+7 9729 84 74,5,молОКО,4,10200.73,1799.27,ComPLeTED,Ждём с нетерпением!,04.12.2024,6408435704822680
2030017740234,2024-12-05 15:53:49,МАрия пЕтРОВА,+7(9224)28-78,3,аМуНицИЯ дЛя сОбАк,5,5108.24,891.76,comPlEteD,спасибо за заказ,08.12.2024,9341912196459207
2030017740234,2024-12-05 15:53:49,МАрия пЕтРОВА,+7(9224)28-78,4,ПодПИсКа НА ГаЗЕтУ,1,536.72,63.28,cOMPLeted,спасибо за заказ,08.12.2024,9341912196459207
2030017739900,2024-12-03 12:14:31,ЕлеНа ноВиКОВА,+7(9836)37-04,5,мОЛОКо,1,2461.81,538.19,CAnCelLed,"Задержка с доставкой, печалька...",2024/12/23,5876596871859467
2030017739900,2024-12-03 12:14:31,ЕлеНа ноВиКОВА,+7(9836)37-04,5,молоко,4,10694.0,1306.0,cAncELLED,"Задержка с доставкой, печалька...",2024/12/23,5876596871859467
2030017739900,2024-12-03 12:14:31,ЕлеНа ноВиКОВА,+7(9836)37-04,2,игРУШкА мЯч,4,1110.86,89.14,canCELLeD,"Задержка с доставкой, печалька...",2024/12/23,5876596871859467
2030017739900,2024-12-03 12:14:31,ЕлеНа ноВиКОВА,+7(9836)37-04,3,АМунИЦИя длЯ СОБак,1,1144.46,55.54,cANCELLed,"Задержка с доставкой, печалька...",2024/12/23,5876596871859467
2030017738461,27.12.2024 23:10,СеРГей СиДорОв,+7 9737 88 69,1,КОРМ длЯ сОБАк,1,445.21,54.79,COMpleted,спасибо за заказ,2024-12-13,0784972048835386
2030017737397,18.12.2024 16:11,иВАН ИВАНов,8(9174) 19-21,2,игрУшКА мЯч,5,1320.96,179.04,cancELLED,"Задержка с доставкой, печалька...",2024-12-08,4238058782731842
2030017736338,17.12.2024 15:00,ДмиТРий кУзНеЦов,+7 9584 02 33,3,АмуНИцИЯ дЛя СОбАК,1,1149.09,50.91,CaNCeLLED,спасибо за заказ,11.12.2024,0868159202796234
2030017736338,17.12.2024 15:00,ДмиТРий кУзНеЦов,+7 9584 02 33,1,корм ДЛя СоБАК,2,858.71,141.29,CANCElLeD,спасибо за заказ,11.12.2024,0868159202796234
2030017736338,17.12.2024 15:00,ДмиТРий кУзНеЦов,+7 9584 02 33,3,амунИЦИя ДлЯ СоБАК,5,5771.73,228.27,CAnCElLed,спасибо за заказ,11.12.2024,0868159202796234
2030017735479,2024-12-12 10:16:51,оЛьгА кУзнецова,+7(9931)84-29,5,молоко,1,2793.49,206.51,procESSING,спасибо за заказ,31.12.2024,3249758951973600
2030017735479,2024-12-12 10:16:51,оЛьгА кУзнецова,+7(9931)84-29,2,ИГРУШка МЯЧ,5,1367.42,132.58,pRocesSIng,спасибо за заказ,31.12.2024,3249758951973600
2030017735479,2024-12-12 10:16:51,оЛьгА кУзнецова,+7(9931)84-29,4,пОДПИсКа на газетУ,4,2007.67,392.33,pRoCESSiNG,спасибо за заказ,31.12.2024,3249758951973600
2030017735479,2024-12-12 10:16:51,оЛьгА кУзнецова,+7(9931)84-29,3,аМуНиЦиЯ ДЛЯ СоБАк,5,5677.0,323.0,pRoCessiNG,спасибо за заказ,31.12.2024,3249758951973600
2030017735479,2024-12-12 10:16:51,оЛьгА кУзнецова,+7(9931)84-29,1,КоРм для сОбАк,4,1906.41,93.59,procEssIng,спасибо за заказ,31.12.2024,3249758951973600
2030017734626,01.12.2024 18:50,МихАИЛ ОРЛоВ,8(9478) 05-59,3,амуницИя длЯ СОбАк,2,2213.77,186.23,CAncElled,подарок вовремя,2024-12-10,0081694789796715
2030017734626,01.12.2024 18:50,МихАИЛ ОРЛоВ,8(9478) 05-59,3,АМУНиЦИЯ ДлЯ СОбак,4,4085.94,714.06,CanCelLEd,подарок вовремя,2024-12-10,0081694789796715
2030017733478,2024-12-04 18:09:28,нАТАЛьЯ вАСИльЕвА,+7 9355 08 85,4,ПоДпИСКА нА гаЗету,3,1575.55,224.45,coMpLETeD,"Задержка с доставкой, печалька...",07.12.2024,0110756144728975
2030017733478,2024-12-04 18:09:28,нАТАЛьЯ вАСИльЕвА,+7 9355 08 85,4,подПиСКА нА гАзЕтУ,1,502.3,97.7,cOmpLETEd,"Задержка с доставкой, печалька...",07.12.2024,0110756144728975
2030017733478,2024-12-04 18:09:28,нАТАЛьЯ вАСИльЕвА,+7 9355 08 85,3,АМУнИЦиЯ для собаК,2,2088.7,311.3,CoMPLeTeD,"Задержка с доставкой, печалька...",07.12.2024,0110756144728975
2030017733478,2024-12-04 18:09:28,нАТАЛьЯ вАСИльЕвА,+7 9355 08 85,2,иГруШКА МяЧ,5,1328.17,171.83,cOmpletED,"Задержка с доставкой, печалька...",07.12.2024,0110756144728975
2030017732717,2024-12-08 17:48:45,ЕленА НОВикОВА,+7 9267 07 83,3,аМуНИЦиЯ ДЛя собАК,2,2296.28,103.72,PrOcESSInG,Ждём с нетерпением!,10.12.2024,0781754389332901
2030017732717,2024-12-08 17:48:45,ЕленА НОВикОВА,+7 9267 07 83,1,КОРМ для СОбАК,3,1296.47,203.53,ProCesSinG,Ждём с нетерпением!,10.12.2024,0781754389332901
2030017732717,2024-12-08 17:48:45,ЕленА НОВикОВА,+7 9267 07 83,4,пОДПИсКа На ГаЗЕТу,4,2288.79,111.21,ProceSsiNG,Ждём с нетерпением!,10.12.2024,0781754389332901
2030017732717,2024-12-08 17:48:45,ЕленА НОВикОВА,+7 9267 07 83,5,МОЛоКО,3,8004.8,995.2,pRoCEsSiNG,Ждём с нетерпением!,10.12.2024,0781754389332901
2030017732717,2024-12-08 17:48:45,ЕленА НОВикОВА,+7 9267 07 83,5,МОлОко,2,5335.61,664.39,prOCESSinG,Ждём с нетерпением!,10.12.2024,0781754389332901
2030017731963,2024-12-04 02:12:02,аннА сМИрНОва,8(9374) 62-25,5,МОЛоко,5,14482.13,517.87,proceSSiNg,подарок вовремя,2024/12/12,2837770094444226
2030017731963,2024-12-04 02:12:02,аннА сМИрНОва,8(9374) 62-25,4,поДпИсКА На гаЗЕтУ,2,991.86,208.14,PRoCEsSINg,подарок вовремя,2024/12/12,2837770094444226
2030017731963,2024-12-04 02:12:02,аннА сМИрНОва,8(9374) 62-25,3,АМуниЦИя дЛЯ соБак,5,5205.63,794.37,ProcESsINg,подарок вовремя,2024/12/12,2837770094444226
2030017731963,2024-12-04 02:12:02,аннА сМИрНОва,8(9374) 62-25,5,молоКо,1,2953.27,46.73,pRoCeSSiNG,подарок вовремя,2024/12/12,2837770094444226
2030017731963,2024-12-04 02:12:02,аннА сМИрНОва,8(9374) 62-25,2,иГруШка мяч,4,1075.32,124.68,Processing,подарок вовремя,2024/12/12,2837770094444226
2030017730519,16.12.2024 20:14,еЛЕНА нОвИкОва,+7(9086)11-83,4,ПодпИсКА На ГаЗЕтУ,4,2191.02,208.98,cANCELlED,"Задержка с доставкой, печалька...",2024/12/01,9991705806879599
2030017730519,16.12.2024 20:14,еЛЕНА нОвИкОва,+7(9086)11-83,5,моЛоКо,5,13977.48,1022.52,caNceLLeD,"Задержка с доставкой, печалька...",2024/12/01,9991705806879599
2030017729626,2024/12/13 12:40:29,еЛЕНА новИКова,+7 9891 14 96,2,ИгруШКА МЯЧ,2,571.45,28.55,pROCessing,"Задержка с доставкой, печалька...",2024/12/01,5145712972791067
2030017729626,2024/12/13 12:40:29,еЛЕНА новИКова,+7 9891 14 96,3,АмУнИциЯ для соБАК,4,4140.33,659.67,prOCESSInG,"Задержка с доставкой, печалька...",2024/12/01,5145712972791067
2030017729626,2024/12/13 12:40:29,еЛЕНА новИКова,+7 9891 14 96,2,ИГрУшКа мяЧ,4,1175.06,24.94,ProceSSINg,"Задержка с доставкой, печалька...",2024/12/01,5145712972791067
2030017728897,2024/12/14 21:52:15,Елена нОВИковА,+7(9753)85-49,2,иГрушкА МЯЧ,2,593.78,6.22,PRoCesSInG,Нужно уточнить сроки,01.12.2024,8968236612245700
2030017728897,2024/12/14 21:52:15,Елена нОВИковА,+7(9753)85-49,4,ПОдПИсКа На Газету,1,508.67,91.33,PrOceSSinG,Нужно уточнить сроки,01.12.2024,8968236612245700
2030017728897,2024/12/14 21:52:15,Елена нОВИковА,+7(9753)85-49,2,ИгРушКа мЯЧ,2,554.18,45.82,PrOCeSSinG,Нужно уточнить сроки,01.12.2024,8968236612245700
2030017728897,2024/12/14 21:52:15,Елена нОВИковА,+7(9753)85-49,1,кОрм длЯ СобАк,1,404.07,95.93,PROcESsinG,Нужно уточнить сроки,01.12.2024,8968236612245700
2030017727456,14.12.2024 02:41,дМИТРИЙ КуЗНеЦОв,+7(9362)16-86,4,ПОДПИСКа на ГаЗету,3,1644.57,155.43,cOMplETED,Проверить наличие,19.12.2024,8968947486946776
2030017727456,14.12.2024 02:41,дМИТРИЙ КуЗНеЦОв,+7(9362)16-86,1,КОрм длЯ Собак,1,475.32,24.68,CoMPLeteD,Проверить наличие,19.12.2024,8968947486946776
2030017727456,14.12.2024 02:41,дМИТРИЙ КуЗНеЦОв,+7(9362)16-86,2,ИгРУшка МЯч,1,253.59,46.41,cOmPlEtED,Проверить наличие,19.12.2024,8968947486946776
2030017727456,14.12.2024 02:41,дМИТРИЙ КуЗНеЦОв,+7(9362)16-86,1,коРм ДЛя собак,2,870.45,129.55,coMPLeTEd,Проверить наличие,19.12.2024,8968947486946776
2030017727456,14.12.2024 02:41,дМИТРИЙ КуЗНеЦОв,+7(9362)16-86,4,подпиСКа на ГаЗЕту,5,2773.43,226.57,cOmPLeTEd,Проверить наличие,19.12.2024,8968947486946776
2030017726148,15.12.2024 04:32,сЕРгеЙ СиДОрОв,+7(9753)83-57,3,АмУнИЦИЯ длЯ СоБаК,3,2899.47,700.53,cAnCeLleD,Нужно уточнить сроки,05.12.2024,8792563659433608
2030017726148,15.12.2024 04:32,сЕРгеЙ СиДОрОв,+7(9753)83-57,5,моЛОкО,5,13633.79,1366.21,caNCelLED,Нужно уточнить сроки,05.12.2024,8792563659433608
2030017726148,15.12.2024 04:32,сЕРгеЙ СиДОрОв,+7(9753)83-57,1,коРМ длЯ СоБАк,4,1960.67,39.33,CAnCELleD,Нужно уточнить сроки,05.12.2024,8792563659433608
2030017725417,12.12.2024 16:00,ДМИтрИЙ кУЗнЕЦов,+7(9946)23-58,3,АМУНИЦИя ДлЯ собак,5,4917.59,1082.41,CanCELLEd,подарок вовремя,2024/12/07,5323727431706130
2030017725417,12.12.2024 16:00,ДМИтрИЙ кУЗнЕЦов,+7(9946)23-58,2,ИгруШка МяЧ,3,847.85,52.15,cAnCellEd,подарок вовремя,2024/12/07,5323727431706130
2030017724557,18.12.2024 07:11,дМИТРиЙ кузНЕцов,8(9148) 67-89,3,амуНициЯ длЯ СоБак,3,3387.91,212.09,cancEllEd,"Задержка с доставкой, печалька...",10.12.2024,9412360831490960
2030017724557,18.12.2024 07:11,дМИТРиЙ кузНЕцов,8(9148) 67-89,3,АМУниция ДлЯ СобАк,5,4821.07,1178.93,cAnCElleD,"Задержка с доставкой, печалька...",10.12.2024,9412360831490960
2030017724557,18.12.2024 07:11,дМИТРиЙ кузНЕцов,8(9148) 67-89,1,корМ Для соБАК,5,2147.07,352.93,CaNCElLed,"Задержка с доставкой, печалька...",10.12.2024,9412360831490960
2030017723423,2024/12/20 05:35:33,АННа смиРнОвА,8(9043) 08-98,1,корм ДЛя сОбак,5,2181.9,318.1,CAncElLED,спасибо за заказ,2024-12-23,0993882795325292
2030017723423,2024/12/20 05:35:33,АННа смиРнОвА,8(9043) 08-98,5,молОкО,1,2657.3,342.7,CAncelled,спасибо за заказ,2024-12-23,0993882795325292
2030017723423,2024/12/20 05:35:33,АННа смиРнОвА,8(9043) 08-98,5,моЛоКо,1,2665.84,334.16,CaNcELlED,спасибо за заказ,2024-12-23,0993882795325292
2030017723423,2024/12/20 05:35:33,АННа смиРнОвА,8(9043) 08-98,4,ПОдпИСКа На газЕТУ,2,1164.89,35.11,CANCelLEd,спасибо за заказ,2024-12-23,0993882795325292
2030017723423,2024/12/20 05:35:33,АННа смиРнОвА,8(9043) 08-98,3,амуниция ДлЯ сОбАк,2,2394.18,5.82,CancELlED,спасибо за заказ,2024-12-23,0993882795325292
2030017722580,2024-12-18 18:11:01,еЛЕнА нОвИкОва,+7(9169)61-86,4,ПодПиска НА ГаЗЕТу,4,1947.57,452.43,caNceLlED,Проверить наличие,2024/12/28,9839656929344946
2030017721838,15.12.2024 00:29,ЕлеНА нОВИкоВА,+7 9751 68 45,5,МОЛОКо,3,8782.85,217.15,COMPLETed,подарок вовремя,2024/12/30,7775028695659916
2030017720188,2024/12/21 00:09:01,ДМИтриЙ КузнЕЦов,+7 9697 32 18,5,МОЛОКО,5,14421.96,578.04,cANCELlED,спасибо за заказ,2024/12/10,7111282553886792
2030017720188,2024/12/21 00:09:01,ДМИтриЙ КузнЕЦов,+7 9697 32 18,4,ПоДПИскА НА газеТу,5,2678.35,321.65,cANCEllED,спасибо за заказ,2024/12/10,7111282553886792
2030017720188,2024/12/21 00:09:01,ДМИтриЙ КузнЕЦов,+7 9697 32 18,4,подпИска на гАЗеТУ,5,2479.51,520.49,CAncelLeD,спасибо за заказ,2024/12/10,7111282553886792
2030017720188,2024/12/21 00:09:01,ДМИтриЙ КузнЕЦов,+7 9697 32 18,2,ИГРушКа МЯч,4,998.13,201.87,caNCelLeD,спасибо за заказ,2024/12/10,7111282553886792
2030017720188,2024/12/21 00:09:01,ДМИтриЙ КузнЕЦов,+7 9697 32 18,5,МОлОкО,4,9721.59,2278.41,cAnCElLEd,спасибо за заказ,2024/12/10,7111282553886792
2030017719240,06.12.2024 04:33,АННА СМИРноВа,+7(9390)41-78,2,ИГруШКа мЯЧ,4,1118.77,81.23,CaNcELLED,Ждём с нетерпением!,08.12.2024,6541394482083275
2030017719240,06.12.2024 04:33,АННА СМИРноВа,+7(9390)41-78,2,иГРуШкА МЯЧ,4,1013.73,186.27,cAncElLEd,Ждём с нетерпением!,08.12.2024,6541394482083275
2030017719240,06.12.2024 04:33,АННА СМИРноВа,+7(9390)41-78,4,пОДпИска на газету,4,2111.27,288.73,CaNcellEd,Ждём с нетерпением!,08.12.2024,6541394482083275
2030017719240,06.12.2024 04:33,АННА СМИРноВа,+7(9390)41-78,2,ИгрушкА мяЧ,5,1335.08,164.92,canCeLLed,Ждём с нетерпением!,08.12.2024,6541394482083275
2030017718990,2024-12-23 07:36:34,ДМитРий КуЗнЕЦОв,+7 9627 88 37,2,иГрУШКа мяч,5,1301.64,198.36,CoMPlETeD,Проверить наличие,2024/12/08,3667206781562194
2030017718990,2024-12-23 07:36:34,ДМитРий КуЗнЕЦОв,+7 9627 88 37,5,МОЛОКо,3,8070.26,929.74,COMPLETED,Проверить наличие,2024/12/08,3667206781562194
2030017718990,2024-12-23 07:36:34,ДМитРий КуЗнЕЦОв,+7 9627 88 37,2,ИГРУшКА МЯч,1,254.31,45.69,coMpLeTEd,Проверить наличие,2024/12/08,3667206781562194
2030017718990,2024-12-23 07:36:34,ДМитРий КуЗнЕЦОв,+7 9627 88 37,5,мОЛОко,1,2780.72,219.28,COmplEted,Проверить наличие,2024/12/08,3667206781562194
2030017717293,2024-12-16 15:40:36,елЕНа НОвиКОВа,8(9074) 43-89,1,КОрМ ДЛЯ собаК,1,490.84,9.16,pROCeSSiNG,Всё отлично!,2024-12-18,5800507592935301
2030017717293,2024-12-16 15:40:36,елЕНа НОвиКОВа,8(9074) 43-89,3,аМуницИя Для собАк,2,2184.08,215.92,pRoCESsInG,Всё отлично!,2024-12-18,5800507592935301
2030017716870,2024-12-15 13:22:57,сЕргеЙ СИдОрОв,+7 9710 76 69,2,иГрУшКа мяч,1,250.49,49.51,CAnCEllED,"Задержка с доставкой, печалька...",31.12.2024,4880709248376964
2030017716870,2024-12-15 13:22:57,сЕргеЙ СИдОрОв,+7 9710 76 69,1,КОрм ДЛЯ СОБак,2,819.96,180.04,canCelled,"Задержка с доставкой, печалька...",31.12.2024,4880709248376964
2030017716870,2024-12-15 13:22:57,сЕргеЙ СИдОрОв,+7 9710 76 69,4,пОдпИСкА нА газЕТу,2,986.73,213.27,CaNCeLleD,"Задержка с доставкой, печалька...",31.12.2024,4880709248376964
2030017716870,2024-12-15 13:22:57,сЕргеЙ СИдОрОв,+7 9710 76 69,1,КоРм длЯ сОБАК,3,1383.76,116.24,cANCELLEd,"Задержка с доставкой, печалька...",31.12.2024,4880709248376964
2030017715566,31.12.2024 17:34,оЛьга КуЗНЕЦоВа,8(9652) 96-10,2,игРушКа мяч,4,996.16,203.84,CoMpletEd,Ждём с нетерпением!,2024-12-19,8839443931908184
2030017715566,31.12.2024 17:34,оЛьга КуЗНЕЦоВа,8(9652) 96-10,1,кОрМ Для СоБак,5,2206.07,293.93,ComPletED,Ждём с нетерпением!,2024-12-19,8839443931908184
2030017715566,31.12.2024 17:34,оЛьга КуЗНЕЦоВа,8(9652) 96-10,3,аМуницИЯ дЛя собАк,2,2176.35,223.65,ComplETED,Ждём с нетерпением!,2024-12-19,8839443931908184
2030017715566,31.12.2024 17:34,оЛьга КуЗНЕЦоВа,8(9652) 96-10,2,ИГрУШКа МЯЧ,1,245.41,54.59,COMPlEtEd,Ждём с нетерпением!,2024-12-19,8839443931908184
2030017714591,17.12.2024 19:08,ДМитРИй КузНецоВ,8(9082) 96-65,4,поДПиска на гАзетУ,1,581.99,18.01,coMplEtEd,подарок вовремя,2024-12-11,3781353700189430
2030017714591,17.12.2024 19:08,ДМитРИй КузНецоВ,8(9082) 96-65,4,ПодПисКа На ГАзеТУ,5,2882.07,117.93,coMpletED,подарок вовремя,2024-12-11,3781353700189430
2030017714591,17.12.2024 19:08,ДМитРИй КузНецоВ,8(9082) 96-65,1,КОРм для сОбАК,4,1879.84,120.16,cOmPLETEd,подарок вовремя,2024-12-11,3781353700189430
2030017714591,17.12.2024 19:08,ДМитРИй КузНецоВ,8(9082) 96-65,5,МоЛОКо,3,8389.71,610.29,COMpLeTED,подарок вовремя,2024-12-11,3781353700189430
2030017713786,17.12.2024 20:50,НАтАЛЬя вАСилЬЕВА,8(9938) 84-64,4,поДпИСКА НА гаЗету,2,962.17,237.83,pRocEssiNG,"Задержка с доставкой, печалька...",08.12.2024,0153543918719774
2030017713786,17.12.2024 20:50,НАтАЛЬя вАСилЬЕВА,8(9938) 84-64,1,корМ ДЛя СОБаК,5,2498.26,1.74,pRoCEssinG,"Задержка с доставкой, печалька...",08.12.2024,0153543918719774
2030017713786,17.12.2024 20:50,НАтАЛЬя вАСилЬЕВА,8(9938) 84-64,2,иГрУШка МЯч,2,551.44,48.56,PRocessinG,"Задержка с доставкой, печалька...",08.12.2024,0153543918719774
2030017713786,17.12.2024 20:50,НАтАЛЬя вАСилЬЕВА,8(9938) 84-64,4,пОдПисКА НА гаЗеТУ,4,1946.05,453.95,PROCEssINg,"Задержка с доставкой, печалька...",08.12.2024,0153543918719774
2030017713786,17.12.2024 20:50,НАтАЛЬя вАСилЬЕВА,8(9938) 84-64,4,пОдпискА на гаЗету,2,1003.77,196.23,pROCEssiNG,"Задержка с доставкой, печалька...",08.12.2024,0153543918719774
2030017712556,19.12.2024 16:07,Иван иВАноВ,+7(9612)96-77,2,ИгрУшка МяЧ,1,261.88,38.12,caNCELLED,Всё отлично!,28.12.2024,5278873530845188
2030017711117,2024-12-23 12:34:44,наТаЛьЯ ВАСИЛЬЕва,+7(9549)13-71,1,коРм для СоБаК,3,1355.01,144.99,procESsinG,подарок вовремя,2024-12-29,0757690842574446
2030017711117,2024-12-23 12:34:44,наТаЛьЯ ВАСИЛЬЕва,+7(9549)13-71,3,АмУНИЦИя ДЛЯ СОБак,4,4214.38,585.62,pRoCEssING,подарок вовремя,2024-12-29,0757690842574446
2030017711117,2024-12-23 12:34:44,наТаЛьЯ ВАСИЛЬЕва,+7(9549)13-71,3,АмуНИЦиЯ дЛя СоБАк,5,5972.93,27.07,prOcesSiNg,подарок вовремя,2024-12-29,0757690842574446
2030017711117,2024-12-23 12:34:44,наТаЛьЯ ВАСИЛЬЕва,+7(9549)13-71,1,кОрм дЛя СОБак,4,1662.22,337.78,pROCesSInG,подарок вовремя,2024-12-29,0757690842574446
2030017711117,2024-12-23 12:34:44,наТаЛьЯ ВАСИЛЬЕва,+7(9549)13-71,5,МолоКО,2,4887.72,1112.28,ProcessINg,подарок вовремя,2024-12-29,0757690842574446
2030017710995,2024/12/18 05:45:25,СЕрГЕй СидоРОв,+7(9671)71-80,2,ИГРУШКа мяч,4,1155.91,44.09,COMPLeted,подарок вовремя,21.12.2024,4877041545752908
2030017710995,2024/12/18 05:45:25,СЕрГЕй СидоРОв,+7(9671)71-80,4,ПодПИСКА На ГАЗЕТу,3,1472.14,327.86,COMpLetED,подарок вовремя,21.12.2024,4877041545752908
2030017710995,2024/12/18 05:45:25,СЕрГЕй СидоРОв,+7(9671)71-80,1,кОрМ Для СОбак,1,411.63,88.37,COmpLeTEd,подарок вовремя,21.12.2024,4877041545752908
2030017710995,2024/12/18 05:45:25,СЕрГЕй СидоРОв,+7(9671)71-80,4,подпиСкА на гАзЕТу,4,2222.52,177.48,ComplETed,подарок вовремя,21.12.2024,4877041545752908
2030017709287,2024/12/04 01:29:05,аЛеКСей мИХАйЛоВ,+7(9953)63-66,5,молОКо,2,5451.28,548.72,PROcEsSING,"Задержка с доставкой, печалька...",28.12.2024,9952629052875905
2030017709287,2024/12/04 01:29:05,аЛеКСей мИХАйЛоВ,+7(9953)63-66,1,Корм ДлЯ соБаК,3,1292.52,207.48,ProCESSing,"Задержка с доставкой, печалька...",28.12.2024,9952629052875905
2030017709287,2024/12/04 01:29:05,аЛеКСей мИХАйЛоВ,+7(9953)63-66,2,иГРУшка МЯч,4,1179.05,20.95,proCESsINg,"Задержка с доставкой, печалька...",28.12.2024,9952629052875905
2030017709287,2024/12/04 01:29:05,аЛеКСей мИХАйЛоВ,+7(9953)63-66,1,КоРм длЯ СОБак,5,2084.29,415.71,proCESSInG,"Задержка с доставкой, печалька...",28.12.2024,9952629052875905
2030017708409,2024-12-02 18:48:49,ИвАН ИВАнов,8(9985) 11-81,2,иГРуШка мяЧ,5,1427.11,72.89,PrOcesSIng,спасибо за заказ,12.12.2024,7941291733359531
2030017708409,2024-12-02 18:48:49,ИвАН ИВАнов,8(9985) 11-81,5,МОлОКО,4,10425.47,1574.53,PROCEsSinG,спасибо за заказ,12.12.2024,7941291733359531
2030017708409,2024-12-02 18:48:49,ИвАН ИВАнов,8(9985) 11-81,3,амУНиЦиЯ дЛя СоБаК,4,4334.88,465.12,ProceSSIng,спасибо за заказ,12.12.2024,7941291733359531
2030017707667,2024/12/04 08:43:01,оЛЬга КуЗнецОВа,+7(9326)73-84,3,АмУнИцИЯ длЯ сОбаК,3,3412.8,187.2,CAncelLEd,"Задержка с доставкой, печалька...",16.12.2024,2578289744614488
2030017707667,2024/12/04 08:43:01,оЛЬга КуЗнецОВа,+7(9326)73-84,1,коРм длЯ соБак,5,2344.83,155.17,canCeLLEd,"Задержка с доставкой, печалька...",16.12.2024,2578289744614488
2030017706531,20.12.2024 02:02,алекСей МИХАйЛОВ,+7(9514)06-61,2,ИГрУшКа мЯЧ,2,598.52,1.48,CaNcelleD,"Задержка с доставкой, печалька...",2024-12-21,0093708879128651
2030017706531,20.12.2024 02:02,алекСей МИХАйЛОВ,+7(9514)06-61,1,коРм дЛЯ собАК,5,2346.6,153.4,cAncelled,"Задержка с доставкой, печалька...",2024-12-21,0093708879128651
2030017705615,2024-12-05 13:35:38,сЕргЕЙ СидороВ,+7 9774 06 74,5,мОЛокО,1,2991.24,8.76,prOcEssiNg,Нужно уточнить сроки,2024/12/16,0036369061661307
2030017704172,2024/12/21 13:07:24,НатАЛЬЯ ВАсильЕВа,+7 9706 75 46,3,амуНИЦия Для сОБАК,1,988.05,211.95,ProcESsiNg,спасибо за заказ,2024/12/04,0288982479643534
2030017704172,2024/12/21 13:07:24,НатАЛЬЯ ВАсильЕВа,+7 9706 75 46,1,кОрм дЛЯ собАК,4,1714.43,285.57,pROCessiNG,спасибо за заказ,2024/12/04,0288982479643534
2030017703972,2024/12/17 16:38:19,наТалЬЯ ВаСИЛьЕва,+7 9794 55 55,1,корм для сОбАк,4,1669.46,330.54,cAnCeLLED,Всё отлично!,2024-12-01,0170704261905968
2030017703972,2024/12/17 16:38:19,наТалЬЯ ВаСИЛьЕва,+7 9794 55 55,1,кОрМ дЛЯ сОБак,2,852.55,147.45,caNcELLEd,Всё отлично!,2024-12-01,0170704261905968
2030017703972,2024/12/17 16:38:19,наТалЬЯ ВаСИЛьЕва,+7 9794 55 55,5,молоКо,1,2996.51,3.49,canCellEd,Всё отлично!,2024-12-01,0170704261905968
2030017702218,2024-12-24 23:37:23,ДмИтрИй куЗнЕЦоВ,8(9592) 00-88,4,подПиСКА На гаЗЕТУ,3,1458.01,341.99,pRoCESsING,Всё отлично!,2024/12/12,3272493908881964
2030017702218,2024-12-24 23:37:23,ДмИтрИй куЗнЕЦоВ,8(9592) 00-88,1,кОРм дЛЯ собак,4,1804.27,195.73,PrOcessiNG,Всё отлично!,2024/12/12,3272493908881964
2030017702218,2024-12-24 23:37:23,ДмИтрИй куЗнЕЦоВ,8(9592) 00-88,1,кОрм ДлЯ соБАК,4,1898.15,101.85,pRocesSING,Всё отлично!,2024/12/12,3272493908881964
2030017702218,2024-12-24 23:37:23,ДмИтрИй куЗнЕЦоВ,8(9592) 00-88,2,игРушкА МЯч,3,837.79,62.21,ProCEssinG,Всё отлично!,2024/12/12,3272493908881964
2030017701681,10.12.2024 21:01,оЛЬгА КузНЕЦОВа,8(9706) 22-64,4,пОдПиСКА На гАзету,5,2812.08,187.92,cOMPLeTED,Ждём с нетерпением!,17.12.2024,8889397317613503
2030017700729,30.12.2024 14:53,АНнА сМиРновА,+7 9701 66 98,1,корМ дЛя собаК,2,942.85,57.15,canCELLED,Всё отлично!,2024-12-12,7869402829838944
2030017700729,30.12.2024 14:53,АНнА сМиРновА,+7 9701 66 98,3,амунИЦИя Для сОБАк,4,4626.94,173.06,CaNcELlED,Всё отлично!,2024-12-12,7869402829838944
2030017700729,30.12.2024 14:53,АНнА сМиРновА,+7 9701 66 98,1,корм дЛЯ сОБАК,5,2493.9,6.1,cAnCElleD,Всё отлично!,2024-12-12,7869402829838944
2030017699794,23.12.2024 12:17,ИвАН иВаНов,+7 9207 05 30,1,корМ ДлЯ СобАк,3,1449.49,50.51,PrOCeSSinG,спасибо за заказ,2024-12-28,7479903571606300
2030017699794,23.12.2024 12:17,ИвАН иВаНов,+7 9207 05 30,2,ИГрушКа мЯЧ,3,831.75,68.25,ProcESsing,спасибо за заказ,2024-12-28,7479903571606300
2030017699794,23.12.2024 12:17,ИвАН иВаНов,+7 9207 05 30,1,кОРм для СобАк,3,1322.62,177.38,pROCessIng,спасибо за заказ,2024-12-28,7479903571606300
2030017698915,2024-12-25 22:53:12,ИВАН иВАНОВ,8(9107) 30-20,3,АМунИЦИя для собаК,2,2321.83,78.17,CoMPlEteD,подарок вовремя,2024-12-02,4920334691050457
2030017698915,2024-12-25 22:53:12,ИВАН иВАНОВ,8(9107) 30-20,3,амУнициЯ длЯ сОбаК,3,3593.14,6.86,comPLeTED,подарок вовремя,2024-12-02,4920334691050457
2030017697177,06.12.2024 21:03,иВаН ИВаНОв,+7 9429 67 31,4,пОДПиСка нА газЕТУ,3,1712.17,87.83,CancElLed,"Задержка с доставкой, печалька...",2024-12-23,6601347361197667
2030017697177,06.12.2024 21:03,иВаН ИВаНОв,+7 9429 67 31,1,кОРм для СобАК,1,430.47,69.53,cANcELLED,"Задержка с доставкой, печалька...",2024-12-23,6601347361197667
2030017697177,06.12.2024 21:03,иВаН ИВаНОв,+7 9429 67 31,4,пОДПиСКА На ГазЕту,3,1704.19,95.81,CAnCEllEd,"Задержка с доставкой, печалька...",2024-12-23,6601347361197667
2030017697177,06.12.2024 21:03,иВаН ИВаНОв,+7 9429 67 31,4,пОдПиСкА на газетУ,5,2517.97,482.03,caNCElLed,"Задержка с доставкой, печалька...",2024-12-23,6601347361197667
2030017697177,06.12.2024 21:03,иВаН ИВаНОв,+7 9429 67 31,4,ПОДПИСка НА гАЗЕтУ,1,578.32,21.68,CANcElLed,"Задержка с доставкой, печалька...",2024-12-23,6601347361197667
2030017696420,2024-12-02 08:23:48,НаТаЛЬя вАСилЬеВА,+7(9510)60-90,3,аМУнИЦия Для соБАК,5,5365.7,634.3,COMPlETEd,Нужно уточнить сроки,14.12.2024,7080606945910443
2030017696420,2024-12-02 08:23:48,НаТаЛЬя вАСилЬеВА,+7(9510)60-90,1,КоРМ ДЛЯ соБак,3,1399.28,100.72,cOmpLetEd,Нужно уточнить сроки,14.12.2024,7080606945910443
2030017696420,2024-12-02 08:23:48,НаТаЛЬя вАСилЬеВА,+7(9510)60-90,2,иГрУшка МяЧ,2,560.65,39.35,COMPLeTED,Нужно уточнить сроки,14.12.2024,7080606945910443
2030017696420,2024-12-02 08:23:48,НаТаЛЬя вАСилЬеВА,+7(9510)60-90,4,пОДпиСКА На ГаЗЕТу,2,1192.36,7.64,cOmPlEtED,Нужно уточнить сроки,14.12.2024,7080606945910443
2030017695566,2024-12-24 15:53:58,МиХАиЛ оРЛОв,+7(9359)35-71,4,ПодпискА на газеТУ,3,1626.71,173.29,pROCESsInG,спасибо за заказ,2024/12/26,5035525280840773
2030017695566,2024-12-24 15:53:58,МиХАиЛ оРЛОв,+7(9359)35-71,3,аМуНИЦиЯ для соБАК,3,3499.12,100.88,PrOceSSiNg,спасибо за заказ,2024/12/26,5035525280840773
2030017695566,2024-12-24 15:53:58,МиХАиЛ оРЛОв,+7(9359)35-71,1,Корм дЛЯ сОБак,4,1887.4,112.6,PrOcEsSinG,спасибо за заказ,2024/12/26,5035525280840773
2030017695566,2024-12-24 15:53:58,МиХАиЛ оРЛОв,+7(9359)35-71,3,АМУнициЯ ДлЯ собак,5,5800.9,199.1,pRoCeSSing,спасибо за заказ,2024/12/26,5035525280840773
2030017694293,2024/12/01 17:47:43,ОЛьГА КуЗнЕцовА,+7(9888)11-47,5,МолокО,1,2881.01,118.99,cAncElLed,Всё отлично!,27.12.2024,4192251679583289
2030017694293,2024/12/01 17:47:43,ОЛьГА КуЗнЕцовА,+7(9888)11-47,5,МОЛокО,2,4837.3,1162.7,caNCeLLeD,Всё отлично!,27.12.2024,4192251679583289
2030017693373,2024-12-12 00:53:56,АННа смИрНова,+7(9036)80-94,2,ИгРушка МЯч,5,1372.97,127.03,ProCESsiNG,Проверить наличие,2024/12/06,7319731780868671
2030017693373,2024-12-12 00:53:56,АННа смИрНова,+7(9036)80-94,1,Корм для собАК,4,1699.15,300.85,PrOceSSInG,Проверить наличие,2024/12/06,7319731780868671
2030017693373,2024-12-12 00:53:56,АННа смИрНова,+7(9036)80-94,4,ПОдПИска НА гаЗЕТУ,1,558.51,41.49,pRocesSInG,Проверить наличие,2024/12/06,7319731780868671
2030017692333,2024/12/28 21:35:22,АЛеКсеЙ мИХАЙлоВ,+7(9761)18-49,3,АмунИЦия ДЛя СоБаК,3,3492.12,107.88,prOcesSIng,Ждём с нетерпением!,2024/12/08,0940203756707728
2030017692333,2024/12/28 21:35:22,АЛеКсеЙ мИХАЙлоВ,+7(9761)18-49,4,пОДпиСКА НА ГАзЕТУ,2,1148.3,51.7,ProCESsING,Ждём с нетерпением!,2024/12/08,0940203756707728
2030017692333,2024/12/28 21:35:22,АЛеКсеЙ мИХАЙлоВ,+7(9761)18-49,5,Молоко,5,14964.83,35.17,proCeSSIng,Ждём с нетерпением!,2024/12/08,0940203756707728
2030017692333,2024/12/28 21:35:22,АЛеКсеЙ мИХАЙлоВ,+7(9761)18-49,2,ИГРушКа МяЧ,5,1220.37,279.63,pRocESsinG,Ждём с нетерпением!,2024/12/08,0940203756707728
2030017691899,2024-12-15 06:22:23,мария ПЕтРовА,8(9900) 98-22,1,КОРМ ДЛя СоБак,2,822.09,177.91,complEteD,подарок вовремя,2024/12/25,4684545919645422
2030017691899,2024-12-15 06:22:23,мария ПЕтРовА,8(9900) 98-22,5,молоКО,4,10646.38,1353.62,CompLeTeD,подарок вовремя,2024/12/25,4684545919645422
2030017691899,2024-12-15 06:22:23,мария ПЕтРовА,8(9900) 98-22,2,игрУшКА МЯч,1,286.66,13.34,COMplEted,подарок вовремя,2024/12/25,4684545919645422
2030017690890,01.12.2024 05:58,серГЕй СИДОРоВ,8(9651) 15-87,3,амУНИцИЯ Для СобАк,4,4046.27,753.73,CoMPLEteD,спасибо за заказ,2024-12-07,3631614746824594
2030017690890,01.12.2024 05:58,серГЕй СИДОРоВ,8(9651) 15-87,5,молокО,3,8503.02,496.98,COmPLetED,спасибо за заказ,2024-12-07,3631614746824594
2030017690890,01.12.2024 05:58,серГЕй СИДОРоВ,8(9651) 15-87,1,кОРм Для собАк,2,890.37,109.63,COMpleTEd,спасибо за заказ,2024-12-07,3631614746824594
2030017690890,01.12.2024 05:58,серГЕй СИДОРоВ,8(9651) 15-87,5,мОлОкО,4,11257.07,742.93,ComplETeD,спасибо за заказ,2024-12-07,3631614746824594
2030017690890,01.12.2024 05:58,серГЕй СИДОРоВ,8(9651) 15-87,5,молОКО,3,7586.31,1413.69,cOmpLetEd,спасибо за заказ,2024-12-07,3631614746824594
2030017689521,11.12.2024 14:32,АлЕксеЙ мИХаЙЛоВ,+7(9147)62-01,1,кОрМ ДлЯ СОБАк,3,1482.26,17.74,CANCELLeD,Нужно уточнить сроки,2024-12-16,6616467395434810
2030017689521,11.12.2024 14:32,АлЕксеЙ мИХаЙЛоВ,+7(9147)62-01,1,корм дЛя сОбак,4,1942.1,57.9,cancellEd,Нужно уточнить сроки,2024-12-16,6616467395434810
2030017688861,07.12.2024 21:40,еЛеНа нОВИкоВа,+7(9663)38-27,1,КоРМ дЛЯ СоБАк,3,1343.33,156.67,PrOCEsSing,подарок вовремя,2024/12/26,7604076149133937
2030017687552,2024/12/07 00:41:29,МихаИл орЛов,+7(9433)63-09,2,игрУшкА мЯЧ,5,1391.68,108.32,ComPLetEd,Ждём с нетерпением!,2024-12-31,3349187173162784
2030017686596,2024/12/29 23:52:12,НаТалья ВаСИЛЬевА,8(9167) 28-90,4,ПодпиСка НА гаЗеТУ,3,1453.62,346.38,canCElLed,подарок вовремя,15.12.2024,2953142479351447
2030017686596,2024/12/29 23:52:12,НаТалья ВаСИЛЬевА,8(9167) 28-90,5,моЛоКО,3,7317.18,1682.82,CaNceLled,подарок вовремя,15.12.2024,2953142479351447
2030017686596,2024/12/29 23:52:12,НаТалья ВаСИЛЬевА,8(9167) 28-90,2,иГРуШКа Мяч,2,556.37,43.63,CaNCELLED,подарок вовремя,15.12.2024,2953142479351447
2030017685836,2024-12-13 01:15:46,НаТалЬЯ вАсиЛьеВА,+7 9358 11 61,1,КорМ ДлЯ СОБАк,5,2249.1,250.9,caNCeLlED,"Задержка с доставкой, печалька...",2024-12-12,3716537021023277
2030017685836,2024-12-13 01:15:46,НаТалЬЯ вАсиЛьеВА,+7 9358 11 61,2,ИгрушКА МЯЧ,3,820.86,79.14,CAnCelLED,"Задержка с доставкой, печалька...",2024-12-12,3716537021023277
2030017685836,2024-12-13 01:15:46,НаТалЬЯ вАсиЛьеВА,+7 9358 11 61,4,ПодписКа нА ГАзеТУ,5,2560.77,439.23,CaNceLLed,"Задержка с доставкой, печалька...",2024-12-12,3716537021023277
2030017685836,2024-12-13 01:15:46,НаТалЬЯ вАсиЛьеВА,+7 9358 11 61,1,КОрМ ДлЯ СОбаК,1,467.69,32.31,CANCELLeD,"Задержка с доставкой, печалька...",2024-12-12,3716537021023277
2030017684194,31.12.2024 02:34,аННа сМиРНова,8(9943) 06-72,4,ПОДПиСка НА гАЗеТУ,2,1026.32,173.68,comPLeTEd,Нужно уточнить сроки,2024-12-14,3333493040851598
2030017684194,31.12.2024 02:34,аННа сМиРНова,8(9943) 06-72,3,амУнИЦИЯ для сОБак,1,1080.96,119.04,CoMPLETed,Нужно уточнить сроки,2024-12-14,3333493040851598
2030017684194,31.12.2024 02:34,аННа сМиРНова,8(9943) 06-72,3,АМУНиЦиЯ Для СОБаК,2,2255.48,144.52,ComPLeteD,Нужно уточнить сроки,2024-12-14,3333493040851598
2030017683602,2024-12-14 03:16:47,ИвАн иВаноВ,8(9831) 61-34,2,ИГрУшкА Мяч,1,255.67,44.33,processiNG,Ждём с нетерпением!,15.12.2024,4568833256767840
2030017682419,2024-12-19 13:36:39,АНнА смиРНова,8(9848) 41-06,2,игРУШКа мяч,3,738.19,161.81,canCElLEd,спасибо за заказ,2024-12-31,4804330888200770
2030017682419,2024-12-19 13:36:39,АНнА смиРНова,8(9848) 41-06,5,МолОКО,5,12089.79,2910.21,cAnceLled,спасибо за заказ,2024-12-31,4804330888200770
2030017681366,2024-12-07 14:01:20,алЕксЕЙ мИхАйлОв,+7 9436 95 29,4,ПОДПиска НА гаЗЕтУ,1,521.29,78.71,COMPLetED,Нужно уточнить сроки,2024-12-02,9604435838144272
2030017681366,2024-12-07 14:01:20,алЕксЕЙ мИхАйлОв,+7 9436 95 29,3,АмунИцИя Для СОБак,4,4230.87,569.13,CompLeTEd,Нужно уточнить сроки,2024-12-02,9604435838144272
2030017680552,2024/12/04 12:57:45,аННА СмиРНова,+7 9746 50 43,4,ПодпИСкА на газетУ,5,2436.1,563.9,CoMpLETEd,Нужно уточнить сроки,11.12.2024,0185125241340753
2030017680552,2024/12/04 12:57:45,аННА СмиРНова,+7 9746 50 43,5,МОлоко,1,2559.89,440.11,cOmplETEd,Нужно уточнить сроки,11.12.2024,0185125241340753
2030017680552,2024/12/04 12:57:45,аННА СмиРНова,+7 9746 50 43,5,моЛоко,3,8433.56,566.44,COMPLETed,Нужно уточнить сроки,11.12.2024,0185125241340753
2030017679822,2024-12-15 09:03:48,АНнА сМИрнОвА,+7 9059 57 52,4,ПоДПИскА НА гаЗету,4,2287.82,112.18,caNCeLlEd,Всё отлично!,2024-12-24,6957191667930099
2030017679822,2024-12-15 09:03:48,АНнА сМИрнОвА,+7 9059 57 52,2,иГрУШкА МЯч,4,990.35,209.65,CAnCElLed,Всё отлично!,2024-12-24,6957191667930099
2030017679822,2024-12-15 09:03:48,АНнА сМИрнОвА,+7 9059 57 52,5,МОлоКО,5,12732.1,2267.9,CANCEllED,Всё отлично!,2024-12-24,6957191667930099
2030017679822,2024-12-15 09:03:48,АНнА сМИрнОвА,+7 9059 57 52,2,иГРУшКА мяч,3,758.35,141.65,CanceLleD,Всё отлично!,2024-12-24,6957191667930099
2030017679822,2024-12-15 09:03:48,АНнА сМИрнОвА,+7 9059 57 52,5,МОЛОКО,3,8465.43,534.57,cAncELled,Всё отлично!,2024-12-24,6957191667930099
2030017678151,2024/12/08 12:16:18,дмИТРИй кУЗНецоВ,+7 9467 86 46,3,АмУНИЦИя длЯ сОБаК,4,4156.75,643.25,PrOCeSsING,Проверить наличие,2024-12-01,7922474482266014
2030017677485,2024-12-16 10:46:59,Сергей СидоРоВ,+7(9296)34-39,3,амУнИциЯ для СобАк,2,2177.24,222.76,coMPlETED,спасибо за заказ,2024/12/26,6487906799041695
2030017677485,2024-12-16 10:46:59,Сергей СидоРоВ,+7(9296)34-39,3,амУНИЦИя ДлЯ СоБАК,3,3012.78,587.22,CompLETED,спасибо за заказ,2024/12/26,6487906799041695
2030017677485,2024-12-16 10:46:59,Сергей СидоРоВ,+7(9296)34-39,3,аМУНИЦИЯ ДЛя собаК,2,2342.35,57.65,COMPLETEd,спасибо за заказ,2024/12/26,6487906799041695
2030017677485,2024-12-16 10:46:59,Сергей СидоРоВ,+7(9296)34-39,2,игрушкА мЯЧ,3,884.92,15.08,cOMPLETED,спасибо за заказ,2024/12/26,6487906799041695
2030017677485,2024-12-16 10:46:59,Сергей СидоРоВ,+7(9296)34-39,3,АМУНИцИЯ ДлЯ СОБАК,2,2261.02,138.98,COmplETED,спасибо за заказ,2024/12/26,6487906799041695
2030017676914,14.12.2024 04:38,аЛЕксЕй МИХАЙЛОВ,+7(9808)94-51,4,ПОдПИСка нА ГАЗЕТУ,1,526.87,73.13,PRoCeSsing,Проверить наличие,2024/12/16,3834635512383796
2030017676914,14.12.2024 04:38,аЛЕксЕй МИХАЙЛОВ,+7(9808)94-51,2,ИГРУшКа мяч,3,755.77,144.23,PrOceSsiNG,Проверить наличие,2024/12/16,3834635512383796
2030017676914,14.12.2024 04:38,аЛЕксЕй МИХАЙЛОВ,+7(9808)94-51,3,амУнИцИЯ дЛЯ СоБАк,1,1096.24,103.76,PrOcesSing,Проверить наличие,2024/12/16,3834635512383796
2030017676914,14.12.2024 04:38,аЛЕксЕй МИХАЙЛОВ,+7(9808)94-51,4,пОдПисКА на гаЗЕту,3,1612.71,187.29,pROCesSiNG,Проверить наличие,2024/12/16,3834635512383796
2030017676914,14.12.2024 04:38,аЛЕксЕй МИХАЙЛОВ,+7(9808)94-51,5,МОлоКО,3,7812.19,1187.81,PRoCessiNg,Проверить наличие,2024/12/16,3834635512383796
2030017675840,2024/12/07 22:57:40,ольГа кУзнЕЦОВА,+7 9814 86 74,4,пОДПИСКа НА ГазЕту,1,496.43,103.57,caNCeLLED,спасибо за заказ,21.12.2024,9535319297120631
2030017674171,2024-12-21 03:19:31,сергей СИдорОВ,8(9204) 05-48,1,КОРМ ДлЯ СОбАк,1,446.93,53.07,COmpLetED,Нужно уточнить сроки,2024/12/10,0921207845916501
2030017674171,2024-12-21 03:19:31,сергей СИдорОВ,8(9204) 05-48,1,корм дЛЯ СОБаК,3,1205.8,294.2,COMpLeTED,Нужно уточнить сроки,2024/12/10,0921207845916501
2030017674171,2024-12-21 03:19:31,сергей СИдорОВ,8(9204) 05-48,5,МоЛоко,1,2873.11,126.89,cOMpLETEd,Нужно уточнить сроки,2024/12/10,0921207845916501
2030017673417,2024/12/06 00:27:42,иВан ИВаноВ,+7(9386)92-13,2,ИгруШкА МяЧ,1,282.18,17.82,ComplEted,Нужно уточнить сроки,2024/12/15,8694938603492790
2030017673417,2024/12/06 00:27:42,иВан ИВаноВ,+7(9386)92-13,1,корМ ДЛЯ собаК,1,495.94,4.06,COMPLEtEd,Нужно уточнить сроки,2024/12/15,8694938603492790
2030017672668,2024-12-05 05:56:05,ДМИТРИй куЗНецоВ,8(9687) 37-42,2,ИгРУШкА МЯч,2,569.47,30.53,cOMPLETeD,Проверить наличие,27.12.2024,0077605492692839
2030017672668,2024-12-05 05:56:05,ДМИТРИй куЗНецоВ,8(9687) 37-42,2,ИГрУШкА мЯЧ,1,253.93,46.07,cOmpLEted,Проверить наличие,27.12.2024,0077605492692839
2030017672668,2024-12-05 05:56:05,ДМИТРИй куЗНецоВ,8(9687) 37-42,4,поДписКА На ГАЗеТу,2,1001.87,198.13,coMplEtEd,Проверить наличие,27.12.2024,0077605492692839
2030017672668,2024-12-05 05:56:05,ДМИТРИй куЗНецоВ,8(9687) 37-42,2,иГРУШка мяч,4,1056.45,143.55,COMpLetED,Проверить наличие,27.12.2024,0077605492692839
2030017672668,2024-12-05 05:56:05,ДМИТРИй куЗНецоВ,8(9687) 37-42,4,ПОдПИСка НА ГАЗеТУ,2,1012.4,187.6,CoMPlETed,Проверить наличие,27.12.2024,0077605492692839
2030017671649,2024/12/28 22:04:58,МАрИя пеТрОВа,8(9910) 33-13,5,МоЛоКО,3,8919.2,80.8,PROcEssINg,"Задержка с доставкой, печалька...",2024-12-25,0312887146394850
2030017671649,2024/12/28 22:04:58,МАрИя пеТрОВа,8(9910) 33-13,4,ПОдПИСКа нА ГАЗЕТу,3,1676.17,123.83,PrOceSsInG,"Задержка с доставкой, печалька...",2024-12-25,0312887146394850
2030017671649,2024/12/28 22:04:58,МАрИя пеТрОВа,8(9910) 33-13,5,МолОко,2,5638.46,361.54,processiNG,"Задержка с доставкой, печалька...",2024-12-25,0312887146394850
2030017671649,2024/12/28 22:04:58,МАрИя пеТрОВа,8(9910) 33-13,1,КоРМ ДЛЯ соБак,3,1442.89,57.11,ProCESSing,"Задержка с доставкой, печалька...",2024-12-25,0312887146394850
2030017670683,05.12.2024 01:04,анНа смИРНоВа,+7 9963 57 27,3,аМУниция ДЛя собАк,4,4694.44,105.56,caNCElLed,подарок вовремя,2024/12/05,9698913974418179
2030017670683,05.12.2024 01:04,анНа смИРНоВа,+7 9963 57 27,3,амУнИЦия ДЛЯ сОбак,2,2216.29,183.71,CANCELLed,подарок вовремя,2024/12/05,9698913974418179
2030017670683,05.12.2024 01:04,анНа смИРНоВа,+7 9963 57 27,5,моЛОкО,2,5349.89,650.11,CanCEllEd,подарок вовремя,2024/12/05,9698913974418179
2030017669950,2024-12-28 06:35:35,марИя ПЕТрОва,8(9156) 70-47,1,кОРм длЯ собАк,2,850.97,149.03,prOCESSiNG,подарок вовремя,2024/12/12,8582396117552783
2030017669950,2024-12-28 06:35:35,марИя ПЕТрОва,8(9156) 70-47,1,корМ дЛЯ сОбАк,4,1738.44,261.56,PrOcESsInG,подарок вовремя,2024/12/12,8582396117552783
2030017669950,2024-12-28 06:35:35,марИя ПЕТрОва,8(9156) 70-47,2,ИгРушкА мЯЧ,1,264.7,35.3,procEssiNg,подарок вовремя,2024/12/12,8582396117552783
2030017669950,2024-12-28 06:35:35,марИя ПЕТрОва,8(9156) 70-47,1,КоРМ ДлЯ собАк,1,439.35,60.65,PrOcESsiNG,подарок вовремя,2024/12/12,8582396117552783
2030017669950,2024-12-28 06:35:35,марИя ПЕТрОва,8(9156) 70-47,2,игРУШКА мяч,3,843.71,56.29,proCeSSing,подарок вовремя,2024/12/12,8582396117552783
2030017668108,13.12.2024 07:53,ОЛЬга КУЗнецОВА,8(9095) 19-40,2,иГРУШка мяЧ,4,1189.59,10.41,processing,"Задержка с доставкой, печалька...",2024/12/10,2537530539191955
2030017667454,22.12.2024 10:02,иВАН иваНОВ,8(9532) 31-66,4,ПодпискА На ГаЗету,5,2419.51,580.49,PROcESsIng,подарок вовремя,20.12.2024,6765462412885995
2030017667454,22.12.2024 10:02,иВАН иваНОВ,8(9532) 31-66,4,пОдпИсКа нА ГазеТу,1,497.11,102.89,PROCEssinG,подарок вовремя,20.12.2024,6765462412885995
2030017667454,22.12.2024 10:02,иВАН иваНОВ,8(9532) 31-66,3,аМуниЦиЯ дЛя СОбак,2,1941.48,458.52,proCEsSInG,подарок вовремя,20.12.2024,6765462412885995
2030017667454,22.12.2024 10:02,иВАН иваНОВ,8(9532) 31-66,1,коРм для СоБаК,5,2474.84,25.16,pRocESsinG,подарок вовремя,20.12.2024,6765462412885995
2030017666669,31.12.2024 03:11,маРия ПЕтрОвА,+7(9414)44-14,1,кОРм Для СОбак,5,2179.17,320.83,CANceLLed,Нужно уточнить сроки,2024/12/17,2165318368188470
2030017665808,07.12.2024 13:48,нАТАлЬя ВАСиЛьЕва,8(9566) 08-52,5,мОлОко,3,8904.15,95.85,pROCessInG,Всё отлично!,2024-12-22,1859341261519951
2030017664503,2024-12-22 10:04:50,сергЕЙ сидОРоВ,+7(9907)33-01,2,ИгРушКа МяЧ,4,962.9,237.1,ProCESSInG,Всё отлично!,2024-12-01,9808693772875387
2030017664503,2024-12-22 10:04:50,сергЕЙ сидОРоВ,+7(9907)33-01,5,мОЛоко,5,12710.41,2289.59,PrOCeSSInG,Всё отлично!,2024-12-01,9808693772875387
2030017664503,2024-12-22 10:04:50,сергЕЙ сидОРоВ,+7(9907)33-01,1,КОРМ для СоБАк,2,899.04,100.96,PrOcESSIng,Всё отлично!,2024-12-01,9808693772875387
2030017664503,2024-12-22 10:04:50,сергЕЙ сидОРоВ,+7(9907)33-01,3,аМуНиЦия ДЛя сОбак,3,3585.19,14.81,PRocESSING,Всё отлично!,2024-12-01,9808693772875387
2030017919519,17.12.2024 13:57,АлЕксеЙ мИхайЛов,+7(9665)94-98,2,ИГрушКа мяч,1,243.26,56.74,PRoCESsINg,Ждём с нетерпением!,2024-12-07,6657917296822327
2030017918536,2024/12/20 02:40:00,ЕЛенА НоВиКОВА,+7 9217 43 41,5,моЛоКо,1,2471.03,528.97,pRoCESsing,Проверить наличие,2024/12/24,4458409798820049
2030017918536,2024/12/20 02:40:00,ЕЛенА НоВиКОВА,+7 9217 43 41,3,аМуНИцИя дЛя собаК,2,2322.22,77.78,ProcESSINg,Проверить наличие,2024/12/24,4458409798820049
2030017918536,2024/12/20 02:40:00,ЕЛенА НоВиКОВА,+7 9217 43 41,4,подПИска На ГазЕТУ,2,1106.86,93.14,PRoceSSinG,Проверить наличие,2024/12/24,4458409798820049
2030017917968,28.12.2024 12:31,АЛекСЕй миХаЙлОв,+7 9188 45 15,3,АмунИцИЯ Для сОБаК,3,3312.19,287.81,CanCElLED,Нужно уточнить сроки,2024/12/30,5951155349905102
2030017917968,28.12.2024 12:31,АЛекСЕй миХаЙлОв,+7 9188 45 15,4,подПИска нА гаЗЕТУ,2,1148.5,51.5,cancElLED,Нужно уточнить сроки,2024/12/30,5951155349905102
2030017917968,28.12.2024 12:31,АЛекСЕй миХаЙлОв,+7 9188 45 15,4,пОдПиСкА нА газЕтУ,5,2694.4,305.6,caNcelLEd,Нужно уточнить сроки,2024/12/30,5951155349905102
2030017917968,28.12.2024 12:31,АЛекСЕй миХаЙлОв,+7 9188 45 15,3,аМуницИЯ Для СоБаК,4,4013.89,786.11,cANCELled,Нужно уточнить сроки,2024/12/30,5951155349905102
2030017917968,28.12.2024 12:31,АЛекСЕй миХаЙлОв,+7 9188 45 15,2,ИГРУшка Мяч,3,889.06,10.94,cANcELlEd,Нужно уточнить сроки,2024/12/30,5951155349905102
2030017916637,2024-12-31 07:15:39,ЕЛена нОвИкОва,8(9135) 36-56,4,подПИСкА НА гАЗеТУ,3,1486.72,313.28,caNcelLED,Нужно уточнить сроки,2024/12/13,1648781098779993
2030017916637,2024-12-31 07:15:39,ЕЛена нОвИкОва,8(9135) 36-56,3,АмуНИЦия Для СОбаК,5,4853.21,1146.79,cAnCeLleD,Нужно уточнить сроки,2024/12/13,1648781098779993
2030017916637,2024-12-31 07:15:39,ЕЛена нОвИкОва,8(9135) 36-56,5,МОлОКО,2,5813.62,186.38,CANCelled,Нужно уточнить сроки,2024/12/13,1648781098779993
2030017916637,2024-12-31 07:15:39,ЕЛена нОвИкОва,8(9135) 36-56,2,иГРушКа мЯЧ,3,881.55,18.45,CaNceLleD,Нужно уточнить сроки,2024/12/13,1648781098779993
2030017915906,2024/12/31 03:20:15,ОльГА кузНецова,8(9673) 86-27,5,молОко,4,10442.0,1558.0,ComPleTeD,Ждём с нетерпением!,2024-12-14,4692153133187754
2030017915906,2024/12/31 03:20:15,ОльГА кузНецова,8(9673) 86-27,2,иГруШКА МЯЧ,3,812.95,87.05,cOMPLetEd,Ждём с нетерпением!,2024-12-14,4692153133187754
2030017915906,2024/12/31 03:20:15,ОльГА кузНецова,8(9673) 86-27,4,поДписКа нА ГазЕту,2,1114.92,85.08,COmPleTeD,Ждём с нетерпением!,2024-12-14,4692153133187754
2030017915906,2024/12/31 03:20:15,ОльГА кузНецова,8(9673) 86-27,2,ИГрушКа мяЧ,2,588.91,11.09,cOMPlEted,Ждём с нетерпением!,2024-12-14,4692153133187754
2030017914140,10.12.2024 18:07,ИВАН ИВаНОв,+7(9027)16-35,1,КоРм ДлЯ соБАк,2,848.21,151.79,cAncElLEd,Проверить наличие,2024/12/02,4501144714494553
2030017914140,10.12.2024 18:07,ИВАН ИВаНОв,+7(9027)16-35,5,МОЛОКо,2,5426.75,573.25,caNcElLED,Проверить наличие,2024/12/02,4501144714494553
2030017914140,10.12.2024 18:07,ИВАН ИВаНОв,+7(9027)16-35,5,МолОКО,5,13525.5,1474.5,canCELled,Проверить наличие,2024/12/02,4501144714494553
2030017914140,10.12.2024 18:07,ИВАН ИВаНОв,+7(9027)16-35,5,моЛОКо,3,7818.7,1181.3,CaNCELLed,Проверить наличие,2024/12/02,4501144714494553
2030017914140,10.12.2024 18:07,ИВАН ИВаНОв,+7(9027)16-35,4,поДпИСка На гаЗеТУ,1,572.69,27.31,cAncElLEd,Проверить наличие,2024/12/02,4501144714494553
2030017913879,2024-12-29 02:19:52,нАтаЛья ВаСиЛЬевА,8(9675) 16-20,4,подПисКА На гАзЕТУ,4,2133.89,266.11,cAncELLEd,Проверить наличие,2024-12-27,5277342209179508
2030017913879,2024-12-29 02:19:52,нАтаЛья ВаСиЛЬевА,8(9675) 16-20,3,АмУниЦИЯ длЯ СоБак,1,1134.3,65.7,CANceLLEd,Проверить наличие,2024-12-27,5277342209179508
2030017913879,2024-12-29 02:19:52,нАтаЛья ВаСиЛЬевА,8(9675) 16-20,4,подПИскА на гаЗЕТу,1,527.26,72.74,cANcelLED,Проверить наличие,2024-12-27,5277342209179508
2030017913879,2024-12-29 02:19:52,нАтаЛья ВаСиЛЬевА,8(9675) 16-20,2,игРушКа Мяч,3,855.39,44.61,CANcelLEd,Проверить наличие,2024-12-27,5277342209179508
2030017912797,07.12.2024 12:04,АНнА смИРНОва,+7 9646 80 80,3,амУнИЦИя для СобАК,4,4547.84,252.16,CaNcELlED,Нужно уточнить сроки,2024/12/30,9688024672383156
2030017911232,2024-12-25 07:24:17,олЬГА КУЗнецовА,+7 9722 55 08,1,КОрМ дЛя СОБАК,2,848.31,151.69,prOcEsSIng,спасибо за заказ,2024-12-28,7141163270003302
2030017911232,2024-12-25 07:24:17,олЬГА КУЗнецовА,+7 9722 55 08,4,пОДПиСКа на ГАЗЕТу,4,2114.88,285.12,PROCESSING,спасибо за заказ,2024-12-28,7141163270003302
2030017911232,2024-12-25 07:24:17,олЬГА КУЗнецовА,+7 9722 55 08,1,кОрМ длЯ сОБАК,4,1996.7,3.3,pROcEsSIng,спасибо за заказ,2024-12-28,7141163270003302
2030017911232,2024-12-25 07:24:17,олЬГА КУЗнецовА,+7 9722 55 08,5,моЛоКо,2,5649.33,350.67,PROCEssING,спасибо за заказ,2024-12-28,7141163270003302
2030017910347,2024/12/08 21:08:39,НАтаЛьЯ ВаСИЛьеВа,8(9780) 55-70,1,КоРМ дЛЯ сОбАК,1,460.3,39.7,PRocESsiNg,подарок вовремя,05.12.2024,5702108595293976
2030017910347,2024/12/08 21:08:39,НАтаЛьЯ ВаСИЛьеВа,8(9780) 55-70,1,КОРм ДлЯ собАК,4,1700.9,299.1,PRoceSSING,подарок вовремя,05.12.2024,5702108595293976
2030017910347,2024/12/08 21:08:39,НАтаЛьЯ ВаСИЛьеВа,8(9780) 55-70,4,подПисКа НА газЕТУ,2,996.34,203.66,pRocEssINg,подарок вовремя,05.12.2024,5702108595293976
2030017909341,27.12.2024 06:19,алексЕй михАйлОв,+7 9664 87 09,1,КОрМ дЛя соБак,2,934.72,65.28,CoMplETEd,спасибо за заказ,2024/12/01,6007446300615736
2030017909341,27.12.2024 06:19,алексЕй михАйлОв,+7 9664 87 09,4,подПиска нА газеТУ,5,2859.81,140.19,coMPLEteD,спасибо за заказ,2024/12/01,6007446300615736
2030017909341,27.12.2024 06:19,алексЕй михАйлОв,+7 9664 87 09,4,поДпИскА НА газетУ,1,593.76,6.24,cOmPlEtED,спасибо за заказ,2024/12/01,6007446300615736
2030017909341,27.12.2024 06:19,алексЕй михАйлОв,+7 9664 87 09,5,МоЛокО,5,13875.74,1124.26,cOMPLEted,спасибо за заказ,2024/12/01,6007446300615736
2030017909341,27.12.2024 06:19,алексЕй михАйлОв,+7 9664 87 09,1,КОрм дЛя собак,5,2068.52,431.48,cOmpleted,спасибо за заказ,2024/12/01,6007446300615736
2030017908899,2024/12/10 17:01:07,ЕЛЕНа нОВИкОвА,8(9992) 08-80,4,ПодпИСка На гаЗетУ,4,1963.23,436.77,procesSinG,подарок вовремя,2024/12/14,7234474184281605
2030017908899,2024/12/10 17:01:07,ЕЛЕНа нОВИкОвА,8(9992) 08-80,2,игрУШкА Мяч,1,243.04,56.96,pROCeSSinG,подарок вовремя,2024/12/14,7234474184281605
2030017908899,2024/12/10 17:01:07,ЕЛЕНа нОВИкОвА,8(9992) 08-80,4,подПиСка на гАЗЕТу,1,496.49,103.51,pRoceSsING,подарок вовремя,2024/12/14,7234474184281605
2030017908899,2024/12/10 17:01:07,ЕЛЕНа нОВИкОвА,8(9992) 08-80,4,пОдПиСКа нА ГАЗЕТУ,5,2702.93,297.07,PrOCEsSing,подарок вовремя,2024/12/14,7234474184281605
2030017908899,2024/12/10 17:01:07,ЕЛЕНа нОВИкОвА,8(9992) 08-80,1,КоРм Для сОБАк,3,1343.36,156.64,ProceSsiNg,подарок вовремя,2024/12/14,7234474184281605
2030017907205,2024/12/17 15:40:55,аЛЕкСеЙ миХАЙлОв,+7(9725)04-35,5,МОлОкО,2,5395.16,604.84,ProCeSsiNG,Нужно уточнить сроки,2024/12/02,5514412213740969
2030017907205,2024/12/17 15:40:55,аЛЕкСеЙ миХАЙлОв,+7(9725)04-35,4,поДпиСкА На ГаЗетУ,2,1081.12,118.88,pROcesSinG,Нужно уточнить сроки,2024/12/02,5514412213740969
2030017907205,2024/12/17 15:40:55,аЛЕкСеЙ миХАЙлОв,+7(9725)04-35,2,иГрушкА мЯЧ,5,1385.01,114.99,PROcESSiNG,Нужно уточнить сроки,2024/12/02,5514412213740969
2030017906801,2024-12-10 13:13:26,СеРГеЙ СидороВ,+7(9338)98-63,4,пОдписКа на ГАзету,3,1683.93,116.07,cOmpletEd,спасибо за заказ,2024/12/27,7954507415521289
2030017906801,2024-12-10 13:13:26,СеРГеЙ СидороВ,+7(9338)98-63,3,амУнИцИя для соБак,5,5356.29,643.71,ComPLeTED,спасибо за заказ,2024/12/27,7954507415521289
2030017906801,2024-12-10 13:13:26,СеРГеЙ СидороВ,+7(9338)98-63,1,коРм длЯ сОБак,2,941.85,58.15,cOmPLEtED,спасибо за заказ,2024/12/27,7954507415521289
2030017905155,25.12.2024 21:39,ДмИТРиЙ КузнецоВ,+7 9209 48 60,2,ИГРУШка мЯч,5,1478.67,21.33,CaNcElled,Нужно уточнить сроки,31.12.2024,4023216213456603
2030017905155,25.12.2024 21:39,ДмИТРиЙ КузнецоВ,+7 9209 48 60,5,молОКо,4,10856.37,1143.63,CancELLED,Нужно уточнить сроки,31.12.2024,4023216213456603
2030017905155,25.12.2024 21:39,ДмИТРиЙ КузнецоВ,+7 9209 48 60,4,ПодПИска на гаЗЕТу,2,1113.46,86.54,CaNCellED,Нужно уточнить сроки,31.12.2024,4023216213456603
2030017904614,2024-12-30 20:12:03,аНнА сМирнОвА,+7(9975)49-43,5,МолОкО,1,2415.52,584.48,coMplEted,"Задержка с доставкой, печалька...",2024/12/24,2830681558613695
2030017904614,2024-12-30 20:12:03,аНнА сМирнОвА,+7(9975)49-43,2,иГрУШКа МЯч,3,835.9,64.1,ComPLEteD,"Задержка с доставкой, печалька...",2024/12/24,2830681558613695
2030017904614,2024-12-30 20:12:03,аНнА сМирнОвА,+7(9975)49-43,5,МОЛокО,2,5281.83,718.17,CoMPlETed,"Задержка с доставкой, печалька...",2024/12/24,2830681558613695
2030017904614,2024-12-30 20:12:03,аНнА сМирнОвА,+7(9975)49-43,2,игрУшка МЯч,2,534.09,65.91,COmPLEted,"Задержка с доставкой, печалька...",2024/12/24,2830681558613695
2030017903333,2024-12-22 07:06:24,мИХаИл орлоВ,+7(9036)93-43,4,подПИСКА НА гАЗеТУ,1,547.21,52.79,caNcelled,Проверить наличие,05.12.2024,3358453790062852
2030017902308,09.12.2024 21:33,дМиТРИЙ КуЗНЕцов,+7 9632 07 81,5,мОЛОкО,3,7994.01,1005.99,COmplETeD,спасибо за заказ,2024-12-11,8044450930634038
2030017902308,09.12.2024 21:33,дМиТРИЙ КуЗНЕцов,+7 9632 07 81,3,АМУНИЦиЯ ДлЯ СоБАК,1,1194.29,5.71,cOmpLeTed,спасибо за заказ,2024-12-11,8044450930634038
2030017902308,09.12.2024 21:33,дМиТРИЙ КуЗНЕцов,+7 9632 07 81,5,мОЛОкО,4,11589.79,410.21,CoMplEtED,спасибо за заказ,2024-12-11,8044450930634038
2030017902308,09.12.2024 21:33,дМиТРИЙ КуЗНЕцов,+7 9632 07 81,3,АмУНИЦИЯ ДЛЯ сОбАК,3,2891.08,708.92,COMpLeTeD,спасибо за заказ,2024-12-11,8044450930634038
2030017902308,09.12.2024 21:33,дМиТРИЙ КуЗНЕцов,+7 9632 07 81,5,мОлоко,1,2461.94,538.06,coMpLETEd,спасибо за заказ,2024-12-11,8044450930634038
2030017901611,05.12.2024 09:25,ЕЛена НОвИКОвА,8(9931) 24-77,3,АмуНИцИЯ дЛЯ СобАк,5,5536.78,463.22,cOmPlETED,Всё отлично!,2024/12/26,2889226747495517
2030017901611,05.12.2024 09:25,ЕЛена НОвИКОвА,8(9931) 24-77,5,мОлОКО,1,2846.14,153.86,COMpLetED,Всё отлично!,2024/12/26,2889226747495517
2030017901611,05.12.2024 09:25,ЕЛена НОвИКОвА,8(9931) 24-77,5,молОКо,2,4992.78,1007.22,ComPLeteD,Всё отлично!,2024/12/26,2889226747495517
2030017900989,02.12.2024 17:50,МариЯ ПетрОва,8(9900) 44-69,4,пОДпИска На ГаЗЕту,5,2801.43,198.57,CanceLlEd,Проверить наличие,2024-12-07,2724069297216238
2030017900989,02.12.2024 17:50,МариЯ ПетрОва,8(9900) 44-69,5,МоЛоКО,5,14493.42,506.58,CaNCeLLeD,Проверить наличие,2024-12-07,2724069297216238
2030017900989,02.12.2024 17:50,МариЯ ПетрОва,8(9900) 44-69,1,корМ для сОБак,2,950.12,49.88,caNcELlEd,Проверить наличие,2024-12-07,2724069297216238
2030017899814,2024-12-28 11:52:39,АннА сМИрНовА,8(9254) 10-30,4,ПоДПИсКА на ГазетУ,3,1625.39,174.61,compLETEd,подарок вовремя,2024-12-23,6210487975445936
2030017899814,2024-12-28 11:52:39,АннА сМИрНовА,8(9254) 10-30,5,МоЛОкО,4,10988.76,1011.24,coMPLeTEd,подарок вовремя,2024-12-23,6210487975445936
2030017898614,2024/12/30 09:04:52,оЛЬгА кузнЕЦОвА,+7(9316)78-61,5,мОлОкО,2,5266.47,733.53,cANCeLlEd,Нужно уточнить сроки,22.12.2024,0016706752565698
2030017898614,2024/12/30 09:04:52,оЛЬгА кузнЕЦОвА,+7(9316)78-61,1,КОРм дЛЯ сОБАк,3,1481.87,18.13,CanCElleD,Нужно уточнить сроки,22.12.2024,0016706752565698
2030017898614,2024/12/30 09:04:52,оЛЬгА кузнЕЦОвА,+7(9316)78-61,2,игрУШКА МЯч,2,576.81,23.19,CanCELLed,Нужно уточнить сроки,22.12.2024,0016706752565698
2030017897662,2024/12/28 21:04:26,нАТальЯ ВАсИлЬевА,+7(9488)77-23,1,кОрм дЛЯ сОбАК,5,2366.72,133.28,caNceLled,Нужно уточнить сроки,17.12.2024,6823558234113352
2030017897662,2024/12/28 21:04:26,нАТальЯ ВАсИлЬевА,+7(9488)77-23,4,подПИСКа на ГазеТу,2,1035.58,164.42,CAnCeLLEd,Нужно уточнить сроки,17.12.2024,6823558234113352
2030017897662,2024/12/28 21:04:26,нАТальЯ ВАсИлЬевА,+7(9488)77-23,1,КОрм ДлЯ сОбАК,5,2017.06,482.94,cANCELlEd,Нужно уточнить сроки,17.12.2024,6823558234113352
2030017897662,2024/12/28 21:04:26,нАТальЯ ВАсИлЬевА,+7(9488)77-23,4,ПодпИСкА на ГаЗетУ,5,2609.62,390.38,CanceLLEd,Нужно уточнить сроки,17.12.2024,6823558234113352
2030017896441,2024-12-22 12:21:33,иВаН иВаНОВ,+7 9053 43 35,5,молокО,5,13140.73,1859.27,coMPlETED,подарок вовремя,2024/12/06,7281433784285228
2030017896441,2024-12-22 12:21:33,иВаН иВаНОВ,+7 9053 43 35,2,ИГРушКа мяЧ,2,485.92,114.08,cOmPlEtED,подарок вовремя,2024/12/06,7281433784285228
2030017896441,2024-12-22 12:21:33,иВаН иВаНОВ,+7 9053 43 35,4,ПОдпиСКА нА гАЗЕТУ,2,1072.4,127.6,CoMPLEted,подарок вовремя,2024/12/06,7281433784285228
2030017895747,2024-12-10 15:54:14,ЕЛЕна НОвиковА,+7(9357)83-46,2,игРУшкА МяЧ,1,259.75,40.25,prOcESSInG,"Задержка с доставкой, печалька...",17.12.2024,7155596019532190
2030017895747,2024-12-10 15:54:14,ЕЛЕна НОвиковА,+7(9357)83-46,5,МОЛОКо,2,5494.18,505.82,PRocESSING,"Задержка с доставкой, печалька...",17.12.2024,7155596019532190
2030017895747,2024-12-10 15:54:14,ЕЛЕна НОвиковА,+7(9357)83-46,5,МОЛокО,3,7559.61,1440.39,pROCEssINg,"Задержка с доставкой, печалька...",17.12.2024,7155596019532190
2030017895747,2024-12-10 15:54:14,ЕЛЕна НОвиковА,+7(9357)83-46,4,подпИсКА На гАЗеТУ,3,1575.14,224.86,proCESsING,"Задержка с доставкой, печалька...",17.12.2024,7155596019532190
2030017894824,13.12.2024 04:40,олЬГА кузнеЦОвА,+7 9133 78 14,2,игрУШКА мяЧ,2,548.86,51.14,COmpLeteD,подарок вовремя,2024/12/08,2499335271304825
2030017894824,13.12.2024 04:40,олЬГА кузнеЦОвА,+7 9133 78 14,3,АмуНИЦИЯ для сОбаК,2,2361.34,38.66,cOmPleTEd,подарок вовремя,2024/12/08,2499335271304825
2030017894824,13.12.2024 04:40,олЬГА кузнеЦОвА,+7 9133 78 14,2,ИгрушКА мяч,3,771.49,128.51,comPleTed,подарок вовремя,2024/12/08,2499335271304825
2030017894824,13.12.2024 04:40,олЬГА кузнеЦОвА,+7 9133 78 14,5,молокО,1,2869.19,130.81,coMpleteD,подарок вовремя,2024/12/08,2499335271304825
2030017893565,28.12.2024 23:14,НАтаЛЬя ВасилЬЕВА,8(9235) 82-63,3,амуНиЦиЯ Для соБаК,2,1923.62,476.38,prOCESsinG,Ждём с нетерпением!,2024-12-19,7667002921814797
2030017893565,28.12.2024 23:14,НАтаЛЬя ВасилЬЕВА,8(9235) 82-63,4,подПискА НА ГАзЕТУ,4,2198.81,201.19,ProCEssIng,Ждём с нетерпением!,2024-12-19,7667002921814797
2030017892880,2024/12/17 20:46:31,МИхАиЛ оРлОв,8(9986) 96-25,5,мОлОКо,4,9900.93,2099.07,cANCELLed,"Задержка с доставкой, печалька...",2024-12-26,0084973726069190
2030017892880,2024/12/17 20:46:31,МИхАиЛ оРлОв,8(9986) 96-25,1,КорМ для СОБаК,1,443.57,56.43,cAnCElled,"Задержка с доставкой, печалька...",2024-12-26,0084973726069190
2030017892880,2024/12/17 20:46:31,МИхАиЛ оРлОв,8(9986) 96-25,4,пОдПиСКА нА газеТу,1,590.36,9.64,CANCElLed,"Задержка с доставкой, печалька...",2024-12-26,0084973726069190
2030017892880,2024/12/17 20:46:31,МИхАиЛ оРлОв,8(9986) 96-25,3,АмуНицИя дЛя сОБАК,4,4655.55,144.45,CaNceLLEd,"Задержка с доставкой, печалька...",2024-12-26,0084973726069190
2030017892880,2024/12/17 20:46:31,МИхАиЛ оРлОв,8(9986) 96-25,3,амуНИция для СоБаК,5,5336.31,663.69,CanCellEd,"Задержка с доставкой, печалька...",2024-12-26,0084973726069190
2030017891652,04.12.2024 06:09,НаТалЬя ВАСиЛЬеВа,+7 9929 91 67,4,ПодПискА НА ГАзету,5,2900.91,99.09,PrOcEssiNG,"Задержка с доставкой, печалька...",2024/12/14,1494817056489111
2030017891652,04.12.2024 06:09,НаТалЬя ВАСиЛЬеВа,+7 9929 91 67,3,амУниЦИЯ ДлЯ сОбАк,2,2248.79,151.21,proceSSiNg,"Задержка с доставкой, печалька...",2024/12/14,1494817056489111
2030017890597,2024/12/30 15:11:37,елЕНа НоВиКОва,8(9696) 44-64,5,МОлОКо,4,11632.4,367.6,cancELlED,"Задержка с доставкой, печалька...",2024-12-04,8570312402978601
2030017890597,2024/12/30 15:11:37,елЕНа НоВиКОва,8(9696) 44-64,1,Корм ДлЯ собАк,5,2399.03,100.97,CaNCELLED,"Задержка с доставкой, печалька...",2024-12-04,8570312402978601
2030017890597,2024/12/30 15:11:37,елЕНа НоВиКОва,8(9696) 44-64,2,игРУШКа мяч,2,489.58,110.42,CAncelled,"Задержка с доставкой, печалька...",2024-12-04,8570312402978601
2030017889465,21.12.2024 15:34,оЛЬГа кУЗнЕцоВА,+7(9653)64-24,1,корМ ДлЯ СОБак,4,1934.13,65.87,ProCesSIng,подарок вовремя,2024-12-19,5469838354839381
2030017888398,10.12.2024 06:08,олЬга кУЗНеЦОва,+7 9259 42 43,4,ПОдПИсКа НА гаЗеТУ,5,2608.13,391.87,CoMPLEted,Нужно уточнить сроки,2024-12-25,1705625274473286
2030017887230,21.12.2024 20:19,МаРИЯ ПеТрОВА,+7(9307)82-41,4,поДПИСКа на газЕТУ,5,2721.93,278.07,PrOCessING,Ждём с нетерпением!,09.12.2024,7377472729315108
2030017887230,21.12.2024 20:19,МаРИЯ ПеТрОВА,+7(9307)82-41,5,МолОКО,4,10140.19,1859.81,PrOCESSiNg,Ждём с нетерпением!,09.12.2024,7377472729315108
2030017887230,21.12.2024 20:19,МаРИЯ ПеТрОВА,+7(9307)82-41,5,мОлОко,4,10430.76,1569.24,proceSsinG,Ждём с нетерпением!,09.12.2024,7377472729315108
2030017886660,2024/12/19 02:20:41,марИЯ ПЕТрОВА,+7 9338 67 64,2,иГРуШка мЯЧ,3,775.85,124.15,cAncEllED,Нужно уточнить сроки,2024-12-05,6443651444671330
2030017886660,2024/12/19 02:20:41,марИЯ ПЕТрОВА,+7 9338 67 64,3,АМуНИцИя для сОбак,1,1102.23,97.77,CAnCelLed,Нужно уточнить сроки,2024-12-05,6443651444671330
2030017886660,2024/12/19 02:20:41,марИЯ ПЕТрОВА,+7 9338 67 64,3,аМуНИциЯ дЛЯ соБАк,1,1154.72,45.28,CANcElLED,Нужно уточнить сроки,2024-12-05,6443651444671330
2030017886660,2024/12/19 02:20:41,марИЯ ПЕТрОВА,+7 9338 67 64,4,пОдПиска На гАЗЕтУ,4,2214.14,185.86,canCelLED,Нужно уточнить сроки,2024-12-05,6443651444671330
2030017885562,10.12.2024 02:20,еЛЕнА НОВИКовА,+7 9798 86 67,5,МОЛОКо,5,12294.01,2705.99,cOmpLeTeD,Проверить наличие,04.12.2024,1707480101822463
2030017885562,10.12.2024 02:20,еЛЕнА НОВИКовА,+7 9798 86 67,3,аМунИция дЛя СОбаК,2,2287.77,112.23,coMpleTED,Проверить наличие,04.12.2024,1707480101822463
2030017884915,2024/12/19 08:56:23,ЕЛЕНА новИКова,+7(9244)63-29,1,кОРм Для Собак,1,485.06,14.94,CANcELlEd,спасибо за заказ,2024-12-11,5906610486599080
2030017883243,25.12.2024 15:23,ДмИтРИй КУзнЕцов,+7(9154)74-58,5,МолОКо,2,4954.59,1045.41,ProCEssinG,спасибо за заказ,2024-12-10,7025942012148980
2030017883243,25.12.2024 15:23,ДмИтРИй КУзнЕцов,+7(9154)74-58,5,мОЛОко,4,9771.02,2228.98,pROcEssing,спасибо за заказ,2024-12-10,7025942012148980
2030017883243,25.12.2024 15:23,ДмИтРИй КУзнЕцов,+7(9154)74-58,3,амУниЦИя Для собак,5,5004.99,995.01,ProcEssiNg,спасибо за заказ,2024-12-10,7025942012148980
2030017883243,25.12.2024 15:23,ДмИтРИй КУзнЕцов,+7(9154)74-58,1,Корм ДЛя СОбаК,5,2313.88,186.12,pRocESSINg,спасибо за заказ,2024-12-10,7025942012148980
2030017882927,2024-12-20 10:14:43,аННа СМИРНОВа,8(9359) 89-66,3,АмУницИя для собАк,2,2299.76,100.24,cancEllEd,"Задержка с доставкой, печалька...",04.12.2024,4730818539001056
2030017882927,2024-12-20 10:14:43,аННа СМИРНОВа,8(9359) 89-66,5,моЛоКО,4,10644.31,1355.69,CAnCeLleD,"Задержка с доставкой, печалька...",04.12.2024,4730818539001056
2030017882927,2024-12-20 10:14:43,аННа СМИРНОВа,8(9359) 89-66,3,амунИцИЯ ДЛя СоБАк,3,3089.69,510.31,cancEllEd,"Задержка с доставкой, печалька...",04.12.2024,4730818539001056
2030017882927,2024-12-20 10:14:43,аННа СМИРНОВа,8(9359) 89-66,2,ИгРушкА Мяч,4,1073.18,126.82,cANcelLED,"Задержка с доставкой, печалька...",04.12.2024,4730818539001056
2030017881270,2024-12-31 21:30:46,АлексЕй миХАйлОв,8(9384) 33-51,5,МОлОКО,4,10128.94,1871.06,CompleTed,Проверить наличие,2024-12-07,7491041919683229
2030017881270,2024-12-31 21:30:46,АлексЕй миХАйлОв,8(9384) 33-51,2,ИГРушка мяч,3,840.42,59.58,CoMplETeD,Проверить наличие,2024-12-07,7491041919683229
2030017881270,2024-12-31 21:30:46,АлексЕй миХАйлОв,8(9384) 33-51,2,иГРушКА МЯч,5,1250.19,249.81,COmpLeTed,Проверить наличие,2024-12-07,7491041919683229
2030017881270,2024-12-31 21:30:46,АлексЕй миХАйлОв,8(9384) 33-51,4,пОДПисКа на ГАЗету,2,1174.08,25.92,cOmpletED,Проверить наличие,2024-12-07,7491041919683229
2030017880509,2024/12/07 22:22:19,ЕЛена нОвиковА,+7(9585)63-86,3,АМУницИЯ для сОБаК,5,5053.94,946.06,cOmPleTED,Нужно уточнить сроки,2024/12/24,6666746742081439
2030017880509,2024/12/07 22:22:19,ЕЛена нОвиковА,+7(9585)63-86,2,ИгРушка МЯч,3,862.1,37.9,CoMpletED,Нужно уточнить сроки,2024/12/24,6666746742081439
2030017880509,2024/12/07 22:22:19,ЕЛена нОвиковА,+7(9585)63-86,1,КоРМ ДЛя СОбаК,2,837.73,162.27,COMPleTeD,Нужно уточнить сроки,2024/12/24,6666746742081439
2030017880509,2024/12/07 22:22:19,ЕЛена нОвиковА,+7(9585)63-86,5,МолоКО,5,13972.16,1027.84,compleTEd,Нужно уточнить сроки,2024/12/24,6666746742081439
2030017879193,2024/12/17 21:57:39,елЕнА нОвиковА,+7(9906)49-03,4,ПОДПИСКа нА гАзЕту,3,1507.59,292.41,CoMpLEted,подарок вовремя,2024-12-14,1455670472343601
2030017879193,2024/12/17 21:57:39,елЕнА нОвиковА,+7(9906)49-03,2,ИГРуШкА МяЧ,1,289.09,10.91,comPleted,подарок вовремя,2024-12-14,1455670472343601
2030017879193,2024/12/17 21:57:39,елЕнА нОвиковА,+7(9906)49-03,5,молоКО,3,8669.27,330.73,ComPLEteD,подарок вовремя,2024-12-14,1455670472343601
2030017879193,2024/12/17 21:57:39,елЕнА нОвиковА,+7(9906)49-03,1,Корм Для собАК,5,2460.04,39.96,CoMPlETed,подарок вовремя,2024-12-14,1455670472343601
2030017878675,2024-12-20 05:35:23,СЕрГеЙ сИДоРОв,+7(9819)62-30,5,мОЛоКО,2,5638.95,361.05,CompLEted,подарок вовремя,2024/12/31,9918928868962828
2030017878675,2024-12-20 05:35:23,СЕрГеЙ сИДоРОв,+7(9819)62-30,3,амунИцИя для СобАк,2,2026.08,373.92,ComplETEd,подарок вовремя,2024/12/31,9918928868962828
2030017878675,2024-12-20 05:35:23,СЕрГеЙ сИДоРОв,+7(9819)62-30,3,аМУНиция Для сОБаК,4,4609.05,190.95,coMplEtEd,подарок вовремя,2024/12/31,9918928868962828
2030017878675,2024-12-20 05:35:23,СЕрГеЙ сИДоРОв,+7(9819)62-30,4,ПОдПИска нА ГАзеТу,1,562.61,37.39,CoMpLetEd,подарок вовремя,2024/12/31,9918928868962828
2030017877459,2024-12-28 16:36:44,ЕЛЕнА НОВИкОвА,+7 9826 62 75,1,коРм Для сОбАк,5,2344.38,155.62,PROcESSing,Нужно уточнить сроки,01.12.2024,4709946330863555
2030017877459,2024-12-28 16:36:44,ЕЛЕнА НОВИкОвА,+7 9826 62 75,1,кОРМ ДЛЯ СОБак,1,436.72,63.28,ProCeSSING,Нужно уточнить сроки,01.12.2024,4709946330863555
2030017877459,2024-12-28 16:36:44,ЕЛЕнА НОВИкОвА,+7 9826 62 75,4,ПОдПисКа нА гаЗЕТу,5,2488.13,511.87,PRoCESsInG,Нужно уточнить сроки,01.12.2024,4709946330863555
2030017877459,2024-12-28 16:36:44,ЕЛЕнА НОВИкОвА,+7 9826 62 75,3,аМУНиЦИя для сОбАК,2,2054.11,345.89,prOceSsInG,Нужно уточнить сроки,01.12.2024,4709946330863555
2030017877459,2024-12-28 16:36:44,ЕЛЕнА НОВИкОвА,+7 9826 62 75,4,поДПИСка На ГаЗетУ,2,1168.13,31.87,PrOcessINg,Нужно уточнить сроки,01.12.2024,4709946330863555
2030017876129,2024-12-30 09:51:55,ИВан ИвАноВ,+7(9680)71-11,2,игРуШКа МЯЧ,5,1283.97,216.03,CanCEllEd,Нужно уточнить сроки,2024/12/28,6329191636672956
2030017876129,2024-12-30 09:51:55,ИВан ИвАноВ,+7(9680)71-11,5,мОЛОКО,5,14878.35,121.65,CANCEllEd,Нужно уточнить сроки,2024/12/28,6329191636672956
2030017876129,2024-12-30 09:51:55,ИВан ИвАноВ,+7(9680)71-11,3,АмуНИциЯ для соБАк,3,3516.25,83.75,CAncELled,Нужно уточнить сроки,2024/12/28,6329191636672956
2030017875631,2024-12-01 06:22:09,аННа СМИРнОВа,+7 9730 45 96,3,аМунИциЯ для сОБАК,4,4791.56,8.44,proCeSsINg,подарок вовремя,2024-12-16,5463161573872141
2030017875631,2024-12-01 06:22:09,аННа СМИРнОВа,+7 9730 45 96,2,ИГрушка МЯЧ,1,268.04,31.96,prOcessiNG,подарок вовремя,2024-12-16,5463161573872141
2030017875631,2024-12-01 06:22:09,аННа СМИРнОВа,+7 9730 45 96,3,аМУнИЦИя для СоБАК,2,2331.71,68.29,procesSInG,подарок вовремя,2024-12-16,5463161573872141
2030017875631,2024-12-01 06:22:09,аННа СМИРнОВа,+7 9730 45 96,1,КОрм длЯ СоБАк,3,1365.93,134.07,PROceSSInG,подарок вовремя,2024-12-16,5463161573872141
2030017875631,2024-12-01 06:22:09,аННа СМИРнОВа,+7 9730 45 96,5,МолОкО,1,2844.04,155.96,PrOcEssIng,подарок вовремя,2024-12-16,5463161573872141
2030017874481,09.12.2024 00:13,ДмИтрИЙ кУЗНеЦОв,+7(9029)33-24,2,иГруШКА мЯЧ,2,561.51,38.49,CAnCELLeD,Всё отлично!,2024/12/26,7740888496958645
2030017874481,09.12.2024 00:13,ДмИтрИЙ кУЗНеЦОв,+7(9029)33-24,2,игруШка мяЧ,5,1497.12,2.88,CaNCElled,Всё отлично!,2024/12/26,7740888496958645
2030017874481,09.12.2024 00:13,ДмИтрИЙ кУЗНеЦОв,+7(9029)33-24,5,МОлОко,5,12607.81,2392.19,cANCelleD,Всё отлично!,2024/12/26,7740888496958645
2030017874481,09.12.2024 00:13,ДмИтрИЙ кУЗНеЦОв,+7(9029)33-24,4,пОдпиСКА на газЕту,1,573.99,26.01,CANCellED,Всё отлично!,2024/12/26,7740888496958645
2030017873971,2024-12-04 15:25:57,НАТаЛья ВасИльеВа,+7(9603)73-31,5,МОЛОКо,1,2614.49,385.51,CoMpLETed,Проверить наличие,19.12.2024,2757828288755998
2030017873971,2024-12-04 15:25:57,НАТаЛья ВасИльеВа,+7(9603)73-31,5,моЛоКо,1,2640.32,359.68,COMPLETEd,Проверить наличие,19.12.2024,2757828288755998
2030017872358,2024/12/17 19:21:22,ИВаН ивАнов,+7 9314 58 84,2,ИГрУШКа МЯЧ,3,773.25,126.75,cAnCELleD,подарок вовремя,30.12.2024,3704688989921862
2030017872358,2024/12/17 19:21:22,ИВаН ивАнов,+7 9314 58 84,5,МОЛОкО,3,7564.2,1435.8,cAncellEd,подарок вовремя,30.12.2024,3704688989921862
2030017871446,23.12.2024 02:49,сЕРгеЙ СИдороВ,8(9082) 49-14,5,мОлОКо,2,5057.2,942.8,CAncelled,Проверить наличие,2024/12/17,2114424367909763
2030017871446,23.12.2024 02:49,сЕРгеЙ СИдороВ,8(9082) 49-14,1,кОРм Для сОбАК,2,861.97,138.03,cANCELlED,Проверить наличие,2024/12/17,2114424367909763
2030017870215,2024/12/22 19:15:32,ДМитРИЙ КУзНецоВ,8(9307) 92-79,4,пОдПисКА На ГазЕтУ,2,1080.95,119.05,compLETeD,"Задержка с доставкой, печалька...",2024-12-14,1324742659044506
2030017870215,2024/12/22 19:15:32,ДМитРИЙ КУзНецоВ,8(9307) 92-79,1,КОРМ ДлЯ собАк,2,917.49,82.51,ComPLeTED,"Задержка с доставкой, печалька...",2024-12-14,1324742659044506
2030017869475,2024/12/28 13:42:14,ЕЛЕНА ноВиКова,+7 9212 34 53,1,КОрм для СоБак,4,1880.82,119.18,pRocESsIng,Проверить наличие,22.12.2024,8308940291512475
2030017869475,2024/12/28 13:42:14,ЕЛЕНА ноВиКова,+7 9212 34 53,5,МОЛОКо,5,12793.42,2206.58,pRoCesSing,Проверить наличие,22.12.2024,8308940291512475
2030017869475,2024/12/28 13:42:14,ЕЛЕНА ноВиКова,+7 9212 34 53,5,МоЛокО,5,12075.64,2924.36,ProcesSiNG,Проверить наличие,22.12.2024,8308940291512475
2030017869475,2024/12/28 13:42:14,ЕЛЕНА ноВиКова,+7 9212 34 53,4,поДПискА На ГазеТу,3,1527.9,272.1,PROceSSing,Проверить наличие,22.12.2024,8308940291512475
2030017868413,2024-12-05 07:54:35,аННА смиРНОвА,+7 9572 79 42,5,МоЛОкО,4,11465.51,534.49,cANCellED,Нужно уточнить сроки,2024-12-06,7775803623186114
2030017868413,2024-12-05 07:54:35,аННА смиРНОвА,+7 9572 79 42,3,АМунИЦИя ДЛЯ СОбАк,4,4485.33,314.67,CanCeLlEd,Нужно уточнить сроки,2024-12-06,7775803623186114
2030017868413,2024-12-05 07:54:35,аННА смиРНОвА,+7 9572 79 42,5,МоЛОКо,3,7605.07,1394.93,CaNcelLED,Нужно уточнить сроки,2024-12-06,7775803623186114
2030017867770,25.12.2024 20:36,аНнА СМИРноВА,+7(9859)18-12,4,ПодПИсКА нА ГазеТу,2,1059.84,140.16,CANCeLlED,подарок вовремя,2024-12-12,4906672778251594
2030017867770,25.12.2024 20:36,аНнА СМИРноВА,+7(9859)18-12,5,МоЛокО,2,5281.4,718.6,CAnceLLed,подарок вовремя,2024-12-12,4906672778251594
2030017867770,25.12.2024 20:36,аНнА СМИРноВА,+7(9859)18-12,4,ПОдпИСкА На ГАзеТу,4,1950.33,449.67,CANCElLEd,подарок вовремя,2024-12-12,4906672778251594
2030017866429,2024/12/31 17:38:58,ОЛьгА кУЗнецОва,8(9784) 15-44,3,АМуницИЯ ДлЯ СОбАК,5,5704.89,295.11,canCelLeD,спасибо за заказ,2024-12-09,8099216743814966
2030017866429,2024/12/31 17:38:58,ОЛьгА кУЗнецОва,8(9784) 15-44,4,ПОДпИска нА газеТу,4,2054.29,345.71,CAncElLED,спасибо за заказ,2024-12-09,8099216743814966
2030017866429,2024/12/31 17:38:58,ОЛьгА кУЗнецОва,8(9784) 15-44,1,КОРМ ДлЯ соБАк,4,1768.96,231.04,canCeLLeD,спасибо за заказ,2024-12-09,8099216743814966
2030017865955,2024-12-20 03:51:59,мАРия ПетРоВА,+7(9674)38-39,4,ПОдписКА На ГаЗЕту,2,1147.71,52.29,CAncelLeD,Всё отлично!,2024-12-18,5091417993907843
2030017865955,2024-12-20 03:51:59,мАРия ПетРоВА,+7(9674)38-39,2,ИГрУшКа МЯЧ,2,580.51,19.49,CaNCElLED,Всё отлично!,2024-12-18,5091417993907843
2030017865955,2024-12-20 03:51:59,мАРия ПетРоВА,+7(9674)38-39,4,поДПиСКА На ГАЗЕТУ,3,1723.71,76.29,caNcELlEd,Всё отлично!,2024-12-18,5091417993907843
2030017865955,2024-12-20 03:51:59,мАРия ПетРоВА,+7(9674)38-39,3,амуНициЯ дЛя СОбАК,2,2241.41,158.59,CANceLLeD,Всё отлично!,2024-12-18,5091417993907843
2030017864758,2024-12-06 03:21:23,ЕЛЕна НовИКОвА,+7 9935 13 11,2,ИГрУШка мЯЧ,3,829.82,70.18,canCELLed,подарок вовремя,31.12.2024,1615717457017077
2030017864758,2024-12-06 03:21:23,ЕЛЕна НовИКОвА,+7 9935 13 11,3,АмуНиЦия ДлЯ СОБАк,3,2952.17,647.83,cancELlED,подарок вовремя,31.12.2024,1615717457017077
2030017864758,2024-12-06 03:21:23,ЕЛЕна НовИКОвА,+7 9935 13 11,4,ПОДПисКа на ГАзЕТу,2,1044.11,155.89,caNcEllEd,подарок вовремя,31.12.2024,1615717457017077
2030017864758,2024-12-06 03:21:23,ЕЛЕна НовИКОвА,+7 9935 13 11,1,КоРм дЛЯ сОбАк,3,1384.88,115.12,canCelLeD,подарок вовремя,31.12.2024,1615717457017077
2030017863484,2024/12/14 02:07:01,ДмиТРИЙ КУзнЕЦов,+7(9541)60-20,4,подПисКа НА ГазЕту,1,541.68,58.32,CANCELLEd,Ждём с нетерпением!,02.12.2024,1888575423244867
2030017863484,2024/12/14 02:07:01,ДмиТРИЙ КУзнЕЦов,+7(9541)60-20,1,КОрм ДлЯ СОБАк,5,2403.63,96.37,cAnCelled,Ждём с нетерпением!,02.12.2024,1888575423244867
2030017863484,2024/12/14 02:07:01,ДмиТРИЙ КУзнЕЦов,+7(9541)60-20,3,аМунИцИя ДЛЯ СОбак,4,3976.2,823.8,cAnCEllEd,Ждём с нетерпением!,02.12.2024,1888575423244867
2030017863484,2024/12/14 02:07:01,ДмиТРИЙ КУзнЕЦов,+7(9541)60-20,4,ПОДписКА нА ГАЗеТУ,2,1066.58,133.42,CanCElled,Ждём с нетерпением!,02.12.2024,1888575423244867
2030017862735,04.12.2024 05:38,ОЛьгА кУЗНецОВА,+7(9351)19-36,1,Корм дЛЯ собаК,3,1477.12,22.88,cOMPLeTED,подарок вовремя,2024-12-31,1792431924757251
2030017862735,04.12.2024 05:38,ОЛьгА кУЗНецОВА,+7(9351)19-36,3,АмуНиЦИя ДЛЯ сОБаК,1,1093.28,106.72,cOmplEtEd,подарок вовремя,2024-12-31,1792431924757251
2030017862735,04.12.2024 05:38,ОЛьгА кУЗНецОВА,+7(9351)19-36,1,корм ДлЯ СобАк,2,881.07,118.93,comPLEted,подарок вовремя,2024-12-31,1792431924757251
2030017862735,04.12.2024 05:38,ОЛьгА кУЗНецОВА,+7(9351)19-36,2,иГРуШКА мяЧ,1,298.8,1.2,CoMPLETeD,подарок вовремя,2024-12-31,1792431924757251
2030017861223,2024-12-05 21:15:37,АлексеЙ миХаЙЛОв,8(9484) 60-18,5,МоЛоКО,2,4844.42,1155.58,pRocESSINg,спасибо за заказ,2024-12-21,1279961049625197
2030017861223,2024-12-05 21:15:37,АлексеЙ миХаЙЛОв,8(9484) 60-18,2,ИГРушКА мЯЧ,2,587.31,12.69,ProCEsSinG,спасибо за заказ,2024-12-21,1279961049625197
2030017861223,2024-12-05 21:15:37,АлексеЙ миХаЙЛОв,8(9484) 60-18,2,ИГруШкА мЯч,4,1198.74,1.26,PRocEssing,спасибо за заказ,2024-12-21,1279961049625197
2030017861223,2024-12-05 21:15:37,АлексеЙ миХаЙЛОв,8(9484) 60-18,3,АмуниЦИЯ для СоБаК,2,2122.17,277.83,pROCESSING,спасибо за заказ,2024-12-21,1279961049625197
2030017860491,2024-12-02 12:18:29,мИХАиЛ ОРлов,+7 9097 65 04,1,КоРм длЯ СобАК,4,1844.92,155.08,COmplEtED,Проверить наличие,28.12.2024,3655429173421496
2030017859110,2024/12/23 20:36:28,ДмитРиЙ куЗНецОВ,+7 9105 08 29,3,аМУниЦия для СобАк,5,4899.82,1100.18,COmPLetED,"Задержка с доставкой, печалька...",2024/12/25,0422911328633572
2030017859110,2024/12/23 20:36:28,ДмитРиЙ куЗНецОВ,+7 9105 08 29,4,ПОдпиСКА на ГАЗету,5,2605.85,394.15,coMpletEd,"Задержка с доставкой, печалька...",2024/12/25,0422911328633572
2030017859110,2024/12/23 20:36:28,ДмитРиЙ куЗНецОВ,+7 9105 08 29,2,ИГРУШКа мЯч,3,846.46,53.54,CompleTED,"Задержка с доставкой, печалька...",2024/12/25,0422911328633572
2030017859110,2024/12/23 20:36:28,ДмитРиЙ куЗНецОВ,+7 9105 08 29,1,коРм Для СОбАК,2,985.77,14.23,cOMPleTEd,"Задержка с доставкой, печалька...",2024/12/25,0422911328633572
2030017859110,2024/12/23 20:36:28,ДмитРиЙ куЗНецОВ,+7 9105 08 29,1,кОрМ для СОБАК,1,402.28,97.72,ComPLEted,"Задержка с доставкой, печалька...",2024/12/25,0422911328633572
2030017858496,30.12.2024 22:11,СЕрГеЙ сидОРОВ,+7(9016)94-27,3,АмуНИцИя ДЛЯ СОбак,3,3587.19,12.81,CAnCELled,Проверить наличие,2024/12/27,9448737267549493
2030017857940,2024-12-01 06:34:09,АлЕксеЙ мИХаЙлОВ,+7 9855 24 83,3,АМунИЦИя ДЛЯ СОбАк,5,5956.99,43.01,CanCELLeD,подарок вовремя,2024-12-07,6656318346843501
2030017857940,2024-12-01 06:34:09,АлЕксеЙ мИХаЙлОВ,+7 9855 24 83,1,кОРм дЛя сОбак,2,842.15,157.85,cANcELlED,подарок вовремя,2024-12-07,6656318346843501
2030017856805,2024/12/20 09:10:06,АНна СмирНОвА,+7(9797)52-81,3,амуниЦИя ДЛя СОбак,1,1023.54,176.46,cANCeLLeD,Всё отлично!,2024-12-12,8362872185161041
2030017856805,2024/12/20 09:10:06,АНна СмирНОвА,+7(9797)52-81,2,иГрУШка мЯч,5,1244.85,255.15,canCeLLed,Всё отлично!,2024-12-12,8362872185161041
2030017856805,2024/12/20 09:10:06,АНна СмирНОвА,+7(9797)52-81,3,АМУНицИЯ ДЛЯ соБаК,1,960.63,239.37,caNCeLled,Всё отлично!,2024-12-12,8362872185161041
2030017856805,2024/12/20 09:10:06,АНна СмирНОвА,+7(9797)52-81,5,МОЛоКО,4,9666.31,2333.69,cANCELLed,Всё отлично!,2024-12-12,8362872185161041
2030017855219,08.12.2024 12:56,аННа сМирНовА,+7(9631)49-73,4,ПОДПиСКа На газЕТу,1,568.17,31.83,PRoCessiNG,Нужно уточнить сроки,2024-12-23,9587438080015754
2030017855219,08.12.2024 12:56,аННа сМирНовА,+7(9631)49-73,2,ИгрушКА мЯЧ,2,532.7,67.3,ProCEsSiNG,Нужно уточнить сроки,2024-12-23,9587438080015754
2030017855219,08.12.2024 12:56,аННа сМирНовА,+7(9631)49-73,1,кОрМ дЛЯ сОБак,4,1724.53,275.47,pRoCeSSing,Нужно уточнить сроки,2024-12-23,9587438080015754
2030017855219,08.12.2024 12:56,аННа сМирНовА,+7(9631)49-73,5,МОлоКО,2,5270.94,729.06,pROCESsinG,Нужно уточнить сроки,2024-12-23,9587438080015754
2030017855219,08.12.2024 12:56,аННа сМирНовА,+7(9631)49-73,2,игРУшКа МяЧ,4,1063.28,136.72,ProCessInG,Нужно уточнить сроки,2024-12-23,9587438080015754
2030017854177,2024/12/18 19:38:14,оЛьГа куЗнЕцОва,8(9717) 18-62,3,аМУНИЦиЯ Для собак,1,1059.23,140.77,pROCEsSiNg,Ждём с нетерпением!,12.12.2024,6337852258432778
2030017854177,2024/12/18 19:38:14,оЛьГа куЗнЕцОва,8(9717) 18-62,5,МОлОко,3,8668.87,331.13,PROceSsiNG,Ждём с нетерпением!,12.12.2024,6337852258432778
2030017853957,2024-12-13 07:23:29,дМИТРий кузнЕцОВ,8(9930) 69-41,1,кОРМ длЯ СоБак,5,2225.74,274.26,prOcEssINg,спасибо за заказ,2024-12-11,7110420481863216
2030017853957,2024-12-13 07:23:29,дМИТРий кузнЕцОВ,8(9930) 69-41,3,аМуниЦИЯ ДЛя СоБАК,2,1992.26,407.74,proceSSinG,спасибо за заказ,2024-12-11,7110420481863216
2030017853957,2024-12-13 07:23:29,дМИТРий кузнЕцОВ,8(9930) 69-41,4,ПоДпИсКа На гаЗЕту,3,1581.71,218.29,PrOcESSIng,спасибо за заказ,2024-12-11,7110420481863216
2030017853957,2024-12-13 07:23:29,дМИТРий кузнЕцОВ,8(9930) 69-41,1,КОРМ дЛя собаК,2,864.48,135.52,pROcESSINg,спасибо за заказ,2024-12-11,7110420481863216
2030017852907,2024/12/17 05:57:21,СЕРгЕй СИДОров,+7 9371 57 65,3,амуНИция для соБАК,1,1196.49,3.51,prOCessinG,Ждём с нетерпением!,2024/12/22,7856237905764251
2030017852907,2024/12/17 05:57:21,СЕРгЕй СИДОров,+7 9371 57 65,2,иГрУшКа мяЧ,5,1408.06,91.94,pRoCeSsInG,Ждём с нетерпением!,2024/12/22,7856237905764251
2030017852907,2024/12/17 05:57:21,СЕРгЕй СИДОров,+7 9371 57 65,2,ИгрушкА мЯЧ,1,240.16,59.84,prOcesSing,Ждём с нетерпением!,2024/12/22,7856237905764251
2030017851660,07.12.2024 07:40,мАрИЯ пеТроВА,+7(9369)49-10,4,ПодпИСкА НА ГАЗЕТУ,4,2388.31,11.69,pRoCessING,Ждём с нетерпением!,2024-12-19,2913672178660098
2030017851660,07.12.2024 07:40,мАрИЯ пеТроВА,+7(9369)49-10,2,иГРушКА МяЧ,5,1338.12,161.88,PRoCEsSING,Ждём с нетерпением!,2024-12-19,2913672178660098
2030017851660,07.12.2024 07:40,мАрИЯ пеТроВА,+7(9369)49-10,2,ИгруШКа МЯЧ,3,896.06,3.94,PRoCeSSing,Ждём с нетерпением!,2024-12-19,2913672178660098
2030017851660,07.12.2024 07:40,мАрИЯ пеТроВА,+7(9369)49-10,4,ПОДПиска на ГАзету,3,1584.54,215.46,ProcessInG,Ждём с нетерпением!,2024-12-19,2913672178660098
2030017850552,19.12.2024 19:01,Ольга кузНЕцова,+7 9154 34 10,1,КОрм дЛя соБАк,5,2307.01,192.99,pRocESsinG,Ждём с нетерпением!,2024-12-29,0327180542598935
2030017850552,19.12.2024 19:01,Ольга кузНЕцова,+7 9154 34 10,5,МоЛОКо,1,2746.78,253.22,procEssinG,Ждём с нетерпением!,2024-12-29,0327180542598935
2030017850552,19.12.2024 19:01,Ольга кузНЕцова,+7 9154 34 10,2,ИГруШка мяч,1,246.27,53.73,PRocESSIng,Ждём с нетерпением!,2024-12-29,0327180542598935
2030017849282,2024/12/02 12:24:03,ИВАн ИваНоВ,8(9650) 25-14,2,игРУШка Мяч,1,259.18,40.82,cAnCeLled,Нужно уточнить сроки,2024/12/16,9712563966493657
2030017849282,2024/12/02 12:24:03,ИВАн ИваНоВ,8(9650) 25-14,4,пОдПИска На ГаЗеТу,3,1623.27,176.73,CANcELlEd,Нужно уточнить сроки,2024/12/16,9712563966493657
2030017849282,2024/12/02 12:24:03,ИВАн ИваНоВ,8(9650) 25-14,5,МОлОкО,1,2927.36,72.64,CaNCELLed,Нужно уточнить сроки,2024/12/16,9712563966493657
2030017849282,2024/12/02 12:24:03,ИВАн ИваНоВ,8(9650) 25-14,2,иГРуШкА мяч,2,506.35,93.65,CanCElLeD,Нужно уточнить сроки,2024/12/16,9712563966493657
2030017849282,2024/12/02 12:24:03,ИВАн ИваНоВ,8(9650) 25-14,4,поДПиСкА НА ГаЗЕТУ,4,2321.8,78.2,CANcelled,Нужно уточнить сроки,2024/12/16,9712563966493657
2030017848184,23.12.2024 21:27,АНнА СМиРнОвА,+7(9553)10-10,4,ПОДпИска НА гАзеТУ,3,1753.51,46.49,caNcelLed,спасибо за заказ,2024-12-07,1291738055234417
2030017847439,2024/12/18 09:47:18,алеКСей миХайЛОв,+7 9560 02 91,4,ПОдПиСКа нА ГаЗеТУ,4,1957.7,442.3,CANcELlED,Ждём с нетерпением!,23.12.2024,8255875892383229
2030017847439,2024/12/18 09:47:18,алеКСей миХайЛОв,+7 9560 02 91,4,подПИСка на гАзеТу,1,547.14,52.86,caNcELled,Ждём с нетерпением!,23.12.2024,8255875892383229
2030017846529,2024-12-15 14:15:43,маРИЯ пЕтроВА,+7 9425 00 97,5,МОЛокО,3,7668.27,1331.73,pROceSSiNG,"Задержка с доставкой, печалька...",13.12.2024,1870990737001870
2030017846529,2024-12-15 14:15:43,маРИЯ пЕтроВА,+7 9425 00 97,4,пОдпиСкА На газЕТУ,3,1682.42,117.58,PROCESsINg,"Задержка с доставкой, печалька...",13.12.2024,1870990737001870
2030017846529,2024-12-15 14:15:43,маРИЯ пЕтроВА,+7 9425 00 97,3,АМУниЦИЯ ДЛя сОбаК,2,2049.71,350.29,proCEsSIng,"Задержка с доставкой, печалька...",13.12.2024,1870990737001870
2030017846529,2024-12-15 14:15:43,маРИЯ пЕтроВА,+7 9425 00 97,4,ПОДПИсКа нА гаЗету,4,2304.63,95.37,pRocESSIng,"Задержка с доставкой, печалька...",13.12.2024,1870990737001870
2030017845638,2024-12-29 18:51:12,ДМИтрИй Кузнецов,8(9136) 59-57,1,кОРм ДЛЯ соБАк,2,822.65,177.35,cOmpLeTed,Нужно уточнить сроки,2024-12-01,6062716587278279
2030017845638,2024-12-29 18:51:12,ДМИтрИй Кузнецов,8(9136) 59-57,4,ПодпиСка НА ГаЗету,1,555.77,44.23,cOMPLETEd,Нужно уточнить сроки,2024-12-01,6062716587278279
2030017844932,2024/12/25 05:58:55,АлЕкСЕЙ МИХайЛОв,8(9883) 81-38,1,коРм для СОбАК,5,2422.45,77.55,cOmpLEted,Ждём с нетерпением!,2024/12/16,3928204363495002
2030017844932,2024/12/25 05:58:55,АлЕкСЕЙ МИХайЛОв,8(9883) 81-38,1,кОрМ ДЛя Собак,3,1316.86,183.14,COMpLEted,Ждём с нетерпением!,2024/12/16,3928204363495002
2030017844932,2024/12/25 05:58:55,АлЕкСЕЙ МИХайЛОв,8(9883) 81-38,1,кОрМ дЛя сОбАк,4,1762.34,237.66,ComPlEtED,Ждём с нетерпением!,2024/12/16,3928204363495002
2030017844932,2024/12/25 05:58:55,АлЕкСЕЙ МИХайЛОв,8(9883) 81-38,3,амУнИциЯ длЯ собАк,2,2151.66,248.34,cOMPLETed,Ждём с нетерпением!,2024/12/16,3928204363495002
2030017844932,2024/12/25 05:58:55,АлЕкСЕЙ МИХайЛОв,8(9883) 81-38,5,МолокО,5,13674.99,1325.01,COMplETed,Ждём с нетерпением!,2024/12/16,3928204363495002
2030017843466,27.12.2024 23:23,елЕна ноВИкова,8(9669) 57-47,4,пОдПисКА На ГАзЕТУ,5,2581.42,418.58,PROcEsSiNG,Ждём с нетерпением!,2024/12/18,9774766868217280
2030017843466,27.12.2024 23:23,елЕна ноВИкова,8(9669) 57-47,1,КоРм ДЛЯ соБаК,5,2239.69,260.31,PROCEssInG,Ждём с нетерпением!,2024/12/18,9774766868217280
2030017842217,23.12.2024 22:10,оЛЬга КУЗнЕЦОВа,+7 9620 26 50,2,ИгРушКа мяЧ,1,242.9,57.1,COmPLeTed,подарок вовремя,19.12.2024,2240842246404151
2030017841961,10.12.2024 09:31,аННА СМИРнОва,+7(9209)06-28,1,корМ ДЛя собак,2,902.83,97.17,prOCeSsiNG,Всё отлично!,2024-12-01,5237048147383827
2030017840262,2024-12-02 11:57:15,дМитрИЙ КУзНЕцоВ,8(9579) 82-11,4,ПоДПИСкА НА ГаЗЕТУ,4,2214.16,185.84,PROCESsiNG,Всё отлично!,2024/12/19,5009987233428991
2030017840262,2024-12-02 11:57:15,дМитрИЙ КУзНЕцоВ,8(9579) 82-11,1,коРМ ДлЯ СОБаК,4,1979.3,20.7,PrOcESsiNg,Всё отлично!,2024/12/19,5009987233428991
2030017840262,2024-12-02 11:57:15,дМитрИЙ КУзНЕцоВ,8(9579) 82-11,4,ПОДПИСкА НА ГазеТУ,3,1504.01,295.99,PRocessiNg,Всё отлично!,2024/12/19,5009987233428991
2030017839415,2024/12/01 23:29:47,анна СмиРНовА,+7(9453)12-47,1,КоРМ дЛя СОБАк,1,482.28,17.72,prOCESSInG,подарок вовремя,2024-12-09,4879542420790801
2030017839415,2024/12/01 23:29:47,анна СмиРНовА,+7(9453)12-47,3,амУНициЯ для собАк,4,4713.71,86.29,PROCEsSIng,подарок вовремя,2024-12-09,4879542420790801
2030017838822,2024/12/02 23:00:34,СЕРГЕй СИдОров,+7 9171 13 97,4,ПоДПИСка на ГАЗЕтУ,4,1947.27,452.73,PrOceSsINg,спасибо за заказ,27.12.2024,3375915990748618
2030017838822,2024/12/02 23:00:34,СЕРГЕй СИдОров,+7 9171 13 97,5,молокО,5,13841.79,1158.21,ProcEsSiNG,спасибо за заказ,27.12.2024,3375915990748618
2030017838822,2024/12/02 23:00:34,СЕРГЕй СИдОров,+7 9171 13 97,1,Корм длЯ сОбаК,5,2253.43,246.57,ProCEsSiNg,спасибо за заказ,27.12.2024,3375915990748618
2030017838822,2024/12/02 23:00:34,СЕРГЕй СИдОров,+7 9171 13 97,5,моЛОко,5,14695.19,304.81,ProceSSIng,спасибо за заказ,27.12.2024,3375915990748618
2030017838822,2024/12/02 23:00:34,СЕРГЕй СИдОров,+7 9171 13 97,2,ИГрУшКА мяч,2,577.67,22.33,PRoCessing,спасибо за заказ,27.12.2024,3375915990748618
2030017837739,2024-12-22 04:29:56,сЕрГЕй СидОРОв,8(9273) 87-85,5,МоЛОкО,5,13706.58,1293.42,cOmPlEtEd,подарок вовремя,2024/12/06,2163415318217738
2030017837739,2024-12-22 04:29:56,сЕрГЕй СидОРОв,8(9273) 87-85,3,АМУНИЦИя ДЛЯ СОбаК,2,2069.1,330.9,ComplETeD,подарок вовремя,2024/12/06,2163415318217738
2030017837739,2024-12-22 04:29:56,сЕрГЕй СидОРОв,8(9273) 87-85,1,коРМ дЛя СоБаК,5,2170.16,329.84,cOmpLeTEd,подарок вовремя,2024/12/06,2163415318217738
2030017837739,2024-12-22 04:29:56,сЕрГЕй СидОРОв,8(9273) 87-85,4,ПОдпИСКА НА гАЗЕТУ,4,2339.23,60.77,ComPleTEd,подарок вовремя,2024/12/06,2163415318217738
2030017837739,2024-12-22 04:29:56,сЕрГЕй СидОРОв,8(9273) 87-85,4,ПОдПисКА На гаЗЕтУ,1,507.98,92.02,compLetED,подарок вовремя,2024/12/06,2163415318217738
2030017836691,2024-12-13 22:20:06,анНа смиРноВА,+7(9748)85-77,2,ИгрушкА мЯч,5,1345.87,154.13,completED,спасибо за заказ,2024-12-14,6644346700406180
2030017835324,30.12.2024 15:46,ЕлЕнА НОВИкОВа,+7 9183 28 88,1,КОРМ для сОбАК,2,806.49,193.51,cANceLLed,Нужно уточнить сроки,2024-12-11,8701352156637672
2030017834463,30.12.2024 02:43,СЕрГей СИдОРОВ,+7(9746)77-13,2,иГРушкА мяч,3,831.81,68.19,CanCeLLED,Проверить наличие,2024-12-30,9017570845327972
2030017834463,30.12.2024 02:43,СЕрГей СИдОРОВ,+7(9746)77-13,4,ПОДписка НА газеТу,4,2268.92,131.08,canCElleD,Проверить наличие,2024-12-30,9017570845327972
2030017833557,07.12.2024 13:52,АнНА СмирНОвА,+7(9468)42-09,5,МОЛоко,3,8556.38,443.62,pRocESsinG,Ждём с нетерпением!,10.12.2024,8373007718063414
2030017833557,07.12.2024 13:52,АнНА СмирНОвА,+7(9468)42-09,4,пОДпискА На ГАЗЕту,2,995.38,204.62,PrOCeSSing,Ждём с нетерпением!,10.12.2024,8373007718063414
2030017832629,2024-12-23 18:52:21,ОЛЬГА КУзнецова,+7(9482)49-71,2,иГРуШКа МЯч,3,818.91,81.09,pRocEsSINg,Ждём с нетерпением!,2024-12-12,9255416042916255
2030017831316,2024/12/17 02:28:03,аННА смИрнОВА,8(9785) 65-27,5,МОЛОко,1,2498.62,501.38,prOcESSiNg,Проверить наличие,2024/12/16,5966320700690294
2030017831316,2024/12/17 02:28:03,аННА смИрнОВА,8(9785) 65-27,1,корм длЯ СобАк,3,1237.05,262.95,PRoCEssInG,Проверить наличие,2024/12/16,5966320700690294
2030017831316,2024/12/17 02:28:03,аННА смИрнОВА,8(9785) 65-27,3,АМУницИЯ длЯ сОбаК,4,4431.29,368.71,ProcessinG,Проверить наличие,2024/12/16,5966320700690294
2030017831316,2024/12/17 02:28:03,аННА смИрнОВА,8(9785) 65-27,2,игрУшкА Мяч,2,547.72,52.28,PRocEsSinG,Проверить наличие,2024/12/16,5966320700690294
2030017830408,2024/12/14 08:02:47,ДмИТРиЙ кУзнеЦоВ,+7 9603 32 74,2,игруШкА мЯЧ,4,1139.49,60.51,ComPlEtED,Нужно уточнить сроки,30.12.2024,7120206403816780
2030017830408,2024/12/14 08:02:47,ДмИТРиЙ кУзнеЦоВ,+7 9603 32 74,5,МОлоКО,3,8833.6,166.4,COmPLeteD,Нужно уточнить сроки,30.12.2024,7120206403816780
2030017829535,29.12.2024 16:27,нАТАлЬЯ василЬева,8(9822) 17-49,1,корМ ДЛЯ СОБАк,4,1729.64,270.36,cOmpLetED,"Задержка с доставкой, печалька...",10.12.2024,3262321749103786
2030017829535,29.12.2024 16:27,нАТАлЬЯ василЬева,8(9822) 17-49,4,ПОДпИСкА нА гАзетУ,3,1624.73,175.27,COmPLEteD,"Задержка с доставкой, печалька...",10.12.2024,3262321749103786
2030017829535,29.12.2024 16:27,нАТАлЬЯ василЬева,8(9822) 17-49,5,мОлоКО,3,7261.57,1738.43,ComplETed,"Задержка с доставкой, печалька...",10.12.2024,3262321749103786
2030017829535,29.12.2024 16:27,нАТАлЬЯ василЬева,8(9822) 17-49,3,АМунИциЯ длЯ соБАК,5,5809.98,190.02,cOmPlEted,"Задержка с доставкой, печалька...",10.12.2024,3262321749103786
2030017828558,2024/12/19 07:21:35,оЛьГА КуЗНеЦОВа,8(9118) 90-31,4,ПОдПИСКа на ГАзЕТУ,3,1466.82,333.18,CoMpletEd,Нужно уточнить сроки,2024-12-08,2166979079393766
2030017828558,2024/12/19 07:21:35,оЛьГА КуЗНеЦОВа,8(9118) 90-31,5,МолОКо,2,5226.15,773.85,cOmPLETeD,Нужно уточнить сроки,2024-12-08,2166979079393766
2030017827759,2024/12/01 18:28:12,иВан ИвАНОВ,8(9272) 43-10,1,КОрм дЛЯ СобАк,1,489.1,10.9,CANCeLled,Ждём с нетерпением!,2024-12-19,5614590683852055
2030017827759,2024/12/01 18:28:12,иВан ИвАНОВ,8(9272) 43-10,2,игрУшКа Мяч,1,253.03,46.97,cANCeLlEd,Ждём с нетерпением!,2024-12-19,5614590683852055
2030017827759,2024/12/01 18:28:12,иВан ИвАНОВ,8(9272) 43-10,5,МоЛОкО,3,8208.1,791.9,canceLLED,Ждём с нетерпением!,2024-12-19,5614590683852055
2030017827759,2024/12/01 18:28:12,иВан ИвАНОВ,8(9272) 43-10,5,мОЛОкО,3,7513.23,1486.77,CANCElleD,Ждём с нетерпением!,2024-12-19,5614590683852055
2030017826110,2024-12-05 14:27:26,еленА НовИкоВа,+7 9897 27 99,4,поДПИСкА нА гаЗЕТУ,2,1012.06,187.94,processING,Ждём с нетерпением!,18.12.2024,7852027797658410
2030017825438,19.12.2024 17:09,АннА сМИРновА,+7(9093)67-62,4,поДпиСКа НА гАзЕТу,5,2495.99,504.01,pRocEssINg,подарок вовремя,2024/12/18,8742464964436742
2030017825438,19.12.2024 17:09,АннА сМИРновА,+7(9093)67-62,1,Корм ДЛЯ СОбАк,3,1453.75,46.25,PROcESSINg,подарок вовремя,2024/12/18,8742464964436742
2030017825438,19.12.2024 17:09,АннА сМИРновА,+7(9093)67-62,2,игРУШкА мЯЧ,1,263.5,36.5,pROcessINg,подарок вовремя,2024/12/18,8742464964436742
2030017825438,19.12.2024 17:09,АннА сМИРновА,+7(9093)67-62,5,МОлокО,4,10457.36,1542.64,pRocESsING,подарок вовремя,2024/12/18,8742464964436742
2030017825438,19.12.2024 17:09,АннА сМИРновА,+7(9093)67-62,1,кОРм длЯ собАк,5,2134.64,365.36,pRoCeSsInG,подарок вовремя,2024/12/18,8742464964436742
2030017824364,2024-12-16 07:00:07,ОльГа куЗНЕЦОва,8(9580) 57-06,2,ИгРуШКа МЯч,3,840.86,59.14,cAnCElleD,Проверить наличие,2024-12-29,6328960188123247
2030017824364,2024-12-16 07:00:07,ОльГа куЗНЕЦОва,8(9580) 57-06,3,амУниЦИя длЯ сОбаК,4,4085.15,714.85,CanCelLEd,Проверить наличие,2024-12-29,6328960188123247
2030017824364,2024-12-16 07:00:07,ОльГа куЗНЕЦОва,8(9580) 57-06,5,мОЛОкО,5,14193.93,806.07,CANcellEd,Проверить наличие,2024-12-29,6328960188123247
2030017823281,2024-12-18 21:16:30,дМитрИЙ КуЗНеЦОв,8(9653) 14-55,5,мОЛОкО,5,12343.75,2656.25,CANCELled,"Задержка с доставкой, печалька...",30.12.2024,4660602537523886
2030017823281,2024-12-18 21:16:30,дМитрИЙ КуЗНеЦОв,8(9653) 14-55,4,поДпИСкА На гаЗЕту,1,488.26,111.74,cANCeLLed,"Задержка с доставкой, печалька...",30.12.2024,4660602537523886
2030017822937,2024/12/25 13:56:32,СеРГеЙ СИдОРов,8(9535) 83-66,3,амУнИЦиЯ ДЛя СОбаК,3,3422.21,177.79,completED,"Задержка с доставкой, печалька...",2024/12/29,8103543009162759
2030017822937,2024/12/25 13:56:32,СеРГеЙ СИдОРов,8(9535) 83-66,5,моЛоКо,4,9748.93,2251.07,COmPlETED,"Задержка с доставкой, печалька...",2024/12/29,8103543009162759
2030017821611,2024-12-28 18:30:29,МАРИя ПеТрОВА,+7(9280)56-46,3,амУнИЦия дЛя СОБАк,2,1925.87,474.13,PRoCESSIng,Проверить наличие,2024/12/12,2758715593828631
2030017821611,2024-12-28 18:30:29,МАРИя ПеТрОВА,+7(9280)56-46,4,ПОДПИсКА На гАЗЕТу,1,528.96,71.04,prOcessiNG,Проверить наличие,2024/12/12,2758715593828631
2030017821611,2024-12-28 18:30:29,МАРИя ПеТрОВА,+7(9280)56-46,1,кОРМ Для соБак,5,2245.98,254.02,ProCESSING,Проверить наличие,2024/12/12,2758715593828631
2030017821611,2024-12-28 18:30:29,МАРИя ПеТрОВА,+7(9280)56-46,1,КоРМ для СОбак,3,1409.37,90.63,PROCessINg,Проверить наличие,2024/12/12,2758715593828631
2030017820417,2024/12/02 03:22:01,ОЛьГа куЗНецовА,+7(9407)16-79,3,АМуНИциЯ ДЛЯ сОБак,2,1955.79,444.21,coMPletED,спасибо за заказ,2024-12-29,3794090029575813
2030017820417,2024/12/02 03:22:01,ОЛьГа куЗНецовА,+7(9407)16-79,1,КорМ ДЛя СоБак,3,1250.5,249.5,ComPLEtEd,спасибо за заказ,2024-12-29,3794090029575813
2030017820417,2024/12/02 03:22:01,ОЛьГа куЗНецовА,+7(9407)16-79,5,МоЛоКО,2,5323.92,676.08,comPLeted,спасибо за заказ,2024-12-29,3794090029575813
2030017820417,2024/12/02 03:22:01,ОЛьГа куЗНецовА,+7(9407)16-79,3,АмуницИя для СобАК,2,2127.25,272.75,CoMpLEtED,спасибо за заказ,2024-12-29,3794090029575813
2030017820417,2024/12/02 03:22:01,ОЛьГа куЗНецовА,+7(9407)16-79,5,молоко,4,10006.77,1993.23,COMpLEteD,спасибо за заказ,2024-12-29,3794090029575813
2030017819403,2024-12-01 16:46:50,ольГА кузнецОвА,8(9743) 99-06,1,КОРМ для СоБаК,2,808.0,192.0,caNceLLed,подарок вовремя,05.12.2024,4895657565168046
2030017819403,2024-12-01 16:46:50,ольГА кузнецОвА,8(9743) 99-06,5,МоЛоко,3,7319.59,1680.41,cAncELLED,подарок вовремя,05.12.2024,4895657565168046
2030017819403,2024-12-01 16:46:50,ольГА кузнецОвА,8(9743) 99-06,2,иГрушКА мЯЧ,1,242.28,57.72,CaNcELleD,подарок вовремя,05.12.2024,4895657565168046
2030017819403,2024-12-01 16:46:50,ольГА кузнецОвА,8(9743) 99-06,4,подПиСка нА гаЗетУ,4,1938.44,461.56,CanceLlED,подарок вовремя,05.12.2024,4895657565168046
2030017819403,2024-12-01 16:46:50,ольГА кузнецОвА,8(9743) 99-06,3,АмуницИя ДЛя СОБАК,3,3317.22,282.78,caNCELleD,подарок вовремя,05.12.2024,4895657565168046
2030017818607,2024/12/04 02:37:28,олЬгА КУЗнЕЦОва,8(9701) 01-33,3,амунИциЯ дЛЯ СоБАК,5,5708.31,291.69,ComPLETEd,подарок вовремя,24.12.2024,4523599319064388
2030017818607,2024/12/04 02:37:28,олЬгА КУЗнЕЦОва,8(9701) 01-33,5,МОЛОКо,1,2873.23,126.77,COMPLetEd,подарок вовремя,24.12.2024,4523599319064388
2030017818607,2024/12/04 02:37:28,олЬгА КУЗнЕЦОва,8(9701) 01-33,1,корм дЛя СобАк,4,1869.5,130.5,cOMPleTed,подарок вовремя,24.12.2024,4523599319064388
2030017818607,2024/12/04 02:37:28,олЬгА КУЗнЕЦОва,8(9701) 01-33,5,МОЛОко,5,14034.81,965.19,coMPLETEd,подарок вовремя,24.12.2024,4523599319064388
2030017817727,2024-12-30 01:22:14,АННА смИРНОВА,8(9917) 12-12,1,КОРм для СОбАк,3,1201.78,298.22,cOMPLETed,Проверить наличие,22.12.2024,3808110182209773
2030017817727,2024-12-30 01:22:14,АННА смИРНОВА,8(9917) 12-12,1,Корм длЯ СОБАК,2,886.03,113.97,cOmPLeTed,Проверить наличие,22.12.2024,3808110182209773
2030017817727,2024-12-30 01:22:14,АННА смИРНОВА,8(9917) 12-12,2,ИГРушкА мяЧ,2,541.32,58.68,CoMplETeD,Проверить наличие,22.12.2024,3808110182209773
2030017817727,2024-12-30 01:22:14,АННА смИРНОВА,8(9917) 12-12,4,подПиска нА ГАзЕТу,5,2538.83,461.17,comPlEtED,Проверить наличие,22.12.2024,3808110182209773
2030017817727,2024-12-30 01:22:14,АННА смИРНОВА,8(9917) 12-12,2,ИГрушкА Мяч,2,567.1,32.9,coMplEtEd,Проверить наличие,22.12.2024,3808110182209773
2030017816482,31.12.2024 04:28,миХаил ОрлОв,+7(9297)27-61,3,аМуницИя дЛЯ СОБак,2,2293.62,106.38,cANcelLEd,"Задержка с доставкой, печалька...",2024/12/21,8546464841744272
2030017816482,31.12.2024 04:28,миХаил ОрлОв,+7(9297)27-61,4,пОДПИсКа На газЕту,3,1537.63,262.37,caNcELleD,"Задержка с доставкой, печалька...",2024/12/21,8546464841744272
2030017816482,31.12.2024 04:28,миХаил ОрлОв,+7(9297)27-61,2,иГруШка мяЧ,1,247.57,52.43,CaNcElLeD,"Задержка с доставкой, печалька...",2024/12/21,8546464841744272
2030017816482,31.12.2024 04:28,миХаил ОрлОв,+7(9297)27-61,1,кОрМ дЛЯ СобАк,1,425.8,74.2,CAnceLLEd,"Задержка с доставкой, печалька...",2024/12/21,8546464841744272
2030017815911,2024/12/01 12:36:52,дМИтРий кУзНеЦОв,8(9652) 98-50,5,МоЛоКО,3,8889.97,110.03,ComPlEtEd,Нужно уточнить сроки,2024/12/05,1306041310597668
2030017815911,2024/12/01 12:36:52,дМИтРий кУзНеЦОв,8(9652) 98-50,3,АмУнИцИя Для СоБАк,2,2063.18,336.82,compleTEd,Нужно уточнить сроки,2024/12/05,1306041310597668
2030017815911,2024/12/01 12:36:52,дМИтРий кУзНеЦОв,8(9652) 98-50,2,игрУШкА МяЧ,3,733.82,166.18,coMPleteD,Нужно уточнить сроки,2024/12/05,1306041310597668
2030017814626,2024/12/20 14:45:15,елЕнА НОВИкОВа,+7(9569)28-98,2,ИГРушкА мЯч,4,1058.8,141.2,coMPLeTeD,"Задержка с доставкой, печалька...",2024-12-25,9292651731848355
2030017814626,2024/12/20 14:45:15,елЕнА НОВИкОВа,+7(9569)28-98,3,АмУНИция длЯ соБак,5,5449.4,550.6,comPlEteD,"Задержка с доставкой, печалька...",2024-12-25,9292651731848355
2030017814626,2024/12/20 14:45:15,елЕнА НОВИкОВа,+7(9569)28-98,2,игруШка мЯч,4,1174.25,25.75,COmPLeteD,"Задержка с доставкой, печалька...",2024-12-25,9292651731848355
2030017813952,30.12.2024 23:44,ИВАн Иванов,8(9812) 32-67,1,корм ДлЯ СОбак,4,1653.35,346.65,COMpLETEd,Нужно уточнить сроки,22.12.2024,7931410368200203
2030017813952,30.12.2024 23:44,ИВАн Иванов,8(9812) 32-67,1,КорМ ДлЯ соБаК,4,1798.35,201.65,ComPLETED,Нужно уточнить сроки,22.12.2024,7931410368200203
2030017813952,30.12.2024 23:44,ИВАн Иванов,8(9812) 32-67,1,кОрм длЯ СоБак,1,411.08,88.92,COMpLetED,Нужно уточнить сроки,22.12.2024,7931410368200203
2030017813952,30.12.2024 23:44,ИВАн Иванов,8(9812) 32-67,5,МоЛОкО,2,5518.58,481.42,CoMpLEtEd,Нужно уточнить сроки,22.12.2024,7931410368200203
2030017812991,2024-12-07 18:32:31,АннА СмИРНОвА,8(9896) 22-87,2,ИГрушкА мяч,4,1063.97,136.03,CANceLLED,Ждём с нетерпением!,12.12.2024,7464588250913858
2030017812991,2024-12-07 18:32:31,АннА СмИРНОвА,8(9896) 22-87,1,КорМ длЯ сОБак,2,828.24,171.76,cAncellEd,Ждём с нетерпением!,12.12.2024,7464588250913858
2030017812991,2024-12-07 18:32:31,АннА СмИРНОвА,8(9896) 22-87,2,иГРУШКА мЯч,5,1305.72,194.28,CancElLed,Ждём с нетерпением!,12.12.2024,7464588250913858
2030017812991,2024-12-07 18:32:31,АннА СмИРНОвА,8(9896) 22-87,2,иГРуШка МЯч,2,510.4,89.6,CAncelLED,Ждём с нетерпением!,12.12.2024,7464588250913858
2030017812991,2024-12-07 18:32:31,АннА СмИРНОвА,8(9896) 22-87,4,ПодпИсКа НА гАзЕТу,4,2076.47,323.53,caNceLLed,Ждём с нетерпением!,12.12.2024,7464588250913858
2030017811483,2024/12/17 18:52:17,МарИя ПЕтроВА,+7 9607 52 39,4,подпиСКа на гАзЕТу,2,1185.63,14.37,cOmPLeteD,спасибо за заказ,2024/12/04,5708398600975855
2030017811483,2024/12/17 18:52:17,МарИя ПЕтроВА,+7 9607 52 39,3,аМУнИцИЯ для СоБАК,1,1110.49,89.51,coMPLEteD,спасибо за заказ,2024/12/04,5708398600975855
2030017810934,09.12.2024 22:15,ОлЬГа КУЗнЕцоВа,+7 9703 24 75,4,поДПиСка нА ГАЗетУ,5,2631.72,368.28,COmPLeted,спасибо за заказ,2024-12-24,4138856137286681
2030017810934,09.12.2024 22:15,ОлЬГа КУЗнЕцоВа,+7 9703 24 75,5,МолОкО,3,8187.06,812.94,cOMPlEted,спасибо за заказ,2024-12-24,4138856137286681
2030017810934,09.12.2024 22:15,ОлЬГа КУЗнЕцоВа,+7 9703 24 75,2,ИГРУШкА мяч,5,1415.42,84.58,CoMpLETED,спасибо за заказ,2024-12-24,4138856137286681
2030017809681,05.12.2024 22:25,алекСеЙ михайЛОв,+7 9141 97 11,2,ИгРУШка мяЧ,4,1143.3,56.7,CaNCeLLed,Нужно уточнить сроки,01.12.2024,0464775675860633
2030017808169,2024-12-26 17:57:39,НАТальЯ Васильева,8(9183) 22-36,2,ИгруШка МяЧ,3,722.97,177.03,CANcElLeD,подарок вовремя,16.12.2024,0867412399912291
2030017808169,2024-12-26 17:57:39,НАТальЯ Васильева,8(9183) 22-36,2,ИгрУшКА Мяч,4,1086.86,113.14,CANCellEd,подарок вовремя,16.12.2024,0867412399912291
2030017808169,2024-12-26 17:57:39,НАТальЯ Васильева,8(9183) 22-36,2,игРуШКа мЯЧ,2,562.04,37.96,CAnCeLLED,подарок вовремя,16.12.2024,0867412399912291
2030017808169,2024-12-26 17:57:39,НАТальЯ Васильева,8(9183) 22-36,5,мОЛоКО,2,5578.19,421.81,CancElled,подарок вовремя,16.12.2024,0867412399912291
2030017807846,05.12.2024 08:23,иван иваНов,+7 9362 53 33,2,иГруШКа мЯЧ,5,1357.0,143.0,CAnCeLLed,"Задержка с доставкой, печалька...",21.12.2024,2070729742655156
2030017807846,05.12.2024 08:23,иван иваНов,+7 9362 53 33,5,мОлоко,3,7840.17,1159.83,cancelled,"Задержка с доставкой, печалька...",21.12.2024,2070729742655156
2030017807846,05.12.2024 08:23,иван иваНов,+7 9362 53 33,4,пОДписКА НА ГАзеТУ,3,1749.48,50.52,cAncelLed,"Задержка с доставкой, печалька...",21.12.2024,2070729742655156
2030017807846,05.12.2024 08:23,иван иваНов,+7 9362 53 33,4,ПоДПИСКа На гаЗЕТУ,3,1467.83,332.17,CAnceLLed,"Задержка с доставкой, печалька...",21.12.2024,2070729742655156
2030017807846,05.12.2024 08:23,иван иваНов,+7 9362 53 33,2,ИГРуШка мЯч,4,1142.97,57.03,canceLleD,"Задержка с доставкой, печалька...",21.12.2024,2070729742655156
2030017806812,2024-12-23 11:24:24,АНна смИрнОва,8(9231) 45-01,4,подПИсКА На ГазЕТУ,1,596.48,3.52,cAnCElLEd,подарок вовремя,28.12.2024,2539529187650087
2030017806812,2024-12-23 11:24:24,АНна смИрнОва,8(9231) 45-01,1,Корм ДЛя СОБак,1,482.24,17.76,CaNCElLeD,подарок вовремя,28.12.2024,2539529187650087
2030017806812,2024-12-23 11:24:24,АНна смИрнОва,8(9231) 45-01,1,КОРМ дЛЯ СОбаК,4,1973.29,26.71,CaNCElLEd,подарок вовремя,28.12.2024,2539529187650087
2030017806812,2024-12-23 11:24:24,АНна смИрнОва,8(9231) 45-01,3,амунИция длЯ СобАК,4,4261.9,538.1,caNCelled,подарок вовремя,28.12.2024,2539529187650087
2030017806812,2024-12-23 11:24:24,АНна смИрнОва,8(9231) 45-01,4,подПиСКа на ГаЗету,1,508.64,91.36,CAnCEllED,подарок вовремя,28.12.2024,2539529187650087
2030017805667,2024-12-07 15:08:12,иВАн иВАНов,+7 9947 27 10,1,КОРМ ДЛя СОбАК,5,2094.44,405.56,ComPLEtED,Нужно уточнить сроки,2024/12/11,8997361462464117
2030017805667,2024-12-07 15:08:12,иВАн иВАНов,+7 9947 27 10,3,АмУНИциЯ дЛЯ СоБак,3,3150.09,449.91,cOMPLetEd,Нужно уточнить сроки,2024/12/11,8997361462464117
2030017805667,2024-12-07 15:08:12,иВАн иВАНов,+7 9947 27 10,1,КорМ ДЛЯ СОбАК,4,1691.9,308.1,cOmpLetED,Нужно уточнить сроки,2024/12/11,8997361462464117
2030017804879,2024-12-28 12:33:11,ЕлЕнА НОВИКОвА,8(9664) 92-19,3,амунициЯ ДЛЯ СОбАК,4,3959.3,840.7,CaNCeLLEd,подарок вовремя,2024-12-27,5076821625252304
2030017804879,2024-12-28 12:33:11,ЕлЕнА НОВИКОвА,8(9664) 92-19,5,моЛОкО,4,9746.13,2253.87,caNcellEd,подарок вовремя,2024-12-27,5076821625252304
2030017804879,2024-12-28 12:33:11,ЕлЕнА НОВИКОвА,8(9664) 92-19,1,КОРМ Для соБАК,1,418.98,81.02,caNCELLeD,подарок вовремя,2024-12-27,5076821625252304
2030017804879,2024-12-28 12:33:11,ЕлЕнА НОВИКОвА,8(9664) 92-19,5,мОЛокО,1,2755.98,244.02,caNceLleD,подарок вовремя,2024-12-27,5076821625252304
2030017804879,2024-12-28 12:33:11,ЕлЕнА НОВИКОвА,8(9664) 92-19,5,МОЛОКО,2,5917.24,82.76,caNceLled,подарок вовремя,2024-12-27,5076821625252304
2030017803203,2024/12/16 03:21:14,МаРия пеТРОВА,+7 9131 61 77,2,иГРуШкА Мяч,2,593.64,6.36,cancELLED,спасибо за заказ,04.12.2024,7371963144376295
2030017802732,2024/12/16 20:56:46,иВАн иваНОв,+7(9087)62-90,3,АМУНицИя Для СобАК,2,2252.32,147.68,PRoCESsiNG,"Задержка с доставкой, печалька...",2024/12/08,6165906773146840
2030017802732,2024/12/16 20:56:46,иВАн иваНОв,+7(9087)62-90,2,игРУШка мЯч,4,984.88,215.12,pRoCeSSiNg,"Задержка с доставкой, печалька...",2024/12/08,6165906773146840
2030017802732,2024/12/16 20:56:46,иВАн иваНОв,+7(9087)62-90,1,КоРМ длЯ сОБАК,4,1946.96,53.04,prOCEssInG,"Задержка с доставкой, печалька...",2024/12/08,6165906773146840
2030017802732,2024/12/16 20:56:46,иВАн иваНОв,+7(9087)62-90,5,мОлоКо,3,7215.28,1784.72,pRoceSSInG,"Задержка с доставкой, печалька...",2024/12/08,6165906773146840
2030017801576,2024-12-17 22:10:58,аЛЕксеЙ миХАйЛОв,+7 9412 48 61,4,подПиСка нА ГАзЕТу,4,2381.66,18.34,PrOcessing,подарок вовремя,2024-12-23,3922065921373944
2030017801576,2024-12-17 22:10:58,аЛЕксеЙ миХАйЛОв,+7 9412 48 61,5,молОКо,5,12695.11,2304.89,PrOCEsSing,подарок вовремя,2024-12-23,3922065921373944
2030017801576,2024-12-17 22:10:58,аЛЕксеЙ миХАйЛОв,+7 9412 48 61,2,игрУшКа мяЧ,3,783.4,116.6,ProCeSsING,подарок вовремя,2024-12-23,3922065921373944
2030017800263,2024/12/20 17:47:08,НатаЛЬЯ ВаСИлЬеВа,8(9131) 45-28,4,ПОДпИсКА НА ГазеТУ,2,1161.21,38.79,prOCesSINg,Нужно уточнить сроки,2024-12-19,5848558717177506
2030017799567,2024-12-30 23:33:20,ЕленА нОВИкОВа,+7(9728)75-99,3,аМунИЦия дЛя СОБАК,5,5205.3,794.7,cOmPletEd,Ждём с нетерпением!,2024/12/07,5812272603300515
2030017799567,2024-12-30 23:33:20,ЕленА нОВИкОВа,+7(9728)75-99,3,аМУНиЦИя Для сОБак,2,1974.34,425.66,cOmplEtEd,Ждём с нетерпением!,2024/12/07,5812272603300515
2030017799567,2024-12-30 23:33:20,ЕленА нОВИкОВа,+7(9728)75-99,3,амуНИЦИя дЛя сОБак,5,5642.05,357.95,cOmPLetED,Ждём с нетерпением!,2024/12/07,5812272603300515
2030017798168,10.12.2024 01:19,аЛЕКСеЙ миХайЛОв,+7 9836 14 70,2,игрУШкА МЯЧ,5,1338.85,161.15,cOMplETeD,подарок вовремя,2024/12/29,0378921440906555
2030017797124,2024/12/28 21:39:12,натАлЬЯ ВаСИЛЬЕВа,+7(9211)18-99,3,АмуниЦИЯ длЯ СоБаК,3,3004.3,595.7,ProcESSING,"Задержка с доставкой, печалька...",2024-12-04,8360808542185665
2030017797124,2024/12/28 21:39:12,натАлЬЯ ВаСИЛЬЕВа,+7(9211)18-99,5,МОлОко,1,2733.92,266.08,PROCessinG,"Задержка с доставкой, печалька...",2024-12-04,8360808542185665
2030017797124,2024/12/28 21:39:12,натАлЬЯ ВаСИЛЬЕВа,+7(9211)18-99,1,КОРМ Для СОбАк,2,857.83,142.17,PrOcESsINg,"Задержка с доставкой, печалька...",2024-12-04,8360808542185665
2030017797124,2024/12/28 21:39:12,натАлЬЯ ВаСИЛЬЕВа,+7(9211)18-99,2,игрушКА мяч,5,1332.82,167.18,PRoceSSInG,"Задержка с доставкой, печалька...",2024-12-04,8360808542185665
2030017797124,2024/12/28 21:39:12,натАлЬЯ ВаСИЛЬЕВа,+7(9211)18-99,3,амУнИЦИя ДлЯ Собак,5,4858.83,1141.17,prOceSSinG,"Задержка с доставкой, печалька...",2024-12-04,8360808542185665
2030017796796,16.12.2024 16:25,михАИЛ ОРлоВ,8(9969) 84-55,1,коРм ДлЯ СоБАк,3,1407.97,92.03,procESSing,"Задержка с доставкой, печалька...",2024-12-21,8629957124797510
2030017796796,16.12.2024 16:25,михАИЛ ОРлоВ,8(9969) 84-55,5,молокО,5,12169.46,2830.54,processINg,"Задержка с доставкой, печалька...",2024-12-21,8629957124797510
2030017796796,16.12.2024 16:25,михАИЛ ОРлоВ,8(9969) 84-55,5,МолоКо,3,7721.57,1278.43,processIng,"Задержка с доставкой, печалька...",2024-12-21,8629957124797510
2030017796796,16.12.2024 16:25,михАИЛ ОРлоВ,8(9969) 84-55,5,МОЛОко,4,10039.37,1960.63,PROcESSiNg,"Задержка с доставкой, печалька...",2024-12-21,8629957124797510
2030017796796,16.12.2024 16:25,михАИЛ ОРлоВ,8(9969) 84-55,2,иГрушка мЯч,3,899.25,0.75,proCessING,"Задержка с доставкой, печалька...",2024-12-21,8629957124797510
2030017795155,01.12.2024 09:28,аннА смИРнОвА,8(9552) 95-34,4,ПОдпИска на гАЗеТУ,2,997.71,202.29,CoMPleTEd,Всё отлично!,2024-12-15,1777977294999424
2030017795155,01.12.2024 09:28,аннА смИРнОвА,8(9552) 95-34,5,МОлоко,4,10050.32,1949.68,COmplETEd,Всё отлично!,2024-12-15,1777977294999424
2030017794681,2024/12/23 19:34:08,АнНА сМИрноВа,+7(9107)03-09,5,моЛоко,5,13960.5,1039.5,CancellEd,Нужно уточнить сроки,2024-12-09,3353851499607741
2030017794681,2024/12/23 19:34:08,АнНА сМИрноВа,+7(9107)03-09,5,мОЛОко,3,8513.79,486.21,caNcELlEd,Нужно уточнить сроки,2024-12-09,3353851499607741
2030017794681,2024/12/23 19:34:08,АнНА сМИрноВа,+7(9107)03-09,5,молОкО,5,14649.31,350.69,CancellED,Нужно уточнить сроки,2024-12-09,3353851499607741
2030017794681,2024/12/23 19:34:08,АнНА сМИрноВа,+7(9107)03-09,2,ИГРУшКа МяЧ,5,1446.86,53.14,caNceLLed,Нужно уточнить сроки,2024-12-09,3353851499607741
2030017794681,2024/12/23 19:34:08,АнНА сМИрноВа,+7(9107)03-09,5,МоЛОкО,1,2524.95,475.05,CANcElleD,Нужно уточнить сроки,2024-12-09,3353851499607741
2030017793311,2024/12/08 14:35:20,МарИя ПЕТрОВа,8(9970) 05-71,2,ИгруШкА мЯч,2,568.3,31.7,prOcessiNG,"Задержка с доставкой, печалька...",2024-12-02,2721665831676389
2030017793311,2024/12/08 14:35:20,МарИя ПЕТрОВа,8(9970) 05-71,4,пОдпиСка НА ГАзЕту,5,2852.61,147.39,prOCESSIng,"Задержка с доставкой, печалька...",2024-12-02,2721665831676389
2030017793311,2024/12/08 14:35:20,МарИя ПЕТрОВа,8(9970) 05-71,1,кОРм ДлЯ СОБак,1,477.86,22.14,ProceSsinG,"Задержка с доставкой, печалька...",2024-12-02,2721665831676389
2030017793311,2024/12/08 14:35:20,МарИя ПЕТрОВа,8(9970) 05-71,3,АМуНИЦия для СОБАк,4,3860.72,939.28,prOCEsSInG,"Задержка с доставкой, печалька...",2024-12-02,2721665831676389
2030017792250,17.12.2024 06:11,натАлЬЯ вАСильЕВа,+7 9785 41 05,3,АмуНИЦИЯ для сОбАК,4,4730.4,69.6,ProceSsiNg,Всё отлично!,2024/12/01,9502228136077124
2030017792250,17.12.2024 06:11,натАлЬЯ вАСильЕВа,+7 9785 41 05,3,аМуницИЯ длЯ СоБаК,2,1963.17,436.83,prOCesSINg,Всё отлично!,2024/12/01,9502228136077124
2030017792250,17.12.2024 06:11,натАлЬЯ вАСильЕВа,+7 9785 41 05,5,мОЛОкО,1,2990.55,9.45,pROceSSiNg,Всё отлично!,2024/12/01,9502228136077124
2030017792250,17.12.2024 06:11,натАлЬЯ вАСильЕВа,+7 9785 41 05,2,игрУШка МЯЧ,5,1307.56,192.44,ProCeSsInG,Всё отлично!,2024/12/01,9502228136077124
2030017792250,17.12.2024 06:11,натАлЬЯ вАСильЕВа,+7 9785 41 05,1,КОРм дЛя сОбАК,5,2438.05,61.95,ProCESSinG,Всё отлично!,2024/12/01,9502228136077124
2030018047495,2024/12/13 11:36:05,Иван ивАноВ,8(9499) 36-92,1,коРМ дЛЯ СобаК,5,2342.8,157.2,COMPlETeD,подарок вовремя,14.12.2024,4758827241863262
2030018046159,2024/12/22 03:39:57,маРИя пЕтРова,+7 9644 96 38,2,ИгрушКа мяч,3,723.51,176.49,cOmPLeTed,"Задержка с доставкой, печалька...",2024/12/15,0977087121320556
2030018046159,2024/12/22 03:39:57,маРИя пЕтРова,+7 9644 96 38,5,МоЛоКо,2,5910.64,89.36,COmpleted,"Задержка с доставкой, печалька...",2024/12/15,0977087121320556
2030018046159,2024/12/22 03:39:57,маРИя пЕтРова,+7 9644 96 38,2,ИГРУшка МЯЧ,5,1200.09,299.91,cOMPLeTeD,"Задержка с доставкой, печалька...",2024/12/15,0977087121320556
2030018046159,2024/12/22 03:39:57,маРИя пЕтРова,+7 9644 96 38,2,ИгРУшка мяЧ,4,1051.71,148.29,cOmplEteD,"Задержка с доставкой, печалька...",2024/12/15,0977087121320556
2030018045601,2024/12/19 22:22:01,миХаИЛ ОрлОв,+7(9447)01-40,2,ИгРушКа мяч,1,262.57,37.43,PRoCeSSINg,Нужно уточнить сроки,2024-12-14,4411891961425673
2030018045601,2024/12/19 22:22:01,миХаИЛ ОрлОв,+7(9447)01-40,2,иГРУшКА МяЧ,5,1264.28,235.72,PrOCeSSINg,Нужно уточнить сроки,2024-12-14,4411891961425673
2030018044530,2024/12/24 04:11:24,МИхАил ОрЛОВ,8(9934) 51-73,2,иГрУшКа МЯЧ,2,544.93,55.07,canceLlED,"Задержка с доставкой, печалька...",10.12.2024,8779343245209409
2030018044530,2024/12/24 04:11:24,МИхАил ОрЛОВ,8(9934) 51-73,1,Корм Для СОбАК,2,933.61,66.39,canCeLLEd,"Задержка с доставкой, печалька...",10.12.2024,8779343245209409
2030018044530,2024/12/24 04:11:24,МИхАил ОрЛОВ,8(9934) 51-73,3,АМунИцИЯ Для СОбак,1,1119.8,80.2,cAnCElLED,"Задержка с доставкой, печалька...",10.12.2024,8779343245209409
2030018044530,2024/12/24 04:11:24,МИхАил ОрЛОВ,8(9934) 51-73,2,ИГРуШКА МяЧ,1,297.48,2.52,cAncELlED,"Задержка с доставкой, печалька...",10.12.2024,8779343245209409
2030018043903,26.12.2024 03:45,НатальЯ ваСИЛЬева,+7(9424)06-00,4,пОдписКа НА ГаЗЕТу,5,2777.69,222.31,CaNCEllED,"Задержка с доставкой, печалька...",22.12.2024,0293313251188688
2030018043903,26.12.2024 03:45,НатальЯ ваСИЛЬева,+7(9424)06-00,5,МОлОко,4,10029.88,1970.12,caNCElLED,"Задержка с доставкой, печалька...",22.12.2024,0293313251188688
2030018043903,26.12.2024 03:45,НатальЯ ваСИЛЬева,+7(9424)06-00,3,АмУНИЦИя длЯ сОБаК,5,5690.13,309.87,cANcELlEd,"Задержка с доставкой, печалька...",22.12.2024,0293313251188688
2030018043903,26.12.2024 03:45,НатальЯ ваСИЛЬева,+7(9424)06-00,5,молОКо,3,8249.09,750.91,caNcELleD,"Задержка с доставкой, печалька...",22.12.2024,0293313251188688
2030018042369,27.12.2024 07:20,ИвАН ИваНОв,8(9117) 21-79,5,МОЛОко,2,5744.42,255.58,cAnceLlED,"Задержка с доставкой, печалька...",2024/12/10,8024224008059168
2030018042369,27.12.2024 07:20,ИвАН ИваНОв,8(9117) 21-79,2,ИгРУШКА МЯЧ,4,1180.32,19.68,CANCeLleD,"Задержка с доставкой, печалька...",2024/12/10,8024224008059168
2030018041430,2024-12-09 03:34:12,ДмитРИй кУзнЕцов,+7(9828)38-44,2,ИГРушКА МяЧ,1,253.92,46.08,coMplETEd,подарок вовремя,16.12.2024,1036564931909547
2030018041430,2024-12-09 03:34:12,ДмитРИй кУзнЕцов,+7(9828)38-44,2,игРуШКА мЯЧ,3,784.2,115.8,cOMpLETed,подарок вовремя,16.12.2024,1036564931909547
2030018041430,2024-12-09 03:34:12,ДмитРИй кУзнЕцов,+7(9828)38-44,2,ИГРушкА мяч,3,845.61,54.39,cOmPLeTed,подарок вовремя,16.12.2024,1036564931909547
2030018041430,2024-12-09 03:34:12,ДмитРИй кУзнЕцов,+7(9828)38-44,1,кОРМ дЛя сОБак,5,2380.15,119.85,CoMpleTed,подарок вовремя,16.12.2024,1036564931909547
2030018040427,2024-12-18 03:16:25,ИВан ИваНов,8(9022) 96-40,3,амунИцИя дЛЯ собаК,2,2305.62,94.38,COmpletEd,Всё отлично!,27.12.2024,3360308918998734
2030018039763,2024-12-09 05:10:26,елеНа НовиКОВа,8(9572) 58-02,5,мОлОко,4,10133.66,1866.34,PrOCesSIng,"Задержка с доставкой, печалька...",2024/12/17,6469867988620846
2030018039763,2024-12-09 05:10:26,елеНа НовиКОВа,8(9572) 58-02,4,подПиСКА на ГаЗетУ,2,1083.29,116.71,ProCESSiNG,"Задержка с доставкой, печалька...",2024/12/17,6469867988620846
2030018039763,2024-12-09 05:10:26,елеНа НовиКОВа,8(9572) 58-02,4,ПОдПИСКа На гаЗетУ,2,1131.0,69.0,pROcEssiNg,"Задержка с доставкой, печалька...",2024/12/17,6469867988620846
2030018039763,2024-12-09 05:10:26,елеНа НовиКОВа,8(9572) 58-02,5,моЛоКО,4,11784.47,215.53,PRocessING,"Задержка с доставкой, печалька...",2024/12/17,6469867988620846
2030018038421,2024/12/19 03:33:42,сЕРгЕЙ СиДОрОв,+7 9982 79 85,4,подПИсКа нА гАЗЕтУ,2,1047.67,152.33,cANcELLED,подарок вовремя,2024-12-27,8430144745155035
2030018038421,2024/12/19 03:33:42,сЕРгЕЙ СиДОрОв,+7 9982 79 85,4,пОДПИСКа на ГазЕту,5,2683.62,316.38,CANcelLed,подарок вовремя,2024-12-27,8430144745155035
2030018038421,2024/12/19 03:33:42,сЕРгЕЙ СиДОрОв,+7 9982 79 85,4,пОДпИСКА На газЕТУ,5,2645.31,354.69,CaNCelLED,подарок вовремя,2024-12-27,8430144745155035
2030018038421,2024/12/19 03:33:42,сЕРгЕЙ СиДОрОв,+7 9982 79 85,3,АмУНИЦИЯ ДлЯ СОБАК,3,2931.63,668.37,CaNcelleD,подарок вовремя,2024-12-27,8430144745155035
2030018037500,2024/12/15 10:13:54,СеРгЕЙ сидорОв,8(9756) 92-31,4,подписка на гаЗЕТу,5,2500.89,499.11,prOcEsSing,спасибо за заказ,03.12.2024,6250603734076706
2030018037500,2024/12/15 10:13:54,СеРгЕЙ сидорОв,8(9756) 92-31,4,ПоДПИСКа На гАзетУ,4,2346.5,53.5,PRocEsSinG,спасибо за заказ,03.12.2024,6250603734076706
2030018037500,2024/12/15 10:13:54,СеРгЕЙ сидорОв,8(9756) 92-31,3,амУНИЦИЯ дЛя СобАК,1,1039.31,160.69,PROcESSINg,спасибо за заказ,03.12.2024,6250603734076706
2030018037500,2024/12/15 10:13:54,СеРгЕЙ сидорОв,8(9756) 92-31,1,кОрМ ДлЯ СОбак,1,468.22,31.78,pRoceSsiNG,спасибо за заказ,03.12.2024,6250603734076706
2030018036837,2024/12/26 22:04:40,Анна смИРнОВа,8(9289) 35-78,2,ИГРуШКА Мяч,2,556.55,43.45,pROCessiNG,Ждём с нетерпением!,27.12.2024,8433984739425339
2030018036837,2024/12/26 22:04:40,Анна смИРнОВа,8(9289) 35-78,5,МолоКО,1,2661.33,338.67,PrOcESsInG,Ждём с нетерпением!,27.12.2024,8433984739425339
2030018036837,2024/12/26 22:04:40,Анна смИРнОВа,8(9289) 35-78,5,МоЛОКО,3,8790.82,209.18,proceSSINg,Ждём с нетерпением!,27.12.2024,8433984739425339
2030018035496,26.12.2024 10:23,АннА СМирНОвА,+7 9558 48 58,3,АмУНИЦИя ДЛЯ сОбаК,1,1168.33,31.67,caNCellEd,Нужно уточнить сроки,16.12.2024,3582894953020009
2030018035496,26.12.2024 10:23,АннА СМирНОвА,+7 9558 48 58,5,моЛокО,4,11295.22,704.78,CaNceLLeD,Нужно уточнить сроки,16.12.2024,3582894953020009
2030018035496,26.12.2024 10:23,АннА СМирНОвА,+7 9558 48 58,2,игРуШКА МЯч,1,241.39,58.61,CaNCeLled,Нужно уточнить сроки,16.12.2024,3582894953020009
2030018035496,26.12.2024 10:23,АннА СМирНОвА,+7 9558 48 58,1,кОрм длЯ сОБАк,3,1350.28,149.72,CANCellED,Нужно уточнить сроки,16.12.2024,3582894953020009
2030018034206,2024-12-26 04:43:05,ОЛЬГа КуЗнЕцова,+7(9929)87-49,3,АмУНИциЯ ДЛя собАк,2,2098.04,301.96,coMpLEteD,Ждём с нетерпением!,2024-12-27,1789827127682463
2030018034206,2024-12-26 04:43:05,ОЛЬГа КуЗнЕцова,+7(9929)87-49,1,кОрм дЛЯ собак,1,484.18,15.82,COMPleTED,Ждём с нетерпением!,2024-12-27,1789827127682463
2030018034206,2024-12-26 04:43:05,ОЛЬГа КуЗнЕцова,+7(9929)87-49,2,ИГРушка мЯч,2,583.77,16.23,COmPLetED,Ждём с нетерпением!,2024-12-27,1789827127682463
2030018034206,2024-12-26 04:43:05,ОЛЬГа КуЗнЕцова,+7(9929)87-49,5,МолоКО,4,11514.41,485.59,comPlETeD,Ждём с нетерпением!,2024-12-27,1789827127682463
2030018034206,2024-12-26 04:43:05,ОЛЬГа КуЗнЕцова,+7(9929)87-49,3,амУНИЦиЯ для сОБАК,5,5431.43,568.57,CoMpLETed,Ждём с нетерпением!,2024-12-27,1789827127682463
2030018033597,2024-12-06 05:18:27,еЛена НовиКОВА,+7(9638)83-20,2,ИГрУшКа Мяч,5,1211.17,288.83,compLeted,Всё отлично!,2024-12-20,4364878474747500
2030018033597,2024-12-06 05:18:27,еЛена НовиКОВА,+7(9638)83-20,1,кОрМ ДЛя сОбАК,5,2327.12,172.88,cOmpLEted,Всё отлично!,2024-12-20,4364878474747500
2030018032835,2024/12/26 07:00:23,иВан ИваНов,8(9393) 52-93,3,аМуНИциЯ длЯ СобаК,2,2129.65,270.35,cancellED,Нужно уточнить сроки,2024/12/06,9702508317318142
2030018032835,2024/12/26 07:00:23,иВан ИваНов,8(9393) 52-93,1,КоРм длЯ соБАК,5,2158.12,341.88,CanCElleD,Нужно уточнить сроки,2024/12/06,9702508317318142
2030018032835,2024/12/26 07:00:23,иВан ИваНов,8(9393) 52-93,2,игРуШка мЯЧ,1,264.41,35.59,caNcELLEd,Нужно уточнить сроки,2024/12/06,9702508317318142
2030018031169,15.12.2024 20:21,миХАИл оРлоВ,8(9446) 47-87,5,МОЛоКо,5,14557.11,442.89,proCesSIng,"Задержка с доставкой, печалька...",2024-12-05,5672748921781154
2030018031169,15.12.2024 20:21,миХАИл оРлоВ,8(9446) 47-87,1,КОРм дЛя сОБак,3,1474.45,25.55,pRocesSInG,"Задержка с доставкой, печалька...",2024-12-05,5672748921781154
2030018031169,15.12.2024 20:21,миХАИл оРлоВ,8(9446) 47-87,4,подПиСКА на ГАзеТу,4,2310.92,89.08,PRocesSiNG,"Задержка с доставкой, печалька...",2024-12-05,5672748921781154
2030018031169,15.12.2024 20:21,миХАИл оРлоВ,8(9446) 47-87,2,ИгруШка Мяч,5,1204.82,295.18,PrOCesSiNG,"Задержка с доставкой, печалька...",2024-12-05,5672748921781154
2030018031169,15.12.2024 20:21,миХАИл оРлоВ,8(9446) 47-87,3,АМунИцИя для сОбак,5,5035.37,964.63,ProCesSiNg,"Задержка с доставкой, печалька...",2024-12-05,5672748921781154
2030018030640,2024-12-09 18:27:13,МихаИЛ орлОв,+7(9666)91-51,1,Корм Для СОбАК,4,1843.83,156.17,CaNCelleD,Всё отлично!,2024/12/21,0784663602030712
2030018030640,2024-12-09 18:27:13,МихаИЛ орлОв,+7(9666)91-51,3,аМУНиЦИя длЯ СоБАК,2,2193.65,206.35,CAnCELlED,Всё отлично!,2024/12/21,0784663602030712
2030018030640,2024-12-09 18:27:13,МихаИЛ орлОв,+7(9666)91-51,2,иГРушка мяч,5,1237.46,262.54,CaNCElleD,Всё отлично!,2024/12/21,0784663602030712
2030018030640,2024-12-09 18:27:13,МихаИЛ орлОв,+7(9666)91-51,1,кОРМ ДлЯ сОбаК,4,1702.48,297.52,cANcELLeD,Всё отлично!,2024/12/21,0784663602030712
2030018030640,2024-12-09 18:27:13,МихаИЛ орлОв,+7(9666)91-51,4,пОдпиСка на ГаЗЕтУ,5,2455.13,544.87,CAnceLled,Всё отлично!,2024/12/21,0784663602030712
2030018029618,30.12.2024 19:34,ИВАн ИвАНов,8(9434) 49-37,2,ИГРуШкА МЯч,2,530.63,69.37,PROcEssInG,спасибо за заказ,2024-12-25,9307794575635669
2030018029618,30.12.2024 19:34,ИВАн ИвАНов,8(9434) 49-37,3,амунИЦИЯ для соБАк,1,1124.58,75.42,prOcesSiNG,спасибо за заказ,2024-12-25,9307794575635669
2030018029618,30.12.2024 19:34,ИВАн ИвАНов,8(9434) 49-37,5,молОко,5,13580.0,1420.0,pROCESsiNG,спасибо за заказ,2024-12-25,9307794575635669
2030018029618,30.12.2024 19:34,ИВАн ИвАНов,8(9434) 49-37,1,КоРМ длЯ СобАк,1,437.44,62.56,PrOcESsiNG,спасибо за заказ,2024-12-25,9307794575635669
2030018028496,2024/12/19 07:39:09,маРИя ПетроВа,8(9639) 49-93,3,амуНИЦИя ДлЯ СобАК,4,4136.25,663.75,cANCElLeD,Нужно уточнить сроки,2024-12-23,5962397561819067
2030018028496,2024/12/19 07:39:09,маРИя ПетроВа,8(9639) 49-93,1,КоРМ дЛЯ соБак,3,1474.57,25.43,CAncElLEd,Нужно уточнить сроки,2024-12-23,5962397561819067
2030018027414,2024-12-17 09:22:07,СЕРГеЙ СиДОрОВ,+7 9439 63 92,4,пОдпИсКА На гАзЕту,3,1740.33,59.67,prOceSsING,Ждём с нетерпением!,2024-12-01,2311674652925266
2030018026283,2024/12/04 22:38:20,аннА сМиРноВа,8(9469) 82-37,2,ИГруШКа Мяч,4,1146.17,53.83,pROCEssInG,Нужно уточнить сроки,30.12.2024,1945645984682513
2030018026283,2024/12/04 22:38:20,аннА сМиРноВа,8(9469) 82-37,4,подПисКА На гаЗеТУ,2,1001.65,198.35,proceSSInG,Нужно уточнить сроки,30.12.2024,1945645984682513
2030018026283,2024/12/04 22:38:20,аннА сМиРноВа,8(9469) 82-37,4,ПОДпиСКА На ГаЗЕтУ,3,1479.07,320.93,PrOCeSSiNg,Нужно уточнить сроки,30.12.2024,1945645984682513
2030018025256,17.12.2024 21:34,еЛЕНА НОВиковА,+7(9186)64-00,1,кОрМ для собАК,3,1385.82,114.18,CoMPlEtEd,Проверить наличие,2024-12-17,7038895043856554
2030018025256,17.12.2024 21:34,еЛЕНА НОВиковА,+7(9186)64-00,2,игРушкА МЯч,1,259.23,40.77,COMplETED,Проверить наличие,2024-12-17,7038895043856554
2030018025256,17.12.2024 21:34,еЛЕНА НОВиковА,+7(9186)64-00,4,ПодпИсКа на гАзЕТУ,5,2542.91,457.09,ComplEtED,Проверить наличие,2024-12-17,7038895043856554
2030018025256,17.12.2024 21:34,еЛЕНА НОВиковА,+7(9186)64-00,3,амунИциЯ дЛя СобаК,5,5351.67,648.33,COMpleTed,Проверить наличие,2024-12-17,7038895043856554
2030018025256,17.12.2024 21:34,еЛЕНА НОВиковА,+7(9186)64-00,5,мОлОко,5,12384.46,2615.54,ComPLETed,Проверить наличие,2024-12-17,7038895043856554
2030018024871,2024-12-16 10:54:13,СерГЕЙ сИдоРОВ,+7(9172)97-01,3,АМуНИЦия длЯ СОБак,3,3598.45,1.55,ProCEssIng,Проверить наличие,12.12.2024,4510896433026728
2030018024871,2024-12-16 10:54:13,СерГЕЙ сИдоРОВ,+7(9172)97-01,4,ПодПИскА на газеТУ,3,1522.36,277.64,proCeSsINg,Проверить наличие,12.12.2024,4510896433026728
2030018024871,2024-12-16 10:54:13,СерГЕЙ сИдоРОВ,+7(9172)97-01,3,аМУнИЦИЯ ДЛЯ соБАк,2,2013.32,386.68,PRocEssiNG,Проверить наличие,12.12.2024,4510896433026728
2030018024871,2024-12-16 10:54:13,СерГЕЙ сИдоРОВ,+7(9172)97-01,4,ПоДПиСкА На ГАЗЕТУ,1,490.29,109.71,prOCEssInG,Проверить наличие,12.12.2024,4510896433026728
2030018024871,2024-12-16 10:54:13,СерГЕЙ сИдоРОВ,+7(9172)97-01,5,МОЛокО,5,14211.96,788.04,pRoCeSsIng,Проверить наличие,12.12.2024,4510896433026728
2030018023707,2024-12-12 06:43:31,натАЛьЯ ВасИлЬЕва,+7(9477)46-15,5,МоЛОКо,1,2567.09,432.91,PrOCEsSIng,Ждём с нетерпением!,2024-12-20,1397791704811096
2030018023707,2024-12-12 06:43:31,натАЛьЯ ВасИлЬЕва,+7(9477)46-15,5,МоЛОКО,4,11900.44,99.56,PRoceSsInG,Ждём с нетерпением!,2024-12-20,1397791704811096
2030018023707,2024-12-12 06:43:31,натАЛьЯ ВасИлЬЕва,+7(9477)46-15,4,ПодПисКА нА ГАЗеТУ,5,2731.61,268.39,PrOCEsSing,Ждём с нетерпением!,2024-12-20,1397791704811096
2030018022882,11.12.2024 18:35,алЕкСЕй мИХаЙЛоВ,+7(9656)43-83,3,АмУНициЯ ДлЯ СоБак,2,2047.8,352.2,CAncelLEd,подарок вовремя,2024-12-18,1663662372614439
2030018022882,11.12.2024 18:35,алЕкСЕй мИХаЙЛоВ,+7(9656)43-83,1,КОрМ для СОбак,4,1732.13,267.87,caNCELLEd,подарок вовремя,2024-12-18,1663662372614439
2030018022882,11.12.2024 18:35,алЕкСЕй мИХаЙЛоВ,+7(9656)43-83,1,КОрМ длЯ собАк,3,1369.24,130.76,cANceLLEd,подарок вовремя,2024-12-18,1663662372614439
2030018022882,11.12.2024 18:35,алЕкСЕй мИХаЙЛоВ,+7(9656)43-83,4,подПИСкА НА ГАзеТу,1,517.87,82.13,CanCELLeD,подарок вовремя,2024-12-18,1663662372614439
2030018021840,04.12.2024 07:23,алексеЙ миХАЙЛОв,+7(9903)50-62,5,молокО,4,9775.19,2224.81,cOMpLeTED,подарок вовремя,16.12.2024,0817136442571667
2030018021840,04.12.2024 07:23,алексеЙ миХАЙЛОв,+7(9903)50-62,4,подПиСка На гаЗЕТУ,5,2866.13,133.87,coMpLETEd,подарок вовремя,16.12.2024,0817136442571667
2030018020490,2024-12-24 12:08:16,дМитРиЙ КУЗнЕЦОв,+7(9024)70-08,1,коРМ ДЛЯ СоБаК,1,493.62,6.38,procesSiNG,спасибо за заказ,2024-12-31,3215706638736097
2030018020490,2024-12-24 12:08:16,дМитРиЙ КУЗнЕЦОв,+7(9024)70-08,1,КОрМ дЛя СоБаК,5,2254.84,245.16,proCessinG,спасибо за заказ,2024-12-31,3215706638736097
2030018020490,2024-12-24 12:08:16,дМитРиЙ КУЗнЕЦОв,+7(9024)70-08,3,АМуНиция дЛя соБаК,4,3930.34,869.66,prOcESSInG,спасибо за заказ,2024-12-31,3215706638736097
2030018020490,2024-12-24 12:08:16,дМитРиЙ КУЗнЕЦОв,+7(9024)70-08,5,моЛОкО,2,5694.28,305.72,prOCEssing,спасибо за заказ,2024-12-31,3215706638736097
2030018019350,30.12.2024 15:50,сЕрГеЙ СиДОроВ,+7 9139 01 97,3,аМУнициЯ для СОБаК,5,5907.28,92.72,cOmPLeted,Всё отлично!,2024-12-18,3323299473275280
2030018019350,30.12.2024 15:50,сЕрГеЙ СиДОроВ,+7 9139 01 97,1,кОрМ длЯ сОБАк,5,2093.54,406.46,cOMpleted,Всё отлично!,2024-12-18,3323299473275280
2030018019350,30.12.2024 15:50,сЕрГеЙ СиДОроВ,+7 9139 01 97,4,поДпИСКа НА гАзЕТу,1,556.28,43.72,cOMpleted,Всё отлично!,2024-12-18,3323299473275280
2030018019350,30.12.2024 15:50,сЕрГеЙ СиДОроВ,+7 9139 01 97,4,ПоДПИСкА На ГазеТУ,1,590.51,9.49,cOMpletED,Всё отлично!,2024-12-18,3323299473275280
2030018019350,30.12.2024 15:50,сЕрГеЙ СиДОроВ,+7 9139 01 97,3,амуНиЦия дЛя СоБАК,4,3883.37,916.63,COMpLeTeD,Всё отлично!,2024-12-18,3323299473275280
2030018018317,2024-12-23 04:19:24,МАриЯ ПЕтРоВА,8(9611) 58-00,4,пОдПИСка на гАЗетУ,3,1566.36,233.64,prOcesSIng,Проверить наличие,2024-12-08,4896045634551731
2030018018317,2024-12-23 04:19:24,МАриЯ ПЕтРоВА,8(9611) 58-00,3,АмуНиция дЛя СОБаК,4,4295.09,504.91,pROCeSSiNG,Проверить наличие,2024-12-08,4896045634551731
2030018018317,2024-12-23 04:19:24,МАриЯ ПЕтРоВА,8(9611) 58-00,2,ИгРУШКА мяЧ,3,799.39,100.61,PROCeSSING,Проверить наличие,2024-12-08,4896045634551731
2030018018317,2024-12-23 04:19:24,МАриЯ ПЕтРоВА,8(9611) 58-00,1,Корм Для СОбаК,1,450.23,49.77,PrOcessIng,Проверить наличие,2024-12-08,4896045634551731
2030018017280,2024-12-23 12:24:49,АЛеКСЕЙ михайЛов,+7 9703 39 02,5,мОЛоКО,3,7449.38,1550.62,COMpLETEd,Нужно уточнить сроки,2024-12-25,7704831721469059
2030018016640,2024/12/22 21:29:45,НаталЬя ВасИЛЬЕва,8(9143) 86-53,3,амуНИция ДЛЯ собАк,4,3957.22,842.78,CANcelleD,спасибо за заказ,2024-12-28,1144844526888380
2030018016640,2024/12/22 21:29:45,НаталЬя ВасИЛЬЕва,8(9143) 86-53,3,АМУнициЯ дЛя СОБак,3,3444.55,155.45,CAncElLED,спасибо за заказ,2024-12-28,1144844526888380
2030018016640,2024/12/22 21:29:45,НаталЬя ВасИЛЬЕва,8(9143) 86-53,3,АмУНиЦиЯ дЛЯ сОБак,1,987.04,212.96,cANCeLLEd,спасибо за заказ,2024-12-28,1144844526888380
2030018015472,2024-12-03 18:03:42,ИвАн ивАНОв,8(9376) 08-96,2,ИгруШКа мяч,4,1074.5,125.5,pROCESsIng,Проверить наличие,28.12.2024,8188990219148404
2030018015472,2024-12-03 18:03:42,ИвАн ивАНОв,8(9376) 08-96,1,кОрМ для Собак,2,811.92,188.08,PROceSsiNg,Проверить наличие,28.12.2024,8188990219148404
2030018015472,2024-12-03 18:03:42,ИвАн ивАНОв,8(9376) 08-96,2,игрушКА МяЧ,5,1391.86,108.14,PrOCeSsinG,Проверить наличие,28.12.2024,8188990219148404
2030018014434,2024-12-28 04:09:33,ЕЛенА нОвИКова,+7 9098 44 24,5,МОлокО,2,5664.13,335.87,COmpLeTeD,Всё отлично!,2024-12-22,3100046827676469
2030018014434,2024-12-28 04:09:33,ЕЛенА нОвИКова,+7 9098 44 24,3,АмуНициЯ ДЛя СобАк,2,2075.92,324.08,ComPlETeD,Всё отлично!,2024-12-22,3100046827676469
2030018014434,2024-12-28 04:09:33,ЕЛенА нОвИКова,+7 9098 44 24,2,игрушКа мяч,5,1424.04,75.96,COMpLeTeD,Всё отлично!,2024-12-22,3100046827676469
2030018014434,2024-12-28 04:09:33,ЕЛенА нОвИКова,+7 9098 44 24,5,Молоко,5,12054.73,2945.27,CoMpLEted,Всё отлично!,2024-12-22,3100046827676469
2030018013468,2024/12/01 12:28:42,маРия ПЕтрОВА,8(9560) 01-75,3,АмУниЦИя дЛя СОбак,1,1001.45,198.55,caNcELlEd,Всё отлично!,2024-12-13,6531199695421227
2030018013468,2024/12/01 12:28:42,маРия ПЕтрОВА,8(9560) 01-75,2,ИгРУшка мЯч,1,262.06,37.94,cAnCELled,Всё отлично!,2024-12-13,6531199695421227
2030018013468,2024/12/01 12:28:42,маРия ПЕтрОВА,8(9560) 01-75,3,АМунИЦиЯ дЛя СоБак,5,5105.67,894.33,caNCElled,Всё отлично!,2024-12-13,6531199695421227
2030018012779,15.12.2024 10:16,аЛЕКсей михаЙлов,8(9831) 06-22,1,КОрм ДЛя СОбАк,1,464.76,35.24,PRocEsSING,Всё отлично!,30.12.2024,9691384071653401
2030018012779,15.12.2024 10:16,аЛЕКсей михаЙлов,8(9831) 06-22,3,аМуНИциЯ для СОБак,4,4308.86,491.14,pRocESSiNg,Всё отлично!,30.12.2024,9691384071653401
2030018012779,15.12.2024 10:16,аЛЕКсей михаЙлов,8(9831) 06-22,4,подписка нА газЕтУ,3,1488.51,311.49,ProceSsInG,Всё отлично!,30.12.2024,9691384071653401
2030018012779,15.12.2024 10:16,аЛЕКсей михаЙлов,8(9831) 06-22,1,коРМ ДЛя СОБаК,4,1752.61,247.39,PROCEsSiNG,Всё отлично!,30.12.2024,9691384071653401
2030018011983,02.12.2024 17:24,ОЛьГА КУЗНецОВа,+7(9391)60-53,1,КОРм ДлЯ сОБак,4,1614.96,385.04,cOmPLETEd,Нужно уточнить сроки,17.12.2024,4140113979941055
2030018011983,02.12.2024 17:24,ОЛьГА КУЗНецОВа,+7(9391)60-53,1,коРм для СОБак,4,1758.49,241.51,COmpLEted,Нужно уточнить сроки,17.12.2024,4140113979941055
2030018011983,02.12.2024 17:24,ОЛьГА КУЗНецОВа,+7(9391)60-53,4,ПОДПисКа на ГАзЕТу,1,541.03,58.97,comPLetED,Нужно уточнить сроки,17.12.2024,4140113979941055
2030018011983,02.12.2024 17:24,ОЛьГА КУЗНецОВа,+7(9391)60-53,5,моЛоко,3,7559.04,1440.96,comPleTEd,Нужно уточнить сроки,17.12.2024,4140113979941055
2030018011983,02.12.2024 17:24,ОЛьГА КУЗНецОВа,+7(9391)60-53,2,ИгРушКА МЯЧ,3,836.44,63.56,complETeD,Нужно уточнить сроки,17.12.2024,4140113979941055
2030018010793,07.12.2024 11:05,Иван ИвАноВ,+7 9075 14 64,5,МОлоКо,1,2749.95,250.05,canCeLlED,спасибо за заказ,2024-12-26,7661218390242131
2030018010793,07.12.2024 11:05,Иван ИвАноВ,+7 9075 14 64,5,мОлОкО,5,14475.21,524.79,canCelLed,спасибо за заказ,2024-12-26,7661218390242131
2030018010793,07.12.2024 11:05,Иван ИвАноВ,+7 9075 14 64,4,подпИсКА на гАЗеТУ,4,2354.95,45.05,CanCeLleD,спасибо за заказ,2024-12-26,7661218390242131
2030018009314,31.12.2024 17:14,сЕРГЕЙ сидОРОв,8(9432) 89-43,5,моЛоКО,2,5561.9,438.1,pRoCESsIng,подарок вовремя,2024/12/12,7473300641726785
2030018009314,31.12.2024 17:14,сЕРГЕЙ сидОРОв,8(9432) 89-43,2,ИгРуШка мЯЧ,4,1032.53,167.47,ProcesSINg,подарок вовремя,2024/12/12,7473300641726785
2030018008130,2024/12/25 14:41:55,АлЕКСей МИХАйЛов,+7 9432 92 76,3,АмУНициЯ для СОБАк,2,2222.53,177.47,cAncElled,"Задержка с доставкой, печалька...",06.12.2024,5611872492774901
2030018008130,2024/12/25 14:41:55,АлЕКСей МИХАйЛов,+7 9432 92 76,3,амунИция дЛЯ СОбАк,1,1049.77,150.23,cAnceLled,"Задержка с доставкой, печалька...",06.12.2024,5611872492774901
2030018008130,2024/12/25 14:41:55,АлЕКСей МИХАйЛов,+7 9432 92 76,3,АМУНиЦИя ДлЯ сОБАк,1,970.22,229.78,cAncELled,"Задержка с доставкой, печалька...",06.12.2024,5611872492774901
2030018008130,2024/12/25 14:41:55,АлЕКСей МИХАйЛов,+7 9432 92 76,5,мОЛоКо,3,8550.82,449.18,cANCELled,"Задержка с доставкой, печалька...",06.12.2024,5611872492774901
2030018008130,2024/12/25 14:41:55,АлЕКСей МИХАйЛов,+7 9432 92 76,5,мОлОКО,3,8176.94,823.06,cANCeLLed,"Задержка с доставкой, печалька...",06.12.2024,5611872492774901
2030018007767,2024-12-10 12:42:11,наТАлЬя ВаСилЬЕвА,8(9496) 57-11,1,КОрМ Для СОбАк,3,1345.16,154.84,CANcELLEd,подарок вовремя,2024/12/18,9681264616049897
2030018007767,2024-12-10 12:42:11,наТАлЬя ВаСилЬЕвА,8(9496) 57-11,2,игрУШка МЯЧ,5,1453.71,46.29,cAnCelleD,подарок вовремя,2024/12/18,9681264616049897
2030018006601,22.12.2024 06:40,мАРИЯ ПетрОВА,+7 9177 23 46,5,мОЛоко,3,8920.78,79.22,CoMpletEd,Проверить наличие,2024/12/10,7637646250988251
2030018006601,22.12.2024 06:40,мАРИЯ ПетрОВА,+7 9177 23 46,3,амУНИцИЯ ДЛя СОБАк,2,2336.62,63.38,coMPLetEd,Проверить наличие,2024/12/10,7637646250988251
2030018006601,22.12.2024 06:40,мАРИЯ ПетрОВА,+7 9177 23 46,2,иГРУшкА мЯч,4,1194.97,5.03,coMPletED,Проверить наличие,2024/12/10,7637646250988251
2030018006601,22.12.2024 06:40,мАРИЯ ПетрОВА,+7 9177 23 46,3,амУНицИЯ дЛЯ собаК,2,2226.2,173.8,coMpLETEd,Проверить наличие,2024/12/10,7637646250988251
2030018005367,29.12.2024 13:33,АлекСеЙ МИХаЙЛОв,+7 9919 78 73,3,аМУНиЦИя ДЛЯ сОбАК,3,3480.39,119.61,PROcEsSIng,Всё отлично!,2024-12-09,5495562715970598
2030018005367,29.12.2024 13:33,АлекСеЙ МИХаЙЛОв,+7 9919 78 73,5,мОЛОко,1,2733.37,266.63,PrOCESsing,Всё отлично!,2024-12-09,5495562715970598
2030018005367,29.12.2024 13:33,АлекСеЙ МИХаЙЛОв,+7 9919 78 73,3,АмуниЦИя для сОбАК,5,5153.18,846.82,prOCESSINg,Всё отлично!,2024-12-09,5495562715970598
2030018005367,29.12.2024 13:33,АлекСеЙ МИХаЙЛОв,+7 9919 78 73,5,МОлОкО,5,13504.46,1495.54,pRoceSsInG,Всё отлично!,2024-12-09,5495562715970598
2030018004837,2024-12-03 03:14:51,мАрИЯ петРОВА,8(9713) 77-29,5,МОЛОКо,4,11613.13,386.87,ProCESSiNg,подарок вовремя,2024-12-17,8750772912218838
2030018004837,2024-12-03 03:14:51,мАрИЯ петРОВА,8(9713) 77-29,5,МОЛОКо,2,5007.39,992.61,PrOCEsSInG,подарок вовремя,2024-12-17,8750772912218838
2030018004837,2024-12-03 03:14:51,мАрИЯ петРОВА,8(9713) 77-29,1,КорМ для Собак,5,2035.83,464.17,PrOcessIng,подарок вовремя,2024-12-17,8750772912218838
2030018003811,2024/12/24 03:04:56,АННА смИРноВа,+7 9151 41 53,5,МОлоКо,2,5740.99,259.01,cancEllED,"Задержка с доставкой, печалька...",2024-12-04,2739851248029329
2030018003811,2024/12/24 03:04:56,АННА смИРноВа,+7 9151 41 53,5,мОлОКо,4,9693.39,2306.61,CANCEllED,"Задержка с доставкой, печалька...",2024-12-04,2739851248029329
2030018003811,2024/12/24 03:04:56,АННА смИРноВа,+7 9151 41 53,3,АмУНИция для сОбаК,3,3145.56,454.44,cAnCElLed,"Задержка с доставкой, печалька...",2024-12-04,2739851248029329
2030018002729,2024/12/30 12:18:11,аЛЕкСей МИхаЙЛов,+7 9428 63 91,2,игРУшКА мЯч,5,1233.69,266.31,cOmpletED,Ждём с нетерпением!,2024-12-19,8115842089284587
2030018002729,2024/12/30 12:18:11,аЛЕкСей МИхаЙЛов,+7 9428 63 91,5,МОЛОко,4,10237.27,1762.73,compLeted,Ждём с нетерпением!,2024-12-19,8115842089284587
2030018002729,2024/12/30 12:18:11,аЛЕкСей МИхаЙЛов,+7 9428 63 91,4,ПОДПИска На газетУ,1,537.82,62.18,COmpLetEd,Ждём с нетерпением!,2024-12-19,8115842089284587
2030018002729,2024/12/30 12:18:11,аЛЕкСей МИхаЙЛов,+7 9428 63 91,5,мОЛоко,5,12086.07,2913.93,COMpLETEd,Ждём с нетерпением!,2024-12-19,8115842089284587
2030018002729,2024/12/30 12:18:11,аЛЕкСей МИхаЙЛов,+7 9428 63 91,3,амУнИциЯ ДЛя сОБак,1,975.04,224.96,cOmpLetED,Ждём с нетерпением!,2024-12-19,8115842089284587
2030018001949,2024-12-06 09:29:59,дМИтрИЙ КУЗНЕЦОВ,+7(9005)22-73,2,ИгРУшка мЯЧ,5,1242.52,257.48,comPlETeD,подарок вовремя,2024/12/18,2000672891612424
2030018000546,2024-12-16 06:27:34,АЛеКсей михайлоВ,8(9665) 40-55,3,аМунИЦИя дЛя соБаК,3,3320.64,279.36,compleTEd,Всё отлично!,28.12.2024,4751811905756935
2030018000546,2024-12-16 06:27:34,АЛеКсей михайлоВ,8(9665) 40-55,5,мОЛОко,3,7890.71,1109.29,ComPLeTeD,Всё отлично!,28.12.2024,4751811905756935
2030018000546,2024-12-16 06:27:34,АЛеКсей михайлоВ,8(9665) 40-55,3,АМУницИЯ ДлЯ сОбаК,3,3471.85,128.15,cOmpletEd,Всё отлично!,28.12.2024,4751811905756935
2030018000546,2024-12-16 06:27:34,АЛеКсей михайлоВ,8(9665) 40-55,2,ИгРушКа мяЧ,2,559.3,40.7,cOMpletED,Всё отлично!,28.12.2024,4751811905756935
2030018000546,2024-12-16 06:27:34,АЛеКсей михайлоВ,8(9665) 40-55,2,ИгРуШКа мяЧ,2,545.74,54.26,CoMpLETEd,Всё отлично!,28.12.2024,4751811905756935
2030017999112,15.12.2024 01:50,натАЛья ваСИЛЬеВа,+7 9015 80 96,3,Амуниция длЯ СоБАК,4,4739.65,60.35,CaNcELLed,Нужно уточнить сроки,09.12.2024,1345567669627091
2030017999112,15.12.2024 01:50,натАЛья ваСИЛЬеВа,+7 9015 80 96,5,МОЛоко,1,2671.13,328.87,canceLLED,Нужно уточнить сроки,09.12.2024,1345567669627091
2030017999112,15.12.2024 01:50,натАЛья ваСИЛЬеВа,+7 9015 80 96,5,МоЛОкО,4,9654.16,2345.84,cANceLlEd,Нужно уточнить сроки,09.12.2024,1345567669627091
2030017999112,15.12.2024 01:50,натАЛья ваСИЛЬеВа,+7 9015 80 96,3,амуНицИя длЯ СОБАк,2,2385.57,14.43,CanceLLED,Нужно уточнить сроки,09.12.2024,1345567669627091
2030017998173,2024/12/07 04:19:46,МАРия ПеТрОва,+7 9578 72 40,2,ИГрУШкА Мяч,5,1419.32,80.68,CANCELlED,спасибо за заказ,2024-12-27,3927605631723287
2030017998173,2024/12/07 04:19:46,МАРия ПеТрОва,+7 9578 72 40,5,молОко,4,11847.19,152.81,CANceLLEd,спасибо за заказ,2024-12-27,3927605631723287
2030017997735,2024-12-15 01:52:30,АЛЕКСей МИхайЛОВ,+7(9481)97-15,1,КОРМ длЯ Собак,4,1963.35,36.65,pRoCEssinG,спасибо за заказ,2024/12/07,7503514938093384
2030017997735,2024-12-15 01:52:30,АЛЕКСей МИхайЛОВ,+7(9481)97-15,1,КОрм дЛЯ СоБак,1,425.37,74.63,PROcESSIng,спасибо за заказ,2024/12/07,7503514938093384
2030017997735,2024-12-15 01:52:30,АЛЕКСей МИхайЛОВ,+7(9481)97-15,2,иГрУшКА МЯч,1,284.47,15.53,proCESsINg,спасибо за заказ,2024/12/07,7503514938093384
2030017996111,2024-12-21 12:30:54,нАТалЬя ВасильевА,+7(9234)46-73,2,игрУШка Мяч,5,1467.77,32.23,PROceSSING,подарок вовремя,2024/12/22,5087374400111198
2030017996111,2024-12-21 12:30:54,нАТалЬя ВасильевА,+7(9234)46-73,2,иГРУШка МяЧ,3,768.76,131.24,proCESsINg,подарок вовремя,2024/12/22,5087374400111198
2030017995645,12.12.2024 14:39,СергЕЙ сиДоров,8(9057) 84-99,5,мОлоКО,5,14529.38,470.62,CANCELLED,"Задержка с доставкой, печалька...",2024-12-21,0395351682386612
2030017995645,12.12.2024 14:39,СергЕЙ сиДоров,8(9057) 84-99,4,ПОдпИскА нА гАзету,3,1464.13,335.87,cANceLleD,"Задержка с доставкой, печалька...",2024-12-21,0395351682386612
2030017995645,12.12.2024 14:39,СергЕЙ сиДоров,8(9057) 84-99,3,АмУНИция для сОбАК,5,5707.83,292.17,CaNCeLLEd,"Задержка с доставкой, печалька...",2024-12-21,0395351682386612
2030017995645,12.12.2024 14:39,СергЕЙ сиДоров,8(9057) 84-99,4,ПОДпИскА На ГаЗету,5,2659.61,340.39,cANCElLed,"Задержка с доставкой, печалька...",2024-12-21,0395351682386612
2030017995645,12.12.2024 14:39,СергЕЙ сиДоров,8(9057) 84-99,4,подпиСКа на ГАЗЕТу,3,1449.95,350.05,CANcellEd,"Задержка с доставкой, печалька...",2024-12-21,0395351682386612
2030017994959,01.12.2024 17:40,мИхАИЛ ОРлОв,+7(9129)13-85,3,АмунИция дЛя СОбАк,4,3964.66,835.34,CaNcElleD,Проверить наличие,2024-12-02,1936187180703065
2030017994959,01.12.2024 17:40,мИхАИЛ ОРлОв,+7(9129)13-85,3,аМУНиЦИЯ ДЛя Собак,5,4863.98,1136.02,cANCeLleD,Проверить наличие,2024-12-02,1936187180703065
2030017994959,01.12.2024 17:40,мИхАИЛ ОРлОв,+7(9129)13-85,4,ПоДпИСкА на гАЗЕТУ,1,529.49,70.51,CanCellED,Проверить наличие,2024-12-02,1936187180703065
2030017993777,17.12.2024 01:00,еленА нОвИкОва,+7 9093 68 13,4,пОдПИСкА на ГаЗеТу,2,981.49,218.51,CoMpLeTEd,подарок вовремя,28.12.2024,8677236918878991
2030017993777,17.12.2024 01:00,еленА нОвИкОва,+7 9093 68 13,2,ИгРушка мЯЧ,2,543.42,56.58,ComPLeTED,подарок вовремя,28.12.2024,8677236918878991
2030017993777,17.12.2024 01:00,еленА нОвИкОва,+7 9093 68 13,2,иГРУШкА мЯЧ,2,539.68,60.32,cOMplEtEd,подарок вовремя,28.12.2024,8677236918878991
2030017993777,17.12.2024 01:00,еленА нОвИкОва,+7 9093 68 13,1,КОрМ ДЛЯ СобаК,1,463.12,36.88,cOmpLETED,подарок вовремя,28.12.2024,8677236918878991
2030017993777,17.12.2024 01:00,еленА нОвИкОва,+7 9093 68 13,4,поДПИскА На гаЗЕтУ,5,2653.27,346.73,coMPlETEd,подарок вовремя,28.12.2024,8677236918878991
2030017992381,2024/12/25 20:48:19,НатальЯ василЬЕва,8(9681) 74-31,4,пОдпиСка На ГАзеТу,4,2177.54,222.46,CancelLEd,Ждём с нетерпением!,13.12.2024,6417523088497192
2030017992381,2024/12/25 20:48:19,НатальЯ василЬЕва,8(9681) 74-31,2,ИгрУшкА Мяч,2,564.31,35.69,caNCelled,Ждём с нетерпением!,13.12.2024,6417523088497192
2030017992381,2024/12/25 20:48:19,НатальЯ василЬЕва,8(9681) 74-31,5,молОкО,5,13896.02,1103.98,CanCellED,Ждём с нетерпением!,13.12.2024,6417523088497192
2030017992381,2024/12/25 20:48:19,НатальЯ василЬЕва,8(9681) 74-31,1,кОРМ Для сОБАК,4,1658.03,341.97,CANcElLEd,Ждём с нетерпением!,13.12.2024,6417523088497192
2030017991661,2024-12-08 23:15:04,марИя ПЕтРоВа,+7 9152 56 75,2,ИгРуШка МЯч,4,988.27,211.73,PrOcEsSING,подарок вовремя,01.12.2024,5697306053205417
2030017991661,2024-12-08 23:15:04,марИя ПЕтРоВа,+7 9152 56 75,4,пОДпИСка На гаЗЕтУ,1,550.95,49.05,procesSING,подарок вовремя,01.12.2024,5697306053205417
2030017991661,2024-12-08 23:15:04,марИя ПЕтРоВа,+7 9152 56 75,2,иГрУшКа Мяч,5,1434.27,65.73,PRoCESsiNg,подарок вовремя,01.12.2024,5697306053205417
2030017990198,2024-12-06 00:23:21,алекСей мИхайлов,+7 9146 64 69,1,КОрм для собак,4,1837.04,162.96,CompLEtEd,Всё отлично!,2024/12/15,2141109320407380
2030017989423,15.12.2024 13:12,миХАИЛ оРЛоВ,+7 9039 62 43,3,аМуНиЦИЯ ДлЯ СОБаК,5,5510.17,489.83,compLeTed,подарок вовремя,15.12.2024,0031464983894483
2030017988117,10.12.2024 12:25,ОЛЬГА кУзнецОВА,8(9014) 04-58,2,ИГрУШка МЯч,5,1205.66,294.34,cANcELLeD,спасибо за заказ,2024/12/09,4448038267207842
2030017988117,10.12.2024 12:25,ОЛЬГА кУзнецОВА,8(9014) 04-58,5,МОлоКО,1,2465.59,534.41,cancELLed,спасибо за заказ,2024/12/09,4448038267207842
2030017988117,10.12.2024 12:25,ОЛЬГА кУзнецОВА,8(9014) 04-58,3,аМуниция ДлЯ СобаК,4,4451.49,348.51,CAnceLleD,спасибо за заказ,2024/12/09,4448038267207842
2030017987153,2024-12-07 08:27:59,елеНА НОВиКова,+7(9623)57-36,3,АмуНиЦИЯ ДЛЯ СОБак,1,1179.5,20.5,cancelLed,Нужно уточнить сроки,14.12.2024,9367507582827933
2030017986602,2024-12-02 22:25:36,мАРИя пЕтрОВа,+7(9840)59-43,3,АМуНицИЯ ДЛЯ сОБАК,2,2338.73,61.27,COmPLeTED,спасибо за заказ,15.12.2024,9209245904672396
2030017985499,2024/12/23 09:37:37,АННА СМИРнОвА,8(9943) 09-11,1,Корм ДЛЯ собаК,1,444.41,55.59,CANCeLLEd,Всё отлично!,23.12.2024,6798031430617321
2030017985499,2024/12/23 09:37:37,АННА СМИРнОвА,8(9943) 09-11,4,ПоДПиска НА гАЗЕТУ,5,2957.24,42.76,cancElLED,Всё отлично!,23.12.2024,6798031430617321
2030017984865,2024-12-02 02:40:44,маРиЯ ПЕТрОВа,8(9830) 57-38,3,аМунИЦИя ДлЯ соБАк,1,963.21,236.79,ComPlEted,"Задержка с доставкой, печалька...",2024/12/05,9796279246752462
2030017984865,2024-12-02 02:40:44,маРиЯ ПЕТрОВа,8(9830) 57-38,2,игРушКА Мяч,2,570.27,29.73,COMpleTED,"Задержка с доставкой, печалька...",2024/12/05,9796279246752462
2030017984865,2024-12-02 02:40:44,маРиЯ ПЕТрОВа,8(9830) 57-38,3,амУниЦия дЛЯ сОбАк,3,3293.86,306.14,cOMpletED,"Задержка с доставкой, печалька...",2024/12/05,9796279246752462
2030017983692,2024/12/18 16:03:55,НАТАлья ваСиЛЬева,+7 9748 19 14,1,корМ ДлЯ собАК,5,2312.01,187.99,cAncELled,Проверить наличие,2024-12-08,9299302115043113
2030017983692,2024/12/18 16:03:55,НАТАлья ваСиЛЬева,+7 9748 19 14,4,ПодПИСКА На ГазЕту,5,2502.64,497.36,CANCEllEd,Проверить наличие,2024-12-08,9299302115043113
2030017983692,2024/12/18 16:03:55,НАТАлья ваСиЛЬева,+7 9748 19 14,2,ИгрУшкА Мяч,1,290.38,9.62,CanCeLleD,Проверить наличие,2024-12-08,9299302115043113
2030017983692,2024/12/18 16:03:55,НАТАлья ваСиЛЬева,+7 9748 19 14,4,поДПИСка на ГаЗЕТу,3,1630.01,169.99,caNcElLeD,Проверить наличие,2024-12-08,9299302115043113
2030017983692,2024/12/18 16:03:55,НАТАлья ваСиЛЬева,+7 9748 19 14,4,пОдпИСка НА гаЗЕту,2,1141.46,58.54,caNCElled,Проверить наличие,2024-12-08,9299302115043113
2030017982454,16.12.2024 06:33,НатАЛЬя вАсИЛЬЕвА,+7(9794)03-75,5,моЛоко,2,5003.38,996.62,cOMPLETEd,спасибо за заказ,09.12.2024,1125242826642676
2030017982454,16.12.2024 06:33,НатАЛЬя вАсИЛЬЕвА,+7(9794)03-75,5,моЛокО,1,2690.58,309.42,cOMPlETed,спасибо за заказ,09.12.2024,1125242826642676
2030017981159,2024-12-12 01:23:21,дмитрий КУЗНецов,+7(9305)80-66,1,корМ ДлЯ соБак,1,486.83,13.17,COMplEtEd,спасибо за заказ,2024-12-03,8980140789800529
2030017981159,2024-12-12 01:23:21,дмитрий КУЗНецов,+7(9305)80-66,1,кОрм Для соБаК,2,958.4,41.6,COMPlETeD,спасибо за заказ,2024-12-03,8980140789800529
2030017981159,2024-12-12 01:23:21,дмитрий КУЗНецов,+7(9305)80-66,4,ПодПисКа на гАЗЕтУ,1,527.33,72.67,CompleTEd,спасибо за заказ,2024-12-03,8980140789800529
2030017980811,2024-12-08 04:46:36,АлекСеЙ МиХаЙлОВ,8(9782) 43-25,5,молОКО,2,4833.76,1166.24,PROCEsSIng,Ждём с нетерпением!,2024/12/26,9983201716729984
2030017980811,2024-12-08 04:46:36,АлекСеЙ МиХаЙлОВ,8(9782) 43-25,4,ПОДпИСкА На гАзеТу,1,539.21,60.79,PrOceSsInG,Ждём с нетерпением!,2024/12/26,9983201716729984
2030017980811,2024-12-08 04:46:36,АлекСеЙ МиХаЙлОВ,8(9782) 43-25,1,КОрМ для СОБаК,4,1834.17,165.83,PrOCeSsinG,Ждём с нетерпением!,2024/12/26,9983201716729984
2030017980811,2024-12-08 04:46:36,АлекСеЙ МиХаЙлОВ,8(9782) 43-25,2,ИГРушка мяЧ,1,283.99,16.01,procesSing,Ждём с нетерпением!,2024/12/26,9983201716729984
2030017980811,2024-12-08 04:46:36,АлекСеЙ МиХаЙлОВ,8(9782) 43-25,5,МОЛоко,4,9664.43,2335.57,pRoCESsinG,Ждём с нетерпением!,2024/12/26,9983201716729984
2030017979555,2024/12/05 16:05:31,оЛьгА кУЗНецоВа,+7 9265 57 78,1,кОРМ дЛЯ собАк,1,480.26,19.74,PrOceSSinG,спасибо за заказ,06.12.2024,5751311045634010
2030017978257,2024-12-05 13:01:21,елеНа НОвИКоВА,8(9328) 62-66,3,АМуНИциЯ ДЛя сОБак,1,1128.98,71.02,cOmpleted,Проверить наличие,2024-12-03,2586709702776024
2030017978257,2024-12-05 13:01:21,елеНа НОвИКоВА,8(9328) 62-66,4,подпИСКа На гаЗеТу,5,2907.91,92.09,CoMPLeTed,Проверить наличие,2024-12-03,2586709702776024
2030017978257,2024-12-05 13:01:21,елеНа НОвИКоВА,8(9328) 62-66,5,МолОко,2,5932.92,67.08,COMplETed,Проверить наличие,2024-12-03,2586709702776024
2030017978257,2024-12-05 13:01:21,елеНа НОвИКоВА,8(9328) 62-66,3,АМУНИциЯ ДлЯ соБАк,1,1194.18,5.82,CoMPlETed,Проверить наличие,2024-12-03,2586709702776024
2030017978257,2024-12-05 13:01:21,елеНа НОвИКоВА,8(9328) 62-66,3,амуниЦия длЯ сОбак,1,1013.59,186.41,CompLEtED,Проверить наличие,2024-12-03,2586709702776024
2030017977654,2024/12/02 00:01:37,иВан иВаНОв,+7 9517 79 03,3,аМунИЦИя ДЛЯ СОбак,4,4177.93,622.07,PrOcEssINg,Всё отлично!,2024-12-26,8792344035723823
2030017976268,30.12.2024 22:19,МАриЯ петрОва,8(9598) 31-86,1,КоРм длЯ сОБак,2,875.74,124.26,ComPleted,Всё отлично!,2024/12/16,8764700075838689
2030017976268,30.12.2024 22:19,МАриЯ петрОва,8(9598) 31-86,2,иГРуШКа мЯч,3,818.27,81.73,COMPleteD,Всё отлично!,2024/12/16,8764700075838689
2030017976268,30.12.2024 22:19,МАриЯ петрОва,8(9598) 31-86,4,ПодпИСКа нА ГазЕтУ,2,1031.77,168.23,comPlETEd,Всё отлично!,2024/12/16,8764700075838689
2030017975832,2024-12-16 10:43:45,ДмИТрИй КузНецОВ,+7(9105)44-36,4,пОдПисКА НА гаЗЕТу,1,511.33,88.67,proCesSiNg,Ждём с нетерпением!,2024-12-05,0403743863651114
2030017974471,2024-12-09 21:48:20,дмиТрий кУзНЕцОв,+7(9897)83-93,1,КОрм длЯ собаК,3,1497.81,2.19,ProCessINg,подарок вовремя,2024-12-20,1789340216608602
2030017974471,2024-12-09 21:48:20,дмиТрий кУзНЕцОв,+7(9897)83-93,2,ИГРушка Мяч,2,504.36,95.64,pRoCEsSInG,подарок вовремя,2024-12-20,1789340216608602
2030017973572,16.12.2024 13:10,нАталЬЯ ВаСИЛьеВА,+7 9163 52 33,3,амунИЦИЯ длЯ СОбак,3,3268.44,331.56,cOmPLetED,Ждём с нетерпением!,2024/12/05,4349577468841611
2030017972969,20.12.2024 21:36,иВаН иВАноВ,8(9114) 74-39,2,иГРуШКа МяЧ,3,769.28,130.72,prOceSSiNg,спасибо за заказ,2024-12-18,6474647984818034
2030017971609,2024/12/05 10:06:07,иван ИвАнОВ,+7(9179)05-64,2,ИГРУШКА мЯЧ,2,545.41,54.59,caNCElleD,Нужно уточнить сроки,26.12.2024,0119027158739380
2030017970586,2024-12-12 20:02:52,дмиТРий кУзНЕЦоВ,8(9047) 71-46,5,МоЛокО,2,5018.77,981.23,CAncElLEd,спасибо за заказ,2024/12/17,1494960202668750
2030017969532,2024-12-24 00:37:04,ОльГа КУзнецовА,+7(9792)01-01,4,поДпИСкА На ГАзеТУ,4,1948.89,451.11,coMPleteD,"Задержка с доставкой, печалька...",27.12.2024,1290914500087272
2030017968922,2024-12-07 19:52:38,дмИТРИй кУЗнЕЦОВ,+7 9262 38 76,3,аМУниЦиЯ дЛЯ СобаК,3,2954.77,645.23,compLeTed,"Задержка с доставкой, печалька...",28.12.2024,2347224143265868
2030017968922,2024-12-07 19:52:38,дмИТРИй кУЗнЕЦОВ,+7 9262 38 76,5,моЛОкО,3,7646.69,1353.31,cOmPlETED,"Задержка с доставкой, печалька...",28.12.2024,2347224143265868
2030017968922,2024-12-07 19:52:38,дмИТРИй кУЗнЕЦОВ,+7 9262 38 76,3,АмунИЦИя ДЛЯ сОБАк,4,4251.71,548.29,coMplEted,"Задержка с доставкой, печалька...",28.12.2024,2347224143265868
2030017968922,2024-12-07 19:52:38,дмИТРИй кУЗнЕЦОВ,+7 9262 38 76,3,аМУнициЯ дЛя сОбАк,1,1142.76,57.24,coMPLetED,"Задержка с доставкой, печалька...",28.12.2024,2347224143265868
2030017968922,2024-12-07 19:52:38,дмИТРИй кУЗнЕЦОВ,+7 9262 38 76,3,АмУНиЦИЯ длЯ соБАк,1,1137.18,62.82,coMpLeTed,"Задержка с доставкой, печалька...",28.12.2024,2347224143265868
2030017967939,17.12.2024 11:18,иваН иваНОВ,+7(9432)26-18,2,иГрушка МяЧ,1,299.77,0.23,prOCeSSING,Нужно уточнить сроки,2024-12-04,5106133853412955
2030017967939,17.12.2024 11:18,иваН иваНОВ,+7(9432)26-18,2,ИГРуШКА МяЧ,4,986.69,213.31,ProCeSsing,Нужно уточнить сроки,2024-12-04,5106133853412955
2030017967939,17.12.2024 11:18,иваН иваНОВ,+7(9432)26-18,2,иГрУШКа мяч,5,1405.28,94.72,procESSINg,Нужно уточнить сроки,2024-12-04,5106133853412955
2030017967939,17.12.2024 11:18,иваН иваНОВ,+7(9432)26-18,2,иГРУШКА МЯч,3,737.17,162.83,prOCesSing,Нужно уточнить сроки,2024-12-04,5106133853412955
2030017966591,2024-12-19 09:42:17,натаЛьЯ ваСИлЬЕвА,8(9971) 41-68,1,КОРм дЛЯ СоБаК,4,1726.54,273.46,canceLleD,подарок вовремя,2024-12-15,7977939045454805
2030017966591,2024-12-19 09:42:17,натаЛьЯ ваСИлЬЕвА,8(9971) 41-68,1,коРМ ДЛЯ сОБаК,4,1732.0,268.0,caNcElLeD,подарок вовремя,2024-12-15,7977939045454805
2030017966591,2024-12-19 09:42:17,натаЛьЯ ваСИлЬЕвА,8(9971) 41-68,2,ИГрушКА МЯч,4,1143.21,56.79,CancELlED,подарок вовремя,2024-12-15,7977939045454805
2030017966591,2024-12-19 09:42:17,натаЛьЯ ваСИлЬЕвА,8(9971) 41-68,1,КОРМ дЛЯ сОБак,5,2064.26,435.74,cANCElleD,подарок вовремя,2024-12-15,7977939045454805
2030017966591,2024-12-19 09:42:17,натаЛьЯ ваСИлЬЕвА,8(9971) 41-68,2,ИгРУшКА МяЧ,4,960.05,239.95,CANCelLed,подарок вовремя,2024-12-15,7977939045454805
2030017965533,03.12.2024 13:23,АННА СМирНоВа,+7(9706)81-29,3,АМУНИцИЯ ДЛЯ сОБАк,5,5368.09,631.91,CaNCELlED,Всё отлично!,2024/12/09,0278680131700517
2030017965533,03.12.2024 13:23,АННА СМирНоВа,+7(9706)81-29,2,ИгрушКа МЯч,1,270.5,29.5,cAncelLEd,Всё отлично!,2024/12/09,0278680131700517
2030017964898,06.12.2024 19:18,аНнА смИрнова,8(9958) 19-24,2,иГруШКА МяЧ,4,1033.48,166.52,PROCESSIng,спасибо за заказ,26.12.2024,5605285723469844
2030017963753,2024/12/25 12:09:44,мАрия Петрова,+7(9870)75-89,3,АмуНИЦиЯ ДЛЯ СОбак,4,4205.44,594.56,CANcelLeD,Нужно уточнить сроки,2024/12/30,4286476261049753
2030017963753,2024/12/25 12:09:44,мАрия Петрова,+7(9870)75-89,1,КоРМ дЛЯ сОбак,3,1307.58,192.42,CaNCELlEd,Нужно уточнить сроки,2024/12/30,4286476261049753
2030017963753,2024/12/25 12:09:44,мАрия Петрова,+7(9870)75-89,3,амУНиЦиЯ ДлЯ сОБАк,5,5295.76,704.24,cANCEllEd,Нужно уточнить сроки,2024/12/30,4286476261049753
2030017962646,2024-12-10 18:16:48,ОЛЬГА куЗНЕцоВа,+7(9295)56-80,1,КорМ Для СобАК,5,2446.86,53.14,CompleTeD,"Задержка с доставкой, печалька...",06.12.2024,9142936616299622
2030017962646,2024-12-10 18:16:48,ОЛЬГА куЗНЕцоВа,+7(9295)56-80,5,МОЛоко,5,14723.82,276.18,COmPleTeD,"Задержка с доставкой, печалька...",06.12.2024,9142936616299622
2030017962646,2024-12-10 18:16:48,ОЛЬГА куЗНЕцоВа,+7(9295)56-80,2,иГрУШКА мяч,4,1033.68,166.32,COmpLETeD,"Задержка с доставкой, печалька...",06.12.2024,9142936616299622
2030017962646,2024-12-10 18:16:48,ОЛЬГА куЗНЕцоВа,+7(9295)56-80,4,ПОДПИсКА на газетУ,3,1796.32,3.68,COmPLetED,"Задержка с доставкой, печалька...",06.12.2024,9142936616299622
2030017962646,2024-12-10 18:16:48,ОЛЬГА куЗНЕцоВа,+7(9295)56-80,2,иГруШкА Мяч,3,823.62,76.38,COmPLETED,"Задержка с доставкой, печалька...",06.12.2024,9142936616299622
2030017961708,2024-12-20 14:37:32,мИхАиЛ орЛОВ,+7 9949 01 33,1,коРм дЛя СОбАК,1,430.65,69.35,ProCessinG,Проверить наличие,2024/12/03,8932954579091822
2030017961708,2024-12-20 14:37:32,мИхАиЛ орЛОВ,+7 9949 01 33,3,аМУНИЦия длЯ СОБАК,4,4710.1,89.9,prOcESSIng,Проверить наличие,2024/12/03,8932954579091822
2030017961708,2024-12-20 14:37:32,мИхАиЛ орЛОВ,+7 9949 01 33,4,ПодпискА нА ГАзетУ,4,2399.56,0.44,PRoceSSinG,Проверить наличие,2024/12/03,8932954579091822
2030017960858,2024-12-29 06:54:12,ДМитРИЙ кузнЕЦоВ,8(9102) 69-74,2,ИГруШкА Мяч,3,738.36,161.64,CAncEllEd,Ждём с нетерпением!,28.12.2024,4381404073954142
2030017960858,2024-12-29 06:54:12,ДМитРИЙ кузнЕЦоВ,8(9102) 69-74,2,ИгрУшКа МЯч,4,1184.39,15.61,cancEllEd,Ждём с нетерпением!,28.12.2024,4381404073954142
2030017960858,2024-12-29 06:54:12,ДМитРИЙ кузнЕЦоВ,8(9102) 69-74,5,МОлОко,5,13852.77,1147.23,CaNcELLeD,Ждём с нетерпением!,28.12.2024,4381404073954142
2030017959473,2024-12-13 05:21:38,иВАН ивАНОВ,+7 9893 51 95,3,АМуНИциЯ ДЛя сОбаК,5,5975.93,24.07,PRoCeSSing,"Задержка с доставкой, печалька...",2024-12-09,4329760176327875
2030017959473,2024-12-13 05:21:38,иВАН ивАНОВ,+7 9893 51 95,3,амУНИЦИЯ для собАК,1,1135.35,64.65,ProcESsing,"Задержка с доставкой, печалька...",2024-12-09,4329760176327875
2030017959473,2024-12-13 05:21:38,иВАН ивАНОВ,+7 9893 51 95,4,ПоДпИсКа на гАЗЕТу,4,2156.33,243.67,pRoCessiNG,"Задержка с доставкой, печалька...",2024-12-09,4329760176327875
2030017959473,2024-12-13 05:21:38,иВАН ивАНОВ,+7 9893 51 95,3,амуНИцИЯ длЯ сОБаК,2,2391.98,8.02,proCeSsIng,"Задержка с доставкой, печалька...",2024-12-09,4329760176327875
2030017958714,02.12.2024 05:36,МИХаИл оРЛоВ,8(9262) 91-72,1,коРМ ДЛя соБак,2,869.69,130.31,cANcellEd,подарок вовремя,26.12.2024,7696477704912019
2030017958714,02.12.2024 05:36,МИХаИл оРЛоВ,8(9262) 91-72,1,КорМ ДЛЯ сОбАК,4,1919.22,80.78,CANceLLeD,подарок вовремя,26.12.2024,7696477704912019
2030017958714,02.12.2024 05:36,МИХаИл оРЛоВ,8(9262) 91-72,1,КоРМ длЯ сОбАк,2,824.17,175.83,cAncellEd,подарок вовремя,26.12.2024,7696477704912019
2030017957727,2024/12/27 19:40:23,дМитРИй КузНЕцОВ,+7 9532 89 73,1,КоРм дЛЯ СОбаК,2,876.66,123.34,cOMpLEtEd,подарок вовремя,28.12.2024,3273392843959260
2030017957727,2024/12/27 19:40:23,дМитРИй КузНЕцОВ,+7 9532 89 73,3,АмуНИция Для сОбАк,4,4432.05,367.95,COMpLEteD,подарок вовремя,28.12.2024,3273392843959260
2030017957727,2024/12/27 19:40:23,дМитРИй КузНЕцОВ,+7 9532 89 73,1,КоРМ дЛя СоБАК,2,816.4,183.6,COMplETED,подарок вовремя,28.12.2024,3273392843959260
2030017957727,2024/12/27 19:40:23,дМитРИй КузНЕцОВ,+7 9532 89 73,1,КОрМ дЛЯ СОбаК,4,1884.49,115.51,cOmpLEted,подарок вовремя,28.12.2024,3273392843959260
2030017956318,2024/12/30 02:12:08,дмитРИй куЗНецов,+7(9190)79-13,2,ИГрУШка Мяч,5,1257.05,242.95,caNceLlEd,Нужно уточнить сроки,2024-12-26,0663857106705243
2030017956318,2024/12/30 02:12:08,дмитРИй куЗНецов,+7(9190)79-13,1,КОрМ ДЛя СобАК,4,1613.39,386.61,CanCELled,Нужно уточнить сроки,2024-12-26,0663857106705243
2030017956318,2024/12/30 02:12:08,дмитРИй куЗНецов,+7(9190)79-13,4,пОдпискА На гАзеТу,2,1174.93,25.07,CaNcElLed,Нужно уточнить сроки,2024-12-26,0663857106705243
2030017955448,2024/12/23 02:17:37,ОЛьГА кУзНеЦОвА,+7 9609 65 07,2,ИГруШКА МяЧ,2,561.77,38.23,caNCeLLED,спасибо за заказ,2024-12-24,4421723684725726
2030017954491,14.12.2024 14:30,сЕРгей СИдороВ,8(9519) 08-25,5,молоКо,1,2412.74,587.26,pRocEsSing,спасибо за заказ,29.12.2024,4808225788045524
2030017954491,14.12.2024 14:30,сЕРгей СИдороВ,8(9519) 08-25,3,АмУнИция дЛя СОБаК,1,1088.2,111.8,pRoCeSSIng,спасибо за заказ,29.12.2024,4808225788045524
2030017954491,14.12.2024 14:30,сЕРгей СИдороВ,8(9519) 08-25,2,игРУШкА МЯч,2,587.32,12.68,prOCEssInG,спасибо за заказ,29.12.2024,4808225788045524
2030017954491,14.12.2024 14:30,сЕРгей СИдороВ,8(9519) 08-25,5,мОЛоКО,3,8778.91,221.09,pRocESsIng,спасибо за заказ,29.12.2024,4808225788045524
2030017954491,14.12.2024 14:30,сЕРгей СИдороВ,8(9519) 08-25,5,МОлоКО,2,4948.15,1051.85,PROcesSING,спасибо за заказ,29.12.2024,4808225788045524
2030017953785,07.12.2024 17:25,дмИТрИЙ КуЗнеЦов,+7 9921 85 61,1,КоРм ДЛя СОБАК,3,1362.22,137.78,proCESSing,"Задержка с доставкой, печалька...",2024-12-17,7701412781548917
2030017953785,07.12.2024 17:25,дмИТрИЙ КуЗнеЦов,+7 9921 85 61,4,ПОДПИСКа на газету,4,2200.13,199.87,pRoCeSsING,"Задержка с доставкой, печалька...",2024-12-17,7701412781548917
2030017953785,07.12.2024 17:25,дмИТрИЙ КуЗнеЦов,+7 9921 85 61,3,АМуНИЦия ДЛЯ соБаК,2,2316.07,83.93,ProCeSsiNg,"Задержка с доставкой, печалька...",2024-12-17,7701412781548917
2030017953785,07.12.2024 17:25,дмИТрИЙ КуЗнеЦов,+7 9921 85 61,3,амуницИЯ ДЛЯ СобаК,5,5581.63,418.37,ProCessiNg,"Задержка с доставкой, печалька...",2024-12-17,7701412781548917
2030017953785,07.12.2024 17:25,дмИТрИЙ КуЗнеЦов,+7 9921 85 61,2,игрУшкА МЯч,1,290.59,9.41,PROcESsing,"Задержка с доставкой, печалька...",2024-12-17,7701412781548917
2030017952980,2024/12/01 00:42:34,михАИл ОрЛоВ,+7(9000)17-72,4,ПОдПИска НА ГАзЕтУ,4,1979.15,420.85,prOcesSiNG,подарок вовремя,25.12.2024,6737303558643970
2030017951225,11.12.2024 10:28,АЛекСей мИХайЛОВ,8(9675) 13-03,4,пОдпискА на гАзЕТу,1,589.13,10.87,COmPleTED,Ждём с нетерпением!,2024-12-09,3503737901379579
2030017951225,11.12.2024 10:28,АЛекСей мИХайЛОВ,8(9675) 13-03,3,амунИЦиЯ дЛЯ СоБак,1,974.56,225.44,coMpLETed,Ждём с нетерпением!,2024-12-09,3503737901379579
2030017951225,11.12.2024 10:28,АЛекСей мИХайЛОВ,8(9675) 13-03,2,ИГРУшКа мЯЧ,1,253.25,46.75,COMPleted,Ждём с нетерпением!,2024-12-09,3503737901379579
2030017951225,11.12.2024 10:28,АЛекСей мИХайЛОВ,8(9675) 13-03,4,ПоДпиСкА нА гАзету,2,1001.0,199.0,coMpleTeD,Ждём с нетерпением!,2024-12-09,3503737901379579
2030017951225,11.12.2024 10:28,АЛекСей мИХайЛОВ,8(9675) 13-03,3,АмуНИЦИя для сОБак,2,2116.36,283.64,CoMPLetEd,Ждём с нетерпением!,2024-12-09,3503737901379579
2030017950654,2024/12/10 15:12:23,мАриЯ ПетрОва,8(9323) 14-13,3,АМУнИЦИя ДлЯ СОбаК,4,4742.73,57.27,caNcELled,Нужно уточнить сроки,28.12.2024,6411887843669359
2030017950654,2024/12/10 15:12:23,мАриЯ ПетрОва,8(9323) 14-13,3,аМунИЦиЯ дЛЯ соБак,5,5751.58,248.42,CancElLed,Нужно уточнить сроки,28.12.2024,6411887843669359
2030017950654,2024/12/10 15:12:23,мАриЯ ПетрОва,8(9323) 14-13,1,кОрМ ДЛЯ СОбАК,1,486.92,13.08,cAnCeLlED,Нужно уточнить сроки,28.12.2024,6411887843669359
2030017949810,2024/12/07 12:17:15,аНна СмИрнОВА,8(9026) 11-34,1,корМ дЛЯ СобАК,2,917.05,82.95,cOmpLETEd,"Задержка с доставкой, печалька...",21.12.2024,4341135523976323
2030017949810,2024/12/07 12:17:15,аНна СмИрнОВА,8(9026) 11-34,2,ИГРУШКА мЯч,5,1268.34,231.66,coMpleTed,"Задержка с доставкой, печалька...",21.12.2024,4341135523976323
2030017949810,2024/12/07 12:17:15,аНна СмИрнОВА,8(9026) 11-34,4,подпиСкА нА ГаЗетУ,2,1178.07,21.93,coMPleTED,"Задержка с доставкой, печалька...",21.12.2024,4341135523976323
2030017948431,25.12.2024 22:01,МАрИя ПЕтРОВА,+7 9544 55 69,1,КОРМ ДЛя сОБаК,5,2337.66,162.34,CanCElleD,Всё отлично!,2024/12/25,5628340797343447
2030017948431,25.12.2024 22:01,МАрИя ПЕтРОВА,+7 9544 55 69,5,МоЛОКо,5,14891.47,108.53,CanCELleD,Всё отлично!,2024/12/25,5628340797343447
2030017948431,25.12.2024 22:01,МАрИя ПЕтРОВА,+7 9544 55 69,4,пОдПиСкА нА ГаЗеТУ,2,1112.56,87.44,CANcELlEd,Всё отлично!,2024/12/25,5628340797343447
2030017948431,25.12.2024 22:01,МАрИя ПЕтРОВА,+7 9544 55 69,1,кОРм дЛя СОБаК,5,2401.2,98.8,caNCElLED,Всё отлично!,2024/12/25,5628340797343447
2030017948431,25.12.2024 22:01,МАрИя ПЕтРОВА,+7 9544 55 69,2,иГрушКА МЯч,1,282.14,17.86,CancElleD,Всё отлично!,2024/12/25,5628340797343447
2030017947836,2024-12-24 14:54:18,СеРГЕЙ СидоРов,+7 9307 14 57,5,МОЛОКО,2,4820.28,1179.72,cOMpLETEd,Нужно уточнить сроки,2024-12-30,9401819351590065
2030017947836,2024-12-24 14:54:18,СеРГЕЙ СидоРов,+7 9307 14 57,1,КОРМ ДЛя СоБак,3,1275.39,224.61,cOmpLEteD,Нужно уточнить сроки,2024-12-30,9401819351590065
2030017947836,2024-12-24 14:54:18,СеРГЕЙ СидоРов,+7 9307 14 57,4,ПОДПиСКа нА газЕту,2,1152.88,47.12,COMPLeTEd,Нужно уточнить сроки,2024-12-30,9401819351590065
2030017946683,01.12.2024 04:43,ЕЛЕНА НовиКова,+7(9778)21-47,1,кОрм ДЛЯ сОБАк,2,976.11,23.89,processIng,Проверить наличие,05.12.2024,0794989009390848
2030017945540,29.12.2024 21:57,сеРГЕй СИдОРов,8(9444) 98-45,5,мОЛОкО,1,2878.37,121.63,cOMPleTed,Всё отлично!,2024-12-26,0924285480228010
2030017945540,29.12.2024 21:57,сеРГЕй СИдОРов,8(9444) 98-45,1,КОрм дЛя собак,3,1406.08,93.92,comPleted,Всё отлично!,2024-12-26,0924285480228010
2030017945540,29.12.2024 21:57,сеРГЕй СИдОРов,8(9444) 98-45,3,АмуниЦИя дЛя СОбАК,5,5023.5,976.5,ComPleTED,Всё отлично!,2024-12-26,0924285480228010
2030017944932,2024-12-09 13:39:36,СЕрГЕй СИдоРоВ,+7 9258 87 89,4,пОДПИСКА На ГАзЕту,2,1197.18,2.82,pRoCeSsIng,"Задержка с доставкой, печалька...",2024/12/26,8964703321335479
2030017944932,2024-12-09 13:39:36,СЕрГЕй СИдоРоВ,+7 9258 87 89,4,ПОДписка НА ГаЗеТУ,5,2457.18,542.82,pRoCesSINg,"Задержка с доставкой, печалька...",2024/12/26,8964703321335479
2030017943649,2024/12/23 12:45:22,дМИТриЙ кузнЕцов,+7 9042 00 49,1,корм для собАк,3,1483.35,16.65,CanceLlEd,Всё отлично!,2024/12/23,9618334373442246
2030017943649,2024/12/23 12:45:22,дМИТриЙ кузнЕцов,+7 9042 00 49,1,Корм ДЛЯ СоБАк,4,1629.65,370.35,CANCELlED,Всё отлично!,2024/12/23,9618334373442246
2030017943649,2024/12/23 12:45:22,дМИТриЙ кузнЕцов,+7 9042 00 49,5,МолОко,2,5440.8,559.2,cAnCeLLed,Всё отлично!,2024/12/23,9618334373442246
2030017942287,2024-12-16 13:33:25,нАТаЛьЯ ВАСилЬева,+7 9590 58 97,1,КОрМ ДЛЯ сОбАК,5,2383.91,116.09,cANCelLED,Ждём с нетерпением!,2024-12-26,6478289577791610
2030017941739,01.12.2024 14:37,АлеКсеЙ миХаЙлоВ,+7 9081 52 25,2,ИГрушкА мЯЧ,2,538.64,61.36,CaNCELlEd,спасибо за заказ,2024/12/19,7073291801230594
2030017941739,01.12.2024 14:37,АлеКсеЙ миХаЙлоВ,+7 9081 52 25,2,игрУШка мЯч,5,1394.95,105.05,canCELleD,спасибо за заказ,2024/12/19,7073291801230594
2030017941739,01.12.2024 14:37,АлеКсеЙ миХаЙлоВ,+7 9081 52 25,3,аМУницИЯ ДЛЯ Собак,1,1127.7,72.3,CANCelled,спасибо за заказ,2024/12/19,7073291801230594
2030017941739,01.12.2024 14:37,АлеКсеЙ миХаЙлоВ,+7 9081 52 25,3,аМУницИя длЯ собАк,4,3946.76,853.24,caNCElled,спасибо за заказ,2024/12/19,7073291801230594
2030017941739,01.12.2024 14:37,АлеКсеЙ миХаЙлоВ,+7 9081 52 25,4,пОдПИСка нА гАзЕту,2,1143.47,56.53,cANcELlEd,спасибо за заказ,2024/12/19,7073291801230594
2030017940373,07.12.2024 11:38,ОлЬГа кУЗНецовА,+7(9268)42-97,1,КОрм дЛЯ СОбАК,5,2175.5,324.5,coMpleted,подарок вовремя,28.12.2024,6650863838352425
2030017940373,07.12.2024 11:38,ОлЬГа кУЗНецовА,+7(9268)42-97,3,аМуНиция длЯ соБаК,2,2114.23,285.77,COMpLETED,подарок вовремя,28.12.2024,6650863838352425
2030017940373,07.12.2024 11:38,ОлЬГа кУЗНецовА,+7(9268)42-97,1,КоРм длЯ СОБАК,2,914.39,85.61,COmPLEted,подарок вовремя,28.12.2024,6650863838352425
2030017939325,2024/12/20 14:32:52,НАтАЛЬЯ ВаСильЕвА,+7 9774 68 87,5,МоЛоко,2,5862.85,137.15,cANceLLeD,"Задержка с доставкой, печалька...",2024/12/11,2658156495354849
2030017938500,01.12.2024 04:50,наТАЛЬЯ ВаСиЛьевА,+7 9667 77 64,3,АМУНИЦИя ДЛЯ СоБак,2,2021.56,378.44,proceSsINg,Нужно уточнить сроки,04.12.2024,4425914373547371
2030017938500,01.12.2024 04:50,наТАЛЬЯ ВаСиЛьевА,+7 9667 77 64,2,игруШкА Мяч,1,264.16,35.84,PROCeSsiNG,Нужно уточнить сроки,04.12.2024,4425914373547371
2030017937266,2024-12-25 17:19:41,НАТалья ваСИлЬЕвА,+7(9326)94-76,1,коРм длЯ сОбаК,4,1815.27,184.73,caNCElLEd,Ждём с нетерпением!,04.12.2024,0053491046716370
2030017937266,2024-12-25 17:19:41,НАТалья ваСИлЬЕвА,+7(9326)94-76,1,КОрМ длЯ СОБак,3,1412.62,87.38,canCeLLed,Ждём с нетерпением!,04.12.2024,0053491046716370
2030017937266,2024-12-25 17:19:41,НАТалья ваСИлЬЕвА,+7(9326)94-76,2,игрУшкА мЯч,2,550.53,49.47,CAncELlEd,Ждём с нетерпением!,04.12.2024,0053491046716370
2030017936139,2024/12/02 19:00:55,ИВаН иВаНоВ,+7 9119 40 04,5,моЛоКО,1,2615.81,384.19,pRocesSiNg,Нужно уточнить сроки,29.12.2024,4518251255929327
2030017936139,2024/12/02 19:00:55,ИВаН иВаНоВ,+7 9119 40 04,2,игРуШКа мЯч,4,1079.64,120.36,ProcEsSING,Нужно уточнить сроки,29.12.2024,4518251255929327
2030017935377,2024-12-02 07:21:03,ДмИтРий КузнЕЦоВ,+7 9255 48 25,1,кОРМ дЛя собаК,2,906.41,93.59,ComPlEted,спасибо за заказ,2024/12/22,5776620437552702
2030017935377,2024-12-02 07:21:03,ДмИтРий КузнЕЦоВ,+7 9255 48 25,2,иГрУШкА мяЧ,4,1195.17,4.83,coMPleted,спасибо за заказ,2024/12/22,5776620437552702
2030017935377,2024-12-02 07:21:03,ДмИтРий КузнЕЦоВ,+7 9255 48 25,2,ИГрУшКА МЯЧ,5,1276.71,223.29,coMPLEtEd,спасибо за заказ,2024/12/22,5776620437552702
2030017935377,2024-12-02 07:21:03,ДмИтРий КузнЕЦоВ,+7 9255 48 25,5,МОлоКо,5,14413.9,586.1,coMpLeTeD,спасибо за заказ,2024/12/22,5776620437552702
2030017935377,2024-12-02 07:21:03,ДмИтРий КузнЕЦоВ,+7 9255 48 25,4,подПИСКА НА ГаЗЕТУ,4,2085.2,314.8,cOMpLetEd,спасибо за заказ,2024/12/22,5776620437552702
2030017934667,2024/12/13 07:49:55,елЕнА НоВИкоВА,+7 9985 17 39,2,иГрушкА мЯч,2,523.92,76.08,PRocessINg,Ждём с нетерпением!,2024/12/13,7408596815164794
2030017934667,2024/12/13 07:49:55,елЕнА НоВИкоВА,+7 9985 17 39,3,аМунИЦИЯ ДЛЯ СоБАК,1,1159.64,40.36,PrOCESsInG,Ждём с нетерпением!,2024/12/13,7408596815164794
2030017934667,2024/12/13 07:49:55,елЕнА НоВИкоВА,+7 9985 17 39,5,мОЛоКО,4,10966.29,1033.71,PrOCESsing,Ждём с нетерпением!,2024/12/13,7408596815164794
2030017933454,2024/12/06 05:08:05,дМИТриЙ КУзНеЦоВ,+7(9115)47-70,3,амуниЦИЯ длЯ СоБАк,1,988.16,211.84,PROCessing,Нужно уточнить сроки,2024-12-21,1862072583552843
2030017933454,2024/12/06 05:08:05,дМИТриЙ КУзНеЦоВ,+7(9115)47-70,3,АМУНиЦиЯ для СОБак,3,3518.23,81.77,pROCesSINg,Нужно уточнить сроки,2024-12-21,1862072583552843
2030017933454,2024/12/06 05:08:05,дМИТриЙ КУзНеЦоВ,+7(9115)47-70,5,мОлоКо,5,12275.59,2724.41,PROcESsING,Нужно уточнить сроки,2024-12-21,1862072583552843
2030017933454,2024/12/06 05:08:05,дМИТриЙ КУзНеЦоВ,+7(9115)47-70,4,ПОдписКА На ГАзеТУ,4,2359.45,40.55,PrOCeSSinG,Нужно уточнить сроки,2024-12-21,1862072583552843
2030017933454,2024/12/06 05:08:05,дМИТриЙ КУзНеЦоВ,+7(9115)47-70,5,моЛоКо,1,2629.91,370.09,ProCeSSinG,Нужно уточнить сроки,2024-12-21,1862072583552843
2030017932923,2024-12-02 01:27:59,ИВаН иваНов,8(9783) 92-12,4,ПоДпиСка На ГазеТУ,4,2048.87,351.13,pRoCESSing,Нужно уточнить сроки,2024/12/28,7061257464954648
2030017931833,03.12.2024 22:42,еленА НОвИКовА,8(9128) 36-63,2,иГРуШкА МЯЧ,1,241.83,58.17,pROCeSSiNg,Проверить наличие,10.12.2024,6695080473114929
2030017930853,12.12.2024 19:57,МиХаиЛ ОРЛОВ,+7 9646 19 96,2,ИгРУШкА мяч,2,535.31,64.69,COMpLeteD,"Задержка с доставкой, печалька...",19.12.2024,9465291155775996
2030017930853,12.12.2024 19:57,МиХаиЛ ОРЛОВ,+7 9646 19 96,4,пОДПиСКА на ГаЗетУ,5,2865.08,134.92,COMPLETeD,"Задержка с доставкой, печалька...",19.12.2024,9465291155775996
2030017929999,2024/12/01 00:50:17,миХаиЛ ОрЛОВ,+7 9510 10 66,4,ПОдпИсКа нА ГаЗЕТУ,5,2808.86,191.14,COmPLEtEd,подарок вовремя,2024/12/20,9368214623444925
2030017929999,2024/12/01 00:50:17,миХаиЛ ОрЛОВ,+7 9510 10 66,5,моЛоко,4,10826.78,1173.22,COmpLeted,подарок вовремя,2024/12/20,9368214623444925
2030017928594,2024-12-14 08:20:12,АлЕкСЕй миХаЙлОВ,+7(9172)35-23,1,корм длЯ СобАК,3,1439.82,60.18,ComPLeteD,подарок вовремя,02.12.2024,6621493121700646
2030017928594,2024-12-14 08:20:12,АлЕкСЕй миХаЙлОВ,+7(9172)35-23,2,ИгРуШКа мЯч,3,780.55,119.45,cOmpLETeD,подарок вовремя,02.12.2024,6621493121700646
2030017928594,2024-12-14 08:20:12,АлЕкСЕй миХаЙлОВ,+7(9172)35-23,5,молокО,3,8239.49,760.51,cOmpletED,подарок вовремя,02.12.2024,6621493121700646
2030017928594,2024-12-14 08:20:12,АлЕкСЕй миХаЙлОВ,+7(9172)35-23,1,КорМ для СОбАК,1,423.39,76.61,CompLETeD,подарок вовремя,02.12.2024,6621493121700646
2030017928594,2024-12-14 08:20:12,АлЕкСЕй миХаЙлОВ,+7(9172)35-23,4,ПоДпИСка на ГаЗЕту,4,2172.88,227.12,CompLeTEd,подарок вовремя,02.12.2024,6621493121700646
2030017927298,14.12.2024 05:46,АННа СМИрНОва,8(9879) 06-54,5,МолокО,2,5494.29,505.71,CoMpletEd,спасибо за заказ,13.12.2024,8559562025926312
2030017926394,11.12.2024 00:28,миХАИЛ орЛоВ,+7(9109)67-57,3,аМУНицИЯ ДЛя соБаК,4,3940.89,859.11,PROcessiNg,"Задержка с доставкой, печалька...",18.12.2024,4497223602407633
2030017925697,2024/12/02 01:50:07,СеРгеЙ СИдОроВ,+7 9482 38 08,1,КоРм Для СОбак,1,473.23,26.77,CAncELLed,"Задержка с доставкой, печалька...",2024/12/10,6389766789448154
2030017925697,2024/12/02 01:50:07,СеРгеЙ СИдОроВ,+7 9482 38 08,5,мОЛоКО,2,4803.6,1196.4,cAnCELlEd,"Задержка с доставкой, печалька...",2024/12/10,6389766789448154
2030017925697,2024/12/02 01:50:07,СеРгеЙ СИдОроВ,+7 9482 38 08,1,КОРМ ДЛЯ СоБак,4,1863.4,136.6,cancELLeD,"Задержка с доставкой, печалька...",2024/12/10,6389766789448154
2030017924331,2024/12/30 18:30:30,дМИТРИй КУЗНЕЦоВ,8(9891) 19-29,2,ИгруШКА МЯЧ,5,1426.25,73.75,coMPleTEd,Проверить наличие,2024-12-13,2364647336715023
2030017924331,2024/12/30 18:30:30,дМИТРИй КУЗНЕЦоВ,8(9891) 19-29,2,иГрУШКА мяч,5,1361.87,138.13,cOMPLeted,Проверить наличие,2024-12-13,2364647336715023
2030017924331,2024/12/30 18:30:30,дМИТРИй КУЗНЕЦоВ,8(9891) 19-29,4,подПиСКА на гАзЕту,5,2807.88,192.12,cOMPLeted,Проверить наличие,2024-12-13,2364647336715023
2030017924331,2024/12/30 18:30:30,дМИТРИй КУЗНЕЦоВ,8(9891) 19-29,4,ПоДПИСКА НА ГаЗЕту,4,1935.99,464.01,cOMPlETED,Проверить наличие,2024-12-13,2364647336715023
2030017923268,19.12.2024 10:21,мИХаИЛ орЛОв,+7(9409)93-81,5,молоКО,2,5470.8,529.2,CaNcEllEd,спасибо за заказ,2024-12-29,0649459164973968
2030017923268,19.12.2024 10:21,мИХаИЛ орЛОв,+7(9409)93-81,1,КОРм дЛя сОбаК,4,1603.41,396.59,cancEllED,спасибо за заказ,2024-12-29,0649459164973968
2030017923268,19.12.2024 10:21,мИХаИЛ орЛОв,+7(9409)93-81,2,игрУшКА МЯч,3,898.46,1.54,CANCelLeD,спасибо за заказ,2024-12-29,0649459164973968
2030017923268,19.12.2024 10:21,мИХаИЛ орЛОв,+7(9409)93-81,5,мОЛОко,2,5563.13,436.87,CaNceLLeD,спасибо за заказ,2024-12-29,0649459164973968
2030017922541,2024/12/21 00:43:24,дмитРиЙ кузНеЦОв,+7(9871)24-22,3,АмуНИЦиЯ ДЛя СоБаК,2,2381.97,18.03,ProceSSInG,Всё отлично!,2024-12-31,1078526889506853
2030017922541,2024/12/21 00:43:24,дмитРиЙ кузНеЦОв,+7(9871)24-22,3,аМунИцИя дЛЯ Собак,3,3365.62,234.38,PROCessINg,Всё отлично!,2024-12-31,1078526889506853
2030017922541,2024/12/21 00:43:24,дмитРиЙ кузНеЦОв,+7(9871)24-22,3,АМУНиЦИЯ ДЛЯ СОБаК,5,5272.76,727.24,PrOCESSiNg,Всё отлично!,2024-12-31,1078526889506853
2030017921504,2024/12/20 10:17:28,елЕНа НОВИКова,+7(9897)16-83,5,молоко,5,12942.76,2057.24,ComplEted,Ждём с нетерпением!,2024-12-24,9554461244515187
2030017921504,2024/12/20 10:17:28,елЕНа НОВИКова,+7(9897)16-83,3,АмуНиЦия длЯ соБаК,4,4026.33,773.67,ComPLetEd,Ждём с нетерпением!,2024-12-24,9554461244515187
2030017921504,2024/12/20 10:17:28,елЕНа НОВИКова,+7(9897)16-83,5,МоЛоКо,1,2551.21,448.79,CoMpletED,Ждём с нетерпением!,2024-12-24,9554461244515187
2030017921504,2024/12/20 10:17:28,елЕНа НОВИКова,+7(9897)16-83,4,ПОДпИСкА На ГАЗЕту,1,551.47,48.53,COmpLeTeD,Ждём с нетерпением!,2024-12-24,9554461244515187
2030017920245,2024/12/07 22:20:07,натАЛья васильЕва,+7(9525)24-20,3,АМунИЦиЯ длЯ СоБаК,1,993.13,206.87,prOCessiNG,Проверить наличие,02.12.2024,6537357458395399
2030017920245,2024/12/07 22:20:07,натАЛья васильЕва,+7(9525)24-20,1,коРм Для СОБАк,1,485.94,14.06,proCEsSIng,Проверить наличие,02.12.2024,6537357458395399
2030017920245,2024/12/07 22:20:07,натАЛья васильЕва,+7(9525)24-20,2,ИГрушка мяч,4,1153.88,46.12,prOcessInG,Проверить наличие,02.12.2024,6537357458395399
2030017920245,2024/12/07 22:20:07,натАЛья васильЕва,+7(9525)24-20,3,амУНИЦия Для соБаК,1,1155.28,44.72,PrOcessIng,Проверить наличие,02.12.2024,6537357458395399
2030017920245,2024/12/07 22:20:07,натАЛья васильЕва,+7(9525)24-20,1,кОрм ДлЯ СОбАК,1,400.36,99.64,PrOCESSiNg,Проверить наличие,02.12.2024,6537357458395399
2030018175360,01.12.2024 22:06,марИя ПеТрОва,+7 9434 12 21,3,аМУНИцИЯ ДЛЯ собАк,4,4294.53,505.47,CANCeLlEd,Проверить наличие,16.12.2024,3432445345881908
2030018175360,01.12.2024 22:06,марИя ПеТрОва,+7 9434 12 21,1,КорМ длЯ СоБаК,2,821.5,178.5,CANCElleD,Проверить наличие,16.12.2024,3432445345881908
2030018174896,2024-12-17 13:31:24,Иван ивАНОв,8(9588) 54-09,2,иГрУШка мЯЧ,2,493.69,106.31,CANcELLeD,спасибо за заказ,2024/12/30,9209616503028075
2030018173855,29.12.2024 02:53,мАРИЯ петрОВА,+7(9753)50-20,3,амуницИЯ ДЛя соБАК,1,1028.26,171.74,cAnCElLED,Нужно уточнить сроки,2024/12/12,3286616031060918
2030018173855,29.12.2024 02:53,мАРИЯ петрОВА,+7(9753)50-20,4,подпиСКА НА газЕтУ,4,2072.93,327.07,caNCelleD,Нужно уточнить сроки,2024/12/12,3286616031060918
2030018172553,2024/12/22 23:40:27,нАТалЬя ВасилЬеВа,+7(9805)97-06,2,ИГруШКа мяЧ,5,1356.7,143.3,PRoCessiNg,Всё отлично!,2024/12/17,8175045091887821
2030018172553,2024/12/22 23:40:27,нАТалЬя ВасилЬеВа,+7(9805)97-06,2,игрУшКА мЯч,4,1173.95,26.05,prOceSsiNg,Всё отлично!,2024/12/17,8175045091887821
2030018172553,2024/12/22 23:40:27,нАТалЬя ВасилЬеВа,+7(9805)97-06,4,ПодПиСка На ГАЗетУ,2,1084.06,115.94,PROcESsinG,Всё отлично!,2024/12/17,8175045091887821
2030018171729,2024-12-27 08:07:21,серГЕй сиДОрОв,+7(9579)18-19,1,КОрМ ДЛя собАк,1,494.92,5.08,cOmPlEtED,Нужно уточнить сроки,19.12.2024,8138188675584586
2030018171729,2024-12-27 08:07:21,серГЕй сиДОрОв,+7(9579)18-19,4,ПОДпИсКА на гАзетУ,3,1608.55,191.45,comPlEtEd,Нужно уточнить сроки,19.12.2024,8138188675584586
2030018171729,2024-12-27 08:07:21,серГЕй сиДОрОв,+7(9579)18-19,2,ИгРушкА МяЧ,4,1096.42,103.58,cOMpLEteD,Нужно уточнить сроки,19.12.2024,8138188675584586
2030018171729,2024-12-27 08:07:21,серГЕй сиДОрОв,+7(9579)18-19,2,иГРУШКа МЯч,3,851.52,48.48,ComPLeTEd,Нужно уточнить сроки,19.12.2024,8138188675584586
2030018171729,2024-12-27 08:07:21,серГЕй сиДОрОв,+7(9579)18-19,2,ИгрУшКа МЯЧ,5,1479.5,20.5,CoMpLEtED,Нужно уточнить сроки,19.12.2024,8138188675584586
2030018170191,2024-12-02 00:21:18,сеРГеЙ сИДорОв,+7(9139)40-82,2,ИгРуШКа Мяч,5,1226.35,273.65,caNceLLeD,Ждём с нетерпением!,26.12.2024,7574425413653830
2030018170191,2024-12-02 00:21:18,сеРГеЙ сИДорОв,+7(9139)40-82,3,АмуНицИЯ дЛЯ СоБАК,3,3094.3,505.7,Cancelled,Ждём с нетерпением!,26.12.2024,7574425413653830
2030018170191,2024-12-02 00:21:18,сеРГеЙ сИДорОв,+7(9139)40-82,4,пОдПиСка НА газеТУ,1,492.88,107.12,cANcEllEd,Ждём с нетерпением!,26.12.2024,7574425413653830
2030018169794,15.12.2024 06:37,аНнА сМирНОва,8(9840) 41-36,4,поДпискА на гАзеТУ,4,2220.35,179.65,compleTED,Ждём с нетерпением!,2024-12-27,1266294368075382
2030018169794,15.12.2024 06:37,аНнА сМирНОва,8(9840) 41-36,3,аМуНИция для сОБаК,4,3925.91,874.09,coMpLETED,Ждём с нетерпением!,2024-12-27,1266294368075382
2030018168165,2024/12/12 14:04:33,АлЕкСеЙ миХаЙЛов,+7(9549)18-23,1,коРМ Для собАк,5,2399.5,100.5,COMPLEted,"Задержка с доставкой, печалька...",2024-12-05,8775352240151825
2030018168165,2024/12/12 14:04:33,АлЕкСеЙ миХаЙЛов,+7(9549)18-23,3,аМУНИция дЛя сОбАк,3,3501.57,98.43,comPlEted,"Задержка с доставкой, печалька...",2024-12-05,8775352240151825
2030018168165,2024/12/12 14:04:33,АлЕкСеЙ миХаЙЛов,+7(9549)18-23,1,КоРМ длЯ СОБаК,5,2048.74,451.26,COmPLETeD,"Задержка с доставкой, печалька...",2024-12-05,8775352240151825
2030018168165,2024/12/12 14:04:33,АлЕкСеЙ миХаЙЛов,+7(9549)18-23,4,ПОДПИсКа нА гАзЕту,5,2573.8,426.2,COMPLeTed,"Задержка с доставкой, печалька...",2024-12-05,8775352240151825
2030018168165,2024/12/12 14:04:33,АлЕкСеЙ миХаЙЛов,+7(9549)18-23,4,ПоДпиСкА На газету,2,1069.55,130.45,CoMPletEd,"Задержка с доставкой, печалька...",2024-12-05,8775352240151825
2030018167666,07.12.2024 19:46,наталЬя ВАсИльЕвА,+7 9854 12 37,2,ИгРУшкА мяЧ,4,1028.07,171.93,cOmPlETeD,Всё отлично!,21.12.2024,8467067078298403
2030018167666,07.12.2024 19:46,наталЬя ВАсИльЕвА,+7 9854 12 37,2,иГрУшКА мЯЧ,1,288.91,11.09,comPlEted,Всё отлично!,21.12.2024,8467067078298403
2030018167666,07.12.2024 19:46,наталЬя ВАсИльЕвА,+7 9854 12 37,3,АмуницИя ДЛЯ СОбАк,3,3097.5,502.5,CompLeTED,Всё отлично!,21.12.2024,8467067078298403
2030018167666,07.12.2024 19:46,наталЬя ВАсИльЕвА,+7 9854 12 37,3,АмуниЦия Для сОбаК,3,3370.44,229.56,COmpleTeD,Всё отлично!,21.12.2024,8467067078298403
2030018167666,07.12.2024 19:46,наталЬя ВАсИльЕвА,+7 9854 12 37,5,молОкО,4,11846.56,153.44,cOMPleTeD,Всё отлично!,21.12.2024,8467067078298403
2030018166526,2024/12/23 03:38:20,МАРИЯ ПЕтрОва,+7 9406 42 74,4,пОДпиСКА На гАЗЕТУ,5,2681.73,318.27,prOCESSiNG,Нужно уточнить сроки,2024-12-29,7971400642141902
2030018166526,2024/12/23 03:38:20,МАРИЯ ПЕтрОва,+7 9406 42 74,4,подПиска НА гаЗЕТу,5,2951.53,48.47,proCESSING,Нужно уточнить сроки,2024-12-29,7971400642141902
2030018166526,2024/12/23 03:38:20,МАРИЯ ПЕтрОва,+7 9406 42 74,2,иГрушКа МЯч,1,280.28,19.72,PROCesSing,Нужно уточнить сроки,2024-12-29,7971400642141902
2030018166526,2024/12/23 03:38:20,МАРИЯ ПЕтрОва,+7 9406 42 74,3,амунИЦия для соБаК,4,4006.92,793.08,PrOcESsINg,Нужно уточнить сроки,2024-12-29,7971400642141902
2030018165499,2024-12-08 17:24:48,ИВан иВанОВ,+7(9382)87-51,1,КоРМ ДлЯ СОБаК,2,849.81,150.19,CanCellEd,подарок вовремя,2024-12-08,5020711099865610
2030018165499,2024-12-08 17:24:48,ИВан иВанОВ,+7(9382)87-51,3,аМуниция дЛя СОБАк,4,3911.69,888.31,caNCELLed,подарок вовремя,2024-12-08,5020711099865610
2030018165499,2024-12-08 17:24:48,ИВан иВанОВ,+7(9382)87-51,1,КОРМ ДЛя СобАк,5,2355.68,144.32,cAncEllEd,подарок вовремя,2024-12-08,5020711099865610
2030018164643,2024-12-10 14:17:49,мАРИя пеТРова,8(9008) 53-94,3,амуНИция ДЛЯ собаК,5,5624.91,375.09,cOmplETED,Нужно уточнить сроки,2024-12-19,9597724513506201
2030018163562,19.12.2024 17:00,ЕЛЕна нОвиКова,8(9938) 51-57,3,АМуницИЯ для собАк,1,1106.59,93.41,PRoCeSsiNG,подарок вовремя,2024/12/31,0431429021150071
2030018163562,19.12.2024 17:00,ЕЛЕна нОвиКова,8(9938) 51-57,5,мОлОКО,1,2414.44,585.56,prOCESSiNG,подарок вовремя,2024/12/31,0431429021150071
2030018163562,19.12.2024 17:00,ЕЛЕна нОвиКова,8(9938) 51-57,4,ПоДпиСКа НА гАЗеТУ,4,2298.12,101.88,PROCESsInG,подарок вовремя,2024/12/31,0431429021150071
2030018163562,19.12.2024 17:00,ЕЛЕна нОвиКова,8(9938) 51-57,1,КоРм ДЛя Собак,4,1707.96,292.04,procesSING,подарок вовремя,2024/12/31,0431429021150071
2030018163562,19.12.2024 17:00,ЕЛЕна нОвиКова,8(9938) 51-57,5,МОлОко,3,8107.24,892.76,ProcesSInG,подарок вовремя,2024/12/31,0431429021150071
2030018162250,2024/12/16 09:19:32,оЛЬГА КуЗНецоВа,+7(9564)71-39,1,КОРм ДЛя сОБАК,1,435.11,64.89,caNCElLeD,"Задержка с доставкой, печалька...",30.12.2024,6185785909517692
2030018162250,2024/12/16 09:19:32,оЛЬГА КуЗНецоВа,+7(9564)71-39,4,ПОдПиСкА На ГАЗетУ,2,1180.19,19.81,canCeLled,"Задержка с доставкой, печалька...",30.12.2024,6185785909517692
2030018162250,2024/12/16 09:19:32,оЛЬГА КуЗНецоВа,+7(9564)71-39,4,подписКА НА ГАЗеТУ,1,562.02,37.98,canceLLED,"Задержка с доставкой, печалька...",30.12.2024,6185785909517692
2030018162250,2024/12/16 09:19:32,оЛЬГА КуЗНецоВа,+7(9564)71-39,4,ПоДПиСка На ГАзЕТу,3,1724.71,75.29,CaNcElled,"Задержка с доставкой, печалька...",30.12.2024,6185785909517692
2030018162250,2024/12/16 09:19:32,оЛЬГА КуЗНецоВа,+7(9564)71-39,2,иГРуШКА МЯч,4,1132.62,67.38,caNCeLleD,"Задержка с доставкой, печалька...",30.12.2024,6185785909517692
2030018161749,2024-12-28 05:26:32,дмИтрИй кУЗнЕцов,8(9425) 51-83,2,иГРУшка мЯч,1,272.97,27.03,CANcellED,Всё отлично!,13.12.2024,0209360991885996
2030018161749,2024-12-28 05:26:32,дмИтрИй кУЗнЕцов,8(9425) 51-83,2,ИГруШКА мяч,2,541.13,58.87,cANCEllED,Всё отлично!,13.12.2024,0209360991885996
2030018161749,2024-12-28 05:26:32,дмИтрИй кУЗнЕцов,8(9425) 51-83,5,МОлОКо,5,14936.72,63.28,caNCELled,Всё отлично!,13.12.2024,0209360991885996
2030018161749,2024-12-28 05:26:32,дмИтрИй кУЗнЕцов,8(9425) 51-83,2,игрУШКА МЯЧ,4,1021.41,178.59,CaNcELleD,Всё отлично!,13.12.2024,0209360991885996
2030018161749,2024-12-28 05:26:32,дмИтрИй кУЗнЕцов,8(9425) 51-83,1,корМ ДЛя сОБаК,2,998.62,1.38,cAncellEd,Всё отлично!,13.12.2024,0209360991885996
2030018160108,2024-12-31 05:20:33,мИхАИл оРЛОв,+7(9241)12-20,3,АМУниЦия ДЛя сОбаК,5,5852.6,147.4,cANcElled,спасибо за заказ,16.12.2024,7436292003997259
2030018160108,2024-12-31 05:20:33,мИхАИл оРЛОв,+7(9241)12-20,4,пОДпискА НА газЕтУ,3,1486.08,313.92,CanCellED,спасибо за заказ,16.12.2024,7436292003997259
2030018159607,2024/12/18 02:45:09,аннА смИРНоВА,+7(9385)08-56,1,корм ДЛя СОБАк,5,2440.15,59.85,ProCESsinG,"Задержка с доставкой, печалька...",2024-12-18,3884512319318994
2030018158948,2024-12-22 19:17:29,СЕргЕЙ сИдОРов,8(9993) 19-03,3,амуНициЯ Для СОБаК,2,2101.15,298.85,coMPLeTEd,Ждём с нетерпением!,2024/12/19,3306972063466996
2030018158948,2024-12-22 19:17:29,СЕргЕЙ сИдОРов,8(9993) 19-03,5,молОКо,2,5125.07,874.93,coMPLeTed,Ждём с нетерпением!,2024/12/19,3306972063466996
2030018158948,2024-12-22 19:17:29,СЕргЕЙ сИдОРов,8(9993) 19-03,1,корм ДЛя СОбАк,5,2091.42,408.58,ComPlEted,Ждём с нетерпением!,2024/12/19,3306972063466996
2030018157785,2024-12-17 13:01:42,ЕлеНА нОвИкОВА,8(9736) 70-57,4,поДписка На гАЗеТУ,3,1511.6,288.4,CaNcELLeD,Ждём с нетерпением!,2024/12/25,6554536448096323
2030018156522,2024/12/10 11:14:41,дМиТРИЙ КУзнецоВ,+7 9303 49 93,3,АМуНИцИЯ длЯ сОБАк,4,3877.82,922.18,pROcESsiNG,"Задержка с доставкой, печалька...",2024-12-30,8580384841177636
2030018156522,2024/12/10 11:14:41,дМиТРИЙ КУзнецоВ,+7 9303 49 93,1,КОРМ ДЛЯ сОбаК,3,1258.67,241.33,PRocesSIng,"Задержка с доставкой, печалька...",2024-12-30,8580384841177636
2030018156522,2024/12/10 11:14:41,дМиТРИЙ КУзнецоВ,+7 9303 49 93,5,мОлоКО,4,11566.67,433.33,PROcESsiNG,"Задержка с доставкой, печалька...",2024-12-30,8580384841177636
2030018156522,2024/12/10 11:14:41,дМиТРИЙ КУзнецоВ,+7 9303 49 93,5,Молоко,2,5834.11,165.89,proCessiNg,"Задержка с доставкой, печалька...",2024-12-30,8580384841177636
2030018156522,2024/12/10 11:14:41,дМиТРИЙ КУзнецоВ,+7 9303 49 93,5,моЛоКо,5,13460.35,1539.65,procEsSinG,"Задержка с доставкой, печалька...",2024-12-30,8580384841177636
2030018155796,2024/12/27 03:08:11,оЛЬга КузнеЦОва,+7(9183)50-03,1,КОрМ Для сОбак,5,2330.35,169.65,caNCellEd,Нужно уточнить сроки,2024/12/02,3790888780949606
2030018155796,2024/12/27 03:08:11,оЛЬга КузнеЦОва,+7(9183)50-03,5,моЛоко,3,7829.82,1170.18,cAncelLeD,Нужно уточнить сроки,2024/12/02,3790888780949606
2030018154834,2024/12/04 04:06:17,НАтаЛьЯ василЬеВа,+7 9091 50 63,5,моЛоко,2,4821.02,1178.98,COMPLeTed,спасибо за заказ,2024/12/08,5033609118961824
2030018154834,2024/12/04 04:06:17,НАтаЛьЯ василЬеВа,+7 9091 50 63,2,ИгРуШкА Мяч,4,1116.41,83.59,CoMPLEtED,спасибо за заказ,2024/12/08,5033609118961824
2030018154834,2024/12/04 04:06:17,НАтаЛьЯ василЬеВа,+7 9091 50 63,5,МоЛОКО,3,8508.4,491.6,COmpLETED,спасибо за заказ,2024/12/08,5033609118961824
2030018154834,2024/12/04 04:06:17,НАтаЛьЯ василЬеВа,+7 9091 50 63,2,ИгрУшкА мяЧ,2,586.41,13.59,CoMpLeTeD,спасибо за заказ,2024/12/08,5033609118961824
2030018153504,2024/12/03 10:49:32,АлЕКсЕЙ МИхайЛов,+7(9278)96-34,1,коРм Для СобаК,1,414.98,85.02,PrOCesSInG,спасибо за заказ,2024/12/25,0393926503093605
2030018153504,2024/12/03 10:49:32,АлЕКсЕЙ МИхайЛов,+7(9278)96-34,1,КОрМ для СОбаК,5,2454.53,45.47,prOceSSINg,спасибо за заказ,2024/12/25,0393926503093605
2030018153504,2024/12/03 10:49:32,АлЕКсЕЙ МИхайЛов,+7(9278)96-34,4,ПодПИСкА На ГаЗЕТУ,5,2909.05,90.95,pROCeSSing,спасибо за заказ,2024/12/25,0393926503093605
2030018153504,2024/12/03 10:49:32,АлЕКсЕЙ МИхайЛов,+7(9278)96-34,2,игрУШКа МЯЧ,2,558.25,41.75,pROcEssinG,спасибо за заказ,2024/12/25,0393926503093605
2030018152576,2024-12-14 22:40:51,нАтАЛья ВАсилЬеВа,8(9253) 60-94,2,игРУшка мЯч,5,1429.87,70.13,canCELLED,Ждём с нетерпением!,2024-12-03,1608848622082725
2030018152576,2024-12-14 22:40:51,нАтАЛья ВАсилЬеВа,8(9253) 60-94,4,ПодпИСКА на гаЗЕТУ,5,2534.66,465.34,caNcELLeD,Ждём с нетерпением!,2024-12-03,1608848622082725
2030018152576,2024-12-14 22:40:51,нАтАЛья ВАсилЬеВа,8(9253) 60-94,3,аМуНИЦиЯ ДЛя СобАк,2,2332.15,67.85,cAnCelLED,Ждём с нетерпением!,2024-12-03,1608848622082725
2030018152576,2024-12-14 22:40:51,нАтАЛья ВАсилЬеВа,8(9253) 60-94,3,АМУнИЦиЯ для сОбак,4,3944.23,855.77,CAncElLed,Ждём с нетерпением!,2024-12-03,1608848622082725
2030018152576,2024-12-14 22:40:51,нАтАЛья ВАсилЬеВа,8(9253) 60-94,1,кОрм ДЛя СоБАк,4,1957.74,42.26,CAnCELlED,Ждём с нетерпением!,2024-12-03,1608848622082725
2030018151363,2024-12-24 12:50:25,дМИтрИЙ КУЗнецоВ,+7(9143)68-48,5,МоЛОКО,5,12227.45,2772.55,CancELled,Проверить наличие,2024/12/07,3583835735153334
2030018151363,2024-12-24 12:50:25,дМИтрИЙ КУЗнецоВ,+7(9143)68-48,4,поДписКА На ГазЕту,1,526.12,73.88,CaNcellEd,Проверить наличие,2024/12/07,3583835735153334
2030018151363,2024-12-24 12:50:25,дМИтрИЙ КУЗнецоВ,+7(9143)68-48,3,амуНициЯ длЯ сОбАк,2,2282.71,117.29,caNcElleD,Проверить наличие,2024/12/07,3583835735153334
2030018151363,2024-12-24 12:50:25,дМИтрИЙ КУЗнецоВ,+7(9143)68-48,3,амунИцИЯ дЛя соБАк,5,5595.74,404.26,CAncELLEd,Проверить наличие,2024/12/07,3583835735153334
2030018151363,2024-12-24 12:50:25,дМИтрИЙ КУЗнецоВ,+7(9143)68-48,1,кОРм Для СоБаК,2,950.48,49.52,CaNCelLED,Проверить наличие,2024/12/07,3583835735153334
2030018150439,2024/12/03 22:49:43,ИВаН иВаНов,8(9787) 24-73,2,игРушка МЯч,3,861.19,38.81,cAnCElLed,Проверить наличие,2024/12/22,2051345394825762
2030018150439,2024/12/03 22:49:43,ИВаН иВаНов,8(9787) 24-73,1,КорМ дЛЯ СОБаК,5,2172.88,327.12,CANCElleD,Проверить наличие,2024/12/22,2051345394825762
2030018149774,2024-12-04 10:00:06,МиХАИл оРлОв,8(9100) 57-72,4,ПОДпИСКа нА ГАзЕтУ,2,1185.66,14.34,prOCEsSINg,Всё отлично!,15.12.2024,0294692221251950
2030018149774,2024-12-04 10:00:06,МиХАИл оРлОв,8(9100) 57-72,3,амУнИция Для СоБАк,1,1046.65,153.35,prOCESSing,Всё отлично!,15.12.2024,0294692221251950
2030018149774,2024-12-04 10:00:06,МиХАИл оРлОв,8(9100) 57-72,4,пОДПиска НА гАЗЕТУ,5,2452.94,547.06,prOcESsinG,Всё отлично!,15.12.2024,0294692221251950
2030018149774,2024-12-04 10:00:06,МиХАИл оРлОв,8(9100) 57-72,3,АмуНИЦия дЛя СоБАК,2,2133.28,266.72,PROCeSsInG,Всё отлично!,15.12.2024,0294692221251950
2030018149774,2024-12-04 10:00:06,МиХАИл оРлОв,8(9100) 57-72,4,пОдпИсКА НА ГаЗЕТУ,5,2986.11,13.89,PRocEssing,Всё отлично!,15.12.2024,0294692221251950
2030018148503,2024-12-21 17:38:49,анНА смиРНОВа,8(9956) 14-21,4,ПодПИСкА На ГаЗЕТУ,2,1033.27,166.73,cAnCelleD,спасибо за заказ,2024-12-31,4560428833951636
2030018148503,2024-12-21 17:38:49,анНА смиРНОВа,8(9956) 14-21,2,ИГРУшка мЯч,3,792.31,107.69,CanCeLLed,спасибо за заказ,2024-12-31,4560428833951636
2030018148503,2024-12-21 17:38:49,анНА смиРНОВа,8(9956) 14-21,2,иГРУШКА мЯч,3,745.56,154.44,cAncELLEd,спасибо за заказ,2024-12-31,4560428833951636
2030018148503,2024-12-21 17:38:49,анНА смиРНОВа,8(9956) 14-21,4,пОДпИска нА ГАЗЕТУ,5,2771.31,228.69,caNcElled,спасибо за заказ,2024-12-31,4560428833951636
2030018148503,2024-12-21 17:38:49,анНА смиРНОВа,8(9956) 14-21,2,ИГрУшка мЯЧ,3,813.53,86.47,caNCelLED,спасибо за заказ,2024-12-31,4560428833951636
2030018147896,21.12.2024 02:51,ЕлЕНА нОВИКовА,8(9187) 24-45,3,амУНиЦия дЛЯ собАк,1,1126.65,73.35,CaNcElled,Нужно уточнить сроки,2024/12/23,0640265189966236
2030018147896,21.12.2024 02:51,ЕлЕНА нОВИКовА,8(9187) 24-45,4,ПоДПискА на ГАзеТу,1,518.31,81.69,CanCElled,Нужно уточнить сроки,2024/12/23,0640265189966236
2030018147896,21.12.2024 02:51,ЕлЕНА нОВИКовА,8(9187) 24-45,4,ПодпИСКА НА гАЗеТУ,5,2712.41,287.59,CAncellED,Нужно уточнить сроки,2024/12/23,0640265189966236
2030018147896,21.12.2024 02:51,ЕлЕНА нОВИКовА,8(9187) 24-45,2,игРуШКа мЯч,5,1441.05,58.95,CANceLLEd,Нужно уточнить сроки,2024/12/23,0640265189966236
2030018147896,21.12.2024 02:51,ЕлЕНА нОВИКовА,8(9187) 24-45,2,иГРУшКА мЯч,2,597.05,2.95,caNcELled,Нужно уточнить сроки,2024/12/23,0640265189966236
2030018146971,2024-12-20 08:35:16,дмитрИЙ куЗнеЦОв,+7(9987)78-72,4,ПОДпИСКа НА гаЗЕту,4,2173.23,226.77,pROceSsINg,Всё отлично!,2024/12/02,8169492540386227
2030018146971,2024-12-20 08:35:16,дмитрИЙ куЗнеЦОв,+7(9987)78-72,4,ПоДписка На газЕТу,5,2861.79,138.21,PrOceSSIng,Всё отлично!,2024/12/02,8169492540386227
2030018146971,2024-12-20 08:35:16,дмитрИЙ куЗнеЦОв,+7(9987)78-72,1,кОРМ ДЛя СобаК,1,470.46,29.54,PrOcEssiNG,Всё отлично!,2024/12/02,8169492540386227
2030018146971,2024-12-20 08:35:16,дмитрИЙ куЗнеЦОв,+7(9987)78-72,3,АМУНИция дЛЯ СоБаК,3,3342.51,257.49,ProcEsSinG,Всё отлично!,2024/12/02,8169492540386227
2030018145564,2024/12/02 19:14:28,ЕЛЕНа нОВИкОва,8(9540) 18-47,4,ПОДПиСкА нА ГазетУ,3,1484.42,315.58,CAnCeLlEd,спасибо за заказ,2024-12-10,5535609324130742
2030018145564,2024/12/02 19:14:28,ЕЛЕНа нОВИкОва,8(9540) 18-47,5,молОкО,4,11335.66,664.34,cAncELLeD,спасибо за заказ,2024-12-10,5535609324130742
2030018144231,2024/12/06 05:21:12,МиХАИл орЛов,+7 9147 95 53,3,АМуницИЯ ДЛя сОбак,4,3947.77,852.23,cAnCeLLEd,Ждём с нетерпением!,09.12.2024,1855892868048089
2030018144231,2024/12/06 05:21:12,МиХАИл орЛов,+7 9147 95 53,2,ИГрУШКА МяЧ,1,281.41,18.59,caNCELLED,Ждём с нетерпением!,09.12.2024,1855892868048089
2030018143939,2024-12-22 18:46:50,анна СмирНовА,+7(9870)11-90,3,АмуницИя для СОбАк,1,1010.52,189.48,PrOCeSsiNg,Всё отлично!,01.12.2024,6709862017271544
2030018143939,2024-12-22 18:46:50,анна СмирНовА,+7(9870)11-90,1,КОрм ДЛя СоБАк,3,1429.45,70.55,proceSSinG,Всё отлично!,01.12.2024,6709862017271544
2030018143939,2024-12-22 18:46:50,анна СмирНовА,+7(9870)11-90,4,пОдПисКА На ГАзету,5,2593.83,406.17,pRoCESsing,Всё отлично!,01.12.2024,6709862017271544
2030018142444,2024-12-13 13:17:06,МАРия ПЕтрОВа,+7(9502)75-16,2,игРушКа МЯЧ,1,251.41,48.59,ProcEssiNG,спасибо за заказ,2024/12/30,8363669898100033
2030018142444,2024-12-13 13:17:06,МАРия ПЕтрОВа,+7(9502)75-16,5,МоЛокО,1,2421.62,578.38,prOcESSInG,спасибо за заказ,2024/12/30,8363669898100033
2030018142444,2024-12-13 13:17:06,МАРия ПЕтрОВа,+7(9502)75-16,5,МолОкО,5,14504.9,495.1,pRoCEsSing,спасибо за заказ,2024/12/30,8363669898100033
2030018142444,2024-12-13 13:17:06,МАРия ПЕтрОВа,+7(9502)75-16,1,кОрМ ДлЯ СобАк,5,2381.35,118.65,prOcESsinG,спасибо за заказ,2024/12/30,8363669898100033
2030018142444,2024-12-13 13:17:06,МАРия ПЕтрОВа,+7(9502)75-16,3,АМУнИция длЯ сОбАк,3,2965.23,634.77,PrOCeSsIng,спасибо за заказ,2024/12/30,8363669898100033
2030018141389,2024-12-28 04:24:50,АЛЕксеЙ МИХАЙЛов,+7(9061)08-63,2,ИгРУшкА мяЧ,3,817.25,82.75,cANcelLEd,спасибо за заказ,2024-12-06,8558800631255777
2030018140299,2024/12/20 09:03:09,МихАиЛ ОрЛоВ,+7 9573 16 09,2,ИгРУШкА МЯч,1,252.26,47.74,CanceLlEd,Всё отлично!,2024-12-05,4440291326534779
2030018140299,2024/12/20 09:03:09,МихАиЛ ОрЛоВ,+7 9573 16 09,4,пОдпИска НА гАзету,2,1037.44,162.56,canCELLeD,Всё отлично!,2024-12-05,4440291326534779
2030018140299,2024/12/20 09:03:09,МихАиЛ ОрЛоВ,+7 9573 16 09,1,коРм ДЛя собак,4,1783.76,216.24,CaNcelLeD,Всё отлично!,2024-12-05,4440291326534779
2030018139717,01.12.2024 08:04,алЕксеЙ миХАйлов,+7(9996)63-97,4,поДПисКА нА ГАзеТУ,4,2348.73,51.27,pRoceSsING,"Задержка с доставкой, печалька...",13.12.2024,5973232366536059
2030018139717,01.12.2024 08:04,алЕксеЙ миХАйлов,+7(9996)63-97,4,поДПиСКА НА ГАзЕтУ,1,554.72,45.28,ProCESSinG,"Задержка с доставкой, печалька...",13.12.2024,5973232366536059
2030018139717,01.12.2024 08:04,алЕксеЙ миХАйлов,+7(9996)63-97,4,ПоДПИсКа На ГАЗету,4,2021.3,378.7,pRocESsIng,"Задержка с доставкой, печалька...",13.12.2024,5973232366536059
2030018139717,01.12.2024 08:04,алЕксеЙ миХАйлов,+7(9996)63-97,4,ПОДпиСКА на гАзету,3,1689.67,110.33,procEsSiNG,"Задержка с доставкой, печалька...",13.12.2024,5973232366536059
2030018138348,18.12.2024 19:41,МАрИя ПЕТРовА,8(9469) 33-50,3,амуНИциЯ ДЛя сОбаК,2,2102.4,297.6,PrOCessIng,подарок вовремя,2024-12-28,3174391184430382
2030018138348,18.12.2024 19:41,МАрИя ПЕТРовА,8(9469) 33-50,3,аМунИциЯ Для соБАК,1,1035.81,164.19,prOCeSSInG,подарок вовремя,2024-12-28,3174391184430382
2030018138348,18.12.2024 19:41,МАрИя ПЕТРовА,8(9469) 33-50,1,кОрм дЛя собАК,4,1887.99,112.01,proCESsIng,подарок вовремя,2024-12-28,3174391184430382
2030018137608,16.12.2024 15:36,АлеКСЕЙ миХаЙЛов,+7(9206)37-65,3,амуНИцИя ДЛя соБАк,1,1141.16,58.84,CAncelLEd,Нужно уточнить сроки,2024/12/11,3310805077709916
2030018136175,05.12.2024 03:58,нАтАЛЬЯ вАсИлЬЕва,+7 9532 89 96,5,мОлОкО,2,5732.99,267.01,CaNcElLED,Всё отлично!,2024/12/06,2195523892686301
2030018135317,27.12.2024 23:36,елЕнА НОВикоВа,8(9567) 86-01,2,ИГруШкА МЯч,4,964.97,235.03,caNCelLeD,Всё отлично!,2024-12-25,0600504302146760
2030018135317,27.12.2024 23:36,елЕнА НОВикоВа,8(9567) 86-01,5,мОЛокО,5,12929.8,2070.2,CaNCeLled,Всё отлично!,2024-12-25,0600504302146760
2030018135317,27.12.2024 23:36,елЕнА НОВикоВа,8(9567) 86-01,5,мОЛОКо,5,12705.15,2294.85,CanceLleD,Всё отлично!,2024-12-25,0600504302146760
2030018135317,27.12.2024 23:36,елЕнА НОВикоВа,8(9567) 86-01,5,моЛОКо,1,2593.3,406.7,CaNCELLeD,Всё отлично!,2024-12-25,0600504302146760
2030018134199,22.12.2024 01:34,иВан ивАнОВ,8(9306) 65-08,3,АМуНициЯ ДлЯ собАк,5,5446.23,553.77,COMpleteD,подарок вовремя,2024/12/02,6547153804427453
2030018134199,22.12.2024 01:34,иВан ивАнОВ,8(9306) 65-08,5,МолОкО,2,5536.93,463.07,comPLeTED,подарок вовремя,2024/12/02,6547153804427453
2030018133593,2024/12/24 07:14:37,иВан ИВАНОв,+7 9157 39 35,4,ПОдПИСкА На ГАзеТу,1,480.94,119.06,CaNcelled,Проверить наличие,04.12.2024,7268228263193347
2030018133593,2024/12/24 07:14:37,иВан ИВАНОв,+7 9157 39 35,1,кОрм дЛЯ соБАК,5,2109.93,390.07,CAnCelLeD,Проверить наличие,04.12.2024,7268228263193347
2030018133593,2024/12/24 07:14:37,иВан ИВАНОв,+7 9157 39 35,5,МолОКО,4,10007.31,1992.69,canceLLeD,Проверить наличие,04.12.2024,7268228263193347
2030018132103,2024-12-09 21:31:51,СергЕй сИдоРов,8(9480) 25-87,2,ИГРУШКа МЯч,4,997.35,202.65,cANCelLed,Проверить наличие,2024/12/14,9197841007612980
2030018132103,2024-12-09 21:31:51,СергЕй сИдоРов,8(9480) 25-87,5,МоЛОКо,4,9896.91,2103.09,CancELLEd,Проверить наличие,2024/12/14,9197841007612980
2030018132103,2024-12-09 21:31:51,СергЕй сИдоРов,8(9480) 25-87,2,игРУШка МЯч,1,256.14,43.86,CaNceLLeD,Проверить наличие,2024/12/14,9197841007612980
2030018131400,2024-12-24 16:02:28,МихАиЛ оРлов,+7 9748 69 52,1,корм ДЛя сОбАК,1,419.55,80.45,CancElLED,Ждём с нетерпением!,2024-12-08,2233954372413488
2030018131400,2024-12-24 16:02:28,МихАиЛ оРлов,+7 9748 69 52,4,пОдписКА на гАЗету,3,1690.12,109.88,cANCellEd,Ждём с нетерпением!,2024-12-08,2233954372413488
2030018130538,2024/12/05 18:31:51,АлеКСей миХаЙЛов,8(9527) 80-36,3,АМУнИЦИЯ ДЛЯ СОБаК,3,3262.73,337.27,CAnCELLed,Проверить наличие,21.12.2024,8055128595287151
2030018129153,2024-12-20 13:22:56,дмИтрий КУзнЕЦОВ,+7 9615 38 27,1,кОРм ДлЯ СобАк,3,1445.58,54.42,ComPlEteD,Всё отлично!,2024/12/02,3260133369179912
2030018129153,2024-12-20 13:22:56,дмИтрий КУзнЕЦОВ,+7 9615 38 27,1,КОрМ Для СоБак,4,1791.52,208.48,CoMplETED,Всё отлично!,2024/12/02,3260133369179912
2030018128906,17.12.2024 05:57,АннА СМИрНОВа,+7(9965)43-62,2,иГРушКа МЯЧ,5,1208.77,291.23,ComPleted,спасибо за заказ,2024/12/12,5207068685968023
2030018128906,17.12.2024 05:57,АннА СМИрНОВа,+7(9965)43-62,1,Корм ДЛЯ собАк,2,851.55,148.45,COMPletED,спасибо за заказ,2024/12/12,5207068685968023
2030018128906,17.12.2024 05:57,АннА СМИрНОВа,+7(9965)43-62,2,ИгруШкА Мяч,2,489.96,110.04,cOMPlETEd,спасибо за заказ,2024/12/12,5207068685968023
2030018127451,2024-12-18 12:38:57,елЕна нОВиКОВа,+7 9144 69 03,5,мОЛОКО,2,5538.9,461.1,COmPleted,Проверить наличие,24.12.2024,3979447645134852
2030018127451,2024-12-18 12:38:57,елЕна нОВиКОВа,+7 9144 69 03,2,игРушка мЯЧ,1,295.87,4.13,cOmpLetED,Проверить наличие,24.12.2024,3979447645134852
2030018127451,2024-12-18 12:38:57,елЕна нОВиКОВа,+7 9144 69 03,3,АмУниция для СоБак,5,4836.66,1163.34,COMpLeTeD,Проверить наличие,24.12.2024,3979447645134852
2030018127451,2024-12-18 12:38:57,елЕна нОВиКОВа,+7 9144 69 03,1,КОРМ дЛЯ сОБАК,3,1360.51,139.49,CoMpLEted,Проверить наличие,24.12.2024,3979447645134852
2030018126838,25.12.2024 07:46,наТалья ваСилЬева,+7 9011 56 71,1,КоРМ для СобАк,1,436.14,63.86,PROceSsINg,Ждём с нетерпением!,2024-12-21,0839130706554140
2030018126838,25.12.2024 07:46,наТалья ваСилЬева,+7 9011 56 71,3,АмуНИцИЯ Для СОБАк,1,1065.72,134.28,PROcessInG,Ждём с нетерпением!,2024-12-21,0839130706554140
2030018126838,25.12.2024 07:46,наТалья ваСилЬева,+7 9011 56 71,3,АмУНиЦиЯ для соБак,3,3062.11,537.89,PrOceSSING,Ждём с нетерпением!,2024-12-21,0839130706554140
2030018125514,09.12.2024 16:37,ДМиТРий КузнЕцОв,8(9195) 35-19,1,КоРм дЛя соБАК,3,1311.41,188.59,CaNCELLeD,Нужно уточнить сроки,2024/12/29,0179358821642592
2030018125514,09.12.2024 16:37,ДМиТРий КузнЕцОв,8(9195) 35-19,3,аМУНИЦИЯ для сОбАк,1,1004.36,195.64,CAnCeLLeD,Нужно уточнить сроки,2024/12/29,0179358821642592
2030018124815,2024/12/27 10:33:43,сЕРГей СиДорОв,8(9846) 47-20,5,МолОКО,1,2534.58,465.42,COMPlEted,спасибо за заказ,2024/12/02,7416544344652022
2030018124815,2024/12/27 10:33:43,сЕРГей СиДорОв,8(9846) 47-20,4,поДПИСКА нА гАзеТУ,5,2566.33,433.67,COmPleTEd,спасибо за заказ,2024/12/02,7416544344652022
2030018124815,2024/12/27 10:33:43,сЕРГей СиДорОв,8(9846) 47-20,4,ПОДПиСКа НА гАзету,3,1593.85,206.15,COMPLETed,спасибо за заказ,2024/12/02,7416544344652022
2030018124815,2024/12/27 10:33:43,сЕРГей СиДорОв,8(9846) 47-20,4,поДпИСкА нА ГазЕТу,1,545.33,54.67,COmPlEted,спасибо за заказ,2024/12/02,7416544344652022
2030018123902,03.12.2024 22:50,ИВаН иВанОв,+7(9385)44-80,4,ПоДписКа на ГаЗету,3,1579.86,220.14,cANcELLed,Ждём с нетерпением!,17.12.2024,3910980950399976
2030018122643,2024-12-11 21:09:28,МАрИя ПеТРоВА,8(9195) 05-67,2,Игрушка Мяч,3,802.8,97.2,COmplEted,Ждём с нетерпением!,03.12.2024,0058395153294622
2030018122643,2024-12-11 21:09:28,МАрИя ПеТРоВА,8(9195) 05-67,5,МОлОкО,3,8124.69,875.31,COMPLeTeD,Ждём с нетерпением!,03.12.2024,0058395153294622
2030018122643,2024-12-11 21:09:28,МАрИя ПеТРоВА,8(9195) 05-67,2,ИгРуШКА МяЧ,1,291.05,8.95,coMPLeted,Ждём с нетерпением!,03.12.2024,0058395153294622
2030018122643,2024-12-11 21:09:28,МАрИя ПеТРоВА,8(9195) 05-67,4,ПОДПиСкА На гАзетУ,3,1558.47,241.53,completeD,Ждём с нетерпением!,03.12.2024,0058395153294622
2030018121710,2024-12-21 04:43:43,АННа сМиРНовА,+7(9222)70-81,2,ИГруШкА МЯч,1,297.5,2.5,COmPlEtEd,Проверить наличие,28.12.2024,5271044330281572
2030018121710,2024-12-21 04:43:43,АННа сМиРНовА,+7(9222)70-81,1,кОРм Для СобаК,3,1452.86,47.14,compLetED,Проверить наличие,28.12.2024,5271044330281572
2030018121710,2024-12-21 04:43:43,АННа сМиРНовА,+7(9222)70-81,1,КОрм дЛя СоБАК,5,2304.79,195.21,cOmPLEteD,Проверить наличие,28.12.2024,5271044330281572
2030018121710,2024-12-21 04:43:43,АННа сМиРНовА,+7(9222)70-81,2,игРуШка МЯч,4,987.86,212.14,ComPLEteD,Проверить наличие,28.12.2024,5271044330281572
2030018120758,2024/12/12 09:30:40,ОльгА КузНЕЦовА,8(9355) 01-72,1,корм ДЛя собАк,2,912.56,87.44,pROCESSiNg,Нужно уточнить сроки,2024/12/04,6321760614792053
2030018119831,2024/12/31 02:08:07,алЕКСеЙ МиХАйЛОВ,+7 9304 73 43,3,амУНИЦИЯ ДЛя СобАК,5,5418.56,581.44,pRoCeSSINg,"Задержка с доставкой, печалька...",2024-12-18,4951312858915553
2030018119831,2024/12/31 02:08:07,алЕКСеЙ МиХАйЛОВ,+7 9304 73 43,3,АМунИциЯ Для сОБАК,5,5450.95,549.05,prOCesSInG,"Задержка с доставкой, печалька...",2024-12-18,4951312858915553
2030018119831,2024/12/31 02:08:07,алЕКСеЙ МиХАйЛОВ,+7 9304 73 43,1,кОРм ДлЯ соБаК,5,2462.01,37.99,pRoCESSING,"Задержка с доставкой, печалька...",2024-12-18,4951312858915553
2030018119831,2024/12/31 02:08:07,алЕКСеЙ МиХАйЛОВ,+7 9304 73 43,4,ПОдПискА НА гАЗЕту,2,1021.91,178.09,prOceSsIng,"Задержка с доставкой, печалька...",2024-12-18,4951312858915553
2030018119831,2024/12/31 02:08:07,алЕКСеЙ МиХАйЛОВ,+7 9304 73 43,3,АмуНиция длЯ СоБАК,5,5716.63,283.37,prOCesSing,"Задержка с доставкой, печалька...",2024-12-18,4951312858915553
2030018118643,06.12.2024 11:33,МИхАИл орЛОВ,+7(9325)67-54,2,иГРуШКА мяЧ,3,898.52,1.48,proCessing,Проверить наличие,2024-12-28,9895376554294937
2030018118643,06.12.2024 11:33,МИхАИл орЛОВ,+7(9325)67-54,4,поДписКа на газету,4,2086.15,313.85,ProceSsing,Проверить наличие,2024-12-28,9895376554294937
2030018118643,06.12.2024 11:33,МИхАИл орЛОВ,+7(9325)67-54,1,кОРм для собаК,2,980.95,19.05,PROcEssING,Проверить наличие,2024-12-28,9895376554294937
2030018117668,12.12.2024 08:04,ДмитрИЙ кУзнЕцоВ,8(9894) 25-39,3,АМуНИция дЛя СОбАК,2,1971.08,428.92,cOMplETed,Ждём с нетерпением!,2024/12/26,9706993549076839
2030018117668,12.12.2024 08:04,ДмитрИЙ кУзнЕцоВ,8(9894) 25-39,4,ПОдПискА На ГАзЕТУ,1,595.75,4.25,COMPleTED,Ждём с нетерпением!,2024/12/26,9706993549076839
2030018117668,12.12.2024 08:04,ДмитрИЙ кУзнЕцоВ,8(9894) 25-39,1,КОрм ДлЯ СОБАК,5,2009.7,490.3,COmpLetEd,Ждём с нетерпением!,2024/12/26,9706993549076839
2030018116832,2024-12-09 15:41:31,ЕЛЕнА НОВИКОВа,+7 9102 91 33,5,МоЛоКО,4,11754.25,245.75,cOMPLETed,"Задержка с доставкой, печалька...",05.12.2024,7361641670597936
2030018116832,2024-12-09 15:41:31,ЕЛЕнА НОВИКОВа,+7 9102 91 33,2,ИГРУШКА МЯЧ,1,274.92,25.08,cOMPlEtEd,"Задержка с доставкой, печалька...",05.12.2024,7361641670597936
2030018116832,2024-12-09 15:41:31,ЕЛЕнА НОВИКОВа,+7 9102 91 33,2,иГРУШкА мЯч,4,992.43,207.57,COmplEteD,"Задержка с доставкой, печалька...",05.12.2024,7361641670597936
2030018116832,2024-12-09 15:41:31,ЕЛЕнА НОВИКОВа,+7 9102 91 33,2,ИгрУШкА МЯч,1,252.45,47.55,CoMPLeTED,"Задержка с доставкой, печалька...",05.12.2024,7361641670597936
2030018116832,2024-12-09 15:41:31,ЕЛЕнА НОВИКОВа,+7 9102 91 33,4,ПОДпискА нА гаЗЕту,5,2427.63,572.37,COMpLEted,"Задержка с доставкой, печалька...",05.12.2024,7361641670597936
2030018115230,2024-12-11 03:11:28,елЕНа НОВиКоВа,8(9531) 33-94,5,МолОКо,4,11985.95,14.05,COMPletEd,спасибо за заказ,2024-12-13,5648477971637410
2030018115230,2024-12-11 03:11:28,елЕНа НОВиКоВа,8(9531) 33-94,1,КорМ ДЛЯ СОБАК,2,839.04,160.96,comPlEteD,спасибо за заказ,2024-12-13,5648477971637410
2030018115230,2024-12-11 03:11:28,елЕНа НОВиКоВа,8(9531) 33-94,1,кОРМ для сОБАК,1,419.78,80.22,complEteD,спасибо за заказ,2024-12-13,5648477971637410
2030018115230,2024-12-11 03:11:28,елЕНа НОВиКоВа,8(9531) 33-94,1,КОрМ ДлЯ собак,5,2292.33,207.67,COmpLETEd,спасибо за заказ,2024-12-13,5648477971637410
2030018115230,2024-12-11 03:11:28,елЕНа НОВиКоВа,8(9531) 33-94,1,кОрм ДЛя соБак,4,1776.66,223.34,comPLeTeD,спасибо за заказ,2024-12-13,5648477971637410
2030018114702,2024/12/24 12:11:37,ДМИТРИЙ кУЗнЕцов,8(9583) 19-03,4,поДПИсКа НА гАзЕтУ,3,1740.16,59.84,CAnCeLleD,Ждём с нетерпением!,2024-12-15,2501917069513262
2030018114702,2024/12/24 12:11:37,ДМИТРИЙ кУЗнЕцов,8(9583) 19-03,2,ИГрУшка МЯЧ,4,1154.98,45.02,CanCeLLEd,Ждём с нетерпением!,2024-12-15,2501917069513262
2030018114702,2024/12/24 12:11:37,ДМИТРИЙ кУЗнЕцов,8(9583) 19-03,3,АмУНицИЯ длЯ СоБАК,1,1034.35,165.65,cAncElLEd,Ждём с нетерпением!,2024-12-15,2501917069513262
2030018113669,2024-12-11 21:13:38,олЬгА КуЗНеЦовА,8(9578) 35-79,3,амУницИЯ дЛЯ собаК,3,3300.08,299.92,COmplEtEd,спасибо за заказ,2024-12-18,9226663164889815
2030018113669,2024-12-11 21:13:38,олЬгА КуЗНеЦовА,8(9578) 35-79,2,ИГРУшКа мяч,5,1432.71,67.29,COMPLETeD,спасибо за заказ,2024-12-18,9226663164889815
2030018113669,2024-12-11 21:13:38,олЬгА КуЗНеЦовА,8(9578) 35-79,3,амУницИЯ ДЛя сОБАК,2,2273.49,126.51,ComPleTEd,спасибо за заказ,2024-12-18,9226663164889815
2030018113669,2024-12-11 21:13:38,олЬгА КуЗНеЦовА,8(9578) 35-79,1,корМ длЯ сОБАк,5,2177.25,322.75,CoMpLetED,спасибо за заказ,2024-12-18,9226663164889815
2030018113669,2024-12-11 21:13:38,олЬгА КуЗНеЦовА,8(9578) 35-79,1,корМ для собаК,3,1226.76,273.24,COMPlETeD,спасибо за заказ,2024-12-18,9226663164889815
2030018112552,2024/12/28 11:37:06,иВан ИВаНОв,8(9159) 93-98,5,моЛоКо,3,8524.62,475.38,COmPleTed,Нужно уточнить сроки,08.12.2024,6881606370195622
2030018112552,2024/12/28 11:37:06,иВан ИВаНОв,8(9159) 93-98,4,пОдпиСКА на ГазЕТу,3,1736.34,63.66,cOMpleted,Нужно уточнить сроки,08.12.2024,6881606370195622
2030018112552,2024/12/28 11:37:06,иВан ИВаНОв,8(9159) 93-98,3,амунициЯ Для сОбаК,1,1107.72,92.28,COmplETEd,Нужно уточнить сроки,08.12.2024,6881606370195622
2030018112552,2024/12/28 11:37:06,иВан ИВаНОв,8(9159) 93-98,2,иГруШКа МЯч,5,1436.78,63.22,coMplEtEd,Нужно уточнить сроки,08.12.2024,6881606370195622
2030018112552,2024/12/28 11:37:06,иВан ИВаНОв,8(9159) 93-98,5,МоЛоКо,2,5710.76,289.24,completeD,Нужно уточнить сроки,08.12.2024,6881606370195622
2030018111311,2024-12-24 04:20:34,Иван ИВАнОВ,8(9746) 97-45,2,игрушКА мЯЧ,1,269.03,30.97,cOMpleTEd,подарок вовремя,21.12.2024,7458100125908187
2030018111311,2024-12-24 04:20:34,Иван ИВАнОВ,8(9746) 97-45,5,мОлОко,4,11150.93,849.07,CoMPLETED,подарок вовремя,21.12.2024,7458100125908187
2030018111311,2024-12-24 04:20:34,Иван ИВАнОВ,8(9746) 97-45,2,ИгРУШка мЯЧ,2,584.28,15.72,ComPleTEd,подарок вовремя,21.12.2024,7458100125908187
2030018111311,2024-12-24 04:20:34,Иван ИВАнОВ,8(9746) 97-45,3,аМУНИЦИя дЛя сОбак,5,5696.64,303.36,coMpletEd,подарок вовремя,21.12.2024,7458100125908187
2030018111311,2024-12-24 04:20:34,Иван ИВАнОВ,8(9746) 97-45,3,АмуНиЦИя ДлЯ сОБак,2,2302.65,97.35,coMPletED,подарок вовремя,21.12.2024,7458100125908187
2030018110898,15.12.2024 20:34,еЛЕнА нОвиКОвА,+7 9202 57 02,4,пОДпиСКА нА ГаЗетУ,2,1181.58,18.42,cOmpLEtEd,подарок вовремя,23.12.2024,6460146681205400
2030018110898,15.12.2024 20:34,еЛЕнА нОвиКОвА,+7 9202 57 02,2,ИгРуШкА Мяч,5,1306.35,193.65,CompleTed,подарок вовремя,23.12.2024,6460146681205400
2030018109214,2024/12/24 03:58:32,иваН ивАНоВ,+7 9961 05 42,1,кОрм ДЛЯ сОбАК,1,485.56,14.44,ProCesSINg,спасибо за заказ,2024-12-23,0955342402556911
2030018109214,2024/12/24 03:58:32,иваН ивАНоВ,+7 9961 05 42,1,Корм дЛЯ собаК,4,1606.75,393.25,PrOCESsiNG,спасибо за заказ,2024-12-23,0955342402556911
2030018108645,17.12.2024 23:37,АЛЕксЕй МихайлОв,+7(9293)69-59,5,МОЛОкО,3,8828.2,171.8,coMPLETED,Ждём с нетерпением!,13.12.2024,8971883811172365
2030018107604,2024/12/23 11:19:07,мИхаИЛ ОРЛОВ,8(9391) 09-57,2,игРУшКа мяч,1,277.04,22.96,cAnCeLleD,Ждём с нетерпением!,29.12.2024,1717531144759405
2030018106758,2024/12/29 06:44:39,ЕлеНА ноВикова,+7(9988)41-82,5,МОлОКо,2,5684.42,315.58,ComPLeted,подарок вовремя,2024-12-13,4827716334020873
2030018106758,2024/12/29 06:44:39,ЕлеНА ноВикова,+7(9988)41-82,5,МолОко,2,5945.11,54.89,Completed,подарок вовремя,2024-12-13,4827716334020873
2030018106758,2024/12/29 06:44:39,ЕлеНА ноВикова,+7(9988)41-82,2,иГрУшка мЯЧ,5,1384.76,115.24,CoMPlEtED,подарок вовремя,2024-12-13,4827716334020873
2030018105114,2024-12-16 07:05:30,АлеКСЕй миХАЙлОв,+7(9856)25-17,2,ИГрУШкА МЯч,5,1327.43,172.57,COMPleteD,подарок вовремя,2024/12/13,4529658639281347
2030018105114,2024-12-16 07:05:30,АлеКСЕй миХАЙлОв,+7(9856)25-17,2,игрУШКа мЯч,3,803.42,96.58,cOMpLetED,подарок вовремя,2024/12/13,4529658639281347
2030018104124,2024-12-27 21:52:54,Елена ноВИКоВА,+7 9608 38 62,5,мОЛоКо,2,4889.57,1110.43,CAncElLed,подарок вовремя,09.12.2024,6564152775200326
2030018103310,2024/12/02 10:28:30,дмИТриЙ кУЗНеЦОв,+7(9101)99-34,3,АмУНицИЯ дЛЯ СоБак,5,5661.44,338.56,CANcelLED,подарок вовремя,15.12.2024,2622536197938534
2030018102870,09.12.2024 08:44,еЛеНА НОВиКОВА,8(9766) 08-96,2,игРУшКА Мяч,3,823.06,76.94,CAnCELLeD,Всё отлично!,2024-12-18,4810991772131083
2030018102870,09.12.2024 08:44,еЛеНА НОВиКОВА,8(9766) 08-96,2,ИГрУШка мяч,5,1453.25,46.75,caNceLLeD,Всё отлично!,2024-12-18,4810991772131083
2030018102870,09.12.2024 08:44,еЛеНА НОВиКОВА,8(9766) 08-96,5,МОЛОКО,2,5827.75,172.25,cANcelLed,Всё отлично!,2024-12-18,4810991772131083
2030018102870,09.12.2024 08:44,еЛеНА НОВиКОВА,8(9766) 08-96,3,аМуНицИЯ ДЛЯ СОБаК,2,2031.66,368.34,caNCELled,Всё отлично!,2024-12-18,4810991772131083
2030018102870,09.12.2024 08:44,еЛеНА НОВиКОВА,8(9766) 08-96,5,мОЛОкО,3,7671.26,1328.74,CAnCElLeD,Всё отлично!,2024-12-18,4810991772131083
2030018101229,2024-12-06 22:57:58,Анна СМиРНОва,+7(9012)69-99,5,МОЛОкО,2,4972.11,1027.89,COMpletEd,Всё отлично!,27.12.2024,4775571498714714
2030018101229,2024-12-06 22:57:58,Анна СМиРНОва,+7(9012)69-99,2,иГРУшкА МЯч,2,513.58,86.42,coMpLETED,Всё отлично!,27.12.2024,4775571498714714
2030018101229,2024-12-06 22:57:58,Анна СМиРНОва,+7(9012)69-99,2,игрУшКа МЯч,5,1348.89,151.11,COMpLeted,Всё отлично!,27.12.2024,4775571498714714
2030018101229,2024-12-06 22:57:58,Анна СМиРНОва,+7(9012)69-99,5,МолоКО,3,8866.63,133.37,coMpLEted,Всё отлично!,27.12.2024,4775571498714714
2030018101229,2024-12-06 22:57:58,Анна СМиРНОва,+7(9012)69-99,5,МОЛОКО,4,10282.5,1717.5,comPlETeD,Всё отлично!,27.12.2024,4775571498714714
2030018100181,2024/12/02 08:22:00,иВАн ИВАНов,8(9928) 87-35,2,иГруШКА мЯЧ,2,543.99,56.01,coMPlEtED,Всё отлично!,22.12.2024,4366426490143813
2030018100181,2024/12/02 08:22:00,иВАн ИВАНов,8(9928) 87-35,1,кОрм длЯ собак,1,430.51,69.49,CompLetED,Всё отлично!,22.12.2024,4366426490143813
2030018100181,2024/12/02 08:22:00,иВАн ИВАНов,8(9928) 87-35,4,поДпискА на ГазЕтУ,3,1672.23,127.77,COmpLEted,Всё отлично!,22.12.2024,4366426490143813
2030018100181,2024/12/02 08:22:00,иВАн ИВАНов,8(9928) 87-35,4,пОДпИСКА На гАЗетУ,1,597.71,2.29,CoMplETed,Всё отлично!,22.12.2024,4366426490143813
2030018099249,2024-12-07 00:21:58,иВАн ИваноВ,8(9114) 03-60,2,ИгРуШка мяЧ,4,1067.85,132.15,comPleTEd,Нужно уточнить сроки,2024-12-23,7604171740945877
2030018099249,2024-12-07 00:21:58,иВАн ИваноВ,8(9114) 03-60,5,моЛокО,4,9684.42,2315.58,ComplEted,Нужно уточнить сроки,2024-12-23,7604171740945877
2030018099249,2024-12-07 00:21:58,иВАн ИваноВ,8(9114) 03-60,1,КОРМ дЛя сОбак,3,1224.9,275.1,CoMplETed,Нужно уточнить сроки,2024-12-23,7604171740945877
2030018099249,2024-12-07 00:21:58,иВАн ИваноВ,8(9114) 03-60,1,коРм для СобаК,2,929.6,70.4,cOMPlETED,Нужно уточнить сроки,2024-12-23,7604171740945877
2030018099249,2024-12-07 00:21:58,иВАн ИваноВ,8(9114) 03-60,5,МоЛоКо,3,8169.24,830.76,cOMpLEteD,Нужно уточнить сроки,2024-12-23,7604171740945877
2030018098963,17.12.2024 23:32,нАтальЯ ваСиЛЬЕВА,+7(9819)17-00,1,КоРМ ДлЯ сОБак,2,990.65,9.35,CAncELleD,подарок вовремя,14.12.2024,9049140632641204
2030018098963,17.12.2024 23:32,нАтальЯ ваСиЛЬЕВА,+7(9819)17-00,4,ПОдпиСКа На ГАЗеТУ,4,2023.11,376.89,CAncELled,подарок вовремя,14.12.2024,9049140632641204
2030018098963,17.12.2024 23:32,нАтальЯ ваСиЛЬЕВА,+7(9819)17-00,5,МолОкО,2,4934.05,1065.95,canCelleD,подарок вовремя,14.12.2024,9049140632641204
2030018097605,2024-12-30 08:02:59,НАтАЛЬЯ ВАсилЬЕВА,+7 9426 69 88,2,иГРуШКА МЯЧ,5,1441.23,58.77,cANcElLED,Ждём с нетерпением!,2024-12-27,5825177501216923
2030018097605,2024-12-30 08:02:59,НАтАЛЬЯ ВАсилЬЕВА,+7 9426 69 88,5,МоЛоКо,3,8197.05,802.95,caNCellED,Ждём с нетерпением!,2024-12-27,5825177501216923
2030018097605,2024-12-30 08:02:59,НАтАЛЬЯ ВАсилЬЕВА,+7 9426 69 88,2,иГРУшКА мяЧ,4,1069.83,130.17,CancEllEd,Ждём с нетерпением!,2024-12-27,5825177501216923
2030018097605,2024-12-30 08:02:59,НАтАЛЬЯ ВАсилЬЕВА,+7 9426 69 88,4,ПОдпИсКа нА гаЗету,4,1968.27,431.73,cANCELled,Ждём с нетерпением!,2024-12-27,5825177501216923
2030018097605,2024-12-30 08:02:59,НАтАЛЬЯ ВАсилЬЕВА,+7 9426 69 88,1,КОРМ для сОБак,3,1275.08,224.92,canceLLed,Ждём с нетерпением!,2024-12-27,5825177501216923
2030018096626,04.12.2024 18:34,МИхаиЛ Орлов,+7 9182 54 87,5,мОлОКО,1,2879.71,120.29,proCeSSING,Нужно уточнить сроки,18.12.2024,6179987266265584
2030018096626,04.12.2024 18:34,МИхаиЛ Орлов,+7 9182 54 87,1,КОРм длЯ СОбАк,5,2181.87,318.13,pRocESsING,Нужно уточнить сроки,18.12.2024,6179987266265584
2030018096626,04.12.2024 18:34,МИхаиЛ Орлов,+7 9182 54 87,5,мОлОКО,3,8486.67,513.33,PrOCEsSING,Нужно уточнить сроки,18.12.2024,6179987266265584
2030018096626,04.12.2024 18:34,МИхаиЛ Орлов,+7 9182 54 87,5,МОлОКо,4,10671.51,1328.49,pROCESsINg,Нужно уточнить сроки,18.12.2024,6179987266265584
2030018096626,04.12.2024 18:34,МИхаиЛ Орлов,+7 9182 54 87,4,поДПИскА НА ГазЕтУ,5,2406.72,593.28,pRoCessIng,Нужно уточнить сроки,18.12.2024,6179987266265584
2030018095338,2024-12-25 07:22:39,сЕргей сИдОРов,8(9309) 18-86,5,молОко,1,2833.36,166.64,prOCesSiNg,Ждём с нетерпением!,2024/12/26,5063004680336964
2030018095338,2024-12-25 07:22:39,сЕргей сИдОРов,8(9309) 18-86,3,амУниция ДЛя соБак,1,1187.65,12.35,prOCESSinG,Ждём с нетерпением!,2024/12/26,5063004680336964
2030018094856,2024-12-13 23:09:51,МИхАИЛ оРЛОВ,8(9240) 39-33,3,АмунИцИЯ для сОБак,2,2047.54,352.46,caNcellED,Всё отлично!,2024/12/16,6098576753073587
2030018094856,2024-12-13 23:09:51,МИхАИЛ оРЛОВ,8(9240) 39-33,4,пОдПиска нА гАзеТу,5,2993.36,6.64,cAncELlEd,Всё отлично!,2024/12/16,6098576753073587
2030018093529,2024/12/31 11:20:14,наТальЯ ваСилЬеВА,+7 9483 01 61,4,пОДПИсКА на ГАЗеТу,4,2088.07,311.93,CoMpLEtEd,Проверить наличие,2024/12/09,6500661899504044
2030018093529,2024/12/31 11:20:14,наТальЯ ваСилЬеВА,+7 9483 01 61,5,МОЛОКО,2,4928.62,1071.38,ComplEtEd,Проверить наличие,2024/12/09,6500661899504044
2030018092858,2024/12/06 08:08:05,ИВан ИВанов,8(9260) 36-64,1,КОРМ ДЛя собаК,4,1983.38,16.62,pROCeSsING,спасибо за заказ,03.12.2024,7845662140388941
2030018092858,2024/12/06 08:08:05,ИВан ИВанов,8(9260) 36-64,4,ПоДпИскА нА ГАЗеТу,1,581.51,18.49,ProcEsSING,спасибо за заказ,03.12.2024,7845662140388941
2030018092858,2024/12/06 08:08:05,ИВан ИВанов,8(9260) 36-64,5,МоЛОКо,5,13656.28,1343.72,pRocessiNG,спасибо за заказ,03.12.2024,7845662140388941
2030018091324,14.12.2024 22:50,анНа смИрнова,8(9886) 41-70,2,игРуШКА мяЧ,5,1223.73,276.27,proCEssING,Нужно уточнить сроки,22.12.2024,2781746250294112
2030018091324,14.12.2024 22:50,анНа смИрнова,8(9886) 41-70,4,ПОдПисКА НА ГазеТу,2,1039.99,160.01,ProCESsinG,Нужно уточнить сроки,22.12.2024,2781746250294112
2030018091324,14.12.2024 22:50,анНа смИрнова,8(9886) 41-70,2,игрушка мяЧ,5,1275.12,224.88,PROceSsINg,Нужно уточнить сроки,22.12.2024,2781746250294112
2030018090696,18.12.2024 23:47,ОлЬгА КУЗнеЦОВа,8(9621) 17-14,5,МОЛоко,5,12900.1,2099.9,ComPLeTED,спасибо за заказ,2024/12/20,5709970018092461
2030018090696,18.12.2024 23:47,ОлЬгА КУЗнеЦОВа,8(9621) 17-14,1,КОРМ ДЛя сОбаК,2,982.51,17.49,coMPLETEd,спасибо за заказ,2024/12/20,5709970018092461
2030018090696,18.12.2024 23:47,ОлЬгА КУЗнеЦОВа,8(9621) 17-14,5,МолОко,2,4914.38,1085.62,ComplEted,спасибо за заказ,2024/12/20,5709970018092461
2030018090696,18.12.2024 23:47,ОлЬгА КУЗнеЦОВа,8(9621) 17-14,1,КоРм для сОБак,2,967.92,32.08,COMpLeTed,спасибо за заказ,2024/12/20,5709970018092461
2030018089239,08.12.2024 18:19,МИхАИЛ ОРЛов,8(9780) 10-97,3,амУнИЦИя дЛЯ СОБак,3,3315.4,284.6,PrOCessIng,подарок вовремя,10.12.2024,8140483092544594
2030018089239,08.12.2024 18:19,МИхАИЛ ОРЛов,8(9780) 10-97,1,корМ для Собак,5,2064.34,435.66,PrOceSsING,подарок вовремя,10.12.2024,8140483092544594
2030018088332,2024/12/06 21:25:04,иваН иВаНов,8(9978) 70-01,2,ИГРУШКа Мяч,3,866.82,33.18,CaNcELlEd,подарок вовремя,04.12.2024,3653937763741885
2030018088332,2024/12/06 21:25:04,иваН иВаНов,8(9978) 70-01,2,игРУШКА МяЧ,3,877.78,22.22,CanCeLLed,подарок вовремя,04.12.2024,3653937763741885
2030018088332,2024/12/06 21:25:04,иваН иВаНов,8(9978) 70-01,4,пОдпиСКА на ГАзеТу,4,1984.33,415.67,caNCELleD,подарок вовремя,04.12.2024,3653937763741885
2030018087660,02.12.2024 11:13,МаРИЯ ПЕтРоВА,+7 9738 78 07,5,мОЛоко,5,14142.56,857.44,procEssIng,Проверить наличие,04.12.2024,4148770442109772
2030018087660,02.12.2024 11:13,МаРИЯ ПЕтРоВА,+7 9738 78 07,5,моЛокО,1,2926.18,73.82,pROCEsSIng,Проверить наличие,04.12.2024,4148770442109772
2030018087660,02.12.2024 11:13,МаРИЯ ПЕтРоВА,+7 9738 78 07,4,пОДписКа нА гАзЕТУ,5,2452.9,547.1,PRoCESsINg,Проверить наличие,04.12.2024,4148770442109772
2030018086692,2024-12-02 15:39:36,ИВАН ивАНоВ,8(9301) 11-28,4,ПОдПИСкА нА ГазЕту,4,2112.32,287.68,caNceLLED,подарок вовремя,2024/12/04,8079755374291910
2030018085830,2024/12/10 09:01:44,ДмиТрий КУЗнеЦоВ,+7(9562)76-71,1,кОрм ДЛЯ СоБАк,2,802.82,197.18,pROCeSSIng,Ждём с нетерпением!,2024-12-15,0840368281675006
2030018085830,2024/12/10 09:01:44,ДмиТрий КУЗнеЦоВ,+7(9562)76-71,3,АМУНИциЯ ДЛя соБАК,2,2371.98,28.02,PROcessING,Ждём с нетерпением!,2024-12-15,0840368281675006
2030018085830,2024/12/10 09:01:44,ДмиТрий КУЗнеЦоВ,+7(9562)76-71,2,ИГРУШКа МяЧ,5,1334.31,165.69,PrOCeSsInG,Ждём с нетерпением!,2024-12-15,0840368281675006
2030018084356,31.12.2024 12:31,НАТАлья ВасиЛьева,+7(9385)65-04,3,амуНициЯ ДлЯ собАк,4,4736.52,63.48,CaNCElleD,Ждём с нетерпением!,17.12.2024,5274166473985871
2030018084356,31.12.2024 12:31,НАТАлья ВасиЛьева,+7(9385)65-04,5,МОлоКО,4,11420.12,579.88,cAnCElLED,Ждём с нетерпением!,17.12.2024,5274166473985871
2030018084356,31.12.2024 12:31,НАТАлья ВасиЛьева,+7(9385)65-04,2,игрушка мЯч,5,1273.41,226.59,CAnCELleD,Ждём с нетерпением!,17.12.2024,5274166473985871
2030018084356,31.12.2024 12:31,НАТАлья ВасиЛьева,+7(9385)65-04,1,КОРм ДЛя СоБак,2,924.65,75.35,CAncELleD,Ждём с нетерпением!,17.12.2024,5274166473985871
2030018083404,2024/12/06 09:39:22,НАтаЛьЯ ВАсильЕВА,+7 9581 11 07,5,мОЛОкО,5,13786.02,1213.98,CoMplETeD,спасибо за заказ,2024/12/24,6165805870119988
2030018083404,2024/12/06 09:39:22,НАтаЛьЯ ВАсильЕВА,+7 9581 11 07,3,аМУНицИЯ ДЛЯ СОбак,5,4856.74,1143.26,cOmplETEd,спасибо за заказ,2024/12/24,6165805870119988
2030018083404,2024/12/06 09:39:22,НАтаЛьЯ ВАсильЕВА,+7 9581 11 07,1,кОРМ для сОБак,3,1233.84,266.16,coMpLEtED,спасибо за заказ,2024/12/24,6165805870119988
2030018083404,2024/12/06 09:39:22,НАтаЛьЯ ВАсильЕВА,+7 9581 11 07,2,игрУшка МяЧ,4,1081.3,118.7,COmPLeTED,спасибо за заказ,2024/12/24,6165805870119988
2030018083404,2024/12/06 09:39:22,НАтаЛьЯ ВАсильЕВА,+7 9581 11 07,4,поДПИСкА на ГАЗеТУ,4,1943.91,456.09,completED,спасибо за заказ,2024/12/24,6165805870119988
2030018082977,2024-12-20 11:41:15,МИхАИЛ ОРЛОВ,8(9473) 88-32,5,МолОКО,2,5876.56,123.44,procEsSing,Нужно уточнить сроки,2024-12-06,8088517678332385
2030018082977,2024-12-20 11:41:15,МИхАИЛ ОРЛОВ,8(9473) 88-32,5,молоко,1,2600.0,400.0,PrOcEsSING,Нужно уточнить сроки,2024-12-06,8088517678332385
2030018082977,2024-12-20 11:41:15,МИхАИЛ ОРЛОВ,8(9473) 88-32,1,КоРМ ДЛЯ СОБАК,2,826.42,173.58,pRocEssIng,Нужно уточнить сроки,2024-12-06,8088517678332385
2030018081530,2024-12-08 22:55:10,АлЕкСЕЙ михаЙлОв,+7 9046 59 40,1,КоРм дЛя СОбАк,1,431.71,68.29,pRocEsSinG,спасибо за заказ,2024/12/18,3566167398563370
2030018081530,2024-12-08 22:55:10,АлЕкСЕЙ михаЙлОв,+7 9046 59 40,4,ПодпИсКА На ГАЗЕТу,2,1095.95,104.05,PROcESSing,спасибо за заказ,2024/12/18,3566167398563370
2030018080321,2024/12/30 23:01:54,сергей СидОрОВ,8(9245) 94-41,2,ИГРУШкА МЯЧ,4,1125.08,74.92,CoMplETED,Всё отлично!,2024/12/15,6904410181464813
2030018080321,2024/12/30 23:01:54,сергей СидОрОВ,8(9245) 94-41,1,кОРм дЛя сОбАК,1,481.66,18.34,COmplETeD,Всё отлично!,2024/12/15,6904410181464813
2030018080321,2024/12/30 23:01:54,сергей СидОрОВ,8(9245) 94-41,2,игРуШка мяЧ,5,1375.17,124.83,cOmpLeted,Всё отлично!,2024/12/15,6904410181464813
2030018079546,11.12.2024 01:54,ИваН ивАНоВ,+7 9540 91 09,5,мОлоКо,2,5392.24,607.76,compLEtEd,Всё отлично!,18.12.2024,1386328457613992
2030018078148,2024/12/22 07:33:10,СЕРгЕЙ сИдоРОв,+7(9159)99-79,1,кОРМ ДЛЯ СОбАК,3,1457.71,42.29,prOcESsing,Всё отлично!,2024/12/21,0291387862042944
2030018078148,2024/12/22 07:33:10,СЕРгЕЙ сИдоРОв,+7(9159)99-79,4,пОдпиСка На гАзету,4,2054.66,345.34,ProcessiNG,Всё отлично!,2024/12/21,0291387862042944
2030018078148,2024/12/22 07:33:10,СЕРгЕЙ сИдоРОв,+7(9159)99-79,3,АМУНИциЯ дЛя СОБак,1,998.11,201.89,pROcEsSiNG,Всё отлично!,2024/12/21,0291387862042944
2030018078148,2024/12/22 07:33:10,СЕРгЕЙ сИдоРОв,+7(9159)99-79,1,коРм ДЛЯ сОбак,5,2395.02,104.98,procEssING,Всё отлично!,2024/12/21,0291387862042944
2030018077366,2024-12-09 17:31:31,Наталья ВАсИЛЬЕВА,+7(9035)43-27,3,АМУНиЦИЯ ДлЯ СОбак,2,2072.78,327.22,proCessiNG,"Задержка с доставкой, печалька...",19.12.2024,1397787992378918
2030018077366,2024-12-09 17:31:31,Наталья ВАсИЛЬЕВА,+7(9035)43-27,3,АмуНИция дЛя СоБак,1,1096.94,103.06,pRoCEssing,"Задержка с доставкой, печалька...",19.12.2024,1397787992378918
2030018076641,2024/12/14 01:09:31,ДМиТРИЙ КуЗнеЦоВ,8(9926) 64-01,2,ИгрУШкА МяЧ,1,242.02,57.98,pROcesSing,Нужно уточнить сроки,2024/12/09,5675073786142036
2030018076641,2024/12/14 01:09:31,ДМиТРИЙ КуЗнеЦоВ,8(9926) 64-01,3,АМуНИЦИЯ ДлЯ собак,3,2965.87,634.13,pRocessING,Нужно уточнить сроки,2024/12/09,5675073786142036
2030018076641,2024/12/14 01:09:31,ДМиТРИЙ КуЗнеЦоВ,8(9926) 64-01,1,КОрм дЛя собаК,3,1470.71,29.29,PROCessINg,Нужно уточнить сроки,2024/12/09,5675073786142036
2030018076641,2024/12/14 01:09:31,ДМиТРИЙ КуЗнеЦоВ,8(9926) 64-01,2,ИгРуШКа мЯЧ,3,856.63,43.37,pROceSsing,Нужно уточнить сроки,2024/12/09,5675073786142036
2030018075519,2024-12-07 00:58:02,ЕЛенА нОВиКОва,+7(9503)24-16,1,корМ дЛЯ соБаК,2,876.31,123.69,pRoceSSinG,Проверить наличие,2024/12/03,7254894340222941
2030018074758,2024/12/04 08:57:42,АЛеКСЕЙ МИХАЙЛоВ,+7(9812)78-82,4,пОдпИскА На гАЗЕТУ,4,1969.67,430.33,PROcEssInG,Нужно уточнить сроки,2024/12/30,3043728164300478
2030018073319,18.12.2024 07:31,АНна смИРНоВа,8(9298) 76-41,2,иГрУшкА мЯЧ,1,292.21,7.79,cAnCELLed,подарок вовремя,16.12.2024,4970205330971296
2030018073319,18.12.2024 07:31,АНна смИРНоВа,8(9298) 76-41,3,аМуНИцИя дЛя сОбАк,5,5827.17,172.83,cAncelLED,подарок вовремя,16.12.2024,4970205330971296
2030018072112,18.12.2024 23:02,Иван иВанов,+7(9198)59-02,1,коРм ДлЯ Собак,4,1800.05,199.95,CoMplEtEd,"Задержка с доставкой, печалька...",30.12.2024,5118951826055884
2030018072112,18.12.2024 23:02,Иван иВанов,+7(9198)59-02,4,поДПИска на ГАзетУ,1,514.85,85.15,comPleTED,"Задержка с доставкой, печалька...",30.12.2024,5118951826055884
2030018072112,18.12.2024 23:02,Иван иВанов,+7(9198)59-02,5,МолоКо,5,13281.57,1718.43,COmpLetED,"Задержка с доставкой, печалька...",30.12.2024,5118951826055884
2030018072112,18.12.2024 23:02,Иван иВанов,+7(9198)59-02,5,моЛОКО,4,11346.29,653.71,cOMpLEted,"Задержка с доставкой, печалька...",30.12.2024,5118951826055884
2030018072112,18.12.2024 23:02,Иван иВанов,+7(9198)59-02,2,иГРУШка мЯЧ,1,279.91,20.09,cOmpLeteD,"Задержка с доставкой, печалька...",30.12.2024,5118951826055884
2030018071698,2024-12-14 18:21:48,СергЕЙ СИдОрОВ,+7 9007 06 53,1,КОрм Для СобАк,2,850.59,149.41,procESsINg,Проверить наличие,11.12.2024,4667676444823074
2030018071698,2024-12-14 18:21:48,СергЕЙ СИдОрОВ,+7 9007 06 53,2,ИгРушКА МЯЧ,4,1046.58,153.42,processIng,Проверить наличие,11.12.2024,4667676444823074
2030018071698,2024-12-14 18:21:48,СергЕЙ СИдОрОВ,+7 9007 06 53,3,амУНиЦИя ДЛЯ СОбак,2,2130.91,269.09,PROCESSIng,Проверить наличие,11.12.2024,4667676444823074
2030018070723,20.12.2024 15:00,маРия пЕТрОВА,+7 9800 93 76,5,молокО,5,14073.82,926.18,caNCeLLEd,Всё отлично!,2024-12-21,3739548816914584
2030018070723,20.12.2024 15:00,маРия пЕТрОВА,+7 9800 93 76,4,ПоДПИСКа на гАзеТУ,1,520.73,79.27,cANCeLLeD,Всё отлично!,2024-12-21,3739548816914584
2030018070723,20.12.2024 15:00,маРия пЕТрОВА,+7 9800 93 76,2,иГрУШКА Мяч,4,999.9,200.1,CANCElLed,Всё отлично!,2024-12-21,3739548816914584
2030018070723,20.12.2024 15:00,маРия пЕТрОВА,+7 9800 93 76,2,иГрУШКа мяч,3,812.62,87.38,CANCeLleD,Всё отлично!,2024-12-21,3739548816914584
2030018070723,20.12.2024 15:00,маРия пЕТрОВА,+7 9800 93 76,1,КорМ Для сОБак,3,1348.69,151.31,CanCeLleD,Всё отлично!,2024-12-21,3739548816914584
2030018069985,30.12.2024 03:00,аЛЕКСеЙ михАЙЛов,+7 9397 48 73,5,мОЛОкО,1,2636.34,363.66,CompleteD,Ждём с нетерпением!,2024-12-19,2460169672253948
2030018068807,15.12.2024 16:31,ЕЛЕНа НовИКова,8(9684) 94-53,5,МоЛОКО,3,7544.93,1455.07,cOMPLETED,Всё отлично!,2024-12-30,4316240039311415
2030018068807,15.12.2024 16:31,ЕЛЕНа НовИКова,8(9684) 94-53,5,МОлоКо,5,14713.94,286.06,cOMpLETeD,Всё отлично!,2024-12-30,4316240039311415
2030018068807,15.12.2024 16:31,ЕЛЕНа НовИКова,8(9684) 94-53,4,ПОдПиСКа на ГаЗеТУ,1,595.77,4.23,COmpLeTED,Всё отлично!,2024-12-30,4316240039311415
2030018068807,15.12.2024 16:31,ЕЛЕНа НовИКова,8(9684) 94-53,4,ПоДпиСкА НА ГАЗету,5,2646.22,353.78,comPLeTEd,Всё отлично!,2024-12-30,4316240039311415
2030018068807,15.12.2024 16:31,ЕЛЕНа НовИКова,8(9684) 94-53,5,МолОКо,4,11099.01,900.99,cOMpLETeD,Всё отлично!,2024-12-30,4316240039311415
2030018067298,2024-12-04 14:44:56,СергЕй СиДОроВ,+7 9315 85 07,5,молОКо,1,2957.33,42.67,coMPlETEd,Всё отлично!,27.12.2024,1013025673870254
2030018067298,2024-12-04 14:44:56,СергЕй СиДОроВ,+7 9315 85 07,2,ИгрУШкА мЯч,2,486.41,113.59,COMPleteD,Всё отлично!,27.12.2024,1013025673870254
2030018067298,2024-12-04 14:44:56,СергЕй СиДОроВ,+7 9315 85 07,1,КОрм дЛЯ соБак,2,992.14,7.86,cOMPLetEd,Всё отлично!,27.12.2024,1013025673870254
2030018067298,2024-12-04 14:44:56,СергЕй СиДОроВ,+7 9315 85 07,5,моЛОкО,5,13759.27,1240.73,COmPleTed,Всё отлично!,27.12.2024,1013025673870254
2030018067298,2024-12-04 14:44:56,СергЕй СиДОроВ,+7 9315 85 07,1,коРм для СОБАК,1,471.3,28.7,cOmPLeTed,Всё отлично!,27.12.2024,1013025673870254
2030018066179,20.12.2024 03:53,оЛЬга кУзнЕЦовА,+7(9681)92-13,1,кОрм длЯ СОБАК,2,925.63,74.37,caNcELled,подарок вовремя,20.12.2024,7055742114898374
2030018066179,20.12.2024 03:53,оЛЬга кУзнЕЦовА,+7(9681)92-13,4,пОДпиСкА На гаЗеТу,2,1162.23,37.77,CanCelLEd,подарок вовремя,20.12.2024,7055742114898374
2030018066179,20.12.2024 03:53,оЛЬга кУзнЕЦовА,+7(9681)92-13,3,АМунИциЯ дЛя СОБАк,1,1141.12,58.88,cAnCElLEd,подарок вовремя,20.12.2024,7055742114898374
2030018066179,20.12.2024 03:53,оЛЬга кУзнЕЦовА,+7(9681)92-13,4,пОДпискА НА гаЗЕТу,5,2874.21,125.79,CAnceLlEd,подарок вовремя,20.12.2024,7055742114898374
2030018065501,2024-12-30 05:47:07,нАтАльЯ ВасиЛЬеВа,8(9525) 87-54,3,аМуНицИЯ ДЛЯ соБАК,1,1013.47,186.53,CaNCELLed,Нужно уточнить сроки,12.12.2024,2273332410088591
2030018064538,19.12.2024 18:39,сЕРгей сИдОРоВ,+7 9501 13 05,2,ИгрУШкА МЯЧ,3,805.88,94.12,CancelLEd,Проверить наличие,17.12.2024,9096679089989646
2030018064538,19.12.2024 18:39,сЕРгей сИдОРоВ,+7 9501 13 05,4,ПодпискА На ГаЗЕТу,1,571.31,28.69,CaNCEllED,Проверить наличие,17.12.2024,9096679089989646
2030018063635,24.12.2024 07:24,АлЕКСЕЙ МИхайлОв,+7 9478 67 25,3,амУНИЦИя ДлЯ Собак,2,2322.22,77.78,caNCelLED,подарок вовремя,17.12.2024,8501508919516548
2030018063635,24.12.2024 07:24,АлЕКСЕЙ МИхайлОв,+7 9478 67 25,2,Игрушка МЯч,3,856.66,43.34,cANcElLed,подарок вовремя,17.12.2024,8501508919516548
2030018063635,24.12.2024 07:24,АлЕКСЕЙ МИхайлОв,+7 9478 67 25,3,аМУницИя ДЛЯ соБАк,4,4473.14,326.86,cANceLlED,подарок вовремя,17.12.2024,8501508919516548
2030018063635,24.12.2024 07:24,АлЕКСЕЙ МИхайлОв,+7 9478 67 25,5,МОлоКО,5,14249.64,750.36,cAncellED,подарок вовремя,17.12.2024,8501508919516548
2030018063635,24.12.2024 07:24,АлЕКСЕЙ МИхайлОв,+7 9478 67 25,4,подПИСКа на гаЗеТУ,1,538.71,61.29,cAnCeLLeD,подарок вовремя,17.12.2024,8501508919516548
2030018062590,24.12.2024 10:57,НАтАльЯ вАсИльЕвА,+7(9186)21-18,5,МоЛОко,3,8549.6,450.4,ProCessiNG,Всё отлично!,2024/12/26,2700659075459431
2030018062590,24.12.2024 10:57,НАтАльЯ вАсИльЕвА,+7(9186)21-18,2,иГРУшКА Мяч,5,1312.43,187.57,PRoCesSING,Всё отлично!,2024/12/26,2700659075459431
2030018062590,24.12.2024 10:57,НАтАльЯ вАсИльЕвА,+7(9186)21-18,1,КоРм для Собак,2,809.04,190.96,PrOcesSIng,Всё отлично!,2024/12/26,2700659075459431
2030018062590,24.12.2024 10:57,НАтАльЯ вАсИльЕвА,+7(9186)21-18,5,МоЛоко,4,9619.31,2380.69,PRocEssING,Всё отлично!,2024/12/26,2700659075459431
2030018062590,24.12.2024 10:57,НАтАльЯ вАсИльЕвА,+7(9186)21-18,5,МолоКо,4,10864.06,1135.94,PRoCESSiNg,Всё отлично!,2024/12/26,2700659075459431
2030018061672,2024-12-18 15:11:32,ИваН ИВАНОв,8(9722) 58-67,1,корМ дЛя СОбАк,3,1433.0,67.0,CanCELLed,спасибо за заказ,2024/12/27,9220870315254829
2030018060680,21.12.2024 16:03,марИя ПетрОвА,8(9575) 92-64,5,мОЛоКо,4,11185.68,814.32,pROcESsinG,Всё отлично!,2024-12-28,3739170246217331
2030018060680,21.12.2024 16:03,марИя ПетрОвА,8(9575) 92-64,3,АмУниция ДЛя СОБАк,4,4157.84,642.16,PRocesSInG,Всё отлично!,2024-12-28,3739170246217331
2030018060680,21.12.2024 16:03,марИя ПетрОвА,8(9575) 92-64,3,АМУНициЯ ДлЯ собаК,4,4798.04,1.96,proceSsIng,Всё отлично!,2024-12-28,3739170246217331
2030018059314,2024-12-21 16:23:57,дМитРИй кУзнЕцов,8(9242) 60-03,3,АМУНиЦия дЛя соБАк,1,1066.18,133.82,CanCelled,Проверить наличие,2024-12-12,6556992666581726
2030018059314,2024-12-21 16:23:57,дМитРИй кУзнЕцов,8(9242) 60-03,3,аМуНИция длЯ СобАК,3,3461.45,138.55,canCElLEd,Проверить наличие,2024-12-12,6556992666581726
2030018059314,2024-12-21 16:23:57,дМитРИй кУзнЕцов,8(9242) 60-03,1,Корм дЛя сОБАк,2,854.81,145.19,CancelLed,Проверить наличие,2024-12-12,6556992666581726
2030018058884,2024-12-16 14:03:28,мАРиЯ пЕтрова,8(9633) 23-47,4,пОДпИсКа нА газету,5,2730.65,269.35,CANCellED,"Задержка с доставкой, печалька...",28.12.2024,9282277110861304
2030018057447,2024-12-13 02:26:08,алексей МихАЙлов,+7 9018 85 85,5,МОЛоко,2,5724.64,275.36,proCeSsING,спасибо за заказ,16.12.2024,0467963763285573
2030018057447,2024-12-13 02:26:08,алексей МихАЙлов,+7 9018 85 85,5,МОлоКо,1,2537.38,462.62,proCesSinG,спасибо за заказ,16.12.2024,0467963763285573
2030018057447,2024-12-13 02:26:08,алексей МихАЙлов,+7 9018 85 85,4,ПОдпИСКА На ГАЗетУ,2,1006.87,193.13,PROcEsSing,спасибо за заказ,16.12.2024,0467963763285573
2030018056720,2024/12/31 12:11:44,аННа сМирНоВа,+7(9995)29-80,5,МоЛОко,4,11640.9,359.1,CANCelLeD,Проверить наличие,2024-12-11,8264387219851005
2030018056720,2024/12/31 12:11:44,аННа сМирНоВа,+7(9995)29-80,3,АмуниЦиЯ ДЛя СобАк,2,2312.39,87.61,cANCeLLED,Проверить наличие,2024-12-11,8264387219851005
2030018055550,2024/12/10 22:31:18,ОЛьгА кузнецовА,8(9505) 30-17,5,молОкО,2,5171.68,828.32,PROcESsINg,подарок вовремя,2024-12-21,2526836126180794
2030018055550,2024/12/10 22:31:18,ОЛьгА кузнецовА,8(9505) 30-17,2,ИгрУШКа Мяч,2,496.93,103.07,pROcesSing,подарок вовремя,2024-12-21,2526836126180794
2030018055550,2024/12/10 22:31:18,ОЛьгА кузнецовА,8(9505) 30-17,3,амуниЦИя дЛЯ сОБАК,3,3593.83,6.17,prOcessinG,подарок вовремя,2024-12-21,2526836126180794
2030018055550,2024/12/10 22:31:18,ОЛьгА кузнецовА,8(9505) 30-17,5,МОлОкО,1,2720.56,279.44,proCeSsing,подарок вовремя,2024-12-21,2526836126180794
2030018054340,27.12.2024 16:14,МиХаИЛ ОРЛОВ,8(9022) 22-21,4,поДпИсКА На ГазЕту,3,1477.22,322.78,CAnCELLED,Нужно уточнить сроки,2024/12/17,6385275815113818
2030018054340,27.12.2024 16:14,МиХаИЛ ОРЛОВ,8(9022) 22-21,2,ИГруШКА мяЧ,1,298.04,1.96,cAnceLLEd,Нужно уточнить сроки,2024/12/17,6385275815113818
2030018054340,27.12.2024 16:14,МиХаИЛ ОРЛОВ,8(9022) 22-21,1,коРМ дЛя СОбаК,2,949.16,50.84,cANCeLLEd,Нужно уточнить сроки,2024/12/17,6385275815113818
2030018053239,20.12.2024 07:24,оЛьГА кУЗНЕцОвА,+7 9559 57 17,3,аМУнИЦИя ДЛЯ СОбак,4,4313.9,486.1,CAnCeLLed,"Задержка с доставкой, печалька...",2024-12-04,3919545486647989
2030018053239,20.12.2024 07:24,оЛьГА кУЗНЕцОвА,+7 9559 57 17,1,коРм для соБак,1,416.75,83.25,CancElLEd,"Задержка с доставкой, печалька...",2024-12-04,3919545486647989
2030018052344,2024-12-05 10:46:09,МИХАИЛ ОРЛов,+7(9158)84-59,3,АМуНИЦиЯ дЛя сОбАК,1,1162.21,37.79,comPleTED,спасибо за заказ,2024-12-08,9890349093970709
2030018052344,2024-12-05 10:46:09,МИХАИЛ ОРЛов,+7(9158)84-59,4,поДПИСКа на ГАзеТУ,1,481.21,118.79,comPLetEd,спасибо за заказ,2024-12-08,9890349093970709
2030018051269,2024-12-25 20:21:47,ЕлЕНА НОВиКоВА,+7(9804)10-87,5,мОлокО,4,11810.91,189.09,pROceSSInG,Ждём с нетерпением!,17.12.2024,7485606718624320
2030018051269,2024-12-25 20:21:47,ЕлЕНА НОВиКоВА,+7(9804)10-87,5,мОлоКо,4,10658.59,1341.41,PROCEssINg,Ждём с нетерпением!,17.12.2024,7485606718624320
2030018051269,2024-12-25 20:21:47,ЕлЕНА НОВиКоВА,+7(9804)10-87,5,МолоКо,2,5636.93,363.07,ProcEsSINg,Ждём с нетерпением!,17.12.2024,7485606718624320
2030018051269,2024-12-25 20:21:47,ЕлЕНА НОВиКоВА,+7(9804)10-87,1,КОрм дЛя СобАК,3,1315.18,184.82,pROcESsing,Ждём с нетерпением!,17.12.2024,7485606718624320
2030018050870,2024-12-12 08:10:47,ЕЛена НОВИКоВА,8(9659) 18-69,3,амунИЦия Для соБаК,5,4892.32,1107.68,PrOcESsiNG,подарок вовремя,10.12.2024,5627920506618745
2030018050870,2024-12-12 08:10:47,ЕЛена НОВИКоВА,8(9659) 18-69,1,кОрм дЛя собаК,3,1346.13,153.87,ProCESsIng,подарок вовремя,10.12.2024,5627920506618745
2030018049811,2024/12/28 10:47:55,СерГЕЙ сиДоров,+7(9236)49-35,4,ПОДПИСКА НА ГАЗЕТУ,5,2636.04,363.96,proCESSinG,Проверить наличие,2024/12/25,0716416123237836
2030018049811,2024/12/28 10:47:55,СерГЕЙ сиДоров,+7(9236)49-35,2,ИгрушКА МЯч,2,585.78,14.22,pRoCESsIng,Проверить наличие,2024/12/25,0716416123237836
2030018049811,2024/12/28 10:47:55,СерГЕЙ сиДоров,+7(9236)49-35,5,МОлоКо,4,11199.85,800.15,PrOcEssiNg,Проверить наличие,2024/12/25,0716416123237836
2030018049811,2024/12/28 10:47:55,СерГЕЙ сиДоров,+7(9236)49-35,1,кОрМ ДЛЯ СоБак,2,885.39,114.61,pRoceSSINg,Проверить наличие,2024/12/25,0716416123237836
2030018049811,2024/12/28 10:47:55,СерГЕЙ сиДоров,+7(9236)49-35,2,игрУшкА МяЧ,3,744.41,155.59,PRoCeSsiNg,Проверить наличие,2024/12/25,0716416123237836
2030018048375,18.12.2024 04:25,Анна смИРнОва,8(9114) 62-34,1,корМ длЯ сОбак,5,2082.52,417.48,comPlEtEd,подарок вовремя,2024/12/18,5452105850946783
2030018048375,18.12.2024 04:25,Анна смИРнОва,8(9114) 62-34,1,кОрм дЛЯ СОБАк,4,1796.81,203.19,CoMpLEted,подарок вовремя,2024/12/18,5452105850946783
2030018048375,18.12.2024 04:25,Анна смИРнОва,8(9114) 62-34,1,КОрМ ДЛя соБаК,1,465.87,34.13,cOmPLeTED,подарок вовремя,2024/12/18,5452105850946783
2030018303477,2024-12-18 00:43:49,ДмиТРИй КУЗнЕцОВ,8(9898) 08-72,1,кОрм длЯ сОБак,2,886.14,113.86,CanceLlED,Всё отлично!,2024/12/11,7229703639076988
2030018302826,2024-12-25 14:17:44,АЛекСей михАЙлов,+7 9192 73 44,5,мОЛокО,3,8085.95,914.05,pRoCEssInG,Нужно уточнить сроки,02.12.2024,1189699162001842
2030018302826,2024-12-25 14:17:44,АЛекСей михАЙлов,+7 9192 73 44,3,аМУНИцИя Для собаК,3,3222.62,377.38,ProCESsING,Нужно уточнить сроки,02.12.2024,1189699162001842
2030018302826,2024-12-25 14:17:44,АЛекСей михАЙлов,+7 9192 73 44,2,иГРУШКа МЯч,5,1421.9,78.1,prOCeSsiNg,Нужно уточнить сроки,02.12.2024,1189699162001842
2030018301901,2024/12/22 05:55:57,МИХАИл оРЛоВ,+7(9076)65-91,2,иГрУшка МЯЧ,1,269.98,30.02,prOcesSiNg,Проверить наличие,2024-12-23,6819425234682164
2030018301901,2024/12/22 05:55:57,МИХАИл оРЛоВ,+7(9076)65-91,4,пОдПиСкА На ГАзеТу,2,1073.18,126.82,prOcessiNg,Проверить наличие,2024-12-23,6819425234682164
2030018301901,2024/12/22 05:55:57,МИХАИл оРЛоВ,+7(9076)65-91,4,пОДпИсКА НА ГазетУ,2,1071.83,128.17,pRocEssiNg,Проверить наличие,2024-12-23,6819425234682164
2030018301901,2024/12/22 05:55:57,МИХАИл оРЛоВ,+7(9076)65-91,3,аМуНиЦиЯ для СоБаК,1,1070.08,129.92,pRocEssIng,Проверить наличие,2024-12-23,6819425234682164
2030018301901,2024/12/22 05:55:57,МИХАИл оРЛоВ,+7(9076)65-91,4,ПОдПИскА На ГаЗеТу,1,566.89,33.11,proceSSINg,Проверить наличие,2024-12-23,6819425234682164
2030018300108,2024/12/17 04:17:01,ИвАн ивАНОв,8(9754) 42-68,1,корМ для сОбаК,3,1379.97,120.03,cOMpLETeD,Ждём с нетерпением!,30.12.2024,4114180834470865
2030018300108,2024/12/17 04:17:01,ИвАн ивАНОв,8(9754) 42-68,1,КОРМ Для соБаК,3,1210.11,289.89,CoMpletEd,Ждём с нетерпением!,30.12.2024,4114180834470865
2030018300108,2024/12/17 04:17:01,ИвАн ивАНОв,8(9754) 42-68,3,АМУНиЦия ДлЯ СОбАк,3,2894.16,705.84,cOmPlETed,Ждём с нетерпением!,30.12.2024,4114180834470865
2030018300108,2024/12/17 04:17:01,ИвАн ивАНОв,8(9754) 42-68,5,МоЛокО,4,11111.78,888.22,cOmpLETED,Ждём с нетерпением!,30.12.2024,4114180834470865
2030018299592,2024-12-23 23:36:42,Сергей СИдоров,8(9485) 26-66,2,игРУШка мяч,3,819.84,80.16,procEssiNG,Проверить наличие,2024-12-23,0405564318391992
2030018299592,2024-12-23 23:36:42,Сергей СИдоров,8(9485) 26-66,2,ИгРушкА МяЧ,5,1243.06,256.94,PRoCESsINg,Проверить наличие,2024-12-23,0405564318391992
2030018299592,2024-12-23 23:36:42,Сергей СИдоров,8(9485) 26-66,2,ИГрУШка мяч,2,529.69,70.31,pROcesSING,Проверить наличие,2024-12-23,0405564318391992
2030018299592,2024-12-23 23:36:42,Сергей СИдоров,8(9485) 26-66,1,корм дЛя СОбак,1,449.88,50.12,PRocESSinG,Проверить наличие,2024-12-23,0405564318391992
2030018299592,2024-12-23 23:36:42,Сергей СИдоров,8(9485) 26-66,5,Молоко,5,14270.57,729.43,ProCESsING,Проверить наличие,2024-12-23,0405564318391992
2030018298328,05.12.2024 09:18,оЛЬга кУзНЕцОВа,+7(9513)18-38,5,мОлОКо,4,10410.63,1589.37,cOMPletEd,Проверить наличие,2024/12/08,0577345675562813
2030018298328,05.12.2024 09:18,оЛЬга кУзНЕцОВа,+7(9513)18-38,2,ИгрУшкА МЯЧ,5,1300.7,199.3,ComPLeTED,Проверить наличие,2024/12/08,0577345675562813
2030018297324,2024/12/30 10:14:04,дмИтРий кузнеЦОВ,+7(9948)32-30,1,КОрМ ДЛЯ соБАк,5,2343.66,156.34,cancelLeD,Всё отлично!,16.12.2024,1710147095135276
2030018297324,2024/12/30 10:14:04,дмИтРий кузнеЦОВ,+7(9948)32-30,3,амуНИЦИЯ дЛя СобАК,5,5074.19,925.81,cANCELlED,Всё отлично!,16.12.2024,1710147095135276
2030018297324,2024/12/30 10:14:04,дмИтРий кузнеЦОВ,+7(9948)32-30,2,ИгрушКА МЯч,3,860.86,39.14,cancELlEd,Всё отлично!,16.12.2024,1710147095135276
2030018297324,2024/12/30 10:14:04,дмИтРий кузнеЦОВ,+7(9948)32-30,5,мОЛоКО,4,11861.54,138.46,CanCEllED,Всё отлично!,16.12.2024,1710147095135276
2030018297324,2024/12/30 10:14:04,дмИтРий кузнеЦОВ,+7(9948)32-30,1,кОРм ДлЯ соБак,1,489.88,10.12,cAncElLEd,Всё отлично!,16.12.2024,1710147095135276
2030018296379,13.12.2024 09:07,СеРГеЙ СидОроВ,8(9913) 86-33,3,аМунИциЯ ДлЯ собАк,1,1127.62,72.38,pRoCeSsInG,"Задержка с доставкой, печалька...",2024/12/17,1973046670099819
2030018295989,2024/12/06 11:19:19,ДМиТрий КУЗНеЦОв,+7 9203 50 61,5,МоЛОко,1,2643.3,356.7,CaNcelLED,Ждём с нетерпением!,2024/12/28,0421314227045536
2030018294648,2024-12-20 21:39:11,аЛексей мИХАЙЛОВ,8(9192) 96-12,5,МоЛокО,3,8867.01,132.99,PRoCeSSing,Всё отлично!,2024/12/12,6013582773916279
2030018294648,2024-12-20 21:39:11,аЛексей мИХАЙЛОВ,8(9192) 96-12,1,корм ДЛя собАк,1,411.06,88.94,PrOcEsSIng,Всё отлично!,2024/12/12,6013582773916279
2030018294648,2024-12-20 21:39:11,аЛексей мИХАЙЛОВ,8(9192) 96-12,2,иГРУШкА мяч,4,1073.62,126.38,proCeSSIng,Всё отлично!,2024/12/12,6013582773916279
2030018294648,2024-12-20 21:39:11,аЛексей мИХАЙЛОВ,8(9192) 96-12,2,игрУШКа мЯч,5,1225.39,274.61,procEssING,Всё отлично!,2024/12/12,6013582773916279
2030018293604,2024-12-21 18:21:17,анна смирнОва,+7 9276 42 10,1,КоРМ ДЛЯ СобАк,4,1683.57,316.43,PROcESSInG,"Задержка с доставкой, печалька...",06.12.2024,0089517640237214
2030018293604,2024-12-21 18:21:17,анна смирнОва,+7 9276 42 10,3,АмуницИя ДлЯ СобаК,2,2294.13,105.87,pROceSSINg,"Задержка с доставкой, печалька...",06.12.2024,0089517640237214
2030018293604,2024-12-21 18:21:17,анна смирнОва,+7 9276 42 10,5,МОлоКо,2,4837.93,1162.07,PROCESSINg,"Задержка с доставкой, печалька...",06.12.2024,0089517640237214
2030018293604,2024-12-21 18:21:17,анна смирнОва,+7 9276 42 10,1,кОРм для СобАК,3,1454.12,45.88,ProceSSing,"Задержка с доставкой, печалька...",06.12.2024,0089517640237214
2030018292147,2024/12/23 08:27:07,ОЛьГА кузНеЦова,+7 9866 45 35,1,КОРМ ДЛЯ СоБАК,4,1831.98,168.02,pROCeSSiNG,Ждём с нетерпением!,2024/12/23,9860634091494812
2030018291987,13.12.2024 23:54,ЕлЕНА НоВиковА,+7 9781 81 25,2,ИгрушКА МЯЧ,1,252.5,47.5,cOmPLEted,подарок вовремя,2024-12-19,7521877290687756
2030018291987,13.12.2024 23:54,ЕлЕНА НоВиковА,+7 9781 81 25,4,пОдпИСКА На ГаЗЕту,1,492.54,107.46,CompLETeD,подарок вовремя,2024-12-19,7521877290687756
2030018291987,13.12.2024 23:54,ЕлЕНА НоВиковА,+7 9781 81 25,2,ИГРУшКА МЯЧ,4,1152.09,47.91,cOMPleteD,подарок вовремя,2024-12-19,7521877290687756
2030018291987,13.12.2024 23:54,ЕлЕНА НоВиковА,+7 9781 81 25,5,МоЛоко,2,5505.53,494.47,cOMpLEtEd,подарок вовремя,2024-12-19,7521877290687756
2030018290916,28.12.2024 02:28,миХаиЛ орЛОВ,+7 9698 51 95,1,кОрМ Для собаК,1,449.28,50.72,COMpLETeD,"Задержка с доставкой, печалька...",2024-12-08,3866135658033654
2030018289753,2024/12/22 09:50:28,НАтаЛЬЯ ВАсИлЬеВа,+7(9699)77-16,3,аМуНиЦия ДЛЯ соБак,1,995.27,204.73,CaNcELLEd,спасибо за заказ,2024-12-17,5001311026731431
2030018289753,2024/12/22 09:50:28,НАтаЛЬЯ ВАсИлЬеВа,+7(9699)77-16,5,МолОко,5,14376.38,623.62,CaNcelLED,спасибо за заказ,2024-12-17,5001311026731431
2030018289753,2024/12/22 09:50:28,НАтаЛЬЯ ВАсИлЬеВа,+7(9699)77-16,2,иГРУшКА мЯч,5,1451.82,48.18,cancElleD,спасибо за заказ,2024-12-17,5001311026731431
2030018289753,2024/12/22 09:50:28,НАтаЛЬЯ ВАсИлЬеВа,+7(9699)77-16,2,иГрУШКА МяЧ,4,1172.08,27.92,cANcELLeD,спасибо за заказ,2024-12-17,5001311026731431
2030018289753,2024/12/22 09:50:28,НАтаЛЬЯ ВАсИлЬеВа,+7(9699)77-16,5,молоко,3,7328.69,1671.31,CAncelLeD,спасибо за заказ,2024-12-17,5001311026731431
2030018288534,14.12.2024 14:56,ЕЛЕНА НоВИКова,+7 9346 83 25,3,амуНиЦия длЯ СОбАк,5,5370.74,629.26,cOMPleTeD,спасибо за заказ,19.12.2024,4800006429579778
2030018288534,14.12.2024 14:56,ЕЛЕНА НоВИКова,+7 9346 83 25,3,амУНИЦия длЯ СобАк,5,5240.99,759.01,cOMpLetEd,спасибо за заказ,19.12.2024,4800006429579778
2030018288534,14.12.2024 14:56,ЕЛЕНА НоВИКова,+7 9346 83 25,2,игРУШКА мяч,3,793.34,106.66,COMpLeTEd,спасибо за заказ,19.12.2024,4800006429579778
2030018287534,28.12.2024 03:23,АНнА сМирНОВА,+7(9355)23-60,5,мОЛоко,3,8294.79,705.21,COMpLEtED,Нужно уточнить сроки,31.12.2024,7541483236214366
2030018286586,2024-12-03 04:32:21,АлеКсеЙ мИхАйЛов,8(9001) 78-56,1,КОрм ДлЯ СОбаК,2,875.75,124.25,CompLEteD,"Задержка с доставкой, печалька...",18.12.2024,9997109231076471
2030018286586,2024-12-03 04:32:21,АлеКсеЙ мИхАйЛов,8(9001) 78-56,1,кОрм дЛЯ Собак,4,1822.67,177.33,COMPLeTED,"Задержка с доставкой, печалька...",18.12.2024,9997109231076471
2030018286586,2024-12-03 04:32:21,АлеКсеЙ мИхАйЛов,8(9001) 78-56,2,ИгрУшКа МЯЧ,1,283.01,16.99,COMpleted,"Задержка с доставкой, печалька...",18.12.2024,9997109231076471
2030018285951,2024-12-03 19:13:53,ЕлЕНА нОВикОвА,+7 9441 82 14,4,пОдпИСкА НА гАзеТу,4,2295.06,104.94,COMPleted,Нужно уточнить сроки,31.12.2024,3504653810278131
2030018285951,2024-12-03 19:13:53,ЕлЕНА нОВикОвА,+7 9441 82 14,1,коРм дЛЯ сОБАК,4,1655.62,344.38,cOmPletEd,Нужно уточнить сроки,31.12.2024,3504653810278131
2030018285951,2024-12-03 19:13:53,ЕлЕНА нОВикОвА,+7 9441 82 14,3,АМуНИция ДЛя соБак,3,2899.89,700.11,cOmPlEtEd,Нужно уточнить сроки,31.12.2024,3504653810278131
2030018285951,2024-12-03 19:13:53,ЕлЕНА нОВикОвА,+7 9441 82 14,2,ИГРуШКа МЯч,5,1305.81,194.19,COmpleTEd,Нужно уточнить сроки,31.12.2024,3504653810278131
2030018284312,15.12.2024 16:15,еЛеНА НовИКоВа,+7(9632)38-67,2,ИГрУШКА мЯч,3,757.15,142.85,caNCelled,подарок вовремя,2024-12-20,7517528182664825
2030018284312,15.12.2024 16:15,еЛеНА НовИКоВа,+7(9632)38-67,2,ИгРушКА МЯч,3,782.52,117.48,cancEllEd,подарок вовремя,2024-12-20,7517528182664825
2030018283181,2024-12-10 07:38:43,СЕРгеЙ СидОРов,+7(9235)14-33,5,моЛОко,4,11639.22,360.78,cOmpLETED,"Задержка с доставкой, печалька...",2024-12-18,6579276385447305
2030018282201,2024/12/25 02:37:43,АННА смИРНоВА,+7 9291 30 90,4,пОдпИСКа На гАЗЕТУ,1,581.23,18.77,ProcEsSInG,подарок вовремя,2024-12-17,0963393893938685
2030018282201,2024/12/25 02:37:43,АННА смИРНоВА,+7 9291 30 90,4,ПоДпиСка НА гаЗету,4,2365.47,34.53,prOcessinG,подарок вовремя,2024-12-17,0963393893938685
2030018281806,10.12.2024 22:01,АнНа сМИрноВА,+7 9077 43 13,4,ПоДПиСка НА гАзЕтУ,3,1786.31,13.69,coMpLetEd,"Задержка с доставкой, печалька...",2024/12/16,8686274304847912
2030018281806,10.12.2024 22:01,АнНа сМИрноВА,+7 9077 43 13,5,мОЛоКо,1,2456.74,543.26,COmPlEteD,"Задержка с доставкой, печалька...",2024/12/16,8686274304847912
2030018281806,10.12.2024 22:01,АнНа сМИрноВА,+7 9077 43 13,3,аМунИЦИя для сОБаК,4,4331.12,468.88,CompLETED,"Задержка с доставкой, печалька...",2024/12/16,8686274304847912
2030018281806,10.12.2024 22:01,АнНа сМИрноВА,+7 9077 43 13,1,кОрм длЯ собАк,2,819.78,180.22,COMPLETed,"Задержка с доставкой, печалька...",2024/12/16,8686274304847912
2030018281806,10.12.2024 22:01,АнНа сМИрноВА,+7 9077 43 13,4,ПодпИсКа На ГАзЕТУ,2,1065.18,134.82,coMPLeTed,"Задержка с доставкой, печалька...",2024/12/16,8686274304847912
2030018280526,2024-12-06 15:11:13,АЛеКСей миХаЙЛов,8(9393) 10-92,5,МолОко,4,11313.08,686.92,cOMPLeTed,подарок вовремя,2024/12/23,3040599360602193
2030018279612,2024/12/02 14:57:44,мИхаиЛ орЛОв,+7 9912 46 06,5,МолОко,2,5657.11,342.89,CoMPlETed,Всё отлично!,17.12.2024,4864956098115031
2030018279612,2024/12/02 14:57:44,мИхаиЛ орЛОв,+7 9912 46 06,1,кОРм ДЛЯ СОБаК,3,1324.19,175.81,COMpLeTed,Всё отлично!,17.12.2024,4864956098115031
2030018278643,2024/12/08 22:00:01,ИВаН ИванОв,8(9534) 57-94,4,ПОДпИскА нА ГАЗЕТУ,2,972.97,227.03,cOMPLETeD,спасибо за заказ,2024/12/07,5093843068837355
2030018277868,2024-12-15 22:03:38,дМитрИЙ КУзНЕцОв,+7 9056 22 77,4,пОдПиСкА на ГАЗЕтУ,4,2317.02,82.98,cANCElLEd,Всё отлично!,2024/12/31,8898006734826203
2030018277868,2024-12-15 22:03:38,дМитрИЙ КУзНЕцОв,+7 9056 22 77,3,аМУНиЦия длЯ СоБАК,5,5007.45,992.55,cANCELlED,Всё отлично!,2024/12/31,8898006734826203
2030018277868,2024-12-15 22:03:38,дМитрИЙ КУзНЕцОв,+7 9056 22 77,4,пОДПИСка На гАзету,2,1039.78,160.22,CaNCeLlED,Всё отлично!,2024/12/31,8898006734826203
2030018276781,07.12.2024 22:12,МИхаил ОРлов,+7(9759)84-66,4,ПодписКА на гАЗетУ,3,1696.08,103.92,PrOcESsINg,"Задержка с доставкой, печалька...",17.12.2024,0637544919514970
2030018275978,2024-12-29 16:53:55,АЛекСЕй МихаЙЛоВ,8(9824) 13-97,5,МОЛоКО,5,12916.22,2083.78,CompLeTED,спасибо за заказ,2024-12-18,3706445762598984
2030018275978,2024-12-29 16:53:55,АЛекСЕй МихаЙЛоВ,8(9824) 13-97,5,молОко,1,2795.61,204.39,COmPLEted,спасибо за заказ,2024-12-18,3706445762598984
2030018275978,2024-12-29 16:53:55,АЛекСЕй МихаЙЛоВ,8(9824) 13-97,3,АМуНиЦИя дЛЯ соБак,3,3198.28,401.72,cOMPlETeD,спасибо за заказ,2024-12-18,3706445762598984
2030018275978,2024-12-29 16:53:55,АЛекСЕй МихаЙЛоВ,8(9824) 13-97,2,игрУшКА мяч,4,1072.24,127.76,COmpLETEd,спасибо за заказ,2024-12-18,3706445762598984
2030018274171,2024-12-04 12:17:04,сеРгей сИдоРоВ,+7(9167)50-54,4,ПоДПИсКА нА гАзЕТУ,1,583.53,16.47,cANCElled,подарок вовремя,2024/12/27,2998572398757452
2030018274171,2024-12-04 12:17:04,сеРгей сИдоРоВ,+7(9167)50-54,2,иГрУШКА мяЧ,5,1218.72,281.28,cAnceLlEd,подарок вовремя,2024/12/27,2998572398757452
2030018274171,2024-12-04 12:17:04,сеРгей сИдоРоВ,+7(9167)50-54,2,ИГрУшКА мЯЧ,4,976.82,223.18,CaNCelLed,подарок вовремя,2024/12/27,2998572398757452
2030018274171,2024-12-04 12:17:04,сеРгей сИдоРоВ,+7(9167)50-54,1,кОРМ для СоБак,5,2429.11,70.89,CaNCELled,подарок вовремя,2024/12/27,2998572398757452
2030018274171,2024-12-04 12:17:04,сеРгей сИдоРоВ,+7(9167)50-54,3,АмуницИЯ ДлЯ СОбаК,2,2111.64,288.36,cAnCeLlEd,подарок вовремя,2024/12/27,2998572398757452
2030018273414,2024-12-10 08:31:46,оЛьга КуЗнеЦОвА,+7 9270 32 57,3,аМУнИциЯ Для сОБАк,1,1168.63,31.37,cAncELlED,Ждём с нетерпением!,15.12.2024,9865346216800300
2030018273414,2024-12-10 08:31:46,оЛьга КуЗнеЦОвА,+7 9270 32 57,2,иГрУШКА мЯч,3,791.5,108.5,cAnceLleD,Ждём с нетерпением!,15.12.2024,9865346216800300
2030018273414,2024-12-10 08:31:46,оЛьга КуЗнеЦОвА,+7 9270 32 57,3,аМуНиЦИЯ ДЛя СоБАк,1,1021.02,178.98,CaNCelLED,Ждём с нетерпением!,15.12.2024,9865346216800300
2030018272269,2024/12/16 04:18:56,олЬга кузНЕцОВА,+7 9166 37 24,5,молокО,2,5508.28,491.72,CANCEllED,Проверить наличие,2024-12-30,7464395887435222
2030018272269,2024/12/16 04:18:56,олЬга кузНЕцОВА,+7 9166 37 24,3,АмуНИЦИЯ длЯ СОБак,3,3533.08,66.92,CanCelLED,Проверить наличие,2024-12-30,7464395887435222
2030018272269,2024/12/16 04:18:56,олЬга кузНЕцОВА,+7 9166 37 24,5,МОЛоКо,4,10267.35,1732.65,cANceLled,Проверить наличие,2024-12-30,7464395887435222
2030018272269,2024/12/16 04:18:56,олЬга кузНЕцОВА,+7 9166 37 24,3,АМУнИциЯ ДлЯ соБАК,2,2391.72,8.28,CANceLlED,Проверить наличие,2024-12-30,7464395887435222
2030018272269,2024/12/16 04:18:56,олЬга кузНЕцОВА,+7 9166 37 24,5,МОЛоКО,2,5524.27,475.73,canCeLLeD,Проверить наличие,2024-12-30,7464395887435222
2030018271412,2024-12-06 04:44:05,аНна СмИРНОВА,+7 9837 46 06,3,амуНИциЯ Для СОБАК,4,4535.68,264.32,COmPLeTED,спасибо за заказ,2024/12/02,0407511259775184
2030018271412,2024-12-06 04:44:05,аНна СмИРНОВА,+7 9837 46 06,3,амУНиция дЛЯ СОбАк,5,5251.91,748.09,COMPLETED,спасибо за заказ,2024/12/02,0407511259775184
2030018271412,2024-12-06 04:44:05,аНна СмИРНОВА,+7 9837 46 06,5,мОлОко,1,2968.27,31.73,coMpLEted,спасибо за заказ,2024/12/02,0407511259775184
2030018271412,2024-12-06 04:44:05,аНна СмИРНОВА,+7 9837 46 06,1,КОрМ дЛЯ СоБак,4,1977.56,22.44,comPleTEd,спасибо за заказ,2024/12/02,0407511259775184
2030018270674,11.12.2024 22:07,НатаЛьЯ ВаСИЛьЕва,+7 9546 44 49,3,аМуНицИя ДЛя СОБАк,1,1010.0,190.0,proCESSing,Всё отлично!,2024/12/18,9057081451086556
2030018269350,2024-12-01 08:43:32,аннА смИРНОВА,8(9784) 85-91,3,АМУнИЦИя ДЛЯ СоБАк,2,2050.01,349.99,CancELlEd,Нужно уточнить сроки,2024-12-16,9664644425785164
2030018269350,2024-12-01 08:43:32,аннА смИРНОВА,8(9784) 85-91,5,МОлОкО,2,4863.27,1136.73,canCellEd,Нужно уточнить сроки,2024-12-16,9664644425785164
2030018269350,2024-12-01 08:43:32,аннА смИРНОВА,8(9784) 85-91,5,мОлОКО,3,8536.54,463.46,cancEllED,Нужно уточнить сроки,2024-12-16,9664644425785164
2030018269350,2024-12-01 08:43:32,аннА смИРНОВА,8(9784) 85-91,3,АмУнИция для Собак,5,5981.4,18.6,cancelLEd,Нужно уточнить сроки,2024-12-16,9664644425785164
2030018268950,2024/12/20 01:45:38,СерГеЙ сИДоРов,+7 9549 83 09,1,КоРМ ДлЯ сОБАК,1,445.14,54.86,PrOCEsSinG,подарок вовремя,2024/12/23,8259005545606769
2030018268950,2024/12/20 01:45:38,СерГеЙ сИДоРов,+7 9549 83 09,4,ПОдПискА На газетУ,1,509.12,90.88,PRoceSsiNg,подарок вовремя,2024/12/23,8259005545606769
2030018267110,24.12.2024 18:45,аНна смИРнова,8(9625) 46-69,5,МолОко,3,7797.72,1202.28,coMPLEtED,"Задержка с доставкой, печалька...",2024/12/22,5434875498196208
2030018267110,24.12.2024 18:45,аНна смИРнова,8(9625) 46-69,5,моЛокО,2,5059.91,940.09,coMpLETEd,"Задержка с доставкой, печалька...",2024/12/22,5434875498196208
2030018267110,24.12.2024 18:45,аНна смИРнова,8(9625) 46-69,1,Корм дЛя СОбАк,3,1245.25,254.75,cOMPlEtEd,"Задержка с доставкой, печалька...",2024/12/22,5434875498196208
2030018266797,2024-12-23 08:04:46,нАТаЛья ваСИЛЬевА,8(9241) 74-62,5,мОЛОко,3,7559.37,1440.63,coMpLeTEd,спасибо за заказ,2024-12-24,6073021911863171
2030018265762,2024-12-01 08:18:41,натАЛЬЯ ВаСИльЕвА,+7 9087 30 34,4,ПоДпИСКа на ГаЗЕту,3,1603.9,196.1,cANceLled,"Задержка с доставкой, печалька...",2024-12-17,3334113995442536
2030018265762,2024-12-01 08:18:41,натАЛЬЯ ВаСИльЕвА,+7 9087 30 34,1,коРМ длЯ сОБАК,5,2310.97,189.03,CaNceLLEd,"Задержка с доставкой, печалька...",2024-12-17,3334113995442536
2030018264480,15.12.2024 02:18,СЕргЕЙ сИдоров,+7(9593)17-44,3,аМуНИЦия дЛя СоБАк,5,5365.05,634.95,complETED,Нужно уточнить сроки,2024/12/12,2255405225816754
2030018264480,15.12.2024 02:18,СЕргЕЙ сИдоров,+7(9593)17-44,2,ИгруШка мяч,1,293.48,6.52,COMPlEted,Нужно уточнить сроки,2024/12/12,2255405225816754
2030018264480,15.12.2024 02:18,СЕргЕЙ сИдоров,+7(9593)17-44,2,ИГРУШка мяч,4,1119.7,80.3,CoMPlEted,Нужно уточнить сроки,2024/12/12,2255405225816754
2030018263152,2024-12-26 13:54:26,дмитрИЙ КУзНецов,8(9085) 64-55,3,амуНициЯ дЛя соБаК,2,2355.68,44.32,PrOCesSInG,Проверить наличие,2024/12/28,1618971899744786
2030018262955,2024/12/25 01:26:15,НаТАлЬЯ вАсИЛьЕвА,8(9652) 78-03,4,поДпиСКА на гаЗету,2,963.26,236.74,cancElLEd,"Задержка с доставкой, печалька...",2024/12/24,2623860864071175
2030018261312,03.12.2024 05:20,наТальЯ васИЛЬЕВа,+7 9828 27 40,4,ПОдпиСка На гаЗеТУ,5,2806.99,193.01,PRoCESSinG,подарок вовремя,2024/12/04,3168647029369150
2030018261312,03.12.2024 05:20,наТальЯ васИЛЬЕВа,+7 9828 27 40,2,иГРУшкА МяЧ,1,277.15,22.85,pRoCESSINg,подарок вовремя,2024/12/04,3168647029369150
2030018261312,03.12.2024 05:20,наТальЯ васИЛЬЕВа,+7 9828 27 40,2,ИгРушКА Мяч,4,1113.43,86.57,PrOCesSINg,подарок вовремя,2024/12/04,3168647029369150
2030018260502,2024/12/08 03:09:24,МАрия ПеТрОВа,8(9020) 93-05,1,кОрм ДЛЯ СОбак,1,478.85,21.15,COMplEtEd,Нужно уточнить сроки,2024-12-23,3777693622043636
2030018260502,2024/12/08 03:09:24,МАрия ПеТрОВа,8(9020) 93-05,5,МОлоКО,1,2434.58,565.42,CoMPlETED,Нужно уточнить сроки,2024-12-23,3777693622043636
2030018259862,06.12.2024 03:09,ЕлеНа ноВикоВА,+7 9072 05 88,1,Корм дЛЯ соБак,1,442.94,57.06,CaNCeLleD,Всё отлично!,01.12.2024,2654349688923398
2030018259862,06.12.2024 03:09,ЕлеНа ноВикоВА,+7 9072 05 88,5,МолОКО,5,13530.35,1469.65,cANceLlEd,Всё отлично!,01.12.2024,2654349688923398
2030018259862,06.12.2024 03:09,ЕлеНа ноВикоВА,+7 9072 05 88,1,коРМ для СоБАК,2,849.18,150.82,cANcElleD,Всё отлично!,01.12.2024,2654349688923398
2030018259862,06.12.2024 03:09,ЕлеНа ноВикоВА,+7 9072 05 88,5,МОлоКо,4,10151.6,1848.4,CaNCelLED,Всё отлично!,01.12.2024,2654349688923398
2030018258511,27.12.2024 04:00,МИХАИЛ ОРлОв,+7 9527 53 53,5,МоЛокО,2,4982.32,1017.68,CanCeLLeD,Проверить наличие,07.12.2024,0814487538511655
2030018258511,27.12.2024 04:00,МИХАИЛ ОРлОв,+7 9527 53 53,4,ПОДпиСкА НА газетУ,4,1943.31,456.69,CaNCelleD,Проверить наличие,07.12.2024,0814487538511655
2030018257172,25.12.2024 14:18,еЛенА НовикОвА,+7 9422 93 68,4,поДпИСКА На ГАзЕТу,5,2468.71,531.29,comPlETed,спасибо за заказ,2024-12-20,9481522235847601
2030018257172,25.12.2024 14:18,еЛенА НовикОвА,+7 9422 93 68,2,иГРУшкА МяЧ,5,1327.45,172.55,CoMpLeted,спасибо за заказ,2024-12-20,9481522235847601
2030018257172,25.12.2024 14:18,еЛенА НовикОвА,+7 9422 93 68,1,КОРм длЯ СоБАК,3,1316.53,183.47,CoMpLEteD,спасибо за заказ,2024-12-20,9481522235847601
2030018257172,25.12.2024 14:18,еЛенА НовикОвА,+7 9422 93 68,4,ПодписКа нА ГАЗету,3,1494.49,305.51,COmpleTeD,спасибо за заказ,2024-12-20,9481522235847601
2030018256863,2024-12-05 13:30:03,АлекСеЙ МихайЛов,+7 9596 05 10,2,иГруШКА МЯч,3,897.98,2.02,CompleTEd,"Задержка с доставкой, печалька...",2024/12/25,0948361585171476
2030018256863,2024-12-05 13:30:03,АлекСеЙ МихайЛов,+7 9596 05 10,5,мОлокО,4,10349.58,1650.42,cOmPLETed,"Задержка с доставкой, печалька...",2024/12/25,0948361585171476
2030018256863,2024-12-05 13:30:03,АлекСеЙ МихайЛов,+7 9596 05 10,1,КоРМ дЛя собАк,5,2270.0,230.0,coMPLeTEd,"Задержка с доставкой, печалька...",2024/12/25,0948361585171476
2030018256863,2024-12-05 13:30:03,АлекСеЙ МихайЛов,+7 9596 05 10,2,ИгРуШка мЯч,3,809.18,90.82,ComPLETED,"Задержка с доставкой, печалька...",2024/12/25,0948361585171476
2030018255273,2024/12/03 16:58:39,АЛекСЕй михАйЛоВ,+7(9485)77-68,5,Молоко,3,8487.6,512.4,CaNceLLEd,Всё отлично!,2024-12-28,1468215824187175
2030018255273,2024/12/03 16:58:39,АЛекСЕй михАйЛоВ,+7(9485)77-68,1,корм для СОБАК,3,1461.36,38.64,cAncellED,Всё отлично!,2024-12-28,1468215824187175
2030018255273,2024/12/03 16:58:39,АЛекСЕй михАйЛоВ,+7(9485)77-68,1,кОРМ для соБАк,2,833.91,166.09,CaNcelLeD,Всё отлично!,2024-12-28,1468215824187175
2030018255273,2024/12/03 16:58:39,АЛекСЕй михАйЛоВ,+7(9485)77-68,1,Корм длЯ соБак,3,1244.51,255.49,CANCELleD,Всё отлично!,2024-12-28,1468215824187175
2030018254153,25.12.2024 02:20,нАтальЯ ВасИЛьеВА,+7 9081 51 93,2,ИГрУшка мЯЧ,2,524.77,75.23,PrOCESSIng,Нужно уточнить сроки,2024-12-05,8416251992276795
2030018253591,2024/12/30 21:10:57,мИхАиЛ оРлОВ,8(9192) 79-06,3,АмУНицИя Для соБАк,1,1194.02,5.98,cOMpLeTEd,"Задержка с доставкой, печалька...",2024/12/27,0375576037687962
2030018253591,2024/12/30 21:10:57,мИхАиЛ оРлОВ,8(9192) 79-06,4,ПодпиСка нА ГАЗЕтУ,2,969.56,230.44,COmpLetEd,"Задержка с доставкой, печалька...",2024/12/27,0375576037687962
2030018253591,2024/12/30 21:10:57,мИхАиЛ оРлОВ,8(9192) 79-06,2,ИгРУШКА МЯч,4,1094.4,105.6,CompLeteD,"Задержка с доставкой, печалька...",2024/12/27,0375576037687962
2030018252159,2024-12-14 14:47:35,АннА СмирНовА,+7 9463 68 69,1,коРМ дЛЯ СоБак,4,1829.56,170.44,cANCELlEd,Всё отлично!,2024/12/21,6708530010775808
2030018251733,2024/12/10 16:56:10,Анна смирНОВА,8(9681) 35-05,1,Корм для СОбак,3,1227.42,272.58,cANCeLLED,Проверить наличие,2024/12/19,3634562397819424
2030018251733,2024/12/10 16:56:10,Анна смирНОВА,8(9681) 35-05,5,МолОКо,5,12580.15,2419.85,CANceLlEd,Проверить наличие,2024/12/19,3634562397819424
2030018251733,2024/12/10 16:56:10,Анна смирНОВА,8(9681) 35-05,5,мОлокО,1,2534.06,465.94,cANcELLeD,Проверить наличие,2024/12/19,3634562397819424
2030018251733,2024/12/10 16:56:10,Анна смирНОВА,8(9681) 35-05,2,игрУШка мяч,1,256.97,43.03,cANCeLLEd,Проверить наличие,2024/12/19,3634562397819424
2030018250466,2024/12/07 01:15:19,иВан ИваНоВ,+7(9848)84-22,5,МОлОКо,2,5090.21,909.79,CANCelleD,Проверить наличие,2024-12-16,1949616817632161
2030018250466,2024/12/07 01:15:19,иВан ИваНоВ,+7(9848)84-22,1,КОрМ дЛя собАК,2,800.08,199.92,cANCElLeD,Проверить наличие,2024-12-16,1949616817632161
2030018250466,2024/12/07 01:15:19,иВан ИваНоВ,+7(9848)84-22,2,игРУшкА МяЧ,4,1184.64,15.36,CancellED,Проверить наличие,2024-12-16,1949616817632161
2030018250466,2024/12/07 01:15:19,иВан ИваНоВ,+7(9848)84-22,2,иГрушкА МяЧ,2,499.23,100.77,caNcelled,Проверить наличие,2024-12-16,1949616817632161
2030018250466,2024/12/07 01:15:19,иВан ИваНоВ,+7(9848)84-22,5,моЛОко,3,8354.52,645.48,cANceLlED,Проверить наличие,2024-12-16,1949616817632161
2030018249258,2024/12/01 15:03:57,ИвАН иваНОв,+7(9015)22-02,3,аМунИЦия ДЛЯ соБАк,1,1013.44,186.56,pRoCeSsING,подарок вовремя,09.12.2024,6654584911258701
2030018249258,2024/12/01 15:03:57,ИвАН иваНОв,+7(9015)22-02,1,Корм дЛя сОбаК,1,421.12,78.88,pROCessiNg,подарок вовремя,09.12.2024,6654584911258701
2030018248223,2024/12/13 10:34:48,алЕкСЕй МиХАЙЛОв,8(9697) 35-07,3,аМУНиЦия Для сОбАк,3,3059.9,540.1,pRoceSSiNG,Проверить наличие,19.12.2024,1687579619287746
2030018248223,2024/12/13 10:34:48,алЕкСЕй МиХАЙЛОв,8(9697) 35-07,1,корм Для сОбАк,2,808.53,191.47,PrOCesSInG,Проверить наличие,19.12.2024,1687579619287746
2030018248223,2024/12/13 10:34:48,алЕкСЕй МиХАЙЛОв,8(9697) 35-07,1,коРМ ДЛя СОбак,1,455.78,44.22,pRoCESSIng,Проверить наличие,19.12.2024,1687579619287746
2030018247833,2024/12/06 21:36:26,иВАн иВаНОв,+7 9384 54 68,1,корМ ДЛЯ сОбАк,4,1843.62,156.38,coMpLeTed,подарок вовремя,2024/12/19,2159377985524605
2030018247833,2024/12/06 21:36:26,иВАн иВаНОв,+7 9384 54 68,2,ИгРУшка мяЧ,2,549.83,50.17,cOmPleteD,подарок вовремя,2024/12/19,2159377985524605
2030018247833,2024/12/06 21:36:26,иВАн иВаНОв,+7 9384 54 68,4,пОдпиСка На ГАзеТу,5,2998.24,1.76,COmpLEtEd,подарок вовремя,2024/12/19,2159377985524605
2030018247833,2024/12/06 21:36:26,иВАн иВаНОв,+7 9384 54 68,2,игРуШкА мЯч,5,1461.86,38.14,compLeTEd,подарок вовремя,2024/12/19,2159377985524605
2030018247833,2024/12/06 21:36:26,иВАн иВаНОв,+7 9384 54 68,3,аМунИЦия дЛЯ СОБАк,4,4061.22,738.78,cOMPlETeD,подарок вовремя,2024/12/19,2159377985524605
2030018246742,2024-12-21 21:55:29,АЛекСЕЙ мИХайлоВ,+7 9636 87 87,4,ПОДПиска НА ГАЗетУ,1,587.2,12.8,pROCeSsiNG,подарок вовремя,2024-12-14,6742124390646010
2030018246742,2024-12-21 21:55:29,АЛекСЕЙ мИХайлоВ,+7 9636 87 87,5,МОлокО,2,5210.44,789.56,ProcessiNg,подарок вовремя,2024-12-14,6742124390646010
2030018246742,2024-12-21 21:55:29,АЛекСЕЙ мИХайлоВ,+7 9636 87 87,1,КоРм дЛЯ СОбак,4,1921.48,78.52,PrOCEsSINg,подарок вовремя,2024-12-14,6742124390646010
2030018246742,2024-12-21 21:55:29,АЛекСЕЙ мИХайлоВ,+7 9636 87 87,4,пОДпИСка на ГАЗЕТу,2,1051.74,148.26,procesSiNg,подарок вовремя,2024-12-14,6742124390646010
2030018246742,2024-12-21 21:55:29,АЛекСЕЙ мИХайлоВ,+7 9636 87 87,4,пОДпискА На ГАЗету,3,1650.34,149.66,PrOcessing,подарок вовремя,2024-12-14,6742124390646010
2030018245718,2024/12/04 05:52:03,дмитРИй кУЗнецов,8(9152) 08-05,2,игРушкА Мяч,4,1163.52,36.48,CANCelLEd,Нужно уточнить сроки,2024/12/14,0937426550264068
2030018245718,2024/12/04 05:52:03,дмитРИй кУЗнецов,8(9152) 08-05,2,ИгрУшкА мЯЧ,2,497.55,102.45,caNcELLed,Нужно уточнить сроки,2024/12/14,0937426550264068
2030018245718,2024/12/04 05:52:03,дмитРИй кУЗнецов,8(9152) 08-05,2,ИгРУшКА МяЧ,1,264.79,35.21,CANcELLED,Нужно уточнить сроки,2024/12/14,0937426550264068
2030018245718,2024/12/04 05:52:03,дмитРИй кУЗнецов,8(9152) 08-05,4,поДПИска нА Газету,3,1784.33,15.67,CAncELleD,Нужно уточнить сроки,2024/12/14,0937426550264068
2030018245718,2024/12/04 05:52:03,дмитРИй кУЗнецов,8(9152) 08-05,4,ПОдпИСкА НА ГаЗЕту,3,1655.28,144.72,CANCellED,Нужно уточнить сроки,2024/12/14,0937426550264068
2030018244234,2024/12/23 05:02:05,МиХаил ОРлов,8(9029) 63-21,5,МоЛоКО,5,12073.65,2926.35,ComPLEteD,"Задержка с доставкой, печалька...",2024/12/17,9644833270923631
2030018243154,2024-12-11 04:16:26,оЛЬгА кУЗНецОвА,+7(9724)94-97,4,поДпИска НА гАзЕтУ,2,994.52,205.48,pRocEsSIng,подарок вовремя,2024/12/11,7408596610052999
2030018243154,2024-12-11 04:16:26,оЛЬгА кУЗНецОвА,+7(9724)94-97,3,АМуНИЦия дЛя СобАк,2,2129.42,270.58,procESsiNg,подарок вовремя,2024/12/11,7408596610052999
2030018243154,2024-12-11 04:16:26,оЛЬгА кУЗНецОвА,+7(9724)94-97,2,ИгрушКА МЯч,1,281.85,18.15,prOcessing,подарок вовремя,2024/12/11,7408596610052999
2030018243154,2024-12-11 04:16:26,оЛЬгА кУЗНецОвА,+7(9724)94-97,2,ИГрушКА МЯЧ,2,573.88,26.12,procesSinG,подарок вовремя,2024/12/11,7408596610052999
2030018242813,28.12.2024 06:21,сЕргей СИДОроВ,8(9689) 62-26,4,ПОДПИсКа на гаЗеТу,4,2044.63,355.37,CaNCELLeD,Проверить наличие,22.12.2024,8703223331666791
2030018242813,28.12.2024 06:21,сЕргей СИДОроВ,8(9689) 62-26,5,МолоКО,1,2624.51,375.49,CanCEllEd,Проверить наличие,22.12.2024,8703223331666791
2030018242813,28.12.2024 06:21,сЕргей СИДОроВ,8(9689) 62-26,1,Корм ДлЯ сОБАк,4,1995.71,4.29,CANCELLeD,Проверить наличие,22.12.2024,8703223331666791
2030018242813,28.12.2024 06:21,сЕргей СИДОроВ,8(9689) 62-26,1,корм для сОБак,2,994.58,5.42,CaNceLled,Проверить наличие,22.12.2024,8703223331666791
2030018241755,18.12.2024 11:06,олЬГА кУЗнеЦовА,+7 9041 78 63,1,КорМ ДлЯ СОбАк,4,1954.75,45.25,pROcESSING,Нужно уточнить сроки,2024-12-27,7340901320129529
2030018241755,18.12.2024 11:06,олЬГА кУЗнеЦовА,+7 9041 78 63,3,АМУницИЯ дЛя соБАк,1,1110.44,89.56,pROceSsing,Нужно уточнить сроки,2024-12-27,7340901320129529
2030018241755,18.12.2024 11:06,олЬГА кУЗнеЦовА,+7 9041 78 63,1,КОРм для собаК,2,832.32,167.68,PRoceSSIng,Нужно уточнить сроки,2024-12-27,7340901320129529
2030018241755,18.12.2024 11:06,олЬГА кУЗнеЦовА,+7 9041 78 63,4,пОдПИСКа НА гАЗеТУ,1,482.87,117.13,PROcesSiNG,Нужно уточнить сроки,2024-12-27,7340901320129529
2030018241755,18.12.2024 11:06,олЬГА кУЗнеЦовА,+7 9041 78 63,1,КОрМ ДЛя СобАК,1,485.72,14.28,pROCESsing,Нужно уточнить сроки,2024-12-27,7340901320129529
2030018240686,2024/12/07 21:06:37,ивАн иВАНОВ,+7(9594)14-47,1,КОРм длЯ СоБак,4,1654.0,346.0,caNCELLed,Нужно уточнить сроки,2024/12/22,9100279656968910
2030018240686,2024/12/07 21:06:37,ивАн иВАНОВ,+7(9594)14-47,1,кОрМ для сОБак,1,451.26,48.74,cAnCELleD,Нужно уточнить сроки,2024/12/22,9100279656968910
2030018240686,2024/12/07 21:06:37,ивАн иВАНОВ,+7(9594)14-47,3,амУНициЯ Для СоБаК,1,997.72,202.28,cANCEllED,Нужно уточнить сроки,2024/12/22,9100279656968910
2030018240686,2024/12/07 21:06:37,ивАн иВАНОВ,+7(9594)14-47,1,кОРМ ДЛЯ сОБАК,5,2314.16,185.84,cANceLLeD,Нужно уточнить сроки,2024/12/22,9100279656968910
2030018240686,2024/12/07 21:06:37,ивАн иВАНОВ,+7(9594)14-47,5,МОлоко,3,8289.99,710.01,CaNcELlEd,Нужно уточнить сроки,2024/12/22,9100279656968910
2030018239939,2024/12/24 15:53:48,дМИТРиЙ кУзНеЦов,8(9839) 86-78,2,ИГРУшка МЯЧ,5,1410.87,89.13,CoMPlETED,подарок вовремя,2024-12-18,7848507244707371
2030018239939,2024/12/24 15:53:48,дМИТРиЙ кУзНеЦов,8(9839) 86-78,3,аМУнициЯ дЛЯ собАк,1,1140.13,59.87,coMPleted,подарок вовремя,2024-12-18,7848507244707371
2030018239939,2024/12/24 15:53:48,дМИТРиЙ кУзНеЦов,8(9839) 86-78,5,МОлокО,1,2663.6,336.4,COMpLEteD,подарок вовремя,2024-12-18,7848507244707371
2030018239939,2024/12/24 15:53:48,дМИТРиЙ кУзНеЦов,8(9839) 86-78,2,игРУшКА мЯч,3,814.87,85.13,ComPLEtED,подарок вовремя,2024-12-18,7848507244707371
2030018239939,2024/12/24 15:53:48,дМИТРиЙ кУзНеЦов,8(9839) 86-78,2,игруШка мЯЧ,1,250.82,49.18,coMPLetED,подарок вовремя,2024-12-18,7848507244707371
2030018238574,2024/12/13 10:27:40,аННА сМиРНоВа,8(9432) 50-11,1,КоРМ ДЛя сОБАк,2,991.1,8.9,CaNCellED,спасибо за заказ,25.12.2024,1014478165716396
2030018238574,2024/12/13 10:27:40,аННА сМиРНоВа,8(9432) 50-11,2,ИгрУШка мЯЧ,5,1353.29,146.71,cancElled,спасибо за заказ,25.12.2024,1014478165716396
2030018238574,2024/12/13 10:27:40,аННА сМиРНоВа,8(9432) 50-11,1,коРм для СоБАК,4,1780.78,219.22,caNceLlEd,спасибо за заказ,25.12.2024,1014478165716396
2030018238574,2024/12/13 10:27:40,аННА сМиРНоВа,8(9432) 50-11,5,МолОКо,2,5660.33,339.67,CanceLled,спасибо за заказ,25.12.2024,1014478165716396
2030018237466,05.12.2024 21:12,АнНа СмирНОВа,8(9434) 55-73,2,иГрУШКА мяЧ,4,1090.91,109.09,cAncelleD,спасибо за заказ,2024/12/21,3117013957652412
2030018237466,05.12.2024 21:12,АнНа СмирНОВа,8(9434) 55-73,4,подПИсКа На ГАЗеТУ,4,2197.64,202.36,cANCellED,спасибо за заказ,2024/12/21,3117013957652412
2030018237466,05.12.2024 21:12,АнНа СмирНОВа,8(9434) 55-73,2,ИгРуШКА мЯч,4,1020.34,179.66,CancELLed,спасибо за заказ,2024/12/21,3117013957652412
2030018237466,05.12.2024 21:12,АнНа СмирНОВа,8(9434) 55-73,1,КОрм дЛя СОБАк,4,1735.07,264.93,caNCElleD,спасибо за заказ,2024/12/21,3117013957652412
2030018236453,2024/12/05 06:07:10,аЛеКСЕй МиХаЙлоВ,+7(9695)76-47,2,ИГРУшКа Мяч,4,1000.24,199.76,COMplEtEd,Всё отлично!,2024-12-25,5742906482171435
2030018236453,2024/12/05 06:07:10,аЛеКСЕй МиХаЙлоВ,+7(9695)76-47,4,подпИСКа нА гаЗЕТУ,4,1981.7,418.3,cOmPleTEd,Всё отлично!,2024-12-25,5742906482171435
2030018236453,2024/12/05 06:07:10,аЛеКСЕй МиХаЙлоВ,+7(9695)76-47,2,ИГРушка мЯЧ,2,582.01,17.99,CoMplEtED,Всё отлично!,2024-12-25,5742906482171435
2030018235462,2024-12-19 08:58:15,мАрИЯ ПетроВА,8(9704) 00-92,5,моЛоКО,3,8315.55,684.45,cOMPlETed,Ждём с нетерпением!,2024/12/18,1127805349909888
2030018235462,2024-12-19 08:58:15,мАрИЯ ПетроВА,8(9704) 00-92,1,корм дЛЯ СобаК,3,1340.08,159.92,coMpLEtEd,Ждём с нетерпением!,2024/12/18,1127805349909888
2030018235462,2024-12-19 08:58:15,мАрИЯ ПетроВА,8(9704) 00-92,4,пОДПиСкА НА гаЗету,4,2168.75,231.25,compleTED,Ждём с нетерпением!,2024/12/18,1127805349909888
2030018234452,2024-12-01 14:07:44,дМИТрий кУЗНЕцов,+7(9206)67-00,3,АмУНИЦИЯ ДЛЯ сОбак,4,4107.93,692.07,ComplETed,спасибо за заказ,01.12.2024,1376096301379991
2030018234452,2024-12-01 14:07:44,дМИТрий кУЗНЕцов,+7(9206)67-00,2,игРУШкА МяЧ,2,589.41,10.59,COMpLETED,спасибо за заказ,01.12.2024,1376096301379991
2030018234452,2024-12-01 14:07:44,дМИТрий кУЗНЕцов,+7(9206)67-00,5,мОлоКО,3,8708.09,291.91,CoMpLeteD,спасибо за заказ,01.12.2024,1376096301379991
2030018233201,2024/12/16 05:11:32,МИхаиЛ ОрЛОВ,+7 9231 52 34,1,кОРм ДЛЯ собак,1,479.33,20.67,caNceLLED,подарок вовремя,2024/12/23,5799671191940443
2030018233201,2024/12/16 05:11:32,МИхаиЛ ОрЛОВ,+7 9231 52 34,3,АМУниция для соБАк,5,5563.5,436.5,caNcEllED,подарок вовремя,2024/12/23,5799671191940443
2030018233201,2024/12/16 05:11:32,МИхаиЛ ОрЛОВ,+7 9231 52 34,4,пОДПИСка нА газЕту,5,2481.68,518.32,CancellEd,подарок вовремя,2024/12/23,5799671191940443
2030018233201,2024/12/16 05:11:32,МИхаиЛ ОрЛОВ,+7 9231 52 34,3,АмУНицИя ДЛЯ СобаК,5,5845.39,154.61,cANceLlED,подарок вовремя,2024/12/23,5799671191940443
2030018232188,2024/12/07 01:28:49,оЛЬГа КуЗнецОва,+7(9542)07-18,5,МОЛоКО,4,10046.1,1953.9,pROCesSInG,"Задержка с доставкой, печалька...",09.12.2024,2561235542878080
2030018232188,2024/12/07 01:28:49,оЛЬГа КуЗнецОва,+7(9542)07-18,3,АмУницИя ДЛя СоБаК,3,3122.68,477.32,PROCeSSiNg,"Задержка с доставкой, печалька...",09.12.2024,2561235542878080
2030018232188,2024/12/07 01:28:49,оЛЬГа КуЗнецОва,+7(9542)07-18,3,амУНициЯ дЛЯ сОБак,4,4056.66,743.34,PrOceSsinG,"Задержка с доставкой, печалька...",09.12.2024,2561235542878080
2030018232188,2024/12/07 01:28:49,оЛЬГа КуЗнецОва,+7(9542)07-18,4,пОдписКа НА ГАзету,2,1114.51,85.49,procESsInG,"Задержка с доставкой, печалька...",09.12.2024,2561235542878080
2030018232188,2024/12/07 01:28:49,оЛЬГа КуЗнецОва,+7(9542)07-18,4,пОдПИСкА нА ГАЗЕТУ,3,1760.43,39.57,PrOCESsINg,"Задержка с доставкой, печалька...",09.12.2024,2561235542878080
2030018231721,27.12.2024 02:40,ЕлЕНА НоВИКОва,+7 9563 83 78,5,МОЛоКО,2,5810.63,189.37,ProCesSIng,Ждём с нетерпением!,2024-12-23,0891441651371993
2030018231721,27.12.2024 02:40,ЕлЕНА НоВИКОва,+7 9563 83 78,4,ПодПИскА нА ГаЗеТу,2,1067.47,132.53,prOcEsSInG,Ждём с нетерпением!,2024-12-23,0891441651371993
2030018231721,27.12.2024 02:40,ЕлЕНА НоВИКОва,+7 9563 83 78,1,КОрМ дЛЯ СОБАК,3,1269.28,230.72,PrOCESsiNg,Ждём с нетерпением!,2024-12-23,0891441651371993
2030018231721,27.12.2024 02:40,ЕлЕНА НоВИКОва,+7 9563 83 78,1,кОРм ДЛЯ собак,5,2124.44,375.56,PrOcESSing,Ждём с нетерпением!,2024-12-23,0891441651371993
2030018230179,25.12.2024 22:34,миХаИЛ оРЛОв,8(9038) 73-89,1,корМ ДЛя сОбаК,3,1349.57,150.43,ComplEted,подарок вовремя,2024/12/22,9241830059962194
2030018230179,25.12.2024 22:34,миХаИЛ оРЛОв,8(9038) 73-89,5,молоКО,4,10982.41,1017.59,COmpLEteD,подарок вовремя,2024/12/22,9241830059962194
2030018230179,25.12.2024 22:34,миХаИЛ оРЛОв,8(9038) 73-89,2,ИГРуШкА мЯЧ,2,531.03,68.97,coMPlEteD,подарок вовремя,2024/12/22,9241830059962194
2030018230179,25.12.2024 22:34,миХаИЛ оРЛОв,8(9038) 73-89,4,подпИскА На гАзетУ,4,2253.12,146.88,ComPlETEd,подарок вовремя,2024/12/22,9241830059962194
2030018229715,2024/12/15 03:20:00,нАтАлЬЯ васильЕвА,+7 9068 26 66,5,мОЛоко,2,5359.2,640.8,ComPLetED,Ждём с нетерпением!,2024-12-09,6383354717040519
2030018229715,2024/12/15 03:20:00,нАтАлЬЯ васильЕвА,+7 9068 26 66,1,КорМ дЛЯ собАК,2,816.02,183.98,coMpLETeD,Ждём с нетерпением!,2024-12-09,6383354717040519
2030018229715,2024/12/15 03:20:00,нАтАлЬЯ васильЕвА,+7 9068 26 66,4,ПОдПискА нА гАзЕТУ,2,1159.26,40.74,comPLEteD,Ждём с нетерпением!,2024-12-09,6383354717040519
2030018228252,2024/12/11 10:13:07,маРия пЕтРОВА,+7 9483 18 48,4,пОдПИСка нА ГАЗеТУ,5,2804.58,195.42,CaNcELLed,спасибо за заказ,2024-12-07,7585584099291631
2030018227791,2024-12-14 09:57:34,Анна смИрнОВа,8(9928) 76-42,1,КорМ дЛЯ соБАК,3,1454.64,45.36,CanCEllED,"Задержка с доставкой, печалька...",01.12.2024,7918710525040144
2030018227791,2024-12-14 09:57:34,Анна смИрнОВа,8(9928) 76-42,3,АмуНИЦиЯ дЛЯ собак,1,1199.74,0.26,CAncelLEd,"Задержка с доставкой, печалька...",01.12.2024,7918710525040144
2030018227791,2024-12-14 09:57:34,Анна смИрнОВа,8(9928) 76-42,5,моЛоКо,2,5177.85,822.15,CANCELLeD,"Задержка с доставкой, печалька...",01.12.2024,7918710525040144
2030018227791,2024-12-14 09:57:34,Анна смИрнОВа,8(9928) 76-42,3,АмУНиция дЛя СОБак,3,3318.3,281.7,cAnCELled,"Задержка с доставкой, печалька...",01.12.2024,7918710525040144
2030018226613,25.12.2024 19:22,НаТАлЬя ВаСильеВА,+7(9216)92-55,4,ПодПисКа На гАЗетУ,2,1006.95,193.05,cAncELLED,Нужно уточнить сроки,2024-12-06,6398166026708088
2030018226613,25.12.2024 19:22,НаТАлЬя ВаСильеВА,+7(9216)92-55,4,ПоДпИска НА ГазеТУ,5,2624.18,375.82,CAnCeLLED,Нужно уточнить сроки,2024-12-06,6398166026708088
2030018226613,25.12.2024 19:22,НаТАлЬя ВаСильеВА,+7(9216)92-55,5,моЛоКо,3,8401.68,598.32,cAnCeLLed,Нужно уточнить сроки,2024-12-06,6398166026708088
2030018225451,2024-12-24 10:11:47,аЛЕксЕЙ мИхайлОв,8(9733) 01-45,3,АМуНИЦИя дЛЯ СоБак,4,4530.06,269.94,ComPLEtED,Ждём с нетерпением!,2024/12/24,3547010003644868
2030018225451,2024-12-24 10:11:47,аЛЕксЕЙ мИхайлОв,8(9733) 01-45,2,игрУшкА мяч,5,1485.1,14.9,coMPleTEd,Ждём с нетерпением!,2024/12/24,3547010003644868
2030018225451,2024-12-24 10:11:47,аЛЕксЕЙ мИхайлОв,8(9733) 01-45,1,кОрМ дЛЯ сОбак,3,1242.68,257.32,cOmPLETED,Ждём с нетерпением!,2024/12/24,3547010003644868
2030018224544,2024-12-24 03:34:43,ЕЛЕна ноВИкоВа,+7(9365)79-34,5,МолОКО,3,8861.66,138.34,cAncELLed,Проверить наличие,2024/12/14,6190052429236500
2030018223862,11.12.2024 14:50,СЕРгЕй сиДоРов,+7(9960)91-03,4,Подписка на гАзЕту,3,1558.59,241.41,CanCELled,Ждём с нетерпением!,30.12.2024,1456188654158076
2030018223862,11.12.2024 14:50,СЕРгЕй сиДоРов,+7(9960)91-03,4,ПОдпискА НА ГазеТУ,1,515.16,84.84,CancellEd,Ждём с нетерпением!,30.12.2024,1456188654158076
2030018223862,11.12.2024 14:50,СЕРгЕй сиДоРов,+7(9960)91-03,4,ПоДПИСка НА ГаЗету,5,2767.57,232.43,CAnCelLed,Ждём с нетерпением!,30.12.2024,1456188654158076
2030018223862,11.12.2024 14:50,СЕРгЕй сиДоРов,+7(9960)91-03,1,КОРм ДЛЯ сОБак,1,475.24,24.76,CAnCeLled,Ждём с нетерпением!,30.12.2024,1456188654158076
2030018222520,09.12.2024 15:20,АННА сМИРнОва,+7 9710 33 87,5,МоЛОко,4,11536.06,463.94,procESsING,Всё отлично!,12.12.2024,0628544307617225
2030018222520,09.12.2024 15:20,АННА сМИРнОва,+7 9710 33 87,1,КОРМ ДлЯ СобАк,5,2475.19,24.81,proCessIng,Всё отлично!,12.12.2024,0628544307617225
2030018222520,09.12.2024 15:20,АННА сМИРнОва,+7 9710 33 87,5,МоЛоКо,2,5142.78,857.22,ProCEssiNg,Всё отлично!,12.12.2024,0628544307617225
2030018222520,09.12.2024 15:20,АННА сМИРнОва,+7 9710 33 87,3,АМУниЦиЯ ДЛЯ СОбАК,1,966.87,233.13,procesSiNg,Всё отлично!,12.12.2024,0628544307617225
2030018222520,09.12.2024 15:20,АННА сМИРнОва,+7 9710 33 87,5,МОЛоКО,4,11046.59,953.41,pRoCessinG,Всё отлично!,12.12.2024,0628544307617225
2030018221108,2024/12/15 15:04:55,аЛексеЙ МихАйЛОв,8(9470) 74-35,5,моЛокО,5,13429.14,1570.86,COmPLETeD,подарок вовремя,25.12.2024,4278390048563587
2030018220657,10.12.2024 10:04,Ольга КуЗнЕЦоВА,+7 9775 20 18,2,ИгРУшка МЯч,2,598.03,1.97,pROCeSsIng,"Задержка с доставкой, печалька...",30.12.2024,1472192916777641
2030018219471,2024-12-29 01:49:13,АлеКсей мИхАйЛоВ,+7(9610)16-38,2,иГрУШкА Мяч,4,1025.41,174.59,COmPletEd,Проверить наличие,2024-12-05,6590340792607878
2030018219471,2024-12-29 01:49:13,АлеКсей мИхАйЛоВ,+7(9610)16-38,5,молОкО,2,4961.83,1038.17,COmpleteD,Проверить наличие,2024-12-05,6590340792607878
2030018219471,2024-12-29 01:49:13,АлеКсей мИхАйЛоВ,+7(9610)16-38,3,АмУницИЯ ДЛя СоБак,2,1931.49,468.51,cOmplEted,Проверить наличие,2024-12-05,6590340792607878
2030018218183,2024-12-18 13:15:57,МарИя пЕТроВа,+7 9177 47 57,5,мОлоКО,5,12800.12,2199.88,CAnCELLEd,подарок вовремя,31.12.2024,2088249001229542
2030018218183,2024-12-18 13:15:57,МарИя пЕТроВа,+7 9177 47 57,1,КорМ ДЛя сОбак,5,2141.4,358.6,CAnCeLled,подарок вовремя,31.12.2024,2088249001229542
2030018217679,24.12.2024 01:13,ДмиТриЙ КУзНеЦОв,8(9232) 01-97,3,АМуниЦиЯ Для сОбаК,3,3006.22,593.78,comPLetEd,Ждём с нетерпением!,24.12.2024,8664696392686420
2030018216581,07.12.2024 16:02,ольгА куЗнЕцОВА,+7(9827)08-24,5,моЛокО,1,2885.0,115.0,COMPleTEd,"Задержка с доставкой, печалька...",2024-12-18,0468330064463113
2030018215716,13.12.2024 08:04,мАрИя ПетрОвА,+7(9420)57-40,1,Корм длЯ СобАк,3,1366.25,133.75,PROceSsIng,Всё отлично!,09.12.2024,9978808501133571
2030018215716,13.12.2024 08:04,мАрИя ПетрОвА,+7(9420)57-40,4,пОДПИСка нА Газету,5,2431.79,568.21,ProCESSINg,Всё отлично!,09.12.2024,9978808501133571
2030018215716,13.12.2024 08:04,мАрИя ПетрОвА,+7(9420)57-40,1,кОрМ для соБак,2,928.12,71.88,pROcEssING,Всё отлично!,09.12.2024,9978808501133571
2030018214424,13.12.2024 22:14,Ольга КузнЕЦОВА,+7 9486 69 92,2,ИгрУшКА мяЧ,2,506.0,94.0,cOMPlETed,Ждём с нетерпением!,2024/12/24,2913026420533708
2030018214424,13.12.2024 22:14,Ольга КузнЕЦОВА,+7 9486 69 92,2,ИгРУШКа Мяч,4,1169.05,30.95,coMPlEtED,Ждём с нетерпением!,2024/12/24,2913026420533708
2030018213115,2024/12/04 08:56:54,сЕРГей сидоРОв,8(9166) 08-48,5,Молоко,4,11701.64,298.36,CaNcELled,Нужно уточнить сроки,2024/12/25,8922971470781499
2030018213115,2024/12/04 08:56:54,сЕРГей сидоРОв,8(9166) 08-48,1,коРм дЛЯ СОБаК,1,414.12,85.88,CaNCellEd,Нужно уточнить сроки,2024/12/25,8922971470781499
2030018213115,2024/12/04 08:56:54,сЕРГей сидоРОв,8(9166) 08-48,1,КОрМ дЛЯ сОбак,5,2465.93,34.07,CaNceLleD,Нужно уточнить сроки,2024/12/25,8922971470781499
2030018212157,04.12.2024 02:42,марИЯ пЕтрОвА,+7(9423)97-08,4,пОдпИскА нА гаЗетУ,2,1133.0,67.0,COmpLeTEd,Нужно уточнить сроки,2024/12/26,0336018343185732
2030018212157,04.12.2024 02:42,марИЯ пЕтрОвА,+7(9423)97-08,5,МОлоко,4,10677.55,1322.45,CoMpLETEd,Нужно уточнить сроки,2024/12/26,0336018343185732
2030018212157,04.12.2024 02:42,марИЯ пЕтрОвА,+7(9423)97-08,5,МОЛОкО,5,13569.55,1430.45,cOMpletED,Нужно уточнить сроки,2024/12/26,0336018343185732
2030018212157,04.12.2024 02:42,марИЯ пЕтрОвА,+7(9423)97-08,3,аМуниЦиЯ Для собАк,1,1040.99,159.01,cOMPlETed,Нужно уточнить сроки,2024/12/26,0336018343185732
2030018211357,30.12.2024 16:55,ОлЬга КУзнЕцОвА,+7 9072 07 94,1,КОРМ длЯ СОбАк,5,2460.1,39.9,cAncellEd,Проверить наличие,2024-12-10,9870130365862580
2030018211357,30.12.2024 16:55,ОлЬга КУзнЕцОвА,+7 9072 07 94,2,игРУшкА мяЧ,4,1005.5,194.5,cancelled,Проверить наличие,2024-12-10,9870130365862580
2030018211357,30.12.2024 16:55,ОлЬга КУзнЕцОвА,+7 9072 07 94,1,корМ для СоБАК,4,1829.99,170.01,CANcEllEd,Проверить наличие,2024-12-10,9870130365862580
2030018211357,30.12.2024 16:55,ОлЬга КУзнЕцОвА,+7 9072 07 94,1,коРм ДЛя сОбаК,2,930.31,69.69,CANcElleD,Проверить наличие,2024-12-10,9870130365862580
2030018211357,30.12.2024 16:55,ОлЬга КУзнЕцОвА,+7 9072 07 94,3,аМУНициЯ Для соБАк,1,1006.64,193.36,cAnCEllEd,Проверить наличие,2024-12-10,9870130365862580
2030018210924,05.12.2024 00:51,алЕКСей МИхайлов,+7(9142)26-43,5,мОлокО,2,5677.67,322.33,compLETeD,подарок вовремя,2024-12-24,9194539741464967
2030018210924,05.12.2024 00:51,алЕКСей МИхайлов,+7(9142)26-43,1,КОрМ дЛЯ СОбаК,3,1300.14,199.86,cOMpLeTED,подарок вовремя,2024-12-24,9194539741464967
2030018209565,2024/12/16 11:20:36,ЕлеНА ноВИКоВА,8(9845) 09-58,3,аМунИцИЯ длЯ соБак,5,5569.22,430.78,cOMPlETeD,подарок вовремя,30.12.2024,6647330901912252
2030018209565,2024/12/16 11:20:36,ЕлеНА ноВИКоВА,8(9845) 09-58,5,МоЛоКО,5,13561.71,1438.29,CompLetED,подарок вовремя,30.12.2024,6647330901912252
2030018208472,2024-12-19 04:28:44,анНа сМИРНОВА,+7(9471)71-39,1,КОРм дЛЯ соБАк,3,1392.19,107.81,caNcELled,Нужно уточнить сроки,2024/12/13,5282638395696366
2030018208472,2024-12-19 04:28:44,анНа сМИРНОВА,+7(9471)71-39,4,пОДПИсКА нА ГАзЕту,5,2517.81,482.19,CaNcElled,Нужно уточнить сроки,2024/12/13,5282638395696366
2030018207189,2024/12/23 21:26:00,дмИТрий куЗНецОВ,+7 9380 06 85,2,ИгрУШкА МяЧ,1,295.3,4.7,cAncElleD,Ждём с нетерпением!,2024/12/23,0024571114344540
2030018207189,2024/12/23 21:26:00,дмИТрий куЗНецОВ,+7 9380 06 85,1,КОрМ дЛЯ СОБак,3,1285.23,214.77,cANceLLEd,Ждём с нетерпением!,2024/12/23,0024571114344540
2030018207189,2024/12/23 21:26:00,дмИТрий куЗНецОВ,+7 9380 06 85,3,АМунИЦия Для СОбАК,1,1159.47,40.53,cANCELLED,Ждём с нетерпением!,2024/12/23,0024571114344540
2030018207189,2024/12/23 21:26:00,дмИТрий куЗНецОВ,+7 9380 06 85,3,амУНИЦия длЯ сОБаК,4,3941.78,858.22,CANcELled,Ждём с нетерпением!,2024/12/23,0024571114344540
2030018206304,2024-12-13 03:24:37,АНнА сМиРнОва,8(9492) 41-40,4,пОдПИСКА на ГаЗетУ,3,1462.33,337.67,complETEd,"Задержка с доставкой, печалька...",22.12.2024,7192873340411273
2030018206304,2024-12-13 03:24:37,АНнА сМиРнОва,8(9492) 41-40,2,ИГРушкА МЯч,2,519.31,80.69,cOmpleTeD,"Задержка с доставкой, печалька...",22.12.2024,7192873340411273
2030018205433,2024/12/08 17:47:59,аНнА СмИРноВа,+7 9044 87 87,3,аМуниЦиЯ ДЛЯ собак,4,4438.75,361.25,ComplETEd,Проверить наличие,2024/12/22,1627672660424900
2030018205433,2024/12/08 17:47:59,аНнА СмИРноВа,+7 9044 87 87,4,ПОдПиСКА на гаЗеТу,3,1635.12,164.88,CompLEted,Проверить наличие,2024/12/22,1627672660424900
2030018205433,2024/12/08 17:47:59,аНнА СмИРноВа,+7 9044 87 87,2,ИГрУшкА Мяч,4,1090.28,109.72,coMpleTeD,Проверить наличие,2024/12/22,1627672660424900
2030018205433,2024/12/08 17:47:59,аНнА СмИРноВа,+7 9044 87 87,4,ПОдПИСКА нА газеТу,2,1156.0,44.0,cOmplEteD,Проверить наличие,2024/12/22,1627672660424900
2030018205433,2024/12/08 17:47:59,аНнА СмИРноВа,+7 9044 87 87,1,КоРМ для сОбАк,3,1318.33,181.67,CoMPlEted,Проверить наличие,2024/12/22,1627672660424900
2030018204653,2024-12-23 23:49:57,мИхаиЛ орЛОВ,+7(9941)83-81,3,амунИция дЛЯ собаК,4,4400.35,399.65,PrOCesSING,спасибо за заказ,22.12.2024,1564664593991822
2030018203519,2024/12/21 04:31:18,АнНа сМиРнОва,+7(9158)88-59,1,КОРМ дЛя собак,5,2299.64,200.36,COmPlETed,Нужно уточнить сроки,2024/12/12,1011145979488603
2030018203519,2024/12/21 04:31:18,АнНа сМиРнОва,+7(9158)88-59,1,КОрм дЛЯ СОбак,2,900.64,99.36,CoMpleTEd,Нужно уточнить сроки,2024/12/12,1011145979488603
2030018203519,2024/12/21 04:31:18,АнНа сМиРнОва,+7(9158)88-59,3,АмУнИЦиЯ дЛЯ собАК,1,1157.98,42.02,ComPLETeD,Нужно уточнить сроки,2024/12/12,1011145979488603
2030018203519,2024/12/21 04:31:18,АнНа сМиРнОва,+7(9158)88-59,2,ИгруШКа мяЧ,1,285.14,14.86,ComPleTed,Нужно уточнить сроки,2024/12/12,1011145979488603
2030018202407,2024-12-10 09:28:01,сеРгЕй сИДоРОВ,8(9722) 18-28,2,ИгРУШКА Мяч,3,843.63,56.37,CoMplETeD,Проверить наличие,2024-12-23,3272487675504109
2030018201391,28.12.2024 07:39,анНа СмирновА,+7(9080)57-32,5,мОЛоКо,4,10674.92,1325.08,COmPLEtED,"Задержка с доставкой, печалька...",2024/12/07,6868057294456996
2030018201391,28.12.2024 07:39,анНа СмирновА,+7(9080)57-32,5,МолОко,3,8713.81,286.19,COMplEtED,"Задержка с доставкой, печалька...",2024/12/07,6868057294456996
2030018201391,28.12.2024 07:39,анНа СмирновА,+7(9080)57-32,5,МоЛоКо,2,5882.17,117.83,COmpleTED,"Задержка с доставкой, печалька...",2024/12/07,6868057294456996
2030018201391,28.12.2024 07:39,анНа СмирновА,+7(9080)57-32,2,ИГрУшКА МЯч,5,1329.37,170.63,COmpLEtEd,"Задержка с доставкой, печалька...",2024/12/07,6868057294456996
2030018200258,2024-12-22 01:30:27,ИваН ИВаНОВ,+7(9925)63-37,3,амуниЦиЯ ДЛЯ Собак,5,4968.93,1031.07,CANceLLEd,"Задержка с доставкой, печалька...",2024/12/03,9722561272767369
2030018200258,2024-12-22 01:30:27,ИваН ИВаНОВ,+7(9925)63-37,2,иГрУшКА Мяч,2,517.65,82.35,CANcElled,"Задержка с доставкой, печалька...",2024/12/03,9722561272767369
2030018200258,2024-12-22 01:30:27,ИваН ИВаНОВ,+7(9925)63-37,2,иГРУШКА МяЧ,3,740.11,159.89,CAncElLeD,"Задержка с доставкой, печалька...",2024/12/03,9722561272767369
2030018200258,2024-12-22 01:30:27,ИваН ИВаНОВ,+7(9925)63-37,5,молОкО,2,5087.35,912.65,cancELlEd,"Задержка с доставкой, печалька...",2024/12/03,9722561272767369
2030018199759,12.12.2024 23:50,МИхАИЛ орлОв,+7 9558 23 24,4,ПоДпИскА На газЕТу,4,2146.07,253.93,pROceSSIng,"Задержка с доставкой, печалька...",2024/12/25,4175562003363556
2030018199759,12.12.2024 23:50,МИхАИЛ орлОв,+7 9558 23 24,4,пОДпискА на ГаЗЕТУ,4,2059.74,340.26,proceSSInG,"Задержка с доставкой, печалька...",2024/12/25,4175562003363556
2030018199759,12.12.2024 23:50,МИхАИЛ орлОв,+7 9558 23 24,1,КОРМ дЛя СОБАК,5,2097.03,402.97,PrOcESsINg,"Задержка с доставкой, печалька...",2024/12/25,4175562003363556
2030018198787,18.12.2024 11:06,аЛекСеЙ МихАйЛОВ,+7 9840 34 11,2,иГрушКА МяЧ,1,253.92,46.08,CancellEd,Проверить наличие,2024-12-04,6992622473550956
2030018198787,18.12.2024 11:06,аЛекСеЙ МихАйЛОВ,+7 9840 34 11,2,игРУШкА Мяч,2,540.23,59.77,caNceLLed,Проверить наличие,2024-12-04,6992622473550956
2030018197246,14.12.2024 07:35,ЕлЕНа НоВИкова,8(9337) 61-88,1,кОРм ДЛя СоБАк,4,1748.22,251.78,cOmPLeTED,Всё отлично!,2024-12-30,3847118733053111
2030018196558,2024/12/13 18:33:00,мАрИя пЕтроВА,+7 9976 08 45,1,корМ ДЛЯ СОБАк,5,2074.29,425.71,CANceLLeD,"Задержка с доставкой, печалька...",2024-12-31,6479552753603901
2030018196558,2024/12/13 18:33:00,мАрИя пЕтроВА,+7 9976 08 45,1,КОрм ДлЯ СобАК,3,1290.15,209.85,cAnCellED,"Задержка с доставкой, печалька...",2024-12-31,6479552753603901
2030018195814,2024/12/19 23:27:13,мАрИя ПетроВа,+7(9777)03-82,1,кОРм ДЛя сОбак,2,885.04,114.96,PROCESsiNg,"Задержка с доставкой, печалька...",17.12.2024,6106046805417884
2030018195814,2024/12/19 23:27:13,мАрИя ПетроВа,+7(9777)03-82,2,ИГРуШКа мяЧ,2,584.45,15.55,ProcEssING,"Задержка с доставкой, печалька...",17.12.2024,6106046805417884
2030018195814,2024/12/19 23:27:13,мАрИя ПетроВа,+7(9777)03-82,2,иГРуШКА мяЧ,4,1175.39,24.61,PROCeSsiNG,"Задержка с доставкой, печалька...",17.12.2024,6106046805417884
2030018195814,2024/12/19 23:27:13,мАрИя ПетроВа,+7(9777)03-82,3,АМуНИциЯ для СОбаК,5,5122.92,877.08,pRocesSiNg,"Задержка с доставкой, печалька...",17.12.2024,6106046805417884
2030018195814,2024/12/19 23:27:13,мАрИя ПетроВа,+7(9777)03-82,5,молокО,3,7647.95,1352.05,PrOcESSinG,"Задержка с доставкой, печалька...",17.12.2024,6106046805417884
2030018194500,2024/12/01 12:18:48,ОлЬГА куЗНЕЦова,8(9178) 86-72,3,амУНиЦиЯ ДЛЯ сОбАк,5,5826.54,173.46,CaNcELlEd,Всё отлично!,2024-12-25,1339956161103721
2030018194500,2024/12/01 12:18:48,ОлЬГА куЗНЕЦова,8(9178) 86-72,5,МолокО,4,11973.72,26.28,caNCELLeD,Всё отлично!,2024-12-25,1339956161103721
2030018194500,2024/12/01 12:18:48,ОлЬГА куЗНЕЦова,8(9178) 86-72,3,АмуНиЦИя дЛя сОБАК,5,5493.0,507.0,CaNCellEd,Всё отлично!,2024-12-25,1339956161103721
2030018194500,2024/12/01 12:18:48,ОлЬГА куЗНЕЦова,8(9178) 86-72,5,МОЛОКо,2,4942.32,1057.68,CaNCEllED,Всё отлично!,2024-12-25,1339956161103721
2030018194500,2024/12/01 12:18:48,ОлЬГА куЗНЕЦова,8(9178) 86-72,1,коРМ ДЛя СобаК,5,2469.18,30.82,caNcELLed,Всё отлично!,2024-12-25,1339956161103721
2030018193348,2024/12/17 15:10:34,дМИтрИЙ кузнЕцов,+7 9152 81 98,1,КОРМ ДлЯ СОбАк,1,446.63,53.37,cOmpLEteD,спасибо за заказ,2024/12/14,7493764639494000
2030018193348,2024/12/17 15:10:34,дМИтрИЙ кузнЕцов,+7 9152 81 98,3,амуниЦиЯ ДЛя СОБаК,4,4166.43,633.57,completeD,спасибо за заказ,2024/12/14,7493764639494000
2030018193348,2024/12/17 15:10:34,дМИтрИЙ кузнЕцов,+7 9152 81 98,3,аМУницИя ДЛя сОбаК,2,2180.88,219.12,ComPLETed,спасибо за заказ,2024/12/14,7493764639494000
2030018192231,2024-12-05 05:39:24,АнНа сМирновА,8(9754) 39-18,1,КОрМ длЯ собАК,4,1609.75,390.25,coMPLEtEd,спасибо за заказ,28.12.2024,1008172463828258
2030018191227,10.12.2024 10:42,АнНа СмИрНова,8(9930) 65-50,5,МОЛокО,4,11402.41,597.59,COMPleted,Нужно уточнить сроки,19.12.2024,0283070034814245
2030018191227,10.12.2024 10:42,АнНа СмИрНова,8(9930) 65-50,1,Корм для сОБак,3,1486.52,13.48,cOmpLeted,Нужно уточнить сроки,19.12.2024,0283070034814245
2030018191227,10.12.2024 10:42,АнНа СмИрНова,8(9930) 65-50,5,МОлОКо,1,2869.98,130.02,COMPLetEd,Нужно уточнить сроки,19.12.2024,0283070034814245
2030018191227,10.12.2024 10:42,АнНа СмИрНова,8(9930) 65-50,2,ИГрУШка мЯч,4,1001.35,198.65,cOmPlEtEd,Нужно уточнить сроки,19.12.2024,0283070034814245
2030018190288,2024/12/10 22:50:01,иВАн иВАНОв,8(9953) 89-93,1,КОРм дЛя соБАк,4,1875.21,124.79,comPlEtEd,Ждём с нетерпением!,18.12.2024,1877569188255940
2030018190288,2024/12/10 22:50:01,иВАн иВАНОв,8(9953) 89-93,2,игРушКА мяч,5,1244.02,255.98,COmPlEtEd,Ждём с нетерпением!,18.12.2024,1877569188255940
2030018190288,2024/12/10 22:50:01,иВАн иВАНОв,8(9953) 89-93,1,КОРм дЛЯ собак,3,1235.78,264.22,coMpLEteD,Ждём с нетерпением!,18.12.2024,1877569188255940
2030018189237,2024-12-05 21:35:27,АннА сМиРноВА,+7 9388 13 41,4,ПодписКа нА ГАЗЕТУ,3,1476.07,323.93,coMpLeTed,Ждём с нетерпением!,28.12.2024,5839546025047782
2030018189237,2024-12-05 21:35:27,АннА сМиРноВА,+7 9388 13 41,5,МОЛОКо,4,10155.63,1844.37,comPlEtEd,Ждём с нетерпением!,28.12.2024,5839546025047782
2030018189237,2024-12-05 21:35:27,АннА сМиРноВА,+7 9388 13 41,1,кОрм длЯ СобаК,5,2094.12,405.88,CoMPlEted,Ждём с нетерпением!,28.12.2024,5839546025047782
2030018189237,2024-12-05 21:35:27,АннА сМиРноВА,+7 9388 13 41,2,ИгРуШкА МЯЧ,4,1090.28,109.72,cOMPLEtEd,Ждём с нетерпением!,28.12.2024,5839546025047782
2030018189237,2024-12-05 21:35:27,АннА сМиРноВА,+7 9388 13 41,5,МОЛОКО,4,10628.81,1371.19,cOMpletED,Ждём с нетерпением!,28.12.2024,5839546025047782
2030018188956,2024/12/22 22:00:39,алЕксЕй МиХаЙЛОВ,8(9916) 62-54,4,пОДПИсКа на газеТУ,1,597.62,2.38,ProCEsSING,Всё отлично!,2024-12-31,9537763005083765
2030018188956,2024/12/22 22:00:39,алЕксЕй МиХаЙЛОВ,8(9916) 62-54,3,АМуНициЯ дЛя СОбаК,1,1101.24,98.76,pROCEsSiNG,Всё отлично!,2024-12-31,9537763005083765
2030018188956,2024/12/22 22:00:39,алЕксЕй МиХаЙЛОВ,8(9916) 62-54,3,АмуНИЦиЯ Для сОБАк,5,5462.56,537.44,pROCEssIng,Всё отлично!,2024-12-31,9537763005083765
2030018188956,2024/12/22 22:00:39,алЕксЕй МиХаЙЛОВ,8(9916) 62-54,3,амУнИЦия Для сОбак,1,960.22,239.78,PRocEssing,Всё отлично!,2024-12-31,9537763005083765
2030018188956,2024/12/22 22:00:39,алЕксЕй МиХаЙЛОВ,8(9916) 62-54,5,мОлокО,4,9869.74,2130.26,PROCesSINg,Всё отлично!,2024-12-31,9537763005083765
2030018187197,20.12.2024 06:46,Анна сМирНовА,8(9104) 63-74,4,ПоДПиСКА нА ГАЗеТу,5,2486.3,513.7,CoMplETED,Проверить наличие,2024/12/17,1719397545373485
2030018186839,20.12.2024 10:23,елеНА ноВИКоВа,+7(9963)23-42,3,АмУнИЦия для СобаК,4,4177.25,622.75,cOMpLetEd,"Задержка с доставкой, печалька...",2024/12/13,6846233067758788
2030018186839,20.12.2024 10:23,елеНА ноВИКоВа,+7(9963)23-42,2,ИГРушка МЯч,1,260.22,39.78,cOMplEtED,"Задержка с доставкой, печалька...",2024/12/13,6846233067758788
2030018186839,20.12.2024 10:23,елеНА ноВИКоВа,+7(9963)23-42,5,МолоКО,3,8002.89,997.11,cOmpLEted,"Задержка с доставкой, печалька...",2024/12/13,6846233067758788
2030018185529,23.12.2024 01:19,НАТАЛЬя ВАсИЛЬЕВА,8(9001) 18-10,2,ИГРУШКа мЯЧ,2,594.52,5.48,CANCELled,Ждём с нетерпением!,2024/12/29,3673016919729900
2030018185529,23.12.2024 01:19,НАТАЛЬя ВАсИЛЬЕВА,8(9001) 18-10,2,игруШка мЯч,1,295.31,4.69,cANCELLed,Ждём с нетерпением!,2024/12/29,3673016919729900
2030018185529,23.12.2024 01:19,НАТАЛЬя ВАсИЛЬЕВА,8(9001) 18-10,2,иГРуШКА МЯч,5,1439.23,60.77,CaNceLLeD,Ждём с нетерпением!,2024/12/29,3673016919729900
2030018184893,2024/12/27 13:29:43,МиХАИл орЛоВ,+7 9404 73 59,3,аМУНицИЯ длЯ СОбАк,1,1127.06,72.94,PRoCESsing,Проверить наличие,2024/12/19,3451780695954406
2030018183394,2024-12-06 06:35:02,елена НОвИкоВа,+7 9507 95 57,2,иГРУШКа МяЧ,2,589.37,10.63,CompLetED,спасибо за заказ,17.12.2024,5465737022431014
2030018183394,2024-12-06 06:35:02,елена НОвИкоВа,+7 9507 95 57,5,моЛоКО,4,10569.46,1430.54,CoMPleteD,спасибо за заказ,17.12.2024,5465737022431014
2030018182611,28.12.2024 22:16,АнНА смИРНоВА,8(9015) 07-60,3,АмУНиЦИЯ длЯ сОБАК,3,3500.77,99.23,pROCESsIng,Всё отлично!,2024/12/24,3201281230241617
2030018182611,28.12.2024 22:16,АнНА смИРНоВА,8(9015) 07-60,2,ИгрУшКа МЯЧ,5,1424.64,75.36,ProCESSING,Всё отлично!,2024/12/24,3201281230241617
2030018181865,29.12.2024 05:54,АННа смИрНОВА,+7 9591 08 02,4,ПодпИСКА на ГазеТу,1,543.36,56.64,CaNCelLEd,Ждём с нетерпением!,2024-12-18,3268998642157509
2030018181865,29.12.2024 05:54,АННа смИрНОВА,+7 9591 08 02,5,молоКо,4,10435.67,1564.33,cANcEllEd,Ждём с нетерпением!,2024-12-18,3268998642157509
2030018181865,29.12.2024 05:54,АННа смИрНОВА,+7 9591 08 02,3,амуНИЦИЯ ДЛя собак,5,5483.17,516.83,CaNceLleD,Ждём с нетерпением!,2024-12-18,3268998642157509
2030018180351,01.12.2024 06:07,НаТАльЯ ВасилЬеВа,8(9262) 28-65,2,ИГРУШКА МЯч,2,488.26,111.74,pRoceSsING,Ждём с нетерпением!,2024/12/02,8496174992139692
2030018180351,01.12.2024 06:07,НаТАльЯ ВасилЬеВа,8(9262) 28-65,2,иГРУШКа МЯч,3,755.56,144.44,pROceSSINg,Ждём с нетерпением!,2024/12/02,8496174992139692
2030018180351,01.12.2024 06:07,НаТАльЯ ВасилЬеВа,8(9262) 28-65,5,молОКО,2,5468.72,531.28,pRocEsSing,Ждём с нетерпением!,2024/12/02,8496174992139692
2030018179557,28.12.2024 14:25,МАРиЯ ПЕТрОва,8(9441) 54-06,5,мОлОкО,2,5099.05,900.95,PrOcessinG,"Задержка с доставкой, печалька...",2024/12/31,1604454232373581
2030018179557,28.12.2024 14:25,МАРиЯ ПЕТрОва,8(9441) 54-06,5,молОКо,1,2809.69,190.31,PRoCessIng,"Задержка с доставкой, печалька...",2024/12/31,1604454232373581
2030018179557,28.12.2024 14:25,МАРиЯ ПЕТрОва,8(9441) 54-06,4,ПОдПИСКа НА гАЗЕТУ,2,1097.49,102.51,pRocEssiNg,"Задержка с доставкой, печалька...",2024/12/31,1604454232373581
2030018179557,28.12.2024 14:25,МАРиЯ ПЕТрОва,8(9441) 54-06,4,ПодпИска На гАЗЕту,1,522.55,77.45,ProCESsinG,"Задержка с доставкой, печалька...",2024/12/31,1604454232373581
2030018179557,28.12.2024 14:25,МАРиЯ ПЕТрОва,8(9441) 54-06,2,ИгруШкА мЯч,3,831.4,68.6,prOCEsSINg,"Задержка с доставкой, печалька...",2024/12/31,1604454232373581
2030018178247,01.12.2024 06:42,Ольга КуЗнеЦОВА,+7 9660 71 51,4,ПОдПиска На газеТУ,4,2378.23,21.77,CoMPLetED,Проверить наличие,16.12.2024,1164241159960070
2030018178247,01.12.2024 06:42,Ольга КуЗнеЦОВА,+7 9660 71 51,5,Молоко,3,8071.52,928.48,CompLEtED,Проверить наличие,16.12.2024,1164241159960070
2030018178247,01.12.2024 06:42,Ольга КуЗнеЦОВА,+7 9660 71 51,1,кОРм дЛЯ соБаК,4,1860.2,139.8,compLEteD,Проверить наличие,16.12.2024,1164241159960070
2030018177481,2024-12-02 18:46:38,Иван ИВаНОВ,+7(9628)20-74,1,КоРМ Для собАК,4,1752.01,247.99,pROcessINg,спасибо за заказ,20.12.2024,1594367957353648
2030018177481,2024-12-02 18:46:38,Иван ИВаНОВ,+7(9628)20-74,2,игруШКА Мяч,5,1255.31,244.69,PRocesSING,спасибо за заказ,20.12.2024,1594367957353648
2030018177481,2024-12-02 18:46:38,Иван ИВаНОВ,+7(9628)20-74,3,АмУнИция длЯ сОБак,3,3140.14,459.86,pRocESsinG,спасибо за заказ,20.12.2024,1594367957353648
2030018177481,2024-12-02 18:46:38,Иван ИВаНОВ,+7(9628)20-74,4,подПиска на газЕтУ,1,545.04,54.96,pRoCeSsInG,спасибо за заказ,20.12.2024,1594367957353648
2030018176609,09.12.2024 00:27,иван иВаНов,+7(9332)11-20,1,кОРМ ДЛЯ СоБаК,1,486.67,13.33,cOmPletED,спасибо за заказ,2024/12/15,8434830988126486
2030018176609,09.12.2024 00:27,иван иВаНов,+7(9332)11-20,4,пОДПиСкА НА гАзеТу,5,2820.79,179.21,COMpLeteD,спасибо за заказ,2024/12/15,8434830988126486
2030018431274,20.12.2024 01:29,мАриЯ ПЕтРОва,8(9577) 68-29,1,КорМ ДЛЯ сОБАК,1,422.3,77.7,CaNceLlEd,Ждём с нетерпением!,2024/12/30,9801644842467943
2030018430602,2024/12/23 22:38:25,иВан иВАнОв,+7 9569 35 43,5,МоЛОкО,1,2417.51,582.49,CoMPLEtED,подарок вовремя,04.12.2024,7301644106039951
2030018430602,2024/12/23 22:38:25,иВан иВАнОв,+7 9569 35 43,2,игрУшКА МЯч,4,1016.76,183.24,COMPLeteD,подарок вовремя,04.12.2024,7301644106039951
2030018429852,2024-12-03 23:44:01,МИхаИЛ ОРЛов,+7 9275 79 30,2,ИГруШкА МЯч,3,886.15,13.85,cOmpLeteD,Проверить наличие,2024-12-02,3392945859366886
2030018429852,2024-12-03 23:44:01,МИхаИЛ ОРЛов,+7 9275 79 30,1,корМ ДЛя СОбАК,2,989.93,10.07,COMplETeD,Проверить наличие,2024-12-02,3392945859366886
2030018429852,2024-12-03 23:44:01,МИхаИЛ ОРЛов,+7 9275 79 30,2,ИГрушкА МЯч,2,494.81,105.19,CoMpLEted,Проверить наличие,2024-12-02,3392945859366886
2030018428937,06.12.2024 05:26,мАРИЯ ПЕТРоВА,+7 9973 98 30,2,ИгРушКА мяч,5,1208.4,291.6,compLEtED,Проверить наличие,2024-12-15,0376624197900166
2030018428937,06.12.2024 05:26,мАРИЯ ПЕТРоВА,+7 9973 98 30,1,кОрм дЛя СОБак,5,2106.3,393.7,CoMplETED,Проверить наличие,2024-12-15,0376624197900166
2030018428937,06.12.2024 05:26,мАРИЯ ПЕТРоВА,+7 9973 98 30,3,амУнициЯ дЛя Собак,4,4643.67,156.33,cOmPLETeD,Проверить наличие,2024-12-15,0376624197900166
2030018427268,2024-12-14 06:02:11,сЕрГЕЙ сидороВ,+7(9203)52-51,1,корм ДлЯ СОбАк,3,1434.14,65.86,ProcesSINg,подарок вовремя,2024-12-27,6781442399347825
2030018427268,2024-12-14 06:02:11,сЕрГЕЙ сидороВ,+7(9203)52-51,5,МолОКо,5,13286.69,1713.31,PROCESSiNG,подарок вовремя,2024-12-27,6781442399347825
2030018427268,2024-12-14 06:02:11,сЕрГЕЙ сидороВ,+7(9203)52-51,4,подпИСКА На ГАЗету,2,1191.24,8.76,proCeSsing,подарок вовремя,2024-12-27,6781442399347825
2030018427268,2024-12-14 06:02:11,сЕрГЕЙ сидороВ,+7(9203)52-51,5,МолОкО,1,2401.35,598.65,PrOCessINg,подарок вовремя,2024-12-27,6781442399347825
2030018426757,08.12.2024 19:36,ДМиТрИй куЗНецоВ,+7(9273)19-66,4,ПодписКа На гАЗеТУ,2,1135.82,64.18,ProceSsinG,Проверить наличие,2024-12-26,0855250458702233
2030018426757,08.12.2024 19:36,ДМиТрИй куЗНецоВ,+7(9273)19-66,4,ПоДпиСка на ГАзету,5,2489.65,510.35,PRocESSinG,Проверить наличие,2024-12-26,0855250458702233
2030018426757,08.12.2024 19:36,ДМиТрИй куЗНецоВ,+7(9273)19-66,2,ИгРуШка мЯЧ,4,1195.53,4.47,ProcESSING,Проверить наличие,2024-12-26,0855250458702233
2030018425665,2024-12-05 20:11:59,сЕРГЕЙ сидоров,+7 9496 59 92,2,иГрУШкА МяЧ,5,1350.69,149.31,CoMPlEtEd,Проверить наличие,01.12.2024,7788476117075918
2030018425665,2024-12-05 20:11:59,сЕРГЕЙ сидоров,+7 9496 59 92,3,АМУНИциЯ для СоБАк,5,5143.84,856.16,coMPLeTED,Проверить наличие,01.12.2024,7788476117075918
2030018425665,2024-12-05 20:11:59,сЕРГЕЙ сидоров,+7 9496 59 92,2,иГРушкА мЯч,5,1286.68,213.32,COMPLeTEd,Проверить наличие,01.12.2024,7788476117075918
2030018425665,2024-12-05 20:11:59,сЕРГЕЙ сидоров,+7 9496 59 92,5,моЛОКо,3,8706.0,294.0,cOMPLEted,Проверить наличие,01.12.2024,7788476117075918
2030018424553,2024/12/13 21:56:31,ИВАн ИВАнОв,+7(9341)61-63,1,КоРМ ДлЯ сОБАК,1,477.91,22.09,CAncEllED,Ждём с нетерпением!,12.12.2024,0465374103482506
2030018424553,2024/12/13 21:56:31,ИВАн ИВАнОв,+7(9341)61-63,1,КОРМ дЛя собАк,2,976.57,23.43,CaNCelLed,Ждём с нетерпением!,12.12.2024,0465374103482506
2030018423794,2024-12-17 22:43:32,НАТаЛьЯ васиЛьЕва,8(9079) 06-88,4,ПодПиСКА НА гаЗЕТУ,1,550.32,49.68,prOCESSing,"Задержка с доставкой, печалька...",2024/12/26,4191093150090541
2030018423794,2024-12-17 22:43:32,НАТаЛьЯ васиЛьЕва,8(9079) 06-88,4,пОдписКА На ГАзеТу,2,1176.92,23.08,prOCESsiNG,"Задержка с доставкой, печалька...",2024/12/26,4191093150090541
2030018422957,04.12.2024 22:26,сергЕЙ СИдОрОв,+7 9180 69 76,3,амуНИЦия для СобАк,3,3198.39,401.61,PROcESsinG,"Задержка с доставкой, печалька...",07.12.2024,2803147038273856
2030018421300,2024-12-28 03:41:36,МаРиЯ пЕТрОва,+7(9393)19-25,3,аМуниЦИЯ дЛя СобаК,1,1042.73,157.27,PRocESSInG,Нужно уточнить сроки,20.12.2024,9035378086706375
2030018421300,2024-12-28 03:41:36,МаРиЯ пЕТрОва,+7(9393)19-25,4,ПоДПиска НА газетУ,2,1155.7,44.3,prOcessInG,Нужно уточнить сроки,20.12.2024,9035378086706375
2030018421300,2024-12-28 03:41:36,МаРиЯ пЕТрОва,+7(9393)19-25,5,МОлОКо,2,5576.98,423.02,proCESsINg,Нужно уточнить сроки,20.12.2024,9035378086706375
2030018420243,21.12.2024 01:25,МихаИЛ ОРЛОВ,+7(9339)91-31,3,АмунИЦИЯ ДЛя соБаК,5,5570.56,429.44,ComPlETEd,подарок вовремя,09.12.2024,8915452974882684
2030018420243,21.12.2024 01:25,МихаИЛ ОРЛОВ,+7(9339)91-31,4,ПодпИСКа на ГазЕТУ,1,482.96,117.04,cOmPlETED,подарок вовремя,09.12.2024,8915452974882684
2030018419757,06.12.2024 18:40,марИЯ пЕтроВА,+7(9513)94-47,3,АмУНИЦИя ДЛя собак,2,1946.7,453.3,cOmPLetEd,Всё отлично!,11.12.2024,4569669070500006
2030018418558,22.12.2024 11:51,сеРгЕЙ СиДоРОВ,+7 9047 56 22,3,АмуНИцИЯ длЯ СОБак,1,1082.86,117.14,COMPlETED,подарок вовремя,31.12.2024,6556404721659188
2030018418558,22.12.2024 11:51,сеРгЕЙ СиДоРОВ,+7 9047 56 22,3,АМуницИЯ для СоБаК,1,1179.74,20.26,coMPLETEd,подарок вовремя,31.12.2024,6556404721659188
2030018418558,22.12.2024 11:51,сеРгЕЙ СиДоРОВ,+7 9047 56 22,5,МОЛОко,3,8724.54,275.46,compLeTed,подарок вовремя,31.12.2024,6556404721659188
2030018418558,22.12.2024 11:51,сеРгЕЙ СиДоРОВ,+7 9047 56 22,5,мОлОко,2,5061.14,938.86,coMpleTED,подарок вовремя,31.12.2024,6556404721659188
2030018417565,28.12.2024 19:44,миХаиЛ оРЛоВ,8(9288) 12-12,2,игрУшКа мЯч,3,888.92,11.08,prOCesSiNg,Ждём с нетерпением!,2024-12-26,7303038577976799
2030018417565,28.12.2024 19:44,миХаиЛ оРЛоВ,8(9288) 12-12,5,Молоко,1,2668.1,331.9,PRocessinG,Ждём с нетерпением!,2024-12-26,7303038577976799
2030018417565,28.12.2024 19:44,миХаиЛ оРЛоВ,8(9288) 12-12,1,кОрМ Для собАк,5,2000.4,499.6,PRoCesSIng,Ждём с нетерпением!,2024-12-26,7303038577976799
2030018417565,28.12.2024 19:44,миХаиЛ оРЛоВ,8(9288) 12-12,3,АМуНИЦиЯ дЛЯ сОБак,4,4387.33,412.67,pROCesSiNg,Ждём с нетерпением!,2024-12-26,7303038577976799
2030018417565,28.12.2024 19:44,миХаиЛ оРЛоВ,8(9288) 12-12,1,корМ дЛЯ собаК,3,1486.67,13.33,ProcesSIng,Ждём с нетерпением!,2024-12-26,7303038577976799
2030018416862,2024/12/24 04:30:03,Мария пЕтроВА,+7(9320)18-32,5,МОЛоКо,1,2901.39,98.61,CoMPLeTeD,Всё отлично!,2024-12-28,4756240616505223
2030018416862,2024/12/24 04:30:03,Мария пЕтроВА,+7(9320)18-32,2,игРуШКа МЯч,1,253.93,46.07,coMpleTED,Всё отлично!,2024-12-28,4756240616505223
2030018415189,03.12.2024 18:50,аЛЕКСеЙ мИхаЙлОв,+7 9968 16 29,5,молоКо,1,2697.82,302.18,pRocESsiNg,Проверить наличие,2024/12/20,3325048275093307
2030018415189,03.12.2024 18:50,аЛЕКСеЙ мИхаЙлОв,+7 9968 16 29,2,иГРУШКА мЯЧ,1,272.15,27.85,PRoCESsing,Проверить наличие,2024/12/20,3325048275093307
2030018415189,03.12.2024 18:50,аЛЕКСеЙ мИхаЙлОв,+7 9968 16 29,2,ИГРУшКа МЯЧ,1,241.18,58.82,pROCEsSIng,Проверить наличие,2024/12/20,3325048275093307
2030018414667,2024/12/24 17:01:19,ДмИтрИй КузнеЦОВ,+7(9502)56-47,1,КОрМ ДЛя сОБАК,1,412.96,87.04,canCelled,Проверить наличие,2024-12-18,0744050024940164
2030018414667,2024/12/24 17:01:19,ДмИтрИй КузнеЦОВ,+7(9502)56-47,4,подпиСКа На гАзЕТу,1,586.8,13.2,cANCeLLED,Проверить наличие,2024-12-18,0744050024940164
2030018414667,2024/12/24 17:01:19,ДмИтрИй КузнеЦОВ,+7(9502)56-47,4,пОДПиСКа на гаЗЕту,5,2844.83,155.17,caNcelLEd,Проверить наличие,2024-12-18,0744050024940164
2030018413805,2024-12-16 16:38:53,еЛена НОВиКова,+7(9709)23-52,3,АМУНИЦИя длЯ СобАк,4,4790.18,9.82,CoMPLetEd,"Задержка с доставкой, печалька...",26.12.2024,0577657126795900
2030018413805,2024-12-16 16:38:53,еЛена НОВиКова,+7(9709)23-52,2,ИГРУШкА Мяч,5,1282.77,217.23,cOmpLEtEd,"Задержка с доставкой, печалька...",26.12.2024,0577657126795900
2030018412658,16.12.2024 03:00,аЛекСЕй мИхайЛов,+7(9958)19-26,1,КОРМ длЯ сОбАк,4,1709.58,290.42,prOCeSsIng,Проверить наличие,2024-12-25,1985364173667344
2030018412658,16.12.2024 03:00,аЛекСЕй мИхайЛов,+7(9958)19-26,3,аМуницИЯ Для СОбАк,4,4339.81,460.19,PrOCEssIng,Проверить наличие,2024-12-25,1985364173667344
2030018412658,16.12.2024 03:00,аЛекСЕй мИхайЛов,+7(9958)19-26,5,мОЛОКо,2,5904.5,95.5,ProCESSInG,Проверить наличие,2024-12-25,1985364173667344
2030018411623,04.12.2024 11:08,сЕрГеЙ сиДоРов,+7 9098 55 88,4,подпискА на ГазЕТу,1,505.81,94.19,procESSing,Всё отлично!,2024-12-22,0357318014467697
2030018410986,20.12.2024 03:26,ИВаН иванов,+7(9562)36-16,2,иГРуШКА мяЧ,3,734.22,165.78,PrOCEsSIng,Нужно уточнить сроки,17.12.2024,5976638206837987
2030018410986,20.12.2024 03:26,ИВаН иванов,+7(9562)36-16,1,КОРМ длЯ Собак,1,455.91,44.09,ProCESsing,Нужно уточнить сроки,17.12.2024,5976638206837987
2030018410986,20.12.2024 03:26,ИВаН иванов,+7(9562)36-16,4,пОДПИСка На газеТу,5,2869.67,130.33,PRoCessIng,Нужно уточнить сроки,17.12.2024,5976638206837987
2030018409966,31.12.2024 07:48,маРиЯ ПЕТРова,+7 9239 93 85,3,амуНиЦия длЯ СОбаК,3,3304.43,295.57,pRoCeSSInG,подарок вовремя,01.12.2024,7992920074855908
2030018408598,01.12.2024 15:42,АлЕКСЕЙ михАЙЛОв,+7(9262)46-34,2,игРушка мЯЧ,5,1361.68,138.32,cOMPLetED,подарок вовремя,09.12.2024,3462174722647570
2030018408598,01.12.2024 15:42,АлЕКСЕЙ михАЙЛОв,+7(9262)46-34,3,АМУНИЦия ДЛЯ сОбАК,5,5732.97,267.03,COmplETED,подарок вовремя,09.12.2024,3462174722647570
2030018408598,01.12.2024 15:42,АлЕКСЕЙ михАЙЛОв,+7(9262)46-34,4,пОдПИСкА нА гАЗЕТУ,2,1148.88,51.12,cOMPLETeD,подарок вовремя,09.12.2024,3462174722647570
2030018408598,01.12.2024 15:42,АлЕКСЕЙ михАЙЛОв,+7(9262)46-34,2,ИГрушКа мяч,3,899.69,0.31,COmpLETed,подарок вовремя,09.12.2024,3462174722647570
2030018408598,01.12.2024 15:42,АлЕКСЕЙ михАЙЛОв,+7(9262)46-34,4,ПОдПИСка на газеТу,4,2330.18,69.82,COmPlETed,подарок вовремя,09.12.2024,3462174722647570
2030018407335,2024-12-05 18:43:36,наталья ВАсИлЬева,+7(9293)99-51,3,АМУНИЦия ДЛя СОбак,4,4607.76,192.24,COmPlETEd,Нужно уточнить сроки,2024/12/11,3274063089071495
2030018407335,2024-12-05 18:43:36,наталья ВАсИлЬева,+7(9293)99-51,3,аМУНИцИЯ дЛя СОБак,2,2068.28,331.72,cOMpLEtED,Нужно уточнить сроки,2024/12/11,3274063089071495
2030018407335,2024-12-05 18:43:36,наталья ВАсИлЬева,+7(9293)99-51,4,ПОДПИСка НА ГазеТу,5,2816.84,183.16,compLETED,Нужно уточнить сроки,2024/12/11,3274063089071495
2030018406146,13.12.2024 11:00,сергеЙ СидорОв,+7(9329)50-55,1,кОРМ для СОБАк,4,1965.93,34.07,canCElLed,спасибо за заказ,21.12.2024,3754441469712959
2030018406146,13.12.2024 11:00,сергеЙ СидорОв,+7(9329)50-55,2,ИГрушкА МЯЧ,4,1184.34,15.66,CAncELLeD,спасибо за заказ,21.12.2024,3754441469712959
2030018406146,13.12.2024 11:00,сергеЙ СидорОв,+7(9329)50-55,2,ИгрУШка мяч,5,1407.03,92.97,cAnCELLeD,спасибо за заказ,21.12.2024,3754441469712959
2030018406146,13.12.2024 11:00,сергеЙ СидорОв,+7(9329)50-55,4,ПОДПискА нА гАзЕТу,1,482.53,117.47,CaNcElleD,спасибо за заказ,21.12.2024,3754441469712959
2030018406146,13.12.2024 11:00,сергеЙ СидорОв,+7(9329)50-55,5,МОЛОКО,4,10055.49,1944.51,CANcEllEd,спасибо за заказ,21.12.2024,3754441469712959
2030018405531,20.12.2024 09:13,оЛьгА куЗНецОВА,+7(9569)84-37,1,коРм длЯ СОБАК,3,1220.54,279.46,ProCEssINg,Ждём с нетерпением!,2024/12/26,6263548962810087
2030018405531,20.12.2024 09:13,оЛьгА куЗНецОВА,+7(9569)84-37,3,АмуниЦИя ДлЯ собак,3,3466.67,133.33,prOCesSinG,Ждём с нетерпением!,2024/12/26,6263548962810087
2030018405531,20.12.2024 09:13,оЛьгА куЗНецОВА,+7(9569)84-37,1,КОРм длЯ СОБАК,2,885.92,114.08,procesSiNg,Ждём с нетерпением!,2024/12/26,6263548962810087
2030018404489,2024-12-10 11:57:33,олЬГа КУзНецОВА,+7(9305)28-32,4,ПОДПисКА на гАзетУ,4,2244.93,155.07,CoMplEtEd,"Задержка с доставкой, печалька...",2024-12-13,3971016170320433
2030018403426,2024-12-22 17:50:37,алеКСЕй МИхАйЛОВ,+7 9536 76 65,2,игрУшКа мЯЧ,4,978.26,221.74,CAnCeLlEd,Нужно уточнить сроки,12.12.2024,1805644187891198
2030018403426,2024-12-22 17:50:37,алеКСЕй МИхАйЛОВ,+7 9536 76 65,1,кОрМ длЯ Собак,3,1392.68,107.32,CAncELLEd,Нужно уточнить сроки,12.12.2024,1805644187891198
2030018403426,2024-12-22 17:50:37,алеКСЕй МИхАйЛОВ,+7 9536 76 65,3,амУнИция Для соБАк,3,3107.13,492.87,CancELlEd,Нужно уточнить сроки,12.12.2024,1805644187891198
2030018402278,13.12.2024 17:09,маРия ПЕТРоВа,8(9066) 38-28,3,амУНицИЯ дЛя сОБаК,4,4520.2,279.8,COmplETEd,"Задержка с доставкой, печалька...",23.12.2024,9326004030303731
2030018402278,13.12.2024 17:09,маРия ПЕТРоВа,8(9066) 38-28,3,аМуниЦИЯ для соБАК,5,4883.77,1116.23,cOMPleted,"Задержка с доставкой, печалька...",23.12.2024,9326004030303731
2030018401199,2024/12/10 02:48:08,АлЕксеЙ мИХаЙлов,+7(9465)38-49,3,амуниЦИя длЯ соБаК,2,2130.6,269.4,PROCeSsing,Ждём с нетерпением!,06.12.2024,4782249009118815
2030018401199,2024/12/10 02:48:08,АлЕксеЙ мИХаЙлов,+7(9465)38-49,4,пОДПиска НА гАзЕТу,1,480.81,119.19,pRocESSInG,Ждём с нетерпением!,06.12.2024,4782249009118815
2030018401199,2024/12/10 02:48:08,АлЕксеЙ мИХаЙлов,+7(9465)38-49,2,иГРуШкА МЯЧ,3,844.56,55.44,PRoceSSING,Ждём с нетерпением!,06.12.2024,4782249009118815
2030018400737,2024-12-18 18:44:15,нАтаЛьЯ вАСИЛЬеВа,8(9944) 98-26,4,поДПИСКА На ГАЗЕтУ,1,482.81,117.19,PRocEsSinG,Нужно уточнить сроки,2024-12-03,3367918824250816
2030018400737,2024-12-18 18:44:15,нАтаЛьЯ вАСИЛЬеВа,8(9944) 98-26,2,ИгрУшкА МЯч,5,1451.97,48.03,pRocesSING,Нужно уточнить сроки,2024-12-03,3367918824250816
2030018400737,2024-12-18 18:44:15,нАтаЛьЯ вАСИЛЬеВа,8(9944) 98-26,4,подПИСкА НА ГаЗЕту,1,524.65,75.35,prOCesSinG,Нужно уточнить сроки,2024-12-03,3367918824250816
2030018400737,2024-12-18 18:44:15,нАтаЛьЯ вАСИЛЬеВа,8(9944) 98-26,5,мОлОкО,5,14446.54,553.46,ProCEsSiNg,Нужно уточнить сроки,2024-12-03,3367918824250816
2030018399751,2024-12-29 17:49:43,ЕЛенА НовИковА,+7 9249 93 34,1,КОрМ для сОбАК,4,1644.15,355.85,PROCESSing,подарок вовремя,2024/12/12,1723853897385596
2030018399751,2024-12-29 17:49:43,ЕЛенА НовИковА,+7 9249 93 34,5,моЛоКО,3,8913.89,86.11,prOcessiNG,подарок вовремя,2024/12/12,1723853897385596
2030018398165,2024/12/10 04:16:50,ДмитРИЙ КУЗНЕцов,+7 9648 24 64,1,кОрм Для СОБАК,1,481.31,18.69,pROCeSSINg,Проверить наличие,2024-12-30,3317914357987555
2030018398165,2024/12/10 04:16:50,ДмитРИЙ КУЗНЕцов,+7 9648 24 64,4,пОдписКа НА гАзЕту,1,520.39,79.61,prOcEssINg,Проверить наличие,2024-12-30,3317914357987555
2030018398165,2024/12/10 04:16:50,ДмитРИЙ КУЗНЕцов,+7 9648 24 64,4,подпИСКа На ГазЕту,4,2254.95,145.05,PRocessInG,Проверить наличие,2024-12-30,3317914357987555
2030018398165,2024/12/10 04:16:50,ДмитРИЙ КУЗНЕцов,+7 9648 24 64,5,молоко,1,2681.2,318.8,ProCeSSIng,Проверить наличие,2024-12-30,3317914357987555
2030018398165,2024/12/10 04:16:50,ДмитРИЙ КУЗНЕцов,+7 9648 24 64,1,кОРм дЛЯ собаК,3,1438.82,61.18,pRoCEsSinG,Проверить наличие,2024-12-30,3317914357987555
2030018397975,2024/12/01 00:17:39,дМИтрий кУЗНЕцОв,8(9045) 52-85,4,пОДпискА на ГАЗЕТУ,3,1711.84,88.16,procESSiNG,Проверить наличие,18.12.2024,1607629557091296
2030018397975,2024/12/01 00:17:39,дМИтрий кУЗНЕцОв,8(9045) 52-85,5,МоЛОКо,3,8094.68,905.32,pRoCesSing,Проверить наличие,18.12.2024,1607629557091296
2030018396903,2024-12-27 10:26:29,нАТаЛьЯ ВаСИЛЬЕВА,+7 9386 09 76,1,КОрм ДлЯ Собак,4,1976.61,23.39,CaNcellEd,Проверить наличие,20.12.2024,7649568943391038
2030018396903,2024-12-27 10:26:29,нАТаЛьЯ ВаСИЛЬЕВА,+7 9386 09 76,2,иГРуШка мяч,4,1042.8,157.2,CAnCElleD,Проверить наличие,20.12.2024,7649568943391038
2030018396903,2024-12-27 10:26:29,нАТаЛьЯ ВаСИЛЬЕВА,+7 9386 09 76,5,моЛОко,3,7500.27,1499.73,cANcELLED,Проверить наличие,20.12.2024,7649568943391038
2030018395691,2024-12-10 12:17:33,елЕНа НОВИКова,+7 9489 82 02,5,мОЛОко,5,12032.78,2967.22,CANceLLeD,спасибо за заказ,01.12.2024,6876053339769794
2030018394178,2024-12-03 20:57:10,нАтальЯ ВаСИльЕВА,+7 9666 57 06,5,мОЛоКО,3,8447.23,552.77,cAncellEd,Ждём с нетерпением!,13.12.2024,1423533462055778
2030018393271,18.12.2024 10:26,иваН иВАнОв,+7(9155)04-71,1,корм для СоБак,4,1866.03,133.97,CaNCELleD,Ждём с нетерпением!,2024-12-23,5995022087284550
2030018393271,18.12.2024 10:26,иваН иВАнОв,+7(9155)04-71,1,КОРм для собАк,5,2492.91,7.09,cAnCElLED,Ждём с нетерпением!,2024-12-23,5995022087284550
2030018393271,18.12.2024 10:26,иваН иВАнОв,+7(9155)04-71,5,молОкО,1,2644.44,355.56,CaNCeLled,Ждём с нетерпением!,2024-12-23,5995022087284550
2030018393271,18.12.2024 10:26,иваН иВАнОв,+7(9155)04-71,1,кОрм длЯ СоБак,4,1663.14,336.86,cAncelled,Ждём с нетерпением!,2024-12-23,5995022087284550
2030018393271,18.12.2024 10:26,иваН иВАнОв,+7(9155)04-71,3,АМУНиЦИЯ ДЛя собАК,4,4771.36,28.64,cAnCEllEd,Ждём с нетерпением!,2024-12-23,5995022087284550
2030018392172,2024-12-06 08:44:00,елена НОВИКовА,+7 9370 82 81,1,кОРМ длЯ собАК,5,2056.42,443.58,CANcEllED,Нужно уточнить сроки,2024/12/01,9188555656350562
2030018392172,2024-12-06 08:44:00,елена НОВИКовА,+7 9370 82 81,3,амунИцИЯ дЛя собаК,2,2121.83,278.17,cANceLled,Нужно уточнить сроки,2024/12/01,9188555656350562
2030018391822,2024/12/20 13:01:53,аЛеКсЕЙ мИХаЙлОв,+7 9073 34 26,1,кОрм Для СОбАК,1,433.15,66.85,PrOceSSING,"Задержка с доставкой, печалька...",21.12.2024,8961072180983407
2030018391822,2024/12/20 13:01:53,аЛеКсЕЙ мИХаЙлОв,+7 9073 34 26,4,ПОДпИСКа НА гАЗЕту,5,2706.46,293.54,pRocEssIng,"Задержка с доставкой, печалька...",21.12.2024,8961072180983407
2030018390960,2024/12/31 12:46:29,елеНа НОВИковА,+7 9629 39 17,3,АМУНицИя для сОБАК,1,991.47,208.53,ComPLetEd,Проверить наличие,2024/12/31,5168635757056721
2030018389785,2024/12/05 04:48:20,аНна сМИрНоВА,+7 9721 15 94,3,амУнИция дЛЯ СоБАК,3,2908.94,691.06,CancelLED,Проверить наличие,2024-12-23,7624937103533770
2030018388243,2024-12-22 07:14:08,ДмИтриЙ КУЗнЕЦОв,8(9194) 27-65,1,Корм дЛЯ собАк,1,425.19,74.81,COMPLEtED,Проверить наличие,2024/12/13,9734523649582676
2030018388243,2024-12-22 07:14:08,ДмИтриЙ КУЗнЕЦОв,8(9194) 27-65,1,Корм Для соБАк,5,2434.92,65.08,cOmPleTed,Проверить наличие,2024/12/13,9734523649582676
2030018388243,2024-12-22 07:14:08,ДмИтриЙ КУЗнЕЦОв,8(9194) 27-65,1,КОРм ДЛя сОБАк,2,921.84,78.16,cOMpletED,Проверить наличие,2024/12/13,9734523649582676
2030018388243,2024-12-22 07:14:08,ДмИтриЙ КУЗнЕЦОв,8(9194) 27-65,5,молОКо,1,2867.39,132.61,ComPLetED,Проверить наличие,2024/12/13,9734523649582676
2030018388243,2024-12-22 07:14:08,ДмИтриЙ КУЗнЕЦОв,8(9194) 27-65,1,кОРм дЛя сОбАК,2,861.43,138.57,CoMPleteD,Проверить наличие,2024/12/13,9734523649582676
2030018387583,2024/12/24 16:34:21,дмиТРиЙ КуЗНецОв,8(9742) 45-51,5,молоКО,5,14590.07,409.93,CoMPLEtED,Ждём с нетерпением!,2024/12/28,8140754532711527
2030018386935,2024-12-15 13:05:57,миХаИЛ ОрЛОВ,+7 9689 00 59,2,иГРушкА МЯч,5,1442.07,57.93,pRoCESSINg,"Задержка с доставкой, печалька...",2024-12-27,5741816043015675
2030018386935,2024-12-15 13:05:57,миХаИЛ ОрЛОВ,+7 9689 00 59,3,амУниЦиЯ ДЛя СобаК,5,5934.29,65.71,PRocESSiNG,"Задержка с доставкой, печалька...",2024-12-27,5741816043015675
2030018386935,2024-12-15 13:05:57,миХаИЛ ОрЛОВ,+7 9689 00 59,2,игруШКа мяЧ,2,490.83,109.17,pRocEsSInG,"Задержка с доставкой, печалька...",2024-12-27,5741816043015675
2030018385609,2024-12-02 22:52:22,ДмИтРий КУзнеЦОв,+7(9388)62-28,3,амуниЦиЯ дЛя сОбаК,4,4388.37,411.63,pRoCEsSING,"Задержка с доставкой, печалька...",04.12.2024,8533135394732746
2030018384573,2024-12-08 13:30:24,иваН иВАНов,+7 9547 97 25,5,МолоКо,3,7437.16,1562.84,ComPLeteD,Нужно уточнить сроки,2024-12-28,2791947987493670
2030018384573,2024-12-08 13:30:24,иваН иВАНов,+7 9547 97 25,1,КОРМ для сОбаК,2,841.86,158.14,COmPLEteD,Нужно уточнить сроки,2024-12-28,2791947987493670
2030018384573,2024-12-08 13:30:24,иваН иВАНов,+7 9547 97 25,5,мОлоко,5,12979.04,2020.96,CoMpLETEd,Нужно уточнить сроки,2024-12-28,2791947987493670
2030018384573,2024-12-08 13:30:24,иваН иВАНов,+7 9547 97 25,5,молоко,2,4804.33,1195.67,cOMPletEd,Нужно уточнить сроки,2024-12-28,2791947987493670
2030018384573,2024-12-08 13:30:24,иваН иВАНов,+7 9547 97 25,4,поДпИсКа На ГАзеТУ,1,514.57,85.43,CompletED,Нужно уточнить сроки,2024-12-28,2791947987493670
2030018383194,19.12.2024 01:59,МаРия пЕТрова,+7(9675)28-23,3,АмуНиЦия ДЛЯ СОбаК,1,1021.54,178.46,COmPleTed,подарок вовремя,2024-12-06,9826402888028399
2030018382768,13.12.2024 13:09,иВаН иВаНОв,8(9508) 09-24,4,подпИСка НА ГАЗЕТу,3,1448.48,351.52,procESSIng,Всё отлично!,2024-12-06,6591388844237222
2030018382768,13.12.2024 13:09,иВаН иВаНОв,8(9508) 09-24,2,иГРУшКА Мяч,3,804.36,95.64,pROCESSInG,Всё отлично!,2024-12-06,6591388844237222
2030018381607,30.12.2024 03:51,МарИЯ пеТРОВа,+7 9207 84 42,1,КоРм ДЛя собАк,2,969.87,30.13,CAnCELled,подарок вовремя,2024/12/24,8884929235210545
2030018381607,30.12.2024 03:51,МарИЯ пеТРОВа,+7 9207 84 42,4,ПОдпиСКа нА ГазетУ,3,1768.04,31.96,caNCElleD,подарок вовремя,2024/12/24,8884929235210545
2030018381607,30.12.2024 03:51,МарИЯ пеТРОВа,+7 9207 84 42,3,АмуНиция для собаК,3,3507.6,92.4,CANcellED,подарок вовремя,2024/12/24,8884929235210545
2030018381607,30.12.2024 03:51,МарИЯ пеТРОВа,+7 9207 84 42,5,молОко,2,5527.8,472.2,CANCeLlED,подарок вовремя,2024/12/24,8884929235210545
2030018380319,23.12.2024 14:26,АНна смИРнова,+7(9667)06-33,1,кОрМ ДлЯ СОбаК,2,907.39,92.61,CAnceLLeD,Нужно уточнить сроки,2024-12-19,2245539032070435
2030018380319,23.12.2024 14:26,АНна смИРнова,+7(9667)06-33,1,корМ ДЛЯ СоБак,4,1801.1,198.9,cancelLeD,Нужно уточнить сроки,2024-12-19,2245539032070435
2030018379418,27.12.2024 00:52,иван ИваНов,+7(9931)78-14,3,амУнИЦИЯ для СОБак,4,4229.42,570.58,PrOceSsInG,"Задержка с доставкой, печалька...",2024-12-15,4933418054662766
2030018378432,21.12.2024 10:55,НаТАЛьЯ ваСилЬЕВа,8(9965) 38-74,1,Корм Для СоБАК,4,1984.11,15.89,CanCELLeD,Ждём с нетерпением!,2024/12/14,1086908637460652
2030018378432,21.12.2024 10:55,НаТАЛьЯ ваСилЬЕВа,8(9965) 38-74,1,кОРМ дЛя соБАк,3,1259.7,240.3,CanCELlED,Ждём с нетерпением!,2024/12/14,1086908637460652
2030018377276,01.12.2024 17:44,СерГей сидОров,+7 9457 30 31,4,поДПисКа На ГАЗеТу,5,2438.96,561.04,PRocESSiNG,Всё отлично!,2024-12-20,7842613704621594
2030018377276,01.12.2024 17:44,СерГей сидОров,+7 9457 30 31,4,подпИСкА на гаЗету,1,565.15,34.85,ProCESsInG,Всё отлично!,2024-12-20,7842613704621594
2030018377276,01.12.2024 17:44,СерГей сидОров,+7 9457 30 31,3,АМУНИЦиЯ дЛЯ СОбаК,1,1189.02,10.98,PROCessing,Всё отлично!,2024-12-20,7842613704621594
2030018377276,01.12.2024 17:44,СерГей сидОров,+7 9457 30 31,3,АмунИциЯ длЯ сОбАк,4,4543.97,256.03,ProCEsSINg,Всё отлично!,2024-12-20,7842613704621594
2030018377276,01.12.2024 17:44,СерГей сидОров,+7 9457 30 31,2,ИгрУшКа мЯЧ,4,977.02,222.98,pRocESsiNg,Всё отлично!,2024-12-20,7842613704621594
2030018376310,2024-12-22 07:30:24,ольГа КУЗнЕцОвА,+7(9844)87-84,2,игРУШКА МяЧ,4,1136.05,63.95,COMPLETEd,спасибо за заказ,2024-12-11,0675334244922776
2030018376310,2024-12-22 07:30:24,ольГа КУЗнЕцОвА,+7(9844)87-84,2,ИгрУшкА МЯч,1,272.67,27.33,CompLetED,спасибо за заказ,2024-12-11,0675334244922776
2030018375895,2024/12/18 08:29:21,СЕРГеЙ сидоров,+7 9700 33 39,2,ИгрУшка МЯЧ,5,1474.53,25.47,prOCeSSiNg,подарок вовремя,12.12.2024,8501171060636058
2030018374850,2024-12-31 03:24:33,МаРИЯ петроВа,+7(9377)91-67,3,АМуницИЯ ДЛя СоБАк,1,1195.17,4.83,prOceSsiNG,Проверить наличие,26.12.2024,7275710091454744
2030018374850,2024-12-31 03:24:33,МаРИЯ петроВа,+7(9377)91-67,1,кОРМ ДЛя СОбАк,2,988.37,11.63,prOCessING,Проверить наличие,26.12.2024,7275710091454744
2030018374850,2024-12-31 03:24:33,МаРИЯ петроВа,+7(9377)91-67,2,игРуШка МЯЧ,4,992.8,207.2,pROceSsinG,Проверить наличие,26.12.2024,7275710091454744
2030018374850,2024-12-31 03:24:33,МаРИЯ петроВа,+7(9377)91-67,3,амунИциЯ ДЛя СобАк,2,2379.99,20.01,prOCeSsiNg,Проверить наличие,26.12.2024,7275710091454744
2030018373882,2024/12/26 20:18:10,ДМИтрИЙ КУЗнеЦОВ,8(9566) 55-23,4,ПОДпиСКа НА гАЗЕТу,4,2105.59,294.41,prOcEsSing,Ждём с нетерпением!,2024/12/19,0825454441546094
2030018373882,2024/12/26 20:18:10,ДМИтрИЙ КУЗнеЦОВ,8(9566) 55-23,2,ИГРУШка Мяч,4,1047.87,152.13,prOcEssING,Ждём с нетерпением!,2024/12/19,0825454441546094
2030018373882,2024/12/26 20:18:10,ДМИтрИЙ КУЗнеЦОВ,8(9566) 55-23,4,ПОдПИскА НА гАзету,2,1061.17,138.83,ProCESsing,Ждём с нетерпением!,2024/12/19,0825454441546094
2030018373882,2024/12/26 20:18:10,ДМИтрИЙ КУЗнеЦОВ,8(9566) 55-23,1,корм дЛя собак,2,830.16,169.84,PROcEssING,Ждём с нетерпением!,2024/12/19,0825454441546094
2030018372414,05.12.2024 03:21,сеРгеЙ СидОРоВ,8(9750) 67-94,3,АМуницИя Для СоБаК,4,3999.66,800.34,pROcESsiNG,Проверить наличие,2024/12/24,3893671731521821
2030018372414,05.12.2024 03:21,сеРгеЙ СидОРоВ,8(9750) 67-94,1,КоРм длЯ СОбАк,2,998.12,1.88,PRoCEssING,Проверить наличие,2024/12/24,3893671731521821
2030018372414,05.12.2024 03:21,сеРгеЙ СидОРоВ,8(9750) 67-94,4,пОДПИСКа НА ГазетУ,1,547.12,52.88,pRoCEsSing,Проверить наличие,2024/12/24,3893671731521821
2030018371237,16.12.2024 20:24,ИВАН ИВаНов,+7 9140 58 89,3,АМуниЦиЯ дЛЯ СоБАк,5,5899.82,100.18,pROcEsSinG,подарок вовремя,2024/12/15,6770880527391844
2030018371237,16.12.2024 20:24,ИВАН ИВаНов,+7 9140 58 89,4,подПисКА нА ГАзетУ,5,2809.89,190.11,ProCEsSINg,подарок вовремя,2024/12/15,6770880527391844
2030018371237,16.12.2024 20:24,ИВАН ИВаНов,+7 9140 58 89,5,моЛОко,1,2439.31,560.69,PrOCesSING,подарок вовремя,2024/12/15,6770880527391844
2030018371237,16.12.2024 20:24,ИВАН ИВаНов,+7 9140 58 89,4,ПОДпИсКА НА гаЗЕТу,3,1470.59,329.41,pROCESSiNg,подарок вовремя,2024/12/15,6770880527391844
2030018370898,2024/12/02 17:57:55,ИвАН ИВАнОв,8(9661) 66-87,3,амуницИя ДЛя сОбАК,4,4360.93,439.07,CancelLed,спасибо за заказ,2024-12-01,8593817471368408
2030018370898,2024/12/02 17:57:55,ИвАН ИВАнОв,8(9661) 66-87,4,ПОдпИсКА на ГАзЕту,4,2253.22,146.78,cAncELLed,спасибо за заказ,2024-12-01,8593817471368408
2030018370898,2024/12/02 17:57:55,ИвАН ИВАнОв,8(9661) 66-87,2,игРУШКА мяч,1,260.18,39.82,cANceLleD,спасибо за заказ,2024-12-01,8593817471368408
2030018369983,23.12.2024 14:42,МАРиЯ ПетРОва,+7 9739 29 24,1,КорМ длЯ соБАК,2,801.79,198.21,COmpLEtEd,спасибо за заказ,2024/12/21,2947194129492353
2030018368396,2024-12-20 11:21:18,олЬГА куЗнеЦОВА,+7(9806)68-55,2,иГРУшКа МЯЧ,5,1233.75,266.25,proCesSING,Ждём с нетерпением!,2024-12-09,8375285145197990
2030018368396,2024-12-20 11:21:18,олЬГА куЗнеЦОВА,+7(9806)68-55,3,АМуНИЦиЯ дЛЯ СоБАК,3,3121.36,478.64,prOcESsING,Ждём с нетерпением!,2024-12-09,8375285145197990
2030018368396,2024-12-20 11:21:18,олЬГА куЗнеЦОВА,+7(9806)68-55,1,КОрм длЯ СОБаК,5,2019.59,480.41,proCESsIng,Ждём с нетерпением!,2024-12-09,8375285145197990
2030018368396,2024-12-20 11:21:18,олЬГА куЗнеЦОВА,+7(9806)68-55,1,коРМ ДЛя СобаК,3,1325.71,174.29,PrOcESsiNg,Ждём с нетерпением!,2024-12-09,8375285145197990
2030018367249,2024-12-13 16:23:12,алекСЕй миХайЛов,+7(9691)44-76,4,подпИсКа на ГазЕтУ,1,588.53,11.47,CANcELleD,Нужно уточнить сроки,25.12.2024,6386759634028907
2030018367249,2024-12-13 16:23:12,алекСЕй миХайЛов,+7(9691)44-76,3,АМуНиЦИя длЯ СоБАк,2,2022.08,377.92,CAnCELLED,Нужно уточнить сроки,25.12.2024,6386759634028907
2030018367249,2024-12-13 16:23:12,алекСЕй миХайЛов,+7(9691)44-76,3,аМуНиция дЛя СОбАК,4,3916.59,883.41,cAnCElLED,Нужно уточнить сроки,25.12.2024,6386759634028907
2030018366599,2024-12-22 03:45:08,МАРиЯ ПеТроВа,+7(9324)24-29,5,молоко,4,11834.58,165.42,prOcESsing,"Задержка с доставкой, печалька...",2024/12/06,9009954899681970
2030018366599,2024-12-22 03:45:08,МАРиЯ ПеТроВа,+7(9324)24-29,3,амуниция дЛЯ собАК,5,5033.1,966.9,PrOceSsiNG,"Задержка с доставкой, печалька...",2024/12/06,9009954899681970
2030018366599,2024-12-22 03:45:08,МАРиЯ ПеТроВа,+7(9324)24-29,3,амУниЦИя Для соБаК,3,2909.64,690.36,pRoCeSsiNg,"Задержка с доставкой, печалька...",2024/12/06,9009954899681970
2030018366599,2024-12-22 03:45:08,МАРиЯ ПеТроВа,+7(9324)24-29,1,КорМ ДлЯ СОБаК,1,404.5,95.5,PRoCesSiNG,"Задержка с доставкой, печалька...",2024/12/06,9009954899681970
2030018366599,2024-12-22 03:45:08,МАРиЯ ПеТроВа,+7(9324)24-29,4,пОдпИска НА ГаЗетУ,5,2556.53,443.47,PRoCeSSinG,"Задержка с доставкой, печалька...",2024/12/06,9009954899681970
2030018365469,27.12.2024 18:04,ДмитРий КузнецОВ,+7(9865)72-24,2,игРУшка МяЧ,1,241.99,58.01,CoMpLetED,спасибо за заказ,2024/12/06,3265261513815619
2030018365469,27.12.2024 18:04,ДмитРий КузнецОВ,+7(9865)72-24,1,коРМ Для СоБАК,5,2411.95,88.05,COMpLETEd,спасибо за заказ,2024/12/06,3265261513815619
2030018365469,27.12.2024 18:04,ДмитРий КузнецОВ,+7(9865)72-24,4,пОДПиСкА На ГАзету,4,2034.26,365.74,coMpLETed,спасибо за заказ,2024/12/06,3265261513815619
2030018365469,27.12.2024 18:04,ДмитРий КузнецОВ,+7(9865)72-24,4,подПиСКа На ГазеТу,5,2415.67,584.33,coMpLeTEd,спасибо за заказ,2024/12/06,3265261513815619
2030018365469,27.12.2024 18:04,ДмитРий КузнецОВ,+7(9865)72-24,4,ПодПИска НА гаЗЕту,1,485.57,114.43,comPLetEd,спасибо за заказ,2024/12/06,3265261513815619
2030018364329,2024/12/19 19:07:23,СеРгЕй СиДОРоВ,+7(9018)25-21,5,МоЛОКо,2,5706.42,293.58,PRoceSSiNg,спасибо за заказ,10.12.2024,5265052773432389
2030018364329,2024/12/19 19:07:23,СеРгЕй СиДОРоВ,+7(9018)25-21,4,ПОДПиСКа нА ГАзеТУ,2,1092.34,107.66,prOCEssIng,спасибо за заказ,10.12.2024,5265052773432389
2030018364329,2024/12/19 19:07:23,СеРгЕй СиДОРоВ,+7(9018)25-21,4,пОдПиСка нА ГаЗЕТУ,1,521.31,78.69,PRoCesSIng,спасибо за заказ,10.12.2024,5265052773432389
2030018364329,2024/12/19 19:07:23,СеРгЕй СиДОРоВ,+7(9018)25-21,1,КОрм длЯ СОбАк,5,2252.49,247.51,PRoCESSinG,спасибо за заказ,10.12.2024,5265052773432389
2030018364329,2024/12/19 19:07:23,СеРгЕй СиДОРоВ,+7(9018)25-21,1,КОрМ для собак,3,1215.23,284.77,prOcessING,спасибо за заказ,10.12.2024,5265052773432389
2030018363526,2024/12/19 02:21:42,СеРгЕй сидОРОВ,8(9125) 14-03,5,МОлокО,3,7997.94,1002.06,PROCeSsInG,Нужно уточнить сроки,2024/12/04,3214329125776255
2030018363526,2024/12/19 02:21:42,СеРгЕй сидОРОВ,8(9125) 14-03,2,иГрушкА мяЧ,3,765.56,134.44,PROCeSsiNG,Нужно уточнить сроки,2024/12/04,3214329125776255
2030018363526,2024/12/19 02:21:42,СеРгЕй сидОРОВ,8(9125) 14-03,5,мОлОко,3,8752.63,247.37,proceSSInG,Нужно уточнить сроки,2024/12/04,3214329125776255
2030018363526,2024/12/19 02:21:42,СеРгЕй сидОРОВ,8(9125) 14-03,5,МолоКо,3,8234.49,765.51,ProCeSSiNG,Нужно уточнить сроки,2024/12/04,3214329125776255
2030018363526,2024/12/19 02:21:42,СеРгЕй сидОРОВ,8(9125) 14-03,5,молоКо,4,9693.29,2306.71,ProCEssiNg,Нужно уточнить сроки,2024/12/04,3214329125776255
2030018362707,2024-12-22 10:35:45,МИхАИл оРлов,+7 9350 31 72,4,ПоДпИсКА На ГазЕТУ,5,2471.4,528.6,cOmPleTeD,"Задержка с доставкой, печалька...",2024/12/22,5482954150545211
2030018362707,2024-12-22 10:35:45,МИхАИл оРлов,+7 9350 31 72,5,МоЛОКо,2,5164.62,835.38,coMpLetED,"Задержка с доставкой, печалька...",2024/12/22,5482954150545211
2030018362707,2024-12-22 10:35:45,МИхАИл оРлов,+7 9350 31 72,5,МОлОко,1,2791.1,208.9,compLETed,"Задержка с доставкой, печалька...",2024/12/22,5482954150545211
2030018361522,2024/12/27 21:33:58,ольГА куЗнеЦОвА,+7(9422)83-69,4,ПоДпИска нА ГаЗету,5,2961.64,38.36,prOCessinG,Ждём с нетерпением!,2024/12/02,6192334742792650
2030018361522,2024/12/27 21:33:58,ольГА куЗнеЦОвА,+7(9422)83-69,5,моЛОКо,1,2614.11,385.89,PrOcESSInG,Ждём с нетерпением!,2024/12/02,6192334742792650
2030018360722,2024-12-03 22:06:22,СеРгей сидОРов,+7(9513)93-58,3,АмунИцИЯ ДЛя СОбАК,5,5620.42,379.58,COmPLETed,подарок вовремя,2024-12-17,6508670444355228
2030018360722,2024-12-03 22:06:22,СеРгей сидОРов,+7(9513)93-58,2,игрУШКА МЯч,2,501.62,98.38,cOMPLetEd,подарок вовремя,2024-12-17,6508670444355228
2030018360722,2024-12-03 22:06:22,СеРгей сидОРов,+7(9513)93-58,1,кОрм ДЛя СОбАК,3,1489.4,10.6,cOmPLEtED,подарок вовремя,2024-12-17,6508670444355228
2030018360722,2024-12-03 22:06:22,СеРгей сидОРов,+7(9513)93-58,1,КОРМ для сОбАК,2,850.58,149.42,cOMpleTed,подарок вовремя,2024-12-17,6508670444355228
2030018360722,2024-12-03 22:06:22,СеРгей сидОРов,+7(9513)93-58,3,АМуНицИЯ ДЛя СОБаК,5,5551.16,448.84,comPleTED,подарок вовремя,2024-12-17,6508670444355228
2030018359578,09.12.2024 19:24,еЛеНа НоВИкова,8(9041) 36-61,2,ИгРуШка мяч,4,1165.15,34.85,COmPlEteD,Нужно уточнить сроки,2024/12/01,3501225657938013
2030018359578,09.12.2024 19:24,еЛеНа НоВИкова,8(9041) 36-61,2,ИГРуШка Мяч,2,552.43,47.57,cOmpLetEd,Нужно уточнить сроки,2024/12/01,3501225657938013
2030018358808,2024-12-27 23:41:10,мАрия пеТрОвА,+7 9255 80 62,1,КОРМ дЛЯ СоБАК,2,965.52,34.48,proCESSing,спасибо за заказ,12.12.2024,8751967470795682
2030018358808,2024-12-27 23:41:10,мАрия пеТрОвА,+7 9255 80 62,4,ПОдПисКа на гаЗЕтУ,5,2546.17,453.83,proCEsSiNG,спасибо за заказ,12.12.2024,8751967470795682
2030018357957,02.12.2024 17:05,еЛЕна ноВиКова,+7 9406 34 75,2,игрушКА мяЧ,4,1145.58,54.42,CANCElleD,Ждём с нетерпением!,19.12.2024,3654970899144961
2030018357957,02.12.2024 17:05,еЛЕна ноВиКова,+7 9406 34 75,5,МоЛоко,5,12912.98,2087.02,cANcElLed,Ждём с нетерпением!,19.12.2024,3654970899144961
2030018356340,02.12.2024 17:36,сЕРГЕй сидороВ,+7(9181)39-41,1,КОРм ДЛЯ собАк,5,2046.77,453.23,CoMpLETed,подарок вовремя,2024-12-05,3418099490942204
2030018356340,02.12.2024 17:36,сЕРГЕй сидороВ,+7(9181)39-41,2,игРушКА МЯЧ,5,1294.79,205.21,COmpletEd,подарок вовремя,2024-12-05,3418099490942204
2030018356340,02.12.2024 17:36,сЕРГЕй сидороВ,+7(9181)39-41,5,моЛоКО,5,12034.42,2965.58,CoMPleTED,подарок вовремя,2024-12-05,3418099490942204
2030018356340,02.12.2024 17:36,сЕРГЕй сидороВ,+7(9181)39-41,1,КорМ для СоБАк,2,989.2,10.8,cOMpLetED,подарок вовремя,2024-12-05,3418099490942204
2030018355448,07.12.2024 07:12,НатАЛЬя ВасИлЬеВа,+7 9227 06 87,2,игруШкА мЯч,2,585.77,14.23,cANceLLed,Проверить наличие,2024/12/28,8938601746938235
2030018355448,07.12.2024 07:12,НатАЛЬя ВасИлЬеВа,+7 9227 06 87,5,МОлоко,4,9825.2,2174.8,CAnceLLED,Проверить наличие,2024/12/28,8938601746938235
2030018355448,07.12.2024 07:12,НатАЛЬя ВасИлЬеВа,+7 9227 06 87,4,ПодПИска НА ГАзету,1,585.6,14.4,cAncelled,Проверить наличие,2024/12/28,8938601746938235
2030018354560,2024/12/17 15:59:52,АлЕКСЕЙ мИхайлоВ,8(9633) 32-56,4,поДписКА На ГАзеТу,4,1984.95,415.05,PRoCeSsiNg,Нужно уточнить сроки,2024-12-09,2163883442180440
2030018353774,2024/12/14 23:49:01,ОЛЬГа КУЗНЕцОВа,+7(9647)07-20,1,коРм для СобаК,4,1810.18,189.82,CanCELlED,Всё отлично!,11.12.2024,1805033629225603
2030018353774,2024/12/14 23:49:01,ОЛЬГа КУЗНЕцОВа,+7(9647)07-20,3,Амуниция ДЛя СОБак,2,2301.59,98.41,cAncElLed,Всё отлично!,11.12.2024,1805033629225603
2030018352206,2024/12/08 19:03:20,михАиЛ ОРЛоВ,+7 9806 34 88,5,мОлОко,1,2895.31,104.69,pRoCEsSiNG,"Задержка с доставкой, печалька...",2024/12/26,7427188387505774
2030018352206,2024/12/08 19:03:20,михАиЛ ОРЛоВ,+7 9806 34 88,3,АМуницИЯ дЛЯ соБАк,2,2145.59,254.41,PRoCeSSinG,"Задержка с доставкой, печалька...",2024/12/26,7427188387505774
2030018352206,2024/12/08 19:03:20,михАиЛ ОРЛоВ,+7 9806 34 88,5,молОКо,1,2412.74,587.26,pRoCESSiNg,"Задержка с доставкой, печалька...",2024/12/26,7427188387505774
2030018352206,2024/12/08 19:03:20,михАиЛ ОРЛоВ,+7 9806 34 88,4,подПиСКА На гАзетУ,1,582.79,17.21,ProCesSInG,"Задержка с доставкой, печалька...",2024/12/26,7427188387505774
2030018352206,2024/12/08 19:03:20,михАиЛ ОРЛоВ,+7 9806 34 88,3,АмУницИЯ ДЛЯ СОбАК,2,2287.58,112.42,prOceSsiNg,"Задержка с доставкой, печалька...",2024/12/26,7427188387505774
2030018351569,2024/12/14 15:06:51,оЛьгА кУЗнецОва,8(9009) 47-26,4,ПОДПИсКа НА газету,2,1068.74,131.26,CompLETEd,Ждём с нетерпением!,24.12.2024,3914436043897587
2030018350143,2024-12-22 00:53:52,миХАИЛ ОрлоВ,+7(9714)09-53,4,поДПИСКА На ГаЗЕтУ,4,2300.52,99.48,pROcesSIng,подарок вовремя,2024-12-07,5858937053349860
2030018349537,2024/12/19 18:32:06,оЛьгА куЗнецоВА,+7(9870)99-01,4,ПОдпиСкА На ГаЗЕТу,4,2188.19,211.81,COmPLETed,Всё отлично!,2024-12-01,4753826949050784
2030018349537,2024/12/19 18:32:06,оЛьгА куЗнецоВА,+7(9870)99-01,2,ИГРУшкА мяЧ,5,1327.95,172.05,comPLEted,Всё отлично!,2024-12-01,4753826949050784
2030018349537,2024/12/19 18:32:06,оЛьгА куЗнецоВА,+7(9870)99-01,4,ПОДПИскА нА гАЗеТу,2,1007.01,192.99,ComPletEd,Всё отлично!,2024-12-01,4753826949050784
2030018349537,2024/12/19 18:32:06,оЛьгА куЗнецоВА,+7(9870)99-01,5,моЛоКО,1,2444.25,555.75,cOmpLetED,Всё отлично!,2024-12-01,4753826949050784
2030018349537,2024/12/19 18:32:06,оЛьгА куЗнецоВА,+7(9870)99-01,4,пОДпИСКА нА ГАзетУ,1,589.62,10.38,cOMPlEtED,Всё отлично!,2024-12-01,4753826949050784
2030018348406,15.12.2024 06:20,мАрия пеТрОвА,+7(9374)92-57,5,МолОКо,5,13573.57,1426.43,CompleTeD,Проверить наличие,2024-12-12,9835620603750302
2030018348406,15.12.2024 06:20,мАрия пеТрОвА,+7(9374)92-57,5,моЛоКо,1,2841.54,158.46,coMpLeteD,Проверить наличие,2024-12-12,9835620603750302
2030018348406,15.12.2024 06:20,мАрия пеТрОвА,+7(9374)92-57,4,ПОДПИска На ГАЗЕтУ,1,568.89,31.11,ComPleTed,Проверить наличие,2024-12-12,9835620603750302
2030018348406,15.12.2024 06:20,мАрия пеТрОвА,+7(9374)92-57,5,мОлоКО,4,10215.61,1784.39,comPLETEd,Проверить наличие,2024-12-12,9835620603750302
2030018348406,15.12.2024 06:20,мАрия пеТрОвА,+7(9374)92-57,2,ИгРУшКа мяЧ,2,539.3,60.7,COMPleTed,Проверить наличие,2024-12-12,9835620603750302
2030018347612,2024/12/03 00:41:19,АЛексЕй миХАЙЛов,8(9987) 59-40,5,МОлОкО,4,11124.67,875.33,PrOCESSING,Ждём с нетерпением!,2024/12/08,7088405609863843
2030018347612,2024/12/03 00:41:19,АЛексЕй миХАЙЛов,8(9987) 59-40,4,поДпИСка на ГазЕту,1,528.76,71.24,PROcesSInG,Ждём с нетерпением!,2024/12/08,7088405609863843
2030018347612,2024/12/03 00:41:19,АЛексЕй миХАЙЛов,8(9987) 59-40,2,игРуШка мЯч,5,1425.41,74.59,pRocEssiNg,Ждём с нетерпением!,2024/12/08,7088405609863843
2030018347612,2024/12/03 00:41:19,АЛексЕй миХАЙЛов,8(9987) 59-40,1,кОрМ для сОБаК,5,2296.49,203.51,ProCeSsinG,Ждём с нетерпением!,2024/12/08,7088405609863843
2030018347612,2024/12/03 00:41:19,АЛексЕй миХАЙЛов,8(9987) 59-40,2,игрУШКА мяч,1,243.55,56.45,PROcessING,Ждём с нетерпением!,2024/12/08,7088405609863843
2030018346279,2024/12/27 17:23:41,ИваН иВАнОв,8(9749) 23-52,5,Молоко,4,9603.24,2396.76,CanCEllEd,Нужно уточнить сроки,2024/12/22,0684060415299346
2030018346279,2024/12/27 17:23:41,ИваН иВАнОв,8(9749) 23-52,2,иГРУШКА МяЧ,2,563.2,36.8,CAncELLED,Нужно уточнить сроки,2024/12/22,0684060415299346
2030018345957,2024-12-19 20:09:48,НатАлья ваСИлЬева,+7 9803 22 84,5,мОЛОко,1,2445.77,554.23,pROcESSINg,Нужно уточнить сроки,2024/12/10,4684603845206477
2030018345957,2024-12-19 20:09:48,НатАлья ваСИлЬева,+7 9803 22 84,1,Корм ДЛя СоБаК,3,1499.15,0.85,PROCeSsinG,Нужно уточнить сроки,2024/12/10,4684603845206477
2030018345957,2024-12-19 20:09:48,НатАлья ваСИлЬева,+7 9803 22 84,5,МОлокО,5,12393.29,2606.71,prOCESsInG,Нужно уточнить сроки,2024/12/10,4684603845206477
2030018345957,2024-12-19 20:09:48,НатАлья ваСИлЬева,+7 9803 22 84,5,мОлОКо,4,11786.46,213.54,prOcESSIng,Нужно уточнить сроки,2024/12/10,4684603845206477
2030018344898,2024-12-02 21:38:04,АННа смИрнОВА,8(9658) 20-89,4,подПиСкА НА ГАзеТУ,3,1516.75,283.25,canCElLED,Нужно уточнить сроки,2024-12-04,4024561562775429
2030018344898,2024-12-02 21:38:04,АННа смИрнОВА,8(9658) 20-89,1,КОРМ длЯ СОбАК,1,478.22,21.78,cANCElLed,Нужно уточнить сроки,2024-12-04,4024561562775429
2030018344898,2024-12-02 21:38:04,АННа смИрнОВА,8(9658) 20-89,2,ИгрУшкА Мяч,1,289.59,10.41,caNCElled,Нужно уточнить сроки,2024-12-04,4024561562775429
2030018343692,07.12.2024 12:49,аНнА сМИрНова,+7 9455 24 84,5,МоЛОко,2,5301.5,698.5,COmplEted,Ждём с нетерпением!,2024/12/15,3793753246219687
2030018343692,07.12.2024 12:49,аНнА сМИрНова,+7 9455 24 84,5,молОко,3,8105.75,894.25,cOmPleteD,Ждём с нетерпением!,2024/12/15,3793753246219687
2030018343692,07.12.2024 12:49,аНнА сМИрНова,+7 9455 24 84,2,игРуШКА МяЧ,2,480.54,119.46,COmPletED,Ждём с нетерпением!,2024/12/15,3793753246219687
2030018343692,07.12.2024 12:49,аНнА сМИрНова,+7 9455 24 84,3,амуНИЦия ДЛя СоБаК,1,1169.03,30.97,CoMPletED,Ждём с нетерпением!,2024/12/15,3793753246219687
2030018343692,07.12.2024 12:49,аНнА сМИрНова,+7 9455 24 84,2,игрУШка мЯЧ,4,1191.58,8.42,COmPLetED,Ждём с нетерпением!,2024/12/15,3793753246219687
2030018342470,21.12.2024 10:16,ИВаН ИванОВ,8(9053) 94-42,1,коРм для сОБаК,5,2499.6,0.4,cOmplEteD,Всё отлично!,2024-12-13,4904799841150638
2030018342470,21.12.2024 10:16,ИВаН ИванОВ,8(9053) 94-42,1,кОРМ ДЛЯ сОбАК,4,1948.56,51.44,COMpleteD,Всё отлично!,2024-12-13,4904799841150638
2030018342470,21.12.2024 10:16,ИВаН ИванОВ,8(9053) 94-42,5,мОлоко,4,10069.53,1930.47,cOmpleteD,Всё отлично!,2024-12-13,4904799841150638
2030018341652,21.12.2024 08:29,мариЯ пЕТровА,8(9879) 15-59,4,ПодписКа НА гАЗету,2,1120.52,79.48,CANcElLeD,спасибо за заказ,2024/12/18,5977037087145751
2030018341652,21.12.2024 08:29,мариЯ пЕТровА,8(9879) 15-59,5,МолОкО,2,5424.91,575.09,cAnCELlEd,спасибо за заказ,2024/12/18,5977037087145751
2030018340628,2024/12/27 21:36:39,сЕрГЕй сидоРов,8(9209) 97-83,2,иГРУшка мЯч,5,1219.03,280.97,CoMPLEtED,подарок вовремя,2024-12-04,1968600650360732
2030018339622,25.12.2024 12:58,елЕнА НОВиковА,+7(9001)26-03,3,АМуНИЦия дЛЯ СоБАк,1,1034.14,165.86,coMpleTed,подарок вовремя,2024-12-12,2972209607235072
2030018339622,25.12.2024 12:58,елЕнА НОВиковА,+7(9001)26-03,4,пОдпиСкА нА гАЗеТУ,3,1764.95,35.05,ComPleTEd,подарок вовремя,2024-12-12,2972209607235072
2030018339622,25.12.2024 12:58,елЕнА НОВиковА,+7(9001)26-03,3,АмуНиция длЯ соБак,1,1088.82,111.18,coMPLEteD,подарок вовремя,2024-12-12,2972209607235072
2030018338120,2024-12-04 22:40:13,маРия ПЕтрОВа,+7(9649)12-94,5,моЛОКО,1,2930.19,69.81,comPlEtED,спасибо за заказ,2024-12-23,5877962563210097
2030018338120,2024-12-04 22:40:13,маРия ПЕтрОВа,+7(9649)12-94,2,ИГРушКа МЯЧ,1,263.01,36.99,completed,спасибо за заказ,2024-12-23,5877962563210097
2030018337776,29.12.2024 18:32,АЛекСЕй МИХАЙЛоВ,+7 9608 55 67,3,амуНицИя для СобАк,4,4638.78,161.22,caNCelLED,"Задержка с доставкой, печалька...",2024-12-21,0338956968728898
2030018337776,29.12.2024 18:32,АЛекСЕй МИХАЙЛоВ,+7 9608 55 67,5,МоЛоКо,1,2501.81,498.19,cancelLeD,"Задержка с доставкой, печалька...",2024-12-21,0338956968728898
2030018336758,2024/12/10 06:08:47,алеКСеЙ МИХАЙЛоВ,+7(9289)63-29,2,ИГрушКа МЯч,4,1050.97,149.03,pROceSSIng,Проверить наличие,2024-12-24,6708404313090805
2030018336758,2024/12/10 06:08:47,алеКСеЙ МИХАЙЛоВ,+7(9289)63-29,4,ПОдписКа нА гАзетУ,1,570.5,29.5,PROcEssINg,Проверить наличие,2024-12-24,6708404313090805
2030018335845,2024-12-10 07:01:16,АЛЕксеЙ МИхАЙЛов,+7(9470)36-34,3,АмУНИЦиЯ ДлЯ СобАк,2,2132.11,267.89,ProCEsSInG,Ждём с нетерпением!,2024/12/29,3740077309418661
2030018335845,2024-12-10 07:01:16,АЛЕксеЙ МИхАЙЛов,+7(9470)36-34,2,ИГРУШКА МЯЧ,3,861.94,38.06,ProCeSSinG,Ждём с нетерпением!,2024/12/29,3740077309418661
2030018334816,2024/12/28 22:38:48,еЛЕНа ноВИКоВа,+7 9948 55 64,3,АМуНиция дЛЯ собАК,2,2300.39,99.61,procESsINg,"Задержка с доставкой, печалька...",18.12.2024,9346453786069632
2030018333303,22.12.2024 02:46,елеНа новИкОВА,+7(9812)29-14,2,игРуШКА мЯч,3,729.99,170.01,ProcessiNg,спасибо за заказ,2024-12-02,7989234813167942
2030018333303,22.12.2024 02:46,елеНа новИкОВА,+7(9812)29-14,3,АМунИЦиЯ Для СОбак,1,1183.3,16.7,PRocESsinG,спасибо за заказ,2024-12-02,7989234813167942
2030018332189,2024-12-27 08:28:00,натаЛья ВАСильЕвА,+7 9643 52 02,1,КОрМ длЯ СОБаК,4,1631.55,368.45,CaNCellED,спасибо за заказ,15.12.2024,7969691070556816
2030018332189,2024-12-27 08:28:00,натаЛья ВАСильЕвА,+7 9643 52 02,2,иГрУшкА МЯч,5,1370.02,129.98,cancElLeD,спасибо за заказ,15.12.2024,7969691070556816
2030018332189,2024-12-27 08:28:00,натаЛья ВАСильЕвА,+7 9643 52 02,4,подпиСкА НА гАЗЕТУ,2,1199.69,0.31,CanCeLLeD,спасибо за заказ,15.12.2024,7969691070556816
2030018332189,2024-12-27 08:28:00,натаЛья ВАСильЕвА,+7 9643 52 02,4,ПодПисКА НА газеТу,2,1117.7,82.3,CAnCELlEd,спасибо за заказ,15.12.2024,7969691070556816
2030018332189,2024-12-27 08:28:00,натаЛья ВАСильЕвА,+7 9643 52 02,1,КоРм дЛя СобАК,3,1380.75,119.25,cANCElLED,спасибо за заказ,15.12.2024,7969691070556816
2030018331371,2024/12/05 15:01:10,ОлЬгА КУЗНЕЦовА,+7 9393 97 61,3,АмУНИЦИя дЛя СОбак,1,1168.5,31.5,cOmPlEtEd,спасибо за заказ,2024/12/08,5510578400957022
2030018331371,2024/12/05 15:01:10,ОлЬгА КУЗНЕЦовА,+7 9393 97 61,5,молоКО,4,11097.34,902.66,CoMpLeTed,спасибо за заказ,2024/12/08,5510578400957022
2030018330707,2024-12-25 19:16:40,ольгА КУзНЕцоВА,+7(9711)97-06,2,иГрУшКА мяЧ,2,547.79,52.21,cANCELleD,"Задержка с доставкой, печалька...",2024/12/07,5389224982033132
2030018330707,2024-12-25 19:16:40,ольгА КУзНЕцоВА,+7(9711)97-06,5,МоЛОКо,1,2527.44,472.56,CANcelLed,"Задержка с доставкой, печалька...",2024/12/07,5389224982033132
2030018330707,2024-12-25 19:16:40,ольгА КУзНЕцоВА,+7(9711)97-06,4,ПоДпИскА нА ГазЕтУ,5,2613.49,386.51,canCELLED,"Задержка с доставкой, печалька...",2024/12/07,5389224982033132
2030018330707,2024-12-25 19:16:40,ольгА КУзНЕцоВА,+7(9711)97-06,3,АМуниЦИя Для СОБАк,2,2087.67,312.33,caNcelLEd,"Задержка с доставкой, печалька...",2024/12/07,5389224982033132
2030018330707,2024-12-25 19:16:40,ольгА КУзНЕцоВА,+7(9711)97-06,5,молоКО,2,5700.84,299.16,CANCellEd,"Задержка с доставкой, печалька...",2024/12/07,5389224982033132
2030018329798,27.12.2024 22:01,ЕлЕНа новиКоВа,+7 9314 03 43,1,кОРМ Для СОБаК,5,2302.77,197.23,prOCesSing,Нужно уточнить сроки,2024-12-10,8135844617901633
2030018329798,27.12.2024 22:01,ЕлЕНа новиКоВа,+7 9314 03 43,5,мОЛОко,3,7685.59,1314.41,ProCeSsING,Нужно уточнить сроки,2024-12-10,8135844617901633
2030018329798,27.12.2024 22:01,ЕлЕНа новиКоВа,+7 9314 03 43,1,кОРм ДлЯ сОБак,3,1461.97,38.03,PRocESSING,Нужно уточнить сроки,2024-12-10,8135844617901633
2030018328496,2024/12/10 16:44:58,сЕргЕй СиДОрОВ,+7 9132 95 09,3,АмУнИЦиЯ дЛЯ сОбАК,5,5502.99,497.01,cOmPleTED,Всё отлично!,2024-12-29,4093359674477728
2030018328496,2024/12/10 16:44:58,сЕргЕй СиДОрОВ,+7 9132 95 09,3,АмУнИЦия ДЛЯ СОБак,5,5252.16,747.84,cOMpLEtED,Всё отлично!,2024-12-29,4093359674477728
2030018328496,2024/12/10 16:44:58,сЕргЕй СиДОрОВ,+7 9132 95 09,2,ИгРуШкА МяЧ,2,554.61,45.39,cOMpLeTeD,Всё отлично!,2024-12-29,4093359674477728
2030018328496,2024/12/10 16:44:58,сЕргЕй СиДОрОВ,+7 9132 95 09,5,МОЛоКо,5,14847.91,152.09,cOmPLETED,Всё отлично!,2024-12-29,4093359674477728
2030018327730,09.12.2024 00:09,дМИтРиЙ КУЗНеЦоВ,+7 9590 98 08,1,КОрМ для соБАк,4,1818.58,181.42,comPLETeD,Проверить наличие,11.12.2024,9773021396361847
2030018326818,2024/12/18 17:34:22,Алексей МихАЙлОВ,+7 9385 68 91,3,аМУнИцИЯ дЛЯ СобАК,1,1111.77,88.23,cOMplETED,спасибо за заказ,2024-12-14,2422439953623230
2030018326818,2024/12/18 17:34:22,Алексей МихАЙлОВ,+7 9385 68 91,4,подПИска на гАзетУ,3,1591.41,208.59,CoMpLetEd,спасибо за заказ,2024-12-14,2422439953623230
2030018326818,2024/12/18 17:34:22,Алексей МихАЙлОВ,+7 9385 68 91,2,ИгРУшка Мяч,2,522.07,77.93,COmpLeted,спасибо за заказ,2024-12-14,2422439953623230
2030018326818,2024/12/18 17:34:22,Алексей МихАЙлОВ,+7 9385 68 91,3,аМУНиЦиЯ длЯ соБАк,4,4771.78,28.22,COMpLetED,спасибо за заказ,2024-12-14,2422439953623230
2030018325589,10.12.2024 15:43,ЕлЕнА новИКоВА,+7 9813 78 73,1,кОРм дЛя собаК,1,424.89,75.11,ProcesSiNG,спасибо за заказ,2024/12/10,6372081550300648
2030018325589,10.12.2024 15:43,ЕлЕнА новИКоВА,+7 9813 78 73,4,ПОдпИсКА нА ГаЗЕТу,1,504.48,95.52,PROceSSing,спасибо за заказ,2024/12/10,6372081550300648
2030018325589,10.12.2024 15:43,ЕлЕнА новИКоВА,+7 9813 78 73,2,ИГРУшка МЯЧ,2,544.58,55.42,PrOCeSsiNG,спасибо за заказ,2024/12/10,6372081550300648
2030018325589,10.12.2024 15:43,ЕлЕнА новИКоВА,+7 9813 78 73,2,иГрУшКА МЯч,2,515.29,84.71,pROceSSING,спасибо за заказ,2024/12/10,6372081550300648
2030018325589,10.12.2024 15:43,ЕлЕнА новИКоВА,+7 9813 78 73,2,ИгРУшкА МяЧ,1,245.43,54.57,PRoCeSSIng,спасибо за заказ,2024/12/10,6372081550300648
2030018324823,25.12.2024 09:09,мАрИЯ петрОва,+7(9926)24-80,2,иГРУшКа мяч,4,1018.15,181.85,cOMpleTEd,Нужно уточнить сроки,12.12.2024,6360464006209173
2030018323608,2024-12-15 06:35:52,СЕРГей сИДОроВ,+7 9436 96 85,4,подПиска На гАЗЕту,1,494.48,105.52,pRoCESSiNg,подарок вовремя,12.12.2024,0178751656622208
2030018323608,2024-12-15 06:35:52,СЕРГей сИДОроВ,+7 9436 96 85,4,подпИСКа нА гаЗЕТУ,5,2878.55,121.45,pROCEssIng,подарок вовремя,12.12.2024,0178751656622208
2030018323608,2024-12-15 06:35:52,СЕРГей сИДОроВ,+7 9436 96 85,4,ПОдПИСКа нА ГазЕТу,4,2228.19,171.81,PROcESsInG,подарок вовремя,12.12.2024,0178751656622208
2030018323608,2024-12-15 06:35:52,СЕРГей сИДОроВ,+7 9436 96 85,4,пОДписКа На гАзеТУ,2,1198.55,1.45,pROCesSiNg,подарок вовремя,12.12.2024,0178751656622208
2030018323608,2024-12-15 06:35:52,СЕРГей сИДОроВ,+7 9436 96 85,3,аМУниЦИя ДЛя СоБАк,3,3336.36,263.64,PrOCEssIng,подарок вовремя,12.12.2024,0178751656622208
2030018322904,12.12.2024 10:00,миХаиЛ ОРлОв,8(9252) 81-80,5,МоЛОКо,1,2950.26,49.74,coMpleteD,Проверить наличие,2024-12-16,6158033361795944
2030018322904,12.12.2024 10:00,миХаиЛ ОРлОв,8(9252) 81-80,2,игрушКА мяЧ,1,248.05,51.95,COMPLETEd,Проверить наличие,2024-12-16,6158033361795944
2030018322904,12.12.2024 10:00,миХаиЛ ОРлОв,8(9252) 81-80,5,МолокО,3,7627.32,1372.68,completed,Проверить наличие,2024-12-16,6158033361795944
2030018322904,12.12.2024 10:00,миХаиЛ ОРлОв,8(9252) 81-80,1,кОРМ Для СОбак,5,2178.82,321.18,cOmPlETED,Проверить наличие,2024-12-16,6158033361795944
2030018321668,2024/12/03 17:21:06,МихаиЛ орлОВ,8(9247) 05-41,3,АМУниЦИя дЛя собаК,5,4859.19,1140.81,COmpLeTeD,Ждём с нетерпением!,2024-12-05,2166350572309832
2030018321668,2024/12/03 17:21:06,МихаиЛ орлОВ,8(9247) 05-41,3,АМуНИциЯ для соБАК,5,5512.64,487.36,coMPLETed,Ждём с нетерпением!,2024-12-05,2166350572309832
2030018321668,2024/12/03 17:21:06,МихаиЛ орлОВ,8(9247) 05-41,4,ПОдпиСКА НА газЕтУ,2,1105.36,94.64,cOmplEtEd,Ждём с нетерпением!,2024-12-05,2166350572309832
2030018321668,2024/12/03 17:21:06,МихаиЛ орлОВ,8(9247) 05-41,4,пОдпИСка нА гАзету,4,2372.6,27.4,comPLeTED,Ждём с нетерпением!,2024-12-05,2166350572309832
2030018320585,2024/12/16 05:45:04,АлЕксЕЙ мИхаЙЛОВ,+7(9134)37-41,4,пОдпИСка НА гАЗетУ,4,2149.31,250.69,comPLetED,Ждём с нетерпением!,2024/12/05,8605139342553792
2030018320585,2024/12/16 05:45:04,АлЕксЕЙ мИхаЙЛОВ,+7(9134)37-41,5,мОлоко,3,8092.11,907.89,ComPlETeD,Ждём с нетерпением!,2024/12/05,8605139342553792
2030018320585,2024/12/16 05:45:04,АлЕксЕЙ мИхаЙЛОВ,+7(9134)37-41,2,ИГруШКа МЯч,4,1036.98,163.02,CoMplEted,Ждём с нетерпением!,2024/12/05,8605139342553792
2030018319659,2024/12/12 12:59:34,МАРИя ПЕтрОВА,8(9095) 53-29,4,ПОДПИСкА НА ГаЗЕТУ,1,598.36,1.64,PRocESSIng,Нужно уточнить сроки,20.12.2024,4688968077774249
2030018318681,18.12.2024 23:09,мИХаИЛ оРлОВ,+7 9088 11 24,4,ПОдпИска нА гАзЕту,2,1187.95,12.05,CaNcEllED,Ждём с нетерпением!,2024/12/29,0881808413773853
2030018318681,18.12.2024 23:09,мИХаИЛ оРлОВ,+7 9088 11 24,5,МОЛоКО,1,2543.94,456.06,caNCElled,Ждём с нетерпением!,2024/12/29,0881808413773853
2030018318681,18.12.2024 23:09,мИХаИЛ оРлОВ,+7 9088 11 24,1,корм ДлЯ собак,5,2448.45,51.55,CANCelled,Ждём с нетерпением!,2024/12/29,0881808413773853
2030018318681,18.12.2024 23:09,мИХаИЛ оРлОВ,+7 9088 11 24,2,ИГРУшкА мяЧ,3,857.21,42.79,canCElLED,Ждём с нетерпением!,2024/12/29,0881808413773853
2030018317201,14.12.2024 11:33,аЛЕКСей миХайлов,+7(9619)21-82,1,Корм ДлЯ СОБак,4,1907.94,92.06,PROceSSInG,Нужно уточнить сроки,2024-12-29,6071437896368652
2030018317201,14.12.2024 11:33,аЛЕКСей миХайлов,+7(9619)21-82,2,иГрУШКа МЯЧ,3,792.98,107.02,PRocESSinG,Нужно уточнить сроки,2024-12-29,6071437896368652
2030018317201,14.12.2024 11:33,аЛЕКСей миХайлов,+7(9619)21-82,1,кОрм дЛя соБаК,3,1488.05,11.95,PrOcESsINg,Нужно уточнить сроки,2024-12-29,6071437896368652
2030018317201,14.12.2024 11:33,аЛЕКСей миХайлов,+7(9619)21-82,5,МОлОко,3,8097.19,902.81,proCEsSiNG,Нужно уточнить сроки,2024-12-29,6071437896368652
2030018317201,14.12.2024 11:33,аЛЕКСей миХайлов,+7(9619)21-82,2,иГРушКА Мяч,2,543.18,56.82,pRoceSsiNg,Нужно уточнить сроки,2024-12-29,6071437896368652
2030018316233,20.12.2024 02:16,мариЯ ПЕтроВа,+7 9077 72 85,4,ПОДпискА на ГазетУ,3,1637.74,162.26,COmPLEtEd,Ждём с нетерпением!,04.12.2024,3354263250239925
2030018316233,20.12.2024 02:16,мариЯ ПЕтроВа,+7 9077 72 85,4,ПоДПискА нА гаЗЕтУ,1,587.16,12.84,cOMpLETEd,Ждём с нетерпением!,04.12.2024,3354263250239925
2030018315762,2024-12-15 17:46:01,ИвАн ивАНов,8(9744) 57-32,5,МОлОкО,2,5527.15,472.85,PROCESSinG,Всё отлично!,2024-12-07,9061467511769437
2030018315762,2024-12-15 17:46:01,ИвАн ивАНов,8(9744) 57-32,1,корм дЛЯ СОбАК,2,877.9,122.1,PROCESSIng,Всё отлично!,2024-12-07,9061467511769437
2030018315762,2024-12-15 17:46:01,ИвАн ивАНов,8(9744) 57-32,4,поДПИсКА нА гАЗЕтУ,4,2340.94,59.06,pRocESsing,Всё отлично!,2024-12-07,9061467511769437
2030018315762,2024-12-15 17:46:01,ИвАн ивАНов,8(9744) 57-32,5,мОлОКО,3,8358.38,641.62,ProCesSINg,Всё отлично!,2024-12-07,9061467511769437
2030018315762,2024-12-15 17:46:01,ИвАн ивАНов,8(9744) 57-32,1,корМ ДЛя соБАК,2,988.18,11.82,pROCESsinG,Всё отлично!,2024-12-07,9061467511769437
2030018314388,19.12.2024 16:16,анНА смИРНОва,+7(9160)88-49,3,АмунициЯ ДЛя СОбаК,4,4508.16,291.84,cANcelLED,спасибо за заказ,04.12.2024,3125998850472395
2030018314388,19.12.2024 16:16,анНА смИРНОва,+7(9160)88-49,1,КорМ дЛЯ Собак,3,1349.62,150.38,canceLlEd,спасибо за заказ,04.12.2024,3125998850472395
2030018313350,2024-12-14 10:16:47,сЕргеЙ сИДоРОв,+7(9818)45-48,2,ИгруШКА МЯЧ,2,534.55,65.45,prOcesSING,спасибо за заказ,2024-12-24,9623527530462504
2030018312277,2024-12-27 03:50:21,дмИТрИЙ КузнеЦОВ,+7(9903)87-74,1,корМ для СОбАк,2,904.14,95.86,cOMPleTed,Всё отлично!,02.12.2024,8086204628186012
2030018312277,2024-12-27 03:50:21,дмИТрИЙ КузнеЦОВ,+7(9903)87-74,4,ПОдпИсКа НА ГаЗеТУ,4,1970.66,429.34,coMPLeTed,Всё отлично!,02.12.2024,8086204628186012
2030018312277,2024-12-27 03:50:21,дмИТрИЙ КузнеЦОВ,+7(9903)87-74,3,амУнИЦИя ДлЯ собАК,5,5949.26,50.74,ComPlEted,Всё отлично!,02.12.2024,8086204628186012
2030018311918,15.12.2024 13:35,ЕЛенА НОВИкОВа,+7(9940)07-12,1,Корм дЛя соБак,2,909.82,90.18,procESSING,"Задержка с доставкой, печалька...",2024/12/03,1660421418972678
2030018311918,15.12.2024 13:35,ЕЛенА НОВИкОВа,+7(9940)07-12,5,мОЛОко,4,10665.85,1334.15,pRoceSSInG,"Задержка с доставкой, печалька...",2024/12/03,1660421418972678
2030018311918,15.12.2024 13:35,ЕЛенА НОВИкОВа,+7(9940)07-12,3,АМУниЦИЯ ДлЯ СОбАК,2,2079.73,320.27,PROcessing,"Задержка с доставкой, печалька...",2024/12/03,1660421418972678
2030018311918,15.12.2024 13:35,ЕЛенА НОВИкОВа,+7(9940)07-12,1,КоРМ длЯ СОБаК,3,1369.52,130.48,PROCeSSinG,"Задержка с доставкой, печалька...",2024/12/03,1660421418972678
2030018310300,2024/12/26 02:23:20,ИВАН иваНОВ,8(9047) 08-69,1,Корм дЛя сОБак,1,480.4,19.6,pROCEssinG,Всё отлично!,23.12.2024,4379843648087659
2030018310300,2024/12/26 02:23:20,ИВАН иваНОВ,8(9047) 08-69,3,АМунициЯ дЛя СОбак,5,5130.28,869.72,PROceSsINg,Всё отлично!,23.12.2024,4379843648087659
2030018309785,24.12.2024 08:47,АЛЕксЕЙ михАЙлов,+7 9830 15 18,4,ПОДПИсКА нА гАЗЕТУ,4,2031.09,368.91,CompleTED,Ждём с нетерпением!,2024-12-20,4277828295120996
2030018308629,2024/12/08 05:28:42,ЕЛеНа новИКоВа,8(9249) 94-30,3,АмУНиЦИЯ дЛя СОБАК,4,4283.27,516.73,CancelLeD,Проверить наличие,2024/12/06,6713257559944928
2030018308629,2024/12/08 05:28:42,ЕЛеНа новИКоВа,8(9249) 94-30,5,МОлОКО,5,14027.63,972.37,cAnCeLlEd,Проверить наличие,2024/12/06,6713257559944928
2030018308629,2024/12/08 05:28:42,ЕЛеНа новИКоВа,8(9249) 94-30,1,коРМ ДЛЯ соБАК,2,949.64,50.36,CancelLED,Проверить наличие,2024/12/06,6713257559944928
2030018308629,2024/12/08 05:28:42,ЕЛеНа новИКоВа,8(9249) 94-30,3,аМуНИЦИЯ дЛя СОбаК,2,2291.28,108.72,CAnCEllED,Проверить наличие,2024/12/06,6713257559944928
2030018308629,2024/12/08 05:28:42,ЕЛеНа новИКоВа,8(9249) 94-30,3,АмУНИЦИя дЛя сОбак,5,5793.34,206.66,CANCELLEd,Проверить наличие,2024/12/06,6713257559944928
2030018307417,07.12.2024 14:10,ИВан ИваноВ,+7 9080 72 49,4,ПОДПискА нА ГаЗЕТУ,3,1578.65,221.35,cOmPlETEd,Проверить наличие,2024-12-13,8939267100425739
2030018307417,07.12.2024 14:10,ИВан ИваноВ,+7 9080 72 49,2,ИгРуШкА мЯЧ,2,485.25,114.75,complETeD,Проверить наличие,2024-12-13,8939267100425739
2030018307417,07.12.2024 14:10,ИВан ИваноВ,+7 9080 72 49,5,молОКо,2,5592.12,407.88,CoMpLeted,Проверить наличие,2024-12-13,8939267100425739
2030018306119,2024-12-22 03:38:34,аЛеКСей мИхаЙЛОВ,+7(9963)37-90,2,иГРУшКа мяч,1,250.72,49.28,cAncelLED,Всё отлично!,2024-12-25,9860095123283432
2030018306119,2024-12-22 03:38:34,аЛеКСей мИхаЙЛОВ,+7(9963)37-90,4,поДпИСкА НА ГАЗЕту,3,1495.83,304.17,cANCElleD,Всё отлично!,2024-12-25,9860095123283432
2030018306119,2024-12-22 03:38:34,аЛеКСей мИхаЙЛОВ,+7(9963)37-90,4,ПОдпИСКА на гАЗеТУ,5,2649.58,350.42,CANcElleD,Всё отлично!,2024-12-25,9860095123283432
2030018306119,2024-12-22 03:38:34,аЛеКСей мИхаЙЛОВ,+7(9963)37-90,3,АмуНицИЯ для СОбАК,3,3149.55,450.45,CANCEllEd,Всё отлично!,2024-12-25,9860095123283432
2030018305600,2024/12/06 09:31:04,ЕлЕНА нОВиковА,+7(9329)82-59,2,ИГрУШкА мЯЧ,2,566.74,33.26,CoMpLETEd,Ждём с нетерпением!,2024-12-09,1281232306331393
2030018304274,2024/12/13 23:10:02,МАриЯ ПЕТРовА,8(9197) 78-36,1,кОРм дЛя соБАК,3,1472.44,27.56,pROcEssiNG,спасибо за заказ,2024/12/13,9798612254395612
2030018304274,2024/12/13 23:10:02,МАриЯ ПЕТРовА,8(9197) 78-36,5,МОлОко,2,5582.98,417.02,prOCEsSinG,спасибо за заказ,2024/12/13,9798612254395612
2030018304274,2024/12/13 23:10:02,МАриЯ ПЕТРовА,8(9197) 78-36,1,корм дЛЯ СОбАК,1,401.55,98.45,prOcESsiNg,спасибо за заказ,2024/12/13,9798612254395612
2030018304274,2024/12/13 23:10:02,МАриЯ ПЕТРовА,8(9197) 78-36,3,аМУНИцИя длЯ СобаК,2,2352.62,47.38,pRoceSSINg,спасибо за заказ,2024/12/13,9798612254395612
2030018304274,2024/12/13 23:10:02,МАриЯ ПЕТРовА,8(9197) 78-36,3,Амуниция ДлЯ сОБаК,3,3430.39,169.61,PROcesSinG,спасибо за заказ,2024/12/13,9798612254395612
2030018559113,2024-12-19 01:29:17,мИхаил ОрЛОВ,+7 9535 82 59,2,игрушКА МЯч,5,1439.21,60.79,pRoCesSiNG,Всё отлично!,2024/12/05,6692185620558825
2030018559113,2024-12-19 01:29:17,мИхаил ОрЛОВ,+7 9535 82 59,5,моЛоКо,4,10317.22,1682.78,pROCeSsiNg,Всё отлично!,2024/12/05,6692185620558825
2030018558309,2024/12/09 01:16:15,аННа смИРнОва,8(9037) 12-65,4,ПОДпискА нА гАЗЕтУ,3,1507.5,292.5,CoMPLeTed,спасибо за заказ,2024/12/14,2862359240561694
2030018558309,2024/12/09 01:16:15,аННа смИРнОва,8(9037) 12-65,2,ИГРушкА МЯч,2,561.39,38.61,ComPLeted,спасибо за заказ,2024/12/14,2862359240561694
2030018557320,30.12.2024 16:29,ДмитРИй КУЗнЕЦОВ,8(9031) 56-24,2,ИгрУшКа МяЧ,3,896.94,3.06,pROCesSInG,Ждём с нетерпением!,07.12.2024,4227940115675234
2030018557320,30.12.2024 16:29,ДмитРИй КУЗнЕЦОВ,8(9031) 56-24,1,кОРм ДЛя СОбАк,2,814.07,185.93,pRoCEsSinG,Ждём с нетерпением!,07.12.2024,4227940115675234
2030018557320,30.12.2024 16:29,ДмитРИй КУЗнЕЦОВ,8(9031) 56-24,3,АмУНиЦия ДЛя собАк,2,2362.77,37.23,pRoceSsiNg,Ждём с нетерпением!,07.12.2024,4227940115675234
2030018557320,30.12.2024 16:29,ДмитРИй КУЗнЕЦОВ,8(9031) 56-24,5,МолоКО,5,12799.94,2200.06,PROcessiNg,Ждём с нетерпением!,07.12.2024,4227940115675234
2030018556186,2024/12/23 23:41:59,ОЛЬГа кУЗНЕцОВа,+7(9459)31-28,4,пОДПИскА нА ГАЗету,2,1149.59,50.41,pROCessinG,Проверить наличие,2024-12-13,9492773900902103
2030018556186,2024/12/23 23:41:59,ОЛЬГа кУЗНЕцОВа,+7(9459)31-28,5,МОЛоКО,4,11722.8,277.2,PrOcEsSing,Проверить наличие,2024-12-13,9492773900902103
2030018556186,2024/12/23 23:41:59,ОЛЬГа кУЗНЕцОВа,+7(9459)31-28,5,моЛОКо,3,7274.22,1725.78,PROcEsSiNg,Проверить наличие,2024-12-13,9492773900902103
2030018556186,2024/12/23 23:41:59,ОЛЬГа кУЗНЕцОВа,+7(9459)31-28,2,иГрУшКА мяч,3,828.04,71.96,PrOcEsSiNG,Проверить наличие,2024-12-13,9492773900902103
2030018556186,2024/12/23 23:41:59,ОЛЬГа кУЗНЕцОВа,+7(9459)31-28,5,моЛоКо,5,14600.23,399.77,pRoCESSINg,Проверить наличие,2024-12-13,9492773900902103
2030018555860,2024-12-07 12:39:16,АЛеКсЕЙ михАйЛоВ,8(9581) 25-97,2,иГРУшКа мЯЧ,4,1119.29,80.71,pROCEssInG,подарок вовремя,10.12.2024,8501159212119033
2030018555860,2024-12-07 12:39:16,АЛеКсЕЙ михАйЛоВ,8(9581) 25-97,1,КОрМ ДЛя сОбАк,5,2352.58,147.42,pROCEsSiNG,подарок вовремя,10.12.2024,8501159212119033
2030018555860,2024-12-07 12:39:16,АЛеКсЕЙ михАйЛоВ,8(9581) 25-97,2,ИгрУшКА МяЧ,4,1013.94,186.06,proceSsinG,подарок вовремя,10.12.2024,8501159212119033
2030018555860,2024-12-07 12:39:16,АЛеКсЕЙ михАйЛоВ,8(9581) 25-97,2,ИГрушКа мЯч,4,1048.91,151.09,PROcessIng,подарок вовремя,10.12.2024,8501159212119033
2030018555860,2024-12-07 12:39:16,АЛеКсЕЙ михАйЛоВ,8(9581) 25-97,5,мОлОко,5,12793.67,2206.33,pROcEssING,подарок вовремя,10.12.2024,8501159212119033
2030018554194,2024/12/11 15:38:28,иВАН ИВаНов,+7 9115 52 75,4,поДпиСКА На гАзетУ,1,591.94,8.06,CoMPLeTeD,подарок вовремя,04.12.2024,8710298662707236
2030018554194,2024/12/11 15:38:28,иВАН ИВаНов,+7 9115 52 75,4,ПоДпИСкА на ГаЗЕТУ,1,520.2,79.8,compLETED,подарок вовремя,04.12.2024,8710298662707236
2030018554194,2024/12/11 15:38:28,иВАН ИВаНов,+7 9115 52 75,3,АМуНицИЯ ДлЯ собАк,3,3290.0,310.0,compleTED,подарок вовремя,04.12.2024,8710298662707236
2030018554194,2024/12/11 15:38:28,иВАН ИВаНов,+7 9115 52 75,5,МолОКо,2,5138.69,861.31,cOMPLEteD,подарок вовремя,04.12.2024,8710298662707236
2030018553402,2024-12-02 14:24:07,дмИТРИЙ КуЗнЕцОВ,8(9057) 30-90,2,ИГРушКа МЯЧ,2,506.15,93.85,CoMPlETED,Ждём с нетерпением!,2024-12-20,1838194095230773
2030018553402,2024-12-02 14:24:07,дмИТРИЙ КуЗнЕцОВ,8(9057) 30-90,1,КОрМ для СоБак,3,1456.21,43.79,COmpleted,Ждём с нетерпением!,2024-12-20,1838194095230773
2030018553402,2024-12-02 14:24:07,дмИТРИЙ КуЗнЕцОВ,8(9057) 30-90,2,игРУШка МЯч,1,261.94,38.06,cOMpLeted,Ждём с нетерпением!,2024-12-20,1838194095230773
2030018552534,2024/12/03 16:20:09,ЕлЕНа нОвиКОва,8(9452) 37-92,5,МОлоКО,4,10643.42,1356.58,COMPleteD,"Задержка с доставкой, печалька...",2024/12/02,0266843629080834
2030018552534,2024/12/03 16:20:09,ЕлЕНа нОвиКОва,8(9452) 37-92,1,Корм Для сОБАК,1,473.82,26.18,comPLeteD,"Задержка с доставкой, печалька...",2024/12/02,0266843629080834
2030018552534,2024/12/03 16:20:09,ЕлЕНа нОвиКОва,8(9452) 37-92,4,ПОдписка на гаЗЕТУ,2,1076.06,123.94,COmpleTEd,"Задержка с доставкой, печалька...",2024/12/02,0266843629080834
2030018552534,2024/12/03 16:20:09,ЕлЕНа нОвиКОва,8(9452) 37-92,5,моЛоКо,3,7898.76,1101.24,coMPLETEd,"Задержка с доставкой, печалька...",2024/12/02,0266843629080834
2030018552534,2024/12/03 16:20:09,ЕлЕНа нОвиКОва,8(9452) 37-92,5,МолОкО,4,9927.18,2072.82,COMpLetED,"Задержка с доставкой, печалька...",2024/12/02,0266843629080834
2030018551730,28.12.2024 14:23,иВаН ивАноВ,8(9736) 60-01,3,АМуНИция ДЛЯ собак,5,4812.95,1187.05,proCeSsiNg,Всё отлично!,2024-12-16,5517937430741619
2030018551730,28.12.2024 14:23,иВаН ивАноВ,8(9736) 60-01,4,пОдпИСКа НА ГАзЕтУ,4,1977.38,422.62,PRoCESSing,Всё отлично!,2024-12-16,5517937430741619
2030018551730,28.12.2024 14:23,иВаН ивАноВ,8(9736) 60-01,2,игрушка МЯч,1,247.14,52.86,PROCEsSiNg,Всё отлично!,2024-12-16,5517937430741619
2030018551730,28.12.2024 14:23,иВаН ивАноВ,8(9736) 60-01,1,коРм дЛя СОбаК,3,1341.8,158.2,PrOCessiNG,Всё отлично!,2024-12-16,5517937430741619
2030018551730,28.12.2024 14:23,иВаН ивАноВ,8(9736) 60-01,3,амунИЦИЯ ДлЯ соБАк,2,2332.26,67.74,ProCessING,Всё отлично!,2024-12-16,5517937430741619
2030018550833,06.12.2024 12:30,сеРГей сИдОроВ,+7 9867 18 70,4,поДПИСКА на ГАЗету,5,2955.01,44.99,CanceLlED,"Задержка с доставкой, печалька...",2024/12/09,2735160665077714
2030018550833,06.12.2024 12:30,сеРГей сИдОроВ,+7 9867 18 70,1,кОрМ дЛя СобаК,1,407.32,92.68,CANcelled,"Задержка с доставкой, печалька...",2024/12/09,2735160665077714
2030018550833,06.12.2024 12:30,сеРГей сИдОроВ,+7 9867 18 70,4,пОДПиСКА на ГАЗЕТу,3,1571.17,228.83,caNcEllED,"Задержка с доставкой, печалька...",2024/12/09,2735160665077714
2030018550833,06.12.2024 12:30,сеРГей сИдОроВ,+7 9867 18 70,3,АмунИЦИя ДлЯ СОБАК,5,5880.87,119.13,CAncelleD,"Задержка с доставкой, печалька...",2024/12/09,2735160665077714
2030018549442,2024-12-07 12:57:31,аЛЕКсЕЙ МиХАЙЛоВ,+7 9967 71 40,3,аМУнИЦия ДЛЯ СОБаК,5,5080.84,919.16,cancElLEd,Нужно уточнить сроки,10.12.2024,4295397515784399
2030018549442,2024-12-07 12:57:31,аЛЕКсЕЙ МиХАЙЛоВ,+7 9967 71 40,5,МолОкО,5,14495.71,504.29,CAnCELlEd,Нужно уточнить сроки,10.12.2024,4295397515784399
2030018549442,2024-12-07 12:57:31,аЛЕКсЕЙ МиХАЙЛоВ,+7 9967 71 40,2,игрУшКА мяч,4,995.86,204.14,cANcelLEd,Нужно уточнить сроки,10.12.2024,4295397515784399
2030018549442,2024-12-07 12:57:31,аЛЕКсЕЙ МиХАЙЛоВ,+7 9967 71 40,1,КОРм Для соБАк,2,954.59,45.41,caNcELLEd,Нужно уточнить сроки,10.12.2024,4295397515784399
2030018548929,2024-12-21 05:57:27,сЕРгЕЙ сидороВ,+7(9698)49-87,3,амуНИЦИя Для СоБаК,2,1971.6,428.4,PRoCEssING,Всё отлично!,2024-12-03,4307185190844692
2030018548929,2024-12-21 05:57:27,сЕРгЕЙ сидороВ,+7(9698)49-87,1,КОрм ДЛЯ СоБак,5,2207.14,292.86,prOCessIng,Всё отлично!,2024-12-03,4307185190844692
2030018547213,2024-12-01 18:12:47,аННа СМиРНовА,+7 9044 70 18,3,АМунИЦия Для СОбаК,3,3300.41,299.59,COmpLEtEd,"Задержка с доставкой, печалька...",2024/12/24,0933392232816367
2030018546941,23.12.2024 16:17,иВаН ИВаНОВ,8(9116) 14-68,3,амуницИя ДЛЯ соБак,5,5541.35,458.65,COmPlETeD,Ждём с нетерпением!,13.12.2024,2832881498940291
2030018546941,23.12.2024 16:17,иВаН ИВаНОВ,8(9116) 14-68,3,АмУнИция ДлЯ СОБАк,3,2924.65,675.35,COmPLeteD,Ждём с нетерпением!,13.12.2024,2832881498940291
2030018546941,23.12.2024 16:17,иВаН ИВаНОВ,8(9116) 14-68,1,кОРм ДлЯ СобаК,4,1676.95,323.05,coMpLetEd,Ждём с нетерпением!,13.12.2024,2832881498940291
2030018545346,2024-12-23 08:49:39,оЛЬга кузНецОВа,8(9377) 02-49,1,кОРм для СобАК,3,1495.51,4.49,PRoCESSInG,Ждём с нетерпением!,2024/12/22,8603468205484336
2030018545346,2024-12-23 08:49:39,оЛЬга кузНецОВа,8(9377) 02-49,3,аМуниЦия ДлЯ СОБак,5,5954.5,45.5,ProcEssINg,Ждём с нетерпением!,2024/12/22,8603468205484336
2030018545346,2024-12-23 08:49:39,оЛЬга кузНецОВа,8(9377) 02-49,2,ИгРушкА МЯЧ,1,273.02,26.98,ProcEssiNg,Ждём с нетерпением!,2024/12/22,8603468205484336
2030018545346,2024-12-23 08:49:39,оЛЬга кузНецОВа,8(9377) 02-49,2,ИгрУшКа Мяч,2,496.81,103.19,PrOcESSiNG,Ждём с нетерпением!,2024/12/22,8603468205484336
2030018544933,11.12.2024 01:28,ОЛьга куЗнеЦовА,+7(9411)35-48,2,игРуШКа МЯЧ,3,805.44,94.56,CaNcElLED,Ждём с нетерпением!,2024-12-08,1854035653869306
2030018544933,11.12.2024 01:28,ОЛьга куЗнеЦовА,+7(9411)35-48,5,МолОКо,4,10069.39,1930.61,CANcellED,Ждём с нетерпением!,2024-12-08,1854035653869306
2030018543125,2024-12-21 21:37:18,еЛЕнА НОвИКова,+7 9125 66 66,1,кОрМ ДЛя СОБАк,5,2348.33,151.67,COmPLETed,"Задержка с доставкой, печалька...",2024-12-19,7161108419213767
2030018542533,27.12.2024 11:27,СЕргЕЙ СИдОроВ,+7 9872 30 65,2,игРушКа МЯЧ,1,284.55,15.45,PrOCesSiNg,спасибо за заказ,01.12.2024,2686097911147773
2030018542533,27.12.2024 11:27,СЕргЕЙ СИдОроВ,+7 9872 30 65,3,АмунИция длЯ собак,3,3109.31,490.69,pROceSSiNG,спасибо за заказ,01.12.2024,2686097911147773
2030018541784,10.12.2024 02:17,ИВАН ИванОВ,+7(9974)24-77,5,МолОКО,5,12303.45,2696.55,prOCessiNg,Всё отлично!,17.12.2024,7401847331715518
2030018541784,10.12.2024 02:17,ИВАН ИванОВ,+7(9974)24-77,5,МОлоКо,4,10308.34,1691.66,proCeSsiNg,Всё отлично!,17.12.2024,7401847331715518
2030018541784,10.12.2024 02:17,ИВАН ИванОВ,+7(9974)24-77,1,кОРМ ДЛя СОБак,1,415.14,84.86,ProcessiNg,Всё отлично!,17.12.2024,7401847331715518
2030018541784,10.12.2024 02:17,ИВАН ИванОВ,+7(9974)24-77,1,кОРм ДЛя СоБАк,5,2178.71,321.29,pRocEssing,Всё отлично!,17.12.2024,7401847331715518
2030018541784,10.12.2024 02:17,ИВАН ИванОВ,+7(9974)24-77,4,поДПИСка На гАЗЕтУ,3,1673.96,126.04,prOCesSIng,Всё отлично!,17.12.2024,7401847331715518
2030018540222,2024/12/29 08:19:09,сеРГЕЙ СИДоров,+7(9105)12-16,1,коРМ для СобаК,5,2287.52,212.48,CAnCElLED,Всё отлично!,2024-12-25,6201258589044522
2030018540222,2024/12/29 08:19:09,сеРГЕЙ СИДоров,+7(9105)12-16,4,ПОДПИСкА НА ГАЗЕту,5,2905.64,94.36,cANcelLEd,Всё отлично!,2024-12-25,6201258589044522
2030018539416,2024/12/22 05:34:45,дМитриЙ кузНеЦОв,+7 9686 36 24,3,АмУниЦИЯ ДЛя СоБАК,3,3485.82,114.18,prOcESSiNg,Всё отлично!,06.12.2024,6686749526269495
2030018538610,04.12.2024 18:10,ольГа кУзнЕцоВа,+7 9463 96 89,3,аМунициЯ дЛя СобАК,4,4208.56,591.44,COMPleTeD,спасибо за заказ,2024-12-04,5344557726502696
2030018538610,04.12.2024 18:10,ольГа кУзнЕцоВа,+7 9463 96 89,4,ПоДПИсКА НА ГАЗеТУ,1,511.76,88.24,cOmpLETed,спасибо за заказ,2024-12-04,5344557726502696
2030018538610,04.12.2024 18:10,ольГа кУзнЕцоВа,+7 9463 96 89,4,ПодПиСкА На гаЗЕтУ,4,2246.34,153.66,CompLeTed,спасибо за заказ,2024-12-04,5344557726502696
2030018538610,04.12.2024 18:10,ольГа кУзнЕцоВа,+7 9463 96 89,4,пОДПИСкА НА гАЗЕтУ,4,2343.66,56.34,cOMplETeD,спасибо за заказ,2024-12-04,5344557726502696
2030018538610,04.12.2024 18:10,ольГа кУзнЕцоВа,+7 9463 96 89,2,ИГРУШКа МЯч,1,250.72,49.28,COMPLetEd,спасибо за заказ,2024-12-04,5344557726502696
2030018537380,2024/12/21 23:51:27,дМитрИЙ КузнЕцОВ,8(9633) 67-57,1,кОрм дЛя СОбАК,3,1317.16,182.84,coMPLETeD,спасибо за заказ,2024/12/30,2753404067808811
2030018537380,2024/12/21 23:51:27,дМитрИЙ КузнЕцОВ,8(9633) 67-57,5,мОЛокО,1,2774.24,225.76,CoMpleTeD,спасибо за заказ,2024/12/30,2753404067808811
2030018537380,2024/12/21 23:51:27,дМитрИЙ КузнЕцОВ,8(9633) 67-57,2,игрушка МЯч,2,514.43,85.57,coMPLEted,спасибо за заказ,2024/12/30,2753404067808811
2030018537380,2024/12/21 23:51:27,дМитрИЙ КузнЕцОВ,8(9633) 67-57,1,коРм ДЛЯ собАк,2,918.12,81.88,CoMPLetED,спасибо за заказ,2024/12/30,2753404067808811
2030018536351,2024/12/30 17:33:48,дмитриЙ КУЗНеЦОВ,+7(9030)35-27,1,кОрМ длЯ СоБак,3,1389.42,110.58,proCEsSInG,подарок вовремя,2024-12-22,3803281637962803
2030018535929,2024/12/19 19:51:45,мАРИЯ пЕтровА,8(9673) 00-12,1,Корм ДлЯ СоБак,1,461.57,38.43,CanCellED,"Задержка с доставкой, печалька...",2024-12-16,9819996662328425
2030018535929,2024/12/19 19:51:45,мАРИЯ пЕтровА,8(9673) 00-12,3,аМУНиЦиЯ дЛя СОбАк,2,2373.41,26.59,CANcelLed,"Задержка с доставкой, печалька...",2024-12-16,9819996662328425
2030018535929,2024/12/19 19:51:45,мАРИЯ пЕтровА,8(9673) 00-12,2,ИГРуШКА мяЧ,4,1058.72,141.28,CAncElLEd,"Задержка с доставкой, печалька...",2024-12-16,9819996662328425
2030018534315,2024-12-09 14:27:26,ИВАН ИВАНОВ,+7(9315)45-65,4,ПОдПИскА нА гАЗеТу,4,2114.51,285.49,coMPLEtED,подарок вовремя,13.12.2024,2282051574017594
2030018534315,2024-12-09 14:27:26,ИВАН ИВАНОВ,+7(9315)45-65,4,пОДпискА На ГАЗЕтУ,1,532.6,67.4,COMPletEd,подарок вовремя,13.12.2024,2282051574017594
2030018534315,2024-12-09 14:27:26,ИВАН ИВАНОВ,+7(9315)45-65,4,ПОдпИсКА на ГАзеТу,3,1718.64,81.36,cOMpletEd,подарок вовремя,13.12.2024,2282051574017594
2030018534315,2024-12-09 14:27:26,ИВАН ИВАНОВ,+7(9315)45-65,5,МОЛОКо,5,12929.75,2070.25,CoMpletED,подарок вовремя,13.12.2024,2282051574017594
2030018534315,2024-12-09 14:27:26,ИВАН ИВАНОВ,+7(9315)45-65,3,аМуНициЯ ДлЯ сОбАк,1,1135.98,64.02,COMPLetEd,подарок вовремя,13.12.2024,2282051574017594
2030018533525,2024/12/25 18:54:59,НатАлЬЯ ВасИлЬЕВа,+7 9832 67 49,3,АМУНицИя ДЛЯ соБАК,5,5012.95,987.05,canCeLlEd,Всё отлично!,01.12.2024,8340142856215141
2030018533525,2024/12/25 18:54:59,НатАлЬЯ ВасИлЬЕВа,+7 9832 67 49,3,АМУнИцИЯ ДЛя сОбаК,3,3258.5,341.5,CanCElLed,Всё отлично!,01.12.2024,8340142856215141
2030018533525,2024/12/25 18:54:59,НатАлЬЯ ВасИлЬЕВа,+7 9832 67 49,5,МОЛоКО,3,8843.16,156.84,CaNcelled,Всё отлично!,01.12.2024,8340142856215141
2030018533525,2024/12/25 18:54:59,НатАлЬЯ ВасИлЬЕВа,+7 9832 67 49,1,Корм дЛя СОбАК,5,2032.95,467.05,caNceLLEd,Всё отлично!,01.12.2024,8340142856215141
2030018533525,2024/12/25 18:54:59,НатАлЬЯ ВасИлЬЕВа,+7 9832 67 49,2,ИгрУшкА мяЧ,1,250.06,49.94,canCeLLed,Всё отлично!,01.12.2024,8340142856215141
2030018532412,2024-12-27 12:31:54,иВан иВаНов,+7 9888 39 76,3,АМУНИция Для СоБаК,4,4245.87,554.13,comPLETed,Проверить наличие,12.12.2024,2186362272781464
2030018532412,2024-12-27 12:31:54,иВан иВаНов,+7 9888 39 76,1,КОРМ длЯ СОБаК,2,966.74,33.26,cOmplETED,Проверить наличие,12.12.2024,2186362272781464
2030018532412,2024-12-27 12:31:54,иВан иВаНов,+7 9888 39 76,4,ПОДпИскА нА газетУ,5,2899.29,100.71,ComPleTeD,Проверить наличие,12.12.2024,2186362272781464
2030018532412,2024-12-27 12:31:54,иВан иВаНов,+7 9888 39 76,5,МОлОкО,1,2823.57,176.43,CoMpletEd,Проверить наличие,12.12.2024,2186362272781464
2030018531760,2024/12/24 11:25:38,мИХаИл ОРЛОВ,8(9840) 92-04,1,КорМ ДЛя собАк,4,1828.87,171.13,COmPlEteD,Ждём с нетерпением!,12.12.2024,7224901443921498
2030018531760,2024/12/24 11:25:38,мИХаИл ОРЛОВ,8(9840) 92-04,1,корм ДЛЯ СОБак,5,2190.43,309.57,ComplETEd,Ждём с нетерпением!,12.12.2024,7224901443921498
2030018530254,2024/12/23 03:18:30,марИЯ пЕТроВА,8(9385) 43-67,2,ИгруШкА МЯч,5,1345.95,154.05,cANceLlED,подарок вовремя,2024/12/02,8166829574749742
2030018530254,2024/12/23 03:18:30,марИЯ пЕТроВА,8(9385) 43-67,1,кОРм длЯ СОБАк,3,1292.14,207.86,CAnCElLed,подарок вовремя,2024/12/02,8166829574749742
2030018529635,29.12.2024 23:52,мАРия петРОва,+7 9109 11 24,3,амУницИЯ длЯ СоБАК,2,2069.41,330.59,caNcELlEd,Проверить наличие,27.12.2024,6680112121978768
2030018528602,2024-12-20 06:12:20,дМиТрий кузнЕЦов,8(9073) 17-90,3,АМУниЦия ДЛя соБАК,2,2259.79,140.21,PROcesSIng,Ждём с нетерпением!,2024-12-28,2654278126179146
2030018528602,2024-12-20 06:12:20,дМиТрий кузнЕЦов,8(9073) 17-90,4,ПоДПискА На ГАзеТу,3,1602.06,197.94,ProcESSINg,Ждём с нетерпением!,2024-12-28,2654278126179146
2030018528602,2024-12-20 06:12:20,дМиТрий кузнЕЦов,8(9073) 17-90,1,кОРМ ДЛЯ СОБАК,4,1818.7,181.3,pROCesSIng,Ждём с нетерпением!,2024-12-28,2654278126179146
2030018527515,2024/12/22 21:47:32,аНна смирНОва,+7 9832 81 60,4,ПоДпИСКа НА ГАзЕту,1,589.91,10.09,cOmPleTeD,Нужно уточнить сроки,2024/12/05,9739351381211201
2030018527515,2024/12/22 21:47:32,аНна смирНОва,+7 9832 81 60,1,кОРМ дЛя СоБак,2,846.29,153.71,cOmplEted,Нужно уточнить сроки,2024/12/05,9739351381211201
2030018527515,2024/12/22 21:47:32,аНна смирНОва,+7 9832 81 60,4,ПоДПиСкА На ГАзЕТУ,4,2027.52,372.48,COmpLeteD,Нужно уточнить сроки,2024/12/05,9739351381211201
2030018526886,05.12.2024 20:52,ДМиТРИй КУзнЕЦоВ,8(9573) 92-03,1,кОРМ дЛЯ сОБак,3,1473.28,26.72,ComplEtED,Ждём с нетерпением!,2024/12/18,6831681779216167
2030018526886,05.12.2024 20:52,ДМиТРИй КУзнЕЦоВ,8(9573) 92-03,5,МолОко,2,4837.56,1162.44,CoMPleted,Ждём с нетерпением!,2024/12/18,6831681779216167
2030018526886,05.12.2024 20:52,ДМиТРИй КУзнЕЦоВ,8(9573) 92-03,1,кОрм дЛя собак,5,2490.63,9.37,COMPLeTeD,Ждём с нетерпением!,2024/12/18,6831681779216167
2030018525280,2024/12/25 14:28:49,аЛЕксЕЙ МИХАЙЛоВ,8(9056) 46-91,5,моЛоКо,1,2629.41,370.59,canCELLEd,Всё отлично!,2024-12-22,9613830177767225
2030018524212,2024/12/03 18:55:24,МаРия петРОВА,8(9199) 88-83,4,пОДПисКА На ГАЗеТу,3,1757.75,42.25,proceSsiNg,Нужно уточнить сроки,2024/12/09,4041945664995234
2030018524212,2024/12/03 18:55:24,МаРия петРОВА,8(9199) 88-83,3,АМунИцИя дЛя соБаК,2,2023.09,376.91,PROcEssING,Нужно уточнить сроки,2024/12/09,4041945664995234
2030018524212,2024/12/03 18:55:24,МаРия петРОВА,8(9199) 88-83,1,КорМ для собак,1,469.55,30.45,prOCeSsing,Нужно уточнить сроки,2024/12/09,4041945664995234
2030018524212,2024/12/03 18:55:24,МаРия петРОВА,8(9199) 88-83,2,ИгРушКа МЯЧ,4,1082.45,117.55,ProcEssing,Нужно уточнить сроки,2024/12/09,4041945664995234
2030018523430,04.12.2024 08:26,ЕленА новИкова,8(9066) 15-29,1,кОрМ ДЛя СоБаК,3,1413.23,86.77,pRoceSsInG,Ждём с нетерпением!,2024-12-09,2682878549426728
2030018522485,2024-12-19 19:12:53,СЕРгЕй СИДОрОВ,8(9546) 08-60,4,ПОдпиСКа НА ГАзЕТу,2,1170.3,29.7,CAnCELLED,"Задержка с доставкой, печалька...",2024/12/19,0000453046041969
2030018522485,2024-12-19 19:12:53,СЕРгЕй СИДОрОВ,8(9546) 08-60,4,ПОдпиСка нА ГазеТу,5,2784.55,215.45,caNCElLED,"Задержка с доставкой, печалька...",2024/12/19,0000453046041969
2030018522485,2024-12-19 19:12:53,СЕРгЕй СИДОрОВ,8(9546) 08-60,1,КОрм ДлЯ соБАК,2,852.73,147.27,cANceLlED,"Задержка с доставкой, печалька...",2024/12/19,0000453046041969
2030018522485,2024-12-19 19:12:53,СЕРгЕй СИДОрОВ,8(9546) 08-60,1,КОрм ДЛЯ соБак,3,1241.33,258.67,cancELLeD,"Задержка с доставкой, печалька...",2024/12/19,0000453046041969
2030018521594,26.12.2024 13:01,ЕЛеНА НОВИкОВа,8(9627) 00-12,4,пОДписКА НА газету,3,1489.0,311.0,ComPLetEd,спасибо за заказ,2024-12-10,2204243622574697
2030018521594,26.12.2024 13:01,ЕЛеНА НОВИкОВа,8(9627) 00-12,1,кОРм дЛя СОбАК,3,1309.68,190.32,cOmplETed,спасибо за заказ,2024-12-10,2204243622574697
2030018521594,26.12.2024 13:01,ЕЛеНА НОВИкОВа,8(9627) 00-12,3,амуниЦИя ДЛя СоБАк,2,2244.56,155.44,coMpLEtED,спасибо за заказ,2024-12-10,2204243622574697
2030018521594,26.12.2024 13:01,ЕЛеНА НОВИкОВа,8(9627) 00-12,4,ПодПИска НА гАзетУ,4,2217.27,182.73,comPleTeD,спасибо за заказ,2024-12-10,2204243622574697
2030018520266,2024-12-28 23:42:43,МарИЯ ПЕтРОва,8(9724) 23-37,5,МолОКо,2,5261.93,738.07,ProcesSINg,Проверить наличие,01.12.2024,5869357288556911
2030018520266,2024-12-28 23:42:43,МарИЯ ПЕтРОва,8(9724) 23-37,4,ПОДпиСка На гаЗЕТу,1,567.16,32.84,PrOCEsSing,Проверить наличие,01.12.2024,5869357288556911
2030018520266,2024-12-28 23:42:43,МарИЯ ПЕтРОва,8(9724) 23-37,1,КОрм дЛЯ СОБАК,4,1956.88,43.12,PROcESsINg,Проверить наличие,01.12.2024,5869357288556911
2030018520266,2024-12-28 23:42:43,МарИЯ ПЕтРОва,8(9724) 23-37,5,молОкО,1,2473.27,526.73,pROCESSIng,Проверить наличие,01.12.2024,5869357288556911
2030018520266,2024-12-28 23:42:43,МарИЯ ПЕтРОва,8(9724) 23-37,5,МолОко,1,2815.53,184.47,proCEssinG,Проверить наличие,01.12.2024,5869357288556911
2030018519366,2024-12-16 08:45:53,иВаН ИвАНов,8(9536) 97-86,2,ИГрушКа МЯч,3,847.48,52.52,CompLeted,подарок вовремя,2024/12/16,6224164635863649
2030018518566,09.12.2024 22:15,ольГа Кузнецова,+7 9130 34 13,4,ПодПИСКа НА ГАЗеТу,4,1976.49,423.51,pRocEsSING,Ждём с нетерпением!,13.12.2024,8414436998635343
2030018518566,09.12.2024 22:15,ольГа Кузнецова,+7 9130 34 13,3,амуНиЦия ДлЯ СоБак,1,1054.5,145.5,PRocesSiNg,Ждём с нетерпением!,13.12.2024,8414436998635343
2030018518566,09.12.2024 22:15,ольГа Кузнецова,+7 9130 34 13,1,КОрм дЛЯ СобАк,4,1636.93,363.07,PrOcessiNG,Ждём с нетерпением!,13.12.2024,8414436998635343
2030018518566,09.12.2024 22:15,ольГа Кузнецова,+7 9130 34 13,5,МОлОко,5,14321.29,678.71,prOcessing,Ждём с нетерпением!,13.12.2024,8414436998635343
2030018517803,13.12.2024 00:02,ИваН ИВанОв,+7 9222 12 65,3,АмУницИя дЛЯ сОбАк,5,5922.81,77.19,CANCelLEd,Проверить наличие,2024/12/27,3805947062078027
2030018517803,13.12.2024 00:02,ИваН ИВанОв,+7 9222 12 65,2,иГРУшКА мЯЧ,2,492.47,107.53,CaNceLLED,Проверить наличие,2024/12/27,3805947062078027
2030018517803,13.12.2024 00:02,ИваН ИВанОв,+7 9222 12 65,1,Корм ДЛЯ СОбак,5,2477.65,22.35,CanceLlEd,Проверить наличие,2024/12/27,3805947062078027
2030018517803,13.12.2024 00:02,ИваН ИВанОв,+7 9222 12 65,4,подпИСКа нА ГАЗЕтУ,2,1148.85,51.15,cANCeLled,Проверить наличие,2024/12/27,3805947062078027
2030018517803,13.12.2024 00:02,ИваН ИВанОв,+7 9222 12 65,4,ПодпИСКа нА гАзеТу,2,1116.44,83.56,CANcELlED,Проверить наличие,2024/12/27,3805947062078027
2030018516635,13.12.2024 12:52,аННа СМИРнОва,+7(9169)72-47,5,мОЛОКО,4,10376.68,1623.32,pRocEsSING,Нужно уточнить сроки,2024-12-27,0702800820048681
2030018516635,13.12.2024 12:52,аННа СМИРнОва,+7(9169)72-47,1,кОРМ длЯ соБАк,2,988.97,11.03,pROceSsing,Нужно уточнить сроки,2024-12-27,0702800820048681
2030018516635,13.12.2024 12:52,аННа СМИРнОва,+7(9169)72-47,5,моЛОКО,4,11648.55,351.45,prOCESsIng,Нужно уточнить сроки,2024-12-27,0702800820048681
2030018516635,13.12.2024 12:52,аННа СМИРнОва,+7(9169)72-47,4,ПоДпИсКа нА гАЗЕтУ,4,2040.17,359.83,prOCEssIng,Нужно уточнить сроки,2024-12-27,0702800820048681
2030018515498,2024/12/02 05:02:50,оЛьгА КузнецоВа,+7 9269 98 47,2,ИГрушКА мяч,4,1082.1,117.9,pRoCeSsiNg,спасибо за заказ,2024/12/25,4053718842302440
2030018515498,2024/12/02 05:02:50,оЛьгА КузнецоВа,+7 9269 98 47,3,АмунИЦИя длЯ сОбАк,1,1092.61,107.39,PRocEsSinG,спасибо за заказ,2024/12/25,4053718842302440
2030018515498,2024/12/02 05:02:50,оЛьгА КузнецоВа,+7 9269 98 47,3,амУнИЦИя дЛЯ соБак,5,5228.65,771.35,ProCeSSinG,спасибо за заказ,2024/12/25,4053718842302440
2030018514742,05.12.2024 16:59,ОлЬга куЗнеЦоВА,8(9527) 12-99,1,кОРМ ДлЯ СоБак,5,2496.16,3.84,COMPlEteD,Всё отлично!,2024-12-11,4576913002188742
2030018514742,05.12.2024 16:59,ОлЬга куЗнеЦоВА,8(9527) 12-99,1,КорМ ДлЯ сОбаК,3,1421.95,78.05,coMPlETeD,Всё отлично!,2024-12-11,4576913002188742
2030018514742,05.12.2024 16:59,ОлЬга куЗнеЦоВА,8(9527) 12-99,4,ПОдПиСКА нА гАЗету,2,1117.85,82.15,comPLeTED,Всё отлично!,2024-12-11,4576913002188742
2030018513847,2024-12-10 13:20:13,дмитрИЙ КУЗнЕЦОв,8(9681) 83-20,2,иГрУшкА МЯЧ,3,722.6,177.4,pRoceSsing,Ждём с нетерпением!,2024-12-23,1290128199006436
2030018513847,2024-12-10 13:20:13,дмитрИЙ КУЗнЕЦОв,8(9681) 83-20,2,ИГРуШкА МЯЧ,3,759.8,140.2,PrOcessINg,Ждём с нетерпением!,2024-12-23,1290128199006436
2030018513847,2024-12-10 13:20:13,дмитрИЙ КУЗнЕЦОв,8(9681) 83-20,3,АМУНИЦия ДЛя сОБак,2,1955.51,444.49,prOcESSing,Ждём с нетерпением!,2024-12-23,1290128199006436
2030018512595,2024-12-18 04:33:33,ОЛьГА КузНеЦОвА,+7(9635)04-34,3,амУНИЦия длЯ СОБАК,2,2168.29,231.71,cANCeLLED,подарок вовремя,2024-12-12,0444427534779042
2030018512595,2024-12-18 04:33:33,ОЛьГА КузНеЦОвА,+7(9635)04-34,5,МолОкО,5,13933.14,1066.86,canCELLed,подарок вовремя,2024-12-12,0444427534779042
2030018512595,2024-12-18 04:33:33,ОЛьГА КузНеЦОвА,+7(9635)04-34,2,ИгРуШкА Мяч,1,257.62,42.38,caNceLLeD,подарок вовремя,2024-12-12,0444427534779042
2030018512595,2024-12-18 04:33:33,ОЛьГА КузНеЦОвА,+7(9635)04-34,5,МОлоКо,4,9788.61,2211.39,cancelLEd,подарок вовремя,2024-12-12,0444427534779042
2030018512595,2024-12-18 04:33:33,ОЛьГА КузНеЦОвА,+7(9635)04-34,4,ПоДПИСКа На гАЗеТУ,3,1498.12,301.88,CANCeLLed,подарок вовремя,2024-12-12,0444427534779042
2030018511884,2024-12-10 04:52:28,Анна сМИРНовА,+7(9583)72-99,3,АмУниЦия ДЛЯ сОБАК,4,4692.64,107.36,prOceSSInG,подарок вовремя,2024/12/13,7297961172255443
2030018511884,2024-12-10 04:52:28,Анна сМИРНовА,+7(9583)72-99,2,ИгРуШкА мЯЧ,4,1127.66,72.34,pROCessiNG,подарок вовремя,2024/12/13,7297961172255443
2030018511884,2024-12-10 04:52:28,Анна сМИРНовА,+7(9583)72-99,2,игрУшКа МяЧ,2,527.74,72.26,PROcEssinG,подарок вовремя,2024/12/13,7297961172255443
2030018511884,2024-12-10 04:52:28,Анна сМИРНовА,+7(9583)72-99,1,кОрМ дЛя СОбак,5,2040.47,459.53,proCESsINg,подарок вовремя,2024/12/13,7297961172255443
2030018511884,2024-12-10 04:52:28,Анна сМИРНовА,+7(9583)72-99,3,АмУнИЦИя дЛя СоБАК,5,5932.59,67.41,proceSSinG,подарок вовремя,2024/12/13,7297961172255443
2030018510269,2024/12/12 19:24:37,маРиЯ ПЕтрОва,+7(9710)62-03,4,подПискА на гАЗеТУ,2,991.73,208.27,ProCEsSinG,Проверить наличие,2024-12-14,9911828101128237
2030018510269,2024/12/12 19:24:37,маРиЯ ПЕтрОва,+7(9710)62-03,1,КоРМ ДЛЯ соБАк,1,489.28,10.72,PROCeSsiNG,Проверить наличие,2024-12-14,9911828101128237
2030018509494,2024-12-03 10:19:19,ОльгА КУЗНецОВА,+7 9194 82 61,1,КорМ дЛя сОБаК,4,1733.23,266.77,cANCeLlEd,Проверить наличие,2024/12/12,2465918275936682
2030018509494,2024-12-03 10:19:19,ОльгА КУЗНецОВА,+7 9194 82 61,4,пОДпискА На гАЗЕту,1,555.36,44.64,CAnCELLED,Проверить наличие,2024/12/12,2465918275936682
2030018509494,2024-12-03 10:19:19,ОльгА КУЗНецОВА,+7 9194 82 61,1,кОРМ Для сОбАК,4,1640.52,359.48,CANcelleD,Проверить наличие,2024/12/12,2465918275936682
2030018508986,2024/12/12 09:06:32,АлЕкСей МиХаЙлОв,+7(9677)80-73,1,кОрм длЯ СОбАк,4,1822.54,177.46,cOmPLeTEd,спасибо за заказ,2024-12-27,4795326653589448
2030018508986,2024/12/12 09:06:32,АлЕкСей МиХаЙлОв,+7(9677)80-73,2,игрУШКА мЯч,5,1241.0,259.0,CompletEd,спасибо за заказ,2024-12-27,4795326653589448
2030018507499,10.12.2024 18:16,МИХАил ОРлОВ,+7 9530 76 38,3,АМУНиЦиЯ Для СобАК,5,4881.96,1118.04,PrOcESSInG,"Задержка с доставкой, печалька...",2024/12/04,6629488428793470
2030018507499,10.12.2024 18:16,МИХАил ОРлОВ,+7 9530 76 38,1,КорМ Для СобАк,4,1616.66,383.34,PrOCeSSInG,"Задержка с доставкой, печалька...",2024/12/04,6629488428793470
2030018506324,2024-12-20 05:14:17,мАриЯ пеТровА,8(9640) 59-14,1,корМ длЯ СоБАк,3,1422.23,77.77,CAnceLleD,Всё отлично!,2024-12-21,3395358724839246
2030018506324,2024-12-20 05:14:17,мАриЯ пеТровА,8(9640) 59-14,5,молоКО,5,13350.68,1649.32,CancellEd,Всё отлично!,2024-12-21,3395358724839246
2030018505977,2024/12/15 06:34:41,МиХАил ОрЛов,+7(9554)33-96,2,ИГРуШкА мяч,1,245.9,54.1,cOMpLetED,Нужно уточнить сроки,2024-12-26,1975752279684238
2030018505977,2024/12/15 06:34:41,МиХАил ОрЛов,+7(9554)33-96,2,иГРУшКА мЯч,5,1459.31,40.69,completEd,Нужно уточнить сроки,2024-12-26,1975752279684238
2030018505977,2024/12/15 06:34:41,МиХАил ОрЛов,+7(9554)33-96,1,КОРм дЛя собак,1,400.83,99.17,comPLEtED,Нужно уточнить сроки,2024-12-26,1975752279684238
2030018505977,2024/12/15 06:34:41,МиХАил ОрЛов,+7(9554)33-96,5,МоЛОКо,1,2705.92,294.08,compLeTeD,Нужно уточнить сроки,2024-12-26,1975752279684238
2030018504901,2024/12/07 21:45:30,МИХаИл оРлов,+7 9909 48 38,2,игРУшКА МяЧ,3,736.52,163.48,pROCEssiNG,Всё отлично!,2024-12-13,5344015869028283
2030018504901,2024/12/07 21:45:30,МИХаИл оРлов,+7 9909 48 38,3,АМУнициЯ дЛЯ сОбак,1,985.54,214.46,ProcEssING,Всё отлично!,2024-12-13,5344015869028283
2030018504901,2024/12/07 21:45:30,МИХаИл оРлов,+7 9909 48 38,5,мОЛоко,2,5338.19,661.81,PRoCESSiNg,Всё отлично!,2024-12-13,5344015869028283
2030018504901,2024/12/07 21:45:30,МИХаИл оРлов,+7 9909 48 38,1,КОрм ДлЯ сОБак,5,2210.24,289.76,PRoCeSSiNg,Всё отлично!,2024-12-13,5344015869028283
2030018503808,2024-12-27 04:20:39,мИХаил ОРЛоВ,+7 9180 60 12,2,иГрушкА МяЧ,2,569.91,30.09,COmpLEted,Нужно уточнить сроки,02.12.2024,0816209576767891
2030018502250,2024/12/24 05:54:27,ЕЛЕНа НОвиКоВА,+7 9961 61 92,5,МолОКо,3,8826.28,173.72,proceSSIng,Ждём с нетерпением!,08.12.2024,3509018048223841
2030018502250,2024/12/24 05:54:27,ЕЛЕНа НОвиКоВА,+7 9961 61 92,2,ИГРуШКА МЯч,5,1491.83,8.17,proceSSINg,Ждём с нетерпением!,08.12.2024,3509018048223841
2030018502250,2024/12/24 05:54:27,ЕЛЕНа НОвиКоВА,+7 9961 61 92,5,МОЛОко,4,11985.86,14.14,PrOCesSINg,Ждём с нетерпением!,08.12.2024,3509018048223841
2030018502250,2024/12/24 05:54:27,ЕЛЕНа НОвиКоВА,+7 9961 61 92,3,АмуНициЯ длЯ собаК,2,2252.61,147.39,pRoCEsSING,Ждём с нетерпением!,08.12.2024,3509018048223841
2030018501532,2024-12-25 22:40:13,СеРГей СИдороВ,+7(9477)99-68,2,иГРушКА МяЧ,1,279.15,20.85,CoMpLeteD,Всё отлично!,2024-12-01,9027504934117252
2030018501532,2024-12-25 22:40:13,СеРГей СИдороВ,+7(9477)99-68,3,АМуНиЦИЯ Для СОБАК,1,1028.98,171.02,COmPLetEd,Всё отлично!,2024-12-01,9027504934117252
2030018501532,2024-12-25 22:40:13,СеРГей СИдороВ,+7(9477)99-68,3,амуниЦИЯ ДЛЯ СОбак,1,1152.08,47.92,compleTed,Всё отлично!,2024-12-01,9027504934117252
2030018501532,2024-12-25 22:40:13,СеРГей СИдороВ,+7(9477)99-68,5,МОлОКО,5,14941.93,58.07,ComPLeTed,Всё отлично!,2024-12-01,9027504934117252
2030018501532,2024-12-25 22:40:13,СеРГей СИдороВ,+7(9477)99-68,2,иГрУШКа МЯч,4,1152.67,47.33,complETed,Всё отлично!,2024-12-01,9027504934117252
2030018500691,2024/12/07 14:40:42,ДМиТРиЙ КУЗНЕЦоВ,+7 9661 49 53,2,игрУшКА МяЧ,5,1473.94,26.06,ComplEted,Нужно уточнить сроки,2024/12/17,1071982126859251
2030018500691,2024/12/07 14:40:42,ДМиТРиЙ КУЗНЕЦоВ,+7 9661 49 53,5,МоЛОко,2,5440.2,559.8,CoMpLeTED,Нужно уточнить сроки,2024/12/17,1071982126859251
2030018500691,2024/12/07 14:40:42,ДМиТРиЙ КУЗНЕЦоВ,+7 9661 49 53,3,АмУниЦия ДЛЯ собаК,1,1172.94,27.06,COMpLETEd,Нужно уточнить сроки,2024/12/17,1071982126859251
2030018500691,2024/12/07 14:40:42,ДМиТРиЙ КУЗНЕЦоВ,+7 9661 49 53,1,КОРМ дЛЯ СОбаК,3,1243.12,256.88,ComPLeTed,Нужно уточнить сроки,2024/12/17,1071982126859251
2030018500691,2024/12/07 14:40:42,ДМиТРиЙ КУЗНЕЦоВ,+7 9661 49 53,5,МОЛоКо,4,10879.0,1121.0,cOmPlETeD,Нужно уточнить сроки,2024/12/17,1071982126859251
2030018499107,2024-12-15 13:33:38,елЕна НоВикОВА,+7(9367)85-39,1,кОРм для СОБак,4,1717.85,282.15,comPlETeD,Всё отлично!,2024-12-22,3155679277265727
2030018499107,2024-12-15 13:33:38,елЕна НоВикОВА,+7(9367)85-39,1,КорМ для СОБак,3,1292.25,207.75,COmPLeTEd,Всё отлично!,2024-12-22,3155679277265727
2030018499107,2024-12-15 13:33:38,елЕна НоВикОВА,+7(9367)85-39,2,игрушкА МяЧ,4,1075.01,124.99,coMpleteD,Всё отлично!,2024-12-22,3155679277265727
2030018499107,2024-12-15 13:33:38,елЕна НоВикОВА,+7(9367)85-39,5,МОлоКо,1,2889.15,110.85,COMPletED,Всё отлично!,2024-12-22,3155679277265727
2030018499107,2024-12-15 13:33:38,елЕна НоВикОВА,+7(9367)85-39,3,АМуниция длЯ СОбАК,1,1039.02,160.98,coMPlEted,Всё отлично!,2024-12-22,3155679277265727
2030018498935,2024/12/26 05:17:47,иВаН иВАНОВ,+7(9236)35-84,2,ИГРуШКА мЯч,5,1470.73,29.27,cOmPletEd,Нужно уточнить сроки,14.12.2024,7891697302233139
2030018498935,2024/12/26 05:17:47,иВаН иВАНОВ,+7(9236)35-84,1,корм Для Собак,2,995.25,4.75,COMPleTed,Нужно уточнить сроки,14.12.2024,7891697302233139
2030018498935,2024/12/26 05:17:47,иВаН иВАНОВ,+7(9236)35-84,3,аМУнИЦиЯ ДЛя сОБак,5,5187.8,812.2,comPLetED,Нужно уточнить сроки,14.12.2024,7891697302233139
2030018498935,2024/12/26 05:17:47,иВаН иВАНОВ,+7(9236)35-84,3,АМУНИцИя дЛЯ СОБак,5,5981.6,18.4,cOmPLETEd,Нужно уточнить сроки,14.12.2024,7891697302233139
2030018498935,2024/12/26 05:17:47,иВаН иВАНОВ,+7(9236)35-84,3,аМуНицИя ДлЯ соБаК,2,2175.4,224.6,COmplETeD,Нужно уточнить сроки,14.12.2024,7891697302233139
2030018497432,2024-12-03 00:03:31,АннА СМИРНоВа,+7(9716)91-64,4,поДписКА На гАзЕТу,3,1584.86,215.14,coMpLEted,подарок вовремя,2024-12-02,2450944140219273
2030018497432,2024-12-03 00:03:31,АннА СМИРНоВа,+7(9716)91-64,4,ПОДпИсКА На гАзеТу,5,2733.6,266.4,cOmpLeteD,подарок вовремя,2024-12-02,2450944140219273
2030018497432,2024-12-03 00:03:31,АннА СМИРНоВа,+7(9716)91-64,4,пОдпИска нА газЕтУ,2,1086.25,113.75,ComPleted,подарок вовремя,2024-12-02,2450944140219273
2030018496407,2024-12-21 03:47:16,НаТалья ВАсИЛЬЕва,+7 9211 55 87,3,амУНиЦИЯ дЛЯ Собак,4,3844.41,955.59,cOMpLeteD,Ждём с нетерпением!,2024/12/09,7426878615617475
2030018496407,2024-12-21 03:47:16,НаТалья ВАсИЛЬЕва,+7 9211 55 87,5,мОЛОКО,4,9642.82,2357.18,coMPletEd,Ждём с нетерпением!,2024/12/09,7426878615617475
2030018496407,2024-12-21 03:47:16,НаТалья ВАсИЛЬЕва,+7 9211 55 87,4,ПоДпискА НА ГаЗЕтУ,1,512.68,87.32,cOMPLetED,Ждём с нетерпением!,2024/12/09,7426878615617475
2030018495955,05.12.2024 10:14,АЛекСей михАйлОВ,+7(9085)93-71,3,АмУницИЯ ДЛя собАК,3,3052.55,547.45,COMPleTeD,"Задержка с доставкой, печалька...",22.12.2024,8865672305415946
2030018495955,05.12.2024 10:14,АЛекСей михАйлОВ,+7(9085)93-71,4,ПоДПИСкА НА газеТУ,4,2173.92,226.08,COmPlEteD,"Задержка с доставкой, печалька...",22.12.2024,8865672305415946
2030018495955,05.12.2024 10:14,АЛекСей михАйлОВ,+7(9085)93-71,3,амУниЦИЯ Для СОбак,5,5350.18,649.82,COMpLeted,"Задержка с доставкой, печалька...",22.12.2024,8865672305415946
2030018495955,05.12.2024 10:14,АЛекСей михАйлОВ,+7(9085)93-71,3,амуниЦиЯ дЛЯ сОБак,5,5882.83,117.17,CoMplEteD,"Задержка с доставкой, печалька...",22.12.2024,8865672305415946
2030018495955,05.12.2024 10:14,АЛекСей михАйлОВ,+7(9085)93-71,1,кОрМ для сОбАк,4,1986.05,13.95,COmpLeTed,"Задержка с доставкой, печалька...",22.12.2024,8865672305415946
2030018494129,2024-12-20 13:33:37,дмитрИЙ кузНеЦоВ,8(9070) 33-65,4,поДПисКа На гАзЕТу,3,1781.16,18.84,prOcessING,Проверить наличие,2024/12/20,3979224577194539
2030018493371,14.12.2024 11:03,марИЯ ПЕТрОВА,+7(9244)00-44,4,ПОДПиска На ГАЗЕту,4,1928.96,471.04,caNcELLED,Нужно уточнить сроки,2024/12/27,3054189224003448
2030018493371,14.12.2024 11:03,марИЯ ПЕТрОВА,+7(9244)00-44,5,молОКО,5,14266.62,733.38,cAnCELleD,Нужно уточнить сроки,2024/12/27,3054189224003448
2030018493371,14.12.2024 11:03,марИЯ ПЕТрОВА,+7(9244)00-44,2,игРуШКА Мяч,4,1132.18,67.82,caNcElleD,Нужно уточнить сроки,2024/12/27,3054189224003448
2030018493371,14.12.2024 11:03,марИЯ ПЕТрОВА,+7(9244)00-44,5,Молоко,1,2753.1,246.9,CAnCeLLEd,Нужно уточнить сроки,2024/12/27,3054189224003448
2030018492519,31.12.2024 16:12,алЕКсеЙ МИхАЙлоВ,+7 9289 05 99,1,кОрМ ДЛя СОБак,2,965.49,34.51,cOmplETed,Всё отлично!,02.12.2024,2926883280669598
2030018492519,31.12.2024 16:12,алЕКсеЙ МИхАЙлоВ,+7 9289 05 99,2,ИгрУшКа мяч,1,273.0,27.0,COmPletEd,Всё отлично!,02.12.2024,2926883280669598
2030018492519,31.12.2024 16:12,алЕКсеЙ МИхАЙлоВ,+7 9289 05 99,4,ПоДПИсКА нА ГАзЕТУ,4,2177.7,222.3,cOMpleteD,Всё отлично!,02.12.2024,2926883280669598
2030018491363,2024/12/30 05:13:39,Елена ноВИкова,8(9293) 98-33,3,АмуниЦИя дЛЯ СоБАк,5,5962.0,38.0,proCeSSiNG,Нужно уточнить сроки,2024/12/16,2022701990842855
2030018491363,2024/12/30 05:13:39,Елена ноВИкова,8(9293) 98-33,5,молоКО,1,2894.44,105.56,PrOCessIng,Нужно уточнить сроки,2024/12/16,2022701990842855
2030018491363,2024/12/30 05:13:39,Елена ноВИкова,8(9293) 98-33,3,амуНиЦия дЛЯ СоБАК,3,3198.67,401.33,PRoCeSsING,Нужно уточнить сроки,2024/12/16,2022701990842855
2030018491363,2024/12/30 05:13:39,Елена ноВИкова,8(9293) 98-33,5,мОЛокО,4,11648.96,351.04,ProCessiNg,Нужно уточнить сроки,2024/12/16,2022701990842855
2030018490525,2024-12-08 20:58:30,МАРиЯ петровА,8(9340) 59-66,5,молОкО,5,12743.79,2256.21,CoMpLeTEd,Всё отлично!,03.12.2024,0602246015113131
2030018490525,2024-12-08 20:58:30,МАРиЯ петровА,8(9340) 59-66,4,подпискА на ГАзеТУ,2,1099.75,100.25,coMPleTeD,Всё отлично!,03.12.2024,0602246015113131
2030018490525,2024-12-08 20:58:30,МАРиЯ петровА,8(9340) 59-66,3,амунИЦИя дЛя сОбаК,4,3879.1,920.9,COMPleTEd,Всё отлично!,03.12.2024,0602246015113131
2030018489191,16.12.2024 20:58,анна СмИрнова,+7 9615 66 54,5,МолОко,3,8601.83,398.17,pRoCEssIng,Проверить наличие,22.12.2024,3832273399668160
2030018489191,16.12.2024 20:58,анна СмИрнова,+7 9615 66 54,3,амуНицИЯ длЯ Собак,4,4581.84,218.16,pRoceSSINg,Проверить наличие,22.12.2024,3832273399668160
2030018489191,16.12.2024 20:58,анна СмИрнова,+7 9615 66 54,1,коРМ дЛя СОБАК,4,1803.34,196.66,ProcessiNg,Проверить наличие,22.12.2024,3832273399668160
2030018489191,16.12.2024 20:58,анна СмИрнова,+7 9615 66 54,3,АМуНиЦИя ДЛЯ соБаК,4,4184.96,615.04,pRocessING,Проверить наличие,22.12.2024,3832273399668160
2030018489191,16.12.2024 20:58,анна СмИрнова,+7 9615 66 54,1,КоРм ДЛЯ СобАк,2,979.14,20.86,PrOCESsinG,Проверить наличие,22.12.2024,3832273399668160
2030018488790,2024-12-11 02:42:13,СЕРгЕй СИДОРоВ,+7 9166 42 78,1,КоРМ для собАк,4,1850.02,149.98,PROCeSsinG,Всё отлично!,2024/12/07,0196440423832403
2030018488790,2024-12-11 02:42:13,СЕРгЕй СИДОРоВ,+7 9166 42 78,3,аМунициЯ ДЛЯ собАк,3,3016.59,583.41,proCesSIng,Всё отлично!,2024/12/07,0196440423832403
2030018488790,2024-12-11 02:42:13,СЕРгЕй СИДОРоВ,+7 9166 42 78,1,кОРМ дЛя СОБак,2,824.61,175.39,pROCESsING,Всё отлично!,2024/12/07,0196440423832403
2030018488790,2024-12-11 02:42:13,СЕРгЕй СИДОРоВ,+7 9166 42 78,4,ПОдПИСКа на ГАЗЕТУ,1,506.81,93.19,prOCeSsInG,Всё отлично!,2024/12/07,0196440423832403
2030018488790,2024-12-11 02:42:13,СЕРгЕй СИДОРоВ,+7 9166 42 78,5,МОлОко,4,11686.9,313.1,proCesSInG,Всё отлично!,2024/12/07,0196440423832403
2030018487644,2024/12/23 02:28:59,аНна СмИрНова,+7(9265)54-09,3,АМуниция Для сОБАК,1,968.08,231.92,cANCElleD,Ждём с нетерпением!,2024-12-09,2459173461898769
2030018487644,2024/12/23 02:28:59,аНна СмИрНова,+7(9265)54-09,4,ПОдПиска На ГАзЕту,5,2817.7,182.3,CANcelLed,Ждём с нетерпением!,2024-12-09,2459173461898769
2030018487644,2024/12/23 02:28:59,аНна СмИрНова,+7(9265)54-09,5,мОлоко,5,12931.6,2068.4,CaNcElleD,Ждём с нетерпением!,2024-12-09,2459173461898769
2030018486429,05.12.2024 22:00,ивАн иВанОв,+7 9686 99 00,2,ИгРушка Мяч,1,279.24,20.76,CoMPleteD,"Задержка с доставкой, печалька...",17.12.2024,6051097542258677
2030018485289,06.12.2024 12:53,мИХАиЛ орЛОв,+7(9422)51-05,1,Корм Для СоБАк,4,1768.88,231.12,PROcEsSING,Ждём с нетерпением!,2024/12/10,7592834413089815
2030018485289,06.12.2024 12:53,мИХАиЛ орЛОв,+7(9422)51-05,4,пОДпиСка на ГАзеТУ,1,490.38,109.62,ProcEsSiNG,Ждём с нетерпением!,2024/12/10,7592834413089815
2030018485289,06.12.2024 12:53,мИХАиЛ орЛОв,+7(9422)51-05,1,КоРМ ДЛЯ собАк,3,1289.04,210.96,pRocEssing,Ждём с нетерпением!,2024/12/10,7592834413089815
2030018485289,06.12.2024 12:53,мИХАиЛ орЛОв,+7(9422)51-05,1,КорМ для сОБаК,3,1329.26,170.74,PRoCESsING,Ждём с нетерпением!,2024/12/10,7592834413089815
2030018484831,2024/12/24 07:50:44,ЕЛЕНА нОВИКовА,8(9542) 86-42,3,амуНиЦиЯ Для СоБаК,2,2191.38,208.62,ComPlEted,Всё отлично!,2024-12-12,3003603313340877
2030018484831,2024/12/24 07:50:44,ЕЛЕНА нОВИКовА,8(9542) 86-42,1,КОрм ДЛЯ СобаК,5,2074.03,425.97,cOmpLETeD,Всё отлично!,2024-12-12,3003603313340877
2030018484831,2024/12/24 07:50:44,ЕЛЕНА нОВИКовА,8(9542) 86-42,2,иГруШКА мЯЧ,1,279.29,20.71,COMPlETed,Всё отлично!,2024-12-12,3003603313340877
2030018484831,2024/12/24 07:50:44,ЕЛЕНА нОВИКовА,8(9542) 86-42,1,Корм Для сОбаК,2,817.86,182.14,coMPletED,Всё отлично!,2024-12-12,3003603313340877
2030018483883,2024-12-07 11:16:58,дмИтрИЙ КУзНЕЦОв,+7(9394)01-93,4,пОДпИСкА На ГазЕТу,2,1194.77,5.23,PROCessING,Нужно уточнить сроки,2024-12-08,9360622820984843
2030018483883,2024-12-07 11:16:58,дмИтрИЙ КУзНЕЦОв,+7(9394)01-93,2,ИГРУшка мЯЧ,5,1376.1,123.9,PROCEsSiNG,Нужно уточнить сроки,2024-12-08,9360622820984843
2030018483883,2024-12-07 11:16:58,дмИтрИЙ КУзНЕЦОв,+7(9394)01-93,2,иГРУШкА мяч,5,1384.95,115.05,PrOCesSINg,Нужно уточнить сроки,2024-12-08,9360622820984843
2030018482148,2024/12/22 09:04:58,ОЛьгА кУЗНецоВа,+7 9486 73 93,3,амУНиЦия ДЛЯ СоБаК,2,2163.91,236.09,procesSING,спасибо за заказ,2024/12/28,3791725120175398
2030018482148,2024/12/22 09:04:58,ОЛьгА кУЗНецоВа,+7 9486 73 93,4,пОДПИСКА На ГаЗетУ,3,1781.91,18.09,processInG,спасибо за заказ,2024/12/28,3791725120175398
2030018482148,2024/12/22 09:04:58,ОЛьгА кУЗНецоВа,+7 9486 73 93,2,ИГруШка мяч,1,252.73,47.27,proCesSIng,спасибо за заказ,2024/12/28,3791725120175398
2030018482148,2024/12/22 09:04:58,ОЛьгА кУЗНецоВа,+7 9486 73 93,2,игРУшКА МЯЧ,1,277.04,22.96,ProCESsing,спасибо за заказ,2024/12/28,3791725120175398
2030018482148,2024/12/22 09:04:58,ОЛьгА кУЗНецоВа,+7 9486 73 93,2,ИГРушКА мЯЧ,5,1473.95,26.05,ProcEssiNg,спасибо за заказ,2024/12/28,3791725120175398
2030018481894,2024/12/11 12:32:19,НатАлья васИЛьЕВа,8(9221) 32-18,2,ИГрУШкА мяЧ,5,1463.99,36.01,PrOCesSiNg,Всё отлично!,2024/12/01,8750570718311455
2030018481894,2024/12/11 12:32:19,НатАлья васИЛьЕВа,8(9221) 32-18,1,Корм ДлЯ СОбАк,4,1861.01,138.99,PROcESSIng,Всё отлично!,2024/12/01,8750570718311455
2030018480614,2024-12-04 09:10:36,ивАН ивАнОВ,+7 9419 13 03,2,ИгРушКА мЯч,5,1492.23,7.77,pRocESsiNg,Всё отлично!,08.12.2024,8448270402152029
2030018480614,2024-12-04 09:10:36,ивАН ивАнОВ,+7 9419 13 03,1,кОРМ длЯ СоБАК,4,1802.42,197.58,proceSsiNG,Всё отлично!,08.12.2024,8448270402152029
2030018480614,2024-12-04 09:10:36,ивАН ивАнОВ,+7 9419 13 03,1,КоРм ДЛЯ СобАк,2,865.21,134.79,PrOCessing,Всё отлично!,08.12.2024,8448270402152029
2030018480614,2024-12-04 09:10:36,ивАН ивАнОВ,+7 9419 13 03,1,Корм ДЛя СобАК,5,2236.16,263.84,prOCeSSIng,Всё отлично!,08.12.2024,8448270402152029
2030018480614,2024-12-04 09:10:36,ивАН ивАнОВ,+7 9419 13 03,5,МОЛоко,5,14205.88,794.12,pROcesSing,Всё отлично!,08.12.2024,8448270402152029
2030018479838,2024/12/24 02:06:27,миХаИЛ оРЛов,+7 9044 54 61,2,игРУШКа МЯч,4,1069.6,130.4,caNCELLED,Всё отлично!,2024-12-29,4685015964530642
2030018479838,2024/12/24 02:06:27,миХаИЛ оРЛов,+7 9044 54 61,1,КОрм длЯ сОбАК,2,934.28,65.72,CAncelLed,Всё отлично!,2024-12-29,4685015964530642
2030018478802,2024-12-06 18:57:49,нАталЬЯ васильева,+7(9566)39-75,4,ПодПИСКА нА ГАзЕтУ,4,2338.7,61.3,PROcessiNG,подарок вовремя,16.12.2024,8943088572027881
2030018478802,2024-12-06 18:57:49,нАталЬЯ васильева,+7(9566)39-75,2,ИГрУшКа Мяч,1,284.99,15.01,PROceSsiNg,подарок вовремя,16.12.2024,8943088572027881
2030018478802,2024-12-06 18:57:49,нАталЬЯ васильева,+7(9566)39-75,3,амУнИцИя для собАк,5,5787.49,212.51,PRocEsSiNG,подарок вовремя,16.12.2024,8943088572027881
2030018478802,2024-12-06 18:57:49,нАталЬЯ васильева,+7(9566)39-75,2,иГрУШкА МяЧ,1,298.56,1.44,pRocESSIng,подарок вовремя,16.12.2024,8943088572027881
2030018477375,06.12.2024 23:08,МАРия петрОВа,+7(9959)83-31,1,корм ДлЯ соБаК,2,806.66,193.34,cOmpLETEd,Проверить наличие,2024-12-19,6668945095797407
2030018477375,06.12.2024 23:08,МАРия петрОВа,+7(9959)83-31,3,амуНИция дЛя Собак,5,5030.75,969.25,cOmPLeted,Проверить наличие,2024-12-19,6668945095797407
2030018477375,06.12.2024 23:08,МАРия петрОВа,+7(9959)83-31,3,АМунИЦия ДлЯ сОБак,5,5105.13,894.87,compLEtED,Проверить наличие,2024-12-19,6668945095797407
2030018477375,06.12.2024 23:08,МАРия петрОВа,+7(9959)83-31,4,ПодпИСкА На газеТУ,1,547.3,52.7,CompLETed,Проверить наличие,2024-12-19,6668945095797407
2030018476174,2024-12-25 07:32:52,натАЛьЯ васиЛЬеВа,+7(9116)94-44,1,КоРМ ДЛЯ соБак,1,495.33,4.67,CoMPleTED,Проверить наличие,23.12.2024,5954338105070531
2030018476174,2024-12-25 07:32:52,натАЛьЯ васиЛЬеВа,+7(9116)94-44,1,кОрМ длЯ сОБАк,1,480.33,19.67,ComPLeTED,Проверить наличие,23.12.2024,5954338105070531
2030018476174,2024-12-25 07:32:52,натАЛьЯ васиЛЬеВа,+7(9116)94-44,5,моЛОко,4,10478.83,1521.17,CoMpLetED,Проверить наличие,23.12.2024,5954338105070531
2030018476174,2024-12-25 07:32:52,натАЛьЯ васиЛЬеВа,+7(9116)94-44,3,АмУНиЦия ДЛя СОбАК,3,3379.1,220.9,ComplETEd,Проверить наличие,23.12.2024,5954338105070531
2030018475966,2024/12/27 03:13:49,миХаИЛ орлОв,+7(9847)67-53,4,ПОдпиСКа На гАЗетУ,3,1595.72,204.28,compLeted,Проверить наличие,15.12.2024,4626518679926230
2030018475966,2024/12/27 03:13:49,миХаИЛ орлОв,+7(9847)67-53,1,кОРм дЛЯ СОБАк,1,462.97,37.03,COmPLeTEd,Проверить наличие,15.12.2024,4626518679926230
2030018475966,2024/12/27 03:13:49,миХаИЛ орлОв,+7(9847)67-53,1,КОрм длЯ СоБАк,3,1202.22,297.78,coMplETED,Проверить наличие,15.12.2024,4626518679926230
2030018475966,2024/12/27 03:13:49,миХаИЛ орлОв,+7(9847)67-53,2,игРушка мЯЧ,3,886.15,13.85,ComplEteD,Проверить наличие,15.12.2024,4626518679926230
2030018474368,2024-12-25 08:23:41,ивАн ивАНОВ,+7 9063 87 88,4,ПоДПИсКа нА ГАзЕту,2,1015.71,184.29,cOMpLetED,Ждём с нетерпением!,23.12.2024,8226721352493138
2030018473703,2024/12/26 00:12:36,ЕлеНА нОВИкОва,+7(9963)49-32,2,иГРушкА мяЧ,1,289.94,10.06,COMplETEd,Проверить наличие,2024/12/15,0461185967176130
2030018473703,2024/12/26 00:12:36,ЕлеНА нОВИкОва,+7(9963)49-32,3,аМуниЦИЯ ДЛя соБак,2,2154.07,245.93,CompletED,Проверить наличие,2024/12/15,0461185967176130
2030018473703,2024/12/26 00:12:36,ЕлеНА нОВИкОва,+7(9963)49-32,5,МОлОКО,1,2936.28,63.72,COmPLetEd,Проверить наличие,2024/12/15,0461185967176130
2030018473703,2024/12/26 00:12:36,ЕлеНА нОВИкОва,+7(9963)49-32,2,ИГРУшкА МяЧ,4,1063.16,136.84,COMPLeteD,Проверить наличие,2024/12/15,0461185967176130
2030018472962,2024-12-20 16:26:28,ОльГа КУзНецОВА,+7(9320)77-37,1,КОРм дЛЯ СОбАК,4,1945.29,54.71,PrOcESsiNg,"Задержка с доставкой, печалька...",2024/12/19,0320177317296340
2030018472962,2024-12-20 16:26:28,ОльГа КУзНецОВА,+7(9320)77-37,4,ПОдПИсКА НА гАзЕту,5,2948.05,51.95,ProcESSinG,"Задержка с доставкой, печалька...",2024/12/19,0320177317296340
2030018472962,2024-12-20 16:26:28,ОльГа КУзНецОВА,+7(9320)77-37,4,пОдпИСКА нА ГазеТу,4,2271.96,128.04,PrOCESSIng,"Задержка с доставкой, печалька...",2024/12/19,0320177317296340
2030018472962,2024-12-20 16:26:28,ОльГа КУзНецОВА,+7(9320)77-37,1,кОрМ дЛЯ соБАк,5,2326.67,173.33,prOCESSInG,"Задержка с доставкой, печалька...",2024/12/19,0320177317296340
2030018472962,2024-12-20 16:26:28,ОльГа КУзНецОВА,+7(9320)77-37,4,ПОДписКА нА гАзеТУ,2,1033.08,166.92,pROCessING,"Задержка с доставкой, печалька...",2024/12/19,0320177317296340
2030018471878,26.12.2024 16:45,мИХАиЛ оРЛов,+7(9996)33-76,1,корм дЛЯ СоБаК,3,1270.79,229.21,CAnCelleD,"Задержка с доставкой, печалька...",2024/12/24,7422870406487955
2030018471878,26.12.2024 16:45,мИХАиЛ оРЛов,+7(9996)33-76,1,КоРм Для СОБаК,1,401.37,98.63,cancELLEd,"Задержка с доставкой, печалька...",2024/12/24,7422870406487955
2030018471878,26.12.2024 16:45,мИХАиЛ оРЛов,+7(9996)33-76,3,АМУНиЦия для соБак,1,1001.43,198.57,CancelLed,"Задержка с доставкой, печалька...",2024/12/24,7422870406487955
2030018471878,26.12.2024 16:45,мИХАиЛ оРЛов,+7(9996)33-76,5,МОЛОко,3,7448.45,1551.55,CaNCeLLED,"Задержка с доставкой, печалька...",2024/12/24,7422870406487955
2030018471878,26.12.2024 16:45,мИХАиЛ оРЛов,+7(9996)33-76,4,подпиСКА НА ГАзЕтУ,5,2944.63,55.37,CANCElLed,"Задержка с доставкой, печалька...",2024/12/24,7422870406487955
2030018470270,30.12.2024 01:27,МиХАиЛ оРЛОв,+7 9346 22 38,3,АмуниЦия длЯ соБАк,5,5004.18,995.82,pRocEssINg,Проверить наличие,08.12.2024,7245804301780753
2030018470270,30.12.2024 01:27,МиХАиЛ оРЛОв,+7 9346 22 38,3,амунИЦИЯ дЛя сОБАК,2,2230.52,169.48,ProceSSiNg,Проверить наличие,08.12.2024,7245804301780753
2030018469639,2024-12-04 07:15:54,МАриЯ ПеТРоВа,8(9893) 77-44,4,ПоДпиСка На гаЗету,3,1670.03,129.97,ProCesSinG,Ждём с нетерпением!,2024-12-13,4260920838102410
2030018469639,2024-12-04 07:15:54,МАриЯ ПеТРоВа,8(9893) 77-44,2,Игрушка Мяч,5,1276.15,223.85,proceSsInG,Ждём с нетерпением!,2024-12-13,4260920838102410
2030018468231,2024-12-08 23:58:09,АнНа СмИРнОВА,+7(9451)12-36,4,ПоДПисКА на гаЗЕТу,4,2085.39,314.61,COmPlEtED,подарок вовремя,2024/12/27,4968441990391231
2030018468231,2024-12-08 23:58:09,АнНа СмИРнОВА,+7(9451)12-36,2,иГрушкА мяч,2,581.5,18.5,ComPlETED,подарок вовремя,2024/12/27,4968441990391231
2030018468231,2024-12-08 23:58:09,АнНа СмИРнОВА,+7(9451)12-36,2,ИгрУШКА мяч,1,269.33,30.67,cOmPLEteD,подарок вовремя,2024/12/27,4968441990391231
2030018468231,2024-12-08 23:58:09,АнНа СмИРнОВА,+7(9451)12-36,5,молоКО,5,13884.85,1115.15,cOmpLETEd,подарок вовремя,2024/12/27,4968441990391231
2030018467979,05.12.2024 17:54,СЕрГей сиДоРОВ,+7 9192 23 56,1,кОРМ ДЛя СобАК,4,1645.19,354.81,prOCeSSing,подарок вовремя,2024/12/23,6684718383669484
2030018467979,05.12.2024 17:54,СЕрГей сиДоРОВ,+7 9192 23 56,2,ИгРушкА мЯЧ,2,484.29,115.71,PRoCessing,подарок вовремя,2024/12/23,6684718383669484
2030018466667,2024-12-16 22:25:30,НатаЛЬЯ вАсИЛьЕва,+7 9738 15 71,2,иГрушка мяЧ,3,828.99,71.01,CancELLed,"Задержка с доставкой, печалька...",2024/12/25,9883237373919162
2030018466667,2024-12-16 22:25:30,НатаЛЬЯ вАсИЛьЕва,+7 9738 15 71,2,Игрушка мЯч,1,284.19,15.81,canCELLED,"Задержка с доставкой, печалька...",2024/12/25,9883237373919162
2030018466667,2024-12-16 22:25:30,НатаЛЬЯ вАсИЛьЕва,+7 9738 15 71,4,ПодпиСкА На гАзЕТу,3,1601.69,198.31,cancELLED,"Задержка с доставкой, печалька...",2024/12/25,9883237373919162
2030018466667,2024-12-16 22:25:30,НатаЛЬЯ вАсИЛьЕва,+7 9738 15 71,1,кОрМ ДЛя сОБаК,4,1938.82,61.18,cANCeLlED,"Задержка с доставкой, печалька...",2024/12/25,9883237373919162
2030018465705,10.12.2024 12:32,миХАИЛ Орлов,+7(9569)24-19,4,поДПиСкА НА гАЗетУ,4,2026.33,373.67,COmpleted,спасибо за заказ,18.12.2024,0616190584025219
2030018465705,10.12.2024 12:32,миХАИЛ Орлов,+7(9569)24-19,3,АМуНИЦИЯ дЛя сОБАК,4,4521.44,278.56,cOmPLeteD,спасибо за заказ,18.12.2024,0616190584025219
2030018465705,10.12.2024 12:32,миХАИЛ Орлов,+7(9569)24-19,3,АМУнИЦия дЛЯ СОбАк,5,5189.18,810.82,CoMpleted,спасибо за заказ,18.12.2024,0616190584025219
2030018465705,10.12.2024 12:32,миХАИЛ Орлов,+7(9569)24-19,4,ПОдПИСкА НА ГазЕту,2,1064.68,135.32,coMPLeted,спасибо за заказ,18.12.2024,0616190584025219
2030018465705,10.12.2024 12:32,миХАИЛ Орлов,+7(9569)24-19,5,МолОКО,5,13563.71,1436.29,cOmPLETed,спасибо за заказ,18.12.2024,0616190584025219
2030018464980,2024-12-10 10:38:21,маРИЯ ПЕТРОВа,8(9002) 41-01,3,аМуНиЦИя ДлЯ СоБаК,1,1022.03,177.97,CAnCelLeD,Всё отлично!,01.12.2024,9770583316450007
2030018464980,2024-12-10 10:38:21,маРИЯ ПЕТРОВа,8(9002) 41-01,2,ИгРуШКА мяЧ,1,247.69,52.31,CaNCElLeD,Всё отлично!,01.12.2024,9770583316450007
2030018464980,2024-12-10 10:38:21,маРИЯ ПЕТРОВа,8(9002) 41-01,4,поДпИска на ГаЗЕТу,2,991.38,208.62,cancelLEd,Всё отлично!,01.12.2024,9770583316450007
2030018464980,2024-12-10 10:38:21,маРИЯ ПЕТРОВа,8(9002) 41-01,5,МолОкО,4,10927.11,1072.89,CancEllEd,Всё отлично!,01.12.2024,9770583316450007
2030018463937,2024-12-14 02:07:39,сЕрГей сиДОрОв,+7 9071 68 83,3,АмУНиЦИЯ Для соБАК,1,1190.63,9.37,cOMPlETeD,Проверить наличие,2024/12/10,9258750028475345
2030018462681,15.12.2024 15:05,МИхАил ОРЛоВ,+7(9019)30-40,1,кОРМ дЛя сОБаК,2,873.71,126.29,COmpLEteD,подарок вовремя,2024-12-09,5481200798936829
2030018462681,15.12.2024 15:05,МИхАил ОРЛоВ,+7(9019)30-40,2,ИгруШКА МЯч,1,279.73,20.27,ComPLetED,подарок вовремя,2024-12-09,5481200798936829
2030018462681,15.12.2024 15:05,МИхАил ОРЛоВ,+7(9019)30-40,5,МОЛокО,1,2898.16,101.84,cOMPleTEd,подарок вовремя,2024-12-09,5481200798936829
2030018462681,15.12.2024 15:05,МИхАил ОРЛоВ,+7(9019)30-40,1,КОрм дЛя СОбАк,4,1992.55,7.45,CoMPLetED,подарок вовремя,2024-12-09,5481200798936829
2030018461463,08.12.2024 10:01,МИХАил оРЛов,+7(9925)10-00,3,АМунИЦия длЯ СОбаК,2,2171.01,228.99,cOmPLeted,Нужно уточнить сроки,2024-12-10,6230109400648419
2030018461463,08.12.2024 10:01,МИХАил оРЛов,+7(9925)10-00,2,ИгРУшка мЯч,1,267.65,32.35,ComPlETed,Нужно уточнить сроки,2024-12-10,6230109400648419
2030018460146,17.12.2024 07:17,НаТальЯ ваСиЛьЕВА,8(9604) 75-53,2,игрУшкА мЯч,4,992.93,207.07,cOMPLEtED,Нужно уточнить сроки,06.12.2024,9281502681521800
2030018460146,17.12.2024 07:17,НаТальЯ ваСиЛьЕВА,8(9604) 75-53,4,ПодПиСКА На гаЗету,2,1017.38,182.62,COmPlEtED,Нужно уточнить сроки,06.12.2024,9281502681521800
2030018460146,17.12.2024 07:17,НаТальЯ ваСиЛьЕВА,8(9604) 75-53,3,АМУнИцИя дЛЯ СоБаК,5,5248.5,751.5,cOmplEtED,Нужно уточнить сроки,06.12.2024,9281502681521800
2030018460146,17.12.2024 07:17,НаТальЯ ваСиЛьЕВА,8(9604) 75-53,1,КорМ ДлЯ СоБАк,1,465.05,34.95,cOmpletEd,Нужно уточнить сроки,06.12.2024,9281502681521800
2030018459505,2024-12-19 14:20:52,МарИЯ ПетроВа,+7(9084)09-53,1,кОрМ ДЛЯ СобаК,4,1642.66,357.34,pROCEssinG,Проверить наличие,2024-12-11,0294104430555799
2030018459505,2024-12-19 14:20:52,МарИЯ ПетроВа,+7(9084)09-53,4,ПОДпиСКА НА гАЗЕТу,3,1777.8,22.2,pRocesSIng,Проверить наличие,2024-12-11,0294104430555799
2030018459505,2024-12-19 14:20:52,МарИЯ ПетроВа,+7(9084)09-53,4,ПоДпиСка На гАзЕТу,3,1792.83,7.17,pRocessing,Проверить наличие,2024-12-11,0294104430555799
2030018459505,2024-12-19 14:20:52,МарИЯ ПетроВа,+7(9084)09-53,1,КоРМ ДЛя СоБАК,2,811.43,188.57,procesSiNg,Проверить наличие,2024-12-11,0294104430555799
2030018458841,2024/12/11 00:26:06,ОльгА кУзнЕЦова,+7(9763)60-67,3,АмУнИЦия Для сОбАК,2,2183.97,216.03,cancElLED,Всё отлично!,2024-12-10,8906855480221714
2030018458841,2024/12/11 00:26:06,ОльгА кУзнЕЦова,+7(9763)60-67,5,моЛОко,2,5704.28,295.72,CANcELled,Всё отлично!,2024-12-10,8906855480221714
2030018458841,2024/12/11 00:26:06,ОльгА кУзнЕЦова,+7(9763)60-67,3,аМУНицИя ДЛя СобАК,1,987.04,212.96,CANcElLED,Всё отлично!,2024-12-10,8906855480221714
2030018458841,2024/12/11 00:26:06,ОльгА кУзнЕЦова,+7(9763)60-67,2,ИГруШкА мяЧ,5,1332.42,167.58,CANcelled,Всё отлично!,2024-12-10,8906855480221714
2030018457174,2024/12/28 08:35:44,еЛЕна НоВИКоВА,8(9803) 27-24,2,ИгРУшКА МяЧ,4,1027.82,172.18,complETEd,Проверить наличие,2024/12/30,0826570761220765
2030018457174,2024/12/28 08:35:44,еЛЕна НоВИКоВА,8(9803) 27-24,2,игРУшКА МЯч,1,279.49,20.51,COmPletEd,Проверить наличие,2024/12/30,0826570761220765
2030018457174,2024/12/28 08:35:44,еЛЕна НоВИКоВА,8(9803) 27-24,5,МолокО,4,11421.56,578.44,cOmPLETEd,Проверить наличие,2024/12/30,0826570761220765
2030018457174,2024/12/28 08:35:44,еЛЕна НоВИКоВА,8(9803) 27-24,4,поДПисКА НА гАЗЕту,2,1183.43,16.57,coMpLEtED,Проверить наличие,2024/12/30,0826570761220765
2030018456410,2024/12/22 09:45:40,алекСЕй михаЙлоВ,+7 9898 05 42,5,мОлоКО,2,5295.58,704.42,PrOcEsSIng,Нужно уточнить сроки,05.12.2024,6311961418919599
2030018456410,2024/12/22 09:45:40,алекСЕй михаЙлоВ,+7 9898 05 42,2,ИгРушКа МЯч,5,1398.78,101.22,ProceSsiNg,Нужно уточнить сроки,05.12.2024,6311961418919599
2030018456410,2024/12/22 09:45:40,алекСЕй михаЙлоВ,+7 9898 05 42,3,АМУНИЦИЯ ДлЯ СОбАК,1,974.26,225.74,pROCEssIng,Нужно уточнить сроки,05.12.2024,6311961418919599
2030018456410,2024/12/22 09:45:40,алекСЕй михаЙлоВ,+7 9898 05 42,1,кОРм длЯ СОБаК,5,2374.3,125.7,ProcESSING,Нужно уточнить сроки,05.12.2024,6311961418919599
2030018455117,2024/12/25 11:27:29,нАТаЛья ВАсиЛЬева,8(9879) 49-66,4,подпИСКа НА гАЗеТу,5,2861.5,138.5,CanCELlEd,Проверить наличие,2024-12-20,7010442352369991
2030018455117,2024/12/25 11:27:29,нАТаЛья ВАсиЛЬева,8(9879) 49-66,1,корМ ДЛЯ собАк,4,1828.94,171.06,cAnCeLLed,Проверить наличие,2024-12-20,7010442352369991
2030018455117,2024/12/25 11:27:29,нАТаЛья ВАсиЛЬева,8(9879) 49-66,3,амУнИЦия длЯ СоБАК,5,5446.79,553.21,canceLlED,Проверить наличие,2024-12-20,7010442352369991
2030018454952,05.12.2024 02:43,МИхАИл оРлов,8(9637) 04-90,1,коРм дЛЯ сОбАк,5,2107.35,392.65,CoMPLETed,спасибо за заказ,21.12.2024,6118498824616390
2030018454952,05.12.2024 02:43,МИхАИл оРлов,8(9637) 04-90,1,КорМ Для СОБаК,1,494.14,5.86,completED,спасибо за заказ,21.12.2024,6118498824616390
2030018453435,2024/12/18 11:39:19,НатАЛья васИльева,8(9297) 84-85,4,пОДпИСкА нА ГаЗеТУ,5,2532.48,467.52,coMplETeD,Всё отлично!,2024/12/17,2276316023016954
2030018453435,2024/12/18 11:39:19,НатАЛья васИльева,8(9297) 84-85,5,МолОко,3,8772.26,227.74,coMPLeTED,Всё отлично!,2024/12/17,2276316023016954
2030018453435,2024/12/18 11:39:19,НатАЛья васИльева,8(9297) 84-85,4,ПОДпИСка НА гаЗетУ,5,2742.05,257.95,cOMpLeTed,Всё отлично!,2024/12/17,2276316023016954
2030018452352,02.12.2024 04:36,АлеКсей мИхАЙлОВ,8(9376) 11-47,4,пОдПиска НА ГаЗеТУ,3,1516.46,283.54,proCESsIng,подарок вовремя,2024-12-18,4584987053689586
2030018452352,02.12.2024 04:36,АлеКсей мИхАЙлОВ,8(9376) 11-47,2,игрушКА МЯч,2,499.35,100.65,pROCesSiNG,подарок вовремя,2024-12-18,4584987053689586
2030018452352,02.12.2024 04:36,АлеКсей мИхАЙлОВ,8(9376) 11-47,1,кОрм ДЛЯ СоБАк,4,1761.53,238.47,ProCEsSIng,подарок вовремя,2024-12-18,4584987053689586
2030018452352,02.12.2024 04:36,АлеКсей мИхАЙлОВ,8(9376) 11-47,1,КорМ ДЛя собАК,3,1496.93,3.07,prOCeSSINg,подарок вовремя,2024-12-18,4584987053689586
2030018451181,2024-12-19 21:41:47,анНа СМИРНОВа,+7 9075 25 29,2,иГРУшкА МяЧ,4,979.38,220.62,cOmPLEted,Проверить наличие,24.12.2024,8234478432875708
2030018451181,2024-12-19 21:41:47,анНа СМИРНОВа,+7 9075 25 29,1,КОрМ ДЛя СобАК,5,2291.62,208.38,COmpleTed,Проверить наличие,24.12.2024,8234478432875708
2030018451181,2024-12-19 21:41:47,анНа СМИРНОВа,+7 9075 25 29,4,ПодПискА На гАзетУ,3,1705.5,94.5,ComPLEteD,Проверить наличие,24.12.2024,8234478432875708
2030018450522,25.12.2024 04:58,АлеКсей МИХаЙлОв,8(9511) 56-17,4,ПОдПИСКА на гАзЕтУ,3,1741.39,58.61,PrOcESSing,Ждём с нетерпением!,18.12.2024,8008345871746294
2030018450522,25.12.2024 04:58,АлеКсей МИХаЙлОв,8(9511) 56-17,1,КоРМ ДЛЯ СобаК,3,1449.06,50.94,pROcEsSInG,Ждём с нетерпением!,18.12.2024,8008345871746294
2030018450522,25.12.2024 04:58,АлеКсей МИХаЙлОв,8(9511) 56-17,4,ПОДПиСкА На гаЗЕтУ,4,2329.29,70.71,proceSSINg,Ждём с нетерпением!,18.12.2024,8008345871746294
2030018450522,25.12.2024 04:58,АлеКсей МИХаЙлОв,8(9511) 56-17,2,игРУшКа мяЧ,5,1480.5,19.5,PROCEssinG,Ждём с нетерпением!,18.12.2024,8008345871746294
2030018449431,14.12.2024 08:38,АННА СМИРнОва,+7 9402 99 49,4,подпиСкА На ГаЗЕТУ,2,993.85,206.15,coMPLetEd,подарок вовремя,2024/12/30,5358204134749042
2030018449431,14.12.2024 08:38,АННА СМИРнОва,+7 9402 99 49,2,игРуШКА Мяч,1,284.43,15.57,COmPletEd,подарок вовремя,2024/12/30,5358204134749042
2030018449431,14.12.2024 08:38,АННА СМИРнОва,+7 9402 99 49,2,игРуШКА мЯч,4,1045.43,154.57,coMpLeTEd,подарок вовремя,2024/12/30,5358204134749042
2030018448272,24.12.2024 07:52,АнНа СмИРнОВа,8(9317) 16-03,3,АМУНИЦия Для соБАК,5,4886.5,1113.5,CANCeLLeD,Ждём с нетерпением!,2024/12/11,3311562663651948
2030018448272,24.12.2024 07:52,АнНа СмИРнОВа,8(9317) 16-03,2,ИгРУшка мяч,4,1012.38,187.62,caNCEllEd,Ждём с нетерпением!,2024/12/11,3311562663651948
2030018448272,24.12.2024 07:52,АнНа СмИРнОВа,8(9317) 16-03,5,МОЛОКО,3,8929.88,70.12,CanCELLED,Ждём с нетерпением!,2024/12/11,3311562663651948
2030018447132,19.12.2024 19:26,МиХаИл ОРЛОВ,+7 9781 60 50,1,КоРМ дЛЯ СоБАк,5,2306.6,193.4,CompLETeD,Проверить наличие,11.12.2024,3311675777419122
2030018446788,07.12.2024 03:10,иВАН ИванОв,8(9253) 57-02,3,амуНИЦия длЯ СОбАк,3,3342.19,257.81,CANCeLled,подарок вовремя,2024-12-25,5449241084017808
2030018446788,07.12.2024 03:10,иВАН ИванОв,8(9253) 57-02,1,кОРМ ДлЯ сОбак,4,1921.03,78.97,cAncELlED,подарок вовремя,2024-12-25,5449241084017808
2030018446788,07.12.2024 03:10,иВАН ИванОв,8(9253) 57-02,5,мОЛОко,2,5167.23,832.77,CANCeLLED,подарок вовремя,2024-12-25,5449241084017808
2030018445542,16.12.2024 04:50,МИхАиЛ ОРЛоВ,+7(9974)34-23,1,коРМ дЛя соБаК,2,887.55,112.45,CANcEllEd,Всё отлично!,2024/12/29,4671718374803512
2030018445542,16.12.2024 04:50,МИхАиЛ ОРЛоВ,+7(9974)34-23,3,аМУНицИя Для собАК,1,1161.63,38.37,cANCellEd,Всё отлично!,2024/12/29,4671718374803512
2030018444368,28.12.2024 03:45,анНА СМиРНоВА,+7(9161)95-16,1,КОрм ДЛЯ сОбаК,1,484.84,15.16,cANcElLed,Ждём с нетерпением!,18.12.2024,1886019714008541
2030018444368,28.12.2024 03:45,анНА СМиРНоВА,+7(9161)95-16,5,молоКО,3,8520.94,479.06,canCELlEd,Ждём с нетерпением!,18.12.2024,1886019714008541
2030018444368,28.12.2024 03:45,анНА СМиРНоВА,+7(9161)95-16,5,мОлОко,5,13008.71,1991.29,CAnCeLlEd,Ждём с нетерпением!,18.12.2024,1886019714008541
2030018444368,28.12.2024 03:45,анНА СМиРНоВА,+7(9161)95-16,2,игРУшкА МяЧ,2,567.63,32.37,canCElLEd,Ждём с нетерпением!,18.12.2024,1886019714008541
2030018444368,28.12.2024 03:45,анНА СМиРНоВА,+7(9161)95-16,2,иГРУШКа мЯч,2,566.49,33.51,CaNCEllED,Ждём с нетерпением!,18.12.2024,1886019714008541
2030018443187,26.12.2024 22:23,аННа смиРнова,+7(9165)22-54,5,МолоКо,1,2722.31,277.69,ProCeSSIng,Ждём с нетерпением!,07.12.2024,0760763529409273
2030018443187,26.12.2024 22:23,аННа смиРнова,+7(9165)22-54,2,игрУшкА МяЧ,2,506.16,93.84,pRoceSsing,Ждём с нетерпением!,07.12.2024,0760763529409273
2030018443187,26.12.2024 22:23,аННа смиРнова,+7(9165)22-54,2,игрушКА мяч,1,257.36,42.64,prOCeSsing,Ждём с нетерпением!,07.12.2024,0760763529409273
2030018442920,2024/12/29 16:15:58,еЛеНа нОВИКОвА,+7(9578)99-18,4,поДписКА нА гАЗЕтУ,4,2218.36,181.64,CANCellED,Проверить наличие,2024/12/06,8571157613882084
2030018442920,2024/12/29 16:15:58,еЛеНа нОВИКОвА,+7(9578)99-18,5,МОЛоко,3,8725.54,274.46,cancelled,Проверить наличие,2024/12/06,8571157613882084
2030018442920,2024/12/29 16:15:58,еЛеНа нОВИКОвА,+7(9578)99-18,4,ПоДПиСКа На ГазеТу,1,541.94,58.06,CanCeLlEd,Проверить наличие,2024/12/06,8571157613882084
2030018441622,2024/12/21 18:43:29,мАРия ПетРОВа,+7(9506)84-01,4,ПодписКА на газЕТу,5,2929.18,70.82,cAncelLEd,"Задержка с доставкой, печалька...",2024-12-23,3966170292881958
2030018441622,2024/12/21 18:43:29,мАРия ПетРОВа,+7(9506)84-01,3,АмуНицИя длЯ СОбак,3,3075.12,524.88,CAnCELlEd,"Задержка с доставкой, печалька...",2024-12-23,3966170292881958
2030018441622,2024/12/21 18:43:29,мАРия ПетРОВа,+7(9506)84-01,4,ПОДписКА нА гАзЕтУ,3,1607.42,192.58,CancelleD,"Задержка с доставкой, печалька...",2024-12-23,3966170292881958
2030018441622,2024/12/21 18:43:29,мАРия ПетРОВа,+7(9506)84-01,5,МОЛОКо,4,10478.7,1521.3,CAncELlED,"Задержка с доставкой, печалька...",2024-12-23,3966170292881958
2030018440622,28.12.2024 11:36,алЕКСеЙ МихАЙЛОВ,+7 9650 87 18,1,корм дЛя сОБаК,5,2204.48,295.52,comPlETed,"Задержка с доставкой, печалька...",26.12.2024,7948247676199250
2030018440622,28.12.2024 11:36,алЕКСеЙ МихАЙЛОВ,+7 9650 87 18,4,подпискА на гаЗЕТУ,1,585.42,14.58,cOmPleted,"Задержка с доставкой, печалька...",26.12.2024,7948247676199250
2030018439599,05.12.2024 23:23,марИя пЕтРОВа,+7 9528 68 48,3,АМУНиЦИя для сОБак,1,1157.99,42.01,prOCESSIng,Проверить наличие,2024/12/12,4724991823941520
2030018439599,05.12.2024 23:23,марИя пЕтРОВа,+7 9528 68 48,5,молоКо,1,2533.65,466.35,PRocesSINg,Проверить наличие,2024/12/12,4724991823941520
2030018439599,05.12.2024 23:23,марИя пЕтРОВа,+7 9528 68 48,1,кОРм дЛЯ соБак,5,2017.48,482.52,proCeSsING,Проверить наличие,2024/12/12,4724991823941520
2030018438354,2024-12-31 09:31:54,АнНа СмиРНОва,8(9091) 85-06,2,ИГрУшКа МяЧ,1,249.77,50.23,cAnCellED,Всё отлично!,2024-12-17,4515089799737391
2030018438354,2024-12-31 09:31:54,АнНа СмиРНОва,8(9091) 85-06,2,ИГРУшкА МЯч,4,1143.68,56.32,CaNcelled,Всё отлично!,2024-12-17,4515089799737391
2030018437682,28.12.2024 00:55,НАТальЯ вАСиЛЬевА,8(9010) 40-23,4,поДписка на газетУ,4,2021.49,378.51,cANCELled,Нужно уточнить сроки,2024/12/13,8028915438731357
2030018437682,28.12.2024 00:55,НАТальЯ вАСиЛЬевА,8(9010) 40-23,5,молоко,2,5940.64,59.36,caNCellED,Нужно уточнить сроки,2024/12/13,8028915438731357
2030018437682,28.12.2024 00:55,НАТальЯ вАСиЛЬевА,8(9010) 40-23,3,амуНИЦИЯ ДЛя собАК,4,3916.06,883.94,CANcEllED,Нужно уточнить сроки,2024/12/13,8028915438731357
2030018436292,23.12.2024 22:08,иВаН ИваНОв,+7(9451)17-58,1,КоРМ длЯ СОбАк,5,2327.43,172.57,PRocESsInG,спасибо за заказ,2024-12-12,4193609750593113
2030018436292,23.12.2024 22:08,иВаН ИваНОв,+7(9451)17-58,3,аМуниЦия Для СоБАк,1,1049.02,150.98,pROCeSsINg,спасибо за заказ,2024-12-12,4193609750593113
2030018436292,23.12.2024 22:08,иВаН ИваНОв,+7(9451)17-58,5,мОЛОкО,2,5433.18,566.82,pRocESsiNG,спасибо за заказ,2024-12-12,4193609750593113
2030018435888,2024-12-13 20:39:08,дмИТРИй КуЗнецов,+7 9922 22 33,2,ИгрУшка МЯЧ,2,569.57,30.43,proceSsing,подарок вовремя,2024-12-05,3975869709807967
2030018434994,20.12.2024 05:06,еЛЕНА нОвИКовА,8(9775) 39-98,4,пОДПискА НА гАЗЕТу,5,2638.04,361.96,cAnCelled,Нужно уточнить сроки,2024/12/10,0963223471464211
2030018434994,20.12.2024 05:06,еЛЕНА нОвИКовА,8(9775) 39-98,2,игрушкА мЯч,3,812.01,87.99,CANCelLEd,Нужно уточнить сроки,2024/12/10,0963223471464211
2030018434994,20.12.2024 05:06,еЛЕНА нОвИКовА,8(9775) 39-98,2,игрушкА Мяч,5,1350.89,149.11,caNcELlEd,Нужно уточнить сроки,2024/12/10,0963223471464211
2030018434994,20.12.2024 05:06,еЛЕНА нОвИКовА,8(9775) 39-98,5,МолокО,5,13970.25,1029.75,CanCEllEd,Нужно уточнить сроки,2024/12/10,0963223471464211
2030018433922,19.12.2024 19:33,ИВАн иВаноВ,+7(9620)70-19,1,коРМ дЛя сОБак,5,2395.28,104.72,proCeSSing,Нужно уточнить сроки,2024-12-27,2645868589891382
2030018433922,19.12.2024 19:33,ИВАн иВаноВ,+7(9620)70-19,3,АМУнИцИЯ для СОбак,2,1989.35,410.65,prOCEsSIng,Нужно уточнить сроки,2024-12-27,2645868589891382
2030018433922,19.12.2024 19:33,ИВАн иВаноВ,+7(9620)70-19,1,КОрМ длЯ соБАК,5,2086.79,413.21,prOceSsiNG,Нужно уточнить сроки,2024-12-27,2645868589891382
2030018433922,19.12.2024 19:33,ИВАн иВаноВ,+7(9620)70-19,1,кОРм дЛя собАК,1,439.82,60.18,PROCEssiNG,Нужно уточнить сроки,2024-12-27,2645868589891382
2030018433922,19.12.2024 19:33,ИВАн иВаноВ,+7(9620)70-19,3,амуниЦиЯ для сОбАк,5,5529.19,470.81,PRocESsInG,Нужно уточнить сроки,2024-12-27,2645868589891382
2030018432403,2024-12-17 03:16:16,Ольга кУЗнЕЦоВа,+7 9290 73 33,3,АмУНициЯ дЛЯ сОБак,5,5223.57,776.43,COmPLEtEd,спасибо за заказ,2024-12-27,8663368475927157
2030018432403,2024-12-17 03:16:16,Ольга кУЗнЕЦоВа,+7 9290 73 33,2,ИГруШка МяЧ,2,590.58,9.42,COmPLeteD,спасибо за заказ,2024-12-27,8663368475927157
2030018432403,2024-12-17 03:16:16,Ольга кУЗнЕЦоВа,+7 9290 73 33,3,амуНиЦИЯ ДлЯ собАк,1,1173.12,26.88,comPLETed,спасибо за заказ,2024-12-27,8663368475927157
2030016639417,11.12.2024 16:34,ИваН ИванОв,8(9813) 12-98,3,АмуНиЦИя длЯ соБаК,1,965.65,234.35,cANcELLEd,Ждём с нетерпением!,2024/12/07,3852250880629486
2030016639417,11.12.2024 16:34,ИваН ИванОв,8(9813) 12-98,3,АмУНиЦиЯ длЯ сОбаК,5,5152.25,847.75,caNceLled,Ждём с нетерпением!,2024/12/07,3852250880629486
2030016639417,11.12.2024 16:34,ИваН ИванОв,8(9813) 12-98,1,кОрМ Для СОБАк,5,2318.07,181.93,CaNCElled,Ждём с нетерпением!,2024/12/07,3852250880629486
2030016639417,11.12.2024 16:34,ИваН ИванОв,8(9813) 12-98,1,кОрМ ДлЯ соБАК,1,437.76,62.24,CanceLled,Ждём с нетерпением!,2024/12/07,3852250880629486
2030016638791,2024-12-31 06:47:11,МАРИЯ пЕтровА,8(9718) 58-91,5,МОлокО,1,2916.51,83.49,pRoceSsING,Проверить наличие,2024/12/31,0176452064845027
2030016637723,26.12.2024 17:01,еЛЕНА ноВикОВа,8(9018) 33-01,5,мОлоко,3,8249.32,750.68,caNCelLEd,Всё отлично!,2024-12-07,6221360216277374
2030016637723,26.12.2024 17:01,еЛЕНА ноВикОВа,8(9018) 33-01,2,иГруШка мяЧ,2,503.23,96.77,canCelLEd,Всё отлично!,2024-12-07,6221360216277374
2030016637723,26.12.2024 17:01,еЛЕНА ноВикОВа,8(9018) 33-01,1,коРм ДЛЯ собаК,2,897.38,102.62,caNceLLEd,Всё отлично!,2024-12-07,6221360216277374
2030016637723,26.12.2024 17:01,еЛЕНА ноВикОВа,8(9018) 33-01,1,КоРМ дЛя СоБАК,4,1643.41,356.59,CAnCElleD,Всё отлично!,2024-12-07,6221360216277374
2030016637723,26.12.2024 17:01,еЛЕНА ноВикОВа,8(9018) 33-01,4,ПОдпИскА нА гаЗЕТУ,5,2412.04,587.96,cAncElLeD,Всё отлично!,2024-12-07,6221360216277374
2030016636561,2024-12-08 14:20:43,оЛЬГА КуЗНеЦОвА,+7(9375)73-64,3,амуНиЦия ДлЯ соБАК,1,1148.5,51.5,proceSsING,Нужно уточнить сроки,2024-12-27,1382294601762681
2030016636561,2024-12-08 14:20:43,оЛЬГА КуЗНеЦОвА,+7(9375)73-64,3,амУницИЯ ДлЯ СобаК,2,2203.45,196.55,pRoceSSiNg,Нужно уточнить сроки,2024-12-27,1382294601762681
2030016636561,2024-12-08 14:20:43,оЛЬГА КуЗНеЦОвА,+7(9375)73-64,3,АМуниЦия дЛя сОБаК,2,2290.8,109.2,prOCESsing,Нужно уточнить сроки,2024-12-27,1382294601762681
2030016636561,2024-12-08 14:20:43,оЛЬГА КуЗНеЦОвА,+7(9375)73-64,2,ИГРушКА МЯч,4,1100.62,99.38,pRoCEssINg,Нужно уточнить сроки,2024-12-27,1382294601762681
2030016636561,2024-12-08 14:20:43,оЛЬГА КуЗНеЦОвА,+7(9375)73-64,1,КОрМ длЯ СОБаК,1,490.04,9.96,pRoceSsing,Нужно уточнить сроки,2024-12-27,1382294601762681
2030016635475,13.12.2024 10:18,елЕнА НОВикоВа,+7(9528)16-33,3,АмуНиЦия Для СОБаК,4,3956.25,843.75,PrOcESSIng,подарок вовремя,2024-12-03,4013274389992438
2030016634767,2024/12/26 12:07:53,аЛекСЕй мИХАйЛов,+7(9361)64-37,3,АМуНиЦИЯ для соБаК,3,3270.06,329.94,cOmPLetEd,Ждём с нетерпением!,2024/12/17,2526638168881998
2030016634767,2024/12/26 12:07:53,аЛекСЕй мИХАйЛов,+7(9361)64-37,4,ПОдписКА НА ГАзЕту,1,596.55,3.45,compLeTed,Ждём с нетерпением!,2024/12/17,2526638168881998
2030016634767,2024/12/26 12:07:53,аЛекСЕй мИХАйЛов,+7(9361)64-37,4,ПОдпиСКа НА гАзеТУ,3,1567.24,232.76,cOMplETEd,Ждём с нетерпением!,2024/12/17,2526638168881998
2030016634767,2024/12/26 12:07:53,аЛекСЕй мИХАйЛов,+7(9361)64-37,4,ПОдПИСКА НА газету,4,2086.07,313.93,COMplETEd,Ждём с нетерпением!,2024/12/17,2526638168881998
2030016633542,19.12.2024 04:23,мИхаил орлоВ,8(9761) 57-06,1,КОрМ ДЛя собАК,3,1349.82,150.18,cAncelled,подарок вовремя,2024/12/25,4887753485301340
2030016633542,19.12.2024 04:23,мИхаил орлоВ,8(9761) 57-06,3,амУНИцИЯ Для СоБАк,1,1120.82,79.18,CAncElLED,подарок вовремя,2024/12/25,4887753485301340
2030016633542,19.12.2024 04:23,мИхаил орлоВ,8(9761) 57-06,1,Корм дЛЯ собак,2,955.37,44.63,CaNCELlED,подарок вовремя,2024/12/25,4887753485301340
2030016632177,2024/12/23 12:38:47,МарИя ПЕтРОВА,8(9554) 32-59,2,ИгРУШКа мяЧ,1,293.33,6.67,ProceSsing,спасибо за заказ,31.12.2024,0100290804901572
2030016632177,2024/12/23 12:38:47,МарИя ПЕтРОВА,8(9554) 32-59,5,МоЛокО,4,9991.96,2008.04,pRoCeSSING,спасибо за заказ,31.12.2024,0100290804901572
2030016631212,17.12.2024 04:40,ивАн иВанОВ,+7(9063)87-78,4,ПодпИска на гАЗЕтУ,1,588.64,11.36,pROCEssinG,подарок вовремя,20.12.2024,1604742969091668
2030016631212,17.12.2024 04:40,ивАн иВанОВ,+7(9063)87-78,5,МолОкО,1,2521.17,478.83,prOCESSING,подарок вовремя,20.12.2024,1604742969091668
2030016631212,17.12.2024 04:40,ивАн иВанОВ,+7(9063)87-78,5,моЛокО,3,8692.12,307.88,PrOCeSsinG,подарок вовремя,20.12.2024,1604742969091668
2030016630821,12.12.2024 17:28,АННА смИРновА,+7 9691 24 18,3,аМУНиция ДЛя СобАк,2,2209.69,190.31,CoMPleTed,подарок вовремя,2024/12/09,8788567317026335
2030016629498,30.12.2024 07:18,ивАн иВанОВ,+7(9138)22-01,1,кОрМ ДЛя сОбаК,1,494.17,5.83,CaNceLleD,"Задержка с доставкой, печалька...",2024/12/18,4988351171432480
2030016629498,30.12.2024 07:18,ивАн иВанОВ,+7(9138)22-01,1,корМ дЛя собАК,2,803.62,196.38,CAncELled,"Задержка с доставкой, печалька...",2024/12/18,4988351171432480
2030016628516,2024/12/01 18:00:05,аНна СмИрНОВА,+7 9089 12 32,5,мОлОко,2,5342.31,657.69,canceLLeD,Всё отлично!,13.12.2024,7730258490821664
2030016627892,2024/12/14 15:06:43,НатАЛьЯ вАСильева,8(9823) 85-63,2,иГрУшКа Мяч,1,268.34,31.66,PRoCESsinG,Проверить наличие,2024/12/15,7398631589860197
2030016627892,2024/12/14 15:06:43,НатАЛьЯ вАСильева,8(9823) 85-63,2,ИГРУшкА МЯЧ,2,533.06,66.94,PrOCESsIng,Проверить наличие,2024/12/15,7398631589860197
2030016627892,2024/12/14 15:06:43,НатАЛьЯ вАСильева,8(9823) 85-63,3,АМуниЦИЯ ДЛя СобАК,5,5221.61,778.39,PRoCEssIng,Проверить наличие,2024/12/15,7398631589860197
2030016626231,2024-12-09 18:19:24,НатальЯ вАсИЛьевА,8(9313) 83-19,1,кОРМ дЛЯ СОБаК,5,2061.69,438.31,PROcesSINg,Всё отлично!,2024-12-03,7599242318312396
2030016625558,2024-12-02 14:12:18,мИХАиЛ оРлОв,+7 9873 29 55,3,АМуНИЦИя ДлЯ СОбак,5,5265.04,734.96,COMPLeTed,Ждём с нетерпением!,21.12.2024,6815733236212652
2030016625558,2024-12-02 14:12:18,мИХАиЛ оРлОв,+7 9873 29 55,1,КоРм длЯ СОбАк,1,424.3,75.7,ComPLeted,Ждём с нетерпением!,21.12.2024,6815733236212652
2030016624397,15.12.2024 22:40,наТАлья ВаСИльЕва,+7 9775 04 76,5,МоЛоКо,2,5317.97,682.03,CancelLED,спасибо за заказ,2024-12-04,2890746249672282
2030016624397,15.12.2024 22:40,наТАлья ВаСИльЕва,+7 9775 04 76,1,КоРм длЯ сОбАК,4,1637.38,362.62,CAncELlEd,спасибо за заказ,2024-12-04,2890746249672282
2030016624397,15.12.2024 22:40,наТАлья ВаСИльЕва,+7 9775 04 76,2,ИгрУшКа мЯЧ,3,805.82,94.18,cAnCELLed,спасибо за заказ,2024-12-04,2890746249672282
2030016624397,15.12.2024 22:40,наТАлья ВаСИльЕва,+7 9775 04 76,2,иГРушкА мяЧ,5,1454.07,45.93,CAnCELLeD,спасибо за заказ,2024-12-04,2890746249672282
2030016624397,15.12.2024 22:40,наТАлья ВаСИльЕва,+7 9775 04 76,1,КоРм длЯ собак,4,1654.64,345.36,cANcELLeD,спасибо за заказ,2024-12-04,2890746249672282
2030016623949,18.12.2024 09:45,МАРИЯ пеТРоВа,+7 9504 47 16,3,АМУНиЦиЯ дЛя соБаК,2,1929.14,470.86,CoMPlEtED,Проверить наличие,2024/12/13,4981056128904375
2030016623949,18.12.2024 09:45,МАРИЯ пеТРоВа,+7 9504 47 16,2,ИгРУШкА МЯЧ,1,250.71,49.29,COmPlETed,Проверить наличие,2024/12/13,4981056128904375
2030016622762,13.12.2024 05:17,олЬГа КУЗнеЦОвА,+7(9799)11-28,1,кОрм ДЛЯ СОбак,3,1340.49,159.51,CAnCELlED,Проверить наличие,2024/12/17,8618141620548346
2030016622762,13.12.2024 05:17,олЬГа КУЗнеЦОвА,+7(9799)11-28,2,иГРушка мяч,4,1042.06,157.94,caNceLlED,Проверить наличие,2024/12/17,8618141620548346
2030016622762,13.12.2024 05:17,олЬГа КУЗнеЦОвА,+7(9799)11-28,4,подПисКа на ГаЗетУ,3,1663.09,136.91,CaNCELled,Проверить наличие,2024/12/17,8618141620548346
2030016621899,2024/12/23 22:21:48,ДМиТРИй кузНеЦов,+7(9054)35-52,5,МОЛОКО,1,2406.72,593.28,cAnCELled,Нужно уточнить сроки,2024-12-30,4268482132144642
2030016621899,2024/12/23 22:21:48,ДМиТРИй кузНеЦов,+7(9054)35-52,1,КоРм дЛЯ СобАк,5,2412.82,87.18,caNcelled,Нужно уточнить сроки,2024-12-30,4268482132144642
2030016620738,08.12.2024 17:21,МИхАИл оРЛОВ,8(9126) 60-98,2,игрушка мЯЧ,4,1192.53,7.47,CaNcelleD,Нужно уточнить сроки,2024-12-20,9215351463039571
2030016620738,08.12.2024 17:21,МИхАИл оРЛОВ,8(9126) 60-98,2,игрУШка мЯч,3,824.12,75.88,canCElleD,Нужно уточнить сроки,2024-12-20,9215351463039571
2030016620738,08.12.2024 17:21,МИхАИл оРЛОВ,8(9126) 60-98,3,АмуНиЦИя для СоБАК,3,3210.62,389.38,cANCElleD,Нужно уточнить сроки,2024-12-20,9215351463039571
2030016620738,08.12.2024 17:21,МИхАИл оРЛОВ,8(9126) 60-98,5,моЛоКО,1,2540.08,459.92,CanCElled,Нужно уточнить сроки,2024-12-20,9215351463039571
2030016620738,08.12.2024 17:21,МИхАИл оРЛОВ,8(9126) 60-98,4,ПОдписКа НА гаЗЕТУ,4,2312.33,87.67,cAnCEllED,Нужно уточнить сроки,2024-12-20,9215351463039571
2030016619928,2024/12/24 06:17:29,МиХАИЛ оРЛОв,8(9166) 50-85,4,пОДписКА НА ГАЗЕтУ,5,2491.2,508.8,coMPLeTEd,подарок вовремя,12.12.2024,3007229162775269
2030016619928,2024/12/24 06:17:29,МиХАИЛ оРЛОв,8(9166) 50-85,4,ПОДПИсКа на газЕту,2,993.54,206.46,COMpLeTEd,подарок вовремя,12.12.2024,3007229162775269
2030016618948,2024/12/29 11:12:44,ЕЛЕна новИКОВА,+7(9335)40-18,5,МолОкО,1,2920.75,79.25,CoMpLETEd,"Задержка с доставкой, печалька...",15.12.2024,3248875148755866
2030016618948,2024/12/29 11:12:44,ЕЛЕна новИКОВА,+7(9335)40-18,3,АМуНИЦИя для собАК,1,1161.59,38.41,coMpLEtEd,"Задержка с доставкой, печалька...",15.12.2024,3248875148755866
2030016618948,2024/12/29 11:12:44,ЕЛЕна новИКОВА,+7(9335)40-18,5,МОЛоко,1,2585.06,414.94,cOmPleteD,"Задержка с доставкой, печалька...",15.12.2024,3248875148755866
2030016617922,2024-12-30 00:05:54,иваН иВАнОв,+7 9391 55 26,4,подПИсКа нА ГаЗЕТу,1,575.18,24.82,COmpLetEd,спасибо за заказ,2024-12-08,3676912870469625
2030016617922,2024-12-30 00:05:54,иваН иВАнОв,+7 9391 55 26,3,АМУНицИЯ длЯ СобаК,3,2887.34,712.66,COmPLeTED,спасибо за заказ,2024-12-08,3676912870469625
2030016617922,2024-12-30 00:05:54,иваН иВАнОв,+7 9391 55 26,1,КоРМ ДлЯ сОБак,3,1379.0,121.0,comPlEteD,спасибо за заказ,2024-12-08,3676912870469625
2030016617922,2024-12-30 00:05:54,иваН иВАнОв,+7 9391 55 26,3,амУНИЦИя длЯ СобАк,2,2276.89,123.11,compLEtED,спасибо за заказ,2024-12-08,3676912870469625
2030016617922,2024-12-30 00:05:54,иваН иВАнОв,+7 9391 55 26,4,подПискА нА ГазЕтУ,1,596.85,3.15,coMpleTEd,спасибо за заказ,2024-12-08,3676912870469625
2030016616446,2024-12-26 18:53:32,МиХаИЛ ОрлОв,8(9252) 68-97,5,МОлОко,4,11334.73,665.27,procESSIng,Всё отлично!,2024/12/07,8659472971477064
2030016616446,2024-12-26 18:53:32,МиХаИЛ ОрлОв,8(9252) 68-97,5,МОЛОКо,3,8390.49,609.51,PROcessInG,Всё отлично!,2024/12/07,8659472971477064
2030016616446,2024-12-26 18:53:32,МиХаИЛ ОрлОв,8(9252) 68-97,5,мОлоКо,2,5921.29,78.71,pRoCessiNg,Всё отлично!,2024/12/07,8659472971477064
2030016616446,2024-12-26 18:53:32,МиХаИЛ ОрлОв,8(9252) 68-97,1,КОРм дЛЯ собАк,5,2331.96,168.04,ProcESSInG,Всё отлично!,2024/12/07,8659472971477064
2030016616446,2024-12-26 18:53:32,МиХаИЛ ОрлОв,8(9252) 68-97,4,подпИСка НА ГазЕтУ,5,2458.87,541.13,pROCESsING,Всё отлично!,2024/12/07,8659472971477064
2030016615672,2024/12/12 01:08:57,АЛЕкСеЙ мИхаЙлов,+7(9765)87-26,1,кОрМ дЛЯ СоБАК,1,476.09,23.91,CompLEteD,Нужно уточнить сроки,2024/12/25,6192168595407408
2030016614696,15.12.2024 01:07,ольГА кУЗнЕцоВа,8(9068) 57-05,5,молОКО,5,13734.98,1265.02,CAnCeLLED,спасибо за заказ,2024/12/18,5803606901233482
2030016614696,15.12.2024 01:07,ольГА кУЗнЕцоВа,8(9068) 57-05,2,иГрУШКа МяЧ,2,594.75,5.25,caNCElLED,спасибо за заказ,2024/12/18,5803606901233482
2030016614696,15.12.2024 01:07,ольГА кУЗнЕцоВа,8(9068) 57-05,1,корм ДлЯ сОБаК,2,987.12,12.88,CANCelLEd,спасибо за заказ,2024/12/18,5803606901233482
2030016614696,15.12.2024 01:07,ольГА кУЗнЕцоВа,8(9068) 57-05,4,ПоДПискА на ГаЗеТУ,1,495.54,104.46,cANcElLEd,спасибо за заказ,2024/12/18,5803606901233482
2030016614696,15.12.2024 01:07,ольГА кУЗнЕцоВа,8(9068) 57-05,2,иГРУшкА МяЧ,3,728.15,171.85,cAncElled,спасибо за заказ,2024/12/18,5803606901233482
2030016613829,2024-12-25 06:48:29,АЛЕКсЕЙ МихАйЛов,8(9457) 69-10,4,ПОДПИСка НА ГАЗеТУ,1,586.0,14.0,PRoCESSIng,Нужно уточнить сроки,17.12.2024,7933800187696965
2030016613829,2024-12-25 06:48:29,АЛЕКсЕЙ МихАйЛов,8(9457) 69-10,2,иГРуШкА мЯч,3,786.41,113.59,PRoceSsIng,Нужно уточнить сроки,17.12.2024,7933800187696965
2030016612615,2024/12/26 13:32:54,сЕргеЙ сИдОРоВ,+7(9994)67-53,1,корм для СоБак,3,1353.92,146.08,CanCElled,подарок вовремя,2024/12/29,4376555106620246
2030016612615,2024/12/26 13:32:54,сЕргеЙ сИдОРоВ,+7(9994)67-53,3,амуНИциЯ дЛя сОБаК,1,1081.48,118.52,CaNCELlEd,подарок вовремя,2024/12/29,4376555106620246
2030016611148,22.12.2024 20:28,СеРГей сИдороВ,+7(9899)49-02,2,ИГРуШКА Мяч,3,722.67,177.33,canCelled,Всё отлично!,29.12.2024,2734952060149177
2030016611148,22.12.2024 20:28,СеРГей сИдороВ,+7(9899)49-02,2,иГрУШка МЯЧ,3,844.5,55.5,CancelLeD,Всё отлично!,29.12.2024,2734952060149177
2030016611148,22.12.2024 20:28,СеРГей сИдороВ,+7(9899)49-02,4,ПодПИСка нА гаЗЕту,3,1629.62,170.38,CANCeLLEd,Всё отлично!,29.12.2024,2734952060149177
2030016611148,22.12.2024 20:28,СеРГей сИдороВ,+7(9899)49-02,1,кОрм ДЛя СОБак,3,1314.41,185.59,cAncellED,Всё отлично!,29.12.2024,2734952060149177
2030016610578,2024-12-20 20:09:10,еЛеНа новИкОва,+7(9186)67-95,4,ПОДПиСКа на газЕТу,2,1141.13,58.87,proCESSiNG,Ждём с нетерпением!,2024/12/05,0755390049519198
2030016610578,2024-12-20 20:09:10,еЛеНа новИкОва,+7(9186)67-95,1,КоРм дЛЯ сОбаК,3,1353.66,146.34,proCESSIng,Ждём с нетерпением!,2024/12/05,0755390049519198
2030016610578,2024-12-20 20:09:10,еЛеНа новИкОва,+7(9186)67-95,2,игРУШкА МЯЧ,3,859.57,40.43,ProceSsIng,Ждём с нетерпением!,2024/12/05,0755390049519198
2030016610578,2024-12-20 20:09:10,еЛеНа новИкОва,+7(9186)67-95,2,ИгРУШкА мяч,3,801.43,98.57,PRoCEsSiNG,Ждём с нетерпением!,2024/12/05,0755390049519198
2030016609443,02.12.2024 04:16,МаРИЯ пЕтРоВа,+7(9317)88-41,2,ИгрушКА мЯч,5,1482.5,17.5,PRoCEsSING,подарок вовремя,19.12.2024,9156976853924151
2030016609443,02.12.2024 04:16,МаРИЯ пЕтРоВа,+7(9317)88-41,4,подПИсКА На гАЗеТУ,4,2281.69,118.31,pROCESsING,подарок вовремя,19.12.2024,9156976853924151
2030016609443,02.12.2024 04:16,МаРИЯ пЕтРоВа,+7(9317)88-41,2,ИгРУШКа мЯч,3,810.13,89.87,PRoceSSIng,подарок вовремя,19.12.2024,9156976853924151
2030016609443,02.12.2024 04:16,МаРИЯ пЕтРоВа,+7(9317)88-41,5,МоЛОКО,2,5839.32,160.68,pRoCesSing,подарок вовремя,19.12.2024,9156976853924151
2030016609443,02.12.2024 04:16,МаРИЯ пЕтРоВа,+7(9317)88-41,4,подпИСКа нА гАЗеТУ,1,551.06,48.94,pROcEsSiNG,подарок вовремя,19.12.2024,9156976853924151
2030016608210,06.12.2024 14:38,мАрИя пЕТРОва,8(9460) 28-63,5,МОлОКо,2,5049.18,950.82,cOMPLetED,спасибо за заказ,04.12.2024,7697563449902567
2030016608210,06.12.2024 14:38,мАрИя пЕТРОва,8(9460) 28-63,3,АмунИЦия длЯ СОБак,5,5743.65,256.35,COMPleTED,спасибо за заказ,04.12.2024,7697563449902567
2030016608210,06.12.2024 14:38,мАрИя пЕТРОва,8(9460) 28-63,4,пОдПИска НА ГАзЕТУ,4,2351.73,48.27,comPlETED,спасибо за заказ,04.12.2024,7697563449902567
2030016607656,07.12.2024 23:51,мАрИЯ ПетРова,+7 9430 02 63,3,АмУНиция длЯ сОБАк,4,4156.05,643.95,COMplETeD,Ждём с нетерпением!,2024-12-06,1028523828475440
2030016607656,07.12.2024 23:51,мАрИЯ ПетРова,+7 9430 02 63,3,аМуНиция ДлЯ СобАК,3,3164.89,435.11,COMpleTeD,Ждём с нетерпением!,2024-12-06,1028523828475440
2030016607656,07.12.2024 23:51,мАрИЯ ПетРова,+7 9430 02 63,3,АМуНиция дЛя СобАК,2,2058.29,341.71,COmPLEtEd,Ждём с нетерпением!,2024-12-06,1028523828475440
2030016607656,07.12.2024 23:51,мАрИЯ ПетРова,+7 9430 02 63,2,иГРуШКа МяЧ,2,502.75,97.25,COMPletEd,Ждём с нетерпением!,2024-12-06,1028523828475440
2030016607656,07.12.2024 23:51,мАрИЯ ПетРова,+7 9430 02 63,1,кОРм для СОБаК,5,2397.41,102.59,cOMPlETeD,Ждём с нетерпением!,2024-12-06,1028523828475440
2030016606170,30.12.2024 00:29,ИваН ИванОВ,+7 9635 60 26,4,пОдпИСКа на гАЗЕТу,1,530.08,69.92,ProceSsiNg,спасибо за заказ,2024-12-21,9827170936183692
2030016606170,30.12.2024 00:29,ИваН ИванОВ,+7 9635 60 26,2,ИгрушКА мЯч,1,262.09,37.91,prOCeSSING,спасибо за заказ,2024-12-21,9827170936183692
2030016605366,2024-12-03 02:22:55,ОльгА кУзнЕЦовА,+7(9784)48-33,5,МоЛоко,4,10574.87,1425.13,CaNcELleD,"Задержка с доставкой, печалька...",2024/12/08,4273658921205412
2030016605366,2024-12-03 02:22:55,ОльгА кУзнЕЦовА,+7(9784)48-33,1,корМ дЛя сОБАК,1,438.55,61.45,CanCelLeD,"Задержка с доставкой, печалька...",2024/12/08,4273658921205412
2030016605366,2024-12-03 02:22:55,ОльгА кУзнЕЦовА,+7(9784)48-33,3,АмУНИцИЯ для сОБаК,4,4322.26,477.74,caNCelleD,"Задержка с доставкой, печалька...",2024/12/08,4273658921205412
2030016605366,2024-12-03 02:22:55,ОльгА кУзнЕЦовА,+7(9784)48-33,2,игрУшКа МЯч,4,964.03,235.97,canCelLeD,"Задержка с доставкой, печалька...",2024/12/08,4273658921205412
2030016605366,2024-12-03 02:22:55,ОльгА кУзнЕЦовА,+7(9784)48-33,4,подПисКА на газеТУ,4,2097.85,302.15,caNCELLEd,"Задержка с доставкой, печалька...",2024/12/08,4273658921205412
2030016604248,31.12.2024 07:40,мИхаил оРлоВ,8(9239) 09-01,5,мОЛоКО,3,7808.64,1191.36,CAncellED,подарок вовремя,2024-12-26,7915448200532451
2030016603535,05.12.2024 06:26,михаИЛ орЛов,8(9497) 35-33,4,ПОДпиСкА НА ГАзЕтУ,4,2132.19,267.81,CanCELLeD,Проверить наличие,2024-12-17,3218874374809770
2030016603535,05.12.2024 06:26,михаИЛ орЛов,8(9497) 35-33,4,ПоДпиСКа НА ГаЗеТу,5,2936.16,63.84,CANcELlEd,Проверить наличие,2024-12-17,3218874374809770
2030016603535,05.12.2024 06:26,михаИЛ орЛов,8(9497) 35-33,1,кОРМ для собаК,2,941.6,58.4,CanCelleD,Проверить наличие,2024-12-17,3218874374809770
2030016602905,2024/12/25 11:18:34,дмИТрИЙ КузНецОв,+7 9073 38 88,4,пОдПиСКА нА ГАзЕту,2,1089.84,110.16,CaNCEllED,Всё отлично!,19.12.2024,5626373872132798
2030016602905,2024/12/25 11:18:34,дмИТрИЙ КузНецОв,+7 9073 38 88,4,ПОДПискА нА гАЗеТу,5,2811.92,188.08,CaNCELleD,Всё отлично!,19.12.2024,5626373872132798
2030016602905,2024/12/25 11:18:34,дмИТрИЙ КузНецОв,+7 9073 38 88,3,аМУнИция длЯ СОБАК,1,1094.28,105.72,canCElled,Всё отлично!,19.12.2024,5626373872132798
2030016602905,2024/12/25 11:18:34,дмИТрИЙ КузНецОв,+7 9073 38 88,5,МОЛОко,2,5737.16,262.84,caNceLLeD,Всё отлично!,19.12.2024,5626373872132798
2030016601408,2024/12/06 06:52:45,ДМИТРиЙ КУзнЕЦов,+7 9507 85 60,5,мОлОкО,4,11347.62,652.38,caNCEllEd,Ждём с нетерпением!,2024/12/06,7612013186715587
2030016601408,2024/12/06 06:52:45,ДМИТРиЙ КУзнЕЦов,+7 9507 85 60,4,подПиСкА НА гАзету,3,1547.58,252.42,caNCeLlEd,Ждём с нетерпением!,2024/12/06,7612013186715587
2030016600223,2024-12-31 07:59:22,ЕлЕна новиКОвА,+7(9933)72-15,1,КОрМ дЛя соБаК,5,2286.43,213.57,cOmpleteD,Ждём с нетерпением!,20.12.2024,5049401669564588
2030016600223,2024-12-31 07:59:22,ЕлЕна новиКОвА,+7(9933)72-15,3,АМуНИЦИЯ для собАк,4,4089.24,710.76,COMPletEd,Ждём с нетерпением!,20.12.2024,5049401669564588
2030016599988,2024/12/05 03:47:45,ИвАн иваНОв,+7 9236 36 73,4,поДПисКа НА гаЗеТу,1,545.69,54.31,Cancelled,Всё отлично!,08.12.2024,5348072775289223
2030016598921,10.12.2024 07:54,АлексеЙ МиХаЙлов,+7(9825)55-61,2,ИГРУШка МяЧ,1,244.47,55.53,cANCEllEd,Нужно уточнить сроки,2024-12-22,4161681962406314
2030016598921,10.12.2024 07:54,АлексеЙ МиХаЙлов,+7(9825)55-61,5,МоЛОкО,1,2578.37,421.63,canCElLED,Нужно уточнить сроки,2024-12-22,4161681962406314
2030016598921,10.12.2024 07:54,АлексеЙ МиХаЙлов,+7(9825)55-61,2,иГруШКА мяЧ,4,1030.03,169.97,CaNCeLLed,Нужно уточнить сроки,2024-12-22,4161681962406314
2030016598921,10.12.2024 07:54,АлексеЙ МиХаЙлов,+7(9825)55-61,2,игРушКА МяЧ,4,1160.24,39.76,CANCeLled,Нужно уточнить сроки,2024-12-22,4161681962406314
2030016597933,2024-12-05 12:09:19,АНна СМИРнОва,+7(9835)28-03,5,МОлОко,5,13283.25,1716.75,cAncElLED,подарок вовремя,2024/12/21,2758749549502736
2030016597933,2024-12-05 12:09:19,АНна СМИРнОва,+7(9835)28-03,5,МОЛОкО,5,13864.17,1135.83,canCElled,подарок вовремя,2024/12/21,2758749549502736
2030016597933,2024-12-05 12:09:19,АНна СМИРнОва,+7(9835)28-03,4,ПодпиСКа НА ГаЗеТу,4,2329.65,70.35,CAncELlED,подарок вовремя,2024/12/21,2758749549502736
2030016596878,2024-12-09 00:02:49,ОЛьга КузНеЦова,8(9147) 67-58,4,пОдПиСкА НА ГаЗеТУ,5,2653.69,346.31,CAnCeLLed,Проверить наличие,26.12.2024,6847430775661561
2030016596878,2024-12-09 00:02:49,ОЛьга КузНеЦова,8(9147) 67-58,5,МолОКО,4,11260.04,739.96,caNCELlEd,Проверить наличие,26.12.2024,6847430775661561
2030016596878,2024-12-09 00:02:49,ОЛьга КузНеЦова,8(9147) 67-58,5,молоко,2,5932.46,67.54,canCelLEd,Проверить наличие,26.12.2024,6847430775661561
2030016596878,2024-12-09 00:02:49,ОЛьга КузНеЦова,8(9147) 67-58,4,ПОДПИСКа На ГазЕТУ,2,1162.68,37.32,cAnCElLEd,Проверить наличие,26.12.2024,6847430775661561
2030016595619,2024-12-09 12:49:48,нАТаЛЬЯ ВасИльЕВА,+7 9091 64 99,3,АМУНиция ДЛЯ СОБак,1,1029.22,170.78,prOcEssing,Нужно уточнить сроки,2024-12-27,6004062695917616
2030016595619,2024-12-09 12:49:48,нАТаЛЬЯ ВасИльЕВА,+7 9091 64 99,5,МоЛОкО,2,5618.39,381.61,PrOCESsIng,Нужно уточнить сроки,2024-12-27,6004062695917616
2030016594837,2024/12/04 11:14:10,аНнА сМИРнОва,+7(9608)79-17,2,ИГрушка МЯЧ,4,1135.28,64.72,pRoCesSINg,спасибо за заказ,2024-12-25,9075599037251229
2030016594837,2024/12/04 11:14:10,аНнА сМИРнОва,+7(9608)79-17,5,моЛоКО,3,8561.87,438.13,PROcesSinG,спасибо за заказ,2024-12-25,9075599037251229
2030016594837,2024/12/04 11:14:10,аНнА сМИРнОва,+7(9608)79-17,2,ИгрУшКа МЯЧ,1,256.4,43.6,procEssiNg,спасибо за заказ,2024-12-25,9075599037251229
2030016594837,2024/12/04 11:14:10,аНнА сМИРнОва,+7(9608)79-17,4,поДпИсКа нА гАЗету,5,2409.57,590.43,prOcessIng,спасибо за заказ,2024-12-25,9075599037251229
2030016594837,2024/12/04 11:14:10,аНнА сМИРнОва,+7(9608)79-17,3,амУНицИЯ длЯ соБАК,5,5883.62,116.38,proCesSINg,спасибо за заказ,2024-12-25,9075599037251229
2030016593829,2024-12-07 19:15:21,Иван ивАНов,+7 9618 88 09,2,игРушКа МЯч,2,537.15,62.85,comPlEtED,спасибо за заказ,16.12.2024,7430263717089764
2030016593829,2024-12-07 19:15:21,Иван ивАНов,+7 9618 88 09,2,иГрУшкА МЯЧ,4,1158.9,41.1,COmPleTeD,спасибо за заказ,16.12.2024,7430263717089764
2030016593829,2024-12-07 19:15:21,Иван ивАНов,+7 9618 88 09,1,Корм дЛЯ СОБак,1,423.28,76.72,CoMPlEtEd,спасибо за заказ,16.12.2024,7430263717089764
2030016592946,2024-12-03 13:26:33,ОЛьгА кУзнецова,+7(9465)29-17,1,корм длЯ собАк,1,497.01,2.99,cAncELleD,Проверить наличие,24.12.2024,4141539772980454
2030016592946,2024-12-03 13:26:33,ОЛьгА кУзнецова,+7(9465)29-17,4,ПодпиСкА на гАЗЕТУ,3,1704.35,95.65,cancelleD,Проверить наличие,24.12.2024,4141539772980454
2030016591345,05.12.2024 02:36,анНа СмиРнОва,+7(9620)72-90,4,ПодПИСкА На гАЗЕту,2,1033.77,166.23,cANcELlEd,"Задержка с доставкой, печалька...",2024/12/13,6452126696293317
2030016591345,05.12.2024 02:36,анНа СмиРнОва,+7(9620)72-90,1,коРМ дЛя сОБАК,2,971.76,28.24,caNcElLed,"Задержка с доставкой, печалька...",2024/12/13,6452126696293317
2030016590258,2024-12-07 18:50:00,нАталЬя вАсильЕВа,+7 9142 08 82,2,ИГРУШка МЯч,1,272.93,27.07,COmPLeTED,Нужно уточнить сроки,2024/12/10,4193904102194799
2030016590258,2024-12-07 18:50:00,нАталЬя вАсильЕВа,+7 9142 08 82,2,ИГРУШКа Мяч,3,889.68,10.32,coMPleted,Нужно уточнить сроки,2024/12/10,4193904102194799
2030016590258,2024-12-07 18:50:00,нАталЬя вАсильЕВа,+7 9142 08 82,3,аМУНИЦиЯ длЯ СобАК,2,2366.7,33.3,COMpLETed,Нужно уточнить сроки,2024/12/10,4193904102194799
2030016590258,2024-12-07 18:50:00,нАталЬя вАсильЕВа,+7 9142 08 82,5,моЛоКо,4,11903.32,96.68,CoMpLETED,Нужно уточнить сроки,2024/12/10,4193904102194799
2030016590258,2024-12-07 18:50:00,нАталЬя вАсильЕВа,+7 9142 08 82,3,амуНИЦия ДлЯ СОбаК,1,1106.06,93.94,COmpLetEd,Нужно уточнить сроки,2024/12/10,4193904102194799
2030016589585,2024/12/25 09:18:52,дмИтрИЙ КуЗнЕЦОВ,8(9561) 31-38,3,амУНицИЯ ДЛЯ СобАк,3,3106.76,493.24,pRoceSsING,подарок вовремя,2024/12/09,2114085427168316
2030016589585,2024/12/25 09:18:52,дмИтрИЙ КуЗнЕЦОВ,8(9561) 31-38,5,мОлоКО,5,13296.88,1703.12,pROCeSsing,подарок вовремя,2024/12/09,2114085427168316
2030016589585,2024/12/25 09:18:52,дмИтрИЙ КуЗнЕЦОВ,8(9561) 31-38,4,поДПИсКА на газеТУ,5,2524.18,475.82,proCESSing,подарок вовремя,2024/12/09,2114085427168316
2030016589585,2024/12/25 09:18:52,дмИтрИЙ КуЗнЕЦОВ,8(9561) 31-38,2,иГРуШкА МяЧ,2,527.33,72.67,PrOCesSing,подарок вовремя,2024/12/09,2114085427168316
2030016588121,15.12.2024 07:34,иван иванов,+7(9411)10-55,3,АмУнИЦиЯ дЛЯ сОбаК,3,3267.3,332.7,cAnCeLLED,"Задержка с доставкой, печалька...",2024/12/04,9390054533339750
2030016588121,15.12.2024 07:34,иван иванов,+7(9411)10-55,3,АмУнИЦИя Для собАК,4,4718.98,81.02,CanCElLeD,"Задержка с доставкой, печалька...",2024/12/04,9390054533339750
2030016588121,15.12.2024 07:34,иван иванов,+7(9411)10-55,3,АМуницИЯ ДлЯ СоБАк,2,1960.28,439.72,CAnceLLEd,"Задержка с доставкой, печалька...",2024/12/04,9390054533339750
2030016587237,2024/12/03 05:50:46,ЕлЕНа нОВикоВа,8(9364) 39-37,2,иГруШКа мЯЧ,1,281.48,18.52,COmplEtEd,спасибо за заказ,02.12.2024,0398915085299719
2030016587237,2024/12/03 05:50:46,ЕлЕНа нОВикоВа,8(9364) 39-37,5,мОлоКО,5,13907.02,1092.98,cOmpLEteD,спасибо за заказ,02.12.2024,0398915085299719
2030016587237,2024/12/03 05:50:46,ЕлЕНа нОВикоВа,8(9364) 39-37,3,АМУНицИЯ для СОБаК,2,1983.45,416.55,COmpleTed,спасибо за заказ,02.12.2024,0398915085299719
2030016587237,2024/12/03 05:50:46,ЕлЕНа нОВикоВа,8(9364) 39-37,4,ПоДПИскА На ГАзЕту,1,537.69,62.31,compleTEd,спасибо за заказ,02.12.2024,0398915085299719
2030016587237,2024/12/03 05:50:46,ЕлЕНа нОВикоВа,8(9364) 39-37,5,Молоко,2,5374.44,625.56,CoMpLetEd,спасибо за заказ,02.12.2024,0398915085299719
2030016586383,2024/12/31 19:58:13,дМитРИй кУЗНеЦОв,+7(9325)46-99,5,МОлОко,5,14362.9,637.1,CoMplEted,"Задержка с доставкой, печалька...",02.12.2024,5852189835515645
2030016586383,2024/12/31 19:58:13,дМитРИй кУЗНеЦОв,+7(9325)46-99,5,МолОко,3,8051.3,948.7,cOMPlETEd,"Задержка с доставкой, печалька...",02.12.2024,5852189835515645
2030016585366,2024-12-09 15:40:00,иВАн ИВАнов,+7(9023)87-31,3,АмуницИя длЯ СОБаК,3,3116.9,483.1,cANcelLEd,Ждём с нетерпением!,2024/12/29,7584098030267602
2030016585366,2024-12-09 15:40:00,иВАн ИВАнов,+7(9023)87-31,2,игрушкА мяЧ,1,247.02,52.98,cAncellEd,Ждём с нетерпением!,2024/12/29,7584098030267602
2030016585366,2024-12-09 15:40:00,иВАн ИВАнов,+7(9023)87-31,5,МолОКО,5,12411.34,2588.66,cANCELLeD,Ждём с нетерпением!,2024/12/29,7584098030267602
2030016584990,22.12.2024 09:11,АНна СмИРнОВА,8(9839) 50-42,1,КОРМ дЛЯ собак,2,953.23,46.77,coMplETeD,"Задержка с доставкой, печалька...",29.12.2024,1366097720937531
2030016584990,22.12.2024 09:11,АНна СмИРнОВА,8(9839) 50-42,4,ПОДПИСка нА газЕТУ,2,1040.52,159.48,cOMPlEted,"Задержка с доставкой, печалька...",29.12.2024,1366097720937531
2030016584990,22.12.2024 09:11,АНна СмИРнОВА,8(9839) 50-42,2,игРУшКА МЯч,3,898.91,1.09,COmPleTED,"Задержка с доставкой, печалька...",29.12.2024,1366097720937531
2030016584990,22.12.2024 09:11,АНна СмИРнОВА,8(9839) 50-42,4,ПодпИска НА гАзЕтУ,5,2457.2,542.8,cOMpLeteD,"Задержка с доставкой, печалька...",29.12.2024,1366097720937531
2030016583891,2024/12/16 08:56:45,НАТАЛЬя ВасилЬЕвА,+7 9147 01 72,5,моЛоко,4,11926.9,73.1,prOCeSSinG,спасибо за заказ,14.12.2024,0165828855860845
2030016582498,2024/12/24 16:25:44,иВАН ИвАнОв,8(9817) 96-60,1,кОрм дЛя собАк,3,1455.33,44.67,cAncELlEd,подарок вовремя,2024/12/27,0920529607168775
2030016582498,2024/12/24 16:25:44,иВАН ИвАнОв,8(9817) 96-60,4,поДПиСКа нА газЕТУ,3,1674.7,125.3,CaNCelLED,подарок вовремя,2024/12/27,0920529607168775
2030016581270,20.12.2024 10:51,мИхАиЛ оРЛоВ,+7(9405)45-09,2,ИГрушКА мяЧ,3,853.51,46.49,CaNcelLED,спасибо за заказ,28.12.2024,5792601868442528
2030016581270,20.12.2024 10:51,мИхАиЛ оРЛоВ,+7(9405)45-09,5,МоЛОко,4,10728.81,1271.19,CANcELlED,спасибо за заказ,28.12.2024,5792601868442528
2030016581270,20.12.2024 10:51,мИхАиЛ оРЛоВ,+7(9405)45-09,3,АмУНИция ДЛЯ СОБАК,1,961.38,238.62,cANcelLED,спасибо за заказ,28.12.2024,5792601868442528
2030016580163,2024-12-02 15:31:03,алЕкСеЙ мИХаЙлОв,8(9599) 88-84,3,АМуниция длЯ сОБАК,4,4645.88,154.12,caNcEllED,Всё отлично!,2024-12-05,4079190095028934
2030016580163,2024-12-02 15:31:03,алЕкСеЙ мИХаЙлОв,8(9599) 88-84,3,АМУНИЦИЯ длЯ сОБАК,1,1045.79,154.21,canCeLLeD,Всё отлично!,2024-12-05,4079190095028934
2030016580163,2024-12-02 15:31:03,алЕкСеЙ мИХаЙлОв,8(9599) 88-84,3,АмУнициЯ ДлЯ СОбАК,5,5150.78,849.22,caNCellEd,Всё отлично!,2024-12-05,4079190095028934
2030016580163,2024-12-02 15:31:03,алЕкСеЙ мИХаЙлОв,8(9599) 88-84,4,пОДпИСКа нА ГаЗеТУ,2,1043.32,156.68,CaNCELLeD,Всё отлично!,2024-12-05,4079190095028934
2030016579578,2024-12-07 13:37:08,МихАИл ОрлоВ,+7 9607 96 59,4,ПодпиСКа На гаЗЕтУ,5,2448.73,551.27,PrOcessING,"Задержка с доставкой, печалька...",31.12.2024,2768069677866345
2030016579578,2024-12-07 13:37:08,МихАИл ОрлоВ,+7 9607 96 59,1,кОРм ДлЯ Собак,4,1826.22,173.78,proCESsing,"Задержка с доставкой, печалька...",31.12.2024,2768069677866345
2030016578311,06.12.2024 23:12,оЛЬГА КузнЕЦовА,+7 9048 58 42,2,ИГРуШка мЯч,1,296.73,3.27,CaNcElLed,Проверить наличие,27.12.2024,2074052447878727
2030016578311,06.12.2024 23:12,оЛЬГА КузнЕЦовА,+7 9048 58 42,3,АмунИция ДЛя СОбАК,2,2070.93,329.07,cANCelLed,Проверить наличие,27.12.2024,2074052447878727
2030016577815,10.12.2024 00:29,еЛеНА ноВикоВА,+7 9143 27 43,2,иГРУшкА МЯЧ,1,286.52,13.48,cAncelLed,Ждём с нетерпением!,07.12.2024,8974851927564369
2030016576691,03.12.2024 00:10,марИЯ ПЕтрОвА,8(9948) 99-06,2,игрУШКА мяЧ,2,592.36,7.64,coMPLeTEd,спасибо за заказ,02.12.2024,7540913753639074
2030016576691,03.12.2024 00:10,марИЯ ПЕтрОвА,8(9948) 99-06,5,мОЛоКо,1,2569.89,430.11,COMpLETED,спасибо за заказ,02.12.2024,7540913753639074
2030016576691,03.12.2024 00:10,марИЯ ПЕтрОвА,8(9948) 99-06,2,ИгруШКа МЯЧ,5,1422.75,77.25,cOmplETeD,спасибо за заказ,02.12.2024,7540913753639074
2030016576691,03.12.2024 00:10,марИЯ ПЕтрОвА,8(9948) 99-06,4,ПоДПиСКа нА гаЗЕТУ,5,2689.67,310.33,COMPLeTED,спасибо за заказ,02.12.2024,7540913753639074
2030016576691,03.12.2024 00:10,марИЯ ПЕтрОвА,8(9948) 99-06,4,пОдПиСкА НА гАзетУ,3,1797.57,2.43,CoMPlETED,спасибо за заказ,02.12.2024,7540913753639074
2030016575664,2024-12-02 11:26:45,АЛЕКСЕй МихайлоВ,+7 9753 09 56,4,ПоДпИСКА нА ГаЗеТу,4,1984.02,415.98,CAnceLled,Ждём с нетерпением!,23.12.2024,4269122179058239
2030016575664,2024-12-02 11:26:45,АЛЕКСЕй МихайлоВ,+7 9753 09 56,3,АМУнициЯ ДлЯ СОБАК,3,3213.67,386.33,CanCelled,Ждём с нетерпением!,23.12.2024,4269122179058239
2030016575664,2024-12-02 11:26:45,АЛЕКСЕй МихайлоВ,+7 9753 09 56,2,ИгРуШкА МЯЧ,2,585.26,14.74,CANCElLeD,Ждём с нетерпением!,23.12.2024,4269122179058239
2030016575664,2024-12-02 11:26:45,АЛЕКСЕй МихайлоВ,+7 9753 09 56,3,АМУницИя дЛЯ СобАК,2,2094.72,305.28,canCeLlED,Ждём с нетерпением!,23.12.2024,4269122179058239
2030016575664,2024-12-02 11:26:45,АЛЕКСЕй МихайлоВ,+7 9753 09 56,3,АМуНиЦиЯ ДлЯ СобАК,5,5557.31,442.69,CaNcelled,Ждём с нетерпением!,23.12.2024,4269122179058239
2030016574233,2024/12/23 03:52:53,оЛЬГа кузНеЦова,8(9315) 27-88,5,МоЛОКо,1,2743.66,256.34,PROcesSING,подарок вовремя,28.12.2024,6606674712700239
2030016574233,2024/12/23 03:52:53,оЛЬГа кузНеЦова,8(9315) 27-88,4,ПОдПиСка На ГАЗеТУ,4,2105.9,294.1,PrOCesSinG,подарок вовремя,28.12.2024,6606674712700239
2030016573324,2024/12/21 16:56:21,ЕЛеНа нОвИкОва,8(9037) 34-88,3,амуницИЯ ДлЯ собаК,5,5679.25,320.75,CanCelled,подарок вовремя,2024-12-20,4210537884258781
2030016573324,2024/12/21 16:56:21,ЕЛеНа нОвИкОва,8(9037) 34-88,4,подпиСкА На газЕТу,1,534.58,65.42,caNCeLLed,подарок вовремя,2024-12-20,4210537884258781
2030016573324,2024/12/21 16:56:21,ЕЛеНа нОвИкОва,8(9037) 34-88,2,ИГрушкА мяч,2,571.38,28.62,CAnCeLLeD,подарок вовремя,2024-12-20,4210537884258781
2030016573324,2024/12/21 16:56:21,ЕЛеНа нОвИкОва,8(9037) 34-88,4,ПоДписКА на ГаЗЕТу,4,2375.59,24.41,CaNCElLeD,подарок вовремя,2024-12-20,4210537884258781
2030016572412,2024-12-15 19:01:01,ДмиТРИЙ куЗНецОв,+7 9706 89 06,3,АмУНиЦИЯ Для СобАк,5,5602.89,397.11,prOcesSINg,подарок вовремя,2024/12/11,2600484975709092
2030016572412,2024-12-15 19:01:01,ДмиТРИЙ куЗНецОв,+7 9706 89 06,5,мОЛОКО,1,2584.96,415.04,PROCESsIng,подарок вовремя,2024/12/11,2600484975709092
2030016572412,2024-12-15 19:01:01,ДмиТРИЙ куЗНецОв,+7 9706 89 06,4,ПодПИСКа На гАзЕту,5,2650.36,349.64,pROcEsSiNg,подарок вовремя,2024/12/11,2600484975709092
2030016572412,2024-12-15 19:01:01,ДмиТРИЙ куЗНецОв,+7 9706 89 06,1,коРм Для сОБак,1,454.76,45.24,prOcessinG,подарок вовремя,2024/12/11,2600484975709092
2030016571359,2024-12-29 23:25:11,мИхаиЛ орЛов,+7 9218 45 25,4,ПОдПисКа на ГазЕТУ,2,1066.59,133.41,PRocESSINg,"Задержка с доставкой, печалька...",10.12.2024,9579540159892815
2030016571359,2024-12-29 23:25:11,мИхаиЛ орЛов,+7 9218 45 25,2,иГрУШка мяч,5,1301.07,198.93,pROceSSInG,"Задержка с доставкой, печалька...",10.12.2024,9579540159892815
2030016570343,19.12.2024 20:07,сЕРгЕЙ сИдорОВ,+7 9284 76 37,3,АМуНИЦиЯ для соБАК,4,4123.5,676.5,cancelled,"Задержка с доставкой, печалька...",2024-12-26,3496284063702724
2030016570343,19.12.2024 20:07,сЕРгЕЙ сИдорОВ,+7 9284 76 37,1,корм длЯ СобАк,2,827.27,172.73,cANcelLeD,"Задержка с доставкой, печалька...",2024-12-26,3496284063702724
2030016570343,19.12.2024 20:07,сЕРгЕЙ сИдорОВ,+7 9284 76 37,4,пОдПисКА На гаЗЕтУ,3,1512.06,287.94,CAnCeLleD,"Задержка с доставкой, печалька...",2024-12-26,3496284063702724
2030016570343,19.12.2024 20:07,сЕРгЕЙ сИдорОВ,+7 9284 76 37,3,АмУнИЦия Для СОбаК,2,1986.96,413.04,CAnCELled,"Задержка с доставкой, печалька...",2024-12-26,3496284063702724
2030016569250,2024-12-24 06:51:41,мариЯ петРовА,+7(9734)54-41,5,МоЛоКО,2,5556.28,443.72,cANCellEd,Ждём с нетерпением!,2024-12-11,3568994602915422
2030016569250,2024-12-24 06:51:41,мариЯ петРовА,+7(9734)54-41,4,ПоДпИсКа на ГАЗЕту,5,2757.57,242.43,canceLLED,Ждём с нетерпением!,2024-12-11,3568994602915422
2030016569250,2024-12-24 06:51:41,мариЯ петРовА,+7(9734)54-41,2,иГРУШКА МЯЧ,4,1112.88,87.12,caNCELLeD,Ждём с нетерпением!,2024-12-11,3568994602915422
2030016569250,2024-12-24 06:51:41,мариЯ петРовА,+7(9734)54-41,3,АмунИцИЯ для соБАК,4,4385.09,414.91,CaNCELleD,Ждём с нетерпением!,2024-12-11,3568994602915422
2030016569250,2024-12-24 06:51:41,мариЯ петРовА,+7(9734)54-41,3,амуНицИя для СоБак,3,3409.88,190.12,CaNCeLlED,Ждём с нетерпением!,2024-12-11,3568994602915422
2030016568514,2024/12/09 16:01:09,иваН иВАнов,8(9306) 06-35,3,АмУНициЯ ДЛя собаК,1,1158.16,41.84,canCellEd,"Задержка с доставкой, печалька...",2024/12/07,4648819995434346
2030016568514,2024/12/09 16:01:09,иваН иВАнов,8(9306) 06-35,5,МолоКО,4,10962.99,1037.01,cAnCELLEd,"Задержка с доставкой, печалька...",2024/12/07,4648819995434346
2030016568514,2024/12/09 16:01:09,иваН иВАнов,8(9306) 06-35,5,МОлокО,5,13196.25,1803.75,CaNcELlED,"Задержка с доставкой, печалька...",2024/12/07,4648819995434346
2030016568514,2024/12/09 16:01:09,иваН иВАнов,8(9306) 06-35,5,МОлОкО,1,2483.55,516.45,CAncElLED,"Задержка с доставкой, печалька...",2024/12/07,4648819995434346
2030016567230,24.12.2024 08:24,МИХАИЛ ОРлОВ,+7 9672 44 68,4,пОдПИскА на гаЗЕТУ,1,497.23,102.77,compLeteD,Всё отлично!,2024/12/04,0037033643699016
2030016567230,24.12.2024 08:24,МИХАИЛ ОРлОВ,+7 9672 44 68,4,поДпИСКа на ГАЗеТу,3,1787.61,12.39,COMpletED,Всё отлично!,2024/12/04,0037033643699016
2030016566433,2024/12/25 18:50:04,михаИЛ орЛОВ,8(9956) 51-11,4,ПоДпиСКА НА ГазЕту,3,1747.72,52.28,PrOCEssiNg,Ждём с нетерпением!,17.12.2024,1409291417773765
2030016566433,2024/12/25 18:50:04,михаИЛ орЛОВ,8(9956) 51-11,1,КОрм Для сОБАк,1,496.9,3.1,prOceSsING,Ждём с нетерпением!,17.12.2024,1409291417773765
2030016565375,16.12.2024 11:37,елЕНА НОвиКОВа,+7 9725 19 27,3,АмУнИЦИЯ ДЛя собАк,2,2087.6,312.4,CoMPlEteD,Проверить наличие,2024-12-23,0203177422989964
2030016565375,16.12.2024 11:37,елЕНА НОвиКОВа,+7 9725 19 27,3,аМуницИя для собак,4,4326.86,473.14,coMpLEtEd,Проверить наличие,2024-12-23,0203177422989964
2030016565375,16.12.2024 11:37,елЕНА НОвиКОВа,+7 9725 19 27,4,ПОДПИсКа нА ГАзЕтУ,5,2981.17,18.83,coMPLeTED,Проверить наличие,2024-12-23,0203177422989964
2030016565375,16.12.2024 11:37,елЕНА НОвиКОВа,+7 9725 19 27,3,аМУНИЦИя ДЛЯ собАК,1,1057.57,142.43,CoMpLeted,Проверить наличие,2024-12-23,0203177422989964
2030016565375,16.12.2024 11:37,елЕНА НОвиКОВа,+7 9725 19 27,1,кОрм ДлЯ сОбАК,4,1897.58,102.42,CoMpLETeD,Проверить наличие,2024-12-23,0203177422989964
2030016564539,02.12.2024 05:35,елеНА НовИКоВа,+7 9762 07 58,4,пОДПисКа На газету,5,2409.87,590.13,CAnceLlEd,спасибо за заказ,2024-12-29,1227520759547578
2030016564539,02.12.2024 05:35,елеНА НовИКоВа,+7 9762 07 58,4,ПОдпиСкА нА гаЗетУ,2,974.07,225.93,CAnCeLLeD,спасибо за заказ,2024-12-29,1227520759547578
2030016564539,02.12.2024 05:35,елеНА НовИКоВа,+7 9762 07 58,4,поДписка на гАЗЕТу,5,2678.37,321.63,CaNCellED,спасибо за заказ,2024-12-29,1227520759547578
2030016564539,02.12.2024 05:35,елеНА НовИКоВа,+7 9762 07 58,4,пОДпИСКА нА гАЗЕТУ,5,2690.7,309.3,cANCelleD,спасибо за заказ,2024-12-29,1227520759547578
2030016563383,13.12.2024 07:40,ДмИтрИЙ кУзнеЦОв,+7 9914 21 71,1,КОРм дЛЯ СОбаК,1,401.76,98.24,pRocESsING,Всё отлично!,2024/12/30,9989149468253591
2030016563383,13.12.2024 07:40,ДмИтрИЙ кУзнеЦОв,+7 9914 21 71,2,иГРУШкА мЯч,3,804.44,95.56,pRoCessIng,Всё отлично!,2024/12/30,9989149468253591
2030016563383,13.12.2024 07:40,ДмИтрИЙ кУзнеЦОв,+7 9914 21 71,1,кОрМ дЛЯ сОБАк,4,1673.06,326.94,PROcEsSinG,Всё отлично!,2024/12/30,9989149468253591
2030016562685,11.12.2024 12:44,МИХаил оРлоВ,+7(9112)26-94,1,КОрМ дЛЯ собаК,4,1933.93,66.07,pRocesSING,Всё отлично!,2024-12-17,0120257637058489
2030016561357,2024-12-14 06:46:05,аННа СмИрНОВА,8(9113) 84-65,4,пОдПисКа На ГАзЕтУ,1,591.53,8.47,cAnCElLeD,Всё отлично!,19.12.2024,0331479572656853
2030016561357,2024-12-14 06:46:05,аННа СмИрНОВА,8(9113) 84-65,3,АМуНИЦиЯ для собАк,1,1188.98,11.02,CANCElLed,Всё отлично!,19.12.2024,0331479572656853
2030016561357,2024-12-14 06:46:05,аННа СмИрНОВА,8(9113) 84-65,5,МОлОКо,3,8349.92,650.08,CAncElled,Всё отлично!,19.12.2024,0331479572656853
2030016560166,08.12.2024 18:23,АЛЕксей МиХайЛов,+7(9777)53-68,4,ПОДпИСкА на гАЗЕтУ,3,1515.14,284.86,PrOCESsiNG,Ждём с нетерпением!,2024/12/07,1542877279544867
2030016560166,08.12.2024 18:23,АЛЕксей МиХайЛов,+7(9777)53-68,4,ПоДпиСКА на гаЗетУ,1,571.29,28.71,pROCESsInG,Ждём с нетерпением!,2024/12/07,1542877279544867
2030016560166,08.12.2024 18:23,АЛЕксей МиХайЛов,+7(9777)53-68,2,ИгрушКА мЯЧ,1,262.95,37.05,PROceSSinG,Ждём с нетерпением!,2024/12/07,1542877279544867
2030016560166,08.12.2024 18:23,АЛЕксей МиХайЛов,+7(9777)53-68,1,КОРм дЛя СОБАк,2,937.59,62.41,ProcESSinG,Ждём с нетерпением!,2024/12/07,1542877279544867
2030016560166,08.12.2024 18:23,АЛЕксей МиХайЛов,+7(9777)53-68,2,игруШкА МЯЧ,3,886.78,13.22,pROCESsIng,Ждём с нетерпением!,2024/12/07,1542877279544867
2030016559647,2024-12-10 05:55:55,еЛЕнА нОвиКова,8(9418) 90-99,2,игРушКа МЯч,1,265.69,34.31,CanCELLed,Всё отлично!,2024/12/09,6290486123219969
2030016559647,2024-12-10 05:55:55,еЛЕнА нОвиКова,8(9418) 90-99,4,поДПИСКА на гАЗетУ,3,1534.21,265.79,cANcELlEd,Всё отлично!,2024/12/09,6290486123219969
2030016559647,2024-12-10 05:55:55,еЛЕнА нОвиКова,8(9418) 90-99,5,МОлокО,3,7802.39,1197.61,cANcELlED,Всё отлично!,2024/12/09,6290486123219969
2030016559647,2024-12-10 05:55:55,еЛЕнА нОвиКова,8(9418) 90-99,1,КОРМ для СОБАк,3,1271.08,228.92,cANcElLed,Всё отлично!,2024/12/09,6290486123219969
2030016558760,2024/12/19 16:44:36,ЕлЕна НоВиКОВа,8(9565) 10-62,3,АмуницИя дЛЯ соБАк,3,3591.34,8.66,CoMPlETEd,спасибо за заказ,2024-12-03,1741599057684748
2030016558760,2024/12/19 16:44:36,ЕлЕна НоВиКОВа,8(9565) 10-62,2,ИгРУШКа МЯч,4,999.41,200.59,COmpLETEd,спасибо за заказ,2024-12-03,1741599057684748
2030016558760,2024/12/19 16:44:36,ЕлЕна НоВиКОВа,8(9565) 10-62,3,амуНИцИЯ дЛЯ СобаК,1,1052.47,147.53,cOMpLeTed,спасибо за заказ,2024-12-03,1741599057684748
2030016557279,2024/12/19 02:49:52,алексей МИхайЛоВ,+7(9013)93-53,2,игрУшка мЯЧ,3,811.96,88.04,cAncElLed,Всё отлично!,2024-12-26,2309362185041494
2030016557279,2024/12/19 02:49:52,алексей МИхайЛоВ,+7(9013)93-53,1,коРМ ДлЯ СобАк,3,1438.88,61.12,CaNceLleD,Всё отлично!,2024-12-26,2309362185041494
2030016557279,2024/12/19 02:49:52,алексей МИхайЛоВ,+7(9013)93-53,5,МолОко,2,5479.89,520.11,cAnCeLLEd,Всё отлично!,2024-12-26,2309362185041494
2030016556498,2024/12/09 22:40:21,ивАн ИВаНОВ,+7(9902)26-18,5,мОЛОКо,3,8536.11,463.89,caNcelLED,спасибо за заказ,2024-12-12,3408432093859542
2030016556498,2024/12/09 22:40:21,ивАн ИВаНОВ,+7(9902)26-18,4,ПОдПИсКА нА ГаЗету,1,596.44,3.56,CAncelLeD,спасибо за заказ,2024-12-12,3408432093859542
2030016556498,2024/12/09 22:40:21,ивАн ИВаНОВ,+7(9902)26-18,3,АмУНИциЯ ДЛя СоБак,2,2057.29,342.71,CAnCElled,спасибо за заказ,2024-12-12,3408432093859542
2030016556498,2024/12/09 22:40:21,ивАн ИВаНОВ,+7(9902)26-18,2,иГруШкА мяч,3,775.35,124.65,cAnCELLED,спасибо за заказ,2024-12-12,3408432093859542
2030016555660,2024-12-21 09:32:33,СерГей сидоров,+7 9951 29 24,5,молокО,2,5976.89,23.11,CANCeLled,Нужно уточнить сроки,28.12.2024,2900740361544572
2030016554759,26.12.2024 14:34,сЕргЕЙ СИДОРоВ,+7 9344 44 24,3,аМуНиЦИя длЯ СобАк,1,1045.58,154.42,pRoCESSiNg,Нужно уточнить сроки,15.12.2024,8343325586990171
2030016554759,26.12.2024 14:34,сЕргЕЙ СИДОРоВ,+7 9344 44 24,1,кОрм ДЛя СОБак,4,1602.54,397.46,ProCEsSinG,Нужно уточнить сроки,15.12.2024,8343325586990171
2030016554759,26.12.2024 14:34,сЕргЕЙ СИДОРоВ,+7 9344 44 24,4,Подписка на гаЗЕТу,5,2562.86,437.14,pROCeSsInG,Нужно уточнить сроки,15.12.2024,8343325586990171
2030016554759,26.12.2024 14:34,сЕргЕЙ СИДОРоВ,+7 9344 44 24,2,ИгРуШка МЯч,2,550.1,49.9,PROCESSiNG,Нужно уточнить сроки,15.12.2024,8343325586990171
2030016553594,2024-12-15 14:54:34,ИвАН иВаНов,8(9943) 47-76,1,КОрМ ДЛЯ сОБак,1,409.56,90.44,coMpletED,спасибо за заказ,27.12.2024,6103428895442001
2030016553594,2024-12-15 14:54:34,ИвАН иВаНов,8(9943) 47-76,4,подпИСкА нА гАЗеТу,3,1615.85,184.15,COmPlETEd,спасибо за заказ,27.12.2024,6103428895442001
2030016553594,2024-12-15 14:54:34,ИвАН иВаНов,8(9943) 47-76,3,аМунИЦиЯ Для Собак,2,2027.72,372.28,cOmpleTed,спасибо за заказ,27.12.2024,6103428895442001
2030016552625,2024/12/08 01:44:47,михАил орЛоВ,+7 9115 80 83,4,подписКа на гаЗЕту,1,570.29,29.71,prOcEssInG,спасибо за заказ,25.12.2024,8221720550805841
2030016552625,2024/12/08 01:44:47,михАил орЛоВ,+7 9115 80 83,4,ПОдПиСка НА гАзЕтУ,5,2794.13,205.87,pRocESSIng,спасибо за заказ,25.12.2024,8221720550805841
2030016551185,12.12.2024 08:06,аННа сМИРнОвА,8(9416) 47-55,2,иГРуШка мяч,4,1090.11,109.89,PRoCEsSINg,Нужно уточнить сроки,06.12.2024,7575331520722268
2030016551185,12.12.2024 08:06,аННа сМИРнОвА,8(9416) 47-55,1,корМ дЛЯ СОБАк,3,1374.39,125.61,pRocEsSING,Нужно уточнить сроки,06.12.2024,7575331520722268
2030016550274,11.12.2024 15:43,СерГЕЙ сИДОРОВ,8(9749) 77-90,4,подпИСКА на газЕТУ,3,1776.24,23.76,proceSsinG,Всё отлично!,2024-12-23,6853173325575396
2030016550274,11.12.2024 15:43,СерГЕЙ сИДОРОВ,8(9749) 77-90,5,молОКО,1,2722.74,277.26,PROCesSINg,Всё отлично!,2024-12-23,6853173325575396
2030016549702,26.12.2024 17:42,аЛеКСей МиХаЙлОВ,+7(9017)33-64,5,моЛоко,1,2887.11,112.89,cOmpleTed,Ждём с нетерпением!,2024-12-24,5811142340090264
2030016549702,26.12.2024 17:42,аЛеКСей МиХаЙлОВ,+7(9017)33-64,5,МоЛОКо,2,5852.56,147.44,complEteD,Ждём с нетерпением!,2024-12-24,5811142340090264
2030016549702,26.12.2024 17:42,аЛеКСей МиХаЙлОВ,+7(9017)33-64,2,ИГрУШкА МЯч,4,1120.1,79.9,COmpLEtEd,Ждём с нетерпением!,2024-12-24,5811142340090264
2030016549702,26.12.2024 17:42,аЛеКСей МиХаЙлОВ,+7(9017)33-64,3,АМУниЦия для СоБАк,5,5171.43,828.57,CoMpleted,Ждём с нетерпением!,2024-12-24,5811142340090264
2030016549702,26.12.2024 17:42,аЛеКСей МиХаЙлОВ,+7(9017)33-64,5,мОлОко,3,8959.37,40.63,cOMplETed,Ждём с нетерпением!,2024-12-24,5811142340090264
2030016548257,23.12.2024 01:26,МиХаил ОрЛОв,+7 9615 67 75,4,ПОДПиска НА гАзету,2,1199.7,0.3,proCEsSiNg,подарок вовремя,2024-12-28,7517372789612444
2030016548257,23.12.2024 01:26,МиХаил ОрЛОв,+7 9615 67 75,2,иГрушкА мяч,5,1331.08,168.92,prOcESSing,подарок вовремя,2024-12-28,7517372789612444
2030016547221,2024/12/09 12:24:51,ИваН ИваноВ,8(9926) 70-49,5,моЛОко,1,2947.98,52.02,compLETEd,Нужно уточнить сроки,2024/12/10,5848227289165618
2030016547221,2024/12/09 12:24:51,ИваН ИваноВ,8(9926) 70-49,3,амУНИЦИя дЛя собАК,3,3242.7,357.3,COmplETED,Нужно уточнить сроки,2024/12/10,5848227289165618
2030016547221,2024/12/09 12:24:51,ИваН ИваноВ,8(9926) 70-49,2,ИГруШКА мЯЧ,1,283.57,16.43,cOMPleTED,Нужно уточнить сроки,2024/12/10,5848227289165618
2030016546846,27.12.2024 14:11,НаТАлЬЯ ВАСИЛЬеВа,8(9548) 67-37,3,амуНИцИЯ ДлЯ Собак,5,4892.2,1107.8,PrOceSsing,спасибо за заказ,2024-12-13,0601283015419293
2030016545368,2024/12/16 18:23:20,АннА СмирНова,+7 9816 92 26,1,Корм Для СОБАК,4,1915.03,84.97,CoMPLEtEd,Нужно уточнить сроки,2024/12/03,2552005236466776
2030016544820,2024-12-16 03:18:36,ИВан ИВАНОВ,+7(9470)72-35,1,корМ ДЛя СОбак,3,1445.65,54.35,caNceLlEd,Нужно уточнить сроки,01.12.2024,1401593932881358
2030016544820,2024-12-16 03:18:36,ИВан ИВАНОВ,+7(9470)72-35,4,ПоДПиСКа нА гАЗеТу,5,2791.7,208.3,CaNCELleD,Нужно уточнить сроки,01.12.2024,1401593932881358
2030016543691,2024-12-30 22:35:56,анНа сМИРНОВа,8(9445) 22-13,3,АмУНиЦИЯ Для СОБАК,4,3858.15,941.85,cAnCELleD,спасибо за заказ,31.12.2024,2010762485333320
2030016542375,08.12.2024 00:09,АННА СмИРНова,+7 9157 52 42,2,иГРУШКА МЯЧ,2,573.63,26.37,proCessiNg,Всё отлично!,2024/12/23,0910756972863105
2030016542375,08.12.2024 00:09,АННА СмИРНова,+7 9157 52 42,3,АМуНИЦИЯ дЛя сОбак,4,4712.89,87.11,prOCEssInG,Всё отлично!,2024/12/23,0910756972863105
2030016542375,08.12.2024 00:09,АННА СмИРНова,+7 9157 52 42,2,игрУШКА мЯЧ,1,276.09,23.91,PrOCEsSInG,Всё отлично!,2024/12/23,0910756972863105
2030016541585,2024-12-15 21:50:09,оЛьгА кУЗнЕЦОВА,8(9588) 28-67,2,ИГРушка мЯч,3,776.23,123.77,ComplETed,Нужно уточнить сроки,27.12.2024,0289656527093971
2030016541585,2024-12-15 21:50:09,оЛьгА кУЗнЕЦОВА,8(9588) 28-67,2,иГРУшкА мяч,1,272.52,27.48,ComPletEd,Нужно уточнить сроки,27.12.2024,0289656527093971
2030016540219,2024/12/08 14:07:03,мАрИя пЕтровА,+7 9315 94 52,5,мОлОКо,5,12396.61,2603.39,caNCELlED,спасибо за заказ,2024-12-09,6195598393408330
2030016540219,2024/12/08 14:07:03,мАрИя пЕтровА,+7 9315 94 52,3,АмУниЦиЯ для соБАк,2,2265.3,134.7,cANceLlED,спасибо за заказ,2024-12-09,6195598393408330
2030016540219,2024/12/08 14:07:03,мАрИя пЕтровА,+7 9315 94 52,2,иГрУШКА МяЧ,3,886.86,13.14,cANceLlEd,спасибо за заказ,2024-12-09,6195598393408330
2030016540219,2024/12/08 14:07:03,мАрИя пЕтровА,+7 9315 94 52,3,амУНициЯ ДЛЯ сОБак,3,2924.02,675.98,cAnCEllED,спасибо за заказ,2024-12-09,6195598393408330
2030016539121,31.12.2024 02:52,МихАИл оРлоВ,+7 9571 72 15,2,иГРуШкА мЯч,1,241.58,58.42,pRocesSiNG,Проверить наличие,10.12.2024,8322273840469638
2030016539121,31.12.2024 02:52,МихАИл оРлоВ,+7 9571 72 15,5,мОлоко,3,8756.22,243.78,PRoceSSING,Проверить наличие,10.12.2024,8322273840469638
2030016539121,31.12.2024 02:52,МихАИл оРлоВ,+7 9571 72 15,4,подПИска на ГаЗеТу,1,533.08,66.92,PRoceSSIng,Проверить наличие,10.12.2024,8322273840469638
2030016539121,31.12.2024 02:52,МихАИл оРлоВ,+7 9571 72 15,3,АмУнИЦиЯ ДлЯ сОБаК,2,2057.99,342.01,pRoCESSING,Проверить наличие,10.12.2024,8322273840469638
2030016538216,2024/12/13 19:19:02,ОльгА куЗНеЦОВа,8(9395) 12-16,2,ИГрУШка Мяч,3,736.68,163.32,CANcEllED,Нужно уточнить сроки,2024-12-24,5961322217162807
2030016538216,2024/12/13 19:19:02,ОльгА куЗНеЦОВа,8(9395) 12-16,1,коРМ дЛЯ СобАК,5,2258.93,241.07,CAncElLeD,Нужно уточнить сроки,2024-12-24,5961322217162807
2030016538216,2024/12/13 19:19:02,ОльгА куЗНеЦОВа,8(9395) 12-16,3,аМУницИя дЛя сОБак,4,4020.6,779.4,cANcelLed,Нужно уточнить сроки,2024-12-24,5961322217162807
2030016538216,2024/12/13 19:19:02,ОльгА куЗНеЦОВа,8(9395) 12-16,2,ИгРушКа МЯч,5,1442.87,57.13,CanCelleD,Нужно уточнить сроки,2024-12-24,5961322217162807
2030016538216,2024/12/13 19:19:02,ОльгА куЗНеЦОВа,8(9395) 12-16,1,коРМ Для соБАК,2,849.46,150.54,cANCeLLed,Нужно уточнить сроки,2024-12-24,5961322217162807
2030016537453,2024/12/02 05:51:55,ОльгА кУзНЕЦОвА,+7(9910)56-34,4,подПиСкА на гАзетУ,1,503.44,96.56,prOcessInG,Проверить наличие,21.12.2024,9485050533452809
2030016536987,12.12.2024 23:15,марИя пеТроВа,8(9068) 36-60,1,КОРм ДЛЯ собАк,3,1368.59,131.41,pRoCeSSInG,спасибо за заказ,2024/12/25,7239145403751320
2030016536987,12.12.2024 23:15,марИя пеТроВа,8(9068) 36-60,1,коРм длЯ соБАК,4,1836.22,163.78,prOcESsing,спасибо за заказ,2024/12/25,7239145403751320
2030016536987,12.12.2024 23:15,марИя пеТроВа,8(9068) 36-60,5,МОЛоКО,3,7258.31,1741.69,ProCEsSinG,спасибо за заказ,2024/12/25,7239145403751320
2030016535109,2024/12/27 07:44:47,анна СмИрНОВА,+7(9428)00-30,5,мОлОкО,2,5020.98,979.02,CanCEllED,"Задержка с доставкой, печалька...",2024/12/24,3057600717451927
2030016535109,2024/12/27 07:44:47,анна СмИрНОВА,+7(9428)00-30,2,иГРУшКА Мяч,2,598.15,1.85,cANCELLEd,"Задержка с доставкой, печалька...",2024/12/24,3057600717451927
2030016535109,2024/12/27 07:44:47,анна СмИрНОВА,+7(9428)00-30,2,иГруШКА МЯч,3,858.76,41.24,caNCeLlEd,"Задержка с доставкой, печалька...",2024/12/24,3057600717451927
2030016534374,25.12.2024 16:26,АНна СмиРНова,8(9521) 55-76,2,ИГрушКА мяЧ,4,1190.68,9.32,prOcEsSinG,Проверить наличие,2024/12/15,1265159791845033
2030016534374,25.12.2024 16:26,АНна СмиРНова,8(9521) 55-76,3,АМуНИциЯ дЛЯ сОбАК,4,3877.07,922.93,pROcEsSinG,Проверить наличие,2024/12/15,1265159791845033
2030016533633,07.12.2024 19:39,Елена нОвикОвА,8(9642) 35-25,5,МолоКо,3,8046.25,953.75,cOmpLEted,Всё отлично!,2024/12/21,1222470190967681
2030016533633,07.12.2024 19:39,Елена нОвикОвА,8(9642) 35-25,1,КорМ ДЛя соБАк,1,406.31,93.69,cOmplEtEd,Всё отлично!,2024/12/21,1222470190967681
2030016533633,07.12.2024 19:39,Елена нОвикОвА,8(9642) 35-25,5,моЛоКО,4,10377.59,1622.41,CompLEtED,Всё отлично!,2024/12/21,1222470190967681
2030016532675,2024-12-05 11:23:03,дмИТриЙ КУзнЕЦов,+7 9121 37 88,3,АмунИЦИЯ дЛя СОбак,5,5180.09,819.91,pRocessiNg,Проверить наличие,12.12.2024,8932238029101313
2030016532675,2024-12-05 11:23:03,дмИТриЙ КУзнЕЦов,+7 9121 37 88,4,подПИскА нА ГАзЕту,3,1486.96,313.04,PRoCeSSing,Проверить наличие,12.12.2024,8932238029101313
2030016532675,2024-12-05 11:23:03,дмИТриЙ КУзнЕЦов,+7 9121 37 88,4,поДПИСКа нА ГаЗЕТУ,4,2102.21,297.79,proCeSsIng,Проверить наличие,12.12.2024,8932238029101313
2030016532675,2024-12-05 11:23:03,дмИТриЙ КУзнЕЦов,+7 9121 37 88,4,подПИскА НА гАзЕТУ,1,565.8,34.2,proCessiNg,Проверить наличие,12.12.2024,8932238029101313
2030016532675,2024-12-05 11:23:03,дмИТриЙ КУзнЕЦов,+7 9121 37 88,3,аМУНИЦИЯ длЯ сОБАк,4,4034.37,765.63,pROCESsinG,Проверить наличие,12.12.2024,8932238029101313
2030016531949,06.12.2024 12:40,СЕРГей СИдороВ,8(9878) 40-32,2,иГРУШка МЯЧ,3,787.83,112.17,prOCEsSIng,подарок вовремя,2024-12-24,3931108356328902
2030016531949,06.12.2024 12:40,СЕРГей СИдороВ,8(9878) 40-32,2,иГрУШКА МЯч,5,1296.62,203.38,prOCEssinG,подарок вовремя,2024-12-24,3931108356328902
2030016531949,06.12.2024 12:40,СЕРГей СИдороВ,8(9878) 40-32,1,кОрМ ДЛЯ соБаК,4,1955.28,44.72,pROCESsing,подарок вовремя,2024-12-24,3931108356328902
2030016531949,06.12.2024 12:40,СЕРГей СИдороВ,8(9878) 40-32,2,ИГРушКа мЯЧ,4,1198.98,1.02,PRoCesSinG,подарок вовремя,2024-12-24,3931108356328902
2030016530238,2024-12-23 09:05:42,АлекСеЙ МиХаЙлоВ,+7 9872 33 97,3,амунИЦия ДлЯ собАК,1,1186.19,13.81,proCesSinG,спасибо за заказ,28.12.2024,3633213639701195
2030016530238,2024-12-23 09:05:42,АлекСеЙ МиХаЙлоВ,+7 9872 33 97,3,АМУнициЯ ДлЯ сОБаК,4,4286.4,513.6,pRocESsING,спасибо за заказ,28.12.2024,3633213639701195
2030016530238,2024-12-23 09:05:42,АлекСеЙ МиХаЙлоВ,+7 9872 33 97,4,ПОдписКа нА гАзЕту,4,2195.5,204.5,ProcEssING,спасибо за заказ,28.12.2024,3633213639701195
2030016530238,2024-12-23 09:05:42,АлекСеЙ МиХаЙлоВ,+7 9872 33 97,1,кОрМ дЛЯ Собак,1,473.91,26.09,proCesSINg,спасибо за заказ,28.12.2024,3633213639701195
2030016530238,2024-12-23 09:05:42,АлекСеЙ МиХаЙлоВ,+7 9872 33 97,2,иГрУшка МЯЧ,3,820.07,79.93,ProcesSing,спасибо за заказ,28.12.2024,3633213639701195
2030016529213,05.12.2024 01:33,МИХАил ОрлОв,+7(9792)37-53,4,поДПИСКА нА гаЗетУ,5,2433.0,567.0,cAnCElLed,"Задержка с доставкой, печалька...",30.12.2024,8852791734148057
2030016529213,05.12.2024 01:33,МИХАил ОрлОв,+7(9792)37-53,1,КоРМ для СобАК,2,914.49,85.51,CANCelled,"Задержка с доставкой, печалька...",30.12.2024,8852791734148057
2030016529213,05.12.2024 01:33,МИХАил ОрлОв,+7(9792)37-53,5,МолОкО,4,11497.26,502.74,cANcELlED,"Задержка с доставкой, печалька...",30.12.2024,8852791734148057
2030016528942,2024-12-03 00:33:42,ИВаН иВАНОв,+7 9114 21 82,4,ПОдПИСкА на газету,1,589.68,10.32,COMPleTed,подарок вовремя,2024/12/06,1423926002207377
2030016528942,2024-12-03 00:33:42,ИВаН иВАНОв,+7 9114 21 82,1,кОрм Для соБАК,1,446.27,53.73,comPLEtEd,подарок вовремя,2024/12/06,1423926002207377
2030016528942,2024-12-03 00:33:42,ИВаН иВАНОв,+7 9114 21 82,3,АмунИЦИя длЯ сОБАК,3,3383.5,216.5,compLetEd,подарок вовремя,2024/12/06,1423926002207377
2030016528942,2024-12-03 00:33:42,ИВаН иВАНОв,+7 9114 21 82,4,ПОдПиСКа нА ГАЗеТУ,2,1084.02,115.98,COmpLeted,подарок вовремя,2024/12/06,1423926002207377
2030016528942,2024-12-03 00:33:42,ИВаН иВАНОв,+7 9114 21 82,3,АмуНИцИЯ ДЛЯ СобАк,1,1087.94,112.06,CoMplEtED,подарок вовремя,2024/12/06,1423926002207377
2030016527260,2024-12-15 19:55:59,МИхаИл ОрлоВ,+7(9782)05-63,2,ИГруШка мяЧ,4,1145.44,54.56,prOcEssiNG,"Задержка с доставкой, печалька...",05.12.2024,6270474052576831
2030016527260,2024-12-15 19:55:59,МИхаИл ОрлоВ,+7(9782)05-63,4,пОДПиСКа нА ГаЗЕТу,1,555.75,44.25,prOCesSiNG,"Задержка с доставкой, печалька...",05.12.2024,6270474052576831
2030016526901,2024-12-08 04:14:15,МарИЯ ПЕтроВа,+7(9536)51-33,3,амУницИЯ ДЛЯ собаК,5,4854.61,1145.39,cAnCelLEd,Ждём с нетерпением!,2024/12/09,8237672281930429
2030016526901,2024-12-08 04:14:15,МарИЯ ПЕтроВа,+7(9536)51-33,1,кОрМ ДлЯ СобАк,2,933.93,66.07,CaNCellED,Ждём с нетерпением!,2024/12/09,8237672281930429
2030016526901,2024-12-08 04:14:15,МарИЯ ПЕтроВа,+7(9536)51-33,2,иГРУШКа Мяч,2,576.26,23.74,CaNCellEd,Ждём с нетерпением!,2024/12/09,8237672281930429
2030016526901,2024-12-08 04:14:15,МарИЯ ПЕтроВа,+7(9536)51-33,3,АмУНиЦия ДЛЯ СобАК,3,3244.6,355.4,CANcELlED,Ждём с нетерпением!,2024/12/09,8237672281930429
2030016526901,2024-12-08 04:14:15,МарИЯ ПЕтроВа,+7(9536)51-33,2,иГрУшКА мяч,2,485.15,114.85,cANcelLEd,Ждём с нетерпением!,2024/12/09,8237672281930429
2030016525228,2024-12-17 03:05:37,ДмитрИй КУзнеЦОв,+7(9682)10-91,5,моЛоко,1,2428.93,571.07,pRocESSInG,подарок вовремя,2024-12-21,9584280195636088
2030016525228,2024-12-17 03:05:37,ДмитрИй КУзнеЦОв,+7(9682)10-91,4,подпиСка на гАзЕТу,5,2745.62,254.38,PROCESSInG,подарок вовремя,2024-12-21,9584280195636088
2030016524827,2024-12-14 10:09:24,ДМИТрИй кузНецОВ,8(9013) 74-82,3,аМуНиЦИЯ дЛя СОБаК,5,5166.42,833.58,CompLETed,Проверить наличие,2024-12-18,9636427671440807
2030016523570,2024/12/17 06:42:44,ОЛЬгА кУзнецОвА,8(9775) 98-77,5,МолОКО,5,13477.76,1522.24,complETEd,Всё отлично!,11.12.2024,3703767401279221
2030016523570,2024/12/17 06:42:44,ОЛЬгА кУзнецОвА,8(9775) 98-77,1,КорМ ДЛя СОбАк,3,1431.81,68.19,compLeTed,Всё отлично!,11.12.2024,3703767401279221
2030016522485,2024-12-09 08:56:35,натАлЬя вАСИЛьеВА,+7 9946 59 10,2,ИгрУШКА мяЧ,2,572.45,27.55,CoMplEteD,подарок вовремя,2024-12-03,9028143151202033
2030016522485,2024-12-09 08:56:35,натАлЬя вАСИЛьеВА,+7 9946 59 10,2,игРУШка мяЧ,1,248.73,51.27,cOMplEteD,подарок вовремя,2024-12-03,9028143151202033
2030016522485,2024-12-09 08:56:35,натАлЬя вАСИЛьеВА,+7 9946 59 10,5,мОлоКо,3,8706.6,293.4,COMPLetED,подарок вовремя,2024-12-03,9028143151202033
2030016522485,2024-12-09 08:56:35,натАлЬя вАСИЛьеВА,+7 9946 59 10,5,МОЛоКо,1,2485.58,514.42,ComPLeTEd,подарок вовремя,2024-12-03,9028143151202033
2030016521196,2024/12/26 09:14:28,миХаиЛ оРЛОв,+7(9131)58-48,3,аМУНИЦиЯ ДЛя СоБак,4,4070.22,729.78,CompLEtED,Нужно уточнить сроки,01.12.2024,5935370902197828
2030016520674,2024/12/12 01:38:10,еЛеНА НовИКоВа,+7(9543)04-31,5,МОЛокО,5,12761.57,2238.43,CANCELlED,Всё отлично!,2024/12/10,4430108517944942
2030016520674,2024/12/12 01:38:10,еЛеНА НовИКоВа,+7(9543)04-31,3,АМунициЯ ДЛя Собак,4,3885.54,914.46,cAnCELleD,Всё отлично!,2024/12/10,4430108517944942
2030016519345,2024/12/31 09:46:31,иВаН иВаНОВ,+7(9528)89-81,5,моЛоко,2,5672.33,327.67,pROcesSinG,"Задержка с доставкой, печалька...",2024/12/06,5936390824366944
2030016518880,23.12.2024 23:22,ольГа кузнеЦОВа,+7(9441)10-67,1,кОрм ДЛЯ собаК,1,418.73,81.27,CoMplEteD,подарок вовремя,26.12.2024,1937256555595385
2030016517528,2024/12/31 17:12:56,олЬгА куЗНЕЦОВа,8(9195) 75-87,2,ИгРушКа мяч,1,286.29,13.71,caNCeLLeD,Всё отлично!,2024-12-30,8729958996659400
2030016517528,2024/12/31 17:12:56,олЬгА куЗНЕЦОВа,8(9195) 75-87,3,АмУНиЦиЯ для СоБаК,4,4467.39,332.61,cANcElLeD,Всё отлично!,2024-12-30,8729958996659400
2030016516219,2024/12/17 16:12:34,АНнА СмиРНоВА,8(9486) 90-10,2,ИгРУШКа МЯЧ,5,1319.92,180.08,cANcELled,Проверить наличие,2024/12/28,2150440842149470
2030016516219,2024/12/17 16:12:34,АНнА СмиРНоВА,8(9486) 90-10,5,МОЛОко,4,11897.64,102.36,CANCELLEd,Проверить наличие,2024/12/28,2150440842149470
2030016516219,2024/12/17 16:12:34,АНнА СмиРНоВА,8(9486) 90-10,3,аМУниция Для сОбАК,3,3101.17,498.83,CAnCeLlED,Проверить наличие,2024/12/28,2150440842149470
2030016516219,2024/12/17 16:12:34,АНнА СмиРНоВА,8(9486) 90-10,1,КоРм ДлЯ сОбАК,4,1868.71,131.29,CAnCEllED,Проверить наличие,2024/12/28,2150440842149470
2030016516219,2024/12/17 16:12:34,АНнА СмиРНоВА,8(9486) 90-10,5,молОКо,4,11284.25,715.75,CanCEllED,Проверить наличие,2024/12/28,2150440842149470
2030016515468,2024-12-04 02:27:43,анНа СмирновА,+7 9685 96 51,2,ИгРуШКА мЯЧ,5,1432.34,67.66,PRoCeSSINg,Проверить наличие,23.12.2024,7163583638328306
2030016515468,2024-12-04 02:27:43,анНа СмирновА,+7 9685 96 51,3,АМунИцИя для СоБак,3,3591.97,8.03,ProcEsSING,Проверить наличие,23.12.2024,7163583638328306
2030016514926,25.12.2024 19:27,ЕЛеНа НОвИКОвА,+7(9237)95-95,4,ПОдПИСкА нА гАЗЕТУ,4,2249.05,150.95,ComPLeTED,Ждём с нетерпением!,2024/12/25,7179520538406863
2030016513216,2024/12/22 04:34:26,еЛЕНа нОвИКоВа,+7(9713)07-28,3,аМУнИция ДЛЯ СОБАК,5,5384.08,615.92,CAnCeLlED,спасибо за заказ,2024-12-14,6118681091669201
2030016512837,2024/12/30 14:42:48,ОльгА кУзНЕЦоВа,8(9451) 84-64,4,ПоДПИСКа На газету,2,1033.95,166.05,cAncElled,Проверить наличие,2024-12-18,2125986069564296
2030016512837,2024/12/30 14:42:48,ОльгА кУзНЕЦоВа,8(9451) 84-64,3,АМуНИЦИЯ Для сОБаК,1,973.72,226.28,cAncELleD,Проверить наличие,2024-12-18,2125986069564296
2030016512837,2024/12/30 14:42:48,ОльгА кУзНЕЦоВа,8(9451) 84-64,1,коРМ длЯ соБАк,4,1836.37,163.63,canceLLEd,Проверить наличие,2024-12-18,2125986069564296
2030016512837,2024/12/30 14:42:48,ОльгА кУзНЕЦоВа,8(9451) 84-64,3,АМуНиция дЛЯ СОБаК,3,2952.61,647.39,CanceLLed,Проверить наличие,2024-12-18,2125986069564296
2030016512837,2024/12/30 14:42:48,ОльгА кУзНЕЦоВа,8(9451) 84-64,2,ИгруШКа мяЧ,3,862.96,37.04,cAnCelLed,Проверить наличие,2024-12-18,2125986069564296
2030016767412,26.12.2024 22:11,Анна СМИРНова,+7 9426 71 23,2,ИгрУШКа МЯч,4,968.64,231.36,PRoCESSIng,Ждём с нетерпением!,2024-12-24,1818410833111424
2030016767412,26.12.2024 22:11,Анна СМИРНова,+7 9426 71 23,4,поДпИСка на газЕту,3,1744.77,55.23,PROcEssiNg,Ждём с нетерпением!,2024-12-24,1818410833111424
2030016767412,26.12.2024 22:11,Анна СМИРНова,+7 9426 71 23,3,АМУНиция ДлЯ соБаК,1,1158.69,41.31,prOcEssing,Ждём с нетерпением!,2024-12-24,1818410833111424
2030016767412,26.12.2024 22:11,Анна СМИРНова,+7 9426 71 23,2,ИгруШКа мЯч,2,527.85,72.15,prOceSsInG,Ждём с нетерпением!,2024-12-24,1818410833111424
2030016767412,26.12.2024 22:11,Анна СМИРНова,+7 9426 71 23,5,молОКо,3,7422.52,1577.48,proCeSSinG,Ждём с нетерпением!,2024-12-24,1818410833111424
2030016766479,24.12.2024 05:30,ЕлЕна нОВиКоВа,+7 9525 84 47,5,мОЛОкО,1,2987.92,12.08,CoMpleTEd,Всё отлично!,2024-12-26,4742526601867404
2030016766479,24.12.2024 05:30,ЕлЕна нОВиКоВа,+7 9525 84 47,1,коРм Для СОБаК,1,481.53,18.47,coMpLetED,Всё отлично!,2024-12-26,4742526601867404
2030016766479,24.12.2024 05:30,ЕлЕна нОВиКоВа,+7 9525 84 47,2,ИгрУШКА МЯЧ,4,1130.71,69.29,ComplETED,Всё отлично!,2024-12-26,4742526601867404
2030016765228,2024/12/21 18:45:40,елеНа новиковА,+7(9532)91-55,5,молОкО,2,5995.48,4.52,cANCElLed,подарок вовремя,2024/12/12,2366778040101414
2030016764158,2024/12/30 01:13:41,МихАил ОРЛОВ,+7(9352)11-83,1,КОрм длЯ собАк,5,2098.08,401.92,cOmplETEd,Нужно уточнить сроки,2024/12/29,1415841110408946
2030016763189,2024/12/27 15:20:24,маРиЯ пЕТРоВа,+7(9403)22-39,4,подпиСКа На ГаЗеТУ,5,2934.7,65.3,coMPLeTED,Проверить наличие,2024/12/13,4556783678766655
2030016763189,2024/12/27 15:20:24,маРиЯ пЕТРоВа,+7(9403)22-39,4,ПодпИСка на ГазЕту,3,1456.63,343.37,COmPlETED,Проверить наличие,2024/12/13,4556783678766655
2030016763189,2024/12/27 15:20:24,маРиЯ пЕТРоВа,+7(9403)22-39,4,ПоДпиСКА На ГАЗеТУ,3,1693.3,106.7,coMplEtED,Проверить наличие,2024/12/13,4556783678766655
2030016762598,2024-12-16 02:17:36,ОЛьГА кузНЕцовА,+7(9592)11-71,1,КоРм Для СОбАК,5,2075.4,424.6,cancELlED,спасибо за заказ,28.12.2024,1409987015217917
2030016762598,2024-12-16 02:17:36,ОЛьГА кузНЕцовА,+7(9592)11-71,3,АмУНИЦиЯ для соБАк,1,1083.27,116.73,caNCeLled,спасибо за заказ,28.12.2024,1409987015217917
2030016762598,2024-12-16 02:17:36,ОЛьГА кузНЕцовА,+7(9592)11-71,3,АМуниЦИЯ Для СобаК,3,3384.31,215.69,CaNcElLED,спасибо за заказ,28.12.2024,1409987015217917
2030016762598,2024-12-16 02:17:36,ОЛьГА кузНЕцовА,+7(9592)11-71,2,ИгРУШКа мЯч,5,1407.9,92.1,cANCELLeD,спасибо за заказ,28.12.2024,1409987015217917
2030016762598,2024-12-16 02:17:36,ОЛьГА кузНЕцовА,+7(9592)11-71,1,КОрМ дЛЯ СоБак,5,2154.36,345.64,cancelLed,спасибо за заказ,28.12.2024,1409987015217917
2030016761544,2024/12/07 04:49:57,ДМИТрий КУзнеЦОв,+7(9080)66-20,4,пОдПИска НА ГазетУ,1,508.56,91.44,caNCelLed,"Задержка с доставкой, печалька...",2024-12-09,3729847915779567
2030016761544,2024/12/07 04:49:57,ДМИТрий КУзнеЦОв,+7(9080)66-20,4,ПОдпИСКа нА гАЗету,3,1751.98,48.02,cAncellED,"Задержка с доставкой, печалька...",2024-12-09,3729847915779567
2030016761544,2024/12/07 04:49:57,ДМИТрий КУзнеЦОв,+7(9080)66-20,3,АМУНИцИя дЛя СОбАК,4,4072.56,727.44,cAncelled,"Задержка с доставкой, печалька...",2024-12-09,3729847915779567
2030016760192,2024/12/12 12:29:04,МИХаИЛ орЛов,+7(9013)49-55,2,иГРУШКа мЯч,4,1003.46,196.54,CaNCElLED,Нужно уточнить сроки,2024/12/29,3910123601666236
2030016760192,2024/12/12 12:29:04,МИХаИЛ орЛов,+7(9013)49-55,3,амуНИЦиЯ длЯ СОбАК,3,3087.44,512.56,canCellEd,Нужно уточнить сроки,2024/12/29,3910123601666236
2030016760192,2024/12/12 12:29:04,МИХаИЛ орЛов,+7(9013)49-55,3,амУНицИя ДЛя сОбАк,1,1100.94,99.06,CANCELLEd,Нужно уточнить сроки,2024/12/29,3910123601666236
2030016760192,2024/12/12 12:29:04,МИХаИЛ орЛов,+7(9013)49-55,5,МОЛоКО,4,10324.09,1675.91,CanCEllEd,Нужно уточнить сроки,2024/12/29,3910123601666236
2030016760192,2024/12/12 12:29:04,МИХаИЛ орЛов,+7(9013)49-55,1,кОрм дЛя сОБаК,2,955.84,44.16,CancELlEd,Нужно уточнить сроки,2024/12/29,3910123601666236
2030016759521,2024/12/15 15:48:13,СерГЕй сидоРОВ,8(9578) 94-06,5,моЛОКО,5,14594.64,405.36,COMPleTed,подарок вовремя,2024/12/31,3193489947795371
2030016759521,2024/12/15 15:48:13,СерГЕй сидоРОВ,8(9578) 94-06,1,КОРМ дЛЯ соБАК,2,936.66,63.34,cOMPlETEd,подарок вовремя,2024/12/31,3193489947795371
2030016759521,2024/12/15 15:48:13,СерГЕй сидоРОВ,8(9578) 94-06,2,ИгруШка МЯч,2,512.63,87.37,COMPLETed,подарок вовремя,2024/12/31,3193489947795371
2030016758830,30.12.2024 19:26,ЕленА НовИкОва,8(9794) 19-14,3,аМУницИя для соБАк,1,1018.33,181.67,cOMPlETed,спасибо за заказ,01.12.2024,2076016501616860
2030016758830,30.12.2024 19:26,ЕленА НовИкОва,8(9794) 19-14,2,иГРУШКа мЯч,4,1011.92,188.08,CoMplEteD,спасибо за заказ,01.12.2024,2076016501616860
2030016758830,30.12.2024 19:26,ЕленА НовИкОва,8(9794) 19-14,1,КОРМ дЛя соБак,5,2476.3,23.7,cOmpLetED,спасибо за заказ,01.12.2024,2076016501616860
2030016758830,30.12.2024 19:26,ЕленА НовИкОва,8(9794) 19-14,2,ИГрушкА мЯЧ,5,1313.1,186.9,coMPleted,спасибо за заказ,01.12.2024,2076016501616860
2030016758830,30.12.2024 19:26,ЕленА НовИкОва,8(9794) 19-14,1,кОРМ для собаК,1,481.69,18.31,ComPleTEd,спасибо за заказ,01.12.2024,2076016501616860
2030016757995,2024/12/03 23:17:47,нАтаЛьЯ ВАсИЛьевА,8(9823) 64-45,3,АМУницИя Для собАК,2,2168.29,231.71,CAncElleD,Всё отлично!,09.12.2024,5846482172071096
2030016757995,2024/12/03 23:17:47,нАтаЛьЯ ВАсИЛьевА,8(9823) 64-45,2,ИгруШкА Мяч,5,1228.03,271.97,CaNCELLED,Всё отлично!,09.12.2024,5846482172071096
2030016756339,2024/12/31 06:41:36,дМИТРиЙ КузНецов,8(9659) 87-97,4,пОДПиСКА НА ГаЗеТУ,4,2232.56,167.44,COmPleteD,"Задержка с доставкой, печалька...",25.12.2024,3400516989786687
2030016756339,2024/12/31 06:41:36,дМИТРиЙ КузНецов,8(9659) 87-97,2,ИгРуШка мЯЧ,3,896.65,3.35,cOmplETeD,"Задержка с доставкой, печалька...",25.12.2024,3400516989786687
2030016755973,13.12.2024 20:30,ИВАн иВаНОВ,+7 9026 34 31,2,иГРУшка Мяч,4,981.53,218.47,CompLetED,Проверить наличие,25.12.2024,6067531442512044
2030016754964,2024/12/15 01:34:08,ДмитриЙ КуЗНецОв,8(9845) 30-25,2,ИгрУшкА МЯч,5,1395.2,104.8,canceLLED,"Задержка с доставкой, печалька...",2024/12/16,0379838857457138
2030016754964,2024/12/15 01:34:08,ДмитриЙ КуЗНецОв,8(9845) 30-25,1,КорМ Для СОБАк,4,1652.11,347.89,CaNCelLeD,"Задержка с доставкой, печалька...",2024/12/16,0379838857457138
2030016753891,2024/12/08 03:09:32,ольГА кУзнЕцовА,8(9109) 65-86,1,КОрм ДЛя СоБАК,5,2363.44,136.56,cANceLLED,Нужно уточнить сроки,19.12.2024,8919378575891412
2030016753891,2024/12/08 03:09:32,ольГА кУзнЕцовА,8(9109) 65-86,3,амУниЦИЯ для Собак,4,4782.14,17.86,CAnCelLEd,Нужно уточнить сроки,19.12.2024,8919378575891412
2030016752451,2024-12-08 23:43:36,иВан ИВАнов,+7(9535)87-43,4,поДПиска На газету,4,2385.59,14.41,PrOCeSSInG,"Задержка с доставкой, печалька...",2024-12-19,5159955536486059
2030016751374,2024/12/25 22:40:43,СЕРгей сИдОроВ,+7(9853)39-28,1,КоРМ ДлЯ СобаК,2,939.35,60.65,caNCeLLED,"Задержка с доставкой, печалька...",22.12.2024,7262250413012248
2030016751374,2024/12/25 22:40:43,СЕРгей сИдОроВ,+7(9853)39-28,5,моЛОКО,2,5194.77,805.23,canCeLlED,"Задержка с доставкой, печалька...",22.12.2024,7262250413012248
2030016751374,2024/12/25 22:40:43,СЕРгей сИдОроВ,+7(9853)39-28,3,амУНИциЯ дЛя СОБАк,1,977.45,222.55,caNceLleD,"Задержка с доставкой, печалька...",22.12.2024,7262250413012248
2030016751374,2024/12/25 22:40:43,СЕРгей сИдОроВ,+7(9853)39-28,4,поДпиСка На газЕтУ,4,2253.44,146.56,CANcELlED,"Задержка с доставкой, печалька...",22.12.2024,7262250413012248
2030016750423,2024/12/12 15:29:42,иван ИвАНОв,+7(9305)48-34,1,кОРм Для соБАк,3,1266.99,233.01,cOmPleted,Проверить наличие,24.12.2024,2804814417939423
2030016750423,2024/12/12 15:29:42,иван ИвАНОв,+7(9305)48-34,4,ПОдписКа На гАЗеТу,3,1798.8,1.2,cOMpleTEd,Проверить наличие,24.12.2024,2804814417939423
2030016750423,2024/12/12 15:29:42,иван ИвАНОв,+7(9305)48-34,5,мОЛоко,3,7291.06,1708.94,cOMPlEtEd,Проверить наличие,24.12.2024,2804814417939423
2030016749861,2024/12/09 04:08:40,серГей СИДоРОВ,8(9015) 18-23,5,мОлоКО,5,12731.9,2268.1,coMplEted,"Задержка с доставкой, печалька...",2024-12-22,0477934268616850
2030016749861,2024/12/09 04:08:40,серГей СИДоРОВ,8(9015) 18-23,4,пОдпИска нА гаЗетУ,1,538.39,61.61,COmplEtEd,"Задержка с доставкой, печалька...",2024-12-22,0477934268616850
2030016749861,2024/12/09 04:08:40,серГей СИДоРОВ,8(9015) 18-23,3,АмунициЯ дЛЯ СОбАк,2,2289.78,110.22,COmplETEd,"Задержка с доставкой, печалька...",2024-12-22,0477934268616850
2030016749861,2024/12/09 04:08:40,серГей СИДоРОВ,8(9015) 18-23,4,поДпИСкА НА гАзЕтУ,2,1004.42,195.58,cOMPletEd,"Задержка с доставкой, печалька...",2024-12-22,0477934268616850
2030016749861,2024/12/09 04:08:40,серГей СИДоРОВ,8(9015) 18-23,2,игруШкА мЯч,4,1116.51,83.49,COMpLEtEd,"Задержка с доставкой, печалька...",2024-12-22,0477934268616850
2030016748878,2024/12/08 00:41:40,михаил ОРЛоВ,+7 9421 84 72,5,мОЛОкО,5,12347.53,2652.47,ProcESsIng,Нужно уточнить сроки,2024-12-03,8992113677509688
2030016748878,2024/12/08 00:41:40,михаил ОРЛоВ,+7 9421 84 72,1,коРм Для Собак,1,405.86,94.14,PRoCEssiNg,Нужно уточнить сроки,2024-12-03,8992113677509688
2030016748878,2024/12/08 00:41:40,михаил ОРЛоВ,+7 9421 84 72,3,АмуНИцИЯ ДЛЯ собАк,2,2030.51,369.49,pRoCesSING,Нужно уточнить сроки,2024-12-03,8992113677509688
2030016748878,2024/12/08 00:41:40,михаил ОРЛоВ,+7 9421 84 72,1,КоРМ ДлЯ СобаК,3,1461.24,38.76,pROcESsIng,Нужно уточнить сроки,2024-12-03,8992113677509688
2030016747801,02.12.2024 13:06,дМиТриЙ КузнЕцоВ,+7(9629)38-62,5,молОкО,5,14636.24,363.76,CaNCelleD,Ждём с нетерпением!,2024-12-08,4432819810595091
2030016747801,02.12.2024 13:06,дМиТриЙ КузнЕцоВ,+7(9629)38-62,3,АмуНИциЯ ДЛя сОбАК,4,3954.66,845.34,cAncELLED,Ждём с нетерпением!,2024-12-08,4432819810595091
2030016747801,02.12.2024 13:06,дМиТриЙ КузнЕцоВ,+7(9629)38-62,2,игрУШКА Мяч,1,291.0,9.0,CaNceLlED,Ждём с нетерпением!,2024-12-08,4432819810595091
2030016747801,02.12.2024 13:06,дМиТриЙ КузнЕцоВ,+7(9629)38-62,1,кОРм длЯ соБак,2,835.44,164.56,cANcellEd,Ждём с нетерпением!,2024-12-08,4432819810595091
2030016746760,2024/12/24 20:57:24,ивАН ИваноВ,+7(9055)82-46,2,ИгРушкА мяЧ,2,487.43,112.57,CoMplEted,Нужно уточнить сроки,2024/12/21,5572526782055593
2030016745184,2024-12-05 09:11:16,ЕЛеНа нОвикОВА,+7 9949 73 21,1,КоРМ дЛЯ собаК,4,1795.68,204.32,cANceLLed,подарок вовремя,2024/12/03,4427694256296941
2030016745184,2024-12-05 09:11:16,ЕЛеНа нОвикОВА,+7 9949 73 21,2,иГРуШкА мяЧ,5,1213.36,286.64,cAnCElLED,подарок вовремя,2024/12/03,4427694256296941
2030016745184,2024-12-05 09:11:16,ЕЛеНа нОвикОВА,+7 9949 73 21,2,ИгРушкА МяЧ,1,260.72,39.28,cAnCeLlED,подарок вовремя,2024/12/03,4427694256296941
2030016745184,2024-12-05 09:11:16,ЕЛеНа нОвикОВА,+7 9949 73 21,1,коРм Для СОБак,5,2273.26,226.74,caNCeLLED,подарок вовремя,2024/12/03,4427694256296941
2030016745184,2024-12-05 09:11:16,ЕЛеНа нОвикОВА,+7 9949 73 21,2,ИгрушкА МяЧ,5,1296.78,203.22,cancelLEd,подарок вовремя,2024/12/03,4427694256296941
2030016744633,2024-12-06 06:57:02,мАРИя ПЕтрова,8(9171) 31-18,5,моЛоКО,1,2722.25,277.75,procEssING,Проверить наличие,2024/12/26,9790657540913803
2030016744633,2024-12-06 06:57:02,мАРИя ПЕтрова,8(9171) 31-18,3,АмунициЯ ДлЯ сОбаК,5,5907.17,92.83,pRoCeSsIng,Проверить наличие,2024/12/26,9790657540913803
2030016744633,2024-12-06 06:57:02,мАРИя ПЕтрова,8(9171) 31-18,1,коРм ДлЯ СОБаК,2,846.94,153.06,ProcesSING,Проверить наличие,2024/12/26,9790657540913803
2030016743997,12.12.2024 23:07,ДмитРий КузНЕЦов,8(9989) 28-70,2,ИГРУшка МЯЧ,2,554.53,45.47,CANCElLEd,Проверить наличие,2024-12-04,3603722411045181
2030016743997,12.12.2024 23:07,ДмитРий КузНЕЦов,8(9989) 28-70,4,поДписКа НА ГАзетУ,3,1525.25,274.75,canCeLLeD,Проверить наличие,2024-12-04,3603722411045181
2030016742779,2024/12/28 11:22:43,АлеКСЕЙ МиХайлОв,+7(9540)34-95,1,КОРМ дЛя соБак,3,1360.17,139.83,caNCELLED,спасибо за заказ,2024/12/05,5560995622561359
2030016741958,2024/12/30 08:32:59,СергЕЙ СиДОрОв,+7(9961)22-58,4,подПИскА нА ГАЗЕТу,2,1016.82,183.18,canCelled,подарок вовремя,2024-12-02,8527911117832507
2030016741958,2024/12/30 08:32:59,СергЕЙ СиДОрОв,+7(9961)22-58,1,КОрМ длЯ СОбак,5,2184.68,315.32,CaNCeLLED,подарок вовремя,2024-12-02,8527911117832507
2030016741958,2024/12/30 08:32:59,СергЕЙ СиДОрОв,+7(9961)22-58,5,МОЛОкО,1,2472.59,527.41,CAnCELLED,подарок вовремя,2024-12-02,8527911117832507
2030016741958,2024/12/30 08:32:59,СергЕЙ СиДОрОв,+7(9961)22-58,4,ПОдПИска На гаЗЕТу,1,484.19,115.81,cANCElleD,подарок вовремя,2024-12-02,8527911117832507
2030016740459,07.12.2024 10:51,наТАЛьЯ вАсИлЬеВА,+7 9277 05 56,2,игРУшКа мяч,4,1164.17,35.83,pRocEsSing,Проверить наличие,2024/12/17,3140174764306405
2030016740459,07.12.2024 10:51,наТАЛьЯ вАсИлЬеВА,+7 9277 05 56,2,ИГРУшка мяч,4,1042.97,157.03,proceSSiNg,Проверить наличие,2024/12/17,3140174764306405
2030016739837,07.12.2024 04:32,наТАлья вАСиЛЬевА,+7(9469)72-24,3,амунИЦиЯ ДЛЯ СобАК,3,3497.81,102.19,cAnCeLLEd,Проверить наличие,2024/12/29,8240853986450587
2030016739837,07.12.2024 04:32,наТАлья вАСиЛЬевА,+7(9469)72-24,2,ИгРуШКА МЯч,5,1451.81,48.19,cAnCellEd,Проверить наличие,2024/12/29,8240853986450587
2030016739837,07.12.2024 04:32,наТАлья вАСиЛЬевА,+7(9469)72-24,4,пОдпИСкА НА газЕТУ,4,1991.85,408.15,cANcelLeD,Проверить наличие,2024/12/29,8240853986450587
2030016738124,2024-12-11 18:54:22,маРия пеТРова,8(9310) 36-24,3,аМуниЦия дЛя сОбАк,3,2981.85,618.15,PROcESsiNg,"Задержка с доставкой, печалька...",06.12.2024,4304012504778312
2030016737620,23.12.2024 02:07,маРия пЕтрОВА,+7(9284)94-65,5,моЛоКо,4,10296.99,1703.01,ProCesSiNg,Нужно уточнить сроки,29.12.2024,5500965176523936
2030016737620,23.12.2024 02:07,маРия пЕтрОВА,+7(9284)94-65,3,АмУнИциЯ ДлЯ СоБак,4,4734.73,65.27,ProCEsSInG,Нужно уточнить сроки,29.12.2024,5500965176523936
2030016737620,23.12.2024 02:07,маРия пЕтрОВА,+7(9284)94-65,5,мОлоко,4,10177.52,1822.48,pRoCeSSIng,Нужно уточнить сроки,29.12.2024,5500965176523936
2030016737620,23.12.2024 02:07,маРия пЕтрОВА,+7(9284)94-65,1,коРм дЛя СобаК,5,2094.28,405.72,prOcesSIng,Нужно уточнить сроки,29.12.2024,5500965176523936
2030016736730,13.12.2024 11:36,НатаЛья ваСИлЬЕВА,+7 9220 57 54,5,МОЛоКО,5,12504.0,2496.0,coMPlETEd,подарок вовремя,04.12.2024,8250680167724110
2030016736730,13.12.2024 11:36,НатаЛья ваСИлЬЕВА,+7 9220 57 54,2,игрУшКа МяЧ,1,266.4,33.6,compLeTeD,подарок вовремя,04.12.2024,8250680167724110
2030016735929,2024/12/07 03:00:53,иВан иВАНОВ,+7(9876)94-05,1,коРм Для сОБАК,4,1967.12,32.88,proceSSing,Нужно уточнить сроки,25.12.2024,3153682488484352
2030016735929,2024/12/07 03:00:53,иВан иВАНОВ,+7(9876)94-05,2,иГРуШКа Мяч,2,504.26,95.74,PRoCEsSiNG,Нужно уточнить сроки,25.12.2024,3153682488484352
2030016735929,2024/12/07 03:00:53,иВан иВАНОВ,+7(9876)94-05,5,МОлокО,4,11874.81,125.19,ProcEssing,Нужно уточнить сроки,25.12.2024,3153682488484352
2030016734824,22.12.2024 18:11,ЕЛЕНа НовИКОВА,+7 9358 87 50,3,амуНИЦиЯ Для СобаК,3,3435.11,164.89,pROCeSsINg,Проверить наличие,07.12.2024,0534475981232293
2030016734824,22.12.2024 18:11,ЕЛЕНа НовИКОВА,+7 9358 87 50,3,амуницИЯ ДЛЯ соБАк,4,4348.74,451.26,pROCEssINg,Проверить наличие,07.12.2024,0534475981232293
2030016734824,22.12.2024 18:11,ЕЛЕНа НовИКОВА,+7 9358 87 50,4,ПОДПиСКа На ГАзеТУ,2,1009.26,190.74,PrOCEssiNG,Проверить наличие,07.12.2024,0534475981232293
2030016734824,22.12.2024 18:11,ЕЛЕНа НовИКОВА,+7 9358 87 50,3,АмунИЦия длЯ СОбак,5,4840.85,1159.15,ProCeSSING,Проверить наличие,07.12.2024,0534475981232293
2030016733233,13.12.2024 14:15,МарИя пЕТРОва,+7(9006)90-73,5,моЛОко,2,5911.74,88.26,PrOCessiNg,спасибо за заказ,18.12.2024,7478191557115833
2030016733233,13.12.2024 14:15,МарИя пЕТРОва,+7(9006)90-73,2,игрушка мЯч,3,862.97,37.03,pRocESsINg,спасибо за заказ,18.12.2024,7478191557115833
2030016732390,09.12.2024 02:20,МИхаиЛ ОРЛов,8(9966) 31-08,3,аМУнИЦИя дЛя СОбаК,1,1191.44,8.56,ComPLETeD,подарок вовремя,24.12.2024,3182900324695392
2030016732390,09.12.2024 02:20,МИхаиЛ ОРЛов,8(9966) 31-08,4,ПОДпиСКА НА гАзЕтУ,4,2314.27,85.73,cOmPlEtEd,подарок вовремя,24.12.2024,3182900324695392
2030016731528,2024/12/18 13:43:05,Анна смирНОВА,+7(9377)86-46,1,Корм дЛЯ СОбАК,1,401.03,98.97,coMPletED,Всё отлично!,2024/12/02,5807244725698256
2030016731528,2024/12/18 13:43:05,Анна смирНОВА,+7(9377)86-46,4,подПиСкА нА гАзЕТу,1,487.83,112.17,comPleteD,Всё отлично!,2024/12/02,5807244725698256
2030016730589,16.12.2024 21:06,АлеКСеЙ МиХаЙЛов,+7 9946 44 11,5,молоКо,2,5070.0,930.0,PRocEsSiNG,спасибо за заказ,2024/12/15,0715743481756692
2030016729691,2024/12/24 06:18:16,сеРгеЙ сИдорОв,8(9060) 21-84,4,пОдпиСКА НА ГаЗеТу,4,2366.52,33.48,cOmplETEd,"Задержка с доставкой, печалька...",2024/12/26,4231624303807072
2030016729691,2024/12/24 06:18:16,сеРгеЙ сИдорОв,8(9060) 21-84,4,ПодпИсКа нА гаЗЕТУ,2,1011.78,188.22,coMPLEteD,"Задержка с доставкой, печалька...",2024/12/26,4231624303807072
2030016728262,04.12.2024 02:13,ОлЬгА КузнеЦоВА,+7 9215 57 61,5,МОЛОКо,1,2698.85,301.15,canceLled,спасибо за заказ,02.12.2024,1131606469878702
2030016728262,04.12.2024 02:13,ОлЬгА КузнеЦоВА,+7 9215 57 61,1,корм ДЛЯ собАК,3,1340.44,159.56,CANCeLleD,спасибо за заказ,02.12.2024,1131606469878702
2030016728262,04.12.2024 02:13,ОлЬгА КузнеЦоВА,+7 9215 57 61,4,ПОДпИскА На ГАЗетУ,1,545.38,54.62,caNcelleD,спасибо за заказ,02.12.2024,1131606469878702
2030016728262,04.12.2024 02:13,ОлЬгА КузнеЦоВА,+7 9215 57 61,2,ИгруШкА мЯч,3,814.05,85.95,CAnceLleD,спасибо за заказ,02.12.2024,1131606469878702
2030016728262,04.12.2024 02:13,ОлЬгА КузнеЦоВА,+7 9215 57 61,5,молоко,3,8023.9,976.1,CANcELLeD,спасибо за заказ,02.12.2024,1131606469878702
2030016727281,29.12.2024 18:22,ДМиТриЙ КузНецов,+7(9794)34-86,4,ПодПИСка НА ГаЗЕту,5,2903.86,96.14,PrOcessInG,Ждём с нетерпением!,2024-12-03,7443724453322134
2030016726393,2024/12/01 20:48:20,ОлЬгА КузнЕЦоВа,+7(9913)55-25,1,КоРМ Для СОБАК,4,1779.21,220.79,cANCeLleD,Проверить наличие,2024-12-27,9732768421653023
2030016726393,2024/12/01 20:48:20,ОлЬгА КузнЕЦоВа,+7(9913)55-25,3,АмУНиция дЛя соБАк,1,992.48,207.52,CAnCelleD,Проверить наличие,2024-12-27,9732768421653023
2030016726393,2024/12/01 20:48:20,ОлЬгА КузнЕЦоВа,+7(9913)55-25,4,пОдПисКА На гАзеТУ,5,2984.59,15.41,CancelLed,Проверить наличие,2024-12-27,9732768421653023
2030016726393,2024/12/01 20:48:20,ОлЬгА КузнЕЦоВа,+7(9913)55-25,3,АмУНИция ДЛя соБАк,1,1078.42,121.58,CanCelled,Проверить наличие,2024-12-27,9732768421653023
2030016725700,2024/12/24 23:23:24,сеРгеЙ СИДОРоВ,+7(9203)37-73,3,амУНИцИЯ Для СобАК,1,1137.85,62.15,CANcELLed,Проверить наличие,06.12.2024,7033835902289328
2030016725700,2024/12/24 23:23:24,сеРгеЙ СИДОРоВ,+7(9203)37-73,4,пОДПИСКа на ГАзЕТУ,5,2715.74,284.26,CanCElled,Проверить наличие,06.12.2024,7033835902289328
2030016725700,2024/12/24 23:23:24,сеРгеЙ СИДОРоВ,+7(9203)37-73,4,пОдпИСкА НА ГАЗЕТу,3,1674.78,125.22,CanceLlED,Проверить наличие,06.12.2024,7033835902289328
2030016724131,2024-12-27 05:10:25,ИВаН ИВАНоВ,+7 9742 37 57,4,поДПиСКА нА газеТу,4,2165.48,234.52,cancelleD,Нужно уточнить сроки,22.12.2024,5886693469750895
2030016724131,2024-12-27 05:10:25,ИВаН ИВАНоВ,+7 9742 37 57,5,МоЛОКО,4,10319.95,1680.05,CANceLlEd,Нужно уточнить сроки,22.12.2024,5886693469750895
2030016723402,2024-12-09 15:51:27,ДМИтРИЙ КУзнЕЦОв,+7 9318 87 01,1,кОрМ Для СоБаК,1,445.99,54.01,procEssING,Ждём с нетерпением!,2024-12-15,5267014650652651
2030016723402,2024-12-09 15:51:27,ДМИтРИЙ КУзнЕЦОв,+7 9318 87 01,4,пОдпИСКА На ГаЗетУ,4,2184.03,215.97,pRoceSSinG,Ждём с нетерпением!,2024-12-15,5267014650652651
2030016723402,2024-12-09 15:51:27,ДМИтРИЙ КУзнЕЦОв,+7 9318 87 01,5,мОЛОкО,2,5092.83,907.17,pRoCESsING,Ждём с нетерпением!,2024-12-15,5267014650652651
2030016722943,2024/12/20 06:39:47,анНА сМиРнОва,8(9054) 93-69,2,ИГРуШКа Мяч,1,285.79,14.21,CaNCElLed,подарок вовремя,2024/12/07,3854629408116774
2030016721652,2024-12-23 08:10:41,ДМИТрий куЗНеЦоВ,8(9417) 63-08,1,коРм ДлЯ сОБАк,3,1453.55,46.45,PrOceSSING,Всё отлично!,2024/12/27,2412593179360502
2030016721652,2024-12-23 08:10:41,ДМИТрий куЗНеЦоВ,8(9417) 63-08,3,АМуНиЦия длЯ собак,2,1967.1,432.9,PrOCesSing,Всё отлично!,2024/12/27,2412593179360502
2030016721652,2024-12-23 08:10:41,ДМИТрий куЗНеЦоВ,8(9417) 63-08,3,амУниЦия ДЛя сОбАК,1,975.04,224.96,PRoCessINg,Всё отлично!,2024/12/27,2412593179360502
2030016721652,2024-12-23 08:10:41,ДМИТрий куЗНеЦоВ,8(9417) 63-08,3,аМунИция ДЛЯ соБАК,5,5149.35,850.65,PROcEssiNG,Всё отлично!,2024/12/27,2412593179360502
2030016720152,16.12.2024 08:50,натальЯ ВасильеВА,+7 9176 02 21,3,аМунИциЯ ДЛЯ СОбАк,3,3311.23,288.77,cAnCeLLED,подарок вовремя,2024-12-13,0631789571190658
2030016720152,16.12.2024 08:50,натальЯ ВасильеВА,+7 9176 02 21,1,кОРм для СОбаК,4,1923.88,76.12,caNCELlED,подарок вовремя,2024-12-13,0631789571190658
2030016720152,16.12.2024 08:50,натальЯ ВасильеВА,+7 9176 02 21,5,МолокО,2,5600.65,399.35,CAnCellED,подарок вовремя,2024-12-13,0631789571190658
2030016720152,16.12.2024 08:50,натальЯ ВасильеВА,+7 9176 02 21,4,поДПИСКА НА ГаЗЕТУ,1,589.05,10.95,cAnCELlED,подарок вовремя,2024-12-13,0631789571190658
2030016719661,2024/12/29 12:48:04,АнНА сМиРнОва,8(9660) 43-21,1,Корм ДлЯ соБак,1,425.34,74.66,COMPlEted,Проверить наличие,2024/12/08,7385683951532344
2030016719661,2024/12/29 12:48:04,АнНА сМиРнОва,8(9660) 43-21,1,КоРМ ДлЯ СОбАк,4,1907.77,92.23,COmPLeTEd,Проверить наличие,2024/12/08,7385683951532344
2030016719661,2024/12/29 12:48:04,АнНА сМиРнОва,8(9660) 43-21,4,ПОДпиСКА НА ГАЗЕту,4,2269.55,130.45,complETED,Проверить наличие,2024/12/08,7385683951532344
2030016719661,2024/12/29 12:48:04,АнНА сМиРнОва,8(9660) 43-21,1,КОрМ дЛЯ сОБак,5,2088.8,411.2,COMPLeTED,Проверить наличие,2024/12/08,7385683951532344
2030016719661,2024/12/29 12:48:04,АнНА сМиРнОва,8(9660) 43-21,4,ПОДписКА нА ГАЗЕТу,2,1045.79,154.21,CompLETed,Проверить наличие,2024/12/08,7385683951532344
2030016718858,2024-12-19 18:59:28,дмитрИй КУЗНецов,+7(9353)75-57,2,игРУШкА МЯЧ,1,267.88,32.12,cOMPLeTed,Ждём с нетерпением!,2024-12-14,5719461932589042
2030016718858,2024-12-19 18:59:28,дмитрИй КУЗНецов,+7(9353)75-57,5,МОЛОко,4,10518.57,1481.43,coMplETEd,Ждём с нетерпением!,2024-12-14,5719461932589042
2030016718858,2024-12-19 18:59:28,дмитрИй КУЗНецов,+7(9353)75-57,4,пОдПиска на гАзеТУ,3,1652.59,147.41,comPlEtEd,Ждём с нетерпением!,2024-12-14,5719461932589042
2030016718858,2024-12-19 18:59:28,дмитрИй КУЗНецов,+7(9353)75-57,3,АМУНИцИя длЯ сОБаК,5,5627.38,372.62,CompLeTEd,Ждём с нетерпением!,2024-12-14,5719461932589042
2030016717558,2024-12-03 10:07:17,НАтаЛья ВасилЬЕвА,8(9241) 87-36,3,аМУнИцИя ДЛЯ СОБаК,1,1122.47,77.53,CancEllED,спасибо за заказ,2024-12-18,7522506537308855
2030016717558,2024-12-03 10:07:17,НАтаЛья ВасилЬЕвА,8(9241) 87-36,3,аМУНИЦиЯ ДЛЯ собак,3,3389.1,210.9,CaNcELLed,спасибо за заказ,2024-12-18,7522506537308855
2030016717558,2024-12-03 10:07:17,НАтаЛья ВасилЬЕвА,8(9241) 87-36,5,МоЛОкО,2,5541.19,458.81,caNcEllEd,спасибо за заказ,2024-12-18,7522506537308855
2030016716289,07.12.2024 14:06,ЕЛеНА НОВиКОвА,+7 9063 42 68,4,ПоДПИСКа нА гАЗЕтУ,2,993.71,206.29,cancelled,Всё отлично!,2024-12-02,6229807358989908
2030016716289,07.12.2024 14:06,ЕЛеНА НОВиКОвА,+7 9063 42 68,3,АМУнИциЯ дЛя сОбАК,2,2204.66,195.34,CaNCeLlEd,Всё отлично!,2024-12-02,6229807358989908
2030016716289,07.12.2024 14:06,ЕЛеНА НОВиКОвА,+7 9063 42 68,5,мОЛоКО,4,10711.53,1288.47,CAnCELled,Всё отлично!,2024-12-02,6229807358989908
2030016715927,2024-12-18 18:51:17,дмиТРий КуЗНеЦОв,+7 9308 94 35,2,игрУШкА мяч,1,281.6,18.4,PRoCesSInG,Всё отлично!,20.12.2024,6195055099943922
2030016715927,2024-12-18 18:51:17,дмиТРий КуЗНеЦОв,+7 9308 94 35,4,пОдпИСкА на ГазеТУ,5,2444.85,555.15,PrOCeSsiNg,Всё отлично!,20.12.2024,6195055099943922
2030016715927,2024-12-18 18:51:17,дмиТРий КуЗНеЦОв,+7 9308 94 35,1,КОрМ ДЛЯ сОбАК,5,2135.46,364.54,pRoCESsIng,Всё отлично!,20.12.2024,6195055099943922
2030016715927,2024-12-18 18:51:17,дмиТРий КуЗНеЦОв,+7 9308 94 35,4,подпИскА На ГАЗетУ,3,1446.21,353.79,pROCessiNG,Всё отлично!,20.12.2024,6195055099943922
2030016714416,2024-12-23 19:01:37,АннА СМиРнОВА,+7 9725 81 63,1,коРМ для СоБак,4,1675.41,324.59,CANceLlED,Нужно уточнить сроки,2024-12-23,1666329044281488
2030016713974,2024/12/23 15:39:10,Сергей сидоРОв,+7(9096)32-67,3,АМУНицИя дЛя СОБАк,3,3368.19,231.81,CanCELLeD,"Задержка с доставкой, печалька...",2024-12-22,8645762911789777
2030016712966,2024/12/31 08:58:57,иваН иванОВ,+7(9249)51-65,2,игРушка Мяч,1,263.52,36.48,CAnCELlEd,подарок вовремя,2024/12/17,2267671559279135
2030016712966,2024/12/31 08:58:57,иваН иванОВ,+7(9249)51-65,5,МоЛОко,1,2951.08,48.92,cANCelled,подарок вовремя,2024/12/17,2267671559279135
2030016712966,2024/12/31 08:58:57,иваН иванОВ,+7(9249)51-65,3,АМуниЦия Для соБак,1,1171.91,28.09,CaNceLlED,подарок вовремя,2024/12/17,2267671559279135
2030016712966,2024/12/31 08:58:57,иваН иванОВ,+7(9249)51-65,3,АМуниция Для сОбАК,2,2299.14,100.86,CANcElled,подарок вовремя,2024/12/17,2267671559279135
2030016711676,2024/12/02 07:53:06,ивАН ивАНОВ,+7(9380)11-14,4,поДПИСка на газеТу,5,2977.93,22.07,PRoCessiNg,Нужно уточнить сроки,2024-12-22,6535328713315080
2030016711676,2024/12/02 07:53:06,ивАН ивАНОВ,+7(9380)11-14,3,АмУницИя Для СОБак,2,2234.92,165.08,proCeSSIng,Нужно уточнить сроки,2024-12-22,6535328713315080
2030016711676,2024/12/02 07:53:06,ивАН ивАНОВ,+7(9380)11-14,1,коРМ дЛЯ соБАк,4,1736.19,263.81,prOCessINg,Нужно уточнить сроки,2024-12-22,6535328713315080
2030016710152,13.12.2024 11:26,ИВан иВанОв,8(9217) 47-52,3,аМУниция дЛЯ СОБаК,2,2203.69,196.31,cOMpLetED,"Задержка с доставкой, печалька...",18.12.2024,9562464443122867
2030016710152,13.12.2024 11:26,ИВан иВанОв,8(9217) 47-52,2,ИГрУшкА МяЧ,3,720.0,180.0,cOmpleTed,"Задержка с доставкой, печалька...",18.12.2024,9562464443122867
2030016710152,13.12.2024 11:26,ИВан иВанОв,8(9217) 47-52,4,пОдПиСКа нА ГАЗетУ,5,2893.22,106.78,COMplEted,"Задержка с доставкой, печалька...",18.12.2024,9562464443122867
2030016710152,13.12.2024 11:26,ИВан иВанОв,8(9217) 47-52,3,АмУНиЦИя ДЛЯ СОбАк,5,5710.8,289.2,cOMPLEted,"Задержка с доставкой, печалька...",18.12.2024,9562464443122867
2030016710152,13.12.2024 11:26,ИВан иВанОв,8(9217) 47-52,4,поДПИскА На ГазЕТу,1,560.68,39.32,CoMPletED,"Задержка с доставкой, печалька...",18.12.2024,9562464443122867
2030016709812,2024-12-05 19:19:42,АнНА СМиРНОвА,+7(9518)91-84,1,коРМ ДЛЯ СоБак,3,1226.54,273.46,cANceLLEd,"Задержка с доставкой, печалька...",2024-12-04,9196280802574182
2030016709812,2024-12-05 19:19:42,АнНА СМиРНОвА,+7(9518)91-84,4,ПОдпИСка НА ГАзЕту,5,2485.46,514.54,CanCEllEd,"Задержка с доставкой, печалька...",2024-12-04,9196280802574182
2030016708246,2024/12/09 02:30:12,ЕлЕнА НоВИкова,+7 9840 35 52,4,ПОдПИСКА нА газету,2,973.86,226.14,pROCesSINg,спасибо за заказ,2024-12-13,9438777338046078
2030016708246,2024/12/09 02:30:12,ЕлЕнА НоВИкова,+7 9840 35 52,3,аМуниЦИЯ дЛЯ СобАк,3,2979.42,620.58,PRoCEssing,спасибо за заказ,2024-12-13,9438777338046078
2030016708246,2024/12/09 02:30:12,ЕлЕнА НоВИкова,+7 9840 35 52,4,ПОДПисКА нА ГазеТу,4,2234.67,165.33,PrOCESSINg,спасибо за заказ,2024-12-13,9438777338046078
2030016708246,2024/12/09 02:30:12,ЕлЕнА НоВИкова,+7 9840 35 52,3,АмуНиЦия ДлЯ собак,3,3390.74,209.26,prOCessIng,спасибо за заказ,2024-12-13,9438777338046078
2030016707664,10.12.2024 04:23,оЛьГА кУЗнецовА,+7 9369 75 14,1,корМ для СОБАк,3,1347.64,152.36,CoMPleted,Всё отлично!,08.12.2024,8279739192995737
2030016706635,20.12.2024 04:58,еЛеНа НОВикОВА,8(9693) 59-67,2,иГрушКа МЯч,4,1119.04,80.96,coMPlEtED,Проверить наличие,2024-12-17,5667794545586893
2030016706635,20.12.2024 04:58,еЛеНа НОВикОВА,8(9693) 59-67,1,кОрМ ДлЯ соБАк,2,803.7,196.3,COmplETED,Проверить наличие,2024-12-17,5667794545586893
2030016706635,20.12.2024 04:58,еЛеНа НОВикОВА,8(9693) 59-67,2,ИгРушКа МЯЧ,5,1453.49,46.51,COMPlETEd,Проверить наличие,2024-12-17,5667794545586893
2030016705515,2024-12-13 01:45:17,ЕлеНА НОвИковА,+7 9407 16 41,4,подПИСКа НА гАЗЕТУ,2,1197.92,2.08,cOMpleTed,"Задержка с доставкой, печалька...",2024-12-20,7662571207219875
2030016705515,2024-12-13 01:45:17,ЕлеНА НОвИковА,+7 9407 16 41,2,ИГрУшкА мЯЧ,2,492.16,107.84,COMPlEtED,"Задержка с доставкой, печалька...",2024-12-20,7662571207219875
2030016705515,2024-12-13 01:45:17,ЕлеНА НОвИковА,+7 9407 16 41,5,мОлоКо,1,2492.54,507.46,CoMpLetEd,"Задержка с доставкой, печалька...",2024-12-20,7662571207219875
2030016705515,2024-12-13 01:45:17,ЕлеНА НОвИковА,+7 9407 16 41,3,АмУниция ДлЯ сОбАк,2,2109.63,290.37,ComPlEted,"Задержка с доставкой, печалька...",2024-12-20,7662571207219875
2030016705515,2024-12-13 01:45:17,ЕлеНА НОвИковА,+7 9407 16 41,5,мОлОКО,4,10211.65,1788.35,COmPLeTeD,"Задержка с доставкой, печалька...",2024-12-20,7662571207219875
2030016704540,2024/12/21 15:37:17,ЕлеНа новИКОВА,8(9096) 09-89,1,коРМ ДЛя соБак,3,1398.98,101.02,cOMpLeTED,Нужно уточнить сроки,2024-12-23,5540462967505285
2030016704540,2024/12/21 15:37:17,ЕлеНа новИКОВА,8(9096) 09-89,1,коРм ДЛя сОБАК,1,470.7,29.3,cOmPleTeD,Нужно уточнить сроки,2024-12-23,5540462967505285
2030016704540,2024/12/21 15:37:17,ЕлеНа новИКОВА,8(9096) 09-89,5,молоКо,5,14064.82,935.18,COmplETEd,Нужно уточнить сроки,2024-12-23,5540462967505285
2030016703605,2024-12-09 22:06:52,АННА сМирнОвА,8(9678) 16-50,2,ИгрУшкА Мяч,1,288.25,11.75,PrOCessING,"Задержка с доставкой, печалька...",2024-12-31,8856219512363297
2030016703605,2024-12-09 22:06:52,АННА сМирнОвА,8(9678) 16-50,1,КоРм дЛя соБАК,3,1228.21,271.79,prOCESsiNG,"Задержка с доставкой, печалька...",2024-12-31,8856219512363297
2030016702311,2024-12-02 21:54:53,дМиТРИй КуЗнЕЦоВ,8(9567) 94-64,3,АмУнИЦИЯ дЛЯ СобАк,3,3395.61,204.39,cancELlED,"Задержка с доставкой, печалька...",21.12.2024,7258352053857466
2030016702311,2024-12-02 21:54:53,дМиТРИй КуЗнЕЦоВ,8(9567) 94-64,5,моЛоКо,2,4838.33,1161.67,cANCELlEd,"Задержка с доставкой, печалька...",21.12.2024,7258352053857466
2030016702311,2024-12-02 21:54:53,дМиТРИй КуЗнЕЦоВ,8(9567) 94-64,3,АмУНицИЯ ДЛя собаК,3,3068.87,531.13,cAncelleD,"Задержка с доставкой, печалька...",21.12.2024,7258352053857466
2030016701758,2024/12/28 20:31:32,алексей михАйЛОВ,8(9112) 06-74,1,кОРм Для собАК,2,900.66,99.34,CANcELleD,Нужно уточнить сроки,2024/12/27,9792703566352963
2030016700828,04.12.2024 20:20,анна СМирноВа,+7 9770 57 56,2,ИГРУшка Мяч,4,1047.21,152.79,pRoceSSInG,Нужно уточнить сроки,2024/12/14,2681820589449866
2030016699100,2024-12-28 23:11:58,алЕкСей мИХаЙлов,8(9258) 13-33,4,пОдПИсКА На гАЗеТу,5,2825.16,174.84,COMPLETeD,спасибо за заказ,25.12.2024,2730139848697161
2030016698822,2024-12-20 23:29:30,СЕрГЕй сидорОв,+7 9870 08 64,5,Молоко,4,10612.27,1387.73,CAnCeLlED,Нужно уточнить сроки,2024/12/29,7595028154312387
2030016697254,21.12.2024 14:57,олЬга кузНеЦОва,8(9034) 45-17,4,поДПИСКА НА гАзеТу,3,1778.3,21.7,cOMPleTeD,спасибо за заказ,24.12.2024,4995747740144617
2030016697254,21.12.2024 14:57,олЬга кузНеЦОва,8(9034) 45-17,3,амуницИЯ ДЛЯ СОбак,3,3113.7,486.3,COMpLeted,спасибо за заказ,24.12.2024,4995747740144617
2030016696689,28.12.2024 06:43,МАРИя ПеТровА,+7(9298)14-99,2,ИГРушКа мяч,1,278.07,21.93,cancElLeD,"Задержка с доставкой, печалька...",10.12.2024,5099370007865606
2030016695448,2024/12/28 02:06:12,маРиЯ пеТрОВа,+7 9998 84 25,4,пОДПИсКА на ГаЗЕТу,2,1116.93,83.07,PrOCeSSINg,Ждём с нетерпением!,08.12.2024,2514551308545751
2030016695448,2024/12/28 02:06:12,маРиЯ пеТрОВа,+7 9998 84 25,2,игРушка мяч,4,1109.58,90.42,pROCESSINg,Ждём с нетерпением!,08.12.2024,2514551308545751
2030016695448,2024/12/28 02:06:12,маРиЯ пеТрОВа,+7 9998 84 25,1,КОРм Для собак,2,945.23,54.77,PROCesSing,Ждём с нетерпением!,08.12.2024,2514551308545751
2030016695448,2024/12/28 02:06:12,маРиЯ пеТрОВа,+7 9998 84 25,5,МОлОКо,3,8674.85,325.15,prOCEsSing,Ждём с нетерпением!,08.12.2024,2514551308545751
2030016694947,2024-12-01 19:42:11,михаил орлОВ,+7(9860)20-17,2,Игрушка мяЧ,2,487.83,112.17,PrOCESsiNG,"Задержка с доставкой, печалька...",19.12.2024,4930680401647060
2030016694947,2024-12-01 19:42:11,михаил орлОВ,+7(9860)20-17,1,коРМ Для СоБаК,4,1892.56,107.44,PRocESSIng,"Задержка с доставкой, печалька...",19.12.2024,4930680401647060
2030016694947,2024-12-01 19:42:11,михаил орлОВ,+7(9860)20-17,1,КОРм длЯ СОбак,3,1499.99,0.01,PRoCeSSING,"Задержка с доставкой, печалька...",19.12.2024,4930680401647060
2030016694947,2024-12-01 19:42:11,михаил орлОВ,+7(9860)20-17,5,МОлоко,5,12729.5,2270.5,pRoCEssing,"Задержка с доставкой, печалька...",19.12.2024,4930680401647060
2030016693213,2024-12-19 06:10:01,МИХАИл ОРлов,+7(9301)12-33,3,аМУницИЯ ДЛЯ соБАк,1,1003.22,196.78,COmPLEted,спасибо за заказ,2024-12-15,2129367782095481
2030016693213,2024-12-19 06:10:01,МИХАИл ОРлов,+7(9301)12-33,1,КОРм ДЛЯ СОбАК,1,477.12,22.88,COMpleTED,спасибо за заказ,2024-12-15,2129367782095481
2030016693213,2024-12-19 06:10:01,МИХАИл ОРлов,+7(9301)12-33,1,Корм дЛя соБАк,4,1955.17,44.83,completED,спасибо за заказ,2024-12-15,2129367782095481
2030016692839,2024/12/22 07:15:30,мИХаИЛ оРлоВ,+7(9995)94-48,3,АмУнИция ДлЯ соБаК,3,3009.65,590.35,PRoCeSSiNg,Ждём с нетерпением!,2024-12-21,1528784216141666
2030016692839,2024/12/22 07:15:30,мИХаИЛ оРлоВ,+7(9995)94-48,1,КОрм дЛЯ соБАК,2,871.08,128.92,PROceSSing,Ждём с нетерпением!,2024-12-21,1528784216141666
2030016692839,2024/12/22 07:15:30,мИХаИЛ оРлоВ,+7(9995)94-48,5,МОЛОКО,4,10452.78,1547.22,proCESSiNg,Ждём с нетерпением!,2024-12-21,1528784216141666
2030016692839,2024/12/22 07:15:30,мИХаИЛ оРлоВ,+7(9995)94-48,2,иГРУшКа МЯЧ,4,1173.17,26.83,PRoCEsSINg,Ждём с нетерпением!,2024-12-21,1528784216141666
2030016691631,2024-12-22 14:07:56,олЬгА кУЗнЕЦова,8(9929) 31-81,1,КоРМ Для СОбАК,3,1232.52,267.48,comPlETEd,Всё отлично!,24.12.2024,4455854826323058
2030016691631,2024-12-22 14:07:56,олЬгА кУЗнЕЦова,8(9929) 31-81,2,ИГРУШка Мяч,5,1329.53,170.47,coMpLeted,Всё отлично!,24.12.2024,4455854826323058
2030016691631,2024-12-22 14:07:56,олЬгА кУЗнЕЦова,8(9929) 31-81,5,молОКО,3,8973.43,26.57,COmPlETed,Всё отлично!,24.12.2024,4455854826323058
2030016690286,2024-12-11 17:30:32,дМИтРИй КУзнЕЦОв,+7 9732 25 17,5,МОлоКО,3,8505.39,494.61,caNCellEd,подарок вовремя,2024/12/12,2211165586358734
2030016690286,2024-12-11 17:30:32,дМИтРИй КУзнЕЦОв,+7 9732 25 17,1,кОрМ дЛЯ сОбаК,3,1355.37,144.63,CAnCELLeD,подарок вовремя,2024/12/12,2211165586358734
2030016690286,2024-12-11 17:30:32,дМИтРИй КУзнЕЦОв,+7 9732 25 17,4,поДПИСкА нА ГАзЕту,2,1154.19,45.81,caNCELLed,подарок вовремя,2024/12/12,2211165586358734
2030016690286,2024-12-11 17:30:32,дМИтРИй КУзнЕЦОв,+7 9732 25 17,4,ПоДпИСкА На ГАзЕТУ,3,1737.65,62.35,cANCelleD,подарок вовремя,2024/12/12,2211165586358734
2030016690286,2024-12-11 17:30:32,дМИтРИй КУзнЕЦОв,+7 9732 25 17,4,ПодпиСКА НА гАЗетУ,3,1458.0,342.0,CaNCELLED,подарок вовремя,2024/12/12,2211165586358734
2030016689377,22.12.2024 00:54,натАлья васИльеВА,+7 9771 70 10,4,подПИска НА гАЗЕту,4,2375.93,24.07,comPLeTEd,Проверить наличие,2024/12/20,8730061850022076
2030016689377,22.12.2024 00:54,натАлья васИльеВА,+7 9771 70 10,5,молОКо,2,5310.5,689.5,cOmPLETeD,Проверить наличие,2024/12/20,8730061850022076
2030016688526,2024-12-01 22:06:31,Ольга куЗНЕцоВА,+7 9348 48 55,3,АмУниЦИЯ ДлЯ сОбАк,3,2918.79,681.21,cOMplEteD,Всё отлично!,2024-12-18,3313685622900991
2030016688526,2024-12-01 22:06:31,Ольга куЗНЕцоВА,+7 9348 48 55,3,аМуНИЦИя ДЛя СОбак,4,4516.93,283.07,cOmpleTed,Всё отлично!,2024-12-18,3313685622900991
2030016688526,2024-12-01 22:06:31,Ольга куЗНЕцоВА,+7 9348 48 55,5,МОлоКо,5,12201.06,2798.94,ComPleted,Всё отлично!,2024-12-18,3313685622900991
2030016687705,24.12.2024 21:52,НатАЛЬя ВАсИЛЬЕва,+7(9694)43-69,4,пОдПИсКА НА ГаЗЕТу,1,561.96,38.04,CAnceLleD,Ждём с нетерпением!,2024-12-27,7856786687498592
2030016687705,24.12.2024 21:52,НатАЛЬя ВАсИЛЬЕва,+7(9694)43-69,4,пОДПиСкА На ГАзеТУ,5,2727.85,272.15,caNcEllEd,Ждём с нетерпением!,2024-12-27,7856786687498592
2030016687705,24.12.2024 21:52,НатАЛЬя ВАсИЛЬЕва,+7(9694)43-69,5,МОЛОко,1,2695.71,304.29,CaNCeLLEd,Ждём с нетерпением!,2024-12-27,7856786687498592
2030016687705,24.12.2024 21:52,НатАЛЬя ВАсИЛЬЕва,+7(9694)43-69,3,амУниЦИЯ дЛя СоБаК,3,2956.12,643.88,CancElled,Ждём с нетерпением!,2024-12-27,7856786687498592
2030016686299,2024-12-19 20:23:27,Анна СмирнОВА,8(9320) 12-44,2,иГРуШКА МЯч,3,863.83,36.17,procesSiNg,Ждём с нетерпением!,16.12.2024,1591125678984672
2030016686299,2024-12-19 20:23:27,Анна СмирнОВА,8(9320) 12-44,5,МоЛОКО,5,12048.29,2951.71,PRoCesSiNg,Ждём с нетерпением!,16.12.2024,1591125678984672
2030016686299,2024-12-19 20:23:27,Анна СмирнОВА,8(9320) 12-44,3,аМуниЦИя дЛя СОБАк,5,5899.4,100.6,PRoCESsiNg,Ждём с нетерпением!,16.12.2024,1591125678984672
2030016686299,2024-12-19 20:23:27,Анна СмирнОВА,8(9320) 12-44,5,МолОко,4,9902.35,2097.65,proceSsInG,Ждём с нетерпением!,16.12.2024,1591125678984672
2030016686299,2024-12-19 20:23:27,Анна СмирнОВА,8(9320) 12-44,5,мОЛоКО,1,2444.66,555.34,pRoCesSiNg,Ждём с нетерпением!,16.12.2024,1591125678984672
2030016685856,2024/12/28 02:58:32,АНна смИрНоВА,+7 9133 51 99,3,АМунИция ДЛя соБАк,3,3248.33,351.67,COMPLeteD,Всё отлично!,2024-12-29,5827298198314585
2030016685856,2024/12/28 02:58:32,АНна смИрНоВА,+7 9133 51 99,5,молОКО,1,2816.1,183.9,cOmplEtEd,Всё отлично!,2024-12-29,5827298198314585
2030016685856,2024/12/28 02:58:32,АНна смИрНоВА,+7 9133 51 99,4,ПОДПискА на ГАзЕту,1,568.83,31.17,COmplETed,Всё отлично!,2024-12-29,5827298198314585
2030016684940,2024/12/29 00:40:08,дМИТрИй куЗнЕцОв,+7 9676 84 46,3,АМуНИцИя дЛЯ сОбак,4,4147.9,652.1,COmPlEteD,спасибо за заказ,2024/12/08,9344775913431869
2030016684940,2024/12/29 00:40:08,дМИТрИй куЗнЕцОв,+7 9676 84 46,5,МоЛокО,5,12852.36,2147.64,comPLEteD,спасибо за заказ,2024/12/08,9344775913431869
2030016684940,2024/12/29 00:40:08,дМИТрИй куЗнЕцОв,+7 9676 84 46,3,аМУницИЯ Для СОбАК,1,986.02,213.98,ComPLETED,спасибо за заказ,2024/12/08,9344775913431869
2030016683451,20.12.2024 00:35,иВан ивАноВ,8(9359) 93-79,5,МОлОКО,5,13783.28,1216.72,pROcESsinG,подарок вовремя,03.12.2024,9076149384402190
2030016683451,20.12.2024 00:35,иВан ивАноВ,8(9359) 93-79,1,КоРМ ДЛя сОбак,3,1420.78,79.22,PRocESSINg,подарок вовремя,03.12.2024,9076149384402190
2030016682901,13.12.2024 06:49,мАрия ПЕтроВа,8(9096) 51-22,5,МоЛокО,5,12836.42,2163.58,comPLEteD,подарок вовремя,2024/12/20,4508036144024927
2030016682901,13.12.2024 06:49,мАрия ПЕтроВа,8(9096) 51-22,4,поДпИска НА ГазЕТу,1,578.99,21.01,complEtED,подарок вовремя,2024/12/20,4508036144024927
2030016682901,13.12.2024 06:49,мАрия ПЕтроВа,8(9096) 51-22,1,кОРм ДлЯ сОбАк,2,859.57,140.43,cOMPLEted,подарок вовремя,2024/12/20,4508036144024927
2030016682901,13.12.2024 06:49,мАрия ПЕтроВа,8(9096) 51-22,1,кОРм ДЛя СОБак,3,1477.45,22.55,cOmPlETed,подарок вовремя,2024/12/20,4508036144024927
2030016682901,13.12.2024 06:49,мАрия ПЕтроВа,8(9096) 51-22,5,мОлоКо,3,8626.25,373.75,coMpleted,подарок вовремя,2024/12/20,4508036144024927
2030016681504,01.12.2024 09:57,МИХаИЛ ОрЛОВ,8(9435) 15-84,3,АМуНИцИЯ дЛя соБаК,3,3216.06,383.94,procEsSIng,Ждём с нетерпением!,2024-12-16,2665671434771719
2030016680436,2024/12/07 09:42:23,ЕленА нОвИКова,8(9678) 66-17,2,ИгрУшКа Мяч,1,273.28,26.72,CoMPlETED,Проверить наличие,2024-12-08,5446676098061128
2030016679504,2024-12-02 18:25:03,аННа СмирНова,+7(9639)95-37,2,иГруШКа мЯЧ,2,575.02,24.98,COmplETED,Проверить наличие,20.12.2024,5368907331682323
2030016679504,2024-12-02 18:25:03,аННа СмирНова,+7(9639)95-37,5,МОлОКо,3,8003.82,996.18,CoMplEtED,Проверить наличие,20.12.2024,5368907331682323
2030016679504,2024-12-02 18:25:03,аННа СмирНова,+7(9639)95-37,4,пОдпИска НА гАзеТУ,3,1641.26,158.74,CompleTeD,Проверить наличие,20.12.2024,5368907331682323
2030016679504,2024-12-02 18:25:03,аННа СмирНова,+7(9639)95-37,3,АмУнИциЯ дЛя собАК,1,1124.56,75.44,ComPletEd,Проверить наличие,20.12.2024,5368907331682323
2030016679504,2024-12-02 18:25:03,аННа СмирНова,+7(9639)95-37,1,кОрм для сОБак,5,2407.02,92.98,compLetEd,Проверить наличие,20.12.2024,5368907331682323
2030016678262,09.12.2024 09:43,оЛьГа КуЗНЕЦова,8(9690) 95-51,2,иГРуШкА мяч,1,267.98,32.02,ProCEsSINg,"Задержка с доставкой, печалька...",2024/12/23,2262617626290256
2030016678262,09.12.2024 09:43,оЛьГа КуЗНЕЦова,8(9690) 95-51,3,аМуНиЦия ДЛЯ Собак,5,5695.16,304.84,PrOcESsINg,"Задержка с доставкой, печалька...",2024/12/23,2262617626290256
2030016678262,09.12.2024 09:43,оЛьГа КуЗНЕЦова,8(9690) 95-51,3,амУницИЯ дЛя сОбак,4,3842.88,957.12,pRocEsSiNg,"Задержка с доставкой, печалька...",2024/12/23,2262617626290256
2030016677649,2024/12/13 04:37:48,СерГеЙ сИдОРоВ,8(9359) 31-33,5,моЛОКО,1,2505.19,494.81,CoMPleTed,подарок вовремя,2024/12/20,2690502905100607
2030016677649,2024/12/13 04:37:48,СерГеЙ сИдОРоВ,8(9359) 31-33,3,АМуНИЦИя ДлЯ сОБАК,4,4635.79,164.21,cOmpLeTed,подарок вовремя,2024/12/20,2690502905100607
2030016676214,2024/12/04 16:45:34,НаТАЛья ВасиЛЬЕВа,+7 9509 47 37,1,КОрм ДЛЯ соБаК,3,1341.16,158.84,CAncELLED,подарок вовремя,2024-12-29,0489216363551820
2030016676214,2024/12/04 16:45:34,НаТАЛья ВасиЛЬЕВа,+7 9509 47 37,5,мОЛОКО,4,11054.04,945.96,caNceLLed,подарок вовремя,2024-12-29,0489216363551820
2030016676214,2024/12/04 16:45:34,НаТАЛья ВасиЛЬЕВа,+7 9509 47 37,5,МОлокО,3,7349.5,1650.5,cANcellED,подарок вовремя,2024-12-29,0489216363551820
2030016676214,2024/12/04 16:45:34,НаТАЛья ВасиЛЬЕВа,+7 9509 47 37,2,иГРУшКа МЯч,3,723.49,176.51,CANcELlEd,подарок вовремя,2024-12-29,0489216363551820
2030016675289,2024/12/15 21:18:06,сергЕЙ СИДоРОВ,8(9984) 33-29,3,амУнИцИЯ дЛЯ собАК,4,4628.83,171.17,cOmpLETeD,подарок вовремя,2024/12/13,1960677404572789
2030016675289,2024/12/15 21:18:06,сергЕЙ СИДоРОВ,8(9984) 33-29,3,АмУнИцИя дЛя СОбак,2,1927.79,472.21,CoMplETEd,подарок вовремя,2024/12/13,1960677404572789
2030016675289,2024/12/15 21:18:06,сергЕЙ СИДоРОВ,8(9984) 33-29,4,ПОдПиСка нА ГазЕТУ,1,514.03,85.97,cOmpLEteD,подарок вовремя,2024/12/13,1960677404572789
2030016674735,26.12.2024 14:14,НАТАЛЬя ВАсИЛЬЕвА,+7(9206)27-77,3,аМУниЦИя Для СОбак,1,975.85,224.15,cOmPLeted,"Задержка с доставкой, печалька...",29.12.2024,4112440922544674
2030016674735,26.12.2024 14:14,НАТАЛЬя ВАсИЛЬЕвА,+7(9206)27-77,5,МолОКо,4,10375.82,1624.18,compLeTED,"Задержка с доставкой, печалька...",29.12.2024,4112440922544674
2030016674735,26.12.2024 14:14,НАТАЛЬя ВАсИЛЬЕвА,+7(9206)27-77,5,молОкО,4,10567.02,1432.98,cOmplETED,"Задержка с доставкой, печалька...",29.12.2024,4112440922544674
2030016674735,26.12.2024 14:14,НАТАЛЬя ВАсИЛЬЕвА,+7(9206)27-77,1,корМ длЯ СобАК,1,416.77,83.23,cOmpleTEd,"Задержка с доставкой, печалька...",29.12.2024,4112440922544674
2030016674735,26.12.2024 14:14,НАТАЛЬя ВАсИЛЬЕвА,+7(9206)27-77,1,КоРМ Для собАК,3,1225.86,274.14,cOMpLetEd,"Задержка с доставкой, печалька...",29.12.2024,4112440922544674
2030016673441,2024-12-27 21:56:06,НаТалЬЯ ВАсиЛЬЕВА,8(9769) 33-97,3,аМуНИциЯ ДлЯ сОБаК,5,5237.48,762.52,PRocessING,спасибо за заказ,2024/12/04,3731443581903622
2030016673441,2024-12-27 21:56:06,НаТалЬЯ ВАсиЛЬЕВА,8(9769) 33-97,5,молокО,1,2686.66,313.34,ProcEssINg,спасибо за заказ,2024/12/04,3731443581903622
2030016673441,2024-12-27 21:56:06,НаТалЬЯ ВАсиЛЬЕВА,8(9769) 33-97,3,АмуНИЦиЯ ДлЯ соБак,4,4024.42,775.58,PROCeSsiNg,спасибо за заказ,2024/12/04,3731443581903622
2030016673441,2024-12-27 21:56:06,НаТалЬЯ ВАсиЛЬЕВА,8(9769) 33-97,2,иГруШКА Мяч,1,257.88,42.12,PROceSSinG,спасибо за заказ,2024/12/04,3731443581903622
2030016672639,2024-12-11 05:36:22,АНнА СмИрНоВа,+7(9158)00-88,5,МОлокО,2,5520.29,479.71,COmPleTED,Нужно уточнить сроки,14.12.2024,5057778091713666
2030016672639,2024-12-11 05:36:22,АНнА СмИрНоВа,+7(9158)00-88,3,аМУницИя дЛя СОбаК,3,3189.53,410.47,CoMpleTED,Нужно уточнить сроки,14.12.2024,5057778091713666
2030016671964,13.12.2024 02:40,елЕНА ноВИКОва,8(9447) 89-26,2,игРуШКа Мяч,2,593.86,6.14,cOmpletEd,Всё отлично!,12.12.2024,5994150537998077
2030016671964,13.12.2024 02:40,елЕНА ноВИКОва,8(9447) 89-26,4,пОдПИска на газЕту,3,1469.41,330.59,COMplETed,Всё отлично!,12.12.2024,5994150537998077
2030016671964,13.12.2024 02:40,елЕНА ноВИКОва,8(9447) 89-26,2,ИГрушКА мЯЧ,4,1000.74,199.26,coMPLeTed,Всё отлично!,12.12.2024,5994150537998077
2030016671964,13.12.2024 02:40,елЕНА ноВИКОва,8(9447) 89-26,5,МолокО,4,9857.52,2142.48,CoMPleTeD,Всё отлично!,12.12.2024,5994150537998077
2030016671964,13.12.2024 02:40,елЕНА ноВИКОва,8(9447) 89-26,2,ИГРУШКА мЯЧ,2,500.82,99.18,COmpLeted,Всё отлично!,12.12.2024,5994150537998077
2030016670571,27.12.2024 08:24,иВан иванОВ,+7(9486)19-72,1,кОРм дЛЯ собаК,5,2201.77,298.23,compLeTed,Нужно уточнить сроки,2024/12/01,2299163142746598
2030016670571,27.12.2024 08:24,иВан иванОВ,+7(9486)19-72,1,Корм ДЛЯ СоБаК,2,989.3,10.7,cOmPlETed,Нужно уточнить сроки,2024/12/01,2299163142746598
2030016669969,2024-12-14 18:51:16,АНна СмИрноВа,8(9120) 36-60,2,игрУШка МЯЧ,5,1271.79,228.21,CAnCELlEd,"Задержка с доставкой, печалька...",2024-12-13,3262746542246304
2030016668206,2024/12/25 09:54:38,ИВаН иВАНОВ,8(9125) 91-29,4,пОдпискА нА гаЗЕтУ,1,537.49,62.51,CANcElLed,Проверить наличие,2024-12-13,0169792116381601
2030016668206,2024/12/25 09:54:38,ИВаН иВАНОВ,8(9125) 91-29,4,пОДпИска на гАзЕтУ,2,993.78,206.22,CANCElled,Проверить наличие,2024-12-13,0169792116381601
2030016667582,07.12.2024 21:23,мИХаИл ОрЛоВ,8(9419) 73-01,5,молОко,4,9635.09,2364.91,PROceSSING,Всё отлично!,2024/12/09,1925892348663997
2030016667582,07.12.2024 21:23,мИХаИл ОрЛоВ,8(9419) 73-01,4,ПодпИСкА на газЕтУ,5,2529.23,470.77,procESSiNG,Всё отлично!,2024/12/09,1925892348663997
2030016667582,07.12.2024 21:23,мИХаИл ОрЛоВ,8(9419) 73-01,5,молОКО,2,5247.86,752.14,proCesSInG,Всё отлично!,2024/12/09,1925892348663997
2030016667582,07.12.2024 21:23,мИХаИл ОрЛоВ,8(9419) 73-01,5,мОлОкО,1,2518.11,481.89,PRoCesSInG,Всё отлично!,2024/12/09,1925892348663997
2030016667582,07.12.2024 21:23,мИХаИл ОрЛоВ,8(9419) 73-01,5,МОЛОкО,3,8540.6,459.4,prOCeSSIng,Всё отлично!,2024/12/09,1925892348663997
2030016666136,2024/12/15 05:13:15,алексей мИХАЙЛОВ,8(9416) 12-01,2,ИГРУШка мЯЧ,5,1239.04,260.96,cOMplEted,подарок вовремя,2024/12/14,9519632893979084
2030016666136,2024/12/15 05:13:15,алексей мИХАЙЛОВ,8(9416) 12-01,3,АмуНиЦИЯ Для СобАК,4,4149.97,650.03,cOMPLETED,подарок вовремя,2024/12/14,9519632893979084
2030016666136,2024/12/15 05:13:15,алексей мИХАЙЛОВ,8(9416) 12-01,2,игрУШка МяЧ,4,1141.91,58.09,cOmpLETED,подарок вовремя,2024/12/14,9519632893979084
2030016666136,2024/12/15 05:13:15,алексей мИХАЙЛОВ,8(9416) 12-01,4,ПоДПИскА НА гаЗЕТУ,5,2659.12,340.88,COmpLeteD,подарок вовремя,2024/12/14,9519632893979084
2030016665141,2024/12/27 12:06:30,НаТАЛЬя вАСИЛЬеВа,8(9379) 30-58,2,ИгрУШКА МЯЧ,4,979.52,220.48,canCeLlEd,Нужно уточнить сроки,15.12.2024,3727347757688275
2030016665141,2024/12/27 12:06:30,НаТАЛЬя вАСИЛЬеВа,8(9379) 30-58,1,КорМ Для СОБАк,4,1764.2,235.8,caNCelLEd,Нужно уточнить сроки,15.12.2024,3727347757688275
2030016665141,2024/12/27 12:06:30,НаТАЛЬя вАСИЛЬеВа,8(9379) 30-58,5,МОЛокО,2,5379.91,620.09,cAncElLED,Нужно уточнить сроки,15.12.2024,3727347757688275
2030016665141,2024/12/27 12:06:30,НаТАЛЬя вАСИЛЬеВа,8(9379) 30-58,4,пОдПисКа На ГаЗеТУ,2,1153.93,46.07,CAnCeLleD,Нужно уточнить сроки,15.12.2024,3727347757688275
2030016665141,2024/12/27 12:06:30,НаТАЛЬя вАСИЛЬеВа,8(9379) 30-58,5,МоЛОко,1,2549.61,450.39,caNCeLleD,Нужно уточнить сроки,15.12.2024,3727347757688275
2030016664213,2024/12/17 14:25:48,сЕрГЕЙ СИдоРОВ,+7 9490 05 39,2,ИГРУШка мЯЧ,5,1361.13,138.87,COMPlETed,Ждём с нетерпением!,2024/12/29,5240818740127358
2030016664213,2024/12/17 14:25:48,сЕрГЕЙ СИдоРОВ,+7 9490 05 39,1,Корм для соБАК,2,842.52,157.48,cOmPLEteD,Ждём с нетерпением!,2024/12/29,5240818740127358
2030016664213,2024/12/17 14:25:48,сЕрГЕЙ СИдоРОВ,+7 9490 05 39,5,МОлоко,2,5319.16,680.84,coMpleteD,Ждём с нетерпением!,2024/12/29,5240818740127358
2030016663548,2024/12/12 18:38:25,Сергей сидоров,+7(9291)64-94,1,КОрМ длЯ собАк,2,914.29,85.71,PROCEsSiNg,Ждём с нетерпением!,2024/12/15,8069017099056222
2030016662728,2024/12/11 03:16:24,оЛЬга КуЗнЕЦОВа,+7(9461)90-84,4,поДПиска НА гАЗеТУ,4,2377.01,22.99,COMpLEtED,спасибо за заказ,2024/12/14,7747334284582207
2030016662728,2024/12/11 03:16:24,оЛЬга КуЗнЕЦОВа,+7(9461)90-84,5,мОлОко,3,7265.69,1734.31,CoMPLeTed,спасибо за заказ,2024/12/14,7747334284582207
2030016662728,2024/12/11 03:16:24,оЛЬга КуЗнЕЦОВа,+7(9461)90-84,3,АмУНиЦИя ДЛЯ СОБак,2,1949.65,450.35,comPLeTEd,спасибо за заказ,2024/12/14,7747334284582207
2030016662728,2024/12/11 03:16:24,оЛЬга КуЗнЕЦОВа,+7(9461)90-84,1,КоРм ДлЯ собАк,3,1453.83,46.17,cOMpLETED,спасибо за заказ,2024/12/14,7747334284582207
2030016662728,2024/12/11 03:16:24,оЛЬга КуЗнЕЦОВа,+7(9461)90-84,1,КОРМ ДЛя СОБаК,1,427.83,72.17,cOmPLeted,спасибо за заказ,2024/12/14,7747334284582207
2030016661554,2024/12/12 01:48:47,иВан ивАноВ,+7 9852 99 97,3,амУНицИЯ ДлЯ СоБАк,1,1129.58,70.42,cOMPlEtEd,Проверить наличие,2024/12/09,0733891131744557
2030016661554,2024/12/12 01:48:47,иВан ивАноВ,+7 9852 99 97,4,подпИСКа На ГАЗету,5,2738.24,261.76,ComPleteD,Проверить наличие,2024/12/09,0733891131744557
2030016661554,2024/12/12 01:48:47,иВан ивАноВ,+7 9852 99 97,2,игРУшка мяч,4,1122.38,77.62,cOMplEtED,Проверить наличие,2024/12/09,0733891131744557
2030016660560,12.12.2024 11:43,ЕЛЕнА НОВИковА,8(9215) 38-66,5,МОлОКо,1,2488.76,511.24,cANCeLled,подарок вовремя,05.12.2024,1560529162216137
2030016660560,12.12.2024 11:43,ЕЛЕнА НОВИковА,8(9215) 38-66,2,ИГРуШКА мяЧ,2,536.22,63.78,cANCeLLED,подарок вовремя,05.12.2024,1560529162216137
2030016660560,12.12.2024 11:43,ЕЛЕнА НОВИковА,8(9215) 38-66,5,молоКо,1,2734.0,266.0,cancelLeD,подарок вовремя,05.12.2024,1560529162216137
2030016659760,2024/12/10 15:26:07,еЛеНа нОВикоВА,+7(9425)12-92,5,молокО,5,12243.82,2756.18,compLetED,Всё отлично!,23.12.2024,2109679696412694
2030016658584,2024/12/30 13:29:38,НаТАлЬя ваСИЛЬеВа,8(9742) 20-44,3,аМУНИЦия длЯ СобАК,5,5328.31,671.69,CanceLled,Ждём с нетерпением!,31.12.2024,1438304233252072
2030016658584,2024/12/30 13:29:38,НаТАлЬя ваСИЛЬеВа,8(9742) 20-44,4,поДпИСка НА гАЗеТУ,2,1037.21,162.79,cancelLeD,Ждём с нетерпением!,31.12.2024,1438304233252072
2030016658584,2024/12/30 13:29:38,НаТАлЬя ваСИЛЬеВа,8(9742) 20-44,2,ИгРУШкА Мяч,5,1416.06,83.94,CANCELleD,Ждём с нетерпением!,31.12.2024,1438304233252072
2030016657467,2024/12/11 22:20:38,ДмИтрИй кУЗНЕцоВ,+7 9035 97 80,1,корм длЯ СОбАк,3,1359.35,140.65,cAnCelLEd,Всё отлично!,2024/12/15,6937090575409306
2030016657467,2024/12/11 22:20:38,ДмИтрИй кУЗНЕцоВ,+7 9035 97 80,2,ИГрУшКА МЯЧ,3,730.17,169.83,caNCELled,Всё отлично!,2024/12/15,6937090575409306
2030016657467,2024/12/11 22:20:38,ДмИтрИй кУЗНЕцоВ,+7 9035 97 80,1,кОРм ДлЯ СобаК,4,1966.67,33.33,caNCELlEd,Всё отлично!,2024/12/15,6937090575409306
2030016656137,2024/12/11 09:54:09,аЛЕкСеЙ миХАЙЛОв,8(9344) 04-02,4,поДПИСкА нА ГаЗЕТу,3,1453.19,346.81,cOMPLeteD,подарок вовремя,12.12.2024,4978898799797120
2030016656137,2024/12/11 09:54:09,аЛЕкСеЙ миХАЙЛОв,8(9344) 04-02,1,кОРМ ДЛя СОбак,5,2222.12,277.88,cOmPlEteD,подарок вовремя,12.12.2024,4978898799797120
2030016655255,2024-12-24 19:14:34,АННА СМИрнОва,+7 9848 65 72,1,кОРм дЛЯ сОБаК,3,1490.3,9.7,caNCELLed,спасибо за заказ,16.12.2024,4370845377825080
2030016655255,2024-12-24 19:14:34,АННА СМИрнОва,+7 9848 65 72,5,молОКО,3,7304.78,1695.22,cANCelled,спасибо за заказ,16.12.2024,4370845377825080
2030016654341,2024/12/13 04:13:38,ДМиТРиЙ КУЗНЕЦоВ,+7 9245 78 85,3,аМуниЦИЯ дЛЯ СОБаК,2,2387.05,12.95,compleTeD,Ждём с нетерпением!,2024/12/10,4252379584041250
2030016653728,2024-12-26 18:57:38,ИвАн иВаноВ,+7 9756 81 39,3,АмУНиЦИЯ ДЛЯ СоБАк,3,3225.12,374.88,PRocessING,Всё отлично!,2024-12-29,9331462075407050
2030016653728,2024-12-26 18:57:38,ИвАн иВаноВ,+7 9756 81 39,1,коРм Для собак,3,1286.35,213.65,ProCEsSiNG,Всё отлично!,2024-12-29,9331462075407050
2030016653728,2024-12-26 18:57:38,ИвАн иВаноВ,+7 9756 81 39,5,МоЛоКО,4,11955.36,44.64,PRoCEsSING,Всё отлично!,2024-12-29,9331462075407050
2030016653728,2024-12-26 18:57:38,ИвАн иВаноВ,+7 9756 81 39,4,поДпИска НА ГАЗеТу,3,1462.03,337.97,prOcessINg,Всё отлично!,2024-12-29,9331462075407050
2030016652283,14.12.2024 22:46,МиХаиЛ ОрлОв,+7(9645)01-07,2,ИГРУшкА МЯч,1,266.62,33.38,proCEsSinG,"Задержка с доставкой, печалька...",2024/12/19,6459114497091151
2030016652283,14.12.2024 22:46,МиХаиЛ ОрлОв,+7(9645)01-07,4,ПОдпиСКа На газету,2,1051.77,148.23,ProcesSINg,"Задержка с доставкой, печалька...",2024/12/19,6459114497091151
2030016652283,14.12.2024 22:46,МиХаиЛ ОрлОв,+7(9645)01-07,4,ПоДписка нА гАЗету,5,2618.95,381.05,PROCessing,"Задержка с доставкой, печалька...",2024/12/19,6459114497091151
2030016652283,14.12.2024 22:46,МиХаиЛ ОрлОв,+7(9645)01-07,4,поДПиСКа на ГазетУ,3,1606.96,193.04,prOcesSIng,"Задержка с доставкой, печалька...",2024/12/19,6459114497091151
2030016651975,08.12.2024 02:39,АННа смирнОВа,8(9554) 57-59,4,пОдПИсКА НА гАЗЕТу,3,1457.25,342.75,CanCEllEd,подарок вовремя,2024/12/30,8773873551203612
2030016651975,08.12.2024 02:39,АННа смирнОВа,8(9554) 57-59,1,КОРМ ДЛя СоБАк,5,2374.65,125.35,cancELLeD,подарок вовремя,2024/12/30,8773873551203612
2030016651975,08.12.2024 02:39,АННа смирнОВа,8(9554) 57-59,5,МОЛОко,4,10484.45,1515.55,CancelLeD,подарок вовремя,2024/12/30,8773873551203612
2030016651975,08.12.2024 02:39,АННа смирнОВа,8(9554) 57-59,5,мОлОкО,4,10723.91,1276.09,CAnCellED,подарок вовремя,2024/12/30,8773873551203612
2030016651975,08.12.2024 02:39,АННа смирнОВа,8(9554) 57-59,5,МоЛоКо,5,13717.33,1282.67,CAnCeLleD,подарок вовремя,2024/12/30,8773873551203612
2030016650446,13.12.2024 08:11,олЬГА куЗнЕцОВА,+7 9968 47 62,2,иГрушкА Мяч,3,881.23,18.77,PRoceSSiNG,"Задержка с доставкой, печалька...",2024/12/04,4077603633162789
2030016650446,13.12.2024 08:11,олЬГА куЗнЕцОВА,+7 9968 47 62,5,молОкО,1,2784.81,215.19,pRoceSSiNg,"Задержка с доставкой, печалька...",2024/12/04,4077603633162789
2030016650446,13.12.2024 08:11,олЬГА куЗнЕцОВА,+7 9968 47 62,2,иГРуШка МЯч,4,1164.86,35.14,PRoCEssINg,"Задержка с доставкой, печалька...",2024/12/04,4077603633162789
2030016649807,31.12.2024 14:41,нАТАльЯ ВАСилЬЕВА,+7(9768)85-29,4,поДПиСКа НА ГАЗетУ,2,983.92,216.08,cANCELlEd,Проверить наличие,2024/12/16,7675927997581596
2030016649807,31.12.2024 14:41,нАТАльЯ ВАСилЬЕВА,+7(9768)85-29,1,кОРм ДЛя сОБАк,3,1284.87,215.13,cAnCellED,Проверить наличие,2024/12/16,7675927997581596
2030016648318,2024/12/09 10:02:13,СЕргЕЙ сИДоРов,+7 9054 43 53,1,КорМ дЛя СоБАК,5,2144.25,355.75,cANcELLEd,Нужно уточнить сроки,02.12.2024,2558836912877969
2030016648318,2024/12/09 10:02:13,СЕргЕЙ сИДоРов,+7 9054 43 53,1,кОрМ для сОБак,1,436.15,63.85,Cancelled,Нужно уточнить сроки,02.12.2024,2558836912877969
2030016648318,2024/12/09 10:02:13,СЕргЕЙ сИДоРов,+7 9054 43 53,4,поДписка на ГАзетУ,1,578.14,21.86,cAnceLleD,Нужно уточнить сроки,02.12.2024,2558836912877969
2030016647856,25.12.2024 09:06,МихаиЛ ОрлОв,+7(9709)18-68,3,аМунИцИя ДлЯ СобАк,2,2205.36,194.64,CANcellED,спасибо за заказ,10.12.2024,3755688019771722
2030016647856,25.12.2024 09:06,МихаиЛ ОрлОв,+7(9709)18-68,5,моЛОко,5,13797.66,1202.34,CancELLeD,спасибо за заказ,10.12.2024,3755688019771722
2030016646202,13.12.2024 20:57,дМИтрИй кУЗНецов,+7 9585 87 66,5,мОлОкО,2,4982.51,1017.49,CanceLLeD,Ждём с нетерпением!,2024-12-24,0892785953167422
2030016646202,13.12.2024 20:57,дМИтрИй кУЗНецов,+7 9585 87 66,3,АМУнИцИЯ длЯ СОБАк,4,3979.99,820.01,CANCeLlEd,Ждём с нетерпением!,2024-12-24,0892785953167422
2030016645145,2024-12-05 23:15:38,ОЛьГа КуЗНеЦОВА,8(9835) 52-82,3,АмУнИЦиЯ ДЛя сОБАк,3,2911.83,688.17,coMpLetEd,Нужно уточнить сроки,2024-12-22,9725810651074742
2030016644215,2024-12-26 22:53:38,АлЕкСЕй МИхАЙЛоВ,+7(9384)01-54,2,игРУшКа МяЧ,3,746.85,153.15,PRoCeSSING,Всё отлично!,2024/12/15,8737624487254950
2030016644215,2024-12-26 22:53:38,АлЕкСЕй МИхАЙЛоВ,+7(9384)01-54,3,амуНиЦиЯ для сОбАК,5,5019.35,980.65,ProCESSinG,Всё отлично!,2024/12/15,8737624487254950
2030016643367,04.12.2024 19:31,ОлЬга куЗнЕЦОВа,+7 9484 49 96,4,ПодПиСКа НА ГАзеТУ,3,1464.13,335.87,PROcEssiNG,Проверить наличие,2024/12/03,8258308279947605
2030016643367,04.12.2024 19:31,ОлЬга куЗнЕЦОВа,+7 9484 49 96,3,амУницИЯ дЛЯ сОбАК,3,3568.34,31.66,pROCEsSiNg,Проверить наличие,2024/12/03,8258308279947605
2030016642748,2024/12/12 12:56:10,мАРия пеТроВа,+7 9053 25 42,1,КОРм ДЛя СОБак,4,1955.08,44.92,cOmpLETED,подарок вовремя,16.12.2024,1558157259212294
2030016642748,2024/12/12 12:56:10,мАРия пеТроВа,+7 9053 25 42,4,ПОдПИСка нА ГАЗету,5,2579.33,420.67,COMpLEtEd,подарок вовремя,16.12.2024,1558157259212294
2030016642748,2024/12/12 12:56:10,мАРия пеТроВа,+7 9053 25 42,2,иГрУШка мЯч,4,1032.63,167.37,compLetED,подарок вовремя,16.12.2024,1558157259212294
2030016642748,2024/12/12 12:56:10,мАРия пеТроВа,+7 9053 25 42,5,МолОКо,1,2495.71,504.29,cOmPLETeD,подарок вовремя,16.12.2024,1558157259212294
2030016642748,2024/12/12 12:56:10,мАРия пеТроВа,+7 9053 25 42,4,подПиСКА НА ГАзетУ,3,1760.13,39.87,COmPletEd,подарок вовремя,16.12.2024,1558157259212294
2030016641245,05.12.2024 14:29,ДМИтриЙ куЗнЕцов,+7 9005 88 98,3,АмУНИция дЛя СОбаК,4,3900.47,899.53,PRoCeSSiNg,Всё отлично!,2024/12/22,1189632449989754
2030016641245,05.12.2024 14:29,ДМИтриЙ куЗнЕцов,+7 9005 88 98,1,КОрм ДлЯ СОБаК,4,1795.34,204.66,Processing,Всё отлично!,2024/12/22,1189632449989754
2030016640265,2024-12-07 15:44:20,НаТАлЬЯ ВасилЬеВА,+7(9616)28-94,4,ПоДпиСКА НА гаЗеТу,5,2616.35,383.65,CaNcELLed,Всё отлично!,2024/12/17,0096948500494824
2030016895288,2024-12-05 15:31:49,аНнА смиРНоВА,8(9507) 22-94,3,АмУнИциЯ ДЛЯ собаК,1,1191.9,8.1,cancElLEd,спасибо за заказ,2024/12/03,2629713992495010
2030016895288,2024-12-05 15:31:49,аНнА смиРНоВА,8(9507) 22-94,5,мОЛоКо,1,2940.7,59.3,CAnCElled,спасибо за заказ,2024/12/03,2629713992495010
2030016895288,2024-12-05 15:31:49,аНнА смиРНоВА,8(9507) 22-94,1,коРМ дЛя сОбак,5,2304.67,195.33,cAnCElLeD,спасибо за заказ,2024/12/03,2629713992495010
2030016894571,2024/12/14 05:34:23,иВАН иванОВ,+7 9198 99 91,1,кОРм дЛя СОбАк,2,820.3,179.7,pROcessINg,Всё отлично!,2024/12/22,0121942068757219
2030016894571,2024/12/14 05:34:23,иВАН иванОВ,+7 9198 99 91,2,игрУшкА мЯЧ,3,759.99,140.01,proCEssInG,Всё отлично!,2024/12/22,0121942068757219
2030016894571,2024/12/14 05:34:23,иВАН иванОВ,+7 9198 99 91,5,моЛОкО,1,2520.12,479.88,pROceSsinG,Всё отлично!,2024/12/22,0121942068757219
2030016894571,2024/12/14 05:34:23,иВАН иванОВ,+7 9198 99 91,2,ИгРушка мЯЧ,4,1127.39,72.61,ProcESsING,Всё отлично!,2024/12/22,0121942068757219
2030016893925,18.12.2024 21:16,ОльГА куЗнецоВа,8(9816) 83-48,3,АМУНиЦиЯ ДлЯ сОБаК,2,1988.49,411.51,PROCesSinG,Ждём с нетерпением!,2024/12/23,8220222419911674
2030016893925,18.12.2024 21:16,ОльГА куЗнецоВа,8(9816) 83-48,5,моЛокО,2,5766.51,233.49,ProcessinG,Ждём с нетерпением!,2024/12/23,8220222419911674
2030016893925,18.12.2024 21:16,ОльГА куЗнецоВа,8(9816) 83-48,4,подПИсКА На гАзЕТУ,3,1510.22,289.78,procESSiNG,Ждём с нетерпением!,2024/12/23,8220222419911674
2030016892807,05.12.2024 15:11,аЛЕКСЕЙ МиХАйЛоВ,+7 9831 32 50,2,игРушка мяч,2,486.05,113.95,cANceLLed,"Задержка с доставкой, печалька...",2024-12-10,9992770679919678
2030016892807,05.12.2024 15:11,аЛЕКСЕЙ МиХАйЛоВ,+7 9831 32 50,5,мОЛОКО,1,2942.17,57.83,cANCElleD,"Задержка с доставкой, печалька...",2024-12-10,9992770679919678
2030016892807,05.12.2024 15:11,аЛЕКСЕЙ МиХАйЛоВ,+7 9831 32 50,5,мОлоко,3,7590.12,1409.88,cANcELleD,"Задержка с доставкой, печалька...",2024-12-10,9992770679919678
2030016891779,2024/12/23 04:16:54,маРиЯ петрова,+7(9547)84-58,1,кОрм дЛЯ СОБаК,4,1914.89,85.11,Completed,Нужно уточнить сроки,2024-12-30,8984761360480450
2030016891779,2024/12/23 04:16:54,маРиЯ петрова,+7(9547)84-58,2,ИГРушкА мяч,2,532.09,67.91,ComPLETED,Нужно уточнить сроки,2024-12-30,8984761360480450
2030016891779,2024/12/23 04:16:54,маРиЯ петрова,+7(9547)84-58,5,молоКО,1,2457.63,542.37,CompLEted,Нужно уточнить сроки,2024-12-30,8984761360480450
2030016891779,2024/12/23 04:16:54,маРиЯ петрова,+7(9547)84-58,2,игРушКА МяЧ,2,488.09,111.91,cOMPleteD,Нужно уточнить сроки,2024-12-30,8984761360480450
2030016890722,2024-12-30 10:02:14,СЕРГей СиДоРов,+7 9560 61 78,5,МолОКо,1,2512.9,487.1,CAnCElleD,"Задержка с доставкой, печалька...",03.12.2024,1068796665763732
2030016890722,2024-12-30 10:02:14,СЕРГей СиДоРов,+7 9560 61 78,4,ПоДписка На гАЗЕту,4,2043.46,356.54,cAncelLeD,"Задержка с доставкой, печалька...",03.12.2024,1068796665763732
2030016890722,2024-12-30 10:02:14,СЕРГей СиДоРов,+7 9560 61 78,5,мОлОКО,4,11331.39,668.61,CAnCeLleD,"Задержка с доставкой, печалька...",03.12.2024,1068796665763732
2030016889588,22.12.2024 23:06,еЛЕНА НОвиКОВА,+7(9975)11-47,1,кОРМ ДлЯ соБак,1,486.49,13.51,coMPlETED,Нужно уточнить сроки,12.12.2024,5067977948826560
2030016889588,22.12.2024 23:06,еЛЕНА НОвиКОВА,+7(9975)11-47,1,КоРМ дЛя СоБАк,1,444.07,55.93,COmPLEtED,Нужно уточнить сроки,12.12.2024,5067977948826560
2030016889588,22.12.2024 23:06,еЛЕНА НОвиКОВА,+7(9975)11-47,4,ПОДПИСка на гаЗЕту,4,2065.43,334.57,COMpLEteD,Нужно уточнить сроки,12.12.2024,5067977948826560
2030016889588,22.12.2024 23:06,еЛЕНА НОвиКОВА,+7(9975)11-47,2,ИгруШка МЯч,2,545.54,54.46,compleTED,Нужно уточнить сроки,12.12.2024,5067977948826560
2030016889588,22.12.2024 23:06,еЛЕНА НОвиКОВА,+7(9975)11-47,4,пОдпИсКа нА ГАЗеТу,1,586.72,13.28,comPLetED,Нужно уточнить сроки,12.12.2024,5067977948826560
2030016888313,2024-12-09 15:04:59,ОлЬга кУзНЕЦоВа,+7 9573 50 10,3,амУнИЦия дЛЯ сОбак,1,1143.85,56.15,ProcESsiNg,Проверить наличие,2024-12-04,7655981010459515
2030016888313,2024-12-09 15:04:59,ОлЬга кУзНЕЦоВа,+7 9573 50 10,3,АмУНИЦия дЛя СОбАк,2,2255.39,144.61,PROcESSInG,Проверить наличие,2024-12-04,7655981010459515
2030016888313,2024-12-09 15:04:59,ОлЬга кУзНЕЦоВа,+7 9573 50 10,3,амуНИЦИя ДлЯ соБаК,5,5633.21,366.79,PRocesSing,Проверить наличие,2024-12-04,7655981010459515
2030016888313,2024-12-09 15:04:59,ОлЬга кУзНЕЦоВа,+7 9573 50 10,3,АМуниЦИЯ ДЛя сОБак,1,1057.0,143.0,ProceSSing,Проверить наличие,2024-12-04,7655981010459515
2030016888313,2024-12-09 15:04:59,ОлЬга кУзНЕЦоВа,+7 9573 50 10,5,МоЛОко,2,5360.11,639.89,prOCESSIng,Проверить наличие,2024-12-04,7655981010459515
2030016887845,2024-12-21 20:31:57,МарИЯ ПеТРоВа,8(9687) 55-72,4,ПОДпИСка На гАЗЕТу,2,981.75,218.25,caNCELlEd,Всё отлично!,2024/12/30,4979933457463538
2030016887845,2024-12-21 20:31:57,МарИЯ ПеТРоВа,8(9687) 55-72,4,пОдПискА На гАЗЕТУ,5,2914.07,85.93,CANcelLed,Всё отлично!,2024/12/30,4979933457463538
2030016887845,2024-12-21 20:31:57,МарИЯ ПеТРоВа,8(9687) 55-72,2,ИгРуШка мяЧ,4,1030.09,169.91,CAnCElLed,Всё отлично!,2024/12/30,4979933457463538
2030016886493,03.12.2024 03:17,АЛЕкСеЙ МиХайЛов,+7(9666)78-70,5,МОлОКо,3,8847.08,152.92,canCELled,подарок вовремя,2024/12/22,6569364854165343
2030016886493,03.12.2024 03:17,АЛЕкСеЙ МиХайЛов,+7(9666)78-70,1,КорМ ДЛя СобАк,1,454.86,45.14,CaNCElLed,подарок вовремя,2024/12/22,6569364854165343
2030016886493,03.12.2024 03:17,АЛЕкСеЙ МиХайЛов,+7(9666)78-70,1,КорМ ДлЯ соБАк,3,1469.94,30.06,canCeLlEd,подарок вовремя,2024/12/22,6569364854165343
2030016886493,03.12.2024 03:17,АЛЕкСеЙ МиХайЛов,+7(9666)78-70,5,молоКО,4,10368.63,1631.37,caNceLLEd,подарок вовремя,2024/12/22,6569364854165343
2030016885209,2024-12-05 00:09:32,оЛьГА КуЗНЕЦовА,+7 9444 30 05,3,амуниЦИя дЛя сОБАк,2,2361.97,38.03,CaNceLLEd,"Задержка с доставкой, печалька...",14.12.2024,1502894311761389
2030016885209,2024-12-05 00:09:32,оЛьГА КуЗНЕЦовА,+7 9444 30 05,5,МОлОко,2,4924.03,1075.97,caNCelled,"Задержка с доставкой, печалька...",14.12.2024,1502894311761389
2030016884123,2024-12-15 10:28:02,иВан Иванов,8(9456) 45-77,1,кОрм ДЛЯ СоБак,2,967.23,32.77,coMPleTED,Проверить наличие,2024-12-21,4002570439890389
2030016884123,2024-12-15 10:28:02,иВан Иванов,8(9456) 45-77,3,АМуницИЯ Для соБаК,2,2076.8,323.2,COMPlETEd,Проверить наличие,2024-12-21,4002570439890389
2030016884123,2024-12-15 10:28:02,иВан Иванов,8(9456) 45-77,1,кОРМ дЛЯ сОбАк,2,866.44,133.56,cOmpLEtEd,Проверить наличие,2024-12-21,4002570439890389
2030016883957,19.12.2024 22:04,НаТАЛЬя ВАсилЬева,+7 9573 51 90,2,ИГрУШКА мЯЧ,4,1141.36,58.64,pROcEssiNG,Нужно уточнить сроки,2024/12/31,2962261344889872
2030016883957,19.12.2024 22:04,НаТАЛЬя ВАсилЬева,+7 9573 51 90,4,ПодпИСкА На гаЗЕТУ,1,496.52,103.48,pRocESSING,Нужно уточнить сроки,2024/12/31,2962261344889872
2030016883957,19.12.2024 22:04,НаТАЛЬя ВАсилЬева,+7 9573 51 90,4,ПодпИСКА на гАзЕТУ,3,1518.01,281.99,PRocEssINg,Нужно уточнить сроки,2024/12/31,2962261344889872
2030016882800,2024-12-22 08:10:30,ИвАН ИвАНОв,8(9520) 38-58,4,ПОДПИсКА на ГаЗету,5,2524.28,475.72,cANceLled,Нужно уточнить сроки,2024-12-01,6487094348376596
2030016882800,2024-12-22 08:10:30,ИвАН ИвАНОв,8(9520) 38-58,2,ИгРУшКа МЯч,1,247.46,52.54,CANcElLed,Нужно уточнить сроки,2024-12-01,6487094348376596
2030016882800,2024-12-22 08:10:30,ИвАН ИвАНОв,8(9520) 38-58,3,амунИЦия ДЛя сОбАк,5,5663.14,336.86,caNCelLed,Нужно уточнить сроки,2024-12-01,6487094348376596
2030016881728,2024-12-27 08:49:27,СЕРгЕЙ сидоРов,+7(9493)62-03,2,игРУшКА мяЧ,3,786.62,113.38,COmpleTED,Всё отлично!,2024-12-08,1291420793854856
2030016881728,2024-12-27 08:49:27,СЕРгЕЙ сидоРов,+7(9493)62-03,4,ПОдПИскА на гАЗеТу,3,1645.95,154.05,cOmPleteD,Всё отлично!,2024-12-08,1291420793854856
2030016881728,2024-12-27 08:49:27,СЕРгЕЙ сидоРов,+7(9493)62-03,3,аМунИЦиЯ длЯ собАК,2,2190.35,209.65,cOmplEtED,Всё отлично!,2024-12-08,1291420793854856
2030016881728,2024-12-27 08:49:27,СЕРгЕЙ сидоРов,+7(9493)62-03,3,амунициЯ ДЛя СОБак,3,2947.98,652.02,ComPleted,Всё отлично!,2024-12-08,1291420793854856
2030016881728,2024-12-27 08:49:27,СЕРгЕЙ сидоРов,+7(9493)62-03,1,КоРМ ДЛя соБаК,5,2478.41,21.59,ComPLeteD,Всё отлично!,2024-12-08,1291420793854856
2030016880164,11.12.2024 02:46,ДМИтРий куЗНЕЦОВ,8(9274) 23-54,2,ИГРУшка мЯЧ,2,567.01,32.99,pRoCEsSiNG,"Задержка с доставкой, печалька...",20.12.2024,6862351490254875
2030016880164,11.12.2024 02:46,ДМИтРий куЗНЕЦОВ,8(9274) 23-54,1,коРм дЛЯ собАК,3,1296.04,203.96,ProCESsInG,"Задержка с доставкой, печалька...",20.12.2024,6862351490254875
2030016880164,11.12.2024 02:46,ДМИтРий куЗНЕЦОВ,8(9274) 23-54,4,подПИсКА НА гАзетУ,1,522.47,77.53,pROcEsSIng,"Задержка с доставкой, печалька...",20.12.2024,6862351490254875
2030016879707,11.12.2024 04:14,ДМИтрий КУзНЕцОв,+7 9287 30 52,2,игруШКа мяЧ,1,282.71,17.29,caNCElLeD,Нужно уточнить сроки,2024-12-06,2226162502210926
2030016879707,11.12.2024 04:14,ДМИтрий КУзНЕцОв,+7 9287 30 52,4,пОДПиСкА На ГАзЕту,3,1495.68,304.32,cancElLEd,Нужно уточнить сроки,2024-12-06,2226162502210926
2030016879707,11.12.2024 04:14,ДМИтрий КУзНЕцОв,+7 9287 30 52,2,игРушкА мяЧ,3,890.41,9.59,CanCEllED,Нужно уточнить сроки,2024-12-06,2226162502210926
2030016879707,11.12.2024 04:14,ДМИтрий КУзНЕцОв,+7 9287 30 52,4,пОдпИсКА На газету,5,2480.62,519.38,cancelLed,Нужно уточнить сроки,2024-12-06,2226162502210926
2030016878526,2024-12-09 06:40:41,алексеЙ МИхАйлОВ,+7 9188 27 56,5,мОЛоко,3,7415.16,1584.84,cOmpLeteD,Ждём с нетерпением!,12.12.2024,5385322763972624
2030016878526,2024-12-09 06:40:41,алексеЙ МИхАйлОВ,+7 9188 27 56,2,игРушкА МЯч,3,882.77,17.23,CoMPlEteD,Ждём с нетерпением!,12.12.2024,5385322763972624
2030016878526,2024-12-09 06:40:41,алексеЙ МИхАйлОВ,+7 9188 27 56,2,ИгрУШкА МяЧ,2,547.61,52.39,coMPLetEd,Ждём с нетерпением!,12.12.2024,5385322763972624
2030016877977,27.12.2024 19:13,анНА смиРНоВА,+7(9610)86-17,5,молОко,5,14393.99,606.01,prOceSSiNg,Ждём с нетерпением!,11.12.2024,9654787318781898
2030016877977,27.12.2024 19:13,анНА смиРНоВА,+7(9610)86-17,3,аМУНиЦИя ДЛЯ соБаК,2,2067.33,332.67,PRocessinG,Ждём с нетерпением!,11.12.2024,9654787318781898
2030016877977,27.12.2024 19:13,анНА смиРНоВА,+7(9610)86-17,4,поДПИСка НА ГАЗету,4,1923.56,476.44,ProCEssIng,Ждём с нетерпением!,11.12.2024,9654787318781898
2030016877977,27.12.2024 19:13,анНА смиРНоВА,+7(9610)86-17,3,АМуниЦИЯ дЛя соБАк,3,3520.5,79.5,PRoCEssiNG,Ждём с нетерпением!,11.12.2024,9654787318781898
2030016877977,27.12.2024 19:13,анНА смиРНоВА,+7(9610)86-17,1,КОрМ ДЛЯ СОбаК,1,455.6,44.4,pROCeSsiNg,Ждём с нетерпением!,11.12.2024,9654787318781898
2030016876499,2024/12/18 15:59:02,аЛЕкСЕЙ МиХайЛОв,+7(9413)33-23,5,МОЛОКо,3,8401.23,598.77,cOmpLEtEd,подарок вовремя,2024-12-17,6561422715537894
2030016875172,2024-12-10 11:58:50,натАльЯ ВаСИльева,8(9427) 82-51,1,корм ДлЯ соБАК,2,843.89,156.11,CaNCElLEd,Нужно уточнить сроки,03.12.2024,8478544752595457
2030016875172,2024-12-10 11:58:50,натАльЯ ВаСИльева,8(9427) 82-51,1,кОРм Для собАк,4,1908.79,91.21,CanCELLeD,Нужно уточнить сроки,03.12.2024,8478544752595457
2030016875172,2024-12-10 11:58:50,натАльЯ ВаСИльева,8(9427) 82-51,4,ПоДпиСка на газЕту,2,1041.47,158.53,caNCelled,Нужно уточнить сроки,03.12.2024,8478544752595457
2030016875172,2024-12-10 11:58:50,натАльЯ ВаСИльева,8(9427) 82-51,4,подПИсКа на ГаЗету,4,2127.2,272.8,CaNCelled,Нужно уточнить сроки,03.12.2024,8478544752595457
2030016875172,2024-12-10 11:58:50,натАльЯ ВаСИльева,8(9427) 82-51,5,МОЛоКО,3,7357.41,1642.59,cAncELleD,Нужно уточнить сроки,03.12.2024,8478544752595457
2030016874644,22.12.2024 17:10,МихАИл ОРЛов,+7 9757 67 55,1,коРм дЛя СОБАК,1,435.8,64.2,proCessINg,Всё отлично!,26.12.2024,1818107008095830
2030016873386,31.12.2024 15:43,дмитРИЙ кУЗнЕцов,8(9618) 70-97,3,амУниЦия длЯ СОБАк,1,1090.08,109.92,cOMpLETed,подарок вовремя,2024-12-01,8874660971971581
2030016872838,2024/12/11 14:38:44,маРиЯ петроВА,+7 9814 80 28,5,МоЛоко,4,11300.08,699.92,PrOCessing,Ждём с нетерпением!,2024-12-13,8388287920234424
2030016872838,2024/12/11 14:38:44,маРиЯ петроВА,+7 9814 80 28,4,подПИсКА На газеТУ,4,1985.7,414.3,PROcESSinG,Ждём с нетерпением!,2024-12-13,8388287920234424
2030016872838,2024/12/11 14:38:44,маРиЯ петроВА,+7 9814 80 28,4,подПИсКа нА гаЗетУ,1,559.71,40.29,ProCEsSinG,Ждём с нетерпением!,2024-12-13,8388287920234424
2030016872838,2024/12/11 14:38:44,маРиЯ петроВА,+7 9814 80 28,2,игрУШКА мяч,2,528.46,71.54,PROcessing,Ждём с нетерпением!,2024-12-13,8388287920234424
2030016871120,2024-12-02 00:10:11,АлексЕЙ МИХайлОВ,+7(9638)63-43,3,аМУнИЦия дЛя СоБАК,1,1057.89,142.11,pROceSsing,подарок вовремя,2024-12-05,0739182353914011
2030016871120,2024-12-02 00:10:11,АлексЕЙ МИХайлОВ,+7(9638)63-43,3,аМуНиЦИя ДлЯ СобаК,5,5190.94,809.06,pROCeSSInG,подарок вовремя,2024-12-05,0739182353914011
2030016871120,2024-12-02 00:10:11,АлексЕЙ МИХайлОВ,+7(9638)63-43,5,МОлокО,1,2821.45,178.55,pRoCEsSInG,подарок вовремя,2024-12-05,0739182353914011
2030016871120,2024-12-02 00:10:11,АлексЕЙ МИХайлОВ,+7(9638)63-43,1,коРМ дЛЯ СоБаК,3,1341.12,158.88,prOCEssING,подарок вовремя,2024-12-05,0739182353914011
2030016871120,2024-12-02 00:10:11,АлексЕЙ МИХайлОВ,+7(9638)63-43,5,мОЛоКо,4,10566.81,1433.19,PrOCEssINg,подарок вовремя,2024-12-05,0739182353914011
2030016870153,2024-12-12 12:10:27,сЕрГЕЙ сИдорОВ,8(9243) 50-36,2,ИгРУШка мяЧ,4,1035.53,164.47,CAnceLLed,спасибо за заказ,2024/12/28,8113465460343362
2030016870153,2024-12-12 12:10:27,сЕрГЕЙ сИдорОВ,8(9243) 50-36,3,аМуНицИЯ длЯ сОбАК,3,3114.47,485.53,CaNCelled,спасибо за заказ,2024/12/28,8113465460343362
2030016870153,2024-12-12 12:10:27,сЕрГЕЙ сИдорОВ,8(9243) 50-36,5,моЛоКо,1,2644.73,355.27,cAnCELLed,спасибо за заказ,2024/12/28,8113465460343362
2030016870153,2024-12-12 12:10:27,сЕрГЕЙ сИдорОВ,8(9243) 50-36,2,иГРушкА мяч,3,808.9,91.1,cANceLleD,спасибо за заказ,2024/12/28,8113465460343362
2030016870153,2024-12-12 12:10:27,сЕрГЕЙ сИдорОВ,8(9243) 50-36,2,Игрушка мяЧ,4,1061.13,138.87,CANceLlEd,спасибо за заказ,2024/12/28,8113465460343362
2030016869640,2024/12/23 23:56:31,миХАиЛ ОРлоВ,8(9739) 68-75,4,ПОДпиСКа на гАЗеТу,1,575.84,24.16,COMplEteD,спасибо за заказ,02.12.2024,5159352407509393
2030016869640,2024/12/23 23:56:31,миХАиЛ ОРлоВ,8(9739) 68-75,4,ПодПиСкА НА газетУ,3,1447.24,352.76,cOMPletED,спасибо за заказ,02.12.2024,5159352407509393
2030016869640,2024/12/23 23:56:31,миХАиЛ ОРлоВ,8(9739) 68-75,5,МОлоКО,3,7515.94,1484.06,ComPLETED,спасибо за заказ,02.12.2024,5159352407509393
2030016868975,15.12.2024 23:41,СергЕй СиДОРОВ,+7 9192 12 44,3,АМУниЦИЯ Для сОБАк,5,5668.15,331.85,CanCElLEd,Нужно уточнить сроки,24.12.2024,8674131763051906
2030016867989,20.12.2024 04:19,маРия ПеТроВА,+7(9767)40-28,4,ПОДПисКА НА газету,2,1038.7,161.3,PRoCEsSING,Ждём с нетерпением!,10.12.2024,9104156550150800
2030016866889,18.12.2024 18:10,натАлЬя ВаСильЕВА,8(9153) 58-38,5,мОлоКо,5,14625.59,374.41,cAnCElled,подарок вовремя,2024/12/30,0508147056464520
2030016866889,18.12.2024 18:10,натАлЬя ВаСильЕВА,8(9153) 58-38,5,моЛоко,5,14945.21,54.79,caNcelLED,подарок вовремя,2024/12/30,0508147056464520
2030016865327,2024/12/15 15:47:36,дМИТРий КУЗНЕцоВ,+7 9871 97 66,3,АмуНиЦия ДлЯ СоБАК,3,3357.96,242.04,procESSiNG,Всё отлично!,2024-12-03,7897325936707024
2030016865327,2024/12/15 15:47:36,дМИТРий КУЗНЕцоВ,+7 9871 97 66,4,ПОДПИСкА На гаЗЕту,5,2813.05,186.95,ProCESsiNG,Всё отлично!,2024-12-03,7897325936707024
2030016865327,2024/12/15 15:47:36,дМИТРий КУЗНЕцоВ,+7 9871 97 66,1,кОРм ДЛя собак,3,1425.36,74.64,PRoCeSSiNg,Всё отлично!,2024-12-03,7897325936707024
2030016865327,2024/12/15 15:47:36,дМИТРий КУЗНЕцоВ,+7 9871 97 66,1,корм Для СобАк,4,1703.19,296.81,PrOcessing,Всё отлично!,2024-12-03,7897325936707024
2030016864425,2024-12-30 09:57:34,еЛЕнА ноВИкОвА,+7(9902)39-00,2,ИГРушКА мЯЧ,5,1249.39,250.61,cOmPLEtED,спасибо за заказ,2024/12/19,8462684866330449
2030016864425,2024-12-30 09:57:34,еЛЕнА ноВИкОвА,+7(9902)39-00,5,МолокО,1,2910.12,89.88,cOMPlEteD,спасибо за заказ,2024/12/19,8462684866330449
2030016864425,2024-12-30 09:57:34,еЛЕнА ноВИкОвА,+7(9902)39-00,4,пОДПИска нА ГазетУ,1,581.45,18.55,ComPLETed,спасибо за заказ,2024/12/19,8462684866330449
2030016864425,2024-12-30 09:57:34,еЛЕнА ноВИкОвА,+7(9902)39-00,1,корМ дЛЯ СОБАК,3,1375.23,124.77,coMPLEtED,спасибо за заказ,2024/12/19,8462684866330449
2030016863972,2024/12/31 21:25:59,натальЯ ВасИльева,+7(9813)74-30,3,амунИцИЯ ДЛя СОБАК,3,3507.43,92.57,coMPLeTED,Всё отлично!,2024/12/19,3710785353100382
2030016863972,2024/12/31 21:25:59,натальЯ ВасИльева,+7(9813)74-30,5,моЛОКО,2,5780.27,219.73,compLETEd,Всё отлично!,2024/12/19,3710785353100382
2030016863972,2024/12/31 21:25:59,натальЯ ВасИльева,+7(9813)74-30,2,иГрУшка мяЧ,2,501.81,98.19,comPleted,Всё отлично!,2024/12/19,3710785353100382
2030016863972,2024/12/31 21:25:59,натальЯ ВасИльева,+7(9813)74-30,2,иГРушКА МЯч,2,587.01,12.99,COMpLEtED,Всё отлично!,2024/12/19,3710785353100382
2030016862642,2024/12/05 02:27:29,оЛьгА кУзНЕцоВА,+7 9991 45 04,4,пОдПИскА на ГаЗЕтУ,5,2828.14,171.86,canCElLeD,Ждём с нетерпением!,2024-12-29,8312272227139360
2030016861838,2024/12/26 13:05:17,анНа СМиРновА,+7 9368 22 49,3,аМУНИЦИя ДлЯ сОбак,3,3003.32,596.68,coMpLEteD,Проверить наличие,2024-12-03,0306408501814023
2030016861838,2024/12/26 13:05:17,анНа СМиРновА,+7 9368 22 49,5,МОЛоко,2,5753.41,246.59,cOmPletEd,Проверить наличие,2024-12-03,0306408501814023
2030016860878,2024-12-02 05:18:51,АнНа смирНОВА,+7(9228)91-77,5,МоЛокО,4,11968.65,31.35,PROCeSsIng,Проверить наличие,10.12.2024,1971125198946482
2030016859866,2024-12-10 03:21:29,аЛЕКСЕй МИХаЙлОВ,+7 9741 83 23,3,АмУнИЦИЯ для СоБак,4,4174.62,625.38,cOMPLETeD,подарок вовремя,05.12.2024,6419556931919988
2030016859866,2024-12-10 03:21:29,аЛЕКСЕй МИХаЙлОВ,+7 9741 83 23,4,ПоДПиска НА гаЗетУ,3,1741.6,58.4,COMpLEted,подарок вовремя,05.12.2024,6419556931919988
2030016859866,2024-12-10 03:21:29,аЛЕКСЕй МИХаЙлОВ,+7 9741 83 23,5,МОЛОКО,3,8343.22,656.78,cOmPleTEd,подарок вовремя,05.12.2024,6419556931919988
2030016859866,2024-12-10 03:21:29,аЛЕКСЕй МИХаЙлОВ,+7 9741 83 23,4,ПоДпиСКа на ГАЗЕТУ,2,1170.44,29.56,COmPleteD,подарок вовремя,05.12.2024,6419556931919988
2030016858186,2024-12-02 00:03:43,АнНА СмИРНОвА,+7(9091)56-17,2,игруШкА МяЧ,3,860.65,39.35,comPLEted,Ждём с нетерпением!,2024/12/10,7974065637086479
2030016858186,2024-12-02 00:03:43,АнНА СмИРНОвА,+7(9091)56-17,2,иГРУшКа мяЧ,5,1210.86,289.14,cOMpleted,Ждём с нетерпением!,2024/12/10,7974065637086479
2030016857400,2024-12-29 18:29:06,МиХаИл оРЛоВ,+7 9835 91 07,5,мОлоко,2,5700.92,299.08,caNcELLeD,Всё отлично!,11.12.2024,6469643320238485
2030016857400,2024-12-29 18:29:06,МиХаИл оРЛоВ,+7 9835 91 07,1,КОрм ДлЯ СОбаК,2,962.99,37.01,caNceLlED,Всё отлично!,11.12.2024,6469643320238485
2030016857400,2024-12-29 18:29:06,МиХаИл оРЛоВ,+7 9835 91 07,4,подпиСка НА газеТУ,3,1783.57,16.43,canceLlED,Всё отлично!,11.12.2024,6469643320238485
2030016857400,2024-12-29 18:29:06,МиХаИл оРЛоВ,+7 9835 91 07,1,КОРм длЯ СОбАК,2,973.68,26.32,CANCELLED,Всё отлично!,11.12.2024,6469643320238485
2030016857400,2024-12-29 18:29:06,МиХаИл оРЛоВ,+7 9835 91 07,1,коРМ для СОБАК,4,1939.98,60.02,caNCeLLeD,Всё отлично!,11.12.2024,6469643320238485
2030016856907,2024-12-27 14:11:29,АННА СмирНОва,+7 9042 99 99,3,АмунИцИЯ ДлЯ СОБАк,2,2366.76,33.24,cancElleD,подарок вовремя,2024/12/10,8777156383576873
2030016856907,2024-12-27 14:11:29,АННА СмирНОва,+7 9042 99 99,5,мОЛОкО,2,4984.86,1015.14,cANcELlEd,подарок вовремя,2024/12/10,8777156383576873
2030016856907,2024-12-27 14:11:29,АННА СмирНОва,+7 9042 99 99,2,ИГруШКа МЯч,5,1261.15,238.85,cANCELLEd,подарок вовремя,2024/12/10,8777156383576873
2030016856907,2024-12-27 14:11:29,АННА СмирНОва,+7 9042 99 99,4,ПодписКа НА ГАзЕтУ,4,1985.99,414.01,CaNCELLED,подарок вовремя,2024/12/10,8777156383576873
2030016856907,2024-12-27 14:11:29,АННА СмирНОва,+7 9042 99 99,1,КОрМ ДлЯ соБаК,2,814.04,185.96,cANcelleD,подарок вовремя,2024/12/10,8777156383576873
2030016855981,2024-12-09 03:33:07,ивАН ИВаНОв,+7(9001)25-60,2,игрУШкА мЯЧ,3,812.21,87.79,Cancelled,Проверить наличие,2024/12/28,1245157898904260
2030016855981,2024-12-09 03:33:07,ивАН ИВаНОв,+7(9001)25-60,5,МоЛОко,2,5402.14,597.86,cAnCELled,Проверить наличие,2024/12/28,1245157898904260
2030016855981,2024-12-09 03:33:07,ивАН ИВаНОв,+7(9001)25-60,4,ПОДПиСка на гАЗеТу,1,556.22,43.78,CaNCeLlEd,Проверить наличие,2024/12/28,1245157898904260
2030016854500,04.12.2024 09:11,алЕкСЕй МиХаЙЛОв,+7(9808)75-14,2,ИгрушкА мяч,2,485.08,114.92,PRoceSSINg,подарок вовремя,2024/12/22,1696358809361424
2030016853338,2024/12/26 00:11:56,серГеЙ сИдоРов,+7 9543 67 27,2,ИгРУшКа мяЧ,1,254.09,45.91,PROcesSINg,"Задержка с доставкой, печалька...",2024-12-12,6219707138914053
2030016853338,2024/12/26 00:11:56,серГеЙ сИдоРов,+7 9543 67 27,4,ПоДПИсКа нА ГАЗеТу,4,2049.55,350.45,procESSinG,"Задержка с доставкой, печалька...",2024-12-12,6219707138914053
2030016852567,2024-12-19 14:35:36,мАРИЯ пеТРоВА,8(9611) 72-78,1,коРМ ДЛЯ соБАк,4,1898.81,101.19,cAnCElLED,подарок вовремя,2024/12/04,5964999593747497
2030016852567,2024-12-19 14:35:36,мАРИЯ пеТРоВА,8(9611) 72-78,2,игРУШкА мяЧ,1,258.26,41.74,cAnceLLED,подарок вовремя,2024/12/04,5964999593747497
2030016852567,2024-12-19 14:35:36,мАРИЯ пеТРоВА,8(9611) 72-78,4,пОдпИска нА гаЗету,2,1052.79,147.21,CANcelLeD,подарок вовремя,2024/12/04,5964999593747497
2030016851703,13.12.2024 19:40,ольГа кузнецОва,+7 9035 07 87,2,ИГрУШКА МяЧ,4,997.21,202.79,pROCeSSING,Всё отлично!,2024/12/25,7548041421147483
2030016851703,13.12.2024 19:40,ольГа кузнецОва,+7 9035 07 87,3,аМУниЦия ДЛЯ СОБаК,5,4936.2,1063.8,proCEsSING,Всё отлично!,2024/12/25,7548041421147483
2030016851703,13.12.2024 19:40,ольГа кузнецОва,+7 9035 07 87,4,пОДПИсКА НА газеТУ,5,2902.09,97.91,ProCessING,Всё отлично!,2024/12/25,7548041421147483
2030016851703,13.12.2024 19:40,ольГа кузнецОва,+7 9035 07 87,3,АмУнИЦИя Для СоБаК,5,5561.0,439.0,procEsSINg,Всё отлично!,2024/12/25,7548041421147483
2030016851703,13.12.2024 19:40,ольГа кузнецОва,+7 9035 07 87,5,МолОкО,2,5932.49,67.51,PROceSSInG,Всё отлично!,2024/12/25,7548041421147483
2030016850694,2024/12/23 03:48:32,сЕРГЕй сИдорОВ,+7(9060)94-89,3,АмУНИцИЯ длЯ сОбаК,2,1949.7,450.3,coMplETed,"Задержка с доставкой, печалька...",2024/12/29,0906845508921389
2030016850694,2024/12/23 03:48:32,сЕРГЕй сИдорОВ,+7(9060)94-89,3,АМУниЦИЯ дЛя СОбАк,1,1162.17,37.83,CoMPlETED,"Задержка с доставкой, печалька...",2024/12/29,0906845508921389
2030016850694,2024/12/23 03:48:32,сЕРГЕй сИдорОВ,+7(9060)94-89,1,кОрм дЛЯ СОБаК,5,2072.08,427.92,coMpLEted,"Задержка с доставкой, печалька...",2024/12/29,0906845508921389
2030016850694,2024/12/23 03:48:32,сЕРГЕй сИдорОВ,+7(9060)94-89,1,КоРм Для сОБАК,2,954.31,45.69,cOMPLEtED,"Задержка с доставкой, печалька...",2024/12/29,0906845508921389
2030016850694,2024/12/23 03:48:32,сЕРГЕй сИдорОВ,+7(9060)94-89,3,амунИциЯ дЛя сОБАК,4,4675.46,124.54,cOmPlEtED,"Задержка с доставкой, печалька...",2024/12/29,0906845508921389
2030016849754,2024-12-13 01:50:19,АНна смиРНоВа,8(9128) 59-32,3,АМУНИцИя дЛя собАК,4,4099.38,700.62,CANcellED,Ждём с нетерпением!,2024/12/02,5853620422028012
2030016848827,2024-12-18 10:53:55,еЛЕНА НоВикОвА,+7(9816)48-10,1,кОРм ДлЯ СОБАк,2,941.47,58.53,cancElLEd,подарок вовремя,16.12.2024,1649673797844338
2030016848827,2024-12-18 10:53:55,еЛЕНА НоВикОвА,+7(9816)48-10,4,подПИСКА нА ГАЗеТУ,3,1594.53,205.47,cANCelLeD,подарок вовремя,16.12.2024,1649673797844338
2030016848827,2024-12-18 10:53:55,еЛЕНА НоВикОвА,+7(9816)48-10,3,АмуНИЦИя дЛя собАК,1,968.99,231.01,cAncellED,подарок вовремя,16.12.2024,1649673797844338
2030016848827,2024-12-18 10:53:55,еЛЕНА НоВикОвА,+7(9816)48-10,3,амУнИция ДлЯ СобаК,5,4974.28,1025.72,caNcelleD,подарок вовремя,16.12.2024,1649673797844338
2030016847570,14.12.2024 04:34,ИвАН иваНов,+7(9504)57-38,2,ИГРУШКа МяЧ,5,1232.97,267.03,CoMplEtEd,Всё отлично!,08.12.2024,1069373503169104
2030016847570,14.12.2024 04:34,ИвАН иваНов,+7(9504)57-38,1,КОрМ дЛЯ СоБак,1,498.61,1.39,COMpLEtEd,Всё отлично!,08.12.2024,1069373503169104
2030016847570,14.12.2024 04:34,ИвАН иваНов,+7(9504)57-38,5,молоКО,1,2678.23,321.77,cOMPlEtEd,Всё отлично!,08.12.2024,1069373503169104
2030016847570,14.12.2024 04:34,ИвАН иваНов,+7(9504)57-38,2,игРуШкА Мяч,4,1115.61,84.39,compLEtEd,Всё отлично!,08.12.2024,1069373503169104
2030016847570,14.12.2024 04:34,ИвАН иваНов,+7(9504)57-38,2,иГРУшкА мяЧ,2,594.62,5.38,ComPletEd,Всё отлично!,08.12.2024,1069373503169104
2030016846465,2024/12/26 03:15:31,оЛЬгА кУЗНЕцОВа,+7(9883)11-15,5,МолОКо,4,10233.88,1766.12,PROcesSinG,Нужно уточнить сроки,2024-12-23,8517384249892686
2030016846465,2024/12/26 03:15:31,оЛЬгА кУЗНЕцОВа,+7(9883)11-15,1,КоРМ ДлЯ сОБАк,3,1373.21,126.79,prOceSSING,Нужно уточнить сроки,2024-12-23,8517384249892686
2030016845540,2024-12-07 14:23:27,НАТалья ваСИльеВА,+7(9059)94-53,2,Игрушка мЯЧ,5,1362.47,137.53,COmPlEtED,подарок вовремя,2024/12/25,6539242472573457
2030016845540,2024-12-07 14:23:27,НАТалья ваСИльеВА,+7(9059)94-53,5,молокО,3,7891.55,1108.45,COmpLETed,подарок вовремя,2024/12/25,6539242472573457
2030016845540,2024-12-07 14:23:27,НАТалья ваСИльеВА,+7(9059)94-53,1,КорМ Для СОбАК,2,964.45,35.55,cOMPLETEd,подарок вовремя,2024/12/25,6539242472573457
2030016845540,2024-12-07 14:23:27,НАТалья ваСИльеВА,+7(9059)94-53,5,мОлОКо,4,10498.02,1501.98,COMpLetED,подарок вовремя,2024/12/25,6539242472573457
2030016845540,2024-12-07 14:23:27,НАТалья ваСИльеВА,+7(9059)94-53,5,моЛоКо,5,12895.27,2104.73,cOMpLETED,подарок вовремя,2024/12/25,6539242472573457
2030016844143,2024/12/30 19:13:22,ЕлЕнА нОВИКова,+7(9587)56-94,2,иГРУШкА мЯЧ,1,247.65,52.35,CaNCeLlED,подарок вовремя,2024/12/03,5392196404203401
2030016844143,2024/12/30 19:13:22,ЕлЕнА нОВИКова,+7(9587)56-94,3,амуНИцИЯ длЯ сОБАК,2,1923.9,476.1,CaNcElled,подарок вовремя,2024/12/03,5392196404203401
2030016844143,2024/12/30 19:13:22,ЕлЕнА нОВИКова,+7(9587)56-94,3,АМУниЦия длЯ СОБАк,3,3530.49,69.51,CanceLleD,подарок вовремя,2024/12/03,5392196404203401
2030016844143,2024/12/30 19:13:22,ЕлЕнА нОВИКова,+7(9587)56-94,2,игруШКА мЯч,4,1004.86,195.14,cANcELlEd,подарок вовремя,2024/12/03,5392196404203401
2030016843650,2024/12/12 18:25:20,маРия пЕТРоВа,8(9077) 80-21,4,ПоДПисКа На гАзету,3,1540.25,259.75,ProCESsIng,"Задержка с доставкой, печалька...",06.12.2024,2735991836575333
2030016843650,2024/12/12 18:25:20,маРия пЕТРоВа,8(9077) 80-21,4,ПОдПиСКа На ГАзЕТУ,3,1528.56,271.44,PRoCeSSING,"Задержка с доставкой, печалька...",06.12.2024,2735991836575333
2030016843650,2024/12/12 18:25:20,маРия пЕТРоВа,8(9077) 80-21,2,игРУшка мяч,5,1401.1,98.9,prOcessINg,"Задержка с доставкой, печалька...",06.12.2024,2735991836575333
2030016843650,2024/12/12 18:25:20,маРия пЕТРоВа,8(9077) 80-21,3,АМУНИцИя ДлЯ СОбАК,3,2883.91,716.09,ProcESsing,"Задержка с доставкой, печалька...",06.12.2024,2735991836575333
2030016842392,2024/12/30 07:17:35,олЬГА кУзнецоВА,+7(9923)95-33,2,ИгрУшкА мяЧ,5,1466.15,33.85,CAnCELLed,Всё отлично!,07.12.2024,9951297604658869
2030016842392,2024/12/30 07:17:35,олЬГА кУзнецоВА,+7(9923)95-33,3,аМУНицИя ДЛя собАК,4,3906.87,893.13,cAnCeLLED,Всё отлично!,07.12.2024,9951297604658869
2030016842392,2024/12/30 07:17:35,олЬГА кУзнецоВА,+7(9923)95-33,4,ПОдПисКА На ГАзеТу,3,1569.78,230.22,CaNCELLed,Всё отлично!,07.12.2024,9951297604658869
2030016842392,2024/12/30 07:17:35,олЬГА кУзнецоВА,+7(9923)95-33,5,МОлокО,5,13497.88,1502.12,CAnCelleD,Всё отлично!,07.12.2024,9951297604658869
2030016842392,2024/12/30 07:17:35,олЬГА кУзнецоВА,+7(9923)95-33,5,МОЛокО,4,11867.47,132.53,CAnceLlEd,Всё отлично!,07.12.2024,9951297604658869
2030016841796,2024-12-22 13:40:36,ЕлеНА НОВиКова,8(9042) 31-81,1,КОРм Для СОБАК,3,1455.77,44.23,Cancelled,спасибо за заказ,11.12.2024,5138912246459708
2030016841796,2024-12-22 13:40:36,ЕлеНА НОВиКова,8(9042) 31-81,2,иГрУШКА мяч,3,839.06,60.94,CaNcelLEd,спасибо за заказ,11.12.2024,5138912246459708
2030016840849,27.12.2024 03:31,МАрИя петРОВА,8(9378) 55-83,4,ПодписКа На гАЗету,3,1617.38,182.62,CANcElLed,Проверить наличие,28.12.2024,2578649901477743
2030016840849,27.12.2024 03:31,МАрИя петРОВА,8(9378) 55-83,1,КОРм ДЛЯ сОбаК,3,1274.56,225.44,cAnceLLEd,Проверить наличие,28.12.2024,2578649901477743
2030016840849,27.12.2024 03:31,МАрИя петРОВА,8(9378) 55-83,4,поДПисКа НА гАзЕТу,5,2732.86,267.14,cancElled,Проверить наличие,28.12.2024,2578649901477743
2030016840849,27.12.2024 03:31,МАрИя петРОВА,8(9378) 55-83,4,ПоДПИсКА НА ГазЕТУ,5,2920.8,79.2,CanCeLLED,Проверить наличие,28.12.2024,2578649901477743
2030016839356,20.12.2024 01:52,НатАЛЬЯ вАсИлЬЕВа,8(9980) 82-06,2,игрУШКА мЯЧ,1,285.2,14.8,CanCELlED,Ждём с нетерпением!,30.12.2024,5891688100808258
2030016838192,2024/12/16 06:04:23,михаИл орЛОв,+7(9423)12-97,3,аМуНицИя для сОбак,3,2981.38,618.62,ProcesSINg,подарок вовремя,2024/12/18,9803497186816611
2030016838192,2024/12/16 06:04:23,михаИл орЛОв,+7(9423)12-97,5,МоЛоКО,3,8831.81,168.19,pRoceSsInG,подарок вовремя,2024/12/18,9803497186816611
2030016838192,2024/12/16 06:04:23,михаИл орЛОв,+7(9423)12-97,5,молокО,3,8237.81,762.19,pRocesSing,подарок вовремя,2024/12/18,9803497186816611
2030016838192,2024/12/16 06:04:23,михаИл орЛОв,+7(9423)12-97,2,ИГрушКа мЯЧ,2,585.95,14.05,pROcEsSiNg,подарок вовремя,2024/12/18,9803497186816611
2030016837334,2024/12/01 10:45:51,оЛьГА кУЗнЕЦОВА,8(9215) 29-76,3,амуниЦия длЯ сОБак,2,1982.83,417.17,COmpLEtEd,Ждём с нетерпением!,2024/12/19,0308139110994399
2030016836785,2024-12-05 18:01:57,сЕРГЕй сиДоРов,+7 9146 37 49,1,кОРм ДЛя соБАК,3,1393.83,106.17,PROCeSSIng,Проверить наличие,2024/12/22,5650876541215386
2030016836785,2024-12-05 18:01:57,сЕРГЕй сиДоРов,+7 9146 37 49,4,ПОдПискА нА гАЗЕту,4,1957.67,442.33,proceSsing,Проверить наличие,2024/12/22,5650876541215386
2030016836785,2024-12-05 18:01:57,сЕРГЕй сиДоРов,+7 9146 37 49,5,МОЛОко,5,13704.38,1295.62,pRoCESsinG,Проверить наличие,2024/12/22,5650876541215386
2030016835400,2024-12-20 16:14:19,аЛекСеЙ МИхАЙЛоВ,8(9267) 27-25,5,мОлоКО,4,10670.02,1329.98,cAnCElled,Всё отлично!,2024/12/24,4033470203065395
2030016835400,2024-12-20 16:14:19,аЛекСеЙ МИхАЙЛоВ,8(9267) 27-25,4,пОДпиСКа на гаЗЕТУ,5,2790.91,209.09,CancELlEd,Всё отлично!,2024/12/24,4033470203065395
2030016835400,2024-12-20 16:14:19,аЛекСеЙ МИхАЙЛоВ,8(9267) 27-25,2,ИгРушКа мЯЧ,2,522.8,77.2,CaNCELlEd,Всё отлично!,2024/12/24,4033470203065395
2030016835400,2024-12-20 16:14:19,аЛекСеЙ МИхАЙЛоВ,8(9267) 27-25,4,ПодпискА НА газетУ,3,1646.53,153.47,CaNcEllEd,Всё отлично!,2024/12/24,4033470203065395
2030016835400,2024-12-20 16:14:19,аЛекСеЙ МИхАЙЛоВ,8(9267) 27-25,2,иГруШка МЯч,3,756.49,143.51,cAnCelLeD,Всё отлично!,2024/12/24,4033470203065395
2030016834528,2024-12-22 19:18:01,олЬгА кузНецОВа,8(9088) 36-94,1,КОрм ДлЯ сОБАК,5,2142.86,357.14,cOMpLeTEd,Нужно уточнить сроки,2024/12/30,1632301820297304
2030016834528,2024-12-22 19:18:01,олЬгА кузНецОВа,8(9088) 36-94,3,амуНИцИЯ Для СоБак,5,5893.09,106.91,cOMPleTED,Нужно уточнить сроки,2024/12/30,1632301820297304
2030016834528,2024-12-22 19:18:01,олЬгА кузНецОВа,8(9088) 36-94,3,амуницИя для СОБАк,4,4538.36,261.64,COMpleTed,Нужно уточнить сроки,2024/12/30,1632301820297304
2030016833982,15.12.2024 03:50,мИХаИЛ Орлов,+7 9085 08 41,2,игруШкА мяч,5,1404.77,95.23,prOcESSiNG,Всё отлично!,01.12.2024,3753718908750488
2030016833982,15.12.2024 03:50,мИХаИЛ Орлов,+7 9085 08 41,1,коРм Для СОБАК,3,1252.49,247.51,ProCEssiNG,Всё отлично!,01.12.2024,3753718908750488
2030016833982,15.12.2024 03:50,мИХаИЛ Орлов,+7 9085 08 41,3,АмУНИЦиЯ ДлЯ сОБаК,5,5009.51,990.49,PROCESSing,Всё отлично!,01.12.2024,3753718908750488
2030016832265,2024/12/17 14:02:39,наТАЛЬЯ вАСиЛЬЕВа,+7(9022)92-43,4,ПодПиска На гАЗЕту,2,1062.85,137.15,CANcelLED,Всё отлично!,15.12.2024,3146216858082549
2030016832265,2024/12/17 14:02:39,наТАЛЬЯ вАСиЛЬЕВа,+7(9022)92-43,2,иГРУШкА мЯч,4,1115.55,84.45,cANCELlEd,Всё отлично!,15.12.2024,3146216858082549
2030016832265,2024/12/17 14:02:39,наТАЛЬЯ вАСиЛЬЕВа,+7(9022)92-43,1,коРм длЯ СОбАК,3,1367.36,132.64,CanCeLLED,Всё отлично!,15.12.2024,3146216858082549
2030016831453,2024-12-26 00:46:36,АлексЕЙ миХаЙлОв,+7 9448 42 45,3,амуНИция дЛя СОбак,1,1111.64,88.36,PRoCeSsiNG,подарок вовремя,2024/12/13,9148124142887647
2030016831453,2024-12-26 00:46:36,АлексЕЙ миХаЙлОв,+7 9448 42 45,3,АмУнИцИя дЛя СОБаК,4,4581.87,218.13,PROcESsIng,подарок вовремя,2024/12/13,9148124142887647
2030016831453,2024-12-26 00:46:36,АлексЕЙ миХаЙлОв,+7 9448 42 45,3,АмуНиция длЯ сОБАК,4,4306.25,493.75,prOCesSING,подарок вовремя,2024/12/13,9148124142887647
2030016831453,2024-12-26 00:46:36,АлексЕЙ миХаЙлОв,+7 9448 42 45,4,подПиСКА на ГаЗЕТу,2,1108.96,91.04,PrOcEssinG,подарок вовремя,2024/12/13,9148124142887647
2030016830155,24.12.2024 01:15,НатаЛьЯ вАсИЛЬЕва,+7(9409)85-56,5,МОЛОко,5,14128.0,872.0,pRocesSInG,спасибо за заказ,01.12.2024,2446489753891416
2030016830155,24.12.2024 01:15,НатаЛьЯ вАсИЛЬЕва,+7(9409)85-56,2,ИгРуШКа мЯч,2,572.7,27.3,pROCessiNG,спасибо за заказ,01.12.2024,2446489753891416
2030016830155,24.12.2024 01:15,НатаЛьЯ вАсИЛЬЕва,+7(9409)85-56,2,ИгРушКа мЯЧ,2,595.53,4.47,proCEssINg,спасибо за заказ,01.12.2024,2446489753891416
2030016829205,2024/12/08 14:00:28,ИВАН ИваНОв,+7(9070)80-10,2,ИГРУШКа МЯч,4,1039.31,160.69,CancElLEd,Всё отлично!,2024-12-13,2455198322877835
2030016829205,2024/12/08 14:00:28,ИВАН ИваНОв,+7(9070)80-10,1,коРм Для СОБАк,5,2411.65,88.35,CANCelLEd,Всё отлично!,2024-12-13,2455198322877835
2030016829205,2024/12/08 14:00:28,ИВАН ИваНОв,+7(9070)80-10,2,ИгРуШКа мяч,2,516.7,83.3,caNCeLLeD,Всё отлично!,2024-12-13,2455198322877835
2030016829205,2024/12/08 14:00:28,ИВАН ИваНОв,+7(9070)80-10,1,КОрМ для сОбак,3,1427.14,72.86,CancElled,Всё отлично!,2024-12-13,2455198322877835
2030016829205,2024/12/08 14:00:28,ИВАН ИваНОв,+7(9070)80-10,3,аМуНиЦИя ДЛя СоБаК,2,1954.86,445.14,CANcelleD,Всё отлично!,2024-12-13,2455198322877835
2030016828203,2024-12-23 22:21:29,МАрИЯ пЕТРоВа,+7 9175 59 66,3,амунИЦия Для сОбАк,1,1116.75,83.25,compLETEd,Всё отлично!,03.12.2024,3923736969366924
2030016828203,2024-12-23 22:21:29,МАрИЯ пЕТРоВа,+7 9175 59 66,5,МОлОкО,5,12146.05,2853.95,cOMpLETED,Всё отлично!,03.12.2024,3923736969366924
2030016828203,2024-12-23 22:21:29,МАрИЯ пЕТРоВа,+7 9175 59 66,5,МОлоКо,2,5978.47,21.53,complETEd,Всё отлично!,03.12.2024,3923736969366924
2030016828203,2024-12-23 22:21:29,МАрИЯ пЕТРоВа,+7 9175 59 66,1,КоРм длЯ сОбаК,3,1231.86,268.14,COMplETED,Всё отлично!,03.12.2024,3923736969366924
2030016827316,2024-12-26 09:38:13,аННа СмиРноВа,+7 9898 88 47,3,АмУнИцИЯ ДЛЯ Собак,4,4220.01,579.99,CaNCELLED,Всё отлично!,2024-12-07,5899390480430913
2030016826516,16.12.2024 22:26,АНнА СмиРНОВА,8(9951) 13-56,5,молОКО,4,10675.67,1324.33,coMPletED,Проверить наличие,2024/12/30,7907133470614515
2030016826516,16.12.2024 22:26,АНнА СмиРНОВА,8(9951) 13-56,4,пОдпИсКа На ГАзЕту,3,1601.25,198.75,cOmPlETeD,Проверить наличие,2024/12/30,7907133470614515
2030016826516,16.12.2024 22:26,АНнА СмиРНОВА,8(9951) 13-56,1,корМ Для СобАК,2,939.25,60.75,CoMplETeD,Проверить наличие,2024/12/30,7907133470614515
2030016826516,16.12.2024 22:26,АНнА СмиРНОВА,8(9951) 13-56,4,ПоДпиСКа на гаЗЕТУ,4,2290.92,109.08,CompLeTeD,Проверить наличие,2024/12/30,7907133470614515
2030016826516,16.12.2024 22:26,АНнА СмиРНОВА,8(9951) 13-56,2,игрушКА МЯЧ,3,887.84,12.16,cOMPLetEd,Проверить наличие,2024/12/30,7907133470614515
2030016825643,2024-12-12 08:28:40,анНА СмиРнОВА,8(9989) 32-18,5,МОЛоКО,2,5526.98,473.02,pRocEsSinG,Всё отлично!,2024-12-08,8153113112558086
2030016825643,2024-12-12 08:28:40,анНА СмиРнОВА,8(9989) 32-18,3,аМУницИЯ длЯ СобАк,3,3214.02,385.98,pROCessINg,Всё отлично!,2024-12-08,8153113112558086
2030016824261,2024-12-08 06:43:23,ЕЛЕНА НовИКОва,8(9065) 12-80,4,ПоДПИСка НА ГаЗЕтУ,1,494.86,105.14,pROcessinG,"Задержка с доставкой, печалька...",2024/12/16,1443508226644924
2030016824261,2024-12-08 06:43:23,ЕЛЕНА НовИКОва,8(9065) 12-80,5,моЛоКО,4,11412.34,587.66,prOCESSING,"Задержка с доставкой, печалька...",2024/12/16,1443508226644924
2030016823802,2024/12/17 18:16:39,СЕРГЕЙ сиДОРОВ,+7 9477 52 04,2,ИГРушКа мЯч,2,501.85,98.15,COMPLeTEd,Ждём с нетерпением!,2024-12-20,8454194066157229
2030016823802,2024/12/17 18:16:39,СЕРГЕЙ сиДОРОВ,+7 9477 52 04,4,ПОдпиСКА НА гаЗетУ,5,2405.7,594.3,ComPletEd,Ждём с нетерпением!,2024-12-20,8454194066157229
2030016823802,2024/12/17 18:16:39,СЕРГЕЙ сиДОРОВ,+7 9477 52 04,1,корМ дЛЯ соБАК,4,1798.83,201.17,coMPlEtED,Ждём с нетерпением!,2024-12-20,8454194066157229
2030016823802,2024/12/17 18:16:39,СЕРГЕЙ сиДОРОВ,+7 9477 52 04,3,АмУНИЦиЯ дЛЯ соБАк,3,3325.26,274.74,COmpLeTeD,Ждём с нетерпением!,2024-12-20,8454194066157229
2030016823802,2024/12/17 18:16:39,СЕРГЕЙ сиДОРОВ,+7 9477 52 04,2,иГруШКА МЯЧ,4,982.28,217.72,compLETed,Ждём с нетерпением!,2024-12-20,8454194066157229
2030016822645,2024-12-11 15:40:07,МаРия пЕтРоВА,8(9348) 90-90,5,МОлОко,1,2401.92,598.08,CanCELLeD,подарок вовремя,11.12.2024,6363430783894378
2030016822645,2024-12-11 15:40:07,МаРия пЕтРоВА,8(9348) 90-90,5,молОко,1,2831.33,168.67,cANceLlED,подарок вовремя,11.12.2024,6363430783894378
2030016821687,2024/12/28 21:35:08,нАталЬЯ вАсилЬЕВА,8(9013) 51-04,4,ПодПИсКа на гаЗеТУ,5,2539.54,460.46,cOmplEtEd,Ждём с нетерпением!,2024-12-17,7682024814066089
2030016821687,2024/12/28 21:35:08,нАталЬЯ вАсилЬЕВА,8(9013) 51-04,3,АмУниЦИЯ ДЛЯ Собак,2,2079.75,320.25,COmpLeTED,Ждём с нетерпением!,2024-12-17,7682024814066089
2030016821687,2024/12/28 21:35:08,нАталЬЯ вАсилЬЕВА,8(9013) 51-04,4,поДПИСка нА гАзЕТу,3,1782.26,17.74,coMpLETEd,Ждём с нетерпением!,2024-12-17,7682024814066089
2030016821687,2024/12/28 21:35:08,нАталЬЯ вАсилЬЕВА,8(9013) 51-04,2,иГрУШКА Мяч,5,1213.26,286.74,comPlEted,Ждём с нетерпением!,2024-12-17,7682024814066089
2030016821687,2024/12/28 21:35:08,нАталЬЯ вАсилЬЕВА,8(9013) 51-04,2,иГРУшКА мЯЧ,2,561.64,38.36,CoMplETed,Ждём с нетерпением!,2024-12-17,7682024814066089
2030016820151,2024-12-22 15:51:56,ДмитрИй кУЗНецОв,+7(9256)17-83,4,ПОдПискА нА ГазЕТу,2,1050.37,149.63,PROCeSsiNg,Нужно уточнить сроки,2024/12/05,5379434135957488
2030016820151,2024-12-22 15:51:56,ДмитрИй кУЗНецОв,+7(9256)17-83,1,КорМ дЛЯ соБАк,4,1768.77,231.23,pRocesSINg,Нужно уточнить сроки,2024/12/05,5379434135957488
2030016820151,2024-12-22 15:51:56,ДмитрИй кУЗНецОв,+7(9256)17-83,3,амуНиЦиЯ дЛя собАК,4,4121.51,678.49,prOCESsiNg,Нужно уточнить сроки,2024/12/05,5379434135957488
2030016819389,27.12.2024 05:46,еЛЕНа ноВиКОва,+7 9897 79 56,1,кОрМ ДЛЯ СОБак,2,824.79,175.21,CoMPLeted,Нужно уточнить сроки,2024/12/14,4413626760692523
2030016818683,14.12.2024 18:20,аНнА СМИРнОВА,+7 9521 09 17,4,ПодпИскА На ГАзетУ,3,1515.78,284.22,CAnceLled,Ждём с нетерпением!,2024/12/16,3546278712710637
2030016818683,14.12.2024 18:20,аНнА СМИРнОВА,+7 9521 09 17,3,АмуНИЦИя Для СобАК,1,1010.7,189.3,CAncElLEd,Ждём с нетерпением!,2024/12/16,3546278712710637
2030016818683,14.12.2024 18:20,аНнА СМИРнОВА,+7 9521 09 17,5,МоЛОКО,3,7539.53,1460.47,CancelLeD,Ждём с нетерпением!,2024/12/16,3546278712710637
2030016818683,14.12.2024 18:20,аНнА СМИРнОВА,+7 9521 09 17,2,игрУшКА МяЧ,3,761.36,138.64,cANCEllEd,Ждём с нетерпением!,2024/12/16,3546278712710637
2030016817939,09.12.2024 23:09,ОЛьгА кузнЕцоВА,+7 9375 32 21,5,моЛоКО,1,2792.17,207.83,caNCEllEd,"Задержка с доставкой, печалька...",2024/12/11,9505819976363604
2030016817939,09.12.2024 23:09,ОЛьгА кузнЕцоВА,+7 9375 32 21,1,КОрм длЯ собак,2,853.41,146.59,cAnCeLleD,"Задержка с доставкой, печалька...",2024/12/11,9505819976363604
2030016817939,09.12.2024 23:09,ОЛьгА кузнЕцоВА,+7 9375 32 21,4,ПодПИСКА на газеТу,2,1105.47,94.53,CAnCeLlED,"Задержка с доставкой, печалька...",2024/12/11,9505819976363604
2030016817939,09.12.2024 23:09,ОЛьгА кузнЕцоВА,+7 9375 32 21,1,кОРМ длЯ соБаК,2,952.19,47.81,CAnCElLEd,"Задержка с доставкой, печалька...",2024/12/11,9505819976363604
2030016816172,10.12.2024 14:25,ЕлЕнА НОвИКовА,8(9462) 47-80,5,МоЛОко,3,7508.25,1491.75,COmPlETeD,подарок вовремя,2024/12/25,1301216410073203
2030016816172,10.12.2024 14:25,ЕлЕнА НОвИКовА,8(9462) 47-80,2,иГРУШКа мяЧ,5,1425.24,74.76,COMPlEtEd,подарок вовремя,2024/12/25,1301216410073203
2030016816172,10.12.2024 14:25,ЕлЕнА НОвИКовА,8(9462) 47-80,1,кОРМ дЛя СоБАк,1,443.27,56.73,cOMpLeteD,подарок вовремя,2024/12/25,1301216410073203
2030016815971,18.12.2024 04:21,Ольга КУзнЕЦовА,8(9150) 78-67,5,молОко,1,2748.15,251.85,CaNcElLed,подарок вовремя,2024/12/05,3288658275849026
2030016815971,18.12.2024 04:21,Ольга КУзнЕЦовА,8(9150) 78-67,3,АмуНИциЯ Для соБАК,3,3063.5,536.5,CAncELLed,подарок вовремя,2024/12/05,3288658275849026
2030016815971,18.12.2024 04:21,Ольга КУзнЕЦовА,8(9150) 78-67,2,ИГрУШка мЯч,3,765.74,134.26,CANcELleD,подарок вовремя,2024/12/05,3288658275849026
2030016814678,2024/12/31 08:40:56,елЕНа НоВиКова,+7(9987)81-36,1,корм для сОБАК,4,1721.02,278.98,cANceLLED,Проверить наличие,28.12.2024,9517170102909202
2030016814678,2024/12/31 08:40:56,елЕНа НоВиКова,+7(9987)81-36,3,аМуницИя ДЛя сОБаК,2,2123.85,276.15,CanCelleD,Проверить наличие,28.12.2024,9517170102909202
2030016814678,2024/12/31 08:40:56,елЕНа НоВиКова,+7(9987)81-36,1,коРМ дЛя СоБАк,3,1493.25,6.75,CanCElled,Проверить наличие,28.12.2024,9517170102909202
2030016814678,2024/12/31 08:40:56,елЕНа НоВиКова,+7(9987)81-36,1,коРм для собАк,3,1205.05,294.95,CancelLEd,Проверить наличие,28.12.2024,9517170102909202
2030016813190,20.12.2024 11:12,ОЛьГА кузНецОВА,+7 9789 91 32,5,МОлОКо,2,5984.0,16.0,cANCElleD,Нужно уточнить сроки,28.12.2024,5143019022473921
2030016813190,20.12.2024 11:12,ОЛьГА кузНецОВА,+7 9789 91 32,3,аМУНИЦИя ДлЯ собАК,4,4703.18,96.82,cancellED,Нужно уточнить сроки,28.12.2024,5143019022473921
2030016813190,20.12.2024 11:12,ОЛьГА кузНецОВА,+7 9789 91 32,4,пОДпИсКа на Газету,5,2432.18,567.82,canCellEd,Нужно уточнить сроки,28.12.2024,5143019022473921
2030016813190,20.12.2024 11:12,ОЛьГА кузНецОВА,+7 9789 91 32,1,КоРм ДлЯ СОБАк,2,835.25,164.75,cANCElleD,Нужно уточнить сроки,28.12.2024,5143019022473921
2030016812112,18.12.2024 16:50,аНнА СмИрНова,8(9258) 96-38,5,мОлоко,3,8508.94,491.06,cANcElleD,Нужно уточнить сроки,09.12.2024,5731605177388902
2030016812112,18.12.2024 16:50,аНнА СмИрНова,8(9258) 96-38,2,иГРушкА мяч,1,270.65,29.35,CaNceLleD,Нужно уточнить сроки,09.12.2024,5731605177388902
2030016811716,2024/12/19 22:59:23,наТАЛьЯ вАСИЛьеВа,+7(9302)39-20,1,КорМ дЛЯ собак,4,1788.39,211.61,pRocEsSinG,Ждём с нетерпением!,2024/12/12,1447364617637168
2030016811716,2024/12/19 22:59:23,наТАЛьЯ вАСИЛьеВа,+7(9302)39-20,2,игРуШКа мЯч,5,1272.6,227.4,PROcesSing,Ждём с нетерпением!,2024/12/12,1447364617637168
2030016811716,2024/12/19 22:59:23,наТАЛьЯ вАСИЛьеВа,+7(9302)39-20,3,АМУнициЯ длЯ СоБак,1,1151.15,48.85,pROcESSING,Ждём с нетерпением!,2024/12/12,1447364617637168
2030016811716,2024/12/19 22:59:23,наТАЛьЯ вАСИЛьеВа,+7(9302)39-20,4,ПОДПиска на ГаЗеТУ,1,558.56,41.44,pRoCEssing,Ждём с нетерпением!,2024/12/12,1447364617637168
2030016810341,2024-12-25 16:18:29,МиХАИл ОРЛОВ,+7(9657)39-31,1,КОРм ДЛя СоБак,4,1685.38,314.62,ProCessINg,Ждём с нетерпением!,2024-12-01,0313372315922694
2030016810341,2024-12-25 16:18:29,МиХАИл ОРЛОВ,+7(9657)39-31,1,кОРМ ДЛя сОбАК,2,905.26,94.74,PrOcesSInG,Ждём с нетерпением!,2024-12-01,0313372315922694
2030016809113,2024/12/24 11:38:08,МИхаил оРлоВ,8(9121) 08-83,4,подпИСка НА гаЗетУ,3,1676.43,123.57,CaNCeLlEd,подарок вовремя,2024-12-29,3894568082514303
2030016809113,2024/12/24 11:38:08,МИхаил оРлоВ,8(9121) 08-83,2,ИгРУШка мяч,1,257.51,42.49,CancELLEd,подарок вовремя,2024-12-29,3894568082514303
2030016809113,2024/12/24 11:38:08,МИхаил оРлоВ,8(9121) 08-83,3,АМУнИцИя ДЛя сОБак,1,1141.28,58.72,CAncelLeD,подарок вовремя,2024-12-29,3894568082514303
2030016808592,06.12.2024 04:41,ЕЛеНа НОвИкОва,+7(9051)03-97,1,КОРм дЛЯ СОбаК,2,827.59,172.41,ProCEsSIng,Проверить наличие,2024-12-10,0326593007913851
2030016808592,06.12.2024 04:41,ЕЛеНа НОвИкОва,+7(9051)03-97,3,АмуНИЦИЯ дЛя соБаК,1,1136.23,63.77,PROcEssiNG,Проверить наличие,2024-12-10,0326593007913851
2030016808592,06.12.2024 04:41,ЕЛеНа НОвИкОва,+7(9051)03-97,4,ПОДПисКа на ГаЗЕТу,2,1010.03,189.97,proCEssIng,Проверить наличие,2024-12-10,0326593007913851
2030016808592,06.12.2024 04:41,ЕЛеНа НОвИкОва,+7(9051)03-97,5,МоЛОКО,2,5164.13,835.87,pROCESSING,Проверить наличие,2024-12-10,0326593007913851
2030016807669,21.12.2024 16:00,аЛЕКСЕЙ МИХАЙЛОВ,+7(9530)68-13,2,игРУШкА мяЧ,1,288.93,11.07,CompLETeD,Проверить наличие,20.12.2024,2923237769163160
2030016807669,21.12.2024 16:00,аЛЕКСЕЙ МИХАЙЛОВ,+7(9530)68-13,3,АМуНиция для соБак,5,5878.0,122.0,coMPLeTEd,Проверить наличие,20.12.2024,2923237769163160
2030016807669,21.12.2024 16:00,аЛЕКСЕЙ МИХАЙЛОВ,+7(9530)68-13,1,кОрМ для СОБаК,4,1881.81,118.19,compLEtEd,Проверить наличие,20.12.2024,2923237769163160
2030016806623,2024/12/18 17:29:02,алеКСеЙ мИХАйЛОВ,+7(9202)42-74,5,молоко,2,5851.28,148.72,CoMPLeTED,Нужно уточнить сроки,2024/12/26,2898944579359196
2030016806623,2024/12/18 17:29:02,алеКСеЙ мИХАйЛОВ,+7(9202)42-74,5,МОЛОКо,5,12993.18,2006.82,coMplEted,Нужно уточнить сроки,2024/12/26,2898944579359196
2030016806623,2024/12/18 17:29:02,алеКСеЙ мИХАйЛОВ,+7(9202)42-74,4,пОДПИска нА ГАзЕту,3,1630.48,169.52,cOmpLETED,Нужно уточнить сроки,2024/12/26,2898944579359196
2030016806623,2024/12/18 17:29:02,алеКСеЙ мИХАйЛОВ,+7(9202)42-74,5,МОлОКо,3,7310.12,1689.88,CoMPLEtEd,Нужно уточнить сроки,2024/12/26,2898944579359196
2030016805806,2024-12-18 08:21:55,алЕксЕЙ МиХаЙЛоВ,8(9684) 64-25,4,пОДПИсКА нА ГазЕту,1,518.12,81.88,canCELleD,Нужно уточнить сроки,2024-12-16,1109012402117819
2030016805806,2024-12-18 08:21:55,алЕксЕЙ МиХаЙЛоВ,8(9684) 64-25,3,АмУНИЦиЯ дЛЯ соБАК,2,2138.88,261.12,CANcELlEd,Нужно уточнить сроки,2024-12-16,1109012402117819
2030016804272,28.12.2024 19:35,АЛЕксЕЙ миХаЙЛОВ,8(9412) 30-18,4,пОДПиСКа На ГаЗЕТу,4,2327.79,72.21,coMPlETeD,подарок вовремя,2024/12/25,7571633222295462
2030016804272,28.12.2024 19:35,АЛЕксЕЙ миХаЙЛОВ,8(9412) 30-18,5,МОлоКо,2,5980.01,19.99,cOMpLetEd,подарок вовремя,2024/12/25,7571633222295462
2030016804272,28.12.2024 19:35,АЛЕксЕЙ миХаЙЛОВ,8(9412) 30-18,4,поДпИСкА НА гАзЕтУ,1,561.81,38.19,cOmpleTeD,подарок вовремя,2024/12/25,7571633222295462
2030016804272,28.12.2024 19:35,АЛЕксЕЙ миХаЙЛОВ,8(9412) 30-18,2,ИГРУшКА Мяч,3,858.92,41.08,cOmPLETeD,подарок вовремя,2024/12/25,7571633222295462
2030016804272,28.12.2024 19:35,АЛЕксЕЙ миХаЙЛОВ,8(9412) 30-18,3,аМунИцИя Для СОБак,5,5552.67,447.33,COmPLeTeD,подарок вовремя,2024/12/25,7571633222295462
2030016803966,05.12.2024 20:26,иВан ивАНОв,8(9245) 85-31,1,корМ ДЛя сОБАк,1,462.23,37.77,pROCessiNG,"Задержка с доставкой, печалька...",2024/12/25,0183265215236565
2030016802978,19.12.2024 13:07,аЛеКСей МИХАЙЛоВ,8(9561) 64-34,4,пОДписКа НА ГаЗету,3,1708.5,91.5,PROCEsSING,Всё отлично!,2024/12/24,9415000255468777
2030016802978,19.12.2024 13:07,аЛеКСей МИХАЙЛоВ,8(9561) 64-34,1,корМ для собАк,2,815.89,184.11,proCEsSInG,Всё отлично!,2024/12/24,9415000255468777
2030016802978,19.12.2024 13:07,аЛеКСей МИХАЙЛоВ,8(9561) 64-34,1,КорМ Для сОбаК,5,2164.37,335.63,prOCESsiNg,Всё отлично!,2024/12/24,9415000255468777
2030016802978,19.12.2024 13:07,аЛеКСей МИХАЙЛоВ,8(9561) 64-34,4,пОДпИСКА на ГаЗету,2,1150.1,49.9,PROcESSiNg,Всё отлично!,2024/12/24,9415000255468777
2030016802978,19.12.2024 13:07,аЛеКСей МИХАЙЛоВ,8(9561) 64-34,2,ИГрУШка Мяч,1,280.62,19.38,prOcEssinG,Всё отлично!,2024/12/24,9415000255468777
2030016801857,2024/12/03 05:33:31,аЛЕКСей МиХайЛоВ,+7(9896)85-33,5,молОкО,1,2673.0,327.0,cANCeLLeD,Нужно уточнить сроки,2024-12-13,0611702448772812
2030016800593,09.12.2024 19:40,МиХАиЛ ОРлов,+7(9199)24-95,1,кОрм ДлЯ соБАк,1,402.76,97.24,coMPleTEd,Проверить наличие,2024-12-23,8257055803258452
2030016800593,09.12.2024 19:40,МиХАиЛ ОРлов,+7(9199)24-95,1,кОРМ ДЛЯ соБАК,4,1774.39,225.61,coMPLeTeD,Проверить наличие,2024-12-23,8257055803258452
2030016800593,09.12.2024 19:40,МиХАиЛ ОРлов,+7(9199)24-95,3,амуНиция ДЛЯ соБАК,3,2998.2,601.8,cOMPleTED,Проверить наличие,2024-12-23,8257055803258452
2030016799844,2024-12-01 23:40:20,анНА сМИРНОвА,+7(9209)52-76,2,ИГРушка МЯч,2,573.55,26.45,CancElLeD,Ждём с нетерпением!,2024/12/23,5218008359901143
2030016799844,2024-12-01 23:40:20,анНА сМИРНОвА,+7(9209)52-76,5,МОлокО,2,5697.1,302.9,canCELLED,Ждём с нетерпением!,2024/12/23,5218008359901143
2030016799844,2024-12-01 23:40:20,анНА сМИРНОвА,+7(9209)52-76,4,поДпИсКА на ГаЗету,5,2574.02,425.98,CANCelleD,Ждём с нетерпением!,2024/12/23,5218008359901143
2030016799844,2024-12-01 23:40:20,анНА сМИРНОвА,+7(9209)52-76,4,ПОДпИСкА нА гаЗеТу,4,2286.61,113.39,cANcELled,Ждём с нетерпением!,2024/12/23,5218008359901143
2030016799844,2024-12-01 23:40:20,анНА сМИРНОвА,+7(9209)52-76,3,аМУнИцИЯ ДЛЯ СОБАк,4,4242.51,557.49,CAnCElLeD,Ждём с нетерпением!,2024/12/23,5218008359901143
2030016798873,06.12.2024 22:49,ЕЛеНа НоВикова,+7 9566 71 08,3,амунИция длЯ СоБАк,5,5571.35,428.65,PRocESsiNg,спасибо за заказ,09.12.2024,9278624603283165
2030016798873,06.12.2024 22:49,ЕЛеНа НоВикова,+7 9566 71 08,3,амунИцИя Для Собак,4,4376.82,423.18,PRoCEssINg,спасибо за заказ,09.12.2024,9278624603283165
2030016798873,06.12.2024 22:49,ЕЛеНа НоВикова,+7 9566 71 08,3,АМунИциЯ дЛя СОбАк,5,4819.42,1180.58,proCessiNg,спасибо за заказ,09.12.2024,9278624603283165
2030016798873,06.12.2024 22:49,ЕЛеНа НоВикова,+7 9566 71 08,2,ИгРУшКА мяч,3,828.84,71.16,PRoceSSinG,спасибо за заказ,09.12.2024,9278624603283165
2030016798873,06.12.2024 22:49,ЕЛеНа НоВикова,+7 9566 71 08,5,МОЛоко,1,2963.48,36.52,PRocessing,спасибо за заказ,09.12.2024,9278624603283165
2030016797242,2024/12/01 04:23:03,мИХАил орлоВ,+7 9667 83 72,1,кОРМ Для СобАК,4,1820.15,179.85,canCeLlED,"Задержка с доставкой, печалька...",2024/12/09,0219298023662037
2030016797242,2024/12/01 04:23:03,мИХАил орлоВ,+7 9667 83 72,2,иГруШка мяЧ,1,281.1,18.9,CANCellEd,"Задержка с доставкой, печалька...",2024/12/09,0219298023662037
2030016797242,2024/12/01 04:23:03,мИХАил орлоВ,+7 9667 83 72,1,кОрм ДЛЯ собАК,5,2118.67,381.33,cAnCeLLed,"Задержка с доставкой, печалька...",2024/12/09,0219298023662037
2030016796971,2024-12-31 21:16:56,дмиТРий КУзнЕцОв,+7 9828 22 54,4,подПИСКа На ГАЗЕТу,3,1715.99,84.01,COMPletEd,Всё отлично!,17.12.2024,1183605462713362
2030016796971,2024-12-31 21:16:56,дмиТРий КУзнЕцОв,+7 9828 22 54,4,поДПиСка на ГАЗету,3,1508.07,291.93,COMPlEtED,Всё отлично!,17.12.2024,1183605462713362
2030016796971,2024-12-31 21:16:56,дмиТРий КУзнЕцОв,+7 9828 22 54,1,КОрМ дЛя сОбак,4,1625.75,374.25,COmPleted,Всё отлично!,17.12.2024,1183605462713362
2030016796971,2024-12-31 21:16:56,дмиТРий КУзнЕцОв,+7 9828 22 54,2,иГРушкА МЯч,2,539.07,60.93,ComPLETED,Всё отлично!,17.12.2024,1183605462713362
2030016795808,2024-12-25 14:15:15,НаТАльЯ вАСиЛьеВА,8(9986) 48-12,5,мОлОКО,4,11014.66,985.34,cANCElled,Нужно уточнить сроки,2024-12-18,1348144989208920
2030016795808,2024-12-25 14:15:15,НаТАльЯ вАСиЛьеВА,8(9986) 48-12,4,ПоДПиСКА НА гАЗеТу,2,1066.21,133.79,CAnCElLED,Нужно уточнить сроки,2024-12-18,1348144989208920
2030016795808,2024-12-25 14:15:15,НаТАльЯ вАСиЛьеВА,8(9986) 48-12,1,кОРм дЛЯ СОБАк,4,1911.09,88.91,CANCELLEd,Нужно уточнить сроки,2024-12-18,1348144989208920
2030016795808,2024-12-25 14:15:15,НаТАльЯ вАСиЛьеВА,8(9986) 48-12,1,кОРм для сОбАк,5,2079.4,420.6,CancELleD,Нужно уточнить сроки,2024-12-18,1348144989208920
2030016795808,2024-12-25 14:15:15,НаТАльЯ вАСиЛьеВА,8(9986) 48-12,4,ПодпИСкА на гаЗЕТУ,5,2942.82,57.18,CaNCellED,Нужно уточнить сроки,2024-12-18,1348144989208920
2030016794736,2024/12/18 11:59:17,ЕЛенА ноВИкОВА,+7 9907 55 67,5,МОЛокО,5,13530.48,1469.52,COMpLETed,Нужно уточнить сроки,2024-12-18,8788720240265545
2030016794736,2024/12/18 11:59:17,ЕЛенА ноВИкОВА,+7 9907 55 67,5,моЛоКО,3,8342.22,657.78,ComPLeTED,Нужно уточнить сроки,2024-12-18,8788720240265545
2030016794736,2024/12/18 11:59:17,ЕЛенА ноВИкОВА,+7 9907 55 67,5,моЛоко,3,8942.94,57.06,COmPleteD,Нужно уточнить сроки,2024-12-18,8788720240265545
2030016794736,2024/12/18 11:59:17,ЕЛенА ноВИкОВА,+7 9907 55 67,5,МолокО,1,2888.91,111.09,CoMPleteD,Нужно уточнить сроки,2024-12-18,8788720240265545
2030016794736,2024/12/18 11:59:17,ЕЛенА ноВИкОВА,+7 9907 55 67,1,КОрМ ДЛЯ СобаК,4,1768.1,231.9,cOmPLeTeD,Нужно уточнить сроки,2024-12-18,8788720240265545
2030016793490,17.12.2024 17:34,дМИтРий куЗНеЦОв,+7 9332 37 13,3,аМУНицИЯ ДЛЯ СобаК,1,980.9,219.1,ProceSsiNG,спасибо за заказ,2024-12-05,4520235881236000
2030016793490,17.12.2024 17:34,дМИтРий куЗНеЦОв,+7 9332 37 13,4,подпискА нА ГАЗЕту,1,539.27,60.73,pROCEssIng,спасибо за заказ,2024-12-05,4520235881236000
2030016793490,17.12.2024 17:34,дМИтРий куЗНеЦОв,+7 9332 37 13,1,КОрМ дЛя соБАк,3,1262.5,237.5,PROCeSsiNG,спасибо за заказ,2024-12-05,4520235881236000
2030016792290,14.12.2024 09:44,АнНА СмиРНОВА,+7 9469 74 54,3,аМУнИЦиЯ ДлЯ СОбАК,3,3360.05,239.95,ComPlETed,Нужно уточнить сроки,17.12.2024,6834270142474277
2030016792290,14.12.2024 09:44,АнНА СмиРНОВА,+7 9469 74 54,2,иГруШкА мЯЧ,4,1188.01,11.99,ComPleTEd,Нужно уточнить сроки,17.12.2024,6834270142474277
2030016792290,14.12.2024 09:44,АнНА СмиРНОВА,+7 9469 74 54,5,моЛОко,5,14310.06,689.94,ComPleTEd,Нужно уточнить сроки,17.12.2024,6834270142474277
2030016792290,14.12.2024 09:44,АнНА СмиРНОВА,+7 9469 74 54,1,кОРм ДЛЯ СоБАк,2,828.47,171.53,coMPLeTeD,Нужно уточнить сроки,17.12.2024,6834270142474277
2030016792290,14.12.2024 09:44,АнНА СмиРНОВА,+7 9469 74 54,4,ПОдпиСка нА ГазЕТУ,3,1695.17,104.83,cOMplEted,Нужно уточнить сроки,17.12.2024,6834270142474277
2030016791662,2024/12/13 03:09:52,Иван ИВаНоВ,+7 9323 31 50,5,МОЛоКО,2,5132.28,867.72,pROceSSINg,Нужно уточнить сроки,2024/12/29,4082760099137400
2030016791662,2024/12/13 03:09:52,Иван ИВаНоВ,+7 9323 31 50,4,поДПИска на ГазетУ,1,500.96,99.04,pRoCeSsINg,Нужно уточнить сроки,2024/12/29,4082760099137400
2030016791662,2024/12/13 03:09:52,Иван ИВаНоВ,+7 9323 31 50,4,пОДпИСка на гАзетУ,3,1628.08,171.92,PRocESSIng,Нужно уточнить сроки,2024/12/29,4082760099137400
2030016790377,2024-12-20 14:14:41,дМИтрИЙ кузНЕЦОВ,8(9336) 11-76,5,молокО,5,13943.27,1056.73,prOCESSiNG,Проверить наличие,2024-12-17,0195280208228483
2030016790377,2024-12-20 14:14:41,дМИтрИЙ кузНЕЦОВ,8(9336) 11-76,2,игРУШКА мяч,5,1448.57,51.43,PrOCeSsInG,Проверить наличие,2024-12-17,0195280208228483
2030016790377,2024-12-20 14:14:41,дМИтрИЙ кузНЕЦОВ,8(9336) 11-76,5,МолОкО,1,2947.55,52.45,PrOcEsSiNG,Проверить наличие,2024-12-17,0195280208228483
2030016790377,2024-12-20 14:14:41,дМИтрИЙ кузНЕЦОВ,8(9336) 11-76,5,мОлокО,3,8894.39,105.61,ProCeSsinG,Проверить наличие,2024-12-17,0195280208228483
2030016789836,2024-12-08 11:13:14,ОЛЬГа кУзНеЦОва,+7(9814)44-27,3,АМУНиЦИЯ Для СобАК,2,2186.12,213.88,CaNCeLlEd,спасибо за заказ,2024/12/31,5148869329690210
2030016789836,2024-12-08 11:13:14,ОЛЬГа кУзНеЦОва,+7(9814)44-27,5,мОЛОко,5,14374.21,625.79,cancELleD,спасибо за заказ,2024/12/31,5148869329690210
2030016788690,2024-12-26 19:22:11,ивАН иВАнОВ,8(9375) 85-88,4,подПиСкА на ГазеТУ,4,2256.5,143.5,CANcELLEd,"Задержка с доставкой, печалька...",15.12.2024,0312408701732287
2030016788690,2024-12-26 19:22:11,ивАН иВАнОВ,8(9375) 85-88,5,моЛОКо,5,12781.59,2218.41,CAncElLed,"Задержка с доставкой, печалька...",15.12.2024,0312408701732287
2030016788690,2024-12-26 19:22:11,ивАН иВАнОВ,8(9375) 85-88,1,кОрМ длЯ СОБак,5,2155.8,344.2,cAncElled,"Задержка с доставкой, печалька...",15.12.2024,0312408701732287
2030016788690,2024-12-26 19:22:11,ивАН иВАнОВ,8(9375) 85-88,2,ИгРуШКА МЯч,2,551.97,48.03,cAncELlED,"Задержка с доставкой, печалька...",15.12.2024,0312408701732287
2030016787678,2024/12/13 21:06:08,МАрИЯ пЕТрОвА,8(9448) 18-31,2,ИГРуШКа МяЧ,3,882.72,17.28,PROCeSsing,спасибо за заказ,2024/12/22,2299204811028190
2030016786874,2024-12-17 00:13:12,Иван иВАнов,+7(9106)91-00,4,пОдпиСкА на Газету,4,2343.39,56.61,CancelLED,Нужно уточнить сроки,26.12.2024,6612370911797659
2030016786874,2024-12-17 00:13:12,Иван иВАнов,+7(9106)91-00,3,амуНИЦИЯ длЯ сОБАК,4,4449.95,350.05,CaNCELleD,Нужно уточнить сроки,26.12.2024,6612370911797659
2030016786874,2024-12-17 00:13:12,Иван иВАнов,+7(9106)91-00,1,КоРм длЯ соБАк,5,2031.5,468.5,CaNCELLed,Нужно уточнить сроки,26.12.2024,6612370911797659
2030016786874,2024-12-17 00:13:12,Иван иВАнов,+7(9106)91-00,4,ПоДПИска На ГАзЕТу,3,1515.68,284.32,caNCelLeD,Нужно уточнить сроки,26.12.2024,6612370911797659
2030016785547,2024-12-30 09:47:29,сЕрГЕй сиДОРОв,+7(9833)36-34,5,мОлоКо,4,10124.0,1876.0,pRocESsinG,спасибо за заказ,2024/12/11,1549707710536560
2030016785547,2024-12-30 09:47:29,сЕрГЕй сиДОРОв,+7(9833)36-34,2,игрУшКА МяЧ,1,250.67,49.33,ProceSSING,спасибо за заказ,2024/12/11,1549707710536560
2030016785547,2024-12-30 09:47:29,сЕрГЕй сиДОРОв,+7(9833)36-34,3,АмуниЦиЯ дЛЯ собАК,2,2248.83,151.17,PROCessiNg,спасибо за заказ,2024/12/11,1549707710536560
2030016784566,2024-12-19 05:53:09,МаРИЯ пЕТровА,8(9533) 14-57,5,мОЛокО,5,13496.99,1503.01,cOmPLetED,подарок вовремя,2024-12-10,8592355837741225
2030016784566,2024-12-19 05:53:09,МаРИЯ пЕТровА,8(9533) 14-57,2,иГрушКА МЯЧ,4,966.13,233.87,cOmPLeTeD,подарок вовремя,2024-12-10,8592355837741225
2030016784566,2024-12-19 05:53:09,МаРИЯ пЕТровА,8(9533) 14-57,3,аМуниЦия для СОбАК,3,3079.3,520.7,COmPlETeD,подарок вовремя,2024-12-10,8592355837741225
2030016783960,06.12.2024 10:21,маРиЯ пЕТроВА,8(9919) 20-48,3,АМУнИцИЯ Для СоБаК,5,5453.55,546.45,compleTEd,Ждём с нетерпением!,2024/12/20,2976539567790657
2030016783960,06.12.2024 10:21,маРиЯ пЕТроВА,8(9919) 20-48,5,МОлоКО,5,12394.33,2605.67,cOmPLETED,Ждём с нетерпением!,2024/12/20,2976539567790657
2030016783960,06.12.2024 10:21,маРиЯ пЕТроВА,8(9919) 20-48,1,коРМ дЛя соБАК,5,2391.38,108.62,cOMplEted,Ждём с нетерпением!,2024/12/20,2976539567790657
2030016782481,11.12.2024 17:56,олЬгА КУЗНеЦовА,8(9382) 92-60,1,КОРМ Для СОбАК,5,2278.1,221.9,CancELlEd,спасибо за заказ,2024/12/27,3027503977551878
2030016782481,11.12.2024 17:56,олЬгА КУЗНеЦовА,8(9382) 92-60,3,АМУНИЦиЯ дЛЯ СоБАк,3,3131.76,468.24,CAnCelLed,спасибо за заказ,2024/12/27,3027503977551878
2030016782481,11.12.2024 17:56,олЬгА КУЗНеЦовА,8(9382) 92-60,2,ИГрУшКА Мяч,1,275.9,24.1,cANCeLLED,спасибо за заказ,2024/12/27,3027503977551878
2030016782481,11.12.2024 17:56,олЬгА КУЗНеЦовА,8(9382) 92-60,3,АМуНиЦИя дЛЯ СоБАК,3,3532.45,67.55,cANCELleD,спасибо за заказ,2024/12/27,3027503977551878
2030016782481,11.12.2024 17:56,олЬгА КУЗНеЦовА,8(9382) 92-60,5,молОКО,5,13747.46,1252.54,cANceLled,спасибо за заказ,2024/12/27,3027503977551878
2030016781273,15.12.2024 23:15,мИхаил ОРЛоВ,+7(9512)17-29,3,АМУНИЦИя дЛя соБак,4,3903.43,896.57,proCESsinG,Проверить наличие,2024-12-13,1101179786281832
2030016781273,15.12.2024 23:15,мИхаил ОРЛоВ,+7(9512)17-29,3,амУНиЦиЯ ДЛя соБАК,1,1128.93,71.07,pRocEssing,Проверить наличие,2024-12-13,1101179786281832
2030016781273,15.12.2024 23:15,мИхаил ОРЛоВ,+7(9512)17-29,1,Корм дЛя сОБаК,4,1882.25,117.75,proCesSING,Проверить наличие,2024-12-13,1101179786281832
2030016780181,2024-12-07 16:12:50,олЬГА КуЗНеЦоВА,+7(9558)34-07,2,иГрУШкА МяЧ,5,1476.34,23.66,CANCElLed,Нужно уточнить сроки,06.12.2024,9278512633308086
2030016780181,2024-12-07 16:12:50,олЬГА КуЗНеЦоВА,+7(9558)34-07,5,МОлокО,4,10184.06,1815.94,cancELLED,Нужно уточнить сроки,06.12.2024,9278512633308086
2030016780181,2024-12-07 16:12:50,олЬГА КуЗНеЦоВА,+7(9558)34-07,5,мОЛОКо,2,5657.74,342.26,CaNcellEd,Нужно уточнить сроки,06.12.2024,9278512633308086
2030016780181,2024-12-07 16:12:50,олЬГА КуЗНеЦоВА,+7(9558)34-07,5,моЛОко,3,8442.19,557.81,CanCeLlED,Нужно уточнить сроки,06.12.2024,9278512633308086
2030016779381,25.12.2024 00:14,еЛеНА НОВИКовА,+7(9218)71-71,5,моЛоко,3,7372.53,1627.47,CAnCElLed,"Задержка с доставкой, печалька...",02.12.2024,8366819196696142
2030016778332,2024-12-10 08:23:26,дМиТРий КузНецОВ,8(9414) 89-07,3,аМунИЦИЯ ДЛЯ СобаК,2,2395.33,4.67,cAncElLed,"Задержка с доставкой, печалька...",2024/12/11,4308997269683814
2030016778332,2024-12-10 08:23:26,дМиТРий КузНецОВ,8(9414) 89-07,1,КоРм ДлЯ соБаК,2,948.62,51.38,CAnCELLeD,"Задержка с доставкой, печалька...",2024/12/11,4308997269683814
2030016778332,2024-12-10 08:23:26,дМиТРий КузНецОВ,8(9414) 89-07,5,МОлокО,1,2608.99,391.01,CAnCElleD,"Задержка с доставкой, печалька...",2024/12/11,4308997269683814
2030016778332,2024-12-10 08:23:26,дМиТРий КузНецОВ,8(9414) 89-07,4,пОдПиСка на ГАЗеТУ,2,1191.53,8.47,CANceLLed,"Задержка с доставкой, печалька...",2024/12/11,4308997269683814
2030016778332,2024-12-10 08:23:26,дМиТРий КузНецОВ,8(9414) 89-07,2,ИгРушКА мяч,2,581.11,18.89,caNceLLed,"Задержка с доставкой, печалька...",2024/12/11,4308997269683814
2030016777426,2024/12/26 03:40:08,СеРГеЙ сИдороВ,+7 9153 84 22,5,МолОкО,3,8628.61,371.39,proceSSiNg,Всё отлично!,20.12.2024,9933358820494727
2030016777426,2024/12/26 03:40:08,СеРГеЙ сИдороВ,+7 9153 84 22,1,КОрм дЛя сОбаК,2,880.19,119.81,proCEsSing,Всё отлично!,20.12.2024,9933358820494727
2030016777426,2024/12/26 03:40:08,СеРГеЙ сИдороВ,+7 9153 84 22,1,КоРМ ДлЯ СОбак,2,844.32,155.68,prOcesSINg,Всё отлично!,20.12.2024,9933358820494727
2030016776529,15.12.2024 17:56,МИХАиЛ ОрлОв,+7(9717)63-09,4,ПОДПиска На гаЗеТУ,4,2290.14,109.86,canCElled,Нужно уточнить сроки,2024-12-10,9104600850043678
2030016776529,15.12.2024 17:56,МИХАиЛ ОрлОв,+7(9717)63-09,4,ПОДПИсКА нА ГаЗету,5,2429.82,570.18,cAncelLed,Нужно уточнить сроки,2024-12-10,9104600850043678
2030016776529,15.12.2024 17:56,МИХАиЛ ОрлОв,+7(9717)63-09,4,ПОДПИСкА На гАзЕТУ,1,583.05,16.95,caNcelLed,Нужно уточнить сроки,2024-12-10,9104600850043678
2030016776529,15.12.2024 17:56,МИХАиЛ ОрлОв,+7(9717)63-09,1,корм Для сОБАК,1,408.12,91.88,cAnCELlEd,Нужно уточнить сроки,2024-12-10,9104600850043678
2030016776529,15.12.2024 17:56,МИХАиЛ ОрлОв,+7(9717)63-09,2,игрУШКА мяЧ,5,1308.21,191.79,cANCElleD,Нужно уточнить сроки,2024-12-10,9104600850043678
2030016775982,2024/12/28 13:50:46,ЕЛЕнА ноВиковА,+7(9684)56-24,1,кОрМ длЯ соБАК,4,1939.48,60.52,CANCeLLeD,спасибо за заказ,2024/12/21,5183550069712755
2030016774839,2024/12/12 11:48:30,АЛексей МИхаЙЛОВ,8(9053) 53-69,4,ПоДПИСКА На ГАЗету,1,587.45,12.55,cOMPLEteD,Ждём с нетерпением!,2024/12/21,4664614212678303
2030016774839,2024/12/12 11:48:30,АЛексей МИхаЙЛОВ,8(9053) 53-69,1,КорМ длЯ СОБАк,4,1649.44,350.56,COmPleTED,Ждём с нетерпением!,2024/12/21,4664614212678303
2030016774839,2024/12/12 11:48:30,АЛексей МИхаЙЛОВ,8(9053) 53-69,3,АмУнИЦия Для собАК,1,1042.48,157.52,complEtED,Ждём с нетерпением!,2024/12/21,4664614212678303
2030016774839,2024/12/12 11:48:30,АЛексей МИхаЙЛОВ,8(9053) 53-69,3,АмУНиция ДлЯ СОБАК,5,5144.34,855.66,COMpLetED,Ждём с нетерпением!,2024/12/21,4664614212678303
2030016774839,2024/12/12 11:48:30,АЛексей МИхаЙЛОВ,8(9053) 53-69,5,МоЛоко,3,8601.28,398.72,COmPlEtED,Ждём с нетерпением!,2024/12/21,4664614212678303
2030016773851,06.12.2024 01:30,мАРИЯ пЕтРОвА,+7(9233)26-81,5,МОЛоКо,3,7809.01,1190.99,PRoCeSSinG,"Задержка с доставкой, печалька...",2024/12/22,0018020724140183
2030016773851,06.12.2024 01:30,мАРИЯ пЕтРОвА,+7(9233)26-81,5,мОЛОКО,4,10259.16,1740.84,prOcEsSInG,"Задержка с доставкой, печалька...",2024/12/22,0018020724140183
2030016773851,06.12.2024 01:30,мАРИЯ пЕтРОвА,+7(9233)26-81,2,ИгрУШКА мяч,4,1117.84,82.16,PROcesSInG,"Задержка с доставкой, печалька...",2024/12/22,0018020724140183
2030016773851,06.12.2024 01:30,мАРИЯ пЕтРОвА,+7(9233)26-81,3,АмунициЯ дЛя Собак,1,1087.09,112.91,PrOcESSinG,"Задержка с доставкой, печалька...",2024/12/22,0018020724140183
2030016773851,06.12.2024 01:30,мАРИЯ пЕтРОвА,+7(9233)26-81,4,подписКа нА гАзЕту,4,1962.68,437.32,PrOCEssing,"Задержка с доставкой, печалька...",2024/12/22,0018020724140183
2030016772655,2024-12-22 21:18:35,ольГА КузНеЦовА,+7(9336)92-68,1,КОРМ длЯ сОбаК,5,2265.34,234.66,PrOcESsiNG,спасибо за заказ,2024/12/26,7606341600276618
2030016772655,2024-12-22 21:18:35,ольГА КузНеЦовА,+7(9336)92-68,4,подПиСКА НА ГАЗЕТУ,1,556.77,43.23,PRoCeSSing,спасибо за заказ,2024/12/26,7606341600276618
2030016772655,2024-12-22 21:18:35,ольГА КузНеЦовА,+7(9336)92-68,1,кОрм дЛя сОбАк,4,1783.37,216.63,PrOcESSIng,спасибо за заказ,2024/12/26,7606341600276618
2030016772655,2024-12-22 21:18:35,ольГА КузНеЦовА,+7(9336)92-68,5,МОлокО,2,5109.66,890.34,ProCEssINg,спасибо за заказ,2024/12/26,7606341600276618
2030016771414,2024-12-05 23:27:57,МиХАиЛ ОРЛОВ,8(9972) 28-78,2,ИГрушКА мяч,5,1487.3,12.7,cAnCelLeD,спасибо за заказ,07.12.2024,9377644215424585
2030016771414,2024-12-05 23:27:57,МиХАиЛ ОРЛОВ,8(9972) 28-78,2,ИГрушка мяч,3,874.23,25.77,cAncELLed,спасибо за заказ,07.12.2024,9377644215424585
2030016771414,2024-12-05 23:27:57,МиХАиЛ ОРЛОВ,8(9972) 28-78,4,ПоДпиСка нА ГазЕТУ,3,1713.47,86.53,canceLlED,спасибо за заказ,07.12.2024,9377644215424585
2030016771414,2024-12-05 23:27:57,МиХАиЛ ОРЛОВ,8(9972) 28-78,4,ПоДПискА НА ГазЕтУ,5,2860.27,139.73,canCeLlEd,спасибо за заказ,07.12.2024,9377644215424585
2030016770312,13.12.2024 19:56,марИя ПЕТРОвА,+7 9370 22 14,1,корм ДлЯ сОбаК,4,1602.29,397.71,ProcESsiNG,"Задержка с доставкой, печалька...",2024-12-21,5548116644205694
2030016770312,13.12.2024 19:56,марИя ПЕТРОвА,+7 9370 22 14,5,мОлоКо,2,4810.85,1189.15,pROcesSinG,"Задержка с доставкой, печалька...",2024-12-21,5548116644205694
2030016770312,13.12.2024 19:56,марИя ПЕТРОвА,+7 9370 22 14,3,амуНиЦиЯ ДЛЯ соБАК,3,2941.0,659.0,ProcEsSING,"Задержка с доставкой, печалька...",2024-12-21,5548116644205694
2030016770312,13.12.2024 19:56,марИя ПЕТРОвА,+7 9370 22 14,5,мОлокО,4,11140.8,859.2,PROCeSsING,"Задержка с доставкой, печалька...",2024-12-21,5548116644205694
2030016769934,2024-12-04 12:12:15,ИВан ИВаНов,+7 9949 42 27,5,молоКО,4,11619.86,380.14,PROcessing,"Задержка с доставкой, печалька...",2024/12/24,1512361592532619
2030016769934,2024-12-04 12:12:15,ИВан ИВаНов,+7 9949 42 27,5,МОЛоКо,5,12231.48,2768.52,ProCEssinG,"Задержка с доставкой, печалька...",2024/12/24,1512361592532619
2030016769934,2024-12-04 12:12:15,ИВан ИВаНов,+7 9949 42 27,2,иГРУШкА МяЧ,5,1357.32,142.68,prOcessiNg,"Задержка с доставкой, печалька...",2024/12/24,1512361592532619
2030016769934,2024-12-04 12:12:15,ИВан ИВаНов,+7 9949 42 27,1,КОРм Для СОБаК,2,801.63,198.37,PrOCEssing,"Задержка с доставкой, печалька...",2024/12/24,1512361592532619
2030016768262,2024/12/12 19:17:59,ольгА кУЗнЕцОвА,+7(9229)25-25,2,ИГрУШКА Мяч,4,1115.69,84.31,pROcesSing,Всё отлично!,2024/12/04,0808983387314874
2030017023873,2024-12-10 17:49:02,СерГЕЙ сИДОрОв,+7(9789)47-91,4,подПиСка НА ГАЗЕтУ,3,1490.68,309.32,caNcElLeD,"Задержка с доставкой, печалька...",29.12.2024,4843280315473912
2030017023873,2024-12-10 17:49:02,СерГЕЙ сИДОрОв,+7(9789)47-91,5,МоЛокО,1,2579.17,420.83,CAnCeLleD,"Задержка с доставкой, печалька...",29.12.2024,4843280315473912
2030017022637,2024-12-19 01:01:40,МАРия ПЕТРОВА,+7 9492 88 22,4,поДпИСКА нА гАЗеТу,3,1494.47,305.53,completED,"Задержка с доставкой, печалька...",25.12.2024,8042005993332565
2030017022637,2024-12-19 01:01:40,МАРия ПЕТРОВА,+7 9492 88 22,4,подПиска нА гАзЕту,2,1119.74,80.26,cOmPleTED,"Задержка с доставкой, печалька...",25.12.2024,8042005993332565
2030017022637,2024-12-19 01:01:40,МАРия ПЕТРОВА,+7 9492 88 22,1,корМ ДлЯ СОбак,2,996.2,3.8,COmPlEteD,"Задержка с доставкой, печалька...",25.12.2024,8042005993332565
2030017022637,2024-12-19 01:01:40,МАРия ПЕТРОВА,+7 9492 88 22,1,КОРМ дЛЯ соБак,4,1991.97,8.03,complETed,"Задержка с доставкой, печалька...",25.12.2024,8042005993332565
2030017021463,27.12.2024 13:05,СЕРГеЙ сиДороВ,+7 9826 68 16,3,амУницИЯ длЯ сОБАк,2,2358.87,41.13,coMplEtEd,спасибо за заказ,2024/12/10,1044705587209018
2030017021463,27.12.2024 13:05,СЕРГеЙ сиДороВ,+7 9826 68 16,1,кОРМ ДлЯ СобАК,2,928.39,71.61,ComPLEtED,спасибо за заказ,2024/12/10,1044705587209018
2030017020554,10.12.2024 21:25,дМИТрИй кУзнеЦов,8(9946) 67-66,5,мОЛОко,5,12705.4,2294.6,CaNCEllEd,подарок вовремя,2024/12/30,2955197258075519
2030017020554,10.12.2024 21:25,дМИТрИй кУзнеЦов,8(9946) 67-66,3,аМУнИЦия дЛя СОбАк,5,5423.8,576.2,caNCELleD,подарок вовремя,2024/12/30,2955197258075519
2030017019759,2024/12/18 10:53:31,ИваН ИВанОВ,+7 9023 29 42,1,корм ДЛя Собак,5,2335.1,164.9,CoMPlEted,Проверить наличие,11.12.2024,2684729402818537
2030017018257,2024-12-16 03:50:26,анНа сМИРнОВА,8(9584) 91-61,1,коРМ для СоБак,1,489.84,10.16,cOmPlETEd,Нужно уточнить сроки,2024-12-06,3837856054253157
2030017018257,2024-12-16 03:50:26,анНа сМИРнОВА,8(9584) 91-61,3,амуниЦиЯ ДлЯ СОБак,5,5476.37,523.63,COmPLEteD,Нужно уточнить сроки,2024-12-06,3837856054253157
2030017018257,2024-12-16 03:50:26,анНа сМИРнОВА,8(9584) 91-61,1,КоРм ДЛЯ сОБаК,5,2026.74,473.26,coMpleTED,Нужно уточнить сроки,2024-12-06,3837856054253157
2030017018257,2024-12-16 03:50:26,анНа сМИРнОВА,8(9584) 91-61,3,аМуНИЦиЯ ДлЯ соБак,4,4053.08,746.92,cOmPLEted,Нужно уточнить сроки,2024-12-06,3837856054253157
2030017018257,2024-12-16 03:50:26,анНа сМИРнОВА,8(9584) 91-61,5,мОлОКо,4,11573.81,426.19,cOMpLeTeD,Нужно уточнить сроки,2024-12-06,3837856054253157
2030017017848,2024-12-31 22:14:51,ЕЛенА нОвиКовА,+7 9740 42 48,4,ПОДпиСКа на гАЗЕту,4,2076.85,323.15,COMpleted,Проверить наличие,2024/12/31,7713832657410103
2030017016598,2024-12-30 03:01:47,ЕЛеНа нОВИкОВА,+7 9977 85 23,3,аМУНИЦИя ДлЯ сОБаК,3,3368.06,231.94,cANcelLeD,Ждём с нетерпением!,2024/12/10,8973854125048843
2030017015723,28.12.2024 11:22,оЛьга кузНЕцова,+7(9387)01-20,2,ИгрушКа мяЧ,2,567.64,32.36,pROcEsSINg,Всё отлично!,07.12.2024,4299330978147226
2030017015723,28.12.2024 11:22,оЛьга кузНЕцова,+7(9387)01-20,1,КОрм Для СОбак,4,1601.64,398.36,PROCEssiNG,Всё отлично!,07.12.2024,4299330978147226
2030017015723,28.12.2024 11:22,оЛьга кузНЕцова,+7(9387)01-20,4,подпИскА На гАЗетУ,5,2444.92,555.08,PrOCESSIng,Всё отлично!,07.12.2024,4299330978147226
2030017015723,28.12.2024 11:22,оЛьга кузНЕцова,+7(9387)01-20,1,кОрм для СОБАК,1,486.05,13.95,pROCeSSiNg,Всё отлично!,07.12.2024,4299330978147226
2030017015723,28.12.2024 11:22,оЛьга кузНЕцова,+7(9387)01-20,5,МолоКО,5,12222.65,2777.35,PrOCESsinG,Всё отлично!,07.12.2024,4299330978147226
2030017014576,2024-12-06 15:30:28,дМитрий КУзнЕцов,+7 9407 04 54,3,АМУНиЦия для СоБАК,5,5026.16,973.84,caNceLLED,спасибо за заказ,2024-12-01,0902818883550806
2030017014576,2024-12-06 15:30:28,дМитрий КУзнЕцов,+7 9407 04 54,5,мОЛОко,3,7370.58,1629.42,cANCellED,спасибо за заказ,2024-12-01,0902818883550806
2030017014576,2024-12-06 15:30:28,дМитрий КУзнЕцов,+7 9407 04 54,1,КОРм ДЛЯ собАК,5,2083.42,416.58,cANCEllEd,спасибо за заказ,2024-12-01,0902818883550806
2030017014576,2024-12-06 15:30:28,дМитрий КУзнЕцов,+7 9407 04 54,3,амуНИЦИя дЛЯ соБак,4,4341.12,458.88,cANCEllED,спасибо за заказ,2024-12-01,0902818883550806
2030017014576,2024-12-06 15:30:28,дМитрий КУзнЕцов,+7 9407 04 54,1,корМ дЛя собаК,3,1298.83,201.17,cancElLed,спасибо за заказ,2024-12-01,0902818883550806
2030017013998,2024/12/06 09:59:35,дмИТрИй КузнЕЦоВ,+7 9168 64 31,2,ИГРуШКА мЯч,2,589.23,10.77,prOceSsINg,спасибо за заказ,2024/12/05,6142425943203034
2030017012525,2024-12-26 12:22:13,анНа СМиРнОВа,+7 9023 52 17,4,подписКа НА газеТу,2,1164.36,35.64,CoMplEtED,Нужно уточнить сроки,2024-12-30,2960133224795579
2030017012525,2024-12-26 12:22:13,анНа СМиРнОВа,+7 9023 52 17,2,ИгрУшка МяЧ,3,773.33,126.67,coMPlEtEd,Нужно уточнить сроки,2024-12-30,2960133224795579
2030017012525,2024-12-26 12:22:13,анНа СМиРнОВа,+7 9023 52 17,3,АмУнИЦИя ДЛя СОБаК,5,4945.94,1054.06,COMpLETeD,Нужно уточнить сроки,2024-12-30,2960133224795579
2030017011932,2024-12-22 18:55:10,НАТАЛьЯ вАСИлЬЕВа,+7 9856 65 72,1,коРм дЛЯ сОБаК,1,439.73,60.27,PrOcEsSiNg,подарок вовремя,2024/12/24,5150674846373711
2030017011932,2024-12-22 18:55:10,НАТАЛьЯ вАСИлЬЕВа,+7 9856 65 72,2,игрУШкА МяЧ,3,737.37,162.63,pRocEsSiNg,подарок вовремя,2024/12/24,5150674846373711
2030017011932,2024-12-22 18:55:10,НАТАЛьЯ вАСИлЬЕВа,+7 9856 65 72,5,МОлОКО,3,7568.04,1431.96,proCessinG,подарок вовремя,2024/12/24,5150674846373711
2030017010381,2024-12-16 21:15:27,АннА смиРНова,8(9541) 15-14,5,молокО,5,12551.52,2448.48,COmpLetEd,Проверить наличие,2024/12/29,4197933483140227
2030017010381,2024-12-16 21:15:27,АннА смиРНова,8(9541) 15-14,2,игРушКА мяч,4,1161.52,38.48,COMPLeTed,Проверить наличие,2024/12/29,4197933483140227
2030017009573,06.12.2024 20:04,АлЕкСЕЙ МиХаЙЛоВ,+7 9518 66 10,4,ПОДпиСКА На ГАзету,3,1450.57,349.43,PROceSSInG,Всё отлично!,2024/12/19,7709062514055834
2030017009573,06.12.2024 20:04,АлЕкСЕЙ МиХаЙЛоВ,+7 9518 66 10,3,аМУНиЦия Для соБак,5,5518.48,481.52,prOCeSSinG,Всё отлично!,2024/12/19,7709062514055834
2030017008362,2024-12-09 12:08:43,иВАН ИвАнов,8(9658) 29-57,5,МоЛоКо,2,5560.8,439.2,coMpLETEd,спасибо за заказ,2024-12-23,6901402475813096
2030017008362,2024-12-09 12:08:43,иВАН ИвАнов,8(9658) 29-57,3,АмуНицИЯ ДЛЯ СОБАК,3,3558.74,41.26,COmpLEtED,спасибо за заказ,2024-12-23,6901402475813096
2030017008362,2024-12-09 12:08:43,иВАН ИвАнов,8(9658) 29-57,4,ПОДпиСКА НА ГАЗету,2,988.54,211.46,COmpLeteD,спасибо за заказ,2024-12-23,6901402475813096
2030017008362,2024-12-09 12:08:43,иВАН ИвАнов,8(9658) 29-57,4,поДпИска нА ГаЗЕТУ,4,2150.51,249.49,COmpleTed,спасибо за заказ,2024-12-23,6901402475813096
2030017008362,2024-12-09 12:08:43,иВАН ИвАнов,8(9658) 29-57,2,ИгруШкА мЯЧ,5,1322.67,177.33,cOMpLetEd,спасибо за заказ,2024-12-23,6901402475813096
2030017007826,08.12.2024 22:51,НатАлЬЯ ВаСИЛЬева,+7(9749)50-81,2,иГрушКа мяч,4,1175.87,24.13,PrOCESSing,Нужно уточнить сроки,06.12.2024,9468446467333637
2030017007826,08.12.2024 22:51,НатАлЬЯ ВаСИЛЬева,+7(9749)50-81,1,КОрМ длЯ сОБаК,3,1426.25,73.75,PROcESSIng,Нужно уточнить сроки,06.12.2024,9468446467333637
2030017007826,08.12.2024 22:51,НатАлЬЯ ВаСИЛЬева,+7(9749)50-81,1,КОрМ длЯ сОБаК,1,413.14,86.86,ProCeSsiNG,Нужно уточнить сроки,06.12.2024,9468446467333637
2030017006992,2024-12-28 02:44:59,СЕРГЕй СИДОрОв,+7(9927)73-90,3,АМунИцИя ДЛя СОбаК,4,4584.81,215.19,COMplEtED,"Задержка с доставкой, печалька...",09.12.2024,7712917683658655
2030017006992,2024-12-28 02:44:59,СЕРГЕй СИДОрОв,+7(9927)73-90,5,мОлОКО,1,2626.38,373.62,CoMplETed,"Задержка с доставкой, печалька...",09.12.2024,7712917683658655
2030017006992,2024-12-28 02:44:59,СЕРГЕй СИДОрОв,+7(9927)73-90,3,амУНиЦиЯ дЛя СОбАк,4,4587.71,212.29,cOMPlETed,"Задержка с доставкой, печалька...",09.12.2024,7712917683658655
2030017005239,2024/12/03 06:36:56,МАрия пеТРОва,+7 9619 62 22,5,моЛОКо,4,11906.86,93.14,CoMpLETeD,Нужно уточнить сроки,2024/12/25,9099211220523695
2030017005239,2024/12/03 06:36:56,МАрия пеТРОва,+7 9619 62 22,5,мОЛокО,5,14618.08,381.92,CoMpLeTed,Нужно уточнить сроки,2024/12/25,9099211220523695
2030017005239,2024/12/03 06:36:56,МАрия пеТРОва,+7 9619 62 22,2,ИгРушКА мяч,2,544.42,55.58,cOMPleTeD,Нужно уточнить сроки,2024/12/25,9099211220523695
2030017005239,2024/12/03 06:36:56,МАрия пеТРОва,+7 9619 62 22,1,КоРМ дЛЯ собАк,1,415.88,84.12,cOMpLeTEd,Нужно уточнить сроки,2024/12/25,9099211220523695
2030017004519,2024/12/13 03:51:35,АннА СмирнОВА,+7(9576)99-49,1,коРм ДлЯ СОбаК,5,2261.08,238.92,PROcessING,"Задержка с доставкой, печалька...",2024-12-15,5597893628993842
2030017004519,2024/12/13 03:51:35,АннА СмирнОВА,+7(9576)99-49,4,ПОДПиСка НА ГАзеТу,5,2810.77,189.23,proCESsING,"Задержка с доставкой, печалька...",2024-12-15,5597893628993842
2030017004519,2024/12/13 03:51:35,АннА СмирнОВА,+7(9576)99-49,1,коРм ДлЯ СобАк,4,1894.0,106.0,pRocESSinG,"Задержка с доставкой, печалька...",2024-12-15,5597893628993842
2030017004519,2024/12/13 03:51:35,АннА СмирнОВА,+7(9576)99-49,4,пОдПиска На ГАзЕту,3,1571.65,228.35,prOcEssING,"Задержка с доставкой, печалька...",2024-12-15,5597893628993842
2030017003647,2024/12/05 03:55:26,аНнА смИрновА,+7 9175 03 58,5,мОЛОко,3,7370.56,1629.44,CAnCELLEd,подарок вовремя,2024-12-16,6380357713054631
2030017003647,2024/12/05 03:55:26,аНнА смИрновА,+7 9175 03 58,4,пОДПИсКа на гаЗету,2,1002.78,197.22,CANCELLed,подарок вовремя,2024-12-16,6380357713054631
2030017003647,2024/12/05 03:55:26,аНнА смИрновА,+7 9175 03 58,2,ИГРУшкА мяЧ,4,970.78,229.22,CancelLEd,подарок вовремя,2024-12-16,6380357713054631
2030017003647,2024/12/05 03:55:26,аНнА смИрновА,+7 9175 03 58,2,ИгРУШкА Мяч,2,505.15,94.85,cANcelLeD,подарок вовремя,2024-12-16,6380357713054631
2030017002838,2024-12-27 02:16:34,АНнА смиРнОВА,+7 9907 11 15,3,АМУницИя дЛя СОБАк,2,2392.49,7.51,coMPleted,спасибо за заказ,2024/12/08,2932170271487038
2030017002838,2024-12-27 02:16:34,АНнА смиРнОВА,+7 9907 11 15,5,МолОкО,4,10551.47,1448.53,compLETed,спасибо за заказ,2024/12/08,2932170271487038
2030017002838,2024-12-27 02:16:34,АНнА смиРнОВА,+7 9907 11 15,3,аМУнИциЯ ДЛЯ сОбаК,1,1046.1,153.9,CoMpLEtED,спасибо за заказ,2024/12/08,2932170271487038
2030017002838,2024-12-27 02:16:34,АНнА смиРнОВА,+7 9907 11 15,1,КОРМ дЛЯ СобаК,3,1339.79,160.21,coMPlEteD,спасибо за заказ,2024/12/08,2932170271487038
2030017001994,2024/12/30 15:24:16,ДМИТРИй кУзнецОВ,+7(9926)32-02,3,аМуНИция Для СОбАК,4,4351.65,448.35,CoMplETeD,спасибо за заказ,19.12.2024,8640724804836445
2030017001994,2024/12/30 15:24:16,ДМИТРИй кУзнецОВ,+7(9926)32-02,2,ИГрушка МяЧ,5,1229.29,270.71,complEteD,спасибо за заказ,19.12.2024,8640724804836445
2030017001994,2024/12/30 15:24:16,ДМИТРИй кУзнецОВ,+7(9926)32-02,4,ПОдПискА На гАзЕтУ,4,2099.14,300.86,compLETed,спасибо за заказ,19.12.2024,8640724804836445
2030017000768,2024-12-09 03:19:33,МАРиЯ петрОВа,+7(9180)19-30,2,ИГРУШка Мяч,3,842.22,57.78,cANcELLeD,Проверить наличие,27.12.2024,0090004771110910
2030017000768,2024-12-09 03:19:33,МАРиЯ петрОВа,+7(9180)19-30,5,молОкО,3,8909.15,90.85,CanCElLED,Проверить наличие,27.12.2024,0090004771110910
2030016999995,2024/12/09 09:22:33,ДМИтрий КУзнЕЦОв,8(9079) 90-45,3,аМунициЯ дЛЯ собАК,2,1991.36,408.64,COMPlETeD,Нужно уточнить сроки,20.12.2024,8045905178783191
2030016998210,2024-12-26 01:03:07,СеРгей СиДОрОв,+7 9884 71 35,4,ПОдПиска на ГаЗЕТУ,5,2864.32,135.68,COmplEtEd,"Задержка с доставкой, печалька...",2024/12/27,7651118252194068
2030016998210,2024-12-26 01:03:07,СеРгей СиДОрОв,+7 9884 71 35,3,АмУНИцИя дЛЯ сОбАК,1,997.46,202.54,cOmpLETEd,"Задержка с доставкой, печалька...",2024/12/27,7651118252194068
2030016998210,2024-12-26 01:03:07,СеРгей СиДОрОв,+7 9884 71 35,3,аМуНиЦИя дЛЯ сОБак,1,1139.19,60.81,cOMpleTeD,"Задержка с доставкой, печалька...",2024/12/27,7651118252194068
2030016997416,23.12.2024 23:11,аЛЕкСеЙ миХаЙЛОВ,+7 9942 97 79,2,игрУшКА МЯЧ,4,1133.9,66.1,PrOCeSSinG,"Задержка с доставкой, печалька...",19.12.2024,6980441350896109
2030016997416,23.12.2024 23:11,аЛЕкСеЙ миХаЙЛОВ,+7 9942 97 79,5,мОлоКо,2,5116.88,883.12,PrOcessing,"Задержка с доставкой, печалька...",19.12.2024,6980441350896109
2030016996592,19.12.2024 02:11,ЕЛенА НОВИкОВА,+7 9527 00 58,2,иГрУшка Мяч,1,297.36,2.64,cancElLED,Ждём с нетерпением!,14.12.2024,9898908404276649
2030016996592,19.12.2024 02:11,ЕЛенА НОВИкОВА,+7 9527 00 58,2,ИГРушка МяЧ,4,1052.52,147.48,cancelLEd,Ждём с нетерпением!,14.12.2024,9898908404276649
2030016996592,19.12.2024 02:11,ЕЛенА НОВИкОВА,+7 9527 00 58,2,ИгрушКа Мяч,4,1085.14,114.86,CAnCELlEd,Ждём с нетерпением!,14.12.2024,9898908404276649
2030016996592,19.12.2024 02:11,ЕЛенА НОВИкОВА,+7 9527 00 58,5,мОлОКо,4,10526.16,1473.84,CANcElleD,Ждём с нетерпением!,14.12.2024,9898908404276649
2030016996592,19.12.2024 02:11,ЕЛенА НОВИкОВА,+7 9527 00 58,4,ПОдПИСкА НА ГаЗЕТу,4,2318.35,81.65,cANCElleD,Ждём с нетерпением!,14.12.2024,9898908404276649
2030016995317,2024/12/23 22:48:32,ОлЬГа КузНЕЦоВА,+7 9092 91 66,4,пОДПиСКа НА ГаЗеТу,2,1095.51,104.49,cAnCEllEd,Ждём с нетерпением!,25.12.2024,1738169813242877
2030016994277,2024-12-21 02:45:58,МИхАиЛ ОРлоВ,8(9501) 29-54,3,АМУниЦИЯ ДЛя собак,2,2260.15,139.85,caNCElLeD,"Задержка с доставкой, печалька...",2024/12/16,1388463154645136
2030016994277,2024-12-21 02:45:58,МИхАиЛ ОРлоВ,8(9501) 29-54,1,Корм ДЛЯ СоБаК,3,1464.87,35.13,cANcelLED,"Задержка с доставкой, печалька...",2024/12/16,1388463154645136
2030016993673,09.12.2024 15:34,сЕРГей сидоРов,+7 9456 25 21,1,КОрМ ДлЯ СоБак,4,1899.45,100.55,cOMplETEd,Всё отлично!,2024-12-08,4281925133098545
2030016992949,2024/12/31 06:50:28,АЛЕкСЕй михайлОв,+7(9514)74-13,2,игрУШка МяЧ,2,538.07,61.93,pROCeSSING,Проверить наличие,05.12.2024,3441593334510244
2030016991731,03.12.2024 05:42,МихаИЛ оРЛоВ,+7(9028)82-33,5,МОлОКо,4,10639.16,1360.84,CaNcElLEd,Ждём с нетерпением!,26.12.2024,5564107644315814
2030016991731,03.12.2024 05:42,МихаИЛ оРЛоВ,+7(9028)82-33,4,ПодПисКА НА газеТУ,5,2846.14,153.86,caNCeLlED,Ждём с нетерпением!,26.12.2024,5564107644315814
2030016991731,03.12.2024 05:42,МихаИЛ оРЛоВ,+7(9028)82-33,1,КорМ для СОБак,4,1791.53,208.47,CaNCELLed,Ждём с нетерпением!,26.12.2024,5564107644315814
2030016990568,2024/12/11 23:30:14,еленА новикОвА,8(9190) 89-44,5,молоко,4,10873.09,1126.91,PROCeSsInG,Всё отлично!,2024-12-02,9180160112366543
2030016990568,2024/12/11 23:30:14,еленА новикОвА,8(9190) 89-44,5,моЛокО,4,11438.82,561.18,PRoCessINg,Всё отлично!,2024-12-02,9180160112366543
2030016989875,2024/12/13 08:07:27,сЕРГеЙ СиДорОВ,+7(9549)01-16,2,иГРУШкА мяч,5,1409.82,90.18,coMPLeteD,Проверить наличие,2024-12-16,2430787112123962
2030016989875,2024/12/13 08:07:27,сЕРГеЙ СиДорОВ,+7(9549)01-16,2,ИГрУшкА мяЧ,1,279.72,20.28,cOMPlEtED,Проверить наличие,2024-12-16,2430787112123962
2030016989875,2024/12/13 08:07:27,сЕРГеЙ СиДорОВ,+7(9549)01-16,5,мОлОко,4,11174.21,825.79,COMplETEd,Проверить наличие,2024-12-16,2430787112123962
2030016988739,2024/12/08 19:22:59,ОЛЬгА КУзНеЦовА,+7(9166)20-28,1,КОРМ ДЛЯ сОбАК,5,2030.73,469.27,CANcELLeD,Всё отлично!,2024/12/29,7438396632253185
2030016988739,2024/12/08 19:22:59,ОЛЬгА КУзНеЦовА,+7(9166)20-28,1,кОРм дЛЯ сОбак,4,1664.49,335.51,CANcelLEd,Всё отлично!,2024/12/29,7438396632253185
2030016988739,2024/12/08 19:22:59,ОЛЬгА КУзНеЦовА,+7(9166)20-28,4,ПодпИска на гаЗЕТУ,3,1729.32,70.68,cANCeLleD,Всё отлично!,2024/12/29,7438396632253185
2030016988739,2024/12/08 19:22:59,ОЛЬгА КУзНеЦовА,+7(9166)20-28,3,АМУНицИя ДЛЯ сОбак,3,2886.39,713.61,cAnCElled,Всё отлично!,2024/12/29,7438396632253185
2030016988739,2024/12/08 19:22:59,ОЛЬгА КУзНеЦовА,+7(9166)20-28,1,кОРм ДлЯ СоБАК,2,973.54,26.46,CaNcELLED,Всё отлично!,2024/12/29,7438396632253185
2030016987381,2024-12-12 11:26:12,сЕРгеЙ сИдорОв,8(9881) 94-26,2,ИГРУшкА МЯЧ,2,593.01,6.99,PROcESsinG,Всё отлично!,2024/12/03,1190441927474288
2030016986903,18.12.2024 11:27,михаИл орЛОВ,+7(9032)88-70,3,амУнИЦИя Для сОбак,5,5523.52,476.48,caNcElLeD,Проверить наличие,2024-12-13,2995572986024814
2030016986903,18.12.2024 11:27,михаИл орЛОВ,+7(9032)88-70,4,ПОДПИСКА На ГазеТУ,5,2592.75,407.25,CANcELLeD,Проверить наличие,2024-12-13,2995572986024814
2030016986903,18.12.2024 11:27,михаИл орЛОВ,+7(9032)88-70,3,АмуНИЦиЯ ДЛя соБаК,2,2094.19,305.81,CaNCeLlED,Проверить наличие,2024-12-13,2995572986024814
2030016986903,18.12.2024 11:27,михаИл орЛОВ,+7(9032)88-70,3,АМунИциЯ Для сОбАК,3,3385.13,214.87,cANcELLED,Проверить наличие,2024-12-13,2995572986024814
2030016985258,2024-12-23 04:12:27,МиХаиЛ ОРлов,+7 9996 40 66,2,иГРУшКА мяЧ,2,541.1,58.9,CAncellED,Всё отлично!,2024-12-01,0246518673824927
2030016985258,2024-12-23 04:12:27,МиХаиЛ ОРлов,+7 9996 40 66,5,молОкО,1,2572.75,427.25,CANCELLED,Всё отлично!,2024-12-01,0246518673824927
2030016985258,2024-12-23 04:12:27,МиХаиЛ ОРлов,+7 9996 40 66,4,пОдПисКА нА гАзеТу,5,2785.14,214.86,CaNcElLed,Всё отлично!,2024-12-01,0246518673824927
2030016985258,2024-12-23 04:12:27,МиХаиЛ ОРлов,+7 9996 40 66,1,коРм дЛя сОБак,3,1230.53,269.47,caNcEllEd,Всё отлично!,2024-12-01,0246518673824927
2030016984566,06.12.2024 18:19,натАЛьЯ вАсИльевА,+7(9182)98-60,2,ИгРУШКА мяЧ,2,597.62,2.38,pRoCEssiNG,подарок вовремя,27.12.2024,7867171685164532
2030016984566,06.12.2024 18:19,натАЛьЯ вАсИльевА,+7(9182)98-60,1,КоРМ для СОбАк,4,1792.23,207.77,PROCesSinG,подарок вовремя,27.12.2024,7867171685164532
2030016984566,06.12.2024 18:19,натАЛьЯ вАсИльевА,+7(9182)98-60,5,МОлоКО,2,5471.16,528.84,pROcESSINg,подарок вовремя,27.12.2024,7867171685164532
2030016983637,2024-12-14 17:23:47,нАтАЛья вАсИЛЬеВА,+7(9651)60-70,4,ПОдпИСкА нА гаЗетУ,4,2018.45,381.55,caNcelled,Проверить наличие,2024/12/13,8716758349622969
2030016982949,13.12.2024 18:37,мАрИя ПетРоВА,8(9966) 67-29,5,МоЛокО,5,14113.02,886.98,coMpLETeD,Нужно уточнить сроки,02.12.2024,3127239858958376
2030016982949,13.12.2024 18:37,мАрИя ПетРоВА,8(9966) 67-29,3,аМУНИцИя ДлЯ СОБАК,1,1042.53,157.47,ComPlETed,Нужно уточнить сроки,02.12.2024,3127239858958376
2030016982949,13.12.2024 18:37,мАрИя ПетРоВА,8(9966) 67-29,3,амУНИЦИя ДлЯ собАк,2,2127.18,272.82,ComPleTEd,Нужно уточнить сроки,02.12.2024,3127239858958376
2030016981536,2024/12/27 13:37:43,НАтальЯ вАСиЛьЕвА,8(9623) 16-01,4,ПОдписка на газЕТу,1,589.33,10.67,prOcEsSiNg,Ждём с нетерпением!,2024/12/11,1498183201926037
2030016981536,2024/12/27 13:37:43,НАтальЯ вАСиЛьЕвА,8(9623) 16-01,4,пОДписКА На газеТУ,5,2966.29,33.71,ProCesSiNg,Ждём с нетерпением!,2024/12/11,1498183201926037
2030016981536,2024/12/27 13:37:43,НАтальЯ вАСиЛьЕвА,8(9623) 16-01,4,ПодпиСКа На гАЗеТу,3,1653.69,146.31,PRoCESsING,Ждём с нетерпением!,2024/12/11,1498183201926037
2030016980517,03.12.2024 01:41,ИВаН ивАнОв,+7 9233 46 99,2,ИгРушКА мяЧ,2,538.97,61.03,CanCeLlEd,Нужно уточнить сроки,2024/12/13,1915404953803701
2030016980517,03.12.2024 01:41,ИВаН ивАнОв,+7 9233 46 99,1,КОРМ ДЛЯ СобАК,2,980.94,19.06,CaNCELLed,Нужно уточнить сроки,2024/12/13,1915404953803701
2030016980517,03.12.2024 01:41,ИВаН ивАнОв,+7 9233 46 99,1,коРм ДлЯ СобаК,1,410.54,89.46,CAnCELlEd,Нужно уточнить сроки,2024/12/13,1915404953803701
2030016980517,03.12.2024 01:41,ИВаН ивАнОв,+7 9233 46 99,5,МолоКО,4,10454.01,1545.99,CAnCElled,Нужно уточнить сроки,2024/12/13,1915404953803701
2030016979376,16.12.2024 19:02,дМИТрИЙ кУзнецОВ,+7 9007 82 63,5,моЛоко,1,2778.43,221.57,canceLlEd,подарок вовремя,26.12.2024,5359760016116818
2030016979376,16.12.2024 19:02,дМИТрИЙ кУзнецОВ,+7 9007 82 63,1,КОрм для СОБАК,2,895.98,104.02,CaNceLLed,подарок вовремя,26.12.2024,5359760016116818
2030016979376,16.12.2024 19:02,дМИТрИЙ кУзнецОВ,+7 9007 82 63,5,молОКо,5,14415.44,584.56,CancELlEd,подарок вовремя,26.12.2024,5359760016116818
2030016978146,08.12.2024 16:17,ЕленА НоВИКовА,+7 9142 80 85,2,игРУШка МяЧ,5,1475.27,24.73,pROcESsInG,Всё отлично!,2024-12-14,9958776474963376
2030016978146,08.12.2024 16:17,ЕленА НоВИКовА,+7 9142 80 85,5,МоЛоко,1,2614.0,386.0,proCeSsiNg,Всё отлично!,2024-12-14,9958776474963376
2030016978146,08.12.2024 16:17,ЕленА НоВИКовА,+7 9142 80 85,5,МОЛоКо,2,5266.2,733.8,prOCEssING,Всё отлично!,2024-12-14,9958776474963376
2030016978146,08.12.2024 16:17,ЕленА НоВИКовА,+7 9142 80 85,4,ПОдпиСКа на ГаЗЕТУ,4,2397.18,2.82,PROCEsSiNG,Всё отлично!,2024-12-14,9958776474963376
2030016978146,08.12.2024 16:17,ЕленА НоВИКовА,+7 9142 80 85,3,АМуниция Для сОбак,4,4509.27,290.73,PROcESSiNg,Всё отлично!,2024-12-14,9958776474963376
2030016977118,2024/12/03 01:40:17,еЛЕнА нОВИковА,+7(9435)15-81,3,АМУНиЦИЯ ДЛЯ собАК,5,5835.72,164.28,proCeSSinG,подарок вовремя,2024-12-28,2542595307801955
2030016976901,2024-12-25 04:21:32,АЛеКСЕЙ михАйЛОв,8(9444) 96-26,5,мОлокО,2,5360.28,639.72,caNCELLed,Проверить наличие,2024/12/13,0441378055450583
2030016976901,2024-12-25 04:21:32,АЛеКСЕЙ михАйЛОв,8(9444) 96-26,2,ИгРушкА мЯЧ,5,1367.86,132.14,CanCELLeD,Проверить наличие,2024/12/13,0441378055450583
2030016975941,27.12.2024 03:51,иВАн иванОВ,+7(9005)55-94,3,АмуНиЦия ДЛя СОБАК,5,4812.61,1187.39,ComPLeTEd,подарок вовремя,2024/12/16,9859271357687879
2030016975941,27.12.2024 03:51,иВАн иванОВ,+7(9005)55-94,5,молОКО,5,13975.51,1024.49,CoMpleTED,подарок вовремя,2024/12/16,9859271357687879
2030016975941,27.12.2024 03:51,иВАн иванОВ,+7(9005)55-94,1,кОРм длЯ СОбаК,3,1432.48,67.52,cOMplETeD,подарок вовремя,2024/12/16,9859271357687879
2030016974867,2024/12/21 09:14:53,ИВан ИВанов,+7(9069)78-02,1,КОРм длЯ соБак,5,2483.0,17.0,ProCessiNg,"Задержка с доставкой, печалька...",23.12.2024,3841940039124050
2030016973333,2024/12/01 15:03:36,АЛЕКсЕй мИхАЙЛоВ,+7 9019 53 00,4,ПОдПИсКА на ГАзеТу,4,2347.96,52.04,caNcelLed,Всё отлично!,28.12.2024,9187175351974097
2030016973333,2024/12/01 15:03:36,АЛЕКсЕй мИхАЙЛоВ,+7 9019 53 00,4,ПоДПИСка На ГазЕтУ,3,1778.94,21.06,cAncelLeD,Всё отлично!,28.12.2024,9187175351974097
2030016973333,2024/12/01 15:03:36,АЛЕКсЕй мИхАЙЛоВ,+7 9019 53 00,1,КОрМ дЛя СоБАК,2,917.07,82.93,caNCELleD,Всё отлично!,28.12.2024,9187175351974097
2030016973333,2024/12/01 15:03:36,АЛЕКсЕй мИхАЙЛоВ,+7 9019 53 00,5,молОкО,5,13117.19,1882.81,CANcelLeD,Всё отлично!,28.12.2024,9187175351974097
2030016973333,2024/12/01 15:03:36,АЛЕКсЕй мИхАЙЛоВ,+7 9019 53 00,5,моЛОко,5,12886.25,2113.75,CANcelLEd,Всё отлично!,28.12.2024,9187175351974097
2030016972956,03.12.2024 05:36,анна СмИрНоВА,+7 9523 16 16,3,амуНИЦиЯ дЛЯ собАК,2,2163.1,236.9,coMpLeTed,Ждём с нетерпением!,13.12.2024,1728242128226654
2030016971128,15.12.2024 23:00,мИХАиЛ оРЛОв,+7 9122 68 34,3,амуНИЦИЯ ДЛЯ соБАк,2,2067.15,332.85,pROCEsSinG,Ждём с нетерпением!,2024-12-22,3485663304478190
2030016971128,15.12.2024 23:00,мИХАиЛ оРЛОв,+7 9122 68 34,3,аМУнИцИя дЛЯ сОбАК,2,2139.4,260.6,pRocesSiNg,Ждём с нетерпением!,2024-12-22,3485663304478190
2030016971128,15.12.2024 23:00,мИХАиЛ оРЛОв,+7 9122 68 34,3,аМуницИя для СОбак,3,3474.38,125.62,PRocEsSING,Ждём с нетерпением!,2024-12-22,3485663304478190
2030016971128,15.12.2024 23:00,мИХАиЛ оРЛОв,+7 9122 68 34,3,АМУнИция для сОБаК,3,3051.7,548.3,pRocessInG,Ждём с нетерпением!,2024-12-22,3485663304478190
2030016971128,15.12.2024 23:00,мИХАиЛ оРЛОв,+7 9122 68 34,3,аМуницИЯ дЛЯ СОбАк,4,4424.21,375.79,proceSsInG,Ждём с нетерпением!,2024-12-22,3485663304478190
2030016970854,11.12.2024 07:57,ОлЬГА КУзнецОВа,+7(9571)48-75,2,иГруШКА мяЧ,5,1242.91,257.09,CANceLled,Всё отлично!,2024/12/22,3104333837970779
2030016969289,2024-12-15 07:47:16,ЕлЕНА НоВИкОвА,8(9926) 53-47,2,ИгруШка МЯЧ,2,584.35,15.65,COmPLetEd,Всё отлично!,2024-12-14,5565773273635149
2030016969289,2024-12-15 07:47:16,ЕлЕНА НоВИкОвА,8(9926) 53-47,4,поДПИсКа на гаЗеТУ,1,519.44,80.56,compLeteD,Всё отлично!,2024-12-14,5565773273635149
2030016969289,2024-12-15 07:47:16,ЕлЕНА НоВИкОвА,8(9926) 53-47,4,пОдПиска НА гАЗЕТУ,5,2401.65,598.35,COmPLeTeD,Всё отлично!,2024-12-14,5565773273635149
2030016969289,2024-12-15 07:47:16,ЕлЕНА НоВИкОвА,8(9926) 53-47,4,ПОДПиска на гАзеТу,4,2277.71,122.29,cOmPletED,Всё отлично!,2024-12-14,5565773273635149
2030016968578,2024-12-14 10:42:09,ИваН иВАнОв,+7 9215 89 66,3,АмуНиЦИЯ дЛя СоБАк,5,5385.94,614.06,procEsSing,спасибо за заказ,21.12.2024,4963596885608730
2030016968578,2024-12-14 10:42:09,ИваН иВАнОв,+7 9215 89 66,5,МОЛОКо,4,10937.02,1062.98,pRoCEsSInG,спасибо за заказ,21.12.2024,4963596885608730
2030016967224,31.12.2024 06:16,ЕлЕна новИКОва,8(9184) 09-49,4,поДПиСКа НА ГАзЕТУ,5,2522.92,477.08,canCElleD,спасибо за заказ,09.12.2024,2889878904189633
2030016967224,31.12.2024 06:16,ЕлЕна новИКОва,8(9184) 09-49,3,амУниЦиЯ Для СоБАк,5,5883.76,116.24,CAnCelleD,спасибо за заказ,09.12.2024,2889878904189633
2030016966479,2024-12-30 11:04:07,ИвАН иВанОВ,8(9392) 10-98,3,АМУниЦИя Для сОбак,3,3116.14,483.86,COmPLETeD,Нужно уточнить сроки,24.12.2024,0426143737073345
2030016966479,2024-12-30 11:04:07,ИвАН иВанОВ,8(9392) 10-98,2,ИГрушКа мяЧ,3,828.28,71.72,COmplETED,Нужно уточнить сроки,24.12.2024,0426143737073345
2030016965115,2024-12-22 19:26:01,сЕрГей СиДОрОВ,+7(9288)68-29,1,корм ДЛЯ СобАк,3,1378.89,121.11,PROCeSSing,"Задержка с доставкой, печалька...",2024-12-12,3061713021582449
2030016965115,2024-12-22 19:26:01,сЕрГей СиДОрОВ,+7(9288)68-29,5,МолОКо,5,13667.71,1332.29,PrOCeSsiNg,"Задержка с доставкой, печалька...",2024-12-12,3061713021582449
2030016965115,2024-12-22 19:26:01,сЕрГей СиДОрОВ,+7(9288)68-29,5,МолОКо,3,8466.01,533.99,pROCEsSINg,"Задержка с доставкой, печалька...",2024-12-12,3061713021582449
2030016965115,2024-12-22 19:26:01,сЕрГей СиДОрОВ,+7(9288)68-29,2,иГруШкА мЯч,4,990.11,209.89,ProceSSInG,"Задержка с доставкой, печалька...",2024-12-12,3061713021582449
2030016964423,2024-12-18 14:31:25,АннА смиРнОва,8(9023) 26-71,2,иГрУшкА МяЧ,1,299.3,0.7,caNcELleD,Ждём с нетерпением!,25.12.2024,1178346850443727
2030016963920,2024/12/02 02:36:40,иваН ИВАНоВ,+7 9687 57 48,4,пОДПиСКА на ГАЗетУ,4,2087.3,312.7,CANCeLleD,Проверить наличие,2024-12-22,6920934658384240
2030016963920,2024/12/02 02:36:40,иваН ИВАНоВ,+7 9687 57 48,3,амУниЦия дЛЯ СобаК,2,2144.41,255.59,canCelled,Проверить наличие,2024-12-22,6920934658384240
2030016963920,2024/12/02 02:36:40,иваН ИВАНоВ,+7 9687 57 48,5,моЛОКо,5,14166.01,833.99,cANcelLEd,Проверить наличие,2024-12-22,6920934658384240
2030016963920,2024/12/02 02:36:40,иваН ИВАНоВ,+7 9687 57 48,3,АМУНИцИя дЛЯ Собак,1,1036.0,164.0,CancELLeD,Проверить наличие,2024-12-22,6920934658384240
2030016962513,2024-12-05 12:00:25,СеРгей СИДОроВ,+7(9250)25-10,5,МоЛОко,2,5020.71,979.29,pROCeSSInG,Нужно уточнить сроки,18.12.2024,5799746833314117
2030016962513,2024-12-05 12:00:25,СеРгей СИДОроВ,+7(9250)25-10,3,аМУнИЦИЯ дЛя собАК,1,1115.0,85.0,prOcesSiNG,Нужно уточнить сроки,18.12.2024,5799746833314117
2030016962513,2024-12-05 12:00:25,СеРгей СИДОроВ,+7(9250)25-10,4,ПодпИсКА На газЕту,5,2687.88,312.12,ProCEssInG,Нужно уточнить сроки,18.12.2024,5799746833314117
2030016962513,2024-12-05 12:00:25,СеРгей СИДОроВ,+7(9250)25-10,1,корм Для СоБаК,1,496.76,3.24,pROCessinG,Нужно уточнить сроки,18.12.2024,5799746833314117
2030016961661,2024-12-02 09:13:23,АЛекСЕй мИхАйлоВ,+7 9319 55 26,1,КоРм ДЛЯ сОБАк,1,485.45,14.55,comPLeteD,спасибо за заказ,21.12.2024,1636600677365246
2030016961661,2024-12-02 09:13:23,АЛекСЕй мИхАйлоВ,+7 9319 55 26,1,КоРм дЛЯ СобаК,5,2472.0,28.0,CoMPlEted,спасибо за заказ,21.12.2024,1636600677365246
2030016961661,2024-12-02 09:13:23,АЛекСЕй мИхАйлоВ,+7 9319 55 26,4,поДпиСКА на газету,1,480.63,119.37,comPletEd,спасибо за заказ,21.12.2024,1636600677365246
2030016960615,2024-12-25 17:05:25,ольга кузнецОвА,+7 9431 17 43,1,КОрМ ДлЯ сОБАк,2,961.2,38.8,procESSinG,Проверить наличие,2024-12-31,5912698069645660
2030016960615,2024-12-25 17:05:25,ольга кузнецОвА,+7 9431 17 43,2,иГруШка мЯч,4,1156.12,43.88,pROcESSiNg,Проверить наличие,2024-12-31,5912698069645660
2030016960615,2024-12-25 17:05:25,ольга кузнецОвА,+7 9431 17 43,4,ПоДПискА на гАзету,4,1944.54,455.46,proCesSInG,Проверить наличие,2024-12-31,5912698069645660
2030016960615,2024-12-25 17:05:25,ольга кузнецОвА,+7 9431 17 43,5,мОЛоКо,1,2894.96,105.04,PROcesSiNG,Проверить наличие,2024-12-31,5912698069645660
2030016959707,26.12.2024 05:12,ИВан иВАНоВ,8(9826) 84-39,5,моЛОКО,5,12441.89,2558.11,caNcelLed,Нужно уточнить сроки,2024-12-17,9040029637881746
2030016959707,26.12.2024 05:12,ИВан иВАНоВ,8(9826) 84-39,3,аМУнИцИя дЛя СоБАк,3,3138.37,461.63,CAncELLed,Нужно уточнить сроки,2024-12-17,9040029637881746
2030016959707,26.12.2024 05:12,ИВан иВАНоВ,8(9826) 84-39,4,ПодПисКА нА газЕтУ,5,2803.56,196.44,CANceLled,Нужно уточнить сроки,2024-12-17,9040029637881746
2030016959707,26.12.2024 05:12,ИВан иВАНоВ,8(9826) 84-39,4,ПодПискА На ГАЗеТу,1,531.95,68.05,CANcEllED,Нужно уточнить сроки,2024-12-17,9040029637881746
2030016958499,23.12.2024 05:52,МИХаиЛ орЛОв,+7 9182 06 02,4,пОДпИсКа На ГАзеТУ,5,2456.73,543.27,cancElleD,подарок вовремя,2024-12-01,4817207673488824
2030016958499,23.12.2024 05:52,МИХаиЛ орЛОв,+7 9182 06 02,4,подПиСкА нА газЕту,4,2069.06,330.94,caNCeLLed,подарок вовремя,2024-12-01,4817207673488824
2030016958499,23.12.2024 05:52,МИХаиЛ орЛОв,+7 9182 06 02,2,игрушКА мяч,2,590.7,9.3,caNcELleD,подарок вовремя,2024-12-01,4817207673488824
2030016957567,06.12.2024 03:08,мИХаиЛ оРЛОВ,+7 9931 55 16,2,игрУШка мяч,2,593.33,6.67,PRocessing,спасибо за заказ,2024/12/28,9225782862391828
2030016957567,06.12.2024 03:08,мИХаиЛ оРЛОВ,+7 9931 55 16,3,аМУНИцИЯ для сОбаК,2,2088.01,311.99,pROcEssINg,спасибо за заказ,2024/12/28,9225782862391828
2030016957567,06.12.2024 03:08,мИХаиЛ оРЛОВ,+7 9931 55 16,2,ИГрушка Мяч,1,245.39,54.61,PrOceSSING,спасибо за заказ,2024/12/28,9225782862391828
2030016957567,06.12.2024 03:08,мИХаиЛ оРЛОВ,+7 9931 55 16,5,мОлоКО,4,10321.03,1678.97,PROCESsIng,спасибо за заказ,2024/12/28,9225782862391828
2030016956565,2024/12/15 10:04:19,нАТАлЬЯ вАСИЛьЕва,8(9121) 01-03,4,поДписКА на гаЗеТУ,2,1002.86,197.14,CoMPLetEd,Нужно уточнить сроки,2024-12-27,2933948906076355
2030016956565,2024/12/15 10:04:19,нАТАлЬЯ вАСИЛьЕва,8(9121) 01-03,2,игРушка МЯЧ,3,766.58,133.42,cOMpleTeD,Нужно уточнить сроки,2024-12-27,2933948906076355
2030016956565,2024/12/15 10:04:19,нАТАлЬЯ вАСИЛьЕва,8(9121) 01-03,3,аМуНиЦия ДлЯ сОбАк,4,4035.46,764.54,cOmPLeteD,Нужно уточнить сроки,2024-12-27,2933948906076355
2030016956565,2024/12/15 10:04:19,нАТАлЬЯ вАСИЛьЕва,8(9121) 01-03,4,поДПиСкА нА Газету,3,1728.69,71.31,coMPLeted,Нужно уточнить сроки,2024-12-27,2933948906076355
2030016955865,2024-12-21 05:41:49,Мария ПЕТРОва,8(9979) 85-46,4,ПоДпиСка На ГАЗету,4,2126.94,273.06,COMPLeTEd,Ждём с нетерпением!,28.12.2024,1895867386077913
2030016955865,2024-12-21 05:41:49,Мария ПЕТРОва,8(9979) 85-46,3,АМуницИя Для сОБАК,1,1179.08,20.92,COmpleTeD,Ждём с нетерпением!,28.12.2024,1895867386077913
2030016955865,2024-12-21 05:41:49,Мария ПЕТРОва,8(9979) 85-46,3,АМуНИцИЯ для СобАк,1,1018.03,181.97,cOmPLETED,Ждём с нетерпением!,28.12.2024,1895867386077913
2030016955865,2024-12-21 05:41:49,Мария ПЕТРОва,8(9979) 85-46,2,игруШкА МЯч,4,997.0,203.0,comPLeted,Ждём с нетерпением!,28.12.2024,1895867386077913
2030016954666,06.12.2024 05:56,аЛеКСЕй МихАЙлоВ,+7(9542)20-48,3,амУНиЦИя дЛя сОБаК,1,1108.72,91.28,CaNcElLeD,Ждём с нетерпением!,2024/12/05,1672074205272271
2030016954666,06.12.2024 05:56,аЛеКСЕй МихАЙлоВ,+7(9542)20-48,1,КОРм ДЛя сОБак,3,1253.23,246.77,CaNCElleD,Ждём с нетерпением!,2024/12/05,1672074205272271
2030016954666,06.12.2024 05:56,аЛеКСЕй МихАЙлоВ,+7(9542)20-48,5,мОлОКо,3,8780.54,219.46,cancELLED,Ждём с нетерпением!,2024/12/05,1672074205272271
2030016954666,06.12.2024 05:56,аЛеКСЕй МихАЙлоВ,+7(9542)20-48,2,ИГрушкА мяч,5,1297.06,202.94,caNcELleD,Ждём с нетерпением!,2024/12/05,1672074205272271
2030016953497,27.12.2024 05:22,михАил оРлОВ,8(9657) 99-55,4,пОдПИсКА На ГазЕтУ,4,2315.16,84.84,cOmPLEtEd,подарок вовремя,2024/12/25,2237897825081261
2030016953497,27.12.2024 05:22,михАил оРлОВ,8(9657) 99-55,4,поДпИСКА На газЕтУ,5,2754.99,245.01,coMpleTED,подарок вовремя,2024/12/25,2237897825081261
2030016953497,27.12.2024 05:22,михАил оРлОВ,8(9657) 99-55,1,кОРМ для СобАк,2,902.95,97.05,ComPleted,подарок вовремя,2024/12/25,2237897825081261
2030016952492,2024-12-13 03:03:55,НАТаЛЬя ВАСИЛЬеВа,8(9915) 17-27,2,игрУшКА Мяч,1,264.8,35.2,PrOcessING,Ждём с нетерпением!,2024/12/24,7292411304096070
2030016952492,2024-12-13 03:03:55,НАТаЛЬя ВАСИЛЬеВа,8(9915) 17-27,4,ПодПисКа На ГАзЕТУ,2,1054.99,145.01,PRocesSing,Ждём с нетерпением!,2024/12/24,7292411304096070
2030016952492,2024-12-13 03:03:55,НАТаЛЬя ВАСИЛЬеВа,8(9915) 17-27,2,игрушКА мЯЧ,2,570.68,29.32,PROCEsSINg,Ждём с нетерпением!,2024/12/24,7292411304096070
2030016952492,2024-12-13 03:03:55,НАТаЛЬя ВАСИЛЬеВа,8(9915) 17-27,4,поДпИска нА ГАЗеТу,5,2420.84,579.16,PROCessInG,Ждём с нетерпением!,2024/12/24,7292411304096070
2030016952492,2024-12-13 03:03:55,НАТаЛЬя ВАСИЛЬеВа,8(9915) 17-27,2,игрУШка мяЧ,2,546.69,53.31,pRocEssINg,Ждём с нетерпением!,2024/12/24,7292411304096070
2030016951294,2024-12-25 06:21:55,ИВаН Иванов,8(9203) 02-64,4,ПодПиСка На ГаЗеТУ,4,2203.15,196.85,prOCEssinG,Всё отлично!,2024-12-04,1238060214890316
2030016951294,2024-12-25 06:21:55,ИВаН Иванов,8(9203) 02-64,1,кОРМ дЛя соБАК,5,2032.43,467.57,prOCEsSIng,Всё отлично!,2024-12-04,1238060214890316
2030016951294,2024-12-25 06:21:55,ИВаН Иванов,8(9203) 02-64,1,КорМ Для сОбак,1,448.1,51.9,PROCESSInG,Всё отлично!,2024-12-04,1238060214890316
2030016951294,2024-12-25 06:21:55,ИВаН Иванов,8(9203) 02-64,5,МоЛоКО,2,5986.0,14.0,prOCESsing,Всё отлично!,2024-12-04,1238060214890316
2030016951294,2024-12-25 06:21:55,ИВаН Иванов,8(9203) 02-64,3,аМуниЦия ДЛЯ СобАК,3,3071.48,528.52,PRocEsSING,Всё отлично!,2024-12-04,1238060214890316
2030016950789,21.12.2024 05:49,Елена новикоВа,+7(9841)14-25,5,мОЛоКо,5,13933.98,1066.02,pROcEsSIng,Нужно уточнить сроки,23.12.2024,3181411585504122
2030016950789,21.12.2024 05:49,Елена новикоВа,+7(9841)14-25,3,аМуНиЦиЯ дЛя СобаК,4,4260.49,539.51,pRocESsing,Нужно уточнить сроки,23.12.2024,3181411585504122
2030016949508,28.12.2024 09:55,СеРгей сИДОров,8(9286) 42-48,2,ИгРУшКа мЯЧ,5,1291.35,208.65,CANcELlED,подарок вовремя,2024/12/18,5060826220860881
2030016948669,2024-12-11 16:28:04,ОльГа КузНЕЦоВА,+7 9536 29 17,1,КоРм для Собак,1,412.37,87.63,PRocesSing,спасибо за заказ,20.12.2024,5829420716060456
2030016948669,2024-12-11 16:28:04,ОльГа КузНЕЦоВА,+7 9536 29 17,1,кОРМ длЯ сОБаК,4,1640.59,359.41,pROceSSiNg,спасибо за заказ,20.12.2024,5829420716060456
2030016948669,2024-12-11 16:28:04,ОльГа КузНЕЦоВА,+7 9536 29 17,4,подпискА на ГазЕту,3,1450.36,349.64,proCESSING,спасибо за заказ,20.12.2024,5829420716060456
2030016947302,2024-12-10 23:03:10,ДмитрИЙ кузнЕцов,+7(9365)98-95,5,мОлОКо,3,7520.9,1479.1,coMPleteD,спасибо за заказ,28.12.2024,9064119170300528
2030016947302,2024-12-10 23:03:10,ДмитрИЙ кузнЕцов,+7(9365)98-95,1,КОРм ДЛЯ СобАк,1,442.31,57.69,coMpLeTeD,спасибо за заказ,28.12.2024,9064119170300528
2030016946436,2024/12/14 22:57:58,МИхАил оРлов,+7 9298 13 61,3,аМУниЦиЯ ДЛя СОбАк,1,979.47,220.53,cAncELlED,подарок вовремя,01.12.2024,3280473474728086
2030016946436,2024/12/14 22:57:58,МИхАил оРлов,+7 9298 13 61,3,АмУНиЦия ДлЯ соБак,5,5854.29,145.71,CAnCElLEd,подарок вовремя,01.12.2024,3280473474728086
2030016946436,2024/12/14 22:57:58,МИхАил оРлов,+7 9298 13 61,2,игрУшкА МяЧ,3,877.37,22.63,cANcELlEd,подарок вовремя,01.12.2024,3280473474728086
2030016946436,2024/12/14 22:57:58,МИхАил оРлов,+7 9298 13 61,5,молОкО,5,12575.7,2424.3,CANCelled,подарок вовремя,01.12.2024,3280473474728086
2030016946436,2024/12/14 22:57:58,МИхАил оРлов,+7 9298 13 61,5,мОлоКО,2,4882.55,1117.45,CAncElLeD,подарок вовремя,01.12.2024,3280473474728086
2030016945775,30.12.2024 05:36,НатАлЬЯ ваСилЬеВА,+7 9471 74 02,2,игРУшка МЯч,4,1152.31,47.69,PROCEssINg,Всё отлично!,2024/12/31,5900498161818323
2030016945775,30.12.2024 05:36,НатАлЬЯ ваСилЬеВА,+7 9471 74 02,1,кОРм дЛЯ соБАк,3,1430.92,69.08,PRocEssInG,Всё отлично!,2024/12/31,5900498161818323
2030016945775,30.12.2024 05:36,НатАлЬЯ ваСилЬеВА,+7 9471 74 02,1,коРм дЛЯ СОбак,1,499.6,0.4,procESSInG,Всё отлично!,2024/12/31,5900498161818323
2030016944772,08.12.2024 21:38,НатаЛЬя ВасильеВА,8(9766) 04-82,2,игРУшКа МЯч,1,274.6,25.4,CaNcelLeD,"Задержка с доставкой, печалька...",10.12.2024,6969434079449443
2030016944772,08.12.2024 21:38,НатаЛЬя ВасильеВА,8(9766) 04-82,5,мОЛОко,1,2736.47,263.53,CanCellED,"Задержка с доставкой, печалька...",10.12.2024,6969434079449443
2030016943812,2024/12/18 19:17:28,ИВАн иВаноВ,8(9931) 26-48,4,ПОДПИСка на ГаЗеТу,4,2015.88,384.12,cOMPLETED,подарок вовремя,2024/12/09,7114566225633958
2030016943812,2024/12/18 19:17:28,ИВАн иВаноВ,8(9931) 26-48,2,ИгруШКа мяч,5,1361.33,138.67,COMPLeted,подарок вовремя,2024/12/09,7114566225633958
2030016943812,2024/12/18 19:17:28,ИВАн иВаноВ,8(9931) 26-48,2,игРУшка мяч,4,1058.8,141.2,comPlEteD,подарок вовремя,2024/12/09,7114566225633958
2030016943812,2024/12/18 19:17:28,ИВАн иВаноВ,8(9931) 26-48,5,МолОКО,3,8947.62,52.38,CoMpLEteD,подарок вовремя,2024/12/09,7114566225633958
2030016943812,2024/12/18 19:17:28,ИВАн иВаноВ,8(9931) 26-48,5,МолОкО,1,2519.76,480.24,COMpLeTED,подарок вовремя,2024/12/09,7114566225633958
2030016942684,2024/12/06 10:37:29,алеКСЕй миХайЛОВ,8(9347) 22-09,2,иГруШкА мяЧ,5,1250.84,249.16,PRoCEssiNg,Проверить наличие,2024-12-27,0293615712486889
2030016942684,2024/12/06 10:37:29,алеКСЕй миХайЛОВ,8(9347) 22-09,2,ИГРуШка МяЧ,4,1180.99,19.01,proCessInG,Проверить наличие,2024-12-27,0293615712486889
2030016942684,2024/12/06 10:37:29,алеКСЕй миХайЛОВ,8(9347) 22-09,3,аМУНИЦИя ДЛя СОбак,3,3260.15,339.85,PRoCeSsINg,Проверить наличие,2024-12-27,0293615712486889
2030016942684,2024/12/06 10:37:29,алеКСЕй миХайЛОВ,8(9347) 22-09,3,АмУниЦия Для СОБаК,3,2882.65,717.35,PrOcESsING,Проверить наличие,2024-12-27,0293615712486889
2030016942684,2024/12/06 10:37:29,алеКСЕй миХайЛОВ,8(9347) 22-09,3,АмунИцИя дЛя СОбАК,5,5056.32,943.68,prOCesSiNG,Проверить наличие,2024-12-27,0293615712486889
2030016941374,2024-12-12 18:05:30,НАТАлья вАСиЛЬеВА,+7(9969)16-03,4,поДПИсКа нА ГазЕТу,5,2970.71,29.29,CanCElLeD,Проверить наличие,2024-12-24,8581148247737263
2030016941374,2024-12-12 18:05:30,НАТАлья вАСиЛЬеВА,+7(9969)16-03,5,МоЛоКО,3,8040.08,959.92,caNceLLeD,Проверить наличие,2024-12-24,8581148247737263
2030016941374,2024-12-12 18:05:30,НАТАлья вАСиЛЬеВА,+7(9969)16-03,1,коРМ ДлЯ соБАк,4,1790.62,209.38,CaNcELLED,Проверить наличие,2024-12-24,8581148247737263
2030016941374,2024-12-12 18:05:30,НАТАлья вАСиЛЬеВА,+7(9969)16-03,4,пОДписка нА гаЗЕту,5,2714.85,285.15,CAncellED,Проверить наличие,2024-12-24,8581148247737263
2030016941374,2024-12-12 18:05:30,НАТАлья вАСиЛЬеВА,+7(9969)16-03,4,ПодПиСКа НА газеТУ,2,1177.12,22.88,CANCELlED,Проверить наличие,2024-12-24,8581148247737263
2030016940864,2024/12/06 19:43:04,АнНА сМИрноВа,+7 9206 48 06,4,ПодпИсКА На ГазЕТу,3,1455.21,344.79,ProCessINg,"Задержка с доставкой, печалька...",2024-12-20,6163287649624144
2030016940864,2024/12/06 19:43:04,АнНА сМИрноВа,+7 9206 48 06,5,моЛОкО,1,2802.72,197.28,ProcESsiNG,"Задержка с доставкой, печалька...",2024-12-20,6163287649624144
2030016940864,2024/12/06 19:43:04,АнНА сМИрноВа,+7 9206 48 06,4,поДПИсКа нА ГАзету,1,583.63,16.37,pRocEssing,"Задержка с доставкой, печалька...",2024-12-20,6163287649624144
2030016939239,2024-12-06 21:05:56,АнНА СМирнОВа,8(9192) 15-54,2,ИГРуШкА мяЧ,3,752.47,147.53,pROcesSIng,"Задержка с доставкой, печалька...",2024-12-06,5082761452684037
2030016939239,2024-12-06 21:05:56,АнНА СМирнОВа,8(9192) 15-54,4,поДПИСка нА Газету,3,1651.91,148.09,pRoCeSSing,"Задержка с доставкой, печалька...",2024-12-06,5082761452684037
2030016939239,2024-12-06 21:05:56,АнНА СМирнОВа,8(9192) 15-54,2,игРуШка МЯч,3,728.81,171.19,prOcESSING,"Задержка с доставкой, печалька...",2024-12-06,5082761452684037
2030016938257,2024/12/13 23:19:14,алЕкСеЙ МихАЙЛОв,+7(9140)94-28,1,корм дЛЯ сОбаК,1,467.94,32.06,CoMpletEd,Проверить наличие,22.12.2024,5193847130835824
2030016938257,2024/12/13 23:19:14,алЕкСеЙ МихАЙЛОв,+7(9140)94-28,2,ИгРУшкА мяч,3,788.82,111.18,CompLETEd,Проверить наличие,22.12.2024,5193847130835824
2030016937726,2024/12/17 21:58:55,ДМиТрИй кУЗНеЦОв,+7(9619)83-53,5,МОЛОкО,3,8889.74,110.26,coMPlETeD,"Задержка с доставкой, печалька...",18.12.2024,8583468621353734
2030016937726,2024/12/17 21:58:55,ДМиТрИй кУЗНеЦОв,+7(9619)83-53,3,АмуНИцИЯ ДЛя СОбАк,1,1109.29,90.71,CoMplEteD,"Задержка с доставкой, печалька...",18.12.2024,8583468621353734
2030016937726,2024/12/17 21:58:55,ДМиТрИй кУЗНеЦОв,+7(9619)83-53,5,МОЛОКо,5,14869.71,130.29,COmpLeTED,"Задержка с доставкой, печалька...",18.12.2024,8583468621353734
2030016937726,2024/12/17 21:58:55,ДМиТрИй кУЗНеЦОв,+7(9619)83-53,2,игРУШКА Мяч,2,502.97,97.03,CompLETeD,"Задержка с доставкой, печалька...",18.12.2024,8583468621353734
2030016937726,2024/12/17 21:58:55,ДМиТрИй кУЗНеЦОв,+7(9619)83-53,4,подписКА нА ГазеТу,5,2780.96,219.04,coMPlEtED,"Задержка с доставкой, печалька...",18.12.2024,8583468621353734
2030016936419,2024-12-03 14:39:22,иван иВАноВ,+7 9607 32 63,1,КОрМ ДЛЯ сОБАк,4,1868.3,131.7,CaNCEllEd,Ждём с нетерпением!,2024-12-06,0208901687914066
2030016936419,2024-12-03 14:39:22,иван иВАноВ,+7 9607 32 63,4,поДПискА нА ГаЗеТу,1,490.9,109.1,CaNcELleD,Ждём с нетерпением!,2024-12-06,0208901687914066
2030016935115,2024-12-11 17:24:45,дМИТрИЙ КузНЕЦов,+7(9543)34-47,1,КОрм дЛЯ СОБаК,1,475.79,24.21,caNCelLEd,спасибо за заказ,2024/12/19,2258803416635959
2030016935115,2024-12-11 17:24:45,дМИТрИЙ КузНЕЦов,+7(9543)34-47,3,аМУнициЯ дЛЯ сОбаК,5,5007.57,992.43,CaNCELled,спасибо за заказ,2024/12/19,2258803416635959
2030016935115,2024-12-11 17:24:45,дМИТрИЙ КузНЕЦов,+7(9543)34-47,5,МоЛоКО,1,2410.49,589.51,caNcElLED,спасибо за заказ,2024/12/19,2258803416635959
2030016934993,26.12.2024 12:41,ДмиТриЙ кУзнеЦОВ,8(9927) 69-21,3,АМунИцИЯ Для СОБАк,1,1136.65,63.35,cANCellED,Ждём с нетерпением!,10.12.2024,9461142817641231
2030016934993,26.12.2024 12:41,ДмиТриЙ кУзнеЦОВ,8(9927) 69-21,4,ПодпИСкА на ГАзетУ,4,2107.1,292.9,CANcelleD,Ждём с нетерпением!,10.12.2024,9461142817641231
2030016934993,26.12.2024 12:41,ДмиТриЙ кУзнеЦОВ,8(9927) 69-21,1,кОрМ для СОБак,5,2101.08,398.92,canCELLEd,Ждём с нетерпением!,10.12.2024,9461142817641231
2030016933762,2024-12-27 00:45:32,ольГа кУЗНеЦоВа,+7 9752 20 50,3,аМуниЦиЯ длЯ собаК,2,2114.14,285.86,CancELLED,Нужно уточнить сроки,09.12.2024,9552965104054489
2030016933762,2024-12-27 00:45:32,ольГа кУЗНеЦоВа,+7 9752 20 50,2,ИгРУШКА МЯч,4,1018.72,181.28,cAnceLlED,Нужно уточнить сроки,09.12.2024,9552965104054489
2030016932732,08.12.2024 20:09,мАРия ПеТРовА,+7 9649 05 35,5,МоЛОКО,3,8922.37,77.63,coMpLeTED,Ждём с нетерпением!,26.12.2024,7709281510071498
2030016931359,2024-12-05 03:04:17,олЬга КУзнеЦоВА,8(9322) 52-23,5,моЛоко,3,8108.62,891.38,CoMpleTEd,подарок вовремя,2024-12-19,9097082659078885
2030016931359,2024-12-05 03:04:17,олЬга КУзнеЦоВА,8(9322) 52-23,5,МОЛОко,2,4975.02,1024.98,COMPLeTEd,подарок вовремя,2024-12-19,9097082659078885
2030016931359,2024-12-05 03:04:17,олЬга КУзнеЦоВА,8(9322) 52-23,1,КорМ для Собак,4,1615.27,384.73,cOMPLeTed,подарок вовремя,2024-12-19,9097082659078885
2030016930854,2024/12/19 10:34:31,АЛЕксЕЙ МиХАЙЛОв,+7 9707 94 58,5,МОлОкО,3,7559.39,1440.61,pRocESsING,спасибо за заказ,29.12.2024,2661525150496386
2030016930854,2024/12/19 10:34:31,АЛЕксЕЙ МиХАЙЛОв,+7 9707 94 58,4,ПОдПиСка На ГазЕТУ,1,596.87,3.13,pROceSSING,спасибо за заказ,29.12.2024,2661525150496386
2030016930854,2024/12/19 10:34:31,АЛЕксЕЙ МиХАЙЛОв,+7 9707 94 58,4,ПоДПИсКА На ГАЗеТу,3,1666.9,133.1,PROcesSING,спасибо за заказ,29.12.2024,2661525150496386
2030016930854,2024/12/19 10:34:31,АЛЕксЕЙ МиХАЙЛОв,+7 9707 94 58,5,мОлоКО,2,5777.3,222.7,ProCeSsING,спасибо за заказ,29.12.2024,2661525150496386
2030016930854,2024/12/19 10:34:31,АЛЕксЕЙ МиХАЙЛОв,+7 9707 94 58,1,коРМ Для СоБаК,1,426.35,73.65,procesSiNg,спасибо за заказ,29.12.2024,2661525150496386
2030016929404,14.12.2024 07:32,дмитРИй кУзНецОВ,8(9187) 66-51,1,кОРм дЛя СоБак,5,2393.88,106.12,canceLleD,спасибо за заказ,2024/12/17,7493109399208386
2030016929404,14.12.2024 07:32,дмитРИй кУзНецОВ,8(9187) 66-51,5,МОЛоко,4,10067.02,1932.98,caNcELLEd,спасибо за заказ,2024/12/17,7493109399208386
2030016929404,14.12.2024 07:32,дмитРИй кУзНецОВ,8(9187) 66-51,1,КОРМ дЛЯ сОБаК,3,1387.51,112.49,canCELlED,спасибо за заказ,2024/12/17,7493109399208386
2030016928562,2024-12-27 06:15:21,Михаил оРлОВ,8(9258) 43-22,1,КОрМ дЛя соБАК,1,499.28,0.72,CoMPlEteD,Ждём с нетерпением!,18.12.2024,6829880145153980
2030016927225,18.12.2024 11:40,сЕРгЕЙ сиДоРоВ,+7 9909 60 46,2,ИгРуШка мЯч,1,249.25,50.75,PRocessIng,спасибо за заказ,09.12.2024,3966487648773718
2030016927225,18.12.2024 11:40,сЕРгЕЙ сиДоРоВ,+7 9909 60 46,2,ИГрушКА мяч,5,1210.33,289.67,PrOCEsSIng,спасибо за заказ,09.12.2024,3966487648773718
2030016927225,18.12.2024 11:40,сЕРгЕЙ сиДоРоВ,+7 9909 60 46,3,амуниЦИя дЛЯ СобАк,3,3145.62,454.38,pRocEssiNg,спасибо за заказ,09.12.2024,3966487648773718
2030016927225,18.12.2024 11:40,сЕРгЕЙ сиДоРоВ,+7 9909 60 46,5,моЛОКо,2,5332.44,667.56,ProcEsSiNG,спасибо за заказ,09.12.2024,3966487648773718
2030016926342,2024-12-20 01:25:21,АЛеКСей мИхаЙлоВ,8(9357) 72-36,2,ИгРУШкА Мяч,2,548.13,51.87,PROcESSINg,Нужно уточнить сроки,31.12.2024,8743643061275658
2030016926342,2024-12-20 01:25:21,АЛеКСей мИхаЙлоВ,8(9357) 72-36,4,подПИСка На ГаЗетУ,4,2325.57,74.43,proceSsInG,Нужно уточнить сроки,31.12.2024,8743643061275658
2030016925696,2024/12/27 14:50:09,мИхАил ОрЛов,+7 9420 29 46,1,кОРм длЯ собАК,4,1890.88,109.12,PrOCESsInG,Всё отлично!,28.12.2024,6007872214599937
2030016925696,2024/12/27 14:50:09,мИхАил ОрЛов,+7 9420 29 46,2,ИгРУШка Мяч,1,247.73,52.27,PRoceSSing,Всё отлично!,28.12.2024,6007872214599937
2030016925696,2024/12/27 14:50:09,мИхАил ОрЛов,+7 9420 29 46,5,мОлОко,1,2601.33,398.67,PROceSSinG,Всё отлично!,28.12.2024,6007872214599937
2030016925696,2024/12/27 14:50:09,мИхАил ОрЛов,+7 9420 29 46,3,аМУниЦиЯ дЛЯ Собак,5,5220.29,779.71,PROceSSINg,Всё отлично!,28.12.2024,6007872214599937
2030016924514,2024-12-07 03:07:31,нАТаЛьЯ васИлЬЕВА,+7(9569)86-98,4,ПодпискА нА ГазЕТУ,1,543.48,56.52,PrOcESsINg,Ждём с нетерпением!,23.12.2024,9253223090361276
2030016924514,2024-12-07 03:07:31,нАТаЛьЯ васИлЬЕВА,+7(9569)86-98,4,поДПискА НА гАЗетУ,3,1793.16,6.84,PrOCessiNG,Ждём с нетерпением!,23.12.2024,9253223090361276
2030016923367,2024-12-15 11:42:57,АнНа СмИрнОва,+7(9081)17-33,4,ПоДПИсКА На ГАЗЕТУ,1,562.03,37.97,cancElleD,подарок вовремя,2024-12-02,9974488485849995
2030016922739,15.12.2024 08:55,сЕргЕй сидОРоВ,8(9372) 25-83,1,КоРм для СоБаК,1,472.77,27.23,prOcEssInG,спасибо за заказ,2024/12/17,9333413255653325
2030016922739,15.12.2024 08:55,сЕргЕй сидОРоВ,8(9372) 25-83,3,амунициЯ дЛя СОбАК,4,4533.8,266.2,pROCEssING,спасибо за заказ,2024/12/17,9333413255653325
2030016922739,15.12.2024 08:55,сЕргЕй сидОРоВ,8(9372) 25-83,1,кОРМ ДЛя сОБАк,1,452.74,47.26,PrOCeSsing,спасибо за заказ,2024/12/17,9333413255653325
2030016922739,15.12.2024 08:55,сЕргЕй сидОРоВ,8(9372) 25-83,1,КорМ для соБаК,2,977.17,22.83,PROCessiNG,спасибо за заказ,2024/12/17,9333413255653325
2030016921213,2024-12-16 23:17:04,нАТАлЬя вАСИЛьЕВА,+7 9826 48 57,5,мОЛОко,3,8044.57,955.43,PRocESSinG,подарок вовремя,13.12.2024,0502285368449834
2030016921213,2024-12-16 23:17:04,нАТАлЬя вАСИЛьЕВА,+7 9826 48 57,5,МоЛОКО,4,11954.24,45.76,PRoCEsSING,подарок вовремя,13.12.2024,0502285368449834
2030016921213,2024-12-16 23:17:04,нАТАлЬя вАСИЛьЕВА,+7 9826 48 57,2,ИГРУшКа МяЧ,1,249.17,50.83,PrOcESsINg,подарок вовремя,13.12.2024,0502285368449834
2030016920707,2024/12/14 09:11:28,ДмитрИЙ КУзнецоВ,+7 9595 45 15,4,подПИсКА НА ГаЗету,5,2714.34,285.66,CANCelLeD,"Задержка с доставкой, печалька...",04.12.2024,1281457993096237
2030016920707,2024/12/14 09:11:28,ДмитрИЙ КУзнецоВ,+7 9595 45 15,5,МоЛокО,1,2483.68,516.32,CanCElLED,"Задержка с доставкой, печалька...",04.12.2024,1281457993096237
2030016920707,2024/12/14 09:11:28,ДмитрИЙ КУзнецоВ,+7 9595 45 15,2,иГРУшКА мяч,3,846.27,53.73,caNcellED,"Задержка с доставкой, печалька...",04.12.2024,1281457993096237
2030016920707,2024/12/14 09:11:28,ДмитрИЙ КУзнецоВ,+7 9595 45 15,4,пОДПИсКА На гАЗЕту,1,587.95,12.05,CANCeLLED,"Задержка с доставкой, печалька...",04.12.2024,1281457993096237
2030016919143,2024-12-03 08:16:35,олЬГА кузНеЦова,+7 9518 73 81,5,МОЛОКО,2,5420.29,579.71,cOmpLetED,Всё отлично!,2024-12-01,0530861110873880
2030016919143,2024-12-03 08:16:35,олЬГА кузНеЦова,+7 9518 73 81,2,иГрушКА мяч,2,554.37,45.63,CompLEtEd,Всё отлично!,2024-12-01,0530861110873880
2030016919143,2024-12-03 08:16:35,олЬГА кузНеЦова,+7 9518 73 81,2,иГруШка мЯч,5,1468.62,31.38,cOmpLEteD,Всё отлично!,2024-12-01,0530861110873880
2030016918283,2024/12/07 18:46:40,оЛьгА КУЗНеЦОва,+7 9878 68 75,1,кОРМ для СОбАк,5,2233.6,266.4,prOCESsIng,Всё отлично!,29.12.2024,3539451486841131
2030016918283,2024/12/07 18:46:40,оЛьгА КУЗНеЦОва,+7 9878 68 75,2,ИгрУШкА МЯЧ,5,1360.75,139.25,processInG,Всё отлично!,29.12.2024,3539451486841131
2030016918283,2024/12/07 18:46:40,оЛьгА КУЗНеЦОва,+7 9878 68 75,4,поДПиСкА нА ГаЗетУ,5,2770.12,229.88,procEsSING,Всё отлично!,29.12.2024,3539451486841131
2030016918283,2024/12/07 18:46:40,оЛьгА КУЗНеЦОва,+7 9878 68 75,3,амуНИЦИя ДлЯ соБаК,4,4155.16,644.84,PRocESsinG,Всё отлично!,29.12.2024,3539451486841131
2030016917735,2024/12/05 13:27:25,аннА сМиРнова,8(9421) 47-01,4,ПОДПИскА НА гАзЕТу,3,1772.29,27.71,CanCElLeD,Нужно уточнить сроки,2024/12/29,9952612375915494
2030016917735,2024/12/05 13:27:25,аннА сМиРнова,8(9421) 47-01,4,подПИскА На ГаЗеТУ,2,971.56,228.44,CanceLlED,Нужно уточнить сроки,2024/12/29,9952612375915494
2030016917735,2024/12/05 13:27:25,аннА сМиРнова,8(9421) 47-01,3,амунИцИя дЛЯ собАК,1,1100.2,99.8,cancELlEd,Нужно уточнить сроки,2024/12/29,9952612375915494
2030016916874,2024-12-14 22:41:42,дМиТРИй КУЗНецоВ,+7 9971 64 50,5,мОЛОко,1,2473.87,526.13,cANcelled,"Задержка с доставкой, печалька...",2024-12-15,2842790441325039
2030016915300,28.12.2024 22:43,михаИл орлоВ,+7(9735)84-07,3,амУнИция дЛя соБак,4,4108.35,691.65,CAnCelleD,спасибо за заказ,2024/12/31,3183249426882667
2030016915300,28.12.2024 22:43,михаИл орлоВ,+7(9735)84-07,1,кОрм ДЛЯ СобаК,5,2159.27,340.73,cANceLlED,спасибо за заказ,2024/12/31,3183249426882667
2030016915300,28.12.2024 22:43,михаИл орлоВ,+7(9735)84-07,4,ПОДПиСКА нА ГазетУ,5,2507.58,492.42,canceLled,спасибо за заказ,2024/12/31,3183249426882667
2030016914639,2024-12-30 19:33:45,ЕЛЕнА ноВИкоВа,+7 9328 69 45,1,КорМ ДЛя собак,5,2319.01,180.99,caNcelleD,"Задержка с доставкой, печалька...",2024-12-12,3064454085132522
2030016913696,2024/12/25 09:37:58,ДмИтрий кУзНЕЦоВ,+7(9741)91-71,2,ИГрУшКа мЯч,1,250.09,49.91,cAncElleD,Проверить наличие,23.12.2024,4721134161564393
2030016912587,17.12.2024 20:25,ОльГА КУЗНеЦОВа,+7 9158 21 86,4,ПодПискА На ГазеТу,4,2050.25,349.75,pRocessInG,Всё отлично!,29.12.2024,5818068877404124
2030016912587,17.12.2024 20:25,ОльГА КУЗНеЦОВа,+7 9158 21 86,4,пОдпИска на газеТу,2,1066.55,133.45,ProCEssING,Всё отлично!,29.12.2024,5818068877404124
2030016911606,2024/12/17 00:18:12,АЛеКсеЙ МихАйЛов,+7(9079)05-85,2,ИгРУшка мяч,1,275.39,24.61,caNcElLEd,подарок вовремя,2024-12-10,4369223561454439
2030016911606,2024/12/17 00:18:12,АЛеКсеЙ МихАйЛов,+7(9079)05-85,2,игруШка МЯч,2,483.84,116.16,CancELleD,подарок вовремя,2024-12-10,4369223561454439
2030016911606,2024/12/17 00:18:12,АЛеКсеЙ МихАйЛов,+7(9079)05-85,1,КОрм ДЛЯ собАк,3,1438.05,61.95,cANCelLED,подарок вовремя,2024-12-10,4369223561454439
2030016911606,2024/12/17 00:18:12,АЛеКсеЙ МихАйЛов,+7(9079)05-85,3,аМуНиЦИя ДЛя сОБак,3,3085.74,514.26,caNCeLLED,подарок вовремя,2024-12-10,4369223561454439
2030016911606,2024/12/17 00:18:12,АЛеКсеЙ МихАйЛов,+7(9079)05-85,2,игРУШка мяч,2,520.32,79.68,CAnCELleD,подарок вовремя,2024-12-10,4369223561454439
2030016910161,2024-12-09 00:04:09,Анна СМирнОва,8(9866) 79-10,3,аМУницИЯ Для СОбак,3,2975.71,624.29,CAnCelLED,Ждём с нетерпением!,2024/12/31,3326909316641156
2030016909734,28.12.2024 16:12,АнНа сМирНоВА,8(9701) 92-65,3,АмунИциЯ дЛя Собак,1,991.31,208.69,cOmPLETed,Всё отлично!,2024/12/08,1597822977602365
2030016909734,28.12.2024 16:12,АнНа сМирНоВА,8(9701) 92-65,4,ПодпИсКа НА гаЗЕТУ,1,532.16,67.84,CoMpleTeD,Всё отлично!,2024/12/08,1597822977602365
2030016909734,28.12.2024 16:12,АнНа сМирНоВА,8(9701) 92-65,5,молОко,1,2944.48,55.52,COmPLEted,Всё отлично!,2024/12/08,1597822977602365
2030016909734,28.12.2024 16:12,АнНа сМирНоВА,8(9701) 92-65,3,аМУнИция ДЛя сОбак,4,4796.68,3.32,COMpLEtEd,Всё отлично!,2024/12/08,1597822977602365
2030016909734,28.12.2024 16:12,АнНа сМирНоВА,8(9701) 92-65,3,АмУНИЦиЯ дЛЯ СОБаК,1,1110.06,89.94,cOmPleteD,Всё отлично!,2024/12/08,1597822977602365
2030016908235,10.12.2024 03:38,маРиЯ ПетРовА,+7(9576)62-78,4,подпИскА На гАЗЕтУ,3,1755.48,44.52,pRocEsSiNG,Ждём с нетерпением!,2024-12-26,6020939950430661
2030016908235,10.12.2024 03:38,маРиЯ ПетРовА,+7(9576)62-78,2,иГруШкА мЯЧ,2,501.51,98.49,PROcessinG,Ждём с нетерпением!,2024-12-26,6020939950430661
2030016908235,10.12.2024 03:38,маРиЯ ПетРовА,+7(9576)62-78,5,молоКО,3,7780.3,1219.7,pROceSsIng,Ждём с нетерпением!,2024-12-26,6020939950430661
2030016907834,24.12.2024 22:47,ивАН ИвАнОв,8(9054) 98-13,2,иГРушка мЯч,3,825.47,74.53,CAncelLEd,Всё отлично!,2024/12/30,9640882858104780
2030016907834,24.12.2024 22:47,ивАН ИвАнОв,8(9054) 98-13,1,корМ ДлЯ собАк,3,1207.95,292.05,CANCeLleD,Всё отлично!,2024/12/30,9640882858104780
2030016907834,24.12.2024 22:47,ивАН ИвАнОв,8(9054) 98-13,3,амунИцИЯ Для собак,1,1180.65,19.35,CAnCelLeD,Всё отлично!,2024/12/30,9640882858104780
2030016906871,2024/12/10 15:28:18,дМитриЙ КуЗнецов,8(9710) 07-13,4,пОДпиСкА НА Газету,1,482.64,117.36,cOmplEtEd,подарок вовремя,2024-12-21,7903233364421714
2030016906871,2024/12/10 15:28:18,дМитриЙ КуЗнецов,8(9710) 07-13,5,мОлоКо,4,9766.42,2233.58,cOmpLetED,подарок вовремя,2024-12-21,7903233364421714
2030016906871,2024/12/10 15:28:18,дМитриЙ КуЗнецов,8(9710) 07-13,4,ПодпиСка на газЕтУ,1,498.17,101.83,comPleTeD,подарок вовремя,2024-12-21,7903233364421714
2030016906871,2024/12/10 15:28:18,дМитриЙ КуЗнецов,8(9710) 07-13,1,кОрМ ДЛя соБАК,2,841.45,158.55,cOMpleTeD,подарок вовремя,2024-12-21,7903233364421714
2030016905259,28.12.2024 18:02,АЛЕксеЙ МиХайЛов,8(9374) 37-29,3,АмуНицИЯ Для Собак,1,1169.84,30.16,COMpLETED,Нужно уточнить сроки,2024/12/19,3273072643087010
2030016905259,28.12.2024 18:02,АЛЕксеЙ МиХайЛов,8(9374) 37-29,1,КОРм ДлЯ СОбаК,4,1856.46,143.54,CompleTeD,Нужно уточнить сроки,2024/12/19,3273072643087010
2030016905259,28.12.2024 18:02,АЛЕксеЙ МиХайЛов,8(9374) 37-29,5,МоЛоКо,4,10354.6,1645.4,COMpLETEd,Нужно уточнить сроки,2024/12/19,3273072643087010
2030016904993,14.12.2024 02:57,АлЕкСЕЙ мИхАЙлОв,+7(9051)65-58,2,игруШка МЯЧ,1,254.53,45.47,COMPleTEd,Нужно уточнить сроки,2024-12-22,2665786931576389
2030016904993,14.12.2024 02:57,АлЕкСЕЙ мИхАЙлОв,+7(9051)65-58,5,мОлоКО,5,13435.57,1564.43,cOMPleteD,Нужно уточнить сроки,2024-12-22,2665786931576389
2030016904993,14.12.2024 02:57,АлЕкСЕЙ мИхАЙлОв,+7(9051)65-58,2,игРУШка мЯЧ,1,252.32,47.68,cOMpLETeD,Нужно уточнить сроки,2024-12-22,2665786931576389
2030016904993,14.12.2024 02:57,АлЕкСЕЙ мИхАЙлОв,+7(9051)65-58,1,КоРм ДЛя собАК,2,982.68,17.32,comPleteD,Нужно уточнить сроки,2024-12-22,2665786931576389
2030016904993,14.12.2024 02:57,АлЕкСЕЙ мИхАЙлОв,+7(9051)65-58,2,ИгруШкА мяч,3,885.72,14.28,COmplETED,Нужно уточнить сроки,2024-12-22,2665786931576389
2030016903547,2024/12/02 02:52:11,Анна сМиРНОва,+7(9730)49-44,3,АМуниЦиЯ ДЛЯ сОбАк,1,1094.75,105.25,COMplEtEd,Проверить наличие,2024-12-28,4067406746847648
2030016903547,2024/12/02 02:52:11,Анна сМиРНОва,+7(9730)49-44,3,АМУНИциЯ Для сОбАК,1,995.94,204.06,ComplETED,Проверить наличие,2024-12-28,4067406746847648
2030016902585,2024/12/09 04:00:04,ДМиТРиЙ кУЗнецов,+7(9987)51-59,1,корм длЯ СОБак,5,2402.41,97.59,CAnCeLled,"Задержка с доставкой, печалька...",2024-12-07,2089427621676756
2030016902585,2024/12/09 04:00:04,ДМиТРиЙ кУЗнецов,+7(9987)51-59,3,АМуницИя длЯ СОбАк,3,3570.39,29.61,CANCElLED,"Задержка с доставкой, печалька...",2024-12-07,2089427621676756
2030016901636,2024/12/15 21:31:40,НатАЛьЯ вАсИльева,+7 9676 31 31,5,мОлоКО,3,7609.77,1390.23,COmpLETEd,"Задержка с доставкой, печалька...",2024-12-13,1847537621387313
2030016901636,2024/12/15 21:31:40,НатАЛьЯ вАсИльева,+7 9676 31 31,5,моЛоКО,5,13975.61,1024.39,coMPleted,"Задержка с доставкой, печалька...",2024-12-13,1847537621387313
2030016901636,2024/12/15 21:31:40,НатАЛьЯ вАсИльева,+7 9676 31 31,3,аМУНицИя ДЛя собАк,5,5391.12,608.88,cOMpLeTed,"Задержка с доставкой, печалька...",2024-12-13,1847537621387313
2030016900476,2024-12-05 17:25:08,иВан ИВАНов,+7 9077 20 63,4,поДПиСка НА ГазетУ,1,488.55,111.45,caNCELLeD,подарок вовремя,27.12.2024,0385634039654217
2030016900476,2024-12-05 17:25:08,иВан ИВАНов,+7 9077 20 63,3,АМуНиЦИЯ Для соБАК,4,4778.59,21.41,cANcElLED,подарок вовремя,27.12.2024,0385634039654217
2030016900476,2024-12-05 17:25:08,иВан ИВАНов,+7 9077 20 63,2,ИгрушКа Мяч,4,1130.3,69.7,cAnCELled,подарок вовремя,27.12.2024,0385634039654217
2030016900476,2024-12-05 17:25:08,иВан ИВАНов,+7 9077 20 63,4,ПоДпИСКА нА гАзЕТУ,5,2856.79,143.21,cAncELleD,подарок вовремя,27.12.2024,0385634039654217
2030016899272,2024-12-12 17:14:47,елена новикова,8(9977) 67-31,2,игРУшКа МяЧ,3,854.89,45.11,cANceLlEd,Проверить наличие,25.12.2024,5504274195882509
2030016899272,2024-12-12 17:14:47,елена новикова,8(9977) 67-31,5,молОКо,3,8516.78,483.22,canCelLEd,Проверить наличие,25.12.2024,5504274195882509
2030016899272,2024-12-12 17:14:47,елена новикова,8(9977) 67-31,4,поДПИСка На гАзету,2,1184.74,15.26,cAnCeLLED,Проверить наличие,25.12.2024,5504274195882509
2030016899272,2024-12-12 17:14:47,елена новикова,8(9977) 67-31,5,мОлокО,1,2556.97,443.03,CaNCELLeD,Проверить наличие,25.12.2024,5504274195882509
2030016899272,2024-12-12 17:14:47,елена новикова,8(9977) 67-31,1,кОРм длЯ сОбАк,2,879.25,120.75,CANceLlEd,Проверить наличие,25.12.2024,5504274195882509
2030016898271,2024-12-11 01:44:10,мАрия пЕТрова,+7(9418)90-34,2,ИГруШкА мяЧ,3,765.92,134.08,CAnCElleD,Всё отлично!,2024-12-11,2025061200008701
2030016898271,2024-12-11 01:44:10,мАрия пЕТрова,+7(9418)90-34,1,коРМ Для СОБАк,1,491.69,8.31,CanceLLEd,Всё отлично!,2024-12-11,2025061200008701
2030016898271,2024-12-11 01:44:10,мАрия пЕТрова,+7(9418)90-34,3,аМУНиЦИЯ Для сОбак,4,4712.82,87.18,canCELLed,Всё отлично!,2024-12-11,2025061200008701
2030016897971,12.12.2024 21:42,АЛекСЕЙ мИхАйлОв,+7 9145 46 97,2,иГрУШКа Мяч,5,1283.12,216.88,CancEllEd,Всё отлично!,06.12.2024,2356598498788199
2030016897971,12.12.2024 21:42,АЛекСЕЙ мИхАйлОв,+7 9145 46 97,2,ИгрУшкА МяЧ,5,1207.84,292.16,cANceLleD,Всё отлично!,06.12.2024,2356598498788199
2030016897971,12.12.2024 21:42,АЛекСЕЙ мИхАйлОв,+7 9145 46 97,1,коРм ДлЯ сОБак,1,421.08,78.92,cAnCElLEd,Всё отлично!,06.12.2024,2356598498788199
2030016897971,12.12.2024 21:42,АЛекСЕЙ мИхАйлОв,+7 9145 46 97,1,КОрМ ДЛЯ сОБАК,4,1714.31,285.69,CanCElLEd,Всё отлично!,06.12.2024,2356598498788199
2030016896378,14.12.2024 23:33,МИхаил ОРлОВ,8(9868) 47-83,4,пОДПиСКА НА гАзеТУ,3,1778.32,21.68,pROcEssinG,подарок вовремя,2024/12/20,2038307974236984
2030016896378,14.12.2024 23:33,МИхаил ОРлОВ,8(9868) 47-83,5,мОлОкО,1,2648.71,351.29,proCesSING,подарок вовремя,2024/12/20,2038307974236984
2030016896378,14.12.2024 23:33,МИхаил ОРлОВ,8(9868) 47-83,3,аМуниЦия дЛя СобаК,5,4960.58,1039.42,PRocESsINg,подарок вовремя,2024/12/20,2038307974236984
2030017151105,2024/12/08 00:16:29,МаРия ПеТРоВА,+7(9654)89-08,2,ИГрУшКа Мяч,4,1021.88,178.12,CaNcEllEd,Нужно уточнить сроки,2024/12/16,7006239745913215
2030017150239,2024/12/17 11:28:10,олЬГа КузнЕцОВА,+7(9951)54-30,2,ИгРУшКа МЯЧ,1,244.14,55.86,completeD,"Задержка с доставкой, печалька...",14.12.2024,9165644535907536
2030017149855,2024/12/11 23:16:05,анНа СМИРНОВА,8(9517) 23-70,4,ПоДПискА нА газетУ,5,2677.77,322.23,caNCellED,Нужно уточнить сроки,2024-12-12,9854950229501512
2030017149855,2024/12/11 23:16:05,анНа СМИРНОВА,8(9517) 23-70,1,Корм дЛЯ собак,1,406.43,93.57,cAnCeLled,Нужно уточнить сроки,2024-12-12,9854950229501512
2030017149855,2024/12/11 23:16:05,анНа СМИРНОВА,8(9517) 23-70,3,АмуНиЦИя ДлЯ сОбАк,4,4122.5,677.5,CAncEllEd,Нужно уточнить сроки,2024-12-12,9854950229501512
2030017148677,2024-12-03 16:52:03,ЕЛеНа НоВикОВА,+7(9247)87-25,2,игРушКА МЯЧ,1,263.74,36.26,PrOcESsiNG,Ждём с нетерпением!,2024-12-10,9794447076559803
2030017148677,2024-12-03 16:52:03,ЕЛеНа НоВикОВА,+7(9247)87-25,2,иГрУШка мЯЧ,5,1286.74,213.26,pRoCeSsiNg,Ждём с нетерпением!,2024-12-10,9794447076559803
2030017148677,2024-12-03 16:52:03,ЕЛеНа НоВикОВА,+7(9247)87-25,1,КОРМ длЯ собаК,2,865.8,134.2,pRoCesSiNG,Ждём с нетерпением!,2024-12-10,9794447076559803
2030017148677,2024-12-03 16:52:03,ЕЛеНа НоВикОВА,+7(9247)87-25,4,ПоДпИСка На ГазЕту,4,2071.97,328.03,prOcEsSiNG,Ждём с нетерпением!,2024-12-10,9794447076559803
2030017148677,2024-12-03 16:52:03,ЕЛеНа НоВикОВА,+7(9247)87-25,3,АмУнИЦия ДЛЯ сОБАк,2,2024.28,375.72,proCeSsInG,Ждём с нетерпением!,2024-12-10,9794447076559803
2030017147958,2024/12/04 20:37:56,аНна смИрноВА,+7(9068)28-92,4,подписКа На ГАЗетУ,5,2764.07,235.93,PRocesSING,Ждём с нетерпением!,08.12.2024,5843000667954579
2030017147958,2024/12/04 20:37:56,аНна смИрноВА,+7(9068)28-92,1,корМ ДЛЯ СоБаК,4,1669.83,330.17,PRocEssinG,Ждём с нетерпением!,08.12.2024,5843000667954579
2030017147958,2024/12/04 20:37:56,аНна смИрноВА,+7(9068)28-92,3,аМУниЦИЯ дЛЯ сОбак,2,1951.31,448.69,prOCeSsING,Ждём с нетерпением!,08.12.2024,5843000667954579
2030017147958,2024/12/04 20:37:56,аНна смИрноВА,+7(9068)28-92,2,игрушКА мЯч,4,1171.23,28.77,PrOCESsIng,Ждём с нетерпением!,08.12.2024,5843000667954579
2030017147958,2024/12/04 20:37:56,аНна смИрноВА,+7(9068)28-92,3,аМунициЯ дЛЯ СОБАк,3,3152.3,447.7,pRocEssiNg,Ждём с нетерпением!,08.12.2024,5843000667954579
2030017146756,2024/12/09 05:44:06,мАрия ПетРОвА,+7 9802 09 08,1,КОрм длЯ соБАк,5,2299.42,200.58,CancelLeD,спасибо за заказ,27.12.2024,2533659297937515
2030017146756,2024/12/09 05:44:06,мАрия ПетРОвА,+7 9802 09 08,1,кОрм для соБАК,5,2498.56,1.44,CANCELLeD,спасибо за заказ,27.12.2024,2533659297937515
2030017146756,2024/12/09 05:44:06,мАрия ПетРОвА,+7 9802 09 08,2,игРуШкА мЯЧ,3,727.35,172.65,CANCeLLed,спасибо за заказ,27.12.2024,2533659297937515
2030017145944,28.12.2024 02:46,ОльГА КузНЕцОВа,+7(9690)18-52,2,ИГрУшКа мяч,1,288.78,11.22,coMPLETed,спасибо за заказ,2024/12/08,6407319475000072
2030017144951,27.12.2024 11:40,ЕлеНА НОвИКОвА,8(9983) 75-56,5,молОКО,3,7486.0,1514.0,CoMpleTEd,Проверить наличие,14.12.2024,6226153707057627
2030017144951,27.12.2024 11:40,ЕлеНА НОвИКОвА,8(9983) 75-56,1,коРМ ДЛЯ сОбАк,2,930.3,69.7,compLETed,Проверить наличие,14.12.2024,6226153707057627
2030017144951,27.12.2024 11:40,ЕлеНА НОвИКОвА,8(9983) 75-56,3,аМунИциЯ ДЛя СОБаК,5,5786.35,213.65,COMPlEtEd,Проверить наличие,14.12.2024,6226153707057627
2030017144951,27.12.2024 11:40,ЕлеНА НОвИКОвА,8(9983) 75-56,1,КОрм ДЛя сОБак,1,475.91,24.09,cOMpLEtED,Проверить наличие,14.12.2024,6226153707057627
2030017144951,27.12.2024 11:40,ЕлеНА НОвИКОвА,8(9983) 75-56,1,кОрм для СОбаК,2,886.05,113.95,cOMPLEtED,Проверить наличие,14.12.2024,6226153707057627
2030017143520,16.12.2024 11:10,Иван иванов,8(9631) 59-88,2,иГРуШКа мяч,5,1277.43,222.57,ProCEssING,Нужно уточнить сроки,22.12.2024,0328012414295539
2030017143520,16.12.2024 11:10,Иван иванов,8(9631) 59-88,1,КОРм ДЛЯ СоБАК,5,2458.37,41.63,PrOcESSIng,Нужно уточнить сроки,22.12.2024,0328012414295539
2030017143520,16.12.2024 11:10,Иван иванов,8(9631) 59-88,4,пОДПиСка нА ГАЗЕТу,2,1089.69,110.31,pRoCeSSINg,Нужно уточнить сроки,22.12.2024,0328012414295539
2030017142817,2024/12/30 02:09:17,алекСЕЙ мИхАЙлОВ,8(9226) 51-68,3,амуНиЦИя ДлЯ СоБак,2,2017.22,382.78,CAncElLeD,"Задержка с доставкой, печалька...",2024-12-17,4519712024828216
2030017142817,2024/12/30 02:09:17,алекСЕЙ мИхАЙлОВ,8(9226) 51-68,4,пОдпиСКА На гАзеТУ,4,2019.14,380.86,CANCelLED,"Задержка с доставкой, печалька...",2024-12-17,4519712024828216
2030017142817,2024/12/30 02:09:17,алекСЕЙ мИхАЙлОВ,8(9226) 51-68,3,АмуНицИЯ ДЛЯ сОбак,3,3194.75,405.25,CanCellED,"Задержка с доставкой, печалька...",2024-12-17,4519712024828216
2030017142817,2024/12/30 02:09:17,алекСЕЙ мИхАЙлОВ,8(9226) 51-68,4,ПодпИскА на ГаЗеТу,2,1101.22,98.78,CaNcElLEd,"Задержка с доставкой, печалька...",2024-12-17,4519712024828216
2030017141206,2024-12-26 18:51:17,оЛьгА кузнеЦоВА,8(9425) 58-74,1,кОрм длЯ собАК,2,880.72,119.28,pROceSsiNg,Нужно уточнить сроки,22.12.2024,2514661744606890
2030017140632,2024-12-23 06:44:51,СеРгей СидОРОв,+7 9906 29 06,5,МоЛОКо,2,5236.88,763.12,prOcesSinG,подарок вовремя,23.12.2024,8069574184225955
2030017139198,2024-12-11 23:07:20,ЕЛеНА новиКоВа,+7 9336 41 02,3,амУницИЯ дЛя соБаК,4,4128.24,671.76,cOMpLetED,Ждём с нетерпением!,01.12.2024,6023129420518497
2030017138712,2024/12/10 07:01:07,иВАН ИваНОВ,+7(9279)57-59,4,пОдПИска на газеТу,3,1745.2,54.8,prOCEsSinG,подарок вовремя,2024-12-03,6042658382678797
2030017137632,2024/12/16 13:01:31,ольГА КУЗНецовА,8(9290) 80-96,1,коРм ДлЯ СОбАк,2,926.79,73.21,compLetED,"Задержка с доставкой, печалька...",2024-12-13,5163955990171125
2030017137632,2024/12/16 13:01:31,ольГА КУЗНецовА,8(9290) 80-96,4,поДписКА НА гАзету,3,1561.89,238.11,ComPLeTed,"Задержка с доставкой, печалька...",2024-12-13,5163955990171125
2030017137632,2024/12/16 13:01:31,ольГА КУЗНецовА,8(9290) 80-96,1,КорМ ДЛя СОбАК,2,914.38,85.62,ComPlEtEd,"Задержка с доставкой, печалька...",2024-12-13,5163955990171125
2030017136109,2024/12/08 06:03:11,ДМИтриЙ КузНецоВ,+7 9548 41 24,3,АмУницИЯ ДЛя соБАк,2,2138.68,261.32,cAnCeLLEd,"Задержка с доставкой, печалька...",26.12.2024,8800623774270829
2030017136109,2024/12/08 06:03:11,ДМИтриЙ КузНецоВ,+7 9548 41 24,1,Корм длЯ собаК,3,1493.27,6.73,CaNcELlEd,"Задержка с доставкой, печалька...",26.12.2024,8800623774270829
2030017136109,2024/12/08 06:03:11,ДМИтриЙ КузНецоВ,+7 9548 41 24,2,ИгРуШКА мЯч,4,1062.65,137.35,canCeLled,"Задержка с доставкой, печалька...",26.12.2024,8800623774270829
2030017136109,2024/12/08 06:03:11,ДМИтриЙ КузНецоВ,+7 9548 41 24,5,молоКо,3,7796.33,1203.67,CAnCelLED,"Задержка с доставкой, печалька...",26.12.2024,8800623774270829
2030017136109,2024/12/08 06:03:11,ДМИтриЙ КузНецоВ,+7 9548 41 24,3,аМУНИЦия для сОбак,2,2179.85,220.15,cAnceLLed,"Задержка с доставкой, печалька...",26.12.2024,8800623774270829
2030017135479,19.12.2024 02:37,дМИТРиЙ кУЗНецОв,+7 9410 05 52,1,кОРм дЛя соБАК,4,1883.75,116.25,cancellED,"Задержка с доставкой, печалька...",18.12.2024,2952116910829848
2030017135479,19.12.2024 02:37,дМИТРиЙ кУЗНецОв,+7 9410 05 52,5,мОЛоКО,3,8268.75,731.25,CancElLeD,"Задержка с доставкой, печалька...",18.12.2024,2952116910829848
2030017135479,19.12.2024 02:37,дМИТРиЙ кУЗНецОв,+7 9410 05 52,2,ИгрушКа мЯч,2,581.79,18.21,CanCeLlEd,"Задержка с доставкой, печалька...",18.12.2024,2952116910829848
2030017135479,19.12.2024 02:37,дМИТРиЙ кУЗНецОв,+7 9410 05 52,4,ПодписКа на гАЗеТу,1,584.81,15.19,CAncELLEd,"Задержка с доставкой, печалька...",18.12.2024,2952116910829848
2030017135479,19.12.2024 02:37,дМИТРиЙ кУЗНецОв,+7 9410 05 52,1,кОРМ Для СоБАК,5,2413.74,86.26,CAnCeLLed,"Задержка с доставкой, печалька...",18.12.2024,2952116910829848
2030017134932,2024-12-20 23:14:23,НатаЛЬЯ вАСиЛьеВА,+7(9124)07-96,1,КорМ дЛЯ СоБаК,2,962.53,37.47,PrOCEssIng,"Задержка с доставкой, печалька...",2024-12-11,3372754995645417
2030017134932,2024-12-20 23:14:23,НатаЛЬЯ вАСиЛьеВА,+7(9124)07-96,5,МоЛоКО,1,2755.41,244.59,PRoCeSSing,"Задержка с доставкой, печалька...",2024-12-11,3372754995645417
2030017134932,2024-12-20 23:14:23,НатаЛЬЯ вАСиЛьеВА,+7(9124)07-96,5,МоЛоКО,4,10516.13,1483.87,pROCEsSINg,"Задержка с доставкой, печалька...",2024-12-11,3372754995645417
2030017134932,2024-12-20 23:14:23,НатаЛЬЯ вАСиЛьеВА,+7(9124)07-96,5,МоЛоКо,4,9788.8,2211.2,ProCeSSinG,"Задержка с доставкой, печалька...",2024-12-11,3372754995645417
2030017134932,2024-12-20 23:14:23,НатаЛЬЯ вАСиЛьеВА,+7(9124)07-96,4,ПОдпиСКа нА гАзетУ,3,1448.75,351.25,procESSIng,"Задержка с доставкой, печалька...",2024-12-11,3372754995645417
2030017133714,2024/12/08 21:50:57,натАЛЬЯ ВАСИЛЬЕвА,8(9819) 28-68,3,АмунИцИЯ Для СобАК,2,2180.09,219.91,cAncElLEd,Ждём с нетерпением!,2024/12/19,6699812977450665
2030017133714,2024/12/08 21:50:57,натАЛЬЯ ВАСИЛЬЕвА,8(9819) 28-68,1,кОрМ ДЛя СобАК,5,2424.12,75.88,cancellED,Ждём с нетерпением!,2024/12/19,6699812977450665
2030017133714,2024/12/08 21:50:57,натАЛЬЯ ВАСИЛЬЕвА,8(9819) 28-68,4,пОДпискА На гаЗЕТУ,4,2107.79,292.21,canCELlEd,Ждём с нетерпением!,2024/12/19,6699812977450665
2030017133714,2024/12/08 21:50:57,натАЛЬЯ ВАСИЛЬЕвА,8(9819) 28-68,1,корМ ДЛЯ сОБАк,1,411.89,88.11,caNceLlEd,Ждём с нетерпением!,2024/12/19,6699812977450665
2030017132746,2024-12-28 19:53:20,НАтАЛЬя ВАсИЛьеВА,+7(9565)18-31,2,ИГрУШка мЯЧ,1,266.34,33.66,prOCESsiNG,Нужно уточнить сроки,09.12.2024,0572716210881685
2030017132746,2024-12-28 19:53:20,НАтАЛЬя ВАсИЛьеВА,+7(9565)18-31,1,КорМ длЯ собАк,1,421.28,78.72,PrOCeSSIng,Нужно уточнить сроки,09.12.2024,0572716210881685
2030017132746,2024-12-28 19:53:20,НАтАЛЬя ВАсИЛьеВА,+7(9565)18-31,3,АмУНиция Для сОбаК,4,3869.51,930.49,PRoceSSiNg,Нужно уточнить сроки,09.12.2024,0572716210881685
2030017132746,2024-12-28 19:53:20,НАтАЛЬя ВАсИЛьеВА,+7(9565)18-31,4,подписка нА гаЗетУ,2,1035.97,164.03,prOcESSInG,Нужно уточнить сроки,09.12.2024,0572716210881685
2030017131355,2024/12/23 07:47:41,сЕрГЕЙ СидОРоВ,+7(9031)33-08,1,корм ДЛя сОбак,2,925.36,74.64,CAnCEllED,Проверить наличие,17.12.2024,7524887771622985
2030017130358,2024-12-30 01:11:59,иваН ИВаноВ,+7(9839)72-10,4,ПОдПисКА НА гАзЕтУ,5,2578.0,422.0,prOcEsSINg,Нужно уточнить сроки,18.12.2024,0465434808296427
2030017130358,2024-12-30 01:11:59,иваН ИВаноВ,+7(9839)72-10,1,кОРМ длЯ сОБАк,2,811.09,188.91,PrOcESsIng,Нужно уточнить сроки,18.12.2024,0465434808296427
2030017130358,2024-12-30 01:11:59,иваН ИВаноВ,+7(9839)72-10,4,подпИСкА На ГазЕтУ,3,1720.1,79.9,ProCesSING,Нужно уточнить сроки,18.12.2024,0465434808296427
2030017130358,2024-12-30 01:11:59,иваН ИВаноВ,+7(9839)72-10,5,молоКО,5,13090.43,1909.57,ProceSSiNg,Нужно уточнить сроки,18.12.2024,0465434808296427
2030017130358,2024-12-30 01:11:59,иваН ИВаноВ,+7(9839)72-10,1,КорМ ДЛЯ СобАК,3,1332.43,167.57,procesSinG,Нужно уточнить сроки,18.12.2024,0465434808296427
2030017129604,2024-12-10 06:27:06,ИВаН иВАНов,+7(9473)41-53,4,подпиСКа НА газЕту,2,1198.14,1.86,coMPLETED,Нужно уточнить сроки,2024/12/30,7579696540035862
2030017129604,2024-12-10 06:27:06,ИВаН иВАНов,+7(9473)41-53,2,игРуШкА мЯЧ,2,522.51,77.49,cOmplEteD,Нужно уточнить сроки,2024/12/30,7579696540035862
2030017129604,2024-12-10 06:27:06,ИВаН иВАНов,+7(9473)41-53,2,игрушКа мяЧ,5,1261.57,238.43,comPleTed,Нужно уточнить сроки,2024/12/30,7579696540035862
2030017128950,19.12.2024 22:44,еЛЕНА новИкОВА,8(9769) 02-72,5,мОЛОко,5,14095.15,904.85,COMpleTEd,Проверить наличие,05.12.2024,7889182432993689
2030017128950,19.12.2024 22:44,еЛЕНА новИкОВА,8(9769) 02-72,4,ПОДпИСКа нА ГАЗеТу,3,1599.64,200.36,COmpleTED,Проверить наличие,05.12.2024,7889182432993689
2030017128950,19.12.2024 22:44,еЛЕНА новИкОВА,8(9769) 02-72,5,МОлОко,2,5143.32,856.68,cOmPleteD,Проверить наличие,05.12.2024,7889182432993689
2030017128950,19.12.2024 22:44,еЛЕНА новИкОВА,8(9769) 02-72,2,Игрушка МяЧ,1,242.43,57.57,comPlETed,Проверить наличие,05.12.2024,7889182432993689
2030017128950,19.12.2024 22:44,еЛЕНА новИкОВА,8(9769) 02-72,3,АМуНицИя дЛя СобаК,2,2033.46,366.54,coMPLEtED,Проверить наличие,05.12.2024,7889182432993689
2030017127803,2024/12/31 05:27:42,МАРИЯ ПеТРова,+7(9614)14-78,5,МолОко,2,5694.22,305.78,pRocesSING,Проверить наличие,2024-12-15,6262278217312188
2030017126343,2024/12/07 04:03:51,аЛЕКСей МиХАйЛов,8(9182) 02-55,2,иГРуШКА МЯч,4,1019.99,180.01,pRoCeSsIng,Всё отлично!,2024-12-26,7778856536046614
2030017126343,2024/12/07 04:03:51,аЛЕКСей МиХАйЛов,8(9182) 02-55,3,АМунИЦИЯ дЛЯ СоБАк,3,3387.27,212.73,prOcESSing,Всё отлично!,2024-12-26,7778856536046614
2030017126343,2024/12/07 04:03:51,аЛЕКСей МиХАйЛов,8(9182) 02-55,2,ИГрУшКа мяЧ,5,1446.45,53.55,pROCESsing,Всё отлично!,2024-12-26,7778856536046614
2030017126343,2024/12/07 04:03:51,аЛЕКСей МиХАйЛов,8(9182) 02-55,2,ИгРУШка МЯч,3,764.82,135.18,PROcesSiNg,Всё отлично!,2024-12-26,7778856536046614
2030017126343,2024/12/07 04:03:51,аЛЕКСей МиХАйЛов,8(9182) 02-55,5,МоЛокО,4,10541.0,1459.0,procESsIng,Всё отлично!,2024-12-26,7778856536046614
2030017125540,2024-12-21 15:25:31,алЕксЕЙ МИХАЙлоВ,+7 9216 09 78,2,иГрУшкА Мяч,1,293.85,6.15,cAncelled,Нужно уточнить сроки,22.12.2024,3708498852792017
2030017125540,2024-12-21 15:25:31,алЕксЕЙ МИХАЙлоВ,+7 9216 09 78,2,игРуШКа Мяч,4,1181.02,18.98,CancELlED,Нужно уточнить сроки,22.12.2024,3708498852792017
2030017125540,2024-12-21 15:25:31,алЕксЕЙ МИХАЙлоВ,+7 9216 09 78,2,ИГРУшка Мяч,4,1046.52,153.48,CAncelleD,Нужно уточнить сроки,22.12.2024,3708498852792017
2030017125540,2024-12-21 15:25:31,алЕксЕЙ МИХАЙлоВ,+7 9216 09 78,2,игРушкА мяч,3,849.17,50.83,canCELlEd,Нужно уточнить сроки,22.12.2024,3708498852792017
2030017125540,2024-12-21 15:25:31,алЕксЕЙ МИХАЙлоВ,+7 9216 09 78,1,КОРМ дЛЯ СоБак,2,848.85,151.15,CanceLled,Нужно уточнить сроки,22.12.2024,3708498852792017
2030017124648,18.12.2024 17:59,МихАил ОрЛОв,8(9193) 10-23,4,ПодписКа нА ГазетУ,1,560.56,39.44,cancelLed,Всё отлично!,2024/12/04,5059442180121282
2030017124648,18.12.2024 17:59,МихАил ОрЛОв,8(9193) 10-23,2,ИГРушкА мЯЧ,1,264.07,35.93,canCelLED,Всё отлично!,2024/12/04,5059442180121282
2030017124648,18.12.2024 17:59,МихАил ОрЛОв,8(9193) 10-23,5,МолоКО,3,8467.63,532.37,CANCeLLEd,Всё отлично!,2024/12/04,5059442180121282
2030017124648,18.12.2024 17:59,МихАил ОрЛОв,8(9193) 10-23,2,иГрУШкА мяч,4,1027.96,172.04,CAncElLEd,Всё отлично!,2024/12/04,5059442180121282
2030017123128,2024-12-16 03:22:06,Иван иВаноВ,8(9426) 71-99,5,мОлОКО,4,9844.86,2155.14,PrOcESSInG,Ждём с нетерпением!,2024/12/04,3038932833368842
2030017123128,2024-12-16 03:22:06,Иван иВаноВ,8(9426) 71-99,3,аМУницИя дЛя сОБаК,2,1948.44,451.56,pROcesSiNg,Ждём с нетерпением!,2024/12/04,3038932833368842
2030017123128,2024-12-16 03:22:06,Иван иВаноВ,8(9426) 71-99,3,амУНиЦИЯ ДлЯ СобАК,2,2088.78,311.22,PRocEsSINg,Ждём с нетерпением!,2024/12/04,3038932833368842
2030017123128,2024-12-16 03:22:06,Иван иВаноВ,8(9426) 71-99,2,ИГРУШКа мяч,2,540.06,59.94,pROCESsIng,Ждём с нетерпением!,2024/12/04,3038932833368842
2030017122739,2024-12-25 05:13:27,маРИя пЕтровА,+7 9861 18 45,1,КоРМ для СОбак,5,2361.55,138.45,CanceLlED,Проверить наличие,2024-12-01,7288108569466262
2030017122739,2024-12-25 05:13:27,маРИя пЕтровА,+7 9861 18 45,5,Молоко,3,7707.64,1292.36,CaNCELLeD,Проверить наличие,2024-12-01,7288108569466262
2030017122739,2024-12-25 05:13:27,маРИя пЕтровА,+7 9861 18 45,4,подПИСка нА газЕТУ,1,554.15,45.85,canCELLEd,Проверить наличие,2024-12-01,7288108569466262
2030017122739,2024-12-25 05:13:27,маРИя пЕтровА,+7 9861 18 45,3,амУнИцИЯ длЯ сОбак,2,2099.59,300.41,cANcelleD,Проверить наличие,2024-12-01,7288108569466262
2030017122739,2024-12-25 05:13:27,маРИя пЕтровА,+7 9861 18 45,3,аМУНициЯ Для сОБаК,2,2191.29,208.71,CancElleD,Проверить наличие,2024-12-01,7288108569466262
2030017121882,03.12.2024 04:05,нАталЬЯ ВАсИЛЬеВА,+7(9169)63-72,3,АмунИЦИЯ для сОБАк,3,3099.43,500.57,pROCEssinG,Всё отлично!,07.12.2024,4602332255252683
2030017121882,03.12.2024 04:05,нАталЬЯ ВАсИЛЬеВА,+7(9169)63-72,3,АмуниЦиЯ длЯ СОбАк,1,1102.05,97.95,pROCesSing,Всё отлично!,07.12.2024,4602332255252683
2030017121882,03.12.2024 04:05,нАталЬЯ ВАсИЛЬеВА,+7(9169)63-72,2,ИгрушКА мяЧ,4,1023.28,176.72,PrOcessiNG,Всё отлично!,07.12.2024,4602332255252683
2030017121882,03.12.2024 04:05,нАталЬЯ ВАсИЛЬеВА,+7(9169)63-72,1,кОРм ДЛя СобАК,1,444.18,55.82,prOcEsSInG,Всё отлично!,07.12.2024,4602332255252683
2030017121882,03.12.2024 04:05,нАталЬЯ ВАсИЛЬеВА,+7(9169)63-72,4,поДПиСКА На гаЗеТУ,4,2001.4,398.6,prOCESSiNG,Всё отлично!,07.12.2024,4602332255252683
2030017120721,2024-12-27 10:54:31,еЛЕнА ноВикова,+7(9801)23-69,1,корМ дЛя сОБАК,5,2320.69,179.31,PROCeSSINg,спасибо за заказ,2024-12-02,5625742590791057
2030017120721,2024-12-27 10:54:31,еЛЕнА ноВикова,+7(9801)23-69,3,амУнИЦия дЛя сОбАк,2,2227.22,172.78,prOcESsInG,спасибо за заказ,2024-12-02,5625742590791057
2030017120721,2024-12-27 10:54:31,еЛЕнА ноВикова,+7(9801)23-69,3,АМуниция для сОБак,5,5084.8,915.2,proCesSing,спасибо за заказ,2024-12-02,5625742590791057
2030017120721,2024-12-27 10:54:31,еЛЕнА ноВикова,+7(9801)23-69,5,МОЛоКО,4,11908.99,91.01,prOceSsing,спасибо за заказ,2024-12-02,5625742590791057
2030017119108,2024-12-07 11:25:12,натАЛьЯ ВАСилЬева,+7 9693 79 23,4,пОдпИскА на гаЗЕту,3,1725.49,74.51,prOcessinG,подарок вовремя,21.12.2024,0568432986486449
2030017118829,2024/12/31 10:36:00,СЕРГеЙ сиДОроВ,8(9396) 72-55,1,КОРм дЛя сОБаК,3,1283.89,216.11,cOmpLeTed,Ждём с нетерпением!,2024/12/18,6051259889425446
2030017118829,2024/12/31 10:36:00,СЕРГеЙ сиДОроВ,8(9396) 72-55,2,игруШКа мяч,4,1057.43,142.57,cOMPleTeD,Ждём с нетерпением!,2024/12/18,6051259889425446
2030017117110,2024/12/17 07:45:06,аННА смИРнОВА,+7(9803)71-10,4,пОДПиска на ГАзЕТу,5,2800.12,199.88,ComPlETEd,Всё отлично!,2024-12-17,1468897965012460
2030017116481,2024/12/21 17:27:37,МарИЯ ПеТРоВа,+7(9508)29-83,2,ИГруШКА мяЧ,1,281.62,18.38,proCEsSinG,Проверить наличие,2024/12/08,6307432553431331
2030017116481,2024/12/21 17:27:37,МарИЯ ПеТРоВа,+7(9508)29-83,3,АМунИЦиЯ для СОБак,5,5681.3,318.7,PROCEssinG,Проверить наличие,2024/12/08,6307432553431331
2030017116481,2024/12/21 17:27:37,МарИЯ ПеТРоВа,+7(9508)29-83,3,амуНИция ДЛЯ сОбак,4,4316.05,483.95,proCEssIng,Проверить наличие,2024/12/08,6307432553431331
2030017116481,2024/12/21 17:27:37,МарИЯ ПеТРоВа,+7(9508)29-83,4,ПоДПисКа на гАЗеТУ,4,2380.52,19.48,prOCEssinG,Проверить наличие,2024/12/08,6307432553431331
2030017116481,2024/12/21 17:27:37,МарИЯ ПеТРоВа,+7(9508)29-83,4,поДПиСКа нА ГазЕтУ,2,1096.92,103.08,prOcESSIng,Проверить наличие,2024/12/08,6307432553431331
2030017115537,2024-12-25 00:02:19,ИвАН иваНОв,8(9236) 21-77,4,ПОДпИсКА НА гАзеТУ,4,2304.81,95.19,COMPLeTeD,Проверить наличие,30.12.2024,9537214679931502
2030017115537,2024-12-25 00:02:19,ИвАН иваНОв,8(9236) 21-77,5,моЛоко,4,10302.69,1697.31,COMPLETEd,Проверить наличие,30.12.2024,9537214679931502
2030017115537,2024-12-25 00:02:19,ИвАН иваНОв,8(9236) 21-77,2,ИГруШкА МЯЧ,4,1026.21,173.79,cOmpletEd,Проверить наличие,30.12.2024,9537214679931502
2030017115537,2024-12-25 00:02:19,ИвАН иваНОв,8(9236) 21-77,2,игрушКА мяЧ,2,584.64,15.36,comPLeTEd,Проверить наличие,30.12.2024,9537214679931502
2030017115537,2024-12-25 00:02:19,ИвАН иваНОв,8(9236) 21-77,4,подПИсКа на гАзЕтУ,5,2784.15,215.85,cOMpLEtED,Проверить наличие,30.12.2024,9537214679931502
2030017114604,08.12.2024 01:24,еЛеНА НОвикОвА,8(9538) 19-07,3,АмУНИЦия ДЛЯ сОБАК,5,5540.75,459.25,CaNcELleD,спасибо за заказ,2024/12/06,5241920224663967
2030017114604,08.12.2024 01:24,еЛеНА НОвикОвА,8(9538) 19-07,4,ПоДпиСка НА ГазЕтУ,2,1124.12,75.88,CaNcelLED,спасибо за заказ,2024/12/06,5241920224663967
2030017113451,2024-12-26 21:28:36,ИВаН иВАнОв,+7 9895 95 37,3,аМУниЦИя ДлЯ сОБаК,1,1089.89,110.11,CANCelleD,"Задержка с доставкой, печалька...",10.12.2024,0707092481574108
2030017113451,2024-12-26 21:28:36,ИВаН иВАнОв,+7 9895 95 37,3,амуНИцИя дЛЯ СОБак,3,3039.97,560.03,caNcELlED,"Задержка с доставкой, печалька...",10.12.2024,0707092481574108
2030017113451,2024-12-26 21:28:36,ИВаН иВАнОв,+7 9895 95 37,4,подпИСкА нА ГаЗетУ,5,2855.25,144.75,cANCeLLeD,"Задержка с доставкой, печалька...",10.12.2024,0707092481574108
2030017113451,2024-12-26 21:28:36,ИВаН иВАнОв,+7 9895 95 37,1,корм для сОБаК,5,2486.93,13.07,caNcElLED,"Задержка с доставкой, печалька...",10.12.2024,0707092481574108
2030017112516,2024-12-31 13:37:05,серГЕЙ сидоРов,8(9212) 77-22,2,иГРУШКА мЯЧ,2,495.33,104.67,cOMPleTED,подарок вовремя,02.12.2024,1791858827604490
2030017112516,2024-12-31 13:37:05,серГЕЙ сидоРов,8(9212) 77-22,2,ИГрУШКа мяЧ,5,1487.8,12.2,CoMplEtEd,подарок вовремя,02.12.2024,1791858827604490
2030017112516,2024-12-31 13:37:05,серГЕЙ сидоРов,8(9212) 77-22,4,ПоДПИсКА На гаЗЕту,3,1675.14,124.86,coMPlEted,подарок вовремя,02.12.2024,1791858827604490
2030017112516,2024-12-31 13:37:05,серГЕЙ сидоРов,8(9212) 77-22,2,ИгРуШКа МЯч,4,1033.46,166.54,ComPLETED,подарок вовремя,02.12.2024,1791858827604490
2030017112516,2024-12-31 13:37:05,серГЕЙ сидоРов,8(9212) 77-22,2,иГРУшкА Мяч,2,500.43,99.57,COmPLETEd,подарок вовремя,02.12.2024,1791858827604490
2030017111609,17.12.2024 11:08,аЛексей МиХайлОв,+7(9520)91-52,2,иГруШКА мяч,4,1035.7,164.3,canCEllED,"Задержка с доставкой, печалька...",2024-12-30,5558127184869903
2030017111609,17.12.2024 11:08,аЛексей МиХайлОв,+7(9520)91-52,1,кОрм ДЛЯ собАк,3,1236.62,263.38,CAncelLED,"Задержка с доставкой, печалька...",2024-12-30,5558127184869903
2030017111609,17.12.2024 11:08,аЛексей МиХайлОв,+7(9520)91-52,3,амУНИциЯ ДЛя СОбАк,2,2038.34,361.66,cANcELlEd,"Задержка с доставкой, печалька...",2024-12-30,5558127184869903
2030017110665,2024-12-14 10:55:38,ДмИТРиЙ кузнеЦов,+7 9468 85 63,3,АМуниЦиЯ ДЛя соБаК,2,2111.82,288.18,CAnCEllEd,подарок вовремя,2024-12-02,4867526766169957
2030017109985,12.12.2024 04:14,ИвАН ИВаНов,+7 9117 28 22,4,пОдпиСка На газЕТУ,1,522.49,77.51,cOmPleTED,Ждём с нетерпением!,2024/12/21,0777883622698491
2030017109985,12.12.2024 04:14,ИвАН ИВаНов,+7 9117 28 22,1,корМ длЯ соБАк,2,943.22,56.78,compLeTeD,Ждём с нетерпением!,2024/12/21,0777883622698491
2030017108968,2024/12/04 18:22:52,АннА смИрНОВА,+7(9024)31-11,5,мОлоКО,5,12074.78,2925.22,CaNCElleD,Проверить наличие,2024-12-25,5140851230595988
2030017108968,2024/12/04 18:22:52,АннА смИрНОВА,+7(9024)31-11,5,мОЛоКО,2,5213.32,786.68,canCElLed,Проверить наличие,2024-12-25,5140851230595988
2030017108968,2024/12/04 18:22:52,АннА смИрНОВА,+7(9024)31-11,3,АМУнИцИЯ длЯ СОБАК,1,1140.52,59.48,cancELlED,Проверить наличие,2024-12-25,5140851230595988
2030017108968,2024/12/04 18:22:52,АннА смИрНОВА,+7(9024)31-11,1,коРм дЛЯ сОБак,2,908.12,91.88,cAncEllEd,Проверить наличие,2024-12-25,5140851230595988
2030017108968,2024/12/04 18:22:52,АннА смИрНОВА,+7(9024)31-11,4,ПодпиСкА на ГазетУ,5,2906.93,93.07,caNCELLEd,Проверить наличие,2024-12-25,5140851230595988
2030017107796,31.12.2024 06:33,НАталЬЯ ВАСиЛЬеВа,8(9334) 28-80,3,АмуНициЯ ДЛя СоБАК,4,4657.78,142.22,proCeSsiNG,Нужно уточнить сроки,2024/12/31,5096526048610012
2030017107796,31.12.2024 06:33,НАталЬЯ ВАСиЛЬеВа,8(9334) 28-80,1,кОРМ дЛя собак,1,409.43,90.57,PrOCESSiNG,Нужно уточнить сроки,2024/12/31,5096526048610012
2030017107796,31.12.2024 06:33,НАталЬЯ ВАСиЛЬеВа,8(9334) 28-80,5,моЛОкО,2,4846.45,1153.55,pROCEssINg,Нужно уточнить сроки,2024/12/31,5096526048610012
2030017107796,31.12.2024 06:33,НАталЬЯ ВАСиЛЬеВа,8(9334) 28-80,2,ИГрУшКа мяЧ,2,576.77,23.23,PROCESSINg,Нужно уточнить сроки,2024/12/31,5096526048610012
2030017107796,31.12.2024 06:33,НАталЬЯ ВАСиЛЬеВа,8(9334) 28-80,4,подпИСка На гаЗЕТУ,1,543.59,56.41,PROCESSING,Нужно уточнить сроки,2024/12/31,5096526048610012
2030017106232,2024/12/24 13:02:20,маРиЯ пеТРоВА,+7(9498)85-73,4,пОдпИСка нА ГАзетУ,2,1030.35,169.65,CAnCELLEd,"Задержка с доставкой, печалька...",18.12.2024,0110429176667172
2030017105157,2024/12/01 23:33:31,СергеЙ сиДОРоВ,8(9338) 49-10,4,подПИСКА На ГазеТу,1,554.91,45.09,CANCelLED,Ждём с нетерпением!,2024/12/20,8072841645103562
2030017105157,2024/12/01 23:33:31,СергеЙ сиДОРоВ,8(9338) 49-10,3,аМУнИЦиЯ ДлЯ сОбАК,3,3247.08,352.92,cANceLLed,Ждём с нетерпением!,2024/12/20,8072841645103562
2030017105157,2024/12/01 23:33:31,СергеЙ сиДОРоВ,8(9338) 49-10,1,кОРм дЛЯ сОбак,4,1791.18,208.82,cANCElLEd,Ждём с нетерпением!,2024/12/20,8072841645103562
2030017105157,2024/12/01 23:33:31,СергеЙ сиДОРоВ,8(9338) 49-10,5,мОЛоко,1,2686.93,313.07,CAnCeLled,Ждём с нетерпением!,2024/12/20,8072841645103562
2030017104986,2024/12/11 00:45:18,МАРия ПЕтРОва,+7 9156 88 67,2,иГрУШКа МяЧ,5,1253.48,246.52,ComplETed,Ждём с нетерпением!,2024-12-08,9209054104450776
2030017104986,2024/12/11 00:45:18,МАРия ПЕтРОва,+7 9156 88 67,2,иГрУшКа мяЧ,1,284.34,15.66,CompleTed,Ждём с нетерпением!,2024-12-08,9209054104450776
2030017104986,2024/12/11 00:45:18,МАРия ПЕтРОва,+7 9156 88 67,3,аМУНИЦиЯ дЛЯ СОбАк,1,1125.1,74.9,coMpleted,Ждём с нетерпением!,2024-12-08,9209054104450776
2030017104986,2024/12/11 00:45:18,МАРия ПЕтРОва,+7 9156 88 67,5,МолОкО,2,5511.9,488.1,compLETEd,Ждём с нетерпением!,2024-12-08,9209054104450776
2030017104986,2024/12/11 00:45:18,МАРия ПЕтРОва,+7 9156 88 67,4,ПОДпиСкА на ГАзеТу,5,2519.34,480.66,CoMpLEtEd,Ждём с нетерпением!,2024-12-08,9209054104450776
2030017103604,05.12.2024 09:27,МАРия пеТРОвА,+7 9126 35 97,2,иГРушкА МяЧ,5,1478.32,21.68,COMplEtEd,Проверить наличие,2024-12-13,8455666289365082
2030017103604,05.12.2024 09:27,МАРия пеТРОвА,+7 9126 35 97,5,МоЛоКо,1,2977.17,22.83,CoMPleTeD,Проверить наличие,2024-12-13,8455666289365082
2030017103604,05.12.2024 09:27,МАРия пеТРОвА,+7 9126 35 97,1,КОРМ длЯ СОбаК,1,416.36,83.64,CoMpLeTED,Проверить наличие,2024-12-13,8455666289365082
2030017103604,05.12.2024 09:27,МАРия пеТРОвА,+7 9126 35 97,1,кОРМ ДлЯ СОБАк,3,1460.65,39.35,CoMplEtEd,Проверить наличие,2024-12-13,8455666289365082
2030017102980,2024-12-08 04:31:51,сЕРгЕЙ СИдОрОв,+7(9522)32-80,3,АМУНИЦИЯ Для СоБАк,4,4305.53,494.47,PROcESSINg,Нужно уточнить сроки,2024/12/15,1165496016467476
2030017102980,2024-12-08 04:31:51,сЕРгЕЙ СИдОрОв,+7(9522)32-80,5,молОКо,1,2910.49,89.51,pRoCeSsIng,Нужно уточнить сроки,2024/12/15,1165496016467476
2030017102980,2024-12-08 04:31:51,сЕРгЕЙ СИдОрОв,+7(9522)32-80,3,АмУНиЦиЯ длЯ сОБак,2,2312.24,87.76,PROCessinG,Нужно уточнить сроки,2024/12/15,1165496016467476
2030017102980,2024-12-08 04:31:51,сЕРгЕЙ СИдОрОв,+7(9522)32-80,4,ПоДПиСкА на ГазЕТУ,4,2137.4,262.6,pROcEssIng,Нужно уточнить сроки,2024/12/15,1165496016467476
2030017101659,28.12.2024 16:52,ивАН иваНоВ,+7(9586)15-68,4,ПОдПИсКа На ГАЗЕТУ,4,2040.51,359.49,CompLeted,Нужно уточнить сроки,2024-12-29,3203157611242961
2030017100533,22.12.2024 05:16,еЛЕНа НовИКОВА,8(9986) 78-74,1,кОрМ ДлЯ СОБаК,2,802.63,197.37,pRocESsInG,подарок вовремя,2024/12/16,5874764313036184
2030017099434,23.12.2024 18:25,дМИТРИЙ КузНецоВ,+7(9187)64-90,5,МОЛоКО,3,7367.06,1632.94,PRoCEsSIng,подарок вовремя,22.12.2024,3426136068810804
2030017099434,23.12.2024 18:25,дМИТРИЙ КузНецоВ,+7(9187)64-90,1,кОРМ ДЛЯ СОбак,1,499.42,0.58,PRocESsIng,подарок вовремя,22.12.2024,3426136068810804
2030017099434,23.12.2024 18:25,дМИТРИЙ КузНецоВ,+7(9187)64-90,5,МОлОКО,1,2609.83,390.17,PRoCEssING,подарок вовремя,22.12.2024,3426136068810804
2030017098364,11.12.2024 10:58,иВан ИвАнОв,8(9213) 16-54,3,АМуниЦия ДЛЯ СОбак,5,5393.32,606.68,prOcESSINg,"Задержка с доставкой, печалька...",2024-12-18,7464678885690024
2030017097465,09.12.2024 21:40,АЛЕксЕй мИХайлОВ,+7 9936 67 40,5,мОЛОКо,5,14511.68,488.32,caNcellEd,"Задержка с доставкой, печалька...",2024-12-23,1842464715226982
2030017096552,2024-12-08 05:53:43,елЕНА НоВиКовА,+7 9823 19 48,2,ИГРУШкА мяч,4,1183.26,16.74,canCelLed,Проверить наличие,30.12.2024,3496528768540168
2030017096552,2024-12-08 05:53:43,елЕНА НоВиКовА,+7 9823 19 48,5,молокО,4,11899.45,100.55,cAnceLlED,Проверить наличие,30.12.2024,3496528768540168
2030017096552,2024-12-08 05:53:43,елЕНА НоВиКовА,+7 9823 19 48,5,МоЛоКо,5,14506.41,493.59,CANCELLeD,Проверить наличие,30.12.2024,3496528768540168
2030017096552,2024-12-08 05:53:43,елЕНА НоВиКовА,+7 9823 19 48,5,МОЛОКО,5,13714.24,1285.76,canCElLED,Проверить наличие,30.12.2024,3496528768540168
2030017096552,2024-12-08 05:53:43,елЕНА НоВиКовА,+7 9823 19 48,2,иГрушкА мЯч,5,1324.43,175.57,CANceLlED,Проверить наличие,30.12.2024,3496528768540168
2030017095754,2024-12-22 23:21:49,МихАиЛ ОРЛОВ,8(9077) 32-22,4,пОДПиСКА НА гаЗЕтУ,5,2998.3,1.7,PrOceSSING,подарок вовремя,08.12.2024,1736180593504820
2030017095754,2024-12-22 23:21:49,МихАиЛ ОРЛОВ,8(9077) 32-22,4,ПОдПИСКА На гаЗЕту,2,1024.99,175.01,PrOcESsing,подарок вовремя,08.12.2024,1736180593504820
2030017094557,08.12.2024 18:46,аННА СМИРНоВа,8(9574) 97-85,2,ИгрушкА МяЧ,1,285.81,14.19,complEted,спасибо за заказ,2024-12-06,9953559096571026
2030017094557,08.12.2024 18:46,аННА СМИРНоВа,8(9574) 97-85,2,ИгРУшка мяч,3,783.69,116.31,cOMPLEtED,спасибо за заказ,2024-12-06,9953559096571026
2030017094557,08.12.2024 18:46,аННА СМИРНоВа,8(9574) 97-85,3,АМунИция дЛЯ собАК,3,3422.11,177.89,compLETED,спасибо за заказ,2024-12-06,9953559096571026
2030017094557,08.12.2024 18:46,аННА СМИРНоВа,8(9574) 97-85,1,КОрМ дЛя СобАк,2,980.33,19.67,coMPlEteD,спасибо за заказ,2024-12-06,9953559096571026
2030017094557,08.12.2024 18:46,аННА СМИРНоВа,8(9574) 97-85,5,мОЛОко,5,14428.39,571.61,comPLeTEd,спасибо за заказ,2024-12-06,9953559096571026
2030017093248,2024-12-22 01:56:30,АНна смИрНоВа,+7 9369 67 81,4,ПОДпИСКа НА ГаЗеТу,1,546.94,53.06,COmPLeTED,Ждём с нетерпением!,2024/12/26,2326504381551879
2030017093248,2024-12-22 01:56:30,АНна смИрНоВа,+7 9369 67 81,1,Корм длЯ сОБАк,3,1441.03,58.97,cOMpLETEd,Ждём с нетерпением!,2024/12/26,2326504381551879
2030017093248,2024-12-22 01:56:30,АНна смИрНоВа,+7 9369 67 81,1,кОрМ ДлЯ сОБаК,4,1888.81,111.19,CoMplETed,Ждём с нетерпением!,2024/12/26,2326504381551879
2030017093248,2024-12-22 01:56:30,АНна смИрНоВа,+7 9369 67 81,5,МолОКо,5,12643.04,2356.96,CoMpLETEd,Ждём с нетерпением!,2024/12/26,2326504381551879
2030017093248,2024-12-22 01:56:30,АНна смИрНоВа,+7 9369 67 81,5,мОлОКо,2,5827.65,172.35,compleTed,Ждём с нетерпением!,2024/12/26,2326504381551879
2030017092125,2024/12/25 22:25:25,иВАН иваНОВ,+7(9234)55-50,1,кОРм ДЛя сОбАК,2,919.48,80.52,cANcElLED,спасибо за заказ,20.12.2024,4138055823897580
2030017092125,2024/12/25 22:25:25,иВАН иваНОВ,+7(9234)55-50,3,АМУниЦИя ДЛя собак,3,3218.82,381.18,CanCeLleD,спасибо за заказ,20.12.2024,4138055823897580
2030017092125,2024/12/25 22:25:25,иВАН иваНОВ,+7(9234)55-50,3,аМУНиЦия длЯ СоБАК,2,2234.71,165.29,CANcelLEd,спасибо за заказ,20.12.2024,4138055823897580
2030017092125,2024/12/25 22:25:25,иВАН иваНОВ,+7(9234)55-50,1,КоРм Для сОБак,2,838.53,161.47,CanceLled,спасибо за заказ,20.12.2024,4138055823897580
2030017092125,2024/12/25 22:25:25,иВАН иваНОВ,+7(9234)55-50,3,АМУНИцИя ДЛЯ СОБак,4,4078.39,721.61,cANcElLed,спасибо за заказ,20.12.2024,4138055823897580
2030017091826,2024-12-29 08:43:33,ДМИТриЙ куЗнЕцов,8(9517) 01-66,5,моЛОКо,2,5341.1,658.9,caNceLlED,"Задержка с доставкой, печалька...",2024-12-08,6913218154862383
2030017091826,2024-12-29 08:43:33,ДМИТриЙ куЗнЕцов,8(9517) 01-66,3,аМУнИЦИя ДЛЯ собаК,4,4283.93,516.07,cANcElLed,"Задержка с доставкой, печалька...",2024-12-08,6913218154862383
2030017090536,2024-12-22 14:52:41,иВАН ИВАнОв,+7 9518 69 96,5,моЛОКо,4,10423.3,1576.7,procESSinG,Ждём с нетерпением!,2024-12-16,9833847058637406
2030017090536,2024-12-22 14:52:41,иВАН ИВАнОв,+7 9518 69 96,3,аМУниЦиЯ ДЛЯ соБак,5,5460.47,539.53,pROcESSiNg,Ждём с нетерпением!,2024-12-16,9833847058637406
2030017090536,2024-12-22 14:52:41,иВАН ИВАнОв,+7 9518 69 96,5,МОлОКО,2,5000.0,1000.0,prOcessinG,Ждём с нетерпением!,2024-12-16,9833847058637406
2030017089131,2024-12-13 11:26:24,ИВаН иВАнОв,+7(9140)44-07,1,КоРм длЯ соБАК,3,1367.92,132.08,caNCelLed,Всё отлично!,2024-12-13,0910077395251701
2030017089131,2024-12-13 11:26:24,ИВаН иВАнОв,+7(9140)44-07,2,ИГРУшка МЯЧ,5,1369.41,130.59,caNcElleD,Всё отлично!,2024-12-13,0910077395251701
2030017088153,04.12.2024 23:06,оЛЬГа КуЗнЕЦОВА,+7(9428)75-98,4,ПОДПиСКА НА ГаЗету,2,1129.79,70.21,cANCeLled,подарок вовремя,2024/12/10,1898259126747611
2030017088153,04.12.2024 23:06,оЛЬГа КуЗнЕЦОВА,+7(9428)75-98,3,аМуНИЦИЯ для СоБАК,1,1049.1,150.9,CAncELleD,подарок вовремя,2024/12/10,1898259126747611
2030017087911,09.12.2024 21:17,иван ивАНОв,8(9693) 34-02,2,игРУшКа МяЧ,2,492.58,107.42,caNCELlEd,"Задержка с доставкой, печалька...",11.12.2024,7948544988359664
2030017087911,09.12.2024 21:17,иван ивАНОв,8(9693) 34-02,3,АМУНИцИя ДЛЯ сОбак,5,5357.83,642.17,cAnCELlEd,"Задержка с доставкой, печалька...",11.12.2024,7948544988359664
2030017087911,09.12.2024 21:17,иван ивАНОв,8(9693) 34-02,2,иГруШКА МЯч,2,517.16,82.84,CaNceLlED,"Задержка с доставкой, печалька...",11.12.2024,7948544988359664
2030017087911,09.12.2024 21:17,иван ивАНОв,8(9693) 34-02,1,КОРм длЯ СОБаК,3,1326.38,173.62,CAnCeLleD,"Задержка с доставкой, печалька...",11.12.2024,7948544988359664
2030017086108,2024/12/31 01:12:36,аННа сМИрнОВА,+7 9109 11 41,3,АмУНИЦИЯ Для СобаК,3,3490.12,109.88,cANCeLled,Проверить наличие,2024/12/28,3482863324004955
2030017086108,2024/12/31 01:12:36,аННа сМИрнОВА,+7 9109 11 41,4,ПОДпИСКА НА гАЗЕту,3,1537.53,262.47,cAnCelled,Проверить наличие,2024/12/28,3482863324004955
2030017086108,2024/12/31 01:12:36,аННа сМИрнОВА,+7 9109 11 41,1,КОРМ длЯ собак,2,905.87,94.13,CancELLEd,Проверить наличие,2024/12/28,3482863324004955
2030017086108,2024/12/31 01:12:36,аННа сМИрнОВА,+7 9109 11 41,1,кОрм Для сОбАк,4,1993.06,6.94,CancELlED,Проверить наличие,2024/12/28,3482863324004955
2030017085619,28.12.2024 12:23,ИВАн ИВАНоВ,8(9238) 67-18,3,аМУНИЦия ДлЯ СоБаК,3,2921.52,678.48,cOMpleTed,"Задержка с доставкой, печалька...",2024/12/21,4485216660616053
2030017085619,28.12.2024 12:23,ИВАн ИВАНоВ,8(9238) 67-18,5,моЛОкО,5,12870.21,2129.79,CoMPleteD,"Задержка с доставкой, печалька...",2024/12/21,4485216660616053
2030017085619,28.12.2024 12:23,ИВАн ИВАНоВ,8(9238) 67-18,5,Молоко,5,13093.35,1906.65,COmpLeTEd,"Задержка с доставкой, печалька...",2024/12/21,4485216660616053
2030017085619,28.12.2024 12:23,ИВАн ИВАНоВ,8(9238) 67-18,5,мОлоКО,4,10045.37,1954.63,cOmPLEtEd,"Задержка с доставкой, печалька...",2024/12/21,4485216660616053
2030017085619,28.12.2024 12:23,ИВАн ИВАНоВ,8(9238) 67-18,4,поДписка на гАзеТУ,5,2705.22,294.78,comPleted,"Задержка с доставкой, печалька...",2024/12/21,4485216660616053
2030017084949,08.12.2024 06:40,ЕлеНА НОВИКова,+7(9145)71-38,3,АМунициЯ ДЛя сОБаК,2,2251.81,148.19,CaNcELLEd,Нужно уточнить сроки,06.12.2024,7245604221429699
2030017084949,08.12.2024 06:40,ЕлеНА НОВИКова,+7(9145)71-38,2,ИГРушкА МяЧ,1,298.83,1.17,CANcELLed,Нужно уточнить сроки,06.12.2024,7245604221429699
2030017084949,08.12.2024 06:40,ЕлеНА НОВИКова,+7(9145)71-38,2,ИгРУшкА мяЧ,3,840.7,59.3,canCELlED,Нужно уточнить сроки,06.12.2024,7245604221429699
2030017083285,2024-12-21 09:27:36,аЛЕкСЕй МиХАйлов,+7 9167 60 78,3,АМУНицИя для сОБак,2,2367.95,32.05,pROCESSiNG,Ждём с нетерпением!,18.12.2024,4348060094092047
2030017083285,2024-12-21 09:27:36,аЛЕкСЕй МиХАйлов,+7 9167 60 78,1,кОРм ДЛЯ Собак,4,1846.96,153.04,PROceSSInG,Ждём с нетерпением!,18.12.2024,4348060094092047
2030017082781,2024-12-06 20:59:09,иВАн ивАнов,+7(9456)20-15,4,ПоДпиСКа на ГАЗЕТу,4,1955.75,444.25,caNcELLEd,Проверить наличие,2024-12-23,2833354507607639
2030017082781,2024-12-06 20:59:09,иВАн ивАнов,+7(9456)20-15,3,АМУНиЦия длЯ собаК,3,3130.0,470.0,cANcEllEd,Проверить наличие,2024-12-23,2833354507607639
2030017081131,03.12.2024 23:18,МИхАиЛ ОрлОВ,+7(9440)30-15,1,КОрм дЛЯ сОБак,1,423.76,76.24,CaNCeLlED,подарок вовремя,2024/12/31,1788323584923427
2030017081131,03.12.2024 23:18,МИхАиЛ ОрлОВ,+7(9440)30-15,4,поДпиСка НА газЕТу,1,584.01,15.99,cANCELled,подарок вовремя,2024/12/31,1788323584923427
2030017081131,03.12.2024 23:18,МИхАиЛ ОрлОВ,+7(9440)30-15,2,игрУШКА мЯЧ,4,1086.45,113.55,CanCeLlEd,подарок вовремя,2024/12/31,1788323584923427
2030017081131,03.12.2024 23:18,МИхАиЛ ОрлОВ,+7(9440)30-15,1,коРМ дЛЯ Собак,1,420.09,79.91,CANcElLed,подарок вовремя,2024/12/31,1788323584923427
2030017080311,28.12.2024 19:57,мАрИя ПетрОва,+7(9330)09-18,4,ПОДПИСКА нА ГазЕту,2,1010.18,189.82,PROcESSinG,Ждём с нетерпением!,2024/12/22,5202660662955004
2030017080311,28.12.2024 19:57,мАрИя ПетрОва,+7(9330)09-18,4,ПОДпИсКА нА гаЗЕту,1,582.35,17.65,PROcessing,Ждём с нетерпением!,2024/12/22,5202660662955004
2030017080311,28.12.2024 19:57,мАрИя ПетрОва,+7(9330)09-18,4,пОдПИСкА на гАзеТУ,1,519.21,80.79,prOCESsiNg,Ждём с нетерпением!,2024/12/22,5202660662955004
2030017079485,2024/12/16 16:11:56,ИвАН ивАНОв,8(9804) 03-07,2,ИгрушкА МЯч,1,254.23,45.77,coMPLetED,спасибо за заказ,2024/12/13,5297115180095910
2030017079485,2024/12/16 16:11:56,ИвАН ивАНОв,8(9804) 03-07,5,МОлОкО,1,2703.17,296.83,CoMPLEtEd,спасибо за заказ,2024/12/13,5297115180095910
2030017079485,2024/12/16 16:11:56,ИвАН ивАНОв,8(9804) 03-07,5,МолОКо,3,7707.44,1292.56,coMPLeted,спасибо за заказ,2024/12/13,5297115180095910
2030017078520,12.12.2024 11:11,ОЛьгА КУЗнЕЦова,8(9054) 64-79,4,ПоДПиСка на ГАЗЕту,2,1062.51,137.49,ComPleTED,Проверить наличие,06.12.2024,8523520558362714
2030017078520,12.12.2024 11:11,ОЛьгА КУЗнЕЦова,8(9054) 64-79,1,кОрм длЯ СОбаК,1,477.35,22.65,completeD,Проверить наличие,06.12.2024,8523520558362714
2030017077105,2024-12-30 03:47:01,МИХаИЛ оРлОВ,8(9985) 80-47,1,коРМ ДЛЯ СоБак,1,463.78,36.22,comPletEd,Проверить наличие,11.12.2024,5643322334702766
2030017077105,2024-12-30 03:47:01,МИХаИЛ оРлОВ,8(9985) 80-47,2,ИгрУШКа мяЧ,1,284.2,15.8,CompletEd,Проверить наличие,11.12.2024,5643322334702766
2030017077105,2024-12-30 03:47:01,МИХаИЛ оРлОВ,8(9985) 80-47,5,молоКо,3,8275.21,724.79,comPlETeD,Проверить наличие,11.12.2024,5643322334702766
2030017077105,2024-12-30 03:47:01,МИХаИЛ оРлОВ,8(9985) 80-47,3,АмуНиЦИЯ ДлЯ СоБАК,1,1072.14,127.86,ComPletEd,Проверить наличие,11.12.2024,5643322334702766
2030017077105,2024-12-30 03:47:01,МИХаИЛ оРлОВ,8(9985) 80-47,1,кОрМ Для СОБАк,3,1459.25,40.75,ComPleTed,Проверить наличие,11.12.2024,5643322334702766
2030017076903,2024/12/29 07:38:53,ИВан иВАнОВ,+7 9098 45 77,5,МолОКо,2,5551.05,448.95,cAnCeLleD,Всё отлично!,2024-12-10,0094955709915441
2030017076903,2024/12/29 07:38:53,ИВан иВАнОВ,+7 9098 45 77,5,МолОкО,5,12491.09,2508.91,CanCelLeD,Всё отлично!,2024-12-10,0094955709915441
2030017075629,2024-12-19 02:36:59,сЕРгЕй сиДОров,+7(9864)94-25,1,КОрМ ДЛЯ сОбАК,2,982.58,17.42,COMPlETed,спасибо за заказ,2024-12-25,7891767338833930
2030017075629,2024-12-19 02:36:59,сЕРгЕй сиДОров,+7(9864)94-25,5,МОЛоКо,1,2968.82,31.18,COMPleTed,спасибо за заказ,2024-12-25,7891767338833930
2030017075629,2024-12-19 02:36:59,сЕРгЕй сиДОров,+7(9864)94-25,2,ИГрУШка МЯч,5,1317.11,182.89,COMpletEd,спасибо за заказ,2024-12-25,7891767338833930
2030017075629,2024-12-19 02:36:59,сЕРгЕй сиДОров,+7(9864)94-25,4,ПоДпискА нА ГазЕту,3,1619.3,180.7,comPLEteD,спасибо за заказ,2024-12-25,7891767338833930
2030017074886,22.12.2024 06:09,ОлЬга кузнецОВа,8(9907) 76-59,1,кОРМ дЛЯ соБАк,5,2477.3,22.7,cAnCElLEd,спасибо за заказ,2024/12/27,4606193251843764
2030017074886,22.12.2024 06:09,ОлЬга кузнецОВа,8(9907) 76-59,5,мОлокО,4,10367.64,1632.36,canCELLed,спасибо за заказ,2024/12/27,4606193251843764
2030017074886,22.12.2024 06:09,ОлЬга кузнецОВа,8(9907) 76-59,3,АМунИЦия для соБАк,2,2036.84,363.16,cAncEllEd,спасибо за заказ,2024/12/27,4606193251843764
2030017074886,22.12.2024 06:09,ОлЬга кузнецОВа,8(9907) 76-59,3,амунИЦИя длЯ собАк,2,2166.02,233.98,cANcELlEd,спасибо за заказ,2024/12/27,4606193251843764
2030017073478,05.12.2024 16:51,нАталЬя ВАСИЛьЕВА,+7 9521 29 83,2,игрУшКа Мяч,3,819.63,80.37,CAnceLLED,Всё отлично!,2024-12-21,4208140895349516
2030017073478,05.12.2024 16:51,нАталЬя ВАСИЛьЕВА,+7 9521 29 83,5,мОлОко,5,13799.15,1200.85,CANceLlEd,Всё отлично!,2024-12-21,4208140895349516
2030017072972,2024-12-10 14:38:52,СеРгЕй сИдорОв,8(9080) 28-18,4,ПОДПисКА нА гаЗЕту,2,1193.98,6.02,cANCELLeD,Проверить наличие,2024-12-28,0401996464365829
2030017072972,2024-12-10 14:38:52,СеРгЕй сИдорОв,8(9080) 28-18,3,амУнИЦИЯ дЛя СОбак,5,4837.47,1162.53,cAnCeLLed,Проверить наличие,2024-12-28,0401996464365829
2030017072972,2024-12-10 14:38:52,СеРгЕй сИдорОв,8(9080) 28-18,5,МОЛОко,5,12513.84,2486.16,CANCEllEd,Проверить наличие,2024-12-28,0401996464365829
2030017072972,2024-12-10 14:38:52,СеРгЕй сИдорОв,8(9080) 28-18,1,кОрМ дЛЯ собак,5,2135.48,364.52,cancELLEd,Проверить наличие,2024-12-28,0401996464365829
2030017072972,2024-12-10 14:38:52,СеРгЕй сИдорОв,8(9080) 28-18,1,КоРм ДЛЯ сОБАК,5,2168.23,331.77,cAncElLEd,Проверить наличие,2024-12-28,0401996464365829
2030017071267,2024/12/01 00:39:32,АлЕКСеЙ михаЙЛОв,8(9291) 32-88,5,МоЛОКО,3,8498.44,501.56,PROCESSiNg,Нужно уточнить сроки,03.12.2024,3948233450283511
2030017071267,2024/12/01 00:39:32,АлЕКСеЙ михаЙЛОв,8(9291) 32-88,3,АМуНИциЯ Для СоБак,2,2146.35,253.65,pRoCEssiNg,Нужно уточнить сроки,03.12.2024,3948233450283511
2030017071267,2024/12/01 00:39:32,АлЕКСеЙ михаЙЛОв,8(9291) 32-88,2,иГРУшка мяч,4,1099.66,100.34,PrOCessing,Нужно уточнить сроки,03.12.2024,3948233450283511
2030017071267,2024/12/01 00:39:32,АлЕКСеЙ михаЙЛОв,8(9291) 32-88,2,ИГрУШКА мЯЧ,5,1298.97,201.03,pRoCeSSINg,Нужно уточнить сроки,03.12.2024,3948233450283511
2030017070419,2024-12-01 10:38:40,дМиТРИй КУЗнецоВ,+7(9971)69-02,2,ИгрУшКА МЯч,1,264.49,35.51,compLeTeD,спасибо за заказ,2024/12/23,4231094608351851
2030017070419,2024-12-01 10:38:40,дМиТРИй КУЗнецоВ,+7(9971)69-02,3,АМУНИциЯ Для СОБаК,3,3182.22,417.78,COMPlETeD,спасибо за заказ,2024/12/23,4231094608351851
2030017070419,2024-12-01 10:38:40,дМиТРИй КУЗнецоВ,+7(9971)69-02,3,АмуниЦия дЛЯ СоБАК,5,5854.16,145.84,CompLeteD,спасибо за заказ,2024/12/23,4231094608351851
2030017069316,2024-12-11 04:28:25,Дмитрий КуЗнецОв,8(9727) 34-91,3,амУНиЦиЯ длЯ СобАК,2,2273.02,126.98,coMpLETED,Нужно уточнить сроки,2024/12/14,6540835491954773
2030017069316,2024-12-11 04:28:25,Дмитрий КуЗнецОв,8(9727) 34-91,1,КОрМ ДлЯ СоБАК,1,481.35,18.65,coMplETeD,Нужно уточнить сроки,2024/12/14,6540835491954773
2030017069316,2024-12-11 04:28:25,Дмитрий КуЗнецОв,8(9727) 34-91,5,МоЛоКО,4,11204.79,795.21,cOMpLeTEd,Нужно уточнить сроки,2024/12/14,6540835491954773
2030017069316,2024-12-11 04:28:25,Дмитрий КуЗнецОв,8(9727) 34-91,3,амуНиЦИя для соБАк,1,1009.13,190.87,compLetEd,Нужно уточнить сроки,2024/12/14,6540835491954773
2030017069316,2024-12-11 04:28:25,Дмитрий КуЗнецОв,8(9727) 34-91,3,аМУницИя дЛЯ соБАК,1,1052.76,147.24,cOmPleted,Нужно уточнить сроки,2024/12/14,6540835491954773
2030017068788,03.12.2024 17:46,ОЛьГА КузНЕцОвА,8(9759) 96-00,5,моЛоКО,3,8737.47,262.53,pROcESsINg,подарок вовремя,2024-12-29,1439161810755412
2030017068788,03.12.2024 17:46,ОЛьГА КузНЕцОвА,8(9759) 96-00,2,иГруШкА мяч,2,560.68,39.32,PROCEsSiNG,подарок вовремя,2024-12-29,1439161810755412
2030017068788,03.12.2024 17:46,ОЛьГА КузНЕцОвА,8(9759) 96-00,4,ПодПиСка нА ГазЕТУ,1,551.1,48.9,PROCEsSing,подарок вовремя,2024-12-29,1439161810755412
2030017067258,2024/12/28 14:33:59,МИХаИЛ ОрлОВ,+7 9254 48 50,3,АМУНИцИя ДЛЯ сОБаК,4,4009.98,790.02,procEsSInG,"Задержка с доставкой, печалька...",2024/12/05,6690603833621014
2030017067258,2024/12/28 14:33:59,МИХаИЛ ОрлОВ,+7 9254 48 50,4,ПОдПиСКА нА ГАЗетУ,2,1068.35,131.65,pRocEssING,"Задержка с доставкой, печалька...",2024/12/05,6690603833621014
2030017066905,08.12.2024 14:52,мАрИя пЕтРова,8(9752) 94-43,1,КОРм ДЛя собАК,1,413.47,86.53,CAncELlEd,Всё отлично!,19.12.2024,6735764964929842
2030017066905,08.12.2024 14:52,мАрИя пЕтРова,8(9752) 94-43,4,ПоДписка НА гАзеТу,2,1030.91,169.09,canCeLLed,Всё отлично!,19.12.2024,6735764964929842
2030017066905,08.12.2024 14:52,мАрИя пЕтРова,8(9752) 94-43,5,мОЛОКО,5,12491.03,2508.97,CaNceLlED,Всё отлично!,19.12.2024,6735764964929842
2030017066905,08.12.2024 14:52,мАрИя пЕтРова,8(9752) 94-43,3,аМУнИциЯ ДЛЯ СОбАк,2,2359.69,40.31,cancelLED,Всё отлично!,19.12.2024,6735764964929842
2030017065730,09.12.2024 20:03,АЛЕкСЕй МИХайлОВ,+7 9665 77 58,4,поДпИСка нА ГАЗЕТу,1,484.97,115.03,PROCeSSiNG,"Задержка с доставкой, печалька...",2024-12-11,8788034431348976
2030017064203,2024/12/18 10:49:29,ИВАн ИВанов,+7(9943)11-02,4,пОдпискА НА гаЗЕТУ,4,2068.89,331.11,CanCELLed,Нужно уточнить сроки,2024-12-28,7082738677251901
2030017064203,2024/12/18 10:49:29,ИВАн ИВанов,+7(9943)11-02,5,мОлоКО,3,7674.43,1325.57,CAnCelLEd,Нужно уточнить сроки,2024-12-28,7082738677251901
2030017063400,2024-12-27 15:33:58,марИя ПЕтРовА,+7 9087 17 95,4,подПиСКА НА гАзЕтУ,3,1457.91,342.09,PrOCesSiNg,"Задержка с доставкой, печалька...",26.12.2024,7582894360256167
2030017063400,2024-12-27 15:33:58,марИя ПЕтРовА,+7 9087 17 95,5,МолОКо,5,14228.07,771.93,ProcESSIng,"Задержка с доставкой, печалька...",26.12.2024,7582894360256167
2030017063400,2024-12-27 15:33:58,марИя ПЕтРовА,+7 9087 17 95,1,кОРм длЯ собак,3,1257.19,242.81,pROcESSiNg,"Задержка с доставкой, печалька...",26.12.2024,7582894360256167
2030017062742,29.12.2024 12:20,АННА СмИРНоВА,8(9854) 27-02,2,игРУшКА мЯЧ,2,536.67,63.33,CAncelLed,спасибо за заказ,21.12.2024,2584321057066005
2030017061960,05.12.2024 13:06,МИХАИл ОрлоВ,8(9587) 30-17,3,амУнИЦиЯ Для сОБаК,5,5131.91,868.09,ProcEssiNg,Всё отлично!,2024/12/07,5178910596999762
2030017061960,05.12.2024 13:06,МИХАИл ОрлоВ,8(9587) 30-17,1,кОрм дЛя собаК,2,999.79,0.21,pRocEssiNg,Всё отлично!,2024/12/07,5178910596999762
2030017061960,05.12.2024 13:06,МИХАИл ОрлоВ,8(9587) 30-17,1,коРМ дЛЯ СоБАк,4,1921.14,78.86,proCEssIng,Всё отлично!,2024/12/07,5178910596999762
2030017060341,2024/12/11 08:06:58,ДМИТРИЙ Кузнецов,+7(9722)84-19,5,моЛОко,2,5639.54,360.46,PrOceSSiNg,Всё отлично!,2024-12-05,8242040632023455
2030017059464,2024/12/11 08:16:22,ИвАн иВАНоВ,8(9979) 87-28,1,КорМ для СОБаК,2,810.01,189.99,CanCellED,Нужно уточнить сроки,2024-12-04,4123422436389186
2030017059464,2024/12/11 08:16:22,ИвАн иВАНоВ,8(9979) 87-28,4,пОДПИска НА ГаЗетУ,2,1181.21,18.79,canceLled,Нужно уточнить сроки,2024-12-04,4123422436389186
2030017059464,2024/12/11 08:16:22,ИвАн иВАНоВ,8(9979) 87-28,3,аМуницИя Для соБАК,1,1097.08,102.92,cANcEllEd,Нужно уточнить сроки,2024-12-04,4123422436389186
2030017059464,2024/12/11 08:16:22,ИвАн иВАНоВ,8(9979) 87-28,1,Корм дЛя сОбаК,1,427.83,72.17,cAncELLEd,Нужно уточнить сроки,2024-12-04,4123422436389186
2030017059464,2024/12/11 08:16:22,ИвАн иВАНоВ,8(9979) 87-28,2,ИГРУшка МяЧ,3,850.62,49.38,CanCeLlED,Нужно уточнить сроки,2024-12-04,4123422436389186
2030017058829,28.12.2024 19:28,МариЯ ПетроВА,+7(9608)14-05,1,корм длЯ сОБак,4,1833.28,166.72,ComPLeted,спасибо за заказ,2024-12-17,3317690700923034
2030017057238,2024-12-25 09:58:26,аНнА смИРноВА,8(9164) 71-39,5,моЛОкО,1,2994.78,5.22,PROcESSINg,спасибо за заказ,2024-12-28,9885970610204698
2030017056618,2024-12-29 15:12:51,аЛеКСЕЙ МИхАйЛов,+7 9723 30 08,4,поДпИскА нА гаЗеТУ,5,2595.35,404.65,CANceLLed,Проверить наличие,2024/12/17,4645453354436785
2030017056618,2024-12-29 15:12:51,аЛеКСЕЙ МИхАйЛов,+7 9723 30 08,1,кОрм дЛя СоБаК,4,1989.41,10.59,CANceLleD,Проверить наличие,2024/12/17,4645453354436785
2030017056618,2024-12-29 15:12:51,аЛеКСЕЙ МИхАйЛов,+7 9723 30 08,5,мОЛоКо,2,4890.28,1109.72,CAnCELlEd,Проверить наличие,2024/12/17,4645453354436785
2030017056618,2024-12-29 15:12:51,аЛеКСЕЙ МИхАйЛов,+7 9723 30 08,3,АМунИЦИЯ дЛя собАк,2,2282.95,117.05,canCElLeD,Проверить наличие,2024/12/17,4645453354436785
2030017055479,2024/12/10 06:39:35,АнНа СмИРноВа,+7(9244)39-21,3,АмУНИция ДЛЯ сОБАк,5,5912.88,87.12,proCesSinG,Ждём с нетерпением!,2024/12/27,2151309734060159
2030017055479,2024/12/10 06:39:35,АнНа СмИРноВа,+7(9244)39-21,3,амуНиЦИя Для СОбаК,1,989.74,210.26,ProcESsing,Ждём с нетерпением!,2024/12/27,2151309734060159
2030017055479,2024/12/10 06:39:35,АнНа СмИРноВа,+7(9244)39-21,3,АмуНиЦИЯ длЯ собАк,3,3126.87,473.13,ProCEsSiNg,Ждём с нетерпением!,2024/12/27,2151309734060159
2030017054384,2024-12-01 14:08:14,АНнА сМИрноВА,+7(9914)76-19,5,молОкО,2,5215.67,784.33,ProCeSSiNg,"Задержка с доставкой, печалька...",2024-12-23,9721695668859868
2030017054384,2024-12-01 14:08:14,АНнА сМИрноВА,+7(9914)76-19,2,иГРуШКА мЯЧ,3,761.55,138.45,pRoCeSsinG,"Задержка с доставкой, печалька...",2024-12-23,9721695668859868
2030017054384,2024-12-01 14:08:14,АНнА сМИрноВА,+7(9914)76-19,1,корМ длЯ СоБак,2,968.1,31.9,PrOCEssINg,"Задержка с доставкой, печалька...",2024-12-23,9721695668859868
2030017053632,2024-12-02 00:38:47,АЛЕКсЕЙ мИхАйЛОВ,+7 9018 39 32,4,подпИСкА На гАзету,1,547.34,52.66,comPLetED,Нужно уточнить сроки,2024-12-27,2138236494371962
2030017052985,31.12.2024 14:09,мАРИЯ пеТрОВа,+7(9782)30-08,1,КОРм ДлЯ СобАк,4,1893.66,106.34,compLeteD,подарок вовремя,2024-12-06,7653035648797501
2030017051572,2024/12/25 15:42:34,аЛЕКсеЙ МИхаЙлов,+7(9960)62-00,5,мОлОкО,4,9722.72,2277.28,COmpLEtED,Нужно уточнить сроки,2024-12-23,7966258037555874
2030017051572,2024/12/25 15:42:34,аЛЕКсеЙ МИхаЙлов,+7(9960)62-00,1,коРм длЯ собАК,1,466.65,33.35,coMpLeTed,Нужно уточнить сроки,2024-12-23,7966258037555874
2030017050589,2024/12/13 08:29:14,сЕРГей СИдОРОв,8(9597) 49-94,2,игрушКа Мяч,4,1045.19,154.81,coMPlEtED,Всё отлично!,2024/12/17,9403702414447834
2030017050589,2024/12/13 08:29:14,сЕРГей СИдОРОв,8(9597) 49-94,3,АмуНицИя для соБАк,3,3567.67,32.33,COmPlETeD,Всё отлично!,2024/12/17,9403702414447834
2030017049510,09.12.2024 10:43,СЕРГей СиДОроВ,+7(9711)62-05,5,МолокО,3,7291.39,1708.61,prOcESsiNG,Ждём с нетерпением!,2024-12-06,4262344072468394
2030017049510,09.12.2024 10:43,СЕРГей СиДОроВ,+7(9711)62-05,3,АмунИцИЯ Для СОбаК,1,1148.69,51.31,prOceSSiNG,Ждём с нетерпением!,2024-12-06,4262344072468394
2030017049510,09.12.2024 10:43,СЕРГей СиДОроВ,+7(9711)62-05,4,ПОДПиСКА НА гАЗЕтУ,1,522.98,77.02,PRocesSiNG,Ждём с нетерпением!,2024-12-06,4262344072468394
2030017049510,09.12.2024 10:43,СЕРГей СиДОроВ,+7(9711)62-05,5,МОЛоко,4,9902.36,2097.64,PROCESSinG,Ждём с нетерпением!,2024-12-06,4262344072468394
2030017048778,2024-12-03 21:59:41,МихаИЛ орЛоВ,+7 9437 70 97,1,КорМ дЛя сОбак,5,2295.74,204.26,CompLEteD,Ждём с нетерпением!,21.12.2024,3226723889221838
2030017048778,2024-12-03 21:59:41,МихаИЛ орЛоВ,+7 9437 70 97,5,молОко,4,10634.29,1365.71,cOmpleTed,Ждём с нетерпением!,21.12.2024,3226723889221838
2030017047658,2024/12/29 17:55:12,МаРия пеТРОВА,+7 9308 33 61,5,МОЛОко,1,2592.43,407.57,CanCELLed,Ждём с нетерпением!,10.12.2024,3804957149241174
2030017047658,2024/12/29 17:55:12,МаРия пеТРОВА,+7 9308 33 61,1,КОРм для собАК,4,1670.94,329.06,CanCelled,Ждём с нетерпением!,10.12.2024,3804957149241174
2030017046535,14.12.2024 13:34,алЕкСЕЙ МИХАйлоВ,+7(9329)68-46,3,аМУниЦиЯ ДлЯ сОБаК,4,4167.21,632.79,procESSing,"Задержка с доставкой, печалька...",2024-12-26,6944993453171993
2030017046535,14.12.2024 13:34,алЕкСЕЙ МИХАйлоВ,+7(9329)68-46,4,ПОдпИСка На гАзЕту,4,1931.01,468.99,PrOceSsinG,"Задержка с доставкой, печалька...",2024-12-26,6944993453171993
2030017046535,14.12.2024 13:34,алЕкСЕЙ МИХАйлоВ,+7(9329)68-46,1,кОРм ДЛя сОБАк,2,802.59,197.41,ProcEsSING,"Задержка с доставкой, печалька...",2024-12-26,6944993453171993
2030017045184,2024-12-31 10:36:39,СЕрГЕЙ сИДоров,8(9443) 11-43,2,ИГруШка мЯч,4,1069.56,130.44,pROceSsINg,Всё отлично!,2024/12/03,9750376640374175
2030017045184,2024-12-31 10:36:39,СЕрГЕЙ сИДоров,8(9443) 11-43,1,Корм Для собак,1,487.02,12.98,PROcESsInG,Всё отлично!,2024/12/03,9750376640374175
2030017045184,2024-12-31 10:36:39,СЕрГЕЙ сИДоров,8(9443) 11-43,5,мОЛоко,1,2493.45,506.55,prOCESSiNg,Всё отлично!,2024/12/03,9750376640374175
2030017045184,2024-12-31 10:36:39,СЕрГЕЙ сИДоров,8(9443) 11-43,4,пОдпИскА На ГазЕТу,1,525.77,74.23,pRoCESsInG,Всё отлично!,2024/12/03,9750376640374175
2030017045184,2024-12-31 10:36:39,СЕрГЕЙ сИДоров,8(9443) 11-43,2,ИГРуШка мЯЧ,5,1438.98,61.02,prOceSsINg,Всё отлично!,2024/12/03,9750376640374175
2030017044935,07.12.2024 06:36,СЕРгЕй сидоРоВ,+7 9771 68 52,4,пОДПиСКа нА гАЗЕТу,1,536.18,63.82,CANCElled,Всё отлично!,2024/12/25,7031020415584858
2030017044935,07.12.2024 06:36,СЕРгЕй сидоРоВ,+7 9771 68 52,1,КОрм дЛЯ СОбак,2,863.18,136.82,cANCellEd,Всё отлично!,2024/12/25,7031020415584858
2030017044935,07.12.2024 06:36,СЕРгЕй сидоРоВ,+7 9771 68 52,1,коРм дЛя СоБаК,1,465.4,34.6,cancEllED,Всё отлично!,2024/12/25,7031020415584858
2030017044935,07.12.2024 06:36,СЕРгЕй сидоРоВ,+7 9771 68 52,5,МОЛоКо,5,12770.65,2229.35,CaNcelLED,Всё отлично!,2024/12/25,7031020415584858
2030017044935,07.12.2024 06:36,СЕРгЕй сидоРоВ,+7 9771 68 52,2,ИгруШкА мяЧ,5,1211.26,288.74,caNcElled,Всё отлично!,2024/12/25,7031020415584858
2030017043420,2024/12/13 09:44:22,серГЕЙ сИдорОВ,8(9033) 81-37,4,пОдпИСкА нА гАзЕТу,5,2536.81,463.19,PRocESsiNG,Ждём с нетерпением!,2024/12/13,9051538121086489
2030017042119,2024/12/28 01:31:16,ОлЬга кузнЕцОвА,8(9414) 72-33,3,амУНИЦИЯ ДЛЯ СобАК,2,2170.4,229.6,canCeLled,Проверить наличие,2024-12-14,9480072995373837
2030017042119,2024/12/28 01:31:16,ОлЬга кузнЕцОвА,8(9414) 72-33,4,ПОДпИсКа на гАзеТу,4,1934.96,465.04,canCellEd,Проверить наличие,2024-12-14,9480072995373837
2030017041549,05.12.2024 14:59,нАтАЛьЯ вАСИЛЬеВА,+7(9223)80-42,4,поДПИСКа на ГАЗЕТу,3,1623.82,176.18,PRoceSSIng,Всё отлично!,2024/12/20,2501004516235867
2030017041549,05.12.2024 14:59,нАтАЛьЯ вАСИЛЬеВА,+7(9223)80-42,3,аМУнИЦиЯ длЯ СОБАк,5,5573.08,426.92,pROceSSinG,Всё отлично!,2024/12/20,2501004516235867
2030017041549,05.12.2024 14:59,нАтАЛьЯ вАСИЛЬеВА,+7(9223)80-42,4,ПодписКа На гаЗЕту,4,2289.66,110.34,PRoCEsSING,Всё отлично!,2024/12/20,2501004516235867
2030017041549,05.12.2024 14:59,нАтАЛьЯ вАСИЛЬеВА,+7(9223)80-42,2,ИГрУШкА Мяч,4,1074.5,125.5,PrOCESsING,Всё отлично!,2024/12/20,2501004516235867
2030017041549,05.12.2024 14:59,нАтАЛьЯ вАСИЛЬеВА,+7(9223)80-42,3,амунИЦиЯ дЛя сОбак,5,5359.5,640.5,PRoCeSsing,Всё отлично!,2024/12/20,2501004516235867
2030017040215,2024-12-09 01:49:42,сеРгЕЙ сИдОров,8(9767) 28-75,5,МОЛОкО,2,5910.24,89.76,cOmPlEtEd,Всё отлично!,2024-12-08,1898953010944664
2030017040215,2024-12-09 01:49:42,сеРгЕЙ сИдОров,8(9767) 28-75,1,кОрм Для Собак,5,2465.99,34.01,COMPLetED,Всё отлично!,2024-12-08,1898953010944664
2030017040215,2024-12-09 01:49:42,сеРгЕЙ сИдОров,8(9767) 28-75,3,аМУниЦия Для соБак,3,3182.75,417.25,coMPleTED,Всё отлично!,2024-12-08,1898953010944664
2030017040215,2024-12-09 01:49:42,сеРгЕЙ сИдОров,8(9767) 28-75,1,КоРм длЯ соБаК,4,1802.89,197.11,compLeTeD,Всё отлично!,2024-12-08,1898953010944664
2030017039563,2024/12/11 09:32:22,МАРиЯ пЕтРоВа,+7 9836 61 62,4,ПОдПиСка НА ГАзЕТУ,5,2526.09,473.91,CoMPLEtED,Нужно уточнить сроки,31.12.2024,9623812687893302
2030017039563,2024/12/11 09:32:22,МАРиЯ пЕтРоВа,+7 9836 61 62,2,ИгРУШка МЯЧ,3,868.23,31.77,cOMpleTed,Нужно уточнить сроки,31.12.2024,9623812687893302
2030017039563,2024/12/11 09:32:22,МАРиЯ пЕтРоВа,+7 9836 61 62,5,молОКо,2,5870.03,129.97,cOmpLEteD,Нужно уточнить сроки,31.12.2024,9623812687893302
2030017038451,2024/12/11 10:34:51,алеКСЕй миХАйЛОВ,8(9331) 14-69,3,аМУнИция для собАк,4,4318.73,481.27,pRoCESsIng,Всё отлично!,2024/12/25,5392326819406359
2030017038451,2024/12/11 10:34:51,алеКСЕй миХАйЛОВ,8(9331) 14-69,2,иГрУШКа Мяч,1,278.09,21.91,pRoceSSing,Всё отлично!,2024/12/25,5392326819406359
2030017038451,2024/12/11 10:34:51,алеКСЕй миХАйЛОВ,8(9331) 14-69,3,АмУНиция ДЛЯ сОБАК,5,5712.36,287.64,PRocessinG,Всё отлично!,2024/12/25,5392326819406359
2030017038451,2024/12/11 10:34:51,алеКСЕй миХАйЛОВ,8(9331) 14-69,2,ИгРушкА МяЧ,3,868.3,31.7,ProCessInG,Всё отлично!,2024/12/25,5392326819406359
2030017038451,2024/12/11 10:34:51,алеКСЕй миХАйЛОВ,8(9331) 14-69,4,пОДПиска на ГаЗетУ,5,2770.74,229.26,ProcEssING,Всё отлично!,2024/12/25,5392326819406359
2030017037202,31.12.2024 04:33,МарИя пеТрОВА,+7 9336 33 64,2,игрУшКа мЯч,4,1102.01,97.99,canCELLED,Нужно уточнить сроки,2024/12/19,0548749106659441
2030017037202,31.12.2024 04:33,МарИя пеТрОВА,+7 9336 33 64,1,КОРМ для сОБаК,5,2324.26,175.74,CAnCElLED,Нужно уточнить сроки,2024/12/19,0548749106659441
2030017037202,31.12.2024 04:33,МарИя пеТрОВА,+7 9336 33 64,5,мОЛокО,5,13178.16,1821.84,CAncELLEd,Нужно уточнить сроки,2024/12/19,0548749106659441
2030017037202,31.12.2024 04:33,МарИя пеТрОВА,+7 9336 33 64,4,ПОдПИсКа На ГаЗЕТУ,3,1472.57,327.43,cANcELLeD,Нужно уточнить сроки,2024/12/19,0548749106659441
2030017037202,31.12.2024 04:33,МарИя пеТрОВА,+7 9336 33 64,3,АМУНИЦИЯ дЛЯ сОБак,2,2040.15,359.85,cAncElled,Нужно уточнить сроки,2024/12/19,0548749106659441
2030017036212,2024-12-12 22:25:29,дмИтРий КУзнеЦОв,8(9017) 22-76,4,ПОдписКА на гаЗЕту,2,1166.76,33.24,coMplEteD,Проверить наличие,2024-12-05,1813893214969060
2030017036212,2024-12-12 22:25:29,дмИтРий КУзнеЦОв,8(9017) 22-76,1,кОРМ дЛЯ СОБаК,5,2120.55,379.45,cOMpLEtEd,Проверить наличие,2024-12-05,1813893214969060
2030017036212,2024-12-12 22:25:29,дмИтРий КУзнеЦОв,8(9017) 22-76,5,МОлокО,3,8770.13,229.87,COmpleteD,Проверить наличие,2024-12-05,1813893214969060
2030017036212,2024-12-12 22:25:29,дмИтРий КУзнеЦОв,8(9017) 22-76,4,подпИсКа НА гАЗЕТУ,4,2328.0,72.0,coMPLeted,Проверить наличие,2024-12-05,1813893214969060
2030017036212,2024-12-12 22:25:29,дмИтРий КУзнеЦОв,8(9017) 22-76,3,аМунИцИя ДЛя соБаК,1,1141.37,58.63,cOMpLetED,Проверить наличие,2024-12-05,1813893214969060
2030017035700,2024-12-15 16:06:32,АлеКсЕЙ МИХайЛоВ,+7 9686 62 68,1,КоРм для соБАК,5,2435.24,64.76,COmPlEted,подарок вовремя,06.12.2024,2503871991980949
2030017035700,2024-12-15 16:06:32,АлеКсЕЙ МИХайЛоВ,+7 9686 62 68,2,ИгрУшкА мЯч,3,744.1,155.9,COMPLeted,подарок вовремя,06.12.2024,2503871991980949
2030017035700,2024-12-15 16:06:32,АлеКсЕЙ МИХайЛоВ,+7 9686 62 68,1,КОрМ ДЛЯ собак,2,907.36,92.64,comPLeted,подарок вовремя,06.12.2024,2503871991980949
2030017035700,2024-12-15 16:06:32,АлеКсЕЙ МИХайЛоВ,+7 9686 62 68,2,иГруШКА МЯЧ,1,292.49,7.51,ComPleTeD,подарок вовремя,06.12.2024,2503871991980949
2030017034974,12.12.2024 18:41,АЛЕКСЕй МИХАЙЛов,+7(9852)22-93,3,АмУНиЦиЯ длЯ сОБАк,3,3499.89,100.11,ComplEtEd,Ждём с нетерпением!,2024-12-10,1438797865840043
2030017034974,12.12.2024 18:41,АЛЕКСЕй МИХАЙЛов,+7(9852)22-93,3,АмуниЦия Для сОБАк,2,2142.09,257.91,compleTEd,Ждём с нетерпением!,2024-12-10,1438797865840043
2030017033314,2024/12/17 07:16:26,еЛЕНА ноВиКоВа,+7 9451 37 14,1,КОрм ДлЯ сОБАК,1,420.33,79.67,pROCessING,Нужно уточнить сроки,03.12.2024,6907107892871753
2030017033314,2024/12/17 07:16:26,еЛЕНА ноВиКоВа,+7 9451 37 14,4,подпИСКА На гАЗЕту,4,2042.46,357.54,pRoCessINg,Нужно уточнить сроки,03.12.2024,6907107892871753
2030017032374,2024-12-20 10:46:59,алЕкСей михАйлоВ,+7 9366 36 66,2,ИГРУшКа Мяч,3,802.02,97.98,pROCeSsiNg,Проверить наличие,10.12.2024,7046078369041558
2030017031428,2024-12-28 05:06:12,дМИтрИЙ КУЗНецоВ,+7(9076)31-08,4,ПодпиСКА На ГаЗЕту,1,579.91,20.09,prOcESsinG,спасибо за заказ,2024-12-04,5967999731240136
2030017031428,2024-12-28 05:06:12,дМИтрИЙ КУЗНецоВ,+7(9076)31-08,2,игрУШКа Мяч,3,861.17,38.83,PrOceSSIng,спасибо за заказ,2024-12-04,5967999731240136
2030017031428,2024-12-28 05:06:12,дМИтрИЙ КУЗНецоВ,+7(9076)31-08,4,пОДпИСка на ГАЗеТу,4,2344.05,55.95,proCeSSING,спасибо за заказ,2024-12-04,5967999731240136
2030017030578,2024/12/10 16:33:45,сЕРгей СиДоров,+7 9436 71 69,4,пОдПиска На ГАЗЕту,4,2261.02,138.98,CancelLeD,Всё отлично!,2024-12-13,2517776649209100
2030017030578,2024/12/10 16:33:45,сЕРгей СиДоров,+7 9436 71 69,2,ИгРУшкА мяЧ,5,1336.7,163.3,cANcelLEd,Всё отлично!,2024-12-13,2517776649209100
2030017030578,2024/12/10 16:33:45,сЕРгей СиДоров,+7 9436 71 69,4,пОдпискА На гАзЕту,1,571.12,28.88,CaNceLled,Всё отлично!,2024-12-13,2517776649209100
2030017029938,2024-12-10 10:05:29,АЛексЕй МиХайлОв,+7 9880 14 36,2,ИГРУШКА мЯч,1,258.91,41.09,cANcELLEd,подарок вовремя,2024/12/13,6015466991460386
2030017028176,03.12.2024 13:36,миХаиЛ оРЛОВ,+7(9886)34-90,4,поДписКа НА ГАзетУ,3,1755.13,44.87,ProcESSiNg,Проверить наличие,2024-12-03,6013463279148751
2030017028176,03.12.2024 13:36,миХаиЛ оРЛОВ,+7(9886)34-90,1,КОРМ ДЛя СОБАк,4,1829.63,170.37,pRoceSSiNG,Проверить наличие,2024-12-03,6013463279148751
2030017028176,03.12.2024 13:36,миХаиЛ оРЛОВ,+7(9886)34-90,5,молОкО,3,8674.2,325.8,pROCessiNG,Проверить наличие,2024-12-03,6013463279148751
2030017027989,2024/12/19 08:33:02,анна смирноВА,8(9444) 41-89,2,ИГРУШКА мЯч,1,266.96,33.04,pROcESSING,Всё отлично!,21.12.2024,1703764521260246
2030017026123,2024-12-14 16:04:47,сеРгеЙ сИдОРОВ,+7(9077)99-69,1,КОРм Для сОбАК,4,1710.95,289.05,COmpLeTeD,подарок вовремя,29.12.2024,3901046615211181
2030017026123,2024-12-14 16:04:47,сеРгеЙ сИдОРОВ,+7(9077)99-69,3,АмУницИЯ ДЛя сОБАк,4,4196.94,603.06,coMPlEtED,подарок вовремя,29.12.2024,3901046615211181
2030017026123,2024-12-14 16:04:47,сеРгеЙ сИдОРОВ,+7(9077)99-69,2,ИгрУШКа МЯч,2,494.44,105.56,COMpLeteD,подарок вовремя,29.12.2024,3901046615211181
2030017026123,2024-12-14 16:04:47,сеРгеЙ сИдОРОВ,+7(9077)99-69,1,коРм длЯ собак,2,800.72,199.28,cOMPlEteD,подарок вовремя,29.12.2024,3901046615211181
2030017026123,2024-12-14 16:04:47,сеРгеЙ сИдОРОВ,+7(9077)99-69,3,АМуниция длЯ собаК,3,3451.0,149.0,COMPlETEd,подарок вовремя,29.12.2024,3901046615211181
2030017025873,2024/12/14 22:15:51,ОльгА кУзнЕцоВА,8(9249) 40-30,2,ИГРУшКа МЯч,1,290.26,9.74,caNCElLeD,подарок вовремя,2024/12/08,7136283910419377
2030017025873,2024/12/14 22:15:51,ОльгА кУзнЕцоВА,8(9249) 40-30,3,амуниЦИя длЯ СОБаК,1,967.12,232.88,CaNcelLed,подарок вовремя,2024/12/08,7136283910419377
2030017025873,2024/12/14 22:15:51,ОльгА кУзнЕцоВА,8(9249) 40-30,5,МОЛоКО,5,14562.71,437.29,cANcELleD,подарок вовремя,2024/12/08,7136283910419377
2030017025873,2024/12/14 22:15:51,ОльгА кУзнЕцоВА,8(9249) 40-30,5,молокО,3,8750.24,249.76,cANCElLed,подарок вовремя,2024/12/08,7136283910419377
2030017024702,2024-12-16 19:09:18,алексей мИхайЛОв,+7(9410)88-98,2,ИгРУшКа МяЧ,4,1155.86,44.14,CompLETEd,"Задержка с доставкой, печалька...",28.12.2024,5369300916378441
2030017024702,2024-12-16 19:09:18,алексей мИхайЛОв,+7(9410)88-98,2,ИГРУшКА мяЧ,5,1465.22,34.78,cOmpLEtED,"Задержка с доставкой, печалька...",28.12.2024,5369300916378441
2030017024702,2024-12-16 19:09:18,алексей мИхайЛОв,+7(9410)88-98,4,ПОдПисКА на ГАзетУ,5,2978.66,21.34,cOmpLETED,"Задержка с доставкой, печалька...",28.12.2024,5369300916378441
2030017024702,2024-12-16 19:09:18,алексей мИхайЛОв,+7(9410)88-98,3,аМуниЦиЯ дЛЯ СОбаК,3,3262.2,337.8,cOMPletEd,"Задержка с доставкой, печалька...",28.12.2024,5369300916378441
2030017279727,2024-12-01 08:26:13,ЕЛеНА нОвИкова,+7 9204 02 16,5,МОЛокО,2,5719.9,280.1,CANCelLEd,Проверить наличие,2024-12-09,6591713324861681
2030017279727,2024-12-01 08:26:13,ЕЛеНА нОвИкова,+7 9204 02 16,1,КорМ длЯ СоБаК,1,418.42,81.58,CaNCELlED,Проверить наличие,2024-12-09,6591713324861681
2030017279727,2024-12-01 08:26:13,ЕЛеНА нОвИкова,+7 9204 02 16,4,ПОдПИска нА гаЗЕТу,5,2913.66,86.34,cANcellEd,Проверить наличие,2024-12-09,6591713324861681
2030017279727,2024-12-01 08:26:13,ЕЛеНА нОвИкова,+7 9204 02 16,4,поДПИсКа На ГАЗЕтУ,1,507.46,92.54,CaNceLled,Проверить наличие,2024-12-09,6591713324861681
2030017279727,2024-12-01 08:26:13,ЕЛеНА нОвИкова,+7 9204 02 16,2,иГрУшКА мяч,5,1268.95,231.05,CanCeLleD,Проверить наличие,2024-12-09,6591713324861681
2030017278970,2024-12-14 12:08:35,Иван ИвАНОВ,8(9389) 67-56,1,коРм длЯ СобАК,3,1279.58,220.42,cAnCeLLed,"Задержка с доставкой, печалька...",30.12.2024,5009751958495070
2030017278970,2024-12-14 12:08:35,Иван ИвАНОВ,8(9389) 67-56,2,иГруШКА мЯч,1,244.96,55.04,CaNcELlEd,"Задержка с доставкой, печалька...",30.12.2024,5009751958495070
2030017277937,10.12.2024 16:31,АЛекСЕЙ МИХаЙЛОВ,+7(9642)52-25,1,кОРм дЛя СоБак,2,962.38,37.62,caNcelLED,Нужно уточнить сроки,2024/12/05,7034655011664141
2030017277937,10.12.2024 16:31,АЛекСЕЙ МИХаЙЛОВ,+7(9642)52-25,1,КОрм для соБАК,5,2147.26,352.74,CAncElLEd,Нужно уточнить сроки,2024/12/05,7034655011664141
2030017277937,10.12.2024 16:31,АЛекСЕЙ МИХаЙЛОВ,+7(9642)52-25,2,иГРушКа мяч,3,728.38,171.62,CancELlED,Нужно уточнить сроки,2024/12/05,7034655011664141
2030017276207,2024-12-30 08:25:31,елеНа ноВИкоВа,+7 9816 73 02,4,ПодПИсКА нА гаЗету,4,2102.72,297.28,CoMpLeteD,Всё отлично!,2024/12/05,0395450793072385
2030017276207,2024-12-30 08:25:31,елеНа ноВИкоВа,+7 9816 73 02,2,игрУшКА мЯЧ,1,289.9,10.1,cOMplETEd,Всё отлично!,2024/12/05,0395450793072385
2030017276207,2024-12-30 08:25:31,елеНа ноВИкоВа,+7 9816 73 02,3,амУНиЦиЯ ДлЯ СОбАК,4,4712.46,87.54,coMPLeTEd,Всё отлично!,2024/12/05,0395450793072385
2030017276207,2024-12-30 08:25:31,елеНа ноВИкоВа,+7 9816 73 02,4,ПОДПиска НА ГАзету,4,2302.8,97.2,CoMPlETED,Всё отлично!,2024/12/05,0395450793072385
2030017276207,2024-12-30 08:25:31,елеНа ноВИкоВа,+7 9816 73 02,2,иГРУшКА мЯЧ,2,551.28,48.72,COMPLETED,Всё отлично!,2024/12/05,0395450793072385
2030017275643,21.12.2024 06:42,АлЕКСЕЙ миХАйлов,+7 9690 10 44,1,КОРМ ДЛя сОбак,3,1352.28,147.72,ComPleTeD,спасибо за заказ,2024-12-25,8744752947647649
2030017275643,21.12.2024 06:42,АлЕКСЕЙ миХАйлов,+7 9690 10 44,5,мОЛоКо,3,8400.14,599.86,coMpleteD,спасибо за заказ,2024-12-25,8744752947647649
2030017275643,21.12.2024 06:42,АлЕКСЕЙ миХАйлов,+7 9690 10 44,5,мОЛокО,5,12584.3,2415.7,ComPLEted,спасибо за заказ,2024-12-25,8744752947647649
2030017274892,07.12.2024 11:47,ДМИтРий КузНЕЦОВ,+7(9108)01-34,1,коРМ ДЛя СОбАк,4,1715.81,284.19,canCellEd,"Задержка с доставкой, печалька...",2024/12/08,4607084979067163
2030017273243,2024/12/17 05:25:12,марИя пЕТРова,+7 9368 05 56,4,пОдПИСКа НА гАЗЕтУ,5,2993.09,6.91,CANCElLed,Нужно уточнить сроки,2024-12-10,0601256598781706
2030017273243,2024/12/17 05:25:12,марИя пЕТРова,+7 9368 05 56,1,КОРм длЯ СОбаК,1,477.2,22.8,cANCellED,Нужно уточнить сроки,2024-12-10,0601256598781706
2030017273243,2024/12/17 05:25:12,марИя пЕТРова,+7 9368 05 56,1,корМ Для сОБаК,3,1475.63,24.37,cancELLED,Нужно уточнить сроки,2024-12-10,0601256598781706
2030017273243,2024/12/17 05:25:12,марИя пЕТРова,+7 9368 05 56,5,молОКо,1,2621.94,378.06,CanCElLeD,Нужно уточнить сроки,2024-12-10,0601256598781706
2030017273243,2024/12/17 05:25:12,марИя пЕТРова,+7 9368 05 56,2,иГрушкА мЯЧ,2,590.66,9.34,cancelleD,Нужно уточнить сроки,2024-12-10,0601256598781706
2030017272624,2024/12/23 21:38:35,марИЯ пЕТРова,8(9151) 90-18,2,ИГруШКА мяч,1,260.52,39.48,pROCeSSinG,Нужно уточнить сроки,2024-12-30,6023514341629586
2030017272624,2024/12/23 21:38:35,марИЯ пЕТРова,8(9151) 90-18,1,коРм для сОБАк,4,1820.55,179.45,PrOCESSInG,Нужно уточнить сроки,2024-12-30,6023514341629586
2030017271546,2024/12/05 01:58:18,аЛЕксеЙ миХАЙЛов,8(9022) 51-03,5,МОЛоко,2,5796.27,203.73,CANceLLED,Нужно уточнить сроки,10.12.2024,1409056761963555
2030017271546,2024/12/05 01:58:18,аЛЕксеЙ миХАЙЛов,8(9022) 51-03,1,КоРМ ДЛя собАк,4,1914.14,85.86,CANceLled,Нужно уточнить сроки,10.12.2024,1409056761963555
2030017271546,2024/12/05 01:58:18,аЛЕксеЙ миХАЙЛов,8(9022) 51-03,1,КоРМ Для СобаК,2,874.98,125.02,CaNcELLeD,Нужно уточнить сроки,10.12.2024,1409056761963555
2030017271546,2024/12/05 01:58:18,аЛЕксеЙ миХАЙЛов,8(9022) 51-03,5,МОЛокО,1,2699.41,300.59,CAncelled,Нужно уточнить сроки,10.12.2024,1409056761963555
2030017271546,2024/12/05 01:58:18,аЛЕксеЙ миХАЙЛов,8(9022) 51-03,1,коРМ дЛЯ СобАк,3,1348.71,151.29,cANcEllEd,Нужно уточнить сроки,10.12.2024,1409056761963555
2030017270417,2024-12-17 18:20:06,мИхаИЛ ОРлОВ,+7 9604 64 33,2,иГРушКА мяЧ,3,803.81,96.19,cOMPleTeD,подарок вовремя,2024/12/27,5936843627175707
2030017270417,2024-12-17 18:20:06,мИхаИЛ ОРлОВ,+7 9604 64 33,1,кОРМ дЛя соБАк,3,1361.23,138.77,COMplETeD,подарок вовремя,2024/12/27,5936843627175707
2030017269687,2024-12-20 23:53:41,дМИТРИй КУзНЕцов,+7(9842)79-26,2,ИгРуШКА Мяч,4,975.74,224.26,procEssiNg,Проверить наличие,2024/12/09,5934712027038965
2030017269687,2024-12-20 23:53:41,дМИТРИй КУзНЕцов,+7(9842)79-26,1,КоРМ ДЛя СОбак,5,2096.39,403.61,proceSsiNG,Проверить наличие,2024/12/09,5934712027038965
2030017269687,2024-12-20 23:53:41,дМИТРИй КУзНЕцов,+7(9842)79-26,4,поДПиСка на ГАЗЕту,5,2562.35,437.65,ProCEssiNG,Проверить наличие,2024/12/09,5934712027038965
2030017269687,2024-12-20 23:53:41,дМИТРИй КУзНЕцов,+7(9842)79-26,3,амУнИЦия Для соБак,1,1154.36,45.64,PROcEsSING,Проверить наличие,2024/12/09,5934712027038965
2030017268316,04.12.2024 05:05,елЕНа нОВИКОВа,+7 9941 80 72,1,кОрм ДлЯ собак,5,2308.01,191.99,CAnCeLlED,Ждём с нетерпением!,2024/12/29,9508888845616137
2030017267237,2024/12/28 06:39:56,серГЕй СидОрОв,8(9335) 62-79,5,мОЛокО,5,14839.88,160.12,CoMPLEtEd,Ждём с нетерпением!,2024-12-15,7400925356771667
2030017267237,2024/12/28 06:39:56,серГЕй СидОрОв,8(9335) 62-79,3,АМУнИЦиЯ ДЛя собАк,1,1109.24,90.76,cOMPleteD,Ждём с нетерпением!,2024-12-15,7400925356771667
2030017267237,2024/12/28 06:39:56,серГЕй СидОрОв,8(9335) 62-79,1,кОРм ДЛЯ соБАК,2,860.81,139.19,coMPLetED,Ждём с нетерпением!,2024-12-15,7400925356771667
2030017266804,2024-12-07 21:08:51,ЕЛЕнА нОВиКОВа,8(9767) 66-38,1,КОрМ ДлЯ сОбАК,4,1853.13,146.87,CAnCElLeD,"Задержка с доставкой, печалька...",2024/12/07,2992098613517324
2030017266804,2024-12-07 21:08:51,ЕЛЕнА нОВиКОВа,8(9767) 66-38,3,аМуНицИЯ длЯ собАК,1,1089.64,110.36,CANCelLeD,"Задержка с доставкой, печалька...",2024/12/07,2992098613517324
2030017266804,2024-12-07 21:08:51,ЕЛЕнА нОВиКОВа,8(9767) 66-38,4,пОДпиСКа НА гАзЕТу,3,1668.92,131.08,cANcELlED,"Задержка с доставкой, печалька...",2024/12/07,2992098613517324
2030017266804,2024-12-07 21:08:51,ЕЛЕнА нОВиКОВа,8(9767) 66-38,4,ПоДПИСКа на ГазеТУ,3,1623.14,176.86,CaNceLlED,"Задержка с доставкой, печалька...",2024/12/07,2992098613517324
2030017265257,2024-12-17 20:34:39,ЕлЕНА НОвикОва,8(9882) 33-92,4,ПоДПисКА нА газетУ,4,2138.0,262.0,coMPLeteD,подарок вовремя,21.12.2024,4904341156392926
2030017264608,11.12.2024 01:40,Иван ИВанОв,+7 9712 07 42,2,ИгРУШКа МяЧ,5,1496.82,3.18,CANceLLEd,Проверить наличие,2024-12-16,7551491217531662
2030017263109,2024/12/10 04:48:21,Елена нОВИКовА,+7 9913 29 54,2,игрУшКа МЯЧ,3,758.63,141.37,canCelLeD,Всё отлично!,12.12.2024,6120799149232365
2030017263109,2024/12/10 04:48:21,Елена нОВИКовА,+7 9913 29 54,5,моЛокО,2,4878.89,1121.11,CaNCElLED,Всё отлично!,12.12.2024,6120799149232365
2030017263109,2024/12/10 04:48:21,Елена нОВИКовА,+7 9913 29 54,1,кОРМ ДлЯ соБаК,4,1935.79,64.21,caNCELled,Всё отлично!,12.12.2024,6120799149232365
2030017263109,2024/12/10 04:48:21,Елена нОВИКовА,+7 9913 29 54,5,МОЛОкО,1,2687.19,312.81,CANceLlEd,Всё отлично!,12.12.2024,6120799149232365
