order_id,order_date,customer_name,customer_phone,product_id,product_name,quantity,total_amount,discount_amount,status,comment,delivery_date,gift_card
2029946910186,16.06.2024 21:24,СЕргеЙ сИДорОв,+7 9156 44 42,5,МОЛОко,4,9796.86,2203.14,cOMPLEted,Всё отлично!,19.06.2024,4373174286020352
2029946910186,16.06.2024 21:24,СЕргеЙ сИДорОв,+7 9156 44 42,5,моЛОко,1,2537.39,462.61,coMpleTEd,Всё отлично!,19.06.2024,4373174286020352
2029946909740,15.06.2024 04:19,олЬга КУзНЕцоВа,+7 9964 03 76,1,КОрМ ДлЯ соБаК,4,1864.77,135.23,comPLetEd,подарок вовремя,2024/06/06,0223824228871969
2029946908758,2024-06-13 14:59:20,ИВАн ИванОв,+7 9727 86 20,4,пОдПиСКа на ГАЗЕту,2,1139.28,60.72,CaNcELled,Проверить наличие,2024/06/26,7314189185871973
2029946908758,2024-06-13 14:59:20,ИВАн ИванОв,+7 9727 86 20,3,амУНиЦиЯ для сОбАК,5,4932.01,1067.99,cancELLEd,Проверить наличие,2024/06/26,7314189185871973
2029946908758,2024-06-13 14:59:20,ИВАн ИванОв,+7 9727 86 20,2,ИгруШка МЯч,2,542.53,57.47,CAncELlEd,Проверить наличие,2024/06/26,7314189185871973
2029946908758,2024-06-13 14:59:20,ИВАн ИванОв,+7 9727 86 20,3,аМуницИя дЛя СобаК,3,3184.85,415.15,caNCelled,Проверить наличие,2024/06/26,7314189185871973
2029946908758,2024-06-13 14:59:20,ИВАн ИванОв,+7 9727 86 20,5,МОлоКО,1,2838.46,161.54,caNCELled,Проверить наличие,2024/06/26,7314189185871973
2029946907318,06.06.2024 17:28,НАталЬя васИЛЬЕВа,8(9378) 39-99,2,ИГРушКа мяч,5,1455.16,44.84,COMPleTed,спасибо за заказ,07.06.2024,7949672431938247
2029946907318,06.06.2024 17:28,НАталЬя васИЛЬЕВа,8(9378) 39-99,3,амУНиЦия ДлЯ сОбАК,2,2183.67,216.33,COMplEted,спасибо за заказ,07.06.2024,7949672431938247
2029946907318,06.06.2024 17:28,НАталЬя васИЛЬЕВа,8(9378) 39-99,2,игрушкА МЯЧ,1,278.61,21.39,comPleteD,спасибо за заказ,07.06.2024,7949672431938247
2029946907318,06.06.2024 17:28,НАталЬя васИЛЬЕВа,8(9378) 39-99,1,КОрм длЯ СобАк,5,2366.41,133.59,cOMpLetED,спасибо за заказ,07.06.2024,7949672431938247
2029946906749,04.06.2024 18:42,ИваН ивАНОВ,+7 9600 01 05,3,АМуниция Для СОБАк,4,4751.32,48.68,PrOCEsSiNG,Проверить наличие,2024/06/26,6029467298466660
2029946905188,2024/06/29 11:48:32,аННА СМИрНОва,+7(9615)96-04,2,игРушКА МЯЧ,5,1373.0,127.0,cOmplETeD,"Задержка с доставкой, печалька...",08.06.2024,8903496750670038
2029946905188,2024/06/29 11:48:32,аННА СМИрНОва,+7(9615)96-04,2,игрУшкА мЯЧ,3,766.27,133.73,ComPleTEd,"Задержка с доставкой, печалька...",08.06.2024,8903496750670038
2029946905188,2024/06/29 11:48:32,аННА СМИрНОва,+7(9615)96-04,3,АмуНИЦия дЛЯ сОБАк,1,1093.57,106.43,ComPLETed,"Задержка с доставкой, печалька...",08.06.2024,8903496750670038
2029946905188,2024/06/29 11:48:32,аННА СМИрНОва,+7(9615)96-04,1,кОРМ дЛЯ СоБАК,3,1286.86,213.14,compLeteD,"Задержка с доставкой, печалька...",08.06.2024,8903496750670038
2029946904826,13.06.2024 08:46,серГей сИДОРов,8(9740) 33-79,3,аМунИциЯ ДЛя сОБАк,3,3316.81,283.19,COMPleTed,"Задержка с доставкой, печалька...",2024/06/30,1458605301713539
2029946903524,19.06.2024 22:43,ЕлЕНа НОвиКова,+7(9690)65-64,3,АмуНИцИя длЯ Собак,4,4317.96,482.04,PrOcessIng,спасибо за заказ,2024/06/09,1767307283537252
2029946902181,25.06.2024 17:42,нАтаЛЬя вАсИЛьЕВА,+7(9187)06-30,3,амУнИЦиЯ Для сОБак,5,5058.26,941.74,cAncelled,спасибо за заказ,2024-06-15,5373989895037989
2029946902181,25.06.2024 17:42,нАтаЛЬя вАсИЛьЕВА,+7(9187)06-30,3,аМуНициЯ ДЛЯ соБАК,4,4299.34,500.66,canCELlEd,спасибо за заказ,2024-06-15,5373989895037989
2029946902181,25.06.2024 17:42,нАтаЛЬя вАсИЛьЕВА,+7(9187)06-30,5,МОлокО,5,13098.81,1901.19,cAnCElled,спасибо за заказ,2024-06-15,5373989895037989
2029946902181,25.06.2024 17:42,нАтаЛЬя вАсИЛьЕВА,+7(9187)06-30,3,амуницИЯ ДЛя собАК,3,3412.53,187.47,canCelleD,спасибо за заказ,2024-06-15,5373989895037989
2029946902181,25.06.2024 17:42,нАтаЛЬя вАсИЛьЕВА,+7(9187)06-30,4,пОдпиСКА На ГАЗеТУ,5,2990.57,9.43,CaNCELLED,спасибо за заказ,2024-06-15,5373989895037989
2029946901222,2024-06-26 10:32:22,МАрИЯ ПЕТровА,8(9678) 44-77,3,АМунИЦиЯ длЯ СОБАК,2,2032.45,367.55,cancelleD,Ждём с нетерпением!,10.06.2024,2229923728291072
2029946901222,2024-06-26 10:32:22,МАрИЯ ПЕТровА,8(9678) 44-77,5,МоЛокО,1,2670.49,329.51,cANCelleD,Ждём с нетерпением!,10.06.2024,2229923728291072
2029946901222,2024-06-26 10:32:22,МАрИЯ ПЕТровА,8(9678) 44-77,3,амуНиЦиЯ ДлЯ соБаК,4,3844.9,955.1,cAnCElLEd,Ждём с нетерпением!,10.06.2024,2229923728291072
2029946900411,20.06.2024 16:39,ИВаН иВаНоВ,8(9235) 35-44,2,иГРУШка мЯЧ,3,891.08,8.92,proCesSiNg,Проверить наличие,2024/06/20,3494365993959103
2029946900411,20.06.2024 16:39,ИВаН иВаНоВ,8(9235) 35-44,4,ПОдПиска нА ГаЗету,3,1534.26,265.74,PrOcEsSING,Проверить наличие,2024/06/20,3494365993959103
2029946900411,20.06.2024 16:39,ИВаН иВаНоВ,8(9235) 35-44,4,подПИСка На Газету,5,2840.09,159.91,proCessinG,Проверить наличие,2024/06/20,3494365993959103
2029946900411,20.06.2024 16:39,ИВаН иВаНоВ,8(9235) 35-44,3,АмуНИЦИя дЛЯ соБАК,5,5176.52,823.48,PRoCESsIng,Проверить наличие,2024/06/20,3494365993959103
2029946899498,2024/06/19 06:51:51,ДмИТРиЙ КУЗнеЦОв,+7(9464)84-30,3,АМУниция длЯ СОБаК,1,1162.13,37.87,ComPleTED,подарок вовремя,2024/06/26,3062823418132010
2029946899498,2024/06/19 06:51:51,ДмИТРиЙ КУЗнеЦОв,+7(9464)84-30,5,МОЛОко,1,2404.35,595.65,CompleTeD,подарок вовремя,2024/06/26,3062823418132010
2029946898999,03.06.2024 14:39,мариЯ ПеТрОВа,+7 9858 90 58,1,КОрМ ДлЯ сОбАК,1,466.44,33.56,prOcessINg,Проверить наличие,23.06.2024,0376799174718195
2029946897686,2024-06-16 13:36:53,АлЕКсеЙ михАЙЛов,8(9079) 54-69,2,иГрУШкА мЯЧ,5,1271.3,228.7,PROCESSinG,Нужно уточнить сроки,09.06.2024,4240643110031797
2029946897686,2024-06-16 13:36:53,АлЕКсеЙ михАЙЛов,8(9079) 54-69,1,коРМ длЯ соБаК,2,922.71,77.29,pROcEssing,Нужно уточнить сроки,09.06.2024,4240643110031797
2029946897686,2024-06-16 13:36:53,АлЕКсеЙ михАЙЛов,8(9079) 54-69,1,корМ для СобАк,2,895.72,104.28,proCessiNG,Нужно уточнить сроки,09.06.2024,4240643110031797
2029946897686,2024-06-16 13:36:53,АлЕКсеЙ михАЙЛов,8(9079) 54-69,2,ИгРушКА МЯч,4,1052.16,147.84,prOCeSSInG,Нужно уточнить сроки,09.06.2024,4240643110031797
2029946897686,2024-06-16 13:36:53,АлЕКсеЙ михАЙЛов,8(9079) 54-69,2,игрУшКА мЯЧ,5,1259.61,240.39,PrOcEssing,Нужно уточнить сроки,09.06.2024,4240643110031797
2029946896935,2024-06-08 07:41:32,ЕленА НоВИкОВа,+7(9529)70-78,3,АмУнициЯ дЛя соБАк,3,3298.4,301.6,procEssiNg,Ждём с нетерпением!,14.06.2024,9504464927804957
2029946896935,2024-06-08 07:41:32,ЕленА НоВИкОВа,+7(9529)70-78,5,моЛоко,2,5965.53,34.47,ProceSsing,Ждём с нетерпением!,14.06.2024,9504464927804957
2029946895341,29.06.2024 04:10,ОЛьгА кУЗНеЦОва,+7 9793 01 95,5,молОко,3,7837.93,1162.07,COmplETEd,Всё отлично!,2024-06-05,7895660497871681
2029946895341,29.06.2024 04:10,ОЛьгА кУЗНеЦОва,+7 9793 01 95,2,игруШка МЯЧ,5,1474.69,25.31,coMPleteD,Всё отлично!,2024-06-05,7895660497871681
2029946894417,2024-06-07 06:44:18,маРИЯ пеТрОВа,8(9136) 66-51,3,АМУНИЦиЯ дЛЯ соБаК,1,1199.29,0.71,CanceLleD,"Задержка с доставкой, печалька...",2024/06/18,4675975370661742
2029946894417,2024-06-07 06:44:18,маРИЯ пеТрОВа,8(9136) 66-51,2,игРУШКА мЯч,3,754.54,145.46,CaNCeLlEd,"Задержка с доставкой, печалька...",2024/06/18,4675975370661742
2029946894417,2024-06-07 06:44:18,маРИЯ пеТрОВа,8(9136) 66-51,1,КОрМ Для СобАк,5,2463.11,36.89,CanCelLed,"Задержка с доставкой, печалька...",2024/06/18,4675975370661742
2029946893930,2024/06/19 16:29:16,олЬга кузнецОва,8(9999) 22-97,3,амУнИЦиЯ для СобАК,4,3858.74,941.26,cOMpLetEd,Проверить наличие,2024/06/26,1049821994807075
2029946893930,2024/06/19 16:29:16,олЬга кузнецОва,8(9999) 22-97,4,подпИсКа на гАЗетУ,4,2163.83,236.17,cOMPLEtEd,Проверить наличие,2024/06/26,1049821994807075
2029946893930,2024/06/19 16:29:16,олЬга кузнецОва,8(9999) 22-97,1,корМ Для сОбАк,2,908.34,91.66,comPleteD,Проверить наличие,2024/06/26,1049821994807075
2029946893930,2024/06/19 16:29:16,олЬга кузнецОва,8(9999) 22-97,2,ИгРуШКА мяЧ,5,1318.34,181.66,CoMpleteD,Проверить наличие,2024/06/26,1049821994807075
2029946892968,2024-06-06 17:59:11,НАталья ВаСилЬЕва,+7 9261 11 47,2,иГРушКа МЯЧ,4,1169.39,30.61,PrOceSsING,спасибо за заказ,15.06.2024,3982427208900527
2029946892968,2024-06-06 17:59:11,НАталья ВаСилЬЕва,+7 9261 11 47,5,мОЛоко,3,8603.22,396.78,ProCESsING,спасибо за заказ,15.06.2024,3982427208900527
2029946892968,2024-06-06 17:59:11,НАталья ВаСилЬЕва,+7 9261 11 47,3,аМУНИцИя Для соБак,5,5221.29,778.71,PrOceSSiNG,спасибо за заказ,15.06.2024,3982427208900527
2029946892968,2024-06-06 17:59:11,НАталья ВаСилЬЕва,+7 9261 11 47,1,КОРм дЛЯ сОБаК,3,1294.37,205.63,prOCESsing,спасибо за заказ,15.06.2024,3982427208900527
2029946891966,10.06.2024 02:22,еЛЕНА ноВикоВа,+7 9468 63 02,5,молОКо,3,7356.42,1643.58,caNcELlEd,Нужно уточнить сроки,19.06.2024,0087767404690311
2029946890536,2024/06/12 03:03:06,ЕленА НОвикОвА,+7 9529 19 37,1,кОРм дЛЯ СОбАК,2,959.52,40.48,COmPLETEd,спасибо за заказ,2024-06-03,1851557325743502
2029946890536,2024/06/12 03:03:06,ЕленА НОвикОвА,+7 9529 19 37,2,иГрУШКА МЯЧ,4,1154.39,45.61,COMplEted,спасибо за заказ,2024-06-03,1851557325743502
2029946890536,2024/06/12 03:03:06,ЕленА НОвикОвА,+7 9529 19 37,3,аМУнИцИя ДлЯ сОбаК,1,1147.87,52.13,comPletEd,спасибо за заказ,2024-06-03,1851557325743502
2029946890536,2024/06/12 03:03:06,ЕленА НОвикОвА,+7 9529 19 37,5,МоЛОКо,1,2531.56,468.44,complEtEd,спасибо за заказ,2024-06-03,1851557325743502
2029946889841,2024-06-23 22:11:51,аЛЕКсеЙ МиХАйЛОв,+7 9231 05 30,3,аМуНициЯ ДлЯ сОБАК,1,1167.25,32.75,ComPLETed,спасибо за заказ,13.06.2024,3067277815104082
2029946888201,2024/06/13 12:48:33,аННа СМИРноВа,+7(9752)98-20,1,КОрм Для соБаК,5,2166.55,333.45,prOcessInG,Ждём с нетерпением!,2024-06-21,2880565856117258
2029946888201,2024/06/13 12:48:33,аННа СМИРноВа,+7(9752)98-20,2,игрушКА Мяч,4,1041.62,158.38,PROCESSiNG,Ждём с нетерпением!,2024-06-21,2880565856117258
2029946888201,2024/06/13 12:48:33,аННа СМИРноВа,+7(9752)98-20,3,АмУНиЦИЯ ДЛЯ сОбАК,4,4733.26,66.74,pRoCeSSing,Ждём с нетерпением!,2024-06-21,2880565856117258
2029946888201,2024/06/13 12:48:33,аННа СМИРноВа,+7(9752)98-20,5,мОлоко,5,13422.26,1577.74,PROCEssinG,Ждём с нетерпением!,2024-06-21,2880565856117258
2029946888201,2024/06/13 12:48:33,аННа СМИРноВа,+7(9752)98-20,3,АмУНиЦИЯ ДЛЯ собАК,2,2292.46,107.54,PRoceSsING,Ждём с нетерпением!,2024-06-21,2880565856117258
2029946887428,2024-06-29 00:50:19,иван иВАноВ,+7 9299 41 75,4,пОдпиСкА На газеТу,1,543.27,56.73,ProcESSiNG,Нужно уточнить сроки,13.06.2024,6958064852123026
2029946887428,2024-06-29 00:50:19,иван иВАноВ,+7 9299 41 75,3,амУНиЦИЯ Для СоБак,2,2220.22,179.78,proCEssinG,Нужно уточнить сроки,13.06.2024,6958064852123026
2029946886476,2024/06/21 13:50:42,МариЯ ПЕтрОВа,8(9002) 34-40,5,молОКО,3,8146.62,853.38,ProCESsing,Проверить наличие,09.06.2024,9478792728871491
2029946886476,2024/06/21 13:50:42,МариЯ ПЕтрОВа,8(9002) 34-40,3,амУнИЦиЯ дЛя сОБАк,4,4695.55,104.45,pRocEsSinG,Проверить наличие,09.06.2024,9478792728871491
2029946886476,2024/06/21 13:50:42,МариЯ ПЕтрОВа,8(9002) 34-40,5,МОлоКо,3,8287.55,712.45,prOcessinG,Проверить наличие,09.06.2024,9478792728871491
2029946885812,2024-06-07 16:09:36,натАЛЬЯ ваСиЛьеВА,8(9180) 96-00,2,ИгРушКА мЯч,4,967.66,232.34,CANceLLED,спасибо за заказ,13.06.2024,5954796839829179
2029946885812,2024-06-07 16:09:36,натАЛЬЯ ваСиЛьеВА,8(9180) 96-00,4,поДПиСкА нА ГаЗЕту,3,1514.93,285.07,CANCELlED,спасибо за заказ,13.06.2024,5954796839829179
2029946885812,2024-06-07 16:09:36,натАЛЬЯ ваСиЛьеВА,8(9180) 96-00,2,игРУШка МЯЧ,4,1010.78,189.22,cancELLeD,спасибо за заказ,13.06.2024,5954796839829179
2029946885812,2024-06-07 16:09:36,натАЛЬЯ ваСиЛьеВА,8(9180) 96-00,2,ИгРУшкА МЯЧ,3,885.58,14.42,cancELLED,спасибо за заказ,13.06.2024,5954796839829179
2029946884343,2024-06-23 07:48:15,анНА сМирНОва,+7 9369 70 51,1,КОрМ Для СоБАк,2,967.81,32.19,CompLeTEd,Ждём с нетерпением!,02.06.2024,5907079293111309
2029946884343,2024-06-23 07:48:15,анНА сМирНОва,+7 9369 70 51,5,МОЛоКо,4,11315.18,684.82,coMPLeteD,Ждём с нетерпением!,02.06.2024,5907079293111309
2029946884343,2024-06-23 07:48:15,анНА сМирНОва,+7 9369 70 51,3,АмуницИЯ для собАК,5,5587.8,412.2,COmPLeTed,Ждём с нетерпением!,02.06.2024,5907079293111309
2029946884343,2024-06-23 07:48:15,анНА сМирНОва,+7 9369 70 51,1,корм ДЛЯ собАК,5,2077.82,422.18,coMpLetED,Ждём с нетерпением!,02.06.2024,5907079293111309
2029946884343,2024-06-23 07:48:15,анНА сМирНОва,+7 9369 70 51,2,игруШка Мяч,5,1472.68,27.32,comPlEteD,Ждём с нетерпением!,02.06.2024,5907079293111309
2029946883942,01.06.2024 10:29,НАтАлЬя ВАСИлЬеВА,+7(9761)69-80,2,ИгрУшКА Мяч,1,282.19,17.81,proCeSsinG,спасибо за заказ,2024/06/15,9845213250355799
2029946883942,01.06.2024 10:29,НАтАлЬя ВАСИлЬеВА,+7(9761)69-80,3,амуНИЦия ДЛя Собак,3,3357.33,242.67,PrOcESsiNg,спасибо за заказ,2024/06/15,9845213250355799
2029946882355,30.06.2024 13:07,аННА смирНОва,+7 9997 86 92,5,молОКО,4,11811.57,188.43,PrOCEssINg,Нужно уточнить сроки,2024-06-23,8796945096937291
2029946882355,30.06.2024 13:07,аННА смирНОва,+7 9997 86 92,4,ПОдПИСка На гаЗеТУ,3,1452.92,347.08,pROcESsing,Нужно уточнить сроки,2024-06-23,8796945096937291
2029946882355,30.06.2024 13:07,аННА смирНОва,+7 9997 86 92,2,ИГруШКа мяч,2,568.44,31.56,procESSiNg,Нужно уточнить сроки,2024-06-23,8796945096937291
2029946882355,30.06.2024 13:07,аННА смирНОва,+7 9997 86 92,3,аМУнИция ДЛя собАК,1,1118.2,81.8,PRoCessING,Нужно уточнить сроки,2024-06-23,8796945096937291
2029946882355,30.06.2024 13:07,аННА смирНОва,+7 9997 86 92,2,игРуШкА Мяч,3,858.63,41.37,procesSINg,Нужно уточнить сроки,2024-06-23,8796945096937291
2029946881873,10.06.2024 19:06,ОЛЬгА куЗНЕцоВА,+7(9555)88-42,4,ПОдПИСкА нА гАзетУ,4,2067.19,332.81,compLeted,спасибо за заказ,2024-06-30,4044363964369295
2029946881873,10.06.2024 19:06,ОЛЬгА куЗНЕцоВА,+7(9555)88-42,2,игРуШкА мЯч,5,1339.53,160.47,COMPLeted,спасибо за заказ,2024-06-30,4044363964369295
2029946881873,10.06.2024 19:06,ОЛЬгА куЗНЕцоВА,+7(9555)88-42,2,ИГРуШКА МЯЧ,5,1217.69,282.31,complEtED,спасибо за заказ,2024-06-30,4044363964369295
2029946881873,10.06.2024 19:06,ОЛЬгА куЗНЕцоВА,+7(9555)88-42,1,корм ДлЯ собАк,4,1944.35,55.65,COMpLeteD,спасибо за заказ,2024-06-30,4044363964369295
2029946881873,10.06.2024 19:06,ОЛЬгА куЗНЕцоВА,+7(9555)88-42,1,кОРм Для СОБАК,1,488.31,11.69,cOMPletEd,спасибо за заказ,2024-06-30,4044363964369295
2029946880278,20.06.2024 17:13,иВаН иваНОв,+7(9065)46-45,3,амуНиЦИЯ ДЛя СобАК,5,5210.51,789.49,CAnCelLeD,Всё отлично!,2024-06-25,3151662499544473
2029946880278,20.06.2024 17:13,иВаН иваНОв,+7(9065)46-45,3,АмунИЦИя ДлЯ СобАК,4,4645.76,154.24,cANCeLLEd,Всё отлично!,2024-06-25,3151662499544473
2029947135583,2024/06/01 14:59:11,анНа СмирНоВА,+7 9458 65 44,2,игрушкА мЯЧ,4,1009.36,190.64,CanCeLLeD,Нужно уточнить сроки,2024-06-26,3931221461121425
2029947135583,2024/06/01 14:59:11,анНа СмирНоВА,+7 9458 65 44,5,моЛоКО,5,13971.97,1028.03,caNcelled,Нужно уточнить сроки,2024-06-26,3931221461121425
2029947135583,2024/06/01 14:59:11,анНа СмирНоВА,+7 9458 65 44,4,Подписка нА гАЗЕТУ,3,1529.08,270.92,caNCELLEd,Нужно уточнить сроки,2024-06-26,3931221461121425
2029947135583,2024/06/01 14:59:11,анНа СмирНоВА,+7 9458 65 44,4,ПодпИсКа НА ГАЗеТу,4,2186.89,213.11,cAnCEllEd,Нужно уточнить сроки,2024-06-26,3931221461121425
2029947135583,2024/06/01 14:59:11,анНа СмирНоВА,+7 9458 65 44,3,аМунИЦИя Для сОБАк,1,1037.41,162.59,cAnCElLEd,Нужно уточнить сроки,2024-06-26,3931221461121425
2029947134842,24.06.2024 03:58,ЕлеНа нОвиКОвА,8(9588) 67-29,3,аМуниция ДлЯ сОбаК,4,4348.03,451.97,CAncELLeD,Ждём с нетерпением!,2024/06/27,4129853320013195
2029947134842,24.06.2024 03:58,ЕлеНа нОвиКОвА,8(9588) 67-29,3,аМуНицИЯ дЛя соБАК,3,3167.24,432.76,CanCelLEd,Ждём с нетерпением!,2024/06/27,4129853320013195
2029947133914,2024-06-19 15:54:12,аЛЕксЕй МИХайЛов,8(9201) 61-21,1,кОрм дЛЯ сОБАК,2,819.68,180.32,ProceSSING,подарок вовремя,09.06.2024,9051311496807289
2029947133914,2024-06-19 15:54:12,аЛЕксЕй МИХайЛов,8(9201) 61-21,3,аМУНИцИя ДлЯ собаК,1,1122.83,77.17,pRocESsiNG,подарок вовремя,09.06.2024,9051311496807289
2029947133914,2024-06-19 15:54:12,аЛЕксЕй МИХайЛов,8(9201) 61-21,3,АмУНИцИя для собаК,1,1198.47,1.53,pROCeSSING,подарок вовремя,09.06.2024,9051311496807289
2029947133914,2024-06-19 15:54:12,аЛЕксЕй МИХайЛов,8(9201) 61-21,3,АМуНиЦИЯ для СОБак,2,1948.47,451.53,pRoCesSiNG,подарок вовремя,09.06.2024,9051311496807289
2029947133914,2024-06-19 15:54:12,аЛЕксЕй МИХайЛов,8(9201) 61-21,5,МоЛОко,3,7468.79,1531.21,PROCeSsiNg,подарок вовремя,09.06.2024,9051311496807289
2029947132997,25.06.2024 23:18,анна СМИРНОва,+7 9824 35 56,2,игРуШКА МЯЧ,2,495.58,104.42,CaNcelLeD,Ждём с нетерпением!,2024/06/24,7589369454951898
2029947132997,25.06.2024 23:18,анна СМИРНОва,+7 9824 35 56,1,КоРМ дЛЯ собаК,2,931.8,68.2,cANCElLED,Ждём с нетерпением!,2024/06/24,7589369454951898
2029947132997,25.06.2024 23:18,анна СМИРНОва,+7 9824 35 56,2,ИгрушКА мЯч,5,1419.67,80.33,CaNcELLeD,Ждём с нетерпением!,2024/06/24,7589369454951898
2029947132997,25.06.2024 23:18,анна СМИРНОва,+7 9824 35 56,5,молокО,2,5860.92,139.08,cANCeLLed,Ждём с нетерпением!,2024/06/24,7589369454951898
2029947132997,25.06.2024 23:18,анна СМИРНОва,+7 9824 35 56,4,пОдПисКА НА гАзетУ,2,1186.96,13.04,CANcelLed,Ждём с нетерпением!,2024/06/24,7589369454951898
2029947131904,2024/06/18 21:49:24,ольГА кузнеЦОВа,+7 9717 86 59,1,кОРм ДЛЯ СОБаК,4,1835.96,164.04,cANCelLeD,спасибо за заказ,10.06.2024,5872095510041161
2029947130480,2024-06-20 05:35:08,оЛьГА кузнецОВа,8(9169) 94-30,3,АмуНиция ДЛЯ СоБаК,2,2017.46,382.54,PRoCeSSiNg,подарок вовремя,2024/06/11,5795923814205568
2029947130480,2024-06-20 05:35:08,оЛьГА кузнецОВа,8(9169) 94-30,3,АмУниЦия ДлЯ СоБАк,2,2144.07,255.93,proCessinG,подарок вовремя,2024/06/11,5795923814205568
2029947130480,2024-06-20 05:35:08,оЛьГА кузнецОВа,8(9169) 94-30,3,аМунИЦиЯ дЛя СоБак,5,5609.16,390.84,ProCESSiNg,подарок вовремя,2024/06/11,5795923814205568
2029947129985,2024/06/05 08:18:01,НаТАлья васИльеВа,+7 9141 26 82,2,иГрУшка МяЧ,5,1225.49,274.51,cOmPleTeD,Проверить наличие,2024/06/26,5072732272256638
2029947129985,2024/06/05 08:18:01,НаТАлья васИльеВа,+7 9141 26 82,1,Корм ДлЯ СобАк,4,1831.25,168.75,CoMPLETED,Проверить наличие,2024/06/26,5072732272256638
2029947129985,2024/06/05 08:18:01,НаТАлья васИльеВа,+7 9141 26 82,5,молОКо,3,8686.24,313.76,CoMPLEted,Проверить наличие,2024/06/26,5072732272256638
2029947128685,29.06.2024 13:50,аНнА сМирнОВа,8(9285) 26-64,4,ПодПИска нА Газету,3,1652.17,147.83,PrOCeSsINg,Нужно уточнить сроки,2024/06/25,9282962157048496
2029947127625,2024/06/13 11:12:35,оЛЬГА кУзнецОвА,8(9542) 75-76,5,моЛОко,4,11523.46,476.54,cAnCELLed,Ждём с нетерпением!,24.06.2024,2729922532995449
2029947127625,2024/06/13 11:12:35,оЛЬГА кУзнецОвА,8(9542) 75-76,1,КОРм дЛЯ собаК,2,944.01,55.99,CAnceLLEd,Ждём с нетерпением!,24.06.2024,2729922532995449
2029947127625,2024/06/13 11:12:35,оЛЬГА кУзнецОвА,8(9542) 75-76,5,молоКО,5,13375.16,1624.84,CAncELled,Ждём с нетерпением!,24.06.2024,2729922532995449
2029947127625,2024/06/13 11:12:35,оЛЬГА кУзнецОвА,8(9542) 75-76,5,молОко,4,11773.6,226.4,canCelleD,Ждём с нетерпением!,24.06.2024,2729922532995449
2029947126233,2024/06/18 14:28:28,Анна СмирНОва,8(9483) 97-12,5,мОЛОко,3,8692.21,307.79,PrOcesSiNG,Нужно уточнить сроки,2024-06-17,4439838117892095
2029947125236,2024-06-15 17:26:58,алЕКсЕй МиХаЙлОв,+7(9330)23-11,2,иГРушКА МЯЧ,4,1145.95,54.05,pROCESSiNg,спасибо за заказ,2024/06/23,6092613009623655
2029947125236,2024-06-15 17:26:58,алЕКсЕй МиХаЙлОв,+7(9330)23-11,1,корм Для сОБаК,5,2012.18,487.82,ProcesSiNG,спасибо за заказ,2024/06/23,6092613009623655
2029947125236,2024-06-15 17:26:58,алЕКсЕй МиХаЙлОв,+7(9330)23-11,4,ПоДПиСКа НА гАЗЕТУ,4,2321.44,78.56,prOCEssINg,спасибо за заказ,2024/06/23,6092613009623655
2029947124173,2024-06-08 05:36:38,мАриЯ пеТРоВа,8(9895) 91-34,1,корМ дЛя СОбАК,1,462.72,37.28,cOMPleTeD,Всё отлично!,08.06.2024,6663668586988360
2029947123235,2024/06/25 23:42:11,еЛЕна нОВИкОВА,+7 9699 21 61,4,подпиСКа на гаЗЕтУ,1,487.1,112.9,PrOcESSInG,"Задержка с доставкой, печалька...",2024/06/20,2753679901569205
2029947123235,2024/06/25 23:42:11,еЛЕна нОВИкОВА,+7 9699 21 61,3,АМунИция Для соБаК,2,1934.54,465.46,proCESsIng,"Задержка с доставкой, печалька...",2024/06/20,2753679901569205
2029947123235,2024/06/25 23:42:11,еЛЕна нОВИкОВА,+7 9699 21 61,3,амуниЦиЯ дЛЯ сОбАк,4,4228.58,571.42,pRocessINg,"Задержка с доставкой, печалька...",2024/06/20,2753679901569205
2029947122385,02.06.2024 17:54,иван ИванОв,+7 9886 65 50,1,КОРМ ДЛя сОБаК,3,1356.53,143.47,coMpLeTed,спасибо за заказ,26.06.2024,5745451882340748
2029947122385,02.06.2024 17:54,иван ИванОв,+7 9886 65 50,2,ИГруШкА МЯЧ,1,256.99,43.01,coMPlETed,спасибо за заказ,26.06.2024,5745451882340748
2029947122385,02.06.2024 17:54,иван ИванОв,+7 9886 65 50,1,КОРм длЯ соБак,1,460.15,39.85,cOmpleteD,спасибо за заказ,26.06.2024,5745451882340748
2029947122385,02.06.2024 17:54,иван ИванОв,+7 9886 65 50,4,подПиСка нА гАзету,1,532.6,67.4,COMPlEtED,спасибо за заказ,26.06.2024,5745451882340748
2029947121765,2024-06-17 16:47:30,ОлЬГА кУЗНЕцовА,8(9105) 17-61,5,молОКО,3,8715.05,284.95,prOCEssinG,Проверить наличие,2024/06/27,5838554424422996
2029947120937,27.06.2024 01:39,оЛЬгА куЗнЕцОва,8(9165) 66-95,4,ПодпИСКА На гаЗеТу,1,590.74,9.26,CAnCElLed,Проверить наличие,2024-06-02,7060763793530630
2029947120937,27.06.2024 01:39,оЛЬгА куЗнЕцОва,8(9165) 66-95,3,аМуНИЦия ДЛя СОБак,5,5313.67,686.33,caNCELLEd,Проверить наличие,2024-06-02,7060763793530630
2029947120937,27.06.2024 01:39,оЛЬгА куЗнЕцОва,8(9165) 66-95,5,МоЛОкО,4,11210.59,789.41,cAnCeLLED,Проверить наличие,2024-06-02,7060763793530630
2029947120937,27.06.2024 01:39,оЛЬгА куЗнЕцОва,8(9165) 66-95,3,АМУНиЦия ДЛЯ СОбаК,3,3397.05,202.95,caNCEllED,Проверить наличие,2024-06-02,7060763793530630
2029947119912,2024-06-22 08:56:13,НАтальЯ ВасИльеВА,+7 9511 80 77,3,амУниЦия дЛЯ Собак,5,5823.44,176.56,CaNCELLEd,Ждём с нетерпением!,2024/06/26,5001823734600239
2029947119912,2024-06-22 08:56:13,НАтальЯ ВасИльеВА,+7 9511 80 77,3,АмунИЦИя ДлЯ соБак,5,4923.79,1076.21,cancElleD,Ждём с нетерпением!,2024/06/26,5001823734600239
2029947118247,2024/06/02 14:26:57,ОЛьга КуЗнеЦОВа,8(9590) 76-22,5,МоЛоКО,1,2525.49,474.51,ProCESsiNg,Всё отлично!,16.06.2024,2222954509462381
2029947118247,2024/06/02 14:26:57,ОЛьга КуЗнеЦОВа,8(9590) 76-22,1,кОрМ дЛЯ сОбаК,3,1398.86,101.14,PROCEsSing,Всё отлично!,16.06.2024,2222954509462381
2029947118247,2024/06/02 14:26:57,ОЛьга КуЗнеЦОВа,8(9590) 76-22,2,ИгРУШКА МЯЧ,4,1005.12,194.88,proCeSsiNg,Всё отлично!,16.06.2024,2222954509462381
2029947117603,19.06.2024 18:04,еЛЕнА нОвИкОвА,+7(9978)93-19,5,моЛОКо,4,10048.29,1951.71,cOmpLetED,Ждём с нетерпением!,27.06.2024,8649784058453042
2029947117603,19.06.2024 18:04,еЛЕнА нОвИкОвА,+7(9978)93-19,1,кОРм ДЛя сОбак,2,952.46,47.54,CoMPLeTEd,Ждём с нетерпением!,27.06.2024,8649784058453042
2029947116733,2024-06-25 20:50:31,НаТАлья вАсиЛЬЕва,+7 9760 65 70,1,КОрм длЯ сОБаК,5,2112.86,387.14,procEsSing,Ждём с нетерпением!,2024/06/19,7700107386135149
2029947116733,2024-06-25 20:50:31,НаТАлья вАсиЛЬЕва,+7 9760 65 70,4,ПОДпиСка на газеТу,3,1588.39,211.61,PrOCeSsINg,Ждём с нетерпением!,2024/06/19,7700107386135149
2029947116733,2024-06-25 20:50:31,НаТАлья вАсиЛЬЕва,+7 9760 65 70,4,ПОдПИСКА нА газетУ,1,548.63,51.37,processINg,Ждём с нетерпением!,2024/06/19,7700107386135149
2029947115451,2024/06/27 22:34:57,алЕксЕЙ миХайлоВ,8(9036) 28-82,3,амуНИциЯ ДЛя СОбаК,1,1094.17,105.83,cancElLeD,Ждём с нетерпением!,2024-06-04,9230811634318526
2029947115451,2024/06/27 22:34:57,алЕксЕЙ миХайлоВ,8(9036) 28-82,3,аМунИциЯ ДЛя сОБАк,4,3980.34,819.66,CaNCElLED,Ждём с нетерпением!,2024-06-04,9230811634318526
2029947115451,2024/06/27 22:34:57,алЕксЕЙ миХайлоВ,8(9036) 28-82,4,пОдпИСкА на ГАЗеТУ,4,2216.62,183.38,CANceLlED,Ждём с нетерпением!,2024-06-04,9230811634318526
2029947114769,2024-06-19 19:35:11,Анна СМИРнОВА,+7 9804 10 21,4,пОдПИсКа На газЕту,5,2790.46,209.54,CANCellEd,подарок вовремя,2024/06/01,0255293242264258
2029947114769,2024-06-19 19:35:11,Анна СМИРнОВА,+7 9804 10 21,1,КорМ Для собак,3,1475.44,24.56,CAnceLleD,подарок вовремя,2024/06/01,0255293242264258
2029947114769,2024-06-19 19:35:11,Анна СМИРнОВА,+7 9804 10 21,2,игРУшка МЯЧ,2,592.57,7.43,cAncElLED,подарок вовремя,2024/06/01,0255293242264258
2029947114769,2024-06-19 19:35:11,Анна СМИРнОВА,+7 9804 10 21,1,КОРм для СОБАК,2,965.1,34.9,cAncelLEd,подарок вовремя,2024/06/01,0255293242264258
2029947114769,2024-06-19 19:35:11,Анна СМИРнОВА,+7 9804 10 21,5,моЛОкО,3,8819.69,180.31,CANCELLed,подарок вовремя,2024/06/01,0255293242264258
2029947113263,2024/06/05 03:12:08,ЕЛЕНА НовиКова,+7 9477 00 21,3,АмунИЦИЯ для сОБак,2,2220.7,179.3,prOceSsIng,"Задержка с доставкой, печалька...",2024/06/08,5909494685706560
2029947113263,2024/06/05 03:12:08,ЕЛЕНА НовиКова,+7 9477 00 21,3,амунИция для СоБАк,4,4171.05,628.95,pRocESsInG,"Задержка с доставкой, печалька...",2024/06/08,5909494685706560
2029947113263,2024/06/05 03:12:08,ЕЛЕНА НовиКова,+7 9477 00 21,2,ИГРуШКа МяЧ,4,1022.36,177.64,PRocesSIng,"Задержка с доставкой, печалька...",2024/06/08,5909494685706560
2029947113263,2024/06/05 03:12:08,ЕЛЕНА НовиКова,+7 9477 00 21,5,МОЛокО,5,14595.24,404.76,pROcESSing,"Задержка с доставкой, печалька...",2024/06/08,5909494685706560
2029947112907,2024/06/21 03:18:50,мИхАИл ОРлоВ,+7(9553)64-38,1,КОрМ дЛя СобАК,1,408.0,92.0,COMPlETed,спасибо за заказ,2024-06-21,0448220001355978
2029947112907,2024/06/21 03:18:50,мИхАИл ОРлоВ,+7(9553)64-38,3,АмУНИция ДЛя СобАК,5,4834.77,1165.23,cOmPLETEd,спасибо за заказ,2024-06-21,0448220001355978
2029947112907,2024/06/21 03:18:50,мИхАИл ОРлоВ,+7(9553)64-38,5,МОЛОКО,3,8890.18,109.82,CompLeTEd,спасибо за заказ,2024-06-21,0448220001355978
2029947111902,2024/06/30 15:17:10,ОЛЬГА КУЗНеЦоВА,+7(9926)68-69,1,корм Для СОбаК,2,988.6,11.4,ComPLeTed,Ждём с нетерпением!,2024/06/23,7319745259957681
2029947111902,2024/06/30 15:17:10,ОЛЬГА КУЗНеЦоВА,+7(9926)68-69,2,игРУШКа мЯЧ,2,574.58,25.42,CoMPlEtED,Ждём с нетерпением!,2024/06/23,7319745259957681
2029947110810,2024-06-03 09:49:44,елеНа НоВиКОВА,+7(9187)60-59,4,поДПиСкА нА ГаЗЕту,5,2745.32,254.68,pRoCEssinG,подарок вовремя,2024/06/27,0299222891850758
2029947110810,2024-06-03 09:49:44,елеНа НоВиКОВА,+7(9187)60-59,4,ПОдпиСка на ГАзетУ,4,2195.33,204.67,pRocEssiNG,подарок вовремя,2024/06/27,0299222891850758
2029947110810,2024-06-03 09:49:44,елеНа НоВиКОВА,+7(9187)60-59,2,иГрУШКа МЯЧ,5,1474.75,25.25,proCesSINg,подарок вовремя,2024/06/27,0299222891850758
2029947109157,2024/06/03 17:47:02,михАиЛ ОрЛов,8(9236) 69-52,5,мОлоКО,4,11428.37,571.63,cAncelled,"Задержка с доставкой, печалька...",2024-06-03,1306230762603237
2029947109157,2024/06/03 17:47:02,михАиЛ ОрЛов,8(9236) 69-52,1,кОрМ ДЛя сОБак,1,400.23,99.77,CANCellED,"Задержка с доставкой, печалька...",2024-06-03,1306230762603237
2029947109157,2024/06/03 17:47:02,михАиЛ ОрЛов,8(9236) 69-52,5,молОКО,3,7756.83,1243.17,CANcelleD,"Задержка с доставкой, печалька...",2024-06-03,1306230762603237
2029947109157,2024/06/03 17:47:02,михАиЛ ОрЛов,8(9236) 69-52,2,игруШка МЯч,5,1443.22,56.78,cAnCeLLED,"Задержка с доставкой, печалька...",2024-06-03,1306230762603237
2029947109157,2024/06/03 17:47:02,михАиЛ ОрЛов,8(9236) 69-52,5,МОЛОКо,3,8793.7,206.3,CANCELLED,"Задержка с доставкой, печалька...",2024-06-03,1306230762603237
2029947108174,2024/06/23 07:58:54,СЕРГеЙ сиДОРОв,+7(9818)23-29,1,коРМ дЛЯ собАК,1,449.86,50.14,prOcESsiNG,спасибо за заказ,2024-06-19,6079424651442018
2029947108174,2024/06/23 07:58:54,СЕРГеЙ сиДОРОв,+7(9818)23-29,5,МОлОКО,1,2405.28,594.72,PRoCESSinG,спасибо за заказ,2024-06-19,6079424651442018
2029947108174,2024/06/23 07:58:54,СЕРГеЙ сиДОРОв,+7(9818)23-29,1,кОрМ длЯ сОБаК,3,1355.6,144.4,ProCessing,спасибо за заказ,2024-06-19,6079424651442018
2029947108174,2024/06/23 07:58:54,СЕРГеЙ сиДОРОв,+7(9818)23-29,1,КОрМ ДЛЯ сОбак,1,420.21,79.79,pROCeSSIng,спасибо за заказ,2024-06-19,6079424651442018
2029947108174,2024/06/23 07:58:54,СЕРГеЙ сиДОРОв,+7(9818)23-29,1,КОрм ДЛЯ сОбак,4,1658.64,341.36,pRoCESsinG,спасибо за заказ,2024-06-19,6079424651442018
2029947107485,2024-06-10 08:41:21,ЕлЕНа новикОВА,+7(9384)37-44,4,пОдписКа нА ГАзеТУ,4,1995.98,404.02,CoMplEted,Ждём с нетерпением!,2024-06-01,6441192446575294
2029947107485,2024-06-10 08:41:21,ЕлЕНа новикОВА,+7(9384)37-44,4,пОДпИсКА на ГаЗЕТу,1,555.69,44.31,COmPLeTeD,Ждём с нетерпением!,2024-06-01,6441192446575294
2029947107485,2024-06-10 08:41:21,ЕлЕНа новикОВА,+7(9384)37-44,1,Корм ДЛя СоБаК,5,2141.55,358.45,CoMpleTed,Ждём с нетерпением!,2024-06-01,6441192446575294
2029947107485,2024-06-10 08:41:21,ЕлЕНа новикОВА,+7(9384)37-44,1,КОРм дЛя соБак,4,1752.99,247.01,cOmpleTed,Ждём с нетерпением!,2024-06-01,6441192446575294
2029947107485,2024-06-10 08:41:21,ЕлЕНа новикОВА,+7(9384)37-44,5,моЛОКО,4,11444.69,555.31,comPLETeD,Ждём с нетерпением!,2024-06-01,6441192446575294
2029947106370,28.06.2024 15:42,елЕНа ноВИКоВа,+7 9346 71 44,3,АМУНИцИЯ дЛЯ СоБАК,1,1143.79,56.21,CANCEllED,Всё отлично!,2024/06/07,5435217491856556
2029947106370,28.06.2024 15:42,елЕНа ноВИКоВа,+7 9346 71 44,2,игрУшКа мяч,1,299.85,0.15,CaNceLled,Всё отлично!,2024/06/07,5435217491856556
2029947106370,28.06.2024 15:42,елЕНа ноВИКоВа,+7 9346 71 44,2,игруШкА МЯЧ,5,1441.8,58.2,CANCElleD,Всё отлично!,2024/06/07,5435217491856556
2029947106370,28.06.2024 15:42,елЕНа ноВИКоВа,+7 9346 71 44,4,пОДпиСКа на гаЗЕТу,2,1145.54,54.46,cANcELLED,Всё отлично!,2024/06/07,5435217491856556
2029947105624,09.06.2024 17:06,АЛеКсеЙ мИхАйЛоВ,+7(9869)17-79,1,кОрМ для сОБак,5,2442.7,57.3,PRocesSiNG,Ждём с нетерпением!,20.06.2024,0190141524204795
2029947104207,2024/06/27 21:12:22,аННА СМиРНОва,8(9644) 52-67,4,подПиСКА На газЕТУ,4,1976.47,423.53,prOCEsSiNg,Ждём с нетерпением!,13.06.2024,6292092770261604
2029947104207,2024/06/27 21:12:22,аННА СМиРНОва,8(9644) 52-67,4,ПОдПИСКа НА гаЗеТУ,5,2680.45,319.55,proCESsIng,Ждём с нетерпением!,13.06.2024,6292092770261604
2029947104207,2024/06/27 21:12:22,аННА СМиРНОва,8(9644) 52-67,3,АмунИЦИЯ ДЛя сОБак,3,3597.51,2.49,prOcEsSIng,Ждём с нетерпением!,13.06.2024,6292092770261604
2029947104207,2024/06/27 21:12:22,аННА СМиРНОва,8(9644) 52-67,5,МОЛОКо,5,12163.18,2836.82,proCESSINg,Ждём с нетерпением!,13.06.2024,6292092770261604
2029947103430,2024/06/20 10:30:11,аннА сМИрноВа,+7(9193)08-95,5,МОЛоко,2,5658.06,341.94,cAnCELLeD,подарок вовремя,28.06.2024,2532791460019199
2029947103430,2024/06/20 10:30:11,аннА сМИрноВа,+7(9193)08-95,2,ИгрушКа мяЧ,5,1248.54,251.46,CAnCEllEd,подарок вовремя,28.06.2024,2532791460019199
2029947102173,19.06.2024 17:57,алекСЕй МихАйлов,+7(9722)58-61,3,АмунициЯ ДЛЯ СОБАк,5,5489.3,510.7,canceLleD,"Задержка с доставкой, печалька...",2024/06/11,4289422832496722
2029947102173,19.06.2024 17:57,алекСЕй МихАйлов,+7(9722)58-61,4,ПОДпИска На гАзЕту,3,1738.19,61.81,caNCELLeD,"Задержка с доставкой, печалька...",2024/06/11,4289422832496722
2029947102173,19.06.2024 17:57,алекСЕй МихАйлов,+7(9722)58-61,3,АМуНицИЯ ДлЯ СОБАК,2,2059.8,340.2,CAncELLED,"Задержка с доставкой, печалька...",2024/06/11,4289422832496722
2029947101632,2024-06-18 10:33:55,ольГА кУзнЕЦова,8(9000) 44-87,5,МОлоКо,3,7488.86,1511.14,PROCesSInG,"Задержка с доставкой, печалька...",18.06.2024,2695098014906572
2029947101632,2024-06-18 10:33:55,ольГА кУзнЕЦова,8(9000) 44-87,3,АМуНиция длЯ сОБаК,3,3214.58,385.42,PrOcESsing,"Задержка с доставкой, печалька...",18.06.2024,2695098014906572
2029947101632,2024-06-18 10:33:55,ольГА кУзнЕЦова,8(9000) 44-87,4,пОдпИсКа на ГазетУ,3,1517.72,282.28,pRoCeSsInG,"Задержка с доставкой, печалька...",18.06.2024,2695098014906572
2029947101632,2024-06-18 10:33:55,ольГА кУзнЕЦова,8(9000) 44-87,2,ИгрушКа мяч,2,556.77,43.23,prOceSsing,"Задержка с доставкой, печалька...",18.06.2024,2695098014906572
2029947101632,2024-06-18 10:33:55,ольГА кУзнЕЦова,8(9000) 44-87,1,корМ дЛЯ сОбАк,3,1363.84,136.16,ProcEsSIng,"Задержка с доставкой, печалька...",18.06.2024,2695098014906572
2029947100258,04.06.2024 12:32,сеРГЕй сИДОРОВ,+7(9928)78-97,1,кОРм ДЛЯ сОБаК,4,1919.63,80.37,procEssING,подарок вовремя,2024-06-18,8711461221646509
2029947099886,2024-06-19 23:11:02,АЛЕксЕЙ мИХайЛОв,8(9754) 70-05,3,амуНИЦиЯ длЯ СобАк,5,4984.59,1015.41,caNcellEd,спасибо за заказ,2024-06-27,7425051565083546
2029947099886,2024-06-19 23:11:02,АЛЕксЕЙ мИХайЛОв,8(9754) 70-05,2,игруШкА мяч,4,1069.81,130.19,CAnceLLEd,спасибо за заказ,2024-06-27,7425051565083546
2029947098707,2024/06/28 02:30:17,наТалЬя ВаСиЛЬеВа,8(9354) 38-47,1,КорМ дЛя собАк,5,2497.26,2.74,ProceSSING,Ждём с нетерпением!,2024/06/30,0650550382623698
2029947097872,14.06.2024 15:15,елеНа новиКОВа,+7(9947)84-74,4,ПодписКа на ГаЗетУ,2,1004.14,195.86,cAnCelleD,Нужно уточнить сроки,2024/06/18,3197089540061112
2029947097872,14.06.2024 15:15,елеНа новиКОВа,+7(9947)84-74,5,молОКо,2,5228.31,771.69,canCellEd,Нужно уточнить сроки,2024/06/18,3197089540061112
2029947097872,14.06.2024 15:15,елеНа новиКОВа,+7(9947)84-74,1,кОрМ дЛЯ сОБаК,1,479.44,20.56,CanCELled,Нужно уточнить сроки,2024/06/18,3197089540061112
2029947097872,14.06.2024 15:15,елеНа новиКОВа,+7(9947)84-74,2,иГРУшкА Мяч,3,762.59,137.41,CanCelled,Нужно уточнить сроки,2024/06/18,3197089540061112
2029947097872,14.06.2024 15:15,елеНа новиКОВа,+7(9947)84-74,4,пОДПиска нА гАЗЕТу,4,2242.89,157.11,canCeLlED,Нужно уточнить сроки,2024/06/18,3197089540061112
2029947096314,2024-06-22 14:10:09,АННа сМирноВа,8(9048) 33-74,4,пОДПИСКа На гаЗЕТу,3,1669.89,130.11,CAncELLed,подарок вовремя,02.06.2024,3176932895516713
2029947096314,2024-06-22 14:10:09,АННа сМирноВа,8(9048) 33-74,2,иГРУШка МЯЧ,4,1068.86,131.14,cANcElLEd,подарок вовремя,02.06.2024,3176932895516713
2029947096314,2024-06-22 14:10:09,АННа сМирноВа,8(9048) 33-74,1,КорМ ДЛЯ собаК,3,1418.15,81.85,cANCelLed,подарок вовремя,02.06.2024,3176932895516713
2029947096314,2024-06-22 14:10:09,АННа сМирноВа,8(9048) 33-74,2,ИГРУШка мяч,2,557.56,42.44,caNceLLeD,подарок вовремя,02.06.2024,3176932895516713
2029947096314,2024-06-22 14:10:09,АННа сМирноВа,8(9048) 33-74,2,ИгруШка мЯч,1,252.4,47.6,CANCeLled,подарок вовремя,02.06.2024,3176932895516713
2029947095535,2024-06-10 13:38:30,иВАН ИВаНОВ,+7(9367)06-00,1,кОРм Для СоБАК,5,2448.74,51.26,COMpleTEd,подарок вовремя,2024-06-30,8731988844850203
2029947095535,2024-06-10 13:38:30,иВАН ИВаНОВ,+7(9367)06-00,3,АмУНициЯ для СОбаК,3,2955.73,644.27,coMPLeTEd,подарок вовремя,2024-06-30,8731988844850203
2029947095535,2024-06-10 13:38:30,иВАН ИВаНОВ,+7(9367)06-00,5,МОлОко,1,2835.82,164.18,coMPLETED,подарок вовремя,2024-06-30,8731988844850203
2029947095535,2024-06-10 13:38:30,иВАН ИВаНОВ,+7(9367)06-00,3,АмуНИцИя дЛЯ Собак,4,4464.97,335.03,COMpLeted,подарок вовремя,2024-06-30,8731988844850203
2029947094660,01.06.2024 14:56,аЛексеЙ Михайлов,+7(9145)63-04,4,поДПИСКа на газЕТу,5,2454.26,545.74,pROCEsSIng,Нужно уточнить сроки,2024-06-18,9340574428811028
2029947093279,2024/06/25 18:21:52,АлЕКсей МИхАЙЛОв,8(9888) 89-97,3,АмуницИЯ дЛЯ соБАК,5,5091.31,908.69,CaNcElLed,Проверить наличие,2024/06/15,2350059590436687
2029947093279,2024/06/25 18:21:52,АлЕКсей МИхАЙЛОв,8(9888) 89-97,4,пОдпИскА НА гАЗЕту,5,2845.02,154.98,caNCElLeD,Проверить наличие,2024/06/15,2350059590436687
2029947092820,2024/06/27 22:09:02,АнНа смИрНОвА,8(9066) 34-92,5,МОЛоКО,4,10576.68,1423.32,proCESSiNG,подарок вовремя,2024/06/15,7025127218449570
2029947092820,2024/06/27 22:09:02,АнНа смИрНОвА,8(9066) 34-92,1,кОрМ дЛя СобаК,4,1709.07,290.93,PRocesSING,подарок вовремя,2024/06/15,7025127218449570
2029947091104,18.06.2024 12:13,натальЯ вАСиЛЬЕва,8(9369) 46-62,4,ПОдПиска На гАзЕту,2,1048.03,151.97,CoMPLetED,спасибо за заказ,2024-06-05,5055660167846692
2029947091104,18.06.2024 12:13,натальЯ вАСиЛЬЕва,8(9369) 46-62,4,ПоДпИСкА на ГАЗЕту,1,551.16,48.84,CoMplEteD,спасибо за заказ,2024-06-05,5055660167846692
2029947091104,18.06.2024 12:13,натальЯ вАСиЛЬЕва,8(9369) 46-62,5,МОлОко,2,5680.01,319.99,COMpletEd,спасибо за заказ,2024-06-05,5055660167846692
2029947091104,18.06.2024 12:13,натальЯ вАСиЛЬЕва,8(9369) 46-62,1,КОрМ ДлЯ СОбак,2,950.13,49.87,compLetEd,спасибо за заказ,2024-06-05,5055660167846692
2029947091104,18.06.2024 12:13,натальЯ вАСиЛЬЕва,8(9369) 46-62,4,ПОДпиСкА На ГАзЕТУ,2,1120.85,79.15,cOmpleTed,спасибо за заказ,2024-06-05,5055660167846692
2029947090611,2024/06/23 20:58:27,ДмиТРиЙ куЗНЕЦоВ,8(9810) 43-47,3,АмУнИЦия ДлЯ СоБАк,2,2128.36,271.64,coMPLetED,Всё отлично!,2024/06/29,5444296957682493
2029947089860,18.06.2024 22:40,аЛЕКсеЙ миХАйлов,+7 9341 86 61,3,аМуНИция дЛя СоБаК,3,3472.15,127.85,ComPLeTED,Проверить наличие,2024-06-23,5053891692451985
2029947088316,2024-06-01 09:21:54,анНА сМиРНова,+7(9261)80-24,5,моЛоко,1,2501.03,498.97,canCELled,Нужно уточнить сроки,2024-06-13,0905493343795216
2029947087608,2024-06-11 01:34:46,михАИЛ орЛов,+7(9451)98-37,4,пОдпИсКа на ГаЗеТу,1,568.06,31.94,prOcessInG,Всё отлично!,20.06.2024,1188964721849704
2029947087608,2024-06-11 01:34:46,михАИЛ орЛов,+7(9451)98-37,1,коРм ДЛя собаК,2,882.27,117.73,pRoceSsiNG,Всё отлично!,20.06.2024,1188964721849704
2029947087608,2024-06-11 01:34:46,михАИЛ орЛов,+7(9451)98-37,1,КОрМ ДЛЯ СоБАК,4,1791.95,208.05,PRoCessing,Всё отлично!,20.06.2024,1188964721849704
2029947086547,2024-06-15 05:02:06,МИхАИл оРлОВ,+7(9726)16-10,4,ПОДПискА нА ГАзЕТу,2,989.1,210.9,CAnCeLLed,Ждём с нетерпением!,2024/06/15,6000158884022223
2029947085694,03.06.2024 01:22,сЕРгеЙ СИдОрОв,8(9775) 03-30,4,ПоДПИсКА На гАЗету,5,2612.24,387.76,PrOCEssInG,Проверить наличие,2024-06-30,5181192221479079
2029947085694,03.06.2024 01:22,сЕРгеЙ СИдОрОв,8(9775) 03-30,2,игРуШкА МяЧ,5,1440.67,59.33,PrOcesSiNg,Проверить наличие,2024-06-30,5181192221479079
2029947085694,03.06.2024 01:22,сЕРгеЙ СИдОрОв,8(9775) 03-30,2,игрУШка Мяч,3,781.88,118.12,PRocEsSiNg,Проверить наличие,2024-06-30,5181192221479079
2029947085694,03.06.2024 01:22,сЕРгеЙ СИдОрОв,8(9775) 03-30,3,аМУНиЦИЯ ДЛЯ сОбаК,1,1188.13,11.87,PrOCESsInG,Проверить наличие,2024-06-30,5181192221479079
2029947085694,03.06.2024 01:22,сЕРгеЙ СИдОрОв,8(9775) 03-30,3,АмуНициЯ для СОБак,2,1941.49,458.51,PROCeSsiNG,Проверить наличие,2024-06-30,5181192221479079
2029947084723,2024/06/03 05:18:08,еленА НоВиКоВа,+7 9342 00 05,2,иГрушкА МяЧ,5,1457.43,42.57,caNCeLled,подарок вовремя,2024-06-08,6203261271236979
2029947083315,25.06.2024 06:58,ЕлЕнА НОВИКОвА,8(9703) 23-54,3,АмУНицИя ДлЯ СобАК,2,2353.5,46.5,cancEllED,Всё отлично!,21.06.2024,1292957842695266
2029947083315,25.06.2024 06:58,ЕлЕнА НОВИКОвА,8(9703) 23-54,4,ПОдпискА на гАзету,2,984.36,215.64,CANcELLeD,Всё отлично!,21.06.2024,1292957842695266
2029947083315,25.06.2024 06:58,ЕлЕнА НОВИКОвА,8(9703) 23-54,4,пОдпиСКА НА Газету,1,505.08,94.92,caNCElleD,Всё отлично!,21.06.2024,1292957842695266
2029947083315,25.06.2024 06:58,ЕлЕнА НОВИКОвА,8(9703) 23-54,5,моЛокО,5,13466.73,1533.27,CAnceLLED,Всё отлично!,21.06.2024,1292957842695266
2029947083315,25.06.2024 06:58,ЕлЕнА НОВИКОвА,8(9703) 23-54,3,Амуниция ДЛЯ собАк,3,3202.37,397.63,caNCElLeD,Всё отлично!,21.06.2024,1292957842695266
2029947082754,2024/06/13 02:05:20,МИхаИл ОРЛОв,8(9080) 16-69,5,МОлОКО,2,5774.19,225.81,COmPleteD,Проверить наличие,18.06.2024,1141016695796207
2029947082754,2024/06/13 02:05:20,МИхаИл ОРЛОв,8(9080) 16-69,2,ИГрУшка мЯч,3,861.19,38.81,CoMPLETed,Проверить наличие,18.06.2024,1141016695796207
2029947082754,2024/06/13 02:05:20,МИхаИл ОРЛОв,8(9080) 16-69,3,амуНиЦИЯ для соБаК,4,4120.92,679.08,cOmPlETED,Проверить наличие,18.06.2024,1141016695796207
2029947081946,2024-06-18 05:50:06,АнНА СмИрновА,+7(9927)52-27,3,аМУНиЦия ДЛЯ сОбАК,5,5894.66,105.34,cOMPLEtEd,Нужно уточнить сроки,06.06.2024,9630539766531887
2029947081946,2024-06-18 05:50:06,АнНА СмИрновА,+7(9927)52-27,1,кОРМ Для СоБАк,3,1489.78,10.22,CoMplETed,Нужно уточнить сроки,06.06.2024,9630539766531887
2029947081946,2024-06-18 05:50:06,АнНА СмИрновА,+7(9927)52-27,3,АМУнИция Для сОБаК,1,1150.02,49.98,CoMpLEteD,Нужно уточнить сроки,06.06.2024,9630539766531887
2029947080664,2024-06-18 01:59:39,ОЛЬГа кУЗНЕцОвА,+7(9982)13-57,5,Молоко,3,8286.25,713.75,COMPleTeD,Проверить наличие,2024-06-04,9315539088588720
2029947080664,2024-06-18 01:59:39,ОЛЬГа кУЗНЕцОвА,+7(9982)13-57,2,иГРУШКА МяЧ,4,1167.49,32.51,CoMpLEtEd,Проверить наличие,2024-06-04,9315539088588720
2029947080664,2024-06-18 01:59:39,ОЛЬГа кУЗНЕцОвА,+7(9982)13-57,1,КорМ дЛЯ СОБАК,4,1899.89,100.11,cOmpleTed,Проверить наличие,2024-06-04,9315539088588720
2029947079221,2024/06/14 21:30:44,олЬгА кУЗНеЦоВА,+7 9439 91 30,2,иГРушкА МЯч,5,1436.79,63.21,procESSIng,Проверить наличие,29.06.2024,3918379546321723
2029947078680,2024/06/08 16:19:50,маРиЯ ПетРова,+7 9744 40 75,5,мОлОКО,2,5288.69,711.31,prOCESSiNG,Проверить наличие,2024-06-05,6505223295012577
2029947078680,2024/06/08 16:19:50,маРиЯ ПетРова,+7 9744 40 75,5,молоКо,1,2514.34,485.66,PrOCeSsInG,Проверить наличие,2024-06-05,6505223295012577
2029947077756,2024-06-11 17:57:05,анНа СМИрноВА,+7(9579)74-50,2,ИГрУШКА МяЧ,2,519.44,80.56,CAnCeLled,Всё отлично!,2024/06/27,6299729816520294
2029947076316,01.06.2024 22:32,ДМИтРИЙ КУзНЕЦОВ,8(9858) 98-19,5,мОлОКО,4,11067.12,932.88,cOmPleTEd,Ждём с нетерпением!,05.06.2024,7586575925249296
2029947076316,01.06.2024 22:32,ДМИтРИЙ КУзНЕЦОВ,8(9858) 98-19,2,иГРУШкА мЯЧ,4,1134.91,65.09,compLeted,Ждём с нетерпением!,05.06.2024,7586575925249296
2029947076316,01.06.2024 22:32,ДМИтРИЙ КУзНЕЦОВ,8(9858) 98-19,1,кОРм длЯ соБАк,5,2032.96,467.04,COMPLeTeD,Ждём с нетерпением!,05.06.2024,7586575925249296
2029947075547,02.06.2024 23:47,мАРиЯ пеТРова,8(9009) 28-14,4,подПиСКа на ГазЕту,3,1555.3,244.7,CoMpLeTeD,Ждём с нетерпением!,2024-06-03,2627243120996959
2029947075547,02.06.2024 23:47,мАРиЯ пеТРова,8(9009) 28-14,5,МоЛокО,3,7822.43,1177.57,ComPLETEd,Ждём с нетерпением!,2024-06-03,2627243120996959
2029947075547,02.06.2024 23:47,мАРиЯ пеТРова,8(9009) 28-14,3,АмунициЯ дЛя СОБАК,4,4233.86,566.14,COmpleTeD,Ждём с нетерпением!,2024-06-03,2627243120996959
2029947075547,02.06.2024 23:47,мАРиЯ пеТРова,8(9009) 28-14,2,игРУШКа Мяч,5,1386.3,113.7,CompleTEd,Ждём с нетерпением!,2024-06-03,2627243120996959
2029947075547,02.06.2024 23:47,мАРиЯ пеТРова,8(9009) 28-14,1,КоРМ Для собаК,2,820.26,179.74,CompLETED,Ждём с нетерпением!,2024-06-03,2627243120996959
2029947074649,2024/06/29 19:55:20,дМиТРИЙ кУЗнЕцОв,+7 9211 21 24,1,корм ДЛЯ СоБаК,1,455.46,44.54,cAnCellED,Нужно уточнить сроки,2024/06/01,0859615681070713
2029947074649,2024/06/29 19:55:20,дМиТРИЙ кУЗнЕцОв,+7 9211 21 24,3,АмУнициЯ Для Собак,2,2211.65,188.35,cANCELled,Нужно уточнить сроки,2024/06/01,0859615681070713
2029947074649,2024/06/29 19:55:20,дМиТРИЙ кУЗнЕцОв,+7 9211 21 24,3,АмУНИЦИя дЛя соБаК,3,3426.65,173.35,canCElled,Нужно уточнить сроки,2024/06/01,0859615681070713
2029947074649,2024/06/29 19:55:20,дМиТРИЙ кУЗнЕцОв,+7 9211 21 24,5,МОлоКо,5,13991.29,1008.71,CAncELlEd,Нужно уточнить сроки,2024/06/01,0859615681070713
2029947074649,2024/06/29 19:55:20,дМиТРИЙ кУЗнЕцОв,+7 9211 21 24,5,МОлокО,1,2774.24,225.76,cAnCELled,Нужно уточнить сроки,2024/06/01,0859615681070713
2029947073870,13.06.2024 13:16,ОЛьгА кУЗНЕцОВА,+7 9071 92 92,2,иГРУшКА МЯч,1,263.66,36.34,cANCeLled,Нужно уточнить сроки,15.06.2024,3122328713024682
2029947073870,13.06.2024 13:16,ОЛьгА кУЗНЕцОВА,+7 9071 92 92,4,ПОДпИСка нА ГаЗеТу,5,2687.93,312.07,CANcELLEd,Нужно уточнить сроки,15.06.2024,3122328713024682
2029947072299,2024/06/17 19:33:37,ЕЛЕНА новИкОВА,+7 9356 85 10,2,игРУшКА МЯЧ,5,1227.73,272.27,pRoCesSInG,Всё отлично!,2024/06/07,5466589159398296
2029947072299,2024/06/17 19:33:37,ЕЛЕНА новИкОВА,+7 9356 85 10,2,иГРУШКА мяЧ,1,258.39,41.61,ProcessiNg,Всё отлично!,2024/06/07,5466589159398296
2029947072299,2024/06/17 19:33:37,ЕЛЕНА новИкОВА,+7 9356 85 10,5,мОлоКО,2,5517.35,482.65,procEssING,Всё отлично!,2024/06/07,5466589159398296
2029947072299,2024/06/17 19:33:37,ЕЛЕНА новИкОВА,+7 9356 85 10,5,МоЛОКо,3,8670.88,329.12,proceSSiNG,Всё отлично!,2024/06/07,5466589159398296
2029947072299,2024/06/17 19:33:37,ЕЛЕНА новИкОВА,+7 9356 85 10,2,игрУШКа мяЧ,4,1172.73,27.27,pROCESSIng,Всё отлично!,2024/06/07,5466589159398296
2029947071235,2024/06/15 11:44:04,СЕрГеЙ СиДороВ,8(9203) 92-05,5,мОлоко,3,8622.14,377.86,COmpleteD,подарок вовремя,2024/06/10,7873430792453666
2029947071235,2024/06/15 11:44:04,СЕрГеЙ СиДороВ,8(9203) 92-05,2,ИГрушКа мяч,5,1246.25,253.75,CompLEted,подарок вовремя,2024/06/10,7873430792453666
2029947071235,2024/06/15 11:44:04,СЕрГеЙ СиДороВ,8(9203) 92-05,1,КорМ Для СОБАК,1,436.04,63.96,CoMPLEteD,подарок вовремя,2024/06/10,7873430792453666
2029947070844,29.06.2024 10:34,еЛеНА НовикОВА,+7(9116)28-93,5,МОлоКо,4,10116.46,1883.54,CaNCeLLed,Нужно уточнить сроки,02.06.2024,5253021067869164
2029947070844,29.06.2024 10:34,еЛеНА НовикОВА,+7(9116)28-93,4,пОдпИСКА НА гАзету,5,2472.72,527.28,caNCELLed,Нужно уточнить сроки,02.06.2024,5253021067869164
2029947070844,29.06.2024 10:34,еЛеНА НовикОВА,+7(9116)28-93,5,молОКо,3,8509.07,490.93,CAncEllEd,Нужно уточнить сроки,02.06.2024,5253021067869164
2029947069705,2024/06/03 10:26:13,аНнА смирнОВА,8(9106) 76-78,4,подПисКА на гАЗЕтУ,1,521.8,78.2,CoMPlETed,"Задержка с доставкой, печалька...",2024/06/22,0561604394831548
2029947069705,2024/06/03 10:26:13,аНнА смирнОВА,8(9106) 76-78,2,ИгрушКа МЯЧ,5,1280.06,219.94,coMPLETED,"Задержка с доставкой, печалька...",2024/06/22,0561604394831548
2029947069705,2024/06/03 10:26:13,аНнА смирнОВА,8(9106) 76-78,3,АмУниЦиЯ длЯ соБАк,2,2355.8,44.2,completED,"Задержка с доставкой, печалька...",2024/06/22,0561604394831548
2029947069705,2024/06/03 10:26:13,аНнА смирнОВА,8(9106) 76-78,2,игРУшКА мЯЧ,2,484.65,115.35,COmPlEted,"Задержка с доставкой, печалька...",2024/06/22,0561604394831548
2029947068173,2024/06/09 07:24:15,алЕкСеЙ миХАЙЛов,8(9714) 09-65,1,КОрМ ДЛЯ СобАк,5,2463.33,36.67,ComplEtEd,Всё отлично!,2024-06-17,6802037659811120
2029947068173,2024/06/09 07:24:15,алЕкСеЙ миХАЙЛов,8(9714) 09-65,5,моЛоКО,3,7870.05,1129.95,COMPlEtEd,Всё отлично!,2024-06-17,6802037659811120
2029947068173,2024/06/09 07:24:15,алЕкСеЙ миХАЙЛов,8(9714) 09-65,2,игрУшка мЯч,5,1389.58,110.42,COmpLEtEd,Всё отлично!,2024-06-17,6802037659811120
2029947068173,2024/06/09 07:24:15,алЕкСеЙ миХАЙЛов,8(9714) 09-65,1,корм ДЛЯ сОБАк,3,1292.53,207.47,cOMpLeTed,Всё отлично!,2024-06-17,6802037659811120
2029947068173,2024/06/09 07:24:15,алЕкСеЙ миХАЙЛов,8(9714) 09-65,4,поДписка нА гаЗеТу,4,2185.96,214.04,COMPlEtEd,Всё отлично!,2024-06-17,6802037659811120
2029947067989,2024/06/07 05:45:32,АнНА СМИрНОвА,+7(9066)77-76,3,АМуниЦиЯ ДЛя собак,2,2192.3,207.7,cOmpLEted,Нужно уточнить сроки,2024/06/11,7890682687293859
2029947067989,2024/06/07 05:45:32,АнНА СМИрНОвА,+7(9066)77-76,1,корМ дЛя Собак,4,1834.49,165.51,ComPletED,Нужно уточнить сроки,2024/06/11,7890682687293859
2029947067989,2024/06/07 05:45:32,АнНА СМИрНОвА,+7(9066)77-76,4,подписКа На ГазЕТУ,5,2902.88,97.12,CompLetEd,Нужно уточнить сроки,2024/06/11,7890682687293859
2029947067989,2024/06/07 05:45:32,АнНА СМИрНОвА,+7(9066)77-76,4,ПОдпИСКа на ГАзеТу,5,2767.13,232.87,cOmplEtEd,Нужно уточнить сроки,2024/06/11,7890682687293859
2029947066186,2024/06/14 06:19:46,иВаН ИВАНоВ,8(9168) 89-29,3,аМуНициЯ ДлЯ сОБАк,2,2394.31,5.69,processing,Проверить наличие,2024-06-03,6138963527085837
2029947066186,2024/06/14 06:19:46,иВаН ИВАНоВ,8(9168) 89-29,4,ПоДпИСКА на газЕТУ,2,1186.91,13.09,PROcesSiNg,Проверить наличие,2024-06-03,6138963527085837
2029947066186,2024/06/14 06:19:46,иВаН ИВАНоВ,8(9168) 89-29,4,ПодПИска На газету,3,1670.08,129.92,PROcESSInG,Проверить наличие,2024-06-03,6138963527085837
2029947066186,2024/06/14 06:19:46,иВаН ИВАНоВ,8(9168) 89-29,4,ПодПисКА нА гаЗету,4,2131.35,268.65,pROCessiNG,Проверить наличие,2024-06-03,6138963527085837
2029947065306,05.06.2024 20:18,ДМИтРиЙ КузНЕцоВ,8(9342) 39-60,1,корм ДЛя СОБаК,4,1748.08,251.92,comPleteD,Проверить наличие,2024/06/09,7542393877937157
2029947065306,05.06.2024 20:18,ДМИтРиЙ КузНЕцоВ,8(9342) 39-60,3,АМуницИя длЯ сОбАк,3,3443.09,156.91,compLeTeD,Проверить наличие,2024/06/09,7542393877937157
2029947065306,05.06.2024 20:18,ДМИтРиЙ КузНЕцоВ,8(9342) 39-60,3,АмуНиЦИя длЯ сОБаК,2,2353.75,46.25,CoMPlEted,Проверить наличие,2024/06/09,7542393877937157
2029947065306,05.06.2024 20:18,ДМИтРиЙ КузНЕцоВ,8(9342) 39-60,4,ПОдписка НА гаЗеТУ,3,1531.63,268.37,ComPLEtED,Проверить наличие,2024/06/09,7542393877937157
2029947064130,03.06.2024 12:06,СЕргЕЙ сИДОрОВ,+7(9715)52-52,3,аМуницИЯ ДлЯ сОБАк,1,1193.69,6.31,PROcessIng,подарок вовремя,2024/06/20,0640465865917164
2029947063388,25.06.2024 18:17,МИХаИЛ оРлоВ,+7 9006 89 46,1,КоРм ДлЯ СоБак,2,861.85,138.15,PrOCesSinG,Ждём с нетерпением!,15.06.2024,9445341194376958
2029947063388,25.06.2024 18:17,МИХаИЛ оРлоВ,+7 9006 89 46,3,АМуНиЦИЯ Для СОБАК,5,5690.48,309.52,pRoCesSinG,Ждём с нетерпением!,15.06.2024,9445341194376958
2029947063388,25.06.2024 18:17,МИХаИЛ оРлоВ,+7 9006 89 46,3,аМУнИЦия дЛя СОбаК,1,1034.74,165.26,pRoceSsINg,Ждём с нетерпением!,15.06.2024,9445341194376958
2029947062237,2024-06-21 09:58:22,натАльЯ вАСИльева,+7 9919 51 07,5,мОЛоко,4,11472.51,527.49,pROCeSSIng,подарок вовремя,2024/06/08,9664261548417944
2029947062237,2024-06-21 09:58:22,натАльЯ вАСИльева,+7 9919 51 07,2,иГрУшКА мЯЧ,3,827.1,72.9,PrOCessINg,подарок вовремя,2024/06/08,9664261548417944
2029947061260,2024-06-05 12:20:47,иван ИвАнов,8(9713) 34-86,5,МОлОКо,2,5872.41,127.59,PrOcessIng,"Задержка с доставкой, печалька...",18.06.2024,0766620637782137
2029947061260,2024-06-05 12:20:47,иван ИвАнов,8(9713) 34-86,2,ИГРУшкА МяЧ,5,1472.9,27.1,pRocEssiNG,"Задержка с доставкой, печалька...",18.06.2024,0766620637782137
2029947060707,2024/06/19 12:44:01,дмиТРий КУЗНецоВ,+7(9870)05-96,2,ИгРУшКА мяЧ,1,288.23,11.77,CANCELLed,Всё отлично!,2024-06-18,8114406568986490
2029947060707,2024/06/19 12:44:01,дмиТРий КУЗНецоВ,+7(9870)05-96,4,пОДПИСкА нА газеТу,3,1774.27,25.73,cAnCeLLed,Всё отлично!,2024-06-18,8114406568986490
2029947060707,2024/06/19 12:44:01,дмиТРий КУЗНецоВ,+7(9870)05-96,3,амуНиЦия ДЛя собАк,1,1187.86,12.14,CANCELleD,Всё отлично!,2024-06-18,8114406568986490
2029947059597,2024/06/24 19:09:12,наТалья ВасилЬЕвА,+7(9289)13-06,1,КОрм для собаК,5,2257.03,242.97,CANceLLEd,Всё отлично!,2024-06-18,7029208731818488
2029947059597,2024/06/24 19:09:12,наТалья ВасилЬЕвА,+7(9289)13-06,5,мОлОкО,5,13532.95,1467.05,cAncELlEd,Всё отлично!,2024-06-18,7029208731818488
2029947059597,2024/06/24 19:09:12,наТалья ВасилЬЕвА,+7(9289)13-06,3,АмУницИя Для СобАк,1,1025.49,174.51,cANCellEd,Всё отлично!,2024-06-18,7029208731818488
2029947059597,2024/06/24 19:09:12,наТалья ВасилЬЕвА,+7(9289)13-06,1,КОРм ДлЯ сОбАк,3,1442.93,57.07,CancELlEd,Всё отлично!,2024-06-18,7029208731818488
2029947059597,2024/06/24 19:09:12,наТалья ВасилЬЕвА,+7(9289)13-06,3,аМуНициЯ ДЛЯ сОбаК,1,1191.43,8.57,canCelLed,Всё отлично!,2024-06-18,7029208731818488
2029947058733,21.06.2024 13:51,маРия ПеТРовА,+7(9803)23-99,4,подпИСка НА гАзету,1,515.34,84.66,cOmPLETEd,Всё отлично!,2024/06/06,5558346045935060
2029947057449,19.06.2024 20:04,аННа СмиРноВа,8(9811) 67-27,2,иГРУШкА МяЧ,1,295.21,4.79,CAnceLLED,Нужно уточнить сроки,2024/06/21,3541845729233441
2029947057449,19.06.2024 20:04,аННа СмиРноВа,8(9811) 67-27,5,МолОКО,4,10713.14,1286.86,CANCelLED,Нужно уточнить сроки,2024/06/21,3541845729233441
2029947056171,2024-06-16 01:40:03,аННА СМиРНоВа,+7(9455)62-69,2,игрУШКа МЯч,3,823.74,76.26,coMpLeTed,"Задержка с доставкой, печалька...",2024-06-06,4973358076572539
2029947056171,2024-06-16 01:40:03,аННА СМиРНоВа,+7(9455)62-69,1,Корм ДлЯ СоБак,5,2059.25,440.75,CompLeTeD,"Задержка с доставкой, печалька...",2024-06-06,4973358076572539
2029947056171,2024-06-16 01:40:03,аННА СМиРНоВа,+7(9455)62-69,1,коРм Для СОбАк,5,2398.51,101.49,cOmPlEteD,"Задержка с доставкой, печалька...",2024-06-06,4973358076572539
2029947055636,2024-06-13 14:26:39,АНна смирнОВа,+7 9032 98 25,3,АМуНиЦИЯ для СОбАК,2,2170.31,229.69,cOmpLeted,спасибо за заказ,2024-06-16,2291191311424318
2029947055636,2024-06-13 14:26:39,АНна смирнОВа,+7 9032 98 25,4,пОдпискА На гАЗЕтУ,5,2562.35,437.65,COMpleTeD,спасибо за заказ,2024-06-16,2291191311424318
2029947055636,2024-06-13 14:26:39,АНна смирнОВа,+7 9032 98 25,2,игруШка мяч,4,1175.09,24.91,COmpLEted,спасибо за заказ,2024-06-16,2291191311424318
2029947055636,2024-06-13 14:26:39,АНна смирнОВа,+7 9032 98 25,5,МоЛоко,2,4861.32,1138.68,COMPLETeD,спасибо за заказ,2024-06-16,2291191311424318
2029947054452,30.06.2024 00:50,АЛЕКсеЙ мИхаЙЛОв,+7 9761 79 44,2,игруШка мЯЧ,5,1432.85,67.15,pROcessING,Проверить наличие,2024-06-13,9911867234660878
2029947054452,30.06.2024 00:50,АЛЕКсеЙ мИхаЙЛОв,+7 9761 79 44,3,АМуНиЦИЯ ДЛЯ СобаК,3,3539.9,60.1,PrOCEsSINg,Проверить наличие,2024-06-13,9911867234660878
2029947054452,30.06.2024 00:50,АЛЕКсеЙ мИхаЙЛОв,+7 9761 79 44,1,КорМ дЛя Собак,1,415.47,84.53,pRocesSIng,Проверить наличие,2024-06-13,9911867234660878
2029947054452,30.06.2024 00:50,АЛЕКсеЙ мИхаЙЛОв,+7 9761 79 44,2,игРуШКА мЯч,1,285.48,14.52,prOceSsInG,Проверить наличие,2024-06-13,9911867234660878
2029947053597,2024/06/30 20:12:34,ЕЛЕна НОвИКоВА,+7 9245 76 54,5,моЛокО,3,8816.0,184.0,CoMplEtEd,подарок вовремя,2024-06-07,2235174357694157
2029947053597,2024/06/30 20:12:34,ЕЛЕна НОвИКоВА,+7 9245 76 54,5,мОЛоКО,4,11202.23,797.77,ComPleTED,подарок вовремя,2024-06-07,2235174357694157
2029947052257,2024-06-30 08:54:32,еЛЕна НовиКоВа,+7(9089)77-53,4,пОдпИСкА НА ГазЕТУ,2,982.7,217.3,caNcELlEd,Нужно уточнить сроки,2024/06/11,3206132604076421
2029947051446,2024/06/23 00:50:05,ИваН иванОв,+7 9890 53 16,5,моЛоКо,4,10010.83,1989.17,cOmpLEtEd,"Задержка с доставкой, печалька...",2024/06/17,9240571779932152
2029947051446,2024/06/23 00:50:05,ИваН иванОв,+7 9890 53 16,5,моЛоКО,5,12837.02,2162.98,cOmplETed,"Задержка с доставкой, печалька...",2024/06/17,9240571779932152
2029947051446,2024/06/23 00:50:05,ИваН иванОв,+7 9890 53 16,3,аМуницИя дЛя соБаК,5,4990.03,1009.97,complEtED,"Задержка с доставкой, печалька...",2024/06/17,9240571779932152
2029947050845,2024-06-03 13:30:34,дМитриЙ кУЗнецОв,8(9864) 16-63,5,МолОкО,4,11019.44,980.56,CANcElLED,подарок вовремя,2024-06-10,4533171662343544
2029947050845,2024-06-03 13:30:34,дМитриЙ кУЗнецОв,8(9864) 16-63,2,игрушКА МяЧ,3,889.18,10.82,cAnCeLLED,подарок вовремя,2024-06-10,4533171662343544
2029947050845,2024-06-03 13:30:34,дМитриЙ кУЗнецОв,8(9864) 16-63,3,АМУнИЦИЯ длЯ соБАк,2,1959.66,440.34,cANCELLeD,подарок вовремя,2024-06-10,4533171662343544
2029947049510,2024/06/22 14:20:13,еЛЕНа НоВИкОВА,+7(9358)25-69,2,ИгруШКа МяЧ,3,729.07,170.93,comPleteD,"Задержка с доставкой, печалька...",2024/06/30,7916440008568129
2029947049510,2024/06/22 14:20:13,еЛЕНа НоВИкОВА,+7(9358)25-69,4,ПодпИсКа НА ГаЗЕтУ,2,1049.18,150.82,COmPleTeD,"Задержка с доставкой, печалька...",2024/06/30,7916440008568129
2029947049510,2024/06/22 14:20:13,еЛЕНа НоВИкОВА,+7(9358)25-69,1,КОрМ ДлЯ сОБаК,5,2018.64,481.36,coMpLETEd,"Задержка с доставкой, печалька...",2024/06/30,7916440008568129
2029947048984,07.06.2024 19:58,мАРиЯ ПеТРОвА,+7 9216 01 67,4,подПИСкА на гАзетУ,4,2159.46,240.54,prOCessINg,"Задержка с доставкой, печалька...",2024-06-27,7324836079682394
2029947048984,07.06.2024 19:58,мАРиЯ ПеТРОвА,+7 9216 01 67,5,МОЛОКо,3,7554.24,1445.76,PRoCeSSIng,"Задержка с доставкой, печалька...",2024-06-27,7324836079682394
2029947048984,07.06.2024 19:58,мАРиЯ ПеТРОвА,+7 9216 01 67,1,кОрМ Для СОБАК,2,800.75,199.25,pRoceSSInG,"Задержка с доставкой, печалька...",2024-06-27,7324836079682394
2029947047718,2024-06-24 11:35:39,ЕленА нОВИКовА,+7 9082 01 87,3,АмуНицИя ДЛя сОБак,4,4537.64,262.36,CAncellEd,"Задержка с доставкой, печалька...",2024/06/16,7426231028197203
2029947047718,2024-06-24 11:35:39,ЕленА нОВИКовА,+7 9082 01 87,5,МОлоКо,1,2477.58,522.42,CaNcEllED,"Задержка с доставкой, печалька...",2024/06/16,7426231028197203
2029947047718,2024-06-24 11:35:39,ЕленА нОВИКовА,+7 9082 01 87,4,ПодПИСкА на гаЗету,1,576.6,23.4,cancELlED,"Задержка с доставкой, печалька...",2024/06/16,7426231028197203
2029947047718,2024-06-24 11:35:39,ЕленА нОВИКовА,+7 9082 01 87,5,МоЛОКо,3,8207.32,792.68,CaNCellEd,"Задержка с доставкой, печалька...",2024/06/16,7426231028197203
2029947047718,2024-06-24 11:35:39,ЕленА нОВИКовА,+7 9082 01 87,1,КОрМ дЛЯ соБак,3,1415.18,84.82,CANCeLlEd,"Задержка с доставкой, печалька...",2024/06/16,7426231028197203
2029947046711,2024/06/17 21:34:15,иван ИваНоВ,8(9445) 79-77,2,ИГруШКа МЯч,1,254.87,45.13,PROCeSSiNg,Нужно уточнить сроки,01.06.2024,3521454055534530
2029947046711,2024/06/17 21:34:15,иван ИваНоВ,8(9445) 79-77,2,иГРУШкА мЯч,3,873.56,26.44,PRoceSSinG,Нужно уточнить сроки,01.06.2024,3521454055534530
2029947046711,2024/06/17 21:34:15,иван ИваНоВ,8(9445) 79-77,5,моЛОКО,3,7815.17,1184.83,pROcESsInG,Нужно уточнить сроки,01.06.2024,3521454055534530
2029947046711,2024/06/17 21:34:15,иван ИваНоВ,8(9445) 79-77,3,АмУницИя ДлЯ СОБАк,3,3188.97,411.03,PROcesSINg,Нужно уточнить сроки,01.06.2024,3521454055534530
2029947046711,2024/06/17 21:34:15,иван ИваНоВ,8(9445) 79-77,1,кОРМ ДЛЯ СобАк,3,1254.3,245.7,PROCEsSIng,Нужно уточнить сроки,01.06.2024,3521454055534530
2029947045923,2024/06/21 18:24:44,ЕЛеНа НОВикОва,+7(9777)05-60,3,АмуНиЦия Для сОбак,5,5341.8,658.2,prOcEsSinG,Нужно уточнить сроки,22.06.2024,0652583751174216
2029947045923,2024/06/21 18:24:44,ЕЛеНа НОВикОва,+7(9777)05-60,4,поДПИскА нА ГаЗеТУ,4,2333.63,66.37,prOcESSING,Нужно уточнить сроки,22.06.2024,0652583751174216
2029947045923,2024/06/21 18:24:44,ЕЛеНа НОВикОва,+7(9777)05-60,1,кОрм Для СОБаК,2,883.96,116.04,ProcESSiNg,Нужно уточнить сроки,22.06.2024,0652583751174216
2029947045923,2024/06/21 18:24:44,ЕЛеНа НОВикОва,+7(9777)05-60,2,игРушкА мяЧ,3,838.27,61.73,PrOCESsinG,Нужно уточнить сроки,22.06.2024,0652583751174216
2029947045923,2024/06/21 18:24:44,ЕЛеНа НОВикОва,+7(9777)05-60,3,аМунИцИя ДЛя собак,5,4915.95,1084.05,PrOcEssiNg,Нужно уточнить сроки,22.06.2024,0652583751174216
2029947044213,2024-06-30 06:06:04,ЕлЕНа ноВИкОВа,+7 9157 90 93,5,мОЛОКО,3,7291.27,1708.73,PROcEsSING,Проверить наличие,16.06.2024,3834693007820457
2029947044213,2024-06-30 06:06:04,ЕлЕНа ноВИкОВа,+7 9157 90 93,3,аМУниЦия ДЛЯ собаК,4,4224.8,575.2,pROCeSSInG,Проверить наличие,16.06.2024,3834693007820457
2029947044213,2024-06-30 06:06:04,ЕлЕНа ноВИкОВа,+7 9157 90 93,4,подписКа на гаЗеТу,1,511.18,88.82,prOCEssINg,Проверить наличие,16.06.2024,3834693007820457
2029947043545,2024-06-13 20:14:54,ЕЛЕНа НовиКовА,8(9253) 52-09,2,ИГРуШкА мЯч,1,270.03,29.97,cAnCELLed,спасибо за заказ,2024-06-09,5484849198909320
2029947043545,2024-06-13 20:14:54,ЕЛЕНа НовиКовА,8(9253) 52-09,5,МОЛОкО,4,11191.88,808.12,cAncELLeD,спасибо за заказ,2024-06-09,5484849198909320
2029947043545,2024-06-13 20:14:54,ЕЛЕНа НовиКовА,8(9253) 52-09,3,аМУНИЦИЯ дЛЯ СоБАК,2,2019.22,380.78,canCELled,спасибо за заказ,2024-06-09,5484849198909320
2029947043545,2024-06-13 20:14:54,ЕЛЕНа НовиКовА,8(9253) 52-09,2,ИгрушкА МяЧ,1,250.84,49.16,CAnCelLED,спасибо за заказ,2024-06-09,5484849198909320
2029947043545,2024-06-13 20:14:54,ЕЛЕНа НовиКовА,8(9253) 52-09,5,моЛокО,2,5665.27,334.73,CANCeLlED,спасибо за заказ,2024-06-09,5484849198909320
2029947042828,06.06.2024 10:04,СЕргей СидОРОв,+7 9445 50 18,4,ПОдПиСКа нА ГаЗЕТУ,3,1543.35,256.65,caNcElled,Нужно уточнить сроки,2024-06-21,1258626111999843
2029947042828,06.06.2024 10:04,СЕргей СидОРОв,+7 9445 50 18,1,КОРМ ДЛя собАК,4,1739.55,260.45,caNcEllEd,Нужно уточнить сроки,2024-06-21,1258626111999843
2029947042828,06.06.2024 10:04,СЕргей СидОРОв,+7 9445 50 18,2,игрушКА мяч,3,751.55,148.45,CAncelLEd,Нужно уточнить сроки,2024-06-21,1258626111999843
2029947042828,06.06.2024 10:04,СЕргей СидОРОв,+7 9445 50 18,2,ИгРУШкА мЯЧ,2,576.43,23.57,canCElLeD,Нужно уточнить сроки,2024-06-21,1258626111999843
2029947041373,08.06.2024 03:30,НАТАлЬя ВАСИЛЬеВа,+7(9955)23-19,2,ИГРуШка мЯч,1,282.97,17.03,pROCEssIng,спасибо за заказ,2024-06-15,7989054728010386
2029947041373,08.06.2024 03:30,НАТАлЬя ВАСИЛЬеВа,+7(9955)23-19,1,корм дЛя соБаК,2,849.43,150.57,PrOCESSInG,спасибо за заказ,2024-06-15,7989054728010386
2029947040128,09.06.2024 23:21,МАРиЯ петРОвА,+7(9822)06-70,2,игРУшка МЯЧ,4,1011.03,188.97,PrOCessinG,Проверить наличие,2024/06/23,3889064053453132
2029947039659,2024/06/21 20:23:17,ивАН ИвАнОВ,+7 9521 18 67,5,мОЛОКо,2,4955.06,1044.94,PRoCesSinG,"Задержка с доставкой, печалька...",2024-06-25,6393950330092321
2029947039659,2024/06/21 20:23:17,ивАН ИвАнОВ,+7 9521 18 67,2,ИгрУшка МЯч,5,1439.97,60.03,ProcEssing,"Задержка с доставкой, печалька...",2024-06-25,6393950330092321
2029947039659,2024/06/21 20:23:17,ивАН ИвАнОВ,+7 9521 18 67,2,игРУшКА мяч,4,1083.44,116.56,PrOCessinG,"Задержка с доставкой, печалька...",2024-06-25,6393950330092321
2029947039659,2024/06/21 20:23:17,ивАН ИвАнОВ,+7 9521 18 67,1,коРм дЛЯ СоБак,4,1744.25,255.75,pRocesSiNg,"Задержка с доставкой, печалька...",2024-06-25,6393950330092321
2029947039659,2024/06/21 20:23:17,ивАН ИвАнОВ,+7 9521 18 67,4,поДпискА нА гаЗеТу,5,2712.27,287.73,PROcESSING,"Задержка с доставкой, печалька...",2024-06-25,6393950330092321
2029947038370,09.06.2024 03:07,НАтаЛЬЯ ВАсиЛьЕВА,+7(9523)21-45,3,аМуницИЯ ДЛЯ СОбаК,1,1013.42,186.58,caNCEllED,Проверить наличие,2024-06-03,9054514238584756
2029947038370,09.06.2024 03:07,НАтаЛЬЯ ВАсиЛьЕВА,+7(9523)21-45,5,МОлОкО,3,8420.75,579.25,caNCElled,Проверить наличие,2024-06-03,9054514238584756
2029947038370,09.06.2024 03:07,НАтаЛЬЯ ВАсиЛьЕВА,+7(9523)21-45,4,ПоДпиСКА На ГАзЕТу,2,1112.53,87.47,canceLleD,Проверить наличие,2024-06-03,9054514238584756
2029947038370,09.06.2024 03:07,НАтаЛЬЯ ВАсиЛьЕВА,+7(9523)21-45,2,ИГРуШка мЯЧ,1,251.4,48.6,canceLLED,Проверить наличие,2024-06-03,9054514238584756
2029947037330,22.06.2024 13:42,СергЕЙ СИДОРОВ,+7 9972 30 84,3,амУНИЦИЯ дЛя соБак,4,4277.67,522.33,cOmplEtEd,Всё отлично!,2024-06-25,3846546423779631
2029947036265,2024-06-10 10:32:39,ЕлеНА ноВиКОва,8(9127) 54-97,5,мОлОКо,4,11709.33,290.67,pROcessiNg,Проверить наличие,17.06.2024,4605150901227410
2029947036265,2024-06-10 10:32:39,ЕлеНА ноВиКОва,8(9127) 54-97,2,ИгРушка мяЧ,5,1367.67,132.33,pRoCeSSING,Проверить наличие,17.06.2024,4605150901227410
2029947036265,2024-06-10 10:32:39,ЕлеНА ноВиКОва,8(9127) 54-97,5,МОлоКо,3,8955.4,44.6,PrOcEssing,Проверить наличие,17.06.2024,4605150901227410
2029947036265,2024-06-10 10:32:39,ЕлеНА ноВиКОва,8(9127) 54-97,3,АМуНИЦиЯ длЯ СобАк,2,2252.97,147.03,PrOcESSiNg,Проверить наличие,17.06.2024,4605150901227410
2029947036265,2024-06-10 10:32:39,ЕлеНА ноВиКОва,8(9127) 54-97,4,ПоДПиСкА на гаЗету,4,2312.96,87.04,pRocESsiNg,Проверить наличие,17.06.2024,4605150901227410
2029947035100,2024/06/12 18:24:43,елЕна нОВикОВа,8(9509) 76-62,4,ПоДписКа нА газетУ,4,2183.69,216.31,cOmplETEd,Ждём с нетерпением!,2024-06-25,3099237748686584
2029947034355,27.06.2024 13:00,мАРИя петрОВа,+7 9787 25 51,1,КоРм ДЛЯ СоБаК,2,880.78,119.22,cOMPlETED,Всё отлично!,2024-06-03,6423680840583234
2029947034355,27.06.2024 13:00,мАРИя петрОВа,+7 9787 25 51,4,ПОдпИскА НА ГаЗЕтУ,3,1662.17,137.83,COMpleteD,Всё отлично!,2024-06-03,6423680840583234
2029947034355,27.06.2024 13:00,мАРИя петрОВа,+7 9787 25 51,1,коРМ для собак,4,1615.65,384.35,CoMpLeted,Всё отлично!,2024-06-03,6423680840583234
2029947034355,27.06.2024 13:00,мАРИя петрОВа,+7 9787 25 51,1,кОРм Для сОбак,1,405.93,94.07,COmPlETed,Всё отлично!,2024-06-03,6423680840583234
2029947034355,27.06.2024 13:00,мАРИя петрОВа,+7 9787 25 51,5,МоЛокО,4,11200.11,799.89,cOMPLETed,Всё отлично!,2024-06-03,6423680840583234
2029947033816,25.06.2024 13:07,ивАН ИвАнов,8(9194) 96-00,4,подпиСкА нА ГаЗету,2,1110.96,89.04,COMplEted,подарок вовремя,09.06.2024,0746191547344176
2029947033816,25.06.2024 13:07,ивАН ИвАнов,8(9194) 96-00,2,ИГрушкА МЯч,4,985.89,214.11,coMpLetED,подарок вовремя,09.06.2024,0746191547344176
2029947033816,25.06.2024 13:07,ивАН ИвАнов,8(9194) 96-00,2,иГРушКА мяч,5,1382.28,117.72,coMpleTED,подарок вовремя,09.06.2024,0746191547344176
2029947032992,2024/06/24 05:24:55,МИХаИл ОРлоВ,+7(9471)28-58,5,мОЛоко,2,5170.92,829.08,pROceSSING,подарок вовремя,2024/06/11,5745480476972184
2029947032992,2024/06/24 05:24:55,МИХаИл ОРлоВ,+7(9471)28-58,3,амУнИЦИя ДЛЯ СобАк,1,1023.07,176.93,prOCeSSING,подарок вовремя,2024/06/11,5745480476972184
2029947032992,2024/06/24 05:24:55,МИХаИл ОРлоВ,+7(9471)28-58,5,мОЛОкО,3,7606.5,1393.5,PROCesSInG,подарок вовремя,2024/06/11,5745480476972184
2029947032992,2024/06/24 05:24:55,МИХаИл ОРлоВ,+7(9471)28-58,3,аМуНиЦИя дЛя СоБАк,2,1920.53,479.47,pRoCessING,подарок вовремя,2024/06/11,5745480476972184
2029947032992,2024/06/24 05:24:55,МИХаИл ОРлоВ,+7(9471)28-58,3,амУНицИя длЯ СоБАК,2,2028.23,371.77,PROcESSinG,подарок вовремя,2024/06/11,5745480476972184
2029947031369,2024/06/16 18:12:43,НатАЛЬя вАсильеВа,8(9473) 77-22,3,АмуниЦиЯ ДЛя СОБАК,5,5160.47,839.53,canCeLLed,Всё отлично!,2024/06/04,3400443380795709
2029947031369,2024/06/16 18:12:43,НатАЛЬя вАсильеВа,8(9473) 77-22,1,КоРМ дЛЯ СоБАК,5,2412.37,87.63,CanceLleD,Всё отлично!,2024/06/04,3400443380795709
2029947031369,2024/06/16 18:12:43,НатАЛЬя вАсильеВа,8(9473) 77-22,3,аМуницИЯ дЛя сОбак,2,2295.12,104.88,caNCeLLeD,Всё отлично!,2024/06/04,3400443380795709
2029947031369,2024/06/16 18:12:43,НатАЛЬя вАсильеВа,8(9473) 77-22,3,АмУнИцИЯ ДЛЯ соБаК,4,4005.19,794.81,cANcELLed,Всё отлично!,2024/06/04,3400443380795709
2029947031369,2024/06/16 18:12:43,НатАЛЬя вАсильеВа,8(9473) 77-22,4,подПисКА На ГАзеТУ,1,528.14,71.86,caNCELlEd,Всё отлично!,2024/06/04,3400443380795709
2029947030841,01.06.2024 11:20,ивАн ивАноВ,+7 9200 68 81,3,амУнИЦИя ДлЯ СОБАк,2,2021.79,378.21,prOCEsSing,спасибо за заказ,02.06.2024,0164201795740735
2029947030841,01.06.2024 11:20,ивАн ивАноВ,+7 9200 68 81,1,КОРМ ДЛя сОБАк,4,1872.41,127.59,ProceSSInG,спасибо за заказ,02.06.2024,0164201795740735
2029947029595,25.06.2024 03:15,МихАИл ОрЛов,+7 9056 78 61,4,подПиска На ГАзеТУ,3,1473.96,326.04,PrOcESSiNg,Всё отлично!,2024-06-08,7140274097400886
2029947028860,26.06.2024 21:34,МариЯ ПЕТРОвА,8(9343) 99-25,1,КОрм ДЛЯ соБаК,1,470.34,29.66,coMPleteD,"Задержка с доставкой, печалька...",03.06.2024,6618263006746845
2029947028860,26.06.2024 21:34,МариЯ ПЕТРОвА,8(9343) 99-25,2,игРУШКа МЯЧ,4,968.87,231.13,ComPLeTeD,"Задержка с доставкой, печалька...",03.06.2024,6618263006746845
2029947027983,14.06.2024 14:57,АЛЕксЕй МиХаЙлОВ,+7 9497 29 50,1,кОрМ дЛя Собак,5,2097.91,402.09,cAncElLeD,Всё отлично!,09.06.2024,3668160025470288
2029947027983,14.06.2024 14:57,АЛЕксЕй МиХаЙлОВ,+7 9497 29 50,1,КОРм ДЛЯ СОбАК,4,1667.03,332.97,canCeLLed,Всё отлично!,09.06.2024,3668160025470288
2029947026465,2024-06-20 01:36:40,маРИЯ ПЕтРОВа,+7(9261)78-26,5,мОЛОКо,3,8623.04,376.96,COmpLeTEd,Нужно уточнить сроки,2024/06/23,5459606777723824
2029947026465,2024-06-20 01:36:40,маРИЯ ПЕтРОВа,+7(9261)78-26,4,пОдПисКа НА ГАзетУ,1,507.56,92.44,COmpLETEd,Нужно уточнить сроки,2024/06/23,5459606777723824
2029947025269,01.06.2024 01:18,мИХаИл ОрЛОв,+7(9531)67-60,2,иГруШкА МЯЧ,4,976.04,223.96,ComPLetED,"Задержка с доставкой, печалька...",2024/06/25,9162932153432151
2029947025269,01.06.2024 01:18,мИХаИл ОрЛОв,+7(9531)67-60,1,корм Для СОбАК,1,433.66,66.34,ComPlETed,"Задержка с доставкой, печалька...",2024/06/25,9162932153432151
2029947024532,2024/06/24 00:52:29,ОЛЬгА КуЗНЕЦОва,+7(9272)97-39,5,моЛОко,3,8765.78,234.22,cancelled,Проверить наличие,2024-06-29,0277959763880876
2029947023913,16.06.2024 03:10,ЕленА НовИКОва,+7(9445)35-57,2,ИгрушКА МяЧ,1,279.95,20.05,CAnceLLed,Нужно уточнить сроки,2024-06-18,0645621552404249
2029947023913,16.06.2024 03:10,ЕленА НовИКОва,+7(9445)35-57,4,ПОДПиСКА нА гаЗеТу,3,1635.0,165.0,CANcELlEd,Нужно уточнить сроки,2024-06-18,0645621552404249
2029947023913,16.06.2024 03:10,ЕленА НовИКОва,+7(9445)35-57,1,коРм для сОбак,5,2031.65,468.35,cANCellED,Нужно уточнить сроки,2024-06-18,0645621552404249
2029947023913,16.06.2024 03:10,ЕленА НовИКОва,+7(9445)35-57,4,пОДпИСКА на гаЗетУ,4,2260.14,139.86,cancellED,Нужно уточнить сроки,2024-06-18,0645621552404249
2029947022458,10.06.2024 07:21,ивАн ИвАнОв,8(9975) 82-66,3,аМУНиЦИЯ для СобаК,1,1119.03,80.97,cAnCeLLed,Проверить наличие,16.06.2024,4005061109307696
2029947022458,10.06.2024 07:21,ивАн ИвАнОв,8(9975) 82-66,3,аМУНИция для СОбак,5,5634.7,365.3,CaNcELLED,Проверить наличие,16.06.2024,4005061109307696
2029947022458,10.06.2024 07:21,ивАн ИвАнОв,8(9975) 82-66,4,подПиСКа НА гАзЕТу,2,1174.1,25.9,CAncElLed,Проверить наличие,16.06.2024,4005061109307696
2029947022458,10.06.2024 07:21,ивАн ИвАнОв,8(9975) 82-66,4,ПодПиСКА НА газеТУ,3,1745.48,54.52,cANcElLEd,Проверить наличие,16.06.2024,4005061109307696
2029947022458,10.06.2024 07:21,ивАн ИвАнОв,8(9975) 82-66,5,Молоко,3,7518.56,1481.44,CAnCElLed,Проверить наличие,16.06.2024,4005061109307696
2029947021487,2024/06/19 08:35:49,АННа СМИРНОвА,+7(9345)19-72,4,ПоДПиСКа На газЕТУ,2,965.62,234.38,CAncelLEd,Ждём с нетерпением!,08.06.2024,9750064795444823
2029947020699,2024/06/16 09:44:18,оЛьГА КуЗНЕцОВА,+7 9183 11 24,5,МОЛоко,4,9748.15,2251.85,COMPLetEd,Нужно уточнить сроки,2024-06-03,7590709890542395
2029947020699,2024/06/16 09:44:18,оЛьГА КуЗНЕцОВА,+7 9183 11 24,5,мОлОКо,1,2498.16,501.84,CompLetEd,Нужно уточнить сроки,2024-06-03,7590709890542395
2029947020699,2024/06/16 09:44:18,оЛьГА КуЗНЕцОВА,+7 9183 11 24,1,коРм дЛЯ СоБАК,3,1242.98,257.02,cOmPletEd,Нужно уточнить сроки,2024-06-03,7590709890542395
2029947020699,2024/06/16 09:44:18,оЛьГА КуЗНЕцОВА,+7 9183 11 24,1,коРм дЛЯ сОБАК,1,463.74,36.26,CoMPLetED,Нужно уточнить сроки,2024-06-03,7590709890542395
2029947019378,05.06.2024 09:25,АЛЕКСей МИХАЙлов,+7 9739 64 34,4,ПоДписКА на ГАзЕту,1,589.66,10.34,CANCElleD,подарок вовремя,16.06.2024,9533754746794986
2029947019378,05.06.2024 09:25,АЛЕКСей МИХАЙлов,+7 9739 64 34,4,ПОДПИСкА НА ГаЗЕтУ,1,516.8,83.2,CanCElLED,подарок вовремя,16.06.2024,9533754746794986
2029947019378,05.06.2024 09:25,АЛЕКСей МИХАЙлов,+7 9739 64 34,2,ИГРушКА МЯч,4,1076.51,123.49,CAnCeLlED,подарок вовремя,16.06.2024,9533754746794986
2029947018861,2024-06-29 06:06:57,МаРия пЕТРоВА,8(9698) 88-03,4,пОДпИска на ГАЗету,4,2167.86,232.14,CaNCElLEd,подарок вовремя,17.06.2024,4245385606997229
2029947017153,2024/06/29 05:54:13,АЛексЕЙ МихАйЛоВ,8(9931) 93-83,1,КОрМ дЛЯ соБАк,1,482.91,17.09,coMpLeted,подарок вовремя,2024/06/05,0483155004340412
2029947017153,2024/06/29 05:54:13,АЛексЕЙ МихАйЛоВ,8(9931) 93-83,5,молоКо,2,5208.97,791.03,cOmpLETED,подарок вовремя,2024/06/05,0483155004340412
2029947017153,2024/06/29 05:54:13,АЛексЕЙ МихАйЛоВ,8(9931) 93-83,2,ИГруШКА МяЧ,1,261.4,38.6,COmPLeteD,подарок вовремя,2024/06/05,0483155004340412
2029947017153,2024/06/29 05:54:13,АЛексЕЙ МихАйЛоВ,8(9931) 93-83,1,КОРм дЛя соБак,4,1804.52,195.48,COMPLEtEd,подарок вовремя,2024/06/05,0483155004340412
2029947017153,2024/06/29 05:54:13,АЛексЕЙ МихАйЛоВ,8(9931) 93-83,4,ПоДпИскА на ГазетУ,4,2190.51,209.49,cOmPleteD,подарок вовремя,2024/06/05,0483155004340412
2029947016229,2024/06/21 12:18:18,НАТАЛьЯ ВасИЛЬЕВА,+7 9169 92 69,4,пОдписка На гаЗеТу,1,516.64,83.36,caNceLLEd,Проверить наличие,2024/06/20,3858169119666503
2029947016229,2024/06/21 12:18:18,НАТАЛьЯ ВасИЛЬЕВА,+7 9169 92 69,3,АМуНиЦИЯ длЯ соБак,5,5644.32,355.68,canCELlED,Проверить наличие,2024/06/20,3858169119666503
2029947016229,2024/06/21 12:18:18,НАТАЛьЯ ВасИЛЬЕВА,+7 9169 92 69,2,иГруШкА Мяч,3,838.54,61.46,CaNCelleD,Проверить наличие,2024/06/20,3858169119666503
2029947016229,2024/06/21 12:18:18,НАТАЛьЯ ВасИЛЬЕВА,+7 9169 92 69,4,подписКа НА гАзеТу,4,2148.93,251.07,cANceLLED,Проверить наличие,2024/06/20,3858169119666503
2029947016229,2024/06/21 12:18:18,НАТАЛьЯ ВасИЛЬЕВА,+7 9169 92 69,2,ИгРУшкА мяч,3,809.32,90.68,CancelLed,Проверить наличие,2024/06/20,3858169119666503
2029947015671,2024-06-30 01:23:30,МаРИЯ ПеТРоВа,8(9509) 68-10,1,КОрМ ДлЯ сОБаК,3,1260.55,239.45,compLETeD,подарок вовремя,2024-06-26,0392704945994742
2029947015671,2024-06-30 01:23:30,МаРИЯ ПеТРоВа,8(9509) 68-10,5,МОлоКо,5,12918.17,2081.83,compLetED,подарок вовремя,2024-06-26,0392704945994742
2029947015671,2024-06-30 01:23:30,МаРИЯ ПеТРоВа,8(9509) 68-10,1,коРМ ДлЯ СобАК,4,1854.2,145.8,comPleted,подарок вовремя,2024-06-26,0392704945994742
2029947014748,19.06.2024 04:36,нАТальЯ ВаСИлЬЕВА,+7(9753)42-29,2,иГРУшКа мяч,3,890.59,9.41,COmpleTeD,Ждём с нетерпением!,2024/06/05,5626535261706169
2029947014748,19.06.2024 04:36,нАТальЯ ВаСИлЬЕВА,+7(9753)42-29,4,поДпиСКА НА ГАзЕТу,3,1720.1,79.9,cOmPLeTED,Ждём с нетерпением!,2024/06/05,5626535261706169
2029947014748,19.06.2024 04:36,нАТальЯ ВаСИлЬЕВА,+7(9753)42-29,3,аМУНиЦИЯ длЯ сОбак,5,5446.33,553.67,coMpLETed,Ждём с нетерпением!,2024/06/05,5626535261706169
2029947014748,19.06.2024 04:36,нАТальЯ ВаСИлЬЕВА,+7(9753)42-29,1,КОрм дЛЯ СОбаК,2,812.25,187.75,COmplETeD,Ждём с нетерпением!,2024/06/05,5626535261706169
2029947013243,22.06.2024 20:26,МаРия пЕТрОвА,8(9412) 54-13,1,кОРМ ДлЯ СОБак,4,1976.75,23.25,CoMplEtEd,Проверить наличие,2024-06-08,6411166053786675
2029947013243,22.06.2024 20:26,МаРия пЕТрОвА,8(9412) 54-13,5,мОЛОКО,2,5097.1,902.9,COmPLETeD,Проверить наличие,2024-06-08,6411166053786675
2029947013243,22.06.2024 20:26,МаРия пЕТрОвА,8(9412) 54-13,5,МоЛОко,3,7415.32,1584.68,cOMplETed,Проверить наличие,2024-06-08,6411166053786675
2029947013243,22.06.2024 20:26,МаРия пЕТрОвА,8(9412) 54-13,2,ИгРуШкА мЯЧ,4,1005.97,194.03,cOmpleteD,Проверить наличие,2024-06-08,6411166053786675
2029947012793,2024-06-11 12:36:49,НАТАлЬя вАСильЕВа,+7 9909 02 77,2,иГРуШКА мЯЧ,2,595.5,4.5,CoMplETeD,Всё отлично!,2024-06-03,7316430388149427
2029947012793,2024-06-11 12:36:49,НАТАлЬя вАСильЕВа,+7 9909 02 77,3,АмУницИя для СоБАК,4,4129.32,670.68,cOmpLeTeD,Всё отлично!,2024-06-03,7316430388149427
2029947012793,2024-06-11 12:36:49,НАТАлЬя вАСильЕВа,+7 9909 02 77,4,поДпИсКа На гаЗеТу,3,1563.39,236.61,cOmplEtEd,Всё отлично!,2024-06-03,7316430388149427
2029947012793,2024-06-11 12:36:49,НАТАлЬя вАСильЕВа,+7 9909 02 77,4,поДпиСКА НА ГАзЕТу,1,541.08,58.92,CompleTeD,Всё отлично!,2024-06-03,7316430388149427
2029947012793,2024-06-11 12:36:49,НАТАлЬя вАСильЕВа,+7 9909 02 77,3,АМуницИя ДЛЯ сОБАК,2,2239.11,160.89,coMPLeTEd,Всё отлично!,2024-06-03,7316430388149427
2029947011458,24.06.2024 16:27,мИХАиЛ оРЛОв,+7 9042 13 32,4,ПОдПисКА На гаЗеТу,4,2235.77,164.23,ComplEteD,Проверить наличие,2024/06/28,1263589101510432
2029947010917,13.06.2024 12:37,ИВАН ивАноВ,+7 9590 12 52,4,ПОдПиСКА На Газету,3,1567.69,232.31,cancelled,подарок вовремя,2024-06-14,4921309324655884
2029947010917,13.06.2024 12:37,ИВАН ивАноВ,+7 9590 12 52,1,кОРМ Для СобАК,1,430.11,69.89,CanCELLED,подарок вовремя,2024-06-14,4921309324655884
2029947010917,13.06.2024 12:37,ИВАН ивАноВ,+7 9590 12 52,4,пОдпиСКА нА газЕту,1,488.26,111.74,CAncELLED,подарок вовремя,2024-06-14,4921309324655884
2029947010917,13.06.2024 12:37,ИВАН ивАноВ,+7 9590 12 52,4,ПОДПИсКА нА ГАЗету,5,2485.89,514.11,CaNCeLlEd,подарок вовремя,2024-06-14,4921309324655884
2029947010917,13.06.2024 12:37,ИВАН ивАноВ,+7 9590 12 52,5,мОЛОКО,5,12740.97,2259.03,cAncelLED,подарок вовремя,2024-06-14,4921309324655884
2029947009982,06.06.2024 07:18,АЛЕКсЕй МИхайлов,+7 9877 16 20,3,аМУнИциЯ ДЛЯ СОбАк,5,5688.1,311.9,ComplETed,Всё отлично!,04.06.2024,3805363267589850
2029947009982,06.06.2024 07:18,АЛЕКсЕй МИхайлов,+7 9877 16 20,5,МолоКо,1,2854.69,145.31,CoMpLETed,Всё отлично!,04.06.2024,3805363267589850
2029947009982,06.06.2024 07:18,АЛЕКсЕй МИхайлов,+7 9877 16 20,4,пОДписка на ГаЗЕту,4,2343.72,56.28,COMPLetED,Всё отлично!,04.06.2024,3805363267589850
2029947009982,06.06.2024 07:18,АЛЕКсЕй МИхайлов,+7 9877 16 20,4,ПОдПисКА На гАзетУ,4,2263.18,136.82,cOmplEted,Всё отлично!,04.06.2024,3805363267589850
2029947008631,2024/06/10 12:46:52,ЕлЕна НоВИкова,8(9654) 29-82,2,игрУшкА Мяч,3,858.59,41.41,PRoCeSsiNG,спасибо за заказ,2024-06-09,7183237253953566
2029947263781,2024/06/27 11:32:17,АЛЕКсей миХАйлоВ,+7(9011)36-60,2,иГРУШКа Мяч,2,550.18,49.82,PrOCeSSINg,Всё отлично!,2024/06/16,1171523995645270
2029947263781,2024/06/27 11:32:17,АЛЕКсей миХАйлоВ,+7(9011)36-60,1,кОРм ДЛЯ СОБАК,5,2072.1,427.9,PRocESSiNG,Всё отлично!,2024/06/16,1171523995645270
2029947263781,2024/06/27 11:32:17,АЛЕКсей миХАйлоВ,+7(9011)36-60,4,поДПисКа на ГАЗету,2,1100.03,99.97,prOCesSIng,Всё отлично!,2024/06/16,1171523995645270
2029947263781,2024/06/27 11:32:17,АЛЕКсей миХАйлоВ,+7(9011)36-60,2,игрушкА МяЧ,3,823.77,76.23,pROceSsinG,Всё отлично!,2024/06/16,1171523995645270
2029947263781,2024/06/27 11:32:17,АЛЕКсей миХАйлоВ,+7(9011)36-60,4,ПодписКа НА ГаЗету,2,1174.73,25.27,PrOcesSIng,Всё отлично!,2024/06/16,1171523995645270
2029947262391,14.06.2024 05:33,мАРИя пеТРОва,8(9041) 86-95,1,коРМ дЛя собаК,1,413.26,86.74,PrOcesSING,Ждём с нетерпением!,25.06.2024,7466794348589019
2029947262391,14.06.2024 05:33,мАРИя пеТРОва,8(9041) 86-95,4,поДпИСка НА газету,5,2945.28,54.72,PROcessING,Ждём с нетерпением!,25.06.2024,7466794348589019
2029947262391,14.06.2024 05:33,мАРИя пеТРОва,8(9041) 86-95,5,моЛоКо,3,8332.98,667.02,proceSSinG,Ждём с нетерпением!,25.06.2024,7466794348589019
2029947261454,2024-06-21 05:31:42,МариЯ ПЕТроВА,8(9488) 71-48,5,МолОкО,5,12556.91,2443.09,PrOCEssing,Нужно уточнить сроки,2024/06/05,6852333112214178
2029947260828,2024/06/11 18:41:35,мАриЯ ПЕТрОВА,+7(9536)94-58,5,МоЛоко,4,11195.04,804.96,coMpleTeD,Всё отлично!,2024/06/16,3513398003469439
2029947260828,2024/06/11 18:41:35,мАриЯ ПЕТрОВА,+7(9536)94-58,3,аМУНицИЯ ДЛЯ СОБаК,4,4081.31,718.69,compLeted,Всё отлично!,2024/06/16,3513398003469439
2029947260828,2024/06/11 18:41:35,мАриЯ ПЕТрОВА,+7(9536)94-58,1,кОрМ дЛЯ соБАК,2,882.04,117.96,cOmplETeD,Всё отлично!,2024/06/16,3513398003469439
2029947260828,2024/06/11 18:41:35,мАриЯ ПЕТрОВА,+7(9536)94-58,2,игруШКа мЯч,3,852.58,47.42,coMplEted,Всё отлично!,2024/06/16,3513398003469439
2029947259517,2024-06-22 18:53:06,дмИТРИй кУЗНЕЦОв,+7(9242)65-22,1,КОРМ дЛЯ СобАК,4,1863.38,136.62,cOMplETED,подарок вовремя,2024-06-18,0751469814882971
2029947259517,2024-06-22 18:53:06,дмИТРИй кУЗНЕЦОв,+7(9242)65-22,2,ИГрушкА мяЧ,2,581.82,18.18,CoMplETED,подарок вовремя,2024-06-18,0751469814882971
2029947259517,2024-06-22 18:53:06,дмИТРИй кУЗНЕЦОв,+7(9242)65-22,5,МОЛоко,4,11637.5,362.5,CoMPLeTed,подарок вовремя,2024-06-18,0751469814882971
2029947258451,2024/06/17 00:20:14,еЛеНа нОВИкоВА,8(9051) 57-39,1,корМ дЛЯ СоБАк,1,496.06,3.94,PRocessing,спасибо за заказ,2024/06/03,2873761225288784
2029947258451,2024/06/17 00:20:14,еЛеНа нОВИкоВА,8(9051) 57-39,3,аМунициЯ ДЛя СобаК,4,4433.46,366.54,pRocESSInG,спасибо за заказ,2024/06/03,2873761225288784
2029947258451,2024/06/17 00:20:14,еЛеНа нОВИкоВА,8(9051) 57-39,1,КОрМ длЯ соБаК,1,473.22,26.78,pRoCEsSING,спасибо за заказ,2024/06/03,2873761225288784
2029947258451,2024/06/17 00:20:14,еЛеНа нОВИкоВА,8(9051) 57-39,3,АмунИЦиЯ дЛЯ сОбАК,2,2199.21,200.79,pROceSSInG,спасибо за заказ,2024/06/03,2873761225288784
2029947258451,2024/06/17 00:20:14,еЛеНа нОВИкоВА,8(9051) 57-39,4,ПоДпИскА нА гАзЕту,4,2397.52,2.48,pRocESsINg,спасибо за заказ,2024/06/03,2873761225288784
2029947257771,28.06.2024 18:58,аННА сМирНоВА,+7 9517 93 40,1,КоРм ДЛя СобАК,1,463.42,36.58,COMplEtED,подарок вовремя,06.06.2024,1188424611656960
2029947256301,2024/06/02 08:52:12,михаил ОРЛОВ,+7 9710 22 45,5,Молоко,4,11386.43,613.57,COMPlETED,подарок вовремя,2024/06/27,4884545105223677
2029947256301,2024/06/02 08:52:12,михаил ОРЛОВ,+7 9710 22 45,1,кОрМ дЛя СобаК,4,1790.31,209.69,COMPlETEd,подарок вовремя,2024/06/27,4884545105223677
2029947256301,2024/06/02 08:52:12,михаил ОРЛОВ,+7 9710 22 45,5,МОЛОко,1,2594.81,405.19,coMpleted,подарок вовремя,2024/06/27,4884545105223677
2029947255577,2024/06/04 19:31:22,ДмИтРиЙ КУЗнецОв,8(9888) 40-43,3,АМунИЦИЯ для СОбаК,5,5495.12,504.88,procEssing,Проверить наличие,2024/06/27,0366380545214733
2029947255577,2024/06/04 19:31:22,ДмИтРиЙ КУЗнецОв,8(9888) 40-43,5,МОЛОкО,1,2987.78,12.22,PRoCesSinG,Проверить наличие,2024/06/27,0366380545214733
2029947255577,2024/06/04 19:31:22,ДмИтРиЙ КУЗнецОв,8(9888) 40-43,2,ИГРУШКа МяЧ,5,1235.53,264.47,prOcESsiNG,Проверить наличие,2024/06/27,0366380545214733
2029947255577,2024/06/04 19:31:22,ДмИтРиЙ КУЗнецОв,8(9888) 40-43,5,МолоКо,3,8173.24,826.76,ProCeSsIng,Проверить наличие,2024/06/27,0366380545214733
2029947255577,2024/06/04 19:31:22,ДмИтРиЙ КУЗнецОв,8(9888) 40-43,2,иГРУшкА мЯЧ,4,1050.51,149.49,PRoceSSiNG,Проверить наличие,2024/06/27,0366380545214733
2029947254213,09.06.2024 23:36,мИхаиЛ ОРлов,8(9375) 61-80,2,иГрУШкА МЯч,2,517.7,82.3,proCeSsing,Ждём с нетерпением!,2024/06/05,3613941838494624
2029947254213,09.06.2024 23:36,мИхаиЛ ОРлов,8(9375) 61-80,5,МОлокО,5,14165.73,834.27,pROceSSing,Ждём с нетерпением!,2024/06/05,3613941838494624
2029947253666,23.06.2024 01:38,аннА смирНОвА,8(9087) 08-51,3,амуниция ДлЯ сОБак,5,5049.76,950.24,CoMPletEd,"Задержка с доставкой, печалька...",2024-06-27,3097305897140776
2029947253666,23.06.2024 01:38,аннА смирНОвА,8(9087) 08-51,5,молоКо,2,5743.6,256.4,COMPLetED,"Задержка с доставкой, печалька...",2024-06-27,3097305897140776
2029947253666,23.06.2024 01:38,аннА смирНОвА,8(9087) 08-51,1,коРМ ДЛя СобАК,2,867.6,132.4,ComplEtEd,"Задержка с доставкой, печалька...",2024-06-27,3097305897140776
2029947252446,2024-06-16 03:26:59,иВаН иВАнОВ,8(9418) 99-41,5,МоЛОКо,2,5553.65,446.35,procESSINg,Ждём с нетерпением!,2024-06-10,3754864534718801
2029947252446,2024-06-16 03:26:59,иВаН иВАнОВ,8(9418) 99-41,5,моЛоКО,4,10662.61,1337.39,prOcEssiNG,Ждём с нетерпением!,2024-06-10,3754864534718801
2029947251566,2024-06-25 11:14:14,МИхАил оРлоВ,8(9930) 92-29,1,корм дЛЯ СоБак,5,2422.97,77.03,pRoceSsiNg,Всё отлично!,2024/06/08,7269562172239333
2029947251566,2024-06-25 11:14:14,МИхАил оРлоВ,8(9930) 92-29,4,пОДпиСКа На ГаЗеТУ,2,1165.86,34.14,prOcESSing,Всё отлично!,2024/06/08,7269562172239333
2029947251566,2024-06-25 11:14:14,МИхАил оРлоВ,8(9930) 92-29,2,ИгРушка МЯЧ,1,293.02,6.98,pROceSSINg,Всё отлично!,2024/06/08,7269562172239333
2029947251566,2024-06-25 11:14:14,МИхАил оРлоВ,8(9930) 92-29,4,пОдПиСкА На гАзЕТу,2,1149.12,50.88,proCeSsiNg,Всё отлично!,2024/06/08,7269562172239333
2029947251566,2024-06-25 11:14:14,МИхАил оРлоВ,8(9930) 92-29,1,КОрм ДЛЯ СОбаК,4,1705.48,294.52,PrOCEssiNG,Всё отлично!,2024/06/08,7269562172239333
2029947250399,08.06.2024 00:52,ОЛЬГа КУзнецоВА,+7 9272 86 67,5,МолОКо,5,14444.6,555.4,CANcELlED,спасибо за заказ,2024-06-03,5120172738365298
2029947250399,08.06.2024 00:52,ОЛЬГа КУзнецоВА,+7 9272 86 67,3,АмУНиЦиЯ ДЛя СобАК,1,1038.15,161.85,canCeLLeD,спасибо за заказ,2024-06-03,5120172738365298
2029947249327,2024-06-11 14:21:54,дмиТриЙ КуЗнецОв,8(9841) 19-33,4,подпИсКА НА ГазеТу,3,1496.56,303.44,prOCeSSinG,Нужно уточнить сроки,2024/06/28,7193274999201179
2029947249327,2024-06-11 14:21:54,дмиТриЙ КуЗнецОв,8(9841) 19-33,5,МоЛОКо,1,2613.64,386.36,PrOCessiNG,Нужно уточнить сроки,2024/06/28,7193274999201179
2029947249327,2024-06-11 14:21:54,дмиТриЙ КуЗнецОв,8(9841) 19-33,2,игрушка МЯч,3,865.76,34.24,pRoceSSInG,Нужно уточнить сроки,2024/06/28,7193274999201179
2029947249327,2024-06-11 14:21:54,дмиТриЙ КуЗнецОв,8(9841) 19-33,3,АмУницИя ДЛЯ сОБак,2,2100.51,299.49,prOCESSiNg,Нужно уточнить сроки,2024/06/28,7193274999201179
2029947249327,2024-06-11 14:21:54,дмиТриЙ КуЗнецОв,8(9841) 19-33,2,иГрУшКА Мяч,3,757.69,142.31,ProceSSinG,Нужно уточнить сроки,2024/06/28,7193274999201179
2029947248398,2024/06/07 14:23:25,СЕргей СидОроВ,8(9866) 01-33,1,кОрм для сОбак,1,461.2,38.8,proCESSING,Проверить наличие,2024-06-18,2404594742997784
2029947247536,14.06.2024 20:15,сеРГЕй сИдОРОВ,+7(9233)66-68,2,игрУШкА мяч,1,258.95,41.05,CoMPlETEd,Ждём с нетерпением!,19.06.2024,9931349268140312
2029947246171,2024-06-08 16:33:06,мИхАиЛ оРлОв,+7(9818)65-11,5,молОКО,4,11013.77,986.23,ProcEssing,подарок вовремя,17.06.2024,3218901497533071
2029947246171,2024-06-08 16:33:06,мИхАиЛ оРлОв,+7(9818)65-11,2,игрушка МЯч,3,843.75,56.25,pRocESSING,подарок вовремя,17.06.2024,3218901497533071
2029947246171,2024-06-08 16:33:06,мИхАиЛ оРлОв,+7(9818)65-11,1,КОРМ ДЛЯ СОбАк,3,1419.78,80.22,ProceSsiNG,подарок вовремя,17.06.2024,3218901497533071
2029947245674,2024/06/04 01:51:01,сеРгЕЙ сИДорОв,+7 9589 18 87,2,игрУШка МЯч,1,255.24,44.76,CoMPLetED,Проверить наличие,2024-06-08,6411364648950341
2029947245674,2024/06/04 01:51:01,сеРгЕЙ сИДорОв,+7 9589 18 87,4,подПиСКа НА ГАЗетУ,3,1523.58,276.42,compLEtEd,Проверить наличие,2024-06-08,6411364648950341
2029947244609,2024/06/16 04:32:01,СЕрГей СиДороВ,8(9450) 24-55,2,ИГрУШКА МяЧ,4,1158.05,41.95,coMPlETEd,Нужно уточнить сроки,03.06.2024,5700332101223969
2029947244609,2024/06/16 04:32:01,СЕрГей СиДороВ,8(9450) 24-55,3,АМУНиЦИя ДЛЯ СОбак,3,3214.21,385.79,CoMPLETed,Нужно уточнить сроки,03.06.2024,5700332101223969
2029947244609,2024/06/16 04:32:01,СЕрГей СиДороВ,8(9450) 24-55,3,АмУНиЦиЯ Для сОБАК,3,2982.31,617.69,COMPlETEd,Нужно уточнить сроки,03.06.2024,5700332101223969
2029947243300,2024/06/12 12:38:42,еЛеНА НовиКоВа,8(9731) 83-25,1,Корм ДлЯ СОБак,1,428.57,71.43,coMpleTED,"Задержка с доставкой, печалька...",2024-06-13,1523217820983857
2029947243300,2024/06/12 12:38:42,еЛеНА НовиКоВа,8(9731) 83-25,4,ПодПИсКа нА гАзетУ,2,1009.33,190.67,cOmpleTEd,"Задержка с доставкой, печалька...",2024-06-13,1523217820983857
2029947243300,2024/06/12 12:38:42,еЛеНА НовиКоВа,8(9731) 83-25,1,КОрм для СОБАк,4,1891.24,108.76,coMPlETed,"Задержка с доставкой, печалька...",2024-06-13,1523217820983857
2029947243300,2024/06/12 12:38:42,еЛеНА НовиКоВа,8(9731) 83-25,4,подПисКА на ГаЗЕТу,1,596.61,3.39,COMpLeted,"Задержка с доставкой, печалька...",2024-06-13,1523217820983857
2029947243300,2024/06/12 12:38:42,еЛеНА НовиКоВа,8(9731) 83-25,4,ПОДпИсКа НА гАЗетУ,3,1748.33,51.67,ComPleted,"Задержка с доставкой, печалька...",2024-06-13,1523217820983857
2029947242154,2024-06-16 13:17:53,дмиТРИЙ КуЗнЕЦОв,+7(9593)12-72,5,моЛОкО,1,2484.28,515.72,pROCESsiNg,спасибо за заказ,19.06.2024,6850691178406487
2029947242154,2024-06-16 13:17:53,дмиТРИЙ КуЗнЕЦОв,+7(9593)12-72,3,амунициЯ Для сОбаК,1,1094.64,105.36,PROcEssINg,спасибо за заказ,19.06.2024,6850691178406487
2029947242154,2024-06-16 13:17:53,дмиТРИЙ КуЗнЕЦОв,+7(9593)12-72,1,коРм для СобАК,1,444.51,55.49,PROCeSsiNg,спасибо за заказ,19.06.2024,6850691178406487
2029947242154,2024-06-16 13:17:53,дмиТРИЙ КуЗнЕЦОв,+7(9593)12-72,5,моЛОкО,5,14275.61,724.39,ProCeSSinG,спасибо за заказ,19.06.2024,6850691178406487
2029947242154,2024-06-16 13:17:53,дмиТРИЙ КуЗнЕЦОв,+7(9593)12-72,1,корм для сОбаК,3,1458.28,41.72,proCessING,спасибо за заказ,19.06.2024,6850691178406487
2029947241644,2024-06-26 17:05:49,михаИл оРЛОв,8(9963) 44-86,2,игрУшка МЯч,1,253.81,46.19,pROCesSING,подарок вовремя,2024/06/01,4548439185353102
2029947241644,2024-06-26 17:05:49,михаИл оРЛОв,8(9963) 44-86,3,АМУНициЯ дЛя соБаК,4,3896.15,903.85,pROCEssINg,подарок вовремя,2024/06/01,4548439185353102
2029947241644,2024-06-26 17:05:49,михаИл оРЛОв,8(9963) 44-86,3,АмуНициЯ ДЛя сОбаК,1,1142.46,57.54,PROCESSIng,подарок вовремя,2024/06/01,4548439185353102
2029947241644,2024-06-26 17:05:49,михаИл оРЛОв,8(9963) 44-86,4,пОдписка НА ГаЗеТУ,5,2408.55,591.45,PrOcEssiNg,подарок вовремя,2024/06/01,4548439185353102
2029947240891,2024-06-20 23:15:31,ОлЬга кузнецОва,+7(9704)76-55,4,ПОДПИСКА На ГАзЕтУ,4,2048.86,351.14,CancELleD,подарок вовремя,2024-06-14,6463516544240282
2029947240891,2024-06-20 23:15:31,ОлЬга кузнецОва,+7(9704)76-55,4,ПОДПиСКа нА гаЗету,2,999.32,200.68,CAncELleD,подарок вовремя,2024-06-14,6463516544240282
2029947240891,2024-06-20 23:15:31,ОлЬга кузнецОва,+7(9704)76-55,2,Игрушка МяЧ,5,1302.32,197.68,cANceLleD,подарок вовремя,2024-06-14,6463516544240282
2029947240891,2024-06-20 23:15:31,ОлЬга кузнецОва,+7(9704)76-55,4,пОдПИСкА НА ГАЗЕту,1,528.15,71.85,CAnCEllEd,подарок вовремя,2024-06-14,6463516544240282
2029947239577,2024-06-25 05:00:08,алЕксеЙ МихАйлОВ,+7 9209 96 03,1,КорМ для Собак,5,2106.76,393.24,PrOCESSINg,подарок вовремя,2024-06-06,4538204261641549
2029947239577,2024-06-25 05:00:08,алЕксеЙ МихАйлОВ,+7 9209 96 03,2,ИГРУШКа мЯЧ,3,768.32,131.68,PRocesSING,подарок вовремя,2024-06-06,4538204261641549
2029947238426,02.06.2024 17:28,ЕЛена нОвиКоВА,8(9241) 28-31,4,ПоДПисКА нА гАзеТУ,4,2027.83,372.17,prOCesSinG,Всё отлично!,21.06.2024,7322705566976397
2029947238426,02.06.2024 17:28,ЕЛена нОвиКоВА,8(9241) 28-31,1,коРМ длЯ собАК,2,962.71,37.29,PrOCessinG,Всё отлично!,21.06.2024,7322705566976397
2029947237781,2024/06/19 06:47:37,ивАН ИВаНОв,8(9433) 52-88,5,моЛОКО,5,12799.38,2200.62,comPLeTeD,Проверить наличие,27.06.2024,8664655227649285
2029947237781,2024/06/19 06:47:37,ивАН ИВаНОв,8(9433) 52-88,2,ИгРуШкА МЯч,1,288.26,11.74,CoMpletEd,Проверить наличие,27.06.2024,8664655227649285
2029947237781,2024/06/19 06:47:37,ивАН ИВаНОв,8(9433) 52-88,3,АмунИция длЯ СОбаК,4,4696.2,103.8,coMpLetED,Проверить наличие,27.06.2024,8664655227649285
2029947237781,2024/06/19 06:47:37,ивАН ИВаНОв,8(9433) 52-88,2,игРушкА Мяч,4,1167.05,32.95,coMpLETED,Проверить наличие,27.06.2024,8664655227649285
2029947237781,2024/06/19 06:47:37,ивАН ИВаНОв,8(9433) 52-88,3,АмУНиЦИя длЯ СобаК,3,3339.94,260.06,comPLETEd,Проверить наличие,27.06.2024,8664655227649285
2029947236621,2024-06-30 20:57:00,АлЕКсЕй миХАйЛов,8(9834) 06-06,2,ИГрушкА мЯч,3,848.56,51.44,PrOceSSinG,Проверить наличие,2024-06-04,8017534998796265
2029947236621,2024-06-30 20:57:00,АлЕКсЕй миХАйЛов,8(9834) 06-06,5,мОЛОкО,5,12567.63,2432.37,PROcESSInG,Проверить наличие,2024-06-04,8017534998796265
2029947235884,03.06.2024 10:50,АЛексей МихайЛОВ,+7(9781)20-27,1,КОрм ДЛЯ СОбаК,1,489.19,10.81,proCeSSIng,Ждём с нетерпением!,13.06.2024,8846225314668754
2029947235884,03.06.2024 10:50,АЛексей МихайЛОВ,+7(9781)20-27,5,моЛоКо,2,5861.46,138.54,prOCEssiNG,Ждём с нетерпением!,13.06.2024,8846225314668754
2029947235884,03.06.2024 10:50,АЛексей МихайЛОВ,+7(9781)20-27,1,КорМ для СобАк,4,1917.86,82.14,PRoCESsINg,Ждём с нетерпением!,13.06.2024,8846225314668754
2029947235884,03.06.2024 10:50,АЛексей МихайЛОВ,+7(9781)20-27,2,иГРушКа мяЧ,2,591.72,8.28,pROceSsinG,Ждём с нетерпением!,13.06.2024,8846225314668754
2029947234607,2024/06/26 14:45:22,НАтаЛьЯ вАСИЛЬЕВА,+7(9646)96-43,1,КоРм дЛЯ сОбАк,3,1378.57,121.43,cOMPLETed,"Задержка с доставкой, печалька...",2024-06-13,6809772820336516
2029947233629,2024/06/22 09:29:44,АлЕксей МиХАЙЛов,+7 9833 56 26,3,аМУНИЦия длЯ СОбак,1,979.6,220.4,coMPLETeD,Всё отлично!,2024/06/02,0234484868664671
2029947233629,2024/06/22 09:29:44,АлЕксей МиХАЙЛов,+7 9833 56 26,5,МоЛокО,5,12353.13,2646.87,CoMPLetED,Всё отлично!,2024/06/02,0234484868664671
2029947233629,2024/06/22 09:29:44,АлЕксей МиХАЙЛов,+7 9833 56 26,3,аМуНИЦИя ДлЯ сОБаК,3,3470.76,129.24,complETED,Всё отлично!,2024/06/02,0234484868664671
2029947232674,2024/06/25 14:52:05,маРия ПеТРОва,8(9430) 64-44,1,КоРМ дЛя Собак,1,435.58,64.42,ComPletED,подарок вовремя,2024-06-22,6423482326809693
2029947231716,19.06.2024 16:09,МаРИЯ пеТРОва,+7 9014 55 14,2,иГРушКА мЯч,4,1119.08,80.92,canCELLED,"Задержка с доставкой, печалька...",2024/06/02,7184292730410404
2029947231716,19.06.2024 16:09,МаРИЯ пеТРОва,+7 9014 55 14,4,ПодПИска нА ГАЗЕТу,1,511.79,88.21,cAncElLED,"Задержка с доставкой, печалька...",2024/06/02,7184292730410404
2029947231716,19.06.2024 16:09,МаРИЯ пеТРОва,+7 9014 55 14,3,амунициЯ дЛя СОбАк,2,1923.66,476.34,CAncELLED,"Задержка с доставкой, печалька...",2024/06/02,7184292730410404
2029947231716,19.06.2024 16:09,МаРИЯ пеТРОва,+7 9014 55 14,5,МолОко,5,13464.12,1535.88,CAnCeLLeD,"Задержка с доставкой, печалька...",2024/06/02,7184292730410404
2029947230730,29.06.2024 21:00,СЕРгей сидОрОв,8(9879) 58-47,4,ПоДПисКА НА ГАзету,4,2103.46,296.54,ComplETed,спасибо за заказ,2024/06/26,3886492680816249
2029947230730,29.06.2024 21:00,СЕРгей сидОрОв,8(9879) 58-47,2,ИгРУШкА мЯч,3,773.08,126.92,COmPLeTed,спасибо за заказ,2024/06/26,3886492680816249
2029947230730,29.06.2024 21:00,СЕРгей сидОрОв,8(9879) 58-47,3,АмУНицИя дЛЯ соБАК,1,1045.76,154.24,coMpLeTed,спасибо за заказ,2024/06/26,3886492680816249
2029947229660,2024-06-19 00:48:45,Анна СмиРНОВа,+7 9137 37 03,5,МОлоКо,2,5730.45,269.55,CoMPleTeD,спасибо за заказ,2024/06/04,0474932159773211
2029947229660,2024-06-19 00:48:45,Анна СмиРНОВа,+7 9137 37 03,3,АМУНиЦИя дЛя СоБаК,1,1148.5,51.5,coMplETEd,спасибо за заказ,2024/06/04,0474932159773211
2029947229660,2024-06-19 00:48:45,Анна СмиРНОВа,+7 9137 37 03,3,аМУнИция ДлЯ Собак,2,2076.29,323.71,CoMplETED,спасибо за заказ,2024/06/04,0474932159773211
2029947229660,2024-06-19 00:48:45,Анна СмиРНОВа,+7 9137 37 03,5,мОлоКО,5,14044.82,955.18,cOmPleteD,спасибо за заказ,2024/06/04,0474932159773211
2029947229660,2024-06-19 00:48:45,Анна СмиРНОВа,+7 9137 37 03,1,КоРм ДлЯ собаК,3,1247.19,252.81,cOmPLETED,спасибо за заказ,2024/06/04,0474932159773211
2029947228560,15.06.2024 04:52,Анна СмИрНОВА,+7(9257)66-00,1,КоРМ ДЛя СОбАК,2,982.32,17.68,CAncELlED,Проверить наличие,02.06.2024,3623136515265640
2029947228560,15.06.2024 04:52,Анна СмИрНОВА,+7(9257)66-00,3,амуНИцИЯ дЛЯ сОБАк,2,2301.54,98.46,CancelLEd,Проверить наличие,02.06.2024,3623136515265640
2029947227324,08.06.2024 13:11,Анна СМиРНОВа,8(9182) 05-88,1,КорМ для соБак,3,1331.98,168.02,CaNCEllEd,подарок вовремя,2024/06/23,3634431716300278
2029947227324,08.06.2024 13:11,Анна СМиРНОВа,8(9182) 05-88,4,ПОдПИсКА на газеТу,1,599.89,0.11,cancELLeD,подарок вовремя,2024/06/23,3634431716300278
2029947227324,08.06.2024 13:11,Анна СМиРНОВа,8(9182) 05-88,2,иГРуШка Мяч,1,284.0,16.0,CaNcELLEd,подарок вовремя,2024/06/23,3634431716300278
2029947227324,08.06.2024 13:11,Анна СМиРНОВа,8(9182) 05-88,1,КорМ дЛя СОбАК,5,2494.09,5.91,CAnCELLed,подарок вовремя,2024/06/23,3634431716300278
2029947227324,08.06.2024 13:11,Анна СМиРНОВа,8(9182) 05-88,4,ПоДпИскА нА гАзету,4,2043.31,356.69,CanCELLed,подарок вовремя,2024/06/23,3634431716300278
2029947226608,04.06.2024 08:56,ДМитрИй КуЗнЕЦов,+7(9122)16-75,2,игРуШКА МЯч,4,1119.71,80.29,CAnceLlEd,Нужно уточнить сроки,2024-06-01,0538876509783430
2029947226608,04.06.2024 08:56,ДМитрИй КуЗнЕЦов,+7(9122)16-75,5,молОкО,5,12744.85,2255.15,CANCEllEd,Нужно уточнить сроки,2024-06-01,0538876509783430
2029947226608,04.06.2024 08:56,ДМитрИй КуЗнЕЦов,+7(9122)16-75,2,ИГрушКа мяЧ,5,1494.33,5.67,CaNcELled,Нужно уточнить сроки,2024-06-01,0538876509783430
2029947225172,2024-06-05 21:17:29,нАтАЛЬЯ вАСИлЬЕвА,+7(9934)23-74,2,иГРУшкА мЯЧ,1,244.55,55.45,PROCeSsING,спасибо за заказ,2024/06/11,5865830738651080
2029947224529,2024/06/05 12:20:39,оЛьгА куЗНецОВА,+7 9382 51 83,1,кОрМ Для СОБАк,5,2414.5,85.5,COmplEteD,Проверить наличие,12.06.2024,8614463233966067
2029947224529,2024/06/05 12:20:39,оЛьгА куЗНецОВА,+7 9382 51 83,3,аМУнИЦиЯ для сОБаК,4,4667.56,132.44,comPlEtED,Проверить наличие,12.06.2024,8614463233966067
2029947224529,2024/06/05 12:20:39,оЛьгА куЗНецОВА,+7 9382 51 83,2,ИгРУшКА МЯЧ,5,1424.8,75.2,comPLeTeD,Проверить наличие,12.06.2024,8614463233966067
2029947224529,2024/06/05 12:20:39,оЛьгА куЗНецОВА,+7 9382 51 83,4,ПоДпИсКА НА ГазЕТу,2,961.77,238.23,comPLeted,Проверить наличие,12.06.2024,8614463233966067
2029947224529,2024/06/05 12:20:39,оЛьгА куЗНецОВА,+7 9382 51 83,5,мОЛОКО,4,10470.85,1529.15,cOmplEtEd,Проверить наличие,12.06.2024,8614463233966067
2029947223120,2024-06-06 09:01:00,оЛьгА кузНеЦОВА,8(9715) 93-02,4,ПодпискА На газЕТУ,4,2227.89,172.11,caNcellEd,Ждём с нетерпением!,2024/06/09,1681909037876812
2029947222446,2024/06/06 05:27:21,оЛЬга кУЗнеЦОВА,+7 9330 85 63,4,поДПИСкА на гаЗЕтУ,5,2496.23,503.77,coMPLEted,Проверить наличие,22.06.2024,3029883370557606
2029947222446,2024/06/06 05:27:21,оЛЬга кУЗнеЦОВА,+7 9330 85 63,2,ИГРУшКа мяЧ,1,247.25,52.75,coMPLeTEd,Проверить наличие,22.06.2024,3029883370557606
2029947222446,2024/06/06 05:27:21,оЛЬга кУЗнеЦОВА,+7 9330 85 63,2,иГРУШка мЯЧ,1,295.05,4.95,COmPletED,Проверить наличие,22.06.2024,3029883370557606
2029947221310,15.06.2024 00:42,ДМИтРиЙ кУЗнЕЦОв,8(9352) 50-52,4,ПоДПИСКА нА газЕту,5,2648.62,351.38,CaNcELlED,спасибо за заказ,2024/06/13,8652154890492689
2029947221310,15.06.2024 00:42,ДМИтРиЙ кУЗнЕЦОв,8(9352) 50-52,1,кОрМ для СОбАК,3,1382.04,117.96,cancELleD,спасибо за заказ,2024/06/13,8652154890492689
2029947221310,15.06.2024 00:42,ДМИтРиЙ кУЗнЕЦОв,8(9352) 50-52,2,иГРУшкА мяч,3,735.32,164.68,CaNCELlED,спасибо за заказ,2024/06/13,8652154890492689
2029947221310,15.06.2024 00:42,ДМИтРиЙ кУЗнЕЦОв,8(9352) 50-52,1,КоРм для СобаК,2,815.51,184.49,CaNCEllED,спасибо за заказ,2024/06/13,8652154890492689
2029947221310,15.06.2024 00:42,ДМИтРиЙ кУЗнЕЦОв,8(9352) 50-52,2,ИгрУшкА мЯЧ,3,853.01,46.99,cANcEllED,спасибо за заказ,2024/06/13,8652154890492689
2029947220794,16.06.2024 16:47,серГЕЙ сИдОРов,8(9465) 13-55,4,ПодпИСка НА гАзетУ,2,1061.89,138.11,CANCeLlED,Проверить наличие,2024/06/27,9353033386286215
2029947220794,16.06.2024 16:47,серГЕЙ сИдОРов,8(9465) 13-55,3,АМУниЦИЯ ДлЯ сОБАк,2,1944.86,455.14,CAnceLlEd,Проверить наличие,2024/06/27,9353033386286215
2029947219453,19.06.2024 05:32,СЕРгей СидОрОв,8(9237) 40-12,4,ПоДПискА НА ГаЗЕту,1,555.34,44.66,cOmPLeTeD,Проверить наличие,2024/06/08,3497341693270534
2029947219453,19.06.2024 05:32,СЕРгей СидОрОв,8(9237) 40-12,3,амУНиция длЯ соБаК,1,1149.85,50.15,ComPLeTEd,Проверить наличие,2024/06/08,3497341693270534
2029947219453,19.06.2024 05:32,СЕРгей СидОрОв,8(9237) 40-12,5,мОЛОкО,2,5057.44,942.56,complETED,Проверить наличие,2024/06/08,3497341693270534
2029947219453,19.06.2024 05:32,СЕРгей СидОрОв,8(9237) 40-12,3,аМУнИЦИя Для собак,1,1129.72,70.28,ComplETed,Проверить наличие,2024/06/08,3497341693270534
2029947219453,19.06.2024 05:32,СЕРгей СидОрОв,8(9237) 40-12,3,амуНиЦиЯ дЛЯ собАК,4,4536.52,263.48,cOmpLeteD,Проверить наличие,2024/06/08,3497341693270534
2029947218185,2024/06/29 15:39:42,елЕНА НОВикоВа,+7(9536)94-01,3,АМУнИция Для сОбАК,2,2320.28,79.72,ProcEssING,Всё отлично!,07.06.2024,3052217384356457
2029947218185,2024/06/29 15:39:42,елЕНА НОВикоВа,+7(9536)94-01,1,КоРм дЛЯ собАК,5,2451.42,48.58,ProcESSIng,Всё отлично!,07.06.2024,3052217384356457
2029947217881,2024/06/08 19:32:04,ЕЛЕна НОВиКОва,+7(9357)77-73,4,поДпИСкА НА ГАЗеТУ,5,2902.3,97.7,COmPleteD,"Задержка с доставкой, печалька...",2024/06/11,0400118128746163
2029947217881,2024/06/08 19:32:04,ЕЛЕна НОВиКОва,+7(9357)77-73,5,МОлокО,4,11129.24,870.76,coMpleted,"Задержка с доставкой, печалька...",2024/06/11,0400118128746163
2029947217881,2024/06/08 19:32:04,ЕЛЕна НОВиКОва,+7(9357)77-73,2,ИгрУшкА мяч,3,895.13,4.87,CompletEd,"Задержка с доставкой, печалька...",2024/06/11,0400118128746163
2029947216545,03.06.2024 16:28,сЕрГеЙ СИдорОВ,+7(9124)85-08,2,иГрУШкА МяЧ,2,523.83,76.17,comPlETed,подарок вовремя,2024/06/16,5286286573532818
2029947216545,03.06.2024 16:28,сЕрГеЙ СИдорОВ,+7(9124)85-08,3,амУНИция для сОБАк,1,1163.25,36.75,CoMplETED,подарок вовремя,2024/06/16,5286286573532818
2029947216545,03.06.2024 16:28,сЕрГеЙ СИдорОВ,+7(9124)85-08,1,кОрМ ДлЯ сОбАк,3,1348.0,152.0,COmpleTED,подарок вовремя,2024/06/16,5286286573532818
2029947216545,03.06.2024 16:28,сЕрГеЙ СИдорОВ,+7(9124)85-08,2,игрУшКА МЯч,2,579.21,20.79,coMplEtEd,подарок вовремя,2024/06/16,5286286573532818
2029947215339,2024-06-29 09:29:00,еЛЕнА НоВикОВа,+7(9604)69-37,1,КОРМ ДЛЯ СоБАк,3,1452.17,47.83,cANCELlEd,Ждём с нетерпением!,24.06.2024,0709306942423724
2029947215339,2024-06-29 09:29:00,еЛЕнА НоВикОВа,+7(9604)69-37,1,КОрМ длЯ СоБАк,3,1307.06,192.94,cANCeLled,Ждём с нетерпением!,24.06.2024,0709306942423724
2029947215339,2024-06-29 09:29:00,еЛЕнА НоВикОВа,+7(9604)69-37,1,КОРМ Для соБаК,2,858.6,141.4,cAncELlED,Ждём с нетерпением!,24.06.2024,0709306942423724
2029947215339,2024-06-29 09:29:00,еЛЕнА НоВикОВа,+7(9604)69-37,2,ИГРУшКа МЯч,2,577.74,22.26,CancELLEd,Ждём с нетерпением!,24.06.2024,0709306942423724
2029947215339,2024-06-29 09:29:00,еЛЕнА НоВикОВа,+7(9604)69-37,1,кОрм ДЛя сОбАк,2,820.22,179.78,caNcelLED,Ждём с нетерпением!,24.06.2024,0709306942423724
2029947214925,06.06.2024 13:24,наТАЛЬя ваСИЛЬеВа,+7(9817)67-71,2,ИгРуШКа МяЧ,1,265.06,34.94,cAncElLed,Нужно уточнить сроки,2024-06-25,9248569948218843
2029947214925,06.06.2024 13:24,наТАЛЬя ваСИЛЬеВа,+7(9817)67-71,4,ПоДпИска НА ГазЕТу,2,1115.55,84.45,caNCEllEd,Нужно уточнить сроки,2024-06-25,9248569948218843
2029947214925,06.06.2024 13:24,наТАЛЬя ваСИЛЬеВа,+7(9817)67-71,4,ПОдПИСка на ГАЗеТу,4,2182.52,217.48,CanCelled,Нужно уточнить сроки,2024-06-25,9248569948218843
2029947213219,2024-06-11 03:40:00,ДмитРИЙ кузнецов,+7 9019 46 40,1,КОрм для СобаК,3,1357.05,142.95,proCeSsIng,Ждём с нетерпением!,2024-06-26,5593277284257303
2029947213219,2024-06-11 03:40:00,ДмитРИЙ кузнецов,+7 9019 46 40,3,аМУНИцИЯ длЯ СоБАК,5,4920.94,1079.06,ProCEssiNg,Ждём с нетерпением!,2024-06-26,5593277284257303
2029947213219,2024-06-11 03:40:00,ДмитРИЙ кузнецов,+7 9019 46 40,2,иГрУшкА мяч,1,292.82,7.18,PrOCeSSiNg,Ждём с нетерпением!,2024-06-26,5593277284257303
2029947213219,2024-06-11 03:40:00,ДмитРИЙ кузнецов,+7 9019 46 40,3,АмуНицИя ДЛя СоБаК,4,4343.09,456.91,prOCESsing,Ждём с нетерпением!,2024-06-26,5593277284257303
2029947212338,2024-06-06 09:34:33,наТалЬя ВАсильеВА,8(9465) 65-82,3,аМуНицИЯ для соБак,3,3159.54,440.46,COMPLEtEd,Ждём с нетерпением!,2024/06/06,5503405254062717
2029947212338,2024-06-06 09:34:33,наТалЬя ВАсильеВА,8(9465) 65-82,1,кОрМ для сОБАК,1,479.28,20.72,cOmPLetED,Ждём с нетерпением!,2024/06/06,5503405254062717
2029947211429,10.06.2024 00:05,СеРГеЙ сидорОв,8(9140) 86-54,5,МОЛокО,2,4915.8,1084.2,CAnCeLled,Нужно уточнить сроки,2024/06/08,0486697550917281
2029947211429,10.06.2024 00:05,СеРГеЙ сидорОв,8(9140) 86-54,3,аМУНиЦИя для СоБАК,2,2344.64,55.36,cancEllED,Нужно уточнить сроки,2024/06/08,0486697550917281
2029947211429,10.06.2024 00:05,СеРГеЙ сидорОв,8(9140) 86-54,2,ИгрушкА МяЧ,3,720.92,179.08,canCellEd,Нужно уточнить сроки,2024/06/08,0486697550917281
2029947211429,10.06.2024 00:05,СеРГеЙ сидорОв,8(9140) 86-54,1,коРм Для СОбАк,2,915.96,84.04,canceLled,Нужно уточнить сроки,2024/06/08,0486697550917281
2029947211429,10.06.2024 00:05,СеРГеЙ сидорОв,8(9140) 86-54,3,АмунИЦиЯ длЯ соБАК,1,981.76,218.24,cANCELled,Нужно уточнить сроки,2024/06/08,0486697550917281
2029947210641,2024/06/03 20:16:48,мАРИЯ петРОВА,+7(9178)55-94,5,моЛокО,5,14942.02,57.98,caNCELLED,Проверить наличие,06.06.2024,6321542290149195
2029947210641,2024/06/03 20:16:48,мАРИЯ петРОВА,+7(9178)55-94,4,пОДПиСКа нА гАзеТУ,5,2488.22,511.78,cAnceLleD,Проверить наличие,06.06.2024,6321542290149195
2029947209529,2024-06-02 18:04:23,дмИТрИЙ кузнЕЦОВ,+7(9203)52-39,5,МОлОко,1,2896.95,103.05,CanCelLEd,подарок вовремя,13.06.2024,2172023905218228
2029947209529,2024-06-02 18:04:23,дмИТрИЙ кузнЕЦОВ,+7(9203)52-39,4,подПиска на гАЗЕту,1,575.81,24.19,cAnCeLlED,подарок вовремя,13.06.2024,2172023905218228
2029947209529,2024-06-02 18:04:23,дмИТрИЙ кузнЕЦОВ,+7(9203)52-39,1,кОрм ДЛя сОБаК,3,1421.22,78.78,CanCELLEd,подарок вовремя,13.06.2024,2172023905218228
2029947208662,2024/06/20 12:43:52,ОльгА КузнеЦоВА,+7 9404 79 21,3,амУнИцИя дЛя СОбАк,5,5913.88,86.12,CoMPlETEd,Ждём с нетерпением!,14.06.2024,6004606251139272
2029947208662,2024/06/20 12:43:52,ОльгА КузнеЦоВА,+7 9404 79 21,4,пОдПИска На газеТУ,4,2143.13,256.87,CoMPlEtEd,Ждём с нетерпением!,14.06.2024,6004606251139272
2029947208662,2024/06/20 12:43:52,ОльгА КузнеЦоВА,+7 9404 79 21,4,ПодпиСКа На ГаЗету,5,2645.28,354.72,ComPLeted,Ждём с нетерпением!,14.06.2024,6004606251139272
2029947208662,2024/06/20 12:43:52,ОльгА КузнеЦоВА,+7 9404 79 21,1,КОрм для сОБАк,1,467.41,32.59,compleTed,Ждём с нетерпением!,14.06.2024,6004606251139272
2029947207743,11.06.2024 00:48,наТаЛЬя васильеВА,8(9685) 56-36,3,АмунИЦИя ДЛя собАК,4,4577.87,222.13,ProcEssing,"Задержка с доставкой, печалька...",2024/06/02,4451478906416470
2029947206921,2024-06-22 03:37:47,ДМиТРий КузнЕцов,8(9666) 48-09,5,МолОко,2,5122.37,877.63,CoMPLETed,Проверить наличие,12.06.2024,8113362202388289
2029947206921,2024-06-22 03:37:47,ДМиТРий КузнЕцов,8(9666) 48-09,4,ПОдПиСКА на ГазеТу,3,1697.18,102.82,cOmplEted,Проверить наличие,12.06.2024,8113362202388289
2029947206921,2024-06-22 03:37:47,ДМиТРий КузнЕцов,8(9666) 48-09,1,кОРМ для сОбак,1,410.34,89.66,CoMPLeTeD,Проверить наличие,12.06.2024,8113362202388289
2029947206921,2024-06-22 03:37:47,ДМиТРий КузнЕцов,8(9666) 48-09,5,мОЛоко,5,14379.68,620.32,COMplETED,Проверить наличие,12.06.2024,8113362202388289
2029947205528,2024-06-30 16:29:43,марИя петрОВА,8(9935) 47-28,5,МоЛоКо,3,7293.71,1706.29,CAnceLLED,Всё отлично!,2024-06-19,1878213920721062
2029947205528,2024-06-30 16:29:43,марИя петрОВА,8(9935) 47-28,2,ИгРУшКа мЯч,1,258.26,41.74,CanceLlED,Всё отлично!,2024-06-19,1878213920721062
2029947204299,2024/06/08 06:42:56,ОлЬГа КУзнЕЦова,+7 9874 63 40,5,МОлОкО,1,2889.86,110.14,ProCesSINg,Проверить наличие,2024/06/13,8103224037053235
2029947204299,2024/06/08 06:42:56,ОлЬГа КУзнЕЦова,+7 9874 63 40,3,амУнИцИЯ длЯ сОбак,2,2215.86,184.14,pROcEsSinG,Проверить наличие,2024/06/13,8103224037053235
2029947204299,2024/06/08 06:42:56,ОлЬГа КУзнЕЦова,+7 9874 63 40,5,мОЛоКо,3,8566.55,433.45,proCeSSIng,Проверить наличие,2024/06/13,8103224037053235
2029947204299,2024/06/08 06:42:56,ОлЬГа КУзнЕЦова,+7 9874 63 40,5,МоЛОко,3,8802.28,197.72,ProCESsinG,Проверить наличие,2024/06/13,8103224037053235
2029947203832,2024/06/26 00:07:28,СерГЕй сИДОРоВ,+7(9801)58-09,4,пОДписКа НА гАзЕТу,1,592.65,7.35,CanCelLED,Проверить наличие,2024/06/17,1617432952758559
2029947203832,2024/06/26 00:07:28,СерГЕй сИДОРоВ,+7(9801)58-09,2,ИГРушкА Мяч,2,494.22,105.78,CaNCeLlEd,Проверить наличие,2024/06/17,1617432952758559
2029947203832,2024/06/26 00:07:28,СерГЕй сИДОРоВ,+7(9801)58-09,2,ИГРУшкА мЯч,5,1327.32,172.68,cAnCElleD,Проверить наличие,2024/06/17,1617432952758559
2029947203832,2024/06/26 00:07:28,СерГЕй сИДОРоВ,+7(9801)58-09,1,корМ дЛЯ сОбак,3,1362.26,137.74,CANCelLed,Проверить наличие,2024/06/17,1617432952758559
2029947202484,18.06.2024 03:19,михАиЛ ОРЛОв,8(9459) 78-63,4,пОдпИСка НА гАзЕтУ,5,2494.32,505.68,cOmplETed,Ждём с нетерпением!,2024-06-26,6377935469052829
2029947202484,18.06.2024 03:19,михАиЛ ОРЛОв,8(9459) 78-63,5,молоко,2,5587.99,412.01,ComplEtED,Ждём с нетерпением!,2024-06-26,6377935469052829
2029947202484,18.06.2024 03:19,михАиЛ ОРЛОв,8(9459) 78-63,3,АМУНИциЯ для СобАк,1,1075.92,124.08,cOMpLeTED,Ждём с нетерпением!,2024-06-26,6377935469052829
2029947202484,18.06.2024 03:19,михАиЛ ОРЛОв,8(9459) 78-63,5,моЛОКО,1,2530.11,469.89,COMpLETEd,Ждём с нетерпением!,2024-06-26,6377935469052829
2029947201496,2024/06/11 17:50:09,МаРИя ПеТроВа,8(9659) 38-90,3,АмуНИЦиЯ ДЛя сОБак,5,5419.94,580.06,CANceLLeD,Проверить наличие,2024-06-25,0658161140611216
2029947201496,2024/06/11 17:50:09,МаРИя ПеТроВа,8(9659) 38-90,5,мОлоКО,1,2827.04,172.96,CaNcELleD,Проверить наличие,2024-06-25,0658161140611216
2029947201496,2024/06/11 17:50:09,МаРИя ПеТроВа,8(9659) 38-90,4,ПОдпиСкА НА ГаЗетУ,4,2269.77,130.23,CANCelLed,Проверить наличие,2024-06-25,0658161140611216
2029947201496,2024/06/11 17:50:09,МаРИя ПеТроВа,8(9659) 38-90,5,моЛокО,2,5196.27,803.73,cANCeLLED,Проверить наличие,2024-06-25,0658161140611216
2029947200382,26.06.2024 13:55,аЛЕКсей мИхайЛов,8(9228) 88-56,3,аМУниЦИя для СоБАК,3,2952.05,647.95,PrOcessinG,Ждём с нетерпением!,2024/06/15,9955786620758968
2029947200382,26.06.2024 13:55,аЛЕКсей мИхайЛов,8(9228) 88-56,5,моЛоКо,2,5774.74,225.26,proCeSsINg,Ждём с нетерпением!,2024/06/15,9955786620758968
2029947200382,26.06.2024 13:55,аЛЕКсей мИхайЛов,8(9228) 88-56,2,ИгрУшКа МЯЧ,2,597.53,2.47,PrOCEssiNG,Ждём с нетерпением!,2024/06/15,9955786620758968
2029947199861,2024-06-12 11:51:09,АлекСей мИХАЙлов,+7(9723)57-06,5,мОЛоКО,5,14366.42,633.58,PRoCEssiNg,подарок вовремя,2024-06-27,5737762539993644
2029947199861,2024-06-12 11:51:09,АлекСей мИХАЙлов,+7(9723)57-06,4,ПОДПиСка нА газЕту,3,1760.2,39.8,pRoCeSSiNG,подарок вовремя,2024-06-27,5737762539993644
2029947199861,2024-06-12 11:51:09,АлекСей мИХАЙлов,+7(9723)57-06,2,ИГРУШКа мяЧ,5,1495.65,4.35,proCEsSINg,подарок вовремя,2024-06-27,5737762539993644
2029947198265,09.06.2024 13:19,аННа СМиРновА,8(9882) 41-64,3,АмУНИЦия ДлЯ СОбак,4,4223.85,576.15,cANcELlED,Ждём с нетерпением!,01.06.2024,1737620463204442
2029947197951,2024/06/28 20:58:06,НаТалья ваСИльЕВА,8(9310) 30-69,3,амунИциЯ длЯ соБАк,3,3123.05,476.95,ComPLEtED,подарок вовремя,24.06.2024,2997223989109729
2029947197951,2024/06/28 20:58:06,НаТалья ваСИльЕВА,8(9310) 30-69,3,АМуНиЦИя ДЛЯ соБаК,5,5776.12,223.88,CoMPleTed,подарок вовремя,24.06.2024,2997223989109729
2029947197951,2024/06/28 20:58:06,НаТалья ваСИльЕВА,8(9310) 30-69,5,Молоко,2,5626.31,373.69,cOmPleTed,подарок вовремя,24.06.2024,2997223989109729
2029947197951,2024/06/28 20:58:06,НаТалья ваСИльЕВА,8(9310) 30-69,2,ИГРуШка мяЧ,2,541.34,58.66,cOmpLeTED,подарок вовремя,24.06.2024,2997223989109729
2029947196725,2024/06/30 01:11:32,сеРгЕЙ СИдоРоВ,8(9137) 45-56,4,ПОДпИСкА НА ГАзетУ,5,2933.31,66.69,COMpLETed,Всё отлично!,04.06.2024,2909365953428558
2029947195316,2024-06-06 08:49:22,еЛеНа НовиКОва,8(9637) 33-71,2,игрУшКА мЯч,1,252.41,47.59,CaNCeLLED,Проверить наличие,2024/06/17,3106023261532173
2029947194947,2024-06-26 09:47:29,аННА смИРНоВА,8(9353) 76-47,2,игрУшкА МЯЧ,4,1111.26,88.74,PROcESSING,подарок вовремя,2024/06/04,9107255146714538
2029947194947,2024-06-26 09:47:29,аННА смИРНоВА,8(9353) 76-47,1,корм ДлЯ СОбАК,3,1483.62,16.38,PrOceSSiNg,подарок вовремя,2024/06/04,9107255146714538
2029947194947,2024-06-26 09:47:29,аННА смИРНоВА,8(9353) 76-47,2,ИгрушКа Мяч,5,1312.79,187.21,pRoCeSSIng,подарок вовремя,2024/06/04,9107255146714538
2029947193936,12.06.2024 12:39,елЕнА НОвикОВА,+7 9037 30 48,4,ПодПиска На гаЗЕту,3,1726.79,73.21,CanCelLed,Нужно уточнить сроки,2024/06/25,1481508164446623
2029947192985,17.06.2024 10:42,серГей СИДОРОв,8(9086) 49-89,1,корМ ДЛЯ СоБАК,4,1944.11,55.89,PrOCEssING,"Задержка с доставкой, печалька...",2024-06-04,2249000800628282
2029947192985,17.06.2024 10:42,серГей СИДОРОв,8(9086) 49-89,4,пОдПИСкА НА ГАзЕту,4,2272.9,127.1,ProCEssING,"Задержка с доставкой, печалька...",2024-06-04,2249000800628282
2029947192985,17.06.2024 10:42,серГей СИДОРОв,8(9086) 49-89,1,КоРм длЯ Собак,2,849.06,150.94,pRocessING,"Задержка с доставкой, печалька...",2024-06-04,2249000800628282
2029947192985,17.06.2024 10:42,серГей СИДОРОв,8(9086) 49-89,2,игРуШКа мяЧ,3,847.28,52.72,pROcesSinG,"Задержка с доставкой, печалька...",2024-06-04,2249000800628282
2029947192985,17.06.2024 10:42,серГей СИДОРОв,8(9086) 49-89,3,аМуНИЦия ДЛЯ СобаК,1,1195.25,4.75,prOCEsSinG,"Задержка с доставкой, печалька...",2024-06-04,2249000800628282
2029947191242,2024/06/05 08:22:59,МИхАил орлОВ,+7 9847 93 16,5,мОлОКО,3,7616.1,1383.9,PROcessING,"Задержка с доставкой, печалька...",2024/06/04,4115683777424713
2029947191242,2024/06/05 08:22:59,МИхАил орлОВ,+7 9847 93 16,1,КоРМ дЛя СобАК,5,2352.0,148.0,PrOCessiNG,"Задержка с доставкой, печалька...",2024/06/04,4115683777424713
2029947191242,2024/06/05 08:22:59,МИхАил орлОВ,+7 9847 93 16,1,Корм длЯ собАк,2,808.44,191.56,PROceSsing,"Задержка с доставкой, печалька...",2024/06/04,4115683777424713
2029947190633,14.06.2024 06:03,ДмиТрИй кузНЕЦов,+7(9187)45-02,2,ИгрУШка МЯч,1,278.2,21.8,CAnCELLed,Ждём с нетерпением!,2024/06/05,5380717245173330
2029947190633,14.06.2024 06:03,ДмиТрИй кузНЕЦов,+7(9187)45-02,2,ИГрушкА мЯЧ,5,1358.21,141.79,CancelLed,Ждём с нетерпением!,2024/06/05,5380717245173330
2029947190633,14.06.2024 06:03,ДмиТрИй кузНЕЦов,+7(9187)45-02,5,мОлОкО,3,7985.92,1014.08,caNcelled,Ждём с нетерпением!,2024/06/05,5380717245173330
2029947190633,14.06.2024 06:03,ДмиТрИй кузНЕЦов,+7(9187)45-02,4,ПОДписКа на гаЗЕТУ,5,2535.58,464.42,CanceLleD,Ждём с нетерпением!,2024/06/05,5380717245173330
2029947189969,19.06.2024 10:27,ИВаН иваНов,+7(9590)91-98,4,ПОдПИСкА нА гАЗЕтУ,3,1610.07,189.93,cAnCellEd,Проверить наличие,2024/06/25,0221940407052843
2029947189969,19.06.2024 10:27,ИВаН иваНов,+7(9590)91-98,4,ПОдпИска На ГАзЕтУ,1,517.8,82.2,cAnceLLED,Проверить наличие,2024/06/25,0221940407052843
2029947189969,19.06.2024 10:27,ИВаН иваНов,+7(9590)91-98,5,молоКО,4,9913.62,2086.38,cANCeLlEd,Проверить наличие,2024/06/25,0221940407052843
2029947188143,25.06.2024 03:39,миХаил оРЛоВ,+7 9694 19 33,3,аМуНициЯ ДЛЯ СобаК,5,4967.95,1032.05,cOmPlETEd,Проверить наличие,2024-06-28,5370773440590760
2029947188143,25.06.2024 03:39,миХаил оРЛоВ,+7 9694 19 33,5,МОЛокО,1,2925.55,74.45,coMPleTEd,Проверить наличие,2024-06-28,5370773440590760
2029947188143,25.06.2024 03:39,миХаил оРЛоВ,+7 9694 19 33,2,ИгрУшкА мЯЧ,2,523.29,76.71,cOmplETeD,Проверить наличие,2024-06-28,5370773440590760
2029947187415,2024/06/08 09:26:57,МИХАил ОрлОв,+7(9067)06-28,4,пОдПиска нА гаЗЕТУ,2,996.74,203.26,PrOceSSinG,подарок вовремя,2024/06/10,1307498783937659
2029947187415,2024/06/08 09:26:57,МИХАил ОрлОв,+7(9067)06-28,5,моЛОКо,1,2708.18,291.82,pROcesSInG,подарок вовремя,2024/06/10,1307498783937659
2029947186142,2024-06-01 21:18:59,СеРГеЙ СидорОВ,+7 9013 19 60,2,ИгРУШКА мЯч,4,1148.43,51.57,cAncelLEd,"Задержка с доставкой, печалька...",27.06.2024,5082733323268008
2029947186142,2024-06-01 21:18:59,СеРГеЙ СидорОВ,+7 9013 19 60,4,ПОдпИсКа На гАзеТу,5,2804.77,195.23,CAncelLed,"Задержка с доставкой, печалька...",27.06.2024,5082733323268008
2029947186142,2024-06-01 21:18:59,СеРГеЙ СидорОВ,+7 9013 19 60,3,АМуНИция ДЛя сОБАк,1,1048.8,151.2,caNcEllED,"Задержка с доставкой, печалька...",27.06.2024,5082733323268008
2029947186142,2024-06-01 21:18:59,СеРГеЙ СидорОВ,+7 9013 19 60,3,аМуНИЦИя Для СоБак,1,1175.1,24.9,CaNcELled,"Задержка с доставкой, печалька...",27.06.2024,5082733323268008
2029947185810,08.06.2024 18:23,иВАн иваНОв,8(9490) 49-23,3,АмУНИцИЯ ДлЯ СОбАк,2,2140.89,259.11,PrOCesSING,спасибо за заказ,2024/06/07,3921791305292855
2029947185810,08.06.2024 18:23,иВАн иваНОв,8(9490) 49-23,5,МОлОКо,3,7719.5,1280.5,pRoCeSSIng,спасибо за заказ,2024/06/07,3921791305292855
2029947185810,08.06.2024 18:23,иВАн иваНОв,8(9490) 49-23,2,иГРУШкА МЯч,3,822.44,77.56,ProCeSSIng,спасибо за заказ,2024/06/07,3921791305292855
2029947184344,29.06.2024 00:17,ОльгА КУЗНЕЦОВА,+7(9595)24-65,1,коРм для соБак,5,2223.86,276.14,PRocessiNG,Ждём с нетерпением!,2024/06/09,3105171407164319
2029947184344,29.06.2024 00:17,ОльгА КУЗНЕЦОВА,+7(9595)24-65,2,иГрУшкА МЯч,2,580.0,20.0,ProcessiNG,Ждём с нетерпением!,2024/06/09,3105171407164319
2029947184344,29.06.2024 00:17,ОльгА КУЗНЕЦОВА,+7(9595)24-65,1,КоРм Для собак,1,484.88,15.12,PRoceSSiNG,Ждём с нетерпением!,2024/06/09,3105171407164319
2029947183656,01.06.2024 23:30,алеКсЕй МИхАйЛОВ,+7 9585 45 80,3,АМуНИЦИЯ ДЛя СоБаК,5,5910.44,89.56,CoMplEtEd,спасибо за заказ,11.06.2024,9559993639222552
2029947183656,01.06.2024 23:30,алеКсЕй МИхАйЛОВ,+7 9585 45 80,3,амуНИЦИЯ ДЛЯ СоБАк,2,1988.2,411.8,CoMPletED,спасибо за заказ,11.06.2024,9559993639222552
2029947183656,01.06.2024 23:30,алеКсЕй МИхАйЛОВ,+7 9585 45 80,4,ПОДпИСкА На газЕтУ,3,1724.89,75.11,coMPlETED,спасибо за заказ,11.06.2024,9559993639222552
2029947183656,01.06.2024 23:30,алеКсЕй МИхАйЛОВ,+7 9585 45 80,2,игРУшкА мЯч,3,785.67,114.33,cOmPleTed,спасибо за заказ,11.06.2024,9559993639222552
2029947183656,01.06.2024 23:30,алеКсЕй МИхАйЛОВ,+7 9585 45 80,3,амУНИЦия для СОбАк,3,2913.57,686.43,CoMplETeD,спасибо за заказ,11.06.2024,9559993639222552
2029947182610,2024-06-28 12:45:37,МАРИя пЕТРоВА,+7(9958)46-50,2,иГРУШка МяЧ,1,299.98,0.02,cOmPLETEd,спасибо за заказ,2024/06/24,5252190329289602
2029947182610,2024-06-28 12:45:37,МАРИя пЕТРоВА,+7(9958)46-50,5,мОЛокО,1,2485.19,514.81,cOmPLeTed,спасибо за заказ,2024/06/24,5252190329289602
2029947182610,2024-06-28 12:45:37,МАРИя пЕТРоВА,+7(9958)46-50,2,ИгруШКа МЯЧ,2,485.44,114.56,cOMPLeted,спасибо за заказ,2024/06/24,5252190329289602
2029947182610,2024-06-28 12:45:37,МАРИя пЕТРоВА,+7(9958)46-50,4,пОдпиСка На гаЗету,4,1990.77,409.23,cOMpLETEd,спасибо за заказ,2024/06/24,5252190329289602
2029947181327,2024-06-03 14:02:00,ДмИТРИй КуЗНеЦов,+7 9432 81 97,1,КОРМ ДЛя сОБАк,2,880.67,119.33,ComPLetEd,Всё отлично!,2024-06-23,2185763323222332
2029947181327,2024-06-03 14:02:00,ДмИТРИй КуЗНеЦов,+7 9432 81 97,2,игРуШКа МЯч,2,577.27,22.73,ComPlETED,Всё отлично!,2024-06-23,2185763323222332
2029947180356,2024/06/01 01:29:05,сЕРгЕЙ сиДОрОв,8(9507) 78-69,4,ПОДПИскА НА ГаЗЕТУ,3,1645.03,154.97,PrOcesSiNG,Нужно уточнить сроки,2024-06-12,4305247067169295
2029947179538,2024/06/13 01:30:35,НАТаЛьЯ ваСИльЕВА,+7 9101 50 56,4,ПОДПИСКа нА гаЗЕтУ,2,1005.53,194.47,COMpleted,спасибо за заказ,2024-06-14,6573975491836750
2029947179538,2024/06/13 01:30:35,НАТаЛьЯ ваСИльЕВА,+7 9101 50 56,5,мОЛоко,4,10264.04,1735.96,COmpLetEd,спасибо за заказ,2024-06-14,6573975491836750
2029947179538,2024/06/13 01:30:35,НАТаЛьЯ ваСИльЕВА,+7 9101 50 56,5,моЛоко,2,5640.12,359.88,COmplETED,спасибо за заказ,2024-06-14,6573975491836750
2029947179538,2024/06/13 01:30:35,НАТаЛьЯ ваСИльЕВА,+7 9101 50 56,1,КОрМ для сОБаК,3,1243.9,256.1,CoMplEted,спасибо за заказ,2024-06-14,6573975491836750
2029947178279,2024-06-29 09:38:44,ДМИТрИй КУЗнецов,+7 9437 71 72,4,ПОДПиСка на ГаЗЕтУ,2,1188.91,11.09,COmpleTEd,Всё отлично!,2024-06-06,0500533621383476
2029947178279,2024-06-29 09:38:44,ДМИТрИй КУЗнецов,+7 9437 71 72,1,КОрМ длЯ сОбАК,2,811.21,188.79,coMPLeTEd,Всё отлично!,2024-06-06,0500533621383476
2029947177855,2024/06/29 14:31:19,СергеЙ сиДоРоВ,8(9690) 26-04,3,аМУнИЦия длЯ СобАк,3,3553.81,46.19,caNcellEd,спасибо за заказ,2024/06/06,7703383337201454
2029947177855,2024/06/29 14:31:19,СергеЙ сиДоРоВ,8(9690) 26-04,4,подПиСКа На ГазеТу,5,2652.83,347.17,cAnceLLED,спасибо за заказ,2024/06/06,7703383337201454
2029947177855,2024/06/29 14:31:19,СергеЙ сиДоРоВ,8(9690) 26-04,5,мОлОКО,4,11391.13,608.87,CANCeLLeD,спасибо за заказ,2024/06/06,7703383337201454
2029947176296,2024/06/26 19:35:12,мИХаИЛ ОрЛОВ,8(9143) 27-59,2,игрУшкА МяЧ,2,556.26,43.74,CAnCelLeD,Проверить наличие,2024/06/21,5784598953128084
2029947176296,2024/06/26 19:35:12,мИХаИЛ ОрЛОВ,8(9143) 27-59,1,коРМ дЛЯ сОБак,4,1952.56,47.44,CANcelLEd,Проверить наличие,2024/06/21,5784598953128084
2029947176296,2024/06/26 19:35:12,мИХаИЛ ОрЛОВ,8(9143) 27-59,2,ИГруШКА мяч,5,1319.55,180.45,CaNCeLled,Проверить наличие,2024/06/21,5784598953128084
2029947175903,2024/06/20 21:12:02,алеКСеЙ МИхаЙЛОВ,+7 9679 10 10,2,ИГрУшкА Мяч,3,886.5,13.5,pROcessinG,Всё отлично!,08.06.2024,1633360165004324
2029947175903,2024/06/20 21:12:02,алеКСеЙ МИхаЙЛОВ,+7 9679 10 10,4,подпИСка на ГАЗЕТу,3,1538.3,261.7,PrOcEsSiNg,Всё отлично!,08.06.2024,1633360165004324
2029947175903,2024/06/20 21:12:02,алеКСеЙ МИхаЙЛОВ,+7 9679 10 10,2,ИГрУшка МЯч,3,840.32,59.68,PRoceSsInG,Всё отлично!,08.06.2024,1633360165004324
2029947175903,2024/06/20 21:12:02,алеКСеЙ МИхаЙЛОВ,+7 9679 10 10,2,иГРушКА МЯЧ,3,872.51,27.49,PrOCESSING,Всё отлично!,08.06.2024,1633360165004324
2029947174130,22.06.2024 06:49,иваН ИВАНОв,8(9057) 19-26,3,амУнИЦИЯ дЛЯ собак,4,4075.57,724.43,ProceSsING,спасибо за заказ,2024/06/25,3910560404688912
2029947174130,22.06.2024 06:49,иваН ИВАНОв,8(9057) 19-26,2,иГРуШКА мяЧ,2,593.87,6.13,procESSING,спасибо за заказ,2024/06/25,3910560404688912
2029947174130,22.06.2024 06:49,иваН ИВАНОв,8(9057) 19-26,5,МОЛоКо,5,12224.66,2775.34,pRoceSSing,спасибо за заказ,2024/06/25,3910560404688912
2029947174130,22.06.2024 06:49,иваН ИВАНОв,8(9057) 19-26,3,АмУнИЦИя дЛя СобаК,3,3180.07,419.93,pRoCESsiNG,спасибо за заказ,2024/06/25,3910560404688912
2029947173896,2024-06-30 01:37:01,ДМитРий КуЗНеЦОВ,+7 9706 10 84,1,КОрм ДЛя СобаК,5,2293.09,206.91,pROCEsSinG,"Задержка с доставкой, печалька...",2024-06-26,5251729785508104
2029947173896,2024-06-30 01:37:01,ДМитРий КуЗНеЦОВ,+7 9706 10 84,3,аМУниЦия дЛя СоБак,1,1105.88,94.12,pROcESSinG,"Задержка с доставкой, печалька...",2024-06-26,5251729785508104
2029947173896,2024-06-30 01:37:01,ДМитРий КуЗНеЦОВ,+7 9706 10 84,5,молОкО,4,10899.99,1100.01,pROCESSiNG,"Задержка с доставкой, печалька...",2024-06-26,5251729785508104
2029947173896,2024-06-30 01:37:01,ДМитРий КуЗНеЦОВ,+7 9706 10 84,4,ПОдпИсКа На ГАЗЕТУ,3,1749.27,50.73,PRoCeSsINg,"Задержка с доставкой, печалька...",2024-06-26,5251729785508104
2029947173896,2024-06-30 01:37:01,ДМитРий КуЗНеЦОВ,+7 9706 10 84,5,мОЛОКО,5,12988.33,2011.67,PRoCessIng,"Задержка с доставкой, печалька...",2024-06-26,5251729785508104
2029947172998,22.06.2024 21:07,МАрИЯ ПЕТРоВА,+7 9130 65 32,5,МОлОко,5,13209.81,1790.19,proCESsinG,подарок вовремя,2024-06-03,7041589748637151
2029947172998,22.06.2024 21:07,МАрИЯ ПЕТРоВА,+7 9130 65 32,2,иГрУШКа мяЧ,4,998.58,201.42,prOcESSInG,подарок вовремя,2024-06-03,7041589748637151
2029947171395,04.06.2024 23:17,оЛьГа кУЗнецоВа,+7(9087)40-24,2,игрУШка МЯЧ,2,567.47,32.53,canCELleD,"Задержка с доставкой, печалька...",2024-06-22,2916855214680481
2029947171395,04.06.2024 23:17,оЛьГа кУЗнецоВа,+7(9087)40-24,2,иГрУШка МЯч,1,263.27,36.73,cancELLEd,"Задержка с доставкой, печалька...",2024-06-22,2916855214680481
2029947170689,2024/06/02 19:35:04,АННа СМИРноВа,+7(9917)58-80,2,ИГрУШка МЯч,2,589.96,10.04,caNCElLED,Проверить наличие,12.06.2024,1461670835940525
2029947170689,2024/06/02 19:35:04,АННа СМИРноВа,+7(9917)58-80,2,игРУшка МЯЧ,4,1153.73,46.27,CanceLLEd,Проверить наличие,12.06.2024,1461670835940525
2029947169396,29.06.2024 17:15,сеРгей СИдороВ,+7(9216)09-73,5,МОлОко,4,11086.95,913.05,CANCeLLed,"Задержка с доставкой, печалька...",24.06.2024,3450002605817118
2029947169396,29.06.2024 17:15,сеРгей СИдороВ,+7(9216)09-73,5,МОлоКо,5,13707.17,1292.83,CANcElLEd,"Задержка с доставкой, печалька...",24.06.2024,3450002605817118
2029947169396,29.06.2024 17:15,сеРгей СИдороВ,+7(9216)09-73,4,поДпИСка На ГАЗЕТу,5,2863.83,136.17,cAnCElLED,"Задержка с доставкой, печалька...",24.06.2024,3450002605817118
2029947169396,29.06.2024 17:15,сеРгей СИдороВ,+7(9216)09-73,1,КОрМ дЛЯ СоБАк,4,1767.35,232.65,CaNCeLlEd,"Задержка с доставкой, печалька...",24.06.2024,3450002605817118
2029947169396,29.06.2024 17:15,сеРгей СИдороВ,+7(9216)09-73,3,АМУниЦиЯ ДЛЯ СОБак,1,1050.73,149.27,cANCEllEd,"Задержка с доставкой, печалька...",24.06.2024,3450002605817118
2029947168545,2024-06-26 02:15:50,ИВаН иваНов,+7 9678 76 82,4,ПОдПисКа на ГазеТУ,4,2243.55,156.45,cOmpLetEd,Проверить наличие,10.06.2024,0189740996514542
2029947168545,2024-06-26 02:15:50,ИВаН иваНов,+7 9678 76 82,4,ПодпискА НА гАзЕТУ,4,2081.07,318.93,COmPlEtED,Проверить наличие,10.06.2024,0189740996514542
2029947168545,2024-06-26 02:15:50,ИВаН иваНов,+7 9678 76 82,5,мОЛоКо,1,2443.97,556.03,comPLEted,Проверить наличие,10.06.2024,0189740996514542
2029947167104,2024-06-25 22:11:30,аННа СМИрНоВа,+7 9042 57 41,5,моЛоко,5,13425.68,1574.32,cOMPlEtED,Проверить наличие,2024/06/22,5423055070017967
2029947167104,2024-06-25 22:11:30,аННа СМИрНоВа,+7 9042 57 41,2,Игрушка мяч,5,1439.85,60.15,COmPleTED,Проверить наличие,2024/06/22,5423055070017967
2029947166287,2024/06/29 15:01:42,оЛьГа КУзнЕцова,+7(9058)30-46,4,подПисКа на газетУ,3,1704.43,95.57,prOCeSSinG,Ждём с нетерпением!,2024-06-10,6422371391216782
2029947166287,2024/06/29 15:01:42,оЛьГа КУзнЕцова,+7(9058)30-46,5,молоко,5,13445.7,1554.3,PrOcESSiNG,Ждём с нетерпением!,2024-06-10,6422371391216782
2029947166287,2024/06/29 15:01:42,оЛьГа КУзнЕцова,+7(9058)30-46,4,ПоДПиСкА нА гАзЕТУ,3,1734.36,65.64,ProCESsiNG,Ждём с нетерпением!,2024-06-10,6422371391216782
2029947165425,2024-06-25 13:44:11,ОлЬгА кУЗНецОВа,+7 9309 10 67,3,АмУНИЦия ДЛя собАК,3,3136.58,463.42,prOCESsINg,Проверить наличие,23.06.2024,2008917166743684
2029947165425,2024-06-25 13:44:11,ОлЬгА кУЗНецОВа,+7 9309 10 67,3,АмУниЦИЯ ДлЯ СоБАК,5,5700.66,299.34,pRocESsinG,Проверить наличие,23.06.2024,2008917166743684
2029947165425,2024-06-25 13:44:11,ОлЬгА кУЗНецОВа,+7 9309 10 67,2,ИгРуШКА мяч,5,1374.99,125.01,pRoCEsSiNg,Проверить наличие,23.06.2024,2008917166743684
2029947164777,26.06.2024 03:16,еЛена ноВИКоВа,+7 9557 97 73,4,пОДПИСка нА ГазеТУ,2,986.37,213.63,PrOCEssiNG,Ждём с нетерпением!,2024-06-23,9404430763636994
2029947163512,2024-06-23 06:15:14,ОЛьГА куЗнЕЦоВа,+7(9033)47-73,1,коРМ длЯ СобаК,1,481.48,18.52,cANCelLEd,подарок вовремя,2024-06-17,5765022087863353
2029947163512,2024-06-23 06:15:14,ОЛьГА куЗнЕЦоВа,+7(9033)47-73,3,АмуниЦИя Для соБаК,5,5901.46,98.54,cAnCelleD,подарок вовремя,2024-06-17,5765022087863353
2029947163512,2024-06-23 06:15:14,ОЛьГА куЗнЕЦоВа,+7(9033)47-73,1,КоРм дЛя соБАК,4,1757.67,242.33,caNcEllED,подарок вовремя,2024-06-17,5765022087863353
2029947163512,2024-06-23 06:15:14,ОЛьГА куЗнЕЦоВа,+7(9033)47-73,5,мОЛОКО,4,11111.16,888.84,CAnCeLLED,подарок вовремя,2024-06-17,5765022087863353
2029947163512,2024-06-23 06:15:14,ОЛьГА куЗнЕЦоВа,+7(9033)47-73,2,ИГрУшка мяЧ,2,559.18,40.82,CANCellEd,подарок вовремя,2024-06-17,5765022087863353
2029947162654,2024/06/05 18:30:36,дмиТРиЙ кУзнЕцОв,8(9541) 60-70,5,мОЛокО,3,8941.96,58.04,cOmpLETED,Нужно уточнить сроки,2024/06/29,1289850583168246
2029947162654,2024/06/05 18:30:36,дмиТРиЙ кУзнЕцОв,8(9541) 60-70,1,корм ДЛя сОБаК,4,1759.44,240.56,CoMPlETeD,Нужно уточнить сроки,2024/06/29,1289850583168246
2029947162654,2024/06/05 18:30:36,дмиТРиЙ кУзнЕцОв,8(9541) 60-70,1,КоРм длЯ собАк,1,498.07,1.93,CoMpLeteD,Нужно уточнить сроки,2024/06/29,1289850583168246
2029947161567,2024/06/19 18:21:40,ДМИтрИй КузНЕЦОв,+7 9921 48 82,4,ПОдпИСка на гАзету,5,2906.31,93.69,cOMPleted,Проверить наличие,2024/06/07,5861762670758119
2029947161567,2024/06/19 18:21:40,ДМИтрИй КузНЕЦОв,+7 9921 48 82,3,аМуНИЦия Для собаК,3,2968.09,631.91,cOMpLetED,Проверить наличие,2024/06/07,5861762670758119
2029947161567,2024/06/19 18:21:40,ДМИтрИй КузНЕЦОв,+7 9921 48 82,2,ИгрУшкА мЯч,4,1017.45,182.55,COMpleTeD,Проверить наличие,2024/06/07,5861762670758119
2029947161567,2024/06/19 18:21:40,ДМИтрИй КузНЕЦОв,+7 9921 48 82,4,ПОДПИскА нА ГазЕтУ,4,2203.71,196.29,CoMpLEteD,Проверить наличие,2024/06/07,5861762670758119
2029947161567,2024/06/19 18:21:40,ДМИтрИй КузНЕЦОв,+7 9921 48 82,5,МОлоко,1,2647.78,352.22,cOMPletED,Проверить наличие,2024/06/07,5861762670758119
2029947160157,2024-06-11 01:17:23,ольгА КуЗНЕЦова,+7 9231 89 76,4,ПОдпИСка нА ГаЗеТу,2,1128.92,71.08,cancElLED,Проверить наличие,20.06.2024,4415892237543292
2029947160157,2024-06-11 01:17:23,ольгА КуЗНЕЦова,+7 9231 89 76,1,кОрМ для сОбАк,3,1453.41,46.59,cancelLed,Проверить наличие,20.06.2024,4415892237543292
2029947160157,2024-06-11 01:17:23,ольгА КуЗНЕЦова,+7 9231 89 76,5,мОЛоКО,5,14563.26,436.74,CaNCeLLED,Проверить наличие,20.06.2024,4415892237543292
2029947160157,2024-06-11 01:17:23,ольгА КуЗНЕЦова,+7 9231 89 76,2,ИГРУШкА МяЧ,3,838.79,61.21,cAnceLled,Проверить наличие,20.06.2024,4415892237543292
2029947160157,2024-06-11 01:17:23,ольгА КуЗНЕЦова,+7 9231 89 76,1,коРМ для сОбАК,1,403.66,96.34,CAnCellED,Проверить наличие,20.06.2024,4415892237543292
2029947159413,21.06.2024 14:12,оЛьГа КУЗНеЦова,+7(9838)01-15,2,иГРУШка мЯч,2,564.87,35.13,prOcessiNg,Ждём с нетерпением!,2024-06-27,2402200167768444
2029947159413,21.06.2024 14:12,оЛьГа КУЗНеЦова,+7(9838)01-15,2,ИгруШкА МЯч,4,978.97,221.03,procESsiNg,Ждём с нетерпением!,2024-06-27,2402200167768444
2029947159413,21.06.2024 14:12,оЛьГа КУЗНеЦова,+7(9838)01-15,1,КоРм ДЛЯ сОбаК,5,2004.21,495.79,procesSiNG,Ждём с нетерпением!,2024-06-27,2402200167768444
2029947158835,20.06.2024 19:52,иваН ИванОв,+7 9911 76 93,2,иГРУШка МяЧ,3,867.16,32.84,pRoCesSiNg,Всё отлично!,03.06.2024,8402854650131501
2029947158835,20.06.2024 19:52,иваН ИванОв,+7 9911 76 93,3,аМуницИЯ дЛя сОБак,1,1165.11,34.89,pROcESSiNG,Всё отлично!,03.06.2024,8402854650131501
2029947158835,20.06.2024 19:52,иваН ИванОв,+7 9911 76 93,2,иГРушкА мЯч,5,1387.07,112.93,ProCESSIng,Всё отлично!,03.06.2024,8402854650131501
2029947158835,20.06.2024 19:52,иваН ИванОв,+7 9911 76 93,3,амуНИцИЯ длЯ СоБаК,1,1091.8,108.2,PROcesSinG,Всё отлично!,03.06.2024,8402854650131501
2029947157517,09.06.2024 10:35,сЕРгеЙ СиДОров,+7 9761 81 69,2,ИгрУшка мЯЧ,5,1290.87,209.13,cOMplETED,Проверить наличие,2024/06/15,4301558491606727
2029947157517,09.06.2024 10:35,сЕРгеЙ СиДОров,+7 9761 81 69,2,ИГрУШКА МЯч,1,270.08,29.92,coMPlEteD,Проверить наличие,2024/06/15,4301558491606727
2029947157517,09.06.2024 10:35,сЕРгеЙ СиДОров,+7 9761 81 69,2,Игрушка Мяч,4,979.89,220.11,COMpLetED,Проверить наличие,2024/06/15,4301558491606727
2029947156741,20.06.2024 23:53,НаТАЛья ВаСИЛьевА,8(9157) 76-35,3,АмунициЯ ДлЯ собак,3,3485.08,114.92,PrOCeSsing,Всё отлично!,2024/06/28,7449245680732005
2029947156741,20.06.2024 23:53,НаТАЛья ВаСИЛьевА,8(9157) 76-35,1,корМ ДЛя собАК,5,2006.72,493.28,PROcessing,Всё отлично!,2024/06/28,7449245680732005
2029947156741,20.06.2024 23:53,НаТАЛья ВаСИЛьевА,8(9157) 76-35,1,КОрм для СОБак,5,2252.25,247.75,pROcessiNg,Всё отлично!,2024/06/28,7449245680732005
2029947155869,2024-06-30 09:31:11,СЕргЕй сИДОров,+7(9460)24-61,4,ПоДПИСкА на ГАЗЕту,2,1034.26,165.74,proCeSsIng,спасибо за заказ,30.06.2024,5967506109819292
2029947155869,2024-06-30 09:31:11,СЕргЕй сИДОров,+7(9460)24-61,1,КОрМ ДЛя СоБаК,3,1439.74,60.26,pROCEsSING,спасибо за заказ,30.06.2024,5967506109819292
2029947154234,2024/06/10 00:48:35,мАрия ПЕтРова,+7(9891)95-00,1,коРМ для сОбАк,5,2184.84,315.16,cancElled,Проверить наличие,2024/06/21,4343629199975601
2029947154234,2024/06/10 00:48:35,мАрия ПЕтРова,+7(9891)95-00,1,Корм дЛЯ СОбАк,5,2138.35,361.65,CAnCELLeD,Проверить наличие,2024/06/21,4343629199975601
2029947154234,2024/06/10 00:48:35,мАрия ПЕтРова,+7(9891)95-00,3,аМУНицИЯ ДЛЯ сОбаК,2,2229.34,170.66,canCeLlED,Проверить наличие,2024/06/21,4343629199975601
2029947153222,2024-06-25 05:20:23,АЛЕКсеЙ михАйЛОВ,8(9389) 11-61,3,аМуницИЯ ДЛя СобаК,5,4833.4,1166.6,PrOcEsSIng,"Задержка с доставкой, печалька...",2024-06-18,6636007897880733
2029947153222,2024-06-25 05:20:23,АЛЕКсеЙ михАйЛОВ,8(9389) 11-61,4,ПоДПИСКа на ГазЕтУ,2,1084.02,115.98,prOcESsInG,"Задержка с доставкой, печалька...",2024-06-18,6636007897880733
2029947153222,2024-06-25 05:20:23,АЛЕКсеЙ михАйЛОВ,8(9389) 11-61,1,коРМ ДЛЯ СОбаК,5,2044.96,455.04,ProCEssIng,"Задержка с доставкой, печалька...",2024-06-18,6636007897880733
2029947152395,29.06.2024 18:32,алеКсей МИхайЛОв,8(9514) 47-15,3,аМУнициЯ ДЛя соБАК,4,3854.08,945.92,ProCEssING,Нужно уточнить сроки,2024/06/28,1260115226977975
2029947152395,29.06.2024 18:32,алеКсей МИхайЛОв,8(9514) 47-15,5,молОКо,5,13176.66,1823.34,pROCessing,Нужно уточнить сроки,2024/06/28,1260115226977975
2029947152395,29.06.2024 18:32,алеКсей МИхайЛОв,8(9514) 47-15,4,пОДпИСка НА ГаЗетУ,3,1636.78,163.22,pRoCEssING,Нужно уточнить сроки,2024/06/28,1260115226977975
2029947151577,2024/06/13 10:36:24,оЛЬга КуЗНЕЦОВА,8(9830) 79-34,5,МоЛоКО,1,2688.72,311.28,CaNcELlED,подарок вовремя,26.06.2024,2996113923786216
2029947151577,2024/06/13 10:36:24,оЛЬга КуЗНЕЦОВА,8(9830) 79-34,2,ИгРуШКа мяч,3,888.5,11.5,CAnCELLed,подарок вовремя,26.06.2024,2996113923786216
2029947150833,2024/06/28 17:10:07,ЕЛенА нОВикОВа,8(9255) 30-28,5,мОЛоКо,5,14254.64,745.36,comPlEteD,Проверить наличие,2024-06-30,9055334816340863
2029947150833,2024/06/28 17:10:07,ЕЛенА нОВикОВа,8(9255) 30-28,1,кОрМ ДЛЯ СОбаК,2,912.84,87.16,COmplETeD,Проверить наличие,2024-06-30,9055334816340863
2029947150833,2024/06/28 17:10:07,ЕЛенА нОВикОВа,8(9255) 30-28,2,ИГРуШКА мЯЧ,2,483.42,116.58,cOMpLETED,Проверить наличие,2024-06-30,9055334816340863
2029947150833,2024/06/28 17:10:07,ЕЛенА нОВикОВа,8(9255) 30-28,1,КОрМ длЯ СОбак,1,422.15,77.85,comPLETEd,Проверить наличие,2024-06-30,9055334816340863
2029947150833,2024/06/28 17:10:07,ЕЛенА нОВикОВа,8(9255) 30-28,5,МоЛОКО,4,9989.96,2010.04,CoMpleTeD,Проверить наличие,2024-06-30,9055334816340863
2029947149315,22.06.2024 12:00,ОЛьГА КУзНЕцоВа,+7(9528)27-95,3,аМУНИция Для сОБак,5,5641.8,358.2,CaNcELleD,"Задержка с доставкой, печалька...",21.06.2024,8535400296800709
2029947149315,22.06.2024 12:00,ОЛьГА КУзНЕцоВа,+7(9528)27-95,5,моЛОкО,4,11113.02,886.98,cAnCeLLEd,"Задержка с доставкой, печалька...",21.06.2024,8535400296800709
2029947148563,29.06.2024 18:47,Иван ИВАНОв,+7(9988)11-07,1,коРМ дЛЯ СоБАК,3,1404.65,95.35,caNCeLLeD,Нужно уточнить сроки,2024-06-08,5937832784043389
2029947148563,29.06.2024 18:47,Иван ИВАНОв,+7(9988)11-07,5,МОЛоКО,2,5603.51,396.49,CancELLED,Нужно уточнить сроки,2024-06-08,5937832784043389
2029947148563,29.06.2024 18:47,Иван ИВАНОв,+7(9988)11-07,5,мОлОКО,2,5191.91,808.09,cAnceLLeD,Нужно уточнить сроки,2024-06-08,5937832784043389
2029947147746,2024-06-20 19:07:20,оЛьгА КузнеЦоВа,+7(9516)88-65,5,МоЛоко,4,11125.08,874.92,cOmpLETEd,Нужно уточнить сроки,2024/06/10,6179608823982739
2029947146504,2024/06/03 02:58:04,АЛЕксей МиХайЛОВ,+7 9193 76 87,3,амуНицИЯ длЯ СоБаК,1,1009.8,190.2,CANCeLLeD,"Задержка с доставкой, печалька...",18.06.2024,1910061956333744
2029947146504,2024/06/03 02:58:04,АЛЕксей МиХайЛОВ,+7 9193 76 87,5,мОЛОкО,1,2619.75,380.25,cAnCElLED,"Задержка с доставкой, печалька...",18.06.2024,1910061956333744
2029947146504,2024/06/03 02:58:04,АЛЕксей МиХайЛОВ,+7 9193 76 87,5,молОкО,3,7382.74,1617.26,cANCElleD,"Задержка с доставкой, печалька...",18.06.2024,1910061956333744
2029947146504,2024/06/03 02:58:04,АЛЕксей МиХайЛОВ,+7 9193 76 87,1,кОРМ ДЛя СОБаК,2,894.61,105.39,CANcElLEd,"Задержка с доставкой, печалька...",18.06.2024,1910061956333744
2029947145858,14.06.2024 01:14,МИхаил оРлов,+7 9529 04 91,4,пОДПИсКА На ГазеТу,4,2236.06,163.94,ProCeSSing,"Задержка с доставкой, печалька...",26.06.2024,4497325559017473
2029947145858,14.06.2024 01:14,МИхаил оРлов,+7 9529 04 91,1,КОрМ длЯ СОБаК,1,407.99,92.01,proCeSsInG,"Задержка с доставкой, печалька...",26.06.2024,4497325559017473
2029947145858,14.06.2024 01:14,МИхаил оРлов,+7 9529 04 91,5,моЛОКО,4,9649.38,2350.62,proCESsING,"Задержка с доставкой, печалька...",26.06.2024,4497325559017473
2029947144352,2024/06/26 18:56:38,МАрия пеТровА,+7(9552)32-31,2,ИгруШКа МяЧ,3,796.23,103.77,caNceLLED,Нужно уточнить сроки,2024/06/10,7443448858813989
2029947144352,2024/06/26 18:56:38,МАрия пеТровА,+7(9552)32-31,4,ПОдпИсКА на ГАЗеТу,4,2172.87,227.13,CaNCelLeD,Нужно уточнить сроки,2024/06/10,7443448858813989
2029947144352,2024/06/26 18:56:38,МАрия пеТровА,+7(9552)32-31,5,моЛоКо,5,12327.38,2672.62,CANCEllED,Нужно уточнить сроки,2024/06/10,7443448858813989
2029947143613,2024/06/08 04:37:32,иВаН ИВАНОв,8(9717) 31-80,2,ИгРУшКА МЯЧ,2,526.95,73.05,procesSIng,Ждём с нетерпением!,2024-06-25,2784550301538074
2029947143613,2024/06/08 04:37:32,иВаН ИВАНОв,8(9717) 31-80,1,кОрм для сОБак,1,499.46,0.54,ProcESSIng,Ждём с нетерпением!,2024-06-25,2784550301538074
2029947143613,2024/06/08 04:37:32,иВаН ИВАНОв,8(9717) 31-80,3,аМунициЯ ДлЯ СОбак,2,2160.5,239.5,pRoCEsSInG,Ждём с нетерпением!,2024-06-25,2784550301538074
2029947142967,2024-06-06 05:46:16,МАриЯ ПЕТроВА,+7 9153 19 08,1,кОрМ ДЛЯ СоБак,2,900.35,99.65,cOMpletED,"Задержка с доставкой, печалька...",06.06.2024,9451701247899196
2029947142967,2024-06-06 05:46:16,МАриЯ ПЕТроВА,+7 9153 19 08,1,кОрм длЯ Собак,3,1390.47,109.53,completED,"Задержка с доставкой, печалька...",06.06.2024,9451701247899196
2029947142967,2024-06-06 05:46:16,МАриЯ ПЕТроВА,+7 9153 19 08,5,МолОкО,5,12379.43,2620.57,coMpLeTed,"Задержка с доставкой, печалька...",06.06.2024,9451701247899196
2029947141183,2024-06-23 13:21:58,МАРИЯ ПеТроВа,+7 9662 76 65,2,игруШКА МЯч,3,823.07,76.93,CoMpleTED,спасибо за заказ,2024-06-04,9071053106817757
2029947141183,2024-06-23 13:21:58,МАРИЯ ПеТроВа,+7 9662 76 65,5,моЛоКО,2,5289.88,710.12,cOMPlETEd,спасибо за заказ,2024-06-04,9071053106817757
2029947141183,2024-06-23 13:21:58,МАРИЯ ПеТроВа,+7 9662 76 65,4,ПОдпИСКА на газеТУ,2,1165.02,34.98,ComPLETED,спасибо за заказ,2024-06-04,9071053106817757
2029947141183,2024-06-23 13:21:58,МАРИЯ ПеТроВа,+7 9662 76 65,4,поДПИсКа НА ГаЗЕтУ,4,2346.7,53.3,compLEted,спасибо за заказ,2024-06-04,9071053106817757
2029947140648,2024/06/09 07:50:34,аННа смирнОвА,+7(9271)99-71,2,ИГРУшка МяЧ,3,898.89,1.11,PrOcEssinG,спасибо за заказ,2024/06/14,2856729161968619
2029947140648,2024/06/09 07:50:34,аННа смирнОвА,+7(9271)99-71,1,кОрм ДлЯ сОБак,4,1762.29,237.71,pRoceSSIng,спасибо за заказ,2024/06/14,2856729161968619
2029947140648,2024/06/09 07:50:34,аННа смирнОвА,+7(9271)99-71,4,подПиска НА ГаЗЕТу,4,2356.07,43.93,PRoCEssiNG,спасибо за заказ,2024/06/14,2856729161968619
2029947140648,2024/06/09 07:50:34,аННа смирнОвА,+7(9271)99-71,1,кОрМ дЛя СОБАК,5,2452.65,47.35,pROcesSiNg,спасибо за заказ,2024/06/14,2856729161968619
2029947140648,2024/06/09 07:50:34,аННа смирнОвА,+7(9271)99-71,5,МоЛОко,4,9788.23,2211.77,pROCesSIng,спасибо за заказ,2024/06/14,2856729161968619
2029947139289,2024/06/07 17:16:40,нАтАЛЬя ВАСИльеВа,+7(9595)59-19,3,аМуниЦиЯ дЛя СоБаК,2,2210.7,189.3,COmpleTed,"Задержка с доставкой, печалька...",2024-06-20,0206186406370794
2029947139289,2024/06/07 17:16:40,нАтАЛЬя ВАСИльеВа,+7(9595)59-19,1,Корм Для СОБак,3,1426.26,73.74,COmPleTED,"Задержка с доставкой, печалька...",2024-06-20,0206186406370794
2029947139289,2024/06/07 17:16:40,нАтАЛЬя ВАСИльеВа,+7(9595)59-19,4,ПОдпИСКА На газеТУ,1,522.81,77.19,cOmpLeteD,"Задержка с доставкой, печалька...",2024-06-20,0206186406370794
2029947139289,2024/06/07 17:16:40,нАтАЛЬя ВАСИльеВа,+7(9595)59-19,3,АмуНициЯ дЛя СОБАк,5,5458.8,541.2,CoMPlEtED,"Задержка с доставкой, печалька...",2024-06-20,0206186406370794
2029947138970,2024-06-25 22:21:25,ОлЬГА КУЗНЕцовА,8(9233) 77-18,2,игРуШкА мяч,4,1190.84,9.16,complEteD,спасибо за заказ,25.06.2024,1566319596309227
2029947137764,2024/06/01 17:48:46,МариЯ петРоВа,+7 9732 68 71,4,ПодПИскА НА гАзЕтУ,2,1128.05,71.95,PrOCessIng,Всё отлично!,2024/06/25,8783639309896389
2029947137764,2024/06/01 17:48:46,МариЯ петРоВа,+7 9732 68 71,2,игрУшКа мЯЧ,2,498.96,101.04,ProceSsIng,Всё отлично!,2024/06/25,8783639309896389
2029947137764,2024/06/01 17:48:46,МариЯ петРоВа,+7 9732 68 71,5,мОЛоКО,4,10234.94,1765.06,PrOCESsING,Всё отлично!,2024/06/25,8783639309896389
2029947136241,14.06.2024 04:50,миХаиЛ ОРлОв,+7 9101 84 99,3,АМУНицИя для собак,5,4867.68,1132.32,ProCESsInG,Ждём с нетерпением!,2024/06/01,8720219486261429
2029947136241,14.06.2024 04:50,миХаиЛ ОРлОв,+7 9101 84 99,5,МолОКО,3,8147.25,852.75,proCEsSing,Ждём с нетерпением!,2024/06/01,8720219486261429
2029947136241,14.06.2024 04:50,миХаиЛ ОРлОв,+7 9101 84 99,4,пОдпИсКа На гАзетУ,3,1571.4,228.6,PrOcessiNG,Ждём с нетерпением!,2024/06/01,8720219486261429
2029947391475,2024/06/04 22:59:28,мАРИя ПетрОВА,8(9983) 19-99,5,МОЛоко,5,13302.99,1697.01,ComPLetEd,Проверить наличие,19.06.2024,9033340027630150
2029947390501,2024/06/07 04:34:54,нАТалЬя вАсИльевА,+7(9944)61-91,4,ПОдПисКА НА газетУ,5,2406.35,593.65,coMPLeTeD,Всё отлично!,2024-06-24,3704550648330318
2029947390501,2024/06/07 04:34:54,нАТалЬя вАсИльевА,+7(9944)61-91,1,КоРм ДлЯ СОбак,2,829.6,170.4,cOmPLeted,Всё отлично!,2024-06-24,3704550648330318
2029947390501,2024/06/07 04:34:54,нАТалЬя вАсИльевА,+7(9944)61-91,5,моЛоКо,3,7278.54,1721.46,COmPlETed,Всё отлично!,2024-06-24,3704550648330318
2029947390501,2024/06/07 04:34:54,нАТалЬя вАсИльевА,+7(9944)61-91,5,моЛОкО,5,12837.41,2162.59,ComplEtED,Всё отлично!,2024-06-24,3704550648330318
2029947389380,2024/06/10 08:39:31,МАрИя пЕТРова,+7(9743)22-91,1,кОРМ дЛЯ собак,5,2252.79,247.21,cOMPlEtED,спасибо за заказ,03.06.2024,4597149123766456
2029947389380,2024/06/10 08:39:31,МАрИя пЕТРова,+7(9743)22-91,1,КОРМ Для сОбАК,5,2115.52,384.48,ComPLetEd,спасибо за заказ,03.06.2024,4597149123766456
2029947389380,2024/06/10 08:39:31,МАрИя пЕТРова,+7(9743)22-91,5,МОлОКо,5,14138.66,861.34,complEtEd,спасибо за заказ,03.06.2024,4597149123766456
2029947389380,2024/06/10 08:39:31,МАрИя пЕТРова,+7(9743)22-91,2,ИгрУШКа МЯЧ,4,983.32,216.68,CoMpLeTeD,спасибо за заказ,03.06.2024,4597149123766456
2029947389380,2024/06/10 08:39:31,МАрИя пЕТРова,+7(9743)22-91,2,игрушКА мяч,2,584.99,15.01,cOMPletED,спасибо за заказ,03.06.2024,4597149123766456
2029947388258,2024-06-29 04:09:22,НАтальЯ василЬЕВа,8(9812) 87-21,4,пОДпИСкА НА гАЗеТУ,3,1634.82,165.18,cOmPLEtEd,"Задержка с доставкой, печалька...",2024/06/20,8500410507781046
2029947388258,2024-06-29 04:09:22,НАтальЯ василЬЕВа,8(9812) 87-21,5,мОлОКО,1,2933.53,66.47,coMPLEted,"Задержка с доставкой, печалька...",2024/06/20,8500410507781046
2029947388258,2024-06-29 04:09:22,НАтальЯ василЬЕВа,8(9812) 87-21,1,кОРМ Для соБаК,5,2084.85,415.15,complETeD,"Задержка с доставкой, печалька...",2024/06/20,8500410507781046
2029947387138,2024-06-09 16:25:43,мариЯ пЕТрОвА,8(9945) 59-60,4,пОДПисКА нА ГАзЕТУ,1,487.31,112.69,coMpLeTEd,Нужно уточнить сроки,01.06.2024,9175144592481115
2029947387138,2024-06-09 16:25:43,мариЯ пЕТрОвА,8(9945) 59-60,5,МоЛОко,1,2990.26,9.74,cOmpleTed,Нужно уточнить сроки,01.06.2024,9175144592481115
2029947387138,2024-06-09 16:25:43,мариЯ пЕТрОвА,8(9945) 59-60,4,подпИСка НА ГаЗету,2,1032.57,167.43,compLETeD,Нужно уточнить сроки,01.06.2024,9175144592481115
2029947386774,13.06.2024 17:13,еЛена НОвиКоВА,+7 9216 97 25,2,ИгРуШка мЯч,3,857.64,42.36,cANcELLeD,Проверить наличие,03.06.2024,8389758319862418
2029947386774,13.06.2024 17:13,еЛена НОвиКоВА,+7 9216 97 25,5,моЛокО,4,9787.39,2212.61,caNCElleD,Проверить наличие,03.06.2024,8389758319862418
2029947386774,13.06.2024 17:13,еЛена НОвиКоВА,+7 9216 97 25,4,ПодпИсКА НА газету,1,561.83,38.17,caNceLLeD,Проверить наличие,03.06.2024,8389758319862418
2029947385577,2024-06-28 21:06:35,ольГа КУзнеЦова,8(9390) 50-07,1,КоРМ дЛя собак,1,470.26,29.74,prOCESsiNG,подарок вовремя,2024/06/30,6628282482835230
2029947385577,2024-06-28 21:06:35,ольГа КУзнеЦова,8(9390) 50-07,2,ИгрУшка мяч,3,898.0,2.0,PRoCesSinG,подарок вовремя,2024/06/30,6628282482835230
2029947385577,2024-06-28 21:06:35,ольГа КУзнеЦова,8(9390) 50-07,3,амУНиЦия ДЛЯ СОБАк,4,4103.62,696.38,PRocEssing,подарок вовремя,2024/06/30,6628282482835230
2029947385577,2024-06-28 21:06:35,ольГа КУзнеЦова,8(9390) 50-07,1,КОРм Для соБАК,3,1308.68,191.32,pRocEssiNG,подарок вовремя,2024/06/30,6628282482835230
2029947384744,2024-06-28 22:43:08,Анна СМиРновА,+7(9394)94-21,1,корМ ДЛя СобАк,2,947.07,52.93,cOmpLeTED,подарок вовремя,21.06.2024,4795796255533551
2029947384744,2024-06-28 22:43:08,Анна СМиРновА,+7(9394)94-21,4,ПодПиСКА нА гаЗету,1,502.24,97.76,coMPLETEd,подарок вовремя,21.06.2024,4795796255533551
2029947383754,2024-06-29 13:49:05,ИВАН иВанОв,+7(9245)15-01,4,подПИскА нА ГазетУ,4,2084.14,315.86,pRoCeSsING,Всё отлично!,2024/06/18,3667774350400380
2029947383754,2024-06-29 13:49:05,ИВАН иВанОв,+7(9245)15-01,1,коРм длЯ СоБАК,5,2195.84,304.16,PROceSSiNG,Всё отлично!,2024/06/18,3667774350400380
2029947383754,2024-06-29 13:49:05,ИВАН иВанОв,+7(9245)15-01,1,кОРм ДЛЯ СОБАк,2,979.91,20.09,pROCESSiNG,Всё отлично!,2024/06/18,3667774350400380
2029947383754,2024-06-29 13:49:05,ИВАН иВанОв,+7(9245)15-01,1,корм ДЛЯ СОбАк,5,2221.05,278.95,prOcEsSING,Всё отлично!,2024/06/18,3667774350400380
2029947382142,12.06.2024 23:19,ЕЛеНа нОвиКоВА,8(9359) 76-56,5,молоКО,4,9786.28,2213.72,canceLled,Ждём с нетерпением!,07.06.2024,3431816191469078
2029947382142,12.06.2024 23:19,ЕЛеНа нОвиКоВА,8(9359) 76-56,5,МолоКО,3,8650.56,349.44,caNCELleD,Ждём с нетерпением!,07.06.2024,3431816191469078
2029947382142,12.06.2024 23:19,ЕЛеНа нОвиКоВА,8(9359) 76-56,4,поДПисКА На гаЗеТУ,2,1063.51,136.49,CAncElled,Ждём с нетерпением!,07.06.2024,3431816191469078
2029947381202,2024/06/10 04:01:59,ОЛЬга КузНЕЦОва,+7(9004)33-63,3,аМуНИцИЯ для СОбаК,5,5446.75,553.25,cANcELled,подарок вовремя,2024-06-12,4524466743106167
2029947381202,2024/06/10 04:01:59,ОЛЬга КузНЕЦОва,+7(9004)33-63,4,ПодПИска НА гаЗЕТу,5,2560.96,439.04,cANcELlEd,подарок вовремя,2024-06-12,4524466743106167
2029947381202,2024/06/10 04:01:59,ОЛЬга КузНЕЦОва,+7(9004)33-63,4,подПиСКа на ГАзеТу,2,1066.07,133.93,CANCeLLed,подарок вовремя,2024-06-12,4524466743106167
2029947381202,2024/06/10 04:01:59,ОЛЬга КузНЕЦОва,+7(9004)33-63,2,ИГруШкА мяч,1,298.73,1.27,CANCEllEd,подарок вовремя,2024-06-12,4524466743106167
2029947380478,2024/06/02 18:28:37,МиХаиЛ ОрЛОВ,+7(9704)38-08,3,амУнИЦия ДлЯ сОбак,3,3381.1,218.9,CancEllED,Проверить наличие,2024/06/27,4546338941168991
2029947380478,2024/06/02 18:28:37,МиХаиЛ ОрЛОВ,+7(9704)38-08,2,ИГруШКА мяч,4,961.0,239.0,cAncEllEd,Проверить наличие,2024/06/27,4546338941168991
2029947380478,2024/06/02 18:28:37,МиХаиЛ ОрЛОВ,+7(9704)38-08,5,МолокО,5,13195.17,1804.83,caNcEllED,Проверить наличие,2024/06/27,4546338941168991
2029947379925,2024/06/29 10:12:09,МИхаиЛ ОрЛОв,8(9774) 32-38,1,кОрМ Для сОБАк,4,1932.99,67.01,pRoCEssINg,Проверить наличие,2024/06/27,3009276253952274
2029947379925,2024/06/29 10:12:09,МИхаиЛ ОрЛОв,8(9774) 32-38,3,амУнИцИЯ ДлЯ СОБак,3,3050.68,549.32,pROCessIng,Проверить наличие,2024/06/27,3009276253952274
2029947379925,2024/06/29 10:12:09,МИхаиЛ ОрЛОв,8(9774) 32-38,2,ИгруШкА мЯч,2,579.07,20.93,PrOcEsSINg,Проверить наличие,2024/06/27,3009276253952274
2029947378749,10.06.2024 14:24,ИВАн ИваНОв,+7(9768)98-83,1,корм ДлЯ сОБАК,2,883.58,116.42,CancELleD,спасибо за заказ,2024-06-02,9131214706411830
2029947378749,10.06.2024 14:24,ИВАн ИваНОв,+7(9768)98-83,4,пОДпИсКА нА ГАЗЕТУ,5,2923.27,76.73,cAncELlED,спасибо за заказ,2024-06-02,9131214706411830
2029947377676,2024-06-27 13:50:18,МАриЯ пЕтРОвА,+7(9121)23-60,4,ПОдпиСкА на ГазеТу,1,484.24,115.76,cANCeLLED,Всё отлично!,2024/06/14,5369342705356672
2029947377676,2024-06-27 13:50:18,МАриЯ пЕтРОвА,+7(9121)23-60,4,ПОдПиСкА НА гАзЕтУ,2,1035.28,164.72,cancELleD,Всё отлично!,2024/06/14,5369342705356672
2029947377676,2024-06-27 13:50:18,МАриЯ пЕтРОвА,+7(9121)23-60,1,КоРм длЯ собаК,4,1783.02,216.98,CaNceLLed,Всё отлично!,2024/06/14,5369342705356672
2029947377676,2024-06-27 13:50:18,МАриЯ пЕтРОвА,+7(9121)23-60,1,коРМ для сОБАк,1,488.03,11.97,CaNceLleD,Всё отлично!,2024/06/14,5369342705356672
2029947376578,2024-06-26 10:00:30,АлеКСей миХАйлОВ,+7(9669)41-75,4,пОдпиСкА нА гаЗету,5,2934.41,65.59,COMPLeTeD,Проверить наличие,29.06.2024,1357523841366603
2029947375822,2024-06-14 07:26:04,МарИя петРовА,+7 9801 58 93,4,подписКА НА ГаЗЕтУ,4,2370.43,29.57,Completed,спасибо за заказ,21.06.2024,0878907622124873
2029947375822,2024-06-14 07:26:04,МарИя петРовА,+7 9801 58 93,3,АмУНицИЯ длЯ СОБак,1,1102.21,97.79,CompleteD,спасибо за заказ,21.06.2024,0878907622124873
2029947375822,2024-06-14 07:26:04,МарИя петРовА,+7 9801 58 93,4,пОДПиСкА На ГазЕТУ,3,1508.0,292.0,ComPLETED,спасибо за заказ,21.06.2024,0878907622124873
2029947374442,26.06.2024 13:13,НаТАЛья ВАСИЛЬЕва,+7(9153)72-48,4,пОдпиСкА НА гАзеТУ,5,2594.16,405.84,ProcESSiNG,спасибо за заказ,2024/06/10,8066958435533346
2029947373533,2024/06/24 03:03:07,мАРИЯ пеТрОвА,+7 9529 17 66,2,игрУшкА мЯЧ,1,271.72,28.28,PrOCEsSing,Ждём с нетерпением!,2024/06/28,4134969762912652
2029947373533,2024/06/24 03:03:07,мАРИЯ пеТрОвА,+7 9529 17 66,1,кОрм для СоБАк,3,1335.25,164.75,proCeSsinG,Ждём с нетерпением!,2024/06/28,4134969762912652
2029947373533,2024/06/24 03:03:07,мАРИЯ пеТрОвА,+7 9529 17 66,5,МолОко,3,8715.92,284.08,ProCESsinG,Ждём с нетерпением!,2024/06/28,4134969762912652
2029947373533,2024/06/24 03:03:07,мАРИЯ пеТрОвА,+7 9529 17 66,5,МОЛокО,1,2424.77,575.23,procesSING,Ждём с нетерпением!,2024/06/28,4134969762912652
2029947372423,2024/06/11 13:43:32,нАтаЛьЯ ВАСИЛЬЕва,+7 9339 42 22,4,ПОДПискА на гАЗЕтУ,2,1004.46,195.54,proCeSSING,"Задержка с доставкой, печалька...",2024-06-15,7500291737523614
2029947372423,2024/06/11 13:43:32,нАтаЛьЯ ВАСИЛЬЕва,+7 9339 42 22,3,аМУниЦИя дЛЯ СОБАК,1,1049.03,150.97,PrOCessing,"Задержка с доставкой, печалька...",2024-06-15,7500291737523614
2029947372423,2024/06/11 13:43:32,нАтаЛьЯ ВАСИЛЬЕва,+7 9339 42 22,1,корм длЯ собак,4,1746.02,253.98,proCesSINg,"Задержка с доставкой, печалька...",2024-06-15,7500291737523614
2029947371843,25.06.2024 19:00,МИХаИл оРЛов,8(9346) 60-09,3,АМуНиЦиЯ ДлЯ собАк,3,3542.27,57.73,CaNCElLED,Проверить наличие,2024/06/14,1451155057199919
2029947371843,25.06.2024 19:00,МИХаИл оРЛов,8(9346) 60-09,5,мОЛокО,5,14843.29,156.71,CancElleD,Проверить наличие,2024/06/14,1451155057199919
2029947371843,25.06.2024 19:00,МИХаИл оРЛов,8(9346) 60-09,1,КОрМ ДлЯ собАк,5,2491.79,8.21,canCeLLeD,Проверить наличие,2024/06/14,1451155057199919
2029947370560,2024-06-25 09:32:33,ЕлЕна НОВИКОВА,+7(9447)85-90,4,ПОДпиСКа НА гАзЕту,1,530.82,69.18,ProCeSsiNG,подарок вовремя,2024/06/02,4121035204139421
2029947370560,2024-06-25 09:32:33,ЕлЕна НОВИКОВА,+7(9447)85-90,1,Корм дЛЯ Собак,4,1744.45,255.55,pRoCEssInG,подарок вовремя,2024/06/02,4121035204139421
2029947370560,2024-06-25 09:32:33,ЕлЕна НОВИКОВА,+7(9447)85-90,1,кОрМ дЛЯ сОбак,2,909.49,90.51,pROcessIng,подарок вовремя,2024/06/02,4121035204139421
2029947369301,2024-06-04 12:23:21,ИВаН ИвАнов,8(9239) 05-63,3,аМуниЦИЯ длЯ СобАК,5,5531.81,468.19,CompLeTed,спасибо за заказ,2024/06/08,8940952860098097
2029947369301,2024-06-04 12:23:21,ИВаН ИвАнов,8(9239) 05-63,1,коРм Для СОБАК,1,410.94,89.06,COMpLEteD,спасибо за заказ,2024/06/08,8940952860098097
2029947369301,2024-06-04 12:23:21,ИВаН ИвАнов,8(9239) 05-63,3,аМуниЦИЯ ДЛя СОБак,3,2893.21,706.79,CompletED,спасибо за заказ,2024/06/08,8940952860098097
2029947369301,2024-06-04 12:23:21,ИВаН ИвАнов,8(9239) 05-63,3,АМУНИциЯ для собАк,4,4700.87,99.13,compLetEd,спасибо за заказ,2024/06/08,8940952860098097
2029947368742,29.06.2024 17:37,аНна СМиРНОвА,+7(9389)48-96,3,АмУнИцИЯ ДЛЯ собАк,1,1080.97,119.03,canCElLed,Всё отлично!,2024-06-18,8809698652338951
2029947368742,29.06.2024 17:37,аНна СМиРНОвА,+7(9389)48-96,3,аМуНИция ДлЯ СОБАК,3,3390.09,209.91,cancelled,Всё отлично!,2024-06-18,8809698652338951
2029947368742,29.06.2024 17:37,аНна СМиРНОвА,+7(9389)48-96,1,КоРМ ДлЯ сОБаК,4,1928.49,71.51,CaNCELleD,Всё отлично!,2024-06-18,8809698652338951
2029947368742,29.06.2024 17:37,аНна СМиРНОвА,+7(9389)48-96,2,ИГруШКА мЯч,1,278.85,21.15,CAnceLLeD,Всё отлично!,2024-06-18,8809698652338951
2029947367871,30.06.2024 02:34,алЕксей МихАйЛОв,+7 9825 39 52,5,мОлОкО,5,13176.63,1823.37,caNCelLED,"Задержка с доставкой, печалька...",2024-06-28,7589768575193170
2029947367871,30.06.2024 02:34,алЕксей МихАйЛОв,+7 9825 39 52,3,амУНиЦИЯ дЛя сОБАК,2,2351.05,48.95,caNcelLed,"Задержка с доставкой, печалька...",2024-06-28,7589768575193170
2029947367871,30.06.2024 02:34,алЕксей МихАйЛОв,+7 9825 39 52,2,ИГРуШКА мЯч,2,569.21,30.79,CancELLed,"Задержка с доставкой, печалька...",2024-06-28,7589768575193170
2029947367871,30.06.2024 02:34,алЕксей МихАйЛОв,+7 9825 39 52,1,коРМ Для СОБАк,2,814.61,185.39,CAnCEllEd,"Задержка с доставкой, печалька...",2024-06-28,7589768575193170
2029947366458,2024-06-26 17:55:38,ОЛЬга КУЗНЕцова,+7 9275 80 55,4,подПИсКа нА гаЗетУ,3,1795.13,4.87,caNcElled,Нужно уточнить сроки,2024/06/27,9668183335132763
2029947366458,2024-06-26 17:55:38,ОЛЬга КУЗНЕцова,+7 9275 80 55,1,корМ ДЛЯ собаК,5,2344.94,155.06,CanCELLed,Нужно уточнить сроки,2024/06/27,9668183335132763
2029947365138,03.06.2024 04:30,оЛьга кузНеЦОВа,+7(9360)56-42,3,АмуницИЯ длЯ сОБАк,2,2031.46,368.54,proCESSing,Проверить наличие,2024/06/02,4048630458443828
2029947364947,09.06.2024 09:16,АНнА сМиРНОвА,+7 9438 62 65,1,КОрМ ДЛя сОбаК,1,423.05,76.95,COmplETED,подарок вовремя,03.06.2024,9754454149244694
2029947364947,09.06.2024 09:16,АНнА сМиРНОвА,+7 9438 62 65,3,аМУНИциЯ Для СобаК,1,1152.79,47.21,COMpLeTeD,подарок вовремя,03.06.2024,9754454149244694
2029947364947,09.06.2024 09:16,АНнА сМиРНОвА,+7 9438 62 65,5,Молоко,5,14553.62,446.38,COmPleted,подарок вовремя,03.06.2024,9754454149244694
2029947364947,09.06.2024 09:16,АНнА сМиРНОвА,+7 9438 62 65,1,КОрм ДлЯ СОБаК,4,1656.53,343.47,cOmplETeD,подарок вовремя,03.06.2024,9754454149244694
2029947363253,09.06.2024 01:38,АнНа сМИРНоВА,8(9898) 98-93,1,КоРМ ДЛЯ СОбаК,4,1777.93,222.07,COmpLeted,спасибо за заказ,2024/06/14,8437938185335021
2029947363253,09.06.2024 01:38,АнНа сМИРНоВА,8(9898) 98-93,4,подПИскА нА гАзету,4,2137.99,262.01,CompLeTED,спасибо за заказ,2024/06/14,8437938185335021
2029947363253,09.06.2024 01:38,АнНа сМИРНоВА,8(9898) 98-93,1,КОрМ длЯ сОбАк,5,2464.34,35.66,coMPletEd,спасибо за заказ,2024/06/14,8437938185335021
2029947362418,04.06.2024 16:28,анна смирнОВА,+7(9463)20-07,2,игРуШкА мЯч,2,519.03,80.97,PrOcessiNG,Проверить наличие,2024/06/26,1140264093048052
2029947362418,04.06.2024 16:28,анна смирнОВА,+7(9463)20-07,1,кОрм ДЛЯ сОБАк,1,488.37,11.63,PROcESsinG,Проверить наличие,2024/06/26,1140264093048052
2029947361985,2024/06/12 13:18:00,еЛенА ноВиКовА,+7(9057)82-47,2,игРушкА МЯЧ,3,803.57,96.43,PrOcessInG,Нужно уточнить сроки,2024-06-01,0811852427112709
2029947361985,2024/06/12 13:18:00,еЛенА ноВиКовА,+7(9057)82-47,5,моЛОко,5,14501.34,498.66,PROCesSInG,Нужно уточнить сроки,2024-06-01,0811852427112709
2029947360528,28.06.2024 20:16,Мария ПЕтРоВА,8(9288) 73-09,3,аМуниция для СОбак,2,2357.92,42.08,cANCeLLED,Всё отлично!,2024/06/25,5248436934010231
2029947360528,28.06.2024 20:16,Мария ПЕтРоВА,8(9288) 73-09,1,КоРМ Для собаК,3,1238.33,261.67,cancelled,Всё отлично!,2024/06/25,5248436934010231
2029947360528,28.06.2024 20:16,Мария ПЕтРоВА,8(9288) 73-09,5,МолоКО,4,11491.86,508.14,CaNcEllEd,Всё отлично!,2024/06/25,5248436934010231
2029947359297,27.06.2024 20:00,АННА смИрнОва,+7 9160 49 42,5,молОКО,1,2922.84,77.16,COmPLeTEd,Всё отлично!,2024/06/21,1626700145044348
2029947359297,27.06.2024 20:00,АННА смИрнОва,+7 9160 49 42,2,иГРУшка МяЧ,1,274.53,25.47,cOMPleted,Всё отлично!,2024/06/21,1626700145044348
2029947359297,27.06.2024 20:00,АННА смИрнОва,+7 9160 49 42,5,молоКо,4,9928.63,2071.37,COmpletEd,Всё отлично!,2024/06/21,1626700145044348
2029947359297,27.06.2024 20:00,АННА смИрнОва,+7 9160 49 42,5,молоко,4,9889.85,2110.15,cOmpLeteD,Всё отлично!,2024/06/21,1626700145044348
2029947359297,27.06.2024 20:00,АННА смИрнОва,+7 9160 49 42,5,МоЛОКО,1,2990.52,9.48,cOMpletEd,Всё отлично!,2024/06/21,1626700145044348
2029947358350,17.06.2024 22:37,СеРгЕЙ сИдОрОВ,+7(9316)90-19,5,мОЛокО,1,2858.5,141.5,CaNcelled,"Задержка с доставкой, печалька...",2024-06-27,3010323348803872
2029947358350,17.06.2024 22:37,СеРгЕЙ сИдОрОВ,+7(9316)90-19,2,ИгруШКа мяч,1,251.49,48.51,cancelLEd,"Задержка с доставкой, печалька...",2024-06-27,3010323348803872
2029947358350,17.06.2024 22:37,СеРгЕЙ сИдОрОВ,+7(9316)90-19,5,мОлОКО,1,2825.56,174.44,CAnceLled,"Задержка с доставкой, печалька...",2024-06-27,3010323348803872
2029947358350,17.06.2024 22:37,СеРгЕЙ сИдОрОВ,+7(9316)90-19,1,КоРм ДлЯ СобАК,3,1377.93,122.07,CaNcEllEd,"Задержка с доставкой, печалька...",2024-06-27,3010323348803872
2029947357527,2024/06/07 12:38:42,марИЯ ПЕтрОва,+7 9804 54 81,5,мОЛОкО,4,10463.49,1536.51,CANCELLEd,Всё отлично!,2024-06-27,1657344892336160
2029947356872,2024-06-11 12:35:07,АЛЕксей МиХайЛоВ,+7 9095 94 55,2,игРушкА Мяч,1,266.96,33.04,COmPLETEd,спасибо за заказ,2024/06/01,1586473296914128
2029947355909,2024/06/11 09:53:29,ДМитрИЙ кУЗнЕЦов,+7(9203)86-46,4,пОдпИСКА на гАзЕту,2,1025.96,174.04,PRoCessINg,Ждём с нетерпением!,2024-06-09,0659813487750184
2029947355909,2024/06/11 09:53:29,ДМитрИЙ кУЗнЕЦов,+7(9203)86-46,2,иГРуШка мЯч,1,261.87,38.13,pROCEsSing,Ждём с нетерпением!,2024-06-09,0659813487750184
2029947355909,2024/06/11 09:53:29,ДМитрИЙ кУЗнЕЦов,+7(9203)86-46,5,мОЛОКО,5,12397.27,2602.73,PRocEsSInG,Ждём с нетерпением!,2024-06-09,0659813487750184
2029947355909,2024/06/11 09:53:29,ДМитрИЙ кУЗнЕЦов,+7(9203)86-46,2,игРУШКА мЯч,2,577.76,22.24,prOCESsiNg,Ждём с нетерпением!,2024-06-09,0659813487750184
2029947355909,2024/06/11 09:53:29,ДМитрИЙ кУЗнЕЦов,+7(9203)86-46,3,АмУНИцИя дЛЯ СобАК,1,1115.62,84.38,PROceSsInG,Ждём с нетерпением!,2024-06-09,0659813487750184
2029947354570,18.06.2024 15:50,наталья ВаСилЬева,+7 9134 68 60,3,АМуНицИя дЛЯ СоБАк,3,3175.13,424.87,cANcELled,Нужно уточнить сроки,2024-06-17,5831764712452012
2029947354570,18.06.2024 15:50,наталья ВаСилЬева,+7 9134 68 60,1,Корм ДЛя соБаК,2,939.72,60.28,cAncElLED,Нужно уточнить сроки,2024-06-17,5831764712452012
2029947354570,18.06.2024 15:50,наталья ВаСилЬева,+7 9134 68 60,3,аМУницИЯ дЛя сОБАк,3,2880.44,719.56,cancELled,Нужно уточнить сроки,2024-06-17,5831764712452012
2029947354570,18.06.2024 15:50,наталья ВаСилЬева,+7 9134 68 60,4,пОдпиСкА на ГАЗеТу,1,564.83,35.17,canCEllEd,Нужно уточнить сроки,2024-06-17,5831764712452012
2029947353276,26.06.2024 19:23,сеРгей сИДоРов,+7 9384 89 09,4,пОдпИсКА нА ГАЗЕту,4,1973.88,426.12,PROCeSsInG,Проверить наличие,2024/06/01,2227667666149159
2029947353276,26.06.2024 19:23,сеРгей сИДоРов,+7 9384 89 09,2,ИгРУшКа мяЧ,3,770.78,129.22,pROCesSiNG,Проверить наличие,2024/06/01,2227667666149159
2029947353276,26.06.2024 19:23,сеРгей сИДоРов,+7 9384 89 09,1,КоРм длЯ соБАК,5,2025.11,474.89,procESsiNg,Проверить наличие,2024/06/01,2227667666149159
2029947352960,2024/06/10 12:59:14,дмиТРиЙ кузНЕЦоВ,+7(9994)53-05,1,кОрм длЯ сОбАК,3,1324.58,175.42,cOMPleTED,"Задержка с доставкой, печалька...",2024/06/15,7689599874363415
2029947352960,2024/06/10 12:59:14,дмиТРиЙ кузНЕЦоВ,+7(9994)53-05,1,КорМ для СобАК,3,1476.38,23.62,cOmpLeTed,"Задержка с доставкой, печалька...",2024/06/15,7689599874363415
2029947351372,2024/06/17 13:37:16,ИвАН ИвАНов,8(9455) 51-01,3,аМУНициЯ дЛЯ СОБаК,3,3170.16,429.84,cOmPleted,Всё отлично!,2024-06-27,0596793839633701
2029947351372,2024/06/17 13:37:16,ИвАН ИвАНов,8(9455) 51-01,5,МОлОКо,1,2884.32,115.68,cOmPleTeD,Всё отлично!,2024-06-27,0596793839633701
2029947351372,2024/06/17 13:37:16,ИвАН ИвАНов,8(9455) 51-01,3,АМУнИциЯ дЛЯ СобаК,2,2209.52,190.48,COMpLeteD,Всё отлично!,2024-06-27,0596793839633701
2029947351372,2024/06/17 13:37:16,ИвАН ИвАНов,8(9455) 51-01,5,МолоКо,4,10193.66,1806.34,COmpletED,Всё отлично!,2024-06-27,0596793839633701
2029947350187,2024-06-05 02:09:11,Елена НОВИКОвА,8(9331) 29-21,3,аМУнИЦиЯ дЛя сОБАК,3,3192.6,407.4,PROcESSING,спасибо за заказ,12.06.2024,4707261994083940
2029947349731,11.06.2024 06:33,мИхаИл орлоВ,+7(9455)36-23,3,АмуНицИЯ дЛЯ соБаК,4,4529.75,270.25,pROcEssING,подарок вовремя,30.06.2024,4935001153284134
2029947349731,11.06.2024 06:33,мИхаИл орлоВ,+7(9455)36-23,1,кОрм дЛя сОбак,5,2396.32,103.68,PROCESSIng,подарок вовремя,30.06.2024,4935001153284134
2029947348337,2024/06/02 13:19:50,МИхаил оРлов,+7(9440)98-08,5,МОЛОКО,1,2749.67,250.33,caNcelleD,Проверить наличие,12.06.2024,1482343914275034
2029947347963,2024/06/13 16:54:56,елЕнА новИкОВа,+7 9741 38 52,4,пОДписКа на ГазетУ,1,567.54,32.46,pROCessING,Нужно уточнить сроки,2024/06/02,0723169867849145
2029947347963,2024/06/13 16:54:56,елЕнА новИкОВа,+7 9741 38 52,3,аМУнИция ДлЯ СОбАК,5,5341.99,658.01,proCEsSING,Нужно уточнить сроки,2024/06/02,0723169867849145
2029947347963,2024/06/13 16:54:56,елЕнА новИкОВа,+7 9741 38 52,1,кОрм ДЛЯ соБак,3,1298.98,201.02,PRoCESSINg,Нужно уточнить сроки,2024/06/02,0723169867849145
2029947347963,2024/06/13 16:54:56,елЕнА новИкОВа,+7 9741 38 52,5,мОлоКо,4,9717.34,2282.66,pROCESSiNG,Нужно уточнить сроки,2024/06/02,0723169867849145
2029947347963,2024/06/13 16:54:56,елЕнА новИкОВа,+7 9741 38 52,3,аМуНИЦИя дЛя СОбак,2,2080.39,319.61,prOCeSsINg,Нужно уточнить сроки,2024/06/02,0723169867849145
2029947346160,2024-06-19 06:14:27,МаРиЯ ПЕтРОвА,+7(9294)49-99,5,моЛоко,1,2592.57,407.43,procEssIng,Проверить наличие,2024/06/12,3972299382261294
2029947346160,2024-06-19 06:14:27,МаРиЯ ПЕтРОвА,+7(9294)49-99,4,ПОдписКА на гаЗеТу,2,1197.64,2.36,pRocESSING,Проверить наличие,2024/06/12,3972299382261294
2029947346160,2024-06-19 06:14:27,МаРиЯ ПЕтРОвА,+7(9294)49-99,2,игруШКА МЯЧ,5,1414.87,85.13,ProcEssiNg,Проверить наличие,2024/06/12,3972299382261294
2029947346160,2024-06-19 06:14:27,МаРиЯ ПЕтРОвА,+7(9294)49-99,2,иГрушкА мЯч,2,569.21,30.79,ProcESSInG,Проверить наличие,2024/06/12,3972299382261294
2029947346160,2024-06-19 06:14:27,МаРиЯ ПЕтРОвА,+7(9294)49-99,2,ИгРУШКа мЯч,2,486.81,113.19,proCesSIng,Проверить наличие,2024/06/12,3972299382261294
2029947345118,2024-06-30 03:48:42,АЛЕксеЙ миХаЙЛОВ,+7 9537 36 84,5,мОлОкО,4,10623.86,1376.14,PROCesSIng,Проверить наличие,2024/06/07,8932106833386675
2029947345118,2024-06-30 03:48:42,АЛЕксеЙ миХаЙЛОВ,+7 9537 36 84,4,пОдпИска На ГАзеТу,3,1533.31,266.69,pRoceSsIng,Проверить наличие,2024/06/07,8932106833386675
2029947345118,2024-06-30 03:48:42,АЛЕксеЙ миХаЙЛОВ,+7 9537 36 84,1,КОрм длЯ СоБаК,3,1404.35,95.65,pRoCessiNG,Проверить наличие,2024/06/07,8932106833386675
2029947344160,2024/06/07 08:53:42,ЕЛенА ноВиКовА,8(9131) 45-49,4,подписКА нА ГаЗЕТУ,5,2880.11,119.89,ComPLEtEd,Проверить наличие,2024/06/05,9415378743019567
2029947343518,17.06.2024 19:19,ДМиТРиЙ КуЗнецОв,8(9686) 78-34,3,амУНИЦИЯ длЯ СобаК,2,2145.77,254.23,pROCEsSIng,Всё отлично!,2024-06-21,8822652213484861
2029947343518,17.06.2024 19:19,ДМиТРиЙ КуЗнецОв,8(9686) 78-34,4,пОДПИСКА нА газЕту,1,578.15,21.85,ProCeSsING,Всё отлично!,2024-06-21,8822652213484861
2029947343518,17.06.2024 19:19,ДМиТРиЙ КуЗнецОв,8(9686) 78-34,5,моЛокО,4,10596.62,1403.38,PRoCeSSinG,Всё отлично!,2024-06-21,8822652213484861
2029947343518,17.06.2024 19:19,ДМиТРиЙ КуЗнецОв,8(9686) 78-34,4,ПОдПИскА НА гАзЕТу,3,1575.19,224.81,ProCessiNG,Всё отлично!,2024-06-21,8822652213484861
2029947342411,2024/06/16 09:21:16,ИВАН ивАНОв,8(9899) 69-76,3,АмунИЦИя ДЛЯ СОБак,1,1034.81,165.19,CaNceLLeD,Проверить наличие,2024-06-15,7230004417002299
2029947341467,02.06.2024 08:16,сЕрГеЙ СИдороВ,8(9512) 45-63,5,моЛокО,2,5642.8,357.2,complEteD,Нужно уточнить сроки,2024-06-08,6942806447317234
2029947341467,02.06.2024 08:16,сЕрГеЙ СИдороВ,8(9512) 45-63,5,мОлоко,4,10851.45,1148.55,CompletED,Нужно уточнить сроки,2024-06-08,6942806447317234
2029947341467,02.06.2024 08:16,сЕрГеЙ СИдороВ,8(9512) 45-63,1,КОрм длЯ СОБак,4,1693.51,306.49,CoMplETED,Нужно уточнить сроки,2024-06-08,6942806447317234
2029947341467,02.06.2024 08:16,сЕрГеЙ СИдороВ,8(9512) 45-63,3,Амуниция Для собаК,5,5944.59,55.41,CompletEd,Нужно уточнить сроки,2024-06-08,6942806447317234
2029947341467,02.06.2024 08:16,сЕрГеЙ СИдороВ,8(9512) 45-63,1,КоРМ для СОБак,1,462.96,37.04,CompLeTED,Нужно уточнить сроки,2024-06-08,6942806447317234
2029947340370,2024-06-05 07:32:29,иВаН ИвАнОв,8(9755) 96-07,5,МоЛОкО,1,2517.44,482.56,CancElLED,Ждём с нетерпением!,2024/06/27,2938087666470741
2029947339296,2024/06/09 16:10:48,ДМиТрИй КУзНЕЦов,+7(9430)85-21,1,КОРм длЯ СобАк,2,930.25,69.75,COmPLETED,Ждём с нетерпением!,2024/06/05,9307203058711469
2029947339296,2024/06/09 16:10:48,ДМиТрИй КУзНЕЦов,+7(9430)85-21,5,МОлоКО,3,7370.23,1629.77,compLEtED,Ждём с нетерпением!,2024/06/05,9307203058711469
2029947338915,2024-06-25 14:51:45,нАТАЛЬЯ ВаСиЛьЕва,+7 9438 34 23,5,молоко,5,13953.35,1046.65,cAnCelLED,Ждём с нетерпением!,2024-06-07,3044633502410361
2029947338915,2024-06-25 14:51:45,нАТАЛЬЯ ВаСиЛьЕва,+7 9438 34 23,5,мОлокО,5,13442.73,1557.27,cancELLEd,Ждём с нетерпением!,2024-06-07,3044633502410361
2029947338915,2024-06-25 14:51:45,нАТАЛЬЯ ВаСиЛьЕва,+7 9438 34 23,1,КОрМ для соБАК,3,1358.04,141.96,CAncELled,Ждём с нетерпением!,2024-06-07,3044633502410361
2029947338915,2024-06-25 14:51:45,нАТАЛЬЯ ВаСиЛьЕва,+7 9438 34 23,2,ИГРУШКА МЯЧ,4,1187.84,12.16,caNcEllEd,Ждём с нетерпением!,2024-06-07,3044633502410361
2029947338915,2024-06-25 14:51:45,нАТАЛЬЯ ВаСиЛьЕва,+7 9438 34 23,4,ПОДпиСКа нА ГаЗеТу,3,1784.52,15.48,cAncElLed,Ждём с нетерпением!,2024-06-07,3044633502410361
2029947337775,2024-06-02 07:32:30,мАРиЯ петрОВА,8(9864) 33-74,4,ПоДПИСка на газеТу,1,498.2,101.8,CaNcelLed,Ждём с нетерпением!,07.06.2024,6725449126127093
2029947337775,2024-06-02 07:32:30,мАРиЯ петрОВА,8(9864) 33-74,1,кОрМ ДЛя Собак,2,824.42,175.58,CanCeLlED,Ждём с нетерпением!,07.06.2024,6725449126127093
2029947337775,2024-06-02 07:32:30,мАРиЯ петрОВА,8(9864) 33-74,5,МолОко,2,5152.67,847.33,caNcellEd,Ждём с нетерпением!,07.06.2024,6725449126127093
2029947337775,2024-06-02 07:32:30,мАРиЯ петрОВА,8(9864) 33-74,4,пОДПисКА на гАЗЕТу,5,2668.26,331.74,canCEllEd,Ждём с нетерпением!,07.06.2024,6725449126127093
2029947336479,03.06.2024 18:49,иВан иваноВ,+7(9609)28-98,2,ИгРУШка МЯч,1,270.43,29.57,cOMPletEd,подарок вовремя,2024/06/14,6981132797840713
2029947336479,03.06.2024 18:49,иВан иваноВ,+7(9609)28-98,3,аМуНИЦиЯ дЛЯ СобАк,2,2350.25,49.75,COmplEteD,подарок вовремя,2024/06/14,6981132797840713
2029947336479,03.06.2024 18:49,иВан иваноВ,+7(9609)28-98,3,АМУниЦиЯ Для сОБАк,2,2285.75,114.25,CompletED,подарок вовремя,2024/06/14,6981132797840713
2029947336479,03.06.2024 18:49,иВан иваноВ,+7(9609)28-98,5,МоЛОКО,2,5609.77,390.23,comPlETeD,подарок вовремя,2024/06/14,6981132797840713
2029947336479,03.06.2024 18:49,иВан иваноВ,+7(9609)28-98,3,АМунИция дЛЯ сОбак,4,4161.24,638.76,coMplEtEd,подарок вовремя,2024/06/14,6981132797840713
2029947335963,2024/06/15 08:11:24,иВан иВАнов,+7(9413)32-32,4,подпИска НА ГазЕтУ,1,512.23,87.77,CanCeLLED,подарок вовремя,2024-06-11,2116153594133576
2029947335963,2024/06/15 08:11:24,иВан иВАнов,+7(9413)32-32,1,корМ ДЛя СобаК,3,1272.13,227.87,CaNceLLED,подарок вовремя,2024-06-11,2116153594133576
2029947335963,2024/06/15 08:11:24,иВан иВАнов,+7(9413)32-32,4,подпИсКа НА ГАЗету,1,547.29,52.71,cancellEd,подарок вовремя,2024-06-11,2116153594133576
2029947335963,2024/06/15 08:11:24,иВан иВАнов,+7(9413)32-32,5,мОЛоко,2,5537.4,462.6,CancEllEd,подарок вовремя,2024-06-11,2116153594133576
2029947335963,2024/06/15 08:11:24,иВан иВАнов,+7(9413)32-32,4,ПодпИскА НА гаЗеТу,5,2601.18,398.82,canCElLED,подарок вовремя,2024-06-11,2116153594133576
2029947334737,2024/06/01 02:55:02,елЕна НОВикоВА,+7(9167)90-68,3,АМУниЦия ДЛЯ Собак,3,3421.12,178.88,Completed,"Задержка с доставкой, печалька...",2024/06/06,0607548746121392
2029947333334,01.06.2024 03:15,СЕРГЕЙ СидОРов,8(9654) 76-82,4,пОдПиСКа на гАЗеТу,3,1531.73,268.27,PrOcEsSIng,Ждём с нетерпением!,2024-06-07,6504342034212445
2029947333334,01.06.2024 03:15,СЕРГЕЙ СидОРов,8(9654) 76-82,5,молоКО,2,4830.12,1169.88,PROCeSSing,Ждём с нетерпением!,2024-06-07,6504342034212445
2029947332286,2024/06/08 15:31:48,СеРГЕй сиДОРОв,8(9637) 85-21,3,АмУНицИя для сОбАК,4,4324.46,475.54,CanCeLlEd,"Задержка с доставкой, печалька...",20.06.2024,9964477358911640
2029947332286,2024/06/08 15:31:48,СеРГЕй сиДОРОв,8(9637) 85-21,3,АмуНиЦИя Для сОБаК,4,4602.87,197.13,caNcELLEd,"Задержка с доставкой, печалька...",20.06.2024,9964477358911640
2029947331386,19.06.2024 14:06,анНА СМиРНОвА,+7(9508)77-19,4,ПоДПИСКа нА гАзеТу,1,559.76,40.24,cOmpLeTed,подарок вовремя,2024/06/21,9534456637506989
2029947331386,19.06.2024 14:06,анНА СМиРНОвА,+7(9508)77-19,5,МоЛОКо,4,11412.88,587.12,COmpLETED,подарок вовремя,2024/06/21,9534456637506989
2029947331386,19.06.2024 14:06,анНА СМиРНОвА,+7(9508)77-19,4,пОДписКА на гАзету,1,552.2,47.8,cOmpLEteD,подарок вовремя,2024/06/21,9534456637506989
2029947331386,19.06.2024 14:06,анНА СМиРНОвА,+7(9508)77-19,3,аМУнИЦИя ДлЯ СоБАК,3,3509.09,90.91,CoMpLeteD,подарок вовремя,2024/06/21,9534456637506989
2029947330702,2024-06-30 01:51:57,МарИЯ пЕТрОВа,+7 9679 72 84,1,корм Для СобАК,2,994.05,5.95,pRocessinG,Ждём с нетерпением!,20.06.2024,7023257802197331
2029947330702,2024-06-30 01:51:57,МарИЯ пЕТрОВа,+7 9679 72 84,3,АмУНИЦия для СОбАК,3,3332.21,267.79,proCEssIng,Ждём с нетерпением!,20.06.2024,7023257802197331
2029947330702,2024-06-30 01:51:57,МарИЯ пЕТрОВа,+7 9679 72 84,4,пОДПиСКа на ГАЗеТУ,2,1144.26,55.74,pRoCEssiNg,Ждём с нетерпением!,20.06.2024,7023257802197331
2029947330702,2024-06-30 01:51:57,МарИЯ пЕТрОВа,+7 9679 72 84,1,КОРМ Для собАК,3,1424.77,75.23,ProceSSiNg,Ждём с нетерпением!,20.06.2024,7023257802197331
2029947329703,05.06.2024 13:30,НАТАлЬЯ ВаСИльеВА,+7 9461 36 76,5,мОЛОко,1,2981.22,18.78,ComPlEtED,спасибо за заказ,2024/06/03,7296481632733219
2029947328970,2024/06/22 03:15:42,михаил оРЛОВ,+7(9012)02-96,2,ИГРУШка Мяч,2,576.91,23.09,CaNcElleD,Проверить наличие,02.06.2024,9494984999682093
2029947327465,2024-06-03 20:06:29,дмИТрий кУзНеЦов,+7 9005 91 43,2,иГРУШКа МяЧ,2,557.37,42.63,canCeLled,Ждём с нетерпением!,2024-06-08,2808557801855194
2029947327465,2024-06-03 20:06:29,дмИТрий кУзНеЦов,+7 9005 91 43,2,иГРуШКа МЯч,1,297.99,2.01,cANceLLeD,Ждём с нетерпением!,2024-06-08,2808557801855194
2029947327465,2024-06-03 20:06:29,дмИТрий кУзНеЦов,+7 9005 91 43,5,МоЛОКо,4,9925.29,2074.71,cANCeLleD,Ждём с нетерпением!,2024-06-08,2808557801855194
2029947327465,2024-06-03 20:06:29,дмИТрий кУзНеЦов,+7 9005 91 43,4,подПиска НА газеТу,1,547.55,52.45,CanCEllED,Ждём с нетерпением!,2024-06-08,2808557801855194
2029947327465,2024-06-03 20:06:29,дмИТрий кУзНеЦов,+7 9005 91 43,1,КОРм ДЛЯ сОбаК,1,401.33,98.67,cANCElLeD,Ждём с нетерпением!,2024-06-08,2808557801855194
2029947326619,2024-06-26 00:54:46,МИхаИл оРлОв,+7 9105 98 48,2,игрушкА мяЧ,4,1027.47,172.53,cAncELled,Ждём с нетерпением!,2024-06-14,5735600711670826
2029947326619,2024-06-26 00:54:46,МИхаИл оРлОв,+7 9105 98 48,2,игрУШкА МяЧ,5,1307.73,192.27,cAncelLed,Ждём с нетерпением!,2024-06-14,5735600711670826
2029947326619,2024-06-26 00:54:46,МИхаИл оРлОв,+7 9105 98 48,3,аМУниЦиЯ ДЛя СоБАК,4,4222.45,577.55,CAnceLLeD,Ждём с нетерпением!,2024-06-14,5735600711670826
2029947326619,2024-06-26 00:54:46,МИхаИл оРлОв,+7 9105 98 48,1,Корм ДЛЯ сОбАК,3,1280.75,219.25,cAnCElled,Ждём с нетерпением!,2024-06-14,5735600711670826
2029947326619,2024-06-26 00:54:46,МИхаИл оРлОв,+7 9105 98 48,1,коРм Для СОБАк,2,818.13,181.87,cAnCelLED,Ждём с нетерпением!,2024-06-14,5735600711670826
2029947325794,2024/06/17 01:04:15,ДМИТРий кУзнЕЦов,+7(9125)04-38,5,МоЛОКо,4,11973.57,26.43,CANcElleD,Ждём с нетерпением!,19.06.2024,0653979433300882
2029947325794,2024/06/17 01:04:15,ДМИТРий кУзнЕЦов,+7(9125)04-38,1,КОРм ДЛя СОбАК,4,1686.46,313.54,CAncelLED,Ждём с нетерпением!,19.06.2024,0653979433300882
2029947325794,2024/06/17 01:04:15,ДМИТРий кУзнЕЦов,+7(9125)04-38,4,Подписка нА ГаЗЕту,4,2343.14,56.86,cANCELled,Ждём с нетерпением!,19.06.2024,0653979433300882
2029947325794,2024/06/17 01:04:15,ДМИТРий кУзнЕЦов,+7(9125)04-38,3,аМунИЦиЯ ДЛЯ СоБаК,5,5107.9,892.1,cancELlED,Ждём с нетерпением!,19.06.2024,0653979433300882
2029947325794,2024/06/17 01:04:15,ДМИТРий кУзнЕЦов,+7(9125)04-38,4,ПоДпИСка НА ГазетУ,4,2348.86,51.14,CanceLLed,Ждём с нетерпением!,19.06.2024,0653979433300882
2029947324429,2024/06/17 15:07:11,ЕЛенА нОВикОВа,+7 9900 57 76,4,ПоДпИска на ГАзеТу,4,2128.51,271.49,pROcESSing,Ждём с нетерпением!,25.06.2024,0257182431829671
2029947324429,2024/06/17 15:07:11,ЕЛенА нОВикОВа,+7 9900 57 76,1,КОрМ для СоБаК,5,2214.42,285.58,PRoceSSiNG,Ждём с нетерпением!,25.06.2024,0257182431829671
2029947323416,2024-06-11 16:17:15,еЛЕна НоВиКОва,8(9760) 36-82,1,КОРМ Для сОБАк,2,822.92,177.08,canCELled,Проверить наличие,2024-06-23,1048769892991285
2029947323416,2024-06-11 16:17:15,еЛЕна НоВиКОва,8(9760) 36-82,2,игрУшкА Мяч,5,1373.58,126.42,CAnCelLed,Проверить наличие,2024-06-23,1048769892991285
2029947323416,2024-06-11 16:17:15,еЛЕна НоВиКОва,8(9760) 36-82,4,ПОдпИска НА газеТУ,3,1547.71,252.29,CANCELLeD,Проверить наличие,2024-06-23,1048769892991285
2029947323416,2024-06-11 16:17:15,еЛЕна НоВиКОва,8(9760) 36-82,2,иГруШка МЯч,4,1141.75,58.25,cANCelled,Проверить наличие,2024-06-23,1048769892991285
2029947323416,2024-06-11 16:17:15,еЛЕна НоВиКОва,8(9760) 36-82,2,ИГРуШКа МЯЧ,1,266.97,33.03,canCElLEd,Проверить наличие,2024-06-23,1048769892991285
2029947322214,20.06.2024 10:21,наТАлЬя ваСИЛЬеВа,+7(9157)00-85,3,АМУНИЦИЯ ДЛЯ сОбАК,3,3123.16,476.84,COmPleTeD,спасибо за заказ,10.06.2024,4778423344911791
2029947322214,20.06.2024 10:21,наТАлЬя ваСИЛЬеВа,+7(9157)00-85,3,АмУНиЦиЯ ДЛЯ соБаК,5,5860.18,139.82,complETed,спасибо за заказ,10.06.2024,4778423344911791
2029947322214,20.06.2024 10:21,наТАлЬя ваСИЛЬеВа,+7(9157)00-85,5,моЛОКо,4,10248.62,1751.38,COmPleted,спасибо за заказ,10.06.2024,4778423344911791
2029947322214,20.06.2024 10:21,наТАлЬя ваСИЛЬеВа,+7(9157)00-85,2,ИгрУшКа мяЧ,2,494.05,105.95,COMpLETED,спасибо за заказ,10.06.2024,4778423344911791
2029947322214,20.06.2024 10:21,наТАлЬя ваСИЛЬеВа,+7(9157)00-85,3,аМуниция ДЛя СОбАк,4,4549.09,250.91,compleTEd,спасибо за заказ,10.06.2024,4778423344911791
2029947321423,2024-06-20 09:46:15,сеРГеЙ сидоРОв,+7(9574)61-83,1,корм дЛя СОБАк,2,880.26,119.74,CaNCelLEd,"Задержка с доставкой, печалька...",2024-06-02,1554680072053180
2029947320125,2024-06-28 21:21:36,елеНА НОВИкОвА,+7 9131 87 90,1,коРм ДЛя СоБаК,5,2265.05,234.95,cOMplETEd,Проверить наличие,2024-06-01,8477523186759830
2029947320125,2024-06-28 21:21:36,елеНА НОВИкОвА,+7 9131 87 90,3,АМУницИя длЯ СОбАк,5,5946.83,53.17,ComPletEd,Проверить наличие,2024-06-01,8477523186759830
2029947319424,2024/06/24 01:30:05,АлЕкСЕй мИХАйЛов,+7(9044)04-60,4,ПодПиска нА ГАЗЕТу,5,2742.82,257.18,CoMPlETEd,подарок вовремя,21.06.2024,2649209175154234
2029947318696,02.06.2024 10:11,алексЕЙ михаЙЛоВ,+7 9858 42 80,3,АмУНИциЯ дЛя собАк,4,4664.47,135.53,PROCESSing,подарок вовремя,2024/06/23,7734053279652918
2029947318696,02.06.2024 10:11,алексЕЙ михаЙЛоВ,+7 9858 42 80,3,амуНиЦиЯ для собаК,3,3089.47,510.53,pROCESSING,подарок вовремя,2024/06/23,7734053279652918
2029947317134,26.06.2024 16:06,Елена НОвИКОВа,8(9420) 90-78,5,МОЛОКО,2,5589.13,410.87,cAnCElLED,Проверить наличие,2024-06-28,0640380037332967
2029947317134,26.06.2024 16:06,Елена НОвИКОВа,8(9420) 90-78,2,ИГруШКа мяч,3,864.11,35.89,CANCEllED,Проверить наличие,2024-06-28,0640380037332967
2029947316909,2024/06/15 05:23:04,АлеКсеЙ МИХаЙлОв,+7 9013 12 89,2,ИГРушкА МЯч,4,1028.6,171.4,COMpLeTed,"Задержка с доставкой, печалька...",2024-06-23,6324689011485288
2029947316909,2024/06/15 05:23:04,АлеКсеЙ МИХаЙлОв,+7 9013 12 89,1,корм ДЛя сОБак,4,1661.36,338.64,CoMPLETeD,"Задержка с доставкой, печалька...",2024-06-23,6324689011485288
2029947316909,2024/06/15 05:23:04,АлеКсеЙ МИХаЙлОв,+7 9013 12 89,3,аМунИЦИя длЯ собаК,3,2963.52,636.48,ComPLETEd,"Задержка с доставкой, печалька...",2024-06-23,6324689011485288
2029947316909,2024/06/15 05:23:04,АлеКсеЙ МИХаЙлОв,+7 9013 12 89,1,корМ длЯ СОбаК,2,984.66,15.34,comPlEtEd,"Задержка с доставкой, печалька...",2024-06-23,6324689011485288
2029947316909,2024/06/15 05:23:04,АлеКсеЙ МИХаЙлОв,+7 9013 12 89,5,МоЛоко,4,11990.81,9.19,ComPleteD,"Задержка с доставкой, печалька...",2024-06-23,6324689011485288
2029947315614,2024/06/07 18:06:10,сЕРГеЙ сиДоРоВ,+7 9486 79 98,4,подпИСкА На ГАзеТу,2,1198.23,1.77,cOmPLETed,Проверить наличие,22.06.2024,9190125032038968
2029947314894,2024-06-23 01:23:18,анна СмирнОВа,8(9631) 90-93,2,ИгруШКа мяч,4,1085.51,114.49,PrOcESsIng,Проверить наличие,07.06.2024,6302019816360284
2029947314894,2024-06-23 01:23:18,анна СмирнОВа,8(9631) 90-93,4,ПоДПисКА На ГАЗетУ,5,2870.82,129.18,PrOcESSING,Проверить наличие,07.06.2024,6302019816360284
2029947314894,2024-06-23 01:23:18,анна СмирнОВа,8(9631) 90-93,1,корм ДлЯ сОбак,2,950.51,49.49,pROCEsSING,Проверить наличие,07.06.2024,6302019816360284
2029947314894,2024-06-23 01:23:18,анна СмирнОВа,8(9631) 90-93,3,амУНициЯ дЛя соБак,5,5425.66,574.34,ProcESsInG,Проверить наличие,07.06.2024,6302019816360284
2029947313791,2024/06/07 15:15:40,МАРиЯ пЕТРова,8(9219) 68-04,3,аМУницИя дЛя Собак,1,1148.01,51.99,ComplETeD,спасибо за заказ,2024/06/23,7390960775970955
2029947313791,2024/06/07 15:15:40,МАРиЯ пЕТРова,8(9219) 68-04,4,пОдПИСКа На газЕТу,3,1710.89,89.11,CoMPlETEd,спасибо за заказ,2024/06/23,7390960775970955
2029947313791,2024/06/07 15:15:40,МАРиЯ пЕТРова,8(9219) 68-04,2,игрУШка мяЧ,2,538.06,61.94,compLETeD,спасибо за заказ,2024/06/23,7390960775970955
2029947312135,29.06.2024 17:41,Иван иВаноВ,+7(9428)18-77,3,АМуНиЦия Для соБаК,4,4138.98,661.02,pRoCesSIng,Ждём с нетерпением!,03.06.2024,5795367230987842
2029947312135,29.06.2024 17:41,Иван иВаноВ,+7(9428)18-77,4,ПоДпИСКА нА ГАЗЕТУ,5,2883.17,116.83,PROcESSING,Ждём с нетерпением!,03.06.2024,5795367230987842
2029947311335,2024/06/10 22:19:27,АНна СМИРнОВа,+7(9059)35-84,5,мОЛоКО,2,5037.01,962.99,cOMPLetEd,Ждём с нетерпением!,2024/06/02,7267123337357029
2029947311335,2024/06/10 22:19:27,АНна СМИРнОВа,+7(9059)35-84,5,МОлОКо,4,11149.84,850.16,cOMpLeteD,Ждём с нетерпением!,2024/06/02,7267123337357029
2029947311335,2024/06/10 22:19:27,АНна СМИРнОВа,+7(9059)35-84,1,коРМ ДлЯ СОбаК,1,464.11,35.89,comPLEtEd,Ждём с нетерпением!,2024/06/02,7267123337357029
2029947310694,2024-06-10 10:00:42,ЕЛЕна НОвиковА,+7 9348 45 72,1,кОрМ ДлЯ СоБаК,4,1808.56,191.44,ProCEsSING,Нужно уточнить сроки,01.06.2024,0630665395865506
2029947310694,2024-06-10 10:00:42,ЕЛЕна НОвиковА,+7 9348 45 72,2,ИгРУшка МяЧ,5,1442.5,57.5,PRoceSSIng,Нужно уточнить сроки,01.06.2024,0630665395865506
2029947309403,21.06.2024 05:12,иВаН ИВАнов,8(9796) 58-87,4,ПОдПиСка нА ГаЗеТУ,2,965.91,234.09,CanCELLed,Ждём с нетерпением!,29.06.2024,7790985032507468
2029947309403,21.06.2024 05:12,иВаН ИВАнов,8(9796) 58-87,4,поДпиСка НА ГАзету,5,2822.1,177.9,CaNceLLed,Ждём с нетерпением!,29.06.2024,7790985032507468
2029947309403,21.06.2024 05:12,иВаН ИВАнов,8(9796) 58-87,1,Корм ДЛЯ СОбАК,5,2373.74,126.26,CaNcELled,Ждём с нетерпением!,29.06.2024,7790985032507468
2029947308882,23.06.2024 07:01,АНнА смИрнОвА,8(9256) 26-82,1,кОрм ДЛя СОБак,3,1471.04,28.96,canCElleD,"Задержка с доставкой, печалька...",2024-06-22,5303073292823900
2029947308882,23.06.2024 07:01,АНнА смИрнОвА,8(9256) 26-82,2,игРУШка мяч,1,265.84,34.16,cAnceLLEd,"Задержка с доставкой, печалька...",2024-06-22,5303073292823900
2029947308882,23.06.2024 07:01,АНнА смИрнОвА,8(9256) 26-82,1,КОРМ ДлЯ собаК,1,443.42,56.58,CAnCeLlEd,"Задержка с доставкой, печалька...",2024-06-22,5303073292823900
2029947307498,2024/06/08 21:49:15,еЛЕНа НОвиКОвА,8(9100) 49-83,1,коРМ ДЛя соБак,2,881.91,118.09,comPlETeD,Проверить наличие,2024-06-14,0605981282783089
2029947307498,2024/06/08 21:49:15,еЛЕНа НОвиКОвА,8(9100) 49-83,5,МоЛОко,2,5422.85,577.15,cOmplEteD,Проверить наличие,2024-06-14,0605981282783089
2029947307498,2024/06/08 21:49:15,еЛЕНа НОвиКОвА,8(9100) 49-83,1,КоРМ Для сОБАК,1,457.24,42.76,COmPLeTEd,Проверить наличие,2024-06-14,0605981282783089
2029947306218,2024/06/30 07:16:46,нАТАльЯ ВАСИЛьЕВА,+7 9990 50 24,3,АмуНИЦИя ДЛя соБАк,2,2122.1,277.9,pROCESSiNG,Всё отлично!,29.06.2024,4216162223193644
2029947305992,04.06.2024 07:27,НаТаЛЬЯ ВАсильева,+7 9153 79 37,2,игРУшкА МЯЧ,4,1109.33,90.67,PROcEsSInG,подарок вовремя,2024/06/21,0532707506099443
2029947304921,19.06.2024 08:07,елеНа ноВИКОвА,8(9433) 55-18,2,ИгРУШКА мяч,5,1344.83,155.17,cANCeLled,подарок вовремя,2024/06/30,2345800017286622
2029947304921,19.06.2024 08:07,елеНа ноВИКОвА,8(9433) 55-18,4,пОдПисКА На ГАзЕТу,5,2706.41,293.59,caNCeLleD,подарок вовремя,2024/06/30,2345800017286622
2029947304921,19.06.2024 08:07,елеНа ноВИКОвА,8(9433) 55-18,3,АмуНицИЯ ДлЯ СОБАк,2,2055.2,344.8,CANcElLED,подарок вовремя,2024/06/30,2345800017286622
2029947304921,19.06.2024 08:07,елеНа ноВИКОвА,8(9433) 55-18,3,АмуНицИя ДЛЯ СобАк,4,4019.76,780.24,caNcellEd,подарок вовремя,2024/06/30,2345800017286622
2029947303199,2024/06/14 19:43:31,ДМиТрИЙ КУзНЕцов,+7 9152 80 10,2,ИгРУшкА МяЧ,4,1022.12,177.88,proCesSINg,спасибо за заказ,2024-06-28,5379730975117900
2029947303199,2024/06/14 19:43:31,ДМиТрИЙ КУзНЕцов,+7 9152 80 10,2,игРУШКа МЯЧ,3,728.61,171.39,PROCEssINg,спасибо за заказ,2024-06-28,5379730975117900
2029947303199,2024/06/14 19:43:31,ДМиТрИЙ КУзНЕцов,+7 9152 80 10,4,ПОДПИСКа нА гаЗетУ,3,1788.91,11.09,ProCESSing,спасибо за заказ,2024-06-28,5379730975117900
2029947303199,2024/06/14 19:43:31,ДМиТрИЙ КУзНЕцов,+7 9152 80 10,5,МОлоко,2,5058.6,941.4,pRocEsSinG,спасибо за заказ,2024-06-28,5379730975117900
2029947302783,2024/06/13 21:09:36,АлЕкСЕЙ МиХАйлоВ,+7(9232)97-42,4,поДписка НА ГАЗеТУ,4,2106.24,293.76,prOcESsInG,подарок вовремя,2024-06-16,7064055767768350
2029947302783,2024/06/13 21:09:36,АлЕкСЕЙ МиХАйлоВ,+7(9232)97-42,1,кОРм длЯ собаК,5,2135.28,364.72,ProCEssIng,подарок вовремя,2024-06-16,7064055767768350
2029947302783,2024/06/13 21:09:36,АлЕкСЕЙ МиХАйлоВ,+7(9232)97-42,5,мОЛОКО,1,2696.09,303.91,proceSSinG,подарок вовремя,2024-06-16,7064055767768350
2029947302783,2024/06/13 21:09:36,АлЕкСЕЙ МиХАйлоВ,+7(9232)97-42,5,мОЛоКО,2,5162.16,837.84,prOCesSinG,подарок вовремя,2024-06-16,7064055767768350
2029947301846,19.06.2024 09:03,ЕлЕна НОВИКова,+7(9608)83-96,1,корМ Для СОБак,1,483.36,16.64,comPlETEd,Нужно уточнить сроки,2024/06/08,1139823149213182
2029947301846,19.06.2024 09:03,ЕлЕна НОВИКова,+7(9608)83-96,5,мОлоКо,3,8005.06,994.94,compleTeD,Нужно уточнить сроки,2024/06/08,1139823149213182
2029947300642,2024-06-01 14:00:34,МиХАИЛ ОРЛов,+7 9521 46 93,1,КОрм длЯ соБаК,4,1753.15,246.85,compLEteD,Всё отлично!,07.06.2024,7291334575318501
2029947300642,2024-06-01 14:00:34,МиХАИЛ ОРЛов,+7 9521 46 93,3,амУНИция дЛЯ соБАК,2,2216.16,183.84,cOMpLeTeD,Всё отлично!,07.06.2024,7291334575318501
2029947300642,2024-06-01 14:00:34,МиХАИЛ ОРЛов,+7 9521 46 93,1,кОРм для СОбак,5,2106.35,393.65,cOMpleTeD,Всё отлично!,07.06.2024,7291334575318501
2029947299131,2024/06/10 15:28:46,АННа СмирноВа,8(9961) 29-41,5,мОлокО,4,10119.28,1880.72,cOMPleTeD,Проверить наличие,2024-06-17,7466960215687889
2029947299131,2024/06/10 15:28:46,АННа СмирноВа,8(9961) 29-41,3,АмунИцИЯ дЛЯ СоБАк,2,2233.26,166.74,CoMplEted,Проверить наличие,2024-06-17,7466960215687889
2029947299131,2024/06/10 15:28:46,АННа СмирноВа,8(9961) 29-41,2,ИГруШКа МЯч,4,1163.53,36.47,coMPleTed,Проверить наличие,2024-06-17,7466960215687889
2029947299131,2024/06/10 15:28:46,АННа СмирноВа,8(9961) 29-41,4,ПОДписКа НА ГазЕТу,1,530.3,69.7,CoMpLeTed,Проверить наличие,2024-06-17,7466960215687889
2029947298567,2024/06/02 19:43:28,ДмитРИй КуЗНЕцОВ,+7(9984)05-08,3,АмуНИЦия дЛЯ соБак,4,4298.25,501.75,completed,спасибо за заказ,2024-06-13,5972117372072799
2029947298567,2024/06/02 19:43:28,ДмитРИй КуЗНЕцОВ,+7(9984)05-08,1,корм ДЛя сОбАК,1,470.82,29.18,COMPLETeD,спасибо за заказ,2024-06-13,5972117372072799
2029947298567,2024/06/02 19:43:28,ДмитРИй КуЗНЕцОВ,+7(9984)05-08,1,кОрм ДЛя СоБАк,3,1481.83,18.17,compLETed,спасибо за заказ,2024-06-13,5972117372072799
2029947298567,2024/06/02 19:43:28,ДмитРИй КуЗНЕцОВ,+7(9984)05-08,5,мОлоКо,2,5254.59,745.41,coMPlEted,спасибо за заказ,2024-06-13,5972117372072799
2029947297926,2024/06/20 06:58:46,Елена нОвИкоВА,8(9825) 08-59,4,подпИскА На гАЗету,2,973.96,226.04,prOcEssinG,"Задержка с доставкой, печалька...",2024/06/26,6662127918184225
2029947297926,2024/06/20 06:58:46,Елена нОвИкоВА,8(9825) 08-59,5,мОлоКО,5,12444.8,2555.2,pRocEssiNg,"Задержка с доставкой, печалька...",2024/06/26,6662127918184225
2029947297926,2024/06/20 06:58:46,Елена нОвИкоВА,8(9825) 08-59,3,амУницИЯ Для СОбак,2,2189.82,210.18,pROcESsing,"Задержка с доставкой, печалька...",2024/06/26,6662127918184225
2029947296637,28.06.2024 17:22,натаЛья вАсильЕва,+7(9132)02-59,4,ПоДпИСка НА гАЗеТУ,3,1662.36,137.64,comPLEtEd,Нужно уточнить сроки,2024-06-03,0566372696832741
2029947296637,28.06.2024 17:22,натаЛья вАсильЕва,+7(9132)02-59,4,пОДПисКА На ГаЗЕТу,1,575.65,24.35,coMPLEteD,Нужно уточнить сроки,2024-06-03,0566372696832741
2029947296637,28.06.2024 17:22,натаЛья вАсильЕва,+7(9132)02-59,5,МОЛОкО,3,8732.54,267.46,COMpLEtEd,Нужно уточнить сроки,2024-06-03,0566372696832741
2029947295895,2024-06-25 20:08:06,ДмИтриЙ кУЗНЕЦОв,+7(9285)41-83,3,амУниЦия длЯ соБак,2,1976.37,423.63,ComPLetED,Проверить наличие,2024-06-19,9454851999019937
2029947294318,2024-06-09 07:50:50,АЛЕКсЕЙ МИХАйЛОВ,+7(9517)91-62,3,АМуНИЦИя дЛя собак,3,3574.19,25.81,ProceSSinG,спасибо за заказ,2024-06-04,1508978577791858
2029947294318,2024-06-09 07:50:50,АЛЕКсЕЙ МИХАйЛОВ,+7(9517)91-62,1,коРМ ДлЯ сОбаК,2,976.96,23.04,pROCeSSIng,спасибо за заказ,2024-06-04,1508978577791858
2029947294318,2024-06-09 07:50:50,АЛЕКсЕЙ МИХАйЛОВ,+7(9517)91-62,3,АмунИЦия дЛЯ СоБАк,1,1024.64,175.36,proCeSSINg,спасибо за заказ,2024-06-04,1508978577791858
2029947294318,2024-06-09 07:50:50,АЛЕКсЕЙ МИХАйЛОВ,+7(9517)91-62,3,аМунИцИя ДЛя СОбАК,2,2243.68,156.32,PROceSSING,спасибо за заказ,2024-06-04,1508978577791858
2029947293241,2024-06-10 23:17:32,дМИТРИй кузнЕЦОВ,+7(9317)29-01,2,иГрушКа МЯЧ,1,298.6,1.4,COmPleTED,Проверить наличие,2024/06/30,3939257934343766
2029947293241,2024-06-10 23:17:32,дМИТРИй кузнЕЦОВ,+7(9317)29-01,5,МОЛОКо,4,10568.6,1431.4,comPleteD,Проверить наличие,2024/06/30,3939257934343766
2029947293241,2024-06-10 23:17:32,дМИТРИй кузнЕЦОВ,+7(9317)29-01,3,аМУНициЯ ДЛЯ сОБак,1,977.11,222.89,coMpleTEd,Проверить наличие,2024/06/30,3939257934343766
2029947292191,2024/06/26 10:02:43,алеКСЕЙ миХАЙлОВ,8(9654) 26-02,3,АМУнИЦиЯ дЛЯ сОБаК,4,4369.87,430.13,complEteD,Всё отлично!,2024-06-15,8535329145697084
2029947292191,2024/06/26 10:02:43,алеКСЕЙ миХАЙлОВ,8(9654) 26-02,4,подПИСКА нА ГАзеТУ,1,496.32,103.68,coMPLetEd,Всё отлично!,2024-06-15,8535329145697084
2029947292191,2024/06/26 10:02:43,алеКСЕЙ миХАЙлОВ,8(9654) 26-02,3,АМунИЦия Для соБАК,5,5922.86,77.14,cOmpLeTED,Всё отлично!,2024-06-15,8535329145697084
2029947292191,2024/06/26 10:02:43,алеКСЕЙ миХАЙлОВ,8(9654) 26-02,1,КОРМ дЛя сОБАК,5,2082.17,417.83,COMPLETEd,Всё отлично!,2024-06-15,8535329145697084
2029947292191,2024/06/26 10:02:43,алеКСЕЙ миХАЙлОВ,8(9654) 26-02,5,МОлоКО,4,11605.53,394.47,COMPlEtEd,Всё отлично!,2024-06-15,8535329145697084
2029947291802,2024-06-13 23:07:12,НаТАлья ВАСИльЕВа,+7 9871 89 11,5,МолоКО,1,2910.72,89.28,coMpLETED,Ждём с нетерпением!,08.06.2024,7535476421724465
2029947291802,2024-06-13 23:07:12,НаТАлья ВАСИльЕВа,+7 9871 89 11,1,КорМ для СОБак,4,1860.21,139.79,COMpLetED,Ждём с нетерпением!,08.06.2024,7535476421724465
2029947290431,2024-06-10 13:44:54,МариЯ пЕтроВа,+7(9434)92-06,1,коРМ Для СОбАк,1,474.24,25.76,prOCESSiNg,Ждём с нетерпением!,2024/06/03,5845624701846694
2029947290431,2024-06-10 13:44:54,МариЯ пЕтроВа,+7(9434)92-06,5,мОЛОКо,5,12398.51,2601.49,PrOCeSsING,Ждём с нетерпением!,2024/06/03,5845624701846694
2029947290431,2024-06-10 13:44:54,МариЯ пЕтроВа,+7(9434)92-06,5,МоЛОКО,2,5347.51,652.49,ProCEsSINg,Ждём с нетерпением!,2024/06/03,5845624701846694
2029947290431,2024-06-10 13:44:54,МариЯ пЕтроВа,+7(9434)92-06,1,КОРм Для сОбАК,5,2229.69,270.31,prOCesSINg,Ждём с нетерпением!,2024/06/03,5845624701846694
2029947290431,2024-06-10 13:44:54,МариЯ пЕтроВа,+7(9434)92-06,5,моЛоко,4,10819.44,1180.56,prOCessINg,Ждём с нетерпением!,2024/06/03,5845624701846694
2029947289418,2024/06/15 13:26:00,СЕргей сИдоров,8(9676) 63-99,4,пОдПИсКа НА ГАЗЕТу,5,2604.53,395.47,prOceSsINg,"Задержка с доставкой, печалька...",23.06.2024,2975007480879860
2029947289418,2024/06/15 13:26:00,СЕргей сИдоров,8(9676) 63-99,1,КОРм ДЛя собаК,3,1252.04,247.96,PRoCeSSInG,"Задержка с доставкой, печалька...",23.06.2024,2975007480879860
2029947289418,2024/06/15 13:26:00,СЕргей сИдоров,8(9676) 63-99,1,кОРм дЛЯ СОбАк,2,862.46,137.54,proCEsSinG,"Задержка с доставкой, печалька...",23.06.2024,2975007480879860
2029947289418,2024/06/15 13:26:00,СЕргей сИдоров,8(9676) 63-99,4,ПоДПИСкА НА ГаЗету,3,1462.76,337.24,pROcessInG,"Задержка с доставкой, печалька...",23.06.2024,2975007480879860
2029947289418,2024/06/15 13:26:00,СЕргей сИдоров,8(9676) 63-99,5,МОЛОКО,4,11703.36,296.64,pROceSSInG,"Задержка с доставкой, печалька...",23.06.2024,2975007480879860
2029947288638,2024/06/19 17:35:43,дмИтРиЙ кузНЕЦов,+7(9292)28-26,4,ПОДПискА нА газеТу,2,1174.7,25.3,CAnCElleD,Нужно уточнить сроки,2024/06/21,2338512126343910
2029947287502,2024/06/22 02:08:28,сергЕй СидОРоВ,+7(9519)73-45,4,ПОДПИСКА НА гАЗЕтУ,3,1455.53,344.47,compLeTed,спасибо за заказ,22.06.2024,5623810797818165
2029947287502,2024/06/22 02:08:28,сергЕй СидОРоВ,+7(9519)73-45,2,ИгрУшкА Мяч,1,263.91,36.09,cOmPlETEd,спасибо за заказ,22.06.2024,5623810797818165
2029947287502,2024/06/22 02:08:28,сергЕй СидОРоВ,+7(9519)73-45,5,мОлоКО,3,7898.56,1101.44,cOmpLeTed,спасибо за заказ,22.06.2024,5623810797818165
2029947286729,26.06.2024 17:34,СергЕй сиДОРоВ,+7 9576 16 48,4,пОДПискА НА гАзетУ,2,1085.29,114.71,proCeSsING,подарок вовремя,2024-06-20,8725473575446029
2029947285816,2024/06/05 11:47:25,дМИТРий КУЗНеЦоВ,8(9085) 48-53,1,Корм для СобАк,5,2232.69,267.31,cOmPlEtED,Ждём с нетерпением!,2024-06-27,2556784454365508
2029947285816,2024/06/05 11:47:25,дМИТРий КУЗНеЦоВ,8(9085) 48-53,3,АМУниЦИЯ дЛЯ СоБАк,4,4093.71,706.29,cOMPLeTED,Ждём с нетерпением!,2024-06-27,2556784454365508
2029947285816,2024/06/05 11:47:25,дМИТРий КУЗНеЦоВ,8(9085) 48-53,1,КоРм длЯ СОБАк,2,820.68,179.32,ComPlETed,Ждём с нетерпением!,2024-06-27,2556784454365508
2029947285816,2024/06/05 11:47:25,дМИТРий КУЗНеЦоВ,8(9085) 48-53,3,аМуниЦИя ДлЯ СОбаК,2,2254.55,145.45,cOMplETED,Ждём с нетерпением!,2024-06-27,2556784454365508
2029947284567,2024-06-06 00:17:42,Анна СмиРнОвА,+7 9320 27 09,1,КОрМ длЯ соБак,5,2091.42,408.58,cAnCElLeD,Нужно уточнить сроки,2024-06-06,9443650361974250
2029947284567,2024-06-06 00:17:42,Анна СмиРнОвА,+7 9320 27 09,2,ИгРуШкА МЯЧ,2,494.66,105.34,cAnCElLED,Нужно уточнить сроки,2024-06-06,9443650361974250
2029947284567,2024-06-06 00:17:42,Анна СмиРнОвА,+7 9320 27 09,4,пОДПиска на гАЗЕтУ,4,2134.42,265.58,cANceLLED,Нужно уточнить сроки,2024-06-06,9443650361974250
2029947283164,19.06.2024 15:09,еЛЕнА новикоВА,8(9931) 04-09,2,иГРУшКа мЯЧ,3,822.13,77.87,CAncELleD,Нужно уточнить сроки,2024-06-15,8882690202620139
2029947283164,19.06.2024 15:09,еЛЕнА новикоВА,8(9931) 04-09,2,игруШКА МяЧ,3,895.52,4.48,CanCelleD,Нужно уточнить сроки,2024-06-15,8882690202620139
2029947283164,19.06.2024 15:09,еЛЕнА новикоВА,8(9931) 04-09,4,поДписКа На гАЗЕту,5,2826.5,173.5,cANCellEd,Нужно уточнить сроки,2024-06-15,8882690202620139
2029947282975,22.06.2024 23:22,СЕРГЕЙ сиДоРОв,+7 9000 05 94,1,КОрМ Для СобАк,5,2119.16,380.84,ProCeSsINg,подарок вовремя,2024/06/08,7994457882408805
2029947282975,22.06.2024 23:22,СЕРГЕЙ сиДоРОв,+7 9000 05 94,4,подписКА НА ГаЗетУ,3,1748.35,51.65,pROcEsSIng,подарок вовремя,2024/06/08,7994457882408805
2029947282975,22.06.2024 23:22,СЕРГЕЙ сиДоРОв,+7 9000 05 94,2,игрУшкА Мяч,5,1416.14,83.86,pRoCeSSInG,подарок вовремя,2024/06/08,7994457882408805
2029947281394,2024-06-07 14:47:35,МиХаИл оРлОВ,+7(9763)55-82,1,коРМ длЯ СОБак,4,1792.11,207.89,CAncElLED,Нужно уточнить сроки,2024/06/22,6177505379997745
2029947281394,2024-06-07 14:47:35,МиХаИл оРлОВ,+7(9763)55-82,4,поДписКа на гаЗЕту,1,556.01,43.99,cancELlEd,Нужно уточнить сроки,2024/06/22,6177505379997745
2029947280249,2024-06-05 01:54:13,НАТАлЬЯ ВАсиЛЬЕвА,8(9092) 36-67,3,АМунИЦИЯ дЛЯ СоБаК,3,3569.15,30.85,cAncelled,Ждём с нетерпением!,2024-06-14,3915525973870183
2029947280249,2024-06-05 01:54:13,НАТАлЬЯ ВАсиЛЬЕвА,8(9092) 36-67,1,кОрМ ДЛя сОБАК,4,1852.96,147.04,CaNceLLEd,Ждём с нетерпением!,2024-06-14,3915525973870183
2029947280249,2024-06-05 01:54:13,НАТАлЬЯ ВАсиЛЬЕвА,8(9092) 36-67,4,поДпиСКА на газЕТу,2,1012.04,187.96,CAnCellEd,Ждём с нетерпением!,2024-06-14,3915525973870183
2029947279710,26.06.2024 18:05,миХаИл орлоВ,8(9013) 13-43,4,ПОДПиСкА На гаЗеТУ,3,1473.22,326.78,comPLEtEd,Нужно уточнить сроки,2024-06-14,0676775739901286
2029947279710,26.06.2024 18:05,миХаИл орлоВ,8(9013) 13-43,1,КОрМ длЯ СоБАК,3,1478.2,21.8,ComPleted,Нужно уточнить сроки,2024-06-14,0676775739901286
2029947279710,26.06.2024 18:05,миХаИл орлоВ,8(9013) 13-43,2,иГРУшКа мЯЧ,4,974.74,225.26,ComPLETED,Нужно уточнить сроки,2024-06-14,0676775739901286
2029947279710,26.06.2024 18:05,миХаИл орлоВ,8(9013) 13-43,1,КОрМ длЯ сОбАк,1,417.48,82.52,cOMpLEted,Нужно уточнить сроки,2024-06-14,0676775739901286
2029947279710,26.06.2024 18:05,миХаИл орлоВ,8(9013) 13-43,3,амУнИЦИя ДЛя СОбак,1,972.4,227.6,COmpLeteD,Нужно уточнить сроки,2024-06-14,0676775739901286
2029947278628,2024-06-11 19:56:02,мАРиЯ Петрова,+7 9232 97 91,5,мОЛОКо,5,13944.08,1055.92,proCEssINg,Всё отлично!,2024-06-14,2796106022530456
2029947277680,2024/06/25 19:43:30,дМиТРиЙ КУЗНеЦОВ,+7(9603)39-52,4,ПОДПискА на ГазеТУ,3,1610.14,189.86,caNCELLEd,подарок вовремя,24.06.2024,2698803545238270
2029947276274,2024/06/05 09:13:20,СеРГей сИдОрОв,8(9801) 05-71,4,поДписКа на ГаЗету,3,1725.41,74.59,cANCELLED,"Задержка с доставкой, печалька...",22.06.2024,6893375211735377
2029947276274,2024/06/05 09:13:20,СеРГей сИдОрОв,8(9801) 05-71,3,амунИЦИя ДлЯ собАК,2,2318.63,81.37,cancELLed,"Задержка с доставкой, печалька...",22.06.2024,6893375211735377
2029947276274,2024/06/05 09:13:20,СеРГей сИдОрОв,8(9801) 05-71,1,КоРМ дЛя СОБаК,4,1710.39,289.61,CANCELlEd,"Задержка с доставкой, печалька...",22.06.2024,6893375211735377
2029947275637,2024/06/24 10:24:55,ивАН ИВАНоВ,+7(9890)19-43,4,пОдписКа нА ГаЗЕТУ,4,2161.85,238.15,CompLeTed,"Задержка с доставкой, печалька...",2024-06-24,4631712212917371
2029947275637,2024/06/24 10:24:55,ивАН ИВАНоВ,+7(9890)19-43,2,игРУшкА МЯЧ,2,518.36,81.64,comPlEtED,"Задержка с доставкой, печалька...",2024-06-24,4631712212917371
2029947275637,2024/06/24 10:24:55,ивАН ИВАНоВ,+7(9890)19-43,4,подпИСКа НА Газету,1,546.01,53.99,COMpLetED,"Задержка с доставкой, печалька...",2024-06-24,4631712212917371
2029947275637,2024/06/24 10:24:55,ивАН ИВАНоВ,+7(9890)19-43,2,ИГрушка мяЧ,3,735.88,164.12,CoMPLETEd,"Задержка с доставкой, печалька...",2024-06-24,4631712212917371
2029947274879,2024-06-08 01:49:08,НаТалья ВасИЛЬеВа,+7(9549)43-49,3,амУНицИя ДЛЯ собак,5,5767.55,232.45,pROceSsING,Проверить наличие,2024/06/17,9457785304210966
2029947274879,2024-06-08 01:49:08,НаТалья ВасИЛЬеВа,+7(9549)43-49,1,КОРм ДлЯ сОБаК,3,1235.56,264.44,prOcESSING,Проверить наличие,2024/06/17,9457785304210966
2029947274879,2024-06-08 01:49:08,НаТалья ВасИЛЬеВа,+7(9549)43-49,2,игрУшКа мяЧ,4,1148.89,51.11,PRoCesSing,Проверить наличие,2024/06/17,9457785304210966
2029947273523,12.06.2024 14:46,иВаН ИвАНОв,+7 9330 95 81,2,ИгРУШка Мяч,4,1064.72,135.28,PrOcessIng,Ждём с нетерпением!,21.06.2024,9839847720295449
2029947273523,12.06.2024 14:46,иВаН ИвАНОв,+7 9330 95 81,3,аМУНИция ДлЯ соБАк,5,4882.63,1117.37,pROCeSsINg,Ждём с нетерпением!,21.06.2024,9839847720295449
2029947273523,12.06.2024 14:46,иВаН ИвАНОв,+7 9330 95 81,4,ПОдпИСкА нА газету,1,557.91,42.09,PrOcessinG,Ждём с нетерпением!,21.06.2024,9839847720295449
2029947272588,24.06.2024 06:08,маРия пеТровА,+7(9204)49-08,3,амунИцИЯ для Собак,5,5141.72,858.28,COmPLETED,спасибо за заказ,18.06.2024,3892683779439700
2029947271561,2024-06-04 17:24:26,ЕлеНА НОВИКоВа,8(9803) 53-97,5,МОлОкО,4,9771.61,2228.39,pRocessiNG,Ждём с нетерпением!,22.06.2024,7257384419285036
2029947271561,2024-06-04 17:24:26,ЕлеНА НОВИКоВа,8(9803) 53-97,1,Корм дЛЯ СОБак,2,840.51,159.49,ProcEssIng,Ждём с нетерпением!,22.06.2024,7257384419285036
2029947271561,2024-06-04 17:24:26,ЕлеНА НОВИКоВа,8(9803) 53-97,5,мОЛОКо,5,13894.24,1105.76,proCessing,Ждём с нетерпением!,22.06.2024,7257384419285036
2029947271561,2024-06-04 17:24:26,ЕлеНА НОВИКоВа,8(9803) 53-97,3,аМуницИЯ ДлЯ СОбаК,5,5785.82,214.18,PROCEssIng,Ждём с нетерпением!,22.06.2024,7257384419285036
2029947270232,2024-06-03 09:24:12,сЕргеЙ СИДОРоВ,+7(9435)42-24,4,ПОДпИСКА на газеТУ,5,2909.95,90.05,CaNcELled,спасибо за заказ,12.06.2024,5192580415117251
2029947270232,2024-06-03 09:24:12,сЕргеЙ СИДОРоВ,+7(9435)42-24,3,аМУНИцИЯ дЛЯ СоБак,1,1151.41,48.59,cAncElLEd,спасибо за заказ,12.06.2024,5192580415117251
2029947270232,2024-06-03 09:24:12,сЕргеЙ СИДОРоВ,+7(9435)42-24,4,пОДпИсКА нА гаЗеТу,3,1770.12,29.88,CAnCELLED,спасибо за заказ,12.06.2024,5192580415117251
2029947270232,2024-06-03 09:24:12,сЕргеЙ СИДОРоВ,+7(9435)42-24,4,ПОДПиСКА НА гАзЕТу,1,527.21,72.79,CANcelLed,спасибо за заказ,12.06.2024,5192580415117251
2029947270232,2024-06-03 09:24:12,сЕргеЙ СИДОРоВ,+7(9435)42-24,2,игРуШКА мяч,4,1004.88,195.12,CaNceLlED,спасибо за заказ,12.06.2024,5192580415117251
2029947269917,04.06.2024 20:50,еЛЕНа новИкоВа,+7(9597)82-90,4,ПОдПиска на гАзету,4,1989.83,410.17,pROCesSING,Всё отлично!,05.06.2024,3775461639702040
2029947269917,04.06.2024 20:50,еЛЕНа новИкоВа,+7(9597)82-90,3,аМуНиЦиЯ для Собак,3,3378.26,221.74,proCEssInG,Всё отлично!,05.06.2024,3775461639702040
2029947269917,04.06.2024 20:50,еЛЕНа новИкоВа,+7(9597)82-90,2,ИГрушКА мяЧ,4,983.54,216.46,pRocessiNG,Всё отлично!,05.06.2024,3775461639702040
2029947269917,04.06.2024 20:50,еЛЕНа новИкоВа,+7(9597)82-90,5,МОЛОко,2,5747.39,252.61,pRoCESSinG,Всё отлично!,05.06.2024,3775461639702040
2029947268977,2024-06-14 12:44:59,алЕКсей мИхаЙЛоВ,8(9602) 01-05,1,кОРм ДЛя соБАК,4,1877.5,122.5,coMPleTED,Всё отлично!,2024-06-05,5411038678390063
2029947268977,2024-06-14 12:44:59,алЕКсей мИхаЙЛоВ,8(9602) 01-05,2,ИгрУШКа мяЧ,2,526.14,73.86,complEtED,Всё отлично!,2024-06-05,5411038678390063
2029947268977,2024-06-14 12:44:59,алЕКсей мИхаЙЛоВ,8(9602) 01-05,5,мОЛОко,3,7347.22,1652.78,COMPlEtEd,Всё отлично!,2024-06-05,5411038678390063
2029947268977,2024-06-14 12:44:59,алЕКсей мИхаЙЛоВ,8(9602) 01-05,1,кОРм ДЛя сОбак,4,1980.72,19.28,CoMplETed,Всё отлично!,2024-06-05,5411038678390063
2029947267598,2024/06/14 12:38:09,серГей СИдоров,8(9604) 35-27,1,КорМ для СоБаК,4,1729.7,270.3,CAnCEllED,Ждём с нетерпением!,2024-06-17,6429806671313060
2029947267598,2024/06/14 12:38:09,серГей СИдоров,8(9604) 35-27,5,моЛоКО,2,4861.31,1138.69,CaNcELlED,Ждём с нетерпением!,2024-06-17,6429806671313060
2029947267598,2024/06/14 12:38:09,серГей СИдоров,8(9604) 35-27,3,амУНИцИЯ ДЛЯ СоБаК,4,4164.7,635.3,CaNCElleD,Ждём с нетерпением!,2024-06-17,6429806671313060
2029947267598,2024/06/14 12:38:09,серГей СИдоров,8(9604) 35-27,5,МОлОко,1,2580.81,419.19,CaNcelLed,Ждём с нетерпением!,2024-06-17,6429806671313060
2029947267598,2024/06/14 12:38:09,серГей СИдоров,8(9604) 35-27,4,пОдПискА нА ГазЕТу,5,2460.18,539.82,CANCeLLED,Ждём с нетерпением!,2024-06-17,6429806671313060
2029947266846,2024/06/29 00:15:21,нАтАЛЬЯ ваСиЛьева,+7(9492)52-52,5,мОлоКО,4,9947.21,2052.79,PrOCessiNG,подарок вовремя,01.06.2024,1411256081862125
2029947265385,05.06.2024 19:14,МИХАИл орлов,8(9787) 18-55,2,иГрУШКа МяЧ,1,282.81,17.19,cANceLLeD,Ждём с нетерпением!,30.06.2024,2321287949522440
2029947264701,2024/06/01 10:39:45,маРиЯ ПЕТроВа,+7(9510)37-80,2,игРУШКА Мяч,2,531.73,68.27,cAncellEd,подарок вовремя,2024-06-09,1390180771278294
2029947519644,2024-06-28 11:42:21,наТалЬя вАсиЛЬЕвА,+7 9244 39 46,1,кОрМ длЯ СОБАк,2,984.96,15.04,COMPLETeD,Всё отлично!,2024/06/16,7162558131222630
2029947519644,2024-06-28 11:42:21,наТалЬя вАсиЛЬЕвА,+7 9244 39 46,3,аМуНицИя ДЛя соБак,1,1170.3,29.7,COmPleted,Всё отлично!,2024/06/16,7162558131222630
2029947519644,2024-06-28 11:42:21,наТалЬя вАсиЛЬЕвА,+7 9244 39 46,3,АМУницИЯ ДлЯ собак,2,2231.73,168.27,COmPlETED,Всё отлично!,2024/06/16,7162558131222630
2029947519644,2024-06-28 11:42:21,наТалЬя вАсиЛЬЕвА,+7 9244 39 46,5,мОлоКо,5,13627.55,1372.45,ComPLeted,Всё отлично!,2024/06/16,7162558131222630
2029947519644,2024-06-28 11:42:21,наТалЬя вАсиЛЬЕвА,+7 9244 39 46,1,корм длЯ соБаК,3,1352.58,147.42,cOmPlETED,Всё отлично!,2024/06/16,7162558131222630
2029947518229,2024/06/02 17:48:02,мИхаил ОрЛов,8(9223) 15-45,2,ИгРУШКА мЯЧ,2,557.92,42.08,canCELLED,Ждём с нетерпением!,2024-06-18,1842169104427584
2029947518229,2024/06/02 17:48:02,мИхаил ОрЛов,8(9223) 15-45,3,аМУНИция ДлЯ СОбАК,2,2200.25,199.75,CaNcelleD,Ждём с нетерпением!,2024-06-18,1842169104427584
2029947518229,2024/06/02 17:48:02,мИхаил ОрЛов,8(9223) 15-45,3,аМУниЦиЯ Для СОбаК,4,4352.35,447.65,CaNCelLEd,Ждём с нетерпением!,2024-06-18,1842169104427584
2029947518229,2024/06/02 17:48:02,мИхаил ОрЛов,8(9223) 15-45,4,поДпИскА НА ГаЗЕТУ,3,1740.21,59.79,cAnCElLEd,Ждём с нетерпением!,2024-06-18,1842169104427584
2029947518229,2024/06/02 17:48:02,мИхаил ОрЛов,8(9223) 15-45,3,аМУниЦИя дЛя СОбАК,5,5987.28,12.72,CAnCelLEd,Ждём с нетерпением!,2024-06-18,1842169104427584
2029947517369,04.06.2024 11:59,ИВАн ИВАнОв,+7(9396)60-50,1,кОрм для соБАК,2,895.74,104.26,comPLeteD,Всё отлично!,2024-06-13,3572881336173842
2029947516447,15.06.2024 10:12,мИХаил ОРЛОв,8(9124) 47-80,3,АМунИЦИЯ длЯ Собак,1,975.53,224.47,ProcessINg,"Задержка с доставкой, печалька...",2024-06-21,4733664200976066
2029947516447,15.06.2024 10:12,мИХаил ОРЛОв,8(9124) 47-80,1,КОрм ДЛя сОбАк,5,2228.49,271.51,PRocESSiNG,"Задержка с доставкой, печалька...",2024-06-21,4733664200976066
2029947516447,15.06.2024 10:12,мИХаил ОРЛОв,8(9124) 47-80,4,ПодпИсКА на гАзету,2,1192.57,7.43,PROCESsING,"Задержка с доставкой, печалька...",2024-06-21,4733664200976066
2029947516447,15.06.2024 10:12,мИХаил ОРЛОв,8(9124) 47-80,2,игруШка мяЧ,4,977.58,222.42,PRoCESsInG,"Задержка с доставкой, печалька...",2024-06-21,4733664200976066
2029947515365,2024/06/09 14:47:15,СЕРгЕЙ СиДОРОв,+7 9965 53 36,3,АМуНИцИя Для СОбАк,3,3247.52,352.48,CANCelLed,Ждём с нетерпением!,2024-06-20,0713477843033937
2029947515365,2024/06/09 14:47:15,СЕРгЕЙ СиДОРОв,+7 9965 53 36,4,подПисКа нА гАЗЕтУ,5,2932.4,67.6,CaNCElled,Ждём с нетерпением!,2024-06-20,0713477843033937
2029947515365,2024/06/09 14:47:15,СЕРгЕЙ СиДОРОв,+7 9965 53 36,1,кОрМ длЯ СОбАк,4,1734.32,265.68,cANcelLeD,Ждём с нетерпением!,2024-06-20,0713477843033937
2029947514420,01.06.2024 00:08,дмИТрИЙ КУзнеЦов,+7 9457 97 78,2,игРУшка мяЧ,1,253.1,46.9,pROcEsSing,Всё отлично!,25.06.2024,2517725903236303
2029947514420,01.06.2024 00:08,дмИТрИЙ КУзнеЦов,+7 9457 97 78,1,КОрм длЯ СоБаК,3,1469.14,30.86,PRoCEssINg,Всё отлично!,25.06.2024,2517725903236303
2029947514420,01.06.2024 00:08,дмИТрИЙ КУзнеЦов,+7 9457 97 78,2,игРуШКА мяч,2,497.13,102.87,pROCESSING,Всё отлично!,25.06.2024,2517725903236303
2029947513667,2024-06-18 19:07:23,мИХаИЛ орЛОВ,8(9333) 69-15,5,молокО,3,7277.01,1722.99,CompLETed,Всё отлично!,2024-06-19,1262889967638860
2029947513667,2024-06-18 19:07:23,мИХаИЛ орЛОВ,8(9333) 69-15,1,КоРм ДлЯ сОбак,3,1416.02,83.98,CompleTeD,Всё отлично!,2024-06-19,1262889967638860
2029947513667,2024-06-18 19:07:23,мИХаИЛ орЛОВ,8(9333) 69-15,4,ПОдпиСКА На ГАЗЕтУ,2,1109.02,90.98,cOMPlETed,Всё отлично!,2024-06-19,1262889967638860
2029947513667,2024-06-18 19:07:23,мИХаИЛ орЛОВ,8(9333) 69-15,3,амУНИцИя Для соБАК,2,2160.01,239.99,cOmPLETED,Всё отлично!,2024-06-19,1262889967638860
2029947512498,2024/06/16 00:30:57,наТАЛЬя ВАсИлЬЕВА,8(9376) 86-80,5,мОлоко,1,2527.54,472.46,ComPLeTeD,подарок вовремя,2024/06/29,3979991210929945
2029947512498,2024/06/16 00:30:57,наТАЛЬя ВАсИлЬЕВА,8(9376) 86-80,1,кОРм ДЛЯ соБАк,3,1391.02,108.98,cOmplEtED,подарок вовремя,2024/06/29,3979991210929945
2029947511890,23.06.2024 11:45,МИХаил ОрЛОВ,+7(9193)13-17,4,ПодпиСКА нА гаЗЕту,2,1127.05,72.95,cOmPlETED,Всё отлично!,2024-06-28,2559117386154319
2029947511890,23.06.2024 11:45,МИХаил ОрЛОВ,+7(9193)13-17,2,ИгрУШка МЯч,3,731.89,168.11,compLEtED,Всё отлично!,2024-06-28,2559117386154319
2029947511890,23.06.2024 11:45,МИХаил ОрЛОВ,+7(9193)13-17,2,игРуШКА мяЧ,4,1134.91,65.09,COmPlEtEd,Всё отлично!,2024-06-28,2559117386154319
2029947510404,2024-06-03 20:07:39,СЕрГеЙ СидОРоВ,+7 9300 94 36,4,ПОдПиСКа на гаЗЕТУ,1,520.96,79.04,PRoceSsing,Нужно уточнить сроки,2024-06-08,5104780963081142
2029947510404,2024-06-03 20:07:39,СЕрГеЙ СидОРоВ,+7 9300 94 36,1,КОрм для сОБАК,4,1961.59,38.41,pRocesSING,Нужно уточнить сроки,2024-06-08,5104780963081142
2029947510404,2024-06-03 20:07:39,СЕрГеЙ СидОРоВ,+7 9300 94 36,5,МОлоКО,4,11564.23,435.77,ProCessInG,Нужно уточнить сроки,2024-06-08,5104780963081142
2029947509417,2024-06-17 12:27:09,СЕРгеЙ СидоРоВ,+7(9115)97-25,4,ПодПискА на ГАЗЕТУ,2,1019.02,180.98,complEtEd,Ждём с нетерпением!,02.06.2024,3759715566240594
2029947509417,2024-06-17 12:27:09,СЕРгеЙ СидоРоВ,+7(9115)97-25,5,МоЛОко,3,7895.91,1104.09,coMpLeteD,Ждём с нетерпением!,02.06.2024,3759715566240594
2029947509417,2024-06-17 12:27:09,СЕРгеЙ СидоРоВ,+7(9115)97-25,1,КоРм ДлЯ СОбАК,2,863.6,136.4,COMPLeTED,Ждём с нетерпением!,02.06.2024,3759715566240594
2029947509417,2024-06-17 12:27:09,СЕРгеЙ СидоРоВ,+7(9115)97-25,4,ПОдПИска НА ГазеТУ,3,1534.33,265.67,CoMpleteD,Ждём с нетерпением!,02.06.2024,3759715566240594
2029947509417,2024-06-17 12:27:09,СЕРгеЙ СидоРоВ,+7(9115)97-25,3,АМунИцИя ДЛЯ собак,1,1100.69,99.31,comPLEtEd,Ждём с нетерпением!,02.06.2024,3759715566240594
2029947508503,2024-06-21 16:30:45,АЛеКСей МИХаЙлОВ,8(9700) 44-84,5,МОлоко,4,10837.6,1162.4,COmPletED,"Задержка с доставкой, печалька...",2024-06-05,0580051278612731
2029947508503,2024-06-21 16:30:45,АЛеКСей МИХаЙлОВ,8(9700) 44-84,3,АМуНИциЯ дЛЯ СоБаК,1,1120.45,79.55,CoMPlETED,"Задержка с доставкой, печалька...",2024-06-05,0580051278612731
2029947507361,20.06.2024 09:00,иваН ивАнов,8(9870) 06-67,5,МолОкО,2,5832.32,167.68,cOmPLEted,подарок вовремя,2024-06-07,6256181696671638
2029947506105,2024/06/27 13:49:35,ОЛьГА КуЗнеЦоВа,+7(9320)43-54,5,молоко,4,10035.61,1964.39,CoMpLEted,спасибо за заказ,08.06.2024,8048090761101320
2029947506105,2024/06/27 13:49:35,ОЛьГА КуЗнеЦоВа,+7(9320)43-54,3,амуниЦИя для СОБАк,5,5219.84,780.16,coMplETEd,спасибо за заказ,08.06.2024,8048090761101320
2029947506105,2024/06/27 13:49:35,ОЛьГА КуЗнеЦоВа,+7(9320)43-54,1,Корм длЯ Собак,2,891.01,108.99,coMplETed,спасибо за заказ,08.06.2024,8048090761101320
2029947506105,2024/06/27 13:49:35,ОЛьГА КуЗнеЦоВа,+7(9320)43-54,1,Корм Для СоБАк,5,2484.64,15.36,coMPlEtEd,спасибо за заказ,08.06.2024,8048090761101320
2029947505965,2024/06/04 22:28:37,ЕлЕНА ноВИкОвА,+7(9400)20-12,5,МоЛоКО,2,5603.09,396.91,COMPlEtEd,спасибо за заказ,22.06.2024,1973624818157312
2029947505965,2024/06/04 22:28:37,ЕлЕНА ноВИкОвА,+7(9400)20-12,3,АМУНИЦиЯ ДлЯ СОБАК,2,2055.93,344.07,COMPLEteD,спасибо за заказ,22.06.2024,1973624818157312
2029947504291,2024-06-14 09:10:58,ивАн ИВанОв,8(9223) 10-01,1,КОРМ длЯ СОбАк,3,1466.32,33.68,procEsSiNG,подарок вовремя,2024/06/05,7169127156433205
2029947504291,2024-06-14 09:10:58,ивАн ИВанОв,8(9223) 10-01,2,игРушКа мЯч,1,269.4,30.6,ProCESSING,подарок вовремя,2024/06/05,7169127156433205
2029947504291,2024-06-14 09:10:58,ивАн ИВанОв,8(9223) 10-01,5,МолоКО,1,2859.48,140.52,procESsInG,подарок вовремя,2024/06/05,7169127156433205
2029947504291,2024-06-14 09:10:58,ивАн ИВанОв,8(9223) 10-01,2,иГРушКа мЯЧ,4,1067.24,132.76,prOcessInG,подарок вовремя,2024/06/05,7169127156433205
2029947503412,2024/06/21 11:46:30,ДмИтриЙ КУЗНЕцОв,8(9285) 25-58,4,ПОдпиСКА На гаЗЕту,1,568.87,31.13,CoMPLeTEd,Проверить наличие,20.06.2024,5073515199575669
2029947503412,2024/06/21 11:46:30,ДмИтриЙ КУЗНЕцОв,8(9285) 25-58,4,поДПиСкА на ГАЗеТу,4,2151.09,248.91,coMPLeted,Проверить наличие,20.06.2024,5073515199575669
2029947503412,2024/06/21 11:46:30,ДмИтриЙ КУЗНЕцОв,8(9285) 25-58,3,АмуНИЦия ДлЯ собак,3,2885.41,714.59,coMPLEtED,Проверить наличие,20.06.2024,5073515199575669
2029947503412,2024/06/21 11:46:30,ДмИтриЙ КУЗНЕцОв,8(9285) 25-58,4,поДПисКа НА ГаЗЕтУ,5,2591.74,408.26,CoMPlEtEd,Проверить наличие,20.06.2024,5073515199575669
2029947502732,2024/06/09 04:28:06,сеРГЕЙ СидоРоВ,+7(9609)89-37,4,поДПИскА на гаЗЕТУ,5,2521.3,478.7,coMPLeted,Ждём с нетерпением!,2024/06/04,2729794957908380
2029947502732,2024/06/09 04:28:06,сеРГЕЙ СидоРоВ,+7(9609)89-37,1,коРМ ДЛя сОБАК,2,811.9,188.1,COmPLETED,Ждём с нетерпением!,2024/06/04,2729794957908380
2029947502732,2024/06/09 04:28:06,сеРГЕЙ СидоРоВ,+7(9609)89-37,5,МОлокО,2,5639.49,360.51,compLeTeD,Ждём с нетерпением!,2024/06/04,2729794957908380
2029947501999,2024/06/13 13:38:43,сеРГЕЙ сИдороВ,8(9511) 17-95,2,иГРУшка мЯЧ,2,534.31,65.69,CANCelLEd,подарок вовремя,2024-06-01,7715610052541812
2029947501999,2024/06/13 13:38:43,сеРГЕЙ сИдороВ,8(9511) 17-95,1,коРМ для соБАк,3,1479.64,20.36,cancellEd,подарок вовремя,2024-06-01,7715610052541812
2029947501999,2024/06/13 13:38:43,сеРГЕЙ сИдороВ,8(9511) 17-95,5,мОЛоКо,1,2997.45,2.55,cancellED,подарок вовремя,2024-06-01,7715610052541812
2029947501999,2024/06/13 13:38:43,сеРГЕЙ сИдороВ,8(9511) 17-95,1,КоРМ ДлЯ сОбАК,3,1447.89,52.11,CanCeLLed,подарок вовремя,2024-06-01,7715610052541812
2029947501999,2024/06/13 13:38:43,сеРГЕЙ сИдороВ,8(9511) 17-95,3,АмуНИцИя для СОБаК,2,2118.67,281.33,CAnCELlEd,подарок вовремя,2024-06-01,7715610052541812
2029947500422,2024/06/15 17:50:23,МИхаИл ОРлОВ,8(9154) 78-58,3,амуНИциЯ для СОБак,3,3315.07,284.93,COmPleTEd,"Задержка с доставкой, печалька...",01.06.2024,4861138768593912
2029947499467,2024/06/14 15:59:17,Ольга КуЗНЕцова,+7 9617 27 47,2,иГРУшка мЯч,5,1307.82,192.18,prOceSsING,Ждём с нетерпением!,23.06.2024,0408606195015332
2029947499467,2024/06/14 15:59:17,Ольга КуЗНЕцова,+7 9617 27 47,5,молОко,2,5111.5,888.5,pROCessInG,Ждём с нетерпением!,23.06.2024,0408606195015332
2029947499467,2024/06/14 15:59:17,Ольга КуЗНЕцова,+7 9617 27 47,1,кОрм ДлЯ сОБАК,1,465.19,34.81,proCesSINg,Ждём с нетерпением!,23.06.2024,0408606195015332
2029947499467,2024/06/14 15:59:17,Ольга КуЗНЕцова,+7 9617 27 47,3,АмУниЦИя дЛЯ соБАк,1,1101.92,98.08,PROcesSiNG,Ждём с нетерпением!,23.06.2024,0408606195015332
2029947499467,2024/06/14 15:59:17,Ольга КуЗНЕцова,+7 9617 27 47,1,кОрм длЯ СобАк,3,1315.23,184.77,PrOCeSSiNg,Ждём с нетерпением!,23.06.2024,0408606195015332
2029947498336,2024-06-29 20:01:45,АнНа смиРнОва,+7(9720)27-97,4,ПоДПИсКа нА гАЗету,3,1585.16,214.84,CoMpLETeD,"Задержка с доставкой, печалька...",11.06.2024,5315341451324304
2029947497569,12.06.2024 06:52,ЕлеНа новиковА,8(9509) 98-41,5,мОЛоКо,2,4814.87,1185.13,PROcEssiNG,"Задержка с доставкой, печалька...",01.06.2024,4287631131260282
2029947497569,12.06.2024 06:52,ЕлеНа новиковА,8(9509) 98-41,4,поДпИсКА На ГАЗЕТУ,3,1774.13,25.87,PrOcesSiNG,"Задержка с доставкой, печалька...",01.06.2024,4287631131260282
2029947497569,12.06.2024 06:52,ЕлеНа новиковА,8(9509) 98-41,3,амУНИциЯ ДЛя СОБаК,1,1122.04,77.96,procESsInG,"Задержка с доставкой, печалька...",01.06.2024,4287631131260282
2029947496744,2024-06-08 04:51:25,сЕргеЙ СИДОРОв,+7(9387)67-72,5,МоЛокО,4,10504.96,1495.04,ComPLEtED,"Задержка с доставкой, печалька...",30.06.2024,6633124159709373
2029947496744,2024-06-08 04:51:25,сЕргеЙ СИДОРОв,+7(9387)67-72,3,АмУнициЯ дЛя СоБАк,5,5882.86,117.14,COMpLeted,"Задержка с доставкой, печалька...",30.06.2024,6633124159709373
2029947496744,2024-06-08 04:51:25,сЕргеЙ СИДОРОв,+7(9387)67-72,1,КОрМ длЯ СоБАК,1,478.69,21.31,cOmPleteD,"Задержка с доставкой, печалька...",30.06.2024,6633124159709373
2029947495830,2024/06/01 13:03:54,еЛеНА НовикоВА,+7(9268)09-62,1,корМ ДлЯ СоБАК,2,992.81,7.19,pROCessing,спасибо за заказ,2024/06/16,7519511445342417
2029947495830,2024/06/01 13:03:54,еЛеНА НовикоВА,+7(9268)09-62,2,ИГрУШКА мяч,2,548.84,51.16,PrOcEsSinG,спасибо за заказ,2024/06/16,7519511445342417
2029947495830,2024/06/01 13:03:54,еЛеНА НовикоВА,+7(9268)09-62,4,ПодпИсКа на гАЗЕТу,2,1170.45,29.55,PRocESSIng,спасибо за заказ,2024/06/16,7519511445342417
2029947494806,2024/06/15 08:12:41,АНнА СМИрноВа,+7 9960 57 29,3,амуНИЦИЯ длЯ СоБАК,3,3109.72,490.28,canCELLED,Нужно уточнить сроки,12.06.2024,7154602696277146
2029947493319,2024/06/15 14:11:38,сЕРгеЙ СИДорОВ,+7(9912)70-28,4,пОДпИсКа На гаЗеТу,2,1051.64,148.36,caNCELlED,"Задержка с доставкой, печалька...",2024-06-22,4839597103562154
2029947493319,2024/06/15 14:11:38,сЕРгеЙ СИДорОВ,+7(9912)70-28,5,МОлоко,5,14364.67,635.33,canCELleD,"Задержка с доставкой, печалька...",2024-06-22,4839597103562154
2029947492756,2024/06/27 09:41:35,МИхаИЛ ОрЛОВ,+7 9780 50 45,2,иГРуШКА МЯЧ,1,243.9,56.1,CAnCeLLED,Всё отлично!,2024/06/17,5943953370101005
2029947492756,2024/06/27 09:41:35,МИхаИЛ ОрЛОВ,+7 9780 50 45,4,поДПиСка На ГАзЕтУ,4,2248.19,151.81,cancELLed,Всё отлично!,2024/06/17,5943953370101005
2029947492756,2024/06/27 09:41:35,МИхаИЛ ОрЛОВ,+7 9780 50 45,5,МОлокО,3,7409.29,1590.71,CAnCEllED,Всё отлично!,2024/06/17,5943953370101005
2029947492756,2024/06/27 09:41:35,МИхаИЛ ОрЛОВ,+7 9780 50 45,3,АмунИЦИЯ для СОбАк,3,3366.75,233.25,CANcelled,Всё отлично!,2024/06/17,5943953370101005
2029947492756,2024/06/27 09:41:35,МИхаИЛ ОрЛОВ,+7 9780 50 45,2,игРуШКА МЯч,4,1051.19,148.81,canCeLled,Всё отлично!,2024/06/17,5943953370101005
2029947491714,20.06.2024 12:42,ИВаН ИвАНов,+7 9501 17 55,3,амунИцИя Для СОБАк,5,5464.84,535.16,CAnCElLeD,подарок вовремя,2024/06/14,5277375403515153
2029947491714,20.06.2024 12:42,ИВаН ИвАНов,+7 9501 17 55,1,кОрм ДлЯ сОбаК,4,1602.07,397.93,CANceLLed,подарок вовремя,2024/06/14,5277375403515153
2029947491714,20.06.2024 12:42,ИВаН ИвАНов,+7 9501 17 55,4,подпИскА НА гаЗету,2,1055.21,144.79,cANceLLeD,подарок вовремя,2024/06/14,5277375403515153
2029947490653,11.06.2024 14:14,натАЛЬя васИЛЬева,+7(9741)86-06,3,амУнИциЯ дЛЯ СоБАК,3,3581.84,18.16,CAncElleD,"Задержка с доставкой, печалька...",2024/06/26,9834042167003107
2029947490653,11.06.2024 14:14,натАЛЬя васИЛЬева,+7(9741)86-06,1,КоРм дЛЯ СОБАК,5,2441.29,58.71,CANCELLed,"Задержка с доставкой, печалька...",2024/06/26,9834042167003107
2029947490653,11.06.2024 14:14,натАЛЬя васИЛЬева,+7(9741)86-06,1,КОРм для СобАк,2,882.66,117.34,cAnceLLeD,"Задержка с доставкой, печалька...",2024/06/26,9834042167003107
2029947490653,11.06.2024 14:14,натАЛЬя васИЛЬева,+7(9741)86-06,4,пОдПИСкА на газеТУ,5,2672.26,327.74,caNCeLled,"Задержка с доставкой, печалька...",2024/06/26,9834042167003107
2029947489173,24.06.2024 19:55,мАРИя ПеТРОвА,+7 9037 24 78,5,мОлокО,2,5009.56,990.44,PrOCEssiNG,подарок вовремя,25.06.2024,6684068563005473
2029947489173,24.06.2024 19:55,мАРИя ПеТРОвА,+7 9037 24 78,4,пОДпИска На ГазЕТУ,5,2747.97,252.03,PROceSsInG,подарок вовремя,25.06.2024,6684068563005473
2029947489173,24.06.2024 19:55,мАРИя ПеТРОвА,+7 9037 24 78,3,аМунИЦИЯ Для соБАк,1,1182.16,17.84,proceSsINg,подарок вовремя,25.06.2024,6684068563005473
2029947488727,2024-06-26 09:17:20,елЕна НоВикОВа,8(9701) 50-02,3,амУниЦИЯ ДлЯ собАк,5,5861.7,138.3,cOmpLETeD,Ждём с нетерпением!,20.06.2024,4524541063569811
2029947488727,2024-06-26 09:17:20,елЕна НоВикОВа,8(9701) 50-02,1,кОРм длЯ СоБаК,5,2246.28,253.72,compLetED,Ждём с нетерпением!,20.06.2024,4524541063569811
2029947488727,2024-06-26 09:17:20,елЕна НоВикОВа,8(9701) 50-02,2,иГрУШка мЯЧ,3,779.65,120.35,COMPLEteD,Ждём с нетерпением!,20.06.2024,4524541063569811
2029947488727,2024-06-26 09:17:20,елЕна НоВикОВа,8(9701) 50-02,2,ИГРУшКа мяч,1,267.69,32.31,cOMplETeD,Ждём с нетерпением!,20.06.2024,4524541063569811
2029947488727,2024-06-26 09:17:20,елЕна НоВикОВа,8(9701) 50-02,3,АМУниЦИЯ ДЛЯ соБак,1,988.25,211.75,COmpleteD,Ждём с нетерпением!,20.06.2024,4524541063569811
2029947487931,2024/06/22 07:28:50,ДмИтрий куЗнеЦов,8(9851) 79-22,5,Молоко,5,14651.16,348.84,canceLlEd,Нужно уточнить сроки,2024/06/07,1034397669366998
2029947487931,2024/06/22 07:28:50,ДмИтрий куЗнеЦов,8(9851) 79-22,4,ПодПиСка НА газеТУ,5,2833.04,166.96,CANCeLLed,Нужно уточнить сроки,2024/06/07,1034397669366998
2029947487931,2024/06/22 07:28:50,ДмИтрий куЗнеЦов,8(9851) 79-22,2,ИГрушКА мЯч,2,495.36,104.64,caNceLleD,Нужно уточнить сроки,2024/06/07,1034397669366998
2029947487931,2024/06/22 07:28:50,ДмИтрий куЗнеЦов,8(9851) 79-22,2,иГРУшкА мЯч,5,1391.78,108.22,CAnCelLed,Нужно уточнить сроки,2024/06/07,1034397669366998
2029947486200,2024-06-22 19:23:47,ИВАн иВаноВ,+7(9364)56-20,5,МОлОКо,3,7797.32,1202.68,cancelLed,Проверить наличие,2024/06/19,5435253785420838
2029947486200,2024-06-22 19:23:47,ИВАн иВаноВ,+7(9364)56-20,2,ИгрУшка мЯч,3,744.85,155.15,cANcelleD,Проверить наличие,2024/06/19,5435253785420838
2029947485567,24.06.2024 18:40,ивАн ивАноВ,+7 9128 20 58,3,АмУниЦИя длЯ СОБак,4,4114.53,685.47,cOMPlETeD,Ждём с нетерпением!,25.06.2024,1895941699481304
2029947485567,24.06.2024 18:40,ивАн ивАноВ,+7 9128 20 58,2,игруШкА Мяч,1,285.66,14.34,COmpleted,Ждём с нетерпением!,25.06.2024,1895941699481304
2029947485567,24.06.2024 18:40,ивАн ивАноВ,+7 9128 20 58,1,Корм Для собАК,1,410.6,89.4,cOmpLeTeD,Ждём с нетерпением!,25.06.2024,1895941699481304
2029947485567,24.06.2024 18:40,ивАн ивАноВ,+7 9128 20 58,1,Корм дЛя соБАк,2,846.0,154.0,COmpLeTED,Ждём с нетерпением!,25.06.2024,1895941699481304
2029947484140,2024-06-22 12:12:35,АЛеКСЕй МИхАЙлов,8(9034) 13-76,3,АмунИЦия дЛЯ СобАк,1,1091.74,108.26,PRoceSSING,"Задержка с доставкой, печалька...",2024/06/20,8943758841127676
2029947484140,2024-06-22 12:12:35,АЛеКСЕй МИхАЙлов,8(9034) 13-76,5,МОлоКО,3,8514.08,485.92,pRoCessing,"Задержка с доставкой, печалька...",2024/06/20,8943758841127676
2029947484140,2024-06-22 12:12:35,АЛеКСЕй МИхАЙлов,8(9034) 13-76,1,КорМ ДЛЯ СобАк,4,1778.35,221.65,proCeSSing,"Задержка с доставкой, печалька...",2024/06/20,8943758841127676
2029947484140,2024-06-22 12:12:35,АЛеКСЕй МИхАЙлов,8(9034) 13-76,3,аМУНИЦИя ДЛя СОбАК,4,3898.06,901.94,PROcessINg,"Задержка с доставкой, печалька...",2024/06/20,8943758841127676
2029947483168,2024/06/26 05:50:48,АННА смИрнОвА,+7(9642)59-02,2,ИГруШка мяЧ,4,1139.57,60.43,pROCEsSInG,подарок вовремя,10.06.2024,8274052592700789
2029947483168,2024/06/26 05:50:48,АННА смИрнОвА,+7(9642)59-02,1,КОрМ ДЛЯ соБак,4,1700.85,299.15,proCesSinG,подарок вовремя,10.06.2024,8274052592700789
2029947483168,2024/06/26 05:50:48,АННА смИрнОвА,+7(9642)59-02,2,иГрУшКА МяЧ,1,285.28,14.72,PRoCeSsInG,подарок вовремя,10.06.2024,8274052592700789
2029947482789,2024-06-11 18:41:02,иваН иВАнов,+7 9786 82 21,4,ПоДПисКА НА гАзету,3,1797.24,2.76,COMPLEteD,Всё отлично!,2024-06-14,9201923642858714
2029947481255,2024/06/24 08:43:16,МАРИя ПеТРОва,+7(9151)31-86,4,подписка НА ГАзЕТу,4,2041.27,358.73,COMPletED,Ждём с нетерпением!,2024/06/10,4207562264015293
2029947481255,2024/06/24 08:43:16,МАРИя ПеТРОва,+7(9151)31-86,1,кОРм ДЛя СоБАк,4,1839.4,160.6,COMPlEtEd,Ждём с нетерпением!,2024/06/10,4207562264015293
2029947481255,2024/06/24 08:43:16,МАРИя ПеТРОва,+7(9151)31-86,1,КОРМ ДЛя СобаК,3,1214.63,285.37,COmPlETeD,Ждём с нетерпением!,2024/06/10,4207562264015293
2029947481255,2024/06/24 08:43:16,МАРИя ПеТРОва,+7(9151)31-86,2,игруШКА мяч,3,747.55,152.45,cOmPLETed,Ждём с нетерпением!,2024/06/10,4207562264015293
2029947481255,2024/06/24 08:43:16,МАРИя ПеТРОва,+7(9151)31-86,4,пОДпИсКа НА ГАзету,5,2941.62,58.38,COMPleTeD,Ждём с нетерпением!,2024/06/10,4207562264015293
2029947480691,15.06.2024 14:13,елеНА нОвИКОва,+7 9410 48 89,5,мОЛОКО,4,10993.73,1006.27,PRocEssINg,спасибо за заказ,03.06.2024,7726762563718494
2029947480691,15.06.2024 14:13,елеНА нОвИКОва,+7 9410 48 89,2,ИгРуШкА мяч,3,897.45,2.55,pROCeSSiNG,спасибо за заказ,03.06.2024,7726762563718494
2029947480691,15.06.2024 14:13,елеНА нОвИКОва,+7 9410 48 89,4,пОдпИСКА нА ГАЗету,3,1455.63,344.37,prOCessINg,спасибо за заказ,03.06.2024,7726762563718494
2029947480691,15.06.2024 14:13,елеНА нОвИКОва,+7 9410 48 89,5,моЛОко,4,10300.34,1699.66,proCEssinG,спасибо за заказ,03.06.2024,7726762563718494
2029947479765,2024/06/03 20:09:44,сЕргеЙ СИдОрОВ,8(9309) 65-95,2,игрушКа МЯЧ,5,1235.58,264.42,COMpleTed,Нужно уточнить сроки,19.06.2024,9510965146821705
2029947479765,2024/06/03 20:09:44,сЕргеЙ СИдОрОВ,8(9309) 65-95,1,КОРМ ДЛя сОБАК,3,1461.32,38.68,comPLetED,Нужно уточнить сроки,19.06.2024,9510965146821705
2029947479765,2024/06/03 20:09:44,сЕргеЙ СИдОрОВ,8(9309) 65-95,3,амуНИциЯ ДЛЯ сОбАК,1,1199.08,0.92,COMpLETED,Нужно уточнить сроки,19.06.2024,9510965146821705
2029947478470,2024-06-24 12:48:55,мАРИЯ ПЕТрОВА,+7(9191)84-45,2,иГРушка МяЧ,1,269.27,30.73,cOMPLeTEd,Ждём с нетерпением!,2024/06/27,6100732489471114
2029947478470,2024-06-24 12:48:55,мАРИЯ ПЕТрОВА,+7(9191)84-45,2,игрушкА мЯч,2,594.98,5.02,cOMplEted,Ждём с нетерпением!,2024/06/27,6100732489471114
2029947478470,2024-06-24 12:48:55,мАРИЯ ПЕТрОВА,+7(9191)84-45,5,Молоко,4,11711.42,288.58,CompLeTed,Ждём с нетерпением!,2024/06/27,6100732489471114
2029947477985,2024/06/05 23:20:25,МАРИя пЕтрОВА,8(9595) 18-48,2,иГрушка Мяч,3,736.29,163.71,cAncELlED,Проверить наличие,2024/06/12,1249663641304611
2029947476125,2024/06/08 10:29:28,дМИТриЙ кузнЕцоВ,+7 9502 98 15,1,корМ для Собак,3,1279.41,220.59,cANCeLled,Ждём с нетерпением!,2024-06-10,3444638796488678
2029947476125,2024/06/08 10:29:28,дМИТриЙ кузнЕцоВ,+7 9502 98 15,3,аМуниЦия ДЛя СобаК,2,2045.97,354.03,CANcEllED,Ждём с нетерпением!,2024-06-10,3444638796488678
2029947475149,18.06.2024 13:10,МИХаил оРЛов,+7 9828 89 38,3,АмуниЦия длЯ СоБАК,1,1109.66,90.34,cANcEllEd,подарок вовремя,2024/06/17,5613978912720388
2029947475149,18.06.2024 13:10,МИХаил оРЛов,+7 9828 89 38,1,кОРМ длЯ СобАк,2,839.12,160.88,cANcELled,подарок вовремя,2024/06/17,5613978912720388
2029947475149,18.06.2024 13:10,МИХаил оРЛов,+7 9828 89 38,3,АМУНИЦия дЛЯ СоБАК,1,1198.33,1.67,CaNCelled,подарок вовремя,2024/06/17,5613978912720388
2029947475149,18.06.2024 13:10,МИХаил оРЛов,+7 9828 89 38,3,АмуНиЦия для собАК,2,2008.24,391.76,CAnCeLleD,подарок вовремя,2024/06/17,5613978912720388
2029947474956,2024-06-01 18:19:34,еЛеНа НоВикОвА,+7 9781 60 64,5,МолОКО,5,13533.92,1466.08,CANCeLlED,Нужно уточнить сроки,2024/06/18,8245922374052372
2029947474956,2024-06-01 18:19:34,еЛеНа НоВикОвА,+7 9781 60 64,5,моЛокО,1,2741.14,258.86,CanCElLED,Нужно уточнить сроки,2024/06/18,8245922374052372
2029947474956,2024-06-01 18:19:34,еЛеНа НоВикОвА,+7 9781 60 64,4,подписКА нА газету,4,2359.87,40.13,canCElled,Нужно уточнить сроки,2024/06/18,8245922374052372
2029947474956,2024-06-01 18:19:34,еЛеНа НоВикОвА,+7 9781 60 64,1,Корм Для Собак,2,803.81,196.19,caNCelLED,Нужно уточнить сроки,2024/06/18,8245922374052372
2029947473502,2024-06-04 19:02:29,АлеКСеЙ МИхайЛов,8(9059) 43-32,2,ИгруШка мяч,3,892.18,7.82,COMpleteD,Ждём с нетерпением!,14.06.2024,6569701455017329
2029947472947,2024-06-08 14:37:07,еЛена НОвиКОВа,+7(9793)85-13,1,КОРм Для СоБАК,2,976.4,23.6,PROcEsSInG,Ждём с нетерпением!,2024-06-23,3102340597929570
2029947472947,2024-06-08 14:37:07,еЛена НОвиКОВа,+7(9793)85-13,1,кОрМ длЯ соБаК,4,1903.0,97.0,pRocESsiNG,Ждём с нетерпением!,2024-06-23,3102340597929570
2029947472947,2024-06-08 14:37:07,еЛена НОвиКОВа,+7(9793)85-13,1,КОРм дЛя собаК,1,409.13,90.87,pROceSsINg,Ждём с нетерпением!,2024-06-23,3102340597929570
2029947472947,2024-06-08 14:37:07,еЛена НОвиКОВа,+7(9793)85-13,3,АМУНиЦия дЛя соБак,4,4686.71,113.29,pRocEsSIng,Ждём с нетерпением!,2024-06-23,3102340597929570
2029947471600,23.06.2024 00:24,дмитРиЙ куЗНеЦОв,+7 9151 88 44,3,АмУниЦИя дЛя собаК,4,3998.06,801.94,PROCEsSiNG,подарок вовремя,2024-06-12,2620091425031027
2029947470352,05.06.2024 15:39,олЬГа КузнецОвА,8(9050) 09-06,5,мОлоко,2,5174.94,825.06,ProCessInG,спасибо за заказ,2024-06-25,3998724801563161
2029947470352,05.06.2024 15:39,олЬГа КузнецОвА,8(9050) 09-06,5,МолОко,1,2858.56,141.44,PROcessINg,спасибо за заказ,2024-06-25,3998724801563161
2029947470352,05.06.2024 15:39,олЬГа КузнецОвА,8(9050) 09-06,1,кОрм дЛя сОбаК,3,1284.88,215.12,PrOCesSInG,спасибо за заказ,2024-06-25,3998724801563161
2029947470352,05.06.2024 15:39,олЬГа КузнецОвА,8(9050) 09-06,4,поДпИсКа на гАзетУ,2,1182.6,17.4,PROCessIng,спасибо за заказ,2024-06-25,3998724801563161
2029947469564,2024-06-28 06:52:20,АннА СмИРноВА,8(9035) 71-58,5,МолОко,3,8373.66,626.34,pROcesSING,Ждём с нетерпением!,2024/06/13,0406422887849125
2029947469564,2024-06-28 06:52:20,АннА СмИРноВА,8(9035) 71-58,3,аМУНИЦия дЛЯ сОбАк,1,1124.29,75.71,pRoCeSSiNG,Ждём с нетерпением!,2024/06/13,0406422887849125
2029947469564,2024-06-28 06:52:20,АннА СмИРноВА,8(9035) 71-58,2,игРушкА мЯЧ,3,804.41,95.59,PRoCESsiNG,Ждём с нетерпением!,2024/06/13,0406422887849125
2029947468815,2024-06-02 14:36:58,михАИл ОРлоВ,+7(9138)09-31,2,ИГрушкА мяЧ,5,1211.37,288.63,pRoCESSiNG,спасибо за заказ,2024-06-27,8237859234163513
2029947468815,2024-06-02 14:36:58,михАИл ОРлоВ,+7(9138)09-31,1,коРм Для СОБАК,4,1833.09,166.91,PrOCeSsiNg,спасибо за заказ,2024-06-27,8237859234163513
2029947467400,2024/06/03 23:13:12,аЛеКсЕй мИХаЙлОВ,+7 9177 50 51,3,амУнициЯ ДЛЯ СОбаК,5,4984.14,1015.86,CompLetEd,подарок вовремя,06.06.2024,1501477063685648
2029947467400,2024/06/03 23:13:12,аЛеКсЕй мИХаЙлОВ,+7 9177 50 51,4,ПОдПисКА на ГАЗеТУ,1,579.21,20.79,coMplETEd,подарок вовремя,06.06.2024,1501477063685648
2029947467400,2024/06/03 23:13:12,аЛеКсЕй мИХаЙлОВ,+7 9177 50 51,1,КоРм ДЛя СОбаК,1,400.54,99.46,COMPLetED,подарок вовремя,06.06.2024,1501477063685648
2029947467400,2024/06/03 23:13:12,аЛеКсЕй мИХаЙлОВ,+7 9177 50 51,2,ИгРУшкА МЯЧ,1,283.04,16.96,compLeted,подарок вовремя,06.06.2024,1501477063685648
2029947467400,2024/06/03 23:13:12,аЛеКсЕй мИХаЙлОВ,+7 9177 50 51,2,ИгРушка МяЧ,5,1314.48,185.52,COmPLEtED,подарок вовремя,06.06.2024,1501477063685648
2029947466119,06.06.2024 07:02,ивАн ивАнОВ,+7 9537 27 79,2,иГрушкА Мяч,3,781.66,118.34,canceLLeD,Проверить наличие,2024/06/12,7430485682704375
2029947466119,06.06.2024 07:02,ивАн ивАнОВ,+7 9537 27 79,4,ПоДПИСкА на гАзеТу,4,1977.69,422.31,CAncELLED,Проверить наличие,2024/06/12,7430485682704375
2029947466119,06.06.2024 07:02,ивАн ивАнОВ,+7 9537 27 79,5,МоЛоко,5,12970.1,2029.9,CAnCElLed,Проверить наличие,2024/06/12,7430485682704375
2029947465499,10.06.2024 06:54,еленА нОВиКовА,+7 9145 16 92,5,МОЛоко,3,8885.2,114.8,pROCEsSING,спасибо за заказ,01.06.2024,4028052310154819
2029947464726,30.06.2024 09:58,АННА сМирНовА,8(9333) 11-45,2,иГруШКа МЯч,2,536.74,63.26,cancElLed,Ждём с нетерпением!,2024/06/02,4250042965907371
2029947464726,30.06.2024 09:58,АННА сМирНовА,8(9333) 11-45,2,ИГРУШКа мяч,5,1439.25,60.75,CaNCellEd,Ждём с нетерпением!,2024/06/02,4250042965907371
2029947463883,28.06.2024 22:24,МариЯ ПЕтРова,+7 9418 86 00,3,АмУнИциЯ Для сОбак,4,4106.73,693.27,CAnCelLeD,Ждём с нетерпением!,27.06.2024,6197057892937536
2029947463883,28.06.2024 22:24,МариЯ ПЕтРова,+7 9418 86 00,4,ПодпИСка нА ГазЕТу,2,996.62,203.38,caNCeLled,Ждём с нетерпением!,27.06.2024,6197057892937536
2029947463883,28.06.2024 22:24,МариЯ ПЕтРова,+7 9418 86 00,3,АмУНИциЯ дЛЯ соБак,4,4437.32,362.68,CanCElLeD,Ждём с нетерпением!,27.06.2024,6197057892937536
2029947462335,13.06.2024 18:01,МарИЯ петРовА,+7(9656)93-02,5,молОкО,5,13424.01,1575.99,COMpLEtEd,подарок вовремя,01.06.2024,8563474724551709
2029947462335,13.06.2024 18:01,МарИЯ петРовА,+7(9656)93-02,3,аМуНИЦИя дЛя СОБАК,3,3010.57,589.43,cOmPLETeD,подарок вовремя,01.06.2024,8563474724551709
2029947462335,13.06.2024 18:01,МарИЯ петРовА,+7(9656)93-02,2,иГруШКА мЯЧ,3,826.37,73.63,compLETED,подарок вовремя,01.06.2024,8563474724551709
2029947462335,13.06.2024 18:01,МарИЯ петРовА,+7(9656)93-02,3,амуниЦия дЛЯ Собак,3,3141.98,458.02,COmPleTed,подарок вовремя,01.06.2024,8563474724551709
2029947461722,27.06.2024 18:35,МАрИЯ пЕтрова,+7 9226 74 41,4,подПиска НА гАЗЕтУ,4,2152.69,247.31,cAncELlEd,подарок вовремя,29.06.2024,2389760146171701
2029947461722,27.06.2024 18:35,МАрИЯ пЕтрова,+7 9226 74 41,5,моЛоКО,2,5637.17,362.83,cAncELlEd,подарок вовремя,29.06.2024,2389760146171701
2029947461722,27.06.2024 18:35,МАрИЯ пЕтрова,+7 9226 74 41,1,Корм для соБАк,1,436.64,63.36,cANcelleD,подарок вовремя,29.06.2024,2389760146171701
2029947460509,2024-06-01 22:59:02,ивАн ИвАнОВ,8(9029) 73-70,3,аМуНиЦия ДЛя соБак,5,5483.63,516.37,PrOceSSiNg,Ждём с нетерпением!,2024-06-05,7929175305391909
2029947460509,2024-06-01 22:59:02,ивАн ИвАнОВ,8(9029) 73-70,3,аМуНИЦиЯ длЯ СОбАК,3,3150.71,449.29,PROCESsInG,Ждём с нетерпением!,2024-06-05,7929175305391909
2029947460509,2024-06-01 22:59:02,ивАн ИвАнОВ,8(9029) 73-70,3,АМУницИЯ Для соБАК,4,4487.35,312.65,pROcessINg,Ждём с нетерпением!,2024-06-05,7929175305391909
2029947460509,2024-06-01 22:59:02,ивАн ИвАнОВ,8(9029) 73-70,1,КОрм ДЛЯ СОбАК,3,1426.59,73.41,pROCEssIng,Ждём с нетерпением!,2024-06-05,7929175305391909
2029947460509,2024-06-01 22:59:02,ивАн ИвАнОВ,8(9029) 73-70,3,АмУнИЦия для СОБАк,5,5884.01,115.99,prOCESSiNg,Ждём с нетерпением!,2024-06-05,7929175305391909
2029947459206,2024/06/26 10:47:09,ольга кУзнецОвА,+7(9392)18-03,2,ИгРушка мяч,1,240.57,59.43,COmPLeTED,Всё отлично!,2024-06-05,6168235312095132
2029947458225,03.06.2024 18:38,мИХаиЛ ОрлОВ,+7(9114)52-36,4,ПоДпИскА НА ГазетУ,2,1121.39,78.61,caNcELlEd,спасибо за заказ,25.06.2024,5308926270148526
2029947458225,03.06.2024 18:38,мИХаиЛ ОрлОВ,+7(9114)52-36,1,кОРМ дЛЯ сОБАК,4,1724.65,275.35,CANCEllED,спасибо за заказ,25.06.2024,5308926270148526
2029947457751,2024/06/22 00:20:25,еленА новиКоВа,+7 9623 83 81,5,моЛоко,3,7902.07,1097.93,coMPLeTed,"Задержка с доставкой, печалька...",2024/06/03,2065204657316316
2029947457751,2024/06/22 00:20:25,еленА новиКоВа,+7 9623 83 81,3,аМУнициЯ Для сОбАК,1,978.42,221.58,compLETEd,"Задержка с доставкой, печалька...",2024/06/03,2065204657316316
2029947457751,2024/06/22 00:20:25,еленА новиКоВа,+7 9623 83 81,4,ПодписКА на гАЗетУ,5,2935.52,64.48,cOMpLEtEd,"Задержка с доставкой, печалька...",2024/06/03,2065204657316316
2029947457751,2024/06/22 00:20:25,еленА новиКоВа,+7 9623 83 81,2,игРушка мяЧ,1,243.04,56.96,COMPLETeD,"Задержка с доставкой, печалька...",2024/06/03,2065204657316316
2029947457751,2024/06/22 00:20:25,еленА новиКоВа,+7 9623 83 81,1,кОРМ дЛя сОбак,2,801.15,198.85,compLetED,"Задержка с доставкой, печалька...",2024/06/03,2065204657316316
2029947456229,15.06.2024 22:44,иВаН ИВАнов,8(9893) 32-66,4,пОдПИска На гАзеТУ,2,1038.75,161.25,cancELleD,Всё отлично!,2024/06/26,5820600305313601
2029947456229,15.06.2024 22:44,иВаН ИВАнов,8(9893) 32-66,2,ИгруШка МяЧ,5,1251.46,248.54,cAncelLEd,Всё отлично!,2024/06/26,5820600305313601
2029947456229,15.06.2024 22:44,иВаН ИВАнов,8(9893) 32-66,1,кОрм дЛя сОбАк,5,2032.58,467.42,CancelLEd,Всё отлично!,2024/06/26,5820600305313601
2029947456229,15.06.2024 22:44,иВаН ИВАнов,8(9893) 32-66,1,кОрМ дЛЯ СОбАК,1,464.38,35.62,CancELled,Всё отлично!,2024/06/26,5820600305313601
2029947455695,29.06.2024 10:37,алеКсЕЙ мИХайЛов,8(9862) 04-51,5,мОЛоко,5,14467.1,532.9,canCELlED,Всё отлично!,24.06.2024,9632008154042693
2029947455695,29.06.2024 10:37,алеКсЕЙ мИХайЛов,8(9862) 04-51,5,мОлОко,5,13333.3,1666.7,caNCelLed,Всё отлично!,24.06.2024,9632008154042693
2029947455695,29.06.2024 10:37,алеКсЕЙ мИХайЛов,8(9862) 04-51,3,АМУнИЦИя ДЛЯ соБак,3,3276.04,323.96,CANcELleD,Всё отлично!,24.06.2024,9632008154042693
2029947454179,06.06.2024 01:57,сЕргЕЙ СидОРоВ,+7 9303 66 20,3,АМУНИЦИя длЯ сОбак,5,4991.38,1008.62,CanCelLEd,Ждём с нетерпением!,2024/06/10,5886827303947430
2029947454179,06.06.2024 01:57,сЕргЕЙ СидОРоВ,+7 9303 66 20,3,АмуНиЦиЯ ДлЯ СОбаК,2,2094.7,305.3,CANcellEd,Ждём с нетерпением!,2024/06/10,5886827303947430
2029947454179,06.06.2024 01:57,сЕргЕЙ СидОРоВ,+7 9303 66 20,5,мОЛоко,2,4998.03,1001.97,cancElLed,Ждём с нетерпением!,2024/06/10,5886827303947430
2029947453420,2024/06/29 14:57:53,мИхаиЛ оРЛОв,+7(9555)91-48,3,аМуНИцИЯ ДлЯ СоБак,3,3594.47,5.53,CompLeTEd,"Задержка с доставкой, печалька...",15.06.2024,9398711047037466
2029947453420,2024/06/29 14:57:53,мИхаиЛ оРЛОв,+7(9555)91-48,4,пОдпИсКА на ГазеТУ,4,2040.59,359.41,CoMpLETEd,"Задержка с доставкой, печалька...",15.06.2024,9398711047037466
2029947453420,2024/06/29 14:57:53,мИхаиЛ оРЛОв,+7(9555)91-48,4,ПОДПиска На ГазетУ,4,2345.08,54.92,cOMPLeteD,"Задержка с доставкой, печалька...",15.06.2024,9398711047037466
2029947453420,2024/06/29 14:57:53,мИхаиЛ оРЛОв,+7(9555)91-48,4,подпИсКА на ГаЗеТу,4,2386.46,13.54,comPleTED,"Задержка с доставкой, печалька...",15.06.2024,9398711047037466
2029947452805,2024-06-10 03:26:25,АЛЕКСЕЙ мИхаЙлов,+7 9006 16 02,1,корМ дЛя СобАк,1,407.64,92.36,PRocEsSiNg,подарок вовремя,2024-06-17,3758871541764596
2029947452805,2024-06-10 03:26:25,АЛЕКСЕЙ мИхаЙлов,+7 9006 16 02,5,МоЛОкО,5,13819.09,1180.91,ProCesSIng,подарок вовремя,2024-06-17,3758871541764596
2029947452805,2024-06-10 03:26:25,АЛЕКСЕЙ мИхаЙлов,+7 9006 16 02,1,кОРМ ДЛЯ СОбАк,1,450.73,49.27,PrOCessiNg,подарок вовремя,2024-06-17,3758871541764596
2029947452805,2024-06-10 03:26:25,АЛЕКСЕЙ мИхаЙлов,+7 9006 16 02,3,амуНицИЯ длЯ соБАк,2,1930.07,469.93,pRocEssIng,подарок вовремя,2024-06-17,3758871541764596
2029947452805,2024-06-10 03:26:25,АЛЕКСЕЙ мИхаЙлов,+7 9006 16 02,3,АмУнИцИя ДЛЯ СОБак,1,1176.48,23.52,ProcEssinG,подарок вовремя,2024-06-17,3758871541764596
2029947451463,11.06.2024 23:00,АННа СмиРНова,+7(9425)24-67,2,игРУШка МЯч,3,782.32,117.68,PrOCESSinG,подарок вовремя,2024/06/11,5264110000491188
2029947451463,11.06.2024 23:00,АННа СмиРНова,+7(9425)24-67,1,КоРм дЛЯ СОБАК,1,436.78,63.22,PROCesSING,подарок вовремя,2024/06/11,5264110000491188
2029947450620,2024-06-05 00:03:45,дМИТрий КузНецОВ,8(9838) 78-95,3,АмУнИЦИя дЛЯ СобаК,3,3229.79,370.21,COMplETED,подарок вовремя,2024-06-10,4401469364548770
2029947450620,2024-06-05 00:03:45,дМИТрий КузНецОВ,8(9838) 78-95,2,иГрУШкА МЯЧ,2,547.49,52.51,cOMPlEted,подарок вовремя,2024-06-10,4401469364548770
2029947449692,2024/06/23 02:33:03,еЛенА нОВиковА,+7 9519 27 84,3,аМУнИциЯ ДЛя сОбак,1,1025.73,174.27,proCEssiNG,Нужно уточнить сроки,02.06.2024,9410353339442939
2029947449692,2024/06/23 02:33:03,еЛенА нОВиковА,+7 9519 27 84,3,амУНИЦИЯ ДЛЯ соБаК,4,4132.43,667.57,PrOCESSIng,Нужно уточнить сроки,02.06.2024,9410353339442939
2029947449692,2024/06/23 02:33:03,еЛенА нОВиковА,+7 9519 27 84,1,коРМ Для СОбаК,5,2057.69,442.31,PROceSSing,Нужно уточнить сроки,02.06.2024,9410353339442939
2029947449692,2024/06/23 02:33:03,еЛенА нОВиковА,+7 9519 27 84,1,КОрМ ДлЯ СОБаК,4,1809.69,190.31,pROcEsSInG,Нужно уточнить сроки,02.06.2024,9410353339442939
2029947448317,2024/06/23 20:35:01,дМИТрИй кУзнецОв,+7(9144)46-25,1,корМ ДЛя соБАК,3,1330.44,169.56,CaNCeLlEd,Нужно уточнить сроки,2024/06/28,3029395099428402
2029947448317,2024/06/23 20:35:01,дМИТрИй кУзнецОв,+7(9144)46-25,3,АМУнИцИЯ для сОБАК,5,5961.09,38.91,CancelleD,Нужно уточнить сроки,2024/06/28,3029395099428402
2029947447492,2024-06-11 15:07:35,иван иваноВ,+7 9818 96 07,3,амунИцИя ДЛЯ СОБАк,4,3988.05,811.95,COmPlEtED,подарок вовремя,2024-06-30,3515427088466031
2029947447492,2024-06-11 15:07:35,иван иваноВ,+7 9818 96 07,3,АмуНиЦиЯ ДЛя собак,2,2220.21,179.79,COMplEted,подарок вовремя,2024-06-30,3515427088466031
2029947447492,2024-06-11 15:07:35,иван иваноВ,+7 9818 96 07,1,КОрм длЯ соБАк,2,825.44,174.56,cOmplETeD,подарок вовремя,2024-06-30,3515427088466031
2029947447492,2024-06-11 15:07:35,иван иваноВ,+7 9818 96 07,3,АМУнИЦия дЛЯ собАк,3,3091.2,508.8,COMpletEd,подарок вовремя,2024-06-30,3515427088466031
2029947446319,2024-06-16 02:27:25,аННА СмиРНовА,8(9442) 61-50,4,подПИСкА на газету,3,1517.23,282.77,cANcelLED,подарок вовремя,2024/06/14,6355454015128809
2029947446319,2024-06-16 02:27:25,аННА СмиРНовА,8(9442) 61-50,2,ИГРушКа МЯЧ,5,1496.8,3.2,CanceLleD,подарок вовремя,2024/06/14,6355454015128809
2029947446319,2024-06-16 02:27:25,аННА СмиРНовА,8(9442) 61-50,1,КОРм дЛЯ СОБАК,5,2347.79,152.21,cANceLleD,подарок вовремя,2024/06/14,6355454015128809
2029947446319,2024-06-16 02:27:25,аННА СмиРНовА,8(9442) 61-50,4,ПодпиСкА НА ГазеТу,5,2539.6,460.4,canCelleD,подарок вовремя,2024/06/14,6355454015128809
2029947446319,2024-06-16 02:27:25,аННА СмиРНовА,8(9442) 61-50,3,АМуНиЦИя для сОБАк,3,3349.48,250.52,CAnCellED,подарок вовремя,2024/06/14,6355454015128809
2029947445556,30.06.2024 00:19,ОЛьГА КУЗнЕЦОВа,+7(9223)19-15,4,пОДпИскА на ГаЗету,4,2142.6,257.4,CAncElled,спасибо за заказ,2024/06/06,5245997994060158
2029947445556,30.06.2024 00:19,ОЛьГА КУЗнЕЦОВа,+7(9223)19-15,5,моЛОКО,2,4837.68,1162.32,cancElLed,спасибо за заказ,2024/06/06,5245997994060158
2029947445556,30.06.2024 00:19,ОЛьГА КУЗнЕЦОВа,+7(9223)19-15,4,ПОдПиСкА На гаЗЕту,3,1765.28,34.72,caNCELLED,спасибо за заказ,2024/06/06,5245997994060158
2029947444345,24.06.2024 06:18,аннА СМИРнОВА,+7 9387 02 40,3,аМУНИЦия ДлЯ сОБАк,2,2099.62,300.38,CANcElLED,спасибо за заказ,2024-06-09,2841483072697403
2029947444345,24.06.2024 06:18,аннА СМИРнОВА,+7 9387 02 40,1,кОРМ дЛя сОбАК,4,1612.68,387.32,cANcELleD,спасибо за заказ,2024-06-09,2841483072697403
2029947444345,24.06.2024 06:18,аннА СМИРнОВА,+7 9387 02 40,4,ПоДписКа НА ГАзЕТУ,3,1620.39,179.61,cANCellEd,спасибо за заказ,2024-06-09,2841483072697403
2029947443639,2024/06/26 21:01:49,маРиЯ пеТровА,+7 9585 17 45,2,ИГРУшКА Мяч,4,964.17,235.83,cOmPLEtEd,подарок вовремя,2024-06-14,4594017333169646
2029947443639,2024/06/26 21:01:49,маРиЯ пеТровА,+7 9585 17 45,5,молоКО,3,8794.05,205.95,cOMPleTeD,подарок вовремя,2024-06-14,4594017333169646
2029947442296,2024-06-26 22:22:59,ОЛЬГа кУЗНЕЦОва,+7(9252)69-37,1,Корм дЛЯ сОбАк,2,860.65,139.35,CanCElLEd,Ждём с нетерпением!,01.06.2024,5425743577820677
2029947442296,2024-06-26 22:22:59,ОЛЬГа кУЗНЕЦОва,+7(9252)69-37,2,иГрУшКА мЯч,3,724.21,175.79,cancELleD,Ждём с нетерпением!,01.06.2024,5425743577820677
2029947441106,25.06.2024 02:23,ИВан ИВаНов,8(9294) 65-25,1,корМ для соБак,2,942.2,57.8,coMplEted,"Задержка с доставкой, печалька...",2024/06/08,9318062388279212
2029947440983,20.06.2024 03:10,ИвАн Иванов,+7(9727)85-88,2,ИгрушКа МЯч,2,506.25,93.75,cANcelled,Ждём с нетерпением!,2024-06-20,7956392916684284
2029947439614,2024-06-27 19:56:16,СЕРгЕй СиДороВ,+7 9608 21 95,3,АМуНиЦия для сОБаК,4,4447.67,352.33,ProcESsiNG,"Задержка с доставкой, печалька...",2024-06-05,6895784323565995
2029947439614,2024-06-27 19:56:16,СЕРгЕй СиДороВ,+7 9608 21 95,5,моЛОкО,5,14284.13,715.87,pROCesSInG,"Задержка с доставкой, печалька...",2024-06-05,6895784323565995
2029947439614,2024-06-27 19:56:16,СЕРгЕй СиДороВ,+7 9608 21 95,4,пОдПИскА нА гАЗЕту,4,2114.6,285.4,PROCEsSiNg,"Задержка с доставкой, печалька...",2024-06-05,6895784323565995
2029947438151,2024/06/23 14:31:16,наТаЛья ВаСИЛЬевА,8(9720) 16-75,3,амуниция дЛя СОбАк,1,1029.73,170.27,COMpleTed,"Задержка с доставкой, печалька...",06.06.2024,1796512649506510
2029947438151,2024/06/23 14:31:16,наТаЛья ВаСИЛЬевА,8(9720) 16-75,3,АмУНициЯ длЯ сОбАк,1,991.83,208.17,coMpleTeD,"Задержка с доставкой, печалька...",06.06.2024,1796512649506510
2029947437737,2024-06-08 20:04:48,ДмИТриЙ кузнЕЦов,+7 9213 40 58,3,амУницИЯ ДлЯ сОбаК,5,5542.88,457.12,PROcesSiNg,Проверить наличие,2024-06-05,0898971340624221
2029947436796,10.06.2024 13:42,НаТаЛЬЯ ваСилЬевА,+7 9351 72 65,3,АмуНиция для соБАК,5,5481.08,518.92,caNceLLed,"Задержка с доставкой, печалька...",2024-06-06,0074304293062407
2029947436796,10.06.2024 13:42,НаТаЛЬЯ ваСилЬевА,+7 9351 72 65,3,АмУнИцИя ДЛя СОбАК,2,2261.45,138.55,CanCeLlED,"Задержка с доставкой, печалька...",2024-06-06,0074304293062407
2029947435886,11.06.2024 21:59,ивАН ивАнОв,+7(9158)15-61,3,АмуниЦИЯ ДЛя СоБак,3,3206.84,393.16,compLeted,подарок вовремя,2024-06-01,5573321219939778
2029947435886,11.06.2024 21:59,ивАН ивАнОв,+7(9158)15-61,5,мОлОКО,1,2809.61,190.39,cOmplEtEd,подарок вовремя,2024-06-01,5573321219939778
2029947434751,2024/06/10 21:43:15,ЕЛена НОвиКОВа,+7 9064 52 28,5,мОлоКо,4,10754.69,1245.31,CompLeted,Нужно уточнить сроки,2024/06/02,1602154750534969
2029947433402,2024-06-20 09:31:20,ДмитрИй кУЗНецов,+7(9107)54-01,3,амУниЦиЯ дЛЯ СОбак,1,1164.15,35.85,pRoceSsing,подарок вовремя,2024-06-05,6702259018988400
2029947433402,2024-06-20 09:31:20,ДмитрИй кУЗНецов,+7(9107)54-01,3,аМУниЦиЯ Для сОбак,4,4155.61,644.39,prOcEssINg,подарок вовремя,2024-06-05,6702259018988400
2029947433402,2024-06-20 09:31:20,ДмитрИй кУЗНецов,+7(9107)54-01,2,ИГруШКа МЯЧ,3,862.36,37.64,ProCESsING,подарок вовремя,2024-06-05,6702259018988400
2029947433402,2024-06-20 09:31:20,ДмитрИй кУЗНецов,+7(9107)54-01,5,молОКО,3,7941.26,1058.74,prOcEsSIng,подарок вовремя,2024-06-05,6702259018988400
2029947432516,2024-06-23 14:45:43,НАТалЬя ВасилЬеВА,+7 9906 76 21,5,МоЛОКО,5,13811.3,1188.7,caNCelled,подарок вовремя,03.06.2024,1851568273601013
2029947432516,2024-06-23 14:45:43,НАТалЬя ВасилЬеВА,+7 9906 76 21,1,КОРм дЛЯ сОБаК,1,489.65,10.35,canCElled,подарок вовремя,03.06.2024,1851568273601013
2029947432516,2024-06-23 14:45:43,НАТалЬя ВасилЬеВА,+7 9906 76 21,1,корм дЛЯ собАК,3,1276.8,223.2,CancelLED,подарок вовремя,03.06.2024,1851568273601013
2029947432516,2024-06-23 14:45:43,НАТалЬя ВасилЬеВА,+7 9906 76 21,2,иГРуШкА МяЧ,4,1055.34,144.66,CanceLLeD,подарок вовремя,03.06.2024,1851568273601013
2029947432516,2024-06-23 14:45:43,НАТалЬя ВасилЬеВА,+7 9906 76 21,4,пОДПИсКа На ГАзЕТУ,2,1044.02,155.98,CAnceLLed,подарок вовремя,03.06.2024,1851568273601013
2029947431320,23.06.2024 14:50,дмИТриЙ кУзНецОв,+7 9693 57 50,1,Корм длЯ СоБАк,2,961.76,38.24,pROCesSING,Ждём с нетерпением!,2024/06/06,3409063674997569
2029947430741,2024-06-12 09:29:39,анНА сМИрНОва,8(9709) 16-79,3,АМунИциЯ ДЛЯ соБАК,3,2951.91,648.09,caNCElleD,Всё отлично!,19.06.2024,0496338518043001
2029947430741,2024-06-12 09:29:39,анНА сМИрНОва,8(9709) 16-79,5,мОЛОкО,4,11893.31,106.69,cANcELLED,Всё отлично!,19.06.2024,0496338518043001
2029947429560,2024/06/26 14:02:28,аЛЕКСЕй мИхАЙлОВ,+7(9930)88-87,1,кОрМ длЯ соБАК,3,1290.16,209.84,CoMplETEd,Ждём с нетерпением!,08.06.2024,3353673078373919
2029947429560,2024/06/26 14:02:28,аЛЕКСЕй мИхАЙлОВ,+7(9930)88-87,3,амУНИЦиЯ ДЛя сОБаК,1,1107.68,92.32,CompLeTed,Ждём с нетерпением!,08.06.2024,3353673078373919
2029947429560,2024/06/26 14:02:28,аЛЕКСЕй мИхАЙлОВ,+7(9930)88-87,4,поДПИСка НА гАЗЕту,3,1567.33,232.67,cOmPleTeD,Ждём с нетерпением!,08.06.2024,3353673078373919
2029947429560,2024/06/26 14:02:28,аЛЕКСЕй мИхАЙлОВ,+7(9930)88-87,3,аМУниЦИЯ дЛЯ СоБАК,3,3596.01,3.99,cOmpLETeD,Ждём с нетерпением!,08.06.2024,3353673078373919
2029947429560,2024/06/26 14:02:28,аЛЕКСЕй мИхАЙлОВ,+7(9930)88-87,2,иГрУШкА мЯЧ,2,514.1,85.9,COMPlEtEd,Ждём с нетерпением!,08.06.2024,3353673078373919
2029947428369,2024-06-08 20:55:04,НаТАлья ВАСИлЬеВа,+7 9771 03 83,5,молоКо,4,10087.25,1912.75,pROcESSInG,Нужно уточнить сроки,14.06.2024,9142024697025690
2029947427375,2024/06/13 00:33:33,маРия ПЕТРовА,8(9233) 63-66,4,поДпИсКа На гАзЕТУ,5,2645.51,354.49,ProcESSiNg,Нужно уточнить сроки,01.06.2024,8239098507556163
2029947427375,2024/06/13 00:33:33,маРия ПЕТРовА,8(9233) 63-66,3,амуниЦИя ДЛя соБАк,1,1044.88,155.12,pRoceSSiNg,Нужно уточнить сроки,01.06.2024,8239098507556163
2029947427375,2024/06/13 00:33:33,маРия ПЕТРовА,8(9233) 63-66,1,коРМ дЛя СОБаК,5,2177.27,322.73,PRoCESSIng,Нужно уточнить сроки,01.06.2024,8239098507556163
2029947426886,30.06.2024 17:40,елеНа новИКовА,8(9249) 12-02,5,мОЛоко,1,2780.5,219.5,coMPleTEd,Нужно уточнить сроки,2024/06/19,5695101672466587
2029947426886,30.06.2024 17:40,елеНа новИКовА,8(9249) 12-02,5,мОЛокО,2,5359.15,640.85,COMPlETed,Нужно уточнить сроки,2024/06/19,5695101672466587
2029947426886,30.06.2024 17:40,елеНа новИКовА,8(9249) 12-02,5,моЛоко,1,2609.07,390.93,ComPLEteD,Нужно уточнить сроки,2024/06/19,5695101672466587
2029947425278,2024/06/30 09:58:00,ЕлЕнА ноВИкОВА,+7(9844)15-03,3,АмуНиЦИЯ дЛЯ собАк,5,5143.95,856.05,cancELlED,Всё отлично!,2024-06-03,1096326883004987
2029947425278,2024/06/30 09:58:00,ЕлЕнА ноВИкОВА,+7(9844)15-03,4,ПодпИСка На гаЗеТу,4,2056.4,343.6,CANCElLeD,Всё отлично!,2024-06-03,1096326883004987
2029947425278,2024/06/30 09:58:00,ЕлЕнА ноВИкОВА,+7(9844)15-03,2,иГРУшКА Мяч,4,976.65,223.35,caNCelLed,Всё отлично!,2024-06-03,1096326883004987
2029947424159,2024/06/25 07:30:22,СеРгеЙ сиДоров,+7 9859 62 90,3,аМУниЦИЯ дЛЯ СОбак,2,1985.88,414.12,compLEtEd,"Задержка с доставкой, печалька...",2024/06/30,3533821712821942
2029947424159,2024/06/25 07:30:22,СеРгеЙ сиДоров,+7 9859 62 90,1,КОРМ Для СОбАк,5,2478.76,21.24,comPleted,"Задержка с доставкой, печалька...",2024/06/30,3533821712821942
2029947424159,2024/06/25 07:30:22,СеРгеЙ сиДоров,+7 9859 62 90,5,МолоКо,2,5086.85,913.15,cOMplETed,"Задержка с доставкой, печалька...",2024/06/30,3533821712821942
2029947423292,2024/06/14 12:31:09,АнНа сМиРНовА,+7 9576 87 41,1,КОРМ для СОБАк,3,1334.65,165.35,CanCelled,Проверить наличие,2024-06-26,1801252411509188
2029947423292,2024/06/14 12:31:09,АнНа сМиРНовА,+7 9576 87 41,3,амУнИцИЯ дЛЯ собАК,3,3376.24,223.76,cancElLED,Проверить наличие,2024-06-26,1801252411509188
2029947423292,2024/06/14 12:31:09,АнНа сМиРНовА,+7 9576 87 41,2,ИГРУШКа МяЧ,4,967.74,232.26,CANCELlEd,Проверить наличие,2024-06-26,1801252411509188
2029947423292,2024/06/14 12:31:09,АнНа сМиРНовА,+7 9576 87 41,2,ИгРушКа мяЧ,4,1108.91,91.09,CAnceLleD,Проверить наличие,2024-06-26,1801252411509188
2029947423292,2024/06/14 12:31:09,АнНа сМиРНовА,+7 9576 87 41,1,КОРМ дЛЯ СобаК,3,1468.71,31.29,CANcELLEd,Проверить наличие,2024-06-26,1801252411509188
2029947422377,2024/06/18 07:02:29,ивАН ИВаНОВ,8(9524) 81-13,1,кОРм для СобАк,3,1287.62,212.38,compLeteD,подарок вовремя,2024/06/11,7608281644433202
2029947421903,2024-06-27 03:38:54,мИХаиЛ оРлов,+7(9166)21-53,2,игРуШКа мяч,4,1115.39,84.61,PRocESsING,спасибо за заказ,09.06.2024,1586506894984277
2029947420703,2024/06/17 13:01:35,алекСЕЙ МихаЙлОв,+7(9819)62-22,2,игРУшкА мЯЧ,5,1451.37,48.63,PRocEsSing,"Задержка с доставкой, печалька...",2024-06-20,5150831151965613
2029947420703,2024/06/17 13:01:35,алекСЕЙ МихаЙлОв,+7(9819)62-22,5,МолоКо,2,5885.54,114.46,ProcesSiNg,"Задержка с доставкой, печалька...",2024-06-20,5150831151965613
2029947420703,2024/06/17 13:01:35,алекСЕЙ МихаЙлОв,+7(9819)62-22,1,КОРМ длЯ СоБАк,4,1811.43,188.57,prOCESSINg,"Задержка с доставкой, печалька...",2024-06-20,5150831151965613
2029947420703,2024/06/17 13:01:35,алекСЕЙ МихаЙлОв,+7(9819)62-22,4,ПоДпискА нА газЕТу,4,2132.88,267.12,ProcEssING,"Задержка с доставкой, печалька...",2024-06-20,5150831151965613
2029947420703,2024/06/17 13:01:35,алекСЕЙ МихаЙлОв,+7(9819)62-22,2,ИгРушка МЯч,4,1046.6,153.4,PRocESSinG,"Задержка с доставкой, печалька...",2024-06-20,5150831151965613
2029947419156,2024/06/11 11:26:52,михАил ОрлоВ,+7(9502)40-23,2,игРуШКА МЯЧ,3,859.85,40.15,caNCelleD,"Задержка с доставкой, печалька...",2024-06-06,4043718848449895
2029947419156,2024/06/11 11:26:52,михАил ОрлоВ,+7(9502)40-23,5,МОЛоко,1,2987.4,12.6,caNcELleD,"Задержка с доставкой, печалька...",2024-06-06,4043718848449895
2029947418946,15.06.2024 08:10,ДМиТрий КУзНеЦОВ,8(9334) 48-08,3,АмУнициЯ ДлЯ СОБаК,5,5029.44,970.56,coMPLeTeD,"Задержка с доставкой, печалька...",2024-06-11,1821914080407362
2029947418946,15.06.2024 08:10,ДМиТрий КУзНеЦОВ,8(9334) 48-08,3,АМунициЯ ДлЯ СОБАк,1,1089.5,110.5,compLEtEd,"Задержка с доставкой, печалька...",2024-06-11,1821914080407362
2029947418946,15.06.2024 08:10,ДМиТрий КУзНеЦОВ,8(9334) 48-08,1,КОрМ дЛя Собак,1,403.83,96.17,CoMPLEted,"Задержка с доставкой, печалька...",2024-06-11,1821914080407362
2029947418946,15.06.2024 08:10,ДМиТрий КУзНеЦОВ,8(9334) 48-08,3,АмуНИцИя дЛЯ СОБАК,3,3303.03,296.97,comPlEtED,"Задержка с доставкой, печалька...",2024-06-11,1821914080407362
2029947417277,2024-06-11 05:27:21,аЛЕксеЙ МиХАЙлОв,+7(9804)22-47,4,ПОДпИСКА НА ГАзЕТУ,5,2956.98,43.02,CAncellED,спасибо за заказ,2024-06-06,3999813437840285
2029947417277,2024-06-11 05:27:21,аЛЕксеЙ МиХАЙлОв,+7(9804)22-47,2,иГрУШКА МяЧ,2,486.44,113.56,CANCElLeD,спасибо за заказ,2024-06-06,3999813437840285
2029947417277,2024-06-11 05:27:21,аЛЕксеЙ МиХАЙлОв,+7(9804)22-47,4,поДПиСКа На ГАЗЕТу,5,2701.26,298.74,cAncELlEd,спасибо за заказ,2024-06-06,3999813437840285
2029947417277,2024-06-11 05:27:21,аЛЕксеЙ МиХАЙлОв,+7(9804)22-47,1,кОрм ДЛя сОбак,5,2238.74,261.26,caNCellEd,спасибо за заказ,2024-06-06,3999813437840285
2029947416874,2024/06/11 00:25:17,ИВАН ИвАНоВ,+7(9026)20-01,2,иГРуШка МЯч,4,1085.46,114.54,PROCeSsInG,Ждём с нетерпением!,2024-06-15,8078447331395258
2029947416874,2024/06/11 00:25:17,ИВАН ИвАНоВ,+7(9026)20-01,3,АМУниЦИЯ Для СОБак,5,5111.73,888.27,pRoCEsSIng,Ждём с нетерпением!,2024-06-15,8078447331395258
2029947416874,2024/06/11 00:25:17,ИВАН ИвАНоВ,+7(9026)20-01,4,ПОдПиСка На гаЗеТУ,5,2522.06,477.94,procESsiNG,Ждём с нетерпением!,2024-06-15,8078447331395258
2029947416874,2024/06/11 00:25:17,ИВАН ИвАНоВ,+7(9026)20-01,5,МолокО,1,2653.03,346.97,procESsing,Ждём с нетерпением!,2024-06-15,8078447331395258
2029947416874,2024/06/11 00:25:17,ИВАН ИвАНоВ,+7(9026)20-01,2,игРУшкА МяЧ,2,563.38,36.62,proceSSiNg,Ждём с нетерпением!,2024-06-15,8078447331395258
2029947415159,21.06.2024 13:15,еЛЕНа ноВиКОВа,+7(9190)52-96,4,ПОДпиСка на ГАЗЕТУ,1,543.17,56.83,PrOCeSSING,подарок вовремя,2024-06-05,9143247094609225
2029947415159,21.06.2024 13:15,еЛЕНа ноВиКОВа,+7(9190)52-96,2,ИГРУШка МяЧ,1,274.4,25.6,ProcesSINg,подарок вовремя,2024-06-05,9143247094609225
2029947414908,2024/06/26 10:26:34,АннА СМИРНоВА,8(9639) 92-38,5,МОлОкО,2,4858.78,1141.22,cancEllEd,Проверить наличие,19.06.2024,6335853328297041
2029947414908,2024/06/26 10:26:34,АннА СМИРНоВА,8(9639) 92-38,3,аМУнИЦИя длЯ СОБак,4,4298.22,501.78,CAncellEd,Проверить наличие,19.06.2024,6335853328297041
2029947414908,2024/06/26 10:26:34,АннА СМИРНоВА,8(9639) 92-38,5,мОЛоко,5,13824.19,1175.81,CaNCELLeD,Проверить наличие,19.06.2024,6335853328297041
2029947413468,2024-06-01 11:16:59,ЕЛЕнА новИковА,+7 9998 45 56,3,аМунициЯ ДЛя СОБАк,4,4543.8,256.2,ComPLEteD,Нужно уточнить сроки,2024-06-19,1168273130845201
2029947413468,2024-06-01 11:16:59,ЕЛЕнА новИковА,+7 9998 45 56,3,АмУНиЦия ДЛя собак,2,2092.03,307.97,coMplETeD,Нужно уточнить сроки,2024-06-19,1168273130845201
2029947412741,2024/06/24 13:00:20,иВан иВаНоВ,+7(9760)85-02,3,амунициЯ ДЛя сОбак,3,2923.49,676.51,pRoceSsING,Ждём с нетерпением!,2024/06/27,8036507671215720
2029947411300,2024/06/16 03:57:33,мАрИя ПеТРоВА,+7(9284)60-68,4,ПОдпИска На ГАзету,4,2019.68,380.32,complEtED,спасибо за заказ,2024/06/21,2037971686707305
2029947411300,2024/06/16 03:57:33,мАрИя ПеТРоВА,+7(9284)60-68,1,КОРМ дЛЯ Собак,4,1963.14,36.86,ComPLEtED,спасибо за заказ,2024/06/21,2037971686707305
2029947411300,2024/06/16 03:57:33,мАрИя ПеТРоВА,+7(9284)60-68,1,кОрм ДЛЯ сОбАк,4,1847.55,152.45,coMpLEtEd,спасибо за заказ,2024/06/21,2037971686707305
2029947410982,2024-06-27 16:40:42,Михаил оРлОВ,8(9152) 46-57,3,АМуНицИЯ для СОБАК,4,4726.18,73.82,pRoceSsiNG,Ждём с нетерпением!,2024-06-09,8131822997890069
2029947410982,2024-06-27 16:40:42,Михаил оРлОВ,8(9152) 46-57,4,ПОдПисКа На ГаЗетУ,1,576.1,23.9,PRoCessinG,Ждём с нетерпением!,2024-06-09,8131822997890069
2029947410982,2024-06-27 16:40:42,Михаил оРлОВ,8(9152) 46-57,1,КОрм ДЛя СоБАк,3,1431.53,68.47,PrOcessinG,Ждём с нетерпением!,2024-06-09,8131822997890069
2029947410982,2024-06-27 16:40:42,Михаил оРлОВ,8(9152) 46-57,2,игрУшКА мЯч,2,581.09,18.91,PROCESsIng,Ждём с нетерпением!,2024-06-09,8131822997890069
2029947410982,2024-06-27 16:40:42,Михаил оРлОВ,8(9152) 46-57,3,аМуНиЦИя дЛя сОБаК,5,5016.12,983.88,proCESSinG,Ждём с нетерпением!,2024-06-09,8131822997890069
2029947409772,04.06.2024 22:42,аннА СМирнОвА,+7(9216)86-44,4,ПоДпискА На газЕту,2,1192.6,7.4,cOMPLEtED,Проверить наличие,2024/06/25,2701718580497585
2029947409772,04.06.2024 22:42,аннА СМирнОвА,+7(9216)86-44,5,моЛоКО,4,10606.27,1393.73,COmPLEtED,Проверить наличие,2024/06/25,2701718580497585
2029947409772,04.06.2024 22:42,аннА СМирнОвА,+7(9216)86-44,4,пОдПИСкА На газеТУ,3,1500.75,299.25,COMPletEd,Проверить наличие,2024/06/25,2701718580497585
2029947409772,04.06.2024 22:42,аннА СМирнОвА,+7(9216)86-44,4,поДпИсКА нА гАзЕту,2,1049.88,150.12,cOmPlEtEd,Проверить наличие,2024/06/25,2701718580497585
2029947409772,04.06.2024 22:42,аннА СМирнОвА,+7(9216)86-44,2,ИгрУШКА мЯЧ,3,747.7,152.3,complETEd,Проверить наличие,2024/06/25,2701718580497585
2029947408999,2024-06-24 14:24:25,наТалЬя ВАсИЛьЕВА,+7(9065)95-83,2,ИГрУшКа Мяч,3,722.95,177.05,ProcessinG,"Задержка с доставкой, печалька...",2024-06-22,6254763034474196
2029947408999,2024-06-24 14:24:25,наТалЬя ВАсИЛьЕВА,+7(9065)95-83,2,ИГруШКа мЯЧ,5,1459.23,40.77,pRocEsSinG,"Задержка с доставкой, печалька...",2024-06-22,6254763034474196
2029947408999,2024-06-24 14:24:25,наТалЬя ВАсИЛьЕВА,+7(9065)95-83,1,коРм Для сОБАк,2,841.83,158.17,proCEssiNg,"Задержка с доставкой, печалька...",2024-06-22,6254763034474196
2029947408999,2024-06-24 14:24:25,наТалЬя ВАсИЛьЕВА,+7(9065)95-83,1,кОРм ДЛя СоБАк,2,873.68,126.32,proCESSinG,"Задержка с доставкой, печалька...",2024-06-22,6254763034474196
2029947408999,2024-06-24 14:24:25,наТалЬя ВАсИЛьЕВА,+7(9065)95-83,3,АМУНиция для СоБАК,4,4432.65,367.35,PrOCEsSInG,"Задержка с доставкой, печалька...",2024-06-22,6254763034474196
2029947407741,2024/06/22 19:49:39,еЛЕНа новИкОвА,+7(9788)13-91,5,моЛОкО,1,2890.64,109.36,CanCeLled,спасибо за заказ,24.06.2024,3212698516596180
2029947407741,2024/06/22 19:49:39,еЛЕНа новИкОвА,+7(9788)13-91,4,пОдПИска на гАзЕТУ,3,1500.18,299.82,cANcElLed,спасибо за заказ,24.06.2024,3212698516596180
2029947407741,2024/06/22 19:49:39,еЛЕНа новИкОвА,+7(9788)13-91,3,АмУНиция для сОбАК,2,2130.53,269.47,CanceLLED,спасибо за заказ,24.06.2024,3212698516596180
2029947407741,2024/06/22 19:49:39,еЛЕНа новИкОвА,+7(9788)13-91,4,ПоДпИсКа НА ГАзЕту,5,2646.21,353.79,cAncelLed,спасибо за заказ,24.06.2024,3212698516596180
2029947407741,2024/06/22 19:49:39,еЛЕНа новИкОвА,+7(9788)13-91,4,ПОДпИскА на ГАзетУ,4,2208.18,191.82,cancELlED,спасибо за заказ,24.06.2024,3212698516596180
2029947406933,13.06.2024 23:45,анНА смИРНОва,+7(9428)80-70,2,ИгрУШКА мЯЧ,1,275.89,24.11,prOcessING,Всё отлично!,24.06.2024,2706754549730972
2029947406933,13.06.2024 23:45,анНА смИРНОва,+7(9428)80-70,2,игРушКА Мяч,3,893.53,6.47,procESsInG,Всё отлично!,24.06.2024,2706754549730972
2029947406933,13.06.2024 23:45,анНА смИРНОва,+7(9428)80-70,5,мОЛОко,2,5069.43,930.57,pRoCESsInG,Всё отлично!,24.06.2024,2706754549730972
2029947406933,13.06.2024 23:45,анНА смИРНОва,+7(9428)80-70,5,МоЛоКО,1,2991.77,8.23,pROCeSsInG,Всё отлично!,24.06.2024,2706754549730972
2029947406933,13.06.2024 23:45,анНА смИРНОва,+7(9428)80-70,4,пОДПиска на ГаЗЕту,3,1650.74,149.26,PrOCessInG,Всё отлично!,24.06.2024,2706754549730972
2029947405285,19.06.2024 03:03,аННА сМиРНоВА,+7(9091)00-21,1,Корм для сОбак,5,2215.59,284.41,COMpleteD,Нужно уточнить сроки,2024-06-25,5094035798428836
2029947405285,19.06.2024 03:03,аННА сМиРНоВА,+7(9091)00-21,3,АМуниЦиЯ дЛЯ соБаК,2,1932.64,467.36,COmPletEd,Нужно уточнить сроки,2024-06-25,5094035798428836
2029947405285,19.06.2024 03:03,аННА сМиРНоВА,+7(9091)00-21,2,ИГрушКА МЯЧ,4,1128.63,71.37,CoMPLeTED,Нужно уточнить сроки,2024-06-25,5094035798428836
2029947404974,2024/06/13 16:20:07,мАрИя ПетроВА,+7 9268 12 42,2,игРУшка МЯЧ,2,591.8,8.2,COMpLeteD,спасибо за заказ,2024/06/25,7398319329850851
2029947404974,2024/06/13 16:20:07,мАрИя ПетроВА,+7 9268 12 42,4,пОдПисКа на ГАзЕТу,1,553.63,46.37,CompLEted,спасибо за заказ,2024/06/25,7398319329850851
2029947404974,2024/06/13 16:20:07,мАрИя ПетроВА,+7 9268 12 42,1,Корм ДлЯ сОбАк,5,2179.72,320.28,comPLETED,спасибо за заказ,2024/06/25,7398319329850851
2029947404974,2024/06/13 16:20:07,мАрИя ПетроВА,+7 9268 12 42,5,МОЛоКО,5,13182.91,1817.09,COmPletED,спасибо за заказ,2024/06/25,7398319329850851
2029947404974,2024/06/13 16:20:07,мАрИя ПетроВА,+7 9268 12 42,4,подпИска НА гАЗЕтУ,5,2690.38,309.62,COmplETEd,спасибо за заказ,2024/06/25,7398319329850851
2029947403960,05.06.2024 15:05,АнНа СмИрНОва,+7(9542)76-63,2,ИГрУШка МЯч,1,261.92,38.08,COmPlEteD,Проверить наличие,2024-06-23,9256521105703959
2029947403960,05.06.2024 15:05,АнНа СмИрНОва,+7(9542)76-63,5,мОлОко,5,14134.19,865.81,COMplETeD,Проверить наличие,2024-06-23,9256521105703959
2029947403960,05.06.2024 15:05,АнНа СмИрНОва,+7(9542)76-63,3,аМуНициЯ ДЛЯ собак,5,5870.53,129.47,coMPleTeD,Проверить наличие,2024-06-23,9256521105703959
2029947403960,05.06.2024 15:05,АнНа СмИрНОва,+7(9542)76-63,4,ПодписКа нА ГАзЕТу,3,1621.02,178.98,comPLeTeD,Проверить наличие,2024-06-23,9256521105703959
2029947402521,2024-06-11 07:12:51,маРИя ПЕтроВА,+7(9209)34-22,1,кОрм ДЛЯ сОбак,1,496.52,3.48,prOCEsSiNg,Ждём с нетерпением!,20.06.2024,9557733123671320
2029947402521,2024-06-11 07:12:51,маРИя ПЕтроВА,+7(9209)34-22,3,амунИЦиЯ длЯ собАк,3,3394.47,205.53,ProcESsinG,Ждём с нетерпением!,20.06.2024,9557733123671320
2029947402521,2024-06-11 07:12:51,маРИя ПЕтроВА,+7(9209)34-22,4,поДПисКА НА ГаЗЕту,2,1139.25,60.75,ProcESsInG,Ждём с нетерпением!,20.06.2024,9557733123671320
2029947402521,2024-06-11 07:12:51,маРИя ПЕтроВА,+7(9209)34-22,4,подПиСкА На гАЗеТу,4,1967.51,432.49,prOcESsIng,Ждём с нетерпением!,20.06.2024,9557733123671320
2029947402521,2024-06-11 07:12:51,маРИя ПЕтроВА,+7(9209)34-22,2,ИГРУШка мЯЧ,1,294.94,5.06,PROcESsiNg,Ждём с нетерпением!,20.06.2024,9557733123671320
2029947401800,2024-06-17 11:03:52,МАРиЯ пЕтРова,+7(9766)82-25,2,Игрушка МяЧ,4,1037.9,162.1,CAnCelleD,Ждём с нетерпением!,26.06.2024,0099709302492923
2029947401800,2024-06-17 11:03:52,МАРиЯ пЕтРова,+7(9766)82-25,2,ИГРУШКА МяЧ,2,593.0,7.0,caNcelled,Ждём с нетерпением!,26.06.2024,0099709302492923
2029947400754,2024-06-15 19:54:58,МаРия ПЕТРоВА,+7 9969 94 50,1,корМ для сОбак,5,2371.65,128.35,COMpleTEd,Ждём с нетерпением!,2024/06/01,6638229213380063
2029947399486,2024/06/29 00:59:52,иВаН иваНОв,+7 9471 83 87,3,АМуНИция ДЛЯ сОбАК,2,1949.04,450.96,caNCElled,"Задержка с доставкой, печалька...",2024-06-05,2664344361696668
2029947399486,2024/06/29 00:59:52,иВаН иваНОв,+7 9471 83 87,1,КоРм ДЛя собаК,1,404.71,95.29,CANCElled,"Задержка с доставкой, печалька...",2024-06-05,2664344361696668
2029947399486,2024/06/29 00:59:52,иВаН иваНОв,+7 9471 83 87,1,коРМ дЛя сОБАк,2,917.11,82.89,CaNCELlED,"Задержка с доставкой, печалька...",2024-06-05,2664344361696668
2029947399486,2024/06/29 00:59:52,иВаН иваНОв,+7 9471 83 87,1,корм для соБаК,5,2009.51,490.49,cANcElleD,"Задержка с доставкой, печалька...",2024-06-05,2664344361696668
2029947399486,2024/06/29 00:59:52,иВаН иваНОв,+7 9471 83 87,1,КОРм ДЛЯ сОбАК,5,2143.63,356.37,CAnCelled,"Задержка с доставкой, печалька...",2024-06-05,2664344361696668
2029947398202,21.06.2024 05:49,иван ИванОВ,+7(9555)26-66,2,игрУШКа МяЧ,3,814.1,85.9,cOMpleteD,Проверить наличие,2024-06-26,7788128942938116
2029947398202,21.06.2024 05:49,иван ИванОВ,+7(9555)26-66,3,аМУНицИЯ Для соБак,5,4871.42,1128.58,COMpleted,Проверить наличие,2024-06-26,7788128942938116
2029947398202,21.06.2024 05:49,иван ИванОВ,+7(9555)26-66,4,ПодпискА нА гАЗЕту,1,562.6,37.4,coMpleTED,Проверить наличие,2024-06-26,7788128942938116
2029947398202,21.06.2024 05:49,иван ИванОВ,+7(9555)26-66,2,игРУШка МЯЧ,2,589.73,10.27,COmPletEd,Проверить наличие,2024-06-26,7788128942938116
2029947397670,2024-06-20 10:29:28,МиХАИл оРЛоВ,+7 9467 48 63,1,КОРМ дЛЯ соБАК,5,2107.91,392.09,PRoCeSsInG,Ждём с нетерпением!,2024/06/01,5806740651806371
2029947397670,2024-06-20 10:29:28,МиХАИл оРЛоВ,+7 9467 48 63,5,МолОкО,4,11227.58,772.42,PrOcesSINg,Ждём с нетерпением!,2024/06/01,5806740651806371
2029947396732,2024-06-28 04:32:10,ольга кУЗнеЦоВА,+7 9874 03 23,2,ИгрушКа Мяч,4,1166.7,33.3,coMPlEteD,Ждём с нетерпением!,16.06.2024,0017021107906380
2029947396732,2024-06-28 04:32:10,ольга кУЗнеЦоВА,+7 9874 03 23,1,КОРм Для СобаК,1,448.89,51.11,CompLeTED,Ждём с нетерпением!,16.06.2024,0017021107906380
2029947395799,2024-06-14 12:23:52,дмИтРИЙ куЗнецОв,8(9524) 95-95,1,кОРм Для СОбАк,4,1835.6,164.4,PROCESSING,Ждём с нетерпением!,2024-06-02,5859384656224476
2029947395799,2024-06-14 12:23:52,дмИтРИЙ куЗнецОв,8(9524) 95-95,3,АмУнИция дЛя собаК,3,3306.11,293.89,PROcEssiNG,Ждём с нетерпением!,2024-06-02,5859384656224476
2029947395799,2024-06-14 12:23:52,дмИтРИЙ куЗнецОв,8(9524) 95-95,5,МОЛоКо,2,5169.12,830.88,proCeSsiNg,Ждём с нетерпением!,2024-06-02,5859384656224476
2029947394898,2024/06/13 07:17:28,АЛексеЙ МихайЛОв,8(9034) 22-55,3,АМУницИя ДЛЯ СОбАк,5,5114.48,885.52,compLETEd,Нужно уточнить сроки,27.06.2024,4629134484651126
2029947393670,2024-06-11 11:39:45,аЛексЕЙ МИхАйлов,8(9243) 52-80,5,МОлОКо,5,12953.48,2046.52,cANceLLEd,"Задержка с доставкой, печалька...",2024-06-02,5578713321158872
2029947392546,2024/06/15 09:49:23,наталЬЯ вАСИЛЬЕва,+7 9326 38 55,1,корМ ДЛя Собак,2,907.75,92.25,CancelleD,Проверить наличие,2024/06/23,1878945120187862
2029947392546,2024/06/15 09:49:23,наталЬЯ вАСИЛЬЕва,+7 9326 38 55,1,Корм Для СОБАк,3,1431.54,68.46,CaNcElleD,Проверить наличие,2024/06/23,1878945120187862
2029947392546,2024/06/15 09:49:23,наталЬЯ вАСИЛЬЕва,+7 9326 38 55,4,ПОДПиСка На ГАЗЕтУ,5,2875.49,124.51,CAncELleD,Проверить наличие,2024/06/23,1878945120187862
2029947392546,2024/06/15 09:49:23,наталЬЯ вАСИЛЬЕва,+7 9326 38 55,2,иГРУШка мЯч,3,816.48,83.52,cAnceLleD,Проверить наличие,2024/06/23,1878945120187862
2029947392546,2024/06/15 09:49:23,наталЬЯ вАСИЛЬЕва,+7 9326 38 55,1,кОРМ дЛя СОБаК,4,1767.68,232.32,CancelLed,Проверить наличие,2024/06/23,1878945120187862
2029947647928,2024-06-23 09:32:23,миХАил орлоВ,+7 9865 37 83,1,коРм ДлЯ соБаК,5,2058.31,441.69,CAncelLEd,Всё отлично!,27.06.2024,5946951448370532
2029947647928,2024-06-23 09:32:23,миХАил орлоВ,+7 9865 37 83,1,КОрм для СоБАК,2,936.05,63.95,CaNceLlED,Всё отлично!,27.06.2024,5946951448370532
2029947647928,2024-06-23 09:32:23,миХАил орлоВ,+7 9865 37 83,5,моЛОКО,5,14096.22,903.78,CANcELled,Всё отлично!,27.06.2024,5946951448370532
2029947646923,2024/06/09 03:17:26,МарИя ПеТРоВА,+7 9782 41 18,3,АМУНицИЯ дЛя сОбаК,1,1158.5,41.5,cANCELLeD,Ждём с нетерпением!,06.06.2024,5926942471891180
2029947645192,2024-06-13 15:40:55,СеРГЕй СиДорОв,8(9198) 75-37,5,мОлОКО,4,11861.32,138.68,pRoCESsINg,"Задержка с доставкой, печалька...",24.06.2024,5734419560170782
2029947645192,2024-06-13 15:40:55,СеРГЕй СиДорОв,8(9198) 75-37,1,корМ дЛЯ СОбак,2,880.1,119.9,ProcEsSIng,"Задержка с доставкой, печалька...",24.06.2024,5734419560170782
2029947645192,2024-06-13 15:40:55,СеРГЕй СиДорОв,8(9198) 75-37,1,кОрМ дЛя СОбаК,5,2063.09,436.91,pROCeSSIng,"Задержка с доставкой, печалька...",24.06.2024,5734419560170782
2029947645192,2024-06-13 15:40:55,СеРГЕй СиДорОв,8(9198) 75-37,3,АмУНИЦИЯ дЛя соБаК,3,3319.42,280.58,PrOcEsSiNG,"Задержка с доставкой, печалька...",24.06.2024,5734419560170782
2029947645192,2024-06-13 15:40:55,СеРГЕй СиДорОв,8(9198) 75-37,1,корМ длЯ сОБАК,2,985.43,14.57,PRoCesSInG,"Задержка с доставкой, печалька...",24.06.2024,5734419560170782
2029947644569,2024/06/07 04:22:50,нАТАльЯ василЬеВА,+7 9931 08 80,4,подПиСкА нА ГазеТУ,5,2454.88,545.12,PRocesSiNG,Всё отлично!,2024/06/18,1083067183756648
2029947644569,2024/06/07 04:22:50,нАТАльЯ василЬеВА,+7 9931 08 80,3,амунИЦИя Для собак,4,3850.73,949.27,prOCEssInG,Всё отлично!,2024/06/18,1083067183756648
2029947644569,2024/06/07 04:22:50,нАТАльЯ василЬеВА,+7 9931 08 80,1,КОрМ Для собак,2,869.7,130.3,proceSSiNg,Всё отлично!,2024/06/18,1083067183756648
2029947643499,2024-06-17 07:14:10,ЕЛЕНа новИкОВа,8(9260) 15-44,3,аМУнициЯ дЛя сОбак,5,5272.65,727.35,proCesSIng,Нужно уточнить сроки,24.06.2024,2585261163925764
2029947643499,2024-06-17 07:14:10,ЕЛЕНа новИкОВа,8(9260) 15-44,5,молОкО,1,2458.7,541.3,PROCEsSIng,Нужно уточнить сроки,24.06.2024,2585261163925764
2029947643499,2024-06-17 07:14:10,ЕЛЕНа новИкОВа,8(9260) 15-44,5,моЛОКо,4,11564.89,435.11,PRocESsinG,Нужно уточнить сроки,24.06.2024,2585261163925764
2029947643499,2024-06-17 07:14:10,ЕЛЕНа новИкОВа,8(9260) 15-44,5,моЛоКо,1,2841.2,158.8,proCEssinG,Нужно уточнить сроки,24.06.2024,2585261163925764
2029947642800,2024-06-17 20:51:35,МихАиЛ оРлОв,+7(9840)28-25,3,аМУнИЦия ДлЯ СобАк,4,4447.1,352.9,prOcESSIng,Нужно уточнить сроки,2024-06-20,4235178902075385
2029947642800,2024-06-17 20:51:35,МихАиЛ оРлОв,+7(9840)28-25,2,ИгРУшкА МяЧ,3,893.91,6.09,PROceSSING,Нужно уточнить сроки,2024-06-20,4235178902075385
2029947642800,2024-06-17 20:51:35,МихАиЛ оРлОв,+7(9840)28-25,3,АмУНИцИЯ дЛЯ СОБАк,3,2960.71,639.29,pRoCEsSinG,Нужно уточнить сроки,2024-06-20,4235178902075385
2029947642800,2024-06-17 20:51:35,МихАиЛ оРлОв,+7(9840)28-25,1,КоРМ ДЛя сОБаК,5,2475.52,24.48,pRoCEsSInG,Нужно уточнить сроки,2024-06-20,4235178902075385
2029947642800,2024-06-17 20:51:35,МихАиЛ оРлОв,+7(9840)28-25,3,аМУнИЦИЯ ДЛя собак,5,4997.58,1002.42,pROcESsINg,Нужно уточнить сроки,2024-06-20,4235178902075385
2029947641918,28.06.2024 21:36,ЕЛЕнА НОВИКОва,8(9577) 64-07,3,АМУНицИЯ дЛя Собак,4,4611.07,188.93,CAncELLEd,Нужно уточнить сроки,2024-06-07,0957823160932689
2029947641918,28.06.2024 21:36,ЕЛЕнА НОВИКОва,8(9577) 64-07,5,МоЛокО,3,8500.92,499.08,CAnCeLLEd,Нужно уточнить сроки,2024-06-07,0957823160932689
2029947640926,06.06.2024 18:11,ДмиТриЙ кузНеЦоВ,+7 9513 54 78,5,МолоКО,3,7421.74,1578.26,cAncELled,Нужно уточнить сроки,27.06.2024,9317561700593101
2029947640926,06.06.2024 18:11,ДмиТриЙ кузНеЦоВ,+7 9513 54 78,5,мОЛОКО,2,5163.99,836.01,caNCeLLEd,Нужно уточнить сроки,27.06.2024,9317561700593101
2029947640926,06.06.2024 18:11,ДмиТриЙ кузНеЦоВ,+7 9513 54 78,3,амуНИциЯ длЯ СоБАК,2,2003.77,396.23,cANcElLeD,Нужно уточнить сроки,27.06.2024,9317561700593101
2029947640926,06.06.2024 18:11,ДмиТриЙ кузНеЦоВ,+7 9513 54 78,4,ПодпиСка нА ГаЗетУ,5,2710.03,289.97,cAnCeLleD,Нужно уточнить сроки,27.06.2024,9317561700593101
2029947640926,06.06.2024 18:11,ДмиТриЙ кузНеЦоВ,+7 9513 54 78,3,АМУНИция для сОбАк,3,3205.95,394.05,canCElLED,Нужно уточнить сроки,27.06.2024,9317561700593101
2029947639223,30.06.2024 18:53,АнНА СмиРновА,+7(9918)63-74,1,корм дЛя соБАк,1,446.94,53.06,coMpLETEd,Всё отлично!,2024/06/24,6869609441377379
2029947639223,30.06.2024 18:53,АнНА СмиРновА,+7(9918)63-74,5,мОЛоко,5,14462.89,537.11,comPleTed,Всё отлично!,2024/06/24,6869609441377379
2029947638901,23.06.2024 11:28,мИХАил орЛоВ,8(9971) 03-36,3,АмУнИЦИЯ Для СоБаК,3,2946.05,653.95,PROCEssing,подарок вовремя,2024/06/23,3840229301774918
2029947638901,23.06.2024 11:28,мИХАил орЛоВ,8(9971) 03-36,3,АМУНИцИЯ ДЛЯ СОБАК,5,4826.06,1173.94,PROcEssINg,подарок вовремя,2024/06/23,3840229301774918
2029947637447,2024-06-19 07:37:36,дмитрий кУзнеЦОв,+7(9373)09-37,4,поДпиСКа НА гАЗЕТу,2,992.84,207.16,CAncELLEd,Нужно уточнить сроки,07.06.2024,1634218203376096
2029947636390,2024-06-18 20:18:54,наТаЛЬя ВаСилЬеВА,8(9412) 02-88,1,КОрм ДлЯ сОБАк,4,1714.37,285.63,procesSiNG,Ждём с нетерпением!,2024/06/27,8663943610744810
2029947635250,09.06.2024 07:06,АнНА СмИРнОВА,+7 9527 69 61,1,КОрМ для собАк,2,855.44,144.56,PrOcEssiNg,подарок вовремя,2024/06/30,2401881085782882
2029947635250,09.06.2024 07:06,АнНА СмИРнОВА,+7 9527 69 61,5,МОЛОКО,5,13350.52,1649.48,PrOCESsiNG,подарок вовремя,2024/06/30,2401881085782882
2029947634163,2024-06-12 23:28:13,еЛЕНА ноВИКОвА,+7 9581 76 92,4,ПОдпИСКА НА газету,1,597.51,2.49,ComPlEtEd,спасибо за заказ,2024-06-05,6502639009974482
2029947634163,2024-06-12 23:28:13,еЛЕНА ноВИКОвА,+7 9581 76 92,2,ИГрУШка мяч,5,1433.98,66.02,coMpLeTed,спасибо за заказ,2024-06-05,6502639009974482
2029947634163,2024-06-12 23:28:13,еЛЕНА ноВИКОвА,+7 9581 76 92,2,ИГРушКа мяЧ,5,1263.28,236.72,coMPLETEd,спасибо за заказ,2024-06-05,6502639009974482
2029947634163,2024-06-12 23:28:13,еЛЕНА ноВИКОвА,+7 9581 76 92,1,коРм дЛЯ СОбак,3,1448.52,51.48,compleTED,спасибо за заказ,2024-06-05,6502639009974482
2029947634163,2024-06-12 23:28:13,еЛЕНА ноВИКОвА,+7 9581 76 92,2,иГрУШкА МЯЧ,3,883.26,16.74,compLeted,спасибо за заказ,2024-06-05,6502639009974482
2029947633160,2024/06/19 18:27:44,аЛЕКСЕй МИХайЛОв,+7 9500 17 80,1,корМ ДЛЯ СОбаК,3,1203.1,296.9,PRoCESsing,Нужно уточнить сроки,2024/06/10,8892779417019135
2029947633160,2024/06/19 18:27:44,аЛЕКСЕй МИХайЛОв,+7 9500 17 80,4,ПодПИсКА НА ГаЗеТу,5,2954.97,45.03,PrOCeSsIng,Нужно уточнить сроки,2024/06/10,8892779417019135
2029947633160,2024/06/19 18:27:44,аЛЕКСЕй МИХайЛОв,+7 9500 17 80,5,мОлоКо,4,11537.77,462.23,PrOcEsSiNG,Нужно уточнить сроки,2024/06/10,8892779417019135
2029947633160,2024/06/19 18:27:44,аЛЕКСЕй МИХайЛОв,+7 9500 17 80,3,АМунИЦия ДЛя СОбак,5,5923.79,76.21,ProCESsINg,Нужно уточнить сроки,2024/06/10,8892779417019135
2029947632477,2024/06/28 18:14:44,ОЛьгА кУЗнецОва,+7(9394)74-02,5,мОлоко,1,2916.16,83.84,COmPlETEd,Проверить наличие,2024/06/07,7740393556704234
2029947632477,2024/06/28 18:14:44,ОЛьгА кУЗнецОва,+7(9394)74-02,1,кОрм Для сОБАК,4,1821.83,178.17,COmPleTED,Проверить наличие,2024/06/07,7740393556704234
2029947631757,25.06.2024 13:29,АлЕКсеЙ МиХАЙЛоВ,8(9290) 10-38,5,МОлоКо,1,2834.37,165.63,ProcEsSING,спасибо за заказ,2024/06/08,5526676909103758
2029947631757,25.06.2024 13:29,АлЕКсеЙ МиХАЙЛоВ,8(9290) 10-38,1,КОРМ для сОБаК,3,1275.76,224.24,PrOcessinG,спасибо за заказ,2024/06/08,5526676909103758
2029947631757,25.06.2024 13:29,АлЕКсеЙ МиХАЙЛоВ,8(9290) 10-38,2,иГруШКа мяЧ,5,1445.08,54.92,PrOceSsiNg,спасибо за заказ,2024/06/08,5526676909103758
2029947630491,2024-06-12 07:48:06,ИваН иВанОв,8(9743) 23-15,3,АмуНицИЯ дЛя Собак,1,1000.88,199.12,caNCellEd,Нужно уточнить сроки,2024-06-21,3235332459498521
2029947630491,2024-06-12 07:48:06,ИваН иВанОв,8(9743) 23-15,2,ИгрушКА МЯч,3,870.09,29.91,cAnCellED,Нужно уточнить сроки,2024-06-21,3235332459498521
2029947630491,2024-06-12 07:48:06,ИваН иВанОв,8(9743) 23-15,2,ИгрУШКа МЯч,4,1151.68,48.32,cAnCElLeD,Нужно уточнить сроки,2024-06-21,3235332459498521
2029947629585,2024-06-27 04:47:47,Михаил орлОВ,8(9917) 56-86,2,иГрушКА МяЧ,3,796.04,103.96,caNCELLEd,Ждём с нетерпением!,13.06.2024,1778061443422406
2029947629585,2024-06-27 04:47:47,Михаил орлОВ,8(9917) 56-86,4,пОДПиСкА На газЕТУ,1,509.7,90.3,CaNcELLEd,Ждём с нетерпением!,13.06.2024,1778061443422406
2029947628336,2024/06/10 13:20:27,аНнА СМИрНОвА,8(9577) 69-98,5,моЛоКО,3,7917.75,1082.25,caNCeLLeD,"Задержка с доставкой, печалька...",2024-06-02,8879452350877400
2029947628336,2024/06/10 13:20:27,аНнА СМИрНОвА,8(9577) 69-98,5,мОлОко,2,4975.66,1024.34,canCeLLEd,"Задержка с доставкой, печалька...",2024-06-02,8879452350877400
2029947628336,2024/06/10 13:20:27,аНнА СМИрНОвА,8(9577) 69-98,1,КОРм дЛя сОБаК,3,1467.6,32.4,CANcElLed,"Задержка с доставкой, печалька...",2024-06-02,8879452350877400
2029947627217,04.06.2024 06:32,ОлЬгА КУзнЕцовА,+7 9611 89 64,3,АмуНИЦиЯ Для СоБАк,3,3351.88,248.12,PrOcEsSiNG,подарок вовремя,2024-06-14,6628990007610904
2029947627217,04.06.2024 06:32,ОлЬгА КУзнЕцовА,+7 9611 89 64,4,поДпИска на ГазетУ,2,1138.92,61.08,prOCEssINg,подарок вовремя,2024-06-14,6628990007610904
2029947627217,04.06.2024 06:32,ОлЬгА КУзнЕцовА,+7 9611 89 64,1,Корм длЯ СОБАК,2,806.08,193.92,PRocesSiNg,подарок вовремя,2024-06-14,6628990007610904
2029947626732,27.06.2024 17:48,ДМитРИЙ кузнЕцоВ,8(9412) 38-21,3,аМУНИциЯ ДЛЯ СоБак,2,2338.45,61.55,CANCeLlED,подарок вовремя,20.06.2024,7564830307491765
2029947626732,27.06.2024 17:48,ДМитРИЙ кузнЕцоВ,8(9412) 38-21,2,игрушКА Мяч,5,1261.32,238.68,CanceLLed,подарок вовремя,20.06.2024,7564830307491765
2029947626732,27.06.2024 17:48,ДМитРИЙ кузнЕцоВ,8(9412) 38-21,1,КОрм ДЛЯ сОБАк,3,1227.94,272.06,CanCeLLed,подарок вовремя,20.06.2024,7564830307491765
2029947626732,27.06.2024 17:48,ДМитРИЙ кузнЕцоВ,8(9412) 38-21,1,КорМ дЛЯ СОБаК,1,490.42,9.58,cAncELLed,подарок вовремя,20.06.2024,7564830307491765
2029947625622,28.06.2024 04:14,ДМиТРИй кУзНЕЦОВ,+7(9704)16-29,1,КОрм дЛя сОбаК,3,1253.8,246.2,CoMPleTeD,Ждём с нетерпением!,2024-06-23,6365593620840138
2029947625622,28.06.2024 04:14,ДМиТРИй кУзНЕЦОВ,+7(9704)16-29,5,мОлОко,3,8820.75,179.25,COmPLEteD,Ждём с нетерпением!,2024-06-23,6365593620840138
2029947625622,28.06.2024 04:14,ДМиТРИй кУзНЕЦОВ,+7(9704)16-29,3,амуНИция длЯ СОБак,2,1968.29,431.71,compLeTed,Ждём с нетерпением!,2024-06-23,6365593620840138
2029947625622,28.06.2024 04:14,ДМиТРИй кУзНЕЦОВ,+7(9704)16-29,2,иГрУшкА мяЧ,3,740.29,159.71,cOMPlEteD,Ждём с нетерпением!,2024-06-23,6365593620840138
2029947625622,28.06.2024 04:14,ДМиТРИй кУзНЕЦОВ,+7(9704)16-29,5,мОЛОКо,5,13586.37,1413.63,compLETEd,Ждём с нетерпением!,2024-06-23,6365593620840138
2029947624494,2024/06/23 06:51:25,иВАн ИвАнов,+7(9419)73-14,1,кОрм длЯ сОбАК,2,968.94,31.06,canCelLEd,спасибо за заказ,2024/06/14,6198217330627393
2029947624494,2024/06/23 06:51:25,иВАн ИвАнов,+7(9419)73-14,2,игРушка мЯЧ,1,268.48,31.52,cancElLEd,спасибо за заказ,2024/06/14,6198217330627393
2029947624494,2024/06/23 06:51:25,иВАн ИвАнов,+7(9419)73-14,4,ПодПиСКА НА ГазетУ,2,968.96,231.04,cANcellEd,спасибо за заказ,2024/06/14,6198217330627393
2029947623299,2024/06/10 16:31:36,олЬгА кУзНЕЦОВА,+7 9295 01 64,4,ПоДпИСКА нА гАЗеТУ,5,2417.41,582.59,proCEsSINg,подарок вовремя,22.06.2024,6267685536136889
2029947623299,2024/06/10 16:31:36,олЬгА кУзНЕЦОВА,+7 9295 01 64,2,иГРуШка МЯЧ,5,1409.93,90.07,PrOCeSSing,подарок вовремя,22.06.2024,6267685536136889
2029947623299,2024/06/10 16:31:36,олЬгА кУзНЕЦОВА,+7 9295 01 64,2,иГРУшкА мЯч,3,726.11,173.89,pROcEssinG,подарок вовремя,22.06.2024,6267685536136889
2029947623299,2024/06/10 16:31:36,олЬгА кУзНЕЦОВА,+7 9295 01 64,1,КоРМ ДлЯ СОБАК,4,1668.1,331.9,ProCessinG,подарок вовремя,22.06.2024,6267685536136889
2029947623299,2024/06/10 16:31:36,олЬгА кУзНЕЦОВА,+7 9295 01 64,4,пОДПИСКА На ГаЗЕТУ,3,1575.47,224.53,proCESSinG,подарок вовремя,22.06.2024,6267685536136889
2029947622863,2024-06-08 11:19:35,МИХаИл оРЛОв,+7 9660 88 06,4,поДПисКА нА ГАЗЕту,2,1054.06,145.94,compLEtED,Ждём с нетерпением!,17.06.2024,2143496298122845
2029947622863,2024-06-08 11:19:35,МИХаИл оРЛОв,+7 9660 88 06,1,корм дЛЯ сОбаК,5,2134.95,365.05,coMplETED,Ждём с нетерпением!,17.06.2024,2143496298122845
2029947622863,2024-06-08 11:19:35,МИХаИл оРЛОв,+7 9660 88 06,2,ИГрушка МЯЧ,5,1374.91,125.09,CoMpLeteD,Ждём с нетерпением!,17.06.2024,2143496298122845
2029947622863,2024-06-08 11:19:35,МИХаИл оРЛОв,+7 9660 88 06,3,АМУниЦИя дЛя соБаК,4,4785.11,14.89,cOMPlEtEd,Ждём с нетерпением!,17.06.2024,2143496298122845
2029947621515,2024-06-12 22:01:58,НАтАЛья ВАСильЕВА,+7 9754 35 97,3,АмуНИцИя ДЛЯ сОБаК,2,2129.87,270.13,cOMplETED,спасибо за заказ,2024-06-03,4668480520078582
2029947621515,2024-06-12 22:01:58,НАтАЛья ВАСильЕВА,+7 9754 35 97,4,подПИСкА НА гаЗЕТу,3,1709.79,90.21,compLETed,спасибо за заказ,2024-06-03,4668480520078582
2029947621515,2024-06-12 22:01:58,НАтАЛья ВАСильЕВА,+7 9754 35 97,4,поДПисКА На ГАЗЕту,5,2889.42,110.58,coMpLetED,спасибо за заказ,2024-06-03,4668480520078582
2029947621515,2024-06-12 22:01:58,НАтАЛья ВАСильЕВА,+7 9754 35 97,1,кОРм длЯ СОБАК,5,2493.75,6.25,compleTED,спасибо за заказ,2024-06-03,4668480520078582
2029947620129,19.06.2024 00:43,АЛЕКсей мИХАЙЛОв,+7(9634)74-28,5,молОко,5,13654.91,1345.09,CancELLed,Всё отлично!,2024/06/30,4294838029930287
2029947620129,19.06.2024 00:43,АЛЕКсей мИХАЙЛОв,+7(9634)74-28,5,моЛоко,2,5021.3,978.7,cAnCellED,Всё отлично!,2024/06/30,4294838029930287
2029947620129,19.06.2024 00:43,АЛЕКсей мИХАЙЛОв,+7(9634)74-28,4,пОдпИСка На ГаЗетУ,1,560.11,39.89,CAncElled,Всё отлично!,2024/06/30,4294838029930287
2029947619922,2024-06-18 03:00:18,ЕлеНа НовИкОВА,8(9873) 71-92,5,МОЛОКо,2,5584.16,415.84,PrOCESSiNG,Проверить наличие,2024/06/29,4331634354520155
2029947619922,2024-06-18 03:00:18,ЕлеНа НовИкОВА,8(9873) 71-92,4,ПодПиСКА На гаЗетУ,2,1180.46,19.54,prOCeSsiNG,Проверить наличие,2024/06/29,4331634354520155
2029947619922,2024-06-18 03:00:18,ЕлеНа НовИкОВА,8(9873) 71-92,1,КОрм ДлЯ СОБаК,3,1262.67,237.33,prOcesSing,Проверить наличие,2024/06/29,4331634354520155
2029947619922,2024-06-18 03:00:18,ЕлеНа НовИкОВА,8(9873) 71-92,5,моЛОко,5,12599.59,2400.41,pRoCEsSing,Проверить наличие,2024/06/29,4331634354520155
2029947618486,2024/06/05 19:09:19,сЕРГей СИдорОВ,+7(9067)92-83,2,игРУШКа МЯЧ,4,1038.84,161.16,pROceSSINg,Проверить наличие,2024/06/24,5635616098814385
2029947618486,2024/06/05 19:09:19,сЕРГей СИдорОВ,+7(9067)92-83,2,ИГрУшкА мяч,2,550.92,49.08,PROCESsiNg,Проверить наличие,2024/06/24,5635616098814385
2029947618486,2024/06/05 19:09:19,сЕРГей СИдорОВ,+7(9067)92-83,5,МолоКО,1,2453.41,546.59,procEssiNg,Проверить наличие,2024/06/24,5635616098814385
2029947617840,2024-06-05 23:35:14,маРия ПЕтровА,+7 9434 36 03,2,игрУшКА МЯЧ,3,866.42,33.58,CompLEteD,Ждём с нетерпением!,2024-06-24,9459068797241647
2029947617840,2024-06-05 23:35:14,маРия ПЕтровА,+7 9434 36 03,5,мОЛОко,5,13265.27,1734.73,COmpletED,Ждём с нетерпением!,2024-06-24,9459068797241647
2029947617840,2024-06-05 23:35:14,маРия ПЕтровА,+7 9434 36 03,3,амУНиЦИя ДлЯ СоБаК,2,2188.71,211.29,cOMpLeTEd,Ждём с нетерпением!,2024-06-24,9459068797241647
2029947617840,2024-06-05 23:35:14,маРия ПЕтровА,+7 9434 36 03,2,ИгрУШка мЯч,1,242.71,57.29,coMpleteD,Ждём с нетерпением!,2024-06-24,9459068797241647
2029947617840,2024-06-05 23:35:14,маРия ПЕтровА,+7 9434 36 03,1,КоРм Для СоБАК,5,2314.58,185.42,cOMpLEteD,Ждём с нетерпением!,2024-06-24,9459068797241647
2029947616365,08.06.2024 05:13,ОЛЬга кУзНецоВа,+7(9519)80-28,3,аМУНИЦиЯ для СОбаК,1,1122.59,77.41,cancellEd,спасибо за заказ,04.06.2024,9634607016082294
2029947616365,08.06.2024 05:13,ОЛЬга кУзНецоВа,+7(9519)80-28,5,МОлоко,5,13735.18,1264.82,cANceLLed,спасибо за заказ,04.06.2024,9634607016082294
2029947616365,08.06.2024 05:13,ОЛЬга кУзНецоВа,+7(9519)80-28,3,аМуНИЦИя дЛЯ собак,3,3020.32,579.68,cANCeLLeD,спасибо за заказ,04.06.2024,9634607016082294
2029947616365,08.06.2024 05:13,ОЛЬга кУзНецоВа,+7(9519)80-28,1,коРМ ДЛя соБАК,3,1466.49,33.51,canceLled,спасибо за заказ,04.06.2024,9634607016082294
2029947615197,2024-06-11 16:28:12,дмитриЙ КузНЕЦов,8(9256) 94-84,3,АмуНиЦИя Для СобАк,5,5399.76,600.24,COMPleTed,Проверить наличие,2024-06-12,4960279716103292
2029947615197,2024-06-11 16:28:12,дмитриЙ КузНЕЦов,8(9256) 94-84,4,пОДПИСкА на ГАЗеТУ,4,2287.23,112.77,CoMplETed,Проверить наличие,2024-06-12,4960279716103292
2029947615197,2024-06-11 16:28:12,дмитриЙ КузНЕЦов,8(9256) 94-84,5,мОЛоКО,2,4841.74,1158.26,COMpLetEd,Проверить наличие,2024-06-12,4960279716103292
2029947615197,2024-06-11 16:28:12,дмитриЙ КузНЕЦов,8(9256) 94-84,5,мОЛОКо,1,2802.27,197.73,COmPleTED,Проверить наличие,2024-06-12,4960279716103292
2029947614592,2024-06-29 17:06:02,АНнА сМИрНоВА,8(9467) 91-86,5,мОЛоко,1,2965.69,34.31,cOMpLeTed,Всё отлично!,2024-06-01,7972024815424438
2029947613411,04.06.2024 23:20,михаиЛ ОРЛОв,+7 9765 91 36,4,пОдПИскА На Газету,4,2006.32,393.68,PrOcessing,Нужно уточнить сроки,2024-06-17,2051757818768809
2029947613411,04.06.2024 23:20,михаиЛ ОРЛОв,+7 9765 91 36,1,КОРМ ДЛя сОбаК,4,1827.89,172.11,PROceSsiNg,Нужно уточнить сроки,2024-06-17,2051757818768809
2029947612965,2024/06/06 09:18:27,МихАиЛ ОРЛОв,8(9085) 17-02,1,корм дЛя СОБАК,5,2462.57,37.43,caNCELlED,"Задержка с доставкой, печалька...",2024/06/09,0725274469475692
2029947612965,2024/06/06 09:18:27,МихАиЛ ОРЛОв,8(9085) 17-02,1,коРм для СобАк,2,863.55,136.45,cAnceLLeD,"Задержка с доставкой, печалька...",2024/06/09,0725274469475692
2029947612965,2024/06/06 09:18:27,МихАиЛ ОРЛОв,8(9085) 17-02,2,ИГрУШка МяЧ,1,258.38,41.62,CANcELLed,"Задержка с доставкой, печалька...",2024/06/09,0725274469475692
2029947612965,2024/06/06 09:18:27,МихАиЛ ОРЛОв,8(9085) 17-02,4,подПИСкА НА ГазетУ,4,2109.18,290.82,CaNCelLeD,"Задержка с доставкой, печалька...",2024/06/09,0725274469475692
2029947611394,22.06.2024 20:50,елЕНА нОВИкОва,+7(9926)30-89,1,КОрм ДЛЯ сОБАК,1,406.02,93.98,COmPlEteD,Проверить наличие,25.06.2024,1863585840843190
2029947611394,22.06.2024 20:50,елЕНА нОВИкОва,+7(9926)30-89,1,коРМ для СоБАк,5,2358.89,141.11,coMpletED,Проверить наличие,25.06.2024,1863585840843190
2029947610588,2024/06/16 11:22:43,МАРиЯ петрОВа,8(9762) 38-31,5,МОлОко,4,10250.47,1749.53,cOmpletED,Нужно уточнить сроки,13.06.2024,8937448501675360
2029947610588,2024/06/16 11:22:43,МАРиЯ петрОВа,8(9762) 38-31,4,поДПИСкА на гАЗеТу,3,1486.03,313.97,compLeteD,Нужно уточнить сроки,13.06.2024,8937448501675360
2029947610588,2024/06/16 11:22:43,МАРиЯ петрОВа,8(9762) 38-31,2,ИГРУшка МЯЧ,3,831.23,68.77,COmpleTEd,Нужно уточнить сроки,13.06.2024,8937448501675360
2029947609352,2024/06/12 02:57:11,аЛеКсей михАЙлоВ,8(9091) 75-94,2,иГрУшКа мяЧ,5,1411.02,88.98,PROCessINg,"Задержка с доставкой, печалька...",11.06.2024,9172899278336060
2029947609352,2024/06/12 02:57:11,аЛеКсей михАЙлоВ,8(9091) 75-94,3,амУнИциЯ для СобаК,5,4905.56,1094.44,ProcESsInG,"Задержка с доставкой, печалька...",11.06.2024,9172899278336060
2029947609352,2024/06/12 02:57:11,аЛеКсей михАЙлоВ,8(9091) 75-94,1,Корм дЛЯ СоБАк,4,1756.82,243.18,PRocEsSInG,"Задержка с доставкой, печалька...",11.06.2024,9172899278336060
2029947609352,2024/06/12 02:57:11,аЛеКсей михАЙлоВ,8(9091) 75-94,1,корм дЛя СоБаК,2,874.65,125.35,pRoCEsSInG,"Задержка с доставкой, печалька...",11.06.2024,9172899278336060
2029947609352,2024/06/12 02:57:11,аЛеКсей михАЙлоВ,8(9091) 75-94,1,КоРм Для СОбаК,2,901.42,98.58,pRocESSing,"Задержка с доставкой, печалька...",11.06.2024,9172899278336060
2029947608781,2024-06-27 13:13:47,олЬгА КуЗНЕЦовА,8(9432) 60-95,2,ИГруШкА мЯЧ,2,590.53,9.47,CaNcelLED,Всё отлично!,2024-06-26,4076498090988744
2029947607488,2024/06/17 09:47:12,аЛЕксЕй МиХаЙЛОв,8(9590) 45-80,3,АмуНИция длЯ СОбак,4,4356.56,443.44,canceLlEd,Проверить наличие,2024/06/17,3448555769995645
2029947606108,07.06.2024 11:39,иВаН ивАнОВ,8(9382) 60-84,1,КорМ длЯ соБАк,5,2230.21,269.79,canCeLlEd,"Задержка с доставкой, печалька...",2024/06/25,0605131008421689
2029947606108,07.06.2024 11:39,иВаН ивАнОВ,8(9382) 60-84,5,молоКО,5,12162.78,2837.22,cAnCelleD,"Задержка с доставкой, печалька...",2024/06/25,0605131008421689
2029947606108,07.06.2024 11:39,иВаН ивАнОВ,8(9382) 60-84,2,ИГрУШка МяЧ,4,1061.58,138.42,caNcELlEd,"Задержка с доставкой, печалька...",2024/06/25,0605131008421689
2029947606108,07.06.2024 11:39,иВаН ивАнОВ,8(9382) 60-84,5,МОЛокО,3,8038.72,961.28,cANcelLed,"Задержка с доставкой, печалька...",2024/06/25,0605131008421689
2029947606108,07.06.2024 11:39,иВаН ивАнОВ,8(9382) 60-84,5,МолОко,5,12146.61,2853.39,canCelleD,"Задержка с доставкой, печалька...",2024/06/25,0605131008421689
2029947605227,2024/06/16 00:31:14,иваН Иванов,+7(9532)93-23,1,КОрМ дЛЯ сОБак,2,953.02,46.98,CoMpleTed,Нужно уточнить сроки,2024/06/24,6455475324609947
2029947605227,2024/06/16 00:31:14,иваН Иванов,+7(9532)93-23,4,пОДпиСка на ГАзеТУ,2,1122.51,77.49,comPletEd,Нужно уточнить сроки,2024/06/24,6455475324609947
2029947605227,2024/06/16 00:31:14,иваН Иванов,+7(9532)93-23,5,мОлОКО,5,13358.74,1641.26,cOmPlETEd,Нужно уточнить сроки,2024/06/24,6455475324609947
2029947605227,2024/06/16 00:31:14,иваН Иванов,+7(9532)93-23,4,поДПИска На ГазетУ,1,523.69,76.31,coMpLETED,Нужно уточнить сроки,2024/06/24,6455475324609947
2029947604969,2024/06/27 17:23:56,аННа смирНоВА,+7(9831)81-51,5,МОлОКО,1,2900.09,99.91,CANCElled,спасибо за заказ,10.06.2024,5701362240914340
2029947604969,2024/06/27 17:23:56,аННа смирНоВА,+7(9831)81-51,4,ПОдпиСКА На гАзету,2,1049.5,150.5,canCeLLED,спасибо за заказ,10.06.2024,5701362240914340
2029947604969,2024/06/27 17:23:56,аННа смирНоВА,+7(9831)81-51,3,АмунИЦия ДЛЯ СоБАК,4,4707.86,92.14,CaNcELlED,спасибо за заказ,10.06.2024,5701362240914340
2029947604969,2024/06/27 17:23:56,аННа смирНоВА,+7(9831)81-51,1,КОРм ДЛЯ соБаК,3,1459.96,40.04,cancElLEd,спасибо за заказ,10.06.2024,5701362240914340
2029947603825,2024-06-25 19:42:30,дМиТрий КузнЕцОВ,+7(9478)29-84,1,КоРм дЛЯ сОБаК,1,406.14,93.86,PROCessING,Всё отлично!,2024-06-02,2405513255127520
2029947602232,18.06.2024 06:51,ивАн иВАНОв,+7(9501)43-43,3,амУницИя ДЛЯ соБак,5,5770.16,229.84,CoMpLETed,спасибо за заказ,14.06.2024,5853741699312920
2029947602232,18.06.2024 06:51,ивАн иВАНОв,+7(9501)43-43,1,КоРм длЯ сОбАК,3,1278.29,221.71,CoMPleTED,спасибо за заказ,14.06.2024,5853741699312920
2029947602232,18.06.2024 06:51,ивАн иВАНОв,+7(9501)43-43,1,кОРм ДЛЯ собАК,5,2325.61,174.39,compLEtEd,спасибо за заказ,14.06.2024,5853741699312920
2029947602232,18.06.2024 06:51,ивАн иВАНОв,+7(9501)43-43,5,мОЛОКо,5,12860.01,2139.99,ComPLeteD,спасибо за заказ,14.06.2024,5853741699312920
2029947601524,17.06.2024 22:59,аЛЕкСей МиХайлоВ,+7(9084)25-82,3,АМуНИЦИя ДлЯ СоБак,3,3000.33,599.67,CompLETEd,Проверить наличие,2024-06-26,0519753325453935
2029947600582,14.06.2024 11:07,иваН ивАНОв,8(9043) 86-84,3,амУНициЯ ДЛЯ соБАК,4,4524.88,275.12,cOmPLEted,Проверить наличие,14.06.2024,9660077898110804
2029947600582,14.06.2024 11:07,иваН ивАНОв,8(9043) 86-84,4,Подписка На гАзЕТУ,2,1148.71,51.29,cOmPLETED,Проверить наличие,14.06.2024,9660077898110804
2029947599979,29.06.2024 21:15,дМиТрИЙ кУЗНеЦОВ,8(9664) 24-57,4,пОдПисКа нА ГаЗЕтУ,3,1501.17,298.83,COMPleTED,Ждём с нетерпением!,16.06.2024,3793236255782849
2029947599979,29.06.2024 21:15,дМиТрИЙ кУЗНеЦОВ,8(9664) 24-57,3,аМунИцИЯ для СОбАк,3,3116.02,483.98,COMPlEtEd,Ждём с нетерпением!,16.06.2024,3793236255782849
2029947599979,29.06.2024 21:15,дМиТрИЙ кУЗНеЦОВ,8(9664) 24-57,3,амуНИЦиЯ ДЛя СОбаК,3,3132.28,467.72,COMPLEtED,Ждём с нетерпением!,16.06.2024,3793236255782849
2029947598674,2024-06-14 09:53:32,СеРгЕй СИдоРоВ,+7(9694)32-41,2,иГРуШКа мЯч,3,774.49,125.51,pROceSsinG,Проверить наличие,2024/06/11,1407083502151824
2029947598674,2024-06-14 09:53:32,СеРгЕй СИдоРоВ,+7(9694)32-41,1,коРМ Для соБак,5,2378.84,121.16,PROCeSsinG,Проверить наличие,2024/06/11,1407083502151824
2029947598674,2024-06-14 09:53:32,СеРгЕй СИдоРоВ,+7(9694)32-41,3,АмУНиция для СобАК,5,5195.99,804.01,procESsInG,Проверить наличие,2024/06/11,1407083502151824
2029947598674,2024-06-14 09:53:32,СеРгЕй СИдоРоВ,+7(9694)32-41,1,кОрМ дЛя СОБАК,2,842.53,157.47,ProcESsing,Проверить наличие,2024/06/11,1407083502151824
2029947597282,18.06.2024 03:49,ИВАн ивАНОв,+7(9802)80-30,1,корм дЛя СоБак,3,1325.01,174.99,caNCELLED,Ждём с нетерпением!,2024-06-18,8169426647187313
2029947597282,18.06.2024 03:49,ИВАн ивАНОв,+7(9802)80-30,3,АмУнИЦия ДЛя СОбак,4,4642.45,157.55,caNcELLEd,Ждём с нетерпением!,2024-06-18,8169426647187313
2029947597282,18.06.2024 03:49,ИВАн ивАНОв,+7(9802)80-30,3,амуНиЦИя для соБАк,2,2131.99,268.01,CAnCElLed,Ждём с нетерпением!,2024-06-18,8169426647187313
2029947597282,18.06.2024 03:49,ИВАн ивАНОв,+7(9802)80-30,1,КоРм для сОбАк,5,2095.82,404.18,CAncELled,Ждём с нетерпением!,2024-06-18,8169426647187313
2029947596174,2024/06/09 08:06:58,елЕНА ноВикОВА,+7 9848 28 19,5,МОлОкО,4,11390.3,609.7,coMpLeTed,подарок вовремя,2024-06-28,4452930548655751
2029947595753,2024-06-01 14:42:54,ОльГА кУЗНецовА,+7(9001)78-82,5,МОЛОко,5,12210.72,2789.28,PRoCeSsInG,Нужно уточнить сроки,2024-06-09,6877021715465049
2029947594935,2024/06/26 23:47:14,ДмиТрий КузНеЦОв,8(9774) 80-52,1,КОРМ дЛЯ СОбаК,4,1602.96,397.04,pROCESsiNg,"Задержка с доставкой, печалька...",2024/06/24,1600237628896220
2029947594935,2024/06/26 23:47:14,ДмиТрий КузНеЦОв,8(9774) 80-52,3,АМУницИя дЛя СобАк,5,4965.03,1034.97,pRoCesSiNG,"Задержка с доставкой, печалька...",2024/06/24,1600237628896220
2029947593322,29.06.2024 18:50,СЕРгей сидоРОВ,+7(9616)95-75,4,ПоДпИСкА На ГАзету,3,1632.27,167.73,PRocEssiNg,Ждём с нетерпением!,2024/06/02,7303466790083008
2029947593322,29.06.2024 18:50,СЕРгей сидоРОВ,+7(9616)95-75,3,аМУНИциЯ ДлЯ сОбАк,3,3568.2,31.8,procEssIng,Ждём с нетерпением!,2024/06/02,7303466790083008
2029947593322,29.06.2024 18:50,СЕРгей сидоРОВ,+7(9616)95-75,5,мОлоко,4,9922.55,2077.45,pRocesSING,Ждём с нетерпением!,2024/06/02,7303466790083008
2029947592897,2024-06-18 15:31:43,СЕРГей сидОРОв,8(9678) 53-06,2,ИГРУШКа МяЧ,3,840.57,59.43,CANCeLLed,Всё отлично!,2024/06/04,5216094689264096
2029947592897,2024-06-18 15:31:43,СЕРГей сидОРОв,8(9678) 53-06,3,АМУНицИЯ ДЛя сОБАк,3,2978.81,621.19,cAncEllEd,Всё отлично!,2024/06/04,5216094689264096
2029947592897,2024-06-18 15:31:43,СЕРГей сидОРОв,8(9678) 53-06,4,пОДписКа нА ГАЗЕтУ,2,1093.12,106.88,CAnCElLEd,Всё отлично!,2024/06/04,5216094689264096
2029947591874,2024/06/28 19:32:26,АлЕКсеЙ мИхайлоВ,+7(9233)41-28,1,кОРм для сОбак,2,832.15,167.85,procESsIng,Нужно уточнить сроки,2024/06/20,8176873990879719
2029947591874,2024/06/28 19:32:26,АлЕКсеЙ мИхайлоВ,+7(9233)41-28,5,МоЛОКО,1,2855.95,144.05,PrOcessing,Нужно уточнить сроки,2024/06/20,8176873990879719
2029947590854,2024-06-30 23:02:45,аННа сМирнОва,+7 9357 39 15,3,АМунИциЯ дЛя СОбАК,4,4679.5,120.5,pRocesSiNG,"Задержка с доставкой, печалька...",11.06.2024,9094718291468150
2029947590854,2024-06-30 23:02:45,аННа сМирнОва,+7 9357 39 15,3,АмунИциЯ Для СоБаК,3,3096.23,503.77,PROceSSING,"Задержка с доставкой, печалька...",11.06.2024,9094718291468150
2029947590854,2024-06-30 23:02:45,аННа сМирнОва,+7 9357 39 15,3,АМуниция Для соБаК,3,3103.83,496.17,ProcESsINg,"Задержка с доставкой, печалька...",11.06.2024,9094718291468150
2029947589405,01.06.2024 01:10,МИхАИЛ ОРлоВ,+7 9232 62 02,5,МолоКо,1,2746.08,253.92,coMpleTeD,"Задержка с доставкой, печалька...",28.06.2024,3292501772540130
2029947589405,01.06.2024 01:10,МИхАИЛ ОРлоВ,+7 9232 62 02,2,иГРуШка мяЧ,4,1070.04,129.96,cOmPLeTED,"Задержка с доставкой, печалька...",28.06.2024,3292501772540130
2029947589405,01.06.2024 01:10,МИхАИЛ ОРлоВ,+7 9232 62 02,2,ИГРушКа мяЧ,3,863.34,36.66,cOmPleteD,"Задержка с доставкой, печалька...",28.06.2024,3292501772540130
2029947589405,01.06.2024 01:10,МИхАИЛ ОРлоВ,+7 9232 62 02,5,молОко,2,5375.34,624.66,cOMPleTED,"Задержка с доставкой, печалька...",28.06.2024,3292501772540130
2029947589405,01.06.2024 01:10,МИхАИЛ ОРлоВ,+7 9232 62 02,5,мОлоКо,1,2510.34,489.66,cOmPLEted,"Задержка с доставкой, печалька...",28.06.2024,3292501772540130
2029947588205,2024/06/11 05:35:13,ОЛЬга кузНецоВА,+7 9630 37 89,4,поДпиСка на гаЗеТу,3,1726.79,73.21,CAncElLeD,"Задержка с доставкой, печалька...",2024/06/20,4512911345618622
2029947588205,2024/06/11 05:35:13,ОЛЬга кузНецоВА,+7 9630 37 89,2,игРУшкА мяч,4,966.49,233.51,CANCELleD,"Задержка с доставкой, печалька...",2024/06/20,4512911345618622
2029947588205,2024/06/11 05:35:13,ОЛЬга кузНецоВА,+7 9630 37 89,1,КорМ ДЛЯ СОбаК,5,2176.13,323.87,caNCelled,"Задержка с доставкой, печалька...",2024/06/20,4512911345618622
2029947588205,2024/06/11 05:35:13,ОЛЬга кузНецоВА,+7 9630 37 89,3,АМуНИция дЛя сОбак,3,3075.5,524.5,cAnCeLled,"Задержка с доставкой, печалька...",2024/06/20,4512911345618622
2029947587187,2024-06-21 17:20:04,ОЛьГА КУзнеЦоВА,+7(9884)07-29,5,МОЛОКО,4,11559.01,440.99,pROcEsSiNg,Всё отлично!,2024/06/07,3839844867490099
2029947587187,2024-06-21 17:20:04,ОЛьГА КУзнеЦоВА,+7(9884)07-29,4,подпИскА На гаЗету,5,2521.58,478.42,PrOCESsInG,Всё отлично!,2024/06/07,3839844867490099
2029947587187,2024-06-21 17:20:04,ОЛьГА КУзнеЦоВА,+7(9884)07-29,1,кОРМ ДлЯ сОБАК,5,2288.8,211.2,proceSsING,Всё отлично!,2024/06/07,3839844867490099
2029947586361,2024/06/22 23:48:05,СеРгЕй СИдОРОВ,+7(9941)05-52,3,АМуНИциЯ ДЛя СоБаК,1,1036.36,163.64,CANcelLED,Ждём с нетерпением!,2024-06-29,7296947946533182
2029947586361,2024/06/22 23:48:05,СеРгЕй СИдОРОВ,+7(9941)05-52,1,Корм ДЛя собак,5,2387.99,112.01,canCelleD,Ждём с нетерпением!,2024-06-29,7296947946533182
2029947586361,2024/06/22 23:48:05,СеРгЕй СИдОРОВ,+7(9941)05-52,3,аМУнИцИЯ Для СОбАк,2,2074.1,325.9,CaNCElLED,Ждём с нетерпением!,2024-06-29,7296947946533182
2029947585511,2024-06-10 17:01:41,МИхАил орЛОв,+7(9962)30-44,2,иГРушКа МЯЧ,3,788.44,111.56,CaNceLLeD,"Задержка с доставкой, печалька...",2024/06/01,2134870212901617
2029947585511,2024-06-10 17:01:41,МИхАил орЛОв,+7(9962)30-44,1,КОРм Для СоБак,1,478.66,21.34,cancelLed,"Задержка с доставкой, печалька...",2024/06/01,2134870212901617
2029947585511,2024-06-10 17:01:41,МИхАил орЛОв,+7(9962)30-44,5,МОлОкО,3,7918.66,1081.34,cANCELLeD,"Задержка с доставкой, печалька...",2024/06/01,2134870212901617
2029947585511,2024-06-10 17:01:41,МИхАил орЛОв,+7(9962)30-44,2,ИГРушКа МЯч,1,261.55,38.45,CaNCelled,"Задержка с доставкой, печалька...",2024/06/01,2134870212901617
2029947584502,2024/06/26 18:20:08,ОлЬГа КУЗнЕЦОВА,+7 9777 81 72,3,АМуниЦИЯ ДЛя СОБАк,4,4019.38,780.62,CaNCElLEd,Нужно уточнить сроки,25.06.2024,2486420496452136
2029947584502,2024/06/26 18:20:08,ОлЬГа КУЗнЕЦОВА,+7 9777 81 72,5,МоЛоко,5,14961.08,38.92,CAnCellEd,Нужно уточнить сроки,25.06.2024,2486420496452136
2029947584502,2024/06/26 18:20:08,ОлЬГа КУЗнЕЦОВА,+7 9777 81 72,5,МОЛОКО,3,7690.93,1309.07,cANCelLEd,Нужно уточнить сроки,25.06.2024,2486420496452136
2029947583848,2024/06/12 23:13:32,олЬГа куЗНеЦова,+7(9841)21-53,1,КОрм длЯ сОБАК,2,815.41,184.59,pRocEsSiNG,Проверить наличие,2024/06/16,5885974683421350
2029947582892,2024-06-09 08:50:50,АННа сМИрнОВа,8(9333) 37-14,4,пОдПиСКА НА ГаЗету,2,1057.35,142.65,prOCeSSInG,Всё отлично!,2024/06/22,8750141117168714
2029947582892,2024-06-09 08:50:50,АННа сМИрнОВа,8(9333) 37-14,5,мОлОКО,3,7795.5,1204.5,PRoCessInG,Всё отлично!,2024/06/22,8750141117168714
2029947582892,2024-06-09 08:50:50,АННа сМИрнОВа,8(9333) 37-14,2,ИгРУШка МЯч,4,1183.26,16.74,PROCesSiNG,Всё отлично!,2024/06/22,8750141117168714
2029947582892,2024-06-09 08:50:50,АННа сМИрнОВа,8(9333) 37-14,2,ИГРУшКа мЯч,4,1112.81,87.19,PROcEsSInG,Всё отлично!,2024/06/22,8750141117168714
2029947582892,2024-06-09 08:50:50,АННа сМИрнОВа,8(9333) 37-14,2,ИгРушКА мЯЧ,1,253.44,46.56,ProCESSiNg,Всё отлично!,2024/06/22,8750141117168714
2029947581355,2024/06/24 23:09:43,ОЛьгА КуЗнЕцОВА,+7(9404)22-62,4,поДПИСКА На газЕТУ,4,1951.54,448.46,cAnceLLed,Ждём с нетерпением!,2024-06-04,4401815183974745
2029947581355,2024/06/24 23:09:43,ОЛьгА КуЗнЕцОВА,+7(9404)22-62,4,ПоДпИсКа На ГазетУ,4,2053.61,346.39,cAnceLLEd,Ждём с нетерпением!,2024-06-04,4401815183974745
2029947581355,2024/06/24 23:09:43,ОЛьгА КуЗнЕцОВА,+7(9404)22-62,1,кОрм ДЛЯ СобаК,2,807.75,192.25,canCElLeD,Ждём с нетерпением!,2024-06-04,4401815183974745
2029947580804,06.06.2024 14:44,алексеЙ МИхАЙлоВ,+7(9272)45-13,5,мОлОКО,1,2585.88,414.12,CANCELled,спасибо за заказ,2024/06/11,5905188867994227
2029947580804,06.06.2024 14:44,алексеЙ МИхАЙлоВ,+7(9272)45-13,5,МолокО,2,5342.38,657.62,cAnCElled,спасибо за заказ,2024/06/11,5905188867994227
2029947580804,06.06.2024 14:44,алексеЙ МИхАЙлоВ,+7(9272)45-13,1,корМ ДЛЯ сОБАк,2,942.65,57.35,cancellEd,спасибо за заказ,2024/06/11,5905188867994227
2029947580804,06.06.2024 14:44,алексеЙ МИхАЙлоВ,+7(9272)45-13,4,ПОДПисКа нА ГазЕтУ,1,531.33,68.67,cANCElled,спасибо за заказ,2024/06/11,5905188867994227
2029947579822,19.06.2024 18:01,иван ИвАНоВ,8(9615) 33-47,4,ПОдпИСКа На гАЗЕтУ,1,491.79,108.21,COMPLEtED,Всё отлично!,2024-06-28,5153302492266448
2029947579822,19.06.2024 18:01,иван ИвАНоВ,8(9615) 33-47,3,АмУниЦия для СобАк,5,5622.51,377.49,cOmpleteD,Всё отлично!,2024-06-28,5153302492266448
2029947579822,19.06.2024 18:01,иван ИвАНоВ,8(9615) 33-47,2,игРУшкА МяЧ,2,539.11,60.89,ComPlETed,Всё отлично!,2024-06-28,5153302492266448
2029947579822,19.06.2024 18:01,иван ИвАНоВ,8(9615) 33-47,4,поДПИСКА НА гАЗетУ,1,506.38,93.62,cOmPleTED,Всё отлично!,2024-06-28,5153302492266448
2029947578978,2024-06-04 00:29:04,ОльГа КУзНЕцовА,+7(9967)01-04,1,КорМ ДлЯ собАк,2,834.19,165.81,ProcESsinG,Ждём с нетерпением!,12.06.2024,5533143422825620
2029947578978,2024-06-04 00:29:04,ОльГа КУзНЕцовА,+7(9967)01-04,1,кОрм ДЛя СобАк,2,816.17,183.83,ProCESsiNG,Ждём с нетерпением!,12.06.2024,5533143422825620
2029947578978,2024-06-04 00:29:04,ОльГа КУзНЕцовА,+7(9967)01-04,2,игрУшкА мяч,5,1312.26,187.74,ProCEssInG,Ждём с нетерпением!,12.06.2024,5533143422825620
2029947577505,07.06.2024 07:28,ОлЬГА кУзНЕцОВа,8(9887) 97-47,3,АМуниЦИЯ длЯ сОБаК,3,3048.61,551.39,cANCELLed,Проверить наличие,13.06.2024,8467080038532427
2029947577505,07.06.2024 07:28,ОлЬГА кУзНЕцОВа,8(9887) 97-47,2,игрУшка мяЧ,4,1012.7,187.3,CANcelLEd,Проверить наличие,13.06.2024,8467080038532427
2029947577505,07.06.2024 07:28,ОлЬГА кУзНЕцОВа,8(9887) 97-47,1,коРМ для СОБаК,2,895.67,104.33,caNCElLeD,Проверить наличие,13.06.2024,8467080038532427
2029947577505,07.06.2024 07:28,ОлЬГА кУзНЕцОВа,8(9887) 97-47,1,КоРм дЛЯ соБАК,3,1387.2,112.8,cAnCELLED,Проверить наличие,13.06.2024,8467080038532427
2029947576120,2024-06-27 04:56:46,АнНА СмИрНовА,8(9660) 80-86,5,МолОкО,3,7686.57,1313.43,pROCESSiNg,Ждём с нетерпением!,26.06.2024,3231768803427863
2029947575467,2024/06/20 23:18:10,МиХаил ОРЛОВ,+7 9702 79 87,5,МОЛОКО,3,7286.16,1713.84,cancelLeD,спасибо за заказ,22.06.2024,0817295040979204
2029947574393,2024-06-06 23:30:20,ИваН иВанОв,+7(9051)51-96,3,АМуниЦиЯ длЯ СОБАК,2,2077.36,322.64,ProceSSInG,Ждём с нетерпением!,14.06.2024,8455299669700740
2029947574393,2024-06-06 23:30:20,ИваН иВанОв,+7(9051)51-96,1,КОРм дЛЯ СОбАк,2,885.69,114.31,ProCESSING,Ждём с нетерпением!,14.06.2024,8455299669700740
2029947574393,2024-06-06 23:30:20,ИваН иВанОв,+7(9051)51-96,5,МОлОкО,2,5494.76,505.24,proCesSing,Ждём с нетерпением!,14.06.2024,8455299669700740
2029947574393,2024-06-06 23:30:20,ИваН иВанОв,+7(9051)51-96,1,КоРМ ДЛя соБаК,5,2200.86,299.14,ProCessING,Ждём с нетерпением!,14.06.2024,8455299669700740
2029947573512,2024/06/29 05:10:55,ЕлЕНа НоВИКова,8(9619) 35-70,2,ИГрУшКА мЯЧ,3,800.28,99.72,cOMpLeTed,Проверить наличие,2024/06/15,8646210523907953
2029947573512,2024/06/29 05:10:55,ЕлЕНа НоВИКова,8(9619) 35-70,1,коРМ длЯ сОбАк,5,2369.95,130.05,CoMpletEd,Проверить наличие,2024/06/15,8646210523907953
2029947572949,18.06.2024 03:50,мАрИЯ пеТРОва,+7 9891 78 22,2,игрУШКа МяЧ,4,1110.97,89.03,proceSSing,"Задержка с доставкой, печалька...",2024/06/07,4350043014351903
2029947572949,18.06.2024 03:50,мАрИЯ пеТРОва,+7 9891 78 22,4,ПОДпИСкА НА газету,4,2165.34,234.66,pRoceSsInG,"Задержка с доставкой, печалька...",2024/06/07,4350043014351903
2029947572949,18.06.2024 03:50,мАрИЯ пеТРОва,+7 9891 78 22,2,иГРуШка мЯЧ,4,1054.96,145.04,pROceSSING,"Задержка с доставкой, печалька...",2024/06/07,4350043014351903
2029947572949,18.06.2024 03:50,мАрИЯ пеТРОва,+7 9891 78 22,2,ИГРуШка мяЧ,4,1097.1,102.9,PROcesSInG,"Задержка с доставкой, печалька...",2024/06/07,4350043014351903
2029947572949,18.06.2024 03:50,мАрИЯ пеТРОва,+7 9891 78 22,3,АмУНиЦиЯ ДлЯ СОбАК,2,1986.9,413.1,PRoCEsSINg,"Задержка с доставкой, печалька...",2024/06/07,4350043014351903
2029947571288,2024/06/06 11:14:29,ОлЬга кузнЕцОва,+7(9226)92-92,4,ПоДпИСкА нА ГазеТу,5,2658.39,341.61,pRocesSINg,Нужно уточнить сроки,2024-06-29,9917204803741609
2029947570411,2024/06/07 02:30:43,миХАИл ОРЛоВ,8(9678) 48-85,4,пОдпИСКа нА ГаЗЕтУ,2,1180.11,19.89,PRoCEsSiNg,Проверить наличие,24.06.2024,1609463580933580
2029947570411,2024/06/07 02:30:43,миХАИл ОРЛоВ,8(9678) 48-85,3,АмуНИция ДлЯ соБак,1,1055.18,144.82,pROCESsINg,Проверить наличие,24.06.2024,1609463580933580
2029947570411,2024/06/07 02:30:43,миХАИл ОРЛоВ,8(9678) 48-85,5,МОЛоКО,5,14345.64,654.36,PrOCessinG,Проверить наличие,24.06.2024,1609463580933580
2029947570411,2024/06/07 02:30:43,миХАИл ОРЛоВ,8(9678) 48-85,4,ПОдПиСКА на ГАЗЕТу,3,1622.83,177.17,prOCessiNg,Проверить наличие,24.06.2024,1609463580933580
2029947570411,2024/06/07 02:30:43,миХАИл ОРЛоВ,8(9678) 48-85,5,МОлоКО,2,5872.64,127.36,PROceSsiNg,Проверить наличие,24.06.2024,1609463580933580
2029947569852,2024/06/19 03:52:16,ивАн ИВАНоВ,8(9595) 67-17,4,подПИСкА на гАзету,3,1783.36,16.64,pROcEsSInG,Всё отлично!,16.06.2024,6775027384149837
2029947569852,2024/06/19 03:52:16,ивАн ИВАНоВ,8(9595) 67-17,4,пОДпиСКА нА гАЗЕТУ,2,1131.35,68.65,prOcESSIng,Всё отлично!,16.06.2024,6775027384149837
2029947568610,2024-06-27 07:49:30,ЕлЕна НОвикОВа,8(9586) 42-44,4,ПодпиСКа на ГазеТУ,4,2262.5,137.5,PRocessing,Проверить наличие,27.06.2024,5234366749750075
2029947568610,2024-06-27 07:49:30,ЕлЕна НОвикОВа,8(9586) 42-44,3,аМУнИЦИя длЯ соБак,5,5179.05,820.95,proCessiNG,Проверить наличие,27.06.2024,5234366749750075
2029947568610,2024-06-27 07:49:30,ЕлЕна НОвикОВа,8(9586) 42-44,2,ИгРушКа мЯЧ,1,294.95,5.05,pROCesSInG,Проверить наличие,27.06.2024,5234366749750075
2029947568610,2024-06-27 07:49:30,ЕлЕна НОвикОВа,8(9586) 42-44,1,КОРм ДлЯ СоБак,5,2216.95,283.05,ProCESSIng,Проверить наличие,27.06.2024,5234366749750075
2029947567447,2024-06-10 05:13:22,МАриЯ ПЕТроВА,+7 9644 48 98,5,мОлОКо,5,12984.53,2015.47,pROcEsSInG,подарок вовремя,2024/06/24,6650645028917484
2029947567447,2024-06-10 05:13:22,МАриЯ ПЕТроВА,+7 9644 48 98,2,ИгрушкА Мяч,2,535.83,64.17,PrOCEssinG,подарок вовремя,2024/06/24,6650645028917484
2029947567447,2024-06-10 05:13:22,МАриЯ ПЕТроВА,+7 9644 48 98,1,кОрМ ДлЯ сОБАк,5,2249.4,250.6,pRoceSSing,подарок вовремя,2024/06/24,6650645028917484
2029947567447,2024-06-10 05:13:22,МАриЯ ПЕТроВА,+7 9644 48 98,2,игРуШКА мяЧ,3,824.32,75.68,PrOcessing,подарок вовремя,2024/06/24,6650645028917484
2029947567447,2024-06-10 05:13:22,МАриЯ ПЕТроВА,+7 9644 48 98,3,АМУНИЦИя дЛя соБАк,2,2298.73,101.27,PROcEssiNg,подарок вовремя,2024/06/24,6650645028917484
2029947566531,2024/06/13 12:59:15,дМИтрИЙ КуЗНЕЦОв,8(9325) 66-87,4,ПоДПИСка нА гАЗеТУ,5,2696.84,303.16,COMpLeTed,Всё отлично!,2024-06-20,0602509163740929
2029947566531,2024/06/13 12:59:15,дМИтрИЙ КуЗНЕЦОв,8(9325) 66-87,3,амУНиЦия ДЛЯ соБАК,1,1034.69,165.31,COmPlETeD,Всё отлично!,2024-06-20,0602509163740929
2029947566531,2024/06/13 12:59:15,дМИтрИЙ КуЗНЕЦОв,8(9325) 66-87,1,корМ Для СОбАК,3,1401.61,98.39,coMplETed,Всё отлично!,2024-06-20,0602509163740929
2029947566531,2024/06/13 12:59:15,дМИтрИЙ КуЗНЕЦОв,8(9325) 66-87,1,КорМ дЛЯ сОБак,5,2278.49,221.51,cOMplEtEd,Всё отлично!,2024-06-20,0602509163740929
2029947565184,2024-06-05 11:44:21,сЕРгей сИДоров,+7(9819)41-49,5,МОлОкО,5,13337.82,1662.18,cAnCellEd,Проверить наличие,14.06.2024,9966464462501686
2029947565184,2024-06-05 11:44:21,сЕРгей сИДоров,+7(9819)41-49,4,ПоДПИСКА На ГАзЕтУ,5,2789.52,210.48,cAnCELLEd,Проверить наличие,14.06.2024,9966464462501686
2029947565184,2024-06-05 11:44:21,сЕРгей сИДоров,+7(9819)41-49,5,МолОКО,5,14014.21,985.79,CaNCeLled,Проверить наличие,14.06.2024,9966464462501686
2029947565184,2024-06-05 11:44:21,сЕРгей сИДоров,+7(9819)41-49,4,ПОДпИСкА НА ГАЗЕТУ,1,483.66,116.34,CANCELLEd,Проверить наличие,14.06.2024,9966464462501686
2029947565184,2024-06-05 11:44:21,сЕРгей сИДоров,+7(9819)41-49,5,молокО,2,5177.97,822.03,cANceLled,Проверить наличие,14.06.2024,9966464462501686
2029947564513,2024/06/25 20:17:50,оЛЬГа КУЗнЕЦОва,8(9011) 41-77,1,кОРМ дЛя сОбак,2,991.06,8.94,caNcelleD,Проверить наличие,2024-06-10,1082998689214016
2029947564513,2024/06/25 20:17:50,оЛЬГа КУЗнЕЦОва,8(9011) 41-77,4,поДпИсКА на газетУ,1,486.41,113.59,CanCelLeD,Проверить наличие,2024-06-10,1082998689214016
2029947563382,26.06.2024 21:01,сеРГей сиДОрОв,+7 9627 18 39,5,МоЛОКо,4,10206.78,1793.22,comPleted,спасибо за заказ,27.06.2024,0626882016328099
2029947563382,26.06.2024 21:01,сеРГей сиДОрОв,+7 9627 18 39,5,МОлОКО,2,5010.26,989.74,comPleTeD,спасибо за заказ,27.06.2024,0626882016328099
2029947563382,26.06.2024 21:01,сеРГей сиДОрОв,+7 9627 18 39,5,МолОКо,3,7538.69,1461.31,CoMplEteD,спасибо за заказ,27.06.2024,0626882016328099
2029947563382,26.06.2024 21:01,сеРГей сиДОрОв,+7 9627 18 39,2,игРуШка Мяч,2,529.58,70.42,compLETED,спасибо за заказ,27.06.2024,0626882016328099
2029947562102,2024/06/28 14:48:47,дмиТрИЙ кУЗнеЦоВ,+7 9625 81 77,5,мОлоКО,2,4808.2,1191.8,PRoCessInG,спасибо за заказ,2024/06/28,1580230669622409
2029947562102,2024/06/28 14:48:47,дмиТрИЙ кУЗнеЦоВ,+7 9625 81 77,4,пОДпИСКа На гаЗЕТу,2,1178.4,21.6,pRoCEsSiNG,спасибо за заказ,2024/06/28,1580230669622409
2029947561803,17.06.2024 04:53,ЕленА новикОВа,+7 9167 66 66,3,АМУНИциЯ дЛя сОбак,5,5178.24,821.76,COmPleted,Нужно уточнить сроки,2024/06/12,2345590423763286
2029947560546,2024-06-04 12:37:45,АЛЕкСЕй мИХайЛОв,8(9184) 42-05,2,иГРуШКА мяЧ,1,256.13,43.87,pROceSsing,подарок вовремя,2024-06-21,9658056963623286
2029947560546,2024-06-04 12:37:45,АЛЕкСЕй мИХайЛОв,8(9184) 42-05,3,аМУнИциЯ Для СоБак,3,2986.06,613.94,procesSIng,подарок вовремя,2024-06-21,9658056963623286
2029947559887,2024/06/25 18:38:07,НАтАлья ВасильЕвА,+7 9909 47 72,2,ИГрУШкА МяЧ,1,271.07,28.93,cANCElLeD,Проверить наличие,2024-06-01,3074843752793405
2029947559887,2024/06/25 18:38:07,НАтАлья ВасильЕвА,+7 9909 47 72,2,иГРУШКа мЯч,3,790.55,109.45,cANCELled,Проверить наличие,2024-06-01,3074843752793405
2029947559887,2024/06/25 18:38:07,НАтАлья ВасильЕвА,+7 9909 47 72,3,АМУНиЦия Для сОбАк,3,3509.84,90.16,CANCELLed,Проверить наличие,2024-06-01,3074843752793405
2029947559887,2024/06/25 18:38:07,НАтАлья ВасильЕвА,+7 9909 47 72,2,ИгРУшКа МЯч,2,535.85,64.15,canCelLED,Проверить наличие,2024-06-01,3074843752793405
2029947558673,2024-06-12 07:30:17,АлеКСЕЙ мИХаЙлОВ,+7(9429)44-77,5,МОЛОКО,5,13908.29,1091.71,caNcelled,подарок вовремя,2024/06/23,0369189587056235
2029947557318,2024/06/25 13:00:43,ЕлЕНа НовиКОва,+7(9822)32-96,4,пОДПиСкА На ГАЗетУ,5,2901.4,98.6,pRocESsing,Ждём с нетерпением!,2024-06-10,6273670954700116
2029947557318,2024/06/25 13:00:43,ЕлЕНа НовиКОва,+7(9822)32-96,2,иГРУшКа мЯЧ,5,1432.71,67.29,PrOcesSIng,Ждём с нетерпением!,2024-06-10,6273670954700116
2029947557318,2024/06/25 13:00:43,ЕлЕНа НовиКОва,+7(9822)32-96,4,поДПИска нА гАЗЕТу,5,2682.44,317.56,prOCEsSING,Ждём с нетерпением!,2024-06-10,6273670954700116
2029947557318,2024/06/25 13:00:43,ЕлЕНа НовиКОва,+7(9822)32-96,4,ПодпиСка нА ГАЗЕТу,1,598.28,1.72,PRocEssIng,Ждём с нетерпением!,2024-06-10,6273670954700116
2029947556907,06.06.2024 15:01,МАрИЯ ПеТРОВа,+7 9032 52 14,5,молОко,1,2816.5,183.5,cOMPLetEd,спасибо за заказ,2024/06/01,5030188152507016
2029947556907,06.06.2024 15:01,МАрИЯ ПеТРОВа,+7 9032 52 14,4,подпИСка нА гАЗету,3,1587.52,212.48,CompleTED,спасибо за заказ,2024/06/01,5030188152507016
2029947556907,06.06.2024 15:01,МАрИЯ ПеТРОВа,+7 9032 52 14,5,МОлОкО,2,5934.57,65.43,CoMPLetED,спасибо за заказ,2024/06/01,5030188152507016
2029947556907,06.06.2024 15:01,МАрИЯ ПеТРОВа,+7 9032 52 14,2,ИгРУшКа МЯЧ,5,1247.66,252.34,COMPLeteD,спасибо за заказ,2024/06/01,5030188152507016
2029947555151,2024-06-18 08:37:23,иван ИВанов,+7 9137 68 87,3,амУнИцИя дЛЯ СОБак,5,4958.79,1041.21,caNceLLeD,Всё отлично!,2024/06/28,0049954778312153
2029947555151,2024-06-18 08:37:23,иван ИВанов,+7 9137 68 87,2,иГРУшКА МЯч,3,869.33,30.67,CANCELLED,Всё отлично!,2024/06/28,0049954778312153
2029947555151,2024-06-18 08:37:23,иван ИВанов,+7 9137 68 87,2,игрУшкА МЯч,2,554.36,45.64,CanCelleD,Всё отлично!,2024/06/28,0049954778312153
2029947555151,2024-06-18 08:37:23,иван ИВанов,+7 9137 68 87,1,КОРМ ДлЯ СОбАк,2,852.01,147.99,CANcElLed,Всё отлично!,2024/06/28,0049954778312153
2029947554855,2024-06-07 16:58:35,НАтАлья ВаСИлЬЕВа,8(9737) 79-07,5,молОКО,1,2574.42,425.58,PrOCESsing,Проверить наличие,2024-06-08,4251619604032521
2029947554855,2024-06-07 16:58:35,НАтАлья ВаСИлЬЕВа,8(9737) 79-07,1,коРМ дЛя сОбак,2,927.32,72.68,proCeSSInG,Проверить наличие,2024-06-08,4251619604032521
2029947554855,2024-06-07 16:58:35,НАтАлья ВаСИлЬЕВа,8(9737) 79-07,2,ИГРушка МЯч,3,871.94,28.06,PROCESsinG,Проверить наличие,2024-06-08,4251619604032521
2029947553520,17.06.2024 01:11,ДмиТРИй КузнЕЦОв,8(9530) 64-13,3,амуницИЯ ДЛя СоБАк,1,1078.61,121.39,cOmplEtED,спасибо за заказ,18.06.2024,5370809051659007
2029947552677,2024/06/25 23:25:09,МаРия ПетроВа,+7(9414)95-91,2,иГРУшКа мЯЧ,1,289.95,10.05,cOmplEtED,"Задержка с доставкой, печалька...",2024/06/28,6822131483368164
2029947552677,2024/06/25 23:25:09,МаРия ПетроВа,+7(9414)95-91,1,корМ для соБак,1,459.92,40.08,COmpleTEd,"Задержка с доставкой, печалька...",2024/06/28,6822131483368164
2029947552677,2024/06/25 23:25:09,МаРия ПетроВа,+7(9414)95-91,4,пОдпиСКа на ГАЗетУ,5,2593.98,406.02,coMpLeTEd,"Задержка с доставкой, печалька...",2024/06/28,6822131483368164
2029947552677,2024/06/25 23:25:09,МаРия ПетроВа,+7(9414)95-91,5,молОКО,5,14566.51,433.49,cOMPlEtEd,"Задержка с доставкой, печалька...",2024/06/28,6822131483368164
2029947552677,2024/06/25 23:25:09,МаРия ПетроВа,+7(9414)95-91,2,ИГрушкА МЯЧ,3,895.63,4.37,coMplEtEd,"Задержка с доставкой, печалька...",2024/06/28,6822131483368164
2029947551470,13.06.2024 22:32,АЛеКсей мИхаЙЛОв,+7(9935)68-52,5,мОлОКО,4,10135.72,1864.28,ProCeSsing,Нужно уточнить сроки,2024-06-26,1270848515970653
2029947551470,13.06.2024 22:32,АЛеКсей мИхаЙЛОв,+7(9935)68-52,1,КоРМ длЯ Собак,4,1730.3,269.7,prOcEssING,Нужно уточнить сроки,2024-06-26,1270848515970653
2029947551470,13.06.2024 22:32,АЛеКсей мИхаЙЛОв,+7(9935)68-52,5,мОлоКО,1,2729.02,270.98,pROCeSSing,Нужно уточнить сроки,2024-06-26,1270848515970653
2029947550340,2024-06-23 19:22:14,нАтАлЬЯ ВАСилЬеВА,+7 9310 89 74,2,иГруШКа МяЧ,3,886.01,13.99,COmPLeteD,"Задержка с доставкой, печалька...",2024-06-21,4560634763667020
2029947550340,2024-06-23 19:22:14,нАтАлЬЯ ВАСилЬеВА,+7 9310 89 74,5,МОлОКО,2,4835.69,1164.31,ComPleTeD,"Задержка с доставкой, печалька...",2024-06-21,4560634763667020
2029947550340,2024-06-23 19:22:14,нАтАлЬЯ ВАСилЬеВА,+7 9310 89 74,1,корМ для сОбак,1,403.54,96.46,CompLEtED,"Задержка с доставкой, печалька...",2024-06-21,4560634763667020
2029947550340,2024-06-23 19:22:14,нАтАлЬЯ ВАСилЬеВА,+7 9310 89 74,2,игрУшкА МяЧ,2,532.63,67.37,cOMpletEd,"Задержка с доставкой, печалька...",2024-06-21,4560634763667020
2029947550340,2024-06-23 19:22:14,нАтАлЬЯ ВАСилЬеВА,+7 9310 89 74,1,КОРМ длЯ СобАк,1,440.47,59.53,COMPletED,"Задержка с доставкой, печалька...",2024-06-21,4560634763667020
2029947549706,03.06.2024 14:38,АлеКСЕй МИХайлОВ,+7 9757 77 93,3,АмУНИЦия ДЛя сОБАК,4,4077.5,722.5,prOcesSINg,подарок вовремя,27.06.2024,8984764580050140
2029947549706,03.06.2024 14:38,АлеКСЕй МИХайлОВ,+7 9757 77 93,1,КОРм Для СОбаК,1,450.14,49.86,proCEsSiNG,подарок вовремя,27.06.2024,8984764580050140
2029947549706,03.06.2024 14:38,АлеКСЕй МИХайлОВ,+7 9757 77 93,2,ИгрУШКА Мяч,3,826.34,73.66,PROCESsing,подарок вовремя,27.06.2024,8984764580050140
2029947548619,2024-06-23 20:56:00,АЛексеЙ михайЛоВ,8(9074) 55-71,5,молОКо,4,10234.86,1765.14,cAnCeLled,Нужно уточнить сроки,2024/06/29,8717104119057531
2029947548619,2024-06-23 20:56:00,АЛексеЙ михайЛоВ,8(9074) 55-71,4,ПодПисКа на ГАЗЕТУ,4,2289.81,110.19,cANCelLEd,Нужно уточнить сроки,2024/06/29,8717104119057531
2029947548619,2024-06-23 20:56:00,АЛексеЙ михайЛоВ,8(9074) 55-71,5,МоЛОко,1,2613.76,386.24,CANCelLED,Нужно уточнить сроки,2024/06/29,8717104119057531
2029947547781,2024/06/04 01:28:31,ОЛЬгА КУЗНЕцОва,+7 9018 77 91,2,игРушка МЯч,1,292.74,7.26,cAnCelled,Всё отлично!,2024/06/10,8249847295325241
2029947547781,2024/06/04 01:28:31,ОЛЬгА КУЗНЕцОва,+7 9018 77 91,5,МОЛОкО,5,12241.04,2758.96,cancEllEd,Всё отлично!,2024/06/10,8249847295325241
2029947547781,2024/06/04 01:28:31,ОЛЬгА КУЗНЕцОва,+7 9018 77 91,2,ИгрУШКа мяч,2,556.57,43.43,CAnCElLeD,Всё отлично!,2024/06/10,8249847295325241
2029947546108,2024/06/21 11:07:45,ИвАН ивАнОВ,8(9098) 51-82,2,иГРуШка мяЧ,2,540.39,59.61,coMPleTED,Ждём с нетерпением!,24.06.2024,4896966612484976
2029947546108,2024/06/21 11:07:45,ИвАН ивАнОВ,8(9098) 51-82,3,амУНиция ДлЯ СоБАК,3,2958.47,641.53,COmPleTEd,Ждём с нетерпением!,24.06.2024,4896966612484976
2029947545858,2024-06-22 20:11:08,алЕксей МиХаЙлОв,+7 9068 54 70,5,мОлОко,3,8402.8,597.2,cANcelleD,подарок вовремя,2024-06-20,7445128123948403
2029947545858,2024-06-22 20:11:08,алЕксей МиХаЙлОв,+7 9068 54 70,3,амУнИЦИя ДлЯ сОбак,4,4524.33,275.67,CanCELled,подарок вовремя,2024-06-20,7445128123948403
2029947545858,2024-06-22 20:11:08,алЕксей МиХаЙлОв,+7 9068 54 70,3,АмунИЦиЯ для соБак,4,4593.82,206.18,CancElLeD,подарок вовремя,2024-06-20,7445128123948403
2029947545858,2024-06-22 20:11:08,алЕксей МиХаЙлОв,+7 9068 54 70,4,пОдпиСкА НА газету,5,2585.86,414.14,CAncelLED,подарок вовремя,2024-06-20,7445128123948403
2029947545858,2024-06-22 20:11:08,алЕксей МиХаЙлОв,+7 9068 54 70,4,поДПиСкА на ГаЗету,1,517.02,82.98,cAnCElLeD,подарок вовремя,2024-06-20,7445128123948403
2029947544721,2024/06/26 09:37:11,ДМИтРИй КуЗнецОВ,+7 9893 43 73,5,молОкО,2,5894.27,105.73,coMplETEd,Всё отлично!,2024/06/04,1390026373834899
2029947543838,2024/06/07 05:08:02,ЕлЕНа новиКОва,+7(9338)69-39,4,ПоДпиСкА На гАЗету,4,2071.35,328.65,pROCessiNG,"Задержка с доставкой, печалька...",25.06.2024,9339756562935880
2029947542916,2024/06/04 11:18:33,нАтаЛья вАСИЛьеВа,8(9066) 99-94,3,АМУНиЦия ДЛЯ соБАк,5,5482.77,517.23,comPLetEd,"Задержка с доставкой, печалька...",2024/06/27,1612421013171935
2029947542916,2024/06/04 11:18:33,нАтаЛья вАСИЛьеВа,8(9066) 99-94,4,пОдпИска НА гаЗЕту,3,1613.39,186.61,cOmPletEd,"Задержка с доставкой, печалька...",2024/06/27,1612421013171935
2029947542916,2024/06/04 11:18:33,нАтаЛья вАСИЛьеВа,8(9066) 99-94,4,ПОдпИСкА нА ГаЗЕту,3,1700.54,99.46,cOmpLeteD,"Задержка с доставкой, печалька...",2024/06/27,1612421013171935
2029947542916,2024/06/04 11:18:33,нАтаЛья вАСИЛьеВа,8(9066) 99-94,1,КОрМ дЛЯ сОбак,2,808.78,191.22,cOMpleTed,"Задержка с доставкой, печалька...",2024/06/27,1612421013171935
2029947541469,2024-06-16 11:00:30,марИЯ ПЕТроВА,+7 9543 32 23,5,мОЛокО,4,9972.14,2027.86,cOMplEted,Всё отлично!,23.06.2024,3326785054373586
2029947541469,2024-06-16 11:00:30,марИЯ ПЕТроВА,+7 9543 32 23,3,амунИЦИя для собаК,3,3131.51,468.49,cOMplEtED,Всё отлично!,23.06.2024,3326785054373586
2029947541469,2024-06-16 11:00:30,марИЯ ПЕТроВА,+7 9543 32 23,4,подПИСКА нА ГазЕту,2,1005.18,194.82,ComPlETed,Всё отлично!,23.06.2024,3326785054373586
2029947541469,2024-06-16 11:00:30,марИЯ ПЕТроВА,+7 9543 32 23,3,амуНицИЯ ДЛя сОбАК,5,5459.67,540.33,cOmpleTED,Всё отлично!,23.06.2024,3326785054373586
2029947540343,12.06.2024 15:51,МАриЯ пеТРОВа,+7 9876 25 11,5,МОлОКо,5,13613.04,1386.96,prOcessiNG,Всё отлично!,2024-06-18,8858440781469805
2029947540343,12.06.2024 15:51,МАриЯ пеТРОВа,+7 9876 25 11,3,аМУНИция дЛя СОбАк,5,5230.49,769.51,pRocESSiNG,Всё отлично!,2024-06-18,8858440781469805
2029947539606,10.06.2024 20:46,сЕРГей СидороВ,+7(9299)17-12,3,АмУНИция ДЛя собаК,2,2016.42,383.58,pRoCESsING,Ждём с нетерпением!,2024-06-19,0895940282454274
2029947539606,10.06.2024 20:46,сЕРГей СидороВ,+7(9299)17-12,2,ИГрушКА МяЧ,3,880.82,19.18,prOCesSiNG,Ждём с нетерпением!,2024-06-19,0895940282454274
2029947539606,10.06.2024 20:46,сЕРГей СидороВ,+7(9299)17-12,5,МолоКО,5,12977.51,2022.49,ProcesSInG,Ждём с нетерпением!,2024-06-19,0895940282454274
2029947539606,10.06.2024 20:46,сЕРГей СидороВ,+7(9299)17-12,1,КОрМ Для сОБАК,2,893.81,106.19,PROcessing,Ждём с нетерпением!,2024-06-19,0895940282454274
2029947539606,10.06.2024 20:46,сЕРГей СидороВ,+7(9299)17-12,3,аМуНицИя Для сОБаК,2,2269.51,130.49,ProCESsiNg,Ждём с нетерпением!,2024-06-19,0895940282454274
2029947538980,2024-06-24 16:14:46,дМИтРИй КУЗНецов,+7 9766 42 87,1,КОрМ дЛЯ СОБаК,4,1623.35,376.65,CANcELLED,"Задержка с доставкой, печалька...",2024/06/25,7935347934772263
2029947538980,2024-06-24 16:14:46,дМИтРИй КУЗНецов,+7 9766 42 87,1,корМ длЯ сОБаК,3,1205.31,294.69,CANCElLEd,"Задержка с доставкой, печалька...",2024/06/25,7935347934772263
2029947538980,2024-06-24 16:14:46,дМИтРИй КУЗНецов,+7 9766 42 87,4,ПоДписКа нА ГазеТУ,5,2725.55,274.45,cANceLLeD,"Задержка с доставкой, печалька...",2024/06/25,7935347934772263
2029947537595,2024/06/01 23:02:20,иваН ИваНОв,8(9769) 14-89,2,игрушка мяч,2,534.55,65.45,CoMPlEtED,Нужно уточнить сроки,2024-06-20,5563652744626722
2029947537595,2024/06/01 23:02:20,иваН ИваНОв,8(9769) 14-89,3,АмУНИЦИя дЛя СОБАк,4,4075.57,724.43,cOMpLeteD,Нужно уточнить сроки,2024-06-20,5563652744626722
2029947537595,2024/06/01 23:02:20,иваН ИваНОв,8(9769) 14-89,2,ИгрУшка МЯЧ,4,1064.78,135.22,ComPlETeD,Нужно уточнить сроки,2024-06-20,5563652744626722
2029947536246,2024-06-22 07:03:21,ДмиТРИЙ КузнЕЦОВ,8(9433) 52-10,3,аМУНицИя ДЛя собАк,4,4354.91,445.09,proCEsSIng,Нужно уточнить сроки,2024-06-08,4292151868722062
2029947536246,2024-06-22 07:03:21,ДмиТРИЙ КузнЕЦОВ,8(9433) 52-10,3,амУнИЦиЯ для СОБаК,4,4591.68,208.32,PRocesSING,Нужно уточнить сроки,2024-06-08,4292151868722062
2029947536246,2024-06-22 07:03:21,ДмиТРИЙ КузнЕЦОВ,8(9433) 52-10,2,иГруШкА мяч,5,1290.92,209.08,prOCeSsiNg,Нужно уточнить сроки,2024-06-08,4292151868722062
2029947536246,2024-06-22 07:03:21,ДмиТРИЙ КузнЕЦОВ,8(9433) 52-10,3,АмУниЦия дЛЯ СобАК,3,2971.88,628.12,procESsINg,Нужно уточнить сроки,2024-06-08,4292151868722062
2029947536246,2024-06-22 07:03:21,ДмиТРИЙ КузнЕЦОВ,8(9433) 52-10,4,подпИска на ГАЗеТУ,4,1946.22,453.78,proceSSINg,Нужно уточнить сроки,2024-06-08,4292151868722062
2029947535293,2024/06/09 07:14:39,АнНА смИРновА,8(9418) 55-08,3,АМУнИЦИЯ для СОБАК,5,5797.72,202.28,CAncELlED,Нужно уточнить сроки,2024-06-24,2875786169608836
2029947534983,09.06.2024 01:03,ДМиТРИЙ куЗНеЦоВ,+7(9225)92-01,2,игРуШКА мяЧ,1,296.37,3.63,COMPLetED,"Задержка с доставкой, печалька...",2024-06-03,6038639307411792
2029947534983,09.06.2024 01:03,ДМиТРИЙ куЗНеЦоВ,+7(9225)92-01,4,поДПИСкА НА ГАЗЕТУ,4,2317.02,82.98,CoMpLeTEd,"Задержка с доставкой, печалька...",2024-06-03,6038639307411792
2029947533648,2024-06-11 01:06:54,МИхаил ОРЛОв,+7(9251)66-94,1,КОРМ дЛя сОбаК,2,861.3,138.7,PROcEsSIng,Нужно уточнить сроки,19.06.2024,3933289453814436
2029947533648,2024-06-11 01:06:54,МИхаил ОРЛОв,+7(9251)66-94,1,кОРм ДЛя СоБАК,2,913.85,86.15,ProCesSing,Нужно уточнить сроки,19.06.2024,3933289453814436
2029947533648,2024-06-11 01:06:54,МИхаил ОРЛОв,+7(9251)66-94,1,коРм дЛЯ Собак,4,1673.38,326.62,prOcessinG,Нужно уточнить сроки,19.06.2024,3933289453814436
2029947533648,2024-06-11 01:06:54,МИхаил ОРЛОв,+7(9251)66-94,2,игРУШКА мяЧ,3,789.5,110.5,pRocesSING,Нужно уточнить сроки,19.06.2024,3933289453814436
2029947533648,2024-06-11 01:06:54,МИхаил ОРЛОв,+7(9251)66-94,2,ИгРуШКа мЯч,5,1446.96,53.04,pROCEssING,Нужно уточнить сроки,19.06.2024,3933289453814436
2029947532715,06.06.2024 14:34,дМиТрИй куЗНЕЦов,+7(9453)81-40,2,ИгрУшка МЯЧ,2,530.3,69.7,ProCESsing,Всё отлично!,2024-06-08,3410029477619401
2029947532715,06.06.2024 14:34,дМиТрИй куЗНЕЦов,+7(9453)81-40,4,подпИСкА нА гАЗЕТУ,1,583.42,16.58,PROcESsInG,Всё отлично!,2024-06-08,3410029477619401
2029947532715,06.06.2024 14:34,дМиТрИй куЗНЕЦов,+7(9453)81-40,4,пОдпИСКА На ГаЗету,3,1794.23,5.77,PROcESsIng,Всё отлично!,2024-06-08,3410029477619401
2029947532715,06.06.2024 14:34,дМиТрИй куЗНЕЦов,+7(9453)81-40,1,кОрм длЯ сОбак,1,450.81,49.19,proceSsIng,Всё отлично!,2024-06-08,3410029477619401
2029947532715,06.06.2024 14:34,дМиТрИй куЗНЕЦов,+7(9453)81-40,1,коРМ ДЛЯ СоБаК,5,2392.87,107.13,pROcEsSING,Всё отлично!,2024-06-08,3410029477619401
2029947531796,2024-06-11 13:50:52,оЛьГа КузНецоВА,+7 9730 42 66,4,ПоДПисКа На гаЗету,1,510.5,89.5,PROCESsiNG,Всё отлично!,2024/06/09,6155454849529733
2029947531796,2024-06-11 13:50:52,оЛьГа КузНецоВА,+7 9730 42 66,2,иГРУШкА МяЧ,3,790.68,109.32,PrOcesSing,Всё отлично!,2024/06/09,6155454849529733
2029947531796,2024-06-11 13:50:52,оЛьГа КузНецоВА,+7 9730 42 66,2,иГРУШКА МяЧ,1,293.93,6.07,prOCeSsInG,Всё отлично!,2024/06/09,6155454849529733
2029947531796,2024-06-11 13:50:52,оЛьГа КузНецоВА,+7 9730 42 66,5,МоЛОко,3,7355.72,1644.28,proCessIng,Всё отлично!,2024/06/09,6155454849529733
2029947530894,2024/06/16 16:47:35,СерГеЙ СидОрОВ,+7(9982)64-72,2,ИГРУШКа Мяч,1,240.35,59.65,CAnceLLEd,подарок вовремя,2024-06-01,2975199676290554
2029947530894,2024/06/16 16:47:35,СерГеЙ СидОрОВ,+7(9982)64-72,3,аМуниЦИЯ для СОбАк,3,3115.83,484.17,cAncELled,подарок вовремя,2024-06-01,2975199676290554
2029947530894,2024/06/16 16:47:35,СерГеЙ СидОрОВ,+7(9982)64-72,1,корм ДЛя сОБАК,5,2325.25,174.75,CaNceLLED,подарок вовремя,2024-06-01,2975199676290554
2029947529492,2024-06-20 04:07:51,СеРгеЙ СИДоРов,+7(9811)28-66,2,ИГРуШкА МЯЧ,1,293.03,6.97,PROCeSSinG,Проверить наличие,03.06.2024,7837391485151514
2029947529492,2024-06-20 04:07:51,СеРгеЙ СИДоРов,+7(9811)28-66,2,ИГрУшкА Мяч,3,747.45,152.55,PrOcESSing,Проверить наличие,03.06.2024,7837391485151514
2029947529492,2024-06-20 04:07:51,СеРгеЙ СИДоРов,+7(9811)28-66,5,Молоко,5,13424.4,1575.6,proceSSInG,Проверить наличие,03.06.2024,7837391485151514
2029947529492,2024-06-20 04:07:51,СеРгеЙ СИДоРов,+7(9811)28-66,3,АмУНИцИЯ дЛя сОбАк,1,1051.44,148.56,ProcESsINg,Проверить наличие,03.06.2024,7837391485151514
2029947529492,2024-06-20 04:07:51,СеРгеЙ СИДоРов,+7(9811)28-66,2,игрушка Мяч,2,480.18,119.82,pRocESSING,Проверить наличие,03.06.2024,7837391485151514
2029947528579,2024/06/15 05:39:30,АЛЕКСей миХаЙЛОв,8(9202) 60-97,5,МоЛОкО,3,7757.09,1242.91,cancELLed,подарок вовремя,10.06.2024,5485576523971372
2029947527102,2024/06/24 11:11:56,ОлЬГа кУЗНеЦОва,+7 9155 66 92,1,корМ ДлЯ СоБАК,1,496.41,3.59,CANcElLeD,Ждём с нетерпением!,2024/06/06,6367608835666055
2029947527102,2024/06/24 11:11:56,ОлЬГа кУЗНеЦОва,+7 9155 66 92,5,мОлОКО,4,11676.13,323.87,CANCelleD,Ждём с нетерпением!,2024/06/06,6367608835666055
2029947527102,2024/06/24 11:11:56,ОлЬГа кУЗНеЦОва,+7 9155 66 92,3,АмунИЦИя дЛЯ сОБАК,4,4517.86,282.14,CaNcelleD,Ждём с нетерпением!,2024/06/06,6367608835666055
2029947527102,2024/06/24 11:11:56,ОлЬГа кУЗНеЦОва,+7 9155 66 92,1,кОрм ДЛя СОбАК,4,1962.37,37.63,CANcelleD,Ждём с нетерпением!,2024/06/06,6367608835666055
2029947526246,2024-06-25 04:51:46,мИХАИл оРлОв,+7 9337 12 06,4,ПоДПИска На гаЗеТУ,4,2156.89,243.11,PrOceSSiNG,подарок вовремя,2024/06/15,8559567631669836
2029947526246,2024-06-25 04:51:46,мИХАИл оРлОв,+7 9337 12 06,4,пОДПиска На гАзЕТУ,5,2925.25,74.75,prOCeSSINg,подарок вовремя,2024/06/15,8559567631669836
2029947525826,2024-06-18 18:20:18,аннА смиРнОвА,+7(9438)68-24,5,молОКО,2,5617.39,382.61,PrOCessINg,Ждём с нетерпением!,2024-06-02,5411647317907619
2029947525826,2024-06-18 18:20:18,аннА смиРнОвА,+7(9438)68-24,5,мОлОКО,4,10792.41,1207.59,PRocEssING,Ждём с нетерпением!,2024-06-02,5411647317907619
2029947525826,2024-06-18 18:20:18,аннА смиРнОвА,+7(9438)68-24,2,игРУШкА Мяч,3,835.04,64.96,PRoCeSSiNG,Ждём с нетерпением!,2024-06-02,5411647317907619
2029947525826,2024-06-18 18:20:18,аннА смиРнОвА,+7(9438)68-24,5,мОЛоКО,1,2849.57,150.43,pROcessiNG,Ждём с нетерпением!,2024-06-02,5411647317907619
2029947524403,2024-06-24 13:05:39,ЕлеНа НОвИКОВа,+7 9387 46 71,4,ПоДписКа на гАзеТУ,3,1792.99,7.01,CaNcELLed,"Задержка с доставкой, печалька...",2024-06-25,3600778551686121
2029947524403,2024-06-24 13:05:39,ЕлеНа НОвИКОВа,+7 9387 46 71,5,мОлОкО,5,14356.2,643.8,CaNCellED,"Задержка с доставкой, печалька...",2024-06-25,3600778551686121
2029947523652,2024/06/23 11:05:47,мИХаИЛ орлОв,+7 9594 22 11,1,КоРм дЛЯ СобАК,1,423.07,76.93,cAnceLLed,Проверить наличие,23.06.2024,7083977415760682
2029947523652,2024/06/23 11:05:47,мИХаИЛ орлОв,+7 9594 22 11,4,пОДпИска на гАзеТу,3,1474.46,325.54,cANcELLed,Проверить наличие,23.06.2024,7083977415760682
2029947522540,2024-06-30 06:24:52,мИХаил оРлоВ,8(9901) 07-99,5,МОлокО,3,8649.34,350.66,pRocessInG,спасибо за заказ,2024/06/03,2391261346241084
2029947522540,2024-06-30 06:24:52,мИХаил оРлоВ,8(9901) 07-99,1,КоРМ ДлЯ сОБак,4,1962.7,37.3,PROceSSInG,спасибо за заказ,2024/06/03,2391261346241084
2029947522540,2024-06-30 06:24:52,мИХаил оРлоВ,8(9901) 07-99,5,молОко,4,9764.75,2235.25,PRoCEsSinG,спасибо за заказ,2024/06/03,2391261346241084
2029947522540,2024-06-30 06:24:52,мИХаил оРлоВ,8(9901) 07-99,4,подпИСка на ГАЗеТУ,1,500.22,99.78,PROceSSiNg,спасибо за заказ,2024/06/03,2391261346241084
2029947521727,2024-06-18 11:11:33,ЕЛЕна ноВИКОВА,+7(9144)78-93,1,КОрМ ДЛя соБак,5,2286.48,213.52,PrOcEssIng,Всё отлично!,22.06.2024,0016110244763576
2029947521727,2024-06-18 11:11:33,ЕЛЕна ноВИКОВА,+7(9144)78-93,5,мОлоКО,4,9811.92,2188.08,PRoCessing,Всё отлично!,22.06.2024,0016110244763576
2029947521727,2024-06-18 11:11:33,ЕЛЕна ноВИКОВА,+7(9144)78-93,4,пОдпИсКа НА гАзеТу,2,1040.1,159.9,prOCesSing,Всё отлично!,22.06.2024,0016110244763576
2029947521727,2024-06-18 11:11:33,ЕЛЕна ноВИКОВА,+7(9144)78-93,4,ПОДписКа на гаЗетУ,3,1654.57,145.43,pROCESSiNG,Всё отлично!,22.06.2024,0016110244763576
2029947521727,2024-06-18 11:11:33,ЕЛЕна ноВИКОВА,+7(9144)78-93,3,АМУНИЦия ДЛя сОБак,2,2311.83,88.17,prOCESsing,Всё отлично!,22.06.2024,0016110244763576
2029947520390,17.06.2024 19:31,ОЛЬГА кУЗНецоВа,8(9623) 10-07,5,МОлОко,2,5501.03,498.97,cOmPLeteD,"Задержка с доставкой, печалька...",29.06.2024,3555794833452573
2029947520390,17.06.2024 19:31,ОЛЬГА кУЗНецоВа,8(9623) 10-07,4,ПоДписКа На ГазЕТу,3,1654.16,145.84,cOMPleTEd,"Задержка с доставкой, печалька...",29.06.2024,3555794833452573
2029947520390,17.06.2024 19:31,ОЛЬГА кУЗНецоВа,8(9623) 10-07,3,амуНИЦиЯ дЛЯ СобАк,3,3355.8,244.2,completed,"Задержка с доставкой, печалька...",29.06.2024,3555794833452573
2029947775494,2024-06-02 06:51:46,МиХАИл орлОв,+7 9744 56 23,3,АмУНиЦия дЛЯ соБАК,3,3238.12,361.88,PRocEsSIng,спасибо за заказ,2024/06/19,9206985166054102
2029947775494,2024-06-02 06:51:46,МиХАИл орлОв,+7 9744 56 23,3,аМУнИция длЯ СОбак,5,5304.02,695.98,PRocEssing,спасибо за заказ,2024/06/19,9206985166054102
2029947775494,2024-06-02 06:51:46,МиХАИл орлОв,+7 9744 56 23,4,ПОдПИСкА нА ГАзеТу,3,1786.9,13.1,PRoCeSSinG,спасибо за заказ,2024/06/19,9206985166054102
2029947775494,2024-06-02 06:51:46,МиХАИл орлОв,+7 9744 56 23,1,кОрМ дЛя сОБАк,1,424.14,75.86,PROcEsSInG,спасибо за заказ,2024/06/19,9206985166054102
2029947775494,2024-06-02 06:51:46,МиХАИл орлОв,+7 9744 56 23,5,МОлОКО,2,5810.31,189.69,PrOcessINg,спасибо за заказ,2024/06/19,9206985166054102
2029947774922,2024-06-08 07:21:20,АННа СМИРНоВА,+7(9654)05-86,3,амуНИЦия Для соБАК,5,4848.31,1151.69,prOCESsing,Ждём с нетерпением!,02.06.2024,6376927150685932
2029947774922,2024-06-08 07:21:20,АННа СМИРНоВА,+7(9654)05-86,5,МоЛОКО,3,8211.49,788.51,PRoCESsINg,Ждём с нетерпением!,02.06.2024,6376927150685932
2029947774922,2024-06-08 07:21:20,АННа СМИРНоВА,+7(9654)05-86,1,КОрМ ДЛЯ сОБаК,1,436.99,63.01,prOcessInG,Ждём с нетерпением!,02.06.2024,6376927150685932
2029947773705,27.06.2024 02:06,АЛексЕЙ михАйЛОВ,+7(9028)77-54,3,амУниЦия ДЛЯ СОбАК,4,4689.71,110.29,ProCesSIng,"Задержка с доставкой, печалька...",2024-06-30,9156506609225438
2029947773705,27.06.2024 02:06,АЛексЕЙ михАйЛОВ,+7(9028)77-54,1,КОрМ ДлЯ сОБАК,2,845.13,154.87,prOCEsSINg,"Задержка с доставкой, печалька...",2024-06-30,9156506609225438
2029947773705,27.06.2024 02:06,АЛексЕЙ михАйЛОВ,+7(9028)77-54,5,мОлОкО,3,8114.26,885.74,ProcEssINg,"Задержка с доставкой, печалька...",2024-06-30,9156506609225438
2029947773705,27.06.2024 02:06,АЛексЕЙ михАйЛОВ,+7(9028)77-54,4,ПОдПИСка НА гАЗеТу,2,970.37,229.63,pROCESSIng,"Задержка с доставкой, печалька...",2024-06-30,9156506609225438
2029947773705,27.06.2024 02:06,АЛексЕЙ михАйЛОВ,+7(9028)77-54,5,молОКо,2,5758.49,241.51,prOcEsSiNG,"Задержка с доставкой, печалька...",2024-06-30,9156506609225438
2029947772798,2024-06-08 12:48:09,нАталЬЯ ваСильЕВА,+7(9615)34-54,4,подпИскА На ГазеТУ,2,1171.18,28.82,CANCELled,Нужно уточнить сроки,20.06.2024,4369396371193930
2029947771500,2024-06-02 01:28:13,сеРгЕй СиДОРОв,+7 9678 74 92,3,амунИцИЯ дЛя СОБак,1,1160.28,39.72,cOmplEteD,Всё отлично!,2024/06/07,2553267725828383
2029947771500,2024-06-02 01:28:13,сеРгЕй СиДОРОв,+7 9678 74 92,3,АМУниЦИя длЯ СОбАк,1,1029.9,170.1,CoMPLeTED,Всё отлично!,2024/06/07,2553267725828383
2029947771500,2024-06-02 01:28:13,сеРгЕй СиДОРОв,+7 9678 74 92,4,ПОдПиСка НА гАЗЕтУ,2,987.75,212.25,CoMplEteD,Всё отлично!,2024/06/07,2553267725828383
2029947770481,13.06.2024 02:51,сергЕЙ СиДОрОВ,+7 9338 00 00,1,КорМ для сОбак,3,1430.82,69.18,CAnCELled,Ждём с нетерпением!,07.06.2024,5021651743618990
2029947770481,13.06.2024 02:51,сергЕЙ СиДОрОВ,+7 9338 00 00,5,МолОко,1,2976.25,23.75,cancElLED,Ждём с нетерпением!,07.06.2024,5021651743618990
2029947770481,13.06.2024 02:51,сергЕЙ СиДОрОВ,+7 9338 00 00,3,амунициЯ длЯ сОбАК,3,3421.56,178.44,CaNcELled,Ждём с нетерпением!,07.06.2024,5021651743618990
2029947770481,13.06.2024 02:51,сергЕЙ СиДОрОВ,+7 9338 00 00,1,КОрм ДлЯ СоБАК,2,940.85,59.15,CAnCellED,Ждём с нетерпением!,07.06.2024,5021651743618990
2029947770481,13.06.2024 02:51,сергЕЙ СиДОрОВ,+7 9338 00 00,3,АмУНициЯ для СобАк,3,3237.59,362.41,cANCEllED,Ждём с нетерпением!,07.06.2024,5021651743618990
2029947769325,2024-06-25 03:36:38,АННа СмИрНоВа,+7(9656)41-54,1,КоРм ДЛя сОбаК,5,2170.78,329.22,canceLLED,Всё отлично!,19.06.2024,7256754456026445
2029947769325,2024-06-25 03:36:38,АННа СмИрНоВа,+7(9656)41-54,1,КорМ ДлЯ сОбак,4,1869.29,130.71,cAnCELLed,Всё отлично!,19.06.2024,7256754456026445
2029947769325,2024-06-25 03:36:38,АННа СмИрНоВа,+7(9656)41-54,3,аМуНиция ДлЯ СОБАк,4,4285.19,514.81,caNcelLeD,Всё отлично!,19.06.2024,7256754456026445
2029947769325,2024-06-25 03:36:38,АННа СмИрНоВа,+7(9656)41-54,4,пОДпиСКа На гаЗету,1,531.95,68.05,canCELlEd,Всё отлично!,19.06.2024,7256754456026445
2029947769325,2024-06-25 03:36:38,АННа СмИрНоВа,+7(9656)41-54,3,амУНИЦИЯ для СобаК,2,2399.49,0.51,canceLlED,Всё отлично!,19.06.2024,7256754456026445
2029947768861,17.06.2024 20:35,ИВАн ивАНОв,8(9109) 75-91,3,аМуНИция ДЛЯ СоБАК,3,2925.13,674.87,pRoCeSSiNg,Нужно уточнить сроки,2024-06-21,6041336878180091
2029947768861,17.06.2024 20:35,ИВАн ивАНОв,8(9109) 75-91,2,игрУшКА мяч,5,1272.39,227.61,pRoceSsinG,Нужно уточнить сроки,2024-06-21,6041336878180091
2029947768861,17.06.2024 20:35,ИВАн ивАНОв,8(9109) 75-91,5,мОлокО,5,12007.72,2992.28,pRoCESSIng,Нужно уточнить сроки,2024-06-21,6041336878180091
2029947768861,17.06.2024 20:35,ИВАн ивАНОв,8(9109) 75-91,3,АмУНИцИя Для СоБАК,5,5729.87,270.13,pRoceSsINg,Нужно уточнить сроки,2024-06-21,6041336878180091
2029947767650,2024-06-10 08:59:10,ДМиТРиЙ КуЗНеЦОв,+7 9577 76 58,1,корм Для сОбаК,3,1459.12,40.88,CanCeLLED,спасибо за заказ,2024/06/13,6204916377163196
2029947767650,2024-06-10 08:59:10,ДМиТРиЙ КуЗНеЦОв,+7 9577 76 58,1,кОРм дЛЯ СОбаК,3,1305.91,194.09,cAnCeLLED,спасибо за заказ,2024/06/13,6204916377163196
2029947767650,2024-06-10 08:59:10,ДМиТРиЙ КуЗНеЦОв,+7 9577 76 58,5,МОЛОКО,2,5290.69,709.31,CaNCELLeD,спасибо за заказ,2024/06/13,6204916377163196
2029947767650,2024-06-10 08:59:10,ДМиТРиЙ КуЗНеЦОв,+7 9577 76 58,1,КОРм ДЛя СоБАк,5,2475.59,24.41,canCellED,спасибо за заказ,2024/06/13,6204916377163196
2029947766328,28.06.2024 22:34,иван иВАнов,8(9203) 46-52,1,КОРМ ДЛЯ соБак,5,2336.83,163.17,COmPLeTED,Всё отлично!,08.06.2024,3890355471746571
2029947766328,28.06.2024 22:34,иван иВАнов,8(9203) 46-52,5,МоЛОко,4,11624.01,375.99,CompLetEd,Всё отлично!,08.06.2024,3890355471746571
2029947765156,2024-06-21 01:34:37,миХАил ОрлоВ,+7 9490 84 44,5,МоЛОко,5,14750.05,249.95,CAnCeLled,подарок вовремя,2024/06/08,4662844470212154
2029947765156,2024-06-21 01:34:37,миХАил ОрлоВ,+7 9490 84 44,4,пОдпИскА нА гаЗЕту,4,2229.72,170.28,cANCeLlEd,подарок вовремя,2024/06/08,4662844470212154
2029947765156,2024-06-21 01:34:37,миХАил ОрлоВ,+7 9490 84 44,5,МОлоКО,1,2730.35,269.65,CanCELLed,подарок вовремя,2024/06/08,4662844470212154
2029947764693,26.06.2024 14:10,ЕлЕНА ноВИКоВА,8(9624) 25-78,1,кОрМ Для СОбаК,2,917.21,82.79,CANCELlED,спасибо за заказ,2024-06-16,0777994665604334
2029947764693,26.06.2024 14:10,ЕлЕНА ноВИКоВА,8(9624) 25-78,2,ИГрушКА Мяч,4,971.86,228.14,CAncellEd,спасибо за заказ,2024-06-16,0777994665604334
2029947763601,2024/06/03 18:52:58,мИхАИл оРЛов,+7 9494 56 46,2,иГрУШкА Мяч,4,1087.41,112.59,PRocEsSinG,Всё отлично!,2024/06/15,6672239106650834
2029947763601,2024/06/03 18:52:58,мИхАИл оРЛов,+7 9494 56 46,2,игРушКА МяЧ,1,244.43,55.57,ProcEssInG,Всё отлично!,2024/06/15,6672239106650834
2029947762449,22.06.2024 13:36,СеРгеЙ сИдоРоВ,+7(9603)98-45,5,МОЛоКо,4,10725.65,1274.35,CANcElleD,Ждём с нетерпением!,2024-06-28,2222291456952959
2029947762449,22.06.2024 13:36,СеРгеЙ сИдоРоВ,+7(9603)98-45,3,АМуНиЦИЯ ДЛЯ СоБАк,2,2068.74,331.26,CanCelLED,Ждём с нетерпением!,2024-06-28,2222291456952959
2029947762449,22.06.2024 13:36,СеРгеЙ сИдоРоВ,+7(9603)98-45,4,ПоДпиСка На ГАзЕТУ,4,2209.16,190.84,CaNcELLed,Ждём с нетерпением!,2024-06-28,2222291456952959
2029947761806,2024-06-18 09:09:41,оЛьГА КузНеЦоВА,+7 9993 52 33,3,АМуНиЦиЯ Для СоБАк,5,5308.67,691.33,compLeTed,Всё отлично!,17.06.2024,1702239520492154
2029947760765,2024/06/19 14:14:01,ОльГа КУзнЕЦоВА,+7(9940)01-17,3,аМуНиЦИя дЛЯ СоБак,4,3990.0,810.0,CANCeLLEd,спасибо за заказ,20.06.2024,6200426108796507
2029947759107,2024/06/29 12:42:01,НАТаЛЬя ВАсильЕВА,8(9484) 52-28,3,АмунИция дЛя СОБаК,5,5738.72,261.28,CancEllED,спасибо за заказ,2024-06-02,7956745274550058
2029947759107,2024/06/29 12:42:01,НАТаЛЬя ВАсильЕВА,8(9484) 52-28,3,амунИцИЯ дЛЯ СобаК,3,3345.85,254.15,cANCelLEd,спасибо за заказ,2024-06-02,7956745274550058
2029947759107,2024/06/29 12:42:01,НАТаЛЬя ВАсильЕВА,8(9484) 52-28,4,ПОДпИСКА На гаЗету,2,1093.41,106.59,CAncelled,спасибо за заказ,2024-06-02,7956745274550058
2029947759107,2024/06/29 12:42:01,НАТаЛЬя ВАсильЕВА,8(9484) 52-28,3,амуНИЦия ДЛЯ СоБАК,2,2347.71,52.29,CANCElLeD,спасибо за заказ,2024-06-02,7956745274550058
2029947758203,10.06.2024 13:03,иван иВанОВ,+7(9855)61-78,4,поДпиСКА на газету,4,1954.22,445.78,COMPLeted,подарок вовремя,2024-06-20,1449439010064575
2029947758203,10.06.2024 13:03,иван иВанОВ,+7(9855)61-78,5,МОлоКо,4,10732.6,1267.4,coMpLeteD,подарок вовремя,2024-06-20,1449439010064575
2029947758203,10.06.2024 13:03,иван иВанОВ,+7(9855)61-78,4,ПодпИска нА ГазеТУ,2,1084.7,115.3,cOmplEtED,подарок вовремя,2024-06-20,1449439010064575
2029947758203,10.06.2024 13:03,иван иВанОВ,+7(9855)61-78,5,МОЛОКО,5,12229.3,2770.7,cOmpleTed,подарок вовремя,2024-06-20,1449439010064575
2029947758203,10.06.2024 13:03,иван иВанОВ,+7(9855)61-78,5,моЛОко,4,10586.39,1413.61,COMPlETED,подарок вовремя,2024-06-20,1449439010064575
2029947757558,2024/06/20 02:47:08,ИВаН ИВаноВ,8(9665) 21-98,4,пОДПиСКА НА гаЗЕТу,3,1729.33,70.67,cANCeLled,подарок вовремя,2024/06/09,9193959487428602
2029947757558,2024/06/20 02:47:08,ИВаН ИВаноВ,8(9665) 21-98,5,моЛОКО,3,8521.27,478.73,cANCELleD,подарок вовремя,2024/06/09,9193959487428602
2029947757558,2024/06/20 02:47:08,ИВаН ИВаноВ,8(9665) 21-98,1,кОРМ ДЛЯ сОБАк,5,2467.26,32.74,caNCElled,подарок вовремя,2024/06/09,9193959487428602
2029947757558,2024/06/20 02:47:08,ИВаН ИВаноВ,8(9665) 21-98,2,игрУШкА мЯч,2,507.75,92.25,caNCElled,подарок вовремя,2024/06/09,9193959487428602
2029947757558,2024/06/20 02:47:08,ИВаН ИВаноВ,8(9665) 21-98,1,корм дЛя СОбаК,4,1911.98,88.02,CaNcelLed,подарок вовремя,2024/06/09,9193959487428602
2029947756454,12.06.2024 23:55,маРиЯ пЕТРОВа,+7 9379 84 13,2,ИГРУШКА мЯЧ,1,295.04,4.96,caNcElLed,"Задержка с доставкой, печалька...",2024-06-29,9235628191271146
2029947756454,12.06.2024 23:55,маРиЯ пЕТРОВа,+7 9379 84 13,5,мОЛОКо,1,2659.48,340.52,CaNCelleD,"Задержка с доставкой, печалька...",2024-06-29,9235628191271146
2029947756454,12.06.2024 23:55,маРиЯ пЕТРОВа,+7 9379 84 13,5,Молоко,4,10800.8,1199.2,caNCELLEd,"Задержка с доставкой, печалька...",2024-06-29,9235628191271146
2029947756454,12.06.2024 23:55,маРиЯ пЕТРОВа,+7 9379 84 13,4,поДпиСКа На гАзЕтУ,3,1660.59,139.41,CanceLLed,"Задержка с доставкой, печалька...",2024-06-29,9235628191271146
2029947755187,2024/06/12 01:41:30,мАриЯ ПеТРовА,+7 9106 25 35,5,мОлоко,2,5085.13,914.87,PRoCEsSING,Нужно уточнить сроки,2024-06-16,8012899315059529
2029947755187,2024/06/12 01:41:30,мАриЯ ПеТРовА,+7 9106 25 35,5,МолОко,1,2797.5,202.5,procesSiNG,Нужно уточнить сроки,2024-06-16,8012899315059529
2029947755187,2024/06/12 01:41:30,мАриЯ ПеТРовА,+7 9106 25 35,5,МоЛоКО,3,7411.13,1588.87,pRocESsIng,Нужно уточнить сроки,2024-06-16,8012899315059529
2029947755187,2024/06/12 01:41:30,мАриЯ ПеТРовА,+7 9106 25 35,1,корМ длЯ Собак,2,990.17,9.83,proCeSSiNg,Нужно уточнить сроки,2024-06-16,8012899315059529
2029947755187,2024/06/12 01:41:30,мАриЯ ПеТРовА,+7 9106 25 35,3,амУницИЯ длЯ соБАк,3,3140.02,459.98,pROcessiNg,Нужно уточнить сроки,2024-06-16,8012899315059529
2029947754600,10.06.2024 15:08,АЛЕКСей мИхАйлОв,8(9548) 82-82,3,АМунИЦиЯ для сОбАК,4,4350.87,449.13,PrOCessING,Всё отлично!,29.06.2024,3732997326956995
2029947754600,10.06.2024 15:08,АЛЕКСей мИхАйлОв,8(9548) 82-82,3,АмуНИЦИЯ ДлЯ сОБаК,1,1083.91,116.09,PrOCeSSinG,Всё отлично!,29.06.2024,3732997326956995
2029947754600,10.06.2024 15:08,АЛЕКСей мИхАйлОв,8(9548) 82-82,1,корМ длЯ соБАк,3,1404.32,95.68,pROCEsSIng,Всё отлично!,29.06.2024,3732997326956995
2029947753520,2024/06/16 15:17:37,АННА СмиРнОВа,8(9586) 30-48,5,МоЛоко,4,9723.82,2276.18,ProcessIng,подарок вовремя,10.06.2024,3557079849291353
2029947752950,14.06.2024 14:23,олЬгА кУзНЕЦОВА,8(9956) 60-12,2,ИгРуШКА МяЧ,3,810.74,89.26,coMpLEted,Ждём с нетерпением!,24.06.2024,4452422611068128
2029947751692,2024/06/10 06:07:27,миХаИЛ оРЛОВ,8(9658) 71-23,1,кОрм ДЛЯ СОбАк,5,2214.59,285.41,CANCelLEd,подарок вовремя,2024/06/07,0923924808247436
2029947751692,2024/06/10 06:07:27,миХаИЛ оРЛОВ,8(9658) 71-23,2,игРуШКа мЯч,1,279.63,20.37,CAncELled,подарок вовремя,2024/06/07,0923924808247436
2029947751692,2024/06/10 06:07:27,миХаИЛ оРЛОВ,8(9658) 71-23,3,амуНИция ДлЯ СоБАк,2,1930.43,469.57,CaNCeLlED,подарок вовремя,2024/06/07,0923924808247436
2029947750938,2024-06-06 05:59:43,МариЯ ПеТроВа,+7(9434)24-01,1,корм дЛЯ СОБАК,4,1871.11,128.89,CancelLed,"Задержка с доставкой, печалька...",2024/06/29,5951983576182391
2029947750938,2024-06-06 05:59:43,МариЯ ПеТроВа,+7(9434)24-01,3,амУнИЦИя дЛЯ СОБАк,1,1172.56,27.44,cANceLLeD,"Задержка с доставкой, печалька...",2024/06/29,5951983576182391
2029947750938,2024-06-06 05:59:43,МариЯ ПеТроВа,+7(9434)24-01,4,поДпИСка На ГазеТу,2,1106.04,93.96,caNCElLed,"Задержка с доставкой, печалька...",2024/06/29,5951983576182391
2029947749202,30.06.2024 02:57,ОЛьга кУзНеЦоВА,8(9823) 23-15,4,пОДПиска на ГАЗеТУ,3,1564.93,235.07,COmpletEd,Ждём с нетерпением!,2024-06-04,7110707295787170
2029947749202,30.06.2024 02:57,ОЛьга кУзНеЦоВА,8(9823) 23-15,5,МОЛОкО,2,5106.1,893.9,cOMPLEteD,Ждём с нетерпением!,2024-06-04,7110707295787170
2029947748578,06.06.2024 07:57,мАриЯ петРОвА,+7 9100 23 95,1,КорМ ДлЯ соБаК,2,917.79,82.21,CoMplETed,Проверить наличие,2024/06/10,4419586435322628
2029947747996,08.06.2024 10:21,НАтаЛьЯ вАсИЛьева,+7(9595)79-25,4,пОдПиСКА НА гаЗЕту,4,2000.63,399.37,CAncElleD,"Задержка с доставкой, печалька...",09.06.2024,4800506093988211
2029947747996,08.06.2024 10:21,НАтаЛьЯ вАсИЛьева,+7(9595)79-25,4,ПодПиска на ГазЕту,1,510.0,90.0,cAnceLLEd,"Задержка с доставкой, печалька...",09.06.2024,4800506093988211
2029947747996,08.06.2024 10:21,НАтаЛьЯ вАсИЛьева,+7(9595)79-25,5,МОЛоКО,2,5237.36,762.64,cANceLlED,"Задержка с доставкой, печалька...",09.06.2024,4800506093988211
2029947747996,08.06.2024 10:21,НАтаЛьЯ вАсИЛьева,+7(9595)79-25,5,моЛокО,1,2675.3,324.7,CAncelleD,"Задержка с доставкой, печалька...",09.06.2024,4800506093988211
2029947747996,08.06.2024 10:21,НАтаЛьЯ вАсИЛьева,+7(9595)79-25,5,МолОКо,2,5048.14,951.86,cAncElled,"Задержка с доставкой, печалька...",09.06.2024,4800506093988211
2029947746421,14.06.2024 01:51,мИхаил ОРЛОВ,8(9943) 57-09,2,ИгРУшКА Мяч,2,525.29,74.71,PrOcesSINg,Проверить наличие,2024/06/17,4416540582171587
2029947746421,14.06.2024 01:51,мИхаил ОРЛОВ,8(9943) 57-09,5,молОкО,4,10395.81,1604.19,PRocESsINg,Проверить наличие,2024/06/17,4416540582171587
2029947745659,2024-06-05 15:22:18,олЬГА КУзнецОВа,+7(9425)54-76,4,пОдПиСка На гаЗЕту,1,512.66,87.34,pROcESsINg,Нужно уточнить сроки,2024-06-12,3288655752894641
2029947744185,01.06.2024 19:56,МИХаИЛ ОРЛоВ,8(9070) 53-64,4,поДпИсКа нА ГАзету,3,1762.7,37.3,CoMPLETeD,Всё отлично!,2024-06-20,0150219320574432
2029947744185,01.06.2024 19:56,МИХаИЛ ОРЛоВ,8(9070) 53-64,5,молоКО,2,5841.87,158.13,CompLETEd,Всё отлично!,2024-06-20,0150219320574432
2029947743664,2024-06-24 05:52:27,ИВан иВаНОв,8(9022) 90-62,3,АМУнИцИЯ ДЛЯ сОБАК,1,1025.35,174.65,COMpleteD,Ждём с нетерпением!,2024-06-06,0635778948282546
2029947743664,2024-06-24 05:52:27,ИВан иВаНОв,8(9022) 90-62,3,АмуНиЦИя ДЛя СобАК,5,5014.72,985.28,cOMpLEtED,Ждём с нетерпением!,2024-06-06,0635778948282546
2029947743664,2024-06-24 05:52:27,ИВан иВаНОв,8(9022) 90-62,2,игрушКА МЯч,5,1367.16,132.84,ComPLEtED,Ждём с нетерпением!,2024-06-06,0635778948282546
2029947743664,2024-06-24 05:52:27,ИВан иВаНОв,8(9022) 90-62,1,кОрм ДЛЯ собак,3,1280.69,219.31,ComPleTED,Ждём с нетерпением!,2024-06-06,0635778948282546
2029947742532,26.06.2024 04:16,АННа смирноВа,+7(9695)35-33,5,моЛоКО,4,9981.31,2018.69,PRoCeSSing,Нужно уточнить сроки,2024/06/28,8918888164749339
2029947741873,14.06.2024 01:36,анНа СмиРНОВа,+7 9174 20 96,1,КоРМ ДЛЯ СОбАк,3,1249.96,250.04,pROcesSinG,"Задержка с доставкой, печалька...",2024/06/19,4317748188594437
2029947741873,14.06.2024 01:36,анНа СмиРНОВа,+7 9174 20 96,2,ИгРУШКа МЯч,2,528.55,71.45,PRoCeSsING,"Задержка с доставкой, печалька...",2024/06/19,4317748188594437
2029947740646,2024/06/18 18:33:01,СеРГей СидоРов,+7 9063 91 50,4,ПОдпИСкА На гАЗетУ,5,2415.39,584.61,COmPlEtED,"Задержка с доставкой, печалька...",2024/06/26,9737882128064955
2029947740646,2024/06/18 18:33:01,СеРГей СидоРов,+7 9063 91 50,2,иГруШКА мяЧ,4,972.51,227.49,complETED,"Задержка с доставкой, печалька...",2024/06/26,9737882128064955
2029947739572,2024-06-16 05:06:36,МИхАил орЛОВ,8(9619) 03-43,3,амунициЯ дЛя соБаК,3,3413.35,186.65,cANCELLEd,спасибо за заказ,2024/06/01,6399849724224679
2029947739572,2024-06-16 05:06:36,МИхАил орЛОВ,8(9619) 03-43,2,ИГРУШка мяч,2,556.65,43.35,CaNCELlED,спасибо за заказ,2024/06/01,6399849724224679
2029947739572,2024-06-16 05:06:36,МИхАил орЛОВ,8(9619) 03-43,1,Корм длЯ Собак,5,2063.07,436.93,CANcELlEd,спасибо за заказ,2024/06/01,6399849724224679
2029947738418,2024/06/02 19:48:03,МиХАиЛ ОРлОВ,8(9107) 49-12,3,амуницИЯ ДлЯ сОбАК,2,2331.42,68.58,CaNCELled,Проверить наличие,03.06.2024,3078516623183255
2029947738418,2024/06/02 19:48:03,МиХАиЛ ОРлОВ,8(9107) 49-12,1,корМ ДЛя СОБАк,5,2247.13,252.87,caNcElLEd,Проверить наличие,03.06.2024,3078516623183255
2029947737777,17.06.2024 02:04,АНна сМиРНОва,8(9431) 60-16,5,молоКО,5,14143.55,856.45,cANCELlEd,подарок вовремя,2024/06/19,1914164077435059
2029947737777,17.06.2024 02:04,АНна сМиРНОва,8(9431) 60-16,4,поДписка На гаЗетУ,3,1775.81,24.19,cAncELLED,подарок вовремя,2024/06/19,1914164077435059
2029947737777,17.06.2024 02:04,АНна сМиРНОва,8(9431) 60-16,1,КОРм Для соБАК,2,857.35,142.65,caNcELleD,подарок вовремя,2024/06/19,1914164077435059
2029947737777,17.06.2024 02:04,АНна сМиРНОва,8(9431) 60-16,4,ПОдпИСка На ГаЗеТу,2,1141.38,58.62,CaNcElLED,подарок вовремя,2024/06/19,1914164077435059
2029947736828,2024-06-22 21:50:05,Ольга КУзнЕцОвА,8(9893) 59-50,2,игрУшКа мЯч,3,812.7,87.3,canceLlEd,спасибо за заказ,23.06.2024,1952865478889551
2029947736828,2024-06-22 21:50:05,Ольга КУзнЕцОвА,8(9893) 59-50,3,АМуНицИя дЛя сОБак,4,4477.39,322.61,CaNCellED,спасибо за заказ,23.06.2024,1952865478889551
2029947736828,2024-06-22 21:50:05,Ольга КУзнЕцОвА,8(9893) 59-50,4,ПОДПиСКА на ГАзетУ,4,2064.69,335.31,CanceLLed,спасибо за заказ,23.06.2024,1952865478889551
2029947736828,2024-06-22 21:50:05,Ольга КУзнЕцОвА,8(9893) 59-50,5,молокО,2,5179.04,820.96,CaNCeLLeD,спасибо за заказ,23.06.2024,1952865478889551
2029947736828,2024-06-22 21:50:05,Ольга КУзнЕцОвА,8(9893) 59-50,4,поДпИсКа нА гАзеТу,1,487.12,112.88,CancellED,спасибо за заказ,23.06.2024,1952865478889551
2029947735790,2024/06/09 22:18:39,МихаиЛ оРлоВ,+7(9243)33-82,2,ИГрУшКа мЯч,3,745.87,154.13,PrOCESSIng,Всё отлично!,07.06.2024,8829257836658839
2029947734414,2024-06-13 11:43:46,иВан ИваноВ,+7 9397 70 78,5,МОЛОко,2,5899.42,100.58,CoMPlEtED,спасибо за заказ,2024-06-15,1303583173947309
2029947734414,2024-06-13 11:43:46,иВан ИваноВ,+7 9397 70 78,2,ИгРУШкА мЯЧ,1,240.33,59.67,coMpLETED,спасибо за заказ,2024-06-15,1303583173947309
2029947733609,2024/06/23 12:32:07,аЛеКСЕй МИхайлОв,+7(9861)09-63,3,АМуниЦия Для сОбак,3,3285.07,314.93,cAnCEllED,подарок вовремя,2024/06/30,2089829756334562
2029947733609,2024/06/23 12:32:07,аЛеКСЕй МИхайлОв,+7(9861)09-63,3,аМУНИциЯ ДлЯ сОБАК,1,1063.39,136.61,CANCEllEd,подарок вовремя,2024/06/30,2089829756334562
2029947732394,2024-06-28 21:20:03,ИВаН ИВАНов,+7 9031 90 10,1,корМ ДЛя СОБАК,1,403.07,96.93,PROcESSinG,"Задержка с доставкой, печалька...",2024-06-13,9115901667399955
2029947732394,2024-06-28 21:20:03,ИВаН ИВАНов,+7 9031 90 10,4,подпИСкА нА ГаЗЕтУ,4,2325.73,74.27,PRoCEsSiNG,"Задержка с доставкой, печалька...",2024-06-13,9115901667399955
2029947732394,2024-06-28 21:20:03,ИВаН ИВАНов,+7 9031 90 10,2,ИГрУшКа МяЧ,5,1483.47,16.53,PrOCesSing,"Задержка с доставкой, печалька...",2024-06-13,9115901667399955
2029947732394,2024-06-28 21:20:03,ИВаН ИВАНов,+7 9031 90 10,4,пОДпискА нА ГАзЕту,2,1136.96,63.04,PRocesSinG,"Задержка с доставкой, печалька...",2024-06-13,9115901667399955
2029947732394,2024-06-28 21:20:03,ИВаН ИВАНов,+7 9031 90 10,1,корМ дЛя собАк,5,2122.76,377.24,ProcESsiNG,"Задержка с доставкой, печалька...",2024-06-13,9115901667399955
2029947731236,2024-06-28 06:29:11,аЛЕКсЕй михАЙЛОВ,+7 9473 48 98,4,поДПИсКА на ГАЗетУ,4,2232.11,167.89,canceLlED,спасибо за заказ,2024/06/12,9843651243541077
2029947731236,2024-06-28 06:29:11,аЛЕКсЕй михАЙЛОВ,+7 9473 48 98,1,КОРМ дЛЯ СОбАК,1,472.27,27.73,CaNcElLEd,спасибо за заказ,2024/06/12,9843651243541077
2029947731236,2024-06-28 06:29:11,аЛЕКсЕй михАЙЛОВ,+7 9473 48 98,1,кОрМ ДЛЯ сОБак,2,996.71,3.29,CAnCElLed,спасибо за заказ,2024/06/12,9843651243541077
2029947730713,2024-06-27 07:05:22,алЕкСей МИХАйлОв,8(9657) 12-00,4,пОДпИСка на ГазЕту,2,1116.95,83.05,cOmpLEteD,Нужно уточнить сроки,2024-06-22,0068229951652743
2029947730713,2024-06-27 07:05:22,алЕкСей МИХАйлОв,8(9657) 12-00,2,иГРУшка мЯЧ,1,276.44,23.56,COMPleted,Нужно уточнить сроки,2024-06-22,0068229951652743
2029947730713,2024-06-27 07:05:22,алЕкСей МИХАйлОв,8(9657) 12-00,2,игрУшкА мЯЧ,1,260.74,39.26,CoMPlETEd,Нужно уточнить сроки,2024-06-22,0068229951652743
2029947730713,2024-06-27 07:05:22,алЕкСей МИХАйлОв,8(9657) 12-00,2,иГРУШка Мяч,3,735.54,164.46,COmPLeted,Нужно уточнить сроки,2024-06-22,0068229951652743
2029947729678,06.06.2024 07:53,миХАИл ОРлОв,+7 9497 35 86,1,КОрМ ДЛя СобАК,4,1901.62,98.38,PrOCEsSInG,спасибо за заказ,2024-06-17,8158718861860317
2029947729678,06.06.2024 07:53,миХАИл ОРлОв,+7 9497 35 86,4,ПОДПиСкА НА ГазЕТу,2,1077.13,122.87,pROcessInG,спасибо за заказ,2024-06-17,8158718861860317
2029947729678,06.06.2024 07:53,миХАИл ОРлОв,+7 9497 35 86,5,МОлОКО,3,7440.27,1559.73,PRocEssing,спасибо за заказ,2024-06-17,8158718861860317
2029947729678,06.06.2024 07:53,миХАИл ОРлОв,+7 9497 35 86,4,подПИсКА НА ГазЕТУ,1,502.75,97.25,PrOcesSInG,спасибо за заказ,2024-06-17,8158718861860317
2029947729678,06.06.2024 07:53,миХАИл ОРлОв,+7 9497 35 86,2,ИгрУШка мЯч,3,758.07,141.93,ProcesSinG,спасибо за заказ,2024-06-17,8158718861860317
2029947728738,2024/06/29 10:31:31,ИВаН ИВАНОв,8(9425) 35-54,1,Корм ДЛя соБАк,1,431.95,68.05,pROCEsSiNg,подарок вовремя,2024/06/01,9554275736760381
2029947728738,2024/06/29 10:31:31,ИВаН ИВАНОв,8(9425) 35-54,1,коРм ДЛя сОбаК,1,411.79,88.21,prOcessIng,подарок вовремя,2024/06/01,9554275736760381
2029947727902,13.06.2024 06:22,елЕНА НовикоВа,+7(9965)11-08,5,МОлоко,1,2619.13,380.87,CoMPleTEd,"Задержка с доставкой, печалька...",21.06.2024,4781439660796202
2029947727902,13.06.2024 06:22,елЕНА НовикоВа,+7(9965)11-08,2,ИгрушКА мЯЧ,2,517.28,82.72,cOMpLETed,"Задержка с доставкой, печалька...",21.06.2024,4781439660796202
2029947727902,13.06.2024 06:22,елЕНА НовикоВа,+7(9965)11-08,2,ИгруШка МЯч,2,501.74,98.26,coMpLetED,"Задержка с доставкой, печалька...",21.06.2024,4781439660796202
2029947727902,13.06.2024 06:22,елЕНА НовикоВа,+7(9965)11-08,2,иГРУшка МяЧ,1,267.58,32.42,coMpLeTED,"Задержка с доставкой, печалька...",21.06.2024,4781439660796202
2029947726213,2024-06-09 11:41:48,мИХаиЛ оРлов,+7 9395 13 16,2,ИгРУшка мяч,4,1095.79,104.21,cANcElLED,Нужно уточнить сроки,27.06.2024,4849025942803166
2029947726213,2024-06-09 11:41:48,мИХаиЛ оРлов,+7 9395 13 16,5,МОЛоко,4,11080.9,919.1,caNCElLeD,Нужно уточнить сроки,27.06.2024,4849025942803166
2029947726213,2024-06-09 11:41:48,мИХаиЛ оРлов,+7 9395 13 16,2,игРуШкА Мяч,1,272.12,27.88,caNcelLEd,Нужно уточнить сроки,27.06.2024,4849025942803166
2029947726213,2024-06-09 11:41:48,мИХаиЛ оРлов,+7 9395 13 16,1,КоРм ДлЯ соБАК,2,983.89,16.11,cancELLeD,Нужно уточнить сроки,27.06.2024,4849025942803166
2029947726213,2024-06-09 11:41:48,мИХаиЛ оРлов,+7 9395 13 16,5,моЛОКО,3,7399.61,1600.39,CaNcELLEd,Нужно уточнить сроки,27.06.2024,4849025942803166
2029947725808,2024/06/06 23:02:29,аЛеКСЕй миХАЙлов,8(9900) 75-69,4,ПодписКА на ГАЗетУ,2,1113.07,86.93,PrOcessiNG,"Задержка с доставкой, печалька...",2024-06-06,5885993468372395
2029947724945,2024/06/06 07:04:26,МИхАиЛ орлоВ,+7(9395)03-61,4,ПОдпискА нА гАзеТУ,2,1136.61,63.39,COMPLeteD,Всё отлично!,2024/06/15,0078289340729555
2029947724945,2024/06/06 07:04:26,МИхАиЛ орлоВ,+7(9395)03-61,1,корм для сОбАк,4,1789.72,210.28,CoMplETEd,Всё отлично!,2024/06/15,0078289340729555
2029947724945,2024/06/06 07:04:26,МИхАиЛ орлоВ,+7(9395)03-61,3,аМунИЦИя Для соБак,3,3596.2,3.8,COmpletEd,Всё отлично!,2024/06/15,0078289340729555
2029947723768,2024-06-01 23:27:48,дМИТрий КузнеЦоВ,8(9265) 40-51,2,ИГрушкА мяЧ,1,266.49,33.51,cancelLed,Проверить наличие,10.06.2024,9218677758901235
2029947722243,2024-06-16 08:10:38,МиХАиЛ орлОв,+7(9597)64-86,5,мОЛокО,5,12018.86,2981.14,PrOcessiNG,спасибо за заказ,2024/06/21,8538373822522384
2029947722243,2024-06-16 08:10:38,МиХАиЛ орлОв,+7(9597)64-86,1,КОРМ дЛя собАк,4,1674.52,325.48,PRoCEsSIng,спасибо за заказ,2024/06/21,8538373822522384
2029947722243,2024-06-16 08:10:38,МиХАиЛ орлОв,+7(9597)64-86,2,игРушка мяЧ,3,866.06,33.94,pRoCesSiNg,спасибо за заказ,2024/06/21,8538373822522384
2029947722243,2024-06-16 08:10:38,МиХАиЛ орлОв,+7(9597)64-86,1,КорМ ДЛя СОбаК,2,923.59,76.41,pROCessing,спасибо за заказ,2024/06/21,8538373822522384
2029947722243,2024-06-16 08:10:38,МиХАиЛ орлОв,+7(9597)64-86,5,МоЛОкО,5,12437.4,2562.6,pROcessing,спасибо за заказ,2024/06/21,8538373822522384
2029947721423,2024-06-19 21:12:54,иВАН ивАноВ,+7 9491 01 94,3,аМуницИя для СОБАК,2,2105.97,294.03,PrOcESsIng,спасибо за заказ,01.06.2024,7792418236714940
2029947721423,2024-06-19 21:12:54,иВАН ивАноВ,+7 9491 01 94,1,КоРМ дЛя соБак,1,467.89,32.11,PRoCEsSIng,спасибо за заказ,01.06.2024,7792418236714940
2029947721423,2024-06-19 21:12:54,иВАН ивАноВ,+7 9491 01 94,2,ИГРуШКА мЯч,2,549.58,50.42,PROcESsiNg,спасибо за заказ,01.06.2024,7792418236714940
2029947721423,2024-06-19 21:12:54,иВАН ивАноВ,+7 9491 01 94,3,АмуНИциЯ дЛя СобАк,4,4008.61,791.39,PROCESSINg,спасибо за заказ,01.06.2024,7792418236714940
2029947721423,2024-06-19 21:12:54,иВАН ивАноВ,+7 9491 01 94,1,КОРм дЛЯ СОбак,5,2332.4,167.6,ProCEssinG,спасибо за заказ,01.06.2024,7792418236714940
2029947720464,15.06.2024 05:26,нАтаЛья вАСиЛьеВа,+7 9158 40 23,4,ПОДпИСКа На газеТу,3,1724.08,75.92,coMPlETED,Всё отлично!,16.06.2024,9365702683436874
2029947719442,08.06.2024 06:20,дмИтРИй КУЗнецоВ,8(9633) 68-63,2,иГрУШКа мЯЧ,3,779.01,120.99,cOmplETeD,Ждём с нетерпением!,2024/06/06,8970949533686234
2029947718924,05.06.2024 23:45,аННа СМирНОВа,+7(9743)83-11,1,кОрМ ДЛя соБак,5,2443.7,56.3,PROcESsing,Нужно уточнить сроки,21.06.2024,1733397029484639
2029947718924,05.06.2024 23:45,аННа СМирНОВа,+7(9743)83-11,1,коРм ДЛя сОбаК,1,441.28,58.72,pRoceSsING,Нужно уточнить сроки,21.06.2024,1733397029484639
2029947717925,2024-06-05 18:15:32,ольГа кУЗнеЦоВа,8(9063) 86-78,4,подпискА НА ГазЕтУ,4,1932.1,467.9,ComPLeTED,Нужно уточнить сроки,2024-06-13,4070495807713876
2029947717925,2024-06-05 18:15:32,ольГа кУЗнеЦоВа,8(9063) 86-78,3,АмУниЦИя для СОбАк,1,1066.14,133.86,coMPLeteD,Нужно уточнить сроки,2024-06-13,4070495807713876
2029947717925,2024-06-05 18:15:32,ольГа кУЗнеЦоВа,8(9063) 86-78,2,ИГруШкА мяЧ,5,1490.78,9.22,COMPleTEd,Нужно уточнить сроки,2024-06-13,4070495807713876
2029947717925,2024-06-05 18:15:32,ольГа кУЗнеЦоВа,8(9063) 86-78,1,корм ДлЯ собАк,5,2215.77,284.23,cOMplETED,Нужно уточнить сроки,2024-06-13,4070495807713876
2029947717925,2024-06-05 18:15:32,ольГа кУЗнеЦоВа,8(9063) 86-78,5,мОлОко,3,8889.3,110.7,comPleTEd,Нужно уточнить сроки,2024-06-13,4070495807713876
2029947716841,2024/06/12 01:43:15,мАРИЯ пЕтРОВа,+7 9103 77 66,3,АмУниция ДлЯ сОБАК,1,1127.54,72.46,prOCeSSiNG,Нужно уточнить сроки,2024/06/26,3884504320669981
2029947716841,2024/06/12 01:43:15,мАРИЯ пЕтРОВа,+7 9103 77 66,2,ИГруШкА мЯч,3,837.33,62.67,pRocEsSing,Нужно уточнить сроки,2024/06/26,3884504320669981
2029947716841,2024/06/12 01:43:15,мАРИЯ пЕтРОВа,+7 9103 77 66,5,молОКо,1,2677.15,322.85,ProceSSinG,Нужно уточнить сроки,2024/06/26,3884504320669981
2029947716841,2024/06/12 01:43:15,мАРИЯ пЕтРОВа,+7 9103 77 66,1,кОРм для СОбАК,2,894.3,105.7,pROcEssiNg,Нужно уточнить сроки,2024/06/26,3884504320669981
2029947715188,23.06.2024 23:10,ДМитриЙ кузНЕцОВ,+7(9883)21-49,3,АмунИЦия ДЛЯ сОбАк,5,5535.18,464.82,CompLETED,"Задержка с доставкой, печалька...",30.06.2024,9052468169550585
2029947714687,2024-06-15 13:04:26,сЕргей сИДоРОВ,+7(9005)28-24,5,МоЛОКо,2,5685.19,314.81,comPLeted,спасибо за заказ,2024-06-11,1205645767813078
2029947714687,2024-06-15 13:04:26,сЕргей сИДоРОВ,+7(9005)28-24,5,мОЛоко,2,5000.44,999.56,cOMplETeD,спасибо за заказ,2024-06-11,1205645767813078
2029947714687,2024-06-15 13:04:26,сЕргей сИДоРОВ,+7(9005)28-24,2,ИгруШКА мЯч,5,1260.09,239.91,COMpLeteD,спасибо за заказ,2024-06-11,1205645767813078
2029947714687,2024-06-15 13:04:26,сЕргей сИДоРОВ,+7(9005)28-24,3,АмУНИциЯ ДлЯ СОБАК,3,3260.75,339.25,COMPLeTEd,спасибо за заказ,2024-06-11,1205645767813078
2029947713516,2024-06-04 00:58:28,наталья ВАсильева,8(9332) 36-71,5,МОлОкО,2,4840.34,1159.66,CanCeLled,Проверить наличие,2024-06-18,0242302374778722
2029947712749,05.06.2024 15:46,МиХаил орЛоВ,+7(9477)94-63,2,иГруШка мЯч,4,967.06,232.94,ProceSsiNG,Всё отлично!,2024/06/16,1911956406477521
2029947712749,05.06.2024 15:46,МиХаил орЛоВ,+7(9477)94-63,2,ИГруШка мЯч,2,599.6,0.4,ProcEsSInG,Всё отлично!,2024/06/16,1911956406477521
2029947711564,2024/06/15 06:00:53,еЛенА новиКоВа,8(9728) 18-17,5,мОЛОкО,3,8112.08,887.92,ProceSSIng,Ждём с нетерпением!,30.06.2024,3138242103344178
2029947711564,2024/06/15 06:00:53,еЛенА новиКоВа,8(9728) 18-17,2,иГРУШКа МЯч,5,1393.73,106.27,pROCeSsiNg,Ждём с нетерпением!,30.06.2024,3138242103344178
2029947711564,2024/06/15 06:00:53,еЛенА новиКоВа,8(9728) 18-17,2,ИГРУШкА МЯч,5,1329.3,170.7,procESsiNG,Ждём с нетерпением!,30.06.2024,3138242103344178
2029947711564,2024/06/15 06:00:53,еЛенА новиКоВа,8(9728) 18-17,3,аМуНиция Для сОбаК,4,4300.03,499.97,pROceSSINg,Ждём с нетерпением!,30.06.2024,3138242103344178
2029947710736,05.06.2024 12:47,АннА СмирнОва,+7 9255 70 10,5,мОлОко,1,2585.76,414.24,comPlEted,Нужно уточнить сроки,2024-06-10,2728431756725185
2029947710736,05.06.2024 12:47,АннА СмирнОва,+7 9255 70 10,3,АМУницИя дЛЯ соБАК,2,2108.49,291.51,coMPlETeD,Нужно уточнить сроки,2024-06-10,2728431756725185
2029947709622,06.06.2024 00:02,елена нОвиКоВа,+7 9208 92 96,5,МОЛоко,3,7425.97,1574.03,ProcesSIng,спасибо за заказ,2024/06/19,8589465191822023
2029947709622,06.06.2024 00:02,елена нОвиКоВа,+7 9208 92 96,3,аМуницИя дЛя сОБаК,5,5457.27,542.73,PRoCeSsing,спасибо за заказ,2024/06/19,8589465191822023
2029947709622,06.06.2024 00:02,елена нОвиКоВа,+7 9208 92 96,1,КОрМ Для сОбак,5,2033.2,466.8,ProcessING,спасибо за заказ,2024/06/19,8589465191822023
2029947708384,2024-06-18 21:19:11,ОльГА КузнеЦОВА,+7 9435 87 65,3,аМунициЯ ДлЯ СОБаК,4,4236.24,563.76,CoMplEted,"Задержка с доставкой, печалька...",29.06.2024,2417116598996710
2029947707263,01.06.2024 05:14,ОЛЬГА КузНЕцОва,+7(9237)62-47,4,поДписка На ГаЗЕТу,5,2568.34,431.66,CANcElleD,подарок вовремя,2024-06-09,6277088376744755
2029947706702,19.06.2024 18:12,МИхАИЛ оРЛов,8(9643) 07-15,5,МолОКО,3,7203.2,1796.8,complETED,подарок вовремя,2024-06-21,2201052796764155
2029947706702,19.06.2024 18:12,МИхАИЛ оРЛов,8(9643) 07-15,3,аМунИциЯ ДЛя соБАК,1,1097.32,102.68,ComplETEd,подарок вовремя,2024-06-21,2201052796764155
2029947705476,2024-06-19 23:23:38,МарИя пеТРова,+7(9294)91-66,4,ПоДПИСкА нА гАзЕту,1,486.97,113.03,coMPLEteD,подарок вовремя,2024/06/13,4504531902070952
2029947705476,2024-06-19 23:23:38,МарИя пеТРова,+7(9294)91-66,3,амунИцИЯ Для соБаК,4,4355.79,444.21,cOmplETED,подарок вовремя,2024/06/13,4504531902070952
2029947705476,2024-06-19 23:23:38,МарИя пеТРова,+7(9294)91-66,3,амУНИция длЯ сОбАК,4,4463.2,336.8,COMpLETeD,подарок вовремя,2024/06/13,4504531902070952
2029947704281,2024/06/24 12:57:57,ЕЛена нОвИКоВА,+7(9657)55-06,3,аМУницИЯ ДЛЯ соБАК,3,3490.83,109.17,COMpLETeD,спасибо за заказ,2024-06-14,0539010058008617
2029947704281,2024/06/24 12:57:57,ЕЛена нОвИКоВА,+7(9657)55-06,3,АМуНИциЯ длЯ сОбАк,3,2967.33,632.67,cOmPleteD,спасибо за заказ,2024-06-14,0539010058008617
2029947703223,30.06.2024 21:29,МАРИЯ пеТРОвА,+7 9522 91 19,1,кОРМ дЛя соБАК,3,1482.48,17.52,complEtED,Ждём с нетерпением!,22.06.2024,7855888638072921
2029947703223,30.06.2024 21:29,МАРИЯ пеТРОвА,+7 9522 91 19,4,ПОдПискА на гаЗеТу,3,1655.63,144.37,cOmPlEtEd,Ждём с нетерпением!,22.06.2024,7855888638072921
2029947703223,30.06.2024 21:29,МАРИЯ пеТРОвА,+7 9522 91 19,3,аМУНицИЯ длЯ сОБак,2,2287.22,112.78,COMPLeTED,Ждём с нетерпением!,22.06.2024,7855888638072921
2029947703223,30.06.2024 21:29,МАРИЯ пеТРОвА,+7 9522 91 19,4,подпиСка на ГАзеТУ,5,2588.51,411.49,cOMPLETED,Ждём с нетерпением!,22.06.2024,7855888638072921
2029947703223,30.06.2024 21:29,МАРИЯ пеТРОвА,+7 9522 91 19,1,КоРМ Для СОбАК,3,1220.66,279.34,compLEtEd,Ждём с нетерпением!,22.06.2024,7855888638072921
2029947702751,2024/06/29 18:21:39,МАРИЯ ПЕТрова,+7 9447 94 50,2,ИГрушка МЯЧ,5,1454.75,45.25,coMpLeTEd,подарок вовремя,2024/06/17,5662730906043305
2029947702751,2024/06/29 18:21:39,МАРИЯ ПЕТрова,+7 9447 94 50,1,КОРм дЛЯ Собак,2,826.08,173.92,coMpLeTeD,подарок вовремя,2024/06/17,5662730906043305
2029947702751,2024/06/29 18:21:39,МАРИЯ ПЕТрова,+7 9447 94 50,1,КОРМ дЛя СОбАК,1,430.56,69.44,cOMPLEtED,подарок вовремя,2024/06/17,5662730906043305
2029947702751,2024/06/29 18:21:39,МАРИЯ ПЕТрова,+7 9447 94 50,2,иГРушКа МЯЧ,5,1282.73,217.27,cOmPLeTED,подарок вовремя,2024/06/17,5662730906043305
2029947702751,2024/06/29 18:21:39,МАРИЯ ПЕТрова,+7 9447 94 50,3,АмУНИЦиЯ длЯ сОбАк,5,5415.97,584.03,COMPLETed,подарок вовремя,2024/06/17,5662730906043305
2029947701673,15.06.2024 06:58,ИВан ивАнов,+7(9967)36-93,3,аМуНИциЯ ДЛя собак,5,5059.22,940.78,CancELlEd,Всё отлично!,2024-06-11,9506458967485525
2029947700791,24.06.2024 07:21,ДМиТриЙ КУЗНЕЦОВ,+7(9467)03-44,4,ПОдПИсКА НА гАЗЕтУ,3,1494.65,305.35,PROcESSINg,Нужно уточнить сроки,2024/06/19,7823871357779613
2029947700791,24.06.2024 07:21,ДМиТриЙ КУЗНЕЦОВ,+7(9467)03-44,3,аМУНиЦиЯ ДЛЯ СОбаК,1,1199.0,1.0,proCESsINg,Нужно уточнить сроки,2024/06/19,7823871357779613
2029947700791,24.06.2024 07:21,ДМиТриЙ КУЗНЕЦОВ,+7(9467)03-44,2,иГРУшКа мяЧ,3,796.9,103.1,proceSsing,Нужно уточнить сроки,2024/06/19,7823871357779613
2029947700791,24.06.2024 07:21,ДМиТриЙ КУЗНЕЦОВ,+7(9467)03-44,4,пОдпИСка На гАЗЕтУ,3,1758.33,41.67,PROCesSIng,Нужно уточнить сроки,2024/06/19,7823871357779613
2029947699252,2024/06/18 17:48:36,СеРгЕЙ сИдОров,8(9445) 24-75,2,иГРуШКА МЯч,3,766.46,133.54,ProceSsiNg,Нужно уточнить сроки,2024/06/21,9941912849030730
2029947699252,2024/06/18 17:48:36,СеРгЕЙ сИдОров,8(9445) 24-75,3,АМУНиЦиЯ ДЛя собаК,2,2351.69,48.31,PROCESsiNg,Нужно уточнить сроки,2024/06/21,9941912849030730
2029947699252,2024/06/18 17:48:36,СеРгЕЙ сИдОров,8(9445) 24-75,3,АМунИциЯ длЯ СОБАк,1,994.02,205.98,proCesSiNg,Нужно уточнить сроки,2024/06/21,9941912849030730
2029947698304,2024/06/06 16:28:01,маРИЯ пеТрОВА,+7(9401)53-67,2,ИгРуШКА МЯч,5,1328.04,171.96,ComPLEted,"Задержка с доставкой, печалька...",15.06.2024,8978090541352547
2029947697963,11.06.2024 01:12,ИвАН иВАнОв,+7(9041)50-98,5,МОлОкО,2,5192.62,807.38,comPLeteD,"Задержка с доставкой, печалька...",2024-06-17,6624980045889894
2029947697963,11.06.2024 01:12,ИвАН иВАнОв,+7(9041)50-98,3,АМУНициЯ Для СОбак,3,3319.89,280.11,coMPlEteD,"Задержка с доставкой, печалька...",2024-06-17,6624980045889894
2029947697963,11.06.2024 01:12,ИвАН иВАнОв,+7(9041)50-98,1,кОРм дЛя соБАК,4,1917.13,82.87,cOmpleTEd,"Задержка с доставкой, печалька...",2024-06-17,6624980045889894
2029947697963,11.06.2024 01:12,ИвАН иВАнОв,+7(9041)50-98,4,ПодПИСкА НА газЕтУ,4,2140.09,259.91,CoMpLETEd,"Задержка с доставкой, печалька...",2024-06-17,6624980045889894
2029947697963,11.06.2024 01:12,ИвАН иВАнОв,+7(9041)50-98,3,амуНИЦиЯ Для СОБак,2,2350.15,49.85,ComPleTeD,"Задержка с доставкой, печалька...",2024-06-17,6624980045889894
2029947696854,2024/06/19 20:15:04,АнНА СмиРновА,8(9881) 30-84,4,поДПиска на ГаЗЕту,5,2805.07,194.93,PROceSSiNg,Всё отлично!,2024/06/09,2380592192424508
2029947696854,2024/06/19 20:15:04,АнНА СмиРновА,8(9881) 30-84,5,МОЛоко,5,13997.29,1002.71,pROCEsSInG,Всё отлично!,2024/06/09,2380592192424508
2029947695566,19.06.2024 15:31,МИхАиЛ оРЛов,+7 9073 15 83,5,МОлОКО,5,13376.45,1623.55,PrOcEssinG,"Задержка с доставкой, печалька...",2024/06/17,8391749561696481
2029947695566,19.06.2024 15:31,МИхАиЛ оРЛов,+7 9073 15 83,3,аМУниЦия ДЛя СобАК,4,4419.7,380.3,ProCESsinG,"Задержка с доставкой, печалька...",2024/06/17,8391749561696481
2029947695566,19.06.2024 15:31,МИхАиЛ оРЛов,+7 9073 15 83,3,АМУниЦиЯ ДЛЯ собАК,1,1102.45,97.55,pROcEssINg,"Задержка с доставкой, печалька...",2024/06/17,8391749561696481
2029947695566,19.06.2024 15:31,МИхАиЛ оРЛов,+7 9073 15 83,1,КорМ дЛЯ сОбАк,5,2337.44,162.56,prOcEssINg,"Задержка с доставкой, печалька...",2024/06/17,8391749561696481
2029947694544,2024-06-26 14:54:09,еЛЕнА нОвИКОВА,8(9418) 19-21,1,КОрм ДЛЯ сОБаК,2,843.81,156.19,COMPLETED,"Задержка с доставкой, печалька...",08.06.2024,2081864819702702
2029947694544,2024-06-26 14:54:09,еЛЕнА нОвИКОВА,8(9418) 19-21,3,АмУниЦИЯ ДлЯ СОБак,1,1037.8,162.2,COMpletEd,"Задержка с доставкой, печалька...",08.06.2024,2081864819702702
2029947694544,2024-06-26 14:54:09,еЛЕнА нОвИКОВА,8(9418) 19-21,2,игРушкА мяЧ,1,248.51,51.49,COMPLEtED,"Задержка с доставкой, печалька...",08.06.2024,2081864819702702
2029947694544,2024-06-26 14:54:09,еЛЕнА нОвИКОВА,8(9418) 19-21,4,пОдпиСКа НА ГАЗЕтУ,2,1004.57,195.43,cOMPleTED,"Задержка с доставкой, печалька...",08.06.2024,2081864819702702
2029947694544,2024-06-26 14:54:09,еЛЕнА нОвИКОВА,8(9418) 19-21,5,молокО,4,11316.22,683.78,CoMpLetEd,"Задержка с доставкой, печалька...",08.06.2024,2081864819702702
2029947693843,2024/06/11 03:50:20,ИваН ивАнов,+7 9570 58 65,1,КОрм для соБАк,3,1397.26,102.74,pRocESsinG,Ждём с нетерпением!,2024-06-16,0420474902842185
2029947693843,2024/06/11 03:50:20,ИваН ивАнов,+7 9570 58 65,1,кОрМ для сОБАк,1,435.57,64.43,pRoCesSiNg,Ждём с нетерпением!,2024-06-16,0420474902842185
2029947693843,2024/06/11 03:50:20,ИваН ивАнов,+7 9570 58 65,4,поДПисКа НА гАЗЕТу,4,2215.44,184.56,pROCeSSING,Ждём с нетерпением!,2024-06-16,0420474902842185
2029947692542,2024-06-17 13:24:49,аНна СмИрНОВА,8(9472) 66-11,5,молОКО,4,11899.82,100.18,pROcEsSInG,подарок вовремя,2024-06-29,0516023765352270
2029947692542,2024-06-17 13:24:49,аНна СмИрНОВА,8(9472) 66-11,5,МолОКо,2,5884.22,115.78,PrOceSSiNg,подарок вовремя,2024-06-29,0516023765352270
2029947692542,2024-06-17 13:24:49,аНна СмИрНОВА,8(9472) 66-11,1,КорМ дЛЯ СОбак,3,1352.51,147.49,proCeSsiNG,подарок вовремя,2024-06-29,0516023765352270
2029947692542,2024-06-17 13:24:49,аНна СмИрНОВА,8(9472) 66-11,4,пОдПИСКА На гАЗеТу,4,2271.35,128.65,procESSing,подарок вовремя,2024-06-29,0516023765352270
2029947691167,2024-06-08 20:28:02,нАталЬя ВАСИЛЬЕвА,+7(9281)41-95,4,подпИСКа на ГазетУ,3,1758.15,41.85,ComPleTED,Проверить наличие,26.06.2024,2607871948351383
2029947691167,2024-06-08 20:28:02,нАталЬя ВАСИЛЬЕвА,+7(9281)41-95,3,АмуНИцИЯ длЯ сОБАК,3,3296.13,303.87,cOmpLETEd,Проверить наличие,26.06.2024,2607871948351383
2029947691167,2024-06-08 20:28:02,нАталЬя ВАСИЛЬЕвА,+7(9281)41-95,3,АмунИция длЯ соБАК,4,4220.75,579.25,CoMPleted,Проверить наличие,26.06.2024,2607871948351383
2029947691167,2024-06-08 20:28:02,нАталЬя ВАСИЛЬЕвА,+7(9281)41-95,2,иГРУШКа МЯч,2,524.7,75.3,ComPleTEd,Проверить наличие,26.06.2024,2607871948351383
2029947690524,2024/06/25 05:28:25,олЬГа КУЗнЕЦОВА,+7 9411 65 13,2,ИГрУШКа мяЧ,1,289.38,10.62,ProCesSInG,Ждём с нетерпением!,2024-06-05,3721005423310735
2029947690524,2024/06/25 05:28:25,олЬГа КУЗнЕЦОВА,+7 9411 65 13,5,мОлОКо,3,8065.45,934.55,ProCEsSInG,Ждём с нетерпением!,2024-06-05,3721005423310735
2029947689165,20.06.2024 23:45,иваН ИВАноВ,8(9657) 83-18,5,мОЛоКО,3,8332.48,667.52,CAncElLED,Проверить наличие,06.06.2024,3109139626893372
2029947689165,20.06.2024 23:45,иваН ИВАноВ,8(9657) 83-18,1,КоРм дЛя собАК,5,2210.44,289.56,cANcELLED,Проверить наличие,06.06.2024,3109139626893372
2029947689165,20.06.2024 23:45,иваН ИВАноВ,8(9657) 83-18,5,МОЛОКО,5,12165.96,2834.04,cAnCeLleD,Проверить наличие,06.06.2024,3109139626893372
2029947688777,2024-06-22 14:08:16,дмиТрИЙ КУЗнецОВ,+7 9912 43 51,2,иГРушкА МЯЧ,4,1044.2,155.8,pROCeSsING,Нужно уточнить сроки,19.06.2024,6563154539436893
2029947688777,2024-06-22 14:08:16,дмиТрИЙ КУЗнецОВ,+7 9912 43 51,3,АмУниЦиЯ ДЛЯ собАК,1,1052.12,147.88,proCessIng,Нужно уточнить сроки,19.06.2024,6563154539436893
2029947688777,2024-06-22 14:08:16,дмиТрИЙ КУЗнецОВ,+7 9912 43 51,1,коРм ДЛЯ СобАК,2,841.77,158.23,pROceSsiNg,Нужно уточнить сроки,19.06.2024,6563154539436893
2029947688777,2024-06-22 14:08:16,дмиТрИЙ КУЗнецОВ,+7 9912 43 51,3,АмуНиЦИя Для сОБАк,1,1137.61,62.39,pROcEssINg,Нужно уточнить сроки,19.06.2024,6563154539436893
2029947687254,30.06.2024 10:07,аЛексЕЙ МИХАЙЛоВ,+7(9001)62-73,3,амуНИЦия дЛЯ сОбаК,4,4105.03,694.97,cANceLLEd,Нужно уточнить сроки,2024/06/10,0777291164442388
2029947687254,30.06.2024 10:07,аЛексЕЙ МИХАЙЛоВ,+7(9001)62-73,3,АмУНИциЯ Для сОбак,3,2958.09,641.91,caNCelLEd,Нужно уточнить сроки,2024/06/10,0777291164442388
2029947687254,30.06.2024 10:07,аЛексЕЙ МИХАЙЛоВ,+7(9001)62-73,3,амунИЦИя ДЛЯ соБАК,1,1067.88,132.12,CancELLEd,Нужно уточнить сроки,2024/06/10,0777291164442388
2029947687254,30.06.2024 10:07,аЛексЕЙ МИХАЙЛоВ,+7(9001)62-73,3,амУНИЦиЯ длЯ собаК,4,3928.98,871.02,CanceLleD,Нужно уточнить сроки,2024/06/10,0777291164442388
2029947686638,2024/06/03 01:22:14,ДМиТРИй КУЗнецОв,+7 9445 44 37,3,амУНИЦиЯ ДлЯ сОБаК,5,5008.94,991.06,cANcELLEd,Всё отлично!,2024/06/27,3432747729596235
2029947686638,2024/06/03 01:22:14,ДМиТРИй КУЗнецОв,+7 9445 44 37,3,аМуНИЦИЯ ДлЯ соБАк,1,1158.78,41.22,cAncELlED,Всё отлично!,2024/06/27,3432747729596235
2029947685934,2024/06/08 12:41:51,СеРГеЙ СиДОров,8(9893) 46-07,1,КоРМ ДЛЯ соБак,3,1444.62,55.38,comPLETED,Ждём с нетерпением!,17.06.2024,9603223237020357
2029947685934,2024/06/08 12:41:51,СеРГеЙ СиДОров,8(9893) 46-07,1,коРм ДЛя собАК,4,1734.49,265.51,COMpleteD,Ждём с нетерпением!,17.06.2024,9603223237020357
2029947685934,2024/06/08 12:41:51,СеРГеЙ СиДОров,8(9893) 46-07,1,КОрм длЯ СоБаК,5,2471.99,28.01,compLEtEd,Ждём с нетерпением!,17.06.2024,9603223237020357
2029947685934,2024/06/08 12:41:51,СеРГеЙ СиДОров,8(9893) 46-07,5,мОЛОКО,4,11057.93,942.07,coMplETed,Ждём с нетерпением!,17.06.2024,9603223237020357
2029947685934,2024/06/08 12:41:51,СеРГеЙ СиДОров,8(9893) 46-07,2,ИгРУшка Мяч,1,254.13,45.87,coMplEtEd,Ждём с нетерпением!,17.06.2024,9603223237020357
2029947684865,2024-06-14 13:02:19,дМИТрИй кУзнЕцОВ,+7 9953 13 19,1,КОРМ ДЛя сОБак,2,849.32,150.68,CancelLed,Ждём с нетерпением!,26.06.2024,3736068831551691
2029947684865,2024-06-14 13:02:19,дМИТрИй кУзнЕцОВ,+7 9953 13 19,5,моЛОКО,5,12360.57,2639.43,cANCelLeD,Ждём с нетерпением!,26.06.2024,3736068831551691
2029947684865,2024-06-14 13:02:19,дМИТрИй кУзнЕцОВ,+7 9953 13 19,4,пОДПИсКА НА ГАзЕтУ,5,2478.44,521.56,CanCelLED,Ждём с нетерпением!,26.06.2024,3736068831551691
2029947683420,2024-06-04 09:21:26,ИВАН ИВаНоВ,8(9077) 07-68,1,КОРМ ДЛЯ собак,5,2074.46,425.54,PROCEsSInG,спасибо за заказ,2024/06/08,1757360720376854
2029947683420,2024-06-04 09:21:26,ИВАН ИВаНоВ,8(9077) 07-68,3,амУНиЦия дЛЯ СобАК,1,1072.31,127.69,PRoCessIng,спасибо за заказ,2024/06/08,1757360720376854
2029947683420,2024-06-04 09:21:26,ИВАН ИВаНоВ,8(9077) 07-68,1,КОрМ дЛя сОбАК,5,2187.05,312.95,ProcessING,спасибо за заказ,2024/06/08,1757360720376854
2029947683420,2024-06-04 09:21:26,ИВАН ИВаНоВ,8(9077) 07-68,2,игРушКа мяЧ,1,272.19,27.81,pRoCesSING,спасибо за заказ,2024/06/08,1757360720376854
2029947683420,2024-06-04 09:21:26,ИВАН ИВаНоВ,8(9077) 07-68,2,игрУШка мяч,4,1125.78,74.22,prOCEsSing,спасибо за заказ,2024/06/08,1757360720376854
2029947682581,15.06.2024 20:38,АННА СМИрНОВА,+7(9844)06-79,3,амуНиЦИя Для СОБАк,5,5275.38,724.62,cOmPLetED,Нужно уточнить сроки,2024-06-18,2310689052141832
2029947682581,15.06.2024 20:38,АННА СМИрНОВА,+7(9844)06-79,3,аМУнИцИя ДЛЯ соБак,1,1126.78,73.22,COmpLEteD,Нужно уточнить сроки,2024-06-18,2310689052141832
2029947682581,15.06.2024 20:38,АННА СМИрНОВА,+7(9844)06-79,4,поДпиСКА нА гАЗеТУ,1,528.76,71.24,compLetED,Нужно уточнить сроки,2024-06-18,2310689052141832
2029947682581,15.06.2024 20:38,АННА СМИрНОВА,+7(9844)06-79,3,АМунИЦИЯ длЯ СоБАК,5,5520.37,479.63,coMpLeTEd,Нужно уточнить сроки,2024-06-18,2310689052141832
2029947681996,2024-06-02 01:26:58,ЕлЕнА НовиКовА,+7(9022)94-66,4,ПОдПИска НА гаЗету,1,527.34,72.66,pROCesSiNG,подарок вовремя,2024/06/11,4408693589992783
2029947681996,2024-06-02 01:26:58,ЕлЕнА НовиКовА,+7(9022)94-66,4,пОдпИсКа На газЕту,5,2880.54,119.46,pROCesSing,подарок вовремя,2024/06/11,4408693589992783
2029947681996,2024-06-02 01:26:58,ЕлЕнА НовиКовА,+7(9022)94-66,4,подпИСка нА ГаЗетУ,3,1484.61,315.39,pROCessiNg,подарок вовремя,2024/06/11,4408693589992783
2029947681996,2024-06-02 01:26:58,ЕлЕнА НовиКовА,+7(9022)94-66,3,амуниЦИя Для СоБАк,1,968.76,231.24,PrOCESSING,подарок вовремя,2024/06/11,4408693589992783
2029947681996,2024-06-02 01:26:58,ЕлЕнА НовиКовА,+7(9022)94-66,4,пОДПИсКа нА ГаЗету,2,1030.84,169.16,pROCeSSING,подарок вовремя,2024/06/11,4408693589992783
2029947680401,2024-06-28 09:38:29,АЛЕксЕй миХайлОв,+7(9490)35-16,1,КОРм ДлЯ собак,4,1862.98,137.02,CoMPlETEd,спасибо за заказ,2024-06-27,0633865324437385
2029947680401,2024-06-28 09:38:29,АЛЕксЕй миХайлОв,+7(9490)35-16,5,МоЛоко,4,11131.44,868.56,CoMpletEd,спасибо за заказ,2024-06-27,0633865324437385
2029947679946,2024/06/01 18:22:32,мИХАил оРЛОВ,8(9621) 96-29,1,кОрм дЛЯ СОбаК,2,822.86,177.14,procEssinG,подарок вовремя,2024/06/30,3306610362172115
2029947679946,2024/06/01 18:22:32,мИХАил оРЛОВ,8(9621) 96-29,2,ИГрУШКа мяЧ,1,299.34,0.66,pROCESSinG,подарок вовремя,2024/06/30,3306610362172115
2029947678357,29.06.2024 10:29,ИВан иВАНОв,+7 9448 78 40,2,иГрУшка МЯЧ,1,271.23,28.77,prOceSSINg,Ждём с нетерпением!,26.06.2024,5121640410001598
2029947677830,2024/06/25 00:08:24,аНна СмирноВА,8(9991) 72-72,1,КОРМ длЯ СобАК,2,947.45,52.55,prOcESsiNg,Проверить наличие,2024/06/25,5644205748323651
2029947677830,2024/06/25 00:08:24,аНна СмирноВА,8(9991) 72-72,5,МОЛОко,2,5933.84,66.16,pROcESSINg,Проверить наличие,2024/06/25,5644205748323651
2029947677830,2024/06/25 00:08:24,аНна СмирноВА,8(9991) 72-72,5,молоКО,4,9908.26,2091.74,proCESsIng,Проверить наличие,2024/06/25,5644205748323651
2029947677830,2024/06/25 00:08:24,аНна СмирноВА,8(9991) 72-72,4,ПОдпиСкА На гАЗЕТу,1,525.67,74.33,ProcESsiNg,Проверить наличие,2024/06/25,5644205748323651
2029947676176,12.06.2024 23:40,еЛенА НОвикОвА,+7 9920 44 33,1,КОрм для СОбаК,3,1210.08,289.92,coMpleTEd,Всё отлично!,2024-06-05,2718474920664830
2029947675514,2024-06-14 13:08:25,ЕЛена новиКоВа,+7 9944 85 01,5,МолОко,2,5045.91,954.09,CAnCELLED,Всё отлично!,2024-06-14,3874784279098317
2029947674866,2024-06-18 15:29:34,НАтАлья ВАСИЛьеВа,+7 9538 13 66,3,аМуНиЦиЯ Для СОБак,2,2264.08,135.92,PrOcessiNG,Ждём с нетерпением!,12.06.2024,9915667780204696
2029947674866,2024-06-18 15:29:34,НАтАлья ВАСИЛьеВа,+7 9538 13 66,4,ПоДпИСКА на газеТу,5,2977.89,22.11,pRoCessIng,Ждём с нетерпением!,12.06.2024,9915667780204696
2029947674866,2024-06-18 15:29:34,НАтАлья ВАСИЛьеВа,+7 9538 13 66,5,молОкО,3,7290.22,1709.78,pROCEssINg,Ждём с нетерпением!,12.06.2024,9915667780204696
2029947674866,2024-06-18 15:29:34,НАтАлья ВАСИЛьеВа,+7 9538 13 66,4,ПОдПиСКА На гАзеТу,5,2743.65,256.35,PrOCeSsing,Ждём с нетерпением!,12.06.2024,9915667780204696
2029947673679,2024-06-04 11:33:42,АНна СМиРнова,+7(9331)12-02,2,ИгРУшка МЯЧ,2,515.71,84.29,CAncellEd,спасибо за заказ,2024/06/21,0171993509053676
2029947673679,2024-06-04 11:33:42,АНна СМиРнова,+7(9331)12-02,1,кОрМ Для сОБак,4,1994.33,5.67,CaNcELLED,спасибо за заказ,2024/06/21,0171993509053676
2029947673679,2024-06-04 11:33:42,АНна СМиРнова,+7(9331)12-02,1,коРМ ДЛя соБАК,4,1816.41,183.59,caNcEllED,спасибо за заказ,2024/06/21,0171993509053676
2029947672724,2024-06-12 20:49:02,ДмИТриЙ кУзнеЦов,8(9210) 31-53,4,ПоДПискА нА ГаЗеТУ,4,2146.75,253.25,CaNCeLLEd,подарок вовремя,2024/06/25,1325459011868642
2029947672724,2024-06-12 20:49:02,ДмИТриЙ кУзнеЦов,8(9210) 31-53,5,молоКО,1,2519.51,480.49,CanCelLEd,подарок вовремя,2024/06/25,1325459011868642
2029947672724,2024-06-12 20:49:02,ДмИТриЙ кУзнеЦов,8(9210) 31-53,1,КОрм дЛЯ СОБаК,1,419.61,80.39,cAncElled,подарок вовремя,2024/06/25,1325459011868642
2029947671258,29.06.2024 20:37,ДМиТРиЙ кУзНЕЦов,8(9528) 92-69,3,АМунИЦИЯ длЯ СобаК,3,3418.76,181.24,pRocessING,"Задержка с доставкой, печалька...",11.06.2024,8502155855044599
2029947671258,29.06.2024 20:37,ДМиТРиЙ кУзНЕЦов,8(9528) 92-69,5,МолокО,2,5529.25,470.75,PROcesSiNG,"Задержка с доставкой, печалька...",11.06.2024,8502155855044599
2029947671258,29.06.2024 20:37,ДМиТРиЙ кУзНЕЦов,8(9528) 92-69,3,АмУнициЯ длЯ собак,4,4599.74,200.26,pROcesSiNg,"Задержка с доставкой, печалька...",11.06.2024,8502155855044599
2029947671258,29.06.2024 20:37,ДМиТРиЙ кУзНЕЦов,8(9528) 92-69,1,КОрМ длЯ СобАК,2,912.4,87.6,PRoCEsSiNg,"Задержка с доставкой, печалька...",11.06.2024,8502155855044599
2029947670323,2024/06/24 14:23:17,сеРГЕЙ СИдоРОВ,8(9143) 81-43,2,иГруШка МяЧ,2,597.99,2.01,CANCELlEd,Ждём с нетерпением!,2024/06/30,1319392337044271
2029947669765,2024-06-01 03:56:09,ивАн ИваноВ,+7 9399 15 13,3,аМУнИция ДЛя СОБАк,5,4986.38,1013.62,PROCeSSiNg,"Задержка с доставкой, печалька...",2024-06-07,5225616210790267
2029947669765,2024-06-01 03:56:09,ивАн ИваноВ,+7 9399 15 13,3,амУнИцИЯ ДлЯ сОбаК,4,4189.9,610.1,pROcessINg,"Задержка с доставкой, печалька...",2024-06-07,5225616210790267
2029947669765,2024-06-01 03:56:09,ивАн ИваноВ,+7 9399 15 13,1,Корм ДЛЯ соБАк,2,894.47,105.53,PROcESsiNG,"Задержка с доставкой, печалька...",2024-06-07,5225616210790267
2029947668959,2024/06/30 14:50:53,ДмиТРий КузНЕЦоВ,+7(9536)81-19,2,иГРУШкА мяч,3,866.32,33.68,ComPLEteD,Ждём с нетерпением!,08.06.2024,2795209658725518
2029947668959,2024/06/30 14:50:53,ДмиТРий КузНЕЦоВ,+7(9536)81-19,4,ПодПИСкА На гАзеТу,1,590.18,9.82,ComPLeteD,Ждём с нетерпением!,08.06.2024,2795209658725518
2029947668959,2024/06/30 14:50:53,ДмиТРий КузНЕЦоВ,+7(9536)81-19,1,корМ ДЛя соБАк,1,415.77,84.23,comPlETEd,Ждём с нетерпением!,08.06.2024,2795209658725518
2029947668959,2024/06/30 14:50:53,ДмиТРий КузНЕЦоВ,+7(9536)81-19,5,МоЛОКО,4,11029.1,970.9,ComPLeTeD,Ждём с нетерпением!,08.06.2024,2795209658725518
2029947668959,2024/06/30 14:50:53,ДмиТРий КузНЕЦоВ,+7(9536)81-19,3,АмунИция дЛЯ СОБАК,1,992.7,207.3,compLetED,Ждём с нетерпением!,08.06.2024,2795209658725518
2029947667222,2024-06-14 09:17:04,аЛеКСЕЙ МИхАЙлОв,+7 9564 82 79,1,КорМ ДлЯ СоБАК,1,438.29,61.71,PROCeSsing,Нужно уточнить сроки,2024/06/10,5854471535201565
2029947666637,2024-06-21 16:41:08,дМитРий КУзНЕЦоВ,8(9631) 68-90,3,аМУНициЯ дЛя СОБаК,1,1136.67,63.33,pROCeSSiNg,спасибо за заказ,2024-06-29,2566032419846769
2029947666637,2024-06-21 16:41:08,дМитРий КУзНЕЦоВ,8(9631) 68-90,4,ПоДписка на газеТу,1,501.37,98.63,prOCEssing,спасибо за заказ,2024-06-29,2566032419846769
2029947666637,2024-06-21 16:41:08,дМитРий КУзНЕЦоВ,8(9631) 68-90,4,поДпИска НА ГАЗЕтУ,4,1961.36,438.64,PROcEsSiNG,спасибо за заказ,2024-06-29,2566032419846769
2029947666637,2024-06-21 16:41:08,дМитРий КУзНЕЦоВ,8(9631) 68-90,4,пОДПИсКа на гАзЕТУ,4,2267.82,132.18,PROceSsIng,спасибо за заказ,2024-06-29,2566032419846769
2029947666637,2024-06-21 16:41:08,дМитРий КУзНЕЦоВ,8(9631) 68-90,4,ПОдПИСкА НА гаЗЕту,4,2101.68,298.32,PrOcesSInG,спасибо за заказ,2024-06-29,2566032419846769
2029947665744,2024/06/07 00:10:28,иваН ИвАноВ,+7 9152 11 19,2,ИГРушКа МЯЧ,1,249.38,50.62,caNceLLED,Проверить наличие,2024-06-15,0955431791802721
2029947665744,2024/06/07 00:10:28,иваН ИвАноВ,+7 9152 11 19,2,ИГРушКа МЯЧ,2,547.3,52.7,CAncELleD,Проверить наличие,2024-06-15,0955431791802721
2029947664563,27.06.2024 23:11,ольГа куЗнЕЦОва,+7 9258 05 91,4,ПоДПИска нА гАзЕТУ,5,2450.16,549.84,cAnceLlED,Нужно уточнить сроки,2024/06/11,0968295820247218
2029947663880,2024-06-18 16:57:26,миХаиЛ оРЛов,+7 9621 39 54,4,ПОДПИсКа на ГАзЕТу,4,2303.76,96.24,canCelLED,Проверить наличие,2024-06-04,7884223919329211
2029947663880,2024-06-18 16:57:26,миХаиЛ оРЛов,+7 9621 39 54,5,МОЛОко,5,14733.57,266.43,CaNcEllED,Проверить наличие,2024-06-04,7884223919329211
2029947662182,2024/06/10 19:20:06,АлЕкСЕЙ МИхайЛОВ,8(9750) 86-07,4,ПоДПиСка На ГАзЕТУ,2,1082.07,117.93,ProcESSinG,"Задержка с доставкой, печалька...",08.06.2024,4588333979786897
2029947662182,2024/06/10 19:20:06,АлЕкСЕЙ МИхайЛОВ,8(9750) 86-07,1,кОрМ ДЛЯ соБАк,3,1358.7,141.3,PROCEssIng,"Задержка с доставкой, печалька...",08.06.2024,4588333979786897
2029947661895,2024/06/10 16:31:11,аННа сМИрнОвА,+7 9783 54 20,3,АМУнИцИя для собАК,3,3117.99,482.01,CanCEllED,Проверить наличие,2024-06-29,5167317417001718
2029947661895,2024/06/10 16:31:11,аННа сМИрнОвА,+7 9783 54 20,4,пОдпИсКА На гАЗеТу,1,486.64,113.36,CancelleD,Проверить наличие,2024-06-29,5167317417001718
2029947661895,2024/06/10 16:31:11,аННа сМИрнОвА,+7 9783 54 20,2,иГРуШкА МяЧ,3,790.91,109.09,caNCELled,Проверить наличие,2024-06-29,5167317417001718
2029947661895,2024/06/10 16:31:11,аННа сМИрнОвА,+7 9783 54 20,2,ИГрУшКА мяч,3,741.68,158.32,CanCellED,Проверить наличие,2024-06-29,5167317417001718
2029947660345,2024-06-07 06:13:33,ЕленА НОвикоВа,8(9143) 77-70,1,КОрм длЯ сОбАК,4,1818.48,181.52,pRoceSsING,Ждём с нетерпением!,11.06.2024,7281497094997502
2029947660345,2024-06-07 06:13:33,ЕленА НОвикоВа,8(9143) 77-70,4,ПОдпиСкА нА газЕТу,3,1488.24,311.76,PRocesSiNG,Ждём с нетерпением!,11.06.2024,7281497094997502
2029947660345,2024-06-07 06:13:33,ЕленА НОвикоВа,8(9143) 77-70,3,АмУНИЦИЯ дЛя собАк,2,2278.47,121.53,pRoCESsiNG,Ждём с нетерпением!,11.06.2024,7281497094997502
2029947660345,2024-06-07 06:13:33,ЕленА НОвикоВа,8(9143) 77-70,2,ИгрУшка мяЧ,5,1253.84,246.16,prOcESsiNG,Ждём с нетерпением!,11.06.2024,7281497094997502
2029947659812,11.06.2024 03:23,СЕрГЕЙ сидОров,8(9608) 79-09,1,кОРм дЛЯ СоБАК,4,1834.65,165.35,pROcESsINg,Всё отлично!,17.06.2024,1866161862442516
2029947659812,11.06.2024 03:23,СЕрГЕЙ сидОров,8(9608) 79-09,5,МоЛоКо,3,8395.79,604.21,pRocESSing,Всё отлично!,17.06.2024,1866161862442516
2029947658621,07.06.2024 12:50,сеРГеЙ СИДоров,+7 9704 58 30,4,пОдписКа НА ГазЕТУ,2,1093.39,106.61,ProCeSsInG,Ждём с нетерпением!,2024/06/01,2435213031046273
2029947658621,07.06.2024 12:50,сеРГеЙ СИДоров,+7 9704 58 30,5,молоКО,4,9965.15,2034.85,PrOCeSsiNG,Ждём с нетерпением!,2024/06/01,2435213031046273
2029947658621,07.06.2024 12:50,сеРГеЙ СИДоров,+7 9704 58 30,2,иГрУШКа МЯч,3,811.12,88.88,PrOCEssING,Ждём с нетерпением!,2024/06/01,2435213031046273
2029947657792,2024-06-07 03:59:41,анНа сМИрНОВа,+7(9527)51-00,4,ПоДПиСКа на гАЗеТу,1,580.12,19.88,cANcEllEd,"Задержка с доставкой, печалька...",2024/06/20,8653385355232076
2029947657792,2024-06-07 03:59:41,анНа сМИрНОВа,+7(9527)51-00,2,ИГруШКА мЯч,3,761.15,138.85,caNcEllEd,"Задержка с доставкой, печалька...",2024/06/20,8653385355232076
2029947657792,2024-06-07 03:59:41,анНа сМИрНОВа,+7(9527)51-00,2,игрушка МЯч,2,594.94,5.06,cAnCellEd,"Задержка с доставкой, печалька...",2024/06/20,8653385355232076
2029947657792,2024-06-07 03:59:41,анНа сМИрНОВа,+7(9527)51-00,1,КОРМ ДлЯ соБаК,4,1923.86,76.14,canCElLEd,"Задержка с доставкой, печалька...",2024/06/20,8653385355232076
2029947656633,2024/06/24 12:24:27,дМИтриЙ кУзНецоВ,+7(9457)25-50,3,Амуниция для СОБАК,2,2211.0,189.0,prOCesSing,"Задержка с доставкой, печалька...",2024/06/23,1048883152655942
2029947656633,2024/06/24 12:24:27,дМИтриЙ кУзНецоВ,+7(9457)25-50,1,КОРМ Для СоБаК,4,1874.66,125.34,pROcessINg,"Задержка с доставкой, печалька...",2024/06/23,1048883152655942
2029947656633,2024/06/24 12:24:27,дМИтриЙ кУзНецоВ,+7(9457)25-50,4,ПОдписка нА гАЗЕТУ,1,487.26,112.74,PROCeSSiNg,"Задержка с доставкой, печалька...",2024/06/23,1048883152655942
2029947655478,15.06.2024 02:54,ЕлЕНА ноВИКова,8(9763) 39-41,1,КОрм для СобАк,1,469.96,30.04,canCeLleD,"Задержка с доставкой, печалька...",2024/06/10,8501675006497214
2029947655478,15.06.2024 02:54,ЕлЕНА ноВИКова,8(9763) 39-41,2,игРуШкА мяч,3,794.01,105.99,cANcELlED,"Задержка с доставкой, печалька...",2024/06/10,8501675006497214
2029947655478,15.06.2024 02:54,ЕлЕНА ноВИКова,8(9763) 39-41,3,амУНицИЯ ДЛЯ соБаК,2,2135.78,264.22,cAncEllED,"Задержка с доставкой, печалька...",2024/06/10,8501675006497214
2029947654904,07.06.2024 04:38,мАрИя ПЕтрова,+7(9940)26-34,4,поДпИСКА На гаЗеТУ,3,1574.54,225.46,cAncELled,Всё отлично!,03.06.2024,6814197986402996
2029947654904,07.06.2024 04:38,мАрИя ПЕтрова,+7(9940)26-34,5,мОлОКО,1,2589.1,410.9,cANCellED,Всё отлично!,03.06.2024,6814197986402996
2029947654904,07.06.2024 04:38,мАрИя ПЕтрова,+7(9940)26-34,4,ПОДпиСка На гАзЕТУ,1,523.58,76.42,cAncelLED,Всё отлично!,03.06.2024,6814197986402996
2029947654904,07.06.2024 04:38,мАрИя ПЕтрова,+7(9940)26-34,1,корМ ДЛЯ собАК,2,912.17,87.83,caNCElleD,Всё отлично!,03.06.2024,6814197986402996
2029947653822,2024/06/20 19:31:29,МИхАиЛ ОрЛОВ,8(9157) 46-19,5,молоКо,5,12302.28,2697.72,COMPletEd,подарок вовремя,10.06.2024,3998694318775007
2029947653822,2024/06/20 19:31:29,МИхАиЛ ОрЛОВ,8(9157) 46-19,1,кОРм дЛя собАК,1,482.89,17.11,COMplETED,подарок вовремя,10.06.2024,3998694318775007
2029947653822,2024/06/20 19:31:29,МИхАиЛ ОрЛОВ,8(9157) 46-19,4,ПОДпиСКа НА Газету,1,491.4,108.6,COMpLETED,подарок вовремя,10.06.2024,3998694318775007
2029947653822,2024/06/20 19:31:29,МИхАиЛ ОрЛОВ,8(9157) 46-19,4,подПиСКа На ГАзетУ,2,1194.05,5.95,cOMPlEted,подарок вовремя,10.06.2024,3998694318775007
2029947653822,2024/06/20 19:31:29,МИхАиЛ ОрЛОВ,8(9157) 46-19,2,ИгРУшка мЯЧ,3,847.91,52.09,cOmpleteD,подарок вовремя,10.06.2024,3998694318775007
2029947652521,2024-06-08 18:41:43,мИХаИЛ оРлОв,+7(9247)47-10,5,мОлоКО,1,2773.1,226.9,CoMplETEd,подарок вовремя,2024-06-23,9332140916708985
2029947651606,29.06.2024 10:22,ЕЛЕНа НОВикОВА,+7(9245)26-48,5,молоКо,1,2450.91,549.09,cOMpletED,Всё отлично!,2024-06-13,9474855124496475
2029947650646,2024/06/16 13:39:01,нАТАлЬЯ ВаСИлЬЕВА,+7(9482)29-61,2,ИгРУшка мЯч,1,254.47,45.53,pROCeSSInG,Нужно уточнить сроки,01.06.2024,6784049393222548
2029947650646,2024/06/16 13:39:01,нАТАлЬЯ ВаСИлЬЕВА,+7(9482)29-61,3,АмунИЦия дЛЯ СоБак,4,3882.74,917.26,PRocessiNG,Нужно уточнить сроки,01.06.2024,6784049393222548
2029947650646,2024/06/16 13:39:01,нАТАлЬЯ ВаСИлЬЕВА,+7(9482)29-61,1,КоРм Для собАК,4,1662.36,337.64,PROcEssING,Нужно уточнить сроки,01.06.2024,6784049393222548
2029947650646,2024/06/16 13:39:01,нАТАлЬЯ ВаСИлЬЕВА,+7(9482)29-61,1,кОрм дЛя Собак,2,958.51,41.49,procESSING,Нужно уточнить сроки,01.06.2024,6784049393222548
2029947650646,2024/06/16 13:39:01,нАТАлЬЯ ВаСИлЬЕВА,+7(9482)29-61,2,ИГРушкА мЯЧ,3,825.42,74.58,ProCessiNg,Нужно уточнить сроки,01.06.2024,6784049393222548
2029947649523,19.06.2024 19:44,СЕргеЙ СИДОрОв,+7 9712 76 96,4,поДпиСКА НА ГАЗету,4,2247.08,152.92,proceSSiNG,спасибо за заказ,11.06.2024,2676071373968889
2029947649523,19.06.2024 19:44,СЕргеЙ СИДОрОв,+7 9712 76 96,2,ИгРУШкА МЯч,1,275.18,24.82,proCESsInG,спасибо за заказ,11.06.2024,2676071373968889
2029947649523,19.06.2024 19:44,СЕргеЙ СИДОрОв,+7 9712 76 96,5,МоЛОкО,2,5668.94,331.06,pRocESSiNg,спасибо за заказ,11.06.2024,2676071373968889
2029947649523,19.06.2024 19:44,СЕргеЙ СИДОрОв,+7 9712 76 96,1,кОРМ длЯ СОбАк,1,446.61,53.39,PROceSsIng,спасибо за заказ,11.06.2024,2676071373968889
2029947648796,2024-06-17 10:14:15,анНА СмиРнОвА,8(9250) 98-08,2,иГрУШкА МяЧ,2,527.0,73.0,CompletED,"Задержка с доставкой, печалька...",2024/06/18,6709998025279770
2029947648796,2024-06-17 10:14:15,анНА СмиРнОвА,8(9250) 98-08,2,иГрУшкА мЯЧ,4,1143.1,56.9,coMplEteD,"Задержка с доставкой, печалька...",2024/06/18,6709998025279770
2029947648796,2024-06-17 10:14:15,анНА СмиРнОвА,8(9250) 98-08,2,игРУШКа МЯч,3,755.14,144.86,ComPlEtED,"Задержка с доставкой, печалька...",2024/06/18,6709998025279770
2029947903846,2024/06/04 11:53:59,НАТалЬя ВасИльЕВА,8(9001) 49-92,5,МолОко,3,8558.26,441.74,proCEssing,Всё отлично!,09.06.2024,5412404762259207
2029947903846,2024/06/04 11:53:59,НАТалЬя ВасИльЕВА,8(9001) 49-92,4,пОДпИска на гАЗЕТу,4,1933.44,466.56,PrOCESSINg,Всё отлично!,09.06.2024,5412404762259207
2029947903846,2024/06/04 11:53:59,НАТалЬя ВасИльЕВА,8(9001) 49-92,2,игруШКА мЯЧ,4,1074.43,125.57,proCESSING,Всё отлично!,09.06.2024,5412404762259207
2029947902137,03.06.2024 00:02,аЛексей МиХайЛОВ,8(9803) 05-01,2,ИГРушКа МяЧ,5,1390.02,109.98,CoMplETED,Нужно уточнить сроки,15.06.2024,0473747330611887
2029947902137,03.06.2024 00:02,аЛексей МиХайЛОВ,8(9803) 05-01,5,мОЛОко,5,12147.22,2852.78,complETeD,Нужно уточнить сроки,15.06.2024,0473747330611887
2029947902137,03.06.2024 00:02,аЛексей МиХайЛОВ,8(9803) 05-01,1,КорМ ДлЯ СоБАк,1,490.92,9.08,CoMPLeTED,Нужно уточнить сроки,15.06.2024,0473747330611887
2029947901817,2024/06/03 09:46:36,сЕрГей СИДОрОв,+7(9909)33-77,2,игрУШкА мяч,1,287.39,12.61,CANcelLEd,Всё отлично!,2024/06/14,7598447407101491
2029947901817,2024/06/03 09:46:36,сЕрГей СИДОрОв,+7(9909)33-77,1,коРм длЯ соБАк,1,493.67,6.33,cAnCELleD,Всё отлично!,2024/06/14,7598447407101491
2029947900880,2024-06-23 15:58:12,марИЯ пЕТрОвА,+7(9169)53-78,2,игРУшКА мяЧ,5,1279.66,220.34,CAnCELLed,Нужно уточнить сроки,2024/06/28,0381053070968666
2029947900880,2024-06-23 15:58:12,марИЯ пЕТрОвА,+7(9169)53-78,2,игРуШКА МЯЧ,2,555.71,44.29,canCeLLeD,Нужно уточнить сроки,2024/06/28,0381053070968666
2029947900880,2024-06-23 15:58:12,марИЯ пЕТрОвА,+7(9169)53-78,3,АМУниЦия ДлЯ сОБАк,2,2007.51,392.49,cAnCellEd,Нужно уточнить сроки,2024/06/28,0381053070968666
2029947899168,2024-06-18 02:00:11,ЕлЕна НОВиКоВа,+7 9098 44 32,5,МоЛОКО,3,8054.34,945.66,CANCeLled,Нужно уточнить сроки,2024-06-17,0986974285790902
2029947899168,2024-06-18 02:00:11,ЕлЕна НОВиКоВа,+7 9098 44 32,3,АМуНИциЯ дЛя сОбАк,3,3471.92,128.08,cANcellEd,Нужно уточнить сроки,2024-06-17,0986974285790902
2029947899168,2024-06-18 02:00:11,ЕлЕна НОВиКоВа,+7 9098 44 32,5,МолоКО,1,2713.56,286.44,cAnceLLed,Нужно уточнить сроки,2024-06-17,0986974285790902
2029947899168,2024-06-18 02:00:11,ЕлЕна НОВиКоВа,+7 9098 44 32,4,пОДпискА НА гаЗеТУ,4,2325.7,74.3,CanCElLeD,Нужно уточнить сроки,2024-06-17,0986974285790902
2029947899168,2024-06-18 02:00:11,ЕлЕна НОВиКоВа,+7 9098 44 32,4,пОдписКА на гАЗЕТу,3,1703.41,96.59,CAncELLEd,Нужно уточнить сроки,2024-06-17,0986974285790902
2029947898414,2024-06-09 13:53:17,СЕРГеЙ сИдоРОв,+7(9041)89-31,1,коРМ длЯ сОбаК,4,1698.85,301.15,compLEtED,Проверить наличие,09.06.2024,9830516932397767
2029947897295,2024/06/19 18:20:17,ОЛЬГА КузнеЦОвА,+7 9888 82 59,3,АМУНициЯ Для собАк,3,3041.24,558.76,CaNceLLed,Нужно уточнить сроки,04.06.2024,0930178632553250
2029947897295,2024/06/19 18:20:17,ОЛЬГА КузнеЦОвА,+7 9888 82 59,5,молоко,1,2556.28,443.72,cANcelled,Нужно уточнить сроки,04.06.2024,0930178632553250
2029947897295,2024/06/19 18:20:17,ОЛЬГА КузнеЦОвА,+7 9888 82 59,2,иГРуШка мяч,2,534.2,65.8,cANceLLEd,Нужно уточнить сроки,04.06.2024,0930178632553250
2029947896656,2024-06-17 15:31:41,СЕРГей сиДОРОВ,+7(9656)24-55,3,амунИцИЯ Для СОБАК,5,5922.22,77.78,PROcEsSiNG,Проверить наличие,2024-06-14,9760317778251141
2029947896656,2024-06-17 15:31:41,СЕРГей сиДОРОВ,+7(9656)24-55,4,ПодПиСКа нА ГАзЕТУ,2,980.38,219.62,PROCESSInG,Проверить наличие,2024-06-14,9760317778251141
2029947895457,2024-06-20 21:25:28,ДмИтриЙ куЗнЕцоВ,8(9799) 29-90,5,мОлоКО,1,2508.61,491.39,CaNCElLEd,спасибо за заказ,08.06.2024,4836500689693147
2029947895457,2024-06-20 21:25:28,ДмИтриЙ куЗнЕцоВ,8(9799) 29-90,1,коРМ для сОБАк,5,2455.91,44.09,cANcElLEd,спасибо за заказ,08.06.2024,4836500689693147
2029947894762,2024-06-05 11:28:25,дМИТрИЙ кузНеЦОв,8(9258) 28-01,5,МОЛокО,2,5222.02,777.98,CAnCeLLED,подарок вовремя,2024-06-05,4425745544733437
2029947894762,2024-06-05 11:28:25,дМИТрИЙ кузНеЦОв,8(9258) 28-01,4,ПОдПИсКА На гАзеТу,4,1923.83,476.17,CaNCeLLEd,подарок вовремя,2024-06-05,4425745544733437
2029947893677,2024-06-17 10:09:35,нАтАЛЬЯ ВАСильЕвА,8(9109) 15-47,5,МолоКО,1,2591.07,408.93,complEtED,"Задержка с доставкой, печалька...",09.06.2024,4606485398529989
2029947893677,2024-06-17 10:09:35,нАтАЛЬЯ ВАСильЕвА,8(9109) 15-47,3,аМуНИциЯ ДлЯ СОбАк,3,3486.36,113.64,ComPlEtED,"Задержка с доставкой, печалька...",09.06.2024,4606485398529989
2029947893677,2024-06-17 10:09:35,нАтАЛЬЯ ВАСильЕвА,8(9109) 15-47,3,аМУНИЦИя ДлЯ СОбаК,3,3135.85,464.15,coMPLetED,"Задержка с доставкой, печалька...",09.06.2024,4606485398529989
2029947893677,2024-06-17 10:09:35,нАтАЛЬЯ ВАСильЕвА,8(9109) 15-47,5,молОко,2,5129.91,870.09,ComPLeted,"Задержка с доставкой, печалька...",09.06.2024,4606485398529989
2029947892346,2024-06-10 01:44:48,дМитРИЙ кУзнЕЦОв,+7(9273)01-93,3,АмунИцИЯ ДЛя Собак,2,2271.1,128.9,cOmplEteD,Проверить наличие,2024/06/07,1669797381077502
2029947892346,2024-06-10 01:44:48,дМитРИЙ кУзнЕЦОв,+7(9273)01-93,2,ИГРУшКА мЯч,5,1254.26,245.74,cOmpLeTed,Проверить наличие,2024/06/07,1669797381077502
2029947892346,2024-06-10 01:44:48,дМитРИЙ кУзнЕЦОв,+7(9273)01-93,3,амуНициЯ ДлЯ СОБАК,4,4041.32,758.68,ComPletEd,Проверить наличие,2024/06/07,1669797381077502
2029947892346,2024-06-10 01:44:48,дМитРИЙ кУзнЕЦОв,+7(9273)01-93,2,ИгрУШкА мЯч,3,727.56,172.44,cOmPLetED,Проверить наличие,2024/06/07,1669797381077502
2029947891451,14.06.2024 09:14,МаРия пеТроВА,+7(9494)16-57,4,пОдПиСКА на газетУ,5,2662.85,337.15,cAncELLed,подарок вовремя,09.06.2024,6671793928233092
2029947890825,2024/06/19 13:09:46,ДмИтРИЙ куЗНЕЦОВ,8(9396) 10-52,1,КоРм ДЛя СоБаК,4,1905.32,94.68,CoMPLEtEd,Нужно уточнить сроки,2024/06/26,0505142109884394
2029947889719,2024/06/10 11:48:47,ОльГА кУЗнЕЦОвА,+7(9646)37-39,3,АМунИЦия ДлЯ сОбак,3,3434.37,165.63,ProceSsINg,Нужно уточнить сроки,30.06.2024,4767551528174668
2029947889719,2024/06/10 11:48:47,ОльГА кУЗнЕЦОвА,+7(9646)37-39,4,ПодпиСкА На гАЗеТу,5,2939.75,60.25,PrOCessINg,Нужно уточнить сроки,30.06.2024,4767551528174668
2029947888454,2024/06/09 09:20:21,МАрИя ПетрОвА,+7(9557)46-75,1,КоРМ для сОБАк,4,1925.34,74.66,cOMPleted,Ждём с нетерпением!,2024-06-08,1436156862264812
2029947888454,2024/06/09 09:20:21,МАрИя ПетрОвА,+7(9557)46-75,4,ПоДпИсКа НА ГАзЕтУ,5,2692.58,307.42,comPLEteD,Ждём с нетерпением!,2024-06-08,1436156862264812
2029947888454,2024/06/09 09:20:21,МАрИя ПетрОвА,+7(9557)46-75,3,аМуНицИЯ дЛЯ сОБак,3,3458.04,141.96,cOmpLEtED,Ждём с нетерпением!,2024-06-08,1436156862264812
2029947888454,2024/06/09 09:20:21,МАрИя ПетрОвА,+7(9557)46-75,5,МОлОКО,3,7338.57,1661.43,CoMplETed,Ждём с нетерпением!,2024-06-08,1436156862264812
2029947887672,2024-06-11 05:07:10,натальЯ ВасиЛЬевА,+7 9414 91 73,1,кОРм дЛя сОБАК,3,1421.86,78.14,caNceLleD,Ждём с нетерпением!,26.06.2024,2663322549450312
2029947887672,2024-06-11 05:07:10,натальЯ ВасиЛЬевА,+7 9414 91 73,3,АМУниЦИя длЯ СОбаК,2,2032.33,367.67,caNcelled,Ждём с нетерпением!,26.06.2024,2663322549450312
2029947887672,2024-06-11 05:07:10,натальЯ ВасиЛЬевА,+7 9414 91 73,2,иГРУШКа МЯЧ,1,251.82,48.18,CancelLeD,Ждём с нетерпением!,26.06.2024,2663322549450312
2029947886677,2024-06-15 09:26:31,дМитРиЙ КУзнЕЦОв,+7(9519)50-53,5,молОкО,1,2638.96,361.04,proCessING,подарок вовремя,01.06.2024,5192445587633124
2029947885242,2024-06-08 19:24:21,еЛеНА новиКова,+7(9278)12-02,1,коРМ ДЛЯ собак,3,1492.42,7.58,cOMplETEd,"Задержка с доставкой, печалька...",16.06.2024,9147843977986664
2029947885242,2024-06-08 19:24:21,еЛеНА новиКова,+7(9278)12-02,2,ИгРушкА мЯч,1,286.55,13.45,cOmPlEted,"Задержка с доставкой, печалька...",16.06.2024,9147843977986664
2029947884738,2024-06-22 10:32:13,иВан иВАНОв,8(9812) 58-31,3,АМУНИцИЯ ДЛЯ собАК,2,2390.37,9.63,proceSsING,Нужно уточнить сроки,2024-06-22,3153832843408592
2029947884738,2024-06-22 10:32:13,иВан иВАНОв,8(9812) 58-31,2,ИгРУшКА Мяч,2,590.01,9.99,PrOcessINg,Нужно уточнить сроки,2024-06-22,3153832843408592
2029947884738,2024-06-22 10:32:13,иВан иВАНОв,8(9812) 58-31,2,ИгРУшКа МяЧ,5,1305.24,194.76,ProCesSING,Нужно уточнить сроки,2024-06-22,3153832843408592
2029947883476,29.06.2024 11:30,алЕКСеЙ МИХАйЛОв,+7(9561)50-31,1,коРМ Для СОбАК,1,410.84,89.16,ComplETeD,Нужно уточнить сроки,25.06.2024,4830834062197680
2029947882953,19.06.2024 03:18,АлеКСЕй МИХАЙЛоВ,+7 9535 32 04,2,игРУШка мЯч,5,1473.88,26.12,pRocESsIng,Нужно уточнить сроки,01.06.2024,1362608238858620
2029947881161,2024-06-09 16:54:49,АНнА сМИрноВА,+7 9625 11 14,5,МОлОко,5,12218.45,2781.55,COmPleTed,подарок вовремя,2024-06-11,9111909402434137
2029947881161,2024-06-09 16:54:49,АНнА сМИрноВА,+7 9625 11 14,1,КОрм Для собак,1,424.05,75.95,coMpleteD,подарок вовремя,2024-06-11,9111909402434137
2029947881161,2024-06-09 16:54:49,АНнА сМИрноВА,+7 9625 11 14,3,амУНИЦиЯ дЛя СоБак,2,2043.77,356.23,COmPLeTeD,подарок вовремя,2024-06-11,9111909402434137
2029947880612,2024-06-16 17:50:18,сергЕЙ СИДоРоВ,+7(9840)67-10,4,пОДПИСка На газету,5,2580.3,419.7,ProcESsIng,Всё отлично!,26.06.2024,3290646464405887
2029947880612,2024-06-16 17:50:18,сергЕЙ СИДоРоВ,+7(9840)67-10,5,мОлоКо,3,7768.29,1231.71,PrOcESsInG,Всё отлично!,26.06.2024,3290646464405887
2029947879755,30.06.2024 13:50,аЛекСЕЙ мИХайлОВ,+7(9386)55-76,2,ИГРуШкА Мяч,2,584.17,15.83,proceSSING,спасибо за заказ,2024/06/26,7872808075643314
2029947878894,29.06.2024 19:37,Иван иванОв,8(9992) 17-78,1,корМ дЛЯ СобаК,1,436.59,63.41,COmPLETed,Ждём с нетерпением!,04.06.2024,6070063324097376
2029947878894,29.06.2024 19:37,Иван иванОв,8(9992) 17-78,1,корМ длЯ СобаК,2,905.34,94.66,coMpLeTed,Ждём с нетерпением!,04.06.2024,6070063324097376
2029947878894,29.06.2024 19:37,Иван иванОв,8(9992) 17-78,3,амУнИЦия ДЛЯ СОбак,1,1012.47,187.53,coMpLeted,Ждём с нетерпением!,04.06.2024,6070063324097376
2029947877533,23.06.2024 13:11,аЛекСЕй мИХАЙлов,+7 9066 20 71,4,ПОдПИсКа На газеТУ,3,1464.11,335.89,PrOceSSinG,спасибо за заказ,12.06.2024,6972826102878063
2029947877533,23.06.2024 13:11,аЛекСЕй мИХАЙлов,+7 9066 20 71,1,кОРМ для сОБАК,1,492.91,7.09,pRoCEsSing,спасибо за заказ,12.06.2024,6972826102878063
2029947877533,23.06.2024 13:11,аЛекСЕй мИХАЙлов,+7 9066 20 71,1,кОрМ длЯ сОБаК,1,442.97,57.03,prOcessING,спасибо за заказ,12.06.2024,6972826102878063
2029947877533,23.06.2024 13:11,аЛекСЕй мИХАЙлов,+7 9066 20 71,3,АмУНицИя Для СОбаК,5,5457.98,542.02,prOceSsinG,спасибо за заказ,12.06.2024,6972826102878063
2029947877533,23.06.2024 13:11,аЛекСЕй мИХАЙлов,+7 9066 20 71,2,игРуШКА Мяч,5,1253.68,246.32,PrOcESSing,спасибо за заказ,12.06.2024,6972826102878063
2029947876864,2024-06-19 18:31:15,ОЛЬГА кузнЕЦовА,+7 9751 26 57,2,иГрУШКА МяЧ,2,485.22,114.78,CaNCelLeD,Проверить наличие,2024/06/30,7941372576031314
2029947875151,2024-06-28 21:28:07,АНнА сМиРНОВА,+7(9729)98-06,3,АМУницИя дЛя Собак,2,2307.01,92.99,pRocEsSInG,подарок вовремя,2024/06/27,6851047012730939
2029947875151,2024-06-28 21:28:07,АНнА сМиРНОВА,+7(9729)98-06,4,поДПиСкА На ГАзЕТу,3,1663.98,136.02,procEsSinG,подарок вовремя,2024/06/27,6851047012730939
2029947875151,2024-06-28 21:28:07,АНнА сМиРНОВА,+7(9729)98-06,1,кОРм для СОБак,3,1480.44,19.56,procESsiNG,подарок вовремя,2024/06/27,6851047012730939
2029947875151,2024-06-28 21:28:07,АНнА сМиРНОВА,+7(9729)98-06,3,АМуНиЦИЯ для СобаК,1,1128.85,71.15,pROCeSSInG,подарок вовремя,2024/06/27,6851047012730939
2029947874395,2024-06-09 15:49:18,МАрия пЕтроВа,8(9245) 48-15,1,кОрм длЯ СОбаК,5,2156.98,343.02,canceLLED,Ждём с нетерпением!,2024-06-25,6750431635997609
2029947874395,2024-06-09 15:49:18,МАрия пЕтроВа,8(9245) 48-15,1,кОрМ дЛя СобаК,4,1662.92,337.08,cANcellEd,Ждём с нетерпением!,2024-06-25,6750431635997609
2029947874395,2024-06-09 15:49:18,МАрия пЕтроВа,8(9245) 48-15,1,кОрм Для СОбАк,1,466.01,33.99,CaNcElLEd,Ждём с нетерпением!,2024-06-25,6750431635997609
2029947874395,2024-06-09 15:49:18,МАрия пЕтроВа,8(9245) 48-15,1,корМ ДЛЯ соБаК,3,1408.01,91.99,CanceLleD,Ждём с нетерпением!,2024-06-25,6750431635997609
2029947873100,2024-06-04 20:56:19,МариЯ ПЕтрОВА,+7 9470 77 21,2,иГрУшКа Мяч,2,494.63,105.37,ComPlETeD,Ждём с нетерпением!,2024-06-07,5136157380843169
2029947872671,04.06.2024 21:55,АлЕкСЕЙ мИХАЙЛов,+7(9475)38-42,1,кОРМ дЛя СоБАК,1,484.35,15.65,ComplEtED,"Задержка с доставкой, печалька...",19.06.2024,5159477805415440
2029947872671,04.06.2024 21:55,АлЕкСЕЙ мИХАЙЛов,+7(9475)38-42,5,МолокО,1,2483.63,516.37,CoMplEtED,"Задержка с доставкой, печалька...",19.06.2024,5159477805415440
2029947872671,04.06.2024 21:55,АлЕкСЕЙ мИХАЙЛов,+7(9475)38-42,5,мОлОКо,5,13546.82,1453.18,cOMpLETED,"Задержка с доставкой, печалька...",19.06.2024,5159477805415440
2029947872671,04.06.2024 21:55,АлЕкСЕЙ мИХАЙЛов,+7(9475)38-42,1,КОрМ дЛЯ сОБАК,4,1729.28,270.72,comPLETed,"Задержка с доставкой, печалька...",19.06.2024,5159477805415440
2029947872671,04.06.2024 21:55,АлЕкСЕЙ мИХАЙЛов,+7(9475)38-42,1,Корм ДлЯ СОБаК,2,859.64,140.36,coMPleteD,"Задержка с доставкой, печалька...",19.06.2024,5159477805415440
2029947871163,27.06.2024 07:12,миХАИЛ орлов,8(9818) 84-19,1,кОрм дЛЯ сОБАК,5,2062.64,437.36,prOceSsiNg,подарок вовремя,2024/06/05,4909844472641932
2029947871163,27.06.2024 07:12,миХАИЛ орлов,8(9818) 84-19,1,кОРм дЛЯ соБАк,1,497.65,2.35,PrOcEsSInG,подарок вовремя,2024/06/05,4909844472641932
2029947870813,2024/06/04 11:54:05,Елена нОВИкОВа,8(9838) 29-55,4,ПОДПиска На гАЗЕТУ,3,1585.12,214.88,CoMPLETeD,Всё отлично!,2024-06-20,8159770528708830
2029947870813,2024/06/04 11:54:05,Елена нОВИкОВа,8(9838) 29-55,2,иГруШКА МЯч,4,1111.77,88.23,cOMPlETEd,Всё отлично!,2024-06-20,8159770528708830
2029947870813,2024/06/04 11:54:05,Елена нОВИкОВа,8(9838) 29-55,2,ИГРуШКА МЯЧ,2,540.59,59.41,ComPletEd,Всё отлично!,2024-06-20,8159770528708830
2029947869334,2024-06-30 10:23:26,ОлЬгА КУЗНЕЦова,8(9284) 96-11,4,поДПискА На гАзеТу,3,1730.23,69.77,cOmplETEd,спасибо за заказ,2024-06-26,7116774224660748
2029947868624,2024/06/09 18:25:08,ДМИТРИй кУзнеЦоВ,8(9413) 08-51,3,АмуницИЯ для СоБАК,2,2122.62,277.38,cOMpLeTED,спасибо за заказ,2024-06-12,1539503156977395
2029947867376,2024/06/06 23:09:33,НатАлья ВАСИЛьеВа,+7 9931 53 43,5,моЛокО,2,5489.74,510.26,cOmPleTeD,Ждём с нетерпением!,15.06.2024,2800591384852213
2029947867376,2024/06/06 23:09:33,НатАлья ВАСИЛьеВа,+7 9931 53 43,4,ПоДпИСкА нА газЕТу,4,2308.27,91.73,comPLeTed,Ждём с нетерпением!,15.06.2024,2800591384852213
2029947866854,24.06.2024 20:30,дМИтРИЙ кУзнеЦоВ,+7(9336)90-56,3,амУнИция ДлЯ сОбак,4,4606.01,193.99,coMpLeTEd,подарок вовремя,2024-06-09,4944835508879424
2029947866854,24.06.2024 20:30,дМИтРИЙ кУзнеЦоВ,+7(9336)90-56,2,игРушКА Мяч,4,1128.59,71.41,COmpLeTeD,подарок вовремя,2024-06-09,4944835508879424
2029947866854,24.06.2024 20:30,дМИтРИЙ кУзнеЦоВ,+7(9336)90-56,4,ПодписКА НА гАЗЕтУ,1,538.37,61.63,COmpLeTed,подарок вовремя,2024-06-09,4944835508879424
2029947866854,24.06.2024 20:30,дМИтРИЙ кУзнеЦоВ,+7(9336)90-56,2,иГрУШКА МЯЧ,5,1361.46,138.54,COMpLETeD,подарок вовремя,2024-06-09,4944835508879424
2029947866854,24.06.2024 20:30,дМИтРИЙ кУзнеЦоВ,+7(9336)90-56,2,ИгруШка МЯЧ,5,1227.06,272.94,COMpLEteD,подарок вовремя,2024-06-09,4944835508879424
2029947865874,2024-06-17 16:52:58,сеРгЕй СИдОров,+7(9484)98-36,5,Молоко,3,8029.87,970.13,PrOcEsSIng,Всё отлично!,2024-06-27,9114396032079317
2029947865874,2024-06-17 16:52:58,сеРгЕй СИдОров,+7(9484)98-36,2,ИгРушКа МЯЧ,1,273.08,26.92,pRocessInG,Всё отлично!,2024-06-27,9114396032079317
2029947865874,2024-06-17 16:52:58,сеРгЕй СИдОров,+7(9484)98-36,1,Корм ДлЯ СОБак,1,459.65,40.35,PROceSsing,Всё отлично!,2024-06-27,9114396032079317
2029947864631,2024/06/23 08:21:07,АннА СмИРНОвА,+7 9090 05 61,3,амуНИЦиЯ для Собак,2,2253.77,146.23,CanCeLLEd,Нужно уточнить сроки,17.06.2024,3149578216225788
2029947864631,2024/06/23 08:21:07,АннА СмИРНОвА,+7 9090 05 61,3,АмуНИЦИЯ ДЛя СобаК,2,2325.91,74.09,CaNceLLEd,Нужно уточнить сроки,17.06.2024,3149578216225788
2029947864631,2024/06/23 08:21:07,АннА СмИРНОвА,+7 9090 05 61,4,ПодпИсКА На гАЗЕТу,4,2033.9,366.1,cANceLlEd,Нужно уточнить сроки,17.06.2024,3149578216225788
2029947864631,2024/06/23 08:21:07,АннА СмИРНОвА,+7 9090 05 61,1,коРМ Для СобАк,1,429.71,70.29,CaNCELLeD,Нужно уточнить сроки,17.06.2024,3149578216225788
2029947864631,2024/06/23 08:21:07,АннА СмИРНОвА,+7 9090 05 61,2,иГрУшкА мЯч,1,276.52,23.48,cANCelled,Нужно уточнить сроки,17.06.2024,3149578216225788
2029947863241,2024/06/15 19:23:04,алЕКсей МихАйлОв,8(9862) 70-82,3,АмуНиция Для собаК,1,1110.53,89.47,cOMpLeTED,Всё отлично!,25.06.2024,4810202702247202
2029947863241,2024/06/15 19:23:04,алЕКсей МихАйлОв,8(9862) 70-82,4,пОдпИсКА На ГаЗЕТУ,3,1549.45,250.55,cOmpLETeD,Всё отлично!,25.06.2024,4810202702247202
2029947863241,2024/06/15 19:23:04,алЕКсей МихАйлОв,8(9862) 70-82,1,КОРМ для СоБАК,5,2064.95,435.05,cOmPlEtEd,Всё отлично!,25.06.2024,4810202702247202
2029947863241,2024/06/15 19:23:04,алЕКсей МихАйлОв,8(9862) 70-82,1,коРМ ДЛя СоБак,5,2148.29,351.71,ComPleTED,Всё отлично!,25.06.2024,4810202702247202
2029947862257,2024/06/23 06:00:16,иван иВанов,+7 9809 42 87,2,игрушка мяЧ,4,1029.74,170.26,coMpLEted,"Задержка с доставкой, печалька...",2024/06/22,1871968980964846
2029947862257,2024/06/23 06:00:16,иван иВанов,+7 9809 42 87,1,кОРМ дЛЯ сОбАК,5,2249.53,250.47,complEteD,"Задержка с доставкой, печалька...",2024/06/22,1871968980964846
2029947862257,2024/06/23 06:00:16,иван иВанов,+7 9809 42 87,2,ИгрУшка мяч,1,290.72,9.28,ComplETeD,"Задержка с доставкой, печалька...",2024/06/22,1871968980964846
2029947862257,2024/06/23 06:00:16,иван иВанов,+7 9809 42 87,3,амуНиЦиЯ дЛя СоБаК,4,4078.86,721.14,ComPLetEd,"Задержка с доставкой, печалька...",2024/06/22,1871968980964846
2029947862257,2024/06/23 06:00:16,иван иВанов,+7 9809 42 87,5,мОлОКО,4,9804.16,2195.84,cOmPleted,"Задержка с доставкой, печалька...",2024/06/22,1871968980964846
2029947861696,2024/06/25 07:56:00,сЕРГЕй СидОров,8(9963) 61-04,4,пОДПиСКа НА гаЗЕТУ,5,2771.13,228.87,CanCELlEd,Нужно уточнить сроки,2024-06-11,5973282534675797
2029947861696,2024/06/25 07:56:00,сЕРГЕй СидОров,8(9963) 61-04,5,моЛОКо,5,13871.6,1128.4,cAnCElLed,Нужно уточнить сроки,2024-06-11,5973282534675797
2029947861696,2024/06/25 07:56:00,сЕРГЕй СидОров,8(9963) 61-04,1,Корм ДЛЯ собАк,1,475.5,24.5,cANCelLed,Нужно уточнить сроки,2024-06-11,5973282534675797
2029947861696,2024/06/25 07:56:00,сЕРГЕй СидОров,8(9963) 61-04,3,АмуНИЦИя ДЛя СОБаК,2,2167.45,232.55,CANCellED,Нужно уточнить сроки,2024-06-11,5973282534675797
2029947861696,2024/06/25 07:56:00,сЕРГЕй СидОров,8(9963) 61-04,2,ИГРУШкА мЯЧ,2,528.21,71.79,CanCElLED,Нужно уточнить сроки,2024-06-11,5973282534675797
2029947860641,2024-06-08 11:54:59,АлексЕЙ МихайлОв,8(9671) 77-04,2,ИГРушка МяЧ,4,1177.87,22.13,ProCeSsinG,подарок вовремя,2024-06-06,2564873633699324
2029947860641,2024-06-08 11:54:59,АлексЕЙ МихайлОв,8(9671) 77-04,3,амУнИЦИЯ ДлЯ Собак,1,1087.68,112.32,procESsInG,подарок вовремя,2024-06-06,2564873633699324
2029947860641,2024-06-08 11:54:59,АлексЕЙ МихайлОв,8(9671) 77-04,5,молОкО,5,14689.18,310.82,ProCesSIng,подарок вовремя,2024-06-06,2564873633699324
2029947860641,2024-06-08 11:54:59,АлексЕЙ МихайлОв,8(9671) 77-04,4,ПОдпиСКа НА гАЗету,5,2708.16,291.84,prOCeSsiNG,подарок вовремя,2024-06-06,2564873633699324
2029947860641,2024-06-08 11:54:59,АлексЕЙ МихайлОв,8(9671) 77-04,1,коРМ ДЛЯ соБак,4,1752.4,247.6,proceSSing,подарок вовремя,2024-06-06,2564873633699324
2029947859258,2024-06-10 22:16:37,МиХаиЛ оРЛОв,8(9024) 41-92,3,амУНИцИЯ Для СОбАК,1,1187.53,12.47,CaNCElled,Нужно уточнить сроки,14.06.2024,6490026042523132
2029947859258,2024-06-10 22:16:37,МиХаиЛ оРЛОв,8(9024) 41-92,3,АМуНИЦиЯ длЯ соБАк,4,4520.31,279.69,caNCelLED,Нужно уточнить сроки,14.06.2024,6490026042523132
2029947859258,2024-06-10 22:16:37,МиХаиЛ оРЛОв,8(9024) 41-92,1,КОРм длЯ Собак,4,1740.15,259.85,CANCELLED,Нужно уточнить сроки,14.06.2024,6490026042523132
2029947859258,2024-06-10 22:16:37,МиХаиЛ оРЛОв,8(9024) 41-92,5,мОЛОКО,4,11409.05,590.95,caNCELLEd,Нужно уточнить сроки,14.06.2024,6490026042523132
2029947859258,2024-06-10 22:16:37,МиХаиЛ оРЛОв,8(9024) 41-92,3,АмуНициЯ ДЛЯ СобАК,3,3203.42,396.58,cAncElLEd,Нужно уточнить сроки,14.06.2024,6490026042523132
2029947858188,30.06.2024 13:10,СЕРгеЙ сИДОрОВ,8(9989) 85-26,3,аМуниЦИя ДлЯ СОбак,2,2183.18,216.82,caNceLlED,"Задержка с доставкой, печалька...",2024/06/09,6365161390260188
2029947857733,16.06.2024 01:17,МиХАИл орЛОВ,8(9272) 41-98,1,Корм ДлЯ сОбаК,1,451.29,48.71,COmpletEd,Ждём с нетерпением!,2024-06-26,0112165620433181
2029947857733,16.06.2024 01:17,МиХАИл орЛОВ,8(9272) 41-98,5,мОлОКО,1,2660.51,339.49,COmplETED,Ждём с нетерпением!,2024-06-26,0112165620433181
2029947856405,08.06.2024 04:36,АлЕКсЕй михАйЛоВ,+7 9046 13 32,5,мОЛокО,5,14850.5,149.5,CAncELLeD,Нужно уточнить сроки,2024/06/09,0432802332804023
2029947855785,2024/06/15 05:08:08,ольГА кУзНецовА,+7 9928 09 76,5,МоЛОКО,3,7484.9,1515.1,pRocesSINg,"Задержка с доставкой, печалька...",2024-06-22,5097325070740672
2029947855785,2024/06/15 05:08:08,ольГА кУзНецовА,+7 9928 09 76,1,корМ Для СОБаК,4,1966.6,33.4,ProCEsSInG,"Задержка с доставкой, печалька...",2024-06-22,5097325070740672
2029947855785,2024/06/15 05:08:08,ольГА кУзНецовА,+7 9928 09 76,5,МолоКо,3,8044.28,955.72,pRocEssing,"Задержка с доставкой, печалька...",2024-06-22,5097325070740672
2029947855785,2024/06/15 05:08:08,ольГА кУзНецовА,+7 9928 09 76,2,ИГрушКА мЯч,4,1196.03,3.97,PrOCesSINg,"Задержка с доставкой, печалька...",2024-06-22,5097325070740672
2029947855785,2024/06/15 05:08:08,ольГА кУзНецовА,+7 9928 09 76,5,МОЛокО,3,8989.69,10.31,pROcESSiNg,"Задержка с доставкой, печалька...",2024-06-22,5097325070740672
2029947854438,2024/06/28 07:28:00,сЕргеЙ сИдороВ,+7 9568 65 17,1,кОрМ длЯ сОбАк,1,417.92,82.08,CaNCElled,Проверить наличие,2024-06-20,1257270161417944
2029947854438,2024/06/28 07:28:00,сЕргеЙ сИдороВ,+7 9568 65 17,1,КОрм дЛя СобАк,4,1766.73,233.27,CaNCeLleD,Проверить наличие,2024-06-20,1257270161417944
2029947854438,2024/06/28 07:28:00,сЕргеЙ сИдороВ,+7 9568 65 17,2,ИГРуШКА мЯЧ,5,1309.95,190.05,canceLLed,Проверить наличие,2024-06-20,1257270161417944
2029947853390,26.06.2024 19:19,алеКСЕЙ МИХаЙЛОв,+7 9051 49 20,4,ПОДПиСКА На гАЗЕту,4,2149.72,250.28,COMPlEtEd,Нужно уточнить сроки,2024-06-26,3540612890628782
2029947853390,26.06.2024 19:19,алеКСЕЙ МИХаЙЛОв,+7 9051 49 20,5,моЛОКо,3,7617.6,1382.4,coMpLeTed,Нужно уточнить сроки,2024-06-26,3540612890628782
2029947852971,2024/06/07 02:17:16,ДмиТрий КУзнЕЦов,+7(9385)21-68,5,Молоко,3,7985.42,1014.58,ProCeSSING,Нужно уточнить сроки,15.06.2024,2722517392589826
2029947851658,2024-06-11 09:26:50,ИВаН ИВАНоВ,+7 9268 92 34,3,аМУницИЯ длЯ СобаК,4,4507.6,292.4,coMPletEd,спасибо за заказ,2024-06-16,5206349602777081
2029947851658,2024-06-11 09:26:50,ИВаН ИВАНоВ,+7 9268 92 34,3,АМунИцИЯ ДЛЯ СобАк,3,3315.61,284.39,CoMpLETED,спасибо за заказ,2024-06-16,5206349602777081
2029947851658,2024-06-11 09:26:50,ИВаН ИВАНоВ,+7 9268 92 34,5,мОлоКо,3,7423.96,1576.04,cOMPlETed,спасибо за заказ,2024-06-16,5206349602777081
2029947851658,2024-06-11 09:26:50,ИВаН ИВАНоВ,+7 9268 92 34,3,АМуниЦия ДлЯ собАк,1,1108.66,91.34,CoMPLeteD,спасибо за заказ,2024-06-16,5206349602777081
2029947850249,04.06.2024 23:18,оЛЬГа кузНеЦоВа,+7(9200)45-17,4,пОдПИсКа На ГАзеТу,5,2537.33,462.67,cAncellED,Проверить наличие,19.06.2024,1932050591221410
2029947849622,10.06.2024 17:03,ОЛЬГа КУзнЕЦоВА,+7(9938)66-73,3,амУницИЯ для сОБак,3,3012.12,587.88,cOMPleTed,спасибо за заказ,09.06.2024,4802750417733964
2029947848539,26.06.2024 02:21,НАтальЯ вАсиЛЬевА,8(9699) 57-65,2,ИгруШКА МЯч,5,1261.53,238.47,COMPlEted,Ждём с нетерпением!,23.06.2024,9329554629116108
2029947848539,26.06.2024 02:21,НАтальЯ вАсиЛЬевА,8(9699) 57-65,1,кОРМ дЛя сОбак,3,1319.22,180.78,cOMPleted,Ждём с нетерпением!,23.06.2024,9329554629116108
2029947847458,2024/06/09 12:45:40,еЛЕНа новИКОвА,8(9239) 13-64,4,пОдписКА На гАзЕТУ,3,1726.64,73.36,COmPleteD,Ждём с нетерпением!,2024/06/19,9791794253631731
2029947847458,2024/06/09 12:45:40,еЛЕНа новИКОвА,8(9239) 13-64,4,подписКА На газеТу,5,2577.11,422.89,cOMpleTEd,Ждём с нетерпением!,2024/06/19,9791794253631731
2029947847458,2024/06/09 12:45:40,еЛЕНа новИКОвА,8(9239) 13-64,1,Корм дЛя СОБАК,4,1903.12,96.88,ComPletEd,Ждём с нетерпением!,2024/06/19,9791794253631731
2029947847458,2024/06/09 12:45:40,еЛЕНа новИКОвА,8(9239) 13-64,5,МОлоКо,3,8479.22,520.78,CompLetED,Ждём с нетерпением!,2024/06/19,9791794253631731
2029947846924,2024/06/30 08:20:13,аНнА СмирНОВА,+7(9566)94-43,4,ПОдпИсКа нА гАзеТУ,4,2190.64,209.36,CancelLeD,Нужно уточнить сроки,2024/06/18,2525200640324962
2029947845326,18.06.2024 17:04,алЕксеЙ михАйлов,8(9840) 74-56,1,КоРМ ДЛЯ СОбак,5,2059.68,440.32,coMPLeTED,Нужно уточнить сроки,2024/06/25,7567194658613448
2029947845326,18.06.2024 17:04,алЕксеЙ михАйлов,8(9840) 74-56,5,молоко,4,11399.39,600.61,COmPLeTed,Нужно уточнить сроки,2024/06/25,7567194658613448
2029947844186,2024-06-03 19:45:44,аннА сМИРнова,8(9543) 80-79,2,ИГрУШКа мяч,5,1486.2,13.8,canCElled,Всё отлично!,2024/06/09,8132934440667624
2029947844186,2024-06-03 19:45:44,аннА сМИРнова,8(9543) 80-79,1,КорМ длЯ сОБАК,5,2485.08,14.92,CaNCELLed,Всё отлично!,2024/06/09,8132934440667624
2029947844186,2024-06-03 19:45:44,аннА сМИРнова,8(9543) 80-79,4,ПодПиСКА На ГАЗеТУ,3,1482.32,317.68,CanceLLEd,Всё отлично!,2024/06/09,8132934440667624
2029947844186,2024-06-03 19:45:44,аннА сМИРнова,8(9543) 80-79,3,АмУНИЦия длЯ СОБАК,2,2196.83,203.17,cAnCeLLeD,Всё отлично!,2024/06/09,8132934440667624
2029947844186,2024-06-03 19:45:44,аннА сМИРнова,8(9543) 80-79,5,молОКО,5,14912.64,87.36,CanCeLLed,Всё отлично!,2024/06/09,8132934440667624
2029947843221,2024-06-27 18:27:25,МаРИЯ пЕтРова,+7(9608)40-66,5,МОлОКо,1,2507.39,492.61,PROCeSSING,"Задержка с доставкой, печалька...",2024-06-04,3833516467587186
2029947842137,2024-06-17 15:16:07,мАРия пЕтРОвА,+7 9189 08 66,4,ПоДПискА нА газЕТу,5,2945.61,54.39,COMPleted,спасибо за заказ,2024-06-19,2185808993952088
2029947842137,2024-06-17 15:16:07,мАРия пЕтРОвА,+7 9189 08 66,3,АМУнИЦИЯ ДЛя СОБАК,3,3554.36,45.64,COmPLEtED,спасибо за заказ,2024-06-19,2185808993952088
2029947842137,2024-06-17 15:16:07,мАРия пЕтРОвА,+7 9189 08 66,2,игрУШКа МЯч,5,1342.56,157.44,comPLEted,спасибо за заказ,2024-06-19,2185808993952088
2029947841683,2024-06-25 21:53:26,аЛеКсеЙ МиХАйлов,+7 9951 48 42,2,ИгРушКа мяЧ,2,532.19,67.81,cAnCeLLED,Ждём с нетерпением!,02.06.2024,2854807394787966
2029947840373,13.06.2024 09:49,МИхАил ОрлоВ,+7(9967)53-70,5,МолОко,2,5530.47,469.53,COmPletEd,Ждём с нетерпением!,2024-06-14,8868404450431191
2029947840373,13.06.2024 09:49,МИхАил ОрлоВ,+7(9967)53-70,3,АМунИция дЛЯ соБАК,2,2072.26,327.74,ComPLETED,Ждём с нетерпением!,2024-06-14,8868404450431191
2029947840373,13.06.2024 09:49,МИхАил ОрлоВ,+7(9967)53-70,4,ПодпиСКА нА ГАЗЕтУ,3,1721.21,78.79,CoMpLETed,Ждём с нетерпением!,2024-06-14,8868404450431191
2029947839697,09.06.2024 08:07,олЬгА КуЗНецоВА,8(9417) 37-34,2,иГрУШкА МяЧ,5,1416.44,83.56,proceSsiNg,Проверить наличие,2024-06-27,7338990285103507
2029947839697,09.06.2024 08:07,олЬгА КуЗНецоВА,8(9417) 37-34,3,амуНИЦия Для собак,5,5610.42,389.58,pRocESsiNG,Проверить наличие,2024-06-27,7338990285103507
2029947839697,09.06.2024 08:07,олЬгА КуЗНецоВА,8(9417) 37-34,4,поДПИсКА НА ГаЗеТу,1,511.98,88.02,PrOCEssiNg,Проверить наличие,2024-06-27,7338990285103507
2029947839697,09.06.2024 08:07,олЬгА КуЗНецоВА,8(9417) 37-34,4,поДПисКА НА газЕту,2,1154.16,45.84,pRocESSIng,Проверить наличие,2024-06-27,7338990285103507
2029947838831,2024/06/17 08:50:51,михаИЛ орЛОВ,8(9727) 44-15,3,амуНИциЯ ДЛЯ сОбаК,2,2094.85,305.15,PRoCESSiNG,Проверить наличие,2024/06/23,5748254251169664
2029947838831,2024/06/17 08:50:51,михаИЛ орЛОВ,8(9727) 44-15,1,КОРм дЛЯ СобАК,3,1322.31,177.69,pRoCessINg,Проверить наличие,2024/06/23,5748254251169664
2029947838831,2024/06/17 08:50:51,михаИЛ орЛОВ,8(9727) 44-15,3,аМуниЦия для СобАК,5,5673.18,326.82,prOcESSiNG,Проверить наличие,2024/06/23,5748254251169664
2029947838831,2024/06/17 08:50:51,михаИЛ орЛОВ,8(9727) 44-15,1,КоРм ДЛЯ СОБАК,3,1319.65,180.35,ProCEssiNg,Проверить наличие,2024/06/23,5748254251169664
2029947838831,2024/06/17 08:50:51,михаИЛ орЛОВ,8(9727) 44-15,5,МоЛОКо,4,11709.85,290.15,prOcessinG,Проверить наличие,2024/06/23,5748254251169664
2029947837692,2024/06/18 01:12:00,аЛЕкСЕй миХайЛОв,8(9012) 90-00,3,АМуницИЯ длЯ собАК,5,5435.47,564.53,CAncElLed,Ждём с нетерпением!,13.06.2024,8801238745018933
2029947837692,2024/06/18 01:12:00,аЛЕкСЕй миХайЛОв,8(9012) 90-00,2,ИгРУшКА МяЧ,1,299.35,0.65,caNCellED,Ждём с нетерпением!,13.06.2024,8801238745018933
2029947836440,2024/06/18 14:55:17,мАРиЯ пЕтрова,+7(9139)99-37,2,ИГрушкА МЯЧ,4,1140.45,59.55,CaNCeLLEd,подарок вовремя,2024-06-26,4030081354933240
2029947836440,2024/06/18 14:55:17,мАРиЯ пЕтрова,+7(9139)99-37,4,ПодПисКа НА ГаЗЕТУ,1,560.93,39.07,CAnCeLLED,подарок вовремя,2024-06-26,4030081354933240
2029947836440,2024/06/18 14:55:17,мАРиЯ пЕтрова,+7(9139)99-37,1,кОРм ДЛЯ Собак,3,1284.03,215.97,canCeLlED,подарок вовремя,2024-06-26,4030081354933240
2029947836440,2024/06/18 14:55:17,мАРиЯ пЕтрова,+7(9139)99-37,3,АмуНИЦиЯ ДлЯ собАк,2,2173.52,226.48,CaNcEllED,подарок вовремя,2024-06-26,4030081354933240
2029947835713,2024-06-04 05:16:43,аНна сМиРнова,+7 9989 29 16,2,игРУШкА Мяч,1,295.01,4.99,procEssInG,Ждём с нетерпением!,01.06.2024,2321542522706440
2029947835713,2024-06-04 05:16:43,аНна сМиРнова,+7 9989 29 16,5,мОлОкО,5,12337.47,2662.53,procESsiNg,Ждём с нетерпением!,01.06.2024,2321542522706440
2029947834216,2024-06-20 20:59:21,сЕрГЕЙ СИДорОв,+7(9019)80-38,2,ИГРУшКа мяч,5,1376.75,123.25,cOMPleteD,Нужно уточнить сроки,2024/06/17,8606969727063253
2029947834216,2024-06-20 20:59:21,сЕрГЕЙ СИДорОв,+7(9019)80-38,5,молокО,1,2784.74,215.26,comPLeTEd,Нужно уточнить сроки,2024/06/17,8606969727063253
2029947834216,2024-06-20 20:59:21,сЕрГЕЙ СИДорОв,+7(9019)80-38,4,ПОДписКА на газеТу,1,513.07,86.93,cOmPLeTEd,Нужно уточнить сроки,2024/06/17,8606969727063253
2029947833792,25.06.2024 09:57,ЕЛеНа НОвикоВа,+7 9864 38 76,3,АмУНИЦиЯ для сОБАК,3,3089.51,510.49,cancElled,Нужно уточнить сроки,2024-06-21,0677540941016060
2029947833792,25.06.2024 09:57,ЕЛеНа НОвикоВа,+7 9864 38 76,1,кОРм для сОБаК,4,1933.98,66.02,CaNCELled,Нужно уточнить сроки,2024-06-21,0677540941016060
2029947833792,25.06.2024 09:57,ЕЛеНа НОвикоВа,+7 9864 38 76,2,игруШкА мяч,3,790.54,109.46,caNCelleD,Нужно уточнить сроки,2024-06-21,0677540941016060
2029947832974,2024/06/28 19:40:35,сеРгеЙ СиДоров,8(9549) 80-12,4,пОДПИСка На ГазЕтУ,2,962.19,237.81,cOMpLETed,подарок вовремя,2024-06-09,6473586824251266
2029947832974,2024/06/28 19:40:35,сеРгеЙ СиДоров,8(9549) 80-12,5,молоКО,3,8290.18,709.82,cOMpLetEd,подарок вовремя,2024-06-09,6473586824251266
2029947832974,2024/06/28 19:40:35,сеРгеЙ СиДоров,8(9549) 80-12,5,мОлОко,4,11066.52,933.48,COmpLEtED,подарок вовремя,2024-06-09,6473586824251266
2029947832974,2024/06/28 19:40:35,сеРгеЙ СиДоров,8(9549) 80-12,4,ПОдПисКА нА гАзЕту,2,1014.57,185.43,CoMPLETED,подарок вовремя,2024-06-09,6473586824251266
2029947832974,2024/06/28 19:40:35,сеРгеЙ СиДоров,8(9549) 80-12,2,ИГРУшкА мяч,2,489.84,110.16,COmpLEteD,подарок вовремя,2024-06-09,6473586824251266
2029947831556,27.06.2024 11:55,аЛЕксеЙ МихаЙлоВ,+7 9907 88 54,4,поДПИСкА на гАзЕтУ,3,1622.59,177.41,cOMPlEtEd,Нужно уточнить сроки,2024/06/05,4889481303939328
2029947831556,27.06.2024 11:55,аЛЕксеЙ МихаЙлоВ,+7 9907 88 54,4,ПодпИСКА На гаЗетУ,3,1534.46,265.54,coMPLetED,Нужно уточнить сроки,2024/06/05,4889481303939328
2029947831556,27.06.2024 11:55,аЛЕксеЙ МихаЙлоВ,+7 9907 88 54,5,мОЛОко,1,2533.47,466.53,coMPleteD,Нужно уточнить сроки,2024/06/05,4889481303939328
2029947831556,27.06.2024 11:55,аЛЕксеЙ МихаЙлоВ,+7 9907 88 54,2,иГРуШКА мЯч,5,1275.36,224.64,ComPLeTED,Нужно уточнить сроки,2024/06/05,4889481303939328
2029947830715,07.06.2024 13:44,михАиЛ орлов,8(9838) 78-99,1,кОрМ дЛЯ СоБАК,3,1255.47,244.53,cAnCElLeD,Проверить наличие,2024/06/25,5358595755096771
2029947830715,07.06.2024 13:44,михАиЛ орлов,8(9838) 78-99,5,МолОКо,3,7475.44,1524.56,CAnCelLED,Проверить наличие,2024/06/25,5358595755096771
2029947830715,07.06.2024 13:44,михАиЛ орлов,8(9838) 78-99,2,иГРУшКА мЯЧ,1,288.47,11.53,cAnceLLeD,Проверить наличие,2024/06/25,5358595755096771
2029947829316,2024/06/08 04:23:30,АЛеКСЕЙ МИхАйЛОВ,8(9551) 55-29,4,ПОДпИсКа НА ГАЗЕТу,3,1775.25,24.75,ProcesSInG,Всё отлично!,2024/06/16,8029702758645956
2029947828120,2024/06/14 05:59:13,анна смИРнОВА,+7 9296 84 61,5,молОКО,1,2741.19,258.81,coMplEteD,Проверить наличие,11.06.2024,1214644799870449
2029947828120,2024/06/14 05:59:13,анна смИРнОВА,+7 9296 84 61,4,ПодпИСка нА гаЗЕту,3,1701.52,98.48,COMplETed,Проверить наличие,11.06.2024,1214644799870449
2029947827828,2024-06-16 07:00:37,ЕлеНА НовикоВа,+7 9340 13 08,2,ИгРушкА МЯЧ,5,1326.16,173.84,CancElLed,Проверить наличие,2024/06/15,9901402456678283
2029947827828,2024-06-16 07:00:37,ЕлеНА НовикоВа,+7 9340 13 08,4,подПИска на ГаЗеТУ,1,549.61,50.39,CancelLEd,Проверить наличие,2024/06/15,9901402456678283
2029947827828,2024-06-16 07:00:37,ЕлеНА НовикоВа,+7 9340 13 08,5,МолоКо,5,14555.97,444.03,cANCELleD,Проверить наличие,2024/06/15,9901402456678283
2029947826819,11.06.2024 23:08,МИхАил ОРЛОв,8(9475) 74-90,2,иГруШкА МЯч,3,755.35,144.65,comPLEtED,подарок вовремя,12.06.2024,6831817977460788
2029947826819,11.06.2024 23:08,МИхАил ОРЛОв,8(9475) 74-90,3,амуНицИя ДЛя соБак,1,1015.2,184.8,cOMPletED,подарок вовремя,12.06.2024,6831817977460788
2029947826819,11.06.2024 23:08,МИхАил ОРЛОв,8(9475) 74-90,5,мОЛОКо,5,14110.9,889.1,COmPLETed,подарок вовремя,12.06.2024,6831817977460788
2029947826819,11.06.2024 23:08,МИхАил ОРЛОв,8(9475) 74-90,5,МОлОко,4,10123.49,1876.51,COMplEted,подарок вовремя,12.06.2024,6831817977460788
2029947826819,11.06.2024 23:08,МИхАил ОРЛОв,8(9475) 74-90,4,пОдПИСка на ГаЗЕту,1,523.02,76.98,ComplEtEd,подарок вовремя,12.06.2024,6831817977460788
2029947825409,30.06.2024 01:07,аНна сМирНОВа,+7 9501 52 10,5,мОЛОкО,3,8502.06,497.94,PROcessINg,спасибо за заказ,2024-06-01,4433437698364848
2029947824238,2024-06-10 00:58:19,СЕрГей СидорОв,+7 9971 78 03,1,КоРм для СоБАк,1,406.37,93.63,PRocEsSing,"Задержка с доставкой, печалька...",2024-06-07,4995232390038609
2029947824238,2024-06-10 00:58:19,СЕрГей СидорОв,+7 9971 78 03,5,МОлоКо,4,10186.71,1813.29,processing,"Задержка с доставкой, печалька...",2024-06-07,4995232390038609
2029947824238,2024-06-10 00:58:19,СЕрГей СидорОв,+7 9971 78 03,2,игРушкА мЯЧ,2,555.24,44.76,PRoCessIng,"Задержка с доставкой, печалька...",2024-06-07,4995232390038609
2029947824238,2024-06-10 00:58:19,СЕрГей СидорОв,+7 9971 78 03,2,иГРУшка МЯЧ,5,1317.28,182.72,PrOCesSInG,"Задержка с доставкой, печалька...",2024-06-07,4995232390038609
2029947823925,2024/06/26 20:15:38,ЕЛенА НоВИКОВА,+7(9153)63-71,5,мОЛоКО,1,2537.93,462.07,canCeLLed,"Задержка с доставкой, печалька...",2024/06/30,8560307299442469
2029947823925,2024/06/26 20:15:38,ЕЛенА НоВИКОВА,+7(9153)63-71,1,КорМ длЯ собак,1,463.73,36.27,cAnCELlEd,"Задержка с доставкой, печалька...",2024/06/30,8560307299442469
2029947822792,2024-06-23 10:51:02,аЛекСей михаЙлов,+7(9123)19-73,1,КорМ дЛЯ сОБаК,3,1247.55,252.45,pRoCessInG,Всё отлично!,2024/06/30,5903379875417936
2029947821434,2024-06-15 06:50:12,МихаИл орлов,+7 9703 28 45,4,ПОдпИска На ГАЗЕтУ,4,2280.96,119.04,coMPLetED,подарок вовремя,2024-06-26,8143162735333400
2029947821434,2024-06-15 06:50:12,МихаИл орлов,+7 9703 28 45,3,аМУНиЦиЯ длЯ СОбАК,4,4566.82,233.18,compLEteD,подарок вовремя,2024-06-26,8143162735333400
2029947820917,2024-06-09 06:09:59,Михаил орлоВ,8(9011) 87-79,1,коРм дЛЯ СОБак,5,2164.88,335.12,COmPLeTED,Проверить наличие,15.06.2024,8483508100636044
2029947820917,2024-06-09 06:09:59,Михаил орлоВ,8(9011) 87-79,4,пОдПИска на гАЗЕтУ,2,1178.88,21.12,ComPLeTEd,Проверить наличие,15.06.2024,8483508100636044
2029947820917,2024-06-09 06:09:59,Михаил орлоВ,8(9011) 87-79,1,КОРМ ДЛЯ собАк,3,1212.33,287.67,coMPLETED,Проверить наличие,15.06.2024,8483508100636044
2029947819829,2024-06-09 07:22:03,еЛеНа НовиКОВА,+7(9850)28-58,5,молОКо,4,11097.58,902.42,compLETeD,Нужно уточнить сроки,14.06.2024,7267353593802903
2029947818859,30.06.2024 21:58,оЛЬГА кУЗнЕЦОВа,8(9574) 44-99,1,кОРМ ДЛЯ соБАк,4,1995.53,4.47,COMpLEted,Проверить наличие,03.06.2024,5840123451202500
2029947817669,2024/06/06 18:36:09,АНнА сМирНОВА,+7 9310 39 88,2,ИгРУШКА мяч,4,1084.57,115.43,PrOCESsINg,подарок вовремя,2024/06/21,6102339672792271
2029947816301,08.06.2024 05:17,АЛЕксЕЙ михаЙлоВ,+7(9304)26-63,2,игРУШкА мяЧ,5,1477.2,22.8,COMPlEted,Ждём с нетерпением!,03.06.2024,7452885273623579
2029947816301,08.06.2024 05:17,АЛЕксЕЙ михаЙлоВ,+7(9304)26-63,3,аМУницИЯ дЛя сОБак,3,3296.24,303.76,COMPLEtEd,Ждём с нетерпением!,03.06.2024,7452885273623579
2029947815844,2024/06/29 04:09:19,Наталья ВАСильеВА,+7(9173)45-98,3,АМУницИЯ длЯ собАК,5,5575.69,424.31,COMPLETed,подарок вовремя,07.06.2024,0124540486542116
2029947815844,2024/06/29 04:09:19,Наталья ВАСильеВА,+7(9173)45-98,2,ИГрУШКа мЯЧ,4,1174.59,25.41,coMPLeteD,подарок вовремя,07.06.2024,0124540486542116
2029947815844,2024/06/29 04:09:19,Наталья ВАСильеВА,+7(9173)45-98,5,мОлоКо,3,8012.25,987.75,cOmPLeted,подарок вовремя,07.06.2024,0124540486542116
2029947815844,2024/06/29 04:09:19,Наталья ВАСильеВА,+7(9173)45-98,1,коРм ДлЯ сОбАк,3,1328.35,171.65,CoMplEteD,подарок вовремя,07.06.2024,0124540486542116
2029947815844,2024/06/29 04:09:19,Наталья ВАСильеВА,+7(9173)45-98,1,кОрм Для СобаК,2,879.85,120.15,comPlEtED,подарок вовремя,07.06.2024,0124540486542116
2029947814131,14.06.2024 16:05,АННа смИрнова,+7(9098)69-01,1,КОрм длЯ собаК,1,459.28,40.72,COmplETEd,Нужно уточнить сроки,2024/06/22,6639082092578312
2029947814131,14.06.2024 16:05,АННа смИрнова,+7(9098)69-01,1,КОрМ ДЛЯ СобаК,1,494.66,5.34,cOMPlETED,Нужно уточнить сроки,2024/06/22,6639082092578312
2029947813353,2024-06-30 22:02:19,наТальЯ вАСиЛьЕвА,+7(9623)73-63,3,АМУНИциЯ для собАк,4,3915.8,884.2,cOmpLEted,спасибо за заказ,2024/06/18,1507703128934381
2029947813353,2024-06-30 22:02:19,наТальЯ вАСиЛьЕвА,+7(9623)73-63,5,мОЛоКО,5,14299.16,700.84,cOmpLEted,спасибо за заказ,2024/06/18,1507703128934381
2029947813353,2024-06-30 22:02:19,наТальЯ вАСиЛьЕвА,+7(9623)73-63,4,ПОДПискА НА газетУ,1,490.98,109.02,ComplETEd,спасибо за заказ,2024/06/18,1507703128934381
2029947813353,2024-06-30 22:02:19,наТальЯ вАСиЛьЕвА,+7(9623)73-63,2,иГРушкА мяЧ,2,519.03,80.97,cOMPLETEd,спасибо за заказ,2024/06/18,1507703128934381
2029947812531,2024/06/13 13:03:54,ДмИтрий КУзНЕЦоВ,+7(9236)38-22,4,пОДПиСКа НА ГАзеТу,5,2722.66,277.34,cOmpLeTed,Всё отлично!,2024-06-27,5543840761920185
2029947812531,2024/06/13 13:03:54,ДмИтрий КУзНЕЦоВ,+7(9236)38-22,5,МОлОко,2,5758.27,241.73,CoMPletED,Всё отлично!,2024-06-27,5543840761920185
2029947812531,2024/06/13 13:03:54,ДмИтрий КУзНЕЦоВ,+7(9236)38-22,1,кОрм для СобаК,2,992.75,7.25,coMPLEtED,Всё отлично!,2024-06-27,5543840761920185
2029947811349,2024/06/09 14:39:15,натальЯ васИлЬЕвА,+7(9671)31-91,5,МоЛоко,1,2854.62,145.38,CaNceLLED,спасибо за заказ,24.06.2024,9966800885682924
2029947811349,2024/06/09 14:39:15,натальЯ васИлЬЕвА,+7(9671)31-91,4,ПодпИска НА ГаЗету,2,1016.46,183.54,CanceLleD,спасибо за заказ,24.06.2024,9966800885682924
2029947811349,2024/06/09 14:39:15,натальЯ васИлЬЕвА,+7(9671)31-91,4,пОдпИсКа НА ГазеТу,1,526.88,73.12,caNcelLed,спасибо за заказ,24.06.2024,9966800885682924
2029947811349,2024/06/09 14:39:15,натальЯ васИлЬЕвА,+7(9671)31-91,1,кОРм дЛя СобАк,3,1417.89,82.11,CaNCelLEd,спасибо за заказ,24.06.2024,9966800885682924
2029947811349,2024/06/09 14:39:15,натальЯ васИлЬЕвА,+7(9671)31-91,2,ИГрУШкА мяЧ,5,1423.79,76.21,CAnCellEd,спасибо за заказ,24.06.2024,9966800885682924
2029947810982,29.06.2024 22:54,ЕлЕнА ноВИкоВа,8(9272) 70-58,5,мОЛОкО,3,8487.38,512.62,cANceLLED,Ждём с нетерпением!,2024/06/26,9231788118735172
2029947810982,29.06.2024 22:54,ЕлЕнА ноВИкоВа,8(9272) 70-58,1,корм ДлЯ сОбак,4,1681.5,318.5,cANCeLleD,Ждём с нетерпением!,2024/06/26,9231788118735172
2029947810982,29.06.2024 22:54,ЕлЕнА ноВИкоВа,8(9272) 70-58,1,КоРМ дЛя СОбАк,3,1277.69,222.31,CANcelLED,Ждём с нетерпением!,2024/06/26,9231788118735172
2029947809338,25.06.2024 03:19,НАталЬЯ ВАсиЛЬеВА,+7 9048 17 61,1,коРм ДЛЯ соБАК,3,1279.73,220.27,PROCEssing,Всё отлично!,12.06.2024,0195303263778565
2029947808208,2024/06/14 08:08:26,оЛьга кУЗНецОва,+7(9787)50-57,3,амУнИЦия Для СобаК,2,2269.07,130.93,cOMPletEd,Ждём с нетерпением!,2024/06/10,1646419071193392
2029947808208,2024/06/14 08:08:26,оЛьга кУЗНецОва,+7(9787)50-57,2,игрУШКа мяЧ,3,749.92,150.08,cOMPLEtEd,Ждём с нетерпением!,2024/06/10,1646419071193392
2029947807596,21.06.2024 03:06,михАИЛ оРлов,8(9819) 17-62,3,АМуНиЦиЯ ДЛЯ сОбАк,3,3227.86,372.14,PROcessInG,Всё отлично!,2024/06/03,0849324077478186
2029947807596,21.06.2024 03:06,михАИЛ оРлов,8(9819) 17-62,4,ПОДПиСкА нА гаЗЕТУ,1,516.42,83.58,proceSSinG,Всё отлично!,2024/06/03,0849324077478186
2029947807596,21.06.2024 03:06,михАИЛ оРлов,8(9819) 17-62,2,ИГрУшКА МяЧ,1,240.95,59.05,PrOCeSsIng,Всё отлично!,2024/06/03,0849324077478186
2029947806325,2024/06/24 04:51:34,нАтАльЯ ваСИЛЬеВА,+7(9042)63-33,5,мОЛоКО,4,11210.48,789.52,proCeSsinG,спасибо за заказ,2024/06/22,3002167973871132
2029947806325,2024/06/24 04:51:34,нАтАльЯ ваСИЛЬеВА,+7(9042)63-33,3,АмУниЦИя ДЛЯ сОБАк,1,1158.05,41.95,PrOcEsSING,спасибо за заказ,2024/06/22,3002167973871132
2029947806325,2024/06/24 04:51:34,нАтАльЯ ваСИЛЬеВА,+7(9042)63-33,3,аМуНиЦиЯ для соБАк,4,4037.06,762.94,pROCesSINg,спасибо за заказ,2024/06/22,3002167973871132
2029947806325,2024/06/24 04:51:34,нАтАльЯ ваСИЛЬеВА,+7(9042)63-33,3,АМуниЦИЯ дЛЯ сОбАк,1,1120.78,79.22,ProcEsSInG,спасибо за заказ,2024/06/22,3002167973871132
2029947805560,04.06.2024 05:27,СЕргеЙ СидоРОв,+7 9285 54 48,4,ПОдпиСкА нА ГАзЕтУ,5,2423.46,576.54,PRoCesSiNg,спасибо за заказ,2024/06/10,6663915181153112
2029947805560,04.06.2024 05:27,СЕргеЙ СидоРОв,+7 9285 54 48,1,Корм дЛя сОбак,1,469.58,30.42,PROCessiNG,спасибо за заказ,2024/06/10,6663915181153112
2029947805560,04.06.2024 05:27,СЕргеЙ СидоРОв,+7 9285 54 48,4,ПОДпИсКА НА Газету,2,1050.45,149.55,pROCeSsiNg,спасибо за заказ,2024/06/10,6663915181153112
2029947805560,04.06.2024 05:27,СЕргеЙ СидоРОв,+7 9285 54 48,3,АмунИЦия длЯ сОбАк,2,2256.99,143.01,PRoceSsING,спасибо за заказ,2024/06/10,6663915181153112
2029947804135,2024/06/24 17:27:43,АНнА сМИРНОвА,8(9650) 24-03,1,КоРМ длЯ СОБАк,2,930.48,69.52,PrOcESsiNG,"Задержка с доставкой, печалька...",19.06.2024,3677671559455311
2029947804135,2024/06/24 17:27:43,АНнА сМИРНОвА,8(9650) 24-03,4,ПОДпИска нА газетУ,5,2833.65,166.35,pROCessInG,"Задержка с доставкой, печалька...",19.06.2024,3677671559455311
2029947803226,07.06.2024 02:20,дмитРИй кУЗНЕцоВ,+7 9348 28 38,3,АмУНИциЯ дЛЯ сОБак,4,4210.69,589.31,CaNceLled,спасибо за заказ,2024-06-12,7818165373077352
2029947803226,07.06.2024 02:20,дмитРИй кУЗНЕцоВ,+7 9348 28 38,1,КоРМ дЛя Собак,2,946.66,53.34,cANCElLEd,спасибо за заказ,2024-06-12,7818165373077352
2029947803226,07.06.2024 02:20,дмитРИй кУЗНЕцоВ,+7 9348 28 38,5,МОЛокО,5,14119.82,880.18,caNcElLEd,спасибо за заказ,2024-06-12,7818165373077352
2029947802826,24.06.2024 21:38,МаРИЯ ПеТРОВА,+7(9112)08-48,4,ПодПИсКа На ГазеТу,1,480.09,119.91,PrOCESSinG,Всё отлично!,2024/06/22,3152803885319608
2029947802826,24.06.2024 21:38,МаРИЯ ПеТРОВА,+7(9112)08-48,3,аМуницИя дЛя СОБак,5,5895.45,104.55,prOCESSing,Всё отлично!,2024/06/22,3152803885319608
2029947802826,24.06.2024 21:38,МаРИЯ ПеТРОВА,+7(9112)08-48,4,ПодпИскА нА гаЗету,1,502.7,97.3,ProCeSSInG,Всё отлично!,2024/06/22,3152803885319608
2029947801624,2024/06/15 13:41:38,ДМИТрИЙ куЗнЕцОв,+7 9220 75 31,2,Игрушка мЯЧ,2,567.32,32.68,coMpleted,Нужно уточнить сроки,2024-06-30,9051003049602593
2029947800207,2024-06-04 22:40:54,НаТаЛья вАсИлЬеВА,+7(9962)78-05,3,аМуНИЦиЯ дЛЯ СобаК,4,3998.33,801.67,cOMPLETEd,Всё отлично!,2024/06/02,9680804427232444
2029947800207,2024-06-04 22:40:54,НаТаЛья вАсИлЬеВА,+7(9962)78-05,1,коРМ ДЛя сОбак,1,456.8,43.2,COmpleted,Всё отлично!,2024/06/02,9680804427232444
2029947800207,2024-06-04 22:40:54,НаТаЛья вАсИлЬеВА,+7(9962)78-05,3,АмуниЦия дЛЯ сОбаК,4,4265.55,534.45,cOmplETeD,Всё отлично!,2024/06/02,9680804427232444
2029947800207,2024-06-04 22:40:54,НаТаЛья вАсИлЬеВА,+7(9962)78-05,2,иГрУшка МЯЧ,4,1101.3,98.7,CompletED,Всё отлично!,2024/06/02,9680804427232444
2029947800207,2024-06-04 22:40:54,НаТаЛья вАсИлЬеВА,+7(9962)78-05,4,пОдПисКА На газЕТу,2,1012.07,187.93,comPLeTEd,Всё отлично!,2024/06/02,9680804427232444
2029947799855,2024-06-01 16:06:12,ИВАН ивАНОв,8(9876) 23-70,4,ПОдПисКА на гАЗеТу,2,1046.61,153.39,cOMpLEteD,спасибо за заказ,18.06.2024,0611627027933939
2029947799855,2024-06-01 16:06:12,ИВАН ивАНОв,8(9876) 23-70,3,аМУНИциЯ дЛя соБак,3,2946.33,653.67,coMpLETEd,спасибо за заказ,18.06.2024,0611627027933939
2029947799855,2024-06-01 16:06:12,ИВАН ивАНОв,8(9876) 23-70,2,ИГРушка мЯч,3,855.65,44.35,ComPLeted,спасибо за заказ,18.06.2024,0611627027933939
2029947799855,2024-06-01 16:06:12,ИВАН ивАНОв,8(9876) 23-70,1,кОРМ дЛЯ сОБаК,2,878.35,121.65,COmpLeteD,спасибо за заказ,18.06.2024,0611627027933939
2029947799855,2024-06-01 16:06:12,ИВАН ивАНОв,8(9876) 23-70,3,амуНИциЯ Для соБАК,1,1053.62,146.38,CoMpletED,спасибо за заказ,18.06.2024,0611627027933939
2029947798301,2024/06/29 15:47:15,ОЛЬГА кУЗНецОва,8(9666) 94-21,3,аМуНицИя ДлЯ СОБАК,5,5165.46,834.54,cOmPlETeD,"Задержка с доставкой, печалька...",2024/06/08,9098106623469216
2029947797102,21.06.2024 10:49,алекСей миХаЙлОВ,8(9022) 66-50,2,игРуШКа мЯч,2,481.39,118.61,ProCessiNg,спасибо за заказ,14.06.2024,4598256948607581
2029947797102,21.06.2024 10:49,алекСей миХаЙлОВ,8(9022) 66-50,5,моЛокО,2,5544.78,455.22,pRoCeSsING,спасибо за заказ,14.06.2024,4598256948607581
2029947796888,11.06.2024 09:44,аЛЕКСей МИХаЙЛов,+7(9708)12-90,2,ИГрУШКа мяч,5,1387.98,112.02,canCEllEd,Всё отлично!,15.06.2024,8986096785106316
2029947796888,11.06.2024 09:44,аЛЕКСей МИХаЙЛов,+7(9708)12-90,5,МОлоКО,4,11606.8,393.2,cAnCELled,Всё отлично!,15.06.2024,8986096785106316
2029947796888,11.06.2024 09:44,аЛЕКСей МИХаЙЛов,+7(9708)12-90,5,МоЛОКО,4,9873.75,2126.25,CANcEllED,Всё отлично!,15.06.2024,8986096785106316
2029947796888,11.06.2024 09:44,аЛЕКСей МИХаЙЛов,+7(9708)12-90,3,амуНиция дЛя сОбаК,4,4064.49,735.51,canCellEd,Всё отлично!,15.06.2024,8986096785106316
2029947796888,11.06.2024 09:44,аЛЕКСей МИХаЙЛов,+7(9708)12-90,1,КоРм ДЛЯ СоБАК,5,2039.16,460.84,cancellED,Всё отлично!,15.06.2024,8986096785106316
2029947795447,2024/06/21 01:45:09,маРиЯ ПЕтРОва,8(9421) 68-46,1,корм ДЛя СОбаК,4,1983.42,16.58,prOcesSIng,Ждём с нетерпением!,08.06.2024,9996692501056966
2029947795447,2024/06/21 01:45:09,маРиЯ ПЕтРОва,8(9421) 68-46,1,КоРМ ДЛя собак,3,1261.7,238.3,proCEsSiNg,Ждём с нетерпением!,08.06.2024,9996692501056966
2029947795447,2024/06/21 01:45:09,маРиЯ ПЕтРОва,8(9421) 68-46,2,ИгРушка мЯЧ,3,853.85,46.15,ProCeSSinG,Ждём с нетерпением!,08.06.2024,9996692501056966
2029947795447,2024/06/21 01:45:09,маРиЯ ПЕтРОва,8(9421) 68-46,5,мОлОко,2,5966.19,33.81,procESsinG,Ждём с нетерпением!,08.06.2024,9996692501056966
2029947795447,2024/06/21 01:45:09,маРиЯ ПЕтРОва,8(9421) 68-46,3,АМунИция ДЛя соБаК,4,3999.02,800.98,PROCEsSING,Ждём с нетерпением!,08.06.2024,9996692501056966
2029947794130,27.06.2024 21:07,Ольга КузнеЦоВа,+7 9242 01 64,3,аМуниЦия дЛЯ СОБАк,3,2897.72,702.28,CanceLLEd,подарок вовремя,2024/06/14,8132106316589312
2029947794130,27.06.2024 21:07,Ольга КузнеЦоВа,+7 9242 01 64,3,АМУнИциЯ дЛЯ СоБаК,2,1930.7,469.3,cAncELlED,подарок вовремя,2024/06/14,8132106316589312
2029947794130,27.06.2024 21:07,Ольга КузнеЦоВа,+7 9242 01 64,3,АМУницИЯ Для СОбак,4,3876.88,923.12,CAnCELlED,подарок вовремя,2024/06/14,8132106316589312
2029947794130,27.06.2024 21:07,Ольга КузнеЦоВа,+7 9242 01 64,1,кОрМ дЛЯ собАК,4,1891.51,108.49,CaNCeLLed,подарок вовремя,2024/06/14,8132106316589312
2029947794130,27.06.2024 21:07,Ольга КузнеЦоВа,+7 9242 01 64,2,ИгРушКА мяч,4,1149.98,50.02,canCELleD,подарок вовремя,2024/06/14,8132106316589312
2029947793418,19.06.2024 00:39,ОЛЬгА КуЗнЕЦоВа,8(9424) 80-57,1,КОрМ ДЛя соБАК,1,453.86,46.14,ProceSsINg,спасибо за заказ,2024/06/01,5689648613375276
2029947793418,19.06.2024 00:39,ОЛЬгА КуЗнЕЦоВа,8(9424) 80-57,5,МолОКО,4,9855.79,2144.21,prOCEssinG,спасибо за заказ,2024/06/01,5689648613375276
2029947793418,19.06.2024 00:39,ОЛЬгА КуЗнЕЦоВа,8(9424) 80-57,3,аМунИциЯ для соБАк,2,2227.68,172.32,PrOcESsiNG,спасибо за заказ,2024/06/01,5689648613375276
2029947793418,19.06.2024 00:39,ОЛЬгА КуЗнЕЦоВа,8(9424) 80-57,4,ПодпИсКА НА гАЗету,5,2512.77,487.23,prOCesSinG,спасибо за заказ,2024/06/01,5689648613375276
2029947793418,19.06.2024 00:39,ОЛЬгА КуЗнЕЦоВа,8(9424) 80-57,1,кОРМ Для соБаК,2,978.15,21.85,PRoCEsSing,спасибо за заказ,2024/06/01,5689648613375276
2029947792153,11.06.2024 15:45,ольГа КузнеЦОвА,+7 9975 35 11,5,МоЛоко,5,14921.5,78.5,ComPlEted,Нужно уточнить сроки,14.06.2024,5545022217994376
2029947792153,11.06.2024 15:45,ольГа КузнеЦОвА,+7 9975 35 11,1,кОРм ДлЯ Собак,1,442.16,57.84,COmpleTEd,Нужно уточнить сроки,14.06.2024,5545022217994376
2029947792153,11.06.2024 15:45,ольГа КузнеЦОвА,+7 9975 35 11,1,КоРМ ДЛя сОБак,3,1244.17,255.83,CoMPlETed,Нужно уточнить сроки,14.06.2024,5545022217994376
2029947792153,11.06.2024 15:45,ольГа КузнеЦОвА,+7 9975 35 11,2,ИГрушкА мЯч,5,1425.78,74.22,COmpleteD,Нужно уточнить сроки,14.06.2024,5545022217994376
2029947792153,11.06.2024 15:45,ольГа КузнеЦОвА,+7 9975 35 11,2,ИГрУшка мяЧ,2,594.57,5.43,CompLetEd,Нужно уточнить сроки,14.06.2024,5545022217994376
2029947791438,03.06.2024 06:57,ОЛьга КУзнеЦова,+7 9933 98 34,1,КоРМ дЛЯ СОБак,1,415.59,84.41,COmPLeted,спасибо за заказ,2024-06-30,4892907971308195
2029947791438,03.06.2024 06:57,ОЛьга КУзнеЦова,+7 9933 98 34,2,иГРуШка МЯЧ,4,1042.01,157.99,COmPLEteD,спасибо за заказ,2024-06-30,4892907971308195
2029947791438,03.06.2024 06:57,ОЛьга КУзнеЦова,+7 9933 98 34,2,ИГРушКА мяч,2,544.5,55.5,CoMpLeTEd,спасибо за заказ,2024-06-30,4892907971308195
2029947790559,2024/06/05 17:18:03,дМитрИй КузнеЦоВ,8(9108) 91-44,1,КОрм дЛя соБаК,1,499.91,0.09,CancElLed,Нужно уточнить сроки,2024/06/19,9910933934605349
2029947790559,2024/06/05 17:18:03,дМитрИй КузнеЦоВ,8(9108) 91-44,1,КОрМ ДЛЯ собАК,2,895.97,104.03,cAnceLLEd,Нужно уточнить сроки,2024/06/19,9910933934605349
2029947790559,2024/06/05 17:18:03,дМитрИй КузнеЦоВ,8(9108) 91-44,3,амУНиЦиЯ ДлЯ соБАК,5,5411.18,588.82,CANCellEd,Нужно уточнить сроки,2024/06/19,9910933934605349
2029947790559,2024/06/05 17:18:03,дМитрИй КузнеЦоВ,8(9108) 91-44,4,ПодпИска нА гАЗЕту,3,1530.0,270.0,CaNCEllED,Нужно уточнить сроки,2024/06/19,9910933934605349
2029947790559,2024/06/05 17:18:03,дМитрИй КузнеЦоВ,8(9108) 91-44,2,ИгрУШкА мЯЧ,2,508.42,91.58,CaNCellEd,Нужно уточнить сроки,2024/06/19,9910933934605349
2029947789705,29.06.2024 10:45,мАрИя ПеТровА,8(9725) 18-45,2,иГРушка Мяч,5,1286.41,213.59,cAnCeLLED,Ждём с нетерпением!,2024/06/01,8214118723298765
2029947789705,29.06.2024 10:45,мАрИя ПеТровА,8(9725) 18-45,1,КОРМ Для СоБАК,3,1432.86,67.14,cANceLLED,Ждём с нетерпением!,2024/06/01,8214118723298765
2029947788709,2024/06/14 12:29:59,ДМИтрИЙ кУЗнеЦОВ,+7 9507 49 93,3,АМУНИция ДЛЯ соБАк,2,2111.97,288.03,CaNCeLleD,спасибо за заказ,14.06.2024,9481799520691603
2029947788709,2024/06/14 12:29:59,ДМИтрИЙ кУЗнеЦОВ,+7 9507 49 93,2,иГРУшка мяЧ,4,1024.18,175.82,cANcelled,спасибо за заказ,14.06.2024,9481799520691603
2029947788709,2024/06/14 12:29:59,ДМИтрИЙ кУЗнеЦОВ,+7 9507 49 93,2,ИгрУШка МЯЧ,4,1101.72,98.28,canceLLed,спасибо за заказ,14.06.2024,9481799520691603
2029947787730,28.06.2024 10:48,МиХаИЛ орЛОв,8(9921) 38-72,1,кОРм длЯ сОБАК,1,438.25,61.75,COMplEted,Проверить наличие,2024-06-15,3765470459268348
2029947787730,28.06.2024 10:48,МиХаИЛ орЛОв,8(9921) 38-72,2,иГРушКА МяЧ,3,737.03,162.97,cOMpLeTed,Проверить наличие,2024-06-15,3765470459268348
2029947786508,18.06.2024 01:19,аННА сМИРновА,+7 9424 69 92,4,подпиСКА на газетУ,1,591.42,8.58,cAnceLLeD,спасибо за заказ,07.06.2024,5904782507259895
2029947786508,18.06.2024 01:19,аННА сМИРновА,+7 9424 69 92,1,кОрм Для сОбаК,5,2072.57,427.43,caNceLlEd,спасибо за заказ,07.06.2024,5904782507259895
2029947785688,2024/06/11 18:05:39,маРиЯ петроВА,8(9732) 33-45,4,пОдПиСКА нА гАЗЕТУ,4,1970.3,429.7,cANCEllEd,подарок вовремя,20.06.2024,1194857687416570
2029947785688,2024/06/11 18:05:39,маРиЯ петроВА,8(9732) 33-45,4,ПоДписКа на гАзеТУ,2,995.21,204.79,caNCeLleD,подарок вовремя,20.06.2024,1194857687416570
2029947785688,2024/06/11 18:05:39,маРиЯ петроВА,8(9732) 33-45,4,подпИсКа НА ГазЕту,4,2043.57,356.43,cANCelLeD,подарок вовремя,20.06.2024,1194857687416570
2029947784840,2024-06-22 19:33:51,НатАлЬЯ ВАСильЕВа,+7 9772 30 40,1,КоРм ДЛЯ соБАК,1,436.24,63.76,canceLLed,спасибо за заказ,2024/06/16,9051492113611208
2029947784840,2024-06-22 19:33:51,НатАлЬЯ ВАСильЕВа,+7 9772 30 40,5,МолОкО,5,14515.48,484.52,CancElLeD,спасибо за заказ,2024/06/16,9051492113611208
2029947784840,2024-06-22 19:33:51,НатАлЬЯ ВАСильЕВа,+7 9772 30 40,2,игРУШка мяч,4,1054.52,145.48,canceLLED,спасибо за заказ,2024/06/16,9051492113611208
2029947784840,2024-06-22 19:33:51,НатАлЬЯ ВАСильЕВа,+7 9772 30 40,3,АмуниЦиЯ ДЛя Собак,2,2068.17,331.83,CaNcELLED,спасибо за заказ,2024/06/16,9051492113611208
2029947783701,2024-06-24 14:33:42,МиХАИл оРЛОв,+7(9518)40-41,3,АмуНиция ДЛя сОбаК,2,2177.4,222.6,CAncelLEd,Проверить наличие,2024/06/23,7652938756983793
2029947782526,2024-06-27 17:08:30,АННА сМИРноВА,+7(9265)92-84,4,пОДписка нА газЕтУ,1,484.36,115.64,CANceLLeD,подарок вовремя,2024-06-13,5921111935030745
2029947782526,2024-06-27 17:08:30,АННА сМИРноВА,+7(9265)92-84,1,КОРМ ДЛя соБАК,3,1227.52,272.48,CaNcelled,подарок вовремя,2024-06-13,5921111935030745
2029947782526,2024-06-27 17:08:30,АННА сМИРноВА,+7(9265)92-84,5,моЛоКо,4,9826.26,2173.74,CANcElLed,подарок вовремя,2024-06-13,5921111935030745
2029947782526,2024-06-27 17:08:30,АННА сМИРноВА,+7(9265)92-84,2,иГРУшКА Мяч,5,1201.92,298.08,caNcElLED,подарок вовремя,2024-06-13,5921111935030745
2029947781894,09.06.2024 15:29,олЬга КУзнецоВа,8(9302) 97-58,5,молоКо,5,12193.45,2806.55,COMPLEtED,спасибо за заказ,2024-06-14,4464019277824044
2029947781894,09.06.2024 15:29,олЬга КУзнецоВа,8(9302) 97-58,3,аМУниЦИя дЛЯ СОБаК,5,5010.32,989.68,compLeTEd,спасибо за заказ,2024-06-14,4464019277824044
2029947781894,09.06.2024 15:29,олЬга КУзнецоВа,8(9302) 97-58,3,амУниЦиЯ для СОБАК,5,5750.64,249.36,cOMPLEtEd,спасибо за заказ,2024-06-14,4464019277824044
2029947781894,09.06.2024 15:29,олЬга КУзнецоВа,8(9302) 97-58,3,амУНицИЯ ДлЯ Собак,3,3438.76,161.24,CoMpLeteD,спасибо за заказ,2024-06-14,4464019277824044
2029947781894,09.06.2024 15:29,олЬга КУзнецоВа,8(9302) 97-58,2,игруШКа МЯЧ,5,1237.8,262.2,CompleTED,спасибо за заказ,2024-06-14,4464019277824044
2029947780893,2024/06/19 14:37:19,Сергей сиДОров,8(9325) 82-05,1,кОРм для сОБАК,2,888.23,111.77,CancelLED,"Задержка с доставкой, печалька...",2024/06/16,3066878346229412
2029947780893,2024/06/19 14:37:19,Сергей сиДОров,8(9325) 82-05,4,подпИСка На гАзету,4,2352.54,47.46,cANCELLed,"Задержка с доставкой, печалька...",2024/06/16,3066878346229412
2029947780893,2024/06/19 14:37:19,Сергей сиДОров,8(9325) 82-05,2,игРУшКа Мяч,1,246.89,53.11,CANCElleD,"Задержка с доставкой, печалька...",2024/06/16,3066878346229412
2029947780893,2024/06/19 14:37:19,Сергей сиДОров,8(9325) 82-05,4,Подписка На гаЗетУ,2,1166.85,33.15,CANCeLlEd,"Задержка с доставкой, печалька...",2024/06/16,3066878346229412
2029947779451,2024-06-01 04:42:06,марИя петРова,+7(9961)72-26,5,молоКо,2,4826.07,1173.93,coMpLEtED,спасибо за заказ,2024-06-30,9833368656612206
2029947779451,2024-06-01 04:42:06,марИя петРова,+7(9961)72-26,1,КоРм Для СоБак,2,882.98,117.02,COmpLETEd,спасибо за заказ,2024-06-30,9833368656612206
2029947778337,2024-06-23 02:59:33,аНна сМиРНОВа,8(9086) 47-92,4,ПОДписка нА гаЗЕТУ,2,1051.92,148.08,COmPLeTed,"Задержка с доставкой, печалька...",2024/06/01,6974796435153986
2029947778337,2024-06-23 02:59:33,аНна сМиРНОВа,8(9086) 47-92,5,МОлокО,2,5675.32,324.68,ComPleteD,"Задержка с доставкой, печалька...",2024/06/01,6974796435153986
2029947777833,2024/06/03 01:56:11,ОЛЬГА кУзнецОвА,+7(9910)42-23,4,пОДписКа На ГазЕту,5,2499.47,500.53,ComPlETeD,Ждём с нетерпением!,07.06.2024,0399542709896161
2029947776513,2024-06-02 06:52:03,анна СмирноВА,8(9339) 86-39,3,АМУниЦИЯ дЛя сОБАк,2,2206.32,193.68,prOcesSInG,Проверить наличие,2024-06-01,0815839877514503
2029945983394,22.06.2024 18:58,иван ИВАноВ,8(9141) 70-71,5,МОлОКО,2,5867.1,132.9,ProCESsiNG,Всё отлично!,2024-06-27,9601679786139623
2029945982672,01.06.2024 22:38,иваН ИваНов,8(9666) 89-76,5,МолОко,1,2744.88,255.12,cAnCEllED,Ждём с нетерпением!,09.06.2024,2732043520977894
2029945982672,01.06.2024 22:38,иваН ИваНов,8(9666) 89-76,2,ИГРУшкА МяЧ,2,594.56,5.44,caNceLleD,Ждём с нетерпением!,09.06.2024,2732043520977894
2029945982672,01.06.2024 22:38,иваН ИваНов,8(9666) 89-76,3,АМунИциЯ ДЛЯ СОбаК,5,5881.6,118.4,cAnCeLLed,Ждём с нетерпением!,09.06.2024,2732043520977894
2029945982672,01.06.2024 22:38,иваН ИваНов,8(9666) 89-76,5,моЛоко,5,13303.58,1696.42,cANCeLlED,Ждём с нетерпением!,09.06.2024,2732043520977894
2029945981365,2024/06/24 07:38:03,алЕКсей МИХаЙЛОВ,+7 9909 44 95,2,ИГрушкА МЯЧ,5,1476.7,23.3,PrOCEssINg,Всё отлично!,2024-06-16,6728707175176443
2029945980397,2024/06/15 23:31:02,мАриЯ ПЕтРОВа,+7 9684 55 37,3,АМуниЦИЯ ДЛЯ сОбак,5,5548.72,451.28,PrOcEssING,подарок вовремя,01.06.2024,2091991601299845
2029945980397,2024/06/15 23:31:02,мАриЯ ПЕтРОВа,+7 9684 55 37,4,ПоДпиСКА НА ГАЗЕТУ,4,1922.29,477.71,proCeSsIng,подарок вовремя,01.06.2024,2091991601299845
2029945979528,2024-06-09 23:23:32,анна сМиРнОва,+7 9865 50 55,1,кОрм дЛЯ СобаК,2,992.7,7.3,ComPlETEd,Нужно уточнить сроки,08.06.2024,6370390346619084
2029945979528,2024-06-09 23:23:32,анна сМиРнОва,+7 9865 50 55,3,АМуНиЦиЯ ДЛя собАк,3,3219.93,380.07,complETEd,Нужно уточнить сроки,08.06.2024,6370390346619084
2029945979528,2024-06-09 23:23:32,анна сМиРнОва,+7 9865 50 55,2,иГруШкА МЯЧ,2,560.27,39.73,cOmPleTeD,Нужно уточнить сроки,08.06.2024,6370390346619084
2029945979528,2024-06-09 23:23:32,анна сМиРнОва,+7 9865 50 55,1,кОРм длЯ СОБАК,1,417.19,82.81,COmPlEtEd,Нужно уточнить сроки,08.06.2024,6370390346619084
2029945979528,2024-06-09 23:23:32,анна сМиРнОва,+7 9865 50 55,4,пОДпиСКа На гАзЕТУ,3,1713.75,86.25,COMpLeTEd,Нужно уточнить сроки,08.06.2024,6370390346619084
2029945978576,23.06.2024 10:05,ОлЬГа куЗНЕцОВа,+7(9229)25-85,1,КОрм для СоБАк,5,2139.81,360.19,CAnCeLLeD,"Задержка с доставкой, печалька...",2024/06/13,3005670748930305
2029945977665,2024-06-21 20:15:47,оЛьГа кУзНецоВА,8(9833) 64-93,4,поДпИСкА На гАзЕту,5,2558.56,441.44,CANCelLed,подарок вовремя,2024/06/08,5031516090407883
2029945977665,2024-06-21 20:15:47,оЛьГа кУзНецоВА,8(9833) 64-93,2,ИГРУшка мяЧ,5,1456.28,43.72,CANcELlED,подарок вовремя,2024/06/08,5031516090407883
2029945977665,2024-06-21 20:15:47,оЛьГа кУзНецоВА,8(9833) 64-93,4,пОДписка нА гАзетУ,4,2200.11,199.89,cAncELLED,подарок вовремя,2024/06/08,5031516090407883
2029945977665,2024-06-21 20:15:47,оЛьГа кУзНецоВА,8(9833) 64-93,1,коРМ ДЛя СОБАК,5,2360.06,139.94,CAnCelled,подарок вовремя,2024/06/08,5031516090407883
2029945976329,2024/06/14 11:24:17,олЬгА КуЗНецова,+7 9904 23 77,2,ИГРУшКа мяч,2,496.93,103.07,CANcELlED,"Задержка с доставкой, печалька...",04.06.2024,9094637122361198
2029945976329,2024/06/14 11:24:17,олЬгА КуЗНецова,+7 9904 23 77,1,КОрм длЯ соБаК,4,1762.29,237.71,CanCellEd,"Задержка с доставкой, печалька...",04.06.2024,9094637122361198
2029945975850,2024-06-12 12:36:47,СЕрГЕй СИдОров,+7 9965 84 47,3,аМУНициЯ для СобаК,4,4189.67,610.33,coMpletEd,"Задержка с доставкой, печалька...",2024-06-08,9148419710527575
2029945975850,2024-06-12 12:36:47,СЕрГЕй СИдОров,+7 9965 84 47,5,мОлоко,1,2853.03,146.97,cOMpLeteD,"Задержка с доставкой, печалька...",2024-06-08,9148419710527575
2029945975850,2024-06-12 12:36:47,СЕрГЕй СИдОров,+7 9965 84 47,5,МОлОкО,3,8773.99,226.01,comPLeted,"Задержка с доставкой, печалька...",2024-06-08,9148419710527575
2029945975850,2024-06-12 12:36:47,СЕрГЕй СИдОров,+7 9965 84 47,5,молокО,2,5187.06,812.94,ComPLeTEd,"Задержка с доставкой, печалька...",2024-06-08,9148419710527575
2029945974667,22.06.2024 14:22,АЛЕКСЕй МиХАЙлОВ,+7(9325)27-19,4,пОДпИсКА на газЕтУ,5,2577.75,422.25,ProCessINg,Проверить наличие,2024/06/16,5015274613535067
2029945974667,22.06.2024 14:22,АЛЕКСЕй МиХАЙлОВ,+7(9325)27-19,2,игрУШКА мяЧ,2,582.04,17.96,prOCesSing,Проверить наличие,2024/06/16,5015274613535067
2029945974667,22.06.2024 14:22,АЛЕКСЕй МиХАЙлОВ,+7(9325)27-19,3,аМУНиЦиЯ ДлЯ сОбАк,1,1108.96,91.04,pRoCESsInG,Проверить наличие,2024/06/16,5015274613535067
2029945974667,22.06.2024 14:22,АЛЕКСЕй МиХАЙлОВ,+7(9325)27-19,2,иГрУШка мЯч,1,288.49,11.51,ProcesSiNg,Проверить наличие,2024/06/16,5015274613535067
2029945973322,2024/06/01 17:44:24,АннА сМирновА,+7 9575 77 08,3,АмуНиция длЯ соБАк,5,5571.53,428.47,PROCesSINg,Проверить наличие,30.06.2024,4494990345152572
2029945973322,2024/06/01 17:44:24,АннА сМирновА,+7 9575 77 08,5,мОлоКо,1,2685.03,314.97,PROceSSinG,Проверить наличие,30.06.2024,4494990345152572
2029945973322,2024/06/01 17:44:24,АннА сМирновА,+7 9575 77 08,1,коРМ дЛЯ СоБаК,1,418.84,81.16,ProCesSinG,Проверить наличие,30.06.2024,4494990345152572
2029945973322,2024/06/01 17:44:24,АннА сМирновА,+7 9575 77 08,3,амуНиЦИЯ дЛЯ собаК,5,5707.29,292.71,pROcEsSinG,Проверить наличие,30.06.2024,4494990345152572
2029945972481,08.06.2024 16:04,ДМитРИЙ КУЗНеЦОв,+7(9797)40-36,4,ПоДпИСка НА гАЗеТу,5,2820.45,179.55,COMPLEtED,"Задержка с доставкой, печалька...",2024-06-08,6921299762629808
2029945972481,08.06.2024 16:04,ДМитРИЙ КУЗНеЦОв,+7(9797)40-36,5,мОЛоКо,2,5115.05,884.95,comPLETeD,"Задержка с доставкой, печалька...",2024-06-08,6921299762629808
2029945971144,2024/06/24 17:14:32,ИваН иВанОв,+7 9280 96 70,3,АМУнИция ДЛя соБАк,5,5037.23,962.77,pRoCessInG,Нужно уточнить сроки,2024/06/04,0123093385416405
2029945971144,2024/06/24 17:14:32,ИваН иВанОв,+7 9280 96 70,5,мОЛОКо,5,13308.53,1691.47,PrOCeSsiNG,Нужно уточнить сроки,2024/06/04,0123093385416405
2029945971144,2024/06/24 17:14:32,ИваН иВанОв,+7 9280 96 70,3,АмУНицИя для соБАК,4,4047.53,752.47,PrOcEssiNg,Нужно уточнить сроки,2024/06/04,0123093385416405
2029945971144,2024/06/24 17:14:32,ИваН иВанОв,+7 9280 96 70,1,кОРм дЛя собАК,4,1845.22,154.78,PROCesSING,Нужно уточнить сроки,2024/06/04,0123093385416405
2029945970655,2024/06/18 07:44:38,нАТАЛьЯ вАСилЬева,+7(9514)71-93,2,ИГРУшкА мяЧ,5,1368.47,131.53,PrOCEsSinG,Проверить наличие,20.06.2024,2386248573176592
2029945969316,11.06.2024 06:05,сергей сИДоРов,+7 9299 53 33,5,молОКо,1,2596.61,403.39,COMpleted,"Задержка с доставкой, печалька...",12.06.2024,4995295100675204
2029945968275,02.06.2024 23:50,АлеКсЕй мИХаЙЛов,8(9701) 63-21,3,АМУниЦИя ДлЯ соБАк,4,4347.39,452.61,ProCesSiNG,Проверить наличие,02.06.2024,0597372513992661
2029945968275,02.06.2024 23:50,АлеКсЕй мИХаЙЛов,8(9701) 63-21,1,коРМ ДЛя СОбАк,1,439.07,60.93,ProcEssinG,Проверить наличие,02.06.2024,0597372513992661
2029945968275,02.06.2024 23:50,АлеКсЕй мИХаЙЛов,8(9701) 63-21,1,корм дЛя СОбАК,1,410.37,89.63,proCEsSiNg,Проверить наличие,02.06.2024,0597372513992661
2029945968275,02.06.2024 23:50,АлеКсЕй мИХаЙЛов,8(9701) 63-21,1,кОрМ Для СобАк,5,2128.38,371.62,procEsSIng,Проверить наличие,02.06.2024,0597372513992661
2029945967575,25.06.2024 14:09,аЛЕксЕЙ миХайЛОв,8(9200) 04-39,5,МолоКО,2,5394.84,605.16,pRoCESsiNg,"Задержка с доставкой, печалька...",2024/06/19,4528626979734167
2029945966331,2024/06/29 15:50:13,МИхАиЛ ОРЛОВ,+7 9570 34 57,5,молокО,3,8005.81,994.19,CompLETEd,спасибо за заказ,19.06.2024,9704153604659244
2029945965695,2024-06-08 02:07:21,ЕлЕна НОвикОВА,+7(9245)39-47,2,ИГрУШка Мяч,2,497.95,102.05,PrOCESSIng,Ждём с нетерпением!,2024-06-10,6700446672266064
2029945965695,2024-06-08 02:07:21,ЕлЕна НОвикОВА,+7(9245)39-47,5,мОЛОКо,2,5079.19,920.81,prOCESsiNg,Ждём с нетерпением!,2024-06-10,6700446672266064
2029945965695,2024-06-08 02:07:21,ЕлЕна НОвикОВА,+7(9245)39-47,3,амуницИЯ дЛЯ СобаК,3,3388.37,211.63,PRoCesSInG,Ждём с нетерпением!,2024-06-10,6700446672266064
2029945965695,2024-06-08 02:07:21,ЕлЕна НОвикОВА,+7(9245)39-47,2,игрушкА мяЧ,2,591.6,8.4,PrOCEsSInG,Ждём с нетерпением!,2024-06-10,6700446672266064
2029945965695,2024-06-08 02:07:21,ЕлЕна НОвикОВА,+7(9245)39-47,1,КоРм Для СоБАк,2,962.15,37.85,ProCESsINg,Ждём с нетерпением!,2024-06-10,6700446672266064
2029945964457,2024/06/03 08:30:28,мария ПЕтроВа,+7(9330)86-90,2,ИгРуШКА мЯч,1,245.93,54.07,COMPleted,подарок вовремя,2024/06/08,1991093312525432
2029945964457,2024/06/03 08:30:28,мария ПЕтроВа,+7(9330)86-90,1,КоРМ ДЛЯ собАк,5,2352.05,147.95,COMPLETED,подарок вовремя,2024/06/08,1991093312525432
2029945964457,2024/06/03 08:30:28,мария ПЕтроВа,+7(9330)86-90,1,КОРм дЛЯ соБак,2,832.43,167.57,cOMpLEteD,подарок вовремя,2024/06/08,1991093312525432
2029945964457,2024/06/03 08:30:28,мария ПЕтроВа,+7(9330)86-90,5,МОлоко,4,9636.1,2363.9,coMPLETED,подарок вовремя,2024/06/08,1991093312525432
2029945963378,29.06.2024 07:32,олЬГА КУзнецоВа,8(9609) 09-38,4,пОДПИСКА НА газеТУ,4,2086.38,313.62,comPlETED,Ждём с нетерпением!,27.06.2024,1522375131720077
2029945963378,29.06.2024 07:32,олЬГА КУзнецоВа,8(9609) 09-38,3,амУНициЯ ДлЯ соБак,5,5446.08,553.92,coMPlETEd,Ждём с нетерпением!,27.06.2024,1522375131720077
2029945962277,08.06.2024 00:38,СЕРгей сИДОРоВ,8(9689) 89-85,3,АМуницИя дЛЯ собаК,2,2271.76,128.24,CaNCELlEd,подарок вовремя,22.06.2024,5511360628241692
2029945962277,08.06.2024 00:38,СЕРгей сИДОРоВ,8(9689) 89-85,2,ИгРуШКА мяч,2,537.32,62.68,CaNCelLEd,подарок вовремя,22.06.2024,5511360628241692
2029945962277,08.06.2024 00:38,СЕРгей сИДОРоВ,8(9689) 89-85,2,игрУшка мяч,5,1467.28,32.72,CANCeLled,подарок вовремя,22.06.2024,5511360628241692
2029945962277,08.06.2024 00:38,СЕРгей сИДОРоВ,8(9689) 89-85,4,ПОДПИска на ГАзеТу,5,2633.25,366.75,CanceLLED,подарок вовремя,22.06.2024,5511360628241692
2029945962277,08.06.2024 00:38,СЕРгей сИДОРоВ,8(9689) 89-85,1,коРМ ДЛЯ собаК,2,924.05,75.95,cancElLed,подарок вовремя,22.06.2024,5511360628241692
2029945961595,2024-06-11 09:22:21,маРИЯ петроВА,+7(9485)31-71,4,ПОдписКА На ГАЗету,2,1106.19,93.81,prOCEssiNg,подарок вовремя,15.06.2024,0550026132005720
2029945961595,2024-06-11 09:22:21,маРИЯ петроВА,+7(9485)31-71,2,ИгРУшка мЯч,5,1253.52,246.48,pROCEsSing,подарок вовремя,15.06.2024,0550026132005720
2029945961595,2024-06-11 09:22:21,маРИЯ петроВА,+7(9485)31-71,3,АмУнИЦия ДлЯ собак,5,5964.88,35.12,PrOcesSING,подарок вовремя,15.06.2024,0550026132005720
2029945961595,2024-06-11 09:22:21,маРИЯ петроВА,+7(9485)31-71,2,ИГрушкА мЯч,1,284.29,15.71,pROceSsiNG,подарок вовремя,15.06.2024,0550026132005720
2029945961595,2024-06-11 09:22:21,маРИЯ петроВА,+7(9485)31-71,2,ИГрУшкА мяч,1,266.89,33.11,PrOCessInG,подарок вовремя,15.06.2024,0550026132005720
2029945960214,2024/06/07 14:38:39,сеРГей СИДОрОв,+7 9885 19 27,3,аМУНИЦия дЛя сОБак,2,2147.13,252.87,pROcessIng,Ждём с нетерпением!,2024/06/01,3127766845773719
2029945960214,2024/06/07 14:38:39,сеРГей СИДОрОв,+7 9885 19 27,1,кОрМ ДлЯ СОБаК,1,448.83,51.17,ProCEsSiNg,Ждём с нетерпением!,2024/06/01,3127766845773719
2029945960214,2024/06/07 14:38:39,сеРГей СИДОрОв,+7 9885 19 27,1,КОрм дЛя СоБаК,5,2103.39,396.61,PRocEsSING,Ждём с нетерпением!,2024/06/01,3127766845773719
2029945960214,2024/06/07 14:38:39,сеРГей СИДОрОв,+7 9885 19 27,3,аМУнИцИЯ ДЛя сОБак,5,5830.96,169.04,pROCEsSinG,Ждём с нетерпением!,2024/06/01,3127766845773719
2029945959223,06.06.2024 03:58,ДМитРий куЗнЕЦоВ,8(9224) 87-68,3,амунИЦиЯ ДЛя собАк,3,3544.65,55.35,coMpletED,Проверить наличие,2024/06/29,3617225365113267
2029945959223,06.06.2024 03:58,ДМитРий куЗнЕЦоВ,8(9224) 87-68,4,пОдпискА На ГАЗетУ,3,1722.09,77.91,coMPleTeD,Проверить наличие,2024/06/29,3617225365113267
2029945959223,06.06.2024 03:58,ДМитРий куЗнЕЦоВ,8(9224) 87-68,1,Корм дЛя Собак,4,1656.76,343.24,cOMPLeTEd,Проверить наличие,2024/06/29,3617225365113267
2029945959223,06.06.2024 03:58,ДМитРий куЗнЕЦоВ,8(9224) 87-68,1,кОРМ для сОбак,4,1799.84,200.16,cOmPlETEd,Проверить наличие,2024/06/29,3617225365113267
2029945958100,2024-06-09 07:45:48,ЕЛЕна НоВИковА,+7(9464)22-77,5,МОЛоКО,5,12647.63,2352.37,cOmPLETEd,подарок вовремя,2024/06/06,1177353767045528
2029945958100,2024-06-09 07:45:48,ЕЛЕна НоВИковА,+7(9464)22-77,4,ПодпискА На гАЗету,3,1605.03,194.97,COmpleTed,подарок вовремя,2024/06/06,1177353767045528
2029945958100,2024-06-09 07:45:48,ЕЛЕна НоВИковА,+7(9464)22-77,4,поДпИСка На гАЗету,4,2389.87,10.13,CoMPlEted,подарок вовремя,2024/06/06,1177353767045528
2029945958100,2024-06-09 07:45:48,ЕЛЕна НоВИковА,+7(9464)22-77,5,мОлОкО,4,10655.23,1344.77,completED,подарок вовремя,2024/06/06,1177353767045528
2029945957178,11.06.2024 04:47,ЕлеНА НовИКОВА,+7 9020 71 57,4,ПоДпИСКа на ГАзЕТу,1,581.73,18.27,coMPlETeD,подарок вовремя,2024/06/22,7560627454911553
2029945957178,11.06.2024 04:47,ЕлеНА НовИКОВА,+7 9020 71 57,4,пОдПиСКа НА Газету,1,531.12,68.88,COMplEtEd,подарок вовремя,2024/06/22,7560627454911553
2029945956290,27.06.2024 17:36,НаТаЛЬЯ ваСИлЬева,8(9791) 16-89,5,МОЛокО,3,8275.53,724.47,CaNcElleD,"Задержка с доставкой, печалька...",16.06.2024,9236129471350200
2029945956290,27.06.2024 17:36,НаТаЛЬЯ ваСИлЬева,8(9791) 16-89,5,мОлОко,1,2430.55,569.45,cAnceLlED,"Задержка с доставкой, печалька...",16.06.2024,9236129471350200
2029945956290,27.06.2024 17:36,НаТаЛЬЯ ваСИлЬева,8(9791) 16-89,5,моЛОкО,1,2899.52,100.48,CANcEllEd,"Задержка с доставкой, печалька...",16.06.2024,9236129471350200
2029945956290,27.06.2024 17:36,НаТаЛЬЯ ваСИлЬева,8(9791) 16-89,5,МОЛОкО,2,5960.61,39.39,cAncELLEd,"Задержка с доставкой, печалька...",16.06.2024,9236129471350200
2029945955218,29.06.2024 23:40,ДмитРИй кУЗнЕЦОв,8(9392) 85-78,5,мОЛоко,2,5205.9,794.1,cANCelLed,подарок вовремя,2024/06/01,4226907158274639
2029945955218,29.06.2024 23:40,ДмитРИй кУЗнЕЦОв,8(9392) 85-78,2,ИГРушка Мяч,4,1066.6,133.4,CaNcElLed,подарок вовремя,2024/06/01,4226907158274639
2029945955218,29.06.2024 23:40,ДмитРИй кУЗнЕЦОв,8(9392) 85-78,1,корМ ДлЯ сОбАК,3,1413.97,86.03,cANcElleD,подарок вовремя,2024/06/01,4226907158274639
2029945955218,29.06.2024 23:40,ДмитРИй кУЗнЕЦОв,8(9392) 85-78,3,аМуНициЯ дЛя собАк,3,3395.78,204.22,CaNCeLLEd,подарок вовремя,2024/06/01,4226907158274639
2029945955218,29.06.2024 23:40,ДмитРИй кУЗнЕЦОв,8(9392) 85-78,4,ПодПискА нА ГазЕту,1,504.47,95.53,cANCElLeD,подарок вовремя,2024/06/01,4226907158274639
2029945954532,2024/06/19 19:26:16,ДмитРИй куЗНЕЦОв,8(9671) 37-19,1,кОРМ Для собак,5,2241.66,258.34,caNCELlED,Нужно уточнить сроки,2024-06-21,4825435785189288
2029945954532,2024/06/19 19:26:16,ДмитРИй куЗНЕЦОв,8(9671) 37-19,2,иГрУШКа Мяч,3,859.18,40.82,CaNcEllED,Нужно уточнить сроки,2024-06-21,4825435785189288
2029945954532,2024/06/19 19:26:16,ДмитРИй куЗНЕЦОв,8(9671) 37-19,4,пОдПИска на ГазЕТУ,3,1688.56,111.44,cANceLlED,Нужно уточнить сроки,2024-06-21,4825435785189288
2029945954532,2024/06/19 19:26:16,ДмитРИй куЗНЕЦОв,8(9671) 37-19,5,моЛоКО,5,13637.57,1362.43,cANcellEd,Нужно уточнить сроки,2024-06-21,4825435785189288
2029945954532,2024/06/19 19:26:16,ДмитРИй куЗНЕЦОв,8(9671) 37-19,1,кОРМ дЛЯ СобАк,5,2411.25,88.75,CaNCElLEd,Нужно уточнить сроки,2024-06-21,4825435785189288
2029945953255,25.06.2024 04:10,АННА сМИрНоВА,+7(9767)70-15,1,КОРм Для СоБак,3,1271.16,228.84,CoMPLeteD,спасибо за заказ,11.06.2024,0230053045401697
2029945953255,25.06.2024 04:10,АННА сМИрНоВА,+7(9767)70-15,4,поДпИСка На ГАЗеТу,3,1509.22,290.78,CoMPLetED,спасибо за заказ,11.06.2024,0230053045401697
2029945953255,25.06.2024 04:10,АННА сМИрНоВА,+7(9767)70-15,5,молОКО,2,5138.64,861.36,coMPLeted,спасибо за заказ,11.06.2024,0230053045401697
2029945953255,25.06.2024 04:10,АННА сМИрНоВА,+7(9767)70-15,4,ПодПИСКА НА гаЗЕТу,1,530.3,69.7,CoMPLeTed,спасибо за заказ,11.06.2024,0230053045401697
2029945953255,25.06.2024 04:10,АННА сМИрНоВА,+7(9767)70-15,2,ИгрУшкА Мяч,3,858.85,41.15,ComplEtEd,спасибо за заказ,11.06.2024,0230053045401697
2029945952304,13.06.2024 19:18,олЬгА КуЗНеЦоВа,+7 9326 72 57,4,пОДПиска на гАзЕТу,5,2565.38,434.62,pRocesSING,Проверить наличие,11.06.2024,7379247075929947
2029945952304,13.06.2024 19:18,олЬгА КуЗНеЦоВа,+7 9326 72 57,2,ИГрУшкА мЯч,4,1074.56,125.44,prOcessiNG,Проверить наличие,11.06.2024,7379247075929947
2029945951112,2024/06/16 09:18:33,мАрия пеТровА,8(9890) 75-17,3,АмУНИцИя Для СОбАК,3,3493.17,106.83,comPLEtEd,спасибо за заказ,25.06.2024,7659751862797186
2029945950679,2024/06/02 19:20:32,еленА новИкОВа,+7(9185)34-67,5,молОкО,1,2714.56,285.44,pROcESsing,Всё отлично!,10.06.2024,3679896744100192
2029945950679,2024/06/02 19:20:32,еленА новИкОВа,+7(9185)34-67,3,АМУниЦИЯ для сОбаК,4,4178.81,621.19,procesSing,Всё отлично!,10.06.2024,3679896744100192
2029945950679,2024/06/02 19:20:32,еленА новИкОВа,+7(9185)34-67,1,коРМ ДлЯ собАК,2,850.53,149.47,prOcESSiNg,Всё отлично!,10.06.2024,3679896744100192
2029945950679,2024/06/02 19:20:32,еленА новИкОВа,+7(9185)34-67,5,МОлОКО,2,5199.41,800.59,pROcessING,Всё отлично!,10.06.2024,3679896744100192
2029945949955,2024/06/27 14:20:56,МаРИя ПетРОвА,+7(9396)20-19,1,кОРм ДлЯ СОБАК,3,1465.69,34.31,PRoCESSInG,Проверить наличие,2024/06/06,9967957664354324
2029945949955,2024/06/27 14:20:56,МаРИя ПетРОвА,+7(9396)20-19,5,МоЛОкО,2,5143.19,856.81,ProCESSiNG,Проверить наличие,2024/06/06,9967957664354324
2029945949955,2024/06/27 14:20:56,МаРИя ПетРОвА,+7(9396)20-19,2,иГруШка мЯЧ,1,255.08,44.92,PRocesSinG,Проверить наличие,2024/06/06,9967957664354324
2029945949955,2024/06/27 14:20:56,МаРИя ПетРОвА,+7(9396)20-19,4,пОДпИска на ГАЗЕТу,3,1701.58,98.42,pRoCEsSINg,Проверить наличие,2024/06/06,9967957664354324
2029945948469,2024-06-17 10:41:03,ЕЛена НОвИКоВА,8(9051) 42-43,4,ПодпИСкА НА гАЗеТУ,2,1169.39,30.61,cANCElLEd,подарок вовремя,2024-06-02,0702332379831132
2029945948469,2024-06-17 10:41:03,ЕЛена НОвИКоВА,8(9051) 42-43,4,поДпИСКа НА ГаЗЕТу,5,2796.33,203.67,CANCELlEd,подарок вовремя,2024-06-02,0702332379831132
2029945948469,2024-06-17 10:41:03,ЕЛена НОвИКоВА,8(9051) 42-43,3,аМУницИя ДЛя сОБАк,3,3298.89,301.11,CAncEllED,подарок вовремя,2024-06-02,0702332379831132
2029945948469,2024-06-17 10:41:03,ЕЛена НОвИКоВА,8(9051) 42-43,4,пОдПИСКА нА ГазетУ,1,567.95,32.05,CANCeLleD,подарок вовремя,2024-06-02,0702332379831132
2029945948469,2024-06-17 10:41:03,ЕЛена НОвИКоВА,8(9051) 42-43,2,ИгруШкА МЯч,3,731.72,168.28,CaNCElled,подарок вовремя,2024-06-02,0702332379831132
2029945947722,2024-06-03 01:06:11,ДМитрИЙ кузнеЦОв,+7 9272 68 25,2,ИгруШка МЯч,1,285.5,14.5,ProCeSsinG,"Задержка с доставкой, печалька...",15.06.2024,7324587576691878
2029945947722,2024-06-03 01:06:11,ДМитрИЙ кузнеЦОв,+7 9272 68 25,5,молоКО,3,8745.13,254.87,proceSsINg,"Задержка с доставкой, печалька...",15.06.2024,7324587576691878
2029945946205,2024/06/22 23:12:31,ИваН ИвАноВ,8(9807) 67-15,5,МолОкО,3,7226.7,1773.3,coMpLETed,"Задержка с доставкой, печалька...",2024-06-21,6613473080599329
2029945946205,2024/06/22 23:12:31,ИваН ИвАноВ,8(9807) 67-15,3,аМуницИЯ для СОбак,2,2085.18,314.82,cOmPlETed,"Задержка с доставкой, печалька...",2024-06-21,6613473080599329
2029945946205,2024/06/22 23:12:31,ИваН ИвАноВ,8(9807) 67-15,1,КОРМ для СОБаК,5,2307.26,192.74,coMplEtED,"Задержка с доставкой, печалька...",2024-06-21,6613473080599329
2029945946205,2024/06/22 23:12:31,ИваН ИвАноВ,8(9807) 67-15,2,ИгрУШКа мЯЧ,1,279.38,20.62,coMplETEd,"Задержка с доставкой, печалька...",2024-06-21,6613473080599329
2029945946205,2024/06/22 23:12:31,ИваН ИвАноВ,8(9807) 67-15,3,амУНИЦия дЛя СоБаК,1,1081.44,118.56,comPLEtEd,"Задержка с доставкой, печалька...",2024-06-21,6613473080599329
2029945945344,30.06.2024 11:49,ОЛЬгА КуЗНЕЦОвА,+7 9352 45 83,5,МОлОКо,3,7943.68,1056.32,pROcesSiNg,Всё отлично!,2024-06-18,1319492973344204
2029945945344,30.06.2024 11:49,ОЛЬгА КуЗНЕЦОвА,+7 9352 45 83,5,моЛокО,4,11658.48,341.52,ProCeSsInG,Всё отлично!,2024-06-18,1319492973344204
2029945945344,30.06.2024 11:49,ОЛЬгА КуЗНЕЦОвА,+7 9352 45 83,5,мОЛОКО,5,13122.13,1877.87,ProCeSSing,Всё отлично!,2024-06-18,1319492973344204
2029945945344,30.06.2024 11:49,ОЛЬгА КуЗНЕЦОвА,+7 9352 45 83,1,КоРм для собАК,2,924.34,75.66,prOCessinG,Всё отлично!,2024-06-18,1319492973344204
2029945945344,30.06.2024 11:49,ОЛЬгА КуЗНЕЦОвА,+7 9352 45 83,4,ПОдПИска НА гаЗеТу,1,535.57,64.43,pROCeSSinG,Всё отлично!,2024-06-18,1319492973344204
2029945944601,21.06.2024 20:34,аНнА СмИрНОвА,8(9286) 27-03,2,иГРУшКА МЯЧ,3,851.67,48.33,COmpLeTed,подарок вовремя,04.06.2024,9141432762029015
2029945944601,21.06.2024 20:34,аНнА СмИрНОвА,8(9286) 27-03,4,ПОдпиСка На гАЗЕТу,1,576.65,23.35,COmPLeTED,подарок вовремя,04.06.2024,9141432762029015
2029945943701,2024-06-10 07:33:03,МихаИл орЛоВ,+7 9849 84 27,4,поДПИСКА На гАЗеТу,5,2797.78,202.22,CAnCeLleD,спасибо за заказ,2024/06/01,2821245086193748
2029945943701,2024-06-10 07:33:03,МихаИл орЛоВ,+7 9849 84 27,2,иГрУШКа МяЧ,5,1456.67,43.33,canceLled,спасибо за заказ,2024/06/01,2821245086193748
2029945943701,2024-06-10 07:33:03,МихаИл орЛоВ,+7 9849 84 27,5,МоЛОКО,4,10613.31,1386.69,caNCeLLEd,спасибо за заказ,2024/06/01,2821245086193748
2029945943701,2024-06-10 07:33:03,МихаИл орЛоВ,+7 9849 84 27,4,ПОдпИСКА На газЕТУ,2,1175.29,24.71,CanCelled,спасибо за заказ,2024/06/01,2821245086193748
2029945943701,2024-06-10 07:33:03,МихаИл орЛоВ,+7 9849 84 27,3,амуНицИЯ длЯ соБаК,4,4757.18,42.82,cANCEllEd,спасибо за заказ,2024/06/01,2821245086193748
2029945942300,2024/06/09 22:57:11,Иван ИВАНов,+7 9094 55 96,5,мОлоКо,2,5328.84,671.16,ComplEtED,"Задержка с доставкой, печалька...",2024/06/25,0089409571948128
2029945942300,2024/06/09 22:57:11,Иван ИВАНов,+7 9094 55 96,5,МОЛОко,2,5989.52,10.48,COmPLeTEd,"Задержка с доставкой, печалька...",2024/06/25,0089409571948128
2029945941356,2024-06-17 15:50:16,ивАН ИвАнов,8(9405) 32-97,3,АмУниЦиЯ для собак,5,5595.93,404.07,pROCeSsinG,Ждём с нетерпением!,01.06.2024,7938625145179204
2029945941356,2024-06-17 15:50:16,ивАН ИвАнов,8(9405) 32-97,1,кОрМ ДлЯ СОбаК,5,2469.64,30.36,prOceSsing,Ждём с нетерпением!,01.06.2024,7938625145179204
2029945941356,2024-06-17 15:50:16,ивАН ИвАнов,8(9405) 32-97,5,МоЛОКо,2,4970.89,1029.11,PRoCEssIng,Ждём с нетерпением!,01.06.2024,7938625145179204
2029945940260,2024/06/05 02:10:38,ДМиТРИй КуЗНеЦов,+7 9110 05 39,5,МОЛОКО,5,13429.36,1570.64,ProcEssING,Ждём с нетерпением!,04.06.2024,8098560010891265
2029945939546,2024-06-12 19:01:10,нАталЬя ваСИЛьева,+7 9698 96 46,1,кОРМ Для сОбАК,1,470.4,29.6,pROCEsSing,Ждём с нетерпением!,2024-06-10,0719939280533673
2029945938709,05.06.2024 09:43,сЕРГЕЙ сидОРоВ,+7(9121)54-30,4,подПИСкА нА гаЗету,3,1645.2,154.8,CaNCELLED,Проверить наличие,2024/06/14,2567834122576071
2029945937499,12.06.2024 15:26,сЕРгЕЙ сиДороВ,8(9857) 22-34,5,МОлОкО,4,11649.85,350.15,coMplETed,"Задержка с доставкой, печалька...",08.06.2024,9790033707369907
2029945936513,2024-06-04 18:42:55,СЕрГЕй сиДорОВ,+7 9041 94 51,2,ИГруШКА МЯЧ,3,806.73,93.27,cANceLLed,"Задержка с доставкой, печалька...",05.06.2024,4603130679216828
2029945936513,2024-06-04 18:42:55,СЕрГЕй сиДорОВ,+7 9041 94 51,4,поДпиСкА на ГАзЕТу,1,490.96,109.04,CancelLEd,"Задержка с доставкой, печалька...",05.06.2024,4603130679216828
2029945936513,2024-06-04 18:42:55,СЕрГЕй сиДорОВ,+7 9041 94 51,2,игруШКА МяЧ,5,1327.43,172.57,cANcElled,"Задержка с доставкой, печалька...",05.06.2024,4603130679216828
2029945935742,2024/06/06 14:59:37,ольга куЗнЕцова,8(9506) 82-44,4,пОдПиска На гаЗеТу,4,2100.78,299.22,cOMPLeTED,Проверить наличие,2024/06/09,8548651296531266
2029945935742,2024/06/06 14:59:37,ольга куЗнЕцова,8(9506) 82-44,4,пОдписКа На ГазЕту,4,1997.52,402.48,COmPlEtED,Проверить наличие,2024/06/09,8548651296531266
2029945935742,2024/06/06 14:59:37,ольга куЗнЕцова,8(9506) 82-44,1,коРм дЛЯ СобАк,2,874.14,125.86,compLeTed,Проверить наличие,2024/06/09,8548651296531266
2029945934300,2024/06/07 19:09:17,алЕКсей МихАЙлов,+7(9154)22-72,4,ПодПиСКа НА газЕту,4,2132.71,267.29,proCeSsIng,Проверить наличие,23.06.2024,8132226752587731
2029945934300,2024/06/07 19:09:17,алЕКсей МихАЙлов,+7(9154)22-72,2,игрУшка МЯч,2,545.23,54.77,pRoCESSInG,Проверить наличие,23.06.2024,8132226752587731
2029945934300,2024/06/07 19:09:17,алЕКсей МихАЙлов,+7(9154)22-72,5,МОЛОко,5,14010.96,989.04,PRocESSIng,Проверить наличие,23.06.2024,8132226752587731
2029945933499,2024/06/19 01:50:55,ДмитРИЙ КуЗнЕЦоВ,+7(9480)23-87,1,коРМ дЛя СОбАК,3,1339.98,160.02,PRoCEsSIng,спасибо за заказ,2024/06/02,2294247218243062
2029945932830,2024/06/06 10:00:23,аннА смИрнова,+7(9329)20-76,3,аМуниЦИЯ дЛЯ СоБАК,4,4407.94,392.06,coMpLeTeD,Проверить наличие,2024-06-01,3788604944194250
2029945932830,2024/06/06 10:00:23,аннА смИрнова,+7(9329)20-76,4,поДпИСКА нА гАЗеТу,5,2660.65,339.35,CompLeTed,Проверить наличие,2024-06-01,3788604944194250
2029945932830,2024/06/06 10:00:23,аннА смИрнова,+7(9329)20-76,2,ИГрУШкА Мяч,1,292.28,7.72,coMPLeteD,Проверить наличие,2024-06-01,3788604944194250
2029945932830,2024/06/06 10:00:23,аннА смИрнова,+7(9329)20-76,1,корм Для Собак,2,978.26,21.74,CompLEteD,Проверить наличие,2024-06-01,3788604944194250
2029945932830,2024/06/06 10:00:23,аннА смИрнова,+7(9329)20-76,4,ПОДписка НА гАЗЕту,2,997.49,202.51,cOMpLetED,Проверить наличие,2024-06-01,3788604944194250
2029945931448,2024/06/29 12:24:24,дМИтриЙ КуЗНЕЦоВ,+7 9497 32 58,2,ИГрУШКА Мяч,4,1134.19,65.81,cOMPlEtED,Ждём с нетерпением!,28.06.2024,4683888988664444
2029945931448,2024/06/29 12:24:24,дМИтриЙ КуЗНЕЦоВ,+7 9497 32 58,4,ПОДПИСКа НА газетУ,4,2155.83,244.17,coMPLeted,Ждём с нетерпением!,28.06.2024,4683888988664444
2029945931448,2024/06/29 12:24:24,дМИтриЙ КуЗНЕЦоВ,+7 9497 32 58,5,моЛокО,3,7713.93,1286.07,cOmPLEtED,Ждём с нетерпением!,28.06.2024,4683888988664444
2029945930928,2024-06-18 09:23:00,нАТалья вАСИЛьеВА,8(9759) 51-95,5,МОЛОКО,5,14487.49,512.51,cANCElLeD,спасибо за заказ,23.06.2024,3579280171239210
2029945930928,2024-06-18 09:23:00,нАТалья вАСИЛьеВА,8(9759) 51-95,4,ПОдПИсКА нА ГАзеТу,5,2945.69,54.31,cANCElLed,спасибо за заказ,23.06.2024,3579280171239210
2029945929938,2024-06-26 19:07:39,елЕНА НоВиКОва,+7 9518 38 13,4,ПодПисКА на ГАЗеТУ,2,1091.58,108.42,ProCesSINg,спасибо за заказ,2024-06-28,1241093684677060
2029945928970,2024-06-18 11:17:00,аННА СМИРноВА,8(9250) 09-32,3,амуницИЯ длЯ СОБаК,4,4393.58,406.42,CompLETEd,Ждём с нетерпением!,01.06.2024,7333743837799652
2029945927940,2024/06/19 11:07:54,ольгА куЗнецоВа,+7 9273 12 75,2,иГрУшКа Мяч,2,497.22,102.78,coMPLEted,Нужно уточнить сроки,2024/06/22,1213764652322331
2029945927940,2024/06/19 11:07:54,ольгА куЗнецоВа,+7 9273 12 75,4,ПодПиСКА на гАзеТУ,2,1090.56,109.44,cOMpLETed,Нужно уточнить сроки,2024/06/22,1213764652322331
2029945927940,2024/06/19 11:07:54,ольгА куЗнецоВа,+7 9273 12 75,3,аМУНИцИЯ ДЛЯ сОБАк,2,2372.45,27.55,COMpleTED,Нужно уточнить сроки,2024/06/22,1213764652322331
2029945927940,2024/06/19 11:07:54,ольгА куЗнецоВа,+7 9273 12 75,2,ИгРуШка МяЧ,3,828.11,71.89,ComPletED,Нужно уточнить сроки,2024/06/22,1213764652322331
2029945926270,2024-06-20 00:17:32,дМИтРий КУЗНеЦОв,8(9724) 64-72,5,мОЛОко,3,8118.79,881.21,ComPLEted,"Задержка с доставкой, печалька...",2024-06-19,2497760150810544
2029945926270,2024-06-20 00:17:32,дМИтРий КУЗНеЦОв,8(9724) 64-72,2,иГрУшКА МяЧ,2,589.59,10.41,COmplEtED,"Задержка с доставкой, печалька...",2024-06-19,2497760150810544
2029945926270,2024-06-20 00:17:32,дМИтРий КУЗНеЦОв,8(9724) 64-72,2,ИГРУшка МяЧ,3,775.19,124.81,ComplEtED,"Задержка с доставкой, печалька...",2024-06-19,2497760150810544
2029945925361,08.06.2024 19:07,еЛЕНа нОвикова,+7(9828)04-33,5,МоЛоКо,5,14306.01,693.99,CaNCElleD,Всё отлично!,2024-06-27,5116311426927861
2029945925361,08.06.2024 19:07,еЛЕНа нОвикова,+7(9828)04-33,5,моЛОКо,5,13721.86,1278.14,CanceLLed,Всё отлично!,2024-06-27,5116311426927861
2029945925361,08.06.2024 19:07,еЛЕНа нОвикова,+7(9828)04-33,5,МОлоко,5,12807.72,2192.28,CaNCElLeD,Всё отлично!,2024-06-27,5116311426927861
2029945924850,2024/06/07 00:55:51,НАтАЛья васИльЕВА,8(9724) 58-58,2,игрУШКА мЯЧ,1,256.78,43.22,cOMpLETeD,Нужно уточнить сроки,2024/06/30,8590320726565426
2029945923406,2024-06-12 00:46:00,Иван иваНОв,8(9305) 34-15,4,ПОдПискА на ГаЗеТУ,3,1620.91,179.09,caNcELleD,Нужно уточнить сроки,2024-06-04,4426020969083416
2029945922771,2024/06/02 02:36:41,ОлЬГА КузнЕцова,8(9066) 78-63,5,МоЛоКО,5,13791.05,1208.95,ComPlEted,"Задержка с доставкой, печалька...",2024/06/02,4569990191729947
2029945922771,2024/06/02 02:36:41,ОлЬГА КузнЕцова,8(9066) 78-63,1,кОрМ ДлЯ СОБак,4,1901.7,98.3,COmplETEd,"Задержка с доставкой, печалька...",2024/06/02,4569990191729947
2029945922771,2024/06/02 02:36:41,ОлЬГА КузнЕцова,8(9066) 78-63,5,МОЛОКО,1,2703.62,296.38,COMpLEtEd,"Задержка с доставкой, печалька...",2024/06/02,4569990191729947
2029945922771,2024/06/02 02:36:41,ОлЬГА КузнЕцова,8(9066) 78-63,4,ПоДпИСКа НА ГАЗЕту,2,1145.03,54.97,CoMpletEd,"Задержка с доставкой, печалька...",2024/06/02,4569990191729947
2029945922771,2024/06/02 02:36:41,ОлЬГА КузнЕцова,8(9066) 78-63,3,АМУниция ДЛЯ СОБАК,3,3312.25,287.75,CoMpLeteD,"Задержка с доставкой, печалька...",2024/06/02,4569990191729947
2029945921135,2024/06/03 19:13:32,НАтаЛьЯ ВасилЬЕвА,8(9055) 85-12,5,мОЛОкО,3,7359.73,1640.27,COmPLetED,Ждём с нетерпением!,2024-06-20,5967033581358886
2029945921135,2024/06/03 19:13:32,НАтаЛьЯ ВасилЬЕвА,8(9055) 85-12,1,кОРм для СОБак,4,1671.21,328.79,coMpleTED,Ждём с нетерпением!,2024-06-20,5967033581358886
2029945920187,2024/06/07 18:30:35,анна СМиРнОва,+7 9456 15 52,2,ИгРушКА МяЧ,3,838.14,61.86,CAnCelled,Ждём с нетерпением!,09.06.2024,2251911122178965
2029945920187,2024/06/07 18:30:35,анна СМиРнОва,+7 9456 15 52,4,ПодПиска На гАзеТУ,5,2915.83,84.17,cANceLLED,Ждём с нетерпением!,09.06.2024,2251911122178965
2029945920187,2024/06/07 18:30:35,анна СМиРнОва,+7 9456 15 52,3,аМуницИя ДЛя сОБАк,3,3226.26,373.74,CaNceLlED,Ждём с нетерпением!,09.06.2024,2251911122178965
2029945920187,2024/06/07 18:30:35,анна СМиРнОва,+7 9456 15 52,3,АМунИцИя ДЛЯ собак,2,2196.98,203.02,cAncEllED,Ждём с нетерпением!,09.06.2024,2251911122178965
2029945920187,2024/06/07 18:30:35,анна СМиРнОва,+7 9456 15 52,3,аМуНИция ДлЯ собак,4,4631.63,168.37,CancELLEd,Ждём с нетерпением!,09.06.2024,2251911122178965
2029945919452,2024/06/04 12:40:01,наТалЬЯ ВАсИЛьЕвА,8(9788) 96-56,2,ИГрушКа мЯЧ,4,1169.98,30.02,CoMPLetED,спасибо за заказ,2024/06/27,2462010166405263
2029945919452,2024/06/04 12:40:01,наТалЬЯ ВАсИЛьЕвА,8(9788) 96-56,1,кОрм дЛя соБАК,4,1953.36,46.64,cOMpLETed,спасибо за заказ,2024/06/27,2462010166405263
2029945919452,2024/06/04 12:40:01,наТалЬЯ ВАсИЛьЕвА,8(9788) 96-56,2,игРУШКА МЯЧ,5,1237.96,262.04,CoMpLeteD,спасибо за заказ,2024/06/27,2462010166405263
2029945919452,2024/06/04 12:40:01,наТалЬЯ ВАсИЛьЕвА,8(9788) 96-56,5,МоЛОко,5,12077.34,2922.66,comPLEtEd,спасибо за заказ,2024/06/27,2462010166405263
2029945918206,2024/06/26 10:08:45,АлЕКсЕй мИхаЙЛОв,8(9447) 24-37,4,ПоДПИСка НА ГАзЕту,5,2710.32,289.68,pRoCeSSIng,Ждём с нетерпением!,2024-06-26,9362646813997713
2029945917668,2024/06/03 01:27:15,дМиТрИЙ КУзнЕцов,+7 9594 10 68,1,кОрм ДлЯ сОБАк,1,470.92,29.08,ProcesSING,Нужно уточнить сроки,2024-06-24,4145870968001703
2029945917668,2024/06/03 01:27:15,дМиТрИЙ КУзнЕцов,+7 9594 10 68,2,ИгРуШка МЯЧ,4,1027.33,172.67,PrOcESSinG,Нужно уточнить сроки,2024-06-24,4145870968001703
2029945917668,2024/06/03 01:27:15,дМиТрИЙ КУзнЕцов,+7 9594 10 68,1,кОРМ Для сОБак,3,1263.06,236.94,PrOCesSinG,Нужно уточнить сроки,2024-06-24,4145870968001703
2029945917668,2024/06/03 01:27:15,дМиТрИЙ КУзнЕцов,+7 9594 10 68,5,молоко,5,14519.89,480.11,PrOcESSING,Нужно уточнить сроки,2024-06-24,4145870968001703
2029945917668,2024/06/03 01:27:15,дМиТрИЙ КУзнЕцов,+7 9594 10 68,1,коРм длЯ сОБАК,1,409.65,90.35,PrOCESsINg,Нужно уточнить сроки,2024-06-24,4145870968001703
2029945916381,2024/06/05 02:22:56,дМитРИЙ КуЗнеЦов,+7 9074 72 41,1,КОРм дЛЯ соБаК,5,2309.79,190.21,CanCelLED,спасибо за заказ,2024-06-27,6307240532405579
2029945916381,2024/06/05 02:22:56,дМитРИЙ КуЗнеЦов,+7 9074 72 41,3,АМУНиЦИЯ дЛя СОбАк,5,5101.38,898.62,canCElLEd,спасибо за заказ,2024-06-27,6307240532405579
2029945916381,2024/06/05 02:22:56,дМитРИЙ КуЗнеЦов,+7 9074 72 41,1,корм дЛя СОБаК,4,1809.98,190.02,CanCELlED,спасибо за заказ,2024-06-27,6307240532405579
2029945916381,2024/06/05 02:22:56,дМитРИЙ КуЗнеЦов,+7 9074 72 41,3,амУНиЦиЯ дЛя сОбАК,2,1951.36,448.64,cANCelLED,спасибо за заказ,2024-06-27,6307240532405579
2029945916381,2024/06/05 02:22:56,дМитРИЙ КуЗнеЦов,+7 9074 72 41,1,КОРМ ДЛя СобаК,4,1879.24,120.76,cANCElled,спасибо за заказ,2024-06-27,6307240532405579
2029945915939,2024/06/06 14:39:49,ЕлЕнА НОвИКОВа,+7 9842 72 46,4,ПодПИСКа На гАзЕту,2,1195.88,4.12,cOmpleTed,Нужно уточнить сроки,19.06.2024,1866955805981229
2029945914392,24.06.2024 11:13,анНА смИРНОвА,+7 9337 61 35,5,молОКо,5,14787.73,212.27,CANCeLled,Ждём с нетерпением!,2024/06/04,3399867839973341
2029945914392,24.06.2024 11:13,анНА смИРНОвА,+7 9337 61 35,1,коРМ ДЛЯ сОБАк,3,1327.72,172.28,cancEllED,Ждём с нетерпением!,2024/06/04,3399867839973341
2029945913933,2024-06-11 19:44:45,ОЛьга кузНЕЦоВА,+7(9758)44-90,2,иГрУшка мяч,4,1136.18,63.82,cOmpLETeD,спасибо за заказ,2024-06-13,6281783473873967
2029945913933,2024-06-11 19:44:45,ОЛьга кузНЕЦоВА,+7(9758)44-90,4,ПоДПИсКа нА гАЗЕТУ,4,2253.36,146.64,CoMPlEtEd,спасибо за заказ,2024-06-13,6281783473873967
2029945912951,2024-06-03 14:24:33,ОЛьга КузнецОва,8(9433) 21-84,3,амУНИция для соБАк,2,2140.25,259.75,prOcesSinG,Всё отлично!,2024/06/09,0942226678436339
2029945912951,2024-06-03 14:24:33,ОЛьга КузнецОва,8(9433) 21-84,2,ИГруШкА МЯЧ,4,1118.64,81.36,pRoCEssInG,Всё отлично!,2024/06/09,0942226678436339
2029945912951,2024-06-03 14:24:33,ОЛьга КузнецОва,8(9433) 21-84,2,ИГРУШКА Мяч,4,1159.27,40.73,pROceSSING,Всё отлично!,2024/06/09,0942226678436339
2029945911209,2024/06/03 05:54:01,МИхАИл ОРлоВ,+7 9372 22 00,5,мОлокО,4,10965.02,1034.98,pROcEsSING,Проверить наличие,2024/06/09,1304465424651262
2029945911209,2024/06/03 05:54:01,МИхАИл ОРлоВ,+7 9372 22 00,5,моЛоКО,1,2493.36,506.64,pROcesSing,Проверить наличие,2024/06/09,1304465424651262
2029945911209,2024/06/03 05:54:01,МИхАИл ОРлоВ,+7 9372 22 00,1,коРМ ДЛя СОбаК,3,1277.87,222.13,PRoceSSINg,Проверить наличие,2024/06/09,1304465424651262
2029945911209,2024/06/03 05:54:01,МИхАИл ОРлоВ,+7 9372 22 00,1,кОрМ ДЛЯ СоБАК,3,1492.03,7.97,ProCEsSinG,Проверить наличие,2024/06/09,1304465424651262
2029945910873,2024-06-29 20:14:44,алЕксей миХАйлОВ,8(9392) 21-73,5,МолОКо,2,5787.83,212.17,COmpleTeD,Всё отлично!,2024/06/15,1922278822891946
2029945910873,2024-06-29 20:14:44,алЕксей миХАйлОВ,8(9392) 21-73,3,АМУнИЦИЯ Для соБАК,3,3413.73,186.27,cOMPleTEd,Всё отлично!,2024/06/15,1922278822891946
2029945909253,2024-06-27 19:51:12,дМиТрИй КУЗНеЦоВ,+7(9516)26-89,3,АмУНиЦиЯ ДЛЯ собАк,2,1946.13,453.87,procESSING,подарок вовремя,05.06.2024,6104809608680395
2029945909253,2024-06-27 19:51:12,дМиТрИй КУЗНеЦоВ,+7(9516)26-89,1,корм дЛя СоБАк,5,2417.46,82.54,procEsSING,подарок вовремя,05.06.2024,6104809608680395
2029945908807,03.06.2024 01:40,ОлЬГа кузнЕцоВа,+7(9025)48-14,3,АмУНИция ДЛЯ собАК,5,5126.08,873.92,CaNceLLeD,подарок вовремя,2024-06-28,3569336986449085
2029945908807,03.06.2024 01:40,ОлЬГа кузнЕцоВа,+7(9025)48-14,4,ПОДПИсКА на ГазЕту,2,1022.66,177.34,CANCeLLed,подарок вовремя,2024-06-28,3569336986449085
2029945908807,03.06.2024 01:40,ОлЬГа кузнЕцоВа,+7(9025)48-14,4,ПоДпИсКА НА ГаЗету,5,2598.68,401.32,caNcellEd,подарок вовремя,2024-06-28,3569336986449085
2029945908807,03.06.2024 01:40,ОлЬГа кузнЕцоВа,+7(9025)48-14,1,корм ДЛЯ собаК,1,499.56,0.44,CanceLled,подарок вовремя,2024-06-28,3569336986449085
2029945908807,03.06.2024 01:40,ОлЬГа кузнЕцоВа,+7(9025)48-14,4,поДпИсКА На ГаЗетУ,2,1135.99,64.01,CANceLLed,подарок вовремя,2024-06-28,3569336986449085
2029945907252,2024-06-23 03:20:48,ЕленА НОвиКовА,+7 9492 30 75,5,МОЛОко,5,13620.05,1379.95,cOmPlEted,Нужно уточнить сроки,13.06.2024,4697513120002627
2029945907252,2024-06-23 03:20:48,ЕленА НОвиКовА,+7 9492 30 75,3,амуНицИЯ длЯ СОбак,1,1066.87,133.13,cOMpleTeD,Нужно уточнить сроки,13.06.2024,4697513120002627
2029945907252,2024-06-23 03:20:48,ЕленА НОвиКовА,+7 9492 30 75,1,корМ Для СобАк,1,490.18,9.82,CompLeTeD,Нужно уточнить сроки,13.06.2024,4697513120002627
2029945906193,2024/06/10 08:45:18,иВаН ивАНоВ,+7(9063)15-87,4,подпИсКа на ГАЗЕТУ,5,2673.77,326.23,cOmpleted,спасибо за заказ,2024/06/03,2120611250385110
2029945906193,2024/06/10 08:45:18,иВаН ивАНоВ,+7(9063)15-87,1,КорМ длЯ соБАК,3,1362.62,137.38,cOmpLeTeD,спасибо за заказ,2024/06/03,2120611250385110
2029945906193,2024/06/10 08:45:18,иВаН ивАНоВ,+7(9063)15-87,3,АмУНициЯ ДлЯ СОбАк,2,1996.01,403.99,cOMPlEtED,спасибо за заказ,2024/06/03,2120611250385110
2029945905580,2024-06-12 04:57:10,ИВан ивАнов,+7(9028)46-80,1,корМ ДЛя сОбак,4,1932.8,67.2,caNceLLEd,Проверить наличие,11.06.2024,7101781551706936
2029945904331,2024/06/24 21:13:58,НатаЛья вАсилЬЕВа,+7(9447)55-11,1,Корм ДлЯ СоБАК,5,2477.44,22.56,complEted,подарок вовремя,04.06.2024,7173455742153866
2029945903904,12.06.2024 01:48,наТАлья вАсилЬЕВА,+7(9767)08-20,1,КорМ ДЛЯ СоБАК,1,403.2,96.8,cOmPLETEd,Всё отлично!,2024/06/30,1510483037792335
2029945903904,12.06.2024 01:48,наТАлья вАсилЬЕВА,+7(9767)08-20,2,ИгрУШкА мЯЧ,1,280.56,19.44,cOmpLETEd,Всё отлично!,2024/06/30,1510483037792335
2029945903904,12.06.2024 01:48,наТАлья вАсилЬЕВА,+7(9767)08-20,5,мОЛОКО,1,2972.39,27.61,COMPLEtED,Всё отлично!,2024/06/30,1510483037792335
2029945902110,2024/06/20 07:06:32,НатАЛья вАСИЛЬЕвА,+7(9911)52-58,3,АмУНИЦИЯ дЛЯ СОБАк,4,4484.88,315.12,CaNceLLED,Нужно уточнить сроки,14.06.2024,8848552714130600
2029945902110,2024/06/20 07:06:32,НатАЛья вАСИЛЬЕвА,+7(9911)52-58,4,поДпИСкА нА гаЗеТУ,4,2176.11,223.89,CANCELLEd,Нужно уточнить сроки,14.06.2024,8848552714130600
2029945902110,2024/06/20 07:06:32,НатАЛья вАСИЛЬЕвА,+7(9911)52-58,5,МоЛОКО,5,14024.83,975.17,canceLLEd,Нужно уточнить сроки,14.06.2024,8848552714130600
2029945902110,2024/06/20 07:06:32,НатАЛья вАСИЛЬЕвА,+7(9911)52-58,2,ИГРУШкА мяЧ,5,1351.48,148.52,cANCelLED,Нужно уточнить сроки,14.06.2024,8848552714130600
2029945902110,2024/06/20 07:06:32,НатАЛья вАСИЛЬЕвА,+7(9911)52-58,4,поДПискА НА гАЗеТу,5,2859.99,140.01,CAncELlEd,Нужно уточнить сроки,14.06.2024,8848552714130600
2029945901826,2024-06-11 14:00:58,Михаил ОРЛОВ,8(9623) 40-48,2,ИГруШка МЯч,2,584.14,15.86,CaNcellEd,"Задержка с доставкой, печалька...",2024-06-12,2290845262233702
2029945900644,2024-06-20 21:04:54,сЕрГЕй СИДоРоВ,8(9280) 27-26,5,МОЛОко,4,10676.0,1324.0,CoMPLETEd,Ждём с нетерпением!,03.06.2024,7895674728275860
2029945899120,2024/06/29 09:19:38,ИВаН ИвАнОв,8(9139) 65-78,2,игрУшка Мяч,1,267.13,32.87,CanCellEd,Нужно уточнить сроки,2024/06/26,1979905822729842
2029945899120,2024/06/29 09:19:38,ИВаН ИвАнОв,8(9139) 65-78,4,подПиСкА нА гАЗеТУ,2,974.65,225.35,caNcELLED,Нужно уточнить сроки,2024/06/26,1979905822729842
2029945899120,2024/06/29 09:19:38,ИВаН ИвАнОв,8(9139) 65-78,1,корм ДлЯ СобаК,2,971.28,28.72,cancellED,Нужно уточнить сроки,2024/06/26,1979905822729842
2029945899120,2024/06/29 09:19:38,ИВаН ИвАнОв,8(9139) 65-78,5,МоЛокО,3,8831.26,168.74,CANcelLed,Нужно уточнить сроки,2024/06/26,1979905822729842
2029945898346,11.06.2024 02:42,ивАн ИваНоВ,+7 9587 65 95,3,амУНиЦИя дЛя собАк,3,3477.01,122.99,pRoCeSSING,Ждём с нетерпением!,09.06.2024,9613028012493343
2029945897620,2024/06/17 08:38:57,ЕЛЕна новиКОВА,+7 9061 42 82,5,моЛокО,3,8426.64,573.36,COMPLEted,Всё отлично!,2024/06/28,4248409900080783
2029945897620,2024/06/17 08:38:57,ЕЛЕна новиКОВА,+7 9061 42 82,1,Корм для сОбАк,1,488.54,11.46,comPleTed,Всё отлично!,2024/06/28,4248409900080783
2029945897620,2024/06/17 08:38:57,ЕЛЕна новиКОВА,+7 9061 42 82,1,КОРМ Для СобАк,5,2289.97,210.03,complETed,Всё отлично!,2024/06/28,4248409900080783
2029945897620,2024/06/17 08:38:57,ЕЛЕна новиКОВА,+7 9061 42 82,2,иГРуШКА мяЧ,3,778.97,121.03,COmplEtEd,Всё отлично!,2024/06/28,4248409900080783
2029945896597,2024-06-24 07:37:02,МиХаиЛ оРЛОв,8(9409) 22-58,2,ИГрушка МЯЧ,5,1333.91,166.09,cAnceLLed,спасибо за заказ,2024/06/05,0134985973546026
2029945896597,2024-06-24 07:37:02,МиХаиЛ оРЛОв,8(9409) 22-58,2,ИгрУШкА мЯЧ,2,582.66,17.34,CANceLLed,спасибо за заказ,2024/06/05,0134985973546026
2029945895661,16.06.2024 00:55,АлекСей мИХаЙЛОв,+7 9091 13 19,2,игРУШКА мяЧ,3,789.69,110.31,comPLeTeD,Проверить наличие,03.06.2024,9019313125194453
2029945895661,16.06.2024 00:55,АлекСей мИХаЙЛОв,+7 9091 13 19,5,моЛОко,2,5271.16,728.84,coMpLeTEd,Проверить наличие,03.06.2024,9019313125194453
2029945894374,23.06.2024 15:31,еЛенА нОВИкОВа,+7 9908 09 33,4,пОДпИскА НА ГазЕТУ,5,2737.6,262.4,PROcESSiNg,"Задержка с доставкой, печалька...",2024-06-30,0280200935397347
2029945894374,23.06.2024 15:31,еЛенА нОВИкОВа,+7 9908 09 33,5,мОлоко,4,9777.71,2222.29,ProcEsSiNG,"Задержка с доставкой, печалька...",2024-06-30,0280200935397347
2029945894374,23.06.2024 15:31,еЛенА нОВИкОВа,+7 9908 09 33,5,мОлокО,5,14465.88,534.12,prOcESsing,"Задержка с доставкой, печалька...",2024-06-30,0280200935397347
2029945894374,23.06.2024 15:31,еЛенА нОВИкОВа,+7 9908 09 33,2,иГруШка МЯч,2,564.46,35.54,pROCeSSiNg,"Задержка с доставкой, печалька...",2024-06-30,0280200935397347
2029945894374,23.06.2024 15:31,еЛенА нОВИкОВа,+7 9908 09 33,3,аМунИЦия длЯ соБак,1,1174.86,25.14,pRocessing,"Задержка с доставкой, печалька...",2024-06-30,0280200935397347
2029945893513,30.06.2024 20:21,МАрия пЕтроВА,+7(9872)06-50,1,коРМ для соБАк,4,1821.79,178.21,CaNceLLed,"Задержка с доставкой, печалька...",2024/06/08,0481339293547951
2029945893513,30.06.2024 20:21,МАрия пЕтроВА,+7(9872)06-50,1,КОрМ ДЛя сОбаК,5,2265.72,234.28,cancELlEd,"Задержка с доставкой, печалька...",2024/06/08,0481339293547951
2029945893513,30.06.2024 20:21,МАрия пЕтроВА,+7(9872)06-50,1,КорМ дЛя сОБак,2,930.24,69.76,cANCeLleD,"Задержка с доставкой, печалька...",2024/06/08,0481339293547951
2029945893513,30.06.2024 20:21,МАрия пЕтроВА,+7(9872)06-50,5,МоЛоКО,1,2783.2,216.8,cANceLLed,"Задержка с доставкой, печалька...",2024/06/08,0481339293547951
2029945892159,26.06.2024 10:30,МаРИя ПетРоВа,8(9694) 66-31,3,АмУНициЯ дЛЯ СоБак,4,4134.75,665.25,CancELLED,Всё отлично!,2024-06-19,9324024156042670
2029945891439,2024-06-02 19:47:16,оЛьГа кУзнЕЦоВа,8(9972) 49-41,2,ИгрУшка МяЧ,3,831.8,68.2,CANCeLlED,"Задержка с доставкой, печалька...",2024/06/19,6802233343148540
2029945891439,2024-06-02 19:47:16,оЛьГа кУзнЕЦоВа,8(9972) 49-41,5,мОЛоко,4,11954.87,45.13,CANcElLEd,"Задержка с доставкой, печалька...",2024/06/19,6802233343148540
2029945891439,2024-06-02 19:47:16,оЛьГа кУзнЕЦоВа,8(9972) 49-41,2,игРУшкА мяЧ,1,248.68,51.32,cAncelLED,"Задержка с доставкой, печалька...",2024/06/19,6802233343148540
2029945890647,2024-06-14 06:45:19,аЛЕКсЕЙ МихайЛов,8(9572) 47-26,3,аМуНицИЯ ДЛЯ Собак,2,2138.4,261.6,pROcessiNG,Нужно уточнить сроки,2024-06-02,6403755878114168
2029945890647,2024-06-14 06:45:19,аЛЕКсЕЙ МихайЛов,8(9572) 47-26,1,КОРм ДЛЯ СоБАК,2,946.67,53.33,PRoCeSsINg,Нужно уточнить сроки,2024-06-02,6403755878114168
2029945889755,25.06.2024 05:03,Елена нОвиКОВа,+7(9350)11-76,1,КОРм ДЛя сОБаК,3,1470.77,29.23,pROCessInG,Проверить наличие,2024/06/29,7778069974167440
2029945889755,25.06.2024 05:03,Елена нОвиКОВа,+7(9350)11-76,5,МОЛоко,3,7773.78,1226.22,PRoCESSIng,Проверить наличие,2024/06/29,7778069974167440
2029945889755,25.06.2024 05:03,Елена нОвиКОВа,+7(9350)11-76,4,подпИСКа нА гАзеТу,3,1703.42,96.58,pROCessinG,Проверить наличие,2024/06/29,7778069974167440
2029945889755,25.06.2024 05:03,Елена нОвиКОВа,+7(9350)11-76,2,иГРУшка МЯЧ,4,1186.63,13.37,prOCessing,Проверить наличие,2024/06/29,7778069974167440
2029945889755,25.06.2024 05:03,Елена нОвиКОВа,+7(9350)11-76,1,КОРМ для сОБаК,1,455.53,44.47,ProcessiNG,Проверить наличие,2024/06/29,7778069974167440
2029945888221,15.06.2024 08:35,анна СМирНовА,+7(9140)26-36,4,пОдпИсКА нА гаЗЕтУ,5,2620.19,379.81,COMpLETeD,подарок вовремя,2024-06-14,3875620787829400
2029945888221,15.06.2024 08:35,анна СМирНовА,+7(9140)26-36,5,молОкО,3,8750.01,249.99,compleTEd,подарок вовремя,2024-06-14,3875620787829400
2029945888221,15.06.2024 08:35,анна СМирНовА,+7(9140)26-36,5,молоКо,2,5266.93,733.07,COmPlEtEd,подарок вовремя,2024-06-14,3875620787829400
2029945887539,2024/06/28 17:04:07,СЕрГей сИдоРОВ,+7 9370 50 25,2,ИГРУшкА мяч,4,1056.71,143.29,pRoCesSiNg,спасибо за заказ,05.06.2024,2320365494864935
2029945887539,2024/06/28 17:04:07,СЕрГей сИдоРОВ,+7 9370 50 25,2,ИГрУшКа Мяч,5,1350.38,149.62,pROcESSINg,спасибо за заказ,05.06.2024,2320365494864935
2029945887539,2024/06/28 17:04:07,СЕрГей сИдоРОВ,+7 9370 50 25,2,ИгРУШКА МЯч,5,1201.65,298.35,ProCeSSING,спасибо за заказ,05.06.2024,2320365494864935
2029945887539,2024/06/28 17:04:07,СЕрГей сИдоРОВ,+7 9370 50 25,4,подПиска нА гаЗЕТУ,3,1643.06,156.94,pRoCESsInG,спасибо за заказ,05.06.2024,2320365494864935
2029945886463,01.06.2024 13:17,аНнА сМирНоВА,+7(9764)60-21,2,ИгруШКа Мяч,3,764.56,135.44,proCeSSiNG,"Задержка с доставкой, печалька...",24.06.2024,8800127838522119
2029945886463,01.06.2024 13:17,аНнА сМирНоВА,+7(9764)60-21,5,МоЛОКО,5,13732.56,1267.44,prOceSsIng,"Задержка с доставкой, печалька...",24.06.2024,8800127838522119
2029945885967,2024-06-02 11:43:36,СЕРгЕЙ сИДОРОв,+7 9595 39 33,3,амУнИЦиЯ дЛЯ сОбаК,3,3510.51,89.49,caNcELleD,Нужно уточнить сроки,2024-06-09,0163694573363860
2029945885967,2024-06-02 11:43:36,СЕРгЕЙ сИДОРОв,+7 9595 39 33,5,Молоко,4,9664.09,2335.91,cancELlEd,Нужно уточнить сроки,2024-06-09,0163694573363860
2029945885967,2024-06-02 11:43:36,СЕРгЕЙ сИДОРОв,+7 9595 39 33,3,аМУНИцИя дЛя сОбак,4,4314.51,485.49,caNcELLED,Нужно уточнить сроки,2024-06-09,0163694573363860
2029945884571,2024/06/12 19:29:57,иВан ИвАНОв,+7 9839 46 33,5,молоКО,2,5116.46,883.54,CaNCELLeD,Ждём с нетерпением!,2024-06-05,4872872606853300
2029945884571,2024/06/12 19:29:57,иВан ИвАНОв,+7 9839 46 33,3,АМуНИциЯ ДЛЯ СобАк,5,5766.08,233.92,CANCElLED,Ждём с нетерпением!,2024-06-05,4872872606853300
2029945883779,2024/06/19 21:29:13,АЛекСЕй МИХАйлОв,+7 9313 55 26,1,КорМ дЛЯ собАк,4,1950.29,49.71,PrOceSsinG,Ждём с нетерпением!,2024/06/16,6757513762957660
2029945882774,2024/06/01 19:48:30,мИхАИл ОрЛОВ,+7 9919 06 18,4,пОДПиСка НА ГАзеТу,1,588.01,11.99,comPLETEd,"Задержка с доставкой, печалька...",2024/06/04,2062911637434064
2029945882774,2024/06/01 19:48:30,мИхАИл ОрЛОВ,+7 9919 06 18,1,Корм дЛя СОБак,2,931.37,68.63,cOMPleTed,"Задержка с доставкой, печалька...",2024/06/04,2062911637434064
2029945882774,2024/06/01 19:48:30,мИхАИл ОрЛОВ,+7 9919 06 18,4,пОДПиска нА гАзетУ,5,2449.23,550.77,COMpLEteD,"Задержка с доставкой, печалька...",2024/06/04,2062911637434064
2029945881899,07.06.2024 03:23,ИВаН иВанов,+7(9007)01-43,3,амуницИя ДЛЯ СОбАК,1,970.29,229.71,prOCESsINg,спасибо за заказ,2024-06-02,1868407751763301
2029945881899,07.06.2024 03:23,ИВаН иВанов,+7(9007)01-43,2,ИгРУШКА мяЧ,2,570.31,29.69,pRoCEssinG,спасибо за заказ,2024-06-02,1868407751763301
2029945881899,07.06.2024 03:23,ИВаН иВанов,+7(9007)01-43,2,ИГрУШКа мяЧ,5,1431.2,68.8,prOceSsiNG,спасибо за заказ,2024-06-02,1868407751763301
2029945881899,07.06.2024 03:23,ИВаН иВанов,+7(9007)01-43,5,МОлОкО,1,2788.73,211.27,pRoCEssIng,спасибо за заказ,2024-06-02,1868407751763301
2029945881899,07.06.2024 03:23,ИВаН иВанов,+7(9007)01-43,3,АМУНИция ДЛя СоБаК,2,1931.39,468.61,PROCEssIng,спасибо за заказ,2024-06-02,1868407751763301
2029945880548,2024-06-03 22:05:31,миХАил ОРЛОв,+7 9691 74 16,2,иГРуШКА МЯч,5,1223.48,276.52,comPleted,Всё отлично!,2024/06/13,3448918253968529
2029945880548,2024-06-03 22:05:31,миХАил ОРЛОв,+7 9691 74 16,2,игРушКА МяЧ,4,1098.46,101.54,COmPlETeD,Всё отлично!,2024/06/13,3448918253968529
2029945880548,2024-06-03 22:05:31,миХАил ОРЛОв,+7 9691 74 16,3,АмуНИция ДЛя СоБаК,4,4224.49,575.51,comPLeTED,Всё отлично!,2024/06/13,3448918253968529
2029945880548,2024-06-03 22:05:31,миХАил ОРЛОв,+7 9691 74 16,3,АМУНиЦИя Для СОбак,1,1180.39,19.61,cOMPLetED,Всё отлично!,2024/06/13,3448918253968529
2029945879967,2024-06-13 07:16:52,михаил ОрЛОв,+7 9705 29 74,1,КоРм для СОбаК,2,828.15,171.85,PROceSSING,"Задержка с доставкой, печалька...",20.06.2024,9809526686169433
2029945879967,2024-06-13 07:16:52,михаил ОрЛОв,+7 9705 29 74,5,мОЛоКО,5,13177.46,1822.54,prOCEssInG,"Задержка с доставкой, печалька...",20.06.2024,9809526686169433
2029945879967,2024-06-13 07:16:52,михаил ОрЛОв,+7 9705 29 74,4,подпиСка нА ГаЗЕтУ,2,1138.72,61.28,prOCeSSinG,"Задержка с доставкой, печалька...",20.06.2024,9809526686169433
2029945879967,2024-06-13 07:16:52,михаил ОрЛОв,+7 9705 29 74,2,игрУшКа МяЧ,1,243.04,56.96,prOCesSing,"Задержка с доставкой, печалька...",20.06.2024,9809526686169433
2029945879967,2024-06-13 07:16:52,михаил ОрЛОв,+7 9705 29 74,1,КОрМ ДлЯ собак,2,944.03,55.97,pRocessInG,"Задержка с доставкой, печалька...",20.06.2024,9809526686169433
2029945878711,2024-06-25 13:30:46,дМитРиЙ КУзНЕЦОв,8(9663) 57-21,3,амУНиЦИя ДЛя СОБак,5,5939.8,60.2,CoMPleTeD,Проверить наличие,22.06.2024,8824000993645901
2029945878711,2024-06-25 13:30:46,дМитРиЙ КУзНЕЦОв,8(9663) 57-21,1,корм ДЛЯ сОБАк,2,954.28,45.72,coMpleTEd,Проверить наличие,22.06.2024,8824000993645901
2029945878711,2024-06-25 13:30:46,дМитРиЙ КУзНЕЦОв,8(9663) 57-21,2,ИгРУшкА мЯч,1,249.03,50.97,coMPLEteD,Проверить наличие,22.06.2024,8824000993645901
2029945878711,2024-06-25 13:30:46,дМитРиЙ КУзНЕЦОв,8(9663) 57-21,1,коРМ ДЛЯ собАк,1,488.25,11.75,coMPleted,Проверить наличие,22.06.2024,8824000993645901
2029945877369,22.06.2024 19:56,анНа смиРНоВА,8(9608) 03-30,2,игРУшКА мЯч,3,796.5,103.5,COMpLETed,подарок вовремя,2024/06/16,4044656555212105
2029945877369,22.06.2024 19:56,анНа смиРНоВА,8(9608) 03-30,3,АмУНИЦИЯ ДлЯ сОбак,3,3026.95,573.05,coMpleted,подарок вовремя,2024/06/16,4044656555212105
2029945877369,22.06.2024 19:56,анНа смиРНоВА,8(9608) 03-30,4,ПОдПисКа На гАЗету,5,2641.42,358.58,cOMPlETED,подарок вовремя,2024/06/16,4044656555212105
2029945877369,22.06.2024 19:56,анНа смиРНоВА,8(9608) 03-30,2,иГрУшкА МЯч,4,1140.2,59.8,COmplETeD,подарок вовремя,2024/06/16,4044656555212105
2029945876803,2024-06-02 06:19:04,олЬГА кУЗНЕЦоВА,+7 9023 45 42,1,кОрМ длЯ СобаК,4,1844.43,155.57,CaNceLLed,спасибо за заказ,27.06.2024,3954536616138376
2029945876803,2024-06-02 06:19:04,олЬГА кУЗНЕЦоВА,+7 9023 45 42,1,кОрм ДЛя СОбак,4,1757.77,242.23,CancELLeD,спасибо за заказ,27.06.2024,3954536616138376
2029945876803,2024-06-02 06:19:04,олЬГА кУЗНЕЦоВА,+7 9023 45 42,1,коРм дЛя сОбаК,3,1388.5,111.5,cancEllEd,спасибо за заказ,27.06.2024,3954536616138376
2029945875588,11.06.2024 12:35,ОльГА куЗНЕЦОВа,+7(9521)29-99,2,иГруШкА МЯч,5,1421.86,78.14,COmpleTeD,Проверить наличие,25.06.2024,1646585235026177
2029945875588,11.06.2024 12:35,ОльГА куЗНЕЦОВа,+7(9521)29-99,5,молОкО,3,8947.44,52.56,COMpLETEd,Проверить наличие,25.06.2024,1646585235026177
2029945875588,11.06.2024 12:35,ОльГА куЗНЕЦОВа,+7(9521)29-99,2,иГрУШкА мяЧ,3,769.49,130.51,comPletED,Проверить наличие,25.06.2024,1646585235026177
2029945875588,11.06.2024 12:35,ОльГА куЗНЕЦОВа,+7(9521)29-99,5,мОЛокО,1,2852.75,147.25,coMpLetED,Проверить наличие,25.06.2024,1646585235026177
2029945874610,09.06.2024 04:09,аЛеКсей МиХаЙлов,+7 9548 66 05,1,кОрм Для СобАК,4,1693.47,306.53,COMpLeTed,Ждём с нетерпением!,23.06.2024,2051359825446532
2029945873233,2024-06-18 12:55:30,дмитрий КузНецОв,+7 9567 74 68,4,ПодПиска НА ГАзЕтУ,3,1739.76,60.24,PrOceSsiNg,Нужно уточнить сроки,2024-06-03,9433221215006358
2029945873233,2024-06-18 12:55:30,дмитрий КузНецОв,+7 9567 74 68,4,ПОДПиСКА нА гаЗеТУ,5,2693.91,306.09,PRoCesSiNG,Нужно уточнить сроки,2024-06-03,9433221215006358
2029945872101,2024/06/26 23:06:12,ЕлЕНа новиКоВа,+7(9306)08-28,4,ПодпИСка на гАЗЕТу,5,2411.86,588.14,PROCeSsING,спасибо за заказ,10.06.2024,5088837459555438
2029945872101,2024/06/26 23:06:12,ЕлЕНа новиКоВа,+7(9306)08-28,5,моЛОКО,3,7344.37,1655.63,pRoCesSiNG,спасибо за заказ,10.06.2024,5088837459555438
2029945872101,2024/06/26 23:06:12,ЕлЕНа новиКоВа,+7(9306)08-28,3,АмУницИя ДлЯ собак,3,3277.17,322.83,prOCesSiNg,спасибо за заказ,10.06.2024,5088837459555438
2029945872101,2024/06/26 23:06:12,ЕлЕНа новиКоВа,+7(9306)08-28,2,игруШКа Мяч,5,1257.83,242.17,PROCeSsINg,спасибо за заказ,10.06.2024,5088837459555438
2029945871401,18.06.2024 00:59,АЛЕкСеЙ МиХАйлов,+7(9679)73-06,4,поДПиСкА нА ГАЗЕТУ,2,1126.51,73.49,cOMpleTEd,Проверить наличие,2024/06/18,5953750075206536
2029945871401,18.06.2024 00:59,АЛЕкСеЙ МиХАйлов,+7(9679)73-06,5,МОЛоКо,1,2476.41,523.59,cOmPLeTed,Проверить наличие,2024/06/18,5953750075206536
2029945870665,2024-06-17 03:35:15,МАрИя пеТРОвА,+7 9197 96 71,2,иГрушка МЯч,5,1352.03,147.97,cOmpLETed,спасибо за заказ,2024-06-23,1899847036675961
2029945870665,2024-06-17 03:35:15,МАрИя пеТРОвА,+7 9197 96 71,1,корМ Для сОБак,1,480.09,19.91,comPleted,спасибо за заказ,2024-06-23,1899847036675961
2029945870665,2024-06-17 03:35:15,МАрИя пеТРОвА,+7 9197 96 71,1,корм длЯ СобаК,3,1234.76,265.24,COMpLeTED,спасибо за заказ,2024-06-23,1899847036675961
2029945869850,2024/06/22 22:35:52,МАрИя пЕТРОвА,+7 9562 11 47,3,АмуНИЦиЯ дЛя сОбАК,2,2335.24,64.76,COMpLeTED,Всё отлично!,2024/06/22,0084154277205917
2029945868586,28.06.2024 06:12,МИхаИл оРЛоВ,+7(9785)77-70,2,иГРуШКа МЯч,5,1378.6,121.4,cANCelLeD,"Задержка с доставкой, печалька...",2024/06/16,6616559959128292
2029945868586,28.06.2024 06:12,МИхаИл оРЛоВ,+7(9785)77-70,2,ИгрУшкА МЯч,5,1493.93,6.07,CanceLled,"Задержка с доставкой, печалька...",2024/06/16,6616559959128292
2029945868586,28.06.2024 06:12,МИхаИл оРЛоВ,+7(9785)77-70,4,пОДпИскА на гАЗЕТУ,4,2123.21,276.79,CancELled,"Задержка с доставкой, печалька...",2024/06/16,6616559959128292
2029945868586,28.06.2024 06:12,МИхаИл оРЛоВ,+7(9785)77-70,5,МоЛОкО,5,14746.36,253.64,caNceLLED,"Задержка с доставкой, печалька...",2024/06/16,6616559959128292
2029945868586,28.06.2024 06:12,МИхаИл оРЛоВ,+7(9785)77-70,2,ИГРушка мяч,4,1177.77,22.23,cAnceLlED,"Задержка с доставкой, печалька...",2024/06/16,6616559959128292
2029945867177,2024-06-19 09:12:07,аЛекСЕй МихайЛОВ,+7(9607)31-87,2,ИгРушКа МяЧ,1,258.78,41.22,PrOceSSIng,Проверить наличие,2024/06/04,7974598747028741
2029945867177,2024-06-19 09:12:07,аЛекСЕй МихайЛОВ,+7(9607)31-87,3,амуниЦия ДЛя сОБак,4,4681.83,118.17,pROCeSSing,Проверить наличие,2024/06/04,7974598747028741
2029945867177,2024-06-19 09:12:07,аЛекСЕй МихайЛОВ,+7(9607)31-87,2,ИгРуШКа МЯЧ,3,820.88,79.12,pRoCEssIng,Проверить наличие,2024/06/04,7974598747028741
2029945867177,2024-06-19 09:12:07,аЛекСЕй МихайЛОВ,+7(9607)31-87,1,КорМ дЛя собаК,2,952.04,47.96,ProCESsiNG,Проверить наличие,2024/06/04,7974598747028741
2029945866859,2024-06-08 20:36:50,МариЯ пЕТРОВА,+7(9697)82-55,5,мОлОКо,5,14866.7,133.3,CANcELLED,Нужно уточнить сроки,2024/06/28,8626587724885016
2029945865857,2024-06-15 12:15:25,ОЛьгА КуЗНеЦова,+7 9386 88 69,4,ПОДПИСкА нА ГазеТУ,3,1794.0,6.0,cANceLleD,Всё отлично!,2024/06/18,5550093300886213
2029945865857,2024-06-15 12:15:25,ОЛьгА КуЗНеЦова,+7 9386 88 69,2,иГрУШкА МЯЧ,4,1004.38,195.62,CANcEllEd,Всё отлично!,2024/06/18,5550093300886213
2029945865857,2024-06-15 12:15:25,ОЛьгА КуЗНеЦова,+7 9386 88 69,5,Молоко,4,9854.33,2145.67,cAncElLed,Всё отлично!,2024/06/18,5550093300886213
2029945865857,2024-06-15 12:15:25,ОЛьгА КуЗНеЦова,+7 9386 88 69,4,Подписка На ГАзЕтУ,3,1766.19,33.81,cANCellED,Всё отлично!,2024/06/18,5550093300886213
2029945865857,2024-06-15 12:15:25,ОЛьгА КуЗНеЦова,+7 9386 88 69,5,МОлОКо,1,2916.83,83.17,CAncElLed,Всё отлично!,2024/06/18,5550093300886213
2029945864983,2024/06/21 16:43:56,ОЛьга кузнецоВа,+7 9756 39 65,5,МОЛоКо,5,12283.77,2716.23,CancelleD,Проверить наличие,2024-06-27,6219528182887377
2029945864983,2024/06/21 16:43:56,ОЛьга кузнецоВа,+7 9756 39 65,3,АМуНИция ДлЯ СобаК,5,5188.0,812.0,CaNceLLED,Проверить наличие,2024-06-27,6219528182887377
2029945863125,2024/06/28 02:48:24,ДМиТРий КУЗНеЦоВ,+7 9571 95 17,5,МОЛОко,4,9786.68,2213.32,ComPlETed,Ждём с нетерпением!,2024/06/27,5496448275540615
2029945863125,2024/06/28 02:48:24,ДМиТРий КУЗНеЦоВ,+7 9571 95 17,1,корМ длЯ сОБак,3,1392.54,107.46,cOmPLEtED,Ждём с нетерпением!,2024/06/27,5496448275540615
2029945863125,2024/06/28 02:48:24,ДМиТРий КУЗНеЦоВ,+7 9571 95 17,1,кОрМ дЛя сОбАК,3,1493.2,6.8,cOMPLeTED,Ждём с нетерпением!,2024/06/27,5496448275540615
2029945863125,2024/06/28 02:48:24,ДМиТРий КУЗНеЦоВ,+7 9571 95 17,2,ИГрушКА МЯЧ,2,580.75,19.25,ComPleTed,Ждём с нетерпением!,2024/06/27,5496448275540615
2029945863125,2024/06/28 02:48:24,ДМиТРий КУЗНеЦоВ,+7 9571 95 17,2,иГРУшКа МЯч,4,1158.3,41.7,cOmplEtEd,Ждём с нетерпением!,2024/06/27,5496448275540615
2029945862628,2024/06/03 10:34:42,нАТаЛЬЯ вАСИльеВа,+7 9256 90 74,4,пОдПИСка на гаЗеТУ,1,532.76,67.24,cANCELLEd,Нужно уточнить сроки,2024-06-14,3158996726974319
2029945862628,2024/06/03 10:34:42,нАТаЛЬЯ вАСИльеВа,+7 9256 90 74,3,АМуНицИЯ дЛя СОБАК,4,4596.42,203.58,CANCelLeD,Нужно уточнить сроки,2024-06-14,3158996726974319
2029945862628,2024/06/03 10:34:42,нАТаЛЬЯ вАСИльеВа,+7 9256 90 74,3,аМУНиЦия для сОбАК,4,4529.38,270.62,CaNCEllEd,Нужно уточнить сроки,2024-06-14,3158996726974319
2029945862628,2024/06/03 10:34:42,нАТаЛЬЯ вАСИльеВа,+7 9256 90 74,1,КОрм дЛЯ соБак,1,488.41,11.59,CaNcElLEd,Нужно уточнить сроки,2024-06-14,3158996726974319
2029945861581,09.06.2024 00:12,ИВан ИВАнОВ,+7 9004 65 12,3,амУНИция ДЛЯ собАК,4,4054.57,745.43,CaNceLLed,спасибо за заказ,13.06.2024,7074360814625988
2029945861581,09.06.2024 00:12,ИВан ИВАнОВ,+7 9004 65 12,2,иГруШКа МяЧ,3,745.21,154.79,CANCeLlED,спасибо за заказ,13.06.2024,7074360814625988
2029945860925,2024/06/04 16:04:55,МИхаИл ОрлОВ,+7(9300)00-09,4,ПоДПИСКА нА гАзетУ,2,1087.72,112.28,cOMPLEtED,Ждём с нетерпением!,07.06.2024,0668438078040620
2029945860925,2024/06/04 16:04:55,МИхаИл ОрлОВ,+7(9300)00-09,5,МОлоко,2,4957.31,1042.69,cOMPLEted,Ждём с нетерпением!,07.06.2024,0668438078040620
2029945859196,2024/06/20 06:46:39,АЛеКСей МихАйлов,8(9448) 30-31,1,кОрМ дЛя собаК,2,825.44,174.56,proCesSiNG,подарок вовремя,2024/06/01,6421449293508332
2029945859196,2024/06/20 06:46:39,АЛеКСей МихАйлов,8(9448) 30-31,1,коРМ ДлЯ собАК,3,1494.37,5.63,PROcessiNG,подарок вовремя,2024/06/01,6421449293508332
2029945859196,2024/06/20 06:46:39,АЛеКСей МихАйлов,8(9448) 30-31,2,иГруШКА мяЧ,5,1263.23,236.77,PRoCeSsIng,подарок вовремя,2024/06/01,6421449293508332
2029945858178,25.06.2024 02:45,МИХаил ОрЛоВ,8(9938) 40-42,2,ИгРушКА МяЧ,4,1032.07,167.93,cOmPLETeD,Ждём с нетерпением!,2024-06-04,2105667216447571
2029945858178,25.06.2024 02:45,МИХаил ОрЛоВ,8(9938) 40-42,1,КОРМ ДЛЯ СоБАк,5,2152.67,347.33,COMPlEtEd,Ждём с нетерпением!,2024-06-04,2105667216447571
2029945857588,2024/06/29 13:42:08,иВан ИванОв,+7(9389)88-63,3,АМунИЦИЯ дЛЯ сОБак,2,2273.74,126.26,comPLEtED,Всё отлично!,2024/06/14,2203352047769666
2029945857588,2024/06/29 13:42:08,иВан ИванОв,+7(9389)88-63,2,игРуШкА мяч,3,741.94,158.06,cOmPLeted,Всё отлично!,2024/06/14,2203352047769666
2029945857588,2024/06/29 13:42:08,иВан ИванОв,+7(9389)88-63,1,кОрм Для собак,3,1464.96,35.04,CoMplETed,Всё отлично!,2024/06/14,2203352047769666
2029945857588,2024/06/29 13:42:08,иВан ИванОв,+7(9389)88-63,1,коРМ Для СобАК,1,461.62,38.38,coMPlETED,Всё отлично!,2024/06/14,2203352047769666
2029945857588,2024/06/29 13:42:08,иВан ИванОв,+7(9389)88-63,3,амуНиЦиЯ длЯ собАк,4,3889.31,910.69,coMPLeTEd,Всё отлично!,2024/06/14,2203352047769666
2029945856270,2024-06-23 22:49:35,ИВаН ИВАНОв,+7 9549 33 75,1,КоРм дЛЯ СОбАк,2,898.58,101.42,CoMplEtEd,Нужно уточнить сроки,2024/06/05,6622953139396821
2029945856270,2024-06-23 22:49:35,ИВаН ИВАНОв,+7 9549 33 75,5,мОЛоКо,5,12875.96,2124.04,cOmpLETed,Нужно уточнить сроки,2024/06/05,6622953139396821
2029946111105,26.06.2024 21:28,дМИтРиЙ КуЗНеЦОв,8(9956) 71-63,1,КОРм дЛЯ СОБак,5,2401.55,98.45,coMpleTED,Нужно уточнить сроки,25.06.2024,7391030793326976
2029946110801,2024/06/25 22:41:19,ДМитРИй КУзнЕЦоВ,+7 9930 96 45,3,АмУнициЯ дЛЯ СОбак,4,4537.41,262.59,PRocesSing,подарок вовремя,03.06.2024,7860890467671530
2029946110801,2024/06/25 22:41:19,ДМитРИй КУзнЕЦоВ,+7 9930 96 45,2,ИгруШКА МЯЧ,3,839.36,60.64,prOcEssIng,подарок вовремя,03.06.2024,7860890467671530
2029946110801,2024/06/25 22:41:19,ДМитРИй КУзнЕЦоВ,+7 9930 96 45,5,МОЛоко,2,5062.01,937.99,PRoCessiNG,подарок вовремя,03.06.2024,7860890467671530
2029946110801,2024/06/25 22:41:19,ДМитРИй КУзнЕЦоВ,+7 9930 96 45,3,АМУНИциЯ длЯ собак,3,3137.52,462.48,pRocEssiNg,подарок вовремя,03.06.2024,7860890467671530
2029946109704,2024-06-25 14:31:54,ЕЛеНа нОвИкоВа,+7 9549 96 71,4,пОдПИсКА НА гАзЕТУ,1,583.49,16.51,CaNCeLLED,Нужно уточнить сроки,2024/06/24,0614981599999913
2029946109704,2024-06-25 14:31:54,ЕЛеНа нОвИкоВа,+7 9549 96 71,2,иГРушкА МЯч,5,1450.55,49.45,cAnceLled,Нужно уточнить сроки,2024/06/24,0614981599999913
2029946109704,2024-06-25 14:31:54,ЕЛеНа нОвИкоВа,+7 9549 96 71,4,подПИСкА НА ГАзЕТу,2,1049.17,150.83,CaNCeLleD,Нужно уточнить сроки,2024/06/24,0614981599999913
2029946109704,2024-06-25 14:31:54,ЕЛеНа нОвИкоВа,+7 9549 96 71,3,АмунИЦия длЯ сОБаК,5,5692.84,307.16,CANCEllED,Нужно уточнить сроки,2024/06/24,0614981599999913
2029946109704,2024-06-25 14:31:54,ЕЛеНа нОвИкоВа,+7 9549 96 71,2,ИгРушкА МЯЧ,3,886.54,13.46,cancElleD,Нужно уточнить сроки,2024/06/24,0614981599999913
2029946108575,2024/06/24 08:10:58,МарИя ПЕТрОва,+7(9059)44-99,1,КОрМ ДЛя СоБАк,4,1828.16,171.84,cOMplEtED,Нужно уточнить сроки,2024-06-17,0337155671830321
2029946108575,2024/06/24 08:10:58,МарИя ПЕТрОва,+7(9059)44-99,3,АмунИцИЯ дЛЯ СобаК,1,1194.93,5.07,cOMpLeTeD,Нужно уточнить сроки,2024-06-17,0337155671830321
2029946108575,2024/06/24 08:10:58,МарИя ПЕТрОва,+7(9059)44-99,4,поДПисКА на гаЗЕтУ,2,1121.99,78.01,CoMPlETeD,Нужно уточнить сроки,2024-06-17,0337155671830321
2029946107387,28.06.2024 17:45,аННа сМирновА,8(9715) 09-91,1,КОрм дЛя соБАК,1,417.03,82.97,prOcESsIng,Ждём с нетерпением!,2024/06/30,0019686100646158
2029946107387,28.06.2024 17:45,аННа сМирновА,8(9715) 09-91,5,МОЛоко,3,8383.99,616.01,procESsiNG,Ждём с нетерпением!,2024/06/30,0019686100646158
2029946107387,28.06.2024 17:45,аННа сМирновА,8(9715) 09-91,4,ПОДПискА НА ГАЗЕТУ,1,517.16,82.84,pROceSsinG,Ждём с нетерпением!,2024/06/30,0019686100646158
2029946107387,28.06.2024 17:45,аННа сМирновА,8(9715) 09-91,3,амуНиция ДЛЯ СобАК,3,2994.62,605.38,Processing,Ждём с нетерпением!,2024/06/30,0019686100646158
2029946107387,28.06.2024 17:45,аННа сМирновА,8(9715) 09-91,2,иГруШка МЯч,4,1177.69,22.31,prOcESsINg,Ждём с нетерпением!,2024/06/30,0019686100646158
2029946106339,2024-06-30 20:28:56,нАтАлЬЯ ВАсИлЬЕВа,8(9120) 71-21,5,МолОко,4,9752.05,2247.95,canCELlEd,подарок вовремя,2024/06/05,3009462648224676
2029946106339,2024-06-30 20:28:56,нАтАлЬЯ ВАсИлЬЕВа,8(9120) 71-21,2,ИГРУшка мЯч,1,286.74,13.26,CaNcELleD,подарок вовремя,2024/06/05,3009462648224676
2029946105114,2024-06-29 16:24:15,АлЕксей миХАйЛов,+7 9677 26 07,2,ИГрУшка мяч,4,1038.91,161.09,PrOceSSIng,Нужно уточнить сроки,23.06.2024,7692699795910833
2029946105114,2024-06-29 16:24:15,АлЕксей миХАйЛов,+7 9677 26 07,3,аМУНициЯ Для сОБАк,5,5354.05,645.95,pROCEsSinG,Нужно уточнить сроки,23.06.2024,7692699795910833
2029946105114,2024-06-29 16:24:15,АлЕксей миХАйЛов,+7 9677 26 07,3,аМУНИЦия ДлЯ сОбАк,1,1178.24,21.76,PROCeSSINg,Нужно уточнить сроки,23.06.2024,7692699795910833
2029946105114,2024-06-29 16:24:15,АлЕксей миХАйЛов,+7 9677 26 07,3,АМУНИциЯ дЛЯ сОбАК,2,2025.23,374.77,pROCEssinG,Нужно уточнить сроки,23.06.2024,7692699795910833
2029946104384,2024/06/23 06:40:06,сЕРгей сиДОрОв,+7(9873)76-62,2,игРуШКа мЯч,5,1325.85,174.15,canCelLEd,спасибо за заказ,22.06.2024,7848242373031707
2029946104384,2024/06/23 06:40:06,сЕРгей сиДОрОв,+7(9873)76-62,3,АмУнИЦИЯ дЛЯ сОБак,2,2017.19,382.81,CAnCELLEd,спасибо за заказ,22.06.2024,7848242373031707
2029946104384,2024/06/23 06:40:06,сЕРгей сиДОрОв,+7(9873)76-62,3,АМуНИЦИЯ для СОБАк,4,4427.41,372.59,cancellED,спасибо за заказ,22.06.2024,7848242373031707
2029946103168,2024/06/15 03:34:30,мИХаил ОРЛоВ,+7(9107)22-52,1,КорМ ДЛЯ СобАк,5,2171.37,328.63,cOMPlEteD,Ждём с нетерпением!,2024/06/10,6170694355178229
2029946103168,2024/06/15 03:34:30,мИХаил ОРЛоВ,+7(9107)22-52,3,амуНИцИЯ длЯ собАК,1,1187.4,12.6,cOmPLETED,Ждём с нетерпением!,2024/06/10,6170694355178229
2029946102436,2024-06-25 00:40:00,СЕРГей СиДОРов,8(9231) 99-55,5,молоКо,2,5437.44,562.56,coMplEtEd,спасибо за заказ,20.06.2024,3244787492494025
2029946102436,2024-06-25 00:40:00,СЕРГей СиДОРов,8(9231) 99-55,3,АмунициЯ ДЛЯ СоБАк,2,2116.67,283.33,cOMPleTeD,спасибо за заказ,20.06.2024,3244787492494025
2029946101310,05.06.2024 13:13,ольГа КузнЕЦовА,+7 9924 93 59,1,кОРМ ДЛЯ СобАК,5,2099.08,400.92,PRoCEsSiNG,спасибо за заказ,2024/06/12,7281472849773950
2029946100233,2024/06/15 13:46:28,МиХаИл ОРЛов,8(9228) 29-90,4,пОДПИска на газЕТУ,5,2696.31,303.69,cANCeLlEd,Нужно уточнить сроки,2024-06-10,9639536630109126
2029946100233,2024/06/15 13:46:28,МиХаИл ОРЛов,8(9228) 29-90,1,КОрм для СОбаК,1,441.0,59.0,cANCELLEd,Нужно уточнить сроки,2024-06-10,9639536630109126
2029946100233,2024/06/15 13:46:28,МиХаИл ОРЛов,8(9228) 29-90,2,иГРУшка МяЧ,3,735.64,164.36,CanCELleD,Нужно уточнить сроки,2024-06-10,9639536630109126
2029946100233,2024/06/15 13:46:28,МиХаИл ОРЛов,8(9228) 29-90,1,КОРМ ДЛЯ сОБаК,3,1281.94,218.06,CaNCElLeD,Нужно уточнить сроки,2024-06-10,9639536630109126
2029946099746,06.06.2024 06:01,СЕрГей сидОРоВ,+7(9588)91-33,5,моЛоКо,1,2873.84,126.16,CANceLLEd,Проверить наличие,2024/06/11,2155389518383264
2029946099746,06.06.2024 06:01,СЕрГей сидОРоВ,+7(9588)91-33,1,кОрМ ДлЯ сОБаК,4,1778.32,221.68,CaNCelled,Проверить наличие,2024/06/11,2155389518383264
2029946099746,06.06.2024 06:01,СЕрГей сидОРоВ,+7(9588)91-33,3,АмУнИЦиЯ Для соБак,5,4978.06,1021.94,CAnCEllED,Проверить наличие,2024/06/11,2155389518383264
2029946099746,06.06.2024 06:01,СЕрГей сидОРоВ,+7(9588)91-33,5,МолОКО,3,7827.24,1172.76,CaNCELleD,Проверить наличие,2024/06/11,2155389518383264
2029946099746,06.06.2024 06:01,СЕрГей сидОРоВ,+7(9588)91-33,1,корм ДЛя собаК,5,2132.7,367.3,CaNceLLEd,Проверить наличие,2024/06/11,2155389518383264
2029946098734,2024/06/26 15:29:10,мАРИя ПеТРОвА,+7 9168 35 07,1,кОрМ ДлЯ соБаК,1,432.69,67.31,CANcELlED,Всё отлично!,2024/06/26,8028916106133298
2029946098734,2024/06/26 15:29:10,мАРИя ПеТРОвА,+7 9168 35 07,4,ПодписКа На гаЗЕтУ,1,572.12,27.88,cAnCeLLeD,Всё отлично!,2024/06/26,8028916106133298
2029946097644,16.06.2024 03:04,ольгА кУЗнЕцоВа,+7(9089)47-42,2,игруШКа МЯЧ,5,1430.85,69.15,coMpLETed,Нужно уточнить сроки,2024/06/06,9853971698895415
2029946097644,16.06.2024 03:04,ольгА кУЗнЕцоВа,+7(9089)47-42,1,КоРм ДЛя сОБАк,4,1947.86,52.14,COMPlETED,Нужно уточнить сроки,2024/06/06,9853971698895415
2029946097644,16.06.2024 03:04,ольгА кУЗнЕцоВа,+7(9089)47-42,3,АмуНиЦИЯ ДлЯ СОбАк,2,2244.73,155.27,cOMpLeTED,Нужно уточнить сроки,2024/06/06,9853971698895415
2029946096337,19.06.2024 15:40,маРия пЕТрОВа,+7(9505)51-22,3,АмУНИЦИя ДлЯ СобаК,4,3969.78,830.22,pRoceSsInG,подарок вовремя,20.06.2024,9098384402039914
2029946095219,2024-06-28 20:46:29,еЛЕнА НОвИкОва,8(9279) 69-19,4,ПОДпиСКа на газетУ,3,1545.63,254.37,cOMPlETEd,"Задержка с доставкой, печалька...",2024-06-26,6065774268564294
2029946095219,2024-06-28 20:46:29,еЛЕнА НОвИкОва,8(9279) 69-19,3,АМУнициЯ ДЛЯ собАК,5,5241.42,758.58,COmpLeTEd,"Задержка с доставкой, печалька...",2024-06-26,6065774268564294
2029946095219,2024-06-28 20:46:29,еЛЕнА НОвИкОва,8(9279) 69-19,2,иГРУШКА мЯЧ,2,487.99,112.01,CoMPleTED,"Задержка с доставкой, печалька...",2024-06-26,6065774268564294
2029946095219,2024-06-28 20:46:29,еЛЕнА НОвИкОва,8(9279) 69-19,1,КоРм ДлЯ СоБаК,2,935.75,64.25,CompleteD,"Задержка с доставкой, печалька...",2024-06-26,6065774268564294
2029946094335,2024/06/09 05:23:00,Сергей СИДОрОВ,+7 9897 43 42,2,иГруШКа МЯч,1,243.96,56.04,CAncellED,Нужно уточнить сроки,24.06.2024,8991775046803524
2029946094335,2024/06/09 05:23:00,Сергей СИДОрОВ,+7 9897 43 42,3,АМуНиЦИя дЛЯ СоБак,2,2275.26,124.74,canCeLleD,Нужно уточнить сроки,24.06.2024,8991775046803524
2029946094335,2024/06/09 05:23:00,Сергей СИДОрОВ,+7 9897 43 42,2,иГРУШкА мяЧ,2,567.9,32.1,CanCEllED,Нужно уточнить сроки,24.06.2024,8991775046803524
2029946094335,2024/06/09 05:23:00,Сергей СИДОрОВ,+7 9897 43 42,5,МОлоКО,1,2600.63,399.37,CaNceLlEd,Нужно уточнить сроки,24.06.2024,8991775046803524
2029946093741,2024-06-04 00:58:01,ЕлЕНа НОвИКоВа,+7 9713 37 55,3,амуНИциЯ длЯ собАК,4,4119.72,680.28,cOmPleTEd,подарок вовремя,2024-06-26,5121479307505658
2029946093741,2024-06-04 00:58:01,ЕлЕНа НОвИКоВа,+7 9713 37 55,3,аМуницИЯ дЛя собак,3,3241.26,358.74,cOmPLetEd,подарок вовремя,2024-06-26,5121479307505658
2029946093741,2024-06-04 00:58:01,ЕлЕНа НОвИКоВа,+7 9713 37 55,5,МОлоКо,2,4976.2,1023.8,complETED,подарок вовремя,2024-06-26,5121479307505658
2029946093741,2024-06-04 00:58:01,ЕлЕНа НОвИКоВа,+7 9713 37 55,4,поДпискА На ГаЗеТу,1,510.53,89.47,comPLeted,подарок вовремя,2024-06-26,5121479307505658
2029946093741,2024-06-04 00:58:01,ЕлЕНа НОвИКоВа,+7 9713 37 55,5,моЛоКО,2,5023.15,976.85,cOMpleTED,подарок вовремя,2024-06-26,5121479307505658
2029946092828,2024-06-01 21:11:41,мАРИя ПетРОва,+7 9366 41 78,5,мОЛОко,3,7428.8,1571.2,CAnCelLEd,"Задержка с доставкой, печалька...",2024/06/29,0627043898520760
2029946092828,2024-06-01 21:11:41,мАРИя ПетРОва,+7 9366 41 78,1,корм дЛя СОбаК,5,2044.42,455.58,CANCELLed,"Задержка с доставкой, печалька...",2024/06/29,0627043898520760
2029946092828,2024-06-01 21:11:41,мАРИя ПетРОва,+7 9366 41 78,3,амУницИЯ ДЛя соБак,3,3404.21,195.79,cAnCELLED,"Задержка с доставкой, печалька...",2024/06/29,0627043898520760
2029946091464,06.06.2024 03:48,иВаН иваНов,8(9624) 49-21,1,КоРМ ДлЯ СоБаК,2,952.69,47.31,CompLETeD,Ждём с нетерпением!,2024-06-08,7673830705230741
2029946091464,06.06.2024 03:48,иВаН иваНов,8(9624) 49-21,5,молОко,2,5639.97,360.03,CoMPLeTEd,Ждём с нетерпением!,2024-06-08,7673830705230741
2029946090477,2024/06/25 18:58:51,мИхаил ОрЛов,8(9624) 40-54,3,АмунициЯ ДлЯ соБАк,1,1110.31,89.69,CanCeLLed,"Задержка с доставкой, печалька...",2024-06-22,6459574577263885
2029946090477,2024/06/25 18:58:51,мИхаил ОрЛов,8(9624) 40-54,2,ИГРУШка мяЧ,3,854.11,45.89,cAncellEd,"Задержка с доставкой, печалька...",2024-06-22,6459574577263885
2029946089692,2024/06/15 09:18:58,МАрИЯ ПЕтрОВа,8(9444) 53-24,4,ПОдпИскА На ГаЗЕтУ,2,1184.39,15.61,coMpleteD,спасибо за заказ,26.06.2024,7806465384887006
2029946089692,2024/06/15 09:18:58,МАрИЯ ПЕтрОВа,8(9444) 53-24,4,подпИскА нА газеТУ,3,1629.59,170.41,COmpLETEd,спасибо за заказ,26.06.2024,7806465384887006
2029946089692,2024/06/15 09:18:58,МАрИЯ ПЕтрОВа,8(9444) 53-24,5,МолОкО,4,10027.51,1972.49,CoMpLEteD,спасибо за заказ,26.06.2024,7806465384887006
2029946088577,09.06.2024 03:29,Иван иВаНов,8(9742) 44-20,2,иГрУШкА мяЧ,4,982.62,217.38,CoMpLEted,подарок вовремя,16.06.2024,8054740026992226
2029946088577,09.06.2024 03:29,Иван иВаНов,8(9742) 44-20,5,МОлоко,1,2507.98,492.02,COMPlETed,подарок вовремя,16.06.2024,8054740026992226
2029946087803,24.06.2024 04:09,АлЕкСЕй МИХАйлОв,8(9735) 54-35,4,подПИсКа на гАЗЕТУ,3,1572.15,227.85,cAncElled,подарок вовремя,09.06.2024,4681347983910139
2029946087803,24.06.2024 04:09,АлЕкСЕй МИХАйлОв,8(9735) 54-35,5,МОЛОко,4,11715.37,284.63,cancELlEd,подарок вовремя,09.06.2024,4681347983910139
2029946086864,16.06.2024 21:53,ЕЛеНа НоВикоВА,+7 9373 37 29,4,ПодПИСка нА газЕту,5,2799.19,200.81,coMplETeD,"Задержка с доставкой, печалька...",2024-06-16,2521880110653866
2029946086864,16.06.2024 21:53,ЕЛеНа НоВикоВА,+7 9373 37 29,1,коРМ Для СОбаК,2,805.52,194.48,cOmPLETed,"Задержка с доставкой, печалька...",2024-06-16,2521880110653866
2029946086864,16.06.2024 21:53,ЕЛеНа НоВикоВА,+7 9373 37 29,5,моЛоКО,5,14387.02,612.98,COMpLeTeD,"Задержка с доставкой, печалька...",2024-06-16,2521880110653866
2029946086864,16.06.2024 21:53,ЕЛеНа НоВикоВА,+7 9373 37 29,2,ИгРушКА МяЧ,5,1220.13,279.87,COmpLeTED,"Задержка с доставкой, печалька...",2024-06-16,2521880110653866
2029946086864,16.06.2024 21:53,ЕЛеНа НоВикоВА,+7 9373 37 29,4,ПоДПИсКа нА ГазЕТУ,1,520.76,79.24,CoMplEtED,"Задержка с доставкой, печалька...",2024-06-16,2521880110653866
2029946085582,2024/06/14 01:20:30,еЛЕНА НОвИкОВа,+7 9975 47 36,4,ПоДПИСКА На гаЗетУ,2,1040.21,159.79,cOMPLeted,Проверить наличие,2024-06-21,3598776200849780
2029946085582,2024/06/14 01:20:30,еЛЕНА НОвИкОВа,+7 9975 47 36,3,аМУНиция Для СобАК,5,4924.85,1075.15,cOMPletED,Проверить наличие,2024-06-21,3598776200849780
2029946085582,2024/06/14 01:20:30,еЛЕНА НОвИкОВа,+7 9975 47 36,3,аМУНИЦия ДЛЯ собаК,2,1923.16,476.84,COMpLeTeD,Проверить наличие,2024-06-21,3598776200849780
2029946084400,2024/06/27 00:02:35,ИвАН ивАНов,+7(9585)14-25,3,АмУнИцИЯ длЯ сОБАк,5,5195.55,804.45,pROCessIng,"Задержка с доставкой, печалька...",2024/06/13,3239552233577239
2029946084400,2024/06/27 00:02:35,ИвАН ивАНов,+7(9585)14-25,4,поДПисКА на ГАЗЕТу,1,480.8,119.2,PROCeSsinG,"Задержка с доставкой, печалька...",2024/06/13,3239552233577239
2029946084400,2024/06/27 00:02:35,ИвАН ивАНов,+7(9585)14-25,2,ИГРушка мЯЧ,2,522.27,77.73,ProcesSiNg,"Задержка с доставкой, печалька...",2024/06/13,3239552233577239
2029946083777,29.06.2024 16:28,СЕрГЕй СИдоРов,+7(9923)52-33,2,ИгрУШКА Мяч,4,1011.08,188.92,canCeLleD,"Задержка с доставкой, печалька...",26.06.2024,2741138194395378
2029946083777,29.06.2024 16:28,СЕрГЕй СИдоРов,+7(9923)52-33,5,молОко,3,8673.6,326.4,CAncElLed,"Задержка с доставкой, печалька...",26.06.2024,2741138194395378
2029946083777,29.06.2024 16:28,СЕрГЕй СИдоРов,+7(9923)52-33,1,КорМ ДЛЯ СобАк,2,959.12,40.88,cANCeLled,"Задержка с доставкой, печалька...",26.06.2024,2741138194395378
2029946082751,2024-06-16 03:48:07,СерГЕЙ СИдороВ,+7(9281)67-61,2,игрУШкА мЯЧ,3,899.43,0.57,COmPleTed,Ждём с нетерпением!,16.06.2024,9036208119517566
2029946082751,2024-06-16 03:48:07,СерГЕЙ СИдороВ,+7(9281)67-61,4,пОдпИСкА на гАЗету,2,1085.04,114.96,ComPlETed,Ждём с нетерпением!,16.06.2024,9036208119517566
2029946082751,2024-06-16 03:48:07,СерГЕЙ СИдороВ,+7(9281)67-61,2,ИгРУШка мяч,3,840.32,59.68,COMPleted,Ждём с нетерпением!,16.06.2024,9036208119517566
2029946082751,2024-06-16 03:48:07,СерГЕЙ СИдороВ,+7(9281)67-61,3,амуницИЯ дЛя сОБак,1,1001.87,198.13,coMPLETeD,Ждём с нетерпением!,16.06.2024,9036208119517566
2029946082751,2024-06-16 03:48:07,СерГЕЙ СИдороВ,+7(9281)67-61,2,ИГРушкА МЯЧ,5,1439.42,60.58,comPlEtEd,Ждём с нетерпением!,16.06.2024,9036208119517566
2029946081683,05.06.2024 01:50,МАРИя ПЕТРоВа,+7(9618)74-56,1,КорМ ДлЯ СоБАк,1,489.95,10.05,caNCEllED,подарок вовремя,13.06.2024,2855602192200605
2029946080349,2024-06-10 00:00:51,алекСЕй МИХаЙлов,+7 9762 78 47,3,АмУНИЦИЯ ДлЯ собаК,5,5301.84,698.16,PRocESSInG,Проверить наличие,2024/06/20,6795130825211165
2029946079175,2024/06/02 10:51:03,анНА СМиРноВА,+7(9445)51-96,4,ПоДпИСКА НА ГазеТу,2,1108.17,91.83,COmPLETeD,Нужно уточнить сроки,2024-06-18,9630712015492919
2029946079175,2024/06/02 10:51:03,анНА СМиРноВА,+7(9445)51-96,5,мОЛОКО,2,5020.14,979.86,CompLEteD,Нужно уточнить сроки,2024-06-18,9630712015492919
2029946079175,2024/06/02 10:51:03,анНА СМиРноВА,+7(9445)51-96,4,пОДпиСКа На ГАЗеТУ,3,1722.08,77.92,coMpLeteD,Нужно уточнить сроки,2024-06-18,9630712015492919
2029946079175,2024/06/02 10:51:03,анНА СМиРноВА,+7(9445)51-96,4,подПиСКА на гаЗЕТу,1,596.6,3.4,CompLEteD,Нужно уточнить сроки,2024-06-18,9630712015492919
2029946078807,2024-06-13 04:42:15,иван иваНов,8(9756) 37-66,5,молоКо,2,5591.92,408.08,cANceLLED,подарок вовремя,2024-06-06,6165822374652901
2029946078807,2024-06-13 04:42:15,иван иваНов,8(9756) 37-66,3,АмУницИЯ дЛя СобаК,1,1030.61,169.39,CaNcElLED,подарок вовремя,2024-06-06,6165822374652901
2029946078807,2024-06-13 04:42:15,иван иваНов,8(9756) 37-66,2,иГРуШка МЯЧ,5,1273.73,226.27,cAnCELleD,подарок вовремя,2024-06-06,6165822374652901
2029946078807,2024-06-13 04:42:15,иван иваНов,8(9756) 37-66,3,АмунИциЯ длЯ СоБаК,3,2996.31,603.69,CANcelLEd,подарок вовремя,2024-06-06,6165822374652901
2029946078807,2024-06-13 04:42:15,иван иваНов,8(9756) 37-66,5,молоКо,4,11902.5,97.5,cAncELLed,подарок вовремя,2024-06-06,6165822374652901
2029946077272,2024-06-05 13:45:01,нАТаЛья ВасИлЬевА,+7(9915)35-35,3,аМУнИЦия для сОБАк,4,4302.47,497.53,pRoCeSSing,спасибо за заказ,2024/06/06,3987963835853837
2029946077272,2024-06-05 13:45:01,нАТаЛья ВасИлЬевА,+7(9915)35-35,5,моЛОКо,2,5180.15,819.85,pRoCESSing,спасибо за заказ,2024/06/06,3987963835853837
2029946077272,2024-06-05 13:45:01,нАТаЛья ВасИлЬевА,+7(9915)35-35,4,подПИСКА НА ГаЗЕТу,5,2848.49,151.51,prOCeSsINg,спасибо за заказ,2024/06/06,3987963835853837
2029946077272,2024-06-05 13:45:01,нАТаЛья ВасИлЬевА,+7(9915)35-35,1,коРМ для СоБАК,4,1725.15,274.85,PrOceSSInG,спасибо за заказ,2024/06/06,3987963835853837
2029946076510,2024/06/23 17:40:05,ивАН ИвАнОВ,+7(9541)72-25,4,ПОдпиСкА нА ГаЗеТУ,1,578.95,21.05,pROcesSIng,Нужно уточнить сроки,16.06.2024,9265179253961154
2029946076510,2024/06/23 17:40:05,ивАН ИвАнОВ,+7(9541)72-25,3,амУНиЦИя дЛЯ собак,3,3495.62,104.38,PROcessiNG,Нужно уточнить сроки,16.06.2024,9265179253961154
2029946076510,2024/06/23 17:40:05,ивАН ИвАнОВ,+7(9541)72-25,1,кОрМ ДЛЯ соБаК,4,1721.28,278.72,PRoceSSing,Нужно уточнить сроки,16.06.2024,9265179253961154
2029946076510,2024/06/23 17:40:05,ивАН ИвАнОВ,+7(9541)72-25,3,амуницИЯ для сОБАк,5,5677.78,322.22,pRocEssING,Нужно уточнить сроки,16.06.2024,9265179253961154
2029946076510,2024/06/23 17:40:05,ивАН ИвАнОВ,+7(9541)72-25,4,поДПиСка на ГАЗЕтУ,5,2769.96,230.04,pRoCessiNG,Нужно уточнить сроки,16.06.2024,9265179253961154
2029946075957,2024/06/26 21:42:06,иВаН ИваНОВ,+7(9774)80-24,4,ПоДПиСкА На ГАЗЕту,1,556.58,43.42,ComPlETED,Ждём с нетерпением!,2024-06-03,8198746965635692
2029946075957,2024/06/26 21:42:06,иВаН ИваНОВ,+7(9774)80-24,1,коРМ Для СобАк,1,416.73,83.27,COMPlEtED,Ждём с нетерпением!,2024-06-03,8198746965635692
2029946075957,2024/06/26 21:42:06,иВаН ИваНОВ,+7(9774)80-24,2,ИГРуШкА МЯч,2,532.88,67.12,complEtED,Ждём с нетерпением!,2024-06-03,8198746965635692
2029946074429,2024-06-25 09:06:18,ДмиТРИй кУзНЕЦОв,8(9572) 97-40,5,МОлОКО,1,2677.9,322.1,coMPlETEd,спасибо за заказ,05.06.2024,1786347842214004
2029946074429,2024-06-25 09:06:18,ДмиТРИй кУзНЕЦОв,8(9572) 97-40,5,Молоко,5,13390.03,1609.97,CoMPlEtEd,спасибо за заказ,05.06.2024,1786347842214004
2029946074429,2024-06-25 09:06:18,ДмиТРИй кУзНЕЦОв,8(9572) 97-40,5,моЛокО,2,5904.97,95.03,coMPLEteD,спасибо за заказ,05.06.2024,1786347842214004
2029946073197,2024-06-18 05:52:54,ОЛЬгА КузНецовА,8(9936) 56-93,4,ПОДпиСка нА ГАзЕту,1,509.06,90.94,coMpleTED,Проверить наличие,27.06.2024,4642802446097118
2029946073197,2024-06-18 05:52:54,ОЛЬгА КузНецовА,8(9936) 56-93,4,ПоДпиСка НА ГаЗЕТу,2,964.03,235.97,ComPlEteD,Проверить наличие,27.06.2024,4642802446097118
2029946073197,2024-06-18 05:52:54,ОЛЬгА КузНецовА,8(9936) 56-93,1,КорМ длЯ сОБАК,4,1927.69,72.31,completeD,Проверить наличие,27.06.2024,4642802446097118
2029946073197,2024-06-18 05:52:54,ОЛЬгА КузНецовА,8(9936) 56-93,5,молоКо,1,2878.43,121.57,COmpletED,Проверить наличие,27.06.2024,4642802446097118
2029946072527,2024/06/20 19:55:45,ДмИтРИЙ КузнЕцоВ,+7 9933 22 10,3,АМУНиция дЛЯ СобаК,1,1192.5,7.5,cOmpLeted,спасибо за заказ,2024/06/16,3730033608489787
2029946071890,23.06.2024 17:15,ИвАн ИВаНОв,+7 9104 04 89,4,ПодПИскА нА газетУ,2,1156.72,43.28,coMpLETed,Ждём с нетерпением!,06.06.2024,9796364897542313
2029946071890,23.06.2024 17:15,ИвАн ИВаНОв,+7 9104 04 89,3,аМуниЦиЯ ДЛя сОбАК,5,4884.97,1115.03,coMplETeD,Ждём с нетерпением!,06.06.2024,9796364897542313
2029946070919,12.06.2024 17:52,МИхаиЛ оРЛОВ,8(9336) 41-37,3,аМунИЦия Для соБАк,5,4829.48,1170.52,cOMpletEd,Всё отлично!,2024/06/07,7994032860840226
2029946070919,12.06.2024 17:52,МИхаиЛ оРЛОВ,8(9336) 41-37,5,МолОко,3,8250.28,749.72,cOMPLeTED,Всё отлично!,2024/06/07,7994032860840226
2029946070919,12.06.2024 17:52,МИхаиЛ оРЛОВ,8(9336) 41-37,2,игРУшкА мЯч,5,1444.75,55.25,coMpLeTeD,Всё отлично!,2024/06/07,7994032860840226
2029946070919,12.06.2024 17:52,МИхаиЛ оРЛОВ,8(9336) 41-37,2,иГРУШКА мЯЧ,3,749.13,150.87,COMPlEteD,Всё отлично!,2024/06/07,7994032860840226
2029946070919,12.06.2024 17:52,МИхаиЛ оРЛОВ,8(9336) 41-37,2,иГРУшКА мЯЧ,4,979.32,220.68,coMplEtED,Всё отлично!,2024/06/07,7994032860840226
2029946069641,2024/06/26 03:04:55,аННА смиРНОва,+7(9226)70-48,1,КоРм для соБАк,4,1892.18,107.82,cOMplEted,Нужно уточнить сроки,16.06.2024,7863815504883647
2029946069641,2024/06/26 03:04:55,аННА смиРНОва,+7(9226)70-48,5,МоЛокО,3,8142.41,857.59,cOMpLETed,Нужно уточнить сроки,16.06.2024,7863815504883647
2029946068767,14.06.2024 02:26,алЕкСЕй МиХАйЛОВ,+7 9673 65 33,3,амУНицИя для собак,1,1186.49,13.51,cAncelLEd,"Задержка с доставкой, печалька...",2024/06/21,2546262648137901
2029946068767,14.06.2024 02:26,алЕкСЕй МиХАйЛОВ,+7 9673 65 33,1,коРМ дЛя соБаК,5,2080.81,419.19,CANcEllED,"Задержка с доставкой, печалька...",2024/06/21,2546262648137901
2029946068767,14.06.2024 02:26,алЕкСЕй МиХАйЛОВ,+7 9673 65 33,3,амУНИЦИЯ ДЛя сОбаК,1,1042.43,157.57,cancElLEd,"Задержка с доставкой, печалька...",2024/06/21,2546262648137901
2029946068767,14.06.2024 02:26,алЕкСЕй МиХАйЛОВ,+7 9673 65 33,2,ИГруШка мЯч,4,1013.66,186.34,CANcElLeD,"Задержка с доставкой, печалька...",2024/06/21,2546262648137901
2029946068767,14.06.2024 02:26,алЕкСЕй МиХАйЛОВ,+7 9673 65 33,4,ПОДпИСка НА ГАЗеТУ,3,1458.34,341.66,cancELlED,"Задержка с доставкой, печалька...",2024/06/21,2546262648137901
2029946067963,2024-06-15 13:59:50,ДмИТрИй КузНЕЦОв,8(9284) 95-08,2,игрУШКа МяЧ,2,577.62,22.38,CaNceLLEd,Ждём с нетерпением!,09.06.2024,8610407978034970
2029946067963,2024-06-15 13:59:50,ДмИТрИй КузНЕЦОв,8(9284) 95-08,5,молоКо,3,8446.73,553.27,CaNCelLeD,Ждём с нетерпением!,09.06.2024,8610407978034970
2029946067963,2024-06-15 13:59:50,ДмИТрИй КузНЕЦОв,8(9284) 95-08,4,ПодпИска На ГАЗЕтУ,1,599.92,0.08,CaNcElLeD,Ждём с нетерпением!,09.06.2024,8610407978034970
2029946066998,2024-06-05 12:19:50,сергЕЙ сИдОроВ,+7 9588 66 66,5,МОлОкО,5,14160.55,839.45,canceLLeD,"Задержка с доставкой, печалька...",11.06.2024,3137300276149150
2029946066998,2024-06-05 12:19:50,сергЕЙ сИдОроВ,+7 9588 66 66,5,моЛоКо,4,10759.91,1240.09,caNCELLED,"Задержка с доставкой, печалька...",11.06.2024,3137300276149150
2029946066998,2024-06-05 12:19:50,сергЕЙ сИдОроВ,+7 9588 66 66,1,кОРМ ДлЯ СОБаК,4,1817.65,182.35,CANCelLED,"Задержка с доставкой, печалька...",11.06.2024,3137300276149150
2029946066998,2024-06-05 12:19:50,сергЕЙ сИдОроВ,+7 9588 66 66,4,поДПИСкА На гаЗеТу,3,1700.21,99.79,CAnCEllEd,"Задержка с доставкой, печалька...",11.06.2024,3137300276149150
2029946065218,2024-06-16 02:04:13,миХаиЛ ОРлов,8(9140) 69-29,5,молоКО,1,2696.54,303.46,pRoCessiNG,подарок вовремя,2024-06-09,9194762376584551
2029946064505,2024-06-06 05:43:57,сеРГЕй сиДОроВ,+7 9875 87 83,4,ПОдпИСкА НА гАЗеТу,1,491.55,108.45,cOmpletEd,Всё отлично!,2024-06-12,4670608406330908
2029946064505,2024-06-06 05:43:57,сеРГЕй сиДОроВ,+7 9875 87 83,4,подпИСКА нА ГаЗЕту,3,1493.68,306.32,cOMPlETed,Всё отлично!,2024-06-12,4670608406330908
2029946064505,2024-06-06 05:43:57,сеРГЕй сиДОроВ,+7 9875 87 83,1,КОРМ ДЛя Собак,4,1938.93,61.07,cOmplETeD,Всё отлично!,2024-06-12,4670608406330908
2029946064505,2024-06-06 05:43:57,сеРГЕй сиДОроВ,+7 9875 87 83,3,аМуниЦиЯ дЛЯ СоБак,2,1987.46,412.54,ComPLETeD,Всё отлично!,2024-06-12,4670608406330908
2029946064505,2024-06-06 05:43:57,сеРГЕй сиДОроВ,+7 9875 87 83,2,игрУшКА мЯч,5,1216.36,283.64,coMPlETED,Всё отлично!,2024-06-12,4670608406330908
2029946063841,2024-06-20 14:52:41,МИХаИЛ оРЛоВ,+7(9705)15-06,2,иГрУШКА мяЧ,3,786.92,113.08,pROCeSSING,Всё отлично!,2024/06/24,1029464267109923
2029946063841,2024-06-20 14:52:41,МИХаИЛ оРЛоВ,+7(9705)15-06,5,МОлОКО,3,7433.87,1566.13,pROCeSsiNG,Всё отлично!,2024/06/24,1029464267109923
2029946063841,2024-06-20 14:52:41,МИХаИЛ оРЛоВ,+7(9705)15-06,3,амУНицИЯ ДЛя сОбаК,3,3349.02,250.98,pROcessiNg,Всё отлично!,2024/06/24,1029464267109923
2029946062359,2024-06-23 11:01:21,ОЛьГа куЗнецоВА,+7 9635 50 66,4,поДПиска на гАЗЕтУ,3,1618.22,181.78,prOcessing,Нужно уточнить сроки,2024-06-15,9291947878944427
2029946062359,2024-06-23 11:01:21,ОЛьГа куЗнецоВА,+7 9635 50 66,1,КОРМ дЛя сОбАК,3,1330.64,169.36,pROCessING,Нужно уточнить сроки,2024-06-15,9291947878944427
2029946062359,2024-06-23 11:01:21,ОЛьГа куЗнецоВА,+7 9635 50 66,4,поДписКа на гАзетУ,5,2637.34,362.66,PRocessIng,Нужно уточнить сроки,2024-06-15,9291947878944427
2029946062359,2024-06-23 11:01:21,ОЛьГа куЗнецоВА,+7 9635 50 66,1,корМ длЯ СОБаК,4,1758.63,241.37,PROcEsSInG,Нужно уточнить сроки,2024-06-15,9291947878944427
2029946061863,21.06.2024 18:44,сЕРГЕй сИдОРОВ,+7 9698 81 57,1,КоРм Для СОбАК,5,2241.83,258.17,PrOCESSIng,Нужно уточнить сроки,2024/06/27,1751036053285275
2029946061863,21.06.2024 18:44,сЕРГЕй сИдОРОВ,+7 9698 81 57,5,МОлОКО,5,12947.76,2052.24,proCESSIng,Нужно уточнить сроки,2024/06/27,1751036053285275
2029946061863,21.06.2024 18:44,сЕРГЕй сИдОРОВ,+7 9698 81 57,2,игРУШКа МяЧ,5,1355.73,144.27,procESSIng,Нужно уточнить сроки,2024/06/27,1751036053285275
2029946061863,21.06.2024 18:44,сЕРГЕй сИдОРОВ,+7 9698 81 57,2,иГРушкА МЯЧ,4,1103.31,96.69,ProcesSING,Нужно уточнить сроки,2024/06/27,1751036053285275
2029946060825,14.06.2024 16:52,мАРИЯ пЕтРова,+7 9974 24 09,2,игрУШКА Мяч,5,1228.18,271.82,complETed,Ждём с нетерпением!,2024-06-01,1779540590871005
2029946060825,14.06.2024 16:52,мАРИЯ пЕтРова,+7 9974 24 09,5,МолоКО,1,2841.25,158.75,CompleTED,Ждём с нетерпением!,2024-06-01,1779540590871005
2029946060825,14.06.2024 16:52,мАРИЯ пЕтРова,+7 9974 24 09,2,иГРУшКа мЯч,4,1181.97,18.03,COmplEteD,Ждём с нетерпением!,2024-06-01,1779540590871005
2029946060825,14.06.2024 16:52,мАРИЯ пЕтРова,+7 9974 24 09,4,ПОдПИСКА НА гАЗетУ,5,2421.74,578.26,comPLETED,Ждём с нетерпением!,2024-06-01,1779540590871005
2029946059665,2024-06-10 18:40:10,алЕкСей МИхАйлОВ,8(9703) 18-94,4,ПОдписка НА гАзетУ,4,2016.92,383.08,CAnCELlED,"Задержка с доставкой, печалька...",2024-06-09,5858472275970323
2029946059665,2024-06-10 18:40:10,алЕкСей МИхАйлОВ,8(9703) 18-94,5,мОлОко,4,9871.71,2128.29,CAnCELled,"Задержка с доставкой, печалька...",2024-06-09,5858472275970323
2029946059665,2024-06-10 18:40:10,алЕкСей МИхАйлОВ,8(9703) 18-94,2,ИгРушкА МЯЧ,3,789.9,110.1,cANCELlEd,"Задержка с доставкой, печалька...",2024-06-09,5858472275970323
2029946058261,2024/06/05 13:35:34,аНнА сМИрнОВа,+7(9727)69-97,3,АМУниЦИЯ ДЛЯ собак,4,4455.27,344.73,CANcelLED,Всё отлично!,2024-06-18,8464039284769606
2029946058261,2024/06/05 13:35:34,аНнА сМИрнОВа,+7(9727)69-97,3,АмуНИЦИя дЛЯ СОбАк,5,5179.09,820.91,CaNCELleD,Всё отлично!,2024-06-18,8464039284769606
2029946057714,02.06.2024 09:26,дМИТриЙ кУЗнеЦоВ,+7(9757)49-31,3,амУНициЯ ДЛЯ соБАк,3,3277.71,322.29,CancellED,Нужно уточнить сроки,29.06.2024,2835283476456458
2029946056912,2024/06/05 09:22:04,алЕксеЙ МИХаЙЛОв,+7 9315 45 08,5,мОлоКО,3,8718.69,281.31,pROCeSSING,спасибо за заказ,2024/06/09,1069231873284691
2029946056912,2024/06/05 09:22:04,алЕксеЙ МИХаЙЛОв,+7 9315 45 08,4,ПодПиСКА На ГазЕту,1,533.15,66.85,PRoCEssiNG,спасибо за заказ,2024/06/09,1069231873284691
2029946056912,2024/06/05 09:22:04,алЕксеЙ МИХаЙЛОв,+7 9315 45 08,3,аМУНициЯ дЛя СОБаК,1,1000.1,199.9,pROceSSiNg,спасибо за заказ,2024/06/09,1069231873284691
2029946056912,2024/06/05 09:22:04,алЕксеЙ МИХаЙЛОв,+7 9315 45 08,3,АмУниЦиЯ дЛя собАк,2,2370.43,29.57,pRoCESsiNG,спасибо за заказ,2024/06/09,1069231873284691
2029946056912,2024/06/05 09:22:04,алЕксеЙ МИХаЙЛОв,+7 9315 45 08,4,ПоДпИСКА На гАЗеТу,3,1560.2,239.8,PRocessiNG,спасибо за заказ,2024/06/09,1069231873284691
2029946055769,2024-06-29 07:50:11,ИВаН ИвАНОв,8(9161) 45-64,3,АмуНИциЯ ДЛЯ СоБАк,2,2384.25,15.75,PRoceSSINg,"Задержка с доставкой, печалька...",07.06.2024,1740379072279339
2029946055769,2024-06-29 07:50:11,ИВаН ИвАНОв,8(9161) 45-64,4,ПОдпиСкА НА ГАЗеТУ,1,577.44,22.56,PROCESsInG,"Задержка с доставкой, печалька...",07.06.2024,1740379072279339
2029946055769,2024-06-29 07:50:11,ИВаН ИвАНОв,8(9161) 45-64,5,МоЛОКО,5,14384.29,615.71,PROceSsiNG,"Задержка с доставкой, печалька...",07.06.2024,1740379072279339
2029946055769,2024-06-29 07:50:11,ИВаН ИвАНОв,8(9161) 45-64,4,ПОДПИСкА На ГазеТу,1,543.93,56.07,PRocESSIng,"Задержка с доставкой, печалька...",07.06.2024,1740379072279339
2029946054655,14.06.2024 09:12,МАРИя ПеТРОва,+7(9742)17-84,1,коРМ ДЛЯ СоБаК,1,402.54,97.46,caNcElLEd,Ждём с нетерпением!,19.06.2024,5251617640692798
2029946054655,14.06.2024 09:12,МАРИя ПеТРОва,+7(9742)17-84,4,пОДПИска На гАЗЕтУ,3,1481.59,318.41,CancElleD,Ждём с нетерпением!,19.06.2024,5251617640692798
2029946054655,14.06.2024 09:12,МАРИя ПеТРОва,+7(9742)17-84,2,иГРуШкА Мяч,2,561.27,38.73,CANCElLed,Ждём с нетерпением!,19.06.2024,5251617640692798
2029946054655,14.06.2024 09:12,МАРИя ПеТРОва,+7(9742)17-84,4,пОдпИсКа на газЕТу,1,510.98,89.02,CANCELLeD,Ждём с нетерпением!,19.06.2024,5251617640692798
2029946053986,2024-06-30 12:37:30,АНна сМИРновА,8(9625) 06-58,3,АмУНИЦия дЛЯ собак,2,2062.46,337.54,CanCelLeD,подарок вовремя,17.06.2024,6893816152375050
2029946053986,2024-06-30 12:37:30,АНна сМИРновА,8(9625) 06-58,2,ИгруШкА мЯЧ,1,262.15,37.85,CanceLlEd,подарок вовремя,17.06.2024,6893816152375050
2029946052447,25.06.2024 12:21,иван ивАнОВ,+7 9090 50 42,3,амуНИЦия ДлЯ собаК,2,2238.97,161.03,PrOCesSiNG,Всё отлично!,2024-06-19,9727420551835613
2029946051170,2024/06/29 06:09:21,МарИЯ петРОВа,+7 9505 15 97,3,аМуНИЦиЯ Для сОбак,1,970.16,229.84,cANCElLED,Всё отлично!,2024/06/23,4350836416220915
2029946051170,2024/06/29 06:09:21,МарИЯ петРОВа,+7 9505 15 97,3,АМунИЦИЯ дЛя собАК,3,3255.86,344.14,caNCeLLEd,Всё отлично!,2024/06/23,4350836416220915
2029946051170,2024/06/29 06:09:21,МарИЯ петРОВа,+7 9505 15 97,2,ИгрушКА МЯЧ,5,1497.33,2.67,CancElLed,Всё отлично!,2024/06/23,4350836416220915
2029946051170,2024/06/29 06:09:21,МарИЯ петРОВа,+7 9505 15 97,3,аМУНицИя для сОбаК,1,983.02,216.98,CanceLlEd,Всё отлично!,2024/06/23,4350836416220915
2029946051170,2024/06/29 06:09:21,МарИЯ петРОВа,+7 9505 15 97,4,ПОДпиСка На гАЗеТу,5,2867.95,132.05,CancElled,Всё отлично!,2024/06/23,4350836416220915
2029946050135,2024/06/09 04:09:26,анна сМИрНоВа,+7(9804)75-50,3,АМунИЦИя Для СоБАк,5,5259.99,740.01,prOcEsSIng,"Задержка с доставкой, печалька...",16.06.2024,3242456991355861
2029946050135,2024/06/09 04:09:26,анна сМИрНоВа,+7(9804)75-50,4,подпИсКА на ГАЗетУ,5,2910.69,89.31,PROCEsSINg,"Задержка с доставкой, печалька...",16.06.2024,3242456991355861
2029946050135,2024/06/09 04:09:26,анна сМИрНоВа,+7(9804)75-50,3,амУниЦИЯ ДлЯ СобАк,3,3196.75,403.25,PrOCESsinG,"Задержка с доставкой, печалька...",16.06.2024,3242456991355861
2029946050135,2024/06/09 04:09:26,анна сМИрНоВа,+7(9804)75-50,5,моЛоко,3,7816.0,1184.0,pRocESsInG,"Задержка с доставкой, печалька...",16.06.2024,3242456991355861
2029946049430,2024/06/08 19:41:27,СеРГеЙ СиДОРоВ,+7 9269 02 38,5,МолОКО,5,14370.5,629.5,coMpLEtEd,"Задержка с доставкой, печалька...",2024-06-25,6183652225894103
2029946049430,2024/06/08 19:41:27,СеРГеЙ СиДОРоВ,+7 9269 02 38,5,МоЛОКо,3,8416.39,583.61,COmpLEtED,"Задержка с доставкой, печалька...",2024-06-25,6183652225894103
2029946048287,2024-06-04 14:40:50,НатАлья васИльевА,+7 9007 98 95,2,игрУШкА Мяч,3,789.06,110.94,complEtEd,Нужно уточнить сроки,30.06.2024,2989832060478457
2029946047243,16.06.2024 08:54,мАрия ПетРоВа,8(9738) 65-05,1,коРМ Для собАк,1,462.27,37.73,CompLeted,Всё отлично!,2024/06/18,4095285032540023
2029946047243,16.06.2024 08:54,мАрия ПетРоВа,8(9738) 65-05,1,Корм для соБАк,3,1242.13,257.87,comPleTEd,Всё отлично!,2024/06/18,4095285032540023
2029946047243,16.06.2024 08:54,мАрия ПетРоВа,8(9738) 65-05,2,иГрУШка МяЧ,3,780.02,119.98,CoMPleteD,Всё отлично!,2024/06/18,4095285032540023
2029946046744,16.06.2024 08:54,мАРИя ПЕтРОвА,+7 9723 36 74,2,иГРушка МяЧ,1,252.27,47.73,COMplEtED,"Задержка с доставкой, печалька...",17.06.2024,5744525724693382
2029946046744,16.06.2024 08:54,мАРИя ПЕтРОвА,+7 9723 36 74,1,КОРм дЛя СоБАк,2,946.74,53.26,compLeTeD,"Задержка с доставкой, печалька...",17.06.2024,5744525724693382
2029946046744,16.06.2024 08:54,мАРИя ПЕтРОвА,+7 9723 36 74,2,ИГрУшка мяЧ,4,1168.02,31.98,CoMPLETED,"Задержка с доставкой, печалька...",17.06.2024,5744525724693382
2029946046744,16.06.2024 08:54,мАРИя ПЕтРОвА,+7 9723 36 74,4,ПоДПИСка нА ГаЗЕту,2,1078.37,121.63,cOmPLETeD,"Задержка с доставкой, печалька...",17.06.2024,5744525724693382
2029946045812,14.06.2024 06:54,сЕргеЙ СИдоРОВ,+7(9403)44-14,1,кОРм ДЛя сОБак,5,2081.35,418.65,COMpleted,Проверить наличие,2024-06-15,5640897092012202
2029946045812,14.06.2024 06:54,сЕргеЙ СИдоРОВ,+7(9403)44-14,5,мОЛокО,1,2440.86,559.14,COMPLeTEd,Проверить наличие,2024-06-15,5640897092012202
2029946045812,14.06.2024 06:54,сЕргеЙ СИдоРОВ,+7(9403)44-14,4,поДПИсКА НА ГАзеТу,4,2088.23,311.77,cOMpleTed,Проверить наличие,2024-06-15,5640897092012202
2029946045812,14.06.2024 06:54,сЕргеЙ СИдоРОВ,+7(9403)44-14,3,амУНиция ДлЯ СОБАк,2,1975.7,424.3,comPlETeD,Проверить наличие,2024-06-15,5640897092012202
2029946045812,14.06.2024 06:54,сЕргеЙ СИдоРОВ,+7(9403)44-14,2,ИГруШКа мяЧ,3,771.92,128.08,coMPleTED,Проверить наличие,2024-06-15,5640897092012202
2029946044123,2024-06-06 22:30:17,МИхаИл ОРлОВ,+7(9293)84-62,3,АМУНИциЯ дЛя сОБАК,1,1165.92,34.08,cOMPleteD,"Задержка с доставкой, печалька...",27.06.2024,1108572849637341
2029946044123,2024-06-06 22:30:17,МИхаИл ОРлОВ,+7(9293)84-62,5,молоко,4,11633.53,366.47,COMPLETED,"Задержка с доставкой, печалька...",27.06.2024,1108572849637341
2029946044123,2024-06-06 22:30:17,МИхаИл ОРлОВ,+7(9293)84-62,5,МолоКо,5,12347.78,2652.22,cOmPLEted,"Задержка с доставкой, печалька...",27.06.2024,1108572849637341
2029946043927,2024-06-26 12:52:47,сЕРгеЙ сидОров,8(9393) 88-13,2,ИгрУшка МЯч,1,261.34,38.66,comPLEteD,Проверить наличие,07.06.2024,1134644073501978
2029946042859,2024-06-21 19:30:34,МиХАИЛ оРЛоВ,8(9405) 69-84,2,иГрушКА мЯЧ,1,268.49,31.51,procesSING,Всё отлично!,2024/06/10,3847532175907359
2029946042859,2024-06-21 19:30:34,МиХАИЛ оРЛоВ,8(9405) 69-84,2,ИГрушка мяч,5,1303.86,196.14,PrOceSSiNg,Всё отлично!,2024/06/10,3847532175907359
2029946041480,13.06.2024 08:27,ивАн иванОВ,8(9856) 14-35,2,игРУшкА МЯЧ,2,498.17,101.83,COmpleTEd,Ждём с нетерпением!,2024-06-05,2737560945807113
2029946041480,13.06.2024 08:27,ивАн иванОВ,8(9856) 14-35,1,корм ДЛЯ СоБаК,5,2076.88,423.12,COmPLEtED,Ждём с нетерпением!,2024-06-05,2737560945807113
2029946041480,13.06.2024 08:27,ивАн иванОВ,8(9856) 14-35,3,АМУнициЯ ДЛя сОбаК,2,2027.92,372.08,coMpletEd,Ждём с нетерпением!,2024-06-05,2737560945807113
2029946041480,13.06.2024 08:27,ивАн иванОВ,8(9856) 14-35,1,Корм ДлЯ соБАк,2,941.83,58.17,coMpLEtEd,Ждём с нетерпением!,2024-06-05,2737560945807113
2029946040468,29.06.2024 20:45,МихАИл ОРлОв,+7(9445)87-68,3,амунИЦия ДЛя соБАк,4,4761.69,38.31,ProCeSsing,"Задержка с доставкой, печалька...",2024-06-05,3144774714814117
2029946040468,29.06.2024 20:45,МихАИл ОРлОв,+7(9445)87-68,1,корМ дЛЯ Собак,1,412.57,87.43,PRoCeSSInG,"Задержка с доставкой, печалька...",2024-06-05,3144774714814117
2029946040468,29.06.2024 20:45,МихАИл ОРлОв,+7(9445)87-68,5,мОлоКо,5,14464.34,535.66,pROCESSiNg,"Задержка с доставкой, печалька...",2024-06-05,3144774714814117
2029946039996,2024-06-18 21:57:50,дмИТрИй КУзнЕЦоВ,+7(9180)06-65,3,аМУнИцИЯ для СОБаК,1,1192.09,7.91,pROCESsINg,Всё отлично!,2024/06/20,7122058181075768
2029946039996,2024-06-18 21:57:50,дмИТрИй КУзнЕЦоВ,+7(9180)06-65,5,МоЛоко,5,13874.44,1125.56,pRocESSINg,Всё отлично!,2024/06/20,7122058181075768
2029946039996,2024-06-18 21:57:50,дмИТрИй КУзнЕЦоВ,+7(9180)06-65,4,ПоДпискА На ГАЗЕту,3,1640.76,159.24,proCESsing,Всё отлично!,2024/06/20,7122058181075768
2029946039996,2024-06-18 21:57:50,дмИТрИй КУзнЕЦоВ,+7(9180)06-65,1,КОрм длЯ СОбАК,4,1762.42,237.58,PrOCESSing,Всё отлично!,2024/06/20,7122058181075768
2029946038681,2024/06/24 10:08:38,оЛЬГа кУзНЕцова,8(9719) 23-06,5,МоЛоКО,3,7991.64,1008.36,cOmplETEd,Проверить наличие,2024-06-26,4404093590518115
2029946038681,2024/06/24 10:08:38,оЛЬГа кУзНЕцова,8(9719) 23-06,5,МолОКо,1,2809.13,190.87,cOMpLeted,Проверить наличие,2024-06-26,4404093590518115
2029946038681,2024/06/24 10:08:38,оЛЬГа кУзНЕцова,8(9719) 23-06,5,МОЛОКО,3,7587.03,1412.97,completEd,Проверить наличие,2024-06-26,4404093590518115
2029946037311,18.06.2024 01:52,ивАн ИВАнОв,+7(9744)56-13,2,ИГРУшка Мяч,4,1110.26,89.74,CoMPLetED,подарок вовремя,06.06.2024,2233059484753970
2029946036800,04.06.2024 06:24,елЕнА НоВИкоВА,+7 9102 31 06,3,аМУНициЯ Для сОбак,5,5616.53,383.47,CanceLleD,Всё отлично!,2024/06/13,8880705395890627
2029946036800,04.06.2024 06:24,елЕнА НоВИкоВА,+7 9102 31 06,2,игруШкА мяч,3,897.6,2.4,CancELlED,Всё отлично!,2024/06/13,8880705395890627
2029946036800,04.06.2024 06:24,елЕнА НоВИкоВА,+7 9102 31 06,3,АмУНиЦия ДЛЯ СоБак,4,4056.78,743.22,CancELLED,Всё отлично!,2024/06/13,8880705395890627
2029946035112,2024/06/02 22:57:47,АНна сМИрНоВа,+7 9004 81 37,2,иГрУшКА мяЧ,3,784.92,115.08,procEssInG,спасибо за заказ,2024/06/24,0928287135854733
2029946034832,2024/06/20 13:59:55,сЕРгЕЙ СидоРов,+7(9568)31-63,1,корм ДЛЯ собак,2,860.06,139.94,cAnceLlEd,Нужно уточнить сроки,2024/06/22,7291756970941837
2029946034832,2024/06/20 13:59:55,сЕРгЕЙ СидоРов,+7(9568)31-63,2,ИГрушКа мяЧ,3,754.1,145.9,caNcELleD,Нужно уточнить сроки,2024/06/22,7291756970941837
2029946033724,2024-06-19 11:19:24,ольгА КузнецОВА,+7(9164)61-10,4,подпИсКА НА ГазеТу,5,2773.72,226.28,coMPlEteD,Проверить наличие,2024/06/24,1155109547357621
2029946033724,2024-06-19 11:19:24,ольгА КузнецОВА,+7(9164)61-10,2,иГрУШКа МЯЧ,1,241.59,58.41,CoMpLeTEd,Проверить наличие,2024/06/24,1155109547357621
2029946033724,2024-06-19 11:19:24,ольгА КузнецОВА,+7(9164)61-10,4,ПоДпИсКа НА ГазеТУ,1,566.01,33.99,COmPleted,Проверить наличие,2024/06/24,1155109547357621
2029946032824,10.06.2024 14:04,АлексеЙ МихАЙлов,+7 9241 64 56,1,кОрМ длЯ собак,3,1400.99,99.01,CANCEllEd,Всё отлично!,2024-06-08,4264161738728598
2029946031507,2024-06-27 11:58:45,МаРИя ПеТрОвА,8(9770) 43-20,5,молоКо,2,5764.49,235.51,COMpLETED,Нужно уточнить сроки,2024/06/13,2185242789231914
2029946030717,2024/06/24 21:51:47,сергеЙ сидОрОв,+7(9102)46-04,4,пОДПИСкА на ГАЗЕТу,3,1690.3,109.7,CancElled,Проверить наличие,2024/06/07,6780228193277952
2029946029536,26.06.2024 11:05,сеРгеЙ СиДоРоВ,+7 9673 36 13,1,кОРм Для соБАК,2,854.76,145.24,cOMPLeTED,Всё отлично!,2024/06/25,9227665756631529
2029946029536,26.06.2024 11:05,сеРгеЙ СиДоРоВ,+7 9673 36 13,5,МолоКо,4,11131.62,868.38,cOmpLeTed,Всё отлично!,2024/06/25,9227665756631529
2029946029536,26.06.2024 11:05,сеРгеЙ СиДоРоВ,+7 9673 36 13,2,ИгРУшкА МЯч,4,1186.53,13.47,cOMPLetEd,Всё отлично!,2024/06/25,9227665756631529
2029946029536,26.06.2024 11:05,сеРгеЙ СиДоРоВ,+7 9673 36 13,2,ИГрУШкА МяЧ,4,1092.73,107.27,comPleted,Всё отлично!,2024/06/25,9227665756631529
2029946028381,04.06.2024 00:59,еЛЕна нОВиКОВА,+7 9368 80 44,4,ПоДпискА НА гаЗеТу,5,2881.74,118.26,cOMPLetED,Проверить наличие,2024-06-10,1669737266204664
2029946028381,04.06.2024 00:59,еЛЕна нОВиКОВА,+7 9368 80 44,5,МОЛокО,2,5988.98,11.02,ComplETed,Проверить наличие,2024-06-10,1669737266204664
2029946028381,04.06.2024 00:59,еЛЕна нОВиКОВА,+7 9368 80 44,2,ИГРуШкА МЯч,3,785.85,114.15,cOMPletEd,Проверить наличие,2024-06-10,1669737266204664
2029946027448,24.06.2024 20:46,ДМитРИЙ кУЗНецОВ,+7(9451)46-36,2,игрушКА МЯч,2,561.14,38.86,cOmpLETED,Проверить наличие,23.06.2024,9396135594230846
2029946027448,24.06.2024 20:46,ДМитРИЙ кУЗНецОВ,+7(9451)46-36,1,КОрМ ДЛя СобАК,5,2405.79,94.21,cOMPLeTED,Проверить наличие,23.06.2024,9396135594230846
2029946027448,24.06.2024 20:46,ДМитРИЙ кУЗНецОВ,+7(9451)46-36,3,амУниция для соБАК,1,1059.6,140.4,coMPLEtED,Проверить наличие,23.06.2024,9396135594230846
2029946027448,24.06.2024 20:46,ДМитРИЙ кУЗНецОВ,+7(9451)46-36,1,Корм ДЛЯ собАК,4,1703.27,296.73,coMpleTed,Проверить наличие,23.06.2024,9396135594230846
2029946027448,24.06.2024 20:46,ДМитРИЙ кУЗНецОВ,+7(9451)46-36,5,МОлОкО,1,2474.34,525.66,ComPlEtED,Проверить наличие,23.06.2024,9396135594230846
2029946026889,2024/06/19 09:16:00,иВАн иваНоВ,+7 9997 97 90,1,КоРМ ДЛЯ Собак,4,1612.95,387.05,CoMpLETeD,подарок вовремя,2024-06-06,4034885609968664
2029946026889,2024/06/19 09:16:00,иВАн иваНоВ,+7 9997 97 90,5,мОЛОкО,1,2789.57,210.43,COMPlEtEd,подарок вовремя,2024-06-06,4034885609968664
2029946026889,2024/06/19 09:16:00,иВАн иваНоВ,+7 9997 97 90,5,МОЛОко,4,11460.07,539.93,ComPleTed,подарок вовремя,2024-06-06,4034885609968664
2029946026889,2024/06/19 09:16:00,иВАн иваНоВ,+7 9997 97 90,3,АМУниЦИЯ для СобАк,2,2127.38,272.62,cOmPLEteD,подарок вовремя,2024-06-06,4034885609968664
2029946025187,21.06.2024 19:12,аЛЕкСЕй михайЛов,+7 9987 06 11,2,иГрУШКА мяЧ,4,990.07,209.93,COMPLEteD,"Задержка с доставкой, печалька...",2024/06/23,4400002215884878
2029946025187,21.06.2024 19:12,аЛЕкСЕй михайЛов,+7 9987 06 11,5,мОлоКо,2,5807.09,192.91,ComPLEted,"Задержка с доставкой, печалька...",2024/06/23,4400002215884878
2029946024375,2024/06/03 19:15:39,дМИтрИЙ КУзНЕцОв,+7(9360)63-40,3,АМУнИЦия дЛя СоБАК,1,1019.28,180.72,cancelleD,"Задержка с доставкой, печалька...",2024-06-11,2703540717090943
2029946024375,2024/06/03 19:15:39,дМИтрИЙ КУзНЕцОв,+7(9360)63-40,1,коРм дЛЯ СОБаК,5,2111.83,388.17,CancElleD,"Задержка с доставкой, печалька...",2024-06-11,2703540717090943
2029946024375,2024/06/03 19:15:39,дМИтрИЙ КУзНЕцОв,+7(9360)63-40,1,кОРМ дЛя сОБАк,1,440.85,59.15,cANCEllEd,"Задержка с доставкой, печалька...",2024-06-11,2703540717090943
2029946024375,2024/06/03 19:15:39,дМИтрИЙ КУзНЕцОв,+7(9360)63-40,5,мОЛОкО,1,2605.75,394.25,canceLlEd,"Задержка с доставкой, печалька...",2024-06-11,2703540717090943
2029946023895,2024-06-03 03:55:20,Анна смИрНОва,+7(9156)35-89,3,амуНиЦИЯ дЛЯ СоБаК,3,3051.47,548.53,CaNcElLEd,спасибо за заказ,29.06.2024,4637820482757368
2029946023895,2024-06-03 03:55:20,Анна смИрНОва,+7(9156)35-89,5,моЛОко,3,7377.77,1622.23,cAnCeLlEd,спасибо за заказ,29.06.2024,4637820482757368
2029946022101,2024-06-04 09:00:19,ольга кУЗнеЦоВа,8(9330) 30-51,5,МОлоко,2,4861.06,1138.94,PRoCESsinG,"Задержка с доставкой, печалька...",2024/06/24,8608887586887913
2029946021529,2024/06/16 06:08:46,МаРИЯ пеТРоВА,+7(9480)73-88,4,ПоДпиСкА на ГаЗеТУ,3,1508.19,291.81,cancElled,Ждём с нетерпением!,09.06.2024,2378010293525568
2029946020669,20.06.2024 02:07,ИваН ИвАнОв,+7(9893)20-13,1,коРм ДЛя собАК,3,1411.12,88.88,compleTed,подарок вовремя,2024/06/19,2496672662337843
2029946020669,20.06.2024 02:07,ИваН ИвАнОв,+7(9893)20-13,2,иГРуШкА мЯч,4,1005.92,194.08,cOmPleTEd,подарок вовремя,2024/06/19,2496672662337843
2029946019643,01.06.2024 13:49,АЛЕкСЕЙ миХАйЛов,+7(9282)77-18,5,моЛОКо,5,12336.09,2663.91,pROceSSinG,Всё отлично!,2024-06-10,5875938736234113
2029946019643,01.06.2024 13:49,АЛЕкСЕЙ миХАйЛов,+7(9282)77-18,5,мОлОКО,4,10459.2,1540.8,prOCEsSing,Всё отлично!,2024-06-10,5875938736234113
2029946019643,01.06.2024 13:49,АЛЕкСЕЙ миХАйЛов,+7(9282)77-18,3,АМуНИЦиЯ длЯ СобаК,1,1002.83,197.17,pROcessING,Всё отлично!,2024-06-10,5875938736234113
2029946019643,01.06.2024 13:49,АЛЕкСЕЙ миХАйЛов,+7(9282)77-18,1,кОрМ длЯ СобАк,2,883.28,116.72,proCESSiNg,Всё отлично!,2024-06-10,5875938736234113
2029946018340,16.06.2024 00:46,ИВАн иВАнОв,+7 9062 89 42,5,молОкО,4,10005.4,1994.6,coMpleteD,спасибо за заказ,2024/06/29,7424829156366017
2029946018340,16.06.2024 00:46,ИВАн иВАнОв,+7 9062 89 42,2,иГРУШКА Мяч,3,735.65,164.35,cOMPleTED,спасибо за заказ,2024/06/29,7424829156366017
2029946017345,06.06.2024 00:15,МихАил ОрЛОв,+7(9881)32-03,1,КоРМ дЛя собАК,1,419.26,80.74,compLEtED,подарок вовремя,21.06.2024,4715824706474707
2029946017345,06.06.2024 00:15,МихАил ОрЛОв,+7(9881)32-03,5,МолОко,2,5769.11,230.89,ComPLETEd,подарок вовремя,21.06.2024,4715824706474707
2029946017345,06.06.2024 00:15,МихАил ОрЛОв,+7(9881)32-03,2,иГРушКА мЯч,4,1068.02,131.98,compLetED,подарок вовремя,21.06.2024,4715824706474707
2029946017345,06.06.2024 00:15,МихАил ОрЛОв,+7(9881)32-03,4,подПИСКа нА ГазетУ,1,579.46,20.54,CoMpLeTeD,подарок вовремя,21.06.2024,4715824706474707
2029946017345,06.06.2024 00:15,МихАил ОрЛОв,+7(9881)32-03,1,КОрм длЯ СОбАк,3,1399.63,100.37,coMPletED,подарок вовремя,21.06.2024,4715824706474707
2029946016939,11.06.2024 04:30,оЛЬга куЗнЕцОва,8(9730) 98-16,4,ПодПискА на газЕТу,5,2463.27,536.73,PrOCESSINg,Ждём с нетерпением!,22.06.2024,1342921226401239
2029946016939,11.06.2024 04:30,оЛЬга куЗнЕцОва,8(9730) 98-16,5,МоЛОКо,1,2743.01,256.99,ProCessING,Ждём с нетерпением!,22.06.2024,1342921226401239
2029946016939,11.06.2024 04:30,оЛЬга куЗнЕцОва,8(9730) 98-16,2,ИгРУШКа мяЧ,3,847.06,52.94,prOCESSiNG,Ждём с нетерпением!,22.06.2024,1342921226401239
2029946016939,11.06.2024 04:30,оЛЬга куЗнЕцОва,8(9730) 98-16,1,КОРм для соБаК,4,1932.3,67.7,prOcessInG,Ждём с нетерпением!,22.06.2024,1342921226401239
2029946016939,11.06.2024 04:30,оЛЬга куЗнЕцОва,8(9730) 98-16,4,ПОдпискА На гАЗЕТУ,3,1530.24,269.76,PROCesSING,Ждём с нетерпением!,22.06.2024,1342921226401239
2029946015127,2024-06-10 16:05:17,СерГей СИДоРОВ,+7 9537 11 79,2,ИГРуШКа мЯЧ,1,299.05,0.95,PROCesSiNg,Нужно уточнить сроки,28.06.2024,4621394386680053
2029946015127,2024-06-10 16:05:17,СерГей СИДоРОВ,+7 9537 11 79,1,коРМ для СоБак,1,422.52,77.48,PRocessIng,Нужно уточнить сроки,28.06.2024,4621394386680053
2029946014454,10.06.2024 19:57,НаталЬЯ ВаСИльеВА,+7(9155)66-27,3,АмуНИциЯ дЛЯ собак,4,3941.67,858.33,caNCeLLED,Нужно уточнить сроки,2024-06-27,3176983207134430
2029946014454,10.06.2024 19:57,НаталЬЯ ВаСИльеВА,+7(9155)66-27,1,КОРМ ДЛя сОБАК,5,2087.11,412.89,cancELLed,Нужно уточнить сроки,2024-06-27,3176983207134430
2029946014454,10.06.2024 19:57,НаталЬЯ ВаСИльеВА,+7(9155)66-27,2,ИГРУшкА МяЧ,5,1347.24,152.76,caNCElLed,Нужно уточнить сроки,2024-06-27,3176983207134430
2029946014454,10.06.2024 19:57,НаталЬЯ ВаСИльеВА,+7(9155)66-27,1,кОРм для сОбаК,3,1374.8,125.2,canCeLleD,Нужно уточнить сроки,2024-06-27,3176983207134430
2029946014454,10.06.2024 19:57,НаталЬЯ ВаСИльеВА,+7(9155)66-27,2,Игрушка МЯч,2,494.42,105.58,cANcELled,Нужно уточнить сроки,2024-06-27,3176983207134430
2029946013145,2024-06-14 07:47:53,ДмитрИй КУзНЕЦоВ,+7(9094)56-44,3,аМуНиЦиЯ Для сОбаК,5,5659.8,340.2,CANcEllED,подарок вовремя,2024/06/28,5292388840997108
2029946013145,2024-06-14 07:47:53,ДмитрИй КУзНЕЦоВ,+7(9094)56-44,5,МОлоко,3,8230.2,769.8,caNCelLed,подарок вовремя,2024/06/28,5292388840997108
2029946013145,2024-06-14 07:47:53,ДмитрИй КУзНЕЦоВ,+7(9094)56-44,4,ПОдписКа НА ГАзЕту,3,1724.02,75.98,cAncelleD,подарок вовремя,2024/06/28,5292388840997108
2029946012279,2024-06-16 05:16:02,сЕрГеЙ сиДОРОВ,+7(9037)72-90,2,ИгРУшка мЯч,1,267.35,32.65,complETeD,спасибо за заказ,2024/06/27,1301752239548230
2029946012279,2024-06-16 05:16:02,сЕрГеЙ сиДОРОВ,+7(9037)72-90,5,МоЛоКо,5,13166.89,1833.11,cOmPLeTeD,спасибо за заказ,2024/06/27,1301752239548230
2029946012279,2024-06-16 05:16:02,сЕрГеЙ сиДОРОВ,+7(9037)72-90,3,аМунИЦИя дЛя собАк,5,4816.38,1183.62,coMPLEted,спасибо за заказ,2024/06/27,1301752239548230
2029946012279,2024-06-16 05:16:02,сЕрГеЙ сиДОРОВ,+7(9037)72-90,1,кОРм ДЛЯ сОбаК,5,2011.57,488.43,cOmpLETEd,спасибо за заказ,2024/06/27,1301752239548230
2029946011872,2024/06/19 13:44:39,аНна СмИрноВа,8(9858) 05-64,1,коРМ ДлЯ СоБАк,1,494.69,5.31,PrOCESsing,Ждём с нетерпением!,28.06.2024,6748885558889419
2029946011872,2024/06/19 13:44:39,аНна СмИрноВа,8(9858) 05-64,2,иГРушка мяЧ,4,1156.12,43.88,PRoceSSinG,Ждём с нетерпением!,28.06.2024,6748885558889419
2029946011872,2024/06/19 13:44:39,аНна СмИрноВа,8(9858) 05-64,1,коРм длЯ сОбАк,3,1268.84,231.16,ProCESSIng,Ждём с нетерпением!,28.06.2024,6748885558889419
2029946011872,2024/06/19 13:44:39,аНна СмИрноВа,8(9858) 05-64,2,ИГрУшКа мяЧ,5,1401.62,98.38,PrOceSSING,Ждём с нетерпением!,28.06.2024,6748885558889419
2029946011872,2024/06/19 13:44:39,аНна СмИрноВа,8(9858) 05-64,5,МоЛОКо,3,7228.83,1771.17,pRocessIng,Ждём с нетерпением!,28.06.2024,6748885558889419
2029946010975,26.06.2024 10:19,анна СМИРнОва,+7 9320 51 60,5,мОЛОко,4,10664.58,1335.42,COMPlEteD,подарок вовремя,2024/06/03,1382363551995051
2029946009870,2024-06-22 20:55:09,мИхАИл оРлоВ,8(9698) 15-20,4,ПодпиСКа НА ГАзетУ,5,2534.25,465.75,cAnCEllEd,подарок вовремя,2024/06/18,4067081956985592
2029946008118,2024-06-06 03:42:18,СЕРгЕй сиДОРов,8(9319) 75-92,3,амУницИя для СОБаК,4,4596.93,203.07,ComPLETed,Проверить наличие,2024-06-15,2476167259331429
2029946007368,2024/06/30 15:56:22,дмИтРИЙ кУЗнеЦоВ,+7 9511 71 66,5,моЛоко,2,5448.31,551.69,cAnCeLled,Проверить наличие,05.06.2024,1092430562046049
2029946007368,2024/06/30 15:56:22,дмИтРИЙ кУЗнеЦоВ,+7 9511 71 66,5,мОлОкО,1,2826.85,173.15,caNCElLEd,Проверить наличие,05.06.2024,1092430562046049
2029946007368,2024/06/30 15:56:22,дмИтРИЙ кУЗнеЦоВ,+7 9511 71 66,5,МоЛоко,5,12036.37,2963.63,cAnCELLed,Проверить наличие,05.06.2024,1092430562046049
2029946006478,10.06.2024 23:16,АЛЕКСЕЙ михаЙлоВ,+7 9478 33 58,2,ИГрУШкА мЯч,2,480.29,119.71,procESSinG,"Задержка с доставкой, печалька...",2024/06/17,2214925658126213
2029946006478,10.06.2024 23:16,АЛЕКСЕЙ михаЙлоВ,+7 9478 33 58,4,подпИСКА на гаЗЕТу,4,2066.11,333.89,PROcESsIng,"Задержка с доставкой, печалька...",2024/06/17,2214925658126213
2029946006478,10.06.2024 23:16,АЛЕКСЕЙ михаЙлоВ,+7 9478 33 58,2,ИгрУШкА мяч,1,276.51,23.49,procesSING,"Задержка с доставкой, печалька...",2024/06/17,2214925658126213
2029946006478,10.06.2024 23:16,АЛЕКСЕЙ михаЙлоВ,+7 9478 33 58,2,ИгРуШКА мЯч,1,259.14,40.86,pROCeSSiNg,"Задержка с доставкой, печалька...",2024/06/17,2214925658126213
2029946005619,20.06.2024 23:30,иВан ИВАНОв,8(9189) 53-56,5,МоЛОКО,3,8190.62,809.38,COMpLETEd,Нужно уточнить сроки,2024-06-20,9794512452132045
2029946005619,20.06.2024 23:30,иВан ИВАНОв,8(9189) 53-56,2,ИГруШКа мЯЧ,1,274.45,25.55,COMpLeTed,Нужно уточнить сроки,2024-06-20,9794512452132045
2029946004879,2024-06-05 09:19:44,НАТаЛья ваСильевА,+7(9041)74-15,4,ПоДПиСКА На гАЗЕТУ,3,1758.01,41.99,ComplEteD,спасибо за заказ,2024/06/19,8095806364166573
2029946003684,2024-06-07 11:12:13,серГЕЙ сИДоРов,+7(9148)27-54,2,игРушкА мЯч,5,1246.95,253.05,prOCesSing,Проверить наличие,2024-06-07,8794613945253483
2029946003684,2024-06-07 11:12:13,серГЕЙ сИДоРов,+7(9148)27-54,4,поДпИска НА гаЗЕТу,2,1161.0,39.0,PRocEsSINg,Проверить наличие,2024-06-07,8794613945253483
2029946003684,2024-06-07 11:12:13,серГЕЙ сИДоРов,+7(9148)27-54,3,АмУниЦия ДлЯ СОБаК,1,1149.16,50.84,prOCESSING,Проверить наличие,2024-06-07,8794613945253483
2029946003684,2024-06-07 11:12:13,серГЕЙ сИДоРов,+7(9148)27-54,4,ПОдПИска нА ГАЗЕту,4,2006.11,393.89,ProcesSiNg,Проверить наличие,2024-06-07,8794613945253483
2029946002946,2024/06/02 05:30:18,ДМиТРий КУзнЕЦОВ,+7(9355)70-53,4,ПоДПисКа НА ГАзЕТу,5,2406.88,593.12,PrOcEsSIng,Всё отлично!,2024-06-18,2698466328530615
2029946002946,2024/06/02 05:30:18,ДМиТРий КУзнЕЦОВ,+7(9355)70-53,1,корм ДЛя СоБАК,1,479.54,20.46,PRocESsiNG,Всё отлично!,2024-06-18,2698466328530615
2029946002946,2024/06/02 05:30:18,ДМиТРий КУзнЕЦОВ,+7(9355)70-53,3,АМУниЦия ДЛЯ СобАк,5,5773.22,226.78,prOceSsING,Всё отлично!,2024-06-18,2698466328530615
2029946002946,2024/06/02 05:30:18,ДМиТРий КУзнЕЦОВ,+7(9355)70-53,1,КОрм ДлЯ соБАк,2,863.05,136.95,PRoCesSINg,Всё отлично!,2024-06-18,2698466328530615
2029946001450,2024-06-21 17:48:06,нАТаЛьЯ ваСильевА,+7(9912)80-70,4,пОдпиСКА На газЕту,4,1959.36,440.64,cOmPLeTED,Нужно уточнить сроки,2024/06/05,6127167152006033
2029946001450,2024-06-21 17:48:06,нАТаЛьЯ ваСильевА,+7(9912)80-70,3,АМУницИЯ ДЛя СобаК,1,1097.73,102.27,COmPlETED,Нужно уточнить сроки,2024/06/05,6127167152006033
2029946000965,2024-06-22 09:03:04,мИхаиЛ ОрЛОВ,8(9086) 59-82,2,игРУШка мяЧ,5,1250.83,249.17,cOmpleTeD,спасибо за заказ,2024-06-07,0760275501493027
2029946000965,2024-06-22 09:03:04,мИхаиЛ ОрЛОВ,8(9086) 59-82,3,АмУНИция длЯ сОбАК,2,2353.37,46.63,cOMPleted,спасибо за заказ,2024-06-07,0760275501493027
2029945999148,12.06.2024 00:02,НАТалья ваСиЛьЕва,8(9192) 22-79,2,игрУШКА мЯч,1,273.17,26.83,CanCElled,спасибо за заказ,2024/06/15,5006093271256907
2029945998774,2024-06-28 18:58:08,ЕЛЕна нОВИкоВа,+7(9845)06-97,4,ПоДПИСка НА ГАЗету,3,1532.55,267.45,COmPLETed,"Задержка с доставкой, печалька...",22.06.2024,7355388587148408
2029945998774,2024-06-28 18:58:08,ЕЛЕна нОВИкоВа,+7(9845)06-97,5,молоКо,1,2930.84,69.16,COMpLEtED,"Задержка с доставкой, печалька...",22.06.2024,7355388587148408
2029945998774,2024-06-28 18:58:08,ЕЛЕна нОВИкоВа,+7(9845)06-97,2,ИгруШка Мяч,2,493.18,106.82,CoMPLetED,"Задержка с доставкой, печалька...",22.06.2024,7355388587148408
2029945998774,2024-06-28 18:58:08,ЕЛЕна нОВИкоВа,+7(9845)06-97,4,поДпиСКА нА гАЗетУ,4,2269.62,130.38,COMPletEd,"Задержка с доставкой, печалька...",22.06.2024,7355388587148408
2029945998774,2024-06-28 18:58:08,ЕЛЕна нОВИкоВа,+7(9845)06-97,1,КоРм Для СоБАк,3,1311.48,188.52,COmPlEtED,"Задержка с доставкой, печалька...",22.06.2024,7355388587148408
2029945997640,2024-06-30 11:52:41,серГеЙ СИДОров,+7 9842 34 05,3,АмУНИЦия ДЛЯ соБаК,4,4345.0,455.0,COMPleTEd,"Задержка с доставкой, печалька...",12.06.2024,8854658225281582
2029945997640,2024-06-30 11:52:41,серГеЙ СИДОров,+7 9842 34 05,4,пОдПИСКА на гАзЕТУ,4,2257.25,142.75,coMPleTed,"Задержка с доставкой, печалька...",12.06.2024,8854658225281582
2029945997640,2024-06-30 11:52:41,серГеЙ СИДОров,+7 9842 34 05,5,Молоко,4,11979.08,20.92,CoMPleteD,"Задержка с доставкой, печалька...",12.06.2024,8854658225281582
2029945997640,2024-06-30 11:52:41,серГеЙ СИДОров,+7 9842 34 05,2,игРуШка мяч,4,1146.17,53.83,coMpLeted,"Задержка с доставкой, печалька...",12.06.2024,8854658225281582
2029945996796,2024/06/12 11:42:14,еЛЕНа нОвИКОВа,+7(9102)85-82,5,МолОКО,2,4859.82,1140.18,cOmpLETEd,Проверить наличие,06.06.2024,9240885499994582
2029945996796,2024/06/12 11:42:14,еЛЕНа нОвИКОВа,+7(9102)85-82,2,иГРушка МЯч,5,1334.12,165.88,ComPLEtED,Проверить наличие,06.06.2024,9240885499994582
2029945996796,2024/06/12 11:42:14,еЛЕНа нОвИКОВа,+7(9102)85-82,3,амУНиЦиЯ длЯ Собак,2,2056.33,343.67,comPLEteD,Проверить наличие,06.06.2024,9240885499994582
2029945995484,2024/06/07 22:50:13,анНа СМиРНоВа,+7 9864 42 35,5,МОЛоКО,4,11776.69,223.31,cANcELleD,Нужно уточнить сроки,2024/06/27,9737241800915292
2029945994815,2024-06-09 01:07:53,михаИЛ оРЛОВ,+7 9341 54 23,3,амУНИцИЯ Для сОбАк,3,3058.97,541.03,pROcESSiNG,Проверить наличие,22.06.2024,7075859836554793
2029945994815,2024-06-09 01:07:53,михаИЛ оРЛОВ,+7 9341 54 23,2,игруШка Мяч,4,1000.82,199.18,PROCesSinG,Проверить наличие,22.06.2024,7075859836554793
2029945994815,2024-06-09 01:07:53,михаИЛ оРЛОВ,+7 9341 54 23,1,корм Для СоБАк,4,1809.81,190.19,PROcEsSIng,Проверить наличие,22.06.2024,7075859836554793
2029945994815,2024-06-09 01:07:53,михаИЛ оРЛОВ,+7 9341 54 23,4,поДПИСка нА ГаЗЕТУ,1,542.01,57.99,pROcEssing,Проверить наличие,22.06.2024,7075859836554793
2029945994815,2024-06-09 01:07:53,михаИЛ оРЛОВ,+7 9341 54 23,5,молОКО,4,9804.17,2195.83,PrOCESSiNG,Проверить наличие,22.06.2024,7075859836554793
2029945993406,2024-06-06 18:08:26,ЕЛеНа НовиковА,+7(9397)03-06,4,ПОдПИсКА на ГАзЕТу,5,2672.15,327.85,pRoCesSING,подарок вовремя,2024/06/18,1327601016021107
2029945993406,2024-06-06 18:08:26,ЕЛеНа НовиковА,+7(9397)03-06,5,МолОКо,2,5211.25,788.75,PROcESSIng,подарок вовремя,2024/06/18,1327601016021107
2029945993406,2024-06-06 18:08:26,ЕЛеНа НовиковА,+7(9397)03-06,5,моЛоКО,1,2566.76,433.24,PROCeSSInG,подарок вовремя,2024/06/18,1327601016021107
2029945993406,2024-06-06 18:08:26,ЕЛеНа НовиковА,+7(9397)03-06,2,ИгРуШка мяЧ,4,1012.02,187.98,PRoCEssINg,подарок вовремя,2024/06/18,1327601016021107
2029945992276,2024-06-28 18:17:55,маРиЯ петРоВА,+7 9988 96 10,5,мОлоКО,3,7938.48,1061.52,COmpleteD,подарок вовремя,17.06.2024,3587479637291730
2029945992276,2024-06-28 18:17:55,маРиЯ петРоВА,+7 9988 96 10,1,Корм ДлЯ сОбАк,4,1795.16,204.84,cOmPLETed,подарок вовремя,17.06.2024,3587479637291730
2029945992276,2024-06-28 18:17:55,маРиЯ петРоВА,+7 9988 96 10,3,АмуНИцИя Для сОБаК,5,5020.76,979.24,COmPlETeD,подарок вовремя,17.06.2024,3587479637291730
2029945991697,19.06.2024 04:10,АлЕКсеЙ МИхАЙлов,+7(9711)49-68,4,ПОДпИсКа на гАЗЕТУ,2,1107.99,92.01,Cancelled,Ждём с нетерпением!,30.06.2024,3417560374086019
2029945990917,2024-06-26 17:49:52,дмиТриЙ КузНецов,8(9017) 05-48,4,подпИсКА НА гаЗЕтУ,5,2626.57,373.43,CAncEllED,"Задержка с доставкой, печалька...",2024/06/01,5847050017457809
2029945989516,2024/06/13 04:54:07,аННА сМиРНоВА,8(9462) 74-72,2,иГРуШкА МЯЧ,1,286.69,13.31,Completed,Ждём с нетерпением!,2024-06-11,7036587794444313
2029945989516,2024/06/13 04:54:07,аННА сМиРНоВА,8(9462) 74-72,3,АмУНицИЯ дЛЯ соБак,3,3187.41,412.59,ComplETEd,Ждём с нетерпением!,2024-06-11,7036587794444313
2029945988812,2024-06-28 17:20:11,мАрИЯ пЕТРова,+7(9426)22-44,2,ИгРУшкА мяЧ,4,1146.87,53.13,COmplEted,спасибо за заказ,2024/06/26,9420324816457481
2029945988812,2024-06-28 17:20:11,мАрИЯ пЕТРова,+7(9426)22-44,2,ИгРУШКа Мяч,1,290.13,9.87,cOMPletEd,спасибо за заказ,2024/06/26,9420324816457481
2029945987117,07.06.2024 14:03,алЕКсей МИХАйЛов,+7 9129 82 34,2,ИГРушкА МЯч,1,294.13,5.87,PROCEsSinG,Ждём с нетерпением!,2024/06/06,9467180251061366
2029945987117,07.06.2024 14:03,алЕКсей МИХАйЛов,+7 9129 82 34,1,корМ Для СоБаК,4,1647.03,352.97,PROCessing,Ждём с нетерпением!,2024/06/06,9467180251061366
2029945987117,07.06.2024 14:03,алЕКсей МИХАйЛов,+7 9129 82 34,2,игрушка мяч,2,527.75,72.25,PROCESsing,Ждём с нетерпением!,2024/06/06,9467180251061366
2029945987117,07.06.2024 14:03,алЕКсей МИХАйЛов,+7 9129 82 34,2,игРуШкА МЯЧ,5,1431.19,68.81,pRocessing,Ждём с нетерпением!,2024/06/06,9467180251061366
2029945986907,2024/06/20 14:26:33,дМитрИЙ КуЗнЕцоВ,+7(9817)11-68,3,амуНициЯ дЛя сОбАК,3,3223.0,377.0,cANcelLEd,Проверить наличие,2024-06-30,5416234199527483
2029945986907,2024/06/20 14:26:33,дМитрИЙ КуЗнЕцоВ,+7(9817)11-68,5,мОлОКО,2,5897.14,102.86,CANCELled,Проверить наличие,2024-06-30,5416234199527483
2029945986907,2024/06/20 14:26:33,дМитрИЙ КуЗнЕцоВ,+7(9817)11-68,1,коРм ДЛЯ сОБаК,3,1365.65,134.35,CAnCEllEd,Проверить наличие,2024-06-30,5416234199527483
2029945985409,2024/06/11 02:40:58,СергЕЙ СиДоРОв,8(9424) 42-71,1,КОРМ ДлЯ соБАк,1,469.99,30.01,cAnceLLed,Нужно уточнить сроки,2024/06/23,9071141617458845
2029945985409,2024/06/11 02:40:58,СергЕЙ СиДоРОв,8(9424) 42-71,4,ПОДписка нА ГазЕту,1,544.89,55.11,canCELLED,Нужно уточнить сроки,2024/06/23,9071141617458845
2029945984864,17.06.2024 13:51,Анна СмирновА,8(9134) 14-94,5,моЛОКо,2,5577.73,422.27,caNCELleD,Проверить наличие,2024/06/11,9464336074548663
2029945984864,17.06.2024 13:51,Анна СмирновА,8(9134) 14-94,5,МолОко,1,2787.84,212.16,CAnCELLeD,Проверить наличие,2024/06/11,9464336074548663
2029945984864,17.06.2024 13:51,Анна СмирновА,8(9134) 14-94,5,мОЛОкО,1,2661.79,338.21,canCELLed,Проверить наличие,2024/06/11,9464336074548663
2029946239970,2024-06-19 10:41:39,дМитРий КУзнЕЦоВ,+7(9833)55-35,1,корм Для соБак,5,2225.81,274.19,cancELLED,Всё отлично!,2024/06/26,1734336333785289
2029946239970,2024-06-19 10:41:39,дМитРий КУзнЕЦоВ,+7(9833)55-35,3,АМУнициЯ длЯ СОБАк,2,2170.24,229.76,CANcElled,Всё отлично!,2024/06/26,1734336333785289
2029946239970,2024-06-19 10:41:39,дМитРий КУзнЕЦоВ,+7(9833)55-35,2,ИгрУшКА МЯЧ,4,1057.33,142.67,CAnCELLed,Всё отлично!,2024/06/26,1734336333785289
2029946239970,2024-06-19 10:41:39,дМитРий КУзнЕЦоВ,+7(9833)55-35,4,ПоДПисКА нА ГазЕтУ,3,1765.45,34.55,CAnCElled,Всё отлично!,2024/06/26,1734336333785289
2029946239970,2024-06-19 10:41:39,дМитРий КУзнЕЦоВ,+7(9833)55-35,5,мОлОко,2,5975.28,24.72,caNCelLED,Всё отлично!,2024/06/26,1734336333785289
2029946238793,2024-06-14 02:33:39,михаил ОрлоВ,+7(9669)28-48,2,ИГРУШка мЯч,5,1351.07,148.93,canCeLLed,Всё отлично!,01.06.2024,6516224771713952
2029946238793,2024-06-14 02:33:39,михаил ОрлоВ,+7(9669)28-48,1,кОРМ для собаК,3,1415.34,84.66,cAnCElLeD,Всё отлично!,01.06.2024,6516224771713952
2029946238793,2024-06-14 02:33:39,михаил ОрлоВ,+7(9669)28-48,5,мОлоко,5,12151.46,2848.54,cAnCElled,Всё отлично!,01.06.2024,6516224771713952
2029946237971,2024-06-05 10:57:31,алЕКСей мИхайЛОв,8(9141) 96-63,2,игрУшКА мяЧ,5,1487.56,12.44,caNCelleD,спасибо за заказ,2024-06-07,1147752596616825
2029946236288,2024/06/20 03:15:35,ИВАн ИВАНОВ,+7(9073)62-31,5,МОЛОко,5,12807.9,2192.1,COmPLETeD,подарок вовремя,2024/06/09,3302757680348314
2029946236288,2024/06/20 03:15:35,ИВАн ИВАНОВ,+7(9073)62-31,1,корМ ДЛя собак,1,494.03,5.97,cOmpLEteD,подарок вовремя,2024/06/09,3302757680348314
2029946236288,2024/06/20 03:15:35,ИВАн ИВАНОВ,+7(9073)62-31,3,АмуНИЦия дЛя собак,3,3130.07,469.93,ComPLETeD,подарок вовремя,2024/06/09,3302757680348314
2029946236288,2024/06/20 03:15:35,ИВАн ИВАНОВ,+7(9073)62-31,2,игрУшка Мяч,4,1067.78,132.22,CoMPlEtED,подарок вовремя,2024/06/09,3302757680348314
2029946236288,2024/06/20 03:15:35,ИВАн ИВАНОВ,+7(9073)62-31,3,АмУнИция ДлЯ СОБаК,2,2184.07,215.93,COMPLEted,подарок вовремя,2024/06/09,3302757680348314
2029946235302,2024-06-09 19:11:18,миХАИл орлОв,+7 9826 88 49,1,корм дЛЯ СОБак,2,804.09,195.91,PROceSSIng,Всё отлично!,26.06.2024,8167386035668103
2029946235302,2024-06-09 19:11:18,миХАИл орлОв,+7 9826 88 49,2,ИГРУШкА МяЧ,3,780.35,119.65,pRocEsSING,Всё отлично!,26.06.2024,8167386035668103
2029946234929,11.06.2024 12:16,АлЕкСЕй МИхайлов,+7 9509 70 60,5,МоЛОко,5,14236.21,763.79,CaNCELLed,Ждём с нетерпением!,14.06.2024,5272283154115789
2029946234929,11.06.2024 12:16,АлЕкСЕй МИхайлов,+7 9509 70 60,2,игруШКа мяч,2,591.44,8.56,CancELLed,Ждём с нетерпением!,14.06.2024,5272283154115789
2029946234929,11.06.2024 12:16,АлЕкСЕй МИхайлов,+7 9509 70 60,5,моЛокО,1,2419.36,580.64,CaNcElLed,Ждём с нетерпением!,14.06.2024,5272283154115789
2029946233941,2024/06/15 05:09:42,СеРгЕЙ СиДоРОв,+7 9157 04 69,1,коРМ ДЛЯ соБАк,4,1819.53,180.47,cAnCElLed,Проверить наличие,2024/06/16,3480597482159542
2029946233941,2024/06/15 05:09:42,СеРгЕЙ СиДоРОв,+7 9157 04 69,4,ПОДпИскА НА ГазЕту,5,2847.91,152.09,cANCeLlEd,Проверить наличие,2024/06/16,3480597482159542
2029946233941,2024/06/15 05:09:42,СеРгЕЙ СиДоРОв,+7 9157 04 69,5,Молоко,2,5347.49,652.51,cAnCELLeD,Проверить наличие,2024/06/16,3480597482159542
2029946233941,2024/06/15 05:09:42,СеРгЕЙ СиДоРОв,+7 9157 04 69,2,игрУШкА мЯЧ,4,1048.16,151.84,cAncELLeD,Проверить наличие,2024/06/16,3480597482159542
2029946232634,22.06.2024 01:04,серГЕй СИдОров,+7(9035)03-69,1,КОрМ ДЛЯ сОБаК,2,984.39,15.61,CoMPlETEd,Проверить наличие,27.06.2024,3419446419189798
2029946231453,2024-06-14 01:59:52,анНа смИРнОвА,+7(9787)27-66,2,иГрУШкА мЯч,3,869.87,30.13,CompLetEd,Всё отлично!,10.06.2024,0449462844877654
2029946231453,2024-06-14 01:59:52,анНа смИРнОвА,+7(9787)27-66,1,кОРм дЛЯ СОбАК,5,2196.3,303.7,CoMPLeTed,Всё отлично!,10.06.2024,0449462844877654
2029946231453,2024-06-14 01:59:52,анНа смИРнОвА,+7(9787)27-66,1,коРМ для СОбАК,1,426.39,73.61,cOMPletEd,Всё отлично!,10.06.2024,0449462844877654
2029946231453,2024-06-14 01:59:52,анНа смИРнОвА,+7(9787)27-66,3,аМуНицИя ДЛЯ сОбак,1,1022.51,177.49,comPLeTeD,Всё отлично!,10.06.2024,0449462844877654
2029946230737,2024-06-09 19:46:47,олЬГа КУзнеЦОВа,8(9279) 41-03,1,коРМ ДлЯ соБак,4,1875.21,124.79,CAnCeLLed,"Задержка с доставкой, печалька...",2024/06/23,6069327182285369
2029946230737,2024-06-09 19:46:47,олЬГа КУзнеЦОВа,8(9279) 41-03,2,игРУШка Мяч,1,281.79,18.21,cANCeLlED,"Задержка с доставкой, печалька...",2024/06/23,6069327182285369
2029946230737,2024-06-09 19:46:47,олЬГа КУзнеЦОВа,8(9279) 41-03,2,игРушКА МяЧ,4,1062.52,137.48,cANCellEd,"Задержка с доставкой, печалька...",2024/06/23,6069327182285369
2029946229706,22.06.2024 16:41,сЕРГей СиДОРОВ,+7 9891 82 22,3,амуНиЦИя ДЛя СобаК,2,1981.33,418.67,procEssIng,спасибо за заказ,2024/06/10,1226192153408227
2029946228928,09.06.2024 23:27,АлЕкСЕй мИхайлоВ,8(9530) 78-87,3,АМуНИцИЯ для сОбак,2,2283.58,116.42,COmpleTEd,спасибо за заказ,2024/06/10,8946684623162425
2029946228928,09.06.2024 23:27,АлЕкСЕй мИхайлоВ,8(9530) 78-87,1,КоРм Для СОбАк,3,1444.11,55.89,cOmPleteD,спасибо за заказ,2024/06/10,8946684623162425
2029946227895,2024/06/08 11:01:14,дМиТРИй кУзнЕцоВ,+7(9811)90-73,1,корм ДлЯ сОБаК,4,1758.23,241.77,prOcEsSING,Всё отлично!,05.06.2024,4199285692746113
2029946227895,2024/06/08 11:01:14,дМиТРИй кУзнЕцоВ,+7(9811)90-73,4,поДПИСкА нА ГазеТу,2,1122.67,77.33,procESsing,Всё отлично!,05.06.2024,4199285692746113
2029946227895,2024/06/08 11:01:14,дМиТРИй кУзнЕцоВ,+7(9811)90-73,3,амуНИцИя Для СобАК,4,4181.56,618.44,proCEsSing,Всё отлично!,05.06.2024,4199285692746113
2029946226488,23.06.2024 10:05,еЛЕнА новиКОвА,+7(9261)20-91,4,ПОдПиСкА на газЕТу,3,1727.29,72.71,CANCEllED,подарок вовремя,2024/06/03,6885225345200807
2029946226488,23.06.2024 10:05,еЛЕнА новиКОвА,+7(9261)20-91,4,ПодПиСкА на ГАЗеТу,4,2260.03,139.97,CAnCelLeD,подарок вовремя,2024/06/03,6885225345200807
2029946226488,23.06.2024 10:05,еЛЕнА новиКОвА,+7(9261)20-91,1,КоРМ дЛя СобАк,1,496.81,3.19,CANceLled,подарок вовремя,2024/06/03,6885225345200807
2029946226488,23.06.2024 10:05,еЛЕнА новиКОвА,+7(9261)20-91,2,ИГРушкА мЯч,1,240.32,59.68,cAnCeLLed,подарок вовремя,2024/06/03,6885225345200807
2029946226488,23.06.2024 10:05,еЛЕнА новиКОвА,+7(9261)20-91,4,подпиСКа На ГАзЕтУ,2,1165.88,34.12,CANcELlED,подарок вовремя,2024/06/03,6885225345200807
2029946225355,11.06.2024 01:39,елЕна НовикоВА,+7 9232 60 13,2,игрУшка Мяч,2,500.39,99.61,pRoceSSiNg,спасибо за заказ,2024-06-11,6958462818386006
2029946225355,11.06.2024 01:39,елЕна НовикоВА,+7 9232 60 13,2,ИгрУшкА мЯЧ,2,552.93,47.07,PrOceSsiNg,спасибо за заказ,2024-06-11,6958462818386006
2029946224579,2024/06/25 15:31:11,аННА сМирнОва,+7 9556 41 75,3,АМунИция длЯ сОБАк,4,4444.71,355.29,CoMPLeTeD,Ждём с нетерпением!,2024-06-03,9381494798846271
2029946224579,2024/06/25 15:31:11,аННА сМирнОва,+7 9556 41 75,1,КоРм ДЛя СоБак,3,1310.47,189.53,cOmpLeteD,Ждём с нетерпением!,2024-06-03,9381494798846271
2029946224579,2024/06/25 15:31:11,аННА сМирнОва,+7 9556 41 75,1,КорМ длЯ соБак,5,2459.77,40.23,CoMpLEted,Ждём с нетерпением!,2024-06-03,9381494798846271
2029946223653,08.06.2024 03:59,МарИя пЕтроВа,+7(9708)33-21,1,кОРМ ДЛя сОБаК,1,451.39,48.61,pROCeSsInG,Ждём с нетерпением!,2024-06-01,6572374720442855
2029946223653,08.06.2024 03:59,МарИя пЕтроВа,+7(9708)33-21,5,мОЛОКО,4,10149.4,1850.6,PrOcESSING,Ждём с нетерпением!,2024-06-01,6572374720442855
2029946223653,08.06.2024 03:59,МарИя пЕтроВа,+7(9708)33-21,5,молокО,1,2921.44,78.56,pROcEssIng,Ждём с нетерпением!,2024-06-01,6572374720442855
2029946223653,08.06.2024 03:59,МарИя пЕтроВа,+7(9708)33-21,2,игРуШКа мЯЧ,4,992.61,207.39,prOCesSInG,Ждём с нетерпением!,2024-06-01,6572374720442855
2029946223653,08.06.2024 03:59,МарИя пЕтроВа,+7(9708)33-21,4,ПоДпиСКА нА газетУ,1,489.35,110.65,PROcEssINg,Ждём с нетерпением!,2024-06-01,6572374720442855
2029946222224,2024/06/14 17:42:44,еЛЕна НовИкоВА,+7 9548 86 77,4,ПодпИска НА ГАзЕТу,5,2492.98,507.02,PRoCeSSInG,Ждём с нетерпением!,2024-06-24,7948731950685928
2029946222224,2024/06/14 17:42:44,еЛЕна НовИкоВА,+7 9548 86 77,3,амуНИЦиЯ дЛЯ Собак,3,2965.35,634.65,prOCeSSing,Ждём с нетерпением!,2024-06-24,7948731950685928
2029946222224,2024/06/14 17:42:44,еЛЕна НовИкоВА,+7 9548 86 77,3,АМуНИция ДлЯ соБаК,3,2895.5,704.5,prOceSSiNg,Ждём с нетерпением!,2024-06-24,7948731950685928
2029946221678,2024/06/26 15:16:00,мариЯ пеТрОВА,+7 9500 61 86,3,АмУнИциЯ для СобАК,5,4965.79,1034.21,cOMpLeTeD,Ждём с нетерпением!,2024/06/18,4896427488344503
2029946221678,2024/06/26 15:16:00,мариЯ пеТрОВА,+7 9500 61 86,2,ИГрУшКА мЯч,3,784.27,115.73,cOMPlETed,Ждём с нетерпением!,2024/06/18,4896427488344503
2029946221678,2024/06/26 15:16:00,мариЯ пеТрОВА,+7 9500 61 86,1,КоРм для собАк,5,2405.91,94.09,ComplEted,Ждём с нетерпением!,2024/06/18,4896427488344503
2029946220179,2024-06-12 16:48:55,ИВАн ИваНов,+7(9024)02-11,2,ИГрУшка МЯч,5,1405.44,94.56,CANCEllED,подарок вовремя,30.06.2024,2484106886078637
2029946220179,2024-06-12 16:48:55,ИВАн ИваНов,+7(9024)02-11,5,мОлОкО,1,2548.84,451.16,cANCellEd,подарок вовремя,30.06.2024,2484106886078637
2029946220179,2024-06-12 16:48:55,ИВАн ИваНов,+7(9024)02-11,5,МолОко,2,5305.72,694.28,CAncELLed,подарок вовремя,30.06.2024,2484106886078637
2029946220179,2024-06-12 16:48:55,ИВАн ИваНов,+7(9024)02-11,2,иГРушка мЯЧ,5,1316.4,183.6,cANCeLlEd,подарок вовремя,30.06.2024,2484106886078637
2029946219208,2024/06/07 07:22:38,дМиТРий КузНЕцоВ,+7(9355)80-51,4,ПодпИСКА нА ГАзЕту,5,2828.96,171.04,ProcEsSINg,Ждём с нетерпением!,2024-06-07,4335331842442538
2029946219208,2024/06/07 07:22:38,дМиТРий КузНЕцоВ,+7(9355)80-51,3,АмунициЯ длЯ собаК,4,3952.42,847.58,PrOceSsinG,Ждём с нетерпением!,2024-06-07,4335331842442538
2029946219208,2024/06/07 07:22:38,дМиТРий КузНЕцоВ,+7(9355)80-51,5,МоЛоко,3,8730.55,269.45,PRoCesSIng,Ждём с нетерпением!,2024-06-07,4335331842442538
2029946219208,2024/06/07 07:22:38,дМиТРий КузНЕцоВ,+7(9355)80-51,3,АмУницИЯ длЯ соБак,3,2881.24,718.76,pROcEssINg,Ждём с нетерпением!,2024-06-07,4335331842442538
2029946218253,2024-06-13 03:52:44,ОльГа кУзнецовА,+7 9652 52 63,1,корМ ДЛЯ сОБак,4,1959.17,40.83,PROcesSiNg,подарок вовремя,2024/06/19,9759918672406932
2029946218253,2024-06-13 03:52:44,ОльГа кУзнецовА,+7 9652 52 63,3,амУницИЯ ДЛя сОБак,3,3598.96,1.04,prOCEssIng,подарок вовремя,2024/06/19,9759918672406932
2029946218253,2024-06-13 03:52:44,ОльГа кУзнецовА,+7 9652 52 63,5,моЛОко,3,8271.45,728.55,prOcessINg,подарок вовремя,2024/06/19,9759918672406932
2029946218253,2024-06-13 03:52:44,ОльГа кУзнецовА,+7 9652 52 63,3,АмунИцИя для соБАК,1,1111.0,89.0,PROCesSIng,подарок вовремя,2024/06/19,9759918672406932
2029946217893,14.06.2024 23:28,МаРия ПеТРОВа,+7(9972)48-68,5,МолоКо,4,10271.73,1728.27,pRocessiNg,"Задержка с доставкой, печалька...",23.06.2024,5893910493262030
2029946217893,14.06.2024 23:28,МаРия ПеТРОВа,+7(9972)48-68,2,ИГрушка Мяч,1,251.75,48.25,ProCEssIng,"Задержка с доставкой, печалька...",23.06.2024,5893910493262030
2029946217893,14.06.2024 23:28,МаРия ПеТРОВа,+7(9972)48-68,5,мОлоко,5,14834.07,165.93,pROceSSinG,"Задержка с доставкой, печалька...",23.06.2024,5893910493262030
2029946216343,2024/06/24 20:13:48,дмиТРий КуЗнЕЦОВ,+7(9144)20-76,5,МолОКо,1,2852.17,147.83,PRoCesSINg,Всё отлично!,23.06.2024,0709863964506112
2029946216343,2024/06/24 20:13:48,дмиТРий КуЗнЕЦОВ,+7(9144)20-76,4,ПОдПиСка НА ГазеТу,4,1955.37,444.63,PROcESsing,Всё отлично!,23.06.2024,0709863964506112
2029946216343,2024/06/24 20:13:48,дмиТРий КуЗнЕЦОВ,+7(9144)20-76,5,МОЛоко,3,7427.44,1572.56,proCeSsinG,Всё отлично!,23.06.2024,0709863964506112
2029946216343,2024/06/24 20:13:48,дмиТРий КуЗнЕЦОВ,+7(9144)20-76,1,КоРм длЯ СОБаК,4,1895.53,104.47,pRoCeSSInG,Всё отлично!,23.06.2024,0709863964506112
2029946215617,2024/06/29 19:16:19,СеРГЕЙ СиДоРов,+7 9322 01 48,1,КОрм длЯ СобАК,1,471.29,28.71,cOmPleTED,Проверить наличие,2024/06/30,3551156613222582
2029946215617,2024/06/29 19:16:19,СеРГЕЙ СиДоРов,+7 9322 01 48,4,пОдПиСкА на газеТу,2,1006.33,193.67,coMpLETed,Проверить наличие,2024/06/30,3551156613222582
2029946215617,2024/06/29 19:16:19,СеРГЕЙ СиДоРов,+7 9322 01 48,5,мОлоКО,1,2702.7,297.3,COMPLEteD,Проверить наличие,2024/06/30,3551156613222582
2029946215617,2024/06/29 19:16:19,СеРГЕЙ СиДоРов,+7 9322 01 48,4,ПодПИска нА ГазеТУ,2,1168.42,31.58,COMplETEd,Проверить наличие,2024/06/30,3551156613222582
2029946215617,2024/06/29 19:16:19,СеРГЕЙ СиДоРов,+7 9322 01 48,3,Амуниция дЛЯ сОБак,5,5751.07,248.93,complETeD,Проверить наличие,2024/06/30,3551156613222582
2029946214528,19.06.2024 00:54,ЕЛеНА ноВИКОВа,+7(9132)51-79,5,МолоКо,5,12064.63,2935.37,prOceSSinG,Всё отлично!,2024-06-28,1320726949017073
2029946214528,19.06.2024 00:54,ЕЛеНА ноВИКОВа,+7(9132)51-79,3,амУНИцИя длЯ СОБак,4,4205.18,594.82,prOCESSINg,Всё отлично!,2024-06-28,1320726949017073
2029946214528,19.06.2024 00:54,ЕЛеНА ноВИКОВа,+7(9132)51-79,1,кОрм ДЛЯ сОБАк,5,2043.51,456.49,procESSiNg,Всё отлично!,2024-06-28,1320726949017073
2029946214528,19.06.2024 00:54,ЕЛеНА ноВИКОВа,+7(9132)51-79,5,МоЛокО,3,7639.95,1360.05,PROCEsSInG,Всё отлично!,2024-06-28,1320726949017073
2029946213600,2024/06/28 05:58:18,СЕРгЕЙ сиДорОВ,+7 9050 31 90,2,иГРушкА мЯч,2,538.03,61.97,canCelLeD,Проверить наличие,09.06.2024,8086109721638442
2029946212305,2024/06/14 18:11:17,НаТаЛья васиЛьЕВА,+7(9132)55-08,1,КОрм для сОБак,1,412.6,87.4,PRocEssIng,Всё отлично!,02.06.2024,2374926210539741
2029946212305,2024/06/14 18:11:17,НаТаЛья васиЛьЕВА,+7(9132)55-08,4,пОДПИсКА на гаЗетУ,3,1584.56,215.44,ProcESSinG,Всё отлично!,02.06.2024,2374926210539741
2029946211287,2024/06/25 22:54:46,ЕленА ноВиКовА,8(9128) 92-90,4,пОДПИСКа на ГАЗЕтУ,4,2223.71,176.29,PRoceSsINg,"Задержка с доставкой, печалька...",2024/06/25,6015266336236471
2029946211287,2024/06/25 22:54:46,ЕленА ноВиКовА,8(9128) 92-90,5,МоЛоКО,3,8311.48,688.52,PrOcessING,"Задержка с доставкой, печалька...",2024/06/25,6015266336236471
2029946211287,2024/06/25 22:54:46,ЕленА ноВиКовА,8(9128) 92-90,4,пОДПисКа на ГаЗЕту,5,2886.55,113.45,proCeSsINg,"Задержка с доставкой, печалька...",2024/06/25,6015266336236471
2029946211287,2024/06/25 22:54:46,ЕленА ноВиКовА,8(9128) 92-90,4,ПодписКА на ГаЗЕту,5,2489.42,510.58,pRocessING,"Задержка с доставкой, печалька...",2024/06/25,6015266336236471
2029946211287,2024/06/25 22:54:46,ЕленА ноВиКовА,8(9128) 92-90,4,ПОдпИска на газету,3,1478.66,321.34,pRoceSSinG,"Задержка с доставкой, печалька...",2024/06/25,6015266336236471
2029946210478,2024/06/28 20:51:30,ЕлеНа новиКоВа,+7(9611)96-55,5,молОко,1,2586.18,413.82,CanCelleD,спасибо за заказ,26.06.2024,1375790346432783
2029946210478,2024/06/28 20:51:30,ЕлеНа новиКоВа,+7(9611)96-55,4,ПОдПискА нА ГаЗЕТу,1,568.54,31.46,CANcELLEd,спасибо за заказ,26.06.2024,1375790346432783
2029946210478,2024/06/28 20:51:30,ЕлеНа новиКоВа,+7(9611)96-55,5,мОЛокО,4,11779.2,220.8,CAnCellEd,спасибо за заказ,26.06.2024,1375790346432783
2029946210478,2024/06/28 20:51:30,ЕлеНа новиКоВа,+7(9611)96-55,1,корМ ДлЯ соБаК,3,1221.44,278.56,CaNCElleD,спасибо за заказ,26.06.2024,1375790346432783
2029946210478,2024/06/28 20:51:30,ЕлеНа новиКоВа,+7(9611)96-55,5,молОКо,5,13160.11,1839.89,canCELlEd,спасибо за заказ,26.06.2024,1375790346432783
2029946209914,2024-06-19 23:03:12,дМиТрИй кУзнеЦов,8(9205) 06-17,2,иГРуШкА МЯч,1,295.29,4.71,proCessiNG,спасибо за заказ,2024/06/04,7000228385250870
2029946208674,2024/06/12 02:57:04,ДмИТрий кУЗНецов,+7 9725 50 13,3,АмУнИЦия ДЛЯ СОбАК,3,3353.5,246.5,cOMPleted,спасибо за заказ,2024-06-07,8973742768570509
2029946207619,2024/06/19 02:19:54,МаРИЯ пЕТрова,+7 9268 93 20,3,амУнициЯ ДлЯ сОБАК,1,1088.7,111.3,pRoCessInG,подарок вовремя,2024-06-16,0088732605290045
2029946206450,21.06.2024 12:07,миХаиЛ ОрЛОв,+7 9957 45 99,4,пОдпИска нА гАЗетУ,3,1513.38,286.62,cOMPLeted,Проверить наличие,25.06.2024,8564206284020884
2029946206450,21.06.2024 12:07,миХаиЛ ОрЛОв,+7 9957 45 99,4,пОдпИСКА НА Газету,4,1930.02,469.98,cOMPLetED,Проверить наличие,25.06.2024,8564206284020884
2029946206450,21.06.2024 12:07,миХаиЛ ОрЛОв,+7 9957 45 99,5,мОЛоКО,5,14581.89,418.11,COMPleTed,Проверить наличие,25.06.2024,8564206284020884
2029946206450,21.06.2024 12:07,миХаиЛ ОрЛОв,+7 9957 45 99,2,ИгРУШКА мяч,4,1014.98,185.02,compLEtED,Проверить наличие,25.06.2024,8564206284020884
2029946205266,05.06.2024 23:18,сергЕЙ СидОРОВ,+7(9202)72-05,3,АмуНИЦИЯ Для соБАк,4,3884.92,915.08,COMPLEted,спасибо за заказ,2024-06-20,6777572276810652
2029946205266,05.06.2024 23:18,сергЕЙ СидОРОВ,+7(9202)72-05,1,КОрМ дЛЯ сОбАк,2,998.65,1.35,COMPLETED,спасибо за заказ,2024-06-20,6777572276810652
2029946205266,05.06.2024 23:18,сергЕЙ СидОРОВ,+7(9202)72-05,1,корм ДлЯ СОбАк,3,1253.73,246.27,CoMplEted,спасибо за заказ,2024-06-20,6777572276810652
2029946205266,05.06.2024 23:18,сергЕЙ СидОРОВ,+7(9202)72-05,5,МОлОкО,5,12342.23,2657.77,COmplETEd,спасибо за заказ,2024-06-20,6777572276810652
2029946205266,05.06.2024 23:18,сергЕЙ СидОРОВ,+7(9202)72-05,2,ИГрУшКА МяЧ,2,505.91,94.09,CoMPLeteD,спасибо за заказ,2024-06-20,6777572276810652
2029946204698,13.06.2024 09:09,НАтАЛЬЯ васИЛьева,8(9109) 51-68,4,поДПиска НА ГаЗетУ,3,1480.22,319.78,COMpLeTed,спасибо за заказ,2024-06-20,8341558457078341
2029946204698,13.06.2024 09:09,НАтАЛЬЯ васИЛьева,8(9109) 51-68,5,МОлОкО,3,7657.88,1342.12,COmpLETeD,спасибо за заказ,2024-06-20,8341558457078341
2029946203929,05.06.2024 22:53,анНа сМирнова,8(9191) 29-18,1,КОРМ дЛя соБаК,1,414.63,85.37,PrOceSSiNG,Проверить наличие,02.06.2024,8068455946551381
2029946203929,05.06.2024 22:53,анНа сМирнова,8(9191) 29-18,3,амуниЦИя ДлЯ собАК,2,2222.09,177.91,procEsSING,Проверить наличие,02.06.2024,8068455946551381
2029946203929,05.06.2024 22:53,анНа сМирнова,8(9191) 29-18,3,аМуНИцИя дЛя собак,1,1152.22,47.78,ProcESsING,Проверить наличие,02.06.2024,8068455946551381
2029946202605,2024/06/17 21:58:29,ЕЛЕНА НОвИкОВа,+7(9876)82-29,1,коРм дЛЯ СоБаК,2,811.8,188.2,canCELLEd,"Задержка с доставкой, печалька...",02.06.2024,3397403383533624
2029946202605,2024/06/17 21:58:29,ЕЛЕНА НОвИкОВа,+7(9876)82-29,1,кОрм ДЛя СОбАК,2,940.22,59.78,caNcELLEd,"Задержка с доставкой, печалька...",02.06.2024,3397403383533624
2029946201728,2024/06/21 16:50:59,ЕЛЕнА нОвИкОва,8(9175) 91-34,3,амУНиЦИя ДлЯ собак,3,3186.36,413.64,cOmPLetEd,спасибо за заказ,2024/06/18,5212059127315675
2029946201728,2024/06/21 16:50:59,ЕЛЕнА нОвИкОва,8(9175) 91-34,2,ИГрушКА МЯЧ,4,1067.36,132.64,comPLEted,спасибо за заказ,2024/06/18,5212059127315675
2029946201728,2024/06/21 16:50:59,ЕЛЕнА нОвИкОва,8(9175) 91-34,2,ИгрУШка мЯЧ,5,1385.69,114.31,COMPleTed,спасибо за заказ,2024/06/18,5212059127315675
2029946201728,2024/06/21 16:50:59,ЕЛЕнА нОвИкОва,8(9175) 91-34,3,АмуНИцИЯ дЛя Собак,1,1084.33,115.67,comPLETeD,спасибо за заказ,2024/06/18,5212059127315675
2029946200493,2024/06/07 20:30:52,мАРИя пЕТРова,+7 9994 19 91,3,АМуНицИя дЛя СОБаК,1,1072.82,127.18,caNCeLLEd,Нужно уточнить сроки,24.06.2024,0116954815804819
2029946199934,2024-06-20 09:45:53,марИЯ ПЕтрова,+7(9922)54-46,5,МолОКО,2,5359.13,640.87,proCesSINg,Нужно уточнить сроки,2024-06-14,2848481677176093
2029946198710,2024-06-29 16:56:51,иваН ИванОВ,+7(9872)45-10,1,КоРм ДлЯ соБАк,2,831.5,168.5,PROcEsSInG,Проверить наличие,2024-06-14,7340843901427675
2029946197947,26.06.2024 00:06,иВАН иВАноВ,+7 9456 88 58,2,ИГРуШКА мЯЧ,5,1361.88,138.12,cANcELLEd,Всё отлично!,2024/06/23,8844655268450395
2029946196934,10.06.2024 11:16,оЛЬгА КУЗнЕЦОвА,+7 9619 91 27,1,кОрм дЛя СоБАК,4,1971.5,28.5,CAnCELLEd,спасибо за заказ,10.06.2024,1356112969137791
2029946196934,10.06.2024 11:16,оЛЬгА КУЗнЕЦОвА,+7 9619 91 27,4,ПОдПИСКА НА газЕТу,2,973.85,226.15,CAnCELLED,спасибо за заказ,10.06.2024,1356112969137791
2029946195846,2024/06/17 00:18:22,НАТальЯ васиЛьЕВа,+7 9468 53 99,4,ПОдпИсКа нА ГазЕтУ,4,2103.27,296.73,cOMpleteD,Всё отлично!,2024/06/06,1342514343174463
2029946195846,2024/06/17 00:18:22,НАТальЯ васиЛьЕВа,+7 9468 53 99,4,ПОдпиСка на ГАзЕтУ,1,590.48,9.52,COMPletED,Всё отлично!,2024/06/06,1342514343174463
2029946195846,2024/06/17 00:18:22,НАТальЯ васиЛьЕВа,+7 9468 53 99,1,КорМ ДЛя соБаК,1,416.34,83.66,coMpleteD,Всё отлично!,2024/06/06,1342514343174463
2029946195846,2024/06/17 00:18:22,НАТальЯ васиЛьЕВа,+7 9468 53 99,3,аМУнИциЯ ДЛя СоБаК,4,4106.26,693.74,COmpLETeD,Всё отлично!,2024/06/06,1342514343174463
2029946194477,2024-06-03 09:02:45,маРия ПетРОва,+7(9918)09-31,3,АМунИЦия длЯ сОБак,3,3483.34,116.66,CANCElLED,спасибо за заказ,2024-06-06,8463142447638491
2029946194477,2024-06-03 09:02:45,маРия ПетРОва,+7(9918)09-31,1,кОРМ длЯ соБак,5,2380.25,119.75,CAnCELlED,спасибо за заказ,2024-06-06,8463142447638491
2029946193444,2024/06/11 05:26:34,МиХаил орлоВ,8(9231) 63-78,1,корМ для СоБаК,2,975.96,24.04,CAnCELLEd,Проверить наличие,2024/06/23,5755697426186657
2029946192262,2024-06-14 06:59:20,олЬГа КУЗНецОВа,+7(9996)11-23,1,КоРм для Собак,5,2105.96,394.04,canCElLED,Ждём с нетерпением!,02.06.2024,3313013533281091
2029946192262,2024-06-14 06:59:20,олЬГа КУЗНецОВа,+7(9996)11-23,3,АмУнИЦия ДЛя сОбаК,3,3323.72,276.28,CaNCelLeD,Ждём с нетерпением!,02.06.2024,3313013533281091
2029946191153,2024/06/14 06:04:25,дМИтрий КуЗНЕцОв,8(9093) 01-44,3,амуНИция ДЛя собак,4,4107.97,692.03,cOmPlETED,"Задержка с доставкой, печалька...",2024/06/14,7209844074441043
2029946191153,2024/06/14 06:04:25,дМИтрий КуЗНЕцОв,8(9093) 01-44,5,МОлОкО,2,5311.77,688.23,coMPlETed,"Задержка с доставкой, печалька...",2024/06/14,7209844074441043
2029946191153,2024/06/14 06:04:25,дМИтрий КуЗНЕцОв,8(9093) 01-44,3,аМуниЦИЯ ДЛЯ сОбак,2,2285.36,114.64,CompletED,"Задержка с доставкой, печалька...",2024/06/14,7209844074441043
2029946190731,01.06.2024 22:06,АнНа сМИРНОва,8(9427) 94-79,5,мОЛокО,1,2616.58,383.42,processiNG,спасибо за заказ,2024/06/24,1015175726710381
2029946190731,01.06.2024 22:06,АнНа сМИРНОва,8(9427) 94-79,4,ПОДПИсКА на ГАЗЕТУ,3,1748.85,51.15,PROcEsSing,спасибо за заказ,2024/06/24,1015175726710381
2029946189770,2024-06-07 07:22:45,аннА сМИрНоВА,+7(9815)43-75,1,КОрм ДлЯ СобАК,4,1871.69,128.31,CompLETed,Ждём с нетерпением!,2024-06-13,9472603674557765
2029946189770,2024-06-07 07:22:45,аннА сМИрНоВА,+7(9815)43-75,5,МОЛОКо,3,8737.74,262.26,cOMPLEteD,Ждём с нетерпением!,2024-06-13,9472603674557765
2029946189770,2024-06-07 07:22:45,аннА сМИрНоВА,+7(9815)43-75,5,мОлОкО,5,12468.62,2531.38,compLETeD,Ждём с нетерпением!,2024-06-13,9472603674557765
2029946188542,25.06.2024 08:00,МихАИЛ ОрЛоВ,+7(9012)31-91,1,КОрМ ДЛя СОБаК,5,2280.15,219.85,cANCElLED,Проверить наличие,29.06.2024,6944662428296748
2029946188542,25.06.2024 08:00,МихАИЛ ОрЛоВ,+7(9012)31-91,4,поДПисКа НА ГаЗету,5,2645.02,354.98,CanceLleD,Проверить наличие,29.06.2024,6944662428296748
2029946187754,2024/06/21 10:20:39,ИВАн ИВАнОВ,+7 9800 11 02,3,амУНИциЯ для СобАК,2,2390.65,9.35,cOmpLETEd,Нужно уточнить сроки,2024-06-29,8017816179796566
2029946187754,2024/06/21 10:20:39,ИВАн ИВАнОВ,+7 9800 11 02,1,КОрм дЛЯ СоБаК,1,489.65,10.35,COMpLeTED,Нужно уточнить сроки,2024-06-29,8017816179796566
2029946187754,2024/06/21 10:20:39,ИВАн ИВАнОВ,+7 9800 11 02,4,пОдписка На ГаЗеТУ,1,573.36,26.64,coMplEtEd,Нужно уточнить сроки,2024-06-29,8017816179796566
2029946187754,2024/06/21 10:20:39,ИВАн ИВАнОВ,+7 9800 11 02,3,амУНиЦИЯ длЯ собаК,5,5811.65,188.35,CoMPlEted,Нужно уточнить сроки,2024-06-29,8017816179796566
2029946186364,2024/06/20 07:44:27,аЛексей МихАйлОв,8(9973) 32-65,1,кОРм дЛЯ СобаК,4,1978.93,21.07,CANceLleD,подарок вовремя,2024-06-11,3349728491209715
2029946186364,2024/06/20 07:44:27,аЛексей МихАйлОв,8(9973) 32-65,3,АмуНИЦиЯ ДлЯ СОБаК,2,2274.99,125.01,caNCeLlEd,подарок вовремя,2024-06-11,3349728491209715
2029946186364,2024/06/20 07:44:27,аЛексей МихАйлОв,8(9973) 32-65,1,КОРм Для соБАк,5,2308.78,191.22,caNcElLED,подарок вовремя,2024-06-11,3349728491209715
2029946186364,2024/06/20 07:44:27,аЛексей МихАйлОв,8(9973) 32-65,3,аМУНиЦия Для СобАК,4,4419.27,380.73,cAnCEllEd,подарок вовремя,2024-06-11,3349728491209715
2029946185590,2024/06/02 11:12:03,оЛЬГА кУЗнецоВа,8(9242) 74-65,5,молоКо,4,10693.63,1306.37,CoMplETED,спасибо за заказ,2024-06-11,2651105723472092
2029946185590,2024/06/02 11:12:03,оЛЬГА кУЗнецоВа,8(9242) 74-65,2,иГРУШКА мЯч,3,729.68,170.32,CompLetEd,спасибо за заказ,2024-06-11,2651105723472092
2029946185590,2024/06/02 11:12:03,оЛЬГА кУЗнецоВа,8(9242) 74-65,3,аМУНицИя дЛя СОБаК,3,3042.99,557.01,COmpLetED,спасибо за заказ,2024-06-11,2651105723472092
2029946185590,2024/06/02 11:12:03,оЛЬГА кУЗнецоВа,8(9242) 74-65,2,ИГрУШКА мЯЧ,2,595.31,4.69,cOmpLeteD,спасибо за заказ,2024-06-11,2651105723472092
2029946185590,2024/06/02 11:12:03,оЛЬГА кУЗнецоВа,8(9242) 74-65,5,моЛоКо,1,2990.04,9.96,complEtED,спасибо за заказ,2024-06-11,2651105723472092
2029946184422,15.06.2024 09:34,СерГеЙ сидорОВ,+7 9353 28 15,1,кОРм ДЛя СобАК,5,2409.87,90.13,proCEsSING,Всё отлично!,13.06.2024,4385560779742859
2029946184422,15.06.2024 09:34,СерГеЙ сидорОВ,+7 9353 28 15,2,иГРуШкА мЯЧ,3,811.5,88.5,PRocESSiNg,Всё отлично!,13.06.2024,4385560779742859
2029946184422,15.06.2024 09:34,СерГеЙ сидорОВ,+7 9353 28 15,4,ПОдПискА нА ГазЕТу,4,2332.45,67.55,proceSsiNG,Всё отлично!,13.06.2024,4385560779742859
2029946184422,15.06.2024 09:34,СерГеЙ сидорОВ,+7 9353 28 15,4,ПОДПиСКа на ГаЗЕТУ,5,2585.71,414.29,prOcEssInG,Всё отлично!,13.06.2024,4385560779742859
2029946184422,15.06.2024 09:34,СерГеЙ сидорОВ,+7 9353 28 15,3,АМуНиция для сОБаК,5,5936.67,63.33,proCEssIng,Всё отлично!,13.06.2024,4385560779742859
2029946183827,2024-06-07 23:14:14,ОлЬга куЗнеЦова,+7(9506)63-84,4,подпиСкА на ГаЗЕТУ,3,1668.86,131.14,COMpleTEd,спасибо за заказ,2024-06-09,9762539754312268
2029946183827,2024-06-07 23:14:14,ОлЬга куЗнеЦова,+7(9506)63-84,1,КОРм длЯ СобАк,2,839.71,160.29,cOMPLEted,спасибо за заказ,2024-06-09,9762539754312268
2029946183827,2024-06-07 23:14:14,ОлЬга куЗнеЦова,+7(9506)63-84,5,молОКО,2,4988.74,1011.26,cOMpleted,спасибо за заказ,2024-06-09,9762539754312268
2029946183827,2024-06-07 23:14:14,ОлЬга куЗнеЦова,+7(9506)63-84,2,иГрушКА МЯч,2,548.83,51.17,COMpLETED,спасибо за заказ,2024-06-09,9762539754312268
2029946182611,23.06.2024 15:33,сЕРГЕй СИДОРов,+7(9820)64-66,4,пОдпИскА нА газету,4,2370.14,29.86,cancEllEd,подарок вовремя,06.06.2024,8642432123039222
2029946181746,2024/06/06 03:30:41,дмИтрИЙ КузнЕцОВ,+7(9527)12-19,2,ИгрушкА МЯЧ,3,760.63,139.37,compLeteD,Всё отлично!,26.06.2024,2543709553438387
2029946181746,2024/06/06 03:30:41,дмИтрИЙ КузнЕцОВ,+7(9527)12-19,4,ПОДПисКА нА ГаЗЕтУ,2,974.43,225.57,CoMpLETeD,Всё отлично!,26.06.2024,2543709553438387
2029946180798,2024-06-15 19:54:09,аЛекСЕЙ миХаЙлОВ,8(9419) 43-01,3,аМУниция дЛя СОбАК,1,1033.38,166.62,coMpLEteD,Ждём с нетерпением!,13.06.2024,1355343824468548
2029946180798,2024-06-15 19:54:09,аЛекСЕЙ миХаЙлОВ,8(9419) 43-01,4,ПОДПиСКА НА гаЗеТУ,2,1086.4,113.6,COmplETeD,Ждём с нетерпением!,13.06.2024,1355343824468548
2029946180798,2024-06-15 19:54:09,аЛекСЕЙ миХаЙлОВ,8(9419) 43-01,5,моЛоКо,2,5939.82,60.18,coMPLeTEd,Ждём с нетерпением!,13.06.2024,1355343824468548
2029946180798,2024-06-15 19:54:09,аЛекСЕЙ миХаЙлОВ,8(9419) 43-01,2,иГрУшкА Мяч,2,501.56,98.44,complETEd,Ждём с нетерпением!,13.06.2024,1355343824468548
2029946180798,2024-06-15 19:54:09,аЛекСЕЙ миХаЙлОВ,8(9419) 43-01,5,мОлОко,2,5812.36,187.64,CoMplETed,Ждём с нетерпением!,13.06.2024,1355343824468548
2029946179836,2024-06-13 01:51:08,ИВАн ивАНоВ,8(9383) 62-16,5,МолоКо,4,9669.2,2330.8,pRoCEsSiNg,подарок вовремя,2024-06-04,5969012137408830
2029946178789,2024/06/18 16:45:45,михАИЛ ОРЛоВ,+7(9579)08-41,3,АмуНиЦиЯ дЛя СОбАк,4,4346.9,453.1,CaNCelLEd,Нужно уточнить сроки,26.06.2024,7679545580940251
2029946178789,2024/06/18 16:45:45,михАИЛ ОРЛоВ,+7(9579)08-41,4,пОдпИСка на ГаЗету,3,1622.36,177.64,CANCELLED,Нужно уточнить сроки,26.06.2024,7679545580940251
2029946177954,18.06.2024 08:15,мИХаиЛ ОрЛОВ,+7 9013 06 13,4,подПИсКА НА ГАзЕТУ,5,2926.86,73.14,CaNCeLLeD,подарок вовремя,2024/06/18,3252075795557496
2029946177954,18.06.2024 08:15,мИХаиЛ ОрЛОВ,+7 9013 06 13,4,ПоДПискА на гАЗЕтУ,4,2163.21,236.79,CANcELleD,подарок вовремя,2024/06/18,3252075795557496
2029946177954,18.06.2024 08:15,мИХаиЛ ОрЛОВ,+7 9013 06 13,1,кОРм Для СобаК,3,1350.83,149.17,caNCeLlED,подарок вовремя,2024/06/18,3252075795557496
2029946177954,18.06.2024 08:15,мИХаиЛ ОрЛОВ,+7 9013 06 13,3,амуНиЦИЯ ДлЯ СоБаК,4,3980.27,819.73,CAnCeLlED,подарок вовремя,2024/06/18,3252075795557496
2029946177954,18.06.2024 08:15,мИХаиЛ ОрЛОВ,+7 9013 06 13,1,КорМ Для сОбак,1,425.89,74.11,CANCELLed,подарок вовремя,2024/06/18,3252075795557496
2029946176142,14.06.2024 21:39,НаТАЛьЯ ВаСиЛЬева,+7 9597 62 75,1,кОрМ дЛЯ СоБак,4,1858.05,141.95,cAnCELlED,"Задержка с доставкой, печалька...",2024/06/07,4318065905491076
2029946176142,14.06.2024 21:39,НаТАЛьЯ ВаСиЛЬева,+7 9597 62 75,1,КоРм длЯ СобАК,1,479.16,20.84,cAncElLED,"Задержка с доставкой, печалька...",2024/06/07,4318065905491076
2029946175197,01.06.2024 16:37,СеРГЕЙ СИДорОВ,+7(9319)76-63,5,МОлОКо,2,5490.36,509.64,ComPLETEd,Проверить наличие,28.06.2024,5423279553112291
2029946174879,2024-06-30 19:52:42,ОльгА КуЗнЕЦОвА,8(9065) 36-08,5,МоЛОКо,1,2827.38,172.62,compLEtED,Всё отлично!,2024-06-21,0983332014764473
2029946174879,2024-06-30 19:52:42,ОльгА КуЗнЕЦОвА,8(9065) 36-08,4,подпИска на ГАЗЕТУ,1,573.08,26.92,cOMPleTed,Всё отлично!,2024-06-21,0983332014764473
2029946173508,08.06.2024 20:50,олЬГа куЗНеЦова,+7 9826 44 68,3,АмУнИЦИя ДЛя соБАк,5,5826.5,173.5,coMPlEtED,Проверить наличие,17.06.2024,1371486144058677
2029946173508,08.06.2024 20:50,олЬГа куЗНеЦова,+7 9826 44 68,4,ПОДПИсКа нА гАзету,4,1922.12,477.88,cOMpLETEd,Проверить наличие,17.06.2024,1371486144058677
2029946173508,08.06.2024 20:50,олЬГа куЗНеЦова,+7 9826 44 68,4,подПИсКА На ГАзетУ,2,1021.98,178.02,COMpLeted,Проверить наличие,17.06.2024,1371486144058677
2029946173508,08.06.2024 20:50,олЬГа куЗНеЦова,+7 9826 44 68,3,аМУнИЦИЯ ДлЯ сОбак,2,2384.8,15.2,ComPlEteD,Проверить наличие,17.06.2024,1371486144058677
2029946172896,09.06.2024 19:10,СеРГеЙ сИДоРоВ,+7 9543 44 19,1,Корм для СОбАк,2,974.94,25.06,PrOCessinG,Всё отлично!,04.06.2024,2473684454971942
2029946172896,09.06.2024 19:10,СеРГеЙ сИДоРоВ,+7 9543 44 19,4,пОДпИска На ГазЕТУ,4,2391.24,8.76,PROcEssing,Всё отлично!,04.06.2024,2473684454971942
2029946172896,09.06.2024 19:10,СеРГеЙ сИДоРоВ,+7 9543 44 19,2,иГруШКа Мяч,1,266.37,33.63,PrOcESSInG,Всё отлично!,04.06.2024,2473684454971942
2029946171666,2024/06/09 18:38:47,ИвАн иВанОВ,+7 9232 41 23,1,корМ ДЛЯ СобАК,5,2216.69,283.31,proCessInG,Всё отлично!,04.06.2024,0453072568497436
2029946171666,2024/06/09 18:38:47,ИвАн иВанОВ,+7 9232 41 23,5,моЛоко,3,7321.8,1678.2,pROCesSing,Всё отлично!,04.06.2024,0453072568497436
2029946171666,2024/06/09 18:38:47,ИвАн иВанОВ,+7 9232 41 23,2,ИгРушКа мяч,2,496.77,103.23,PRoCEsSIng,Всё отлично!,04.06.2024,0453072568497436
2029946171666,2024/06/09 18:38:47,ИвАн иВанОВ,+7 9232 41 23,2,иГруШкА мяЧ,2,482.04,117.96,PROcessING,Всё отлично!,04.06.2024,0453072568497436
2029946170240,2024/06/08 21:44:39,НАтальЯ вАСИлЬЕВА,+7(9624)01-56,4,ПОДПиска нА ГАЗеТУ,5,2408.39,591.61,CAnCELLed,подарок вовремя,07.06.2024,0036316455339056
2029946169941,2024-06-09 08:09:04,Ольга кУзНецоВа,+7 9662 64 63,2,игРушКа МяЧ,5,1264.83,235.17,CANCELleD,Ждём с нетерпением!,2024/06/26,3426529854829201
2029946169941,2024-06-09 08:09:04,Ольга кУзНецоВа,+7 9662 64 63,3,аМУНИция дЛЯ СОбАк,4,4335.25,464.75,Cancelled,Ждём с нетерпением!,2024/06/26,3426529854829201
2029946169941,2024-06-09 08:09:04,Ольга кУзНецоВа,+7 9662 64 63,5,МОлоКО,4,10031.24,1968.76,CancelleD,Ждём с нетерпением!,2024/06/26,3426529854829201
2029946168657,11.06.2024 21:03,анна сМИРнова,+7(9008)37-28,5,мОлОкО,4,10009.8,1990.2,CoMPlETed,"Задержка с доставкой, печалька...",17.06.2024,2206214932655187
2029946168657,11.06.2024 21:03,анна сМИРнова,+7(9008)37-28,4,ПоДписКа НА гАзетУ,5,2572.23,427.77,cOMPLetED,"Задержка с доставкой, печалька...",17.06.2024,2206214932655187
2029946168657,11.06.2024 21:03,анна сМИРнова,+7(9008)37-28,2,ИгруШКА МЯч,3,883.88,16.12,ComPlETed,"Задержка с доставкой, печалька...",17.06.2024,2206214932655187
2029946168657,11.06.2024 21:03,анна сМИРнова,+7(9008)37-28,5,МолоКо,5,14510.8,489.2,compLETeD,"Задержка с доставкой, печалька...",17.06.2024,2206214932655187
2029946167173,2024/06/07 15:24:10,аннА смиРНовА,8(9368) 44-83,3,АмУНИция ДЛя СОбак,1,1087.16,112.84,CancELLED,"Задержка с доставкой, печалька...",2024/06/13,3675812868484067
2029946167173,2024/06/07 15:24:10,аннА смиРНовА,8(9368) 44-83,4,поДПИскА На гаЗЕТу,2,1065.49,134.51,CanCelLED,"Задержка с доставкой, печалька...",2024/06/13,3675812868484067
2029946166519,10.06.2024 09:53,елЕНА новИкова,+7 9444 97 91,5,моЛоКо,5,13500.45,1499.55,caNcElLed,Нужно уточнить сроки,2024/06/01,2493227850609667
2029946166519,10.06.2024 09:53,елЕНА новИкова,+7 9444 97 91,4,пОдПИсКА нА ГаЗЕту,5,2590.79,409.21,CAncELleD,Нужно уточнить сроки,2024/06/01,2493227850609667
2029946165367,2024-06-06 04:49:05,НаталЬЯ вАсилЬевА,+7 9328 80 51,2,ИгруШка МяЧ,2,495.9,104.1,CaNCElLed,спасибо за заказ,2024-06-28,1430664062938972
2029946164496,2024/06/04 04:03:24,МиХаиЛ ОрлОВ,+7 9544 81 28,4,пОДПисКА на ГаЗЕту,4,2361.65,38.35,COMPLEtED,Ждём с нетерпением!,2024/06/02,1780316199570718
2029946164496,2024/06/04 04:03:24,МиХаиЛ ОрлОВ,+7 9544 81 28,1,КоРМ ДЛя СОБаК,2,983.43,16.57,comPlEteD,Ждём с нетерпением!,2024/06/02,1780316199570718
2029946163174,2024-06-26 18:06:41,АлеКсЕй МихайЛОВ,+7 9951 70 91,3,АмУниЦиЯ ДЛЯ СоБАк,4,4779.8,20.2,cAnCeLlED,Всё отлично!,2024/06/21,6007333034818049
2029946163174,2024-06-26 18:06:41,АлеКсЕй МихайЛОВ,+7 9951 70 91,1,Корм дЛя СоБак,2,867.4,132.6,cancelleD,Всё отлично!,2024/06/21,6007333034818049
2029946163174,2024-06-26 18:06:41,АлеКсЕй МихайЛОВ,+7 9951 70 91,5,мОЛОкО,3,7671.04,1328.96,CAnceLlED,Всё отлично!,2024/06/21,6007333034818049
2029946163174,2024-06-26 18:06:41,АлеКсЕй МихайЛОВ,+7 9951 70 91,4,поДПИскА нА ГазЕТу,1,495.69,104.31,cAncElled,Всё отлично!,2024/06/21,6007333034818049
2029946162855,15.06.2024 14:05,МАрия петрОвА,+7 9162 44 28,2,иГрУШка мяЧ,5,1399.6,100.4,COMplEtED,Всё отлично!,2024-06-27,3416563533446541
2029946162855,15.06.2024 14:05,МАрия петрОвА,+7 9162 44 28,3,АМУНИцИЯ ДЛя сОбак,4,4605.31,194.69,CoMpletEd,Всё отлично!,2024-06-27,3416563533446541
2029946162855,15.06.2024 14:05,МАрия петрОвА,+7 9162 44 28,1,кОРм ДЛЯ сОБАК,2,860.98,139.02,cOMplETed,Всё отлично!,2024-06-27,3416563533446541
2029946162855,15.06.2024 14:05,МАрия петрОвА,+7 9162 44 28,1,кОРм длЯ СОбаК,4,1785.4,214.6,ComPLEteD,Всё отлично!,2024-06-27,3416563533446541
2029946162855,15.06.2024 14:05,МАрия петрОвА,+7 9162 44 28,2,ИГРУшКА МяЧ,2,599.07,0.93,cOmpLETeD,Всё отлично!,2024-06-27,3416563533446541
2029946161438,2024/06/18 06:33:00,АННА смиРНОВА,+7(9830)61-73,1,КОРм длЯ собак,4,1702.88,297.12,pROCESsIng,Проверить наличие,2024-06-14,1279874186651951
2029946160304,04.06.2024 07:31,аЛЕкСей МИХАйлОВ,+7 9526 27 09,2,иГрУШка мяЧ,3,732.62,167.38,pRocesSinG,Всё отлично!,2024/06/03,9163282311129979
2029946160304,04.06.2024 07:31,аЛЕкСей МИХАйлОВ,+7 9526 27 09,5,МОЛокО,3,8233.21,766.79,pROceSsING,Всё отлично!,2024/06/03,9163282311129979
2029946160304,04.06.2024 07:31,аЛЕкСей МИХАйлОВ,+7 9526 27 09,4,ПодпИсКА на гАЗетУ,3,1458.98,341.02,PRocEsSInG,Всё отлично!,2024/06/03,9163282311129979
2029946160304,04.06.2024 07:31,аЛЕкСей МИХАйлОВ,+7 9526 27 09,3,АмУниЦИя ДЛЯ сОбак,4,3978.64,821.36,pROcESSing,Всё отлично!,2024/06/03,9163282311129979
2029946160304,04.06.2024 07:31,аЛЕкСей МИХАйлОВ,+7 9526 27 09,1,КорМ Для СоБАК,3,1211.44,288.56,pROCeSsiNG,Всё отлично!,2024/06/03,9163282311129979
2029946159817,28.06.2024 12:36,МиХАИл оРЛоВ,+7(9389)03-15,4,ПоДпиСкА На гаЗЕТУ,2,1032.29,167.71,cOMplETEd,"Задержка с доставкой, печалька...",2024-06-09,6498444327507883
2029946158254,08.06.2024 21:57,ЕЛЕНА нОВикова,+7(9276)74-80,1,кОРМ дЛЯ СОБАк,1,434.84,65.16,COMpLETed,Всё отлично!,07.06.2024,8383507657193422
2029946158254,08.06.2024 21:57,ЕЛЕНА нОВикова,+7(9276)74-80,2,ИГрУшКа мЯЧ,1,267.86,32.14,COMPLeteD,Всё отлично!,07.06.2024,8383507657193422
2029946158254,08.06.2024 21:57,ЕЛЕНА нОВикова,+7(9276)74-80,5,моЛОКо,4,11627.38,372.62,complETed,Всё отлично!,07.06.2024,8383507657193422
2029946158254,08.06.2024 21:57,ЕЛЕНА нОВикова,+7(9276)74-80,2,ИгРУшКа МЯЧ,5,1226.04,273.96,coMpLEtEd,Всё отлично!,07.06.2024,8383507657193422
2029946158254,08.06.2024 21:57,ЕЛЕНА нОВикова,+7(9276)74-80,4,пОДПИска НА ГаЗЕТу,3,1455.2,344.8,cOmPLeted,Всё отлично!,07.06.2024,8383507657193422
2029946157646,2024/06/12 15:30:09,НАТАЛЬЯ васильЕвА,+7 9204 95 05,5,МолокО,1,2793.16,206.84,PROcESsing,спасибо за заказ,2024-06-07,8717316513008819
2029946157646,2024/06/12 15:30:09,НАТАЛЬЯ васильЕвА,+7 9204 95 05,2,ИГРуШка мЯч,4,1046.92,153.08,ProCEsSING,спасибо за заказ,2024-06-07,8717316513008819
2029946157646,2024/06/12 15:30:09,НАТАЛЬЯ васильЕвА,+7 9204 95 05,1,КоРМ ДЛя сОбАк,3,1213.02,286.98,pROcESsiNG,спасибо за заказ,2024-06-07,8717316513008819
2029946157646,2024/06/12 15:30:09,НАТАЛЬЯ васильЕвА,+7 9204 95 05,2,ИгрушКа мЯЧ,5,1390.22,109.78,prOCESSiNG,спасибо за заказ,2024-06-07,8717316513008819
2029946156368,03.06.2024 05:41,мИХаил оРлОВ,+7 9561 18 10,5,мОЛоКО,3,8176.97,823.03,cANCElLed,подарок вовремя,2024/06/07,9540008108603613
2029946156368,03.06.2024 05:41,мИХаил оРлОВ,+7 9561 18 10,3,АМУниЦия для СОбаК,3,3592.26,7.74,cAncELlEd,подарок вовремя,2024/06/07,9540008108603613
2029946156368,03.06.2024 05:41,мИХаил оРлОВ,+7 9561 18 10,4,пОдписКА на ГАзетУ,4,2102.95,297.05,canCELLED,подарок вовремя,2024/06/07,9540008108603613
2029946156368,03.06.2024 05:41,мИХаил оРлОВ,+7 9561 18 10,3,аМУНиция ДЛя СОБаК,1,1163.69,36.31,CANCelleD,подарок вовремя,2024/06/07,9540008108603613
2029946156368,03.06.2024 05:41,мИХаил оРлОВ,+7 9561 18 10,4,ПодПИсКа НА ГАзЕтУ,4,2351.8,48.2,CANcellEd,подарок вовремя,2024/06/07,9540008108603613
2029946155174,2024-06-06 01:09:56,мария петРоВа,8(9054) 03-20,4,ПОдпиСкА на гАЗету,1,550.09,49.91,caNcELLed,спасибо за заказ,2024-06-24,8744815858358960
2029946155174,2024-06-06 01:09:56,мария петРоВа,8(9054) 03-20,3,аМУнИция дЛя сОбаК,4,4294.88,505.12,cancElled,спасибо за заказ,2024-06-24,8744815858358960
2029946155174,2024-06-06 01:09:56,мария петРоВа,8(9054) 03-20,3,АМУницИя дЛЯ сОБаК,5,4936.88,1063.12,CaNCeLLed,спасибо за заказ,2024-06-24,8744815858358960
2029946154794,2024-06-19 07:23:16,МАРИя ПетровА,+7(9622)08-82,5,мОлОКо,2,5822.45,177.55,PRocEsSiNg,подарок вовремя,2024/06/30,5652909350015605
2029946154794,2024-06-19 07:23:16,МАРИя ПетровА,+7(9622)08-82,4,ПоДПИсКа НА гАЗету,3,1549.16,250.84,PROceSSinG,подарок вовремя,2024/06/30,5652909350015605
2029946154794,2024-06-19 07:23:16,МАРИя ПетровА,+7(9622)08-82,3,аМуНицИЯ ДЛЯ соБаК,3,2954.19,645.81,PRoCESSInG,подарок вовремя,2024/06/30,5652909350015605
2029946153249,23.06.2024 14:26,нАТАлЬя ВасИЛьЕВа,+7 9581 61 48,3,амуниЦиЯ дЛя соБАк,5,5581.02,418.98,pROceSsING,спасибо за заказ,2024-06-17,1140840959602575
2029946153249,23.06.2024 14:26,нАТАлЬя ВасИЛьЕВа,+7 9581 61 48,2,иГРушка мяЧ,1,260.65,39.35,prOcessiNg,спасибо за заказ,2024-06-17,1140840959602575
2029946153249,23.06.2024 14:26,нАТАлЬя ВасИЛьЕВа,+7 9581 61 48,1,кОрм ДлЯ СОбАк,4,1891.99,108.01,proCesSing,спасибо за заказ,2024-06-17,1140840959602575
2029946153249,23.06.2024 14:26,нАТАлЬя ВасИЛьЕВа,+7 9581 61 48,2,ИГРУшка МЯч,4,1102.52,97.48,pRoCESSInG,спасибо за заказ,2024-06-17,1140840959602575
2029946153249,23.06.2024 14:26,нАТАлЬя ВасИЛьЕВа,+7 9581 61 48,1,кОрМ ДлЯ сОбаК,1,410.19,89.81,prOCESsInG,спасибо за заказ,2024-06-17,1140840959602575
2029946152405,2024/06/05 02:28:02,НаТАЛья ВасиЛЬЕвА,+7(9913)40-10,4,пОдПисКа на гаЗЕТу,3,1464.55,335.45,PROcesSiNg,"Задержка с доставкой, печалька...",30.06.2024,5696312006353068
2029946151853,2024/06/09 04:07:42,иВАН иваноВ,+7 9677 27 71,4,ПОДпиСКА на ГАзЕТу,3,1654.53,145.47,caNCELled,"Задержка с доставкой, печалька...",2024-06-03,1270241067801045
2029946151853,2024/06/09 04:07:42,иВАН иваноВ,+7 9677 27 71,1,коРМ ДЛЯ СоБак,1,487.95,12.05,cANCElLed,"Задержка с доставкой, печалька...",2024-06-03,1270241067801045
2029946150499,28.06.2024 14:36,мИхаиЛ ОрЛОв,+7 9088 43 85,5,МОЛОкО,5,14610.08,389.92,cOmplEtED,Всё отлично!,2024-06-09,7452172345342185
2029946150499,28.06.2024 14:36,мИхаиЛ ОрЛОв,+7 9088 43 85,2,ИгРушка МЯч,1,257.2,42.8,COmplETed,Всё отлично!,2024-06-09,7452172345342185
2029946150499,28.06.2024 14:36,мИхаиЛ ОрЛОв,+7 9088 43 85,4,подписКА на ГаЗеТУ,3,1797.33,2.67,CompLETeD,Всё отлично!,2024-06-09,7452172345342185
2029946150499,28.06.2024 14:36,мИхаиЛ ОрЛОв,+7 9088 43 85,1,корм дЛя сОбаК,1,436.7,63.3,cOmplEted,Всё отлично!,2024-06-09,7452172345342185
2029946149184,02.06.2024 19:36,АнНА СМИРноВа,8(9863) 91-93,4,ПОДпиСКА НА ГАзЕтУ,1,491.49,108.51,ProcEsSINg,Ждём с нетерпением!,08.06.2024,5152343194014850
2029946149184,02.06.2024 19:36,АнНА СМИРноВа,8(9863) 91-93,4,подпИсКа НА ГаЗетУ,2,1017.39,182.61,pRocEsSInG,Ждём с нетерпением!,08.06.2024,5152343194014850
2029946149184,02.06.2024 19:36,АнНА СМИРноВа,8(9863) 91-93,1,КорМ ДлЯ СОБАК,4,1721.35,278.65,proceSsiNg,Ждём с нетерпением!,08.06.2024,5152343194014850
2029946148113,2024/06/05 23:11:05,нАТалЬя ВаСиЛьЕВА,+7 9250 57 23,2,игРУШКа мЯЧ,3,734.15,165.85,cOMpLetEd,спасибо за заказ,14.06.2024,1152067546205309
2029946148113,2024/06/05 23:11:05,нАТалЬя ВаСиЛьЕВА,+7 9250 57 23,4,поДПИсКА нА газЕТу,3,1787.44,12.56,COmPLeTeD,спасибо за заказ,14.06.2024,1152067546205309
2029946148113,2024/06/05 23:11:05,нАТалЬя ВаСиЛьЕВА,+7 9250 57 23,2,игРУшка МяЧ,5,1366.4,133.6,COMPleTEd,спасибо за заказ,14.06.2024,1152067546205309
2029946147467,2024/06/21 18:57:16,ОЛьГа КУЗнЕцовА,+7(9367)03-68,2,ИгрУшКА мяч,5,1452.54,47.46,canCelLed,Ждём с нетерпением!,24.06.2024,2497364547579222
2029946146281,2024/06/15 05:25:51,дМИтрий КУзнЕцоВ,+7 9942 85 17,2,иГруШКА мЯч,3,818.39,81.61,cOMPLetEd,"Задержка с доставкой, печалька...",2024/06/18,4919422541147293
2029946145589,08.06.2024 17:58,михАил оРЛов,+7 9787 60 27,3,АмунициЯ ДЛя СОБАК,1,1009.44,190.56,cancELlED,Ждём с нетерпением!,21.06.2024,3436654218548601
2029946145589,08.06.2024 17:58,михАил оРЛов,+7 9787 60 27,2,игРУШКа Мяч,3,720.25,179.75,CaNceLled,Ждём с нетерпением!,21.06.2024,3436654218548601
2029946145589,08.06.2024 17:58,михАил оРЛов,+7 9787 60 27,4,подписКа на ГазЕТУ,5,2557.04,442.96,CanCeLLed,Ждём с нетерпением!,21.06.2024,3436654218548601
2029946145589,08.06.2024 17:58,михАил оРЛов,+7 9787 60 27,1,корМ дЛя сОбАк,2,833.71,166.29,cANCelLEd,Ждём с нетерпением!,21.06.2024,3436654218548601
2029946144418,20.06.2024 09:47,ЕЛЕНА НОВИКОвА,+7(9367)47-32,1,КоРм ДЛя СоБАК,1,440.9,59.1,prOCeSSiNg,"Задержка с доставкой, печалька...",13.06.2024,9780199748673425
2029946144418,20.06.2024 09:47,ЕЛЕНА НОВИКОвА,+7(9367)47-32,3,амуниция ДЛя СОБаК,1,1115.06,84.94,pROcESSING,"Задержка с доставкой, печалька...",13.06.2024,9780199748673425
2029946144418,20.06.2024 09:47,ЕЛЕНА НОВИКОвА,+7(9367)47-32,4,ПодписКА нА ГаЗЕтУ,4,2135.11,264.89,ProCEsSING,"Задержка с доставкой, печалька...",13.06.2024,9780199748673425
2029946144418,20.06.2024 09:47,ЕЛЕНА НОВИКОвА,+7(9367)47-32,5,МОлОКО,1,2683.27,316.73,PROCESsING,"Задержка с доставкой, печалька...",13.06.2024,9780199748673425
2029946144418,20.06.2024 09:47,ЕЛЕНА НОВИКОвА,+7(9367)47-32,2,ИГРУШКА МЯч,2,599.19,0.81,prOcessIng,"Задержка с доставкой, печалька...",13.06.2024,9780199748673425
2029946143678,2024/06/03 09:32:55,анНА СМирнова,+7(9426)71-57,4,поДПИСка На ГАзЕТУ,5,2419.75,580.25,ComPleteD,Всё отлично!,2024-06-17,7951424668801368
2029946143678,2024/06/03 09:32:55,анНА СМирнова,+7(9426)71-57,1,корМ дЛя СобаК,4,1744.65,255.35,compLeted,Всё отлично!,2024-06-17,7951424668801368
2029946142698,2024-06-22 19:21:38,нАТаЛья васИЛьЕва,8(9471) 70-96,2,ИГРУшкА мяч,3,878.59,21.41,COmplETEd,Всё отлично!,2024/06/01,0902743620144156
2029946142698,2024-06-22 19:21:38,нАТаЛья васИЛьЕва,8(9471) 70-96,1,корм ДЛя соБаК,2,838.73,161.27,COmPlEteD,Всё отлично!,2024/06/01,0902743620144156
2029946142698,2024-06-22 19:21:38,нАТаЛья васИЛьЕва,8(9471) 70-96,4,ПОДпиСКа На гаЗЕту,1,524.12,75.88,cOMpletEd,Всё отлично!,2024/06/01,0902743620144156
2029946142698,2024-06-22 19:21:38,нАТаЛья васИЛьЕва,8(9471) 70-96,2,ИГРУШКа мЯч,2,583.64,16.36,COmPLetEd,Всё отлично!,2024/06/01,0902743620144156
2029946141371,2024-06-19 12:18:44,ОлЬга кузнецОвА,8(9190) 67-95,1,КоРМ дЛя СОбаК,3,1407.33,92.67,COmpleTED,спасибо за заказ,2024-06-16,7367230107829699
2029946141371,2024-06-19 12:18:44,ОлЬга кузнецОвА,8(9190) 67-95,1,КОРм ДЛЯ сОбак,2,871.9,128.1,comPLETed,спасибо за заказ,2024-06-16,7367230107829699
2029946141371,2024-06-19 12:18:44,ОлЬга кузнецОвА,8(9190) 67-95,4,пОДПиска На гаЗЕТу,5,2901.36,98.64,COMPlETED,спасибо за заказ,2024-06-16,7367230107829699
2029946141371,2024-06-19 12:18:44,ОлЬга кузнецОвА,8(9190) 67-95,1,КОрМ ДЛя сОБак,2,839.0,161.0,cOmPLeTED,спасибо за заказ,2024-06-16,7367230107829699
2029946141371,2024-06-19 12:18:44,ОлЬга кузнецОвА,8(9190) 67-95,3,амуНицИя для собаК,4,4604.4,195.6,comPleteD,спасибо за заказ,2024-06-16,7367230107829699
2029946140386,2024-06-24 20:06:27,дМИТриЙ КуЗнЕцОв,+7 9483 90 45,5,молокО,5,12556.79,2443.21,CoMPlEteD,подарок вовремя,2024/06/18,2440098947003819
2029946140386,2024-06-24 20:06:27,дМИТриЙ КуЗнЕцОв,+7 9483 90 45,1,кОРм Для собак,5,2432.16,67.84,coMPleteD,подарок вовремя,2024/06/18,2440098947003819
2029946140386,2024-06-24 20:06:27,дМИТриЙ КуЗнЕцОв,+7 9483 90 45,2,ИгРуШкА МяЧ,1,270.86,29.14,coMPLEteD,подарок вовремя,2024/06/18,2440098947003819
2029946140386,2024-06-24 20:06:27,дМИТриЙ КуЗнЕцОв,+7 9483 90 45,4,ПодпИСкА НА ГАзеТу,4,2102.68,297.32,COMpLETed,подарок вовремя,2024/06/18,2440098947003819
2029946140386,2024-06-24 20:06:27,дМИТриЙ КуЗнЕцОв,+7 9483 90 45,2,игРУшКА МяЧ,4,1031.3,168.7,cOMpletEd,подарок вовремя,2024/06/18,2440098947003819
2029946139212,2024/06/26 06:22:19,сЕРГЕЙ СидОроВ,8(9190) 91-58,3,аМУНИцИЯ Для сОбАК,3,3525.75,74.25,comPLETeD,Всё отлично!,2024/06/30,2251602395089740
2029946139212,2024/06/26 06:22:19,сЕРГЕЙ СидОроВ,8(9190) 91-58,4,ПОДПИска на ГаЗетУ,4,2159.78,240.22,ComPLETeD,Всё отлично!,2024/06/30,2251602395089740
2029946139212,2024/06/26 06:22:19,сЕРГЕЙ СидОроВ,8(9190) 91-58,1,корМ дЛя сОБаК,5,2377.03,122.97,COmPLEted,Всё отлично!,2024/06/30,2251602395089740
2029946138762,10.06.2024 12:42,ДмиТрИЙ КуЗнецОв,+7(9119)99-24,1,КоРМ ДЛЯ соБАК,2,897.54,102.46,canCelLEd,Проверить наличие,15.06.2024,0473219640969051
2029946137325,2024/06/13 22:01:30,михАИЛ оРЛОВ,8(9042) 94-96,5,МОлОКо,2,5986.13,13.87,PRocESSING,Ждём с нетерпением!,2024/06/10,6616633134966819
2029946137325,2024/06/13 22:01:30,михАИЛ оРЛОВ,8(9042) 94-96,1,Корм дЛя собАК,4,1613.24,386.76,pRoceSSInG,Ждём с нетерпением!,2024/06/10,6616633134966819
2029946136324,2024/06/20 15:36:33,АлексЕЙ МиХАйЛов,+7(9005)98-69,2,иГрушКа мЯч,5,1329.75,170.25,caNCElleD,Проверить наличие,2024/06/12,3727871330309672
2029946136324,2024/06/20 15:36:33,АлексЕЙ МиХАйЛов,+7(9005)98-69,1,КОРМ ДЛя сОбаК,1,427.59,72.41,CaNcElLED,Проверить наличие,2024/06/12,3727871330309672
2029946135954,2024/06/26 05:16:08,АнНА смИРНОВа,+7(9747)81-07,2,иГрУШКА МЯч,1,266.88,33.12,comPleTED,Нужно уточнить сроки,2024/06/09,3379349218282867
2029946134856,2024-06-27 17:42:56,МарИЯ петРоВА,+7 9098 09 90,2,ИГРушкА мЯЧ,2,545.96,54.04,proCESSINg,подарок вовремя,2024/06/23,4005565884300134
2029946134856,2024-06-27 17:42:56,МарИЯ петРоВА,+7 9098 09 90,4,подпиСка На гАЗЕТУ,2,1143.64,56.36,pROCESSING,подарок вовремя,2024/06/23,4005565884300134
2029946134856,2024-06-27 17:42:56,МарИЯ петРоВА,+7 9098 09 90,3,АМУНИЦиЯ длЯ соБаК,2,2117.34,282.66,PRocEsSINg,подарок вовремя,2024/06/23,4005565884300134
2029946133231,09.06.2024 23:37,СергЕЙ сидоРоВ,8(9956) 52-46,3,АМУНицИя ДЛЯ сОБаК,2,2222.06,177.94,CoMpLeteD,"Задержка с доставкой, печалька...",2024/06/09,5888037014428273
2029946132743,2024/06/07 01:40:51,дмИТРий КузНеЦОв,+7(9498)54-49,2,ИгруШкА МяЧ,1,244.72,55.28,ProcESSiNg,подарок вовремя,2024-06-21,5338034172493003
2029946132743,2024/06/07 01:40:51,дмИТРий КузНеЦОв,+7(9498)54-49,1,коРм Для СоБАК,4,1619.77,380.23,pROcessinG,подарок вовремя,2024-06-21,5338034172493003
2029946132743,2024/06/07 01:40:51,дмИТРий КузНеЦОв,+7(9498)54-49,2,иГрУШка МЯч,4,1129.98,70.02,pROCesSinG,подарок вовремя,2024-06-21,5338034172493003
2029946132743,2024/06/07 01:40:51,дмИТРий КузНеЦОв,+7(9498)54-49,4,ПОдПИсКА нА ГАЗеТУ,2,1071.12,128.88,prOCeSsinG,подарок вовремя,2024-06-21,5338034172493003
2029946131672,2024-06-14 00:36:13,МИХаИЛ орЛов,+7 9701 20 96,5,МолОко,2,5382.98,617.02,PrOcESSiNg,подарок вовремя,2024-06-02,9378757596153129
2029946131672,2024-06-14 00:36:13,МИХаИЛ орЛов,+7 9701 20 96,5,мОЛОко,1,2763.29,236.71,PROcESsINg,подарок вовремя,2024-06-02,9378757596153129
2029946131672,2024-06-14 00:36:13,МИХаИЛ орЛов,+7 9701 20 96,1,КорМ дЛя соБАК,2,864.97,135.03,pROCEssiNG,подарок вовремя,2024-06-02,9378757596153129
2029946131672,2024-06-14 00:36:13,МИХаИЛ орЛов,+7 9701 20 96,1,КОрм ДЛЯ собАК,5,2143.88,356.12,pROcEsSiNg,подарок вовремя,2024-06-02,9378757596153129
2029946131672,2024-06-14 00:36:13,МИХаИЛ орЛов,+7 9701 20 96,5,МОлОко,2,5640.68,359.32,prOcessinG,подарок вовремя,2024-06-02,9378757596153129
2029946130276,05.06.2024 07:16,нАтАлЬЯ вАсиЛЬева,+7 9992 39 92,3,АМУницИя для сОбак,2,2224.57,175.43,caNCElLeD,подарок вовремя,2024/06/06,5135683866533588
2029946130276,05.06.2024 07:16,нАтАлЬЯ вАсиЛЬева,+7 9992 39 92,5,мОЛОКо,5,14256.81,743.19,CAncEllEd,подарок вовремя,2024/06/06,5135683866533588
2029946130276,05.06.2024 07:16,нАтАлЬЯ вАсиЛЬева,+7 9992 39 92,1,КОРМ Для собАК,5,2007.04,492.96,CANCellED,подарок вовремя,2024/06/06,5135683866533588
2029946130276,05.06.2024 07:16,нАтАлЬЯ вАсиЛЬева,+7 9992 39 92,1,КОРМ ДЛЯ собАК,5,2305.58,194.42,CAnCeLled,подарок вовремя,2024/06/06,5135683866533588
2029946130276,05.06.2024 07:16,нАтАлЬЯ вАсиЛЬева,+7 9992 39 92,5,МОЛоКО,4,10699.88,1300.12,cancelLEd,подарок вовремя,2024/06/06,5135683866533588
2029946129505,2024/06/26 16:00:29,аннА смирНОвА,+7 9399 42 14,2,игруШкА Мяч,4,1051.12,148.88,COmPletED,Всё отлично!,2024-06-25,9735772251554615
2029946129505,2024/06/26 16:00:29,аннА смирНОвА,+7 9399 42 14,5,молОко,1,2827.11,172.89,CoMPleTEd,Всё отлично!,2024-06-25,9735772251554615
2029946129505,2024/06/26 16:00:29,аннА смирНОвА,+7 9399 42 14,3,амУнИцИя дЛя СОБаК,3,3532.91,67.09,COMplEtED,Всё отлично!,2024-06-25,9735772251554615
2029946129505,2024/06/26 16:00:29,аннА смирНОвА,+7 9399 42 14,1,КОрМ ДлЯ СобАК,2,909.84,90.16,cOmPlEtED,Всё отлично!,2024-06-25,9735772251554615
2029946129505,2024/06/26 16:00:29,аннА смирНОвА,+7 9399 42 14,5,МОЛоКО,5,13385.45,1614.55,comPLEtEd,Всё отлично!,2024-06-25,9735772251554615
2029946128837,2024-06-01 04:34:27,олЬГА КУЗНеЦова,8(9914) 72-67,3,АМуНИцИЯ ДЛЯ сОБАК,1,1110.09,89.91,prOcESsINg,Нужно уточнить сроки,2024-06-09,7287538708328258
2029946128837,2024-06-01 04:34:27,олЬГА КУЗНеЦова,8(9914) 72-67,1,КОрМ для СОбАК,5,2300.76,199.24,pROCESsing,Нужно уточнить сроки,2024-06-09,7287538708328258
2029946128837,2024-06-01 04:34:27,олЬГА КУЗНеЦова,8(9914) 72-67,5,мОЛоКО,2,5681.89,318.11,prOcEsSiNG,Нужно уточнить сроки,2024-06-09,7287538708328258
2029946127568,25.06.2024 02:42,МарИЯ ПЕтРОвА,8(9581) 09-02,4,ПодписКА на гАзетУ,4,1920.33,479.67,cAncELLeD,подарок вовремя,29.06.2024,0307085260484904
2029946127568,25.06.2024 02:42,МарИЯ ПЕтРОвА,8(9581) 09-02,3,АМуНИЦИя дЛя сОбАк,5,5385.13,614.87,CancElLEd,подарок вовремя,29.06.2024,0307085260484904
2029946127568,25.06.2024 02:42,МарИЯ ПЕтРОвА,8(9581) 09-02,2,ИГруШкА МяЧ,5,1496.74,3.26,cANcellED,подарок вовремя,29.06.2024,0307085260484904
2029946127568,25.06.2024 02:42,МарИЯ ПЕтРОвА,8(9581) 09-02,3,АМуНИцИЯ дЛЯ СОбАк,5,5479.05,520.95,CANCElled,подарок вовремя,29.06.2024,0307085260484904
2029946126874,2024/06/08 11:46:08,Михаил оРлОв,+7 9599 45 80,4,ПоДПисКА На ГАЗету,4,1989.84,410.16,CoMpLetEd,спасибо за заказ,2024/06/04,6478394700622480
2029946126874,2024/06/08 11:46:08,Михаил оРлОв,+7 9599 45 80,2,игРуШка мЯЧ,2,551.62,48.38,coMpLeted,спасибо за заказ,2024/06/04,6478394700622480
2029946126874,2024/06/08 11:46:08,Михаил оРлОв,+7 9599 45 80,2,ИгрушкА мяч,5,1316.8,183.2,cOmpLEteD,спасибо за заказ,2024/06/04,6478394700622480
2029946126874,2024/06/08 11:46:08,Михаил оРлОв,+7 9599 45 80,3,АмУНиция Для СОБаК,4,4227.87,572.13,cOmplETED,спасибо за заказ,2024/06/04,6478394700622480
2029946126874,2024/06/08 11:46:08,Михаил оРлОв,+7 9599 45 80,1,КоРм Для собак,5,2332.66,167.34,CompLETed,спасибо за заказ,2024/06/04,6478394700622480
2029946125103,2024-06-01 11:27:50,АЛЕКсеЙ миХайЛов,8(9454) 49-17,4,подпискА НА ГазеТу,2,1101.02,98.98,prOCESSiNg,Всё отлично!,11.06.2024,7661977594074362
2029946125103,2024-06-01 11:27:50,АЛЕКсеЙ миХайЛов,8(9454) 49-17,4,подПИСкА НА газЕтУ,2,1117.25,82.75,prOcESsinG,Всё отлично!,11.06.2024,7661977594074362
2029946125103,2024-06-01 11:27:50,АЛЕКсеЙ миХайЛов,8(9454) 49-17,4,пОдпИСкА нА газЕту,4,2022.31,377.69,pROCesSiNg,Всё отлично!,11.06.2024,7661977594074362
2029946125103,2024-06-01 11:27:50,АЛЕКсеЙ миХайЛов,8(9454) 49-17,1,КОрМ ДлЯ соБАк,5,2373.09,126.91,proCEsSING,Всё отлично!,11.06.2024,7661977594074362
2029946125103,2024-06-01 11:27:50,АЛЕКсеЙ миХайЛов,8(9454) 49-17,5,молОКО,2,5519.89,480.11,prOceSsing,Всё отлично!,11.06.2024,7661977594074362
2029946124248,2024/06/17 08:14:58,ЕлЕна нОвИкОва,+7(9474)66-99,5,МОлоКо,5,13088.15,1911.85,comPLeTEd,Нужно уточнить сроки,2024-06-28,4396541339217241
2029946123803,2024/06/23 09:48:25,олЬГА кУЗНЕЦова,8(9401) 89-21,3,амуниЦИЯ дЛЯ Собак,3,3212.11,387.89,prOcesSING,спасибо за заказ,2024-06-26,0514327034781496
2029946123803,2024/06/23 09:48:25,олЬГА кУЗНЕЦова,8(9401) 89-21,4,пОдпИсКа на гаЗеТу,1,568.83,31.17,PRoceSsINg,спасибо за заказ,2024-06-26,0514327034781496
2029946123803,2024/06/23 09:48:25,олЬГА кУЗНЕЦова,8(9401) 89-21,2,ИГРушкА мяч,2,527.75,72.25,PRoCeSsING,спасибо за заказ,2024-06-26,0514327034781496
2029946123803,2024/06/23 09:48:25,олЬГА кУЗНЕЦова,8(9401) 89-21,1,Корм ДлЯ СОбАК,1,461.93,38.07,PROcEssing,спасибо за заказ,2024-06-26,0514327034781496
2029946123803,2024/06/23 09:48:25,олЬГА кУЗНЕЦова,8(9401) 89-21,3,АмуницИЯ длЯ СОбаК,4,4237.67,562.33,prOcessIng,спасибо за заказ,2024-06-26,0514327034781496
2029946122958,2024-06-24 04:22:33,АЛЕкСеЙ михАЙлОВ,8(9887) 62-47,3,АмуНицИя ДЛя сОбак,2,2108.42,291.58,CanCellED,Проверить наличие,2024-06-28,9317951410945497
2029946122958,2024-06-24 04:22:33,АЛЕкСеЙ михАЙлОВ,8(9887) 62-47,1,корм для СоБАК,5,2432.99,67.01,CANcELlED,Проверить наличие,2024-06-28,9317951410945497
2029946122958,2024-06-24 04:22:33,АЛЕкСеЙ михАЙлОВ,8(9887) 62-47,2,иГРуШКа МяЧ,1,244.09,55.91,caNCeLLeD,Проверить наличие,2024-06-28,9317951410945497
2029946121660,2024-06-20 17:46:02,СЕрГЕй СИдоРОв,8(9895) 77-38,4,пОДписка На гАЗеТу,4,2110.27,289.73,PROCEssIng,подарок вовремя,2024/06/03,9096063727811892
2029946120716,2024/06/16 11:12:45,сергей сИдОРОв,+7(9916)83-32,3,аМУНИЦИя ДлЯ СОбАк,2,2396.43,3.57,cOMPleTed,подарок вовремя,2024-06-14,8637258185914046
2029946120716,2024/06/16 11:12:45,сергей сИдОРОв,+7(9916)83-32,4,поДПИсКА НА гАзЕтУ,2,1037.49,162.51,COMPLETEd,подарок вовремя,2024-06-14,8637258185914046
2029946120716,2024/06/16 11:12:45,сергей сИдОРОв,+7(9916)83-32,2,ИГрУшКа мяч,3,842.21,57.79,comPleTEd,подарок вовремя,2024-06-14,8637258185914046
2029946120716,2024/06/16 11:12:45,сергей сИдОРОв,+7(9916)83-32,3,амунИциЯ дЛя сОбаК,5,5273.36,726.64,cOmpLeTED,подарок вовремя,2024-06-14,8637258185914046
2029946120716,2024/06/16 11:12:45,сергей сИдОРОв,+7(9916)83-32,1,кОрМ для собаК,4,1852.65,147.35,COmPletED,подарок вовремя,2024-06-14,8637258185914046
2029946119715,2024/06/05 03:31:29,МИХАИЛ оРЛОв,8(9844) 27-65,5,молОкО,5,14449.59,550.41,cAnceLleD,Нужно уточнить сроки,02.06.2024,7828018049797715
2029946119715,2024/06/05 03:31:29,МИХАИЛ оРЛОв,8(9844) 27-65,2,иГрУшка мяЧ,3,779.52,120.48,cAnCEllED,Нужно уточнить сроки,02.06.2024,7828018049797715
2029946119715,2024/06/05 03:31:29,МИХАИЛ оРЛОв,8(9844) 27-65,5,молокО,1,2951.62,48.38,CANcElled,Нужно уточнить сроки,02.06.2024,7828018049797715
2029946119715,2024/06/05 03:31:29,МИХАИЛ оРЛОв,8(9844) 27-65,4,ПОдПИСкА НА ГАзЕТу,4,2291.11,108.89,cANcELlEd,Нужно уточнить сроки,02.06.2024,7828018049797715
2029946119715,2024/06/05 03:31:29,МИХАИЛ оРЛОв,8(9844) 27-65,3,аМуНИциЯ ДЛя СоБАк,1,1137.56,62.44,cANceLLED,Нужно уточнить сроки,02.06.2024,7828018049797715
2029946118162,2024/06/01 11:10:00,ИвАн ИВаНов,+7 9198 30 97,1,КоРМ ДлЯ СоБАк,2,903.79,96.21,CoMpleted,Всё отлично!,09.06.2024,0315661325412022
2029946118162,2024/06/01 11:10:00,ИвАн ИВаНов,+7 9198 30 97,5,моЛОко,1,2495.05,504.95,cOMplEtEd,Всё отлично!,09.06.2024,0315661325412022
2029946117444,19.06.2024 12:07,олЬгА КУЗНеЦоВа,+7 9190 85 51,1,КоРМ ДЛя СобАк,3,1252.83,247.17,CanCElLed,Проверить наличие,22.06.2024,2972311141776944
2029946117444,19.06.2024 12:07,олЬгА КУЗНеЦоВа,+7 9190 85 51,5,мОЛОКО,1,2981.22,18.78,cANCeLlED,Проверить наличие,22.06.2024,2972311141776944
2029946116590,2024/06/15 16:42:14,Ольга КУЗнеЦоВА,+7(9221)22-94,2,иГРУШКа МЯч,5,1219.92,280.08,CoMPLEtEd,подарок вовремя,2024-06-01,7564591733199370
2029946116590,2024/06/15 16:42:14,Ольга КУЗнеЦоВА,+7(9221)22-94,5,МОлоКо,2,5615.06,384.94,cOmPlEtEd,подарок вовремя,2024-06-01,7564591733199370
2029946115420,2024-06-22 20:06:30,аНна СмИРНОВа,8(9854) 83-54,4,подпИСкА НА ГАзетУ,2,1106.33,93.67,canCEllEd,спасибо за заказ,2024/06/10,3472542429269818
2029946114333,2024/06/14 19:06:54,наТалЬЯ ВасИЛьева,+7(9138)10-39,4,пОдпИсКа НА гаЗЕту,2,1098.31,101.69,cancELlED,"Задержка с доставкой, печалька...",2024-06-07,1931689024952812
2029946114333,2024/06/14 19:06:54,наТалЬЯ ВасИЛьева,+7(9138)10-39,4,ПодпИСКа нА ГАзЕТУ,3,1461.64,338.36,CanCellED,"Задержка с доставкой, печалька...",2024-06-07,1931689024952812
2029946114333,2024/06/14 19:06:54,наТалЬЯ ВасИЛьева,+7(9138)10-39,2,ИГРУШка мЯч,3,780.98,119.02,CAncellED,"Задержка с доставкой, печалька...",2024-06-07,1931689024952812
2029946114333,2024/06/14 19:06:54,наТалЬЯ ВасИЛьева,+7(9138)10-39,3,амуНИцИЯ длЯ СоБаК,2,2289.15,110.85,caNcelLED,"Задержка с доставкой, печалька...",2024-06-07,1931689024952812
2029946114333,2024/06/14 19:06:54,наТалЬЯ ВасИЛьева,+7(9138)10-39,2,иГРУшКА МЯч,4,1097.18,102.82,cAncEllED,"Задержка с доставкой, печалька...",2024-06-07,1931689024952812
2029946113962,03.06.2024 12:01,иВан иванОВ,+7(9299)96-89,4,поДпИСКа нА ГАЗЕту,4,2183.49,216.51,cANCelled,Всё отлично!,2024/06/21,3175196575526476
2029946113962,03.06.2024 12:01,иВан иванОВ,+7(9299)96-89,4,ПОДпИсКа На гаЗетУ,4,2151.8,248.2,CANCeLLeD,Всё отлично!,2024/06/21,3175196575526476
2029946113962,03.06.2024 12:01,иВан иванОВ,+7(9299)96-89,2,иГРуШКА мЯч,4,1169.97,30.03,cancElLEd,Всё отлично!,2024/06/21,3175196575526476
2029946113962,03.06.2024 12:01,иВан иванОВ,+7(9299)96-89,4,ПоДПискА на ГазЕТУ,5,2987.95,12.05,cANcellED,Всё отлично!,2024/06/21,3175196575526476
2029946113962,03.06.2024 12:01,иВан иванОВ,+7(9299)96-89,1,коРМ ДлЯ сОбАК,3,1483.92,16.08,cANCElled,Всё отлично!,2024/06/21,3175196575526476
2029946112991,2024-06-01 17:17:29,аЛекСЕЙ МихаЙЛОВ,+7 9715 94 63,3,амУНИцИя для сОБаК,2,1977.89,422.11,pROCeSSINg,"Задержка с доставкой, печалька...",2024/06/15,5615924325777608
2029946112991,2024-06-01 17:17:29,аЛекСЕЙ МихаЙЛОВ,+7 9715 94 63,5,молоко,4,10286.62,1713.38,PrOcesSINg,"Задержка с доставкой, печалька...",2024/06/15,5615924325777608
2029946112991,2024-06-01 17:17:29,аЛекСЕЙ МихаЙЛОВ,+7 9715 94 63,3,АМУНиЦия ДЛя СОбАк,1,980.01,219.99,ProcEssInG,"Задержка с доставкой, печалька...",2024/06/15,5615924325777608
2029946112991,2024-06-01 17:17:29,аЛекСЕЙ МихаЙЛОВ,+7 9715 94 63,1,Корм для соБак,4,1608.11,391.89,pROceSsInG,"Задержка с доставкой, печалька...",2024/06/15,5615924325777608
2029946367805,06.06.2024 19:03,еЛЕНА нОВикова,8(9838) 07-20,4,ПоДпискА На ГАзеТУ,3,1772.81,27.19,PROcESSINg,Проверить наличие,2024-06-19,1168866173237935
2029946366429,2024-06-29 05:43:39,елЕНА ноВикова,+7(9018)90-18,4,ПоДПискА нА ГАзЕТУ,2,960.01,239.99,PRoCeSSinG,Всё отлично!,01.06.2024,4021287866734996
2029946366429,2024-06-29 05:43:39,елЕНА ноВикова,+7(9018)90-18,5,МОЛОко,1,2796.83,203.17,PrOcESsINg,Всё отлично!,01.06.2024,4021287866734996
2029946366429,2024-06-29 05:43:39,елЕНА ноВикова,+7(9018)90-18,4,пОДпиСКа НА газЕТу,1,531.89,68.11,pROcESsiNg,Всё отлично!,01.06.2024,4021287866734996
2029946365349,2024-06-05 00:46:06,мАРия ПетровА,+7 9399 85 00,2,иГРушКА мяЧ,4,1040.48,159.52,COMPLeTed,Ждём с нетерпением!,14.06.2024,3054326612147881
2029946364843,2024-06-24 01:12:31,МихАил ОрЛОв,+7 9359 70 56,2,игРУшКа мяч,5,1404.22,95.78,caNCElleD,Проверить наличие,2024/06/10,1838050148750323
2029946364843,2024-06-24 01:12:31,МихАил ОрЛОв,+7 9359 70 56,3,АМунИцИЯ дЛЯ соБак,3,3564.97,35.03,cancElLED,Проверить наличие,2024/06/10,1838050148750323
2029946364843,2024-06-24 01:12:31,МихАил ОрЛОв,+7 9359 70 56,1,коРм длЯ СоБаК,1,407.32,92.68,cANceLLEd,Проверить наличие,2024/06/10,1838050148750323
2029946364843,2024-06-24 01:12:31,МихАил ОрЛОв,+7 9359 70 56,2,иГрУШка МяЧ,2,508.39,91.61,caNCELled,Проверить наличие,2024/06/10,1838050148750323
2029946364843,2024-06-24 01:12:31,МихАил ОрЛОв,+7 9359 70 56,2,игРуШКА МяЧ,5,1495.35,4.65,CaNceLlED,Проверить наличие,2024/06/10,1838050148750323
2029946363328,2024/06/08 15:58:14,мАРия ПетРова,8(9650) 97-04,5,МОлОкО,2,5671.4,328.6,cOMPLeTEd,"Задержка с доставкой, печалька...",01.06.2024,0542169952489635
2029946363328,2024/06/08 15:58:14,мАРия ПетРова,8(9650) 97-04,5,МолокО,4,10647.27,1352.73,cOMplEteD,"Задержка с доставкой, печалька...",01.06.2024,0542169952489635
2029946362120,15.06.2024 01:10,Иван Иванов,+7 9262 52 59,3,амУниЦИЯ Для сОБАк,3,3354.94,245.06,cAnCeLLeD,"Задержка с доставкой, печалька...",2024-06-20,3164555087047724
2029946362120,15.06.2024 01:10,Иван Иванов,+7 9262 52 59,3,АМУниЦия дЛЯ СоБАК,3,3137.83,462.17,cAnceLlEd,"Задержка с доставкой, печалька...",2024-06-20,3164555087047724
2029946362120,15.06.2024 01:10,Иван Иванов,+7 9262 52 59,5,мОлОКО,2,5496.35,503.65,cANCeLlED,"Задержка с доставкой, печалька...",2024-06-20,3164555087047724
2029946362120,15.06.2024 01:10,Иван Иванов,+7 9262 52 59,3,АмунИЦИЯ дЛя сОБАК,5,5982.36,17.64,CanCeLlEd,"Задержка с доставкой, печалька...",2024-06-20,3164555087047724
2029946362120,15.06.2024 01:10,Иван Иванов,+7 9262 52 59,3,аМУНиЦИя Для сОбаК,1,1183.67,16.33,CAnCellED,"Задержка с доставкой, печалька...",2024-06-20,3164555087047724
2029946361976,2024-06-07 22:36:25,МихаиЛ ОРлоВ,+7 9454 24 30,2,иГРуШка Мяч,1,269.79,30.21,CoMplEteD,подарок вовремя,2024/06/24,1504993512855708
2029946360937,2024-06-21 14:04:54,нАтаЛьЯ ваСилЬЕвА,+7(9172)32-95,2,ИгРуШка МяЧ,2,562.37,37.63,proCeSSIng,Нужно уточнить сроки,06.06.2024,2998464846613884
2029946360937,2024-06-21 14:04:54,нАтаЛьЯ ваСилЬЕвА,+7(9172)32-95,5,МОлОКо,3,8271.56,728.44,pROCESsiNG,Нужно уточнить сроки,06.06.2024,2998464846613884
2029946360937,2024-06-21 14:04:54,нАтаЛьЯ ваСилЬЕвА,+7(9172)32-95,5,молоКо,1,2464.88,535.12,prOCEsSing,Нужно уточнить сроки,06.06.2024,2998464846613884
2029946359767,2024/06/15 07:48:25,ДМитрий КуЗНеЦов,8(9027) 80-37,3,АмУнИЦия длЯ СОбак,2,1963.16,436.84,pROCEssing,Нужно уточнить сроки,24.06.2024,0174756392980062
2029946358555,2024/06/29 20:46:44,оЛьГа кУЗнецоВА,+7(9569)62-37,5,моЛокО,2,5860.61,139.39,CaNCelLed,Нужно уточнить сроки,23.06.2024,5892309406522065
2029946357402,2024/06/11 12:43:43,ЕленА НОвИкоВА,+7(9759)55-59,3,АМунИЦИЯ дЛЯ СобАк,4,4231.43,568.57,proceSSINg,"Задержка с доставкой, печалька...",11.06.2024,0102343626809424
2029946357402,2024/06/11 12:43:43,ЕленА НОвИкоВА,+7(9759)55-59,4,ПоДПиска На ГаЗЕТУ,1,570.41,29.59,PROCEssInG,"Задержка с доставкой, печалька...",11.06.2024,0102343626809424
2029946356803,2024-06-25 18:32:09,АнНА сМИРНовА,+7 9186 08 29,4,поДПиСКа На гаЗетУ,5,2481.25,518.75,PROCeSSING,спасибо за заказ,07.06.2024,6447896148307214
2029946356803,2024-06-25 18:32:09,АнНА сМИРНовА,+7 9186 08 29,1,КоРм дЛЯ СОбАК,1,475.41,24.59,ProCEssINg,спасибо за заказ,07.06.2024,6447896148307214
2029946356803,2024-06-25 18:32:09,АнНА сМИРНовА,+7 9186 08 29,5,моЛОКо,2,5347.8,652.2,pRocEsSiNG,спасибо за заказ,07.06.2024,6447896148307214
2029946356803,2024-06-25 18:32:09,АнНА сМИРНовА,+7 9186 08 29,5,МОлокО,2,5761.5,238.5,proCesSInG,спасибо за заказ,07.06.2024,6447896148307214
2029946355700,18.06.2024 22:05,ИвАН ИВАнОв,+7(9257)53-26,4,ПОдписка НА ГаЗЕту,3,1799.48,0.52,prOcESsiNg,Всё отлично!,22.06.2024,9697838694099571
2029946354279,07.06.2024 07:00,сеРГеЙ сИдоров,+7(9386)05-73,2,ИГрУшКа мЯч,4,1130.11,69.89,CANCelled,Проверить наличие,2024-06-15,3193414461557411
2029946354279,07.06.2024 07:00,сеРГеЙ сИдоров,+7(9386)05-73,3,АМуниЦИЯ дЛя СоБАК,5,5004.33,995.67,cAnCeLLeD,Проверить наличие,2024-06-15,3193414461557411
2029946354279,07.06.2024 07:00,сеРГеЙ сИдоров,+7(9386)05-73,4,поДПИСКа На гАзеТУ,3,1717.14,82.86,CANcElLEd,Проверить наличие,2024-06-15,3193414461557411
2029946353732,22.06.2024 08:25,МИхАИл ОрЛоВ,+7 9991 26 72,4,подПИСКА нА гАЗЕту,2,1055.36,144.64,PROceSsINg,подарок вовремя,2024-06-15,2423043922885557
2029946353732,22.06.2024 08:25,МИхАИл ОрЛоВ,+7 9991 26 72,2,ИгРушКА МяЧ,4,1135.29,64.71,procEsSInG,подарок вовремя,2024-06-15,2423043922885557
2029946352902,01.06.2024 12:00,иВаН ИВанов,8(9273) 76-74,1,КоРМ ДЛЯ СоБаК,1,445.6,54.4,CANcellED,подарок вовремя,02.06.2024,4610578738401327
2029946352902,01.06.2024 12:00,иВаН ИВанов,8(9273) 76-74,5,мОЛоко,1,2601.08,398.92,CaNcELlED,подарок вовремя,02.06.2024,4610578738401327
2029946352902,01.06.2024 12:00,иВаН ИВанов,8(9273) 76-74,3,амУниЦиЯ ДЛя СоБАк,4,4285.53,514.47,cAncellED,подарок вовремя,02.06.2024,4610578738401327
2029946352902,01.06.2024 12:00,иВаН ИВанов,8(9273) 76-74,5,моЛоКо,1,2972.99,27.01,CaNcEllED,подарок вовремя,02.06.2024,4610578738401327
2029946352902,01.06.2024 12:00,иВаН ИВанов,8(9273) 76-74,5,МОлокО,3,7545.75,1454.25,cAnCelLED,подарок вовремя,02.06.2024,4610578738401327
2029946351851,2024/06/17 04:18:03,сергей сидоров,+7(9378)57-20,5,МоЛокО,2,4890.51,1109.49,cOMPLetED,Нужно уточнить сроки,2024-06-13,9448292463710556
2029946351851,2024/06/17 04:18:03,сергей сидоров,+7(9378)57-20,5,МОЛОКО,1,2478.42,521.58,COmpleTed,Нужно уточнить сроки,2024-06-13,9448292463710556
2029946350521,2024/06/04 08:22:00,ИвАН иВАнов,8(9644) 88-43,4,пОДпИска на гаЗетУ,2,1150.91,49.09,CompleTeD,Нужно уточнить сроки,2024-06-05,1639894232916023
2029946350521,2024/06/04 08:22:00,ИвАН иВАнов,8(9644) 88-43,4,ПОдПиСкА на ГАЗеТу,4,2380.59,19.41,cOmpLeTeD,Нужно уточнить сроки,2024-06-05,1639894232916023
2029946350521,2024/06/04 08:22:00,ИвАН иВАнов,8(9644) 88-43,1,КОрм длЯ соБАК,3,1215.8,284.2,cOMPleTEd,Нужно уточнить сроки,2024-06-05,1639894232916023
2029946349427,2024-06-24 23:58:08,СЕРГей сИДОрОВ,+7(9842)09-96,4,ПОдпИСКА на ГаЗету,4,2145.38,254.62,CaNCellED,спасибо за заказ,2024-06-16,0205583088757451
2029946349427,2024-06-24 23:58:08,СЕРГей сИДОрОВ,+7(9842)09-96,1,кОРМ Для собак,5,2355.28,144.72,canCeLLed,спасибо за заказ,2024-06-16,0205583088757451
2029946349427,2024-06-24 23:58:08,СЕРГей сИДОрОВ,+7(9842)09-96,5,МОЛоко,3,8981.42,18.58,caNcellEd,спасибо за заказ,2024-06-16,0205583088757451
2029946349427,2024-06-24 23:58:08,СЕРГей сИДОрОВ,+7(9842)09-96,5,МоЛОкО,3,8964.56,35.44,cANCElLEd,спасибо за заказ,2024-06-16,0205583088757451
2029946349427,2024-06-24 23:58:08,СЕРГей сИДОрОВ,+7(9842)09-96,4,ПОдпиСКа На гАзеТу,2,1087.38,112.62,cANcellEd,спасибо за заказ,2024-06-16,0205583088757451
2029946348951,2024-06-02 20:03:49,МиХаиЛ орлоВ,+7 9311 69 73,1,КоРм для СОБАк,2,981.97,18.03,CompLeTeD,спасибо за заказ,01.06.2024,5248722356762767
2029946348951,2024-06-02 20:03:49,МиХаиЛ орлоВ,+7 9311 69 73,3,аМУНИЦиЯ длЯ соБак,2,1953.21,446.79,CoMpletEd,спасибо за заказ,01.06.2024,5248722356762767
2029946348951,2024-06-02 20:03:49,МиХаиЛ орлоВ,+7 9311 69 73,5,моЛОКО,3,8925.21,74.79,coMPLEtED,спасибо за заказ,01.06.2024,5248722356762767
2029946347506,2024/06/19 02:03:46,миХАИЛ ОрЛОв,+7(9866)01-46,3,АмУнИЦиЯ ДЛя СОбаК,3,2943.45,656.55,ProcessING,Ждём с нетерпением!,2024/06/18,0673614482737193
2029946347506,2024/06/19 02:03:46,миХАИЛ ОрЛОв,+7(9866)01-46,2,иГруШка МяЧ,3,822.85,77.15,pRoceSsiNg,Ждём с нетерпением!,2024/06/18,0673614482737193
2029946347506,2024/06/19 02:03:46,миХАИЛ ОрЛОв,+7(9866)01-46,4,пОДПИска На ГаЗЕТу,3,1468.6,331.4,pRocessiNg,Ждём с нетерпением!,2024/06/18,0673614482737193
2029946347506,2024/06/19 02:03:46,миХАИЛ ОрЛОв,+7(9866)01-46,3,АмУнИЦИя ДЛЯ СОбак,4,3993.31,806.69,PROcESSInG,Ждём с нетерпением!,2024/06/18,0673614482737193
2029946346576,2024-06-17 01:39:02,АННа СмИрноВа,+7 9387 35 77,2,игрУшка мяч,3,870.3,29.7,cOMPLETeD,Проверить наличие,2024-06-04,8953246738409707
2029946346576,2024-06-17 01:39:02,АННа СмИрноВа,+7 9387 35 77,3,амУнИЦИЯ дЛЯ сОБАк,1,1085.53,114.47,coMPlEtEd,Проверить наличие,2024-06-04,8953246738409707
2029946345695,2024-06-02 00:53:06,СЕрГей сИдОРОВ,+7 9277 37 07,1,корМ ДЛя СобАК,3,1319.25,180.75,cOmpletEd,подарок вовремя,2024-06-23,7386652652435888
2029946345695,2024-06-02 00:53:06,СЕрГей сИдОРОВ,+7 9277 37 07,5,мОлОКо,4,10479.54,1520.46,COmpLeted,подарок вовремя,2024-06-23,7386652652435888
2029946345695,2024-06-02 00:53:06,СЕрГей сИдОРОВ,+7 9277 37 07,2,иГРУШКА мяЧ,5,1345.93,154.07,comPleTED,подарок вовремя,2024-06-23,7386652652435888
2029946344458,2024-06-29 17:10:23,СергЕЙ СИдоРоВ,8(9893) 03-67,2,ИгРУШка мяч,1,291.71,8.29,pRocESSiNG,Нужно уточнить сроки,2024-06-15,5572711427562588
2029946344458,2024-06-29 17:10:23,СергЕЙ СИдоРоВ,8(9893) 03-67,1,кОРМ для Собак,2,922.14,77.86,pRocessINg,Нужно уточнить сроки,2024-06-15,5572711427562588
2029946343150,2024-06-23 10:14:11,ДмИТрИЙ куЗНецов,+7(9328)27-11,3,аМуницИя ДлЯ СОбаК,4,4756.82,43.18,PROCeSSiNg,Проверить наличие,2024-06-08,2164860516823158
2029946343150,2024-06-23 10:14:11,ДмИТрИЙ куЗНецов,+7(9328)27-11,5,мОлОКо,1,2778.36,221.64,PrOcessING,Проверить наличие,2024-06-08,2164860516823158
2029946342988,04.06.2024 13:29,мАриЯ пЕтРовА,8(9253) 17-09,3,аМУнИциЯ дЛя СобАк,3,3331.71,268.29,PROceSsInG,спасибо за заказ,2024-06-03,7432678241849534
2029946342988,04.06.2024 13:29,мАриЯ пЕтРовА,8(9253) 17-09,5,МОЛОКо,4,9776.0,2224.0,PROceSsinG,спасибо за заказ,2024-06-03,7432678241849534
2029946342988,04.06.2024 13:29,мАриЯ пЕтРовА,8(9253) 17-09,5,МоЛОКО,4,11895.25,104.75,proCeSsINg,спасибо за заказ,2024-06-03,7432678241849534
2029946342988,04.06.2024 13:29,мАриЯ пЕтРовА,8(9253) 17-09,3,амУНИция Для СОБаК,5,5861.64,138.36,pROCEsSING,спасибо за заказ,2024-06-03,7432678241849534
2029946342988,04.06.2024 13:29,мАриЯ пЕтРовА,8(9253) 17-09,2,ИгрушКА Мяч,1,247.45,52.55,ProcEssING,спасибо за заказ,2024-06-03,7432678241849534
2029946341253,19.06.2024 11:13,ОлЬга куЗнецова,+7 9388 62 77,5,МоЛОко,3,8956.75,43.25,COMpLEtEd,подарок вовремя,27.06.2024,3366803219714667
2029946340238,20.06.2024 00:53,олЬГА кУЗнЕЦОвА,8(9530) 08-19,4,пОДпИсКа НА ГАзету,4,1953.29,446.71,procEsSinG,"Задержка с доставкой, печалька...",2024-06-02,8738873480862481
2029946339640,2024/06/02 16:22:11,алеКсеЙ МихАЙлОв,+7(9366)85-51,4,ПОдпискА нА газетУ,5,2852.4,147.6,cancElleD,Всё отлично!,17.06.2024,7843105786886656
2029946338875,2024-06-03 00:52:54,АННА смиРнОва,+7 9042 66 94,1,КОрМ ДЛЯ Собак,2,922.28,77.72,cAnCeLLEd,"Задержка с доставкой, печалька...",14.06.2024,0617030729018324
2029946338875,2024-06-03 00:52:54,АННА смиРнОва,+7 9042 66 94,5,молокО,2,5223.9,776.1,cAncELleD,"Задержка с доставкой, печалька...",14.06.2024,0617030729018324
2029946338875,2024-06-03 00:52:54,АННА смиРнОва,+7 9042 66 94,5,МОЛоКо,5,13945.87,1054.13,CAnCelLeD,"Задержка с доставкой, печалька...",14.06.2024,0617030729018324
2029946338875,2024-06-03 00:52:54,АННА смиРнОва,+7 9042 66 94,4,ПОДпИСкА нА гАзету,3,1583.7,216.3,CancELLeD,"Задержка с доставкой, печалька...",14.06.2024,0617030729018324
2029946337829,2024-06-15 02:59:20,анна СмИРноВА,+7 9879 02 75,1,корм длЯ сОбак,1,479.9,20.1,PRoCessIng,Всё отлично!,2024/06/25,3718683853662305
2029946337829,2024-06-15 02:59:20,анна СмИРноВА,+7 9879 02 75,4,ПОдПисКа на ГаЗЕту,2,1058.93,141.07,pRoCESsIng,Всё отлично!,2024/06/25,3718683853662305
2029946337829,2024-06-15 02:59:20,анна СмИРноВА,+7 9879 02 75,5,МолОКо,1,2809.64,190.36,proceSsIng,Всё отлично!,2024/06/25,3718683853662305
2029946337829,2024-06-15 02:59:20,анна СмИРноВА,+7 9879 02 75,4,пОдПиСКА НА ГазЕТУ,3,1547.55,252.45,PROcESsIng,Всё отлично!,2024/06/25,3718683853662305
2029946337829,2024-06-15 02:59:20,анна СмИРноВА,+7 9879 02 75,5,мОЛоКо,4,11777.31,222.69,proceSSINg,Всё отлично!,2024/06/25,3718683853662305
2029946336521,2024/06/13 00:44:14,НаТалья ВасиЛЬЕВА,8(9648) 45-23,2,игРуШкА мяч,4,1052.72,147.28,cAncElleD,Всё отлично!,2024/06/04,2662786833394084
2029946336521,2024/06/13 00:44:14,НаТалья ВасиЛЬЕВА,8(9648) 45-23,1,КОрм дЛя сОБАК,5,2498.97,1.03,CaNcelLeD,Всё отлично!,2024/06/04,2662786833394084
2029946336521,2024/06/13 00:44:14,НаТалья ВасиЛЬЕВА,8(9648) 45-23,2,ИГрушКА мЯч,2,539.7,60.3,cAncelled,Всё отлично!,2024/06/04,2662786833394084
2029946335253,2024/06/03 02:31:10,СЕргеЙ СИДОРоВ,+7 9605 96 51,2,ИгрУШкА МяЧ,5,1345.95,154.05,CanCeLleD,"Задержка с доставкой, печалька...",2024-06-01,8981295661405477
2029946335253,2024/06/03 02:31:10,СЕргеЙ СИДОРоВ,+7 9605 96 51,1,КОрМ ДЛЯ сОбаК,3,1228.59,271.41,CAnCELLeD,"Задержка с доставкой, печалька...",2024-06-01,8981295661405477
2029946335253,2024/06/03 02:31:10,СЕргеЙ СИДОРоВ,+7 9605 96 51,5,МоЛОко,4,9895.72,2104.28,CAnCELLEd,"Задержка с доставкой, печалька...",2024-06-01,8981295661405477
2029946335253,2024/06/03 02:31:10,СЕргеЙ СИДОРоВ,+7 9605 96 51,1,кОРм Для СоБАк,4,1678.5,321.5,cAnCElLEd,"Задержка с доставкой, печалька...",2024-06-01,8981295661405477
2029946335253,2024/06/03 02:31:10,СЕргеЙ СИДОРоВ,+7 9605 96 51,4,ПОдпИска На ГаЗЕтУ,5,2894.8,105.2,cANCelLeD,"Задержка с доставкой, печалька...",2024-06-01,8981295661405477
2029946334792,19.06.2024 02:49,сЕРГеЙ сИДоров,+7(9972)06-98,3,амуНиЦИЯ ДлЯ СобАк,4,4673.17,126.83,COMpLeted,Проверить наличие,2024-06-24,2021099212129368
2029946334792,19.06.2024 02:49,сЕРГеЙ сИДоров,+7(9972)06-98,3,аМуНиЦИЯ ДлЯ соБАК,5,5162.53,837.47,cOMpLEtED,Проверить наличие,2024-06-24,2021099212129368
2029946334792,19.06.2024 02:49,сЕРГеЙ сИДоров,+7(9972)06-98,1,КоРМ ДЛЯ сОбАк,1,452.3,47.7,COmpLETeD,Проверить наличие,2024-06-24,2021099212129368
2029946334792,19.06.2024 02:49,сЕРГеЙ сИДоров,+7(9972)06-98,1,КорМ ДлЯ СОБАК,2,871.23,128.77,cOmpletED,Проверить наличие,2024-06-24,2021099212129368
2029946334792,19.06.2024 02:49,сЕРГеЙ сИДоров,+7(9972)06-98,5,мОлОКО,1,2427.95,572.05,cOmpLETEd,Проверить наличие,2024-06-24,2021099212129368
2029946333112,2024-06-21 07:26:41,ДмитРИЙ кУЗнЕЦоВ,+7 9892 87 60,3,АмУНИцИЯ дЛЯ сОбАК,3,3442.83,157.17,PrOcesSing,Нужно уточнить сроки,2024/06/27,7897524466602532
2029946332908,2024-06-12 09:28:43,дмИтрий кУЗнецов,+7(9042)39-58,2,иГрушка МЯч,1,247.11,52.89,ProcEssing,Всё отлично!,2024-06-10,9995866643442134
2029946332908,2024-06-12 09:28:43,дмИтрий кУЗнецов,+7(9042)39-58,3,АМунИЦИЯ дЛЯ СоБАк,3,3337.96,262.04,proceSsIng,Всё отлично!,2024-06-10,9995866643442134
2029946331766,2024/06/26 06:03:20,нАтАЛья вАсИЛьЕвА,+7 9162 96 61,5,мОлОКо,5,12073.7,2926.3,cAnCelled,"Задержка с доставкой, печалька...",2024-06-30,0693291068880293
2029946331766,2024/06/26 06:03:20,нАтАЛья вАсИЛьЕвА,+7 9162 96 61,5,МолоКО,5,13538.66,1461.34,cANCELlED,"Задержка с доставкой, печалька...",2024-06-30,0693291068880293
2029946331766,2024/06/26 06:03:20,нАтАЛья вАсИЛьЕвА,+7 9162 96 61,3,амуНИЦИя ДЛя сОбаК,2,2292.27,107.73,cANcellED,"Задержка с доставкой, печалька...",2024-06-30,0693291068880293
2029946331766,2024/06/26 06:03:20,нАтАЛья вАсИЛьЕвА,+7 9162 96 61,5,МОЛОко,4,10630.06,1369.94,CANCelleD,"Задержка с доставкой, печалька...",2024-06-30,0693291068880293
2029946330378,27.06.2024 22:32,НАТалья ВасиЛьеВа,+7(9869)23-39,3,АмуниЦия дЛя СоБак,1,1198.5,1.5,cAnCellED,Проверить наличие,03.06.2024,9638185611482769
2029946330378,27.06.2024 22:32,НАТалья ВасиЛьеВа,+7(9869)23-39,2,иГрУшКа мяч,4,1099.3,100.7,CanCeLLEd,Проверить наличие,03.06.2024,9638185611482769
2029946330378,27.06.2024 22:32,НАТалья ВасиЛьеВа,+7(9869)23-39,1,кОРм дЛя сОбаК,1,463.56,36.44,cANCellEd,Проверить наличие,03.06.2024,9638185611482769
2029946329384,2024/06/05 07:08:48,еЛЕНА ноВИКОВа,8(9673) 54-30,2,игрУшКа мяЧ,5,1416.29,83.71,CaNCeLlEd,спасибо за заказ,2024-06-21,6597806591883268
2029946329384,2024/06/05 07:08:48,еЛЕНА ноВИКОВа,8(9673) 54-30,1,коРм ДлЯ СоБАК,4,1671.03,328.97,cANceLled,спасибо за заказ,2024-06-21,6597806591883268
2029946329384,2024/06/05 07:08:48,еЛЕНА ноВИКОВа,8(9673) 54-30,3,АмУНИЦИЯ ДЛя СОбаК,3,3090.5,509.5,CanCELLED,спасибо за заказ,2024-06-21,6597806591883268
2029946329384,2024/06/05 07:08:48,еЛЕНА ноВИКОВа,8(9673) 54-30,2,ИГрУШкА мЯЧ,1,284.54,15.46,CaNcEllED,спасибо за заказ,2024-06-21,6597806591883268
2029946329384,2024/06/05 07:08:48,еЛЕНА ноВИКОВа,8(9673) 54-30,5,моЛоко,4,11812.92,187.08,cAnCelLeD,спасибо за заказ,2024-06-21,6597806591883268
2029946328772,2024-06-04 05:47:36,еЛЕнА НовиковА,+7(9373)11-46,4,поДПиСка нА ГазЕТу,4,1941.28,458.72,CaNCEllEd,спасибо за заказ,2024/06/26,3285643736889234
2029946328772,2024-06-04 05:47:36,еЛЕнА НовиковА,+7(9373)11-46,3,амУНИЦИя для Собак,3,3295.0,305.0,canCelLeD,спасибо за заказ,2024/06/26,3285643736889234
2029946328772,2024-06-04 05:47:36,еЛЕнА НовиковА,+7(9373)11-46,1,корМ Для СОбАк,5,2166.39,333.61,CanCeLLED,спасибо за заказ,2024/06/26,3285643736889234
2029946328772,2024-06-04 05:47:36,еЛЕнА НовиковА,+7(9373)11-46,2,игруШКа мЯч,4,1129.02,70.98,cAnCELleD,спасибо за заказ,2024/06/26,3285643736889234
2029946327680,06.06.2024 11:32,сЕргей СидОрОв,+7(9442)48-83,4,пОДпИСКа НА гАзетУ,5,2682.59,317.41,pROCEsSinG,подарок вовремя,2024-06-09,3332363840692255
2029946327680,06.06.2024 11:32,сЕргей СидОрОв,+7(9442)48-83,1,кОРм ДлЯ собАк,3,1264.21,235.79,pROCESsiNg,подарок вовремя,2024-06-09,3332363840692255
2029946327680,06.06.2024 11:32,сЕргей СидОрОв,+7(9442)48-83,3,АмУНИцИЯ дЛя соБАк,5,5325.87,674.13,pRoceSsing,подарок вовремя,2024-06-09,3332363840692255
2029946326249,2024-06-10 14:16:33,еЛЕНа НОвИКоВА,8(9754) 69-98,5,мОлоКо,1,2419.83,580.17,cAncEllED,Нужно уточнить сроки,17.06.2024,1861626366092153
2029946326249,2024-06-10 14:16:33,еЛЕНа НОвИКоВА,8(9754) 69-98,4,подпискА нА Газету,4,1939.62,460.38,CAnCElLeD,Нужно уточнить сроки,17.06.2024,1861626366092153
2029946326249,2024-06-10 14:16:33,еЛЕНа НОвИКоВА,8(9754) 69-98,5,моЛоКО,1,2467.03,532.97,cANCeLled,Нужно уточнить сроки,17.06.2024,1861626366092153
2029946326249,2024-06-10 14:16:33,еЛЕНа НОвИКоВА,8(9754) 69-98,5,молоко,2,4864.52,1135.48,cANcelLEd,Нужно уточнить сроки,17.06.2024,1861626366092153
2029946325848,13.06.2024 23:04,оЛЬГа КУЗнЕцова,+7 9387 50 13,4,подПИсКА нА ГАЗеТУ,3,1720.8,79.2,CanceLleD,Всё отлично!,2024/06/06,7617070045008238
2029946325848,13.06.2024 23:04,оЛЬГа КУЗнЕцова,+7 9387 50 13,3,амУниция дЛЯ сОбАк,3,3514.48,85.52,CaNcELLEd,Всё отлично!,2024/06/06,7617070045008238
2029946324648,2024-06-18 02:53:42,МАрИЯ петроВа,8(9711) 86-51,2,ИгруШКа мЯЧ,5,1392.51,107.49,cAnCElled,Нужно уточнить сроки,2024/06/18,9792076622054010
2029946324648,2024-06-18 02:53:42,МАрИЯ петроВа,8(9711) 86-51,5,мОЛОКо,4,9939.05,2060.95,caNCelLEd,Нужно уточнить сроки,2024/06/18,9792076622054010
2029946324648,2024-06-18 02:53:42,МАрИЯ петроВа,8(9711) 86-51,3,АмуНИЦия дЛя Собак,5,5408.33,591.67,CAncELleD,Нужно уточнить сроки,2024/06/18,9792076622054010
2029946323989,2024-06-03 23:19:19,маРия пеТРОВА,+7 9056 54 38,5,мОлокО,1,2480.13,519.87,proceSsiNG,Нужно уточнить сроки,2024-06-10,5137210578990073
2029946322394,07.06.2024 01:50,МариЯ пЕтрОва,+7 9138 27 32,4,ПоДПиска На гАЗетУ,4,2146.67,253.33,PRoCeSsinG,подарок вовремя,25.06.2024,1009471685487656
2029946322394,07.06.2024 01:50,МариЯ пЕтрОва,+7 9138 27 32,4,пОдПИска На ГАзеТУ,1,551.62,48.38,prOceSSINg,подарок вовремя,25.06.2024,1009471685487656
2029946322394,07.06.2024 01:50,МариЯ пЕтрОва,+7 9138 27 32,5,МОлоко,3,8294.52,705.48,prOCesSIng,подарок вовремя,25.06.2024,1009471685487656
2029946322394,07.06.2024 01:50,МариЯ пЕтрОва,+7 9138 27 32,2,ИГруШка МЯЧ,5,1489.25,10.75,pROcESSing,подарок вовремя,25.06.2024,1009471685487656
2029946321809,18.06.2024 22:46,дМИтРий кузНецОВ,+7 9157 17 43,5,мОлоКо,2,5606.56,393.44,CANcELLEd,"Задержка с доставкой, печалька...",21.06.2024,7332807690933752
2029946320811,2024-06-10 17:41:05,МАрИя ПЕТроВА,8(9016) 22-69,2,иГрУшКА МяЧ,5,1331.08,168.92,cOMPletEd,"Задержка с доставкой, печалька...",2024-06-25,3304175668694525
2029946320811,2024-06-10 17:41:05,МАрИя ПЕТроВА,8(9016) 22-69,2,игРУшКА МяЧ,5,1330.17,169.83,coMplETed,"Задержка с доставкой, печалька...",2024-06-25,3304175668694525
2029946320811,2024-06-10 17:41:05,МАрИя ПЕТроВА,8(9016) 22-69,3,амУнициЯ ДЛЯ СобаК,4,4189.34,610.66,COmpLeTED,"Задержка с доставкой, печалька...",2024-06-25,3304175668694525
2029946320811,2024-06-10 17:41:05,МАрИя ПЕТроВА,8(9016) 22-69,4,подПиСКа На газету,3,1785.06,14.94,cOmpletEd,"Задержка с доставкой, печалька...",2024-06-25,3304175668694525
2029946319559,2024-06-06 09:18:48,аННа смИРНова,+7 9859 90 27,1,КОрм ДЛя сОБак,1,431.32,68.68,cANcElLeD,"Задержка с доставкой, печалька...",2024/06/04,8311097249860633
2029946318947,27.06.2024 00:24,оЛЬгА кузНецоВА,+7(9754)69-06,2,ИГруШкА МяЧ,4,1192.97,7.03,canCeLlED,Проверить наличие,2024/06/29,7497032057529626
2029946318947,27.06.2024 00:24,оЛЬгА кузНецоВА,+7(9754)69-06,2,ИгрУШКА Мяч,5,1495.16,4.84,CaNcElled,Проверить наличие,2024/06/29,7497032057529626
2029946318947,27.06.2024 00:24,оЛЬгА кузНецоВА,+7(9754)69-06,3,амуНИцИя Для сОБАк,3,3114.26,485.74,cAnCeLLED,Проверить наличие,2024/06/29,7497032057529626
2029946318947,27.06.2024 00:24,оЛЬгА кузНецоВА,+7(9754)69-06,4,ПоДПИСКА На ГАзЕТУ,1,539.48,60.52,cANCEllEd,Проверить наличие,2024/06/29,7497032057529626
2029946317178,13.06.2024 22:25,ОльГа КУзНеЦоВа,8(9368) 71-31,2,игРУШКА мяч,5,1466.37,33.63,cancEllED,Проверить наличие,2024-06-02,6844641605009754
2029946317178,13.06.2024 22:25,ОльГа КУзНеЦоВа,8(9368) 71-31,2,иГрУШкА мЯЧ,2,496.11,103.89,caNcELlED,Проверить наличие,2024-06-02,6844641605009754
2029946316506,2024/06/16 14:11:43,АННА СМИРНОва,+7(9858)16-86,5,молокО,3,8507.17,492.83,cOMPlETed,Ждём с нетерпением!,2024-06-26,3856677656101582
2029946315845,2024-06-20 19:08:56,еЛЕНа НоВиКОВа,8(9136) 31-05,1,КоРМ дЛя сОБАК,1,475.65,24.35,CancELleD,Всё отлично!,03.06.2024,0428565109739604
2029946315845,2024-06-20 19:08:56,еЛЕНа НоВиКОВа,8(9136) 31-05,1,КорМ ДЛя СобаК,5,2052.83,447.17,cANCeLled,Всё отлично!,03.06.2024,0428565109739604
2029946314808,2024-06-12 12:20:33,нАтАЛьЯ васиЛЬЕва,+7 9991 07 83,4,ПОДпИСКа НА ГАЗеТу,2,1166.95,33.05,PRocESSing,"Задержка с доставкой, печалька...",2024/06/05,8613097667173434
2029946314808,2024-06-12 12:20:33,нАтАЛьЯ васиЛЬЕва,+7 9991 07 83,1,кОРм ДЛЯ соБАК,1,411.87,88.13,pRoceSSInG,"Задержка с доставкой, печалька...",2024/06/05,8613097667173434
2029946314808,2024-06-12 12:20:33,нАтАЛьЯ васиЛЬЕва,+7 9991 07 83,3,АМУНИциЯ ДлЯ соБАк,5,4933.95,1066.05,PRoCESSing,"Задержка с доставкой, печалька...",2024/06/05,8613097667173434
2029946313281,2024-06-09 19:33:51,МАРИЯ пЕТроВА,+7(9424)92-54,5,молоКО,5,13128.48,1871.52,CAnceLleD,спасибо за заказ,2024/06/08,1394797323808248
2029946313281,2024-06-09 19:33:51,МАРИЯ пЕТроВА,+7(9424)92-54,4,ПОДПиСКа НА ГаЗетУ,1,517.6,82.4,cANcellEd,спасибо за заказ,2024/06/08,1394797323808248
2029946313281,2024-06-09 19:33:51,МАРИЯ пЕТроВА,+7(9424)92-54,4,ПодпиСКА нА ГАЗЕТУ,4,2019.94,380.06,cANCEllED,спасибо за заказ,2024/06/08,1394797323808248
2029946312819,21.06.2024 20:03,мИХАИЛ оРлоВ,8(9830) 62-18,2,ИГРУшКА Мяч,3,798.72,101.28,cANcELLed,спасибо за заказ,2024/06/08,0296622986365339
2029946311153,2024-06-15 21:05:06,ИВАн ИВанОВ,+7(9043)11-81,2,ИгРУшка Мяч,4,1156.12,43.88,prOCEsSiNg,"Задержка с доставкой, печалька...",2024/06/25,6161382428498684
2029946311153,2024-06-15 21:05:06,ИВАн ИВанОВ,+7(9043)11-81,3,аМуНИциЯ дЛЯ СоБаК,1,1014.14,185.86,proCESSIng,"Задержка с доставкой, печалька...",2024/06/25,6161382428498684
2029946311153,2024-06-15 21:05:06,ИВАн ИВанОВ,+7(9043)11-81,5,МоЛоко,1,2990.66,9.34,pRoCESSiNg,"Задержка с доставкой, печалька...",2024/06/25,6161382428498684
2029946310915,2024-06-11 07:11:14,СЕрГЕй сиДОрОв,+7(9616)59-15,1,КОрм дЛя собАк,4,1602.38,397.62,cOmPleTeD,Нужно уточнить сроки,19.06.2024,9427014933896711
2029946310915,2024-06-11 07:11:14,СЕрГЕй сиДОрОв,+7(9616)59-15,3,амуниЦИя дЛя собАК,2,1984.13,415.87,cOMPLEteD,Нужно уточнить сроки,19.06.2024,9427014933896711
2029946309676,07.06.2024 04:43,ИВан иВАнОВ,+7(9017)76-04,3,АмуНИция дЛЯ собаК,4,4312.43,487.57,CANCeLlED,"Задержка с доставкой, печалька...",2024-06-05,5767279425006521
2029946309676,07.06.2024 04:43,ИВан иВАнОВ,+7(9017)76-04,3,амУНИция для сОБаК,1,1012.57,187.43,CancElLED,"Задержка с доставкой, печалька...",2024-06-05,5767279425006521
2029946309676,07.06.2024 04:43,ИВан иВАнОВ,+7(9017)76-04,4,поДПИСка На ГазЕту,2,1183.74,16.26,cancELleD,"Задержка с доставкой, печалька...",2024-06-05,5767279425006521
2029946309676,07.06.2024 04:43,ИВан иВАнОВ,+7(9017)76-04,3,амуНиЦиЯ ДлЯ сОБАК,2,1960.3,439.7,CAnCELled,"Задержка с доставкой, печалька...",2024-06-05,5767279425006521
2029946308935,2024-06-12 09:07:11,сЕРГей сИДоРОВ,+7(9618)92-89,1,корМ для сОБаК,2,835.4,164.6,CoMpLetED,"Задержка с доставкой, печалька...",2024-06-27,3769691797020448
2029946308935,2024-06-12 09:07:11,сЕРГей сИДоРОВ,+7(9618)92-89,2,игрУшкА Мяч,1,242.42,57.58,CompleTEd,"Задержка с доставкой, печалька...",2024-06-27,3769691797020448
2029946307333,11.06.2024 17:18,ивАН ИВаНоВ,+7(9674)63-18,3,амуницИЯ дЛЯ СоБАк,5,5349.26,650.74,prOcesSINg,спасибо за заказ,09.06.2024,4262502986547281
2029946307333,11.06.2024 17:18,ивАН ИВаНоВ,+7(9674)63-18,2,ИГРушка МяЧ,2,497.18,102.82,PROCessinG,спасибо за заказ,09.06.2024,4262502986547281
2029946306454,2024/06/06 03:20:26,наТАльЯ вАСилЬЕВа,8(9709) 96-90,5,МОлоКо,4,10495.09,1504.91,PrOceSsinG,Нужно уточнить сроки,2024/06/07,9011660354184306
2029946306454,2024/06/06 03:20:26,наТАльЯ вАСилЬЕВа,8(9709) 96-90,3,АмуНИЦиЯ дЛЯ собаК,3,3298.73,301.27,ProcEssinG,Нужно уточнить сроки,2024/06/07,9011660354184306
2029946305279,26.06.2024 22:19,АнНА смИрНоВА,+7 9708 59 84,2,игрУШКА МЯЧ,3,849.98,50.02,CoMpletED,"Задержка с доставкой, печалька...",07.06.2024,4058233221468968
2029946305279,26.06.2024 22:19,АнНА смИрНоВА,+7 9708 59 84,4,пОДПИСКа НА гаЗЕТУ,3,1547.85,252.15,COMplEteD,"Задержка с доставкой, печалька...",07.06.2024,4058233221468968
2029946305279,26.06.2024 22:19,АнНА смИрНоВА,+7 9708 59 84,2,иГРуШКА МЯЧ,3,779.87,120.13,cOmpLeTED,"Задержка с доставкой, печалька...",07.06.2024,4058233221468968
2029946305279,26.06.2024 22:19,АнНА смИрНоВА,+7 9708 59 84,5,МОЛОКО,5,13856.87,1143.13,comPleteD,"Задержка с доставкой, печалька...",07.06.2024,4058233221468968
2029946304217,2024/06/15 05:54:24,МарИя ПЕТРоВа,+7 9224 18 85,1,КОРм длЯ СоБАК,2,871.53,128.47,cANcElled,спасибо за заказ,2024-06-25,2145175341189932
2029946304217,2024/06/15 05:54:24,МарИя ПЕТРоВа,+7 9224 18 85,1,кОрм ДЛЯ СобАК,4,1696.91,303.09,cANCelled,спасибо за заказ,2024-06-25,2145175341189932
2029946304217,2024/06/15 05:54:24,МарИя ПЕТРоВа,+7 9224 18 85,4,ПодпИсКа нА газЕТУ,4,2177.98,222.02,caNCelled,спасибо за заказ,2024-06-25,2145175341189932
2029946303298,2024-06-28 07:32:57,МиХаИЛ ОРлоВ,8(9195) 97-57,2,ИгрУшка мяЧ,5,1295.69,204.31,cANcEllED,"Задержка с доставкой, печалька...",03.06.2024,3017703917691388
2029946303298,2024-06-28 07:32:57,МиХаИЛ ОРлоВ,8(9195) 97-57,4,подПисКА НА ГАЗету,2,1144.13,55.87,cancElLeD,"Задержка с доставкой, печалька...",03.06.2024,3017703917691388
2029946303298,2024-06-28 07:32:57,МиХаИЛ ОРлоВ,8(9195) 97-57,4,пОдПискА На газЕТу,4,2113.26,286.74,cancElLEd,"Задержка с доставкой, печалька...",03.06.2024,3017703917691388
2029946302111,2024/06/13 06:46:28,ЕЛенА нОвиКОВа,+7(9358)51-09,4,пОдпиСка на ГаЗеТу,3,1662.77,137.23,ProCessinG,"Задержка с доставкой, печалька...",2024/06/28,5189600556895829
2029946302111,2024/06/13 06:46:28,ЕЛенА нОвиКОВа,+7(9358)51-09,2,ИГрУшКА МЯЧ,1,299.68,0.32,proceSSINg,"Задержка с доставкой, печалька...",2024/06/28,5189600556895829
2029946302111,2024/06/13 06:46:28,ЕЛенА нОвиКОВа,+7(9358)51-09,2,иГрУшкА МЯч,5,1483.18,16.82,prOceSsiNG,"Задержка с доставкой, печалька...",2024/06/28,5189600556895829
2029946302111,2024/06/13 06:46:28,ЕЛенА нОвиКОВа,+7(9358)51-09,1,КОРМ дЛя СобаК,4,1647.16,352.84,PROcESsinG,"Задержка с доставкой, печалька...",2024/06/28,5189600556895829
2029946301302,25.06.2024 08:51,МихАИл орлОв,+7(9050)46-35,3,АмуНициЯ дЛЯ сОБАК,1,1038.24,161.76,cOmPLETeD,Проверить наличие,2024-06-23,7086420711110378
2029946301302,25.06.2024 08:51,МихАИл орлОв,+7(9050)46-35,5,молОко,4,11898.13,101.87,CoMPlEtEd,Проверить наличие,2024-06-23,7086420711110378
2029946301302,25.06.2024 08:51,МихАИл орлОв,+7(9050)46-35,5,молоко,2,5376.1,623.9,ComPleteD,Проверить наличие,2024-06-23,7086420711110378
2029946301302,25.06.2024 08:51,МихАИл орлОв,+7(9050)46-35,3,аМуНИцИя Для сОбак,3,3132.34,467.66,cOMPlEtEd,Проверить наличие,2024-06-23,7086420711110378
2029946300771,2024/06/04 04:36:31,иВАн ИВАНоВ,8(9873) 87-41,1,КорМ ДлЯ соБаК,1,456.55,43.45,CaNcellED,Всё отлично!,06.06.2024,6645883559248930
2029946299294,2024/06/15 14:58:51,СЕРгЕЙ сИДОрОв,+7(9832)28-97,1,кОрМ ДЛя соБАк,2,826.57,173.43,pRocESsIng,Проверить наличие,2024-06-28,3891870383433031
2029946299294,2024/06/15 14:58:51,СЕРгЕЙ сИДОрОв,+7(9832)28-97,1,корм длЯ собАк,3,1353.87,146.13,prOCESsIng,Проверить наличие,2024-06-28,3891870383433031
2029946299294,2024/06/15 14:58:51,СЕРгЕЙ сИДОрОв,+7(9832)28-97,1,кОрм длЯ Собак,3,1335.07,164.93,pROceSSiNG,Проверить наличие,2024-06-28,3891870383433031
2029946299294,2024/06/15 14:58:51,СЕРгЕЙ сИДОрОв,+7(9832)28-97,4,поДпиСКА НА ГазЕТУ,1,549.32,50.68,PrOcESSING,Проверить наличие,2024-06-28,3891870383433031
2029946299294,2024/06/15 14:58:51,СЕРгЕЙ сИДОрОв,+7(9832)28-97,1,КОрм для соБАк,4,1962.06,37.94,PRocEsSING,Проверить наличие,2024-06-28,3891870383433031
2029946298963,2024-06-18 02:07:23,МаРиЯ петроВА,8(9179) 53-58,1,КорМ Для собак,1,416.78,83.22,pRocEsSinG,спасибо за заказ,2024/06/14,8114053400317643
2029946297483,10.06.2024 14:19,мИхаил оРЛоВ,+7(9005)00-75,2,игРушкА МЯч,4,1082.95,117.05,prOcesSing,спасибо за заказ,2024-06-10,5260558822736042
2029946297483,10.06.2024 14:19,мИхаил оРЛоВ,+7(9005)00-75,3,АмунициЯ ДЛЯ соБак,1,997.02,202.98,prOcESsINg,спасибо за заказ,2024-06-10,5260558822736042
2029946297483,10.06.2024 14:19,мИхаил оРЛоВ,+7(9005)00-75,5,молОКО,4,11215.25,784.75,PrOCESsiNg,спасибо за заказ,2024-06-10,5260558822736042
2029946296357,20.06.2024 01:45,АлЕксЕЙ МИхаЙЛОв,+7 9424 73 39,4,подпИсКа нА ГаЗЕтУ,5,2801.37,198.63,PrOcEssing,подарок вовремя,2024/06/16,1817078303339582
2029946296357,20.06.2024 01:45,АлЕксЕЙ МИхаЙЛОв,+7 9424 73 39,2,ИГРУШКа МЯЧ,2,504.27,95.73,PRoCeSSiNG,подарок вовремя,2024/06/16,1817078303339582
2029946296357,20.06.2024 01:45,АлЕксЕЙ МИхаЙЛОв,+7 9424 73 39,4,ПОдПИСка на ГаЗЕТУ,5,2980.37,19.63,prOcEsSINg,подарок вовремя,2024/06/16,1817078303339582
2029946296357,20.06.2024 01:45,АлЕксЕЙ МИхаЙЛОв,+7 9424 73 39,2,ИГрУшКА МяЧ,2,512.3,87.7,pROCEsSInG,подарок вовремя,2024/06/16,1817078303339582
2029946296357,20.06.2024 01:45,АлЕксЕЙ МИхаЙЛОв,+7 9424 73 39,2,ИгрушкА Мяч,1,298.79,1.21,pRoCESsING,подарок вовремя,2024/06/16,1817078303339582
2029946295484,2024-06-18 02:05:39,ЕЛенА НовикОва,+7 9388 73 67,1,кОРм ДлЯ СОбак,4,1903.59,96.41,compLetED,спасибо за заказ,29.06.2024,4229528823275670
2029946295484,2024-06-18 02:05:39,ЕЛенА НовикОва,+7 9388 73 67,5,МолОКО,5,13824.92,1175.08,ComPlETeD,спасибо за заказ,29.06.2024,4229528823275670
2029946295484,2024-06-18 02:05:39,ЕЛенА НовикОва,+7 9388 73 67,1,кОрМ дЛЯ сОбАК,1,401.1,98.9,cOMpleTEd,спасибо за заказ,29.06.2024,4229528823275670
2029946295484,2024-06-18 02:05:39,ЕЛенА НовикОва,+7 9388 73 67,1,кОрм дЛя СОбАк,1,494.3,5.7,cOMPLeTED,спасибо за заказ,29.06.2024,4229528823275670
2029946295484,2024-06-18 02:05:39,ЕЛенА НовикОва,+7 9388 73 67,5,МОлоко,2,5170.76,829.24,CompLetED,спасибо за заказ,29.06.2024,4229528823275670
2029946294920,2024/06/20 00:59:16,Иван иванов,8(9332) 88-30,2,ИгрУШкА МяЧ,2,494.29,105.71,CancElleD,подарок вовремя,2024-06-07,3319534919406561
2029946293216,2024/06/22 14:09:01,иВаН иванОв,8(9145) 20-37,4,ПОДпискА НА газЕту,5,2871.13,128.87,PrOCessInG,"Задержка с доставкой, печалька...",2024/06/19,7471866732441235
2029946293216,2024/06/22 14:09:01,иВаН иванОв,8(9145) 20-37,5,МоЛОКО,2,5313.8,686.2,PRoCEssing,"Задержка с доставкой, печалька...",2024/06/19,7471866732441235
2029946293216,2024/06/22 14:09:01,иВаН иванОв,8(9145) 20-37,2,иГрушКА МяЧ,4,1035.35,164.65,prOcesSiNg,"Задержка с доставкой, печалька...",2024/06/19,7471866732441235
2029946292650,11.06.2024 21:49,иваН иванОв,+7 9414 99 65,4,ПОДписКА НА газеТу,5,2974.97,25.03,PRocEsSinG,Ждём с нетерпением!,2024-06-28,9541277695400123
2029946292650,11.06.2024 21:49,иваН иванОв,+7 9414 99 65,3,амунИциЯ ДЛя СОбАк,2,2239.8,160.2,pROCeSSinG,Ждём с нетерпением!,2024-06-28,9541277695400123
2029946291146,04.06.2024 21:10,дмИтрИй КуЗнеЦов,+7 9309 38 55,4,поДПИСКа НА гаЗЕтУ,3,1721.52,78.48,proCEsSiNG,Ждём с нетерпением!,2024/06/08,2753678990348753
2029946291146,04.06.2024 21:10,дмИтрИй КуЗнеЦов,+7 9309 38 55,5,МоЛоКо,4,11122.99,877.01,pRoCeSSING,Ждём с нетерпением!,2024/06/08,2753678990348753
2029946290854,2024-06-13 09:47:15,МАРиЯ пЕТРовА,+7(9860)11-45,5,МОлОкО,2,5817.24,182.76,cOMpLEtEd,Проверить наличие,2024-06-13,2813329752939447
2029946290854,2024-06-13 09:47:15,МАРиЯ пЕТРовА,+7(9860)11-45,1,КорМ ДЛЯ соБАк,4,1634.91,365.09,COmPlETed,Проверить наличие,2024-06-13,2813329752939447
2029946290854,2024-06-13 09:47:15,МАРиЯ пЕТРовА,+7(9860)11-45,4,ПОДПИСКа на гаЗеТу,5,2825.82,174.18,COMPLetED,Проверить наличие,2024-06-13,2813329752939447
2029946289979,02.06.2024 11:34,дМИтРИЙ кузнецов,+7 9878 04 81,3,аМуНиЦия Для СоБАк,3,3128.63,471.37,coMpleTed,Ждём с нетерпением!,21.06.2024,3796466144742100
2029946289979,02.06.2024 11:34,дМИтРИЙ кузнецов,+7 9878 04 81,3,АмУниЦия длЯ сОбАК,5,5729.93,270.07,ComplETeD,Ждём с нетерпением!,21.06.2024,3796466144742100
2029946289979,02.06.2024 11:34,дМИтРИЙ кузнецов,+7 9878 04 81,3,АмУНиЦИЯ Для собак,3,3483.41,116.59,COmPLeteD,Ждём с нетерпением!,21.06.2024,3796466144742100
2029946289979,02.06.2024 11:34,дМИтРИЙ кузнецов,+7 9878 04 81,4,пОдпИСкА нА гАЗету,3,1628.42,171.58,COmpletEd,Ждём с нетерпением!,21.06.2024,3796466144742100
2029946289979,02.06.2024 11:34,дМИтРИЙ кузнецов,+7 9878 04 81,4,пОдпиСКА НА ГАзеТу,5,2647.21,352.79,ComPlEted,Ждём с нетерпением!,21.06.2024,3796466144742100
2029946288123,2024/06/06 21:24:59,СеРГей сиДОрОв,8(9472) 21-19,5,мОлОКО,2,5621.05,378.95,PRoCESSIng,спасибо за заказ,2024-06-27,7291767514674261
2029946288123,2024/06/06 21:24:59,СеРГей сиДОрОв,8(9472) 21-19,3,аМуНиЦИЯ ДлЯ СоБАК,5,5310.96,689.04,proCeSSing,спасибо за заказ,2024-06-27,7291767514674261
2029946288123,2024/06/06 21:24:59,СеРГей сиДОрОв,8(9472) 21-19,5,моЛоко,4,10398.81,1601.19,PrOCEsSING,спасибо за заказ,2024-06-27,7291767514674261
2029946288123,2024/06/06 21:24:59,СеРГей сиДОрОв,8(9472) 21-19,1,кОрм дЛЯ сОбАк,3,1462.57,37.43,PrOcESSing,спасибо за заказ,2024-06-27,7291767514674261
2029946287227,01.06.2024 09:28,мИхАИл ОрЛоВ,8(9385) 80-70,2,игрУШКа мЯЧ,1,241.58,58.42,compLeted,Нужно уточнить сроки,23.06.2024,1510948571930245
2029946287227,01.06.2024 09:28,мИхАИл ОрЛоВ,8(9385) 80-70,1,КоРм дЛЯ соБАК,2,855.75,144.25,cOmPLeted,Нужно уточнить сроки,23.06.2024,1510948571930245
2029946287227,01.06.2024 09:28,мИхАИл ОрЛоВ,8(9385) 80-70,4,ПОДпИСка нА гАзеТУ,1,578.09,21.91,coMPLETEd,Нужно уточнить сроки,23.06.2024,1510948571930245
2029946287227,01.06.2024 09:28,мИхАИл ОрЛоВ,8(9385) 80-70,2,ИгРУШка мяЧ,5,1464.05,35.95,cOmPlEteD,Нужно уточнить сроки,23.06.2024,1510948571930245
2029946286495,2024-06-24 00:13:46,дМиТрИй куЗНЕЦов,+7 9058 19 65,2,ИГРушКа мЯЧ,1,242.72,57.28,CoMplEteD,подарок вовремя,2024/06/22,1832001460151266
2029946286495,2024-06-24 00:13:46,дМиТрИй куЗНЕЦов,+7 9058 19 65,4,пОдПиСка На газеТУ,3,1593.28,206.72,coMPLeTED,подарок вовремя,2024/06/22,1832001460151266
2029946286495,2024-06-24 00:13:46,дМиТрИй куЗНЕЦов,+7 9058 19 65,2,ИГРушКА мЯч,4,1121.53,78.47,COMPLeteD,подарок вовремя,2024/06/22,1832001460151266
2029946286495,2024-06-24 00:13:46,дМиТрИй куЗНЕЦов,+7 9058 19 65,5,МоЛОкО,5,13001.43,1998.57,cOmpLEtEd,подарок вовремя,2024/06/22,1832001460151266
2029946286495,2024-06-24 00:13:46,дМиТрИй куЗНЕЦов,+7 9058 19 65,3,АМУнициЯ для сОбак,4,3850.7,949.3,comPlEtEd,подарок вовремя,2024/06/22,1832001460151266
2029946285232,2024/06/03 02:18:01,оЛьГа кУЗНеЦова,8(9473) 62-97,1,КОРм для СобАк,5,2419.0,81.0,caNCelLeD,Проверить наличие,2024-06-06,0432257877860781
2029946285232,2024/06/03 02:18:01,оЛьГа кУЗНеЦова,8(9473) 62-97,4,ПОдПИСка НА ГазетУ,5,2623.85,376.15,cANcELled,Проверить наличие,2024-06-06,0432257877860781
2029946285232,2024/06/03 02:18:01,оЛьГа кУЗНеЦова,8(9473) 62-97,2,игрУШкА мЯЧ,1,259.32,40.68,CANCelled,Проверить наличие,2024-06-06,0432257877860781
2029946285232,2024/06/03 02:18:01,оЛьГа кУЗНеЦова,8(9473) 62-97,1,кОрМ ДЛя СОбак,1,484.82,15.18,CaNCellED,Проверить наличие,2024-06-06,0432257877860781
2029946285232,2024/06/03 02:18:01,оЛьГа кУЗНеЦова,8(9473) 62-97,2,иГрУШКА Мяч,5,1435.24,64.76,caNCElLed,Проверить наличие,2024-06-06,0432257877860781
2029946284934,17.06.2024 09:38,анНА СмИрновА,+7(9887)67-94,5,моЛоКО,3,7803.58,1196.42,cANceLleD,Ждём с нетерпением!,12.06.2024,7395786957034497
2029946284934,17.06.2024 09:38,анНА СмИрновА,+7(9887)67-94,4,пОдписКа На газЕТу,1,502.37,97.63,CANcelLEd,Ждём с нетерпением!,12.06.2024,7395786957034497
2029946284934,17.06.2024 09:38,анНА СмИрновА,+7(9887)67-94,4,ПОДПиСка нА Газету,1,578.87,21.13,CAncElLED,Ждём с нетерпением!,12.06.2024,7395786957034497
2029946283529,2024-06-13 07:06:31,сеРгЕЙ СИдоров,+7(9236)83-02,3,аМУнИцИя ДлЯ собак,4,4392.27,407.73,prOCESsiNG,спасибо за заказ,2024/06/04,4812599732454180
2029946283529,2024-06-13 07:06:31,сеРгЕЙ СИдоров,+7(9236)83-02,2,игРушкА мЯЧ,5,1472.68,27.32,proceSsing,спасибо за заказ,2024/06/04,4812599732454180
2029946283529,2024-06-13 07:06:31,сеРгЕЙ СИдоров,+7(9236)83-02,3,АмуНИЦия длЯ собАк,5,5969.6,30.4,ProcEsSiNg,спасибо за заказ,2024/06/04,4812599732454180
2029946282353,29.06.2024 16:28,дМиТрий куЗнецОв,+7 9403 79 30,2,ИГРУшКа мЯЧ,1,274.28,25.72,pRoCEsSING,спасибо за заказ,30.06.2024,7470046532053570
2029946282353,29.06.2024 16:28,дМиТрий куЗнецОв,+7 9403 79 30,2,Игрушка мЯч,2,483.69,116.31,ProcEsSing,спасибо за заказ,30.06.2024,7470046532053570
2029946282353,29.06.2024 16:28,дМиТрий куЗнецОв,+7 9403 79 30,4,ПоДпИСка на ГАЗеТу,4,2365.82,34.18,PRocEssIng,спасибо за заказ,30.06.2024,7470046532053570
2029946281228,2024/06/30 14:19:35,МаРия ПЕтРОВА,+7 9775 13 69,5,моЛОКО,3,7395.84,1604.16,cAnCeLLED,"Задержка с доставкой, печалька...",2024-06-07,1754264865396066
2029946281228,2024/06/30 14:19:35,МаРия ПЕтРОВА,+7 9775 13 69,3,АмуНиция длЯ СоБАк,3,2956.33,643.67,CaNcELleD,"Задержка с доставкой, печалька...",2024-06-07,1754264865396066
2029946281228,2024/06/30 14:19:35,МаРия ПЕтРОВА,+7 9775 13 69,2,ИГрУШКа мяЧ,2,528.47,71.53,CAncElleD,"Задержка с доставкой, печалька...",2024-06-07,1754264865396066
2029946280118,2024/06/01 09:26:54,СЕрГЕй СИдОрОв,8(9407) 28-17,2,ИГруШКА мЯч,3,822.9,77.1,cOmpLeTED,Проверить наличие,2024/06/22,9314217495911483
2029946280118,2024/06/01 09:26:54,СЕрГЕй СИдОрОв,8(9407) 28-17,1,коРм ДЛЯ СобаК,3,1421.37,78.63,coMPlETEd,Проверить наличие,2024/06/22,9314217495911483
2029946280118,2024/06/01 09:26:54,СЕрГЕй СИдОрОв,8(9407) 28-17,4,подпИСКА На ГАЗеТу,4,1924.73,475.27,Completed,Проверить наличие,2024/06/22,9314217495911483
2029946280118,2024/06/01 09:26:54,СЕрГЕй СИдОрОв,8(9407) 28-17,1,кОРм ДлЯ собаК,3,1386.99,113.01,ComPletED,Проверить наличие,2024/06/22,9314217495911483
2029946280118,2024/06/01 09:26:54,СЕрГЕй СИдОрОв,8(9407) 28-17,2,ИгрУшКА МЯЧ,3,753.09,146.91,COMpLEted,Проверить наличие,2024/06/22,9314217495911483
2029946279504,2024-06-20 03:14:49,НаТАЛья васИльевА,+7 9643 86 67,2,ИгРУшкА мЯЧ,1,249.52,50.48,CanCELLed,Нужно уточнить сроки,2024-06-07,0539713293563221
2029946279504,2024-06-20 03:14:49,НаТАЛья васИльевА,+7 9643 86 67,2,иГрУШкА МЯч,4,1096.06,103.94,cANceLlEd,Нужно уточнить сроки,2024-06-07,0539713293563221
2029946279504,2024-06-20 03:14:49,НаТАЛья васИльевА,+7 9643 86 67,5,моЛокО,4,11288.35,711.65,CANcellEd,Нужно уточнить сроки,2024-06-07,0539713293563221
2029946279504,2024-06-20 03:14:49,НаТАЛья васИльевА,+7 9643 86 67,3,АмУнИЦИя длЯ СОбаК,5,5182.84,817.16,cAnCELLEd,Нужно уточнить сроки,2024-06-07,0539713293563221
2029946279504,2024-06-20 03:14:49,НаТАЛья васИльевА,+7 9643 86 67,4,ПоДПИскА НА ГАЗеТУ,3,1724.32,75.68,cAnCELLed,Нужно уточнить сроки,2024-06-07,0539713293563221
2029946278847,10.06.2024 05:10,СЕрГЕЙ СИДоРОв,8(9926) 54-89,2,ИГРУшкА МЯч,1,275.72,24.28,cOmPLeTED,Проверить наличие,2024/06/05,0750268648313998
2029946278847,10.06.2024 05:10,СЕрГЕЙ СИДоРОв,8(9926) 54-89,2,ИгрУшкА МЯч,4,1019.88,180.12,coMpLETed,Проверить наличие,2024/06/05,0750268648313998
2029946278847,10.06.2024 05:10,СЕрГЕЙ СИДоРОв,8(9926) 54-89,1,кОРМ дЛЯ СобАК,3,1460.69,39.31,cOmPlEtEd,Проверить наличие,2024/06/05,0750268648313998
2029946278847,10.06.2024 05:10,СЕрГЕЙ СИДоРОв,8(9926) 54-89,4,пОДПиСка нА гАзетУ,1,537.18,62.82,cOMpLETeD,Проверить наличие,2024/06/05,0750268648313998
2029946278847,10.06.2024 05:10,СЕрГЕЙ СИДоРОв,8(9926) 54-89,2,игруШкА МЯч,5,1387.43,112.57,COmPLETED,Проверить наличие,2024/06/05,0750268648313998
2029946277784,2024-06-10 11:53:49,НатАЛьЯ ВаСИЛЬеВа,8(9831) 31-22,4,ПоДПискА НА газЕту,3,1702.85,97.15,cAnCeLLed,спасибо за заказ,2024/06/02,7872465640279512
2029946277784,2024-06-10 11:53:49,НатАЛьЯ ВаСИЛЬеВа,8(9831) 31-22,5,МоЛОКо,2,5132.19,867.81,CAncELled,спасибо за заказ,2024/06/02,7872465640279512
2029946277784,2024-06-10 11:53:49,НатАЛьЯ ВаСИЛЬеВа,8(9831) 31-22,4,ПОДПИска на гаЗЕТУ,1,570.36,29.64,CancelLEd,спасибо за заказ,2024/06/02,7872465640279512
2029946276901,2024/06/29 16:09:11,еЛеНа нОВИКова,+7(9390)65-84,3,АМуНИЦиЯ ДЛЯ СОбАк,4,3922.95,877.05,cancElleD,Ждём с нетерпением!,2024-06-13,5461028535538433
2029946276901,2024/06/29 16:09:11,еЛеНа нОВИКова,+7(9390)65-84,3,аМунициЯ дЛЯ соБак,5,5112.05,887.95,CANcELLEd,Ждём с нетерпением!,2024-06-13,5461028535538433
2029946276901,2024/06/29 16:09:11,еЛеНа нОВИКова,+7(9390)65-84,2,игрУШка МЯЧ,5,1395.4,104.6,CAnCellEd,Ждём с нетерпением!,2024-06-13,5461028535538433
2029946275490,28.06.2024 22:46,ИВАн иВАНов,8(9488) 95-51,4,пОДПисКа нА газеТУ,1,496.93,103.07,COmpLeted,Проверить наличие,20.06.2024,9883906319975414
2029946274867,12.06.2024 19:02,мИХаИЛ ОРЛоВ,+7 9175 67 99,4,ПодПиСКа на ГАЗЕТу,3,1714.77,85.23,PROcESSING,"Задержка с доставкой, печалька...",2024-06-10,2060771030408799
2029946274867,12.06.2024 19:02,мИХаИЛ ОРЛоВ,+7 9175 67 99,5,МОЛОкО,3,7309.69,1690.31,PRoCesSING,"Задержка с доставкой, печалька...",2024-06-10,2060771030408799
2029946274867,12.06.2024 19:02,мИХаИЛ ОРЛоВ,+7 9175 67 99,2,иГРушкА МЯч,5,1498.49,1.51,pRoCeSsInG,"Задержка с доставкой, печалька...",2024-06-10,2060771030408799
2029946273695,2024/06/03 07:33:26,аНнА СМИрнОвА,+7(9600)41-35,5,МоЛоКо,2,5318.49,681.51,CoMpLetEd,Нужно уточнить сроки,2024/06/18,3906622616920388
2029946273695,2024/06/03 07:33:26,аНнА СМИрнОвА,+7(9600)41-35,2,ИГРУШкА МЯЧ,5,1446.36,53.64,CoMpLetED,Нужно уточнить сроки,2024/06/18,3906622616920388
2029946273695,2024/06/03 07:33:26,аНнА СМИрнОвА,+7(9600)41-35,2,ИГрУШкА мяч,1,291.74,8.26,cOMPLEted,Нужно уточнить сроки,2024/06/18,3906622616920388
2029946273695,2024/06/03 07:33:26,аНнА СМИрнОвА,+7(9600)41-35,1,КорМ дЛя соБАК,2,866.85,133.15,CoMplETed,Нужно уточнить сроки,2024/06/18,3906622616920388
2029946272101,2024/06/27 16:40:27,МАрИЯ пеТРОВа,+7(9152)44-09,1,КОРм длЯ сОБак,5,2043.71,456.29,PrOCeSsiNg,Всё отлично!,16.06.2024,7452586990868834
2029946272101,2024/06/27 16:40:27,МАрИЯ пеТРОВа,+7(9152)44-09,4,ПОДПИсКа НА ГАЗетУ,4,2210.41,189.59,pRoCESsING,Всё отлично!,16.06.2024,7452586990868834
2029946272101,2024/06/27 16:40:27,МАрИЯ пеТРОВа,+7(9152)44-09,2,игРушКа мяч,5,1496.7,3.3,PrOCESsINg,Всё отлично!,16.06.2024,7452586990868834
2029946272101,2024/06/27 16:40:27,МАрИЯ пеТРОВа,+7(9152)44-09,1,КОРМ ДЛЯ СобАК,5,2408.55,91.45,pRoCeSSING,Всё отлично!,16.06.2024,7452586990868834
2029946271957,2024/06/14 07:10:40,олЬГА КуЗнеЦоВА,+7(9255)59-74,2,ИГРУшКа МяЧ,3,861.56,38.44,PRoCessIng,"Задержка с доставкой, печалька...",2024-06-04,7823147819860518
2029946271957,2024/06/14 07:10:40,олЬГА КуЗнеЦоВА,+7(9255)59-74,2,игРУШКа МЯЧ,3,887.8,12.2,ProCESSing,"Задержка с доставкой, печалька...",2024-06-04,7823147819860518
2029946270882,2024-06-06 08:54:29,сеРГеЙ сиДОРов,+7(9481)13-19,3,амУНИЦиЯ длЯ собАК,4,4542.5,257.5,PrOcESSing,подарок вовремя,2024-06-25,9896096183068272
2029946270882,2024-06-06 08:54:29,сеРГеЙ сиДОРов,+7(9481)13-19,1,КОрм Для собаК,5,2149.05,350.95,pROcesSiNg,подарок вовремя,2024-06-25,9896096183068272
2029946269519,18.06.2024 22:16,аЛЕКСЕй МИХайлоВ,+7 9788 41 58,4,ПодПИсКА на гАЗЕТУ,1,509.19,90.81,CAnCelLeD,спасибо за заказ,2024/06/19,6065729718561889
2029946269519,18.06.2024 22:16,аЛЕКСЕй МИХайлоВ,+7 9788 41 58,1,корМ дЛЯ СоБАк,2,892.49,107.51,CAncEllEd,спасибо за заказ,2024/06/19,6065729718561889
2029946269519,18.06.2024 22:16,аЛЕКСЕй МИХайлоВ,+7 9788 41 58,2,иГрушКа МяЧ,3,857.84,42.16,CANCeLLed,спасибо за заказ,2024/06/19,6065729718561889
2029946269519,18.06.2024 22:16,аЛЕКСЕй МИХайлоВ,+7 9788 41 58,3,амунИциЯ ДЛя сОбак,5,5430.02,569.98,cAncELled,спасибо за заказ,2024/06/19,6065729718561889
2029946268150,2024-06-24 13:06:11,елеНа НОвИКоВа,+7(9032)20-12,2,ИгрушКА МЯЧ,2,530.1,69.9,cOMPLEteD,подарок вовремя,2024/06/13,3981367628738105
2029946268150,2024-06-24 13:06:11,елеНа НОвИКоВа,+7(9032)20-12,1,КоРМ ДлЯ сОБАк,5,2080.72,419.28,CoMPLEted,подарок вовремя,2024/06/13,3981367628738105
2029946268150,2024-06-24 13:06:11,елеНа НОвИКоВа,+7(9032)20-12,3,аМуНиция ДЛя собАк,5,5275.08,724.92,cOMPLeteD,подарок вовремя,2024/06/13,3981367628738105
2029946268150,2024-06-24 13:06:11,елеНа НОвИКоВа,+7(9032)20-12,3,аМУнИЦИЯ Для соБак,4,3939.41,860.59,CoMpleteD,подарок вовремя,2024/06/13,3981367628738105
2029946268150,2024-06-24 13:06:11,елеНа НОвИКоВа,+7(9032)20-12,4,пОдпИсКа нА ГАЗеТу,4,1931.36,468.64,cOMPLeTed,подарок вовремя,2024/06/13,3981367628738105
2029946267659,2024-06-17 00:04:01,ДмиТРИЙ кУзНеЦоВ,+7(9480)61-80,5,моЛокО,2,5258.31,741.69,CancELlED,спасибо за заказ,2024/06/13,1745311327589441
2029946267659,2024-06-17 00:04:01,ДмиТРИЙ кУзНеЦоВ,+7(9480)61-80,5,МолОкО,5,13460.88,1539.12,CAnceLlED,спасибо за заказ,2024/06/13,1745311327589441
2029946266688,2024/06/26 23:21:45,алеКСЕЙ михАйЛов,8(9323) 06-87,2,ИГРуШКА МЯч,5,1476.77,23.23,pROCEssINg,подарок вовремя,15.06.2024,7463024184194565
2029946266688,2024/06/26 23:21:45,алеКСЕЙ михАйЛов,8(9323) 06-87,4,пОДпИСКА нА гАЗету,2,993.47,206.53,PrOCeSSInG,подарок вовремя,15.06.2024,7463024184194565
2029946265344,2024/06/03 04:12:00,НАТальЯ ВаСИлЬева,8(9308) 08-01,2,ИГРУШка МяЧ,5,1317.15,182.85,cANCelLEd,подарок вовремя,2024-06-04,4187031056368386
2029946265344,2024/06/03 04:12:00,НАТальЯ ВаСИлЬева,8(9308) 08-01,3,АмУницИЯ дЛЯ СобаК,3,3344.77,255.23,caNcElLed,подарок вовремя,2024-06-04,4187031056368386
2029946265344,2024/06/03 04:12:00,НАТальЯ ВаСИлЬева,8(9308) 08-01,4,подПиСкА НА гАзету,5,2513.39,486.61,cAncEllED,подарок вовремя,2024-06-04,4187031056368386
2029946264545,20.06.2024 02:59,иВАн ивАНОв,+7 9970 35 70,2,ИгруШкА МяЧ,4,1001.9,198.1,ProCEsSINg,"Задержка с доставкой, печалька...",25.06.2024,1769708442509902
2029946264545,20.06.2024 02:59,иВАн ивАНОв,+7 9970 35 70,2,ИГРУшКА Мяч,5,1323.86,176.14,PROcEssing,"Задержка с доставкой, печалька...",25.06.2024,1769708442509902
2029946264545,20.06.2024 02:59,иВАн ивАНОв,+7 9970 35 70,3,АмУНИцИЯ ДлЯ собаК,5,5201.32,798.68,ProCEsSINg,"Задержка с доставкой, печалька...",25.06.2024,1769708442509902
2029946264545,20.06.2024 02:59,иВАн ивАНОв,+7 9970 35 70,2,иГРУшКА Мяч,2,581.34,18.66,PROcesSing,"Задержка с доставкой, печалька...",25.06.2024,1769708442509902
2029946264545,20.06.2024 02:59,иВАн ивАНОв,+7 9970 35 70,3,АМУнИцИя дЛя сОБАК,4,4722.68,77.32,ProCESsing,"Задержка с доставкой, печалька...",25.06.2024,1769708442509902
2029946263942,2024-06-17 05:10:41,ДМитРИй кузнЕцоВ,+7(9127)39-84,4,ПОдписка НА ГАЗЕту,5,2513.61,486.39,proCEssiNg,Нужно уточнить сроки,2024/06/21,8284460559178595
2029946263942,2024-06-17 05:10:41,ДМитРИй кузнЕцоВ,+7(9127)39-84,5,молОко,3,7960.42,1039.58,PRoCEssINg,Нужно уточнить сроки,2024/06/21,8284460559178595
2029946263942,2024-06-17 05:10:41,ДМитРИй кузнЕцоВ,+7(9127)39-84,5,мОлОКо,2,5909.77,90.23,PRoceSsiNG,Нужно уточнить сроки,2024/06/21,8284460559178595
2029946262678,2024-06-27 16:17:47,нАтальЯ вАСИЛЬЕвА,8(9068) 35-50,2,игРУшка МяЧ,1,282.48,17.52,CoMplEtED,Нужно уточнить сроки,2024/06/18,4385469147648225
2029946262678,2024-06-27 16:17:47,нАтальЯ вАСИЛЬЕвА,8(9068) 35-50,4,пОДпИскА На ГАзеТу,2,1113.89,86.11,comPlETED,Нужно уточнить сроки,2024/06/18,4385469147648225
2029946262678,2024-06-27 16:17:47,нАтальЯ вАСИЛЬЕвА,8(9068) 35-50,2,игрушкА МяЧ,5,1452.35,47.65,comPlEted,Нужно уточнить сроки,2024/06/18,4385469147648225
2029946262678,2024-06-27 16:17:47,нАтальЯ вАСИЛЬЕвА,8(9068) 35-50,3,аМуниЦия дЛя СОбАК,5,5762.62,237.38,compLEtEd,Нужно уточнить сроки,2024/06/18,4385469147648225
2029946262678,2024-06-27 16:17:47,нАтальЯ вАСИЛЬЕвА,8(9068) 35-50,1,кОрм ДЛя соБаК,3,1359.5,140.5,coMPleTEd,Нужно уточнить сроки,2024/06/18,4385469147648225
2029946261915,2024/06/15 05:59:16,АлЕКСеЙ миХаЙЛов,+7(9924)47-59,4,пОДПисКа НА ГАзету,4,1982.75,417.25,PrOcESsINg,Проверить наличие,14.06.2024,2332687274925986
2029946261915,2024/06/15 05:59:16,АлЕКСеЙ миХаЙЛов,+7(9924)47-59,3,аМуНИцИя Для сОбаК,5,5829.28,170.72,proceSSInG,Проверить наличие,14.06.2024,2332687274925986
2029946261915,2024/06/15 05:59:16,АлЕКСеЙ миХаЙЛов,+7(9924)47-59,4,пОдПиска нА газетУ,4,2222.48,177.52,PRocesSiNg,Проверить наличие,14.06.2024,2332687274925986
2029946260925,2024-06-14 22:13:16,МИХаИл орлов,+7(9035)54-54,4,пОДпиСКА НА гАзЕтУ,1,534.92,65.08,cOMplETEd,Всё отлично!,30.06.2024,8093403849825040
2029946260925,2024-06-14 22:13:16,МИХаИл орлов,+7(9035)54-54,2,ИгРуШКа МЯЧ,3,807.78,92.22,ComPleted,Всё отлично!,30.06.2024,8093403849825040
2029946260925,2024-06-14 22:13:16,МИХаИл орлов,+7(9035)54-54,2,игРушка мЯЧ,3,840.68,59.32,ComPlEtED,Всё отлично!,30.06.2024,8093403849825040
2029946259815,10.06.2024 15:58,еЛенА ноВИКова,8(9908) 42-30,4,ПоДПИСка НА ГАзеТУ,4,2338.14,61.86,CoMPLEtEd,Ждём с нетерпением!,2024-06-18,4932412143873909
2029946258332,2024/06/21 10:30:22,елеНА новИкова,+7 9265 54 88,3,аМунИция длЯ сОБАК,2,2283.7,116.3,ProcESsING,Всё отлично!,19.06.2024,9068719333809148
2029946258332,2024/06/21 10:30:22,елеНА новИкова,+7 9265 54 88,4,подПиСКА нА гаЗетУ,2,1034.03,165.97,PROCeSSING,Всё отлично!,19.06.2024,9068719333809148
2029946258332,2024/06/21 10:30:22,елеНА новИкова,+7 9265 54 88,2,ИГРУШКА мЯч,1,273.36,26.64,prOcessiNg,Всё отлично!,19.06.2024,9068719333809148
2029946258332,2024/06/21 10:30:22,елеНА новИкова,+7 9265 54 88,5,МоЛОкО,2,5595.03,404.97,PRoceSSiNg,Всё отлично!,19.06.2024,9068719333809148
2029946257373,2024-06-21 07:31:35,ДМИтРИЙ кУЗНЕЦОв,8(9293) 16-06,2,игРУШКа МяЧ,4,1097.93,102.07,coMpLEteD,спасибо за заказ,2024/06/14,8808232428164512
2029946256723,14.06.2024 08:04,ЕленА НОВиКоВа,+7(9807)23-08,2,игрУшка МЯЧ,1,298.32,1.68,caNcelLEd,Проверить наличие,21.06.2024,8643540923770340
2029946256723,14.06.2024 08:04,ЕленА НОВиКоВа,+7(9807)23-08,1,коРМ Для СОбАК,3,1201.59,298.41,CanCeLlED,Проверить наличие,21.06.2024,8643540923770340
2029946256723,14.06.2024 08:04,ЕленА НОВиКоВа,+7(9807)23-08,5,МОлоКО,4,11464.66,535.34,CAnCElleD,Проверить наличие,21.06.2024,8643540923770340
2029946256723,14.06.2024 08:04,ЕленА НОВиКоВа,+7(9807)23-08,3,аМУницИЯ для СОбАК,4,3983.49,816.51,CanCELleD,Проверить наличие,21.06.2024,8643540923770340
2029946256723,14.06.2024 08:04,ЕленА НОВиКоВа,+7(9807)23-08,3,аМУнИцИЯ ДлЯ СОБАК,5,4882.31,1117.69,CanceLLeD,Проверить наличие,21.06.2024,8643540923770340
2029946255315,09.06.2024 15:32,сеРгей СиДОрОВ,+7(9461)40-62,1,КОрМ ДЛЯ сОБАК,3,1489.34,10.66,PROcessINg,"Задержка с доставкой, печалька...",28.06.2024,1426823238132459
2029946255315,09.06.2024 15:32,сеРгей СиДОрОВ,+7(9461)40-62,1,кОрм дЛЯ СоБАК,1,436.33,63.67,PRocEsSInG,"Задержка с доставкой, печалька...",28.06.2024,1426823238132459
2029946254265,01.06.2024 17:36,нАТАЛья ваСИлЬеВА,+7 9604 52 48,3,амунИциЯ дЛя СОбАК,5,5265.25,734.75,CoMPLeTed,Ждём с нетерпением!,08.06.2024,2369022380473496
2029946254265,01.06.2024 17:36,нАТАЛья ваСИлЬеВА,+7 9604 52 48,3,аМУнИциЯ дЛя СОБАК,3,3050.01,549.99,COmpLetED,Ждём с нетерпением!,08.06.2024,2369022380473496
2029946254265,01.06.2024 17:36,нАТАЛья ваСИлЬеВА,+7 9604 52 48,3,аМУницИя ДлЯ собак,1,1017.61,182.39,cOMPlEted,Ждём с нетерпением!,08.06.2024,2369022380473496
2029946254265,01.06.2024 17:36,нАТАЛья ваСИлЬеВА,+7 9604 52 48,4,пОдПИсКа На гаЗЕту,5,2971.63,28.37,CompLetED,Ждём с нетерпением!,08.06.2024,2369022380473496
2029946254265,01.06.2024 17:36,нАТАЛья ваСИлЬеВА,+7 9604 52 48,1,КОРМ дЛЯ соБак,4,1993.43,6.57,CoMplETed,Ждём с нетерпением!,08.06.2024,2369022380473496
2029946253888,2024/06/03 21:02:48,аННа СмиРновА,+7 9948 84 91,5,моЛОКО,2,5534.85,465.15,CANceLLed,Ждём с нетерпением!,2024-06-24,5124777163870833
2029946253888,2024/06/03 21:02:48,аННа СмиРновА,+7 9948 84 91,2,игРУШКА МЯЧ,1,263.37,36.63,caNcElLEd,Ждём с нетерпением!,2024-06-24,5124777163870833
2029946253888,2024/06/03 21:02:48,аННа СмиРновА,+7 9948 84 91,1,Корм для собАК,5,2364.13,135.87,cANCElleD,Ждём с нетерпением!,2024-06-24,5124777163870833
2029946253888,2024/06/03 21:02:48,аННа СмиРновА,+7 9948 84 91,2,ИГрУшка МяЧ,5,1477.33,22.67,CANceLled,Ждём с нетерпением!,2024-06-24,5124777163870833
2029946253888,2024/06/03 21:02:48,аННа СмиРновА,+7 9948 84 91,4,ПОдпИсКА НА ГАзЕТУ,1,522.21,77.79,cancellED,Ждём с нетерпением!,2024-06-24,5124777163870833
2029946252933,2024/06/29 09:50:36,МариЯ петрОВа,+7 9290 46 35,4,подПиска нА гаЗЕТУ,2,1015.11,184.89,compLEted,Ждём с нетерпением!,2024/06/28,7783025190160345
2029946252933,2024/06/29 09:50:36,МариЯ петрОВа,+7 9290 46 35,4,ПодПИсКа НА ГАзеТУ,3,1442.77,357.23,COMpLeTeD,Ждём с нетерпением!,2024/06/28,7783025190160345
2029946252933,2024/06/29 09:50:36,МариЯ петрОВа,+7 9290 46 35,1,коРМ ДЛя СОБАК,5,2037.94,462.06,COmpleTEd,Ждём с нетерпением!,2024/06/28,7783025190160345
2029946252933,2024/06/29 09:50:36,МариЯ петрОВа,+7 9290 46 35,4,ПоДПИсКа на гАзеТу,4,2217.2,182.8,coMplETed,Ждём с нетерпением!,2024/06/28,7783025190160345
2029946252933,2024/06/29 09:50:36,МариЯ петрОВа,+7 9290 46 35,4,ПОДПиСка на газеТУ,2,979.87,220.13,cOMpLETed,Ждём с нетерпением!,2024/06/28,7783025190160345
2029946251807,29.06.2024 05:21,ивАН иВАНоВ,+7 9670 82 13,5,моЛокО,5,12090.89,2909.11,pROcEssiNg,спасибо за заказ,2024-06-05,7469104779781183
2029946251807,29.06.2024 05:21,ивАН иВАНоВ,+7 9670 82 13,5,мОлОкО,1,2498.17,501.83,prOcESSING,спасибо за заказ,2024-06-05,7469104779781183
2029946251807,29.06.2024 05:21,ивАН иВАНоВ,+7 9670 82 13,3,амУНициЯ для СОБак,3,3128.95,471.05,PROCeSsInG,спасибо за заказ,2024-06-05,7469104779781183
2029946251807,29.06.2024 05:21,ивАН иВАНоВ,+7 9670 82 13,3,АмУНицИя ДлЯ соБАк,3,3024.43,575.57,PrOCESsING,спасибо за заказ,2024-06-05,7469104779781183
2029946251807,29.06.2024 05:21,ивАН иВАНоВ,+7 9670 82 13,1,КоРМ дЛЯ СОБаК,3,1450.13,49.87,PROCEsSING,спасибо за заказ,2024-06-05,7469104779781183
2029946250891,2024-06-17 08:35:40,мАРиЯ петроВА,+7 9426 42 70,3,аМУнИЦия ДЛя собак,1,1064.26,135.74,PROcEsSiNg,спасибо за заказ,2024-06-12,3050953200805217
2029946250891,2024-06-17 08:35:40,мАРиЯ петроВА,+7 9426 42 70,4,ПОДпИСкА нА гаЗЕтУ,4,2145.87,254.13,proCEsSINg,спасибо за заказ,2024-06-12,3050953200805217
2029946250891,2024-06-17 08:35:40,мАРиЯ петроВА,+7 9426 42 70,2,иГруШКА мяЧ,3,849.51,50.49,prOcESsING,спасибо за заказ,2024-06-12,3050953200805217
2029946250891,2024-06-17 08:35:40,мАРиЯ петроВА,+7 9426 42 70,4,подПИСкА на гаЗЕТУ,3,1492.54,307.46,pRoCEsSIng,спасибо за заказ,2024-06-12,3050953200805217
2029946250891,2024-06-17 08:35:40,мАРиЯ петроВА,+7 9426 42 70,2,иГруШка МЯч,4,1190.92,9.08,pRoCesSiNg,спасибо за заказ,2024-06-12,3050953200805217
2029946249891,16.06.2024 02:11,наталья вАСилЬЕвА,8(9286) 02-21,3,АмУНиЦиЯ дЛя сОбАк,4,4128.59,671.41,cOMplETEd,подарок вовремя,24.06.2024,4842176182249003
2029946248807,24.06.2024 04:08,иваН иВаНоВ,+7(9749)78-55,2,иГруШКА Мяч,1,278.46,21.54,COmplETEd,подарок вовремя,2024/06/03,6852243888315474
2029946248807,24.06.2024 04:08,иваН иВаНоВ,+7(9749)78-55,1,кОРм длЯ сОбАк,3,1303.01,196.99,CompletED,подарок вовремя,2024/06/03,6852243888315474
2029946248807,24.06.2024 04:08,иваН иВаНоВ,+7(9749)78-55,1,КоРм Для сОБаК,3,1413.37,86.63,CoMPleTED,подарок вовремя,2024/06/03,6852243888315474
2029946248807,24.06.2024 04:08,иваН иВаНоВ,+7(9749)78-55,3,амУнИция дЛЯ СОбаК,1,1023.73,176.27,cOmplEtED,подарок вовремя,2024/06/03,6852243888315474
2029946248807,24.06.2024 04:08,иваН иВаНоВ,+7(9749)78-55,3,аМУНИцИя Для сОБак,2,2133.84,266.16,CompleteD,подарок вовремя,2024/06/03,6852243888315474
2029946247553,22.06.2024 18:31,оЛьГа куЗНЕЦоВа,+7(9122)16-08,4,ПОДПИсКа На ГаЗЕТу,4,1956.61,443.39,pRocesSInG,Проверить наличие,09.06.2024,3153344109658285
2029946247553,22.06.2024 18:31,оЛьГа куЗНЕЦоВа,+7(9122)16-08,3,аМУницИя Для сОбаК,5,4901.09,1098.91,PROCesSinG,Проверить наличие,09.06.2024,3153344109658285
2029946247553,22.06.2024 18:31,оЛьГа куЗНЕЦоВа,+7(9122)16-08,3,амуниЦИя Для СОбАК,4,4644.31,155.69,proCEsSing,Проверить наличие,09.06.2024,3153344109658285
2029946247553,22.06.2024 18:31,оЛьГа куЗНЕЦоВа,+7(9122)16-08,1,КоРм ДлЯ СОбак,5,2213.9,286.1,PROcesSING,Проверить наличие,09.06.2024,3153344109658285
2029946247553,22.06.2024 18:31,оЛьГа куЗНЕЦоВа,+7(9122)16-08,1,КоРМ для СОБАК,2,835.21,164.79,prOcessIng,Проверить наличие,09.06.2024,3153344109658285
2029946246283,2024-06-06 19:43:50,еЛена новИкоВа,+7 9681 12 00,1,КОрМ ДЛя СобаК,2,941.58,58.42,CompletED,"Задержка с доставкой, печалька...",2024/06/14,7340644268293388
2029946246283,2024-06-06 19:43:50,еЛена новИкоВа,+7 9681 12 00,1,кОРм дЛя СОбАк,4,1804.13,195.87,COmPlETED,"Задержка с доставкой, печалька...",2024/06/14,7340644268293388
2029946245612,2024-06-27 23:03:04,оЛЬГА КУзнЕЦоВА,+7(9319)11-62,5,мОлоКо,2,5966.51,33.49,COmPleted,спасибо за заказ,2024-06-21,6495705903883018
2029946245612,2024-06-27 23:03:04,оЛЬГА КУзнЕЦоВА,+7(9319)11-62,4,поДпИска НА газЕтУ,3,1519.09,280.91,CompLeTED,спасибо за заказ,2024-06-21,6495705903883018
2029946245612,2024-06-27 23:03:04,оЛЬГА КУзнЕЦоВА,+7(9319)11-62,4,ПодпИскА НА ГазЕТУ,2,1173.72,26.28,cOmPleTEd,спасибо за заказ,2024-06-21,6495705903883018
2029946245612,2024-06-27 23:03:04,оЛЬГА КУзнЕЦоВА,+7(9319)11-62,1,коРМ ДЛя СОбАк,4,1838.05,161.95,cOMPlETeD,спасибо за заказ,2024-06-21,6495705903883018
2029946245612,2024-06-27 23:03:04,оЛЬГА КУзнЕЦоВА,+7(9319)11-62,5,моЛокО,5,13708.08,1291.92,CoMplETED,спасибо за заказ,2024-06-21,6495705903883018
2029946244297,2024/06/17 19:37:06,АлекСЕЙ мИхАЙЛОВ,8(9237) 77-78,1,кОрМ дЛЯ СоБак,4,1967.27,32.73,CaNCellEd,"Задержка с доставкой, печалька...",2024/06/25,0404605204417731
2029946243731,2024-06-02 07:39:30,нАтАлЬЯ ваСИлЬЕВа,+7 9703 79 31,3,АмунИция дЛя соБАк,4,4277.47,522.53,coMpLetEd,Проверить наличие,2024-06-15,8151184661318898
2029946243731,2024-06-02 07:39:30,нАтАлЬЯ ваСИлЬЕВа,+7 9703 79 31,1,кОРм ДлЯ СобАК,2,939.12,60.88,COmplEtEd,Проверить наличие,2024-06-15,8151184661318898
2029946242883,05.06.2024 00:14,иВан иваНоВ,8(9822) 45-93,4,подпиСка На гаЗеТУ,2,1087.29,112.71,coMpleTeD,Проверить наличие,2024/06/04,2569483279879803
2029946242883,05.06.2024 00:14,иВан иваНоВ,8(9822) 45-93,4,пОДПИсКа НА ГаЗЕТУ,1,487.93,112.07,compLEtED,Проверить наличие,2024/06/04,2569483279879803
2029946242883,05.06.2024 00:14,иВан иваНоВ,8(9822) 45-93,1,кОрм ДЛя СоБаК,2,835.13,164.87,comPlEtED,Проверить наличие,2024/06/04,2569483279879803
2029946241664,2024/06/24 12:57:04,ОЛьГа кузНецОва,8(9520) 54-53,3,АМУНиЦИЯ дЛя Собак,4,3910.8,889.2,comPleTed,"Задержка с доставкой, печалька...",2024-06-20,3310654433039300
2029946241664,2024/06/24 12:57:04,ОЛьГа кузНецОва,8(9520) 54-53,3,амУНИЦИя для СоБАК,1,1157.59,42.41,coMPLetED,"Задержка с доставкой, печалька...",2024-06-20,3310654433039300
2029946241664,2024/06/24 12:57:04,ОЛьГа кузНецОва,8(9520) 54-53,3,АМУнИцИЯ дЛя СобаК,1,1076.38,123.62,coMplETed,"Задержка с доставкой, печалька...",2024-06-20,3310654433039300
2029946241664,2024/06/24 12:57:04,ОЛьГа кузНецОва,8(9520) 54-53,3,АМунИцИЯ ДЛя СоБак,3,3436.49,163.51,coMPLeted,"Задержка с доставкой, печалька...",2024-06-20,3310654433039300
2029946241664,2024/06/24 12:57:04,ОЛьГа кузНецОва,8(9520) 54-53,4,ПоДПискА на ГаЗЕтУ,5,2491.49,508.51,coMPleTeD,"Задержка с доставкой, печалька...",2024-06-20,3310654433039300
2029946240611,04.06.2024 11:34,мИхАИл ОрлоВ,+7 9697 93 94,3,амУницИя длЯ СобАК,1,989.41,210.59,PrOcEsSInG,спасибо за заказ,11.06.2024,7125906101469470
2029946240611,04.06.2024 11:34,мИхАИл ОрлоВ,+7 9697 93 94,1,Корм дЛя СОБАК,3,1480.77,19.23,proceSsInG,спасибо за заказ,11.06.2024,7125906101469470
2029946495153,2024-06-15 04:56:02,иВаН ИвАНов,+7 9365 79 40,1,корм Для СобАк,5,2087.81,412.19,canCeLLed,"Задержка с доставкой, печалька...",10.06.2024,9539585786863630
2029946495153,2024-06-15 04:56:02,иВаН ИвАНов,+7 9365 79 40,4,ПОдПИска НА ГАЗету,3,1710.35,89.65,CANCElleD,"Задержка с доставкой, печалька...",10.06.2024,9539585786863630
2029946495153,2024-06-15 04:56:02,иВаН ИвАНов,+7 9365 79 40,4,пОдпиСКА на гАЗЕТу,4,2073.99,326.01,CAncElLed,"Задержка с доставкой, печалька...",10.06.2024,9539585786863630
2029946495153,2024-06-15 04:56:02,иВаН ИвАНов,+7 9365 79 40,3,амУнИциЯ дЛЯ СоБАК,2,2086.62,313.38,cAnCelled,"Задержка с доставкой, печалька...",10.06.2024,9539585786863630
2029946495153,2024-06-15 04:56:02,иВаН ИвАНов,+7 9365 79 40,5,МоЛОко,2,5708.02,291.98,caNCELlED,"Задержка с доставкой, печалька...",10.06.2024,9539585786863630
2029946494824,2024-06-21 14:21:08,дМиТриЙ КУзНецОв,+7(9395)27-21,4,пОДписка На гаЗеТУ,1,562.36,37.64,cancELlED,"Задержка с доставкой, печалька...",12.06.2024,0288656927446131
2029946494824,2024-06-21 14:21:08,дМиТриЙ КУзНецОв,+7(9395)27-21,5,МОлоКО,5,14949.26,50.74,cANcelLed,"Задержка с доставкой, печалька...",12.06.2024,0288656927446131
2029946494824,2024-06-21 14:21:08,дМиТриЙ КУзНецОв,+7(9395)27-21,3,амуниция дЛя СОбак,4,4519.4,280.6,CANCElLEd,"Задержка с доставкой, печалька...",12.06.2024,0288656927446131
2029946494824,2024-06-21 14:21:08,дМиТриЙ КУзНецОв,+7(9395)27-21,2,ИгруШКа МЯч,5,1304.13,195.87,cAnCeLLed,"Задержка с доставкой, печалька...",12.06.2024,0288656927446131
2029946494824,2024-06-21 14:21:08,дМиТриЙ КУзНецОв,+7(9395)27-21,5,мОЛоКо,5,13859.25,1140.75,cANCeLLED,"Задержка с доставкой, печалька...",12.06.2024,0288656927446131
2029946493658,13.06.2024 03:34,елЕнА НовиКОва,+7 9695 35 11,4,ПоДписКа На гАзеТУ,4,2220.32,179.68,cANCeLLed,спасибо за заказ,25.06.2024,3060198223692398
2029946493658,13.06.2024 03:34,елЕнА НовиКОва,+7 9695 35 11,5,МоЛОКО,3,8871.89,128.11,CANCELlEd,спасибо за заказ,25.06.2024,3060198223692398
2029946493658,13.06.2024 03:34,елЕнА НовиКОва,+7 9695 35 11,4,ПодПИСКА На ГАзету,5,2931.95,68.05,CAnCELLed,спасибо за заказ,25.06.2024,3060198223692398
2029946493658,13.06.2024 03:34,елЕнА НовиКОва,+7 9695 35 11,2,иГРУшКА МЯЧ,2,534.46,65.54,CaNceLlED,спасибо за заказ,25.06.2024,3060198223692398
2029946492527,22.06.2024 20:40,аЛЕксЕЙ миХайлОВ,+7 9475 89 28,3,АМунИцИЯ ДЛя сОБаК,4,4696.85,103.15,ComplETed,Ждём с нетерпением!,02.06.2024,1064617149041307
2029946492527,22.06.2024 20:40,аЛЕксЕЙ миХайлОВ,+7 9475 89 28,5,мОЛОкО,5,13238.69,1761.31,coMPLEted,Ждём с нетерпением!,02.06.2024,1064617149041307
2029946492527,22.06.2024 20:40,аЛЕксЕЙ миХайлОВ,+7 9475 89 28,2,ИгрушКА мяч,5,1255.42,244.58,CoMpLETEd,Ждём с нетерпением!,02.06.2024,1064617149041307
2029946492527,22.06.2024 20:40,аЛЕксЕЙ миХайлОВ,+7 9475 89 28,3,АМуНИцИя дЛя собАК,4,4755.22,44.78,coMPlEtED,Ждём с нетерпением!,02.06.2024,1064617149041307
2029946491971,2024/06/30 01:35:27,ДМИТрИй куЗнЕЦоВ,+7 9184 66 47,2,ИгРУшка Мяч,1,296.73,3.27,canCELLeD,Ждём с нетерпением!,2024-06-10,2036555105318254
2029946490287,19.06.2024 00:45,НатаЛьЯ ВАСиЛьЕва,8(9493) 26-49,4,пОДписКа на гАЗеТУ,3,1740.3,59.7,cOMPLEteD,Нужно уточнить сроки,2024/06/06,9236819975950621
2029946489373,20.06.2024 11:11,еленА НовИкоВА,+7(9270)41-48,2,иГРушКА мяч,4,1062.34,137.66,CaNCElLeD,спасибо за заказ,2024/06/25,5802114520978439
2029946488657,2024-06-18 18:43:29,мАрИЯ ПЕтРОва,+7 9650 02 17,5,МоЛОкО,1,2722.28,277.72,cOMPLETEd,подарок вовремя,2024/06/02,1975816828733632
2029946487886,2024-06-11 03:59:54,наТаЛЬЯ вАсИльЕвА,+7 9840 90 58,2,ИГРуШка мЯч,4,1052.0,148.0,cOMPlETED,Ждём с нетерпением!,21.06.2024,7754780831943497
2029946486822,2024-06-13 00:32:56,аНна сМИрНоВА,8(9733) 34-83,5,молоКО,3,7382.44,1617.56,CAncellED,подарок вовремя,2024/06/13,1270178980706224
2029946486822,2024-06-13 00:32:56,аНна сМИрНоВА,8(9733) 34-83,2,ИгруШкА мЯЧ,5,1444.54,55.46,CanCellED,подарок вовремя,2024/06/13,1270178980706224
2029946485792,2024-06-17 20:13:33,ЕЛенА НОвикова,+7 9880 16 54,2,ИгРушКа Мяч,1,296.45,3.55,processINg,"Задержка с доставкой, печалька...",2024-06-11,0056504473316440
2029946485792,2024-06-17 20:13:33,ЕЛенА НОвикова,+7 9880 16 54,5,мОЛОКО,1,2917.19,82.81,pRocessINg,"Задержка с доставкой, печалька...",2024-06-11,0056504473316440
2029946485792,2024-06-17 20:13:33,ЕЛенА НОвикова,+7 9880 16 54,4,ПоДПиСкА нА ГазЕТУ,2,965.76,234.24,PrOcEsSing,"Задержка с доставкой, печалька...",2024-06-11,0056504473316440
2029946484215,18.06.2024 10:12,сЕРГеЙ СИдоров,+7(9565)78-52,3,АмунИЦИя Для СоБАК,3,3288.32,311.68,CAnceLLeD,подарок вовремя,26.06.2024,5496132568464288
2029946483793,2024-06-06 12:31:34,алеКсеЙ МихаЙлОв,+7 9879 21 40,4,пОДПИсКА НА ГАзЕту,1,506.94,93.06,CanCElLeD,подарок вовремя,2024-06-02,8540589137735050
2029946482714,08.06.2024 11:45,нАтАЛьЯ вАСИЛЬЕва,+7 9300 33 40,4,поДПИсКА НА гАЗЕТУ,5,2894.29,105.71,cancelLed,спасибо за заказ,2024/06/06,4828179472211087
2029946482714,08.06.2024 11:45,нАтАЛьЯ вАСИЛЬЕва,+7 9300 33 40,3,амУнИцИЯ дЛЯ сОБАК,1,1145.73,54.27,caNcELLed,спасибо за заказ,2024/06/06,4828179472211087
2029946482714,08.06.2024 11:45,нАтАЛьЯ вАСИЛЬЕва,+7 9300 33 40,1,коРм ДЛя сОБак,5,2261.18,238.82,cAnCELled,спасибо за заказ,2024/06/06,4828179472211087
2029946482714,08.06.2024 11:45,нАтАЛьЯ вАСИЛЬЕва,+7 9300 33 40,1,КорМ для собАк,3,1435.92,64.08,CanCELLEd,спасибо за заказ,2024/06/06,4828179472211087
2029946481541,07.06.2024 20:16,нАТалья вАСиЛЬЕва,+7 9580 40 74,2,иГрушка мяч,2,490.59,109.41,comPLeteD,"Задержка с доставкой, печалька...",11.06.2024,6208029389745863
2029946481541,07.06.2024 20:16,нАТалья вАСиЛЬЕва,+7 9580 40 74,3,амУНициЯ ДлЯ СОбак,1,1079.59,120.41,COmplEted,"Задержка с доставкой, печалька...",11.06.2024,6208029389745863
2029946481541,07.06.2024 20:16,нАТалья вАСиЛЬЕва,+7 9580 40 74,2,ИгРУШка мяч,4,966.92,233.08,COMPlEtEd,"Задержка с доставкой, печалька...",11.06.2024,6208029389745863
2029946480356,2024/06/17 09:26:26,иВАН Иванов,+7(9554)63-23,4,ПодпИсКА На гАЗеТу,1,531.67,68.33,ProcESsinG,Всё отлично!,29.06.2024,1429182175251307
2029946480356,2024/06/17 09:26:26,иВАН Иванов,+7(9554)63-23,3,АмунИция дЛя собАк,4,3889.07,910.93,PRocesSiNg,Всё отлично!,29.06.2024,1429182175251307
2029946480356,2024/06/17 09:26:26,иВАН Иванов,+7(9554)63-23,4,ПоДпиСка нА ГаЗЕтУ,4,2003.18,396.82,pROceSsing,Всё отлично!,29.06.2024,1429182175251307
2029946479456,26.06.2024 20:47,михАил орлов,8(9933) 21-36,2,ИгруШка МЯЧ,5,1332.42,167.58,canCELLed,Нужно уточнить сроки,2024/06/24,0902574826586599
2029946479456,26.06.2024 20:47,михАил орлов,8(9933) 21-36,3,амуНиЦия длЯ СОБак,2,2133.09,266.91,CANCeLLEd,Нужно уточнить сроки,2024/06/24,0902574826586599
2029946479456,26.06.2024 20:47,михАил орлов,8(9933) 21-36,3,амуНИция длЯ собАК,1,1056.0,144.0,CAnCELLED,Нужно уточнить сроки,2024/06/24,0902574826586599
2029946478321,22.06.2024 20:23,МихАил ОРЛОВ,8(9879) 58-18,2,иГрУшКА мяч,2,561.88,38.12,CoMpletEd,Ждём с нетерпением!,2024/06/08,5770921658504591
2029946478321,22.06.2024 20:23,МихАил ОРЛОВ,8(9879) 58-18,1,кОрм ДЛЯ сОбАК,1,423.07,76.93,coMpLeTEd,Ждём с нетерпением!,2024/06/08,5770921658504591
2029946478321,22.06.2024 20:23,МихАил ОРЛОВ,8(9879) 58-18,3,АМуницИЯ ДлЯ соБАк,3,3545.16,54.84,coMpLeTeD,Ждём с нетерпением!,2024/06/08,5770921658504591
2029946478321,22.06.2024 20:23,МихАил ОРЛОВ,8(9879) 58-18,2,игрУшКа МЯч,4,1012.07,187.93,COMPlEtEd,Ждём с нетерпением!,2024/06/08,5770921658504591
2029946477640,2024-06-11 13:45:42,НаТАлЬя ВАсилЬева,8(9620) 48-07,2,иГрУШка мЯч,1,248.87,51.13,proCESsiNG,подарок вовремя,12.06.2024,7055633405721106
2029946477640,2024-06-11 13:45:42,НаТАлЬя ВАсилЬева,8(9620) 48-07,2,игРушка мяЧ,2,597.28,2.72,PRoCESSING,подарок вовремя,12.06.2024,7055633405721106
2029946477640,2024-06-11 13:45:42,НаТАлЬя ВАсилЬева,8(9620) 48-07,2,иГрушка МяЧ,5,1218.17,281.83,PrOCESsiNg,подарок вовремя,12.06.2024,7055633405721106
2029946477640,2024-06-11 13:45:42,НаТАлЬя ВАсилЬева,8(9620) 48-07,5,мОлоко,1,2665.62,334.38,ProCEsSInG,подарок вовремя,12.06.2024,7055633405721106
2029946477640,2024-06-11 13:45:42,НаТАлЬя ВАсилЬева,8(9620) 48-07,2,игрУШКА МЯЧ,2,482.02,117.98,proCESsINg,подарок вовремя,12.06.2024,7055633405721106
2029946476896,2024-06-15 00:25:26,миХАиЛ оРЛоВ,+7 9936 04 12,1,КОРМ дЛя СОБАк,3,1200.91,299.09,compLETED,спасибо за заказ,2024-06-27,4613412397413967
2029946476896,2024-06-15 00:25:26,миХАиЛ оРЛоВ,+7 9936 04 12,3,аМУНиЦиЯ ДлЯ сОБаК,2,2163.22,236.78,CoMPleTed,спасибо за заказ,2024-06-27,4613412397413967
2029946476896,2024-06-15 00:25:26,миХАиЛ оРЛоВ,+7 9936 04 12,5,мОлоко,4,9996.37,2003.63,cOMpleteD,спасибо за заказ,2024-06-27,4613412397413967
2029946476896,2024-06-15 00:25:26,миХАиЛ оРЛоВ,+7 9936 04 12,1,корм для сОБАК,4,1994.33,5.67,complEted,спасибо за заказ,2024-06-27,4613412397413967
2029946475951,2024-06-27 02:29:42,АлеКсЕй мИхАйлоВ,+7(9172)58-40,4,ПОДПИскА нА Газету,2,1100.7,99.3,prOceSSiNG,спасибо за заказ,22.06.2024,2997331487467136
2029946474360,2024/06/29 08:49:07,мария ПетРОВА,+7(9620)32-32,1,кОРм ДлЯ сОБАк,1,443.77,56.23,COmPlETEd,"Задержка с доставкой, печалька...",29.06.2024,1502209089789154
2029946473446,21.06.2024 23:49,михаил оРлОВ,+7 9344 10 30,5,МОЛоКО,1,2567.86,432.14,CANCelled,подарок вовремя,2024-06-25,7665794609236461
2029946473446,21.06.2024 23:49,михаил оРлОВ,+7 9344 10 30,2,игРуШКА Мяч,2,550.18,49.82,CancelLed,подарок вовремя,2024-06-25,7665794609236461
2029946473446,21.06.2024 23:49,михаил оРлОВ,+7 9344 10 30,3,АМуниция длЯ сОбАк,4,4645.96,154.04,CanCelLED,подарок вовремя,2024-06-25,7665794609236461
2029946473446,21.06.2024 23:49,михаил оРлОВ,+7 9344 10 30,1,КОрМ Для СОбак,3,1281.32,218.68,CanceLLEd,подарок вовремя,2024-06-25,7665794609236461
2029946472747,2024-06-29 16:52:27,дМИТриЙ КУЗНеЦОв,8(9386) 88-32,3,АмуницИЯ ДЛя СОбаК,4,4335.29,464.71,CAncElleD,Нужно уточнить сроки,2024-06-19,5486913656593692
2029946471920,10.06.2024 02:46,иВАн иВанОВ,8(9037) 66-33,5,МОлОКо,3,7232.95,1767.05,ComPLETed,Нужно уточнить сроки,2024-06-22,8062105386948490
2029946471920,10.06.2024 02:46,иВАн иВанОВ,8(9037) 66-33,3,АмУнИЦИЯ ДЛЯ собаК,1,1142.56,57.44,coMpLEteD,Нужно уточнить сроки,2024-06-22,8062105386948490
2029946471920,10.06.2024 02:46,иВАн иВанОВ,8(9037) 66-33,3,амунИЦия ДЛя соБаК,2,2098.99,301.01,comPleTeD,Нужно уточнить сроки,2024-06-22,8062105386948490
2029946471920,10.06.2024 02:46,иВАн иВанОВ,8(9037) 66-33,3,аМунИЦиЯ ДЛЯ сОбаК,3,3367.5,232.5,COMpLEtED,Нужно уточнить сроки,2024-06-22,8062105386948490
2029946470149,2024-06-23 05:01:43,ИВАн ИВАНов,+7 9348 99 87,1,кОрМ ДлЯ СОбАК,3,1411.84,88.16,cancELleD,Нужно уточнить сроки,2024/06/23,9834738193477174
2029946470149,2024-06-23 05:01:43,ИВАн ИВАНов,+7 9348 99 87,3,АМунИЦИЯ для соБак,1,1148.93,51.07,cAncEllEd,Нужно уточнить сроки,2024/06/23,9834738193477174
2029946469533,2024-06-12 16:58:37,НАТаЛья ВаСИльЕВА,+7 9506 05 71,5,мОлоко,2,5034.74,965.26,prOCESsINg,Проверить наличие,2024/06/13,9271232191010087
2029946468733,2024/06/20 20:25:01,ОлЬГА куЗНеЦОВА,8(9630) 68-87,3,АМуНиция длЯ СОбАк,2,2145.06,254.94,PROCEssing,Нужно уточнить сроки,2024-06-28,4569081850963762
2029946468733,2024/06/20 20:25:01,ОлЬГА куЗНеЦОВА,8(9630) 68-87,2,ИгРУшкА мЯЧ,2,543.05,56.95,ProCesSinG,Нужно уточнить сроки,2024-06-28,4569081850963762
2029946467308,2024/06/19 05:02:29,АНнА СмИРнОВА,8(9505) 57-32,1,Корм ДЛя сОБАк,5,2063.53,436.47,cOMPLEteD,Всё отлично!,08.06.2024,2132832431840056
2029946466348,26.06.2024 06:01,НАтАльЯ вАсИлЬева,+7 9772 06 86,2,ИгрУШКа мЯч,2,508.68,91.32,comPLetEd,спасибо за заказ,09.06.2024,5834291689258396
2029946466348,26.06.2024 06:01,НАтАльЯ вАсИлЬева,+7 9772 06 86,4,пОДПИСкА НА ГаЗЕТУ,2,1071.31,128.69,COmpleTED,спасибо за заказ,09.06.2024,5834291689258396
2029946465214,2024-06-06 13:32:02,оЛЬГа кузНЕцОВа,+7 9877 51 48,4,поДПИсКА На гаЗетУ,2,1143.86,56.14,cOMPlETED,Проверить наличие,2024/06/12,1167022348796267
2029946464216,04.06.2024 10:28,ДмИтРий КУзнеЦОВ,+7(9621)38-83,3,АмуниЦия дЛя СОБак,5,4864.93,1135.07,ComPLEtED,Проверить наличие,25.06.2024,9977335068534695
2029946464216,04.06.2024 10:28,ДмИтРий КУзнеЦОВ,+7(9621)38-83,4,поДписКА На ГАЗеТУ,2,1111.65,88.35,cOMPLeTED,Проверить наличие,25.06.2024,9977335068534695
2029946463602,01.06.2024 01:45,ЕЛЕНа НовИковА,+7(9232)29-36,3,амунИЦия ДлЯ сОБак,5,5130.03,869.97,PrOCesSiNg,Всё отлично!,17.06.2024,7727166324821158
2029946462978,2024-06-15 19:35:53,сЕРгеЙ СиДОРов,+7 9537 03 71,2,игрушКА мЯЧ,1,241.27,58.73,cOMpleted,спасибо за заказ,2024/06/21,1847721510080636
2029946462978,2024-06-15 19:35:53,сЕРгеЙ СиДОРов,+7 9537 03 71,5,МОлОкО,2,5447.48,552.52,COmPleTeD,спасибо за заказ,2024/06/21,1847721510080636
2029946462978,2024-06-15 19:35:53,сЕРгеЙ СиДОРов,+7 9537 03 71,4,поДПИсКа На ГАЗЕТУ,2,980.2,219.8,COMPLEted,спасибо за заказ,2024/06/21,1847721510080636
2029946462978,2024-06-15 19:35:53,сЕРгеЙ СиДОРов,+7 9537 03 71,1,коРМ ДЛя СобаК,3,1261.74,238.26,CoMplEted,спасибо за заказ,2024/06/21,1847721510080636
2029946461519,02.06.2024 08:10,ОльгА КузНеЦоВА,+7(9077)63-70,4,ПоДпиСКа НА газеТу,5,2937.79,62.21,PrOCesSing,Нужно уточнить сроки,15.06.2024,2551171342384532
2029946461519,02.06.2024 08:10,ОльгА КузНеЦоВА,+7(9077)63-70,3,АМуНИцИЯ дЛя СОбАК,1,1122.57,77.43,prOcESSiNg,Нужно уточнить сроки,15.06.2024,2551171342384532
2029946461519,02.06.2024 08:10,ОльгА КузНеЦоВА,+7(9077)63-70,3,АМунИция ДлЯ соБАк,5,4862.06,1137.94,pROCessiNG,Нужно уточнить сроки,15.06.2024,2551171342384532
2029946460158,12.06.2024 07:57,нАтаЛЬя вАсИЛЬеВа,+7(9374)73-03,1,КОрМ дЛя СоБаК,2,910.88,89.12,prOCeSsing,Проверить наличие,2024-06-02,6409136007799235
2029946459676,2024/06/13 18:02:34,мАрИя пЕТРовА,8(9491) 78-98,4,пОдПИскА НА ГАзеТУ,2,1049.56,150.44,CAnceLlED,Проверить наличие,13.06.2024,5206997086015071
2029946459676,2024/06/13 18:02:34,мАрИя пЕТРовА,8(9491) 78-98,5,МОЛокО,5,13618.54,1381.46,CANCElled,Проверить наличие,13.06.2024,5206997086015071
2029946459676,2024/06/13 18:02:34,мАрИя пЕТРовА,8(9491) 78-98,4,подПИСка На гаЗеТУ,5,2703.66,296.34,CaNCEllEd,Проверить наличие,13.06.2024,5206997086015071
2029946458591,2024/06/04 01:31:38,дМитРИй куЗнецОв,+7 9573 22 68,5,мОЛоКО,1,2795.88,204.12,pRoCeSsinG,подарок вовремя,03.06.2024,0229786941830131
2029946457314,2024-06-21 05:02:20,мария ПЕтРова,+7(9039)85-85,4,подПиСка нА газЕТУ,3,1639.35,160.65,proCESSIng,Ждём с нетерпением!,20.06.2024,5572778604568270
2029946457314,2024-06-21 05:02:20,мария ПЕтРова,+7(9039)85-85,2,игРушКа мЯЧ,2,539.85,60.15,pROCEsSIng,Ждём с нетерпением!,20.06.2024,5572778604568270
2029946457314,2024-06-21 05:02:20,мария ПЕтРова,+7(9039)85-85,4,ПодпИсКа на ГАЗЕтУ,3,1563.74,236.26,pROCESSINg,Ждём с нетерпением!,20.06.2024,5572778604568270
2029946456249,2024-06-16 16:52:53,ЕЛенА новиКоВа,8(9432) 37-57,1,Корм длЯ соБАк,5,2125.72,374.28,ProcESsiNG,Всё отлично!,12.06.2024,8099792584770396
2029946456249,2024-06-16 16:52:53,ЕЛенА новиКоВа,8(9432) 37-57,1,корм дЛя собАк,1,438.82,61.18,proCESSiNG,Всё отлично!,12.06.2024,8099792584770396
2029946456249,2024-06-16 16:52:53,ЕЛенА новиКоВа,8(9432) 37-57,2,ИГРУшка МяЧ,5,1242.59,257.41,pROCeSsiNG,Всё отлично!,12.06.2024,8099792584770396
2029946456249,2024-06-16 16:52:53,ЕЛенА новиКоВа,8(9432) 37-57,2,игРУшКА мЯч,5,1358.99,141.01,pRoceSSiNG,Всё отлично!,12.06.2024,8099792584770396
2029946456249,2024-06-16 16:52:53,ЕЛенА новиКоВа,8(9432) 37-57,2,ИгрУШка МЯч,2,541.23,58.77,PRocESSIng,Всё отлично!,12.06.2024,8099792584770396
2029946455848,16.06.2024 23:00,нАТАльЯ вАсиЛьевА,+7 9848 10 06,2,ИГрУШКа МЯч,4,1021.77,178.23,CanCELLed,Ждём с нетерпением!,2024-06-12,6216784746906892
2029946454650,22.06.2024 04:05,АлЕксеЙ МиХаЙлов,+7 9291 24 47,5,моЛоко,2,5199.85,800.15,COMPLEteD,Проверить наличие,2024/06/27,3203551736518191
2029946454650,22.06.2024 04:05,АлЕксеЙ МиХаЙлов,+7 9291 24 47,3,амуниЦИЯ дЛя сОбаК,1,1092.93,107.07,COMPLEtED,Проверить наличие,2024/06/27,3203551736518191
2029946454650,22.06.2024 04:05,АлЕксеЙ МиХаЙлов,+7 9291 24 47,1,КОРМ дЛЯ СобАк,5,2247.73,252.27,cOmplEtEd,Проверить наличие,2024/06/27,3203551736518191
2029946454650,22.06.2024 04:05,АлЕксеЙ МиХаЙлов,+7 9291 24 47,3,АмуниЦия дЛЯ соБАК,3,3016.92,583.08,COMpLeTed,Проверить наличие,2024/06/27,3203551736518191
2029946454650,22.06.2024 04:05,АлЕксеЙ МиХаЙлов,+7 9291 24 47,5,МОЛоКО,1,2743.78,256.22,cOmPLeTed,Проверить наличие,2024/06/27,3203551736518191
2029946453148,14.06.2024 13:36,маРия ПеТРовА,8(9453) 64-65,1,кОРм ДЛЯ сОБАК,2,827.85,172.15,cOMpLeTED,спасибо за заказ,21.06.2024,0731365998793486
2029946453148,14.06.2024 13:36,маРия ПеТРовА,8(9453) 64-65,3,АмунИцИЯ длЯ СОбАк,3,3234.08,365.92,ComPLEteD,спасибо за заказ,21.06.2024,0731365998793486
2029946452678,14.06.2024 18:16,НатаЛЬЯ вАСиЛьЕВа,+7 9942 96 11,4,ПОДпиСКа на ГАЗеТУ,2,1052.19,147.81,COMpleteD,Проверить наличие,2024-06-23,8999941172379154
2029946452678,14.06.2024 18:16,НатаЛЬЯ вАСиЛьЕВа,+7 9942 96 11,2,иГРуШКА МЯч,2,492.35,107.65,cOmpletEd,Проверить наличие,2024-06-23,8999941172379154
2029946452678,14.06.2024 18:16,НатаЛЬЯ вАСиЛьЕВа,+7 9942 96 11,2,ИгрУШКа МЯч,3,762.99,137.01,coMpletED,Проверить наличие,2024-06-23,8999941172379154
2029946452678,14.06.2024 18:16,НатаЛЬЯ вАСиЛьЕВа,+7 9942 96 11,2,игрУшкА МяЧ,5,1267.7,232.3,cOMPLETED,Проверить наличие,2024-06-23,8999941172379154
2029946451504,14.06.2024 07:26,АлекСей мИХайлов,+7(9906)14-98,3,амуниция ДЛЯ СОбАк,1,982.67,217.33,PrOceSsiNG,Проверить наличие,2024/06/25,8337270993345027
2029946451504,14.06.2024 07:26,АлекСей мИХайлов,+7(9906)14-98,5,МолОКо,2,5311.45,688.55,PROCEssinG,Проверить наличие,2024/06/25,8337270993345027
2029946450632,2024-06-24 20:14:37,ОЛьГА кузНЕцова,+7(9165)99-53,4,пОДПискА на ГазеТу,4,2326.04,73.96,CompLEted,Проверить наличие,2024-06-10,5075191200508555
2029946450632,2024-06-24 20:14:37,ОЛьГА кузНЕцова,+7(9165)99-53,2,ИГрушка мЯч,2,498.64,101.36,CompLEted,Проверить наличие,2024-06-10,5075191200508555
2029946450632,2024-06-24 20:14:37,ОЛьГА кузНЕцова,+7(9165)99-53,5,МолОКо,4,10531.35,1468.65,coMpleTed,Проверить наличие,2024-06-10,5075191200508555
2029946449588,2024-06-11 22:01:32,АНна сМирнОВа,+7(9438)52-51,4,подпИска НА гАзету,3,1516.14,283.86,CompleTED,подарок вовремя,2024/06/19,5832909249685792
2029946449588,2024-06-11 22:01:32,АНна сМирнОВа,+7(9438)52-51,4,ПОдПиСКа НА ГАЗЕТу,5,2784.28,215.72,cOMPLeTEd,подарок вовремя,2024/06/19,5832909249685792
2029946448309,27.06.2024 05:28,наТАлЬя ВасиЛЬевА,+7 9234 18 51,1,КОрМ ДЛЯ СОБаК,3,1462.11,37.89,caNcElLed,спасибо за заказ,2024/06/17,5649317044003281
2029946448309,27.06.2024 05:28,наТАлЬя ВасиЛЬевА,+7 9234 18 51,2,иГрУШкА мяч,3,721.03,178.97,CanCELled,спасибо за заказ,2024/06/17,5649317044003281
2029946447674,2024-06-08 07:33:47,АЛеКСей мИхАЙЛОВ,+7(9011)28-32,4,ПодпИсКА НА ГАзЕТу,1,547.44,52.56,cOmpLEted,"Задержка с доставкой, печалька...",2024-06-27,4022898617543164
2029946447674,2024-06-08 07:33:47,АЛеКСей мИхАЙЛОВ,+7(9011)28-32,5,МОлоКо,2,5574.52,425.48,CompleTed,"Задержка с доставкой, печалька...",2024-06-27,4022898617543164
2029946447674,2024-06-08 07:33:47,АЛеКСей мИхАЙЛОВ,+7(9011)28-32,3,аМУнИциЯ для сОбАК,4,3884.02,915.98,coMPLetEd,"Задержка с доставкой, печалька...",2024-06-27,4022898617543164
2029946447674,2024-06-08 07:33:47,АЛеКСей мИхАЙЛОВ,+7(9011)28-32,5,МОЛокО,2,5319.15,680.85,CoMPLEted,"Задержка с доставкой, печалька...",2024-06-27,4022898617543164
2029946447674,2024-06-08 07:33:47,АЛеКСей мИхАЙЛОВ,+7(9011)28-32,5,мОлОко,2,5914.33,85.67,coMPlETED,"Задержка с доставкой, печалька...",2024-06-27,4022898617543164
2029946446352,2024-06-09 21:29:40,дМиТрИЙ КУЗнЕЦОв,+7 9672 74 72,1,КорМ ДлЯ соБак,1,431.67,68.33,ProCEsSING,"Задержка с доставкой, печалька...",2024/06/20,3847732158189413
2029946446352,2024-06-09 21:29:40,дМиТрИЙ КУЗнЕЦОв,+7 9672 74 72,5,молоКО,3,8925.05,74.95,PROceSsInG,"Задержка с доставкой, печалька...",2024/06/20,3847732158189413
2029946446352,2024-06-09 21:29:40,дМиТрИЙ КУЗнЕЦОв,+7 9672 74 72,4,подПиСка На гаЗЕтУ,5,2752.52,247.48,ProceSsING,"Задержка с доставкой, печалька...",2024/06/20,3847732158189413
2029946446352,2024-06-09 21:29:40,дМиТрИЙ КУЗнЕЦОв,+7 9672 74 72,4,ПОдпИсКА НА ГАзетУ,1,525.81,74.19,PRoCESsING,"Задержка с доставкой, печалька...",2024/06/20,3847732158189413
2029946445186,2024-06-11 03:32:34,еЛЕнА новиКова,+7(9972)82-56,1,коРм ДлЯ СОбак,5,2279.79,220.21,ProcesSinG,Всё отлично!,2024-06-19,5078200842050345
2029946445186,2024-06-11 03:32:34,еЛЕнА новиКова,+7(9972)82-56,2,иГРУШКА МЯч,3,770.6,129.4,PrOcessINg,Всё отлично!,2024-06-19,5078200842050345
2029946445186,2024-06-11 03:32:34,еЛЕнА новиКова,+7(9972)82-56,4,пОдПИска нА гАЗеТу,2,1124.88,75.12,PrOCessiNg,Всё отлично!,2024-06-19,5078200842050345
2029946445186,2024-06-11 03:32:34,еЛЕнА новиКова,+7(9972)82-56,4,поДпИСка нА ГАЗеТУ,5,2560.43,439.57,PrOCESsing,Всё отлично!,2024-06-19,5078200842050345
2029946445186,2024-06-11 03:32:34,еЛЕнА новиКова,+7(9972)82-56,2,иГрУшка МЯч,5,1305.43,194.57,ProcesSIng,Всё отлично!,2024-06-19,5078200842050345
2029946444287,06.06.2024 13:00,аНнА СмИРнова,+7 9696 83 58,4,ПоДпИсКА На ГАЗЕтУ,2,1106.62,93.38,canCElLed,"Задержка с доставкой, печалька...",2024-06-13,4182123884779966
2029946444287,06.06.2024 13:00,аНнА СмИРнова,+7 9696 83 58,5,МОлОко,5,13934.94,1065.06,CANcELlED,"Задержка с доставкой, печалька...",2024-06-13,4182123884779966
2029946444287,06.06.2024 13:00,аНнА СмИРнова,+7 9696 83 58,3,амуНиция для СобАК,2,2051.62,348.38,CaNCELlEd,"Задержка с доставкой, печалька...",2024-06-13,4182123884779966
2029946444287,06.06.2024 13:00,аНнА СмИРнова,+7 9696 83 58,3,амуНИЦия ДЛя сОбаК,1,1119.56,80.44,cANCEllED,"Задержка с доставкой, печалька...",2024-06-13,4182123884779966
2029946443272,2024-06-05 18:14:55,ИВан иВаНОВ,+7 9466 04 94,4,пОДпИсКа на гАЗеТУ,2,1176.26,23.74,CAnCelLED,Ждём с нетерпением!,22.06.2024,3872873542541989
2029946442800,12.06.2024 13:23,МАРИя пЕТрОВА,8(9493) 00-54,3,АмуНИЦия ДЛя СобАК,5,4857.47,1142.53,prOcessING,Проверить наличие,2024-06-09,9793599386924108
2029946442800,12.06.2024 13:23,МАРИя пЕТрОВА,8(9493) 00-54,4,подПисКА На гАзеТУ,3,1653.1,146.9,prOCESSiNG,Проверить наличие,2024-06-09,9793599386924108
2029946442800,12.06.2024 13:23,МАРИя пЕТрОВА,8(9493) 00-54,5,моЛОКо,4,10379.31,1620.69,prOcESSINg,Проверить наличие,2024-06-09,9793599386924108
2029946442800,12.06.2024 13:23,МАРИя пЕТрОВА,8(9493) 00-54,2,иГРушкА мяЧ,1,298.3,1.7,prOCesSING,Проверить наличие,2024-06-09,9793599386924108
2029946442800,12.06.2024 13:23,МАРИя пЕТрОВА,8(9493) 00-54,1,КОрМ длЯ собаК,3,1376.65,123.35,pROCeSsing,Проверить наличие,2024-06-09,9793599386924108
2029946441772,2024-06-11 22:06:52,АлексЕЙ МиХаЙлОв,+7(9267)48-89,3,аМуНиЦИЯ длЯ СОбак,4,3912.34,887.66,cANCeLlEd,Всё отлично!,2024/06/12,9016554071327566
2029946441772,2024-06-11 22:06:52,АлексЕЙ МиХаЙлОв,+7(9267)48-89,4,пОДПиСКА НА гаЗету,1,495.4,104.6,CAnceLLEd,Всё отлично!,2024/06/12,9016554071327566
2029946441772,2024-06-11 22:06:52,АлексЕЙ МиХаЙлОв,+7(9267)48-89,3,АмУнИЦиЯ дЛЯ собаК,4,4634.16,165.84,CANCelLEd,Всё отлично!,2024/06/12,9016554071327566
2029946441772,2024-06-11 22:06:52,АлексЕЙ МиХаЙлОв,+7(9267)48-89,4,пОдПиска нА гАЗетУ,5,2518.83,481.17,cANcEllED,Всё отлично!,2024/06/12,9016554071327566
2029946441772,2024-06-11 22:06:52,АлексЕЙ МиХаЙлОв,+7(9267)48-89,1,КОрМ дЛЯ СОбаК,3,1479.03,20.97,cANCelLED,Всё отлично!,2024/06/12,9016554071327566
2029946440877,2024-06-05 10:09:28,МАРия ПетРОВа,+7 9404 56 58,4,ПОдпиСКа нА ГаЗЕТУ,1,535.97,64.03,ComPLeTEd,"Задержка с доставкой, печалька...",05.06.2024,3243766539509836
2029946440877,2024-06-05 10:09:28,МАРия ПетРОВа,+7 9404 56 58,2,иГРуШКа Мяч,2,532.13,67.87,cOMplEtED,"Задержка с доставкой, печалька...",05.06.2024,3243766539509836
2029946440877,2024-06-05 10:09:28,МАРия ПетРОВа,+7 9404 56 58,4,подПИСка На гАЗетУ,2,999.34,200.66,ComplETeD,"Задержка с доставкой, печалька...",05.06.2024,3243766539509836
2029946440877,2024-06-05 10:09:28,МАРия ПетРОВа,+7 9404 56 58,2,ИгРУшка МЯЧ,1,259.46,40.54,CoMplEteD,"Задержка с доставкой, печалька...",05.06.2024,3243766539509836
2029946440877,2024-06-05 10:09:28,МАРия ПетРОВа,+7 9404 56 58,1,коРм ДЛЯ сОбак,4,1980.9,19.1,CoMPleTeD,"Задержка с доставкой, печалька...",05.06.2024,3243766539509836
2029946439781,2024-06-12 04:10:47,ЕЛеНА ноВиКОвА,+7(9466)14-48,5,МОЛокО,1,2490.43,509.57,pRoCEssing,Всё отлично!,01.06.2024,5175833802254665
2029946439781,2024-06-12 04:10:47,ЕЛеНА ноВиКОвА,+7(9466)14-48,3,амУНиЦИя ДЛЯ сОбАК,5,5308.05,691.95,ProcesSiNG,Всё отлично!,01.06.2024,5175833802254665
2029946438629,2024/06/22 05:56:39,НаТАльЯ ВасИЛьЕВА,+7 9692 67 61,3,АмуниЦия Для соБАК,4,4596.98,203.02,cOmPLEtEd,Нужно уточнить сроки,2024/06/20,7031384723014967
2029946438629,2024/06/22 05:56:39,НаТАльЯ ВасИЛьЕВА,+7 9692 67 61,3,амУНИЦия дЛя СОБак,2,2315.51,84.49,CoMPleTED,Нужно уточнить сроки,2024/06/20,7031384723014967
2029946438629,2024/06/22 05:56:39,НаТАльЯ ВасИЛьЕВА,+7 9692 67 61,4,ПоДпиСКА На гАзЕТу,4,2298.34,101.66,COMPletEd,Нужно уточнить сроки,2024/06/20,7031384723014967
2029946438629,2024/06/22 05:56:39,НаТАльЯ ВасИЛьЕВА,+7 9692 67 61,1,КОРМ ДлЯ соБАк,4,1873.31,126.69,cOmPlEteD,Нужно уточнить сроки,2024/06/20,7031384723014967
2029946437813,09.06.2024 13:54,АнНа смИРНова,+7 9904 38 42,4,подпискА На гАзЕТу,3,1543.63,256.37,canceLLed,Нужно уточнить сроки,11.06.2024,8224085058364486
2029946437813,09.06.2024 13:54,АнНа смИРНова,+7 9904 38 42,4,пОДПискА нА ГаЗеТУ,4,2049.56,350.44,cAncElled,Нужно уточнить сроки,11.06.2024,8224085058364486
2029946437813,09.06.2024 13:54,АнНа смИРНова,+7 9904 38 42,2,игрУШКА МЯЧ,3,720.62,179.38,canCelLED,Нужно уточнить сроки,11.06.2024,8224085058364486
2029946437813,09.06.2024 13:54,АнНа смИРНова,+7 9904 38 42,4,пОдПИсКа на газету,3,1598.18,201.82,CANCellED,Нужно уточнить сроки,11.06.2024,8224085058364486
2029946437813,09.06.2024 13:54,АнНа смИРНова,+7 9904 38 42,5,МОЛоКо,5,13754.2,1245.8,cAnCEllEd,Нужно уточнить сроки,11.06.2024,8224085058364486
2029946436555,2024/06/05 23:15:00,ольгА кУзНеЦОвА,+7(9250)48-89,4,поДПиСка на ГАзеТу,3,1468.31,331.69,CaNCelLED,спасибо за заказ,2024-06-24,4424266054665520
2029946436555,2024/06/05 23:15:00,ольгА кУзНеЦОвА,+7(9250)48-89,2,ИгРушКа МяЧ,1,297.63,2.37,CANCelleD,спасибо за заказ,2024-06-24,4424266054665520
2029946436555,2024/06/05 23:15:00,ольгА кУзНеЦОвА,+7(9250)48-89,2,иГрушка мЯч,4,1124.49,75.51,canceLlEd,спасибо за заказ,2024-06-24,4424266054665520
2029946435516,09.06.2024 19:51,ОЛьга куЗНеЦоВа,8(9168) 27-22,4,подПисКа НА ГАЗЕТу,3,1628.32,171.68,pROcEsSinG,подарок вовремя,2024/06/11,3812055647400400
2029946435516,09.06.2024 19:51,ОЛьга куЗНеЦоВа,8(9168) 27-22,2,игруШКА мяЧ,2,595.91,4.09,ProCEssing,подарок вовремя,2024/06/11,3812055647400400
2029946435516,09.06.2024 19:51,ОЛьга куЗНеЦоВа,8(9168) 27-22,2,игРушКА мяЧ,1,251.52,48.48,proCESSInG,подарок вовремя,2024/06/11,3812055647400400
2029946435516,09.06.2024 19:51,ОЛьга куЗНеЦоВа,8(9168) 27-22,4,подПиСКА На ГаЗетУ,3,1744.09,55.91,prOCESSiNg,подарок вовремя,2024/06/11,3812055647400400
2029946435516,09.06.2024 19:51,ОЛьга куЗНеЦоВа,8(9168) 27-22,2,ИгрУшка Мяч,1,260.01,39.99,procESsING,подарок вовремя,2024/06/11,3812055647400400
2029946434439,05.06.2024 09:00,АЛЕКСей мИХАЙЛоВ,+7(9406)39-98,3,АмУНИцИЯ длЯ СобаК,5,5404.18,595.82,CanCelLed,подарок вовремя,13.06.2024,9251144494520174
2029946434439,05.06.2024 09:00,АЛЕКСей мИХАЙЛоВ,+7(9406)39-98,4,ПодПИскА нА ГАЗЕТУ,1,546.4,53.6,cANCellED,подарок вовремя,13.06.2024,9251144494520174
2029946434439,05.06.2024 09:00,АЛЕКСей мИХАЙЛоВ,+7(9406)39-98,2,ИГруШКа Мяч,1,297.27,2.73,CANCElLED,подарок вовремя,13.06.2024,9251144494520174
2029946433886,2024/06/16 09:35:44,елеНА нОВИкова,+7(9853)39-17,3,аМУниЦия ДлЯ сОБАК,2,2275.85,124.15,cOmpleTeD,Проверить наличие,2024-06-21,5463543862219497
2029946433886,2024/06/16 09:35:44,елеНА нОВИкова,+7(9853)39-17,1,КОРм ДлЯ соБаК,3,1298.93,201.07,CoMPLetEd,Проверить наличие,2024-06-21,5463543862219497
2029946432218,26.06.2024 13:07,ДмиТРий КузнЕцОв,8(9643) 72-05,1,КорМ для собак,1,462.45,37.55,CompLeTed,спасибо за заказ,2024/06/28,9859228357638720
2029946432218,26.06.2024 13:07,ДмиТРий КузнЕцОв,8(9643) 72-05,2,ИГРуШкА мЯЧ,4,1160.53,39.47,CompLEtEd,спасибо за заказ,2024/06/28,9859228357638720
2029946432218,26.06.2024 13:07,ДмиТРий КузнЕцОв,8(9643) 72-05,4,ПОдписка на гаЗЕту,4,2220.48,179.52,cOMPlETed,спасибо за заказ,2024/06/28,9859228357638720
2029946431823,26.06.2024 19:57,мИХАил оРлОВ,+7(9403)28-38,3,аМУнИЦиЯ ДлЯ СОбАк,2,2383.77,16.23,CoMpleted,спасибо за заказ,30.06.2024,1251620850313086
2029946431823,26.06.2024 19:57,мИХАил оРлОВ,+7(9403)28-38,1,коРм ДлЯ СОбАК,5,2482.36,17.64,CompLeTEd,спасибо за заказ,30.06.2024,1251620850313086
2029946431823,26.06.2024 19:57,мИХАил оРлОВ,+7(9403)28-38,2,иГРуШкА МяЧ,5,1478.5,21.5,CoMplEtED,спасибо за заказ,30.06.2024,1251620850313086
2029946431823,26.06.2024 19:57,мИХАил оРлОВ,+7(9403)28-38,2,ИГРушкА МяЧ,5,1270.23,229.77,COmPLEtEd,спасибо за заказ,30.06.2024,1251620850313086
2029946431823,26.06.2024 19:57,мИХАил оРлОВ,+7(9403)28-38,1,коРМ для СоБАк,1,492.07,7.93,CoMpLeteD,спасибо за заказ,30.06.2024,1251620850313086
2029946430101,2024/06/03 12:13:30,ОЛЬга КУзнЕЦоВА,+7(9905)77-59,2,ИГРушкА МЯЧ,2,593.81,6.19,COMplETeD,подарок вовремя,25.06.2024,6651558986542955
2029946429666,2024/06/28 09:46:38,серГей СИДорОВ,+7 9758 57 63,1,кОРм ДЛя СОБак,3,1280.89,219.11,cOMpLETEd,спасибо за заказ,2024-06-19,4209190796838882
2029946429666,2024/06/28 09:46:38,серГей СИДорОВ,+7 9758 57 63,1,кОрМ ДЛя СобаК,5,2013.9,486.1,ComPlETEd,спасибо за заказ,2024-06-19,4209190796838882
2029946428408,23.06.2024 20:04,ОЛЬГа кузнЕцоВа,+7 9912 81 25,1,коРм для СобаК,3,1284.52,215.48,prOceSSiNg,подарок вовремя,2024/06/14,5921911688541718
2029946428408,23.06.2024 20:04,ОЛЬГа кузнЕцоВа,+7 9912 81 25,2,иГрушка мЯЧ,3,815.45,84.55,PROcEsSIng,подарок вовремя,2024/06/14,5921911688541718
2029946428408,23.06.2024 20:04,ОЛЬГа кузнЕцоВа,+7 9912 81 25,1,КОрм дЛя соБАк,1,483.88,16.12,procEsSiNG,подарок вовремя,2024/06/14,5921911688541718
2029946428408,23.06.2024 20:04,ОЛЬГа кузнЕцоВа,+7 9912 81 25,4,пОдпиСКА На гаЗетУ,2,1187.48,12.52,pROcESSing,подарок вовремя,2024/06/14,5921911688541718
2029946427690,05.06.2024 09:19,иВан ИвАНОв,+7 9640 99 31,2,ИГРуШКа Мяч,1,250.06,49.94,coMPLeTeD,"Задержка с доставкой, печалька...",2024-06-14,3072218499510687
2029946426295,06.06.2024 11:56,михаиЛ ОРлОВ,+7(9686)75-80,2,иГрУшка МЯЧ,2,514.17,85.83,CompleteD,Проверить наличие,2024/06/15,0834539257213653
2029946426295,06.06.2024 11:56,михаиЛ ОРлОВ,+7(9686)75-80,5,МОлоко,2,4864.79,1135.21,CoMPlEteD,Проверить наличие,2024/06/15,0834539257213653
2029946425772,2024-06-26 19:31:34,дМИТРиЙ КузНЕЦоВ,+7 9031 04 62,2,ИГРушкА МЯЧ,1,240.03,59.97,CompLetED,"Задержка с доставкой, печалька...",2024-06-28,9182904369405844
2029946425772,2024-06-26 19:31:34,дМИТРиЙ КузНЕЦоВ,+7 9031 04 62,3,аМУниция ДЛЯ соБаК,4,3959.99,840.01,ComPlEtEd,"Задержка с доставкой, печалька...",2024-06-28,9182904369405844
2029946425772,2024-06-26 19:31:34,дМИТРиЙ КузНЕЦоВ,+7 9031 04 62,5,МОЛокО,3,7312.98,1687.02,CoMpLeteD,"Задержка с доставкой, печалька...",2024-06-28,9182904369405844
2029946424220,2024/06/11 12:19:31,СЕРГЕй СиДоРОв,8(9461) 73-23,4,ПодпИсКА нА ГазеТУ,1,566.29,33.71,compLEted,Всё отлично!,2024-06-18,4267893385663567
2029946424220,2024/06/11 12:19:31,СЕРГЕй СиДоРОв,8(9461) 73-23,2,игруШка мяч,1,253.78,46.22,COmPlEteD,Всё отлично!,2024-06-18,4267893385663567
2029946424220,2024/06/11 12:19:31,СЕРГЕй СиДоРОв,8(9461) 73-23,2,игРуШКа МЯч,5,1396.89,103.11,ComplETeD,Всё отлично!,2024-06-18,4267893385663567
2029946424220,2024/06/11 12:19:31,СЕРГЕй СиДоРОв,8(9461) 73-23,4,ПоДпИСкА На ГАЗЕту,5,2404.04,595.96,coMpLeTeD,Всё отлично!,2024-06-18,4267893385663567
2029946424220,2024/06/11 12:19:31,СЕРГЕй СиДоРОв,8(9461) 73-23,5,МолокО,1,2579.38,420.62,CoMpleTEd,Всё отлично!,2024-06-18,4267893385663567
2029946423958,2024/06/30 12:54:20,мИхаИл Орлов,8(9450) 82-60,1,КорМ ДЛя СОБак,3,1388.39,111.61,ProCessinG,Нужно уточнить сроки,2024-06-09,4992089753700899
2029946423958,2024/06/30 12:54:20,мИхаИл Орлов,8(9450) 82-60,2,ИгРушКа мяч,4,993.45,206.55,PROCesSinG,Нужно уточнить сроки,2024-06-09,4992089753700899
2029946423958,2024/06/30 12:54:20,мИхаИл Орлов,8(9450) 82-60,2,игРуШкА МЯч,4,1024.8,175.2,prOCeSsInG,Нужно уточнить сроки,2024-06-09,4992089753700899
2029946423958,2024/06/30 12:54:20,мИхаИл Орлов,8(9450) 82-60,5,МОлоКО,5,13303.96,1696.04,pRoCeSsinG,Нужно уточнить сроки,2024-06-09,4992089753700899
2029946423958,2024/06/30 12:54:20,мИхаИл Орлов,8(9450) 82-60,5,МоЛоко,3,8941.53,58.47,prOCesSInG,Нужно уточнить сроки,2024-06-09,4992089753700899
2029946422305,01.06.2024 15:34,СеРГЕЙ СидОРОВ,+7(9691)21-61,4,пОдПиСКА НА гАзЕТу,5,2705.13,294.87,cOmPLeTeD,спасибо за заказ,2024/06/19,9171957216756003
2029946422305,01.06.2024 15:34,СеРГЕЙ СидОРОВ,+7(9691)21-61,3,АМуНИция ДлЯ сОбАК,1,989.31,210.69,compleTed,спасибо за заказ,2024/06/19,9171957216756003
2029946422305,01.06.2024 15:34,СеРГЕЙ СидОРОВ,+7(9691)21-61,5,МолоКО,2,5181.67,818.33,CompLETeD,спасибо за заказ,2024/06/19,9171957216756003
2029946422305,01.06.2024 15:34,СеРГЕЙ СидОРОВ,+7(9691)21-61,3,АМунИцИя Для сОбАк,2,2361.52,38.48,CoMpLETEd,спасибо за заказ,2024/06/19,9171957216756003
2029946422305,01.06.2024 15:34,СеРГЕЙ СидОРОВ,+7(9691)21-61,1,КорМ дЛя сОбАк,1,405.83,94.17,CoMpleteD,спасибо за заказ,2024/06/19,9171957216756003
2029946421662,2024/06/22 11:39:23,АНнА смирнОВА,+7(9335)79-40,1,корМ дЛЯ СОбак,4,1991.25,8.75,CoMPleTEd,Ждём с нетерпением!,23.06.2024,4630330392671787
2029946421662,2024/06/22 11:39:23,АНнА смирнОВА,+7(9335)79-40,4,ПодПИСкА на ГазЕТУ,2,1134.99,65.01,cOmPletED,Ждём с нетерпением!,23.06.2024,4630330392671787
2029946421662,2024/06/22 11:39:23,АНнА смирнОВА,+7(9335)79-40,4,пОДпИсКА На гАЗеТу,4,2101.68,298.32,COMpleTEd,Ждём с нетерпением!,23.06.2024,4630330392671787
2029946420491,2024/06/22 11:14:56,Мария пЕТРова,+7 9063 93 67,3,амуНиЦИЯ ДлЯ СОБак,5,5048.53,951.47,proCesSIng,Всё отлично!,2024-06-07,1231027611904378
2029946420491,2024/06/22 11:14:56,Мария пЕТРова,+7 9063 93 67,5,МолОко,5,13866.38,1133.62,PROCESSING,Всё отлично!,2024-06-07,1231027611904378
2029946420491,2024/06/22 11:14:56,Мария пЕТРова,+7 9063 93 67,5,МОЛОКо,2,5531.19,468.81,pROCEssINg,Всё отлично!,2024-06-07,1231027611904378
2029946419111,2024/06/20 08:22:41,ивАН ИваНОв,+7 9178 39 92,1,кОРм Для сОБак,5,2021.3,478.7,CaNCElLEd,Всё отлично!,2024-06-20,6651483301170447
2029946419111,2024/06/20 08:22:41,ивАН ИваНОв,+7 9178 39 92,5,МОлокО,4,11040.15,959.85,CAncelLeD,Всё отлично!,2024-06-20,6651483301170447
2029946419111,2024/06/20 08:22:41,ивАН ИваНОв,+7 9178 39 92,4,поДПИсКа нА гАЗетУ,1,493.95,106.05,CaNcElleD,Всё отлично!,2024-06-20,6651483301170447
2029946418672,15.06.2024 05:20,ИвАн ИВАноВ,+7(9543)39-31,2,иГРушка мяч,1,265.74,34.26,CanCELLeD,Ждём с нетерпением!,27.06.2024,1260316302133190
2029946418672,15.06.2024 05:20,ИвАн ИВАноВ,+7(9543)39-31,1,КОРм Для собАК,3,1269.32,230.68,CaNcElLED,Ждём с нетерпением!,27.06.2024,1260316302133190
2029946418672,15.06.2024 05:20,ИвАн ИВАноВ,+7(9543)39-31,2,ИГрушка мЯЧ,3,790.68,109.32,cAncellEd,Ждём с нетерпением!,27.06.2024,1260316302133190
2029946417905,2024/06/16 02:11:05,АнНА смИрНова,+7 9219 39 26,1,КоРм для СОБАК,1,467.02,32.98,PROcessINg,Проверить наличие,02.06.2024,5424160610464530
2029946417905,2024/06/16 02:11:05,АнНА смИрНова,+7 9219 39 26,3,АМуниЦиЯ ДЛЯ СобАк,3,3187.4,412.6,pRocESsing,Проверить наличие,02.06.2024,5424160610464530
2029946416490,2024-06-21 21:41:35,еЛЕНа нОВИкОва,+7 9642 16 27,1,корм длЯ соБак,3,1417.05,82.95,ProcESSIng,Нужно уточнить сроки,2024/06/03,0816427611285118
2029946416490,2024-06-21 21:41:35,еЛЕНа нОВИкОва,+7 9642 16 27,3,амуНицИя ДлЯ собак,3,3114.16,485.84,pRoCEsSIng,Нужно уточнить сроки,2024/06/03,0816427611285118
2029946416490,2024-06-21 21:41:35,еЛЕНа нОВИкОва,+7 9642 16 27,2,ИГРушКА мяЧ,5,1344.62,155.38,prOcESsINg,Нужно уточнить сроки,2024/06/03,0816427611285118
2029946416490,2024-06-21 21:41:35,еЛЕНа нОВИкОва,+7 9642 16 27,5,мОлОкО,1,2664.58,335.42,prOCeSsIng,Нужно уточнить сроки,2024/06/03,0816427611285118
2029946416490,2024-06-21 21:41:35,еЛЕНа нОВИкОва,+7 9642 16 27,3,аМуНиЦИя Для сОбАК,4,4226.32,573.68,prOcESSiNg,Нужно уточнить сроки,2024/06/03,0816427611285118
2029946415391,2024/06/27 10:52:02,СЕргеЙ сИдОрОВ,+7(9820)45-47,5,МолоКО,5,13220.86,1779.14,COmPleTEd,Нужно уточнить сроки,2024-06-27,6608608819284627
2029946415391,2024/06/27 10:52:02,СЕргеЙ сИдОрОВ,+7(9820)45-47,2,иГРУШкА мяЧ,5,1474.88,25.12,COMplEted,Нужно уточнить сроки,2024-06-27,6608608819284627
2029946415391,2024/06/27 10:52:02,СЕргеЙ сИдОрОВ,+7(9820)45-47,5,моЛоКО,4,10157.23,1842.77,ComPlETed,Нужно уточнить сроки,2024-06-27,6608608819284627
2029946414804,2024/06/05 05:36:21,мИхАиЛ орЛоВ,+7(9649)15-93,2,иГрУШка МЯЧ,5,1438.33,61.67,cancELLED,"Задержка с доставкой, печалька...",2024/06/18,3499209902450320
2029946414804,2024/06/05 05:36:21,мИхАиЛ орЛоВ,+7(9649)15-93,2,игРуШка МЯЧ,3,852.85,47.15,cancELLed,"Задержка с доставкой, печалька...",2024/06/18,3499209902450320
2029946414804,2024/06/05 05:36:21,мИхАиЛ орЛоВ,+7(9649)15-93,4,поДпИСКА нА гаЗЕТу,5,2404.52,595.48,CAnCelLeD,"Задержка с доставкой, печалька...",2024/06/18,3499209902450320
2029946414804,2024/06/05 05:36:21,мИхАиЛ орЛоВ,+7(9649)15-93,3,амуНИцИЯ длЯ СОБак,4,3985.11,814.89,CAncElLeD,"Задержка с доставкой, печалька...",2024/06/18,3499209902450320
2029946413451,2024/06/30 18:25:54,ДМИТРИй КУЗНецОв,+7(9467)88-04,2,ИгруШка мЯЧ,2,581.85,18.15,ComPLeTed,Нужно уточнить сроки,07.06.2024,9468296091909511
2029946413451,2024/06/30 18:25:54,ДМИТРИй КУЗНецОв,+7(9467)88-04,5,моЛОКО,2,5664.71,335.29,cOmpLEtEd,Нужно уточнить сроки,07.06.2024,9468296091909511
2029946413451,2024/06/30 18:25:54,ДМИТРИй КУЗНецОв,+7(9467)88-04,3,АмУнИЦИЯ для соБАК,2,2004.8,395.2,COMplETed,Нужно уточнить сроки,07.06.2024,9468296091909511
2029946413451,2024/06/30 18:25:54,ДМИТРИй КУЗНецОв,+7(9467)88-04,3,амУНИцИя ДЛЯ сОБаК,4,4535.3,264.7,CoMPLETed,Нужно уточнить сроки,07.06.2024,9468296091909511
2029946412105,2024-06-08 22:25:09,НаТАЛьЯ ваСильЕВА,+7(9485)50-57,1,коРМ ДЛя сОБАк,5,2220.62,279.38,cANcelLEd,"Задержка с доставкой, печалька...",2024/06/30,5045665706123749
2029946412105,2024-06-08 22:25:09,НаТАЛьЯ ваСильЕВА,+7(9485)50-57,2,ИГрУшКА мЯЧ,5,1459.94,40.06,cANCelleD,"Задержка с доставкой, печалька...",2024/06/30,5045665706123749
2029946411214,2024/06/14 18:41:34,иВаН иВАНОв,+7 9757 35 78,5,моЛокО,2,5124.38,875.62,coMpLETED,спасибо за заказ,2024/06/07,8427582409494187
2029946411214,2024/06/14 18:41:34,иВаН иВАНОв,+7 9757 35 78,4,поДПИскА НА гаЗетУ,1,487.52,112.48,CoMPLETed,спасибо за заказ,2024/06/07,8427582409494187
2029946411214,2024/06/14 18:41:34,иВаН иВАНОв,+7 9757 35 78,4,пОДпИска на гАзеТу,3,1721.04,78.96,CoMPlEted,спасибо за заказ,2024/06/07,8427582409494187
2029946411214,2024/06/14 18:41:34,иВаН иВАНОв,+7 9757 35 78,2,ИгруШка МЯч,2,525.47,74.53,cOMplEted,спасибо за заказ,2024/06/07,8427582409494187
2029946411214,2024/06/14 18:41:34,иВаН иВАНОв,+7 9757 35 78,3,аМуниЦия ДЛЯ сОбАК,4,4733.87,66.13,CoMPLeted,спасибо за заказ,2024/06/07,8427582409494187
2029946410494,2024-06-13 13:37:43,иван ИвАНов,+7(9633)75-69,4,ПодПисКА На ГаЗеТУ,4,1970.24,429.76,CAncElLeD,Ждём с нетерпением!,23.06.2024,8988656278785713
2029946410494,2024-06-13 13:37:43,иван ИвАНов,+7(9633)75-69,5,МОлоко,3,7468.91,1531.09,CANCElled,Ждём с нетерпением!,23.06.2024,8988656278785713
2029946410494,2024-06-13 13:37:43,иван ИвАНов,+7(9633)75-69,4,пОдписка На гаЗету,3,1706.55,93.45,CANcELleD,Ждём с нетерпением!,23.06.2024,8988656278785713
2029946409882,2024/06/03 15:02:35,дмИтРиЙ куЗНеЦОВ,+7 9655 93 00,1,КоРМ дЛЯ собак,1,419.4,80.6,COmpLeted,подарок вовремя,2024-06-24,9094169935475124
2029946409882,2024/06/03 15:02:35,дмИтРиЙ куЗНеЦОВ,+7 9655 93 00,2,иГРушКа мЯч,2,558.24,41.76,COMpLeTed,подарок вовремя,2024-06-24,9094169935475124
2029946409882,2024/06/03 15:02:35,дмИтРиЙ куЗНеЦОВ,+7 9655 93 00,4,ПодПискА нА ГаЗЕту,2,1095.99,104.01,coMpleTED,подарок вовремя,2024-06-24,9094169935475124
2029946408557,2024-06-15 01:05:13,ЕлЕна НовиКоВА,8(9730) 79-81,4,ПОДпИсКА На ГАзету,3,1783.79,16.21,COmPleTED,Нужно уточнить сроки,2024-06-15,3331177746704528
2029946408557,2024-06-15 01:05:13,ЕлЕна НовиКоВА,8(9730) 79-81,2,иГрУШКА мяч,5,1450.02,49.98,coMpLETeD,Нужно уточнить сроки,2024-06-15,3331177746704528
2029946408557,2024-06-15 01:05:13,ЕлЕна НовиКоВА,8(9730) 79-81,4,пОдписКА нА ГАзеТу,3,1562.66,237.34,CoMpLeteD,Нужно уточнить сроки,2024-06-15,3331177746704528
2029946408557,2024-06-15 01:05:13,ЕлЕна НовиКоВА,8(9730) 79-81,3,амУНИЦИЯ для соБак,2,2083.16,316.84,CompLETED,Нужно уточнить сроки,2024-06-15,3331177746704528
2029946407134,2024/06/25 10:13:34,ЕЛена ноВИкова,+7(9708)51-44,5,мОЛОКо,2,4929.21,1070.79,CANceLLeD,спасибо за заказ,2024/06/13,8834878665277557
2029946407134,2024/06/25 10:13:34,ЕЛена ноВИкова,+7(9708)51-44,3,аМУНиЦиЯ ДЛЯ соБАК,3,2884.46,715.54,CAncELled,спасибо за заказ,2024/06/13,8834878665277557
2029946407134,2024/06/25 10:13:34,ЕЛена ноВИкова,+7(9708)51-44,3,АМУнИЦИЯ ДлЯ сОБак,5,5905.52,94.48,cANcelLeD,спасибо за заказ,2024/06/13,8834878665277557
2029946406972,2024/06/12 06:31:44,АннА СмИРНОвА,+7 9887 67 59,4,пОДписКА на гАзетУ,5,2918.57,81.43,CaNCeLled,Проверить наличие,2024/06/26,9894746880208519
2029946405845,2024-06-12 23:59:03,ДМитрий КузНЕЦов,8(9863) 76-87,5,молокО,5,12558.26,2441.74,PRocEssIng,подарок вовремя,2024/06/20,6217417951765811
2029946405845,2024-06-12 23:59:03,ДМитрий КузНЕЦов,8(9863) 76-87,5,моЛОКо,4,10122.95,1877.05,PROceSSinG,подарок вовремя,2024/06/20,6217417951765811
2029946405845,2024-06-12 23:59:03,ДМитрий КузНЕЦов,8(9863) 76-87,1,коРМ дЛя соБАк,4,1859.05,140.95,PROcESsing,подарок вовремя,2024/06/20,6217417951765811
2029946405845,2024-06-12 23:59:03,ДМитрий КузНЕЦов,8(9863) 76-87,5,мОЛОко,1,2440.7,559.3,pRoCessiNg,подарок вовремя,2024/06/20,6217417951765811
2029946405845,2024-06-12 23:59:03,ДМитрий КузНЕЦов,8(9863) 76-87,5,молОКо,3,8526.21,473.79,PRoCeSSINg,подарок вовремя,2024/06/20,6217417951765811
2029946404961,13.06.2024 22:46,мИхаИЛ ОрЛоВ,8(9784) 60-65,5,МОЛоко,1,2802.61,197.39,ComplEteD,подарок вовремя,2024-06-10,1479381472403817
2029946404961,13.06.2024 22:46,мИхаИЛ ОрЛоВ,8(9784) 60-65,4,ПОДписКА На гАзету,3,1658.05,141.95,ComPLETEd,подарок вовремя,2024-06-10,1479381472403817
2029946403297,2024/06/19 16:52:18,МиХаИЛ ОрЛОв,8(9564) 75-54,2,иГРУШка МЯЧ,2,506.37,93.63,COmplETed,Проверить наличие,16.06.2024,6083699556692901
2029946402642,09.06.2024 03:45,сЕргей сиДОРов,+7(9863)28-79,5,МОЛоКо,1,2751.78,248.22,CoMpLEtEd,спасибо за заказ,2024-06-11,5681930997131244
2029946401192,2024-06-18 20:13:26,ОЛьгА КуЗнецОвА,+7 9292 94 60,5,молОКО,4,11488.51,511.49,CAnCELLEd,подарок вовремя,2024-06-13,5335492436351250
2029946401192,2024-06-18 20:13:26,ОЛьгА КуЗнецОвА,+7 9292 94 60,1,кОрМ для соБАК,5,2379.24,120.76,CaNceLlEd,подарок вовремя,2024-06-13,5335492436351250
2029946401192,2024-06-18 20:13:26,ОЛьгА КуЗнецОвА,+7 9292 94 60,4,пОДПиСка НА газЕТУ,5,2754.33,245.67,CaNcELlEd,подарок вовремя,2024-06-13,5335492436351250
2029946401192,2024-06-18 20:13:26,ОЛьгА КуЗнецОвА,+7 9292 94 60,4,ПОдПИсКА нА газЕТУ,4,2275.07,124.93,cAnCelLED,подарок вовремя,2024-06-13,5335492436351250
2029946400119,2024-06-19 10:35:06,АЛеКсеЙ миХайЛов,+7 9506 59 33,5,моЛоКО,4,9824.75,2175.25,CompLeTED,Ждём с нетерпением!,02.06.2024,0169328078569242
2029946400119,2024-06-19 10:35:06,АЛеКсеЙ миХайЛов,+7 9506 59 33,2,игРуШка МЯЧ,1,247.61,52.39,cOMpleTeD,Ждём с нетерпением!,02.06.2024,0169328078569242
2029946400119,2024-06-19 10:35:06,АЛеКсеЙ миХайЛов,+7 9506 59 33,3,амуНиЦИЯ длЯ собаК,3,3454.98,145.02,COmPLETeD,Ждём с нетерпением!,02.06.2024,0169328078569242
2029946400119,2024-06-19 10:35:06,АЛеКсеЙ миХайЛов,+7 9506 59 33,5,молОкО,1,2523.7,476.3,CoMPleTed,Ждём с нетерпением!,02.06.2024,0169328078569242
2029946399250,03.06.2024 17:48,дМИТриЙ куЗНецОв,8(9624) 89-94,5,МОлОКО,2,5229.86,770.14,PROcessING,Нужно уточнить сроки,2024/06/17,6025242010825227
2029946398310,2024-06-19 23:52:06,натАлЬя ВАсИлЬЕва,+7 9786 75 56,3,амУНИцИЯ дЛя СОбак,3,3450.73,149.27,CANcELleD,Всё отлично!,2024/06/20,2960155384792018
2029946398310,2024-06-19 23:52:06,натАлЬя ВАсИлЬЕва,+7 9786 75 56,3,аМунИциЯ дЛя СОбАк,1,1195.67,4.33,CANCellEd,Всё отлично!,2024/06/20,2960155384792018
2029946398310,2024-06-19 23:52:06,натАлЬя ВАсИлЬЕва,+7 9786 75 56,3,АмУнИция Для сОбаК,2,2337.41,62.59,canCElleD,Всё отлично!,2024/06/20,2960155384792018
2029946397385,2024/06/07 09:41:37,МарИЯ ПетрОВА,8(9658) 72-86,3,АмУницИЯ ДлЯ сОБАк,1,1178.81,21.19,ComPLetEd,"Задержка с доставкой, печалька...",2024-06-09,3218776989538905
2029946397385,2024/06/07 09:41:37,МарИЯ ПетрОВА,8(9658) 72-86,3,амунициЯ Для сОБаК,2,2264.63,135.37,comPlETED,"Задержка с доставкой, печалька...",2024-06-09,3218776989538905
2029946397385,2024/06/07 09:41:37,МарИЯ ПетрОВА,8(9658) 72-86,4,ПоДПиСкА на ГазЕТУ,2,983.22,216.78,CoMpleTeD,"Задержка с доставкой, печалька...",2024-06-09,3218776989538905
2029946396193,07.06.2024 05:08,миХаИЛ оРлов,8(9219) 93-94,4,пОдпИСка нА гаЗеТу,5,2874.92,125.08,coMpletED,Всё отлично!,2024/06/28,4914755011867417
2029946396193,07.06.2024 05:08,миХаИЛ оРлов,8(9219) 93-94,3,аМуНиЦиЯ для СобАк,3,2971.89,628.11,CoMpLEtEd,Всё отлично!,2024/06/28,4914755011867417
2029946396193,07.06.2024 05:08,миХаИЛ оРлов,8(9219) 93-94,4,ПодписКа НА гаЗЕТу,1,596.95,3.05,COMPlEtEd,Всё отлично!,2024/06/28,4914755011867417
2029946395304,2024-06-29 15:33:41,ЕЛеНА ноВИкОва,+7(9847)75-12,5,МОлоКо,2,5156.1,843.9,prOCeSsING,Всё отлично!,01.06.2024,9819047089827033
2029946395304,2024-06-29 15:33:41,ЕЛеНА ноВИкОва,+7(9847)75-12,4,пОдПИскА нА ГаЗеТУ,1,506.74,93.26,pROCessinG,Всё отлично!,01.06.2024,9819047089827033
2029946395304,2024-06-29 15:33:41,ЕЛеНА ноВИкОва,+7(9847)75-12,3,аМуНИцИя дЛя СобаК,1,1163.43,36.57,pROCEssInG,Всё отлично!,01.06.2024,9819047089827033
2029946394893,29.06.2024 04:51,МиХаиЛ ОрЛов,+7(9703)90-49,2,иГРушКа МяЧ,1,298.82,1.18,CANCeLlEd,"Задержка с доставкой, печалька...",01.06.2024,2952392624996883
2029946394893,29.06.2024 04:51,МиХаиЛ ОрЛов,+7(9703)90-49,5,мОлОКО,1,2876.63,123.37,cANCeLLeD,"Задержка с доставкой, печалька...",01.06.2024,2952392624996883
2029946394893,29.06.2024 04:51,МиХаиЛ ОрЛов,+7(9703)90-49,5,моЛОко,2,5996.02,3.98,canCeLleD,"Задержка с доставкой, печалька...",01.06.2024,2952392624996883
2029946394893,29.06.2024 04:51,МиХаиЛ ОрЛов,+7(9703)90-49,4,ПОдпискА НА гАзету,1,512.8,87.2,caNcElLEd,"Задержка с доставкой, печалька...",01.06.2024,2952392624996883
2029946393797,22.06.2024 13:44,аНнА сМиРнОва,8(9687) 57-65,4,ПОдпИсКА нА гАЗеТУ,1,577.92,22.08,canceLLeD,"Задержка с доставкой, печалька...",2024-06-11,5258693074160747
2029946393797,22.06.2024 13:44,аНнА сМиРнОва,8(9687) 57-65,1,КоРМ длЯ Собак,3,1477.72,22.28,CaNcelled,"Задержка с доставкой, печалька...",2024-06-11,5258693074160747
2029946392214,2024/06/29 18:24:21,ЕЛенА НоВИкоВа,+7 9392 77 71,5,МОлоко,3,7398.85,1601.15,PRoceSSIng,спасибо за заказ,2024/06/23,4715808457351019
2029946392214,2024/06/29 18:24:21,ЕЛенА НоВИкоВа,+7 9392 77 71,3,аМуниЦИЯ ДЛЯ сОБАК,3,3246.88,353.12,proCEssING,спасибо за заказ,2024/06/23,4715808457351019
2029946391621,2024-06-07 11:17:34,ИвАН ИванОВ,+7(9548)52-72,2,ИгРушКа мЯЧ,2,566.78,33.22,CoMPLEtED,подарок вовремя,2024/06/15,0141795679472521
2029946391621,2024-06-07 11:17:34,ИвАН ИванОВ,+7(9548)52-72,2,ИГрУшКа мяЧ,5,1315.98,184.02,compLetEd,подарок вовремя,2024/06/15,0141795679472521
2029946391621,2024-06-07 11:17:34,ИвАН ИванОВ,+7(9548)52-72,1,кОРм ДЛя СОбАк,4,1786.51,213.49,cOMPlEtEd,подарок вовремя,2024/06/15,0141795679472521
2029946391621,2024-06-07 11:17:34,ИвАН ИванОВ,+7(9548)52-72,2,ИГрУшКА МЯч,4,1170.72,29.28,coMpleTed,подарок вовремя,2024/06/15,0141795679472521
2029946390778,2024/06/11 10:39:46,сЕргЕЙ сИДоРоВ,+7(9449)73-26,4,поДписка на ГазЕТУ,5,2702.42,297.58,COMpLeTED,"Задержка с доставкой, печалька...",2024-06-18,1858248338088008
2029946389387,2024/06/30 13:25:10,АлексЕЙ мИхайлоВ,+7 9814 42 20,2,иГруШка мяЧ,3,803.84,96.16,prOCessiNG,"Задержка с доставкой, печалька...",14.06.2024,7935368058255024
2029946388114,2024-06-29 05:56:02,иван ИвАНОв,8(9037) 05-64,1,КоРМ дЛя собак,3,1357.51,142.49,procesSiNG,Нужно уточнить сроки,2024-06-17,0438648365002386
2029946388114,2024-06-29 05:56:02,иван ИвАНОв,8(9037) 05-64,2,игрУШка мЯч,4,1190.9,9.1,pRoceSsIng,Нужно уточнить сроки,2024-06-17,0438648365002386
2029946388114,2024-06-29 05:56:02,иван ИвАНОв,8(9037) 05-64,3,аМуНИцИя дЛя собак,2,1999.87,400.13,PROCeSSINg,Нужно уточнить сроки,2024-06-17,0438648365002386
2029946387338,2024-06-24 13:25:00,НатАлЬЯ ВАсИЛьеВА,+7 9686 17 70,5,МолОКО,1,2811.43,188.57,caNCeLLEd,подарок вовремя,2024-06-13,5139101113069121
2029946386284,2024/06/06 23:41:20,ДмИТрИЙ КУзнеЦоВ,8(9064) 66-25,5,МОЛОКО,5,14764.3,235.7,pROCeSsING,Всё отлично!,2024-06-13,6434165212262160
2029946386284,2024/06/06 23:41:20,ДмИТрИЙ КУзнеЦоВ,8(9064) 66-25,1,КОРМ ДлЯ собаК,4,1894.18,105.82,PRocEsSING,Всё отлично!,2024-06-13,6434165212262160
2029946386284,2024/06/06 23:41:20,ДмИТрИЙ КУзнеЦоВ,8(9064) 66-25,5,МолоКо,4,11736.97,263.03,PRocEssIng,Всё отлично!,2024-06-13,6434165212262160
2029946386284,2024/06/06 23:41:20,ДмИТрИЙ КУзнеЦоВ,8(9064) 66-25,4,подПисКА На ГАзету,4,2055.53,344.47,PROCesSiNG,Всё отлично!,2024-06-13,6434165212262160
2029946386284,2024/06/06 23:41:20,ДмИТрИЙ КУзнеЦоВ,8(9064) 66-25,1,Корм Для СОБак,1,469.05,30.95,pROcESSInG,Всё отлично!,2024-06-13,6434165212262160
2029946385504,2024-06-19 21:13:22,МиХаИЛ ОРлОв,+7(9613)65-82,5,МОлоко,5,12410.43,2589.57,cOMPlETed,Проверить наличие,2024/06/19,7701864608714970
2029946384294,05.06.2024 12:42,марИЯ ПеТРовА,+7(9679)88-69,4,подПиСКа НА гАЗетУ,3,1441.01,358.99,ComplEtEd,Всё отлично!,2024/06/09,4716591420293403
2029946384294,05.06.2024 12:42,марИЯ ПеТРовА,+7(9679)88-69,5,молоКо,1,2486.45,513.55,COmPleTEd,Всё отлично!,2024/06/09,4716591420293403
2029946384294,05.06.2024 12:42,марИЯ ПеТРовА,+7(9679)88-69,1,корМ ДЛЯ сОбАК,4,1952.83,47.17,complEteD,Всё отлично!,2024/06/09,4716591420293403
2029946383458,24.06.2024 00:39,АНна сМирНОва,+7(9625)12-32,1,кОРМ ДЛЯ СОбак,3,1342.35,157.65,cOmpLETEd,Ждём с нетерпением!,2024-06-11,1105183294863334
2029946383458,24.06.2024 00:39,АНна сМирНОва,+7(9625)12-32,5,мОлОкО,4,10096.98,1903.02,cOMPLEteD,Ждём с нетерпением!,2024-06-11,1105183294863334
2029946382146,2024/06/30 02:26:53,МИХАИЛ ОрЛОв,+7(9575)42-59,4,поДПИсКа на гАзету,5,2908.2,91.8,cAncELleD,Проверить наличие,09.06.2024,4207244579681032
2029946382146,2024/06/30 02:26:53,МИХАИЛ ОрЛОв,+7(9575)42-59,2,игРУШКА МЯч,2,547.53,52.47,caNCeLLeD,Проверить наличие,09.06.2024,4207244579681032
2029946382146,2024/06/30 02:26:53,МИХАИЛ ОрЛОв,+7(9575)42-59,1,коРм дЛя СоБаК,1,472.88,27.12,caNcelled,Проверить наличие,09.06.2024,4207244579681032
2029946382146,2024/06/30 02:26:53,МИХАИЛ ОрЛОв,+7(9575)42-59,3,аМуницИЯ дЛя собаК,5,5015.13,984.87,caNCElLed,Проверить наличие,09.06.2024,4207244579681032
2029946382146,2024/06/30 02:26:53,МИХАИЛ ОрЛОв,+7(9575)42-59,3,аМУнициЯ ДЛя СОбАк,4,4758.25,41.75,cANCELleD,Проверить наличие,09.06.2024,4207244579681032
2029946381101,2024/06/15 13:30:15,ИвАн ивАНоВ,+7 9218 77 07,1,корМ длЯ собак,2,885.2,114.8,PROCessinG,спасибо за заказ,2024/06/25,1024320039050720
2029946381101,2024/06/15 13:30:15,ИвАн ивАНоВ,+7 9218 77 07,3,амуницИя дЛЯ собак,1,1081.49,118.51,PrOCesSING,спасибо за заказ,2024/06/25,1024320039050720
2029946381101,2024/06/15 13:30:15,ИвАн ивАНоВ,+7 9218 77 07,5,МолОко,2,5447.64,552.36,proCESSING,спасибо за заказ,2024/06/25,1024320039050720
2029946381101,2024/06/15 13:30:15,ИвАн ивАНоВ,+7 9218 77 07,2,игРуШКа Мяч,1,287.78,12.22,PROCEssINg,спасибо за заказ,2024/06/25,1024320039050720
2029946380237,30.06.2024 01:36,ДмИТриЙ кУзНЕЦов,8(9469) 81-17,1,кОРм дЛя сОбаК,2,877.81,122.19,prOCEsSINg,"Задержка с доставкой, печалька...",04.06.2024,5949933055802283
2029946380237,30.06.2024 01:36,ДмИТриЙ кУзНЕЦов,8(9469) 81-17,4,ПОДпИсКА на газЕТу,1,485.28,114.72,PrOCESSiNg,"Задержка с доставкой, печалька...",04.06.2024,5949933055802283
2029946379317,2024/06/11 07:45:16,мАрИя ПЕтРова,+7(9184)63-14,5,МОЛОко,3,8123.6,876.4,CAnCeLleD,"Задержка с доставкой, печалька...",24.06.2024,6257565516150731
2029946379317,2024/06/11 07:45:16,мАрИя ПЕтРова,+7(9184)63-14,4,пОдпИсКа НА гАзЕТу,2,990.38,209.62,caNCeLLEd,"Задержка с доставкой, печалька...",24.06.2024,6257565516150731
2029946379317,2024/06/11 07:45:16,мАрИя ПЕтРова,+7(9184)63-14,4,ПОДПИсКа НА ГАзЕТу,1,594.05,5.95,caNceLLed,"Задержка с доставкой, печалька...",24.06.2024,6257565516150731
2029946378319,2024-06-09 17:43:36,оЛьГА КузНЕЦОва,8(9046) 95-91,3,АМУНицИЯ для соБак,5,5626.56,373.44,CANcElLed,спасибо за заказ,2024-06-20,0257104708592803
2029946378319,2024-06-09 17:43:36,оЛьГА КузНЕЦОва,8(9046) 95-91,2,ИгРУШка Мяч,2,562.62,37.38,cancELled,спасибо за заказ,2024-06-20,0257104708592803
2029946378319,2024-06-09 17:43:36,оЛьГА КузНЕЦОва,8(9046) 95-91,5,молОкО,5,13272.51,1727.49,cancEllEd,спасибо за заказ,2024-06-20,0257104708592803
2029946378319,2024-06-09 17:43:36,оЛьГА КузНЕЦОва,8(9046) 95-91,1,КоРм дЛЯ сОБаК,1,477.59,22.41,CANcEllED,спасибо за заказ,2024-06-20,0257104708592803
2029946378319,2024-06-09 17:43:36,оЛьГА КузНЕЦОва,8(9046) 95-91,3,аМунИЦИя Для СОбак,5,5760.25,239.75,CancELlED,спасибо за заказ,2024-06-20,0257104708592803
2029946377158,2024/06/17 07:20:26,НатАЛЬЯ ваСИЛьЕВа,+7 9790 00 56,3,АмуНИЦИЯ ДлЯ собАк,2,2158.92,241.08,prOcEssInG,Нужно уточнить сроки,13.06.2024,5019326819679951
2029946377158,2024/06/17 07:20:26,НатАЛЬЯ ваСИЛьЕВа,+7 9790 00 56,4,пОДПиСКа нА гаЗеТУ,1,488.38,111.62,prOcEsSinG,Нужно уточнить сроки,13.06.2024,5019326819679951
2029946377158,2024/06/17 07:20:26,НатАЛЬЯ ваСИЛьЕВа,+7 9790 00 56,5,мОЛОКО,3,7917.12,1082.88,PROCeSSinG,Нужно уточнить сроки,13.06.2024,5019326819679951
2029946377158,2024/06/17 07:20:26,НатАЛЬЯ ваСИЛьЕВа,+7 9790 00 56,5,МОЛОКО,4,11711.44,288.56,pRoCeSsInG,Нужно уточнить сроки,13.06.2024,5019326819679951
2029946377158,2024/06/17 07:20:26,НатАЛЬЯ ваСИЛьЕВа,+7 9790 00 56,3,аМУницИЯ дЛЯ СОбак,3,3495.07,104.93,prOCesSiNg,Нужно уточнить сроки,13.06.2024,5019326819679951
2029946376609,2024-06-21 02:24:03,СЕРГЕй сиДОрОв,+7 9606 16 36,3,АМУнИЦИя ДЛЯ СОБАк,2,1987.06,412.94,caNCelLED,Проверить наличие,2024/06/16,1692702182139955
2029946376609,2024-06-21 02:24:03,СЕРГЕй сиДОрОв,+7 9606 16 36,4,ПОДпИсКА На гаЗЕтУ,1,492.88,107.12,CanCElLED,Проверить наличие,2024/06/16,1692702182139955
2029946376609,2024-06-21 02:24:03,СЕРГЕй сиДОрОв,+7 9606 16 36,1,кОрМ ДЛя соБаК,5,2259.8,240.2,caNceLled,Проверить наличие,2024/06/16,1692702182139955
2029946375349,2024-06-08 17:53:46,оЛЬГа куЗнЕцоВА,8(9887) 24-46,2,игРУШКА мЯч,5,1286.65,213.35,cANceLleD,"Задержка с доставкой, печалька...",2024/06/01,7119499262801876
2029946375349,2024-06-08 17:53:46,оЛЬГа куЗнЕцоВА,8(9887) 24-46,1,кОРМ дЛя сОбак,3,1254.05,245.95,CanCeLLeD,"Задержка с доставкой, печалька...",2024/06/01,7119499262801876
2029946375349,2024-06-08 17:53:46,оЛЬГа куЗнЕцоВА,8(9887) 24-46,3,аМУНИция длЯ сОбАК,1,1091.32,108.68,cANcELlED,"Задержка с доставкой, печалька...",2024/06/01,7119499262801876
2029946374695,2024-06-07 14:50:23,натАЛЬЯ ВаСиЛЬевА,+7(9254)43-34,2,игрушКА МЯч,5,1323.78,176.22,CANcELLeD,Нужно уточнить сроки,2024/06/11,3015548035898162
2029946373560,2024-06-02 14:30:45,нАтАлЬЯ васиЛЬеВА,+7(9165)07-54,4,подпиСкА нА ГАзЕту,1,576.9,23.1,CanCeLlEd,подарок вовремя,2024/06/11,0372489018023133
2029946373560,2024-06-02 14:30:45,нАтАлЬЯ васиЛЬеВА,+7(9165)07-54,2,ИГРуШКа мЯЧ,4,1103.96,96.04,CAnCEllED,подарок вовремя,2024/06/11,0372489018023133
2029946373560,2024-06-02 14:30:45,нАтАлЬЯ васиЛЬеВА,+7(9165)07-54,2,ИГРУШКа мЯч,1,247.55,52.45,CANCELlED,подарок вовремя,2024/06/11,0372489018023133
2029946372315,2024-06-01 05:14:13,алексЕЙ мИхаЙЛОв,+7 9822 71 66,5,МолОКО,3,8241.57,758.43,CompLeTed,подарок вовремя,2024/06/04,5220764360785401
2029946372315,2024-06-01 05:14:13,алексЕЙ мИхаЙЛОв,+7 9822 71 66,1,КОРм ДлЯ сОбаК,3,1414.71,85.29,COMPleteD,подарок вовремя,2024/06/04,5220764360785401
2029946372315,2024-06-01 05:14:13,алексЕЙ мИхаЙЛОв,+7 9822 71 66,1,КОРм длЯ сОбАк,3,1446.6,53.4,COmPletEd,подарок вовремя,2024/06/04,5220764360785401
2029946372315,2024-06-01 05:14:13,алексЕЙ мИхаЙЛОв,+7 9822 71 66,2,ИгРушКА мЯч,3,780.5,119.5,CompleTEd,подарок вовремя,2024/06/04,5220764360785401
2029946371569,2024/06/13 07:41:23,аннА СМИРнОвА,8(9502) 58-13,5,моЛоко,1,2502.54,497.46,pROcessinG,спасибо за заказ,2024/06/13,7948226008337775
2029946371569,2024/06/13 07:41:23,аннА СМИРнОвА,8(9502) 58-13,5,МОЛоко,1,2747.08,252.92,ProcesSINg,спасибо за заказ,2024/06/13,7948226008337775
2029946371569,2024/06/13 07:41:23,аннА СМИРнОвА,8(9502) 58-13,5,МОлОко,1,2873.05,126.95,pRoCessING,спасибо за заказ,2024/06/13,7948226008337775
2029946371569,2024/06/13 07:41:23,аннА СМИРнОвА,8(9502) 58-13,3,амуниЦиЯ для СобаК,1,1060.52,139.48,pROceSsing,спасибо за заказ,2024/06/13,7948226008337775
2029946370373,2024-06-04 17:07:39,АНна смИРнОва,+7(9219)59-41,2,игруШКа МЯЧ,2,581.65,18.35,pROCESSInG,спасибо за заказ,05.06.2024,9159377041665839
2029946370373,2024-06-04 17:07:39,АНна смИРнОва,+7(9219)59-41,5,моЛоко,1,2704.52,295.48,PROCesSINg,спасибо за заказ,05.06.2024,9159377041665839
2029946369192,2024/06/17 13:45:09,АнНА смиРНоВа,+7 9159 38 56,4,пОДПиСКа НА ГАЗеТу,1,560.69,39.31,ProCESsinG,Всё отлично!,2024-06-28,3407824703688181
2029946369192,2024/06/17 13:45:09,АнНА смиРНоВа,+7 9159 38 56,2,ИгрушКа МЯЧ,2,594.41,5.59,pROcEssIng,Всё отлично!,2024-06-28,3407824703688181
2029946368259,2024/06/08 00:09:02,ОлЬгА КуЗнЕцовА,+7 9329 56 34,5,МолОКо,3,7571.69,1428.31,proCesSIng,Нужно уточнить сроки,20.06.2024,6203408984139461
2029946623474,2024-06-17 03:30:58,алЕКсеЙ миХайлов,8(9274) 72-89,1,кОрм Для сОбАк,3,1322.32,177.68,PRoceSSIng,Нужно уточнить сроки,2024/06/16,2358864597000174
2029946623474,2024-06-17 03:30:58,алЕКсеЙ миХайлов,8(9274) 72-89,2,иГРУшкА Мяч,2,537.45,62.55,PrOcessing,Нужно уточнить сроки,2024/06/16,2358864597000174
2029946623474,2024-06-17 03:30:58,алЕКсеЙ миХайлов,8(9274) 72-89,3,амуНИцИЯ ДлЯ СоБак,5,5860.79,139.21,proCesSiNG,Нужно уточнить сроки,2024/06/16,2358864597000174
2029946623474,2024-06-17 03:30:58,алЕКсеЙ миХайлов,8(9274) 72-89,3,амунициЯ ДЛЯ соБаК,1,1104.59,95.41,procesSING,Нужно уточнить сроки,2024/06/16,2358864597000174
2029946623474,2024-06-17 03:30:58,алЕКсеЙ миХайлов,8(9274) 72-89,5,МОлоко,1,2576.77,423.23,proceSsinG,Нужно уточнить сроки,2024/06/16,2358864597000174
2029946622537,2024-06-15 07:29:42,аЛЕкСЕй михАйЛОВ,+7(9319)24-28,2,игРУшКА Мяч,2,561.5,38.5,cAnCelLEd,подарок вовремя,2024-06-18,7509953956948261
2029946622537,2024-06-15 07:29:42,аЛЕкСЕй михАйЛОВ,+7(9319)24-28,1,КоРМ дЛЯ сОбАК,1,428.44,71.56,CancElLeD,подарок вовремя,2024-06-18,7509953956948261
2029946622537,2024-06-15 07:29:42,аЛЕкСЕй михАйЛОВ,+7(9319)24-28,4,ПоДПиСКА НА газЕТУ,2,1199.22,0.78,cancELlED,подарок вовремя,2024-06-18,7509953956948261
2029946621880,2024/06/25 14:02:32,ИВАН ИвАНОв,+7(9919)97-39,4,пОДписка нА ГАзеТУ,3,1566.32,233.68,PRoCeSSinG,"Задержка с доставкой, печалька...",2024-06-20,4744648539033200
2029946621880,2024/06/25 14:02:32,ИВАН ИвАНОв,+7(9919)97-39,5,молОкО,2,5537.85,462.15,pROcessiNg,"Задержка с доставкой, печалька...",2024-06-20,4744648539033200
2029946621880,2024/06/25 14:02:32,ИВАН ИвАНОв,+7(9919)97-39,4,поДпискА На гаЗету,2,1038.17,161.83,PROcesSing,"Задержка с доставкой, печалька...",2024-06-20,4744648539033200
2029946621880,2024/06/25 14:02:32,ИВАН ИвАНОв,+7(9919)97-39,2,иГрУШКа МЯЧ,2,499.45,100.55,prOceSSIng,"Задержка с доставкой, печалька...",2024-06-20,4744648539033200
2029946621880,2024/06/25 14:02:32,ИВАН ИвАНОв,+7(9919)97-39,1,Корм дЛЯ сОБАк,3,1493.07,6.93,PROceSsiNg,"Задержка с доставкой, печалька...",2024-06-20,4744648539033200
2029946620223,2024/06/05 09:38:10,сеРгЕЙ СиДоРОВ,+7 9460 33 68,5,молОко,1,2866.88,133.12,cANCElLEd,Проверить наличие,2024/06/18,3841211821678790
2029946620223,2024/06/05 09:38:10,сеРгЕЙ СиДоРОВ,+7 9460 33 68,1,КОРМ ДЛЯ СобаК,5,2288.63,211.37,CanceLleD,Проверить наличие,2024/06/18,3841211821678790
2029946620223,2024/06/05 09:38:10,сеРгЕЙ СиДоРОВ,+7 9460 33 68,2,иГрушКа мЯЧ,1,246.7,53.3,caNCELLEd,Проверить наличие,2024/06/18,3841211821678790
2029946620223,2024/06/05 09:38:10,сеРгЕЙ СиДоРОВ,+7 9460 33 68,1,кОрм для собак,4,1691.94,308.06,CANcelled,Проверить наличие,2024/06/18,3841211821678790
2029946619708,14.06.2024 05:31,ЕлеНа новикОВА,+7 9816 56 68,3,амУНИЦИя ДЛЯ СОБАк,4,4701.77,98.23,cancelLeD,спасибо за заказ,2024-06-17,4339829361322849
2029946619708,14.06.2024 05:31,ЕлеНа новикОВА,+7 9816 56 68,1,кОРм для СоБаК,3,1436.61,63.39,canCelLED,спасибо за заказ,2024-06-17,4339829361322849
2029946619708,14.06.2024 05:31,ЕлеНа новикОВА,+7 9816 56 68,3,амУнИцИЯ для сОбаК,1,1010.43,189.57,CaNCellEd,спасибо за заказ,2024-06-17,4339829361322849
2029946618364,2024-06-01 14:33:23,МИХАИЛ оРлОв,8(9942) 24-05,1,КорМ ДЛя СобАк,3,1425.65,74.35,COMPlEtED,спасибо за заказ,2024/06/17,7093780675625091
2029946618364,2024-06-01 14:33:23,МИХАИЛ оРлОв,8(9942) 24-05,3,амУнИЦИя длЯ собАК,4,4636.27,163.73,CompLeted,спасибо за заказ,2024/06/17,7093780675625091
2029946618364,2024-06-01 14:33:23,МИХАИЛ оРлОв,8(9942) 24-05,5,молОКО,3,8293.67,706.33,COmpleTed,спасибо за заказ,2024/06/17,7093780675625091
2029946618364,2024-06-01 14:33:23,МИХАИЛ оРлОв,8(9942) 24-05,4,ПОДПИСКА на газЕту,5,2584.93,415.07,COmpLEtEd,спасибо за заказ,2024/06/17,7093780675625091
2029946617517,2024/06/29 03:49:45,ОЛьГА КУЗНЕЦовА,+7 9971 86 50,5,МОЛОКо,1,2838.93,161.07,cancellEd,Проверить наличие,2024/06/22,4470822037073488
2029946617517,2024/06/29 03:49:45,ОЛьГА КУЗНЕЦовА,+7 9971 86 50,1,кОрМ дЛя СоБаК,5,2434.66,65.34,cAncEllEd,Проверить наличие,2024/06/22,4470822037073488
2029946617517,2024/06/29 03:49:45,ОЛьГА КУЗНЕЦовА,+7 9971 86 50,3,АмуНицИЯ Для сОбаК,2,2128.99,271.01,canCELlEd,Проверить наличие,2024/06/22,4470822037073488
2029946617517,2024/06/29 03:49:45,ОЛьГА КУЗНЕЦовА,+7 9971 86 50,1,КорМ длЯ СОБак,1,427.12,72.88,cAnCELLeD,Проверить наличие,2024/06/22,4470822037073488
2029946616107,26.06.2024 12:48,еЛена новикОВА,+7 9482 70 29,5,Молоко,3,7288.89,1711.11,CoMpLETeD,Ждём с нетерпением!,2024-06-23,9315470092049550
2029946616107,26.06.2024 12:48,еЛена новикОВА,+7 9482 70 29,4,подпИСКа нА ГАЗЕтУ,2,1126.12,73.88,cOMpleTed,Ждём с нетерпением!,2024-06-23,9315470092049550
2029946615440,2024-06-17 06:48:50,дМИТриЙ куЗНЕЦОв,8(9352) 58-75,3,амуНИциЯ ДЛЯ соБак,2,2044.19,355.81,pROcEsSiNg,Всё отлично!,2024/06/19,9653334319996007
2029946615440,2024-06-17 06:48:50,дМИТриЙ куЗНЕЦОв,8(9352) 58-75,3,аМуНиЦИЯ ДЛя собАк,1,1025.65,174.35,pROCEssINg,Всё отлично!,2024/06/19,9653334319996007
2029946615440,2024-06-17 06:48:50,дМИТриЙ куЗНЕЦОв,8(9352) 58-75,2,ИгрушКА мяч,4,1181.3,18.7,PrOCeSSIng,Всё отлично!,2024/06/19,9653334319996007
2029946615440,2024-06-17 06:48:50,дМИТриЙ куЗНЕЦОв,8(9352) 58-75,3,АМУНицИЯ дЛЯ сОбаК,2,2082.84,317.16,PRocEsSINg,Всё отлично!,2024/06/19,9653334319996007
2029946615440,2024-06-17 06:48:50,дМИТриЙ куЗНЕЦОв,8(9352) 58-75,4,ПодпИСкА НА гАзЕТу,1,595.51,4.49,pRoCeSSInG,Всё отлично!,2024/06/19,9653334319996007
2029946614389,25.06.2024 12:35,иВАН иВАнОв,+7(9147)54-38,2,ИгРушкА Мяч,5,1424.95,75.05,comPLeTED,Всё отлично!,05.06.2024,8810740025978569
2029946614389,25.06.2024 12:35,иВАН иВАнОв,+7(9147)54-38,3,АмунИция длЯ собАК,5,4868.57,1131.43,comPLEtEd,Всё отлично!,05.06.2024,8810740025978569
2029946614389,25.06.2024 12:35,иВАН иВАнОв,+7(9147)54-38,3,аМуНиЦия длЯ собАк,5,5876.82,123.18,ComPlETed,Всё отлично!,05.06.2024,8810740025978569
2029946613638,2024-06-15 13:16:00,АлЕКСЕЙ мИХАЙЛОВ,8(9568) 82-77,4,ПОДпискА на гАзетУ,3,1799.76,0.24,ComPLetED,подарок вовремя,2024/06/10,9845141940325464
2029946613638,2024-06-15 13:16:00,АлЕКСЕЙ мИХАЙЛОВ,8(9568) 82-77,4,ПОДПиСкА НА гАЗЕТУ,3,1597.39,202.61,cOmPlETed,подарок вовремя,2024/06/10,9845141940325464
2029946612202,2024/06/29 15:32:28,миХАил ОрЛов,+7(9591)65-25,5,МОлокО,5,14075.05,924.95,canCEllED,Всё отлично!,2024-06-03,0084112615101087
2029946612202,2024/06/29 15:32:28,миХАил ОрЛов,+7(9591)65-25,2,ИГРуШКА МЯч,1,297.84,2.16,canCELlEd,Всё отлично!,2024-06-03,0084112615101087
2029946611603,01.06.2024 20:08,дМитРИй куЗнЕЦОВ,8(9814) 95-08,3,АМУНиЦИя дЛя собАк,2,2172.93,227.07,proCESsiNG,"Задержка с доставкой, печалька...",2024-06-08,1009840043760395
2029946611603,01.06.2024 20:08,дМитРИй куЗнЕЦОВ,8(9814) 95-08,2,ИгруШКА мяч,2,492.26,107.74,PRoCesSINg,"Задержка с доставкой, печалька...",2024-06-08,1009840043760395
2029946611603,01.06.2024 20:08,дМитРИй куЗнЕЦОВ,8(9814) 95-08,2,игрушКА мЯЧ,4,1172.6,27.4,prOCESsiNG,"Задержка с доставкой, печалька...",2024-06-08,1009840043760395
2029946611603,01.06.2024 20:08,дМитРИй куЗнЕЦОВ,8(9814) 95-08,5,МОлОкО,1,2778.26,221.74,procESsING,"Задержка с доставкой, печалька...",2024-06-08,1009840043760395
2029946611603,01.06.2024 20:08,дМитРИй куЗнЕЦОВ,8(9814) 95-08,5,МоЛОКО,1,2757.4,242.6,procesSINg,"Задержка с доставкой, печалька...",2024-06-08,1009840043760395
2029946610305,07.06.2024 20:17,НАтАЛья васильева,+7(9647)94-67,2,ИгРУшКА мяч,2,587.71,12.29,CancElLed,Всё отлично!,2024-06-02,5592580194849803
2029946610305,07.06.2024 20:17,НАтАЛья васильева,+7(9647)94-67,3,аМУнИЦИя дЛЯ соБаК,5,4876.46,1123.54,cANcelLeD,Всё отлично!,2024-06-02,5592580194849803
2029946610305,07.06.2024 20:17,НАтАЛья васильева,+7(9647)94-67,4,ПОдПИсКА На ГАзЕту,3,1549.66,250.34,CANceLlEd,Всё отлично!,2024-06-02,5592580194849803
2029946610305,07.06.2024 20:17,НАтАЛья васильева,+7(9647)94-67,3,АмУнИцИЯ дЛЯ СОбак,1,1014.1,185.9,CANceLlED,Всё отлично!,2024-06-02,5592580194849803
2029946610305,07.06.2024 20:17,НАтАЛья васильева,+7(9647)94-67,2,Игрушка мЯЧ,1,253.7,46.3,canceLled,Всё отлично!,2024-06-02,5592580194849803
2029946609522,2024-06-12 22:54:34,МИХаИл оРлов,+7 9438 89 00,5,МОлоко,5,12278.17,2721.83,cancElleD,Нужно уточнить сроки,15.06.2024,0847532196492271
2029946609522,2024-06-12 22:54:34,МИХаИл оРлов,+7 9438 89 00,3,амУнИцИя ДЛя соБак,4,4398.29,401.71,CAncELLEd,Нужно уточнить сроки,15.06.2024,0847532196492271
2029946609522,2024-06-12 22:54:34,МИХаИл оРлов,+7 9438 89 00,5,МолОко,1,2927.49,72.51,CancElled,Нужно уточнить сроки,15.06.2024,0847532196492271
2029946609522,2024-06-12 22:54:34,МИХаИл оРлов,+7 9438 89 00,4,подПиСкА нА гАЗеТу,2,1097.3,102.7,CAnceLleD,Нужно уточнить сроки,15.06.2024,0847532196492271
2029946608650,2024/06/30 18:17:48,ИВан иВаНОВ,+7(9365)22-84,4,пОДпИсКА на газЕТу,1,498.65,101.35,ProceSsInG,подарок вовремя,22.06.2024,0315042845301400
2029946608650,2024/06/30 18:17:48,ИВан иВаНОВ,+7(9365)22-84,5,моЛокО,2,5915.6,84.4,PrOcESsIng,подарок вовремя,22.06.2024,0315042845301400
2029946608650,2024/06/30 18:17:48,ИВан иВаНОВ,+7(9365)22-84,5,МОЛоКО,4,9791.53,2208.47,pROcEsSIng,подарок вовремя,22.06.2024,0315042845301400
2029946608650,2024/06/30 18:17:48,ИВан иВаНОВ,+7(9365)22-84,1,КОРМ дЛя СОБАК,1,496.09,3.91,proceSsInG,подарок вовремя,22.06.2024,0315042845301400
2029946608650,2024/06/30 18:17:48,ИВан иВаНОВ,+7(9365)22-84,5,мОЛоКо,1,2491.24,508.76,PROceSSing,подарок вовремя,22.06.2024,0315042845301400
2029946607863,2024-06-26 09:45:39,сЕРГей сидоРОв,+7(9585)52-22,1,кОРМ Для СоБаК,2,868.74,131.26,cOmpLeTEd,Проверить наличие,30.06.2024,2837918083986224
2029946607863,2024-06-26 09:45:39,сЕРГей сидоРОв,+7(9585)52-22,5,МОЛоКО,4,10403.01,1596.99,CoMpleTed,Проверить наличие,30.06.2024,2837918083986224
2029946607863,2024-06-26 09:45:39,сЕРГей сидоРОв,+7(9585)52-22,5,МолоКО,3,7720.28,1279.72,CompletEd,Проверить наличие,30.06.2024,2837918083986224
2029946607863,2024-06-26 09:45:39,сЕРГей сидоРОв,+7(9585)52-22,2,ИгРУшКА мяЧ,2,553.66,46.34,COMplETED,Проверить наличие,30.06.2024,2837918083986224
2029946607863,2024-06-26 09:45:39,сЕРГей сидоРОв,+7(9585)52-22,1,Корм длЯ сОБАк,2,843.01,156.99,CoMPLeted,Проверить наличие,30.06.2024,2837918083986224
2029946606621,2024-06-19 00:27:37,мАрия ПеТРова,+7(9026)51-41,2,ИГрУшКА МяЧ,1,291.56,8.44,pROceSsing,спасибо за заказ,2024-06-05,8284362255494728
2029946605318,09.06.2024 04:09,ЕЛеНА нОвИКова,+7(9800)45-31,2,ИГРушкА мЯч,2,572.33,27.67,cAnCELlEd,"Задержка с доставкой, печалька...",21.06.2024,4788722267641746
2029946605318,09.06.2024 04:09,ЕЛеНА нОвИКова,+7(9800)45-31,4,поДпИсКа на гАзЕТу,5,2482.48,517.52,caNCelled,"Задержка с доставкой, печалька...",21.06.2024,4788722267641746
2029946605318,09.06.2024 04:09,ЕЛеНА нОвИКова,+7(9800)45-31,3,АМУнИЦИЯ длЯ Собак,4,4147.45,652.55,cANcElLed,"Задержка с доставкой, печалька...",21.06.2024,4788722267641746
2029946605318,09.06.2024 04:09,ЕЛеНА нОвИКова,+7(9800)45-31,1,корМ ДлЯ собак,3,1410.68,89.32,cANceLleD,"Задержка с доставкой, печалька...",21.06.2024,4788722267641746
2029946605318,09.06.2024 04:09,ЕЛеНА нОвИКова,+7(9800)45-31,4,пОДпИсКА нА ГазеТу,2,1061.48,138.52,CaNcEllED,"Задержка с доставкой, печалька...",21.06.2024,4788722267641746
2029946604784,14.06.2024 21:46,НАталЬя ВасИЛЬева,8(9361) 41-49,3,аМуниЦИя длЯ соБаК,2,2056.13,343.87,cOMPLETED,Ждём с нетерпением!,28.06.2024,8595063222624952
2029946604784,14.06.2024 21:46,НАталЬя ВасИЛЬева,8(9361) 41-49,4,ПодПИсКа На ГАЗЕту,1,489.34,110.66,cOmPlEted,Ждём с нетерпением!,28.06.2024,8595063222624952
2029946604784,14.06.2024 21:46,НАталЬя ВасИЛЬева,8(9361) 41-49,1,кОрм Для СобАк,2,800.07,199.93,compLetEd,Ждём с нетерпением!,28.06.2024,8595063222624952
2029946603159,2024/06/24 10:50:26,ЕлЕНа новИкоВа,+7 9582 89 98,3,аМУнИция дЛя СОбаК,3,3512.42,87.58,CAnCElLED,спасибо за заказ,19.06.2024,4972035172357013
2029946602305,14.06.2024 17:09,АлЕКсеЙ МИХаЙлоВ,+7(9333)57-47,2,ИгрУшКА мЯч,2,508.17,91.83,COmpLETeD,Проверить наличие,2024-06-11,1957107203358230
2029946602305,14.06.2024 17:09,АлЕКсеЙ МИХаЙлоВ,+7(9333)57-47,5,мОлОКо,4,11440.77,559.23,CoMPleted,Проверить наличие,2024-06-11,1957107203358230
2029946602305,14.06.2024 17:09,АлЕКсеЙ МИХаЙлоВ,+7(9333)57-47,1,корм ДЛЯ СОБак,4,1800.04,199.96,coMpLeTED,Проверить наличие,2024-06-11,1957107203358230
2029946601673,19.06.2024 02:45,алеКсЕЙ мИХайлОв,+7(9732)08-49,5,моЛОко,1,2718.02,281.98,COmPLetED,подарок вовремя,28.06.2024,0385633145957234
2029946601673,19.06.2024 02:45,алеКсЕЙ мИХайлОв,+7(9732)08-49,5,МоЛОко,4,11678.26,321.74,complEted,подарок вовремя,28.06.2024,0385633145957234
2029946601673,19.06.2024 02:45,алеКсЕЙ мИХайлОв,+7(9732)08-49,4,ПодпИСКа на ГАЗЕтУ,1,539.86,60.14,cOmPLetED,подарок вовремя,28.06.2024,0385633145957234
2029946601673,19.06.2024 02:45,алеКсЕЙ мИХайлОв,+7(9732)08-49,2,ИгрУШКа мЯЧ,5,1396.58,103.42,COMpLEtEd,подарок вовремя,28.06.2024,0385633145957234
2029946601673,19.06.2024 02:45,алеКсЕЙ мИХайлОв,+7(9732)08-49,1,коРМ ДЛЯ СОбаК,3,1372.19,127.81,comPLetEd,подарок вовремя,28.06.2024,0385633145957234
2029946600652,2024-06-02 15:50:03,дмИтРИЙ кУЗнеЦОв,8(9906) 57-50,1,КоРМ ДлЯ собАк,1,486.49,13.51,procESSINg,подарок вовремя,2024-06-20,9293480494424753
2029946600652,2024-06-02 15:50:03,дмИтРИЙ кУЗнеЦОв,8(9906) 57-50,5,МоЛоКО,5,13318.87,1681.13,pRoCESsiNg,подарок вовремя,2024-06-20,9293480494424753
2029946600652,2024-06-02 15:50:03,дмИтРИЙ кУЗнеЦОв,8(9906) 57-50,2,иГрУШка мяч,2,589.79,10.21,ProCESsinG,подарок вовремя,2024-06-20,9293480494424753
2029946600652,2024-06-02 15:50:03,дмИтРИЙ кУЗнеЦОв,8(9906) 57-50,5,МоЛоко,1,2867.4,132.6,PrOceSSiNg,подарок вовремя,2024-06-20,9293480494424753
2029946599216,16.06.2024 21:08,дмИТрий КузнецОВ,+7 9160 60 84,5,мОлокО,5,12867.67,2132.33,COmpLeTeD,Нужно уточнить сроки,2024-06-30,1617700276933551
2029946599216,16.06.2024 21:08,дмИТрий КузнецОВ,+7 9160 60 84,5,МолОко,4,11338.35,661.65,cOMpleTED,Нужно уточнить сроки,2024-06-30,1617700276933551
2029946598156,2024/06/06 00:07:26,аНна СМирНОВа,8(9403) 32-99,5,МоЛОко,3,8970.56,29.44,cAncElleD,спасибо за заказ,14.06.2024,7297756572608629
2029946598156,2024/06/06 00:07:26,аНна СМирНОВа,8(9403) 32-99,1,КоРМ ДЛя собАк,1,486.84,13.16,CaNceLlED,спасибо за заказ,14.06.2024,7297756572608629
2029946598156,2024/06/06 00:07:26,аНна СМирНОВа,8(9403) 32-99,3,АмунИцИЯ ДЛЯ СобаК,5,5854.17,145.83,cANCellEd,спасибо за заказ,14.06.2024,7297756572608629
2029946598156,2024/06/06 00:07:26,аНна СМирНОВа,8(9403) 32-99,1,КОРм Для собАк,4,1752.31,247.69,CANceLlED,спасибо за заказ,14.06.2024,7297756572608629
2029946598156,2024/06/06 00:07:26,аНна СМирНОВа,8(9403) 32-99,1,КоРМ Для сОбАк,2,990.2,9.8,CANCeLleD,спасибо за заказ,14.06.2024,7297756572608629
2029946597962,2024/06/13 23:13:56,АННа СМИРновА,+7(9676)22-67,3,амуниция дЛя собАК,5,5984.66,15.34,coMplETED,Ждём с нетерпением!,03.06.2024,8401798284648877
2029946597962,2024/06/13 23:13:56,АННа СМИРновА,+7(9676)22-67,2,иГРУшКа мЯЧ,5,1331.56,168.44,cOmPlETED,Ждём с нетерпением!,03.06.2024,8401798284648877
2029946597962,2024/06/13 23:13:56,АННа СМИРновА,+7(9676)22-67,2,игРуШКа МЯЧ,5,1267.75,232.25,cOMPlETED,Ждём с нетерпением!,03.06.2024,8401798284648877
2029946596295,03.06.2024 12:22,АННА сМИрнОва,+7(9154)13-75,5,МоЛоКО,2,5454.74,545.26,ProCESsIng,Всё отлично!,2024-06-28,3474119975145338
2029946596295,03.06.2024 12:22,АННА сМИрнОва,+7(9154)13-75,3,аМУницИя ДлЯ соБак,5,5036.85,963.15,pRocESSinG,Всё отлично!,2024-06-28,3474119975145338
2029946596295,03.06.2024 12:22,АННА сМИрнОва,+7(9154)13-75,3,АмУницИЯ для СОбаК,4,4550.5,249.5,PrOCeSsiNG,Всё отлично!,2024-06-28,3474119975145338
2029946596295,03.06.2024 12:22,АННА сМИрнОва,+7(9154)13-75,5,МоЛОКО,4,9806.16,2193.84,PrOcEsSinG,Всё отлично!,2024-06-28,3474119975145338
2029946596295,03.06.2024 12:22,АННА сМИрнОва,+7(9154)13-75,4,поДпискА На гаЗеТу,2,1085.95,114.05,prOceSSInG,Всё отлично!,2024-06-28,3474119975145338
2029946595250,2024/06/25 06:55:37,АлекСей МиХайЛОВ,+7 9261 01 73,3,аМуНиЦИЯ ДЛЯ сОбАк,5,5772.96,227.04,pRocEssInG,Всё отлично!,2024-06-12,9522593448135763
2029946595250,2024/06/25 06:55:37,АлекСей МиХайЛОВ,+7 9261 01 73,5,Молоко,5,12712.22,2287.78,PRocEssInG,Всё отлично!,2024-06-12,9522593448135763
2029946595250,2024/06/25 06:55:37,АлекСей МиХайЛОВ,+7 9261 01 73,3,АмуНИция ДЛЯ сОБак,3,3010.97,589.03,procEsSIng,Всё отлично!,2024-06-12,9522593448135763
2029946595250,2024/06/25 06:55:37,АлекСей МиХайЛОВ,+7 9261 01 73,1,кОрм ДЛя соБАК,2,874.49,125.51,pRocesSINg,Всё отлично!,2024-06-12,9522593448135763
2029946595250,2024/06/25 06:55:37,АлекСей МиХайЛОВ,+7 9261 01 73,3,АмУницИЯ ДЛя сОбаК,5,5382.72,617.28,PrOCessing,Всё отлично!,2024-06-12,9522593448135763
2029946594955,2024/06/16 22:26:46,сеРГЕй сиДОРов,+7 9702 07 55,5,мОЛОко,1,2946.09,53.91,COMPLETEd,Нужно уточнить сроки,2024/06/12,3731539736940836
2029946594955,2024/06/16 22:26:46,сеРГЕй сиДОРов,+7 9702 07 55,2,ИГруШКа Мяч,1,267.49,32.51,CompLeteD,Нужно уточнить сроки,2024/06/12,3731539736940836
2029946594955,2024/06/16 22:26:46,сеРГЕй сиДОРов,+7 9702 07 55,5,моЛОКО,5,12260.21,2739.79,CoMpleted,Нужно уточнить сроки,2024/06/12,3731539736940836
2029946594955,2024/06/16 22:26:46,сеРГЕй сиДОРов,+7 9702 07 55,5,Молоко,5,14443.78,556.22,COMpleted,Нужно уточнить сроки,2024/06/12,3731539736940836
2029946593317,2024-06-17 15:50:36,АЛекСЕЙ мИХАЙЛоВ,8(9016) 20-42,2,игрушкА МЯЧ,1,299.74,0.26,cancElLEd,спасибо за заказ,2024/06/09,3118538573008787
2029946593317,2024-06-17 15:50:36,АЛекСЕЙ мИХАЙЛоВ,8(9016) 20-42,2,иГРУШка Мяч,1,266.13,33.87,caNcELLed,спасибо за заказ,2024/06/09,3118538573008787
2029946593317,2024-06-17 15:50:36,АЛекСЕЙ мИХАЙЛоВ,8(9016) 20-42,3,АМУнИцИЯ ДлЯ СобаК,1,1011.97,188.03,CancElLEd,спасибо за заказ,2024/06/09,3118538573008787
2029946593317,2024-06-17 15:50:36,АЛекСЕЙ мИХАЙЛоВ,8(9016) 20-42,3,АМуНИция дЛя СОбАк,1,1055.39,144.61,CanCELLed,спасибо за заказ,2024/06/09,3118538573008787
2029946592703,2024/06/23 08:41:47,марИЯ пЕТрОВА,+7 9692 23 10,1,коРМ ДЛя соБАК,5,2262.08,237.92,CanCelLEd,Проверить наличие,2024-06-22,9430648555480168
2029946592703,2024/06/23 08:41:47,марИЯ пЕТрОВА,+7 9692 23 10,4,ПОдПиска нА ГазЕТУ,2,1051.2,148.8,cancELlEd,Проверить наличие,2024-06-22,9430648555480168
2029946591435,03.06.2024 18:20,ДМИТрИй кУзНЕЦОв,+7 9070 31 51,5,МОЛоКО,4,11919.38,80.62,ProCeSsING,подарок вовремя,28.06.2024,7905774101625520
2029946591435,03.06.2024 18:20,ДМИТрИй кУзНЕЦОв,+7 9070 31 51,5,МОЛоко,2,5699.45,300.55,pRocESSIng,подарок вовремя,28.06.2024,7905774101625520
2029946591435,03.06.2024 18:20,ДМИТрИй кУзНЕЦОв,+7 9070 31 51,4,подпиСКа нА гАзЕту,3,1778.12,21.88,PROCessiNg,подарок вовремя,28.06.2024,7905774101625520
2029946590924,04.06.2024 23:06,дМитРиЙ кузНеЦОв,+7(9748)29-25,3,аМУниЦиЯ для СОБАк,2,1982.83,417.17,ComplETED,Ждём с нетерпением!,12.06.2024,1775665950681527
2029946590924,04.06.2024 23:06,дМитРиЙ кузНеЦОв,+7(9748)29-25,3,АМУнИциЯ дЛя соБАК,1,995.34,204.66,cOmPLeTEd,Ждём с нетерпением!,12.06.2024,1775665950681527
2029946590924,04.06.2024 23:06,дМитРиЙ кузНеЦОв,+7(9748)29-25,2,игрУшкА мЯЧ,5,1423.26,76.74,cOmPlETed,Ждём с нетерпением!,12.06.2024,1775665950681527
2029946590924,04.06.2024 23:06,дМитРиЙ кузНеЦОв,+7(9748)29-25,4,ПОдпИска нА ГаЗетУ,3,1451.13,348.87,cOmPletED,Ждём с нетерпением!,12.06.2024,1775665950681527
2029946589244,2024/06/30 16:17:44,АЛЕКСей михаЙлОв,8(9689) 24-81,2,ИгРуШка мЯч,3,830.17,69.83,cOMplETED,Всё отлично!,2024/06/14,0813701842640289
2029946589244,2024/06/30 16:17:44,АЛЕКСей михаЙлОв,8(9689) 24-81,2,ИГРУшКА МЯЧ,2,570.63,29.37,coMpleted,Всё отлично!,2024/06/14,0813701842640289
2029946589244,2024/06/30 16:17:44,АЛЕКСей михаЙлОв,8(9689) 24-81,2,ИГРушКа мЯЧ,4,1017.74,182.26,CompLETEd,Всё отлично!,2024/06/14,0813701842640289
2029946589244,2024/06/30 16:17:44,АЛЕКСей михаЙлОв,8(9689) 24-81,5,мОлоко,5,14424.89,575.11,COmpleted,Всё отлично!,2024/06/14,0813701842640289
2029946588556,12.06.2024 12:43,АннА сМИРНОва,+7(9685)64-67,2,игРушКа мЯч,5,1344.21,155.79,pRocEssING,Всё отлично!,2024/06/04,5452852956236106
2029946587188,2024-06-06 20:06:59,мИхаИЛ ОрлОв,8(9055) 14-60,5,моЛоКо,2,5049.64,950.36,CancEllED,Ждём с нетерпением!,2024/06/15,9679081756398354
2029946587188,2024-06-06 20:06:59,мИхаИЛ ОрлОв,8(9055) 14-60,4,подпИсКа нА газЕтУ,5,2958.36,41.64,caNcEllED,Ждём с нетерпением!,2024/06/15,9679081756398354
2029946587188,2024-06-06 20:06:59,мИхаИЛ ОрлОв,8(9055) 14-60,2,ИГрушкА мяч,2,576.02,23.98,cAnCELLEd,Ждём с нетерпением!,2024/06/15,9679081756398354
2029946586505,2024/06/08 04:11:01,аНна СМирнОВА,+7(9295)24-48,2,иГРушКа МЯч,3,842.44,57.56,PRocEssING,спасибо за заказ,06.06.2024,0219696084163764
2029946586505,2024/06/08 04:11:01,аНна СМирнОВА,+7(9295)24-48,5,молоко,5,12673.87,2326.13,prOCeSsinG,спасибо за заказ,06.06.2024,0219696084163764
2029946585873,2024-06-13 23:34:21,марИя ПЕТРова,8(9162) 86-85,3,АмуНИцИя ДЛЯ соБак,2,2100.73,299.27,cOmpLetED,Ждём с нетерпением!,2024-06-16,1898604537498321
2029946585873,2024-06-13 23:34:21,марИя ПЕТРова,8(9162) 86-85,5,молОко,4,10797.16,1202.84,COmPLEteD,Ждём с нетерпением!,2024-06-16,1898604537498321
2029946585873,2024-06-13 23:34:21,марИя ПЕТРова,8(9162) 86-85,5,мОЛОко,3,8448.76,551.24,compLETED,Ждём с нетерпением!,2024-06-16,1898604537498321
2029946585873,2024-06-13 23:34:21,марИя ПЕТРова,8(9162) 86-85,3,аМуНИЦия дЛя СоБАК,4,4053.43,746.57,cOmpleted,Ждём с нетерпением!,2024-06-16,1898604537498321
2029946584913,12.06.2024 16:12,мИхАИл орлов,8(9040) 74-90,4,ПОдПИСКА нА ГАЗетУ,5,2916.42,83.58,PRoCEssinG,спасибо за заказ,22.06.2024,3651398036552765
2029946584913,12.06.2024 16:12,мИхАИл орлов,8(9040) 74-90,1,КоРм для соБАк,2,992.64,7.36,ProCeSsinG,спасибо за заказ,22.06.2024,3651398036552765
2029946583829,2024/06/18 06:43:16,сЕргЕй СИДорОВ,+7(9523)62-11,2,иГРУшКА МЯч,1,296.83,3.17,CAnCElLEd,Ждём с нетерпением!,2024/06/01,0433500009707684
2029946583829,2024/06/18 06:43:16,сЕргЕй СИДорОВ,+7(9523)62-11,5,молОко,2,5773.83,226.17,CAnCELleD,Ждём с нетерпением!,2024/06/01,0433500009707684
2029946583829,2024/06/18 06:43:16,сЕргЕй СИДорОВ,+7(9523)62-11,5,МОЛокО,5,14145.24,854.76,CAncELLeD,Ждём с нетерпением!,2024/06/01,0433500009707684
2029946582372,2024/06/20 13:46:33,НАТАльЯ вАсиЛьеВа,+7(9002)17-83,3,АМУнИциЯ ДЛя СобАк,1,1132.52,67.48,CanCeLlEd,Проверить наличие,22.06.2024,2998206358881695
2029946581160,2024-06-23 00:34:32,СЕРгЕй сиДоРоВ,8(9867) 00-43,3,АМУНИЦИЯ ДЛЯ СОбАк,1,1056.2,143.8,cAnCeLLED,Нужно уточнить сроки,2024-06-06,8064535607146409
2029946581160,2024-06-23 00:34:32,СЕРгЕй сиДоРоВ,8(9867) 00-43,5,МОЛОКО,1,2622.3,377.7,caNcELlEd,Нужно уточнить сроки,2024-06-06,8064535607146409
2029946580970,2024/06/01 03:16:28,нАталЬЯ ВаСИЛЬеВА,8(9301) 31-46,2,игрушКа мЯч,4,1145.55,54.45,coMPlETeD,Всё отлично!,2024-06-18,0686401703265803
2029946580970,2024/06/01 03:16:28,нАталЬЯ ВаСИЛЬеВА,8(9301) 31-46,2,игРуШКА мяЧ,1,272.83,27.17,CoMplEteD,Всё отлично!,2024-06-18,0686401703265803
2029946580970,2024/06/01 03:16:28,нАталЬЯ ВаСИЛЬеВА,8(9301) 31-46,3,амуниция дЛя соБак,1,1013.34,186.66,comPlEtED,Всё отлично!,2024-06-18,0686401703265803
2029946579850,2024-06-10 16:08:50,ольГа куЗНЕцова,+7(9305)33-64,4,подпИсКа НА гаЗеТУ,4,2234.06,165.94,CANCeLled,Нужно уточнить сроки,24.06.2024,4024139046394914
2029946578345,12.06.2024 08:05,ИвАн ИвАнОв,+7 9461 43 07,1,кОрм ДЛя сОБак,3,1407.71,92.29,prOCESSiNG,"Задержка с доставкой, печалька...",2024/06/03,1304590238304362
2029946578345,12.06.2024 08:05,ИвАн ИвАнОв,+7 9461 43 07,4,пОДПИСКа На ГаЗеТу,4,2334.12,65.88,ProCEssing,"Задержка с доставкой, печалька...",2024/06/03,1304590238304362
2029946578345,12.06.2024 08:05,ИвАн ИвАнОв,+7 9461 43 07,5,мОлОко,1,2805.66,194.34,PrOcEssING,"Задержка с доставкой, печалька...",2024/06/03,1304590238304362
2029946577748,2024-06-21 09:27:11,ИВАН иВаНОВ,+7(9941)37-81,4,пОдпИсКа На ГаЗЕТУ,1,504.39,95.61,coMPLeTEd,"Задержка с доставкой, печалька...",2024/06/15,0134186049299758
2029946577748,2024-06-21 09:27:11,ИВАН иВаНОВ,+7(9941)37-81,5,мОЛоКО,3,7991.71,1008.29,coMPleTed,"Задержка с доставкой, печалька...",2024/06/15,0134186049299758
2029946577748,2024-06-21 09:27:11,ИВАН иВаНОВ,+7(9941)37-81,2,игрУшКа мЯч,3,884.88,15.12,COMpLeTEd,"Задержка с доставкой, печалька...",2024/06/15,0134186049299758
2029946577748,2024-06-21 09:27:11,ИВАН иВаНОВ,+7(9941)37-81,5,моЛОкО,5,13082.1,1917.9,COMPleTed,"Задержка с доставкой, печалька...",2024/06/15,0134186049299758
2029946577748,2024-06-21 09:27:11,ИВАН иВаНОВ,+7(9941)37-81,5,мОлоКо,4,10453.3,1546.7,COmpLetED,"Задержка с доставкой, печалька...",2024/06/15,0134186049299758
2029946576110,2024-06-10 12:44:13,ОЛьга куЗнЕЦОВа,8(9126) 51-54,5,мОЛОКО,4,10084.79,1915.21,cOMPleTed,подарок вовремя,2024-06-05,5891827901342826
2029946576110,2024-06-10 12:44:13,ОЛьга куЗнЕЦОВа,8(9126) 51-54,4,пОДписКА На ГАзЕтУ,1,509.34,90.66,comPLeTed,подарок вовремя,2024-06-05,5891827901342826
2029946576110,2024-06-10 12:44:13,ОЛьга куЗнЕЦОВа,8(9126) 51-54,3,амуНИцИя дЛЯ СОбаК,1,1157.98,42.02,CoMplEteD,подарок вовремя,2024-06-05,5891827901342826
2029946576110,2024-06-10 12:44:13,ОЛьга куЗнЕЦОВа,8(9126) 51-54,4,пОдПИСКа нА газеТу,5,2991.78,8.22,ComPLetEd,подарок вовремя,2024-06-05,5891827901342826
2029946576110,2024-06-10 12:44:13,ОЛьга куЗнЕЦОВа,8(9126) 51-54,1,коРМ для сОБАк,3,1207.98,292.02,COMPLeTEd,подарок вовремя,2024-06-05,5891827901342826
2029946575580,2024/06/26 02:08:17,олЬГа КУзнЕцоВа,+7(9872)76-48,4,пОДпИсКА На ГаЗЕту,5,2778.31,221.69,ProcEssInG,Ждём с нетерпением!,2024/06/12,6787682467273321
2029946575580,2024/06/26 02:08:17,олЬГа КУзнЕцоВа,+7(9872)76-48,1,КОрМ Для СоБАК,3,1250.06,249.94,pROcessInG,Ждём с нетерпением!,2024/06/12,6787682467273321
2029946575580,2024/06/26 02:08:17,олЬГа КУзнЕцоВа,+7(9872)76-48,4,ПОДпИсКа НА газЕтУ,1,492.42,107.58,PRocEsSinG,Ждём с нетерпением!,2024/06/12,6787682467273321
2029946575580,2024/06/26 02:08:17,олЬГа КУзнЕцоВа,+7(9872)76-48,4,пОдПиСка нА гАзеТу,5,2505.29,494.71,proCessiNG,Ждём с нетерпением!,2024/06/12,6787682467273321
2029946575580,2024/06/26 02:08:17,олЬГа КУзнЕцоВа,+7(9872)76-48,5,МОЛОко,2,5965.06,34.94,ProcEssing,Ждём с нетерпением!,2024/06/12,6787682467273321
2029946574502,19.06.2024 23:25,аЛЕкСЕЙ МИхайлов,8(9597) 27-20,3,АмуНИЦИЯ для соБаК,2,1994.7,405.3,CANCelLEd,Всё отлично!,2024/06/12,1792086010975182
2029946574502,19.06.2024 23:25,аЛЕкСЕЙ МИхайлов,8(9597) 27-20,3,АмУницИя ДлЯ СобАк,5,5209.27,790.73,caNcellED,Всё отлично!,2024/06/12,1792086010975182
2029946574502,19.06.2024 23:25,аЛЕкСЕЙ МИхайлов,8(9597) 27-20,4,пОдПисКА нА гАЗеТУ,4,1982.13,417.87,cAnCELLED,Всё отлично!,2024/06/12,1792086010975182
2029946574502,19.06.2024 23:25,аЛЕкСЕЙ МИхайлов,8(9597) 27-20,2,ИГрушка мЯч,2,525.99,74.01,CaNCeLlED,Всё отлично!,2024/06/12,1792086010975182
2029946573316,16.06.2024 22:25,елЕна новиКоВа,+7(9099)41-00,1,кОрМ для сОбак,5,2030.13,469.87,PrOcEsSING,Ждём с нетерпением!,2024/06/02,0539964256864185
2029946573316,16.06.2024 22:25,елЕна новиКоВа,+7(9099)41-00,4,ПодпИска нА ГАзЕТУ,1,519.27,80.73,prOcEsSIng,Ждём с нетерпением!,2024/06/02,0539964256864185
2029946573316,16.06.2024 22:25,елЕна новиКоВа,+7(9099)41-00,1,кОрМ ДЛЯ СобАк,4,1966.87,33.13,PROcessinG,Ждём с нетерпением!,2024/06/02,0539964256864185
2029946572570,2024/06/15 04:16:22,мАРия пеТРоВА,8(9962) 48-13,1,КоРМ дЛя СОБак,3,1343.23,156.77,PrOCessiNG,подарок вовремя,2024/06/14,5873017265495792
2029946572570,2024/06/15 04:16:22,мАРия пеТРоВА,8(9962) 48-13,3,АмуНицИя для СОБак,1,1173.43,26.57,prOcEssiNG,подарок вовремя,2024/06/14,5873017265495792
2029946572570,2024/06/15 04:16:22,мАРия пеТРоВА,8(9962) 48-13,5,молОКо,1,2957.51,42.49,pROceSSInG,подарок вовремя,2024/06/14,5873017265495792
2029946572570,2024/06/15 04:16:22,мАРия пеТРоВА,8(9962) 48-13,3,АМУНиЦИя длЯ соБАК,3,3197.98,402.02,proCessIng,подарок вовремя,2024/06/14,5873017265495792
2029946571309,2024-06-06 23:58:19,алекСЕЙ МИХАЙЛоВ,+7 9673 95 88,1,КОРм Для сОБак,4,1874.39,125.61,procesSinG,Нужно уточнить сроки,2024-06-12,6772677100714400
2029946570821,20.06.2024 01:44,иВАн ИВаНоВ,+7 9657 40 97,2,иГРУшкА МЯч,4,1047.08,152.92,proCESsINg,Ждём с нетерпением!,2024/06/21,7846382934391861
2029946570821,20.06.2024 01:44,иВАн ИВаНоВ,+7 9657 40 97,2,иГруШКа МЯч,5,1261.97,238.03,pRocesSInG,Ждём с нетерпением!,2024/06/21,7846382934391861
2029946570821,20.06.2024 01:44,иВАн ИВаНоВ,+7 9657 40 97,1,КоРМ Для собак,1,454.17,45.83,PRocESSInG,Ждём с нетерпением!,2024/06/21,7846382934391861
2029946570821,20.06.2024 01:44,иВАн ИВаНоВ,+7 9657 40 97,4,ПОДПиска НА гАЗЕту,5,2547.84,452.16,pRoCEssINg,Ждём с нетерпением!,2024/06/21,7846382934391861
2029946569687,2024/06/23 03:28:38,михАиЛ орЛов,+7(9902)19-42,1,кОРМ для СОБак,2,963.15,36.85,coMpLETEd,Всё отлично!,2024/06/17,9035252768836181
2029946569687,2024/06/23 03:28:38,михАиЛ орЛов,+7(9902)19-42,3,АМуниция дЛЯ сОбак,1,1155.99,44.01,cOmpLeteD,Всё отлично!,2024/06/17,9035252768836181
2029946569687,2024/06/23 03:28:38,михАиЛ орЛов,+7(9902)19-42,1,корм Для СобАК,5,2251.2,248.8,cOmPlETed,Всё отлично!,2024/06/17,9035252768836181
2029946568150,2024/06/10 20:50:10,еЛеНА НОвИКОва,8(9816) 64-69,3,АмУнИЦиЯ длЯ соБАК,1,1031.65,168.35,CaNCeLLed,спасибо за заказ,2024/06/16,5945946043952332
2029946568150,2024/06/10 20:50:10,еЛеНА НОвИКОва,8(9816) 64-69,1,корм для сОбАК,5,2102.29,397.71,cAnceLLed,спасибо за заказ,2024/06/16,5945946043952332
2029946568150,2024/06/10 20:50:10,еЛеНА НОвИКОва,8(9816) 64-69,1,КОрМ ДлЯ СОбАк,4,1789.82,210.18,canceLleD,спасибо за заказ,2024/06/16,5945946043952332
2029946568150,2024/06/10 20:50:10,еЛеНА НОвИКОва,8(9816) 64-69,5,моЛОКо,4,11012.68,987.32,CaNceLlED,спасибо за заказ,2024/06/16,5945946043952332
2029946567802,2024-06-16 16:37:26,СерГей сидоРоВ,+7(9956)59-99,3,амунИцИЯ ДЛя сОбак,4,4369.35,430.65,CANcELleD,"Задержка с доставкой, печалька...",06.06.2024,2058731434030097
2029946567802,2024-06-16 16:37:26,СерГей сидоРоВ,+7(9956)59-99,4,ПОдПисКА На гАзЕТУ,5,2906.73,93.27,cANcELled,"Задержка с доставкой, печалька...",06.06.2024,2058731434030097
2029946566390,2024/06/26 01:08:06,алЕксеЙ михаЙЛОв,+7(9887)17-82,3,АМУниЦИЯ для сОБак,3,3554.45,45.55,cOmpLetEd,Проверить наличие,02.06.2024,1202032677794849
2029946566390,2024/06/26 01:08:06,алЕксеЙ михаЙЛОв,+7(9887)17-82,5,моЛОко,1,2599.56,400.44,CoMpLetED,Проверить наличие,02.06.2024,1202032677794849
2029946566390,2024/06/26 01:08:06,алЕксеЙ михаЙЛОв,+7(9887)17-82,3,АмУНИция дЛя сОбАк,5,5756.88,243.12,CompLetEd,Проверить наличие,02.06.2024,1202032677794849
2029946566390,2024/06/26 01:08:06,алЕксеЙ михаЙЛОв,+7(9887)17-82,2,ИГРУШкА МяЧ,1,261.33,38.67,COmPlEtEd,Проверить наличие,02.06.2024,1202032677794849
2029946566390,2024/06/26 01:08:06,алЕксеЙ михаЙЛОв,+7(9887)17-82,3,аМУНиЦИя ДлЯ СОБАК,4,4770.92,29.08,compLEtED,Проверить наличие,02.06.2024,1202032677794849
2029946565188,24.06.2024 01:57,нАТаЛЬя вАсИЛЬЕВа,+7 9778 11 63,2,иГрушкА МЯЧ,1,285.2,14.8,CaNcElled,"Задержка с доставкой, печалька...",2024/06/28,1437612344305420
2029946565188,24.06.2024 01:57,нАТаЛЬя вАсИЛЬЕВа,+7 9778 11 63,5,МоЛоКО,4,9682.66,2317.34,CancElleD,"Задержка с доставкой, печалька...",2024/06/28,1437612344305420
2029946565188,24.06.2024 01:57,нАТаЛЬя вАсИЛЬЕВа,+7 9778 11 63,2,ИгРУшКа МЯЧ,2,556.82,43.18,caNCeLlEd,"Задержка с доставкой, печалька...",2024/06/28,1437612344305420
2029946565188,24.06.2024 01:57,нАТаЛЬя вАсИЛЬЕВа,+7 9778 11 63,2,иГРушКа МЯч,1,249.86,50.14,CaNcElLED,"Задержка с доставкой, печалька...",2024/06/28,1437612344305420
2029946564955,07.06.2024 06:19,михАил орлОв,+7(9467)70-94,1,КоРМ дЛя сОбАК,4,1959.75,40.25,CaNceLleD,Проверить наличие,2024-06-22,9603482586510902
2029946564955,07.06.2024 06:19,михАил орлОв,+7(9467)70-94,1,коРм длЯ СОБАк,3,1200.99,299.01,CaNCELLEd,Проверить наличие,2024-06-22,9603482586510902
2029946564955,07.06.2024 06:19,михАил орлОв,+7(9467)70-94,1,КОРМ ДЛЯ собАК,3,1494.85,5.15,canCelLeD,Проверить наличие,2024-06-22,9603482586510902
2029946563756,20.06.2024 03:17,АлекСеЙ МиХАЙЛоВ,8(9440) 89-83,5,моЛОКо,2,5416.33,583.67,pRocEssiNG,Нужно уточнить сроки,2024/06/13,6760154153865780
2029946563756,20.06.2024 03:17,АлекСеЙ МиХАЙЛоВ,8(9440) 89-83,1,КоРм ДЛЯ СОбаК,4,1638.03,361.97,ProcEsSInG,Нужно уточнить сроки,2024/06/13,6760154153865780
2029946563756,20.06.2024 03:17,АлекСеЙ МиХАЙЛоВ,8(9440) 89-83,3,аМуНИция ДЛя СОБаК,1,1162.79,37.21,pRoceSsINg,Нужно уточнить сроки,2024/06/13,6760154153865780
2029946563756,20.06.2024 03:17,АлекСеЙ МиХАЙЛоВ,8(9440) 89-83,5,МоЛОКО,2,5534.83,465.17,proCESsIng,Нужно уточнить сроки,2024/06/13,6760154153865780
2029946563756,20.06.2024 03:17,АлекСеЙ МиХАЙЛоВ,8(9440) 89-83,2,игруШка мяч,4,1152.73,47.27,PrOcEssInG,Нужно уточнить сроки,2024/06/13,6760154153865780
2029946562563,2024-06-04 12:46:36,МариЯ ПеТрОва,+7(9195)77-16,4,пОдПиСка НА гАзЕтУ,5,2489.39,510.61,PROcESsINg,подарок вовремя,22.06.2024,1282771555600592
2029946562563,2024-06-04 12:46:36,МариЯ ПеТрОва,+7(9195)77-16,1,коРм длЯ СОбаК,4,1718.51,281.49,PrOCesSing,подарок вовремя,22.06.2024,1282771555600592
2029946562563,2024-06-04 12:46:36,МариЯ ПеТрОва,+7(9195)77-16,3,АмУНиЦИя ДлЯ сОБАк,3,3156.45,443.55,PrOcessING,подарок вовремя,22.06.2024,1282771555600592
2029946562563,2024-06-04 12:46:36,МариЯ ПеТрОва,+7(9195)77-16,5,МОЛОКо,5,12634.35,2365.65,PRoCEsSiNg,подарок вовремя,22.06.2024,1282771555600592
2029946561395,2024-06-30 09:38:25,ОЛьГА кУзнецоВа,+7(9063)48-95,4,ПоДПиСКа нА ГазЕТУ,3,1739.94,60.06,prOCESSInG,Проверить наличие,2024/06/09,5588546427177592
2029946561395,2024-06-30 09:38:25,ОЛьГА кУзнецоВа,+7(9063)48-95,1,Корм ДЛЯ соБаК,5,2085.26,414.74,pROceSSING,Проверить наличие,2024/06/09,5588546427177592
2029946560687,2024/06/01 14:53:50,ЕЛена НОВикова,8(9640) 35-87,2,игРУшКА МЯч,1,259.28,40.72,compleTed,Нужно уточнить сроки,16.06.2024,6207460603520264
2029946560687,2024/06/01 14:53:50,ЕЛена НОВикова,8(9640) 35-87,5,мОлОкО,4,11064.89,935.11,ComPlETED,Нужно уточнить сроки,16.06.2024,6207460603520264
2029946559454,2024/06/10 04:00:04,МариЯ пЕтрОВа,8(9630) 79-39,2,ИГрушка мяЧ,5,1282.97,217.03,coMpleTeD,Всё отлично!,2024-06-22,1428434960715817
2029946559454,2024/06/10 04:00:04,МариЯ пЕтрОВа,8(9630) 79-39,4,поДпиСКа На ГАзЕту,3,1465.42,334.58,COmPleTed,Всё отлично!,2024-06-22,1428434960715817
2029946559454,2024/06/10 04:00:04,МариЯ пЕтрОВа,8(9630) 79-39,2,иГРушкА мяЧ,5,1438.15,61.85,ComplEtED,Всё отлично!,2024-06-22,1428434960715817
2029946558364,2024-06-17 17:50:20,мИХАИл ОрлОв,+7 9503 24 03,4,подпИСка нА гАзЕТУ,2,1094.1,105.9,CaNceLLed,Всё отлично!,2024-06-06,4495479631064053
2029946557248,2024-06-16 01:20:56,Анна смИРнОва,8(9007) 90-87,5,мОлОкО,5,13653.78,1346.22,CANCelLeD,Всё отлично!,08.06.2024,4757620883604513
2029946556263,2024/06/12 01:07:25,ЕЛена нОвиКОВа,+7 9892 48 04,3,АМуницИЯ дЛя СОбАК,5,5104.68,895.32,COmplEtED,спасибо за заказ,01.06.2024,0963822455520212
2029946556263,2024/06/12 01:07:25,ЕЛена нОвиКОВа,+7 9892 48 04,2,ИгРуШКа МяЧ,2,502.88,97.12,COmPLeTeD,спасибо за заказ,01.06.2024,0963822455520212
2029946556263,2024/06/12 01:07:25,ЕЛена нОвиКОВа,+7 9892 48 04,3,АМУнициЯ ДЛЯ соБаК,3,3442.19,157.81,compLeTed,спасибо за заказ,01.06.2024,0963822455520212
2029946555278,2024-06-21 12:56:02,маРИЯ ПеТрОвА,+7 9804 65 16,3,амуНИЦия Для собАК,4,4181.61,618.39,PROcEsSiNG,"Задержка с доставкой, печалька...",23.06.2024,9761405173626314
2029946555278,2024-06-21 12:56:02,маРИЯ ПеТрОвА,+7 9804 65 16,3,АмуНиЦия для СОБаК,3,3395.09,204.91,proceSsINg,"Задержка с доставкой, печалька...",23.06.2024,9761405173626314
2029946555278,2024-06-21 12:56:02,маРИЯ ПеТрОвА,+7 9804 65 16,3,АмУнИЦИЯ ДЛЯ СоБАк,5,4965.61,1034.39,PRoCESSInG,"Задержка с доставкой, печалька...",23.06.2024,9761405173626314
2029946555278,2024-06-21 12:56:02,маРИЯ ПеТрОвА,+7 9804 65 16,5,МОлоКО,5,13668.12,1331.88,pRoCeSsing,"Задержка с доставкой, печалька...",23.06.2024,9761405173626314
2029946554938,13.06.2024 15:10,дмИТриЙ КузнЕЦОВ,+7(9292)02-08,1,КОрМ длЯ сОБАК,4,1877.91,122.09,caNcellED,подарок вовремя,19.06.2024,6467911609244339
2029946554938,13.06.2024 15:10,дмИТриЙ КузнЕЦОВ,+7(9292)02-08,3,АмУНиЦия дЛЯ сОБАК,4,4251.11,548.89,CanCeLLeD,подарок вовремя,19.06.2024,6467911609244339
2029946553689,17.06.2024 07:07,маРИЯ ПеТрОвА,+7(9946)26-53,1,кОрм ДЛя СОбАк,5,2368.67,131.33,COmPleTed,спасибо за заказ,10.06.2024,9979000617338659
2029946553689,17.06.2024 07:07,маРИЯ ПеТрОвА,+7(9946)26-53,1,корм дЛя СобАК,1,468.95,31.05,CoMpleteD,спасибо за заказ,10.06.2024,9979000617338659
2029946553689,17.06.2024 07:07,маРИЯ ПеТрОвА,+7(9946)26-53,3,аМуНИЦИЯ для СОбаК,5,5894.92,105.08,complETed,спасибо за заказ,10.06.2024,9979000617338659
2029946553689,17.06.2024 07:07,маРИЯ ПеТрОвА,+7(9946)26-53,5,мОлОКо,4,10490.46,1509.54,cOMpleted,спасибо за заказ,10.06.2024,9979000617338659
2029946552814,2024-06-12 09:39:27,МИхАиЛ ОРЛОВ,+7(9586)69-74,4,ПоДПИСКа на ГАЗЕту,3,1790.22,9.78,PrOCessIng,"Задержка с доставкой, печалька...",2024-06-23,0228799135440263
2029946552814,2024-06-12 09:39:27,МИхАиЛ ОРЛОВ,+7(9586)69-74,4,ПодпИсКа На ГАЗЕтУ,5,2820.29,179.71,procEsSinG,"Задержка с доставкой, печалька...",2024-06-23,0228799135440263
2029946552814,2024-06-12 09:39:27,МИхАиЛ ОРЛОВ,+7(9586)69-74,4,подпискА НА газеТУ,3,1572.79,227.21,PRoCESsIng,"Задержка с доставкой, печалька...",2024-06-23,0228799135440263
2029946552814,2024-06-12 09:39:27,МИхАиЛ ОРЛОВ,+7(9586)69-74,2,иГрушка МяЧ,5,1453.28,46.72,prOcesSiNG,"Задержка с доставкой, печалька...",2024-06-23,0228799135440263
2029946551214,2024/06/09 04:40:18,ОЛЬГА кузНецОВА,+7 9163 89 81,2,ИгруШКА МЯЧ,3,781.15,118.85,PRocESsing,спасибо за заказ,2024-06-22,9185729120016147
2029946551214,2024/06/09 04:40:18,ОЛЬГА кузНецОВА,+7 9163 89 81,5,мОЛоко,5,14659.43,340.57,prOcEssinG,спасибо за заказ,2024-06-22,9185729120016147
2029946550468,25.06.2024 08:24,ИвАН иВАноВ,+7 9836 71 34,1,КОрм ДЛя сОБак,3,1479.23,20.77,CAncelled,подарок вовремя,2024/06/28,9472618851855394
2029946550468,25.06.2024 08:24,ИвАН иВАноВ,+7 9836 71 34,2,ИГрУШКА Мяч,4,1168.97,31.03,caNcElLED,подарок вовремя,2024/06/28,9472618851855394
2029946550468,25.06.2024 08:24,ИвАН иВАноВ,+7 9836 71 34,1,кОрм Для СоБак,2,883.94,116.06,CAnCEllEd,подарок вовремя,2024/06/28,9472618851855394
2029946549405,2024-06-02 05:34:42,Анна СмиРноВА,+7(9899)16-19,5,МОлОкО,4,11090.33,909.67,canceLleD,подарок вовремя,2024/06/26,9811430188018953
2029946549405,2024-06-02 05:34:42,Анна СмиРноВА,+7(9899)16-19,2,ИгРУШКА МЯЧ,2,596.2,3.8,caNCelled,подарок вовремя,2024/06/26,9811430188018953
2029946549405,2024-06-02 05:34:42,Анна СмиРноВА,+7(9899)16-19,2,ИГрушКа мяЧ,4,1042.29,157.71,CANcElLeD,подарок вовремя,2024/06/26,9811430188018953
2029946549405,2024-06-02 05:34:42,Анна СмиРноВА,+7(9899)16-19,5,моЛоко,4,11000.96,999.04,CANCeLleD,подарок вовремя,2024/06/26,9811430188018953
2029946548707,07.06.2024 06:47,сЕРГЕЙ СидОРОВ,8(9537) 36-09,4,ПоДПиСКА на гАзЕтУ,4,2013.41,386.59,prOCeSsiNg,Ждём с нетерпением!,26.06.2024,4804398886534442
2029946548707,07.06.2024 06:47,сЕРГЕЙ СидОРОВ,8(9537) 36-09,5,МОЛОкО,1,2499.88,500.12,ProcessinG,Ждём с нетерпением!,26.06.2024,4804398886534442
2029946548707,07.06.2024 06:47,сЕРГЕЙ СидОРОВ,8(9537) 36-09,3,амунИЦиЯ дЛя собАК,1,1037.93,162.07,pROcessiNg,Ждём с нетерпением!,26.06.2024,4804398886534442
2029946547473,2024-06-25 19:50:23,ДмиТрИй КузнецОВ,+7 9826 42 66,4,ПОДПИсКа нА гАЗЕту,5,2946.16,53.84,pRocESsiNg,Ждём с нетерпением!,24.06.2024,5481099540693908
2029946546318,2024/06/28 20:24:07,еленА новиКова,+7 9701 30 31,4,подпИсКа На гАзЕтУ,5,2742.5,257.5,canCELLEd,"Задержка с доставкой, печалька...",2024/06/28,2358710094900723
2029946546318,2024/06/28 20:24:07,еленА новиКова,+7 9701 30 31,2,иГРуШКА мяЧ,1,295.26,4.74,CAncELleD,"Задержка с доставкой, печалька...",2024/06/28,2358710094900723
2029946545670,2024/06/13 20:37:33,еЛЕнА нОВИКоВа,+7(9201)59-50,1,кОРм ДлЯ сОБак,4,1875.13,124.87,coMPlETeD,подарок вовремя,2024/06/03,7689716714960100
2029946545670,2024/06/13 20:37:33,еЛЕнА нОВИКоВа,+7(9201)59-50,2,ИгрушКА МЯЧ,4,1162.67,37.33,cOMpLeteD,подарок вовремя,2024/06/03,7689716714960100
2029946544797,2024-06-29 04:05:00,МарИя ПеТРОва,+7 9555 19 22,4,ПоДПискА НА ГАзету,4,2271.7,128.3,cANCeLLed,подарок вовремя,2024-06-17,2909765034667149
2029946544797,2024-06-29 04:05:00,МарИя ПеТРОва,+7 9555 19 22,1,КОрм длЯ сОбАК,4,1663.94,336.06,CaNcELLED,подарок вовремя,2024-06-17,2909765034667149
2029946544797,2024-06-29 04:05:00,МарИя ПеТРОва,+7 9555 19 22,2,игрушкА МЯЧ,3,826.52,73.48,cANCeLLED,подарок вовремя,2024-06-17,2909765034667149
2029946544797,2024-06-29 04:05:00,МарИя ПеТРОва,+7 9555 19 22,3,АмунИЦия для собак,5,5500.53,499.47,CancELleD,подарок вовремя,2024-06-17,2909765034667149
2029946544797,2024-06-29 04:05:00,МарИя ПеТРОва,+7 9555 19 22,1,КорМ дЛЯ СоБак,4,1622.38,377.62,CAnCeLleD,подарок вовремя,2024-06-17,2909765034667149
2029946543904,10.06.2024 12:36,ОлЬга КуЗНеЦоВа,+7(9578)44-48,1,Корм ДлЯ сОбаК,1,424.0,76.0,comPLETed,Проверить наличие,2024/06/27,3747090901842241
2029946543904,10.06.2024 12:36,ОлЬга КуЗНеЦоВа,+7(9578)44-48,5,молоКо,1,2492.3,507.7,compLEtEd,Проверить наличие,2024/06/27,3747090901842241
2029946543904,10.06.2024 12:36,ОлЬга КуЗНеЦоВа,+7(9578)44-48,2,иГруШкА мЯЧ,2,589.04,10.96,ComPLETeD,Проверить наличие,2024/06/27,3747090901842241
2029946542848,04.06.2024 10:38,АлеКСЕЙ михАйлов,8(9112) 36-40,3,аМунИЦиЯ дЛя собаК,1,1072.31,127.69,PrOCeSSInG,Нужно уточнить сроки,20.06.2024,3212194762130187
2029946542848,04.06.2024 10:38,АлеКСЕЙ михАйлов,8(9112) 36-40,3,аМунИЦия Для СоБАК,3,3534.09,65.91,pROcEsSiNg,Нужно уточнить сроки,20.06.2024,3212194762130187
2029946542848,04.06.2024 10:38,АлеКСЕЙ михАйлов,8(9112) 36-40,5,МолОко,4,10266.48,1733.52,PrOCessiNg,Нужно уточнить сроки,20.06.2024,3212194762130187
2029946542848,04.06.2024 10:38,АлеКСЕЙ михАйлов,8(9112) 36-40,2,игрУшкА мяч,2,492.93,107.07,pRoCesSinG,Нужно уточнить сроки,20.06.2024,3212194762130187
2029946542848,04.06.2024 10:38,АлеКСЕЙ михАйлов,8(9112) 36-40,1,КОрМ дЛя СобАК,4,1715.49,284.51,pRocEsSIng,Нужно уточнить сроки,20.06.2024,3212194762130187
2029946541732,2024-06-15 08:44:36,аНнА СмИРновА,+7 9432 07 95,3,АмуНИцИя длЯ соБАК,3,3127.6,472.4,PRoCEsSIng,спасибо за заказ,2024/06/18,0220106706348534
2029946541732,2024-06-15 08:44:36,аНнА СмИРновА,+7 9432 07 95,4,поДПиска НА ГАЗЕТу,3,1551.19,248.81,prOCESSInG,спасибо за заказ,2024/06/18,0220106706348534
2029946540475,2024-06-30 20:01:07,АННА смирНоВа,8(9150) 39-78,4,пОДпИсКа НА ГАзету,5,2829.68,170.32,cAncElLeD,Ждём с нетерпением!,28.06.2024,0110348527134382
2029946540475,2024-06-30 20:01:07,АННА смирНоВа,8(9150) 39-78,4,ПОДпИска На ГаЗеТУ,2,1046.14,153.86,cANCELLEd,Ждём с нетерпением!,28.06.2024,0110348527134382
2029946540475,2024-06-30 20:01:07,АННА смирНоВа,8(9150) 39-78,4,подпИСкА На газЕтУ,3,1675.63,124.37,CAncELLEd,Ждём с нетерпением!,28.06.2024,0110348527134382
2029946540475,2024-06-30 20:01:07,АННА смирНоВа,8(9150) 39-78,3,амуниЦия дЛЯ СоБАК,2,2201.51,198.49,CanCeLLED,Ждём с нетерпением!,28.06.2024,0110348527134382
2029946540475,2024-06-30 20:01:07,АННА смирНоВа,8(9150) 39-78,4,ПоДпИСКа нА гАзЕТУ,2,1174.67,25.33,CanCElLed,Ждём с нетерпением!,28.06.2024,0110348527134382
2029946539194,2024/06/30 21:03:44,АНна СМирНОвА,+7 9843 89 26,5,МОЛОКО,2,5014.6,985.4,PROcESsInG,Всё отлично!,2024/06/07,8263653889195598
2029946539194,2024/06/30 21:03:44,АНна СМирНОвА,+7 9843 89 26,5,мОлОКО,1,2889.08,110.92,pROcESsing,Всё отлично!,2024/06/07,8263653889195598
2029946539194,2024/06/30 21:03:44,АНна СМирНОвА,+7 9843 89 26,3,АМУниЦИя ДлЯ сОбаК,5,4954.98,1045.02,PRocESSIng,Всё отлично!,2024/06/07,8263653889195598
2029946539194,2024/06/30 21:03:44,АНна СМирНОвА,+7 9843 89 26,1,КОРМ ДЛя СОБак,4,1990.25,9.75,PRoCESsInG,Всё отлично!,2024/06/07,8263653889195598
2029946539194,2024/06/30 21:03:44,АНна СМирНОвА,+7 9843 89 26,3,АмУницИя ДЛЯ собАк,5,5315.04,684.96,ProCEsSiNg,Всё отлично!,2024/06/07,8263653889195598
2029946538835,2024-06-06 01:21:07,МаРИя ПЕТроВА,+7(9782)99-86,1,коРМ дЛЯ сОбАК,1,495.95,4.05,pRocEsSiNg,Ждём с нетерпением!,21.06.2024,4658144569467390
2029946538835,2024-06-06 01:21:07,МаРИя ПЕТроВА,+7(9782)99-86,3,амУниЦиЯ дЛЯ СоБАк,5,5182.4,817.6,pROcESsInG,Ждём с нетерпением!,21.06.2024,4658144569467390
2029946538835,2024-06-06 01:21:07,МаРИя ПЕТроВА,+7(9782)99-86,1,кОрм ДЛя собАк,4,1783.21,216.79,PROcesSiNg,Ждём с нетерпением!,21.06.2024,4658144569467390
2029946538835,2024-06-06 01:21:07,МаРИя ПЕТроВА,+7(9782)99-86,3,АмУНициЯ ДЛя соБаК,5,5882.66,117.34,PrOCeSsING,Ждём с нетерпением!,21.06.2024,4658144569467390
2029946538835,2024-06-06 01:21:07,МаРИя ПЕТроВА,+7(9782)99-86,4,ПОДПИска на ГАзЕту,4,2122.83,277.17,ProCesSiNg,Ждём с нетерпением!,21.06.2024,4658144569467390
2029946537225,2024-06-14 18:37:38,мИХАиЛ орлОв,8(9088) 05-77,2,ИГРУшкА Мяч,2,504.67,95.33,CANCelleD,Нужно уточнить сроки,03.06.2024,9445942271099652
2029946537225,2024-06-14 18:37:38,мИХАиЛ орлОв,8(9088) 05-77,2,ИгРУШКа мяЧ,1,265.19,34.81,CanCelLEd,Нужно уточнить сроки,03.06.2024,9445942271099652
2029946537225,2024-06-14 18:37:38,мИХАиЛ орлОв,8(9088) 05-77,4,подПИсКА нА гАзЕту,1,486.89,113.11,cAnCELLeD,Нужно уточнить сроки,03.06.2024,9445942271099652
2029946536289,2024-06-22 08:32:56,ЕлеНА НоВИкОва,8(9440) 54-84,3,АмуНИЦия для СоБак,3,3587.18,12.82,pROcEsSiNG,спасибо за заказ,2024/06/11,1308155813079019
2029946536289,2024-06-22 08:32:56,ЕлеНА НоВИкОва,8(9440) 54-84,1,кОрМ дЛя соБАк,4,1975.12,24.88,PROCessing,спасибо за заказ,2024/06/11,1308155813079019
2029946536289,2024-06-22 08:32:56,ЕлеНА НоВИкОва,8(9440) 54-84,1,корм Для сОБАк,4,1837.49,162.51,PROCesSiNg,спасибо за заказ,2024/06/11,1308155813079019
2029946535987,2024-06-05 18:06:47,натальЯ ваСИльеВА,+7(9993)85-13,2,игрушка МЯч,1,271.96,28.04,cANceLLeD,спасибо за заказ,30.06.2024,1073798923386405
2029946535987,2024-06-05 18:06:47,натальЯ ваСИльеВА,+7(9993)85-13,3,АмУНицИЯ дЛЯ собАК,4,3976.17,823.83,CanCellEd,спасибо за заказ,30.06.2024,1073798923386405
2029946535987,2024-06-05 18:06:47,натальЯ ваСИльеВА,+7(9993)85-13,3,АмуниЦия дЛЯ собАК,1,1048.99,151.01,cANcElLeD,спасибо за заказ,30.06.2024,1073798923386405
2029946535987,2024-06-05 18:06:47,натальЯ ваСИльеВА,+7(9993)85-13,2,ИГрУшкА мяч,2,533.25,66.75,CANCeLleD,спасибо за заказ,30.06.2024,1073798923386405
2029946534668,19.06.2024 02:41,ивАН иВаноВ,+7 9008 19 51,2,ИГруШка мяч,2,590.28,9.72,ComPlEteD,подарок вовремя,29.06.2024,7804775285944023
2029946534668,19.06.2024 02:41,ивАН иВаноВ,+7 9008 19 51,4,ПоДПискА нА ГАЗЕТу,1,545.08,54.92,COMPLetED,подарок вовремя,29.06.2024,7804775285944023
2029946533204,2024/06/06 05:53:52,иВан ИвАнОв,+7(9034)31-51,3,аМуНИциЯ для СоБаК,4,4012.36,787.64,PROCessing,спасибо за заказ,27.06.2024,6812539774484534
2029946533204,2024/06/06 05:53:52,иВан ИвАнОв,+7(9034)31-51,4,подпиСКА на гаЗЕту,2,988.74,211.26,PrOCesSING,спасибо за заказ,27.06.2024,6812539774484534
2029946533204,2024/06/06 05:53:52,иВан ИвАнОв,+7(9034)31-51,5,МоЛоКо,2,5935.0,65.0,pRocEsSiNG,спасибо за заказ,27.06.2024,6812539774484534
2029946533204,2024/06/06 05:53:52,иВан ИвАнОв,+7(9034)31-51,2,игрУшкА мяч,2,577.01,22.99,prOceSSINg,спасибо за заказ,27.06.2024,6812539774484534
2029946533204,2024/06/06 05:53:52,иВан ИвАнОв,+7(9034)31-51,5,МОлоКО,3,8815.25,184.75,pROcEsSiNG,спасибо за заказ,27.06.2024,6812539774484534
2029946532151,2024/06/05 07:43:22,МАрИЯ ПеТРова,+7 9626 00 03,1,КоРМ ДЛя СОбаК,2,943.36,56.64,cAnCElleD,спасибо за заказ,19.06.2024,9668188380599530
2029946532151,2024/06/05 07:43:22,МАрИЯ ПеТРова,+7 9626 00 03,5,моЛОКО,1,2466.66,533.34,CaNCellEd,спасибо за заказ,19.06.2024,9668188380599530
2029946532151,2024/06/05 07:43:22,МАрИЯ ПеТРова,+7 9626 00 03,4,поДПиСкА НА гАзЕТУ,1,578.0,22.0,CanCElled,спасибо за заказ,19.06.2024,9668188380599530
2029946531139,05.06.2024 00:30,ИВАн ивАНоВ,+7(9377)94-27,2,ИгрУшКА мяч,3,893.44,6.56,pROcESSING,спасибо за заказ,2024-06-09,3672053693330119
2029946531139,05.06.2024 00:30,ИВАн ивАНоВ,+7(9377)94-27,1,Корм ДлЯ СоБак,4,1648.03,351.97,proCesSING,спасибо за заказ,2024-06-09,3672053693330119
2029946530363,2024-06-15 23:01:53,еленА НОвиКОВа,+7(9543)55-31,2,ИГрУшка МЯч,1,267.09,32.91,ComPLeTeD,Ждём с нетерпением!,2024-06-14,4964927606493898
2029946530363,2024-06-15 23:01:53,еленА НОвиКОВа,+7(9543)55-31,3,АМУниЦИЯ ДЛЯ соБак,1,968.65,231.35,CoMpLEtEd,Ждём с нетерпением!,2024-06-14,4964927606493898
2029946530363,2024-06-15 23:01:53,еленА НОвиКОВа,+7(9543)55-31,2,игРушкА мяч,3,868.68,31.32,COMpLETeD,Ждём с нетерпением!,2024-06-14,4964927606493898
2029946530363,2024-06-15 23:01:53,еленА НОвиКОВа,+7(9543)55-31,3,аМУниЦИЯ для соБАк,4,4129.5,670.5,coMplETed,Ждём с нетерпением!,2024-06-14,4964927606493898
2029946530363,2024-06-15 23:01:53,еленА НОвиКОВа,+7(9543)55-31,1,КорМ ДЛя соБАк,5,2079.11,420.89,ComPLeted,Ждём с нетерпением!,2024-06-14,4964927606493898
2029946529940,2024/06/30 10:36:11,сЕРГЕЙ сИДоров,+7(9178)21-26,4,ПоДПИСКА на гаЗЕту,2,1081.88,118.12,CaNceLLED,Ждём с нетерпением!,04.06.2024,3272632382014976
2029946529940,2024/06/30 10:36:11,сЕРГЕЙ сИДоров,+7(9178)21-26,5,МоЛОКо,1,2584.33,415.67,cancElLED,Ждём с нетерпением!,04.06.2024,3272632382014976
2029946529940,2024/06/30 10:36:11,сЕРГЕЙ сИДоров,+7(9178)21-26,4,ПОДПИска НА гаЗету,2,1151.31,48.69,cANCELLED,Ждём с нетерпением!,04.06.2024,3272632382014976
2029946528535,27.06.2024 21:52,СеРгЕЙ сидОрОв,+7 9491 09 76,1,КОРм дЛЯ соБаК,3,1235.56,264.44,CancelLED,подарок вовремя,2024-06-22,9616393390434406
2029946528535,27.06.2024 21:52,СеРгЕЙ сидОрОв,+7 9491 09 76,3,АмуниЦИЯ для соБАК,2,1961.26,438.74,CAncelLed,подарок вовремя,2024-06-22,9616393390434406
2029946528535,27.06.2024 21:52,СеРгЕЙ сидОрОв,+7 9491 09 76,4,ПодПИска НА ГаЗеТУ,2,998.63,201.37,canCeLLed,подарок вовремя,2024-06-22,9616393390434406
2029946528535,27.06.2024 21:52,СеРгЕЙ сидОрОв,+7 9491 09 76,5,молОКо,1,2592.51,407.49,CANcELleD,подарок вовремя,2024-06-22,9616393390434406
2029946528535,27.06.2024 21:52,СеРгЕЙ сидОрОв,+7 9491 09 76,5,Молоко,3,7516.56,1483.44,cANCEllED,подарок вовремя,2024-06-22,9616393390434406
2029946527971,2024-06-01 15:24:32,СерГЕй сидороВ,+7 9918 22 54,4,ПоДпискА НА гаЗЕтУ,3,1781.92,18.08,pRocEssinG,Ждём с нетерпением!,29.06.2024,6271459691905771
2029946527971,2024-06-01 15:24:32,СерГЕй сидороВ,+7 9918 22 54,3,АмУНИЦИЯ дЛя соБак,2,2249.64,150.36,PrOcESSInG,Ждём с нетерпением!,29.06.2024,6271459691905771
2029946527971,2024-06-01 15:24:32,СерГЕй сидороВ,+7 9918 22 54,2,ИГрУШКА мЯЧ,5,1353.13,146.87,pROCEsSInG,Ждём с нетерпением!,29.06.2024,6271459691905771
2029946527971,2024-06-01 15:24:32,СерГЕй сидороВ,+7 9918 22 54,3,АМуницИя ДлЯ собАк,2,2331.89,68.11,prOcEssING,Ждём с нетерпением!,29.06.2024,6271459691905771
2029946526366,06.06.2024 22:34,ЕЛеНа НоВикОВА,+7 9231 25 85,4,пОДписка на гАзЕТУ,3,1554.46,245.54,coMpLeTeD,спасибо за заказ,18.06.2024,9265065886337681
2029946525262,2024/06/12 23:21:24,михаИл орлОВ,+7(9467)05-99,5,МолоКо,1,2603.69,396.31,cOMPleteD,Проверить наличие,2024-06-09,9801050364735084
2029946524515,22.06.2024 09:00,оЛьГа КузнеЦоВА,+7 9151 68 44,4,ПОДписКА на гАЗету,2,1187.78,12.22,ComPLetEd,Ждём с нетерпением!,14.06.2024,1464908455117608
2029946524515,22.06.2024 09:00,оЛьГа КузнеЦоВА,+7 9151 68 44,2,иГрУШКА МяЧ,1,274.67,25.33,COmpLETEd,Ждём с нетерпением!,14.06.2024,1464908455117608
2029946524515,22.06.2024 09:00,оЛьГа КузнеЦоВА,+7 9151 68 44,1,кОРМ для СОбак,1,489.69,10.31,comPLETed,Ждём с нетерпением!,14.06.2024,1464908455117608
2029946524515,22.06.2024 09:00,оЛьГа КузнеЦоВА,+7 9151 68 44,5,мОлоКО,4,10984.68,1015.32,comPLeTED,Ждём с нетерпением!,14.06.2024,1464908455117608
2029946523909,23.06.2024 13:58,АНнА СмирНОВА,8(9806) 64-55,5,МоЛОКо,1,2692.93,307.07,CAncElLeD,Ждём с нетерпением!,17.06.2024,2347265741146164
2029946523909,23.06.2024 13:58,АНнА СмирНОВА,8(9806) 64-55,2,игРУшкА мяч,3,726.98,173.02,CaNCeLleD,Ждём с нетерпением!,17.06.2024,2347265741146164
2029946523909,23.06.2024 13:58,АНнА СмирНОВА,8(9806) 64-55,5,МОлОКО,5,13997.68,1002.32,CaNCeLleD,Ждём с нетерпением!,17.06.2024,2347265741146164
2029946522134,2024/06/02 13:47:52,аннА сМИРнОВа,8(9274) 35-71,2,игРуШКа МЯЧ,2,564.02,35.98,cOmpLEteD,спасибо за заказ,2024/06/23,8706083527232451
2029946522134,2024/06/02 13:47:52,аннА сМИРнОВа,8(9274) 35-71,4,ПоДПиСкА на гАЗЕТу,2,1020.63,179.37,COmpLetED,спасибо за заказ,2024/06/23,8706083527232451
2029946522134,2024/06/02 13:47:52,аннА сМИРнОВа,8(9274) 35-71,1,коРм Для СОбАк,5,2235.38,264.62,COmpleted,спасибо за заказ,2024/06/23,8706083527232451
2029946521148,2024/06/11 08:44:26,ольГа КузнЕцОВа,8(9172) 69-48,5,МОлоКо,2,5612.77,387.23,procesSING,подарок вовремя,2024/06/26,4313021052978223
2029946520317,2024/06/11 18:47:54,марИЯ пЕтРовА,+7 9123 52 20,1,кОРм ДлЯ сОбАк,2,815.61,184.39,CompLETEd,"Задержка с доставкой, печалька...",2024/06/23,5994682253260151
2029946520317,2024/06/11 18:47:54,марИЯ пЕтРовА,+7 9123 52 20,1,корМ ДЛЯ СоБаК,4,1628.56,371.44,CoMPlEted,"Задержка с доставкой, печалька...",2024/06/23,5994682253260151
2029946520317,2024/06/11 18:47:54,марИЯ пЕтРовА,+7 9123 52 20,2,игруШка мяч,2,527.28,72.72,COMPLEtED,"Задержка с доставкой, печалька...",2024/06/23,5994682253260151
2029946520317,2024/06/11 18:47:54,марИЯ пЕтРовА,+7 9123 52 20,5,МОлоКО,3,8364.88,635.12,cOmpLEtEd,"Задержка с доставкой, печалька...",2024/06/23,5994682253260151
2029946520317,2024/06/11 18:47:54,марИЯ пЕтРовА,+7 9123 52 20,5,МОЛоКО,1,2738.04,261.96,CoMPLEted,"Задержка с доставкой, печалька...",2024/06/23,5994682253260151
2029946519907,2024-06-17 21:42:50,серГЕй СИдоРоВ,+7 9395 21 97,4,ПОДпИска нА ГазЕтУ,3,1782.87,17.13,pRoceSSinG,Проверить наличие,2024/06/25,1985279595196140
2029946519907,2024-06-17 21:42:50,серГЕй СИдоРоВ,+7 9395 21 97,4,ПоДпИскА нА ГаЗетУ,2,1058.12,141.88,prOCESSiNg,Проверить наличие,2024/06/25,1985279595196140
2029946519907,2024-06-17 21:42:50,серГЕй СИдоРоВ,+7 9395 21 97,1,корм ДЛя СОБАК,2,816.58,183.42,pROCESSiNg,Проверить наличие,2024/06/25,1985279595196140
2029946519907,2024-06-17 21:42:50,серГЕй СИдоРоВ,+7 9395 21 97,2,иГрУшКа МЯЧ,3,824.13,75.87,pROcessiNG,Проверить наличие,2024/06/25,1985279595196140
2029946518168,2024-06-23 08:09:55,МИХАил ОрЛов,8(9835) 54-96,3,АмУНиЦИЯ Для соБАк,5,4901.12,1098.88,PRoceSsiNG,спасибо за заказ,20.06.2024,2152458274306535
2029946518168,2024-06-23 08:09:55,МИХАил ОрЛов,8(9835) 54-96,4,ПОдпИСкА На ГАЗету,4,2231.61,168.39,ProcEssiNG,спасибо за заказ,20.06.2024,2152458274306535
2029946518168,2024-06-23 08:09:55,МИХАил ОрЛов,8(9835) 54-96,2,ИГРушкА МЯЧ,1,291.36,8.64,processing,спасибо за заказ,20.06.2024,2152458274306535
2029946517434,27.06.2024 12:46,нАтаЛья васИЛЬЕвА,8(9900) 51-21,2,ИГРУшКА Мяч,2,530.11,69.89,pROCeSSING,Нужно уточнить сроки,2024/06/05,4706462282953697
2029946516194,2024-06-22 05:31:51,дмИтрИЙ кузНеЦоВ,+7 9798 10 53,4,пОДПИска на ГазЕТу,5,2929.94,70.06,PROcESsiNG,спасибо за заказ,2024/06/09,7598507903317318
2029946516194,2024-06-22 05:31:51,дмИтрИЙ кузНеЦоВ,+7 9798 10 53,1,кОрМ длЯ сОбак,4,1620.5,379.5,PROCeSsInG,спасибо за заказ,2024/06/09,7598507903317318
2029946516194,2024-06-22 05:31:51,дмИтрИЙ кузНеЦоВ,+7 9798 10 53,2,ИГРуШка МяЧ,5,1213.79,286.21,prOCeSSing,спасибо за заказ,2024/06/09,7598507903317318
2029946515514,2024-06-10 02:22:11,михаил оРЛОв,+7(9267)09-29,3,аМУнИЦИя для сОбаК,3,2918.36,681.64,COmpLETeD,подарок вовремя,2024/06/13,4397657047843577
2029946515514,2024-06-10 02:22:11,михаил оРЛОв,+7(9267)09-29,5,МолоКо,2,5433.63,566.37,CompleTEd,подарок вовремя,2024/06/13,4397657047843577
2029946514587,27.06.2024 04:24,дМитриЙ кУзНЕЦОВ,+7(9019)29-87,5,мОЛокО,3,7653.16,1346.84,pRocesSIng,"Задержка с доставкой, печалька...",2024/06/02,2715499673670072
2029946514587,27.06.2024 04:24,дМитриЙ кУзНЕЦОВ,+7(9019)29-87,4,ПодПИсКа НА ГаЗетУ,1,510.62,89.38,proCessIng,"Задержка с доставкой, печалька...",2024/06/02,2715499673670072
2029946514587,27.06.2024 04:24,дМитриЙ кУзНЕЦОВ,+7(9019)29-87,1,кОрм ДЛЯ собаК,2,968.46,31.54,PROcEsSINg,"Задержка с доставкой, печалька...",2024/06/02,2715499673670072
2029946514587,27.06.2024 04:24,дМитриЙ кУзНЕЦОВ,+7(9019)29-87,5,МОлОКО,4,11519.77,480.23,prOceSsinG,"Задержка с доставкой, печалька...",2024/06/02,2715499673670072
2029946514587,27.06.2024 04:24,дМитриЙ кУзНЕЦОВ,+7(9019)29-87,3,АМуниЦиЯ длЯ СоБаК,3,3195.73,404.27,pROCEsSIng,"Задержка с доставкой, печалька...",2024/06/02,2715499673670072
2029946513487,28.06.2024 20:33,мАриЯ ПЕтРоВа,+7(9677)27-02,4,ПОДпИсКа На ГаЗеТУ,2,1117.4,82.6,CaNceLled,Ждём с нетерпением!,04.06.2024,1334939532762993
2029946513487,28.06.2024 20:33,мАриЯ ПЕтРоВа,+7(9677)27-02,3,АмУНИциЯ дЛЯ собАк,4,4430.49,369.51,CAnCelLED,Ждём с нетерпением!,04.06.2024,1334939532762993
2029946513487,28.06.2024 20:33,мАриЯ ПЕтРоВа,+7(9677)27-02,4,поДПиСКа на гАзЕтУ,1,597.09,2.91,caNCeLLed,Ждём с нетерпением!,04.06.2024,1334939532762993
2029946513487,28.06.2024 20:33,мАриЯ ПЕтРоВа,+7(9677)27-02,2,ИгРушкА МЯч,3,823.35,76.65,cAnCelled,Ждём с нетерпением!,04.06.2024,1334939532762993
2029946513487,28.06.2024 20:33,мАриЯ ПЕтРоВа,+7(9677)27-02,5,мОлОкО,4,10712.99,1287.01,CANcelLED,Ждём с нетерпением!,04.06.2024,1334939532762993
2029946512926,20.06.2024 17:11,иваН иВАнОв,+7(9785)64-21,4,пОДпИСкА на ГаЗеТу,1,574.15,25.85,cOmpleted,Проверить наличие,2024/06/05,9361481358265278
2029946512926,20.06.2024 17:11,иваН иВАнОв,+7(9785)64-21,3,АМУниция ДлЯ собаК,1,1093.2,106.8,CoMpLetEd,Проверить наличие,2024/06/05,9361481358265278
2029946512926,20.06.2024 17:11,иваН иВАнОв,+7(9785)64-21,5,молоКО,2,4808.49,1191.51,compLETED,Проверить наличие,2024/06/05,9361481358265278
2029946512926,20.06.2024 17:11,иваН иВАнОв,+7(9785)64-21,2,иГрушка мЯч,4,971.47,228.53,cOMPlETed,Проверить наличие,2024/06/05,9361481358265278
2029946511210,2024/06/26 13:58:23,НаТАлья вАсиЛЬЕВА,8(9612) 14-45,1,КОРМ дЛЯ сОбАК,3,1298.3,201.7,comPlETEd,Всё отлично!,06.06.2024,2236161930219893
2029946511210,2024/06/26 13:58:23,НаТАлья вАсиЛЬЕВА,8(9612) 14-45,1,КОРМ длЯ сОБаК,3,1275.59,224.41,Completed,Всё отлично!,06.06.2024,2236161930219893
2029946511210,2024/06/26 13:58:23,НаТАлья вАсиЛЬЕВА,8(9612) 14-45,2,ИгРУшкА мяЧ,5,1204.11,295.89,ComplEteD,Всё отлично!,06.06.2024,2236161930219893
2029946511210,2024/06/26 13:58:23,НаТАлья вАсиЛЬЕВА,8(9612) 14-45,1,корМ длЯ собак,4,1779.81,220.19,complEtED,Всё отлично!,06.06.2024,2236161930219893
2029946510712,21.06.2024 18:40,мАрия ПетРовА,+7(9255)47-75,1,КоРМ для собАк,5,2246.56,253.44,cAnCelLED,Проверить наличие,2024/06/10,3340538465037452
2029946510712,21.06.2024 18:40,мАрия ПетРовА,+7(9255)47-75,3,амунИЦИя дЛя сОбАК,4,4403.85,396.15,caNceLLED,Проверить наличие,2024/06/10,3340538465037452
2029946510712,21.06.2024 18:40,мАрия ПетРовА,+7(9255)47-75,4,ПоДПискА На ГАзеТУ,2,1126.82,73.18,cANCeLlED,Проверить наличие,2024/06/10,3340538465037452
2029946510712,21.06.2024 18:40,мАрия ПетРовА,+7(9255)47-75,4,поДписКА нА ГазЕту,5,2668.25,331.75,CaNCelled,Проверить наличие,2024/06/10,3340538465037452
2029946509753,27.06.2024 15:33,СеРгЕЙ сИДоРОв,8(9894) 45-94,1,кОРм ДЛЯ СоБАК,1,466.03,33.97,cOMPlETED,Всё отлично!,2024-06-05,1557720846231471
2029946509753,27.06.2024 15:33,СеРгЕЙ сИДоРОв,8(9894) 45-94,2,иГрушКа МяЧ,1,264.01,35.99,comPLetEd,Всё отлично!,2024-06-05,1557720846231471
2029946509753,27.06.2024 15:33,СеРгЕЙ сИДоРОв,8(9894) 45-94,2,ИгруШКа МяЧ,1,262.79,37.21,comPLeted,Всё отлично!,2024-06-05,1557720846231471
2029946508657,2024-06-03 05:11:59,наталья васИЛьеВА,8(9441) 83-43,4,ПодпиСКа НА гАзеТу,1,494.16,105.84,caNceLlED,Проверить наличие,2024-06-29,2188355220245301
2029946508657,2024-06-03 05:11:59,наталья васИЛьеВА,8(9441) 83-43,1,кОрм для СоБаК,1,447.77,52.23,cAncElLed,Проверить наличие,2024-06-29,2188355220245301
2029946508657,2024-06-03 05:11:59,наталья васИЛьеВА,8(9441) 83-43,2,ИгРУШкА мЯЧ,2,493.96,106.04,canceLlEd,Проверить наличие,2024-06-29,2188355220245301
2029946508657,2024-06-03 05:11:59,наталья васИЛьеВА,8(9441) 83-43,2,иГРУШКа МЯЧ,1,257.31,42.69,CANCElLeD,Проверить наличие,2024-06-29,2188355220245301
2029946507816,2024-06-21 03:33:52,Ольга кУзнЕЦОва,+7 9567 31 50,1,КОРм дЛя СоБАк,4,1997.63,2.37,PrOCEsSing,Проверить наличие,2024/06/17,9840389604140999
2029946507816,2024-06-21 03:33:52,Ольга кУзнЕЦОва,+7 9567 31 50,3,аМунИцИя дЛя собак,1,1088.93,111.07,PROcEssiNg,Проверить наличие,2024/06/17,9840389604140999
2029946506305,2024/06/11 22:22:31,наТАлЬя ВАСиЛьЕВа,+7 9838 03 13,3,АМуниЦиЯ ДЛя сОБак,1,1022.73,177.27,pRocESsing,Всё отлично!,2024/06/08,2669566321228463
2029946506305,2024/06/11 22:22:31,наТАлЬя ВАСиЛьЕВа,+7 9838 03 13,3,амУНициЯ для СобаК,2,2106.68,293.32,PROceSsing,Всё отлично!,2024/06/08,2669566321228463
2029946506305,2024/06/11 22:22:31,наТАлЬя ВАСиЛьЕВа,+7 9838 03 13,4,подПиСкА на газЕТУ,4,2192.32,207.68,PROceSsiNG,Всё отлично!,2024/06/08,2669566321228463
2029946506305,2024/06/11 22:22:31,наТАлЬя ВАСиЛьЕВа,+7 9838 03 13,2,игруШКА мЯч,1,254.23,45.77,PROceSSing,Всё отлично!,2024/06/08,2669566321228463
2029946505984,2024/06/23 10:49:02,НАТаЛья вАсИЛЬЕвА,+7(9818)94-32,2,иГРушКа МяЧ,2,532.37,67.63,compLeteD,Нужно уточнить сроки,09.06.2024,1965831892873324
2029946505984,2024/06/23 10:49:02,НАТаЛья вАсИЛЬЕвА,+7(9818)94-32,3,аМУНИция дЛЯ Собак,2,2268.56,131.44,cOMplETed,Нужно уточнить сроки,09.06.2024,1965831892873324
2029946504673,28.06.2024 11:48,сЕргЕй сИдорОВ,+7 9697 45 58,5,МоЛОКО,3,7657.56,1342.44,pROCeSsiNg,подарок вовремя,2024/06/28,7602804508278639
2029946504673,28.06.2024 11:48,сЕргЕй сИдорОВ,+7 9697 45 58,1,коРМ для соБаК,3,1303.72,196.28,PRoCESSINg,подарок вовремя,2024/06/28,7602804508278639
2029946504673,28.06.2024 11:48,сЕргЕй сИдорОВ,+7 9697 45 58,3,АМУниция ДлЯ СобаК,4,4628.56,171.44,prOCEsSinG,подарок вовремя,2024/06/28,7602804508278639
2029946503985,14.06.2024 22:40,аЛекСей МИХАйлОВ,8(9551) 94-26,2,иГРУШКа МяЧ,3,836.38,63.62,CompLEteD,подарок вовремя,2024/06/11,8380428909994758
2029946503985,14.06.2024 22:40,аЛекСей МИХАйлОВ,8(9551) 94-26,4,подПиСКа нА гАЗету,2,1196.1,3.9,cOMPLeTeD,подарок вовремя,2024/06/11,8380428909994758
2029946503985,14.06.2024 22:40,аЛекСей МИХАйлОВ,8(9551) 94-26,2,ИгруШКа МяЧ,2,579.1,20.9,ComplETED,подарок вовремя,2024/06/11,8380428909994758
2029946503985,14.06.2024 22:40,аЛекСей МИХАйлОВ,8(9551) 94-26,5,МоЛокО,1,2665.82,334.18,cOMPlETed,подарок вовремя,2024/06/11,8380428909994758
2029946502508,2024-06-27 00:34:15,дмИТРИй кУзНЕЦОВ,8(9632) 07-85,4,поДписка НА гАЗетУ,2,1083.57,116.43,CaNCELlED,подарок вовремя,2024/06/19,1044968343714698
2029946501638,07.06.2024 20:27,ДМитрИЙ КузНецОв,+7 9175 77 24,5,моЛОкО,3,7350.67,1649.33,CaNcellED,Проверить наличие,2024/06/08,0619434794584511
2029946500593,26.06.2024 17:40,нАТальЯ ВасИлЬеВа,8(9993) 90-01,4,поДПИскА На гаЗЕТУ,3,1572.41,227.59,ProCesSING,Всё отлично!,2024-06-26,4040772310980273
2029946499996,2024/06/04 19:05:37,АЛеКСей МихАЙЛОВ,8(9136) 47-38,1,КоРМ Для СОбАК,1,449.83,50.17,pRoCESsiNG,подарок вовремя,02.06.2024,9821329566540212
2029946499996,2024/06/04 19:05:37,АЛеКСей МихАЙЛОВ,8(9136) 47-38,3,АМуНИЦИя Для сОБАК,2,2175.62,224.38,PROCESSING,подарок вовремя,02.06.2024,9821329566540212
2029946499996,2024/06/04 19:05:37,АЛеКСей МихАЙЛОВ,8(9136) 47-38,5,МОлоко,2,5638.1,361.9,PROcessiNg,подарок вовремя,02.06.2024,9821329566540212
2029946498305,07.06.2024 16:17,МИХаИл орлоВ,+7(9636)35-44,3,АМУНИциЯ Для Собак,3,3055.4,544.6,comPlEteD,Всё отлично!,2024-06-22,2709063535372815
2029946498305,07.06.2024 16:17,МИХаИл орлоВ,+7(9636)35-44,3,аМунИЦИя Для соБАк,2,2364.46,35.54,cOmpLetED,Всё отлично!,2024-06-22,2709063535372815
2029946497170,2024-06-16 13:33:55,ЕлеНА НоВиКова,+7 9866 87 34,1,КоРм для сОбак,1,449.85,50.15,prOCESsING,Ждём с нетерпением!,2024/06/15,4631118483228715
2029946497170,2024-06-16 13:33:55,ЕлеНА НоВиКова,+7 9866 87 34,5,моЛокО,1,2668.67,331.33,pRoCeSsiNg,Ждём с нетерпением!,2024/06/15,4631118483228715
2029946497170,2024-06-16 13:33:55,ЕлеНА НоВиКова,+7 9866 87 34,4,поДПИска нА ГаЗетУ,1,518.25,81.75,PROcesSING,Ждём с нетерпением!,2024/06/15,4631118483228715
2029946497170,2024-06-16 13:33:55,ЕлеНА НоВиКова,+7 9866 87 34,4,ПОдПИСка нА ГАЗЕту,2,1012.23,187.77,proCESsing,Ждём с нетерпением!,2024/06/15,4631118483228715
2029946496916,2024-06-09 00:24:42,АННа СмиРнОВа,+7(9124)73-38,1,кОрМ ДлЯ СОБак,2,891.4,108.6,ProcESsINg,"Задержка с доставкой, печалька...",2024/06/24,7442787389516801
2029946496916,2024-06-09 00:24:42,АННа СмиРнОВа,+7(9124)73-38,1,КОРМ дЛя сОБак,5,2193.43,306.57,pROCessInG,"Задержка с доставкой, печалька...",2024/06/24,7442787389516801
2029946496916,2024-06-09 00:24:42,АННа СмиРнОВа,+7(9124)73-38,3,АМУНиЦИЯ ДЛя СОБАк,5,5301.0,699.0,PRocEsSing,"Задержка с доставкой, печалька...",2024/06/24,7442787389516801
2029946751528,2024-06-10 08:50:31,АннА СМиРНоВа,8(9087) 28-89,1,кОрМ дЛя сОбАК,2,853.42,146.58,COMpLEted,Проверить наличие,2024/06/30,4845142151521849
2029946751528,2024-06-10 08:50:31,АннА СМиРНоВа,8(9087) 28-89,3,АмУнИция дЛЯ собак,4,4034.91,765.09,ComPLetEd,Проверить наличие,2024/06/30,4845142151521849
2029946750563,2024-06-30 03:22:27,АлекСеЙ михАйЛоВ,+7(9025)00-43,2,ИгРУшкА мЯЧ,3,762.34,137.66,caNcELleD,спасибо за заказ,06.06.2024,2293511424087090
2029946750563,2024-06-30 03:22:27,АлекСеЙ михАйЛоВ,+7(9025)00-43,3,аМуНиЦия дЛя СОБАК,4,4717.4,82.6,CancELLED,спасибо за заказ,06.06.2024,2293511424087090
2029946749107,27.06.2024 01:32,МиХаил орлоВ,+7(9649)49-09,2,иГрУшКА МЯЧ,5,1243.18,256.82,CAnCElLed,Проверить наличие,2024-06-09,2200516439038095
2029946748529,2024-06-02 12:03:07,АлексЕй мИхАЙЛОв,+7(9802)35-88,4,пОДписКа на гАЗеТУ,1,538.9,61.1,caNcElLED,Ждём с нетерпением!,2024/06/08,0276968626610106
2029946748529,2024-06-02 12:03:07,АлексЕй мИхАЙЛОв,+7(9802)35-88,3,аМуниЦия Для СобАК,1,1024.65,175.35,CaNcellED,Ждём с нетерпением!,2024/06/08,0276968626610106
2029946748529,2024-06-02 12:03:07,АлексЕй мИхАЙЛОв,+7(9802)35-88,1,КоРм длЯ собаК,4,1661.6,338.4,CancElLEd,Ждём с нетерпением!,2024/06/08,0276968626610106
2029946748529,2024-06-02 12:03:07,АлексЕй мИхАЙЛОв,+7(9802)35-88,4,ПОДПиСКА на ГАзеТУ,2,1123.55,76.45,CanCELlED,Ждём с нетерпением!,2024/06/08,0276968626610106
2029946747789,27.06.2024 22:14,мИХАИл орлОВ,+7 9493 95 80,3,амУНИцИя ДЛЯ СоБаК,5,5164.69,835.31,CoMPLEteD,Всё отлично!,27.06.2024,5757403278834723
2029946747789,27.06.2024 22:14,мИХАИл орлОВ,+7 9493 95 80,4,ПодпИскА НА ГАзеТУ,2,1042.56,157.44,CoMpLETED,Всё отлично!,27.06.2024,5757403278834723
2029946747789,27.06.2024 22:14,мИХАИл орлОВ,+7 9493 95 80,5,мОлокО,5,14833.35,166.65,cOmpLeTEd,Всё отлично!,27.06.2024,5757403278834723
2029946747789,27.06.2024 22:14,мИХАИл орлОВ,+7 9493 95 80,4,ПодпИСКА На ГАЗЕТу,2,995.94,204.06,coMpleTED,Всё отлично!,27.06.2024,5757403278834723
2029946746161,2024-06-12 06:13:37,ДМИтРиЙ кУзнЕцОв,+7 9752 54 54,3,АмуниЦиЯ ДЛя СОбаК,3,3033.23,566.77,PRocessIng,Ждём с нетерпением!,02.06.2024,5635762072627602
2029946746161,2024-06-12 06:13:37,ДМИтРиЙ кУзнЕцОв,+7 9752 54 54,1,КОрм ДлЯ соБАк,1,496.01,3.99,PRoCEsSing,Ждём с нетерпением!,02.06.2024,5635762072627602
2029946746161,2024-06-12 06:13:37,ДМИтРиЙ кУзнЕцОв,+7 9752 54 54,1,кОРм для соБАк,4,1795.06,204.94,PRoCEsSIng,Ждём с нетерпением!,02.06.2024,5635762072627602
2029946745911,25.06.2024 20:42,миХаил ОрЛов,+7 9873 43 79,4,подПиСКа НА ГАзеТу,2,1082.9,117.1,cOmPLETed,подарок вовремя,2024/06/03,3896285122535462
2029946745911,25.06.2024 20:42,миХаил ОрЛов,+7 9873 43 79,4,пОДпиСка НА газеТУ,4,1927.15,472.85,CompLeTed,подарок вовремя,2024/06/03,3896285122535462
2029946744917,2024-06-14 09:15:26,маРИя пеТРОвА,+7(9980)24-46,4,подпИсКА нА газету,1,599.89,0.11,CAncElLeD,Ждём с нетерпением!,05.06.2024,4991790842499665
2029946744917,2024-06-14 09:15:26,маРИя пеТРОвА,+7(9980)24-46,1,КОрМ ДЛя сОБаК,5,2339.55,160.45,cANcelled,Ждём с нетерпением!,05.06.2024,4991790842499665
2029946744917,2024-06-14 09:15:26,маРИя пеТРОвА,+7(9980)24-46,5,моЛоКО,1,2769.18,230.82,cANceLLed,Ждём с нетерпением!,05.06.2024,4991790842499665
2029946743580,04.06.2024 23:59,ИВАн ИВаНоВ,+7 9906 24 88,5,моЛОкО,4,11426.19,573.81,completEd,Всё отлично!,15.06.2024,0605504646229661
2029946742545,2024-06-21 09:25:03,мИхаИЛ ОРЛов,+7 9854 87 42,3,АМУНицИЯ ДЛЯ сОБАк,5,4809.68,1190.32,prOCesSiNg,Проверить наличие,18.06.2024,5105229319511554
2029946742545,2024-06-21 09:25:03,мИхаИЛ ОРЛов,+7 9854 87 42,4,пОдПиСкА нА ГАзЕТУ,2,999.3,200.7,prOCESsIng,Проверить наличие,18.06.2024,5105229319511554
2029946742545,2024-06-21 09:25:03,мИхаИЛ ОРЛов,+7 9854 87 42,3,АмУниЦия дЛя Собак,2,2230.3,169.7,PrOcESSiNg,Проверить наличие,18.06.2024,5105229319511554
2029946742545,2024-06-21 09:25:03,мИхаИЛ ОРЛов,+7 9854 87 42,2,игрушКА МяЧ,3,787.54,112.46,pROCeSSiNg,Проверить наличие,18.06.2024,5105229319511554
2029946741981,2024-06-11 21:19:12,ОЛьГа КУЗнЕЦОва,+7 9462 79 92,1,КОРМ Для СоБАк,4,1635.82,364.18,CoMPletEd,"Задержка с доставкой, печалька...",2024-06-04,5604355505781861
2029946741981,2024-06-11 21:19:12,ОЛьГа КУЗнЕЦОва,+7 9462 79 92,1,КОрМ ДЛЯ сОбак,4,1638.29,361.71,COMplETeD,"Задержка с доставкой, печалька...",2024-06-04,5604355505781861
2029946740513,2024-06-18 18:46:47,НатаЛья васИЛьЕВа,+7 9816 30 84,5,мОлОко,3,8179.98,820.02,canCeLled,"Задержка с доставкой, печалька...",2024-06-30,6669235150646541
2029946740513,2024-06-18 18:46:47,НатаЛья васИЛьЕВа,+7 9816 30 84,3,АмУнИЦиЯ для СОБаК,5,5695.6,304.4,CAnCElLED,"Задержка с доставкой, печалька...",2024-06-30,6669235150646541
2029946740513,2024-06-18 18:46:47,НатаЛья васИЛьЕВа,+7 9816 30 84,3,аМУНиЦия для соБак,1,969.11,230.89,caNCelleD,"Задержка с доставкой, печалька...",2024-06-30,6669235150646541
2029946740513,2024-06-18 18:46:47,НатаЛья васИЛьЕВа,+7 9816 30 84,2,ИгрУШка мяч,3,784.82,115.18,CANCEllED,"Задержка с доставкой, печалька...",2024-06-30,6669235150646541
2029946739740,2024-06-29 00:39:08,сЕрГей сиДОров,8(9952) 56-18,3,амУНИЦия Для собак,1,1016.37,183.63,CaNCeLLed,спасибо за заказ,2024/06/16,1751260198740374
2029946739740,2024-06-29 00:39:08,сЕрГей сиДОров,8(9952) 56-18,2,иГРуШка Мяч,5,1296.41,203.59,CANcelLEd,спасибо за заказ,2024/06/16,1751260198740374
2029946738971,25.06.2024 02:39,ДмитриЙ кузнЕЦОв,+7(9179)39-35,1,кОрМ дЛя собАк,3,1387.85,112.15,cAncElLed,подарок вовремя,2024/06/10,0369234106158647
2029946738971,25.06.2024 02:39,ДмитриЙ кузнЕЦОв,+7(9179)39-35,2,игруШКа МяЧ,4,1042.45,157.55,canCElled,подарок вовремя,2024/06/10,0369234106158647
2029946737522,2024/06/06 12:41:22,дмИтРий кУЗНецов,8(9113) 39-12,2,ИгруШКА МяЧ,5,1353.49,146.51,COMpleTEd,"Задержка с доставкой, печалька...",2024-06-26,6056114503560039
2029946737522,2024/06/06 12:41:22,дмИтРий кУЗНецов,8(9113) 39-12,1,корм ДЛЯ СОбАК,1,469.95,30.05,cOmplETeD,"Задержка с доставкой, печалька...",2024-06-26,6056114503560039
2029946737522,2024/06/06 12:41:22,дмИтРий кУЗНецов,8(9113) 39-12,4,поДписКА нА гаЗЕТУ,2,1105.78,94.22,cOMpLeTed,"Задержка с доставкой, печалька...",2024-06-26,6056114503560039
2029946737522,2024/06/06 12:41:22,дмИтРий кУЗНецов,8(9113) 39-12,1,кОРм ДЛя сОБАК,4,1831.64,168.36,COmPLETED,"Задержка с доставкой, печалька...",2024-06-26,6056114503560039
2029946737522,2024/06/06 12:41:22,дмИтРий кУЗНецов,8(9113) 39-12,1,КОРм ДлЯ СоБак,1,470.76,29.24,CoMPLetED,"Задержка с доставкой, печалька...",2024-06-26,6056114503560039
2029946736994,18.06.2024 01:29,натАЛЬя ВАсиЛЬЕВа,+7(9437)43-41,4,ПодПиСкА НА гАЗетУ,5,2614.31,385.69,CancELLED,Нужно уточнить сроки,2024-06-10,5999683243439629
2029946736994,18.06.2024 01:29,натАЛЬя ВАсиЛЬЕВа,+7(9437)43-41,2,ИГруШкА МЯЧ,4,1051.2,148.8,CaNCeLLED,Нужно уточнить сроки,2024-06-10,5999683243439629
2029946736994,18.06.2024 01:29,натАЛЬя ВАсиЛЬЕВа,+7(9437)43-41,3,амуНиЦия ДЛЯ Собак,5,5150.42,849.58,cANcElLEd,Нужно уточнить сроки,2024-06-10,5999683243439629
2029946736994,18.06.2024 01:29,натАЛЬя ВАсиЛЬЕВа,+7(9437)43-41,1,кОрМ Для сОбаК,2,934.94,65.06,CAnceLLeD,Нужно уточнить сроки,2024-06-10,5999683243439629
2029946736994,18.06.2024 01:29,натАЛЬя ВАсиЛЬЕВа,+7(9437)43-41,3,амУНИЦИЯ ДЛя сОБАК,5,5251.83,748.17,CaNCeLLEd,Нужно уточнить сроки,2024-06-10,5999683243439629
2029946735107,2024/06/11 02:49:01,НатАлья васИЛЬЕва,+7 9689 48 72,4,подПИсКА На гАЗЕту,5,2642.31,357.69,CAncElleD,Нужно уточнить сроки,2024-06-27,9934596558338677
2029946735107,2024/06/11 02:49:01,НатАлья васИЛЬЕва,+7 9689 48 72,2,ИГруШКА Мяч,1,270.83,29.17,CaNCelLed,Нужно уточнить сроки,2024-06-27,9934596558338677
2029946734810,23.06.2024 00:07,ЕЛена новИКова,+7(9775)55-96,4,ПОдПискА нА газЕТУ,1,525.97,74.03,cOmPLetED,Нужно уточнить сроки,28.06.2024,6593900409812164
2029946734810,23.06.2024 00:07,ЕЛена новИКова,+7(9775)55-96,3,аМУниЦИя ДЛя сОбаК,5,4898.09,1101.91,COMpLETEd,Нужно уточнить сроки,28.06.2024,6593900409812164
2029946733134,11.06.2024 17:03,оЛЬга КУЗНеЦОВа,8(9854) 87-32,2,иГРушка мЯч,1,249.86,50.14,CaNcELled,Нужно уточнить сроки,11.06.2024,8602671150337702
2029946733134,11.06.2024 17:03,оЛЬга КУЗНеЦОВа,8(9854) 87-32,3,АмУнИцИя ДлЯ сОБаК,4,4458.35,341.65,CaNcELLed,Нужно уточнить сроки,11.06.2024,8602671150337702
2029946733134,11.06.2024 17:03,оЛЬга КУЗНеЦОВа,8(9854) 87-32,1,кОРМ ДЛя сОБаК,1,413.1,86.9,caNcelled,Нужно уточнить сроки,11.06.2024,8602671150337702
2029946732107,2024/06/03 21:13:43,мАрИя ПеТрова,8(9728) 43-04,1,КоРМ дЛЯ сОбак,4,1798.0,202.0,PROcEssInG,"Задержка с доставкой, печалька...",15.06.2024,7472477169856286
2029946732107,2024/06/03 21:13:43,мАрИя ПеТрова,8(9728) 43-04,2,ИгРУшКа МЯЧ,3,738.33,161.67,pROCESsiNg,"Задержка с доставкой, печалька...",15.06.2024,7472477169856286
2029946732107,2024/06/03 21:13:43,мАрИя ПеТрова,8(9728) 43-04,2,ИГруШкА МЯЧ,1,252.77,47.23,PROCEsSInG,"Задержка с доставкой, печалька...",15.06.2024,7472477169856286
2029946732107,2024/06/03 21:13:43,мАрИя ПеТрова,8(9728) 43-04,5,МолОКо,3,8980.68,19.32,ProCESsinG,"Задержка с доставкой, печалька...",15.06.2024,7472477169856286
2029946731925,2024/06/14 07:27:03,МИХаил ОРЛОв,8(9131) 31-40,4,пОДПИСКа На гаЗЕтУ,5,2444.58,555.42,cancELLEd,Всё отлично!,03.06.2024,3212261636596190
2029946731925,2024/06/14 07:27:03,МИХаил ОРЛОв,8(9131) 31-40,2,игРУшКа МяЧ,4,1147.56,52.44,cAnceLLeD,Всё отлично!,03.06.2024,3212261636596190
2029946731925,2024/06/14 07:27:03,МИХаил ОРЛОв,8(9131) 31-40,1,коРМ ДЛя сОБак,3,1323.86,176.14,caNcelleD,Всё отлично!,03.06.2024,3212261636596190
2029946730528,2024/06/27 07:33:21,мАриЯ ПЕТРоВа,8(9199) 70-47,5,мОЛоКО,2,5022.71,977.29,PRoCeSsiNg,"Задержка с доставкой, печалька...",2024/06/06,7541163471859697
2029946729431,15.06.2024 18:56,ОЛЬгА кУЗнЕцоВа,+7 9806 74 20,1,кОРМ дЛя СоБАК,3,1229.71,270.29,caNCelLeD,Проверить наличие,2024/06/14,7576488445964573
2029946729431,15.06.2024 18:56,ОЛЬгА кУЗнЕцоВа,+7 9806 74 20,5,мОлоко,2,4983.51,1016.49,CAnCeLleD,Проверить наличие,2024/06/14,7576488445964573
2029946728912,2024-06-25 09:30:24,ЕЛеНА НовИкова,+7(9719)18-92,3,АМУнИцИя ДЛЯ СоБаК,2,2132.31,267.69,caNCelLEd,Ждём с нетерпением!,05.06.2024,2427556208028531
2029946728912,2024-06-25 09:30:24,ЕЛеНА НовИкова,+7(9719)18-92,4,ПоДПисКа на ГАзЕтУ,2,1195.92,4.08,CancElLed,Ждём с нетерпением!,05.06.2024,2427556208028531
2029946727210,2024-06-13 02:21:34,НаТальЯ ваСиЛьЕВа,+7(9207)10-73,1,кОРм для сОбАк,1,476.77,23.23,CAnCeLLed,Проверить наличие,18.06.2024,4361064447595481
2029946727210,2024-06-13 02:21:34,НаТальЯ ваСиЛьЕВа,+7(9207)10-73,1,КоРМ дЛЯ СоБак,1,485.8,14.2,CancElleD,Проверить наличие,18.06.2024,4361064447595481
2029946727210,2024-06-13 02:21:34,НаТальЯ ваСиЛьЕВа,+7(9207)10-73,2,ИгрушКа мяЧ,3,887.71,12.29,CAnCeLLed,Проверить наличие,18.06.2024,4361064447595481
2029946727210,2024-06-13 02:21:34,НаТальЯ ваСиЛьЕВа,+7(9207)10-73,4,ПОДПиСка На газету,4,2206.97,193.03,CaNCElLEd,Проверить наличие,18.06.2024,4361064447595481
2029946726932,2024-06-18 11:33:37,МаРИЯ пЕТроВА,8(9486) 69-71,4,поДписКа нА гАЗЕту,2,1103.73,96.27,PROcessInG,Ждём с нетерпением!,2024/06/11,4780951458152944
2029946726932,2024-06-18 11:33:37,МаРИЯ пЕТроВА,8(9486) 69-71,3,амуНИцИя дЛя СобАк,2,1922.82,477.18,ProCESSIng,Ждём с нетерпением!,2024/06/11,4780951458152944
2029946725994,2024-06-09 19:19:27,ИВаН ИвАНоВ,+7(9594)32-98,3,АмУниЦиЯ ДЛя собАк,3,3192.08,407.92,coMpLeTEd,Проверить наличие,27.06.2024,0561131757925187
2029946725994,2024-06-09 19:19:27,ИВаН ИвАНоВ,+7(9594)32-98,3,аМуНицИЯ ДЛЯ соБАК,3,3551.99,48.01,complETED,Проверить наличие,27.06.2024,0561131757925187
2029946724586,2024-06-02 18:40:26,оЛьгА КУзНЕцоВа,+7(9629)26-95,5,МолОкО,5,14947.03,52.97,cOMPleteD,Нужно уточнить сроки,27.06.2024,3717152921091528
2029946724586,2024-06-02 18:40:26,оЛьгА КУзНЕцоВа,+7(9629)26-95,5,МоЛОкО,3,7785.17,1214.83,ComPleted,Нужно уточнить сроки,27.06.2024,3717152921091528
2029946724586,2024-06-02 18:40:26,оЛьгА КУзНЕцоВа,+7(9629)26-95,5,мОЛОКо,1,2818.9,181.1,cOMplETeD,Нужно уточнить сроки,27.06.2024,3717152921091528
2029946724586,2024-06-02 18:40:26,оЛьгА КУзНЕцоВа,+7(9629)26-95,4,подпИСКА на гАЗЕтУ,2,1057.03,142.97,CompleTED,Нужно уточнить сроки,27.06.2024,3717152921091528
2029946723486,02.06.2024 01:05,елЕНА НОВиковА,+7 9040 57 85,2,иГрУшКа Мяч,2,482.04,117.96,COmpLeTEd,Ждём с нетерпением!,28.06.2024,4116591242121990
2029946723486,02.06.2024 01:05,елЕНА НОВиковА,+7 9040 57 85,2,ИГрушкА Мяч,1,298.27,1.73,cOMpLEtEd,Ждём с нетерпением!,28.06.2024,4116591242121990
2029946722378,2024/06/09 00:49:04,мАрИЯ пЕтрОва,+7(9960)28-96,2,иГРУшКА МЯч,2,590.11,9.89,cANceLlEd,"Задержка с доставкой, печалька...",2024/06/04,4604938642541457
2029946722378,2024/06/09 00:49:04,мАрИЯ пЕтрОва,+7(9960)28-96,5,МолокО,5,12552.81,2447.19,CAncELleD,"Задержка с доставкой, печалька...",2024/06/04,4604938642541457
2029946721655,2024-06-22 13:56:57,анНа сМирНова,+7(9100)34-60,4,пОдпИСКА нА гаЗЕту,1,538.81,61.19,CancElLed,Ждём с нетерпением!,11.06.2024,0749402120386614
2029946721655,2024-06-22 13:56:57,анНа сМирНова,+7(9100)34-60,4,пОдпискА на газЕТу,3,1628.77,171.23,CAncelLed,Ждём с нетерпением!,11.06.2024,0749402120386614
2029946721655,2024-06-22 13:56:57,анНа сМирНова,+7(9100)34-60,1,КорМ ДЛя собАк,2,927.99,72.01,CAnCElLed,Ждём с нетерпением!,11.06.2024,0749402120386614
2029946721655,2024-06-22 13:56:57,анНа сМирНова,+7(9100)34-60,1,КоРм длЯ собАк,2,990.68,9.32,CANCElLeD,Ждём с нетерпением!,11.06.2024,0749402120386614
2029946721655,2024-06-22 13:56:57,анНа сМирНова,+7(9100)34-60,3,АмУниЦия дЛя СобаК,3,3306.65,293.35,cANcelLeD,Ждём с нетерпением!,11.06.2024,0749402120386614
2029946720275,2024/06/25 21:29:54,серГЕЙ СидОРОВ,+7(9037)62-70,1,кОрм для соБаК,3,1282.17,217.83,cOMpLetEd,Проверить наличие,2024/06/23,6079026802255521
2029946720275,2024/06/25 21:29:54,серГЕЙ СидОРОВ,+7(9037)62-70,5,МолОко,1,2964.22,35.78,CoMplETeD,Проверить наличие,2024/06/23,6079026802255521
2029946720275,2024/06/25 21:29:54,серГЕЙ СидОРОВ,+7(9037)62-70,2,игрушКа МЯЧ,4,1070.95,129.05,CompLeteD,Проверить наличие,2024/06/23,6079026802255521
2029946720275,2024/06/25 21:29:54,серГЕЙ СидОРОВ,+7(9037)62-70,4,поДПИСКа На газЕТУ,4,2132.35,267.65,CoMPletEd,Проверить наличие,2024/06/23,6079026802255521
2029946719353,28.06.2024 14:49,ЕлЕна нОВИковА,8(9528) 00-94,3,АмуниЦия ДлЯ собАК,4,4589.51,210.49,cOMpLETed,Всё отлично!,22.06.2024,7870277101536242
2029946719353,28.06.2024 14:49,ЕлЕна нОВИковА,8(9528) 00-94,1,КОрм дЛя Собак,5,2094.48,405.52,CompletEd,Всё отлично!,22.06.2024,7870277101536242
2029946719353,28.06.2024 14:49,ЕлЕна нОВИковА,8(9528) 00-94,4,пОдПиСка НА гАзЕту,3,1769.51,30.49,coMpleTED,Всё отлично!,22.06.2024,7870277101536242
2029946719353,28.06.2024 14:49,ЕлЕна нОВИковА,8(9528) 00-94,3,аМуНИЦИя ДЛя СОбАК,5,4956.69,1043.31,cOMpletED,Всё отлично!,22.06.2024,7870277101536242
2029946718230,2024/06/13 10:53:52,дМиТРИй кузНеЦОв,+7 9146 19 70,4,подПисКа НА гаЗету,5,2662.88,337.12,ProcEsSing,подарок вовремя,2024/06/07,8496572619636207
2029946718230,2024/06/13 10:53:52,дМиТРИй кузНеЦОв,+7 9146 19 70,3,амУНицИЯ для сОБАК,3,3338.47,261.53,PrOCEsSINg,подарок вовремя,2024/06/07,8496572619636207
2029946717132,2024-06-25 07:03:04,сЕрГей СИдОрОв,+7 9532 92 49,4,подПискА НА гаЗЕтУ,5,2957.48,42.52,COMPLEted,"Задержка с доставкой, печалька...",2024/06/18,2707137839225541
2029946716412,2024/06/27 20:26:46,алексей михайЛоВ,8(9163) 11-33,3,аМуНициЯ дЛя сОБак,2,2199.06,200.94,CANcElleD,Нужно уточнить сроки,2024-06-06,3789888109877176
2029946716412,2024/06/27 20:26:46,алексей михайЛоВ,8(9163) 11-33,5,мОлОкО,4,9980.95,2019.05,CAnCeLlEd,Нужно уточнить сроки,2024-06-06,3789888109877176
2029946716412,2024/06/27 20:26:46,алексей михайЛоВ,8(9163) 11-33,1,корм длЯ Собак,1,409.39,90.61,cANcelLed,Нужно уточнить сроки,2024-06-06,3789888109877176
2029946716412,2024/06/27 20:26:46,алексей михайЛоВ,8(9163) 11-33,5,МоЛОКо,2,5582.19,417.81,CAnceLlED,Нужно уточнить сроки,2024-06-06,3789888109877176
2029946715133,30.06.2024 21:40,миХАил оРлОВ,+7 9452 31 65,2,игРУШка мяч,3,872.06,27.94,CAnCellEd,подарок вовремя,04.06.2024,6453729160870499
2029946715133,30.06.2024 21:40,миХАил оРлОВ,+7 9452 31 65,4,пОдпИсКа На гАзЕтУ,3,1722.47,77.53,cAncelled,подарок вовремя,04.06.2024,6453729160870499
2029946714113,23.06.2024 01:43,олЬГа куЗНецовА,8(9164) 94-70,4,ПодПиСкА На ГАЗеТу,4,2013.36,386.64,PrOCeSsInG,Нужно уточнить сроки,2024-06-15,6349250894393925
2029946713655,2024/06/13 22:49:23,НАтАЛЬЯ ВАСиЛьЕВа,+7(9042)59-73,5,Молоко,5,12899.19,2100.81,PRocEssINg,Всё отлично!,2024-06-13,9132261163917232
2029946713655,2024/06/13 22:49:23,НАтАЛЬЯ ВАСиЛьЕВа,+7(9042)59-73,2,иГрУшка мяЧ,5,1345.57,154.43,pROCESSiNG,Всё отлично!,2024-06-13,9132261163917232
2029946713655,2024/06/13 22:49:23,НАтАЛЬЯ ВАСиЛьЕВа,+7(9042)59-73,2,игРУШКА мЯч,5,1341.58,158.42,prOceSsing,Всё отлично!,2024-06-13,9132261163917232
2029946712185,2024/06/03 18:54:00,МАрИЯ пЕТРОва,+7(9268)79-42,2,ИГРушКа МЯч,1,263.5,36.5,prOCesSing,спасибо за заказ,11.06.2024,6179621678904098
2029946712185,2024/06/03 18:54:00,МАрИЯ пЕТРОва,+7(9268)79-42,2,ИгРУшКа МяЧ,4,1149.76,50.24,ProCESSiNg,спасибо за заказ,11.06.2024,6179621678904098
2029946711586,2024-06-17 13:54:17,мАРИя ПетРова,8(9425) 05-67,3,амуНицИЯ для соБАК,4,4236.52,563.48,cOMPleTed,Проверить наличие,2024-06-06,6643027852300325
2029946711586,2024-06-17 13:54:17,мАРИя ПетРова,8(9425) 05-67,4,подпИсКа На гАзеТу,1,585.71,14.29,ComPlETeD,Проверить наличие,2024-06-06,6643027852300325
2029946711586,2024-06-17 13:54:17,мАРИя ПетРова,8(9425) 05-67,1,КоРм для сОбАк,2,884.99,115.01,CoMpLeteD,Проверить наличие,2024-06-06,6643027852300325
2029946710671,2024/06/03 16:20:27,АннА СмИрНОВа,+7 9169 04 07,3,аМуНИциЯ дЛя сОБак,5,4970.78,1029.22,prOCEssinG,подарок вовремя,10.06.2024,9102572026944806
2029946709721,02.06.2024 11:11,МИхаил ОРЛОВ,+7 9943 94 63,3,АмунИЦИя ДЛя СОБАК,2,2207.87,192.13,CanCEllEd,Проверить наличие,26.06.2024,0003200465685851
2029946709721,02.06.2024 11:11,МИхаил ОРЛОВ,+7 9943 94 63,1,КоРм длЯ сОбАк,4,1971.01,28.99,CAnCeLlEd,Проверить наличие,26.06.2024,0003200465685851
2029946709721,02.06.2024 11:11,МИхаил ОРЛОВ,+7 9943 94 63,3,амуНИЦИя ДЛя сОБАК,3,3362.75,237.25,CANCElLEd,Проверить наличие,26.06.2024,0003200465685851
2029946709721,02.06.2024 11:11,МИхаил ОРЛОВ,+7 9943 94 63,4,ПоДПисКА На газеТУ,4,1969.36,430.64,CANCellED,Проверить наличие,26.06.2024,0003200465685851
2029946708112,19.06.2024 15:33,АЛЕКсЕЙ МиХАЙлоВ,8(9240) 07-51,2,ИгрУшкА мяЧ,3,894.99,5.01,ComPLEteD,спасибо за заказ,2024/06/02,7605846804837086
2029946708112,19.06.2024 15:33,АЛЕКсЕЙ МиХАЙлоВ,8(9240) 07-51,4,поДПисКа На гАЗету,4,2070.08,329.92,cOmpLETEd,спасибо за заказ,2024/06/02,7605846804837086
2029946708112,19.06.2024 15:33,АЛЕКсЕЙ МиХАЙлоВ,8(9240) 07-51,2,иГрУШкА мяЧ,1,248.8,51.2,COMplEtED,спасибо за заказ,2024/06/02,7605846804837086
2029946708112,19.06.2024 15:33,АЛЕКсЕЙ МиХАЙлоВ,8(9240) 07-51,3,АМунИцИЯ ДлЯ СОбАк,2,2324.66,75.34,ComPlEtEd,спасибо за заказ,2024/06/02,7605846804837086
2029946708112,19.06.2024 15:33,АЛЕКсЕЙ МиХАЙлоВ,8(9240) 07-51,3,АмУНИция ДЛЯ СОБак,4,4053.74,746.26,cOMPlEtEd,спасибо за заказ,2024/06/02,7605846804837086
2029946707331,2024/06/24 07:18:00,аННа смИРноВа,+7 9708 61 36,4,подПИСка НА ГаЗеТУ,5,2823.55,176.45,compLeTeD,спасибо за заказ,2024-06-01,6457522569019524
2029946707331,2024/06/24 07:18:00,аННа смИРноВа,+7 9708 61 36,3,АМУниЦИя дЛя сОбАК,1,984.86,215.14,ComPleTEd,спасибо за заказ,2024-06-01,6457522569019524
2029946707331,2024/06/24 07:18:00,аННа смИРноВа,+7 9708 61 36,4,ПодписКа НА гаЗЕТу,2,1149.67,50.33,compLEteD,спасибо за заказ,2024-06-01,6457522569019524
2029946706635,2024/06/01 10:16:13,ИвАн ИВаНОв,8(9897) 14-04,4,поДпискА на газету,1,502.97,97.03,PrOcEsSiNG,Нужно уточнить сроки,2024-06-04,4593311664119194
2029946706635,2024/06/01 10:16:13,ИвАн ИВаНОв,8(9897) 14-04,4,ПОдПиСкА на гАзеТу,3,1646.09,153.91,PRoCEssING,Нужно уточнить сроки,2024-06-04,4593311664119194
2029946706635,2024/06/01 10:16:13,ИвАн ИВаНОв,8(9897) 14-04,3,АмУнИЦиЯ Для сОбАК,2,2339.49,60.51,prOCeSSiNG,Нужно уточнить сроки,2024-06-04,4593311664119194
2029946706635,2024/06/01 10:16:13,ИвАн ИВаНОв,8(9897) 14-04,5,мОлоКо,1,2947.27,52.73,processING,Нужно уточнить сроки,2024-06-04,4593311664119194
2029946705298,30.06.2024 09:27,СергеЙ сИдОров,+7(9925)23-52,5,мОлОкО,2,5427.1,572.9,CAnCELLeD,подарок вовремя,2024/06/01,5413710706588516
2029946705298,30.06.2024 09:27,СергеЙ сИдОров,+7(9925)23-52,1,Корм ДЛЯ СОбаК,2,826.74,173.26,CANCELLED,подарок вовремя,2024/06/01,5413710706588516
2029946705298,30.06.2024 09:27,СергеЙ сИдОров,+7(9925)23-52,1,корм ДЛЯ СоБАК,1,419.41,80.59,canCelled,подарок вовремя,2024/06/01,5413710706588516
2029946705298,30.06.2024 09:27,СергеЙ сИдОров,+7(9925)23-52,5,МОЛОко,5,12506.51,2493.49,cANcElLed,подарок вовремя,2024/06/01,5413710706588516
2029946705298,30.06.2024 09:27,СергеЙ сИдОров,+7(9925)23-52,2,игрУШКА мяЧ,4,1191.51,8.49,canCEllED,подарок вовремя,2024/06/01,5413710706588516
2029946704795,2024-06-13 21:05:46,ДмИтРиЙ куЗНеЦОВ,+7 9980 14 14,3,амУнИЦИя для Собак,4,4647.26,152.74,cANcElleD,Всё отлично!,10.06.2024,0088939115976517
2029946704795,2024-06-13 21:05:46,ДмИтРиЙ куЗНеЦОВ,+7 9980 14 14,1,кОрм ДлЯ СоБАК,2,864.5,135.5,CAnCelLeD,Всё отлично!,10.06.2024,0088939115976517
2029946703894,2024-06-28 16:16:05,Алексей миХАйлов,+7(9104)61-21,3,АМунициЯ ДЛЯ сОБаК,2,2001.27,398.73,canceLLed,Всё отлично!,2024-06-24,6912991374728470
2029946702938,2024/06/04 13:09:17,ЕЛеНа НОвикова,8(9462) 22-12,4,ПодПИсКА На ГАзету,1,542.19,57.81,prOceSsinG,спасибо за заказ,15.06.2024,0579275626759322
2029946702938,2024/06/04 13:09:17,ЕЛеНа НОвикова,8(9462) 22-12,4,ПОДписка На ГазЕтУ,4,2195.81,204.19,prOceSsiNG,спасибо за заказ,15.06.2024,0579275626759322
2029946702938,2024/06/04 13:09:17,ЕЛеНа НОвикова,8(9462) 22-12,1,кОрм дЛя СобАк,1,459.23,40.77,procESsiNg,спасибо за заказ,15.06.2024,0579275626759322
2029946702938,2024/06/04 13:09:17,ЕЛеНа НОвикова,8(9462) 22-12,2,ИгрУшка мяч,2,596.35,3.65,pROCESsiNg,спасибо за заказ,15.06.2024,0579275626759322
2029946701376,2024-06-28 18:14:57,сергЕй сИдОрОВ,+7(9306)11-89,5,мОЛоКО,5,13695.15,1304.85,pROcESsing,Всё отлично!,2024-06-10,5698202371182458
2029946701376,2024-06-28 18:14:57,сергЕй сИдОрОВ,+7(9306)11-89,2,иГРУШКа мяЧ,1,253.47,46.53,PrOCEssIng,Всё отлично!,2024-06-10,5698202371182458
2029946701376,2024-06-28 18:14:57,сергЕй сИдОрОВ,+7(9306)11-89,4,ПОдПИСка на ГазЕТУ,2,995.22,204.78,PROceSSINg,Всё отлично!,2024-06-10,5698202371182458
2029946701376,2024-06-28 18:14:57,сергЕй сИдОрОВ,+7(9306)11-89,4,пОдПИСКА На ГаЗЕТУ,1,599.21,0.79,proCESSIng,Всё отлично!,2024-06-10,5698202371182458
2029946700123,2024/06/14 01:40:20,ОЛЬгА КУЗНецоВА,+7 9160 57 87,2,игрУШКА мЯч,5,1213.68,286.32,COMpLetED,Проверить наличие,2024/06/10,0945143802028592
2029946699972,21.06.2024 09:07,МиХАиЛ ОРЛОВ,+7 9332 14 32,2,ИГруШкА МЯЧ,1,296.52,3.48,proCEssinG,подарок вовремя,04.06.2024,0859689837810490
2029946698258,2024-06-25 22:41:40,МИхАиЛ орлОв,+7(9770)36-84,2,ИгРушка мяч,2,598.14,1.86,ProcEsSINg,спасибо за заказ,2024/06/18,7848607647428754
2029946697537,2024/06/09 15:07:21,нАТАЛЬЯ вАСиЛЬЕва,+7(9956)91-01,1,КоРМ ДЛя СОбаК,2,855.57,144.43,prOcESsinG,Проверить наличие,2024/06/06,6398275977316483
2029946697537,2024/06/09 15:07:21,нАТАЛЬЯ вАСиЛЬЕва,+7(9956)91-01,1,кОрМ Для СОБАк,4,1842.47,157.53,PROCESsinG,Проверить наличие,2024/06/06,6398275977316483
2029946697537,2024/06/09 15:07:21,нАТАЛЬЯ вАСиЛЬЕва,+7(9956)91-01,4,ПоДПИсКА НА гАЗЕтУ,3,1516.08,283.92,proCESSinG,Проверить наличие,2024/06/06,6398275977316483
2029946697537,2024/06/09 15:07:21,нАТАЛЬЯ вАСиЛЬЕва,+7(9956)91-01,5,МоЛоКО,3,7658.82,1341.18,ProCEsSiNG,Проверить наличие,2024/06/06,6398275977316483
2029946696736,2024-06-26 09:50:34,миХАИЛ ОрЛоВ,+7 9089 66 11,4,ПоДпИСКа нА ГаЗеТУ,2,1012.56,187.44,caNcELLED,Проверить наличие,25.06.2024,6481361029767527
2029946696736,2024-06-26 09:50:34,миХАИЛ ОрЛоВ,+7 9089 66 11,1,коРм длЯ Собак,2,999.96,0.04,CAncELLED,Проверить наличие,25.06.2024,6481361029767527
2029946696736,2024-06-26 09:50:34,миХАИЛ ОрЛоВ,+7 9089 66 11,3,АМУниция для сОБак,5,4869.15,1130.85,CaNCELLEd,Проверить наличие,25.06.2024,6481361029767527
2029946695322,2024-06-07 22:41:29,СерГЕй СидОрОВ,8(9426) 81-83,5,МОЛОКО,1,2518.0,482.0,PROCeSsINg,подарок вовремя,2024/06/27,4779200344594504
2029946695322,2024-06-07 22:41:29,СерГЕй СидОрОВ,8(9426) 81-83,5,моЛоко,3,8007.04,992.96,PrOcEsSing,подарок вовремя,2024/06/27,4779200344594504
2029946695322,2024-06-07 22:41:29,СерГЕй СидОрОВ,8(9426) 81-83,2,ИгруШкА мЯЧ,1,299.24,0.76,PROCessINg,подарок вовремя,2024/06/27,4779200344594504
2029946695322,2024-06-07 22:41:29,СерГЕй СидОрОВ,8(9426) 81-83,2,иГрушКА мЯЧ,2,504.81,95.19,pRocEsSIng,подарок вовремя,2024/06/27,4779200344594504
2029946694833,2024-06-29 04:17:35,АЛЕКсеЙ МИхАйЛов,8(9570) 29-91,2,игРушКА мЯЧ,2,513.92,86.08,coMpLetEd,"Задержка с доставкой, печалька...",2024/06/21,7868986018027995
2029946694833,2024-06-29 04:17:35,АЛЕКсеЙ МИхАйЛов,8(9570) 29-91,4,ПоДпИскА На ГаЗеТу,3,1504.5,295.5,completed,"Задержка с доставкой, печалька...",2024/06/21,7868986018027995
2029946694833,2024-06-29 04:17:35,АЛЕКсеЙ МИхАйЛов,8(9570) 29-91,4,подПискА На ГАзету,5,2557.61,442.39,coMPLEtEd,"Задержка с доставкой, печалька...",2024/06/21,7868986018027995
2029946694833,2024-06-29 04:17:35,АЛЕКсеЙ МИхАйЛов,8(9570) 29-91,4,ПОдпиСКа На гАЗеТу,1,509.53,90.47,COMpLetED,"Задержка с доставкой, печалька...",2024/06/21,7868986018027995
2029946693161,03.06.2024 10:50,СЕРгЕй СИдоРов,+7 9949 06 89,4,ПОДПиСКа НА ГазеТу,4,1936.73,463.27,canCEllEd,Ждём с нетерпением!,2024/06/23,0159467541527670
2029946693161,03.06.2024 10:50,СЕРгЕй СИдоРов,+7 9949 06 89,2,ИгрушкА Мяч,2,517.9,82.1,CANceLled,Ждём с нетерпением!,2024/06/23,0159467541527670
2029946693161,03.06.2024 10:50,СЕРгЕй СИдоРов,+7 9949 06 89,4,пОДписка на гАЗЕТУ,3,1683.18,116.82,CaNcELlEd,Ждём с нетерпением!,2024/06/23,0159467541527670
2029946693161,03.06.2024 10:50,СЕРгЕй СИдоРов,+7 9949 06 89,2,ИГРУшкА мЯч,5,1370.2,129.8,caNcellEd,Ждём с нетерпением!,2024/06/23,0159467541527670
2029946692229,2024-06-11 00:15:17,оЛьГА кузнеЦоВА,8(9559) 81-19,3,АМУНИЦия дЛЯ сОбАК,1,1187.89,12.11,CoMPlETEd,Проверить наличие,2024-06-23,5896668287012791
2029946691942,16.06.2024 21:50,михАиЛ ОрЛОв,+7(9473)35-48,5,МоЛОКО,3,7547.19,1452.81,coMpLeTed,спасибо за заказ,2024-06-05,7664622665629326
2029946691942,16.06.2024 21:50,михАиЛ ОрЛОв,+7(9473)35-48,5,МОлОкО,2,5548.49,451.51,COmplEted,спасибо за заказ,2024-06-05,7664622665629326
2029946690518,2024-06-30 02:23:11,Анна сМиРнова,+7(9062)94-28,3,АмуНицИя Для СОБаК,2,2183.58,216.42,coMpleted,спасибо за заказ,2024/06/20,8943128915134819
2029946690518,2024-06-30 02:23:11,Анна сМиРнова,+7(9062)94-28,1,корМ ДЛя собАк,1,411.99,88.01,cOmPLETed,спасибо за заказ,2024/06/20,8943128915134819
2029946689514,20.06.2024 10:43,ЕЛеНА НОвИкоВА,+7 9427 31 98,5,МолОкО,2,5065.72,934.28,caNcelLed,подарок вовремя,2024/06/18,3440600937566484
2029946689514,20.06.2024 10:43,ЕЛеНА НОвИкоВА,+7 9427 31 98,3,аМуНициЯ ДЛЯ собаК,5,4864.12,1135.88,cANCeLLeD,подарок вовремя,2024/06/18,3440600937566484
2029946688116,24.06.2024 14:03,мАРиЯ ПЕТРОвА,+7(9214)55-03,2,ИгРушка МЯЧ,4,1031.2,168.8,proCEssInG,"Задержка с доставкой, печалька...",2024/06/19,2723173345983619
2029946688116,24.06.2024 14:03,мАРиЯ ПЕТРОвА,+7(9214)55-03,2,игРУшкА МЯЧ,1,277.71,22.29,prOceSSing,"Задержка с доставкой, печалька...",2024/06/19,2723173345983619
2029946687685,13.06.2024 11:57,ИвАН иВанов,+7(9805)56-49,3,АМУнициЯ длЯ собак,2,2294.02,105.98,cOmpLetED,Нужно уточнить сроки,24.06.2024,2558528991937695
2029946687685,13.06.2024 11:57,ИвАН иВанов,+7(9805)56-49,2,иГрУшка мЯЧ,2,520.46,79.54,CoMplEted,Нужно уточнить сроки,24.06.2024,2558528991937695
2029946687685,13.06.2024 11:57,ИвАН иВанов,+7(9805)56-49,2,ИгрушКА мЯЧ,1,268.53,31.47,CoMPleteD,Нужно уточнить сроки,24.06.2024,2558528991937695
2029946686265,18.06.2024 04:54,ЕлЕНа НоВИКоВа,+7 9096 11 47,2,игРУШка мяЧ,1,252.53,47.47,cAnCElled,подарок вовремя,2024-06-02,1887094595902234
2029946686265,18.06.2024 04:54,ЕлЕНа НоВИКоВа,+7 9096 11 47,3,аМУнИцИя Для СОбак,2,1982.41,417.59,CANceLLED,подарок вовремя,2024-06-02,1887094595902234
2029946685390,19.06.2024 23:51,Елена НоВиКоВа,+7 9049 18 64,2,ИГрУшКА мЯЧ,2,484.75,115.25,coMplETED,"Задержка с доставкой, печалька...",2024/06/19,9130367681171818
2029946685390,19.06.2024 23:51,Елена НоВиКоВа,+7 9049 18 64,1,кОрМ Для СоБАК,5,2426.17,73.83,COmPlEted,"Задержка с доставкой, печалька...",2024/06/19,9130367681171818
2029946685390,19.06.2024 23:51,Елена НоВиКоВа,+7 9049 18 64,3,аМУнИция ДЛя СобАК,5,4860.27,1139.73,cOmpLetED,"Задержка с доставкой, печалька...",2024/06/19,9130367681171818
2029946684201,2024/06/01 23:51:29,СЕрГЕЙ СИдОроВ,+7(9062)80-92,1,кОрМ ДЛЯ сОБАК,5,2470.75,29.25,coMpleTED,Ждём с нетерпением!,2024/06/16,0100080289246930
2029946683204,2024-06-01 06:34:01,аЛекСей МИхаЙлов,+7 9312 02 46,4,ПОдПИСкА НА ГАзетУ,1,549.1,50.9,CANcelLEd,"Задержка с доставкой, печалька...",2024-06-22,7030275707881281
2029946683204,2024-06-01 06:34:01,аЛекСей МИхаЙлов,+7 9312 02 46,2,ИгрУШкА МЯч,3,809.98,90.02,CanCELleD,"Задержка с доставкой, печалька...",2024-06-22,7030275707881281
2029946683204,2024-06-01 06:34:01,аЛекСей МИхаЙлов,+7 9312 02 46,5,МолОко,1,2999.34,0.66,CAnCEllED,"Задержка с доставкой, печалька...",2024-06-22,7030275707881281
2029946683204,2024-06-01 06:34:01,аЛекСей МИхаЙлов,+7 9312 02 46,2,ИГрУШКа мяч,3,764.46,135.54,cAncellED,"Задержка с доставкой, печалька...",2024-06-22,7030275707881281
2029946683204,2024-06-01 06:34:01,аЛекСей МИхаЙлов,+7 9312 02 46,2,ИГРУШКа МЯч,1,274.46,25.54,CanCelLed,"Задержка с доставкой, печалька...",2024-06-22,7030275707881281
2029946682562,12.06.2024 15:28,ДМИтрИй КУЗнЕцов,8(9894) 47-70,5,МолоКО,2,4815.92,1184.08,COmPlEtEd,Нужно уточнить сроки,10.06.2024,6451026660002769
2029946682562,12.06.2024 15:28,ДМИтрИй КУЗнЕцов,8(9894) 47-70,2,ИГруШкА мяЧ,1,275.03,24.97,coMpLEtEd,Нужно уточнить сроки,10.06.2024,6451026660002769
2029946681489,2024/06/04 17:10:54,маРиЯ пЕТРОвА,+7 9008 50 04,5,моЛоКО,5,13523.56,1476.44,PRoCESsing,Нужно уточнить сроки,05.06.2024,8970857612660028
2029946681489,2024/06/04 17:10:54,маРиЯ пЕТРОвА,+7 9008 50 04,1,КорМ дЛя СОБАК,2,999.41,0.59,prOCeSsiNg,Нужно уточнить сроки,05.06.2024,8970857612660028
2029946681489,2024/06/04 17:10:54,маРиЯ пЕТРОвА,+7 9008 50 04,5,МолоКо,2,5903.34,96.66,PrOcEssIng,Нужно уточнить сроки,05.06.2024,8970857612660028
2029946681489,2024/06/04 17:10:54,маРиЯ пЕТРОвА,+7 9008 50 04,1,КорМ Для сОбАк,1,429.33,70.67,proCesSING,Нужно уточнить сроки,05.06.2024,8970857612660028
2029946680303,23.06.2024 22:12,дМитРИй КУЗНеЦОВ,+7 9778 04 20,1,кОРМ Для соБак,5,2244.71,255.29,pRoceSsInG,Всё отлично!,2024-06-09,7540988045931152
2029946680303,23.06.2024 22:12,дМитРИй КУЗНеЦОВ,+7 9778 04 20,5,мОЛоКо,5,12352.73,2647.27,PrOcessinG,Всё отлично!,2024-06-09,7540988045931152
2029946679464,2024-06-19 00:32:23,ОЛЬГа КУЗнЕЦОВа,8(9624) 97-44,5,МОЛоко,1,2859.55,140.45,cANcElleD,Всё отлично!,03.06.2024,3199783549240733
2029946679464,2024-06-19 00:32:23,ОЛЬГа КУЗнЕЦОВа,8(9624) 97-44,5,мОЛоко,2,5341.61,658.39,caNCELLed,Всё отлично!,03.06.2024,3199783549240733
2029946679464,2024-06-19 00:32:23,ОЛЬГа КУЗнЕЦОВа,8(9624) 97-44,1,корМ ДЛя СОбак,3,1399.36,100.64,canCElLEd,Всё отлично!,03.06.2024,3199783549240733
2029946678547,11.06.2024 05:01,МихАиЛ ОрЛОв,+7 9018 68 03,2,иГРуШКА мяч,1,259.72,40.28,CANCelled,Ждём с нетерпением!,2024/06/07,7921437232616013
2029946677975,2024/06/15 23:09:08,иВаН иваноВ,8(9874) 64-44,4,пОдПИСка На гаЗеТУ,1,573.11,26.89,CANcELLed,Всё отлично!,2024-06-03,1157965966744536
2029946677975,2024/06/15 23:09:08,иВаН иваноВ,8(9874) 64-44,3,АМуНИцИя ДЛЯ СОБак,5,5123.88,876.12,cANcelLeD,Всё отлично!,2024-06-03,1157965966744536
2029946677975,2024/06/15 23:09:08,иВаН иваноВ,8(9874) 64-44,2,ИгруШкА мЯч,2,581.78,18.22,caNCEllED,Всё отлично!,2024-06-03,1157965966744536
2029946677975,2024/06/15 23:09:08,иВаН иваноВ,8(9874) 64-44,3,АмУНИЦия ДЛЯ сОБАк,1,986.37,213.63,caNceLLEd,Всё отлично!,2024-06-03,1157965966744536
2029946677975,2024/06/15 23:09:08,иВаН иваноВ,8(9874) 64-44,1,Корм ДЛЯ СОБАК,2,925.59,74.41,caNCELLed,Всё отлично!,2024-06-03,1157965966744536
2029946676649,13.06.2024 23:44,сЕРгЕЙ сидОроВ,+7(9586)09-76,5,мОлОкО,3,8954.4,45.6,cOMpleTEd,Всё отлично!,2024-06-24,7102546816485979
2029946676649,13.06.2024 23:44,сЕРгЕЙ сидОроВ,+7(9586)09-76,4,ПОдписка нА гАзЕТу,5,2556.54,443.46,cOmpleTED,Всё отлично!,2024-06-24,7102546816485979
2029946676649,13.06.2024 23:44,сЕРгЕЙ сидОроВ,+7(9586)09-76,2,ИГРушка МяЧ,2,529.32,70.68,CoMPLETed,Всё отлично!,2024-06-24,7102546816485979
2029946676649,13.06.2024 23:44,сЕРгЕЙ сидОроВ,+7(9586)09-76,2,ИГРУШкА мяЧ,5,1269.14,230.86,cOmpleTEd,Всё отлично!,2024-06-24,7102546816485979
2029946675545,13.06.2024 15:02,елЕнА НовиКОвА,+7(9625)42-75,3,аМунИЦиЯ ДЛя СОбаК,3,2904.22,695.78,coMPlETeD,подарок вовремя,27.06.2024,2581519668482393
2029946675545,13.06.2024 15:02,елЕнА НовиКОвА,+7(9625)42-75,1,КоРМ ДЛя соБаК,4,1769.98,230.02,cOMpLeted,подарок вовремя,27.06.2024,2581519668482393
2029946675545,13.06.2024 15:02,елЕнА НовиКОвА,+7(9625)42-75,4,поДпИска нА гАЗЕТу,1,509.15,90.85,cOMplETed,подарок вовремя,27.06.2024,2581519668482393
2029946675545,13.06.2024 15:02,елЕнА НовиКОвА,+7(9625)42-75,3,аМуНиЦИя дЛя СоБаК,3,3390.74,209.26,COmpLeTed,подарок вовремя,27.06.2024,2581519668482393
2029946674241,2024-06-03 14:33:15,МихАил оРлоВ,+7(9655)74-47,5,молоко,1,2664.29,335.71,cOmPLetEd,Проверить наличие,2024-06-17,5365044827746966
2029946673181,2024-06-04 22:26:52,маРия петРОВа,8(9862) 31-74,5,мОлоКО,2,5004.35,995.65,PRocESSING,Ждём с нетерпением!,15.06.2024,5472743465761434
2029946673181,2024-06-04 22:26:52,маРия петРОВа,8(9862) 31-74,4,поДпИСКа На ГАзЕТУ,2,1082.55,117.45,proCeSSiNG,Ждём с нетерпением!,15.06.2024,5472743465761434
2029946673181,2024-06-04 22:26:52,маРия петРОВа,8(9862) 31-74,2,игРушКа МЯч,5,1355.78,144.22,PROcEssing,Ждём с нетерпением!,15.06.2024,5472743465761434
2029946673181,2024-06-04 22:26:52,маРия петРОВа,8(9862) 31-74,3,АМУнИЦИя дЛЯ СоБАк,1,1159.64,40.36,pROcEssiNG,Ждём с нетерпением!,15.06.2024,5472743465761434
2029946672373,2024-06-18 07:51:09,ОЛЬгА кУзНецОвА,+7 9331 20 88,2,ИГрУШкА МЯЧ,2,564.3,35.7,PrOcesSIng,подарок вовремя,2024/06/23,2596864329771542
2029946672373,2024-06-18 07:51:09,ОЛЬгА кУзНецОвА,+7 9331 20 88,5,МОЛоКо,4,11974.32,25.68,PROCEsSIng,подарок вовремя,2024/06/23,2596864329771542
2029946672373,2024-06-18 07:51:09,ОЛЬгА кУзНецОвА,+7 9331 20 88,5,МОлОКо,5,13713.13,1286.87,PRoCeSsiNG,подарок вовремя,2024/06/23,2596864329771542
2029946672373,2024-06-18 07:51:09,ОЛЬгА кУзНецОвА,+7 9331 20 88,5,мОлОкО,4,11657.23,342.77,PROcEsSiNG,подарок вовремя,2024/06/23,2596864329771542
2029946671539,2024/06/09 02:01:25,Иван ивАНОВ,+7 9771 09 07,1,кОРМ ДЛЯ СобАК,4,1918.43,81.57,PROceSSiNG,Проверить наличие,2024-06-22,6382948535576995
2029946671539,2024/06/09 02:01:25,Иван ивАНОВ,+7 9771 09 07,4,пОдпИСкА нА ГАзЕту,5,2418.0,582.0,pROCessiNg,Проверить наличие,2024-06-22,6382948535576995
2029946671539,2024/06/09 02:01:25,Иван ивАНОВ,+7 9771 09 07,2,игрУшкА Мяч,1,264.78,35.22,ProCEsSing,Проверить наличие,2024-06-22,6382948535576995
2029946671539,2024/06/09 02:01:25,Иван ивАНОВ,+7 9771 09 07,3,аМУнИция для сОбаК,3,2959.66,640.34,pRoceSsINg,Проверить наличие,2024-06-22,6382948535576995
2029946670599,2024-06-21 17:03:09,дмИтРИЙ КуЗнЕцОв,+7 9500 42 20,2,иГРуШКа МЯЧ,4,1100.85,99.15,compLETed,"Задержка с доставкой, печалька...",2024/06/17,1046308668575034
2029946670599,2024-06-21 17:03:09,дмИтРИЙ КуЗнЕцОв,+7 9500 42 20,4,ПОДпИсКа нА газЕТУ,3,1516.52,283.48,coMpLeted,"Задержка с доставкой, печалька...",2024/06/17,1046308668575034
2029946669868,2024-06-15 12:06:12,наТАлЬЯ ваСИЛьЕвА,+7(9558)19-34,4,ПОдПИСкА НА ГАЗетУ,2,971.18,228.82,pRoCEsSING,Проверить наличие,25.06.2024,0194907139816110
2029946669868,2024-06-15 12:06:12,наТАлЬЯ ваСИЛьЕвА,+7(9558)19-34,3,аМунИЦИЯ дЛЯ СобАК,2,2262.71,137.29,PrOceSsiNg,Проверить наличие,25.06.2024,0194907139816110
2029946669868,2024-06-15 12:06:12,наТАлЬЯ ваСИЛьЕвА,+7(9558)19-34,4,пОдПИСКА На гаЗЕТу,2,1101.79,98.21,pRoCEsSing,Проверить наличие,25.06.2024,0194907139816110
2029946668871,2024-06-16 21:47:15,НАтАлья ВАсИльЕва,+7 9192 20 73,5,МоЛОкО,4,10356.54,1643.46,cOmpleTeD,Ждём с нетерпением!,12.06.2024,6235843862029948
2029946668871,2024-06-16 21:47:15,НАтАлья ВАсИльЕва,+7 9192 20 73,4,ПОдпискА На ГАзЕТУ,2,1013.54,186.46,CoMpLETed,Ждём с нетерпением!,12.06.2024,6235843862029948
2029946668871,2024-06-16 21:47:15,НАтАлья ВАсИльЕва,+7 9192 20 73,5,МОлОКо,5,14511.45,488.55,cOmPlETeD,Ждём с нетерпением!,12.06.2024,6235843862029948
2029946667535,26.06.2024 15:32,МарИЯ пЕТрОВа,8(9990) 85-39,2,игрушКа мЯЧ,2,482.57,117.43,cancelled,Ждём с нетерпением!,2024-06-04,6753899039257448
2029946666778,07.06.2024 17:35,аНна смиРНОва,8(9919) 52-56,3,АМУНиЦия Для сОбАк,1,1020.26,179.74,cANCELlED,Проверить наличие,2024-06-14,2043198527384751
2029946666778,07.06.2024 17:35,аНна смиРНОва,8(9919) 52-56,3,АМунициЯ ДлЯ СОБАк,5,5316.76,683.24,CAncELled,Проверить наличие,2024-06-14,2043198527384751
2029946666778,07.06.2024 17:35,аНна смиРНОва,8(9919) 52-56,5,моЛОКО,1,2977.96,22.04,cANCelLEd,Проверить наличие,2024-06-14,2043198527384751
2029946666778,07.06.2024 17:35,аНна смиРНОва,8(9919) 52-56,3,АмУНИЦИЯ ДлЯ СОБак,3,3363.57,236.43,canCEllEd,Проверить наличие,2024-06-14,2043198527384751
2029946665895,29.06.2024 18:46,МаРИЯ ПЕТРоВа,8(9138) 42-12,5,МОЛОко,3,8295.89,704.11,PROcessiNg,Нужно уточнить сроки,2024/06/12,5085336730113966
2029946665895,29.06.2024 18:46,МаРИЯ ПЕТРоВа,8(9138) 42-12,3,АмУНИцИЯ дЛя СОБАК,5,5913.15,86.85,pRocESsInG,Нужно уточнить сроки,2024/06/12,5085336730113966
2029946665895,29.06.2024 18:46,МаРИЯ ПЕТРоВа,8(9138) 42-12,2,ИГрУШка мЯЧ,5,1284.17,215.83,proceSsinG,Нужно уточнить сроки,2024/06/12,5085336730113966
2029946665895,29.06.2024 18:46,МаРИЯ ПЕТРоВа,8(9138) 42-12,5,молоКо,2,4931.78,1068.22,prOceSsIng,Нужно уточнить сроки,2024/06/12,5085336730113966
2029946665895,29.06.2024 18:46,МаРИЯ ПЕТРоВа,8(9138) 42-12,3,аМуНиЦия ДлЯ СоБАк,3,2948.01,651.99,PRoCEssinG,Нужно уточнить сроки,2024/06/12,5085336730113966
2029946664884,2024-06-22 23:09:39,елЕНа нОВиКоВА,+7(9643)66-33,3,амунициЯ длЯ соБАк,2,2171.18,228.82,pRoCEsSINg,подарок вовремя,2024-06-18,7170976285700247
2029946664884,2024-06-22 23:09:39,елЕНа нОВиКоВА,+7(9643)66-33,4,пОДписка На гаЗЕТУ,1,572.23,27.77,proCesSING,подарок вовремя,2024-06-18,7170976285700247
2029946664884,2024-06-22 23:09:39,елЕНа нОВиКоВА,+7(9643)66-33,4,поДПИСКА на ГАзеТУ,3,1675.77,124.23,PrOcesSing,подарок вовремя,2024-06-18,7170976285700247
2029946664884,2024-06-22 23:09:39,елЕНа нОВиКоВА,+7(9643)66-33,5,МоЛоКо,1,2795.27,204.73,PrOceSsING,подарок вовремя,2024-06-18,7170976285700247
2029946663225,29.06.2024 21:59,МихАИЛ ОрлОВ,+7 9863 53 70,5,молОКО,5,12326.14,2673.86,ComPLetED,Ждём с нетерпением!,2024-06-21,6711428813404133
2029946663225,29.06.2024 21:59,МихАИЛ ОрлОВ,+7 9863 53 70,2,ИГрУШКа МЯЧ,3,762.14,137.86,COmplETED,Ждём с нетерпением!,2024-06-21,6711428813404133
2029946663225,29.06.2024 21:59,МихАИЛ ОрлОВ,+7 9863 53 70,3,аМУНицИя дЛЯ сОБаК,5,5638.19,361.81,coMPLeTed,Ждём с нетерпением!,2024-06-21,6711428813404133
2029946662658,28.06.2024 11:39,оЛЬГА кУзНецОва,8(9949) 08-46,2,ИгРУШкА мЯч,2,590.51,9.49,coMPLeted,Нужно уточнить сроки,2024/06/11,0820905724373587
2029946662658,28.06.2024 11:39,оЛЬГА кУзНецОва,8(9949) 08-46,2,ИГРУшКа мЯч,2,564.92,35.08,COmpletED,Нужно уточнить сроки,2024/06/11,0820905724373587
2029946662658,28.06.2024 11:39,оЛЬГА кУзНецОва,8(9949) 08-46,2,иГРУшКа МяЧ,5,1370.33,129.67,coMpLETeD,Нужно уточнить сроки,2024/06/11,0820905724373587
2029946661731,2024/06/13 23:40:39,АлЕКСеЙ миХайлоВ,+7 9463 80 23,3,аМУниЦИя Для соБаК,3,3506.46,93.54,pROCessInG,Всё отлично!,2024/06/06,2483391430498501
2029946661731,2024/06/13 23:40:39,АлЕКСеЙ миХайлоВ,+7 9463 80 23,4,поДПисКа НА газЕТУ,1,517.61,82.39,PRoCEsSInG,Всё отлично!,2024/06/06,2483391430498501
2029946661731,2024/06/13 23:40:39,АлЕКСеЙ миХайлоВ,+7 9463 80 23,2,ИГрУШкА мЯЧ,1,240.8,59.2,proceSsIng,Всё отлично!,2024/06/06,2483391430498501
2029946661731,2024/06/13 23:40:39,АлЕКСеЙ миХайлоВ,+7 9463 80 23,3,амУНицИя ДЛя СОБак,4,4031.86,768.14,PROcESsIng,Всё отлично!,2024/06/06,2483391430498501
2029946661731,2024/06/13 23:40:39,АлЕКСеЙ миХайлоВ,+7 9463 80 23,2,ИГРуШКа мЯЧ,3,807.02,92.98,PROCESSIng,Всё отлично!,2024/06/06,2483391430498501
2029946660394,2024/06/10 15:18:43,АЛЕКсей МиХайлОВ,8(9068) 03-82,3,амУнИЦИя ДлЯ соБак,5,5655.73,344.27,pRocEsSInG,Проверить наличие,2024/06/01,2656018883641750
2029946660394,2024/06/10 15:18:43,АЛЕКсей МиХайлОВ,8(9068) 03-82,5,мОлоко,4,11724.78,275.22,pROCeSSing,Проверить наличие,2024/06/01,2656018883641750
2029946660394,2024/06/10 15:18:43,АЛЕКсей МиХайлОВ,8(9068) 03-82,2,ИгРУШКа Мяч,2,488.12,111.88,procEsSInG,Проверить наличие,2024/06/01,2656018883641750
2029946660394,2024/06/10 15:18:43,АЛЕКсей МиХайлОВ,8(9068) 03-82,3,амуНиЦИЯ Для СОБак,1,1138.53,61.47,pRoCeSSING,Проверить наличие,2024/06/01,2656018883641750
2029946660394,2024/06/10 15:18:43,АЛЕКсей МиХайлОВ,8(9068) 03-82,3,аМУнИЦИЯ ДЛя СОБак,2,2008.54,391.46,PROCesSing,Проверить наличие,2024/06/01,2656018883641750
2029946659869,2024/06/25 11:47:31,мАрИЯ ПетРОВа,+7 9499 80 55,2,ИгрУШКа мяЧ,4,1109.82,90.18,COMpLETeD,Всё отлично!,2024/06/16,5668701921731579
2029946659869,2024/06/25 11:47:31,мАрИЯ ПетРОВа,+7 9499 80 55,3,АмунИцИя ДЛЯ соБАК,4,4196.56,603.44,CompleTed,Всё отлично!,2024/06/16,5668701921731579
2029946659869,2024/06/25 11:47:31,мАрИЯ ПетРОВа,+7 9499 80 55,2,иГрУШКА МЯч,4,1171.54,28.46,comPleTED,Всё отлично!,2024/06/16,5668701921731579
2029946659869,2024/06/25 11:47:31,мАрИЯ ПетРОВа,+7 9499 80 55,4,поДПиСКА НА ГазЕТу,3,1756.51,43.49,coMplEted,Всё отлично!,2024/06/16,5668701921731579
2029946658621,2024-06-09 10:39:19,МАРия пЕтроВА,8(9039) 44-93,3,амУНиЦиЯ ДлЯ СОБАк,1,1118.54,81.46,caNCELlEd,Проверить наличие,13.06.2024,3780413444701644
2029946658621,2024-06-09 10:39:19,МАРия пЕтроВА,8(9039) 44-93,5,МОЛОкО,1,2834.84,165.16,CANCeLleD,Проверить наличие,13.06.2024,3780413444701644
2029946658621,2024-06-09 10:39:19,МАРия пЕтроВА,8(9039) 44-93,3,амунИция длЯ сОбАК,2,2010.77,389.23,CanCelleD,Проверить наличие,13.06.2024,3780413444701644
2029946657496,07.06.2024 13:53,сеРГеЙ СИдорОв,8(9827) 27-60,1,корМ для сОбАК,3,1279.55,220.45,cAnCelLed,Нужно уточнить сроки,2024-06-16,8264962094278926
2029946657496,07.06.2024 13:53,сеРГеЙ СИдорОв,8(9827) 27-60,4,ПОДПиска на ГАЗеТу,5,2476.14,523.86,caNCelLeD,Нужно уточнить сроки,2024-06-16,8264962094278926
2029946657496,07.06.2024 13:53,сеРГеЙ СИдорОв,8(9827) 27-60,5,МОлоКО,1,2961.64,38.36,CaNCellED,Нужно уточнить сроки,2024-06-16,8264962094278926
2029946657496,07.06.2024 13:53,сеРГеЙ СИдорОв,8(9827) 27-60,5,МОЛоКО,3,7360.32,1639.68,CancELlED,Нужно уточнить сроки,2024-06-16,8264962094278926
2029946656898,08.06.2024 21:11,ИваН иваНоВ,8(9650) 04-59,3,аМУнИЦиЯ дЛя СОбаК,4,3877.79,922.21,coMPLetED,Нужно уточнить сроки,2024/06/03,3777107564877059
2029946656898,08.06.2024 21:11,ИваН иваНоВ,8(9650) 04-59,3,амУНИциЯ дЛя Собак,2,2292.32,107.68,cOmpleted,Нужно уточнить сроки,2024/06/03,3777107564877059
2029946656898,08.06.2024 21:11,ИваН иваНоВ,8(9650) 04-59,5,Молоко,5,12128.53,2871.47,cOMPlETEd,Нужно уточнить сроки,2024/06/03,3777107564877059
2029946656898,08.06.2024 21:11,ИваН иваНоВ,8(9650) 04-59,5,МОлокО,4,11353.17,646.83,COMpletED,Нужно уточнить сроки,2024/06/03,3777107564877059
2029946655486,01.06.2024 17:39,МИХАиЛ ОрЛОВ,8(9086) 49-18,3,АМунИцИЯ дЛя сОбАк,3,3373.1,226.9,CAnCElLEd,"Задержка с доставкой, печалька...",2024/06/22,7217320257670137
2029946654519,2024-06-05 23:44:22,МиХАиЛ орлОв,+7(9405)92-83,3,АМуНиЦия ДЛЯ собАК,4,4492.23,307.77,prOcESsInG,Нужно уточнить сроки,2024/06/20,5638828141867255
2029946654519,2024-06-05 23:44:22,МиХАиЛ орлОв,+7(9405)92-83,2,иГРушКа мяч,3,785.85,114.15,proCEsSinG,Нужно уточнить сроки,2024/06/20,5638828141867255
2029946654519,2024-06-05 23:44:22,МиХАиЛ орлОв,+7(9405)92-83,2,игрУШКА мяЧ,4,1184.4,15.6,PrOCESsINg,Нужно уточнить сроки,2024/06/20,5638828141867255
2029946654519,2024-06-05 23:44:22,МиХАиЛ орлОв,+7(9405)92-83,2,ИгРушКА Мяч,1,299.2,0.8,PrOcesSINg,Нужно уточнить сроки,2024/06/20,5638828141867255
2029946654519,2024-06-05 23:44:22,МиХАиЛ орлОв,+7(9405)92-83,3,аМУниЦИЯ ДЛя СоБАК,4,4066.85,733.15,ProCeSSing,Нужно уточнить сроки,2024/06/20,5638828141867255
2029946653818,2024/06/02 07:55:58,еленА новИкоВа,+7 9237 91 53,2,игрушкА мяч,5,1260.45,239.55,CanCELleD,"Задержка с доставкой, печалька...",2024/06/03,4958086225494244
2029946653818,2024/06/02 07:55:58,еленА новИкоВа,+7 9237 91 53,5,молоКО,4,10849.65,1150.35,cancEllED,"Задержка с доставкой, печалька...",2024/06/03,4958086225494244
2029946653818,2024/06/02 07:55:58,еленА новИкоВа,+7 9237 91 53,4,пОДпиСКА на ГазЕту,2,1166.03,33.97,caNCElLEd,"Задержка с доставкой, печалька...",2024/06/03,4958086225494244
2029946652699,2024-06-25 08:50:07,ДмиТРИй КузнЕцоВ,+7(9193)88-93,4,ПоДПиСКА на ГазЕТУ,4,1921.06,478.94,ProCEssInG,Ждём с нетерпением!,2024-06-17,8743530367737872
2029946652699,2024-06-25 08:50:07,ДмиТРИй КузнЕцоВ,+7(9193)88-93,4,ПодпИска На ГаЗеТу,5,2935.58,64.42,procEssing,Ждём с нетерпением!,2024-06-17,8743530367737872
2029946651159,2024/06/01 06:26:26,АНна сМирНОВА,+7(9031)40-77,3,аМунИЦиЯ ДЛЯ СоБаК,5,4844.39,1155.61,COmpLeted,Всё отлично!,2024-06-13,0887032011621982
2029946651159,2024/06/01 06:26:26,АНна сМирНОВА,+7(9031)40-77,3,АмунициЯ ДЛя СОБАК,3,2990.96,609.04,cOMPleTeD,Всё отлично!,2024-06-13,0887032011621982
2029946651159,2024/06/01 06:26:26,АНна сМирНОВА,+7(9031)40-77,3,аМУницИЯ для собаК,4,4684.63,115.37,COMPlEted,Всё отлично!,2024-06-13,0887032011621982
2029946651159,2024/06/01 06:26:26,АНна сМирНОВА,+7(9031)40-77,3,амУнИЦиЯ ДЛя сОбак,2,2141.22,258.78,complETEd,Всё отлично!,2024-06-13,0887032011621982
2029946651159,2024/06/01 06:26:26,АНна сМирНОВА,+7(9031)40-77,3,АМуницИя дЛЯ СоБаК,1,1014.59,185.41,cOmPleTed,Всё отлично!,2024-06-13,0887032011621982
2029946650285,2024/06/19 15:44:37,НАталья василЬевА,8(9751) 94-33,1,коРм ДЛя СоБаК,3,1467.19,32.81,cOmPLEtED,Всё отлично!,2024-06-14,3397936338050056
2029946650285,2024/06/19 15:44:37,НАталья василЬевА,8(9751) 94-33,4,пОдПисКа на гАзетУ,5,2489.84,510.16,COmPletEd,Всё отлично!,2024-06-14,3397936338050056
2029946650285,2024/06/19 15:44:37,НАталья василЬевА,8(9751) 94-33,1,КОрм ДЛЯ СобАК,5,2251.85,248.15,coMplEted,Всё отлично!,2024-06-14,3397936338050056
2029946650285,2024/06/19 15:44:37,НАталья василЬевА,8(9751) 94-33,4,поДПИска нА гАзеТУ,4,2039.32,360.68,ComPLeTEd,Всё отлично!,2024-06-14,3397936338050056
2029946650285,2024/06/19 15:44:37,НАталья василЬевА,8(9751) 94-33,3,аМУНиЦия дЛя сОБАК,2,2397.26,2.74,cOmpLETeD,Всё отлично!,2024-06-14,3397936338050056
2029946649276,2024/06/14 02:38:58,сЕргеЙ СидороВ,+7(9215)50-33,4,пОдПиСКа нА гАзету,1,580.85,19.15,pROceSSIng,Всё отлично!,2024/06/12,8469846662770222
2029946649276,2024/06/14 02:38:58,сЕргеЙ СидороВ,+7(9215)50-33,3,аМУНицИЯ ДлЯ СОбаК,5,5996.0,4.0,PrOCeSSiNG,Всё отлично!,2024/06/12,8469846662770222
2029946649276,2024/06/14 02:38:58,сЕргеЙ СидороВ,+7(9215)50-33,2,игРуШкА МЯч,1,263.0,37.0,prOceSsINg,Всё отлично!,2024/06/12,8469846662770222
2029946649276,2024/06/14 02:38:58,сЕргеЙ СидороВ,+7(9215)50-33,5,молоКо,3,8831.08,168.92,PrOCesSiNG,Всё отлично!,2024/06/12,8469846662770222
2029946649276,2024/06/14 02:38:58,сЕргеЙ СидороВ,+7(9215)50-33,5,мОЛокО,1,2571.98,428.02,pROceSSing,Всё отлично!,2024/06/12,8469846662770222
2029946648417,11.06.2024 12:56,иван ИвАНОв,+7 9052 36 48,3,АМуНиЦия ДЛЯ соБАК,4,4251.95,548.05,ComPLETeD,Ждём с нетерпением!,2024/06/26,6747058003061480
2029946648417,11.06.2024 12:56,иван ИвАНОв,+7 9052 36 48,5,МОЛоКо,5,14853.38,146.62,comPlEtED,Ждём с нетерпением!,2024/06/26,6747058003061480
2029946648417,11.06.2024 12:56,иван ИвАНОв,+7 9052 36 48,2,иГРушкА мяЧ,2,566.08,33.92,COMPleTeD,Ждём с нетерпением!,2024/06/26,6747058003061480
2029946647851,2024/06/26 21:51:50,алекСЕй МИХайлОв,+7(9788)52-31,5,МолОкО,4,10704.04,1295.96,CaNCElLED,Нужно уточнить сроки,2024-06-06,3177874410271771
2029946647851,2024/06/26 21:51:50,алекСЕй МИХайлОв,+7(9788)52-31,3,аМУНИцИя длЯ СОБак,1,977.65,222.35,CaNcELLeD,Нужно уточнить сроки,2024-06-06,3177874410271771
2029946647851,2024/06/26 21:51:50,алекСЕй МИХайлОв,+7(9788)52-31,4,подпиСкА На ГаЗетУ,4,2321.55,78.45,cANcElLeD,Нужно уточнить сроки,2024-06-06,3177874410271771
2029946647851,2024/06/26 21:51:50,алекСЕй МИХайлОв,+7(9788)52-31,2,игрУШКа мяЧ,5,1464.46,35.54,cAncElLeD,Нужно уточнить сроки,2024-06-06,3177874410271771
2029946647851,2024/06/26 21:51:50,алекСЕй МИХайлОв,+7(9788)52-31,5,моЛоКО,4,10089.76,1910.24,CaNcELlEd,Нужно уточнить сроки,2024-06-06,3177874410271771
2029946646424,2024/06/03 12:54:06,ДмиТрий кузнЕЦОВ,8(9294) 67-26,5,мОлокО,5,13858.72,1141.28,COmPLeTeD,Ждём с нетерпением!,15.06.2024,5582407250777424
2029946646424,2024/06/03 12:54:06,ДмиТрий кузнЕЦОВ,8(9294) 67-26,1,корМ для СОБак,4,1935.11,64.89,cOmpleTed,Ждём с нетерпением!,15.06.2024,5582407250777424
2029946646424,2024/06/03 12:54:06,ДмиТрий кузнЕЦОВ,8(9294) 67-26,2,ИгРУшка МЯЧ,2,566.51,33.49,COMPLeTed,Ждём с нетерпением!,15.06.2024,5582407250777424
2029946646424,2024/06/03 12:54:06,ДмиТрий кузнЕЦОВ,8(9294) 67-26,2,иГруШка МЯЧ,2,484.32,115.68,CoMpleTed,Ждём с нетерпением!,15.06.2024,5582407250777424
2029946645978,2024/06/11 19:49:24,маРИЯ пЕтрОвА,+7(9311)25-45,2,ИгрУШка мяЧ,3,809.08,90.92,coMPlEtED,спасибо за заказ,01.06.2024,3738506872510547
2029946644686,2024/06/26 22:03:26,аНна СМирнОВА,+7(9079)48-22,4,пОдписКА нА ГАзеТУ,5,2530.23,469.77,prOCeSSiNG,Всё отлично!,2024-06-08,9618360910916409
2029946643213,2024-06-12 21:56:09,МИХаил ОрЛоВ,+7(9390)52-05,1,Корм ДлЯ соБаК,2,915.56,84.44,CANcelLeD,Всё отлично!,2024-06-06,2388620061459063
2029946643213,2024-06-12 21:56:09,МИХаил ОрЛоВ,+7(9390)52-05,2,ИГРУшКА Мяч,4,1092.79,107.21,CAncELLeD,Всё отлично!,2024-06-06,2388620061459063
2029946642235,26.06.2024 16:30,НАталЬЯ ВАСильева,+7 9035 93 93,3,амуниЦИя ДЛя СОбак,4,4189.86,610.14,CAncELLEd,Нужно уточнить сроки,2024/06/07,9389777991757754
2029946642235,26.06.2024 16:30,НАталЬЯ ВАСильева,+7 9035 93 93,2,ИгрушкА мЯЧ,5,1287.84,212.16,cANCELled,Нужно уточнить сроки,2024/06/07,9389777991757754
2029946642235,26.06.2024 16:30,НАталЬЯ ВАСильева,+7 9035 93 93,5,мОлоко,1,2971.64,28.36,CANCelleD,Нужно уточнить сроки,2024/06/07,9389777991757754
2029946642235,26.06.2024 16:30,НАталЬЯ ВАСильева,+7 9035 93 93,3,амунИцИя ДЛЯ сОБАК,2,2222.63,177.37,CaNcElled,Нужно уточнить сроки,2024/06/07,9389777991757754
2029946642235,26.06.2024 16:30,НАталЬЯ ВАСильева,+7 9035 93 93,2,игрУшка мяЧ,3,788.89,111.11,CAnCEllEd,Нужно уточнить сроки,2024/06/07,9389777991757754
2029946641616,19.06.2024 10:30,МИХАил орлОв,+7(9134)73-04,2,ИГруШКа мЯЧ,3,858.51,41.49,PROcesSIng,подарок вовремя,2024-06-23,7973862188511441
2029946641616,19.06.2024 10:30,МИХАил орлОв,+7(9134)73-04,2,ИгРуШка МЯЧ,5,1342.44,157.56,procESsInG,подарок вовремя,2024-06-23,7973862188511441
2029946640844,2024-06-17 17:26:05,ЕЛеНА НОвИКовА,+7(9109)09-76,2,ИГрушКа МяЧ,3,853.12,46.88,coMPlETEd,Нужно уточнить сроки,2024/06/03,3001863211463658
2029946640844,2024-06-17 17:26:05,ЕЛеНА НОвИКовА,+7(9109)09-76,4,ПодпИска На ГазеТу,1,582.96,17.04,COMPLeteD,Нужно уточнить сроки,2024/06/03,3001863211463658
2029946640844,2024-06-17 17:26:05,ЕЛеНА НОвИКовА,+7(9109)09-76,1,КОрМ длЯ СОбаК,3,1252.4,247.6,COmpLetED,Нужно уточнить сроки,2024/06/03,3001863211463658
2029946639994,25.06.2024 22:27,ЕЛЕна НоВикова,8(9256) 80-75,4,ПодПиСкА НА ГАзЕтУ,2,1046.28,153.72,caNCElled,Нужно уточнить сроки,16.06.2024,2442362525688101
2029946639994,25.06.2024 22:27,ЕЛЕна НоВикова,8(9256) 80-75,4,пОдПискА на гАЗЕтУ,1,594.62,5.38,cancELlEd,Нужно уточнить сроки,16.06.2024,2442362525688101
2029946639994,25.06.2024 22:27,ЕЛЕна НоВикова,8(9256) 80-75,4,ПодПИСКА НА гАЗЕту,1,542.61,57.39,CancelLeD,Нужно уточнить сроки,16.06.2024,2442362525688101
2029946638131,2024/06/16 10:34:38,МихАИл Орлов,+7 9323 50 29,5,мОЛокО,2,5292.59,707.41,cANCEllEd,спасибо за заказ,2024-06-19,7654345756559373
2029946637928,15.06.2024 01:57,АЛексЕй мИХаЙлоВ,8(9849) 24-64,1,коРМ длЯ собАк,1,433.57,66.43,cANCelled,Проверить наличие,2024-06-11,5639675680457118
2029946637928,15.06.2024 01:57,АЛексЕй мИХаЙлоВ,8(9849) 24-64,4,подпИСка На ГАзЕту,1,543.85,56.15,cANcElLEd,Проверить наличие,2024-06-11,5639675680457118
2029946637928,15.06.2024 01:57,АЛексЕй мИХаЙлоВ,8(9849) 24-64,4,ПОдПИСКА на ГАзЕТУ,3,1663.72,136.28,cANCeLLED,Проверить наличие,2024-06-11,5639675680457118
2029946637928,15.06.2024 01:57,АЛексЕй мИХаЙлоВ,8(9849) 24-64,5,мОлОКО,2,5096.29,903.71,caNcelLeD,Проверить наличие,2024-06-11,5639675680457118
2029946637928,15.06.2024 01:57,АЛексЕй мИХаЙлоВ,8(9849) 24-64,2,игРУшКА Мяч,5,1253.19,246.81,CANcELLEd,Проверить наличие,2024-06-11,5639675680457118
2029946636708,13.06.2024 04:56,сЕрГЕй СидОрОВ,8(9385) 39-61,4,ПодПисКА На ГазеТУ,4,2139.38,260.62,processIng,спасибо за заказ,2024-06-14,2241178528932268
2029946636708,13.06.2024 04:56,сЕрГЕй СидОрОВ,8(9385) 39-61,4,ПодПиСКА на ГАЗеТУ,5,2570.65,429.35,PRoCesSINg,спасибо за заказ,2024-06-14,2241178528932268
2029946636708,13.06.2024 04:56,сЕрГЕй СидОрОВ,8(9385) 39-61,2,иГрУШКА мЯч,2,512.31,87.69,PRoCESSing,спасибо за заказ,2024-06-14,2241178528932268
2029946635310,29.06.2024 23:59,мАрИЯ пЕтРовА,8(9750) 80-83,3,аМУНиЦиЯ дЛЯ сОбак,5,5714.42,285.58,cAncElleD,"Задержка с доставкой, печалька...",2024-06-01,5119032803589930
2029946634768,17.06.2024 03:44,мАриЯ ПеТРОВА,+7 9138 64 33,3,АмуНИЦиЯ Для собаК,4,3938.59,861.41,cAnceLLEd,Проверить наличие,2024-06-28,4490836695693074
2029946634768,17.06.2024 03:44,мАриЯ ПеТРОВА,+7 9138 64 33,1,кОРм для СоБАк,3,1244.13,255.87,canCElLeD,Проверить наличие,2024-06-28,4490836695693074
2029946634768,17.06.2024 03:44,мАриЯ ПеТРОВА,+7 9138 64 33,4,ПоДпИСкА нА ГазЕту,3,1468.68,331.32,CAncElLeD,Проверить наличие,2024-06-28,4490836695693074
2029946633506,2024-06-17 03:00:06,елена НоВиКОвА,8(9810) 51-50,5,моЛокО,5,12559.58,2440.42,cAncELLED,спасибо за заказ,2024-06-23,7173429046280943
2029946632731,15.06.2024 02:27,елеНА новиковА,+7(9579)09-91,2,ИгРушка мяч,3,832.58,67.42,prOCeSSiNg,Нужно уточнить сроки,02.06.2024,9255130082922579
2029946632731,15.06.2024 02:27,елеНА новиковА,+7(9579)09-91,5,МоЛОко,1,2439.56,560.44,prOCEsSINg,Нужно уточнить сроки,02.06.2024,9255130082922579
2029946632731,15.06.2024 02:27,елеНА новиковА,+7(9579)09-91,5,мОлОКО,4,9861.1,2138.9,pROCessiNg,Нужно уточнить сроки,02.06.2024,9255130082922579
2029946632731,15.06.2024 02:27,елеНА новиковА,+7(9579)09-91,1,кОРм ДЛЯ СОбАк,5,2324.06,175.94,proCessinG,Нужно уточнить сроки,02.06.2024,9255130082922579
2029946631709,2024-06-16 17:16:11,МАриЯ ПетРовА,+7 9050 84 22,1,кОРм Для сОБАк,4,1659.89,340.11,CaNcELleD,Ждём с нетерпением!,2024/06/27,2112775425457603
2029946631709,2024-06-16 17:16:11,МАриЯ ПетРовА,+7 9050 84 22,5,моЛокО,2,5753.55,246.45,CANCeLLeD,Ждём с нетерпением!,2024/06/27,2112775425457603
2029946631709,2024-06-16 17:16:11,МАриЯ ПетРовА,+7 9050 84 22,2,ИГРУшкА МЯч,5,1364.08,135.92,CaNCeLled,Ждём с нетерпением!,2024/06/27,2112775425457603
2029946630733,17.06.2024 19:51,ОЛьГА КуЗНеЦОва,+7 9717 12 71,1,кОРм ДЛЯ СобАК,4,1828.65,171.35,pRocESsiNG,подарок вовремя,29.06.2024,7585742974103823
2029946629661,01.06.2024 07:47,сЕргЕЙ сИдОрОв,8(9600) 36-43,5,мОЛоко,4,11791.85,208.15,pROCesSInG,спасибо за заказ,2024-06-23,8508302616605992
2029946629661,01.06.2024 07:47,сЕргЕЙ сИдОрОв,8(9600) 36-43,4,подписКА нА ГАЗеТУ,4,2185.78,214.22,PRoCESsINg,спасибо за заказ,2024-06-23,8508302616605992
2029946629661,01.06.2024 07:47,сЕргЕЙ сИдОрОв,8(9600) 36-43,2,ИгРУШка МяЧ,4,1052.04,147.96,PROcESSIng,спасибо за заказ,2024-06-23,8508302616605992
2029946629661,01.06.2024 07:47,сЕргЕЙ сИдОрОв,8(9600) 36-43,5,моЛоКО,5,12033.11,2966.89,pRocessIng,спасибо за заказ,2024-06-23,8508302616605992
2029946629661,01.06.2024 07:47,сЕргЕЙ сИдОрОв,8(9600) 36-43,1,кОрм для сОБаК,1,446.5,53.5,PrOceSSING,спасибо за заказ,2024-06-23,8508302616605992
2029946628509,02.06.2024 07:29,оЛьГа куЗнецОва,+7(9580)01-14,5,мОЛоКо,3,7982.39,1017.61,canceLLed,"Задержка с доставкой, печалька...",24.06.2024,7253108771543692
2029946628509,02.06.2024 07:29,оЛьГа куЗнецОва,+7(9580)01-14,5,мОлОКО,3,7213.95,1786.05,caNCELlED,"Задержка с доставкой, печалька...",24.06.2024,7253108771543692
2029946628509,02.06.2024 07:29,оЛьГа куЗнецОва,+7(9580)01-14,1,КОРм длЯ сОбАК,4,1650.99,349.01,caNcelLED,"Задержка с доставкой, печалька...",24.06.2024,7253108771543692
2029946628509,02.06.2024 07:29,оЛьГа куЗнецОва,+7(9580)01-14,1,Корм дЛЯ соБаК,3,1420.94,79.06,canCellEd,"Задержка с доставкой, печалька...",24.06.2024,7253108771543692
2029946628509,02.06.2024 07:29,оЛьГа куЗнецОва,+7(9580)01-14,3,АМуНиЦИЯ дЛя СОбАк,5,4873.39,1126.61,canCELLED,"Задержка с доставкой, печалька...",24.06.2024,7253108771543692
2029946627586,07.06.2024 04:05,ДМИТрИЙ КУзнеЦОв,8(9868) 64-10,2,ИГрУШкА МяЧ,5,1239.78,260.22,comPLetEd,Проверить наличие,2024-06-21,8995239301592091
2029946626807,23.06.2024 19:01,НАтАлья ВАСиЛЬеВА,+7(9459)94-93,1,КоРМ для сОБАК,3,1245.95,254.05,ProCEsSiNG,Всё отлично!,2024/06/02,9499590886231125
2029946626807,23.06.2024 19:01,НАтАлья ВАСиЛЬеВА,+7(9459)94-93,5,молоКо,3,8760.77,239.23,PRoCessinG,Всё отлично!,2024/06/02,9499590886231125
2029946625453,2024/06/28 09:49:23,еЛенА нОвикОВА,+7 9403 52 31,2,ИгРушКА МяЧ,2,565.86,34.14,CoMpLeteD,Нужно уточнить сроки,2024/06/17,1497839903016707
2029946625453,2024/06/28 09:49:23,еЛенА нОвикОВА,+7 9403 52 31,1,корм длЯ сОбАк,4,1752.0,248.0,comPLEtED,Нужно уточнить сроки,2024/06/17,1497839903016707
2029946625453,2024/06/28 09:49:23,еЛенА нОвикОВА,+7 9403 52 31,5,МОЛоКо,4,10008.33,1991.67,COmPLetEd,Нужно уточнить сроки,2024/06/17,1497839903016707
2029946625453,2024/06/28 09:49:23,еЛенА нОвикОВА,+7 9403 52 31,4,ПоДПиСкА на гАЗЕтУ,3,1498.87,301.13,COmpLEtEd,Нужно уточнить сроки,2024/06/17,1497839903016707
2029946624746,2024-06-10 09:11:51,АнНА СмИрНоВА,+7 9621 84 74,4,ПОдпИскА на гАзЕту,5,2590.13,409.87,CanCELLeD,подарок вовремя,2024/06/24,0892017163095990
2029946624746,2024-06-10 09:11:51,АнНА СмИрНоВА,+7 9621 84 74,4,ПодПиска нА ГАзетУ,5,2787.52,212.48,canceLLed,подарок вовремя,2024/06/24,0892017163095990
2029946624746,2024-06-10 09:11:51,АнНА СмИрНоВА,+7 9621 84 74,4,подпиСКА НА газету,2,1005.7,194.3,CAncElLEd,подарок вовремя,2024/06/24,0892017163095990
2029946624746,2024-06-10 09:11:51,АнНА СмИрНоВА,+7 9621 84 74,1,коРм длЯ собак,5,2476.11,23.89,cANcELLEd,подарок вовремя,2024/06/24,0892017163095990
2029946879728,19.06.2024 05:11,МАрИЯ пЕТРоВа,8(9839) 95-54,4,ПодПИскА НА Газету,4,2359.47,40.53,CancELled,"Задержка с доставкой, печалька...",18.06.2024,9286018033264709
2029946879728,19.06.2024 05:11,МАрИЯ пЕТРоВа,8(9839) 95-54,1,кОРм дЛЯ Собак,1,433.4,66.6,CaNcelLED,"Задержка с доставкой, печалька...",18.06.2024,9286018033264709
2029946878290,2024/06/28 20:54:24,ЕлЕНА нОвИКова,+7 9122 09 45,4,пОДПИска на гаЗеТу,3,1609.8,190.2,COMPlETED,Нужно уточнить сроки,23.06.2024,2349955323799452
2029946878290,2024/06/28 20:54:24,ЕлЕНА нОвИКова,+7 9122 09 45,1,КорМ длЯ сОБаК,5,2054.51,445.49,cOmPlETed,Нужно уточнить сроки,23.06.2024,2349955323799452
2029946878290,2024/06/28 20:54:24,ЕлЕНА нОвИКова,+7 9122 09 45,5,моЛОКО,4,10662.77,1337.23,cOMPleTeD,Нужно уточнить сроки,23.06.2024,2349955323799452
2029946878290,2024/06/28 20:54:24,ЕлЕНА нОвИКова,+7 9122 09 45,1,кОрм дЛЯ СобаК,3,1233.99,266.01,COMPlEtEd,Нужно уточнить сроки,23.06.2024,2349955323799452
2029946878290,2024/06/28 20:54:24,ЕлЕНА нОвИКова,+7 9122 09 45,4,ПОдПИСКа нА ГАзЕту,3,1781.72,18.28,cOmpLEtED,Нужно уточнить сроки,23.06.2024,2349955323799452
2029946877404,2024/06/23 23:48:48,дМИтРИЙ КУЗнецОВ,8(9623) 55-64,2,ИГРУШкА мЯЧ,2,485.08,114.92,PRoceSsInG,"Задержка с доставкой, печалька...",2024/06/27,5445634108526326
2029946877404,2024/06/23 23:48:48,дМИтРИЙ КУЗнецОВ,8(9623) 55-64,4,ПОдпИСКА на ГаЗеТУ,5,2622.82,377.18,PRoCEsSiNg,"Задержка с доставкой, печалька...",2024/06/27,5445634108526326
2029946877404,2024/06/23 23:48:48,дМИтРИЙ КУЗнецОВ,8(9623) 55-64,4,ПОдПиСКА НА газету,2,1076.55,123.45,PROcESsInG,"Задержка с доставкой, печалька...",2024/06/27,5445634108526326
2029946877404,2024/06/23 23:48:48,дМИтРИЙ КУЗнецОВ,8(9623) 55-64,2,игРУШКА мяч,1,272.56,27.44,pROcEsSiNG,"Задержка с доставкой, печалька...",2024/06/27,5445634108526326
2029946877404,2024/06/23 23:48:48,дМИтРИЙ КУЗнецОВ,8(9623) 55-64,4,ПОдПИСкА нА ГАЗету,2,1020.48,179.52,prOCESsINg,"Задержка с доставкой, печалька...",2024/06/27,5445634108526326
2029946876616,2024/06/15 22:40:14,иВан иВАНоВ,8(9701) 76-22,3,АмуНИцИя Для собаК,3,3145.84,454.16,CAnCelLED,Проверить наличие,2024-06-06,1823994175714201
2029946876616,2024/06/15 22:40:14,иВан иВАНоВ,8(9701) 76-22,3,аМуНиция для соБАК,5,4944.16,1055.84,cancELLED,Проверить наличие,2024-06-06,1823994175714201
2029946876616,2024/06/15 22:40:14,иВан иВАНоВ,8(9701) 76-22,1,кОрм ДЛЯ СобАк,1,474.21,25.79,cancElled,Проверить наличие,2024-06-06,1823994175714201
2029946876616,2024/06/15 22:40:14,иВан иВАНоВ,8(9701) 76-22,5,моЛОКО,5,13322.02,1677.98,caNceLleD,Проверить наличие,2024-06-06,1823994175714201
2029946876616,2024/06/15 22:40:14,иВан иВАНоВ,8(9701) 76-22,3,АМуниЦиЯ Для соБАк,2,2371.75,28.25,CaNCelLEd,Проверить наличие,2024-06-06,1823994175714201
2029946875172,15.06.2024 12:40,еЛена ноВикОВа,+7 9113 85 94,4,подПиСКа НА гАЗетУ,2,1111.15,88.85,cAnCElLED,подарок вовремя,2024/06/25,6685880437850831
2029946874475,2024-06-27 07:34:13,дМитрИй КУзНецОв,+7 9483 09 26,5,молОкО,3,7779.07,1220.93,CANcELLeD,Нужно уточнить сроки,29.06.2024,0851096331422165
2029946873966,2024/06/22 20:19:09,ДМИТРиЙ КУЗНЕцОВ,+7 9284 58 83,1,коРМ ДлЯ СоБак,5,2209.11,290.89,CANCelLEd,Всё отлично!,18.06.2024,0374191716795326
2029946873966,2024/06/22 20:19:09,ДМИТРиЙ КУЗНЕцОВ,+7 9284 58 83,1,КОРМ ДЛя соБаК,3,1297.06,202.94,CaNCelLEd,Всё отлично!,18.06.2024,0374191716795326
2029946873966,2024/06/22 20:19:09,ДМИТРиЙ КУЗНЕцОВ,+7 9284 58 83,4,поДпИсКА нА гАзетУ,2,1039.32,160.68,cancELLeD,Всё отлично!,18.06.2024,0374191716795326
2029946872367,2024/06/04 05:50:24,иВАН ивАНоВ,8(9901) 96-49,3,аМуНиЦИя ДлЯ собАк,3,3409.72,190.28,CoMpleTED,Проверить наличие,03.06.2024,0950854510889142
2029946872367,2024/06/04 05:50:24,иВАН ивАНоВ,8(9901) 96-49,4,ПОДПискА НА газету,4,2383.32,16.68,coMpletEd,Проверить наличие,03.06.2024,0950854510889142
2029946871128,17.06.2024 15:42,нАталЬЯ ВАСИльЕВа,+7(9076)17-40,4,ПОдПискА на ГаЗеТу,1,483.68,116.32,PrOcESsING,"Задержка с доставкой, печалька...",2024-06-15,8580176887511263
2029946871128,17.06.2024 15:42,нАталЬЯ ВАСИльЕВа,+7(9076)17-40,1,КОРМ длЯ собаК,2,992.18,7.82,PrOCESsiNG,"Задержка с доставкой, печалька...",2024-06-15,8580176887511263
2029946871128,17.06.2024 15:42,нАталЬЯ ВАСИльЕВа,+7(9076)17-40,3,АмУнициЯ ДЛЯ СОБАК,4,4288.37,511.63,PrOcESsING,"Задержка с доставкой, печалька...",2024-06-15,8580176887511263
2029946871128,17.06.2024 15:42,нАталЬЯ ВАСИльЕВа,+7(9076)17-40,2,игРушкА мЯч,3,819.38,80.62,PROcEssinG,"Задержка с доставкой, печалька...",2024-06-15,8580176887511263
2029946871128,17.06.2024 15:42,нАталЬЯ ВАСИльЕВа,+7(9076)17-40,3,аМУНиЦИя для СоБАК,5,5534.82,465.18,PrOCessInG,"Задержка с доставкой, печалька...",2024-06-15,8580176887511263
2029946870471,2024-06-09 03:35:43,натАлЬя васИлЬеВа,+7(9344)13-71,5,МоЛОко,4,10932.04,1067.96,cAncellEd,Всё отлично!,10.06.2024,1226134459999915
2029946870471,2024-06-09 03:35:43,натАлЬя васИлЬеВа,+7(9344)13-71,2,игруШКА МЯч,4,1002.0,198.0,CANceLlEd,Всё отлично!,10.06.2024,1226134459999915
2029946870471,2024-06-09 03:35:43,натАлЬя васИлЬеВа,+7(9344)13-71,3,АМунИция дЛя сОБак,2,2099.89,300.11,CaNCeLled,Всё отлично!,10.06.2024,1226134459999915
2029946870471,2024-06-09 03:35:43,натАлЬя васИлЬеВа,+7(9344)13-71,3,АМуницИя ДЛЯ Собак,3,3414.89,185.11,caNcElleD,Всё отлично!,10.06.2024,1226134459999915
2029946870471,2024-06-09 03:35:43,натАлЬя васИлЬеВа,+7(9344)13-71,2,игРУШкА мЯЧ,5,1397.71,102.29,CancELLeD,Всё отлично!,10.06.2024,1226134459999915
2029946869715,19.06.2024 00:06,ДмИТрий кузНЕЦОВ,8(9576) 54-91,5,моЛОКО,3,7343.42,1656.58,ProCEsSINg,Проверить наличие,2024-06-09,0127868187670369
2029946869715,19.06.2024 00:06,ДмИТрий кузНЕЦОВ,8(9576) 54-91,4,ПОдПисКа нА ГаЗЕТУ,3,1502.14,297.86,proCeSSiNg,Проверить наличие,2024-06-09,0127868187670369
2029946869715,19.06.2024 00:06,ДмИТрий кузНЕЦОВ,8(9576) 54-91,5,мОЛокО,2,5610.97,389.03,prOcEsSIng,Проверить наличие,2024-06-09,0127868187670369
2029946868284,2024/06/29 10:34:04,НатАлЬя вАсИлЬЕВА,+7 9439 54 51,3,АМУНиЦиЯ Для СобАК,2,1938.28,461.72,cAncelleD,Проверить наличие,2024/06/14,8296727584531994
2029946867482,03.06.2024 03:48,МИхаИл ОрлОв,8(9408) 06-36,3,АМУнИЦиЯ ДЛЯ СоБАк,3,3250.66,349.34,coMPleted,Проверить наличие,2024-06-09,6242757427128934
2029946866729,14.06.2024 11:38,МиХАИл ОрлОв,8(9984) 21-74,1,коРМ дЛя собаК,2,994.01,5.99,PROCeSsING,Нужно уточнить сроки,06.06.2024,0647502926759035
2029946866729,14.06.2024 11:38,МиХАИл ОрлОв,8(9984) 21-74,1,кОрм Для соБаК,3,1455.81,44.19,pRoCesSInG,Нужно уточнить сроки,06.06.2024,0647502926759035
2029946866729,14.06.2024 11:38,МиХАИл ОрлОв,8(9984) 21-74,5,МОлоко,1,2806.12,193.88,PRoceSsIng,Нужно уточнить сроки,06.06.2024,0647502926759035
2029946866729,14.06.2024 11:38,МиХАИл ОрлОв,8(9984) 21-74,2,ИГРУшКА МЯч,2,516.69,83.31,pROcESSINg,Нужно уточнить сроки,06.06.2024,0647502926759035
2029946866729,14.06.2024 11:38,МиХАИл ОрлОв,8(9984) 21-74,5,МолОКО,1,2783.58,216.42,ProCEsSINg,Нужно уточнить сроки,06.06.2024,0647502926759035
2029946865915,04.06.2024 01:43,аЛЕКСЕЙ мИхаЙЛоВ,+7(9019)20-23,1,КорМ дЛЯ сОбак,1,472.54,27.46,PRoceSsInG,"Задержка с доставкой, печалька...",2024-06-26,5911791976721426
2029946864789,17.06.2024 09:24,МихаиЛ ОРЛОв,8(9936) 96-02,4,пОдПисКа На газЕту,5,2571.43,428.57,pROCesSING,Нужно уточнить сроки,03.06.2024,0214534967517162
2029946863671,2024-06-09 11:32:29,ДМИТРий КузНЕцОВ,8(9166) 91-83,4,поДпИСкА НА гаЗетУ,3,1541.69,258.31,PRoCessing,"Задержка с доставкой, печалька...",2024-06-09,4020739820444903
2029946863671,2024-06-09 11:32:29,ДМИТРий КузНЕцОВ,8(9166) 91-83,3,амУницИЯ дЛя собАк,4,4380.84,419.16,pROceSSiNg,"Задержка с доставкой, печалька...",2024-06-09,4020739820444903
2029946863671,2024-06-09 11:32:29,ДМИТРий КузНЕцОВ,8(9166) 91-83,5,моЛОКО,2,5904.68,95.32,PRoCeSsiNG,"Задержка с доставкой, печалька...",2024-06-09,4020739820444903
2029946862966,2024-06-06 00:30:11,МиХАиЛ ОрлОВ,+7(9845)67-89,2,ИГРУшКА МЯЧ,4,1166.98,33.02,prOCEssING,Ждём с нетерпением!,2024/06/10,6652972732478737
2029946862966,2024-06-06 00:30:11,МиХАиЛ ОрлОВ,+7(9845)67-89,4,ПОДпиСкА на ГАзЕту,1,483.95,116.05,pROCesSING,Ждём с нетерпением!,2024/06/10,6652972732478737
2029946862966,2024-06-06 00:30:11,МиХАиЛ ОрлОВ,+7(9845)67-89,4,пОДписКА на ГаЗеТУ,4,2019.86,380.14,PROceSSInG,Ждём с нетерпением!,2024/06/10,6652972732478737
2029946862966,2024-06-06 00:30:11,МиХАиЛ ОрлОВ,+7(9845)67-89,4,ПодПисКА На гАзЕтУ,4,2169.49,230.51,pRoCessing,Ждём с нетерпением!,2024/06/10,6652972732478737
2029946861380,2024/06/08 15:51:25,ОЛЬга кУЗнЕЦОва,8(9356) 66-83,5,МоЛОкО,1,2496.51,503.49,canCeLLED,подарок вовремя,2024/06/01,2922370293437298
2029946861380,2024/06/08 15:51:25,ОЛЬга кУЗнЕЦОва,8(9356) 66-83,4,ПОДпИсКа на гАЗеТУ,2,1194.65,5.35,CAnCeLlED,подарок вовремя,2024/06/01,2922370293437298
2029946861380,2024/06/08 15:51:25,ОЛЬга кУЗнЕЦОва,8(9356) 66-83,2,ИгРУШка мяЧ,5,1229.05,270.95,CaNCelLED,подарок вовремя,2024/06/01,2922370293437298
2029946861380,2024/06/08 15:51:25,ОЛЬга кУЗнЕЦОва,8(9356) 66-83,2,игрУШКА мяЧ,3,763.04,136.96,caNcELLED,подарок вовремя,2024/06/01,2922370293437298
2029946860129,2024/06/18 06:18:03,сЕргей сидОРОв,+7 9191 02 46,2,ИГРУшКА МяЧ,4,983.78,216.22,pRoCEssing,Проверить наличие,2024/06/05,3985729961144523
2029946860129,2024/06/18 06:18:03,сЕргей сидОРОв,+7 9191 02 46,4,ПодписКа на газЕТУ,3,1654.38,145.62,pRoCEssinG,Проверить наличие,2024/06/05,3985729961144523
2029946860129,2024/06/18 06:18:03,сЕргей сидОРОв,+7 9191 02 46,3,АмуниЦИЯ длЯ соБАК,4,4727.62,72.38,prOCesSinG,Проверить наличие,2024/06/05,3985729961144523
2029946859669,2024-06-11 07:28:54,олЬга куЗНецОвА,+7(9025)74-80,1,кОРм для СобАК,4,1756.9,243.1,CaNcElLeD,Ждём с нетерпением!,20.06.2024,3585275825474691
2029946859669,2024-06-11 07:28:54,олЬга куЗНецОвА,+7(9025)74-80,2,игрУШкА мяч,5,1308.33,191.67,cAncELlEd,Ждём с нетерпением!,20.06.2024,3585275825474691
2029946859669,2024-06-11 07:28:54,олЬга куЗНецОвА,+7(9025)74-80,1,КоРм ДЛЯ СОБак,5,2235.6,264.4,CANCellED,Ждём с нетерпением!,20.06.2024,3585275825474691
2029946859669,2024-06-11 07:28:54,олЬга куЗНецОвА,+7(9025)74-80,2,иГруШКА мЯч,5,1463.96,36.04,cANcElleD,Ждём с нетерпением!,20.06.2024,3585275825474691
2029946859669,2024-06-11 07:28:54,олЬга куЗНецОвА,+7(9025)74-80,2,игрУшкА МяЧ,1,263.7,36.3,CaNCeLLed,Ждём с нетерпением!,20.06.2024,3585275825474691
2029946858122,2024/06/09 23:49:23,дмиТРИй КУзНецОв,+7 9697 25 86,2,ИГрУшКа МЯч,4,1031.36,168.64,PrOcesSInG,Проверить наличие,2024-06-17,2279385172265175
2029946858122,2024/06/09 23:49:23,дмиТРИй КУзНецОв,+7 9697 25 86,1,КоРм ДЛЯ СОбАК,5,2075.34,424.66,pROcEssinG,Проверить наличие,2024-06-17,2279385172265175
2029946858122,2024/06/09 23:49:23,дмиТРИй КУзНецОв,+7 9697 25 86,4,поДпИска на ГАзЕту,1,561.43,38.57,prOcEsSIng,Проверить наличие,2024-06-17,2279385172265175
2029946857223,20.06.2024 18:20,НатАлья ВАСИльеВА,8(9519) 26-83,5,МоЛоКо,3,7851.02,1148.98,COMpleted,Всё отлично!,2024-06-23,9680371398519276
2029946857223,20.06.2024 18:20,НатАлья ВАСИльеВА,8(9519) 26-83,2,игрУШКа мЯч,4,1126.59,73.41,CompleTed,Всё отлично!,2024-06-23,9680371398519276
2029946857223,20.06.2024 18:20,НатАлья ВАСИльеВА,8(9519) 26-83,3,аМуНИЦия для сОБАк,3,3555.76,44.24,cOMpletED,Всё отлично!,2024-06-23,9680371398519276
2029946857223,20.06.2024 18:20,НатАлья ВАСИльеВА,8(9519) 26-83,2,иГРУшКа МЯЧ,3,892.59,7.41,ComPleTeD,Всё отлично!,2024-06-23,9680371398519276
2029946857223,20.06.2024 18:20,НатАлья ВАСИльеВА,8(9519) 26-83,1,кОрМ ДлЯ СОбаК,5,2413.91,86.09,comPLEteD,Всё отлично!,2024-06-23,9680371398519276
2029946856750,15.06.2024 17:16,ОЛьГА кУзнеЦОва,8(9065) 72-84,5,МОЛоко,5,12303.95,2696.05,PrOCEsSiNg,Всё отлично!,2024/06/25,7009232200161450
2029946856750,15.06.2024 17:16,ОЛьГА кУзнеЦОва,8(9065) 72-84,3,аМуниЦиЯ Для сОБАК,3,3596.89,3.11,pRoCesSinG,Всё отлично!,2024/06/25,7009232200161450
2029946856750,15.06.2024 17:16,ОЛьГА кУзнеЦОва,8(9065) 72-84,4,пОдПИсКа нА гАЗету,5,2449.64,550.36,PrOCESsiNG,Всё отлично!,2024/06/25,7009232200161450
2029946855200,2024/06/11 16:16:32,анНа смирНОва,+7(9642)02-31,4,поДПИСка На ГАзЕТУ,2,975.65,224.35,pROCEssINg,спасибо за заказ,2024/06/14,8890085180378297
2029946854242,2024/06/08 02:58:35,ДмиТриЙ КУЗнеЦОв,+7 9643 44 48,1,КОрМ ДЛя собАк,1,487.27,12.73,ComPLeteD,Ждём с нетерпением!,15.06.2024,7825479527674105
2029946854242,2024/06/08 02:58:35,ДмиТриЙ КУЗнеЦОв,+7 9643 44 48,4,подПиска НА гАЗЕту,2,1163.24,36.76,COMPLeted,Ждём с нетерпением!,15.06.2024,7825479527674105
2029946854242,2024/06/08 02:58:35,ДмиТриЙ КУЗнеЦОв,+7 9643 44 48,2,ИГРуШКА МЯЧ,1,269.19,30.81,COmpLeTEd,Ждём с нетерпением!,15.06.2024,7825479527674105
2029946853177,2024-06-20 16:35:04,мИхАиЛ ОРлОВ,+7 9277 65 66,4,подпиСКа на гаЗЕту,1,576.38,23.62,ProCeSsIng,спасибо за заказ,24.06.2024,4405611447321909
2029946853177,2024-06-20 16:35:04,мИхАиЛ ОРлОВ,+7 9277 65 66,3,аМУНИЦия для СоБак,1,960.57,239.43,PrOCESsINg,спасибо за заказ,24.06.2024,4405611447321909
2029946853177,2024-06-20 16:35:04,мИхАиЛ ОРлОВ,+7 9277 65 66,4,ПодПиска На газЕТу,5,2577.02,422.98,pROcESSINg,спасибо за заказ,24.06.2024,4405611447321909
2029946852619,19.06.2024 19:59,сЕрГЕй сидОРов,+7 9064 84 40,2,игРУШкА МЯЧ,3,823.37,76.63,compLETeD,"Задержка с доставкой, печалька...",2024/06/25,7164946445073631
2029946852619,19.06.2024 19:59,сЕрГЕй сидОРов,+7 9064 84 40,3,АмунИЦИя Для СобаК,3,2894.77,705.23,COmPlETeD,"Задержка с доставкой, печалька...",2024/06/25,7164946445073631
2029946852619,19.06.2024 19:59,сЕрГЕй сидОРов,+7 9064 84 40,4,поДПИсКА нА ГазЕТу,5,2741.08,258.92,CompLetEd,"Задержка с доставкой, печалька...",2024/06/25,7164946445073631
2029946852619,19.06.2024 19:59,сЕрГЕй сидОРов,+7 9064 84 40,1,КОРм Для СОбак,3,1425.01,74.99,CoMplETeD,"Задержка с доставкой, печалька...",2024/06/25,7164946445073631
2029946851375,2024-06-24 11:00:15,МариЯ ПЕТроВА,+7 9992 81 43,2,игРуШКА МЯч,3,894.58,5.42,procesSiNG,"Задержка с доставкой, печалька...",04.06.2024,1020299708555673
2029946851375,2024-06-24 11:00:15,МариЯ ПЕТроВА,+7 9992 81 43,2,ИгРуШКА мЯч,1,270.93,29.07,PROcessInG,"Задержка с доставкой, печалька...",04.06.2024,1020299708555673
2029946851375,2024-06-24 11:00:15,МариЯ ПЕТроВА,+7 9992 81 43,3,АМуницИЯ для СОБаК,1,1086.57,113.43,proCEsSING,"Задержка с доставкой, печалька...",04.06.2024,1020299708555673
2029946851375,2024-06-24 11:00:15,МариЯ ПЕТроВА,+7 9992 81 43,2,ИгРУШка Мяч,2,532.74,67.26,PROCEsSINg,"Задержка с доставкой, печалька...",04.06.2024,1020299708555673
2029946850631,2024-06-01 04:04:29,АННА СмИРноВА,+7(9403)13-84,3,аМУНицИя ДЛЯ сОбак,4,4287.19,512.81,caNCEllEd,Всё отлично!,2024-06-25,7094533183572120
2029946850631,2024-06-01 04:04:29,АННА СмИРноВА,+7(9403)13-84,1,КОРМ Для Собак,2,955.26,44.74,caNCelLeD,Всё отлично!,2024-06-25,7094533183572120
2029946850631,2024-06-01 04:04:29,АННА СмИРноВА,+7(9403)13-84,1,Корм ДЛя сОБАК,3,1329.85,170.15,CaNCeLled,Всё отлично!,2024-06-25,7094533183572120
2029946850631,2024-06-01 04:04:29,АННА СмИРноВА,+7(9403)13-84,5,мОЛОКО,2,5325.0,675.0,CAnCellEd,Всё отлично!,2024-06-25,7094533183572120
2029946849784,2024-06-07 02:03:17,МАрИя пЕтРовА,8(9345) 06-13,5,моЛОКо,5,13789.59,1210.41,PrOcesSING,спасибо за заказ,2024-06-11,6562913105393971
2029946849784,2024-06-07 02:03:17,МАрИя пЕтРовА,8(9345) 06-13,2,ИГрУшКА МяЧ,5,1342.77,157.23,PRoCESSiNg,спасибо за заказ,2024-06-11,6562913105393971
2029946849784,2024-06-07 02:03:17,МАрИя пЕтРовА,8(9345) 06-13,3,аМУницИЯ ДЛя СОБак,1,992.78,207.22,proceSSiNG,спасибо за заказ,2024-06-11,6562913105393971
2029946848815,2024-06-05 09:04:45,мАРиЯ пеТРОва,+7 9375 50 30,5,МОЛОКо,4,10275.95,1724.05,comPLEted,Ждём с нетерпением!,2024/06/07,8289983622811627
2029946848815,2024-06-05 09:04:45,мАРиЯ пеТРОва,+7 9375 50 30,3,амУнИция дЛЯ сОБАК,4,4579.13,220.87,COmpLeTeD,Ждём с нетерпением!,2024/06/07,8289983622811627
2029946848815,2024-06-05 09:04:45,мАРиЯ пеТРОва,+7 9375 50 30,2,иГрушКа мЯЧ,5,1401.52,98.48,cOMPLetED,Ждём с нетерпением!,2024/06/07,8289983622811627
2029946848815,2024-06-05 09:04:45,мАРиЯ пеТРОва,+7 9375 50 30,4,пОдпИсКА На ГазЕтУ,2,1023.28,176.72,CoMplEteD,Ждём с нетерпением!,2024/06/07,8289983622811627
2029946847864,10.06.2024 20:09,елЕНА НОВикОвА,8(9031) 64-68,4,ПодпиСка на ГАзЕту,1,485.9,114.1,CaNceLleD,"Задержка с доставкой, печалька...",2024-06-28,8157542350365046
2029946847864,10.06.2024 20:09,елЕНА НОВикОвА,8(9031) 64-68,5,МОлоКо,5,13644.53,1355.47,caNceLlEd,"Задержка с доставкой, печалька...",2024-06-28,8157542350365046
2029946846774,2024/06/23 06:09:32,сеРГеЙ СИДОров,+7 9508 97 20,5,мОлоКо,4,11787.91,212.09,COMpLEteD,спасибо за заказ,2024-06-15,4217602813939322
2029946846774,2024/06/23 06:09:32,сеРГеЙ СИДОров,+7 9508 97 20,1,КОРМ ДЛя собаК,2,929.92,70.08,COMPlETED,спасибо за заказ,2024-06-15,4217602813939322
2029946845582,29.06.2024 11:46,маРИЯ ПЕТРОвА,+7 9022 57 31,1,Корм Для СоБак,2,894.15,105.85,CANCelLED,Проверить наличие,09.06.2024,5244422401820923
2029946844225,09.06.2024 10:41,МАРИЯ ПеТРоВА,+7(9103)20-47,3,амУнИЦия ДЛя СОбАк,2,2193.82,206.18,prOCESSIng,спасибо за заказ,2024/06/30,6592899549923071
2029946844225,09.06.2024 10:41,МАРИЯ ПеТРоВА,+7(9103)20-47,2,ИГРУшКа мЯч,1,266.77,33.23,PROcEsSINg,спасибо за заказ,2024/06/30,6592899549923071
2029946844225,09.06.2024 10:41,МАРИЯ ПеТРоВА,+7(9103)20-47,4,пОДПИсКа На ГаЗЕТу,1,514.77,85.23,ProcESsING,спасибо за заказ,2024/06/30,6592899549923071
2029946844225,09.06.2024 10:41,МАРИЯ ПеТРоВА,+7(9103)20-47,2,ИГРушКа МЯч,2,486.58,113.42,proCessiNG,спасибо за заказ,2024/06/30,6592899549923071
2029946843189,2024-06-29 10:32:36,АнНа СМирНОва,+7(9861)11-88,4,пОдписКА нА гАЗЕТУ,1,549.93,50.07,CompLeteD,подарок вовремя,2024/06/25,3096257674718030
2029946843189,2024-06-29 10:32:36,АнНа СМирНОва,+7(9861)11-88,5,МОЛоКо,3,8446.59,553.41,cOMplETeD,подарок вовремя,2024/06/25,3096257674718030
2029946843189,2024-06-29 10:32:36,АнНа СМирНОва,+7(9861)11-88,2,ИгРушка мяЧ,3,750.14,149.86,CompleteD,подарок вовремя,2024/06/25,3096257674718030
2029946843189,2024-06-29 10:32:36,АнНа СМирНОва,+7(9861)11-88,1,кОРМ Для сОБаК,5,2387.4,112.6,CompLETED,подарок вовремя,2024/06/25,3096257674718030
2029946843189,2024-06-29 10:32:36,АнНа СМирНОва,+7(9861)11-88,2,игрУШка МЯЧ,3,788.96,111.04,cOmPlEtEd,подарок вовремя,2024/06/25,3096257674718030
2029946842747,2024-06-10 22:24:45,миХаиЛ ОРЛОв,+7(9393)17-28,3,АМУниция ДлЯ Собак,1,1042.62,157.38,canCeLleD,Нужно уточнить сроки,21.06.2024,5427777559290797
2029946842747,2024-06-10 22:24:45,миХаиЛ ОРЛОв,+7(9393)17-28,2,ИгРушКА МЯЧ,1,267.62,32.38,cANcELLeD,Нужно уточнить сроки,21.06.2024,5427777559290797
2029946842747,2024-06-10 22:24:45,миХаиЛ ОРЛОв,+7(9393)17-28,5,МОЛоКо,5,12512.23,2487.77,cAnCeLLED,Нужно уточнить сроки,21.06.2024,5427777559290797
2029946842747,2024-06-10 22:24:45,миХаиЛ ОРЛОв,+7(9393)17-28,1,корМ Для СОбАк,4,1889.95,110.05,caNCeLLED,Нужно уточнить сроки,21.06.2024,5427777559290797
2029946842747,2024-06-10 22:24:45,миХаиЛ ОРЛОв,+7(9393)17-28,4,пОДПИСкА на гАзЕТУ,2,1070.58,129.42,CaNcElLEd,Нужно уточнить сроки,21.06.2024,5427777559290797
2029946841725,2024/06/25 02:32:40,АЛЕксЕЙ МихаЙЛОв,+7(9221)25-07,5,МоЛоко,5,14716.76,283.24,CANceLLed,подарок вовремя,2024-06-10,3301470738969597
2029946841725,2024/06/25 02:32:40,АЛЕксЕЙ МихаЙЛОв,+7(9221)25-07,2,ИгРушКа мЯЧ,3,840.9,59.1,cancElleD,подарок вовремя,2024-06-10,3301470738969597
2029946841725,2024/06/25 02:32:40,АЛЕксЕЙ МихаЙЛОв,+7(9221)25-07,3,амуНиция длЯ сОБАк,4,3935.02,864.98,CANcElLed,подарок вовремя,2024-06-10,3301470738969597
2029946840877,2024/06/19 01:41:23,дмИТРИЙ кУзнЕЦоВ,+7 9077 66 66,2,ИГРУшка МяЧ,3,751.82,148.18,cOmPlETED,подарок вовремя,2024-06-21,3566915492223078
2029946840877,2024/06/19 01:41:23,дмИТРИЙ кУзнЕЦоВ,+7 9077 66 66,2,иГрушка мЯЧ,2,511.57,88.43,compLETED,подарок вовремя,2024-06-21,3566915492223078
2029946840877,2024/06/19 01:41:23,дмИТРИЙ кУзнЕЦоВ,+7 9077 66 66,4,ПОДПИСка На ГАзЕтУ,1,572.79,27.21,COmPleTEd,подарок вовремя,2024-06-21,3566915492223078
2029946840877,2024/06/19 01:41:23,дмИТРИЙ кУзнЕЦоВ,+7 9077 66 66,2,ИгрУШка мЯч,4,1008.51,191.49,CoMpLETED,подарок вовремя,2024-06-21,3566915492223078
2029946839584,2024-06-08 05:24:53,нАТальЯ ВАСИЛьЕвА,+7 9267 09 25,2,игРУШКА Мяч,4,977.07,222.93,CanCeLled,Проверить наличие,2024-06-13,7788503343618672
2029946839584,2024-06-08 05:24:53,нАТальЯ ВАСИЛьЕвА,+7 9267 09 25,2,иГрушкА МЯЧ,2,554.12,45.88,CaNCELLED,Проверить наличие,2024-06-13,7788503343618672
2029946839584,2024-06-08 05:24:53,нАТальЯ ВАСИЛьЕвА,+7 9267 09 25,4,ПоДпискА На ГАзетУ,5,2448.96,551.04,caNcELLed,Проверить наличие,2024-06-13,7788503343618672
2029946838992,15.06.2024 22:43,мАРиЯ ПеТрОВа,+7(9856)81-24,4,поДпИСКа На газеТУ,2,968.2,231.8,canCELLEd,спасибо за заказ,26.06.2024,5337491887476684
2029946838992,15.06.2024 22:43,мАРиЯ ПеТрОВа,+7(9856)81-24,5,МОлОКо,1,2452.27,547.73,CANcELLed,спасибо за заказ,26.06.2024,5337491887476684
2029946838992,15.06.2024 22:43,мАРиЯ ПеТрОВа,+7(9856)81-24,3,аМУНиЦИЯ дЛЯ СобаК,2,2054.55,345.45,cancELlEd,спасибо за заказ,26.06.2024,5337491887476684
2029946838992,15.06.2024 22:43,мАРиЯ ПеТрОВа,+7(9856)81-24,5,МоЛокО,5,14422.85,577.15,CAnCeLLEd,спасибо за заказ,26.06.2024,5337491887476684
2029946837938,2024/06/24 15:31:07,СерГЕЙ сИдОров,+7(9074)37-57,2,ИГРуШка МЯч,1,283.37,16.63,CaNCellEd,подарок вовремя,2024/06/12,6213082964884315
2029946837938,2024/06/24 15:31:07,СерГЕЙ сИдОров,+7(9074)37-57,1,КоРм ДлЯ СобАк,1,460.66,39.34,CAnCELleD,подарок вовремя,2024/06/12,6213082964884315
2029946836238,2024/06/06 05:17:38,МихАИл орЛов,+7(9653)04-67,5,мОлоКО,5,13867.4,1132.6,ComPleTeD,Нужно уточнить сроки,2024-06-24,2349204162711376
2029946836238,2024/06/06 05:17:38,МихАИл орЛов,+7(9653)04-67,2,иГрУшкА МяЧ,1,253.91,46.09,cOMPLETEd,Нужно уточнить сроки,2024-06-24,2349204162711376
2029946835167,30.06.2024 16:45,ЕлеНА НоВиКОВА,+7 9020 85 64,2,иГруШКА мяч,1,291.53,8.47,caNCeLled,Ждём с нетерпением!,2024/06/30,5602909984473684
2029946834482,2024/06/07 01:28:23,сеРгеЙ сИДОРов,+7(9142)98-38,4,пОДпИСка на ГАзЕТУ,4,2089.22,310.78,caNcElleD,подарок вовремя,2024/06/23,8157511736782310
2029946833478,2024/06/16 15:00:06,олЬГА КуЗнеЦОвА,8(9887) 43-03,4,поДписКА нА гАЗету,1,488.48,111.52,cANCellEd,подарок вовремя,07.06.2024,7364721967759292
2029946833478,2024/06/16 15:00:06,олЬГА КуЗнеЦОвА,8(9887) 43-03,3,АМунИция для собак,1,965.98,234.02,CaNCeLLed,подарок вовремя,07.06.2024,7364721967759292
2029946833478,2024/06/16 15:00:06,олЬГА КуЗнеЦОвА,8(9887) 43-03,1,коРм ДлЯ соБаК,4,1930.35,69.65,CanCELLeD,подарок вовремя,07.06.2024,7364721967759292
2029946833478,2024/06/16 15:00:06,олЬГА КуЗнеЦОвА,8(9887) 43-03,2,ИГрУшка мЯЧ,3,845.89,54.11,CAnCELLEd,подарок вовремя,07.06.2024,7364721967759292
2029946832905,2024/06/06 11:37:22,сЕРгЕй сИДОРОв,+7 9091 06 65,5,мОЛоКО,5,13668.48,1331.52,PROCEssIng,"Задержка с доставкой, печалька...",2024/06/02,7808348938895069
2029946832905,2024/06/06 11:37:22,сЕРгЕй сИДОРОв,+7 9091 06 65,4,подпИСКА На газеТУ,1,505.97,94.03,pRoCESsiNG,"Задержка с доставкой, печалька...",2024/06/02,7808348938895069
2029946832905,2024/06/06 11:37:22,сЕРгЕй сИДОРОв,+7 9091 06 65,5,мОЛОКО,3,8698.75,301.25,PRoCEsSiNG,"Задержка с доставкой, печалька...",2024/06/02,7808348938895069
2029946832905,2024/06/06 11:37:22,сЕРгЕй сИДОРОв,+7 9091 06 65,4,поДписКа На ГаЗетУ,4,2184.48,215.52,proCesSiNg,"Задержка с доставкой, печалька...",2024/06/02,7808348938895069
2029946832905,2024/06/06 11:37:22,сЕРгЕй сИДОРОв,+7 9091 06 65,5,молОкО,4,10103.34,1896.66,ProceSSiNg,"Задержка с доставкой, печалька...",2024/06/02,7808348938895069
2029946831587,18.06.2024 00:01,ДМИтрий КуЗнеЦОВ,+7(9866)57-78,4,пОдПИска На гаЗЕтУ,4,2353.59,46.41,coMPLeteD,спасибо за заказ,2024/06/14,1502133111636505
2029946831587,18.06.2024 00:01,ДМИтрий КуЗнеЦОВ,+7(9866)57-78,5,мОЛОКо,1,2708.86,291.14,compLetEd,спасибо за заказ,2024/06/14,1502133111636505
2029946830137,2024-06-13 00:15:00,мАрия пЕтРОВа,+7(9945)58-38,1,кОРМ для СоБаК,2,900.1,99.9,COMplEteD,спасибо за заказ,2024-06-04,1501537397330132
2029946830137,2024-06-13 00:15:00,мАрия пЕтРОВа,+7(9945)58-38,4,ПоДпиСКА на ГАзеТу,4,2128.31,271.69,COMpletED,спасибо за заказ,2024-06-04,1501537397330132
2029946830137,2024-06-13 00:15:00,мАрия пЕтРОВа,+7(9945)58-38,5,мОЛоКО,5,14180.31,819.69,cOMPLETeD,спасибо за заказ,2024-06-04,1501537397330132
2029946829633,2024/06/11 21:03:42,ольга кузнЕцоВа,8(9752) 26-48,3,амУниЦИЯ длЯ сОбАК,5,5937.09,62.91,PRoceSsINg,Всё отлично!,2024/06/18,4925041247213814
2029946829633,2024/06/11 21:03:42,ольга кузнЕцоВа,8(9752) 26-48,2,ИгРУШкА мЯЧ,1,256.52,43.48,pRocesSiNg,Всё отлично!,2024/06/18,4925041247213814
2029946828465,19.06.2024 00:57,аннА СМирнОвА,+7 9997 15 91,4,ПоДПискА нА гАЗЕТу,1,521.93,78.07,caNCElled,спасибо за заказ,20.06.2024,9525610341264398
2029946827367,2024/06/27 14:26:08,дМИтрИй кУЗнеЦов,8(9868) 57-31,5,МоЛОкО,1,2847.46,152.54,CancelLED,подарок вовремя,22.06.2024,3578084117111553
2029946827367,2024/06/27 14:26:08,дМИтрИй кУЗнеЦов,8(9868) 57-31,3,АмунИция ДЛЯ СОбак,2,2363.54,36.46,CaNCelLEd,подарок вовремя,22.06.2024,3578084117111553
2029946827367,2024/06/27 14:26:08,дМИтрИй кУЗнеЦов,8(9868) 57-31,5,МОЛокО,4,9728.69,2271.31,cAnCELLEd,подарок вовремя,22.06.2024,3578084117111553
2029946826526,22.06.2024 22:57,нАТАЛЬя ВАСилЬЕвА,+7(9630)50-75,5,мОлОкО,2,4815.78,1184.22,cOmPLeted,Нужно уточнить сроки,23.06.2024,3802404897860098
2029946826526,22.06.2024 22:57,нАТАЛЬя ВАСилЬЕвА,+7(9630)50-75,2,иГРУшкА МЯч,1,274.69,25.31,ComPlEteD,Нужно уточнить сроки,23.06.2024,3802404897860098
2029946826526,22.06.2024 22:57,нАТАЛЬя ВАСилЬЕвА,+7(9630)50-75,3,АмуНИцИя длЯ СобАК,5,4802.89,1197.11,CoMPLeTED,Нужно уточнить сроки,23.06.2024,3802404897860098
2029946826526,22.06.2024 22:57,нАТАЛЬя ВАСилЬЕвА,+7(9630)50-75,5,МолОКо,2,5166.78,833.22,compLeted,Нужно уточнить сроки,23.06.2024,3802404897860098
2029946825664,2024-06-15 01:18:01,МарИЯ ПетрОвА,+7(9147)07-32,5,Молоко,3,7591.96,1408.04,COMpLETeD,"Задержка с доставкой, печалька...",2024-06-22,1321389080956223
2029946825664,2024-06-15 01:18:01,МарИЯ ПетрОвА,+7(9147)07-32,2,ИГРуШкА МяЧ,1,284.18,15.82,cOMPLEtED,"Задержка с доставкой, печалька...",2024-06-22,1321389080956223
2029946825664,2024-06-15 01:18:01,МарИЯ ПетрОвА,+7(9147)07-32,3,АМуНИцИя ДЛЯ сОбАК,2,2301.16,98.84,CoMpleTED,"Задержка с доставкой, печалька...",2024-06-22,1321389080956223
2029946824228,2024-06-09 08:06:30,серГЕЙ сИдоРОВ,+7 9082 45 68,2,иГрУШКа мяч,4,961.98,238.02,PRoCeSsinG,Всё отлично!,23.06.2024,8486312650852467
2029946824228,2024-06-09 08:06:30,серГЕЙ сИдоРОВ,+7 9082 45 68,2,ИгрУШКа мяч,3,768.97,131.03,PRocessiNG,Всё отлично!,23.06.2024,8486312650852467
2029946824228,2024-06-09 08:06:30,серГЕЙ сИдоРОВ,+7 9082 45 68,3,аМУнИЦиЯ Для соБаК,1,1017.4,182.6,proCeSSInG,Всё отлично!,23.06.2024,8486312650852467
2029946824228,2024-06-09 08:06:30,серГЕЙ сИдоРОВ,+7 9082 45 68,5,моЛОКо,2,5213.51,786.49,pRoCesSINg,Всё отлично!,23.06.2024,8486312650852467
2029946824228,2024-06-09 08:06:30,серГЕЙ сИдоРОВ,+7 9082 45 68,3,амуНИЦия ДЛЯ собАк,4,4362.41,437.59,pROCESsInG,Всё отлично!,23.06.2024,8486312650852467
2029946823909,2024/06/10 16:12:15,НатАЛЬЯ ваСИЛьеВа,+7(9025)74-53,4,ПодпИСКА На гАзЕТу,3,1562.73,237.27,CANCELled,спасибо за заказ,2024-06-14,7627934505277095
2029946823909,2024/06/10 16:12:15,НатАЛЬЯ ваСИЛьеВа,+7(9025)74-53,5,мОлОко,2,4939.18,1060.82,canCElled,спасибо за заказ,2024-06-14,7627934505277095
2029946823909,2024/06/10 16:12:15,НатАЛЬЯ ваСИЛьеВа,+7(9025)74-53,1,кОрм ДлЯ СОбаК,4,1997.67,2.33,canCeLLeD,спасибо за заказ,2024-06-14,7627934505277095
2029946823909,2024/06/10 16:12:15,НатАЛЬЯ ваСИЛьеВа,+7(9025)74-53,2,ИгРУШКА МЯч,2,570.04,29.96,CANCElleD,спасибо за заказ,2024-06-14,7627934505277095
2029946823909,2024/06/10 16:12:15,НатАЛЬЯ ваСИЛьеВа,+7(9025)74-53,2,игРуШКа Мяч,2,498.65,101.35,CAnCelleD,спасибо за заказ,2024-06-14,7627934505277095
2029946822392,29.06.2024 23:01,аННа СМИРновА,+7(9508)19-75,4,ПОДписка на газеТу,5,2421.86,578.14,coMPlEted,"Задержка с доставкой, печалька...",2024-06-12,8905945323403512
2029946822392,29.06.2024 23:01,аННа СМИРновА,+7(9508)19-75,5,мОлоко,3,8453.48,546.52,comPletED,"Задержка с доставкой, печалька...",2024-06-12,8905945323403512
2029946822392,29.06.2024 23:01,аННа СМИРновА,+7(9508)19-75,1,КоРМ длЯ собАК,3,1219.77,280.23,COmplETED,"Задержка с доставкой, печалька...",2024-06-12,8905945323403512
2029946822392,29.06.2024 23:01,аННа СМИРновА,+7(9508)19-75,1,коРМ ДЛЯ соБАК,3,1272.76,227.24,cOmplETeD,"Задержка с доставкой, печалька...",2024-06-12,8905945323403512
2029946822392,29.06.2024 23:01,аННа СМИРновА,+7(9508)19-75,3,амУНицИя ДлЯ сОбАк,4,4215.79,584.21,COMPlEtEd,"Задержка с доставкой, печалька...",2024-06-12,8905945323403512
2029946821531,2024-06-29 12:15:48,СЕРгЕй сидОрОв,8(9975) 24-19,1,коРм дЛЯ СобАК,5,2204.7,295.3,COMPleteD,Проверить наличие,07.06.2024,4838155683289778
2029946821531,2024-06-29 12:15:48,СЕРгЕй сидОрОв,8(9975) 24-19,3,аМУниЦия длЯ соБак,2,2335.23,64.77,cOmPletED,Проверить наличие,07.06.2024,4838155683289778
2029946821531,2024-06-29 12:15:48,СЕРгЕй сидОрОв,8(9975) 24-19,5,моЛоКО,3,7601.88,1398.12,CoMpLeTeD,Проверить наличие,07.06.2024,4838155683289778
2029946821531,2024-06-29 12:15:48,СЕРгЕй сидОрОв,8(9975) 24-19,2,ИгрУШка мяЧ,3,741.85,158.15,cOMpleteD,Проверить наличие,07.06.2024,4838155683289778
2029946820128,2024-06-29 16:45:52,аннА СмирНовА,+7 9955 79 47,5,моЛОкО,3,8300.15,699.85,cOmpletEd,Проверить наличие,2024/06/14,5944607007260658
2029946819223,2024-06-28 09:30:15,нАТаЛья ВАСильеВа,8(9142) 40-29,5,МолоКо,5,12433.25,2566.75,CANCelLED,"Задержка с доставкой, печалька...",19.06.2024,7699460650629359
2029946819223,2024-06-28 09:30:15,нАТаЛья ВАСильеВа,8(9142) 40-29,5,мОЛОКО,1,2535.81,464.19,cAnCelLEd,"Задержка с доставкой, печалька...",19.06.2024,7699460650629359
2029946818357,2024-06-17 02:53:45,Ольга кузнЕЦОвА,+7(9255)87-18,5,молОко,4,10192.58,1807.42,canceLlEd,"Задержка с доставкой, печалька...",2024-06-24,6773866942357631
2029946817586,2024/06/12 05:12:43,ДМИТРИЙ КуЗНЕЦов,+7(9935)50-96,1,кОрМ дЛЯ Собак,5,2483.74,16.26,CoMPLETed,Нужно уточнить сроки,23.06.2024,1427422954235054
2029946817586,2024/06/12 05:12:43,ДМИТРИЙ КуЗНЕЦов,+7(9935)50-96,2,ИГрУШКА МЯч,5,1404.13,95.87,CompLEted,Нужно уточнить сроки,23.06.2024,1427422954235054
2029946817586,2024/06/12 05:12:43,ДМИТРИЙ КуЗНЕЦов,+7(9935)50-96,1,кОРМ для СОбАК,5,2203.17,296.83,COmplEtEd,Нужно уточнить сроки,23.06.2024,1427422954235054
2029946817586,2024/06/12 05:12:43,ДМИТРИЙ КуЗНЕЦов,+7(9935)50-96,2,игрУШКА Мяч,4,1174.15,25.85,coMPLeteD,Нужно уточнить сроки,23.06.2024,1427422954235054
2029946816706,2024-06-13 13:32:28,нАТАЛЬЯ ВАсИльеВА,+7 9696 38 37,1,КОрм длЯ СоБАК,1,462.85,37.15,pRoCEsSInG,Всё отлично!,27.06.2024,2596867964043412
2029946816706,2024-06-13 13:32:28,нАТАЛЬЯ ВАсИльеВА,+7 9696 38 37,5,мОлОКО,1,2803.61,196.39,PrOcESsInG,Всё отлично!,27.06.2024,2596867964043412
2029946816706,2024-06-13 13:32:28,нАТАЛЬЯ ВАсИльеВА,+7 9696 38 37,3,АМУНицИя Для сОБАк,5,5777.92,222.08,PRoCeSsing,Всё отлично!,27.06.2024,2596867964043412
2029946816706,2024-06-13 13:32:28,нАТАЛЬЯ ВАсИльеВА,+7 9696 38 37,5,мОлокО,5,14730.36,269.64,ProceSsING,Всё отлично!,27.06.2024,2596867964043412
2029946815797,2024/06/09 15:26:52,МАрИЯ ПЕТрОва,+7(9179)88-62,5,молОКо,3,8978.84,21.16,pRocEsSING,Ждём с нетерпением!,15.06.2024,2356429526047029
2029946815797,2024/06/09 15:26:52,МАрИЯ ПЕТрОва,+7(9179)88-62,2,ИГрУшкА мЯЧ,1,294.51,5.49,ProcESSiNg,Ждём с нетерпением!,15.06.2024,2356429526047029
2029946814422,14.06.2024 20:24,мАрИя ПеТРова,+7(9915)19-45,4,пОДПИСка на ГАЗЕту,3,1668.79,131.21,CoMpletEd,Ждём с нетерпением!,03.06.2024,4908805661621679
2029946814422,14.06.2024 20:24,мАрИя ПеТРова,+7(9915)19-45,1,Корм ДлЯ СОбАк,2,824.4,175.6,cOmPleTEd,Ждём с нетерпением!,03.06.2024,4908805661621679
2029946814422,14.06.2024 20:24,мАрИя ПеТРова,+7(9915)19-45,1,корМ длЯ соБАк,4,1651.38,348.62,COmPleTeD,Ждём с нетерпением!,03.06.2024,4908805661621679
2029946814422,14.06.2024 20:24,мАрИя ПеТРова,+7(9915)19-45,5,МОлоКо,1,2501.11,498.89,CoMPlEtED,Ждём с нетерпением!,03.06.2024,4908805661621679
2029946814422,14.06.2024 20:24,мАрИя ПеТРова,+7(9915)19-45,1,коРм дЛЯ СОБАК,2,959.88,40.12,CoMpLetED,Ждём с нетерпением!,03.06.2024,4908805661621679
2029946813701,26.06.2024 00:12,НАТАлЬЯ ваСильевА,8(9613) 89-50,2,ИгрУШкА мЯЧ,2,547.48,52.52,CoMplETeD,Ждём с нетерпением!,2024-06-19,2226675628399188
2029946812244,06.06.2024 12:47,алЕКСеЙ МихАЙлов,+7(9317)71-25,4,пОдПисКА НА ГАЗЕтУ,4,2234.46,165.54,caNCElLEd,Нужно уточнить сроки,06.06.2024,7786768241205940
2029946812244,06.06.2024 12:47,алЕКСеЙ МихАЙлов,+7(9317)71-25,5,МолОкО,2,5989.78,10.22,caNCeLled,Нужно уточнить сроки,06.06.2024,7786768241205940
2029946811292,28.06.2024 23:22,аНна сМиРНОВА,+7 9087 78 08,1,коРМ длЯ сОБАК,4,1923.45,76.55,prOCessIng,Проверить наличие,2024-06-25,8626681738430044
2029946811292,28.06.2024 23:22,аНна сМиРНОВА,+7 9087 78 08,3,АмУнИЦИЯ длЯ соБаК,1,1159.4,40.6,ProcEssIng,Проверить наличие,2024-06-25,8626681738430044
2029946811292,28.06.2024 23:22,аНна сМиРНОВА,+7 9087 78 08,4,ПоДПискА нА гАЗЕтУ,4,2343.83,56.17,procEsSING,Проверить наличие,2024-06-25,8626681738430044
2029946811292,28.06.2024 23:22,аНна сМиРНОВА,+7 9087 78 08,5,молоКо,1,2628.19,371.81,prOcesSIng,Проверить наличие,2024-06-25,8626681738430044
2029946810836,2024-06-10 06:30:08,дмИТрий КУЗнЕцов,+7(9746)62-52,2,игРушка Мяч,2,580.94,19.06,CanCELLED,подарок вовремя,2024-06-13,4710732412401515
2029946809742,2024-06-16 12:20:13,АЛеКсеЙ мИХаЙЛОв,+7 9941 48 20,1,корм Для СобАК,5,2168.24,331.76,COmPLEtEd,Нужно уточнить сроки,05.06.2024,6706255446068522
2029946808629,06.06.2024 08:52,олЬГа кУзнеЦовА,8(9996) 68-19,3,аМуНИцИЯ длЯ СОбАк,5,5394.45,605.55,CANceLlEd,"Задержка с доставкой, печалька...",06.06.2024,2564935263213718
2029946808629,06.06.2024 08:52,олЬГа кУзнеЦовА,8(9996) 68-19,5,моЛоКо,4,9846.25,2153.75,cANcELLEd,"Задержка с доставкой, печалька...",06.06.2024,2564935263213718
2029946808629,06.06.2024 08:52,олЬГа кУзнеЦовА,8(9996) 68-19,1,коРм ДлЯ сОбаК,2,840.26,159.74,canceLLeD,"Задержка с доставкой, печалька...",06.06.2024,2564935263213718
2029946808629,06.06.2024 08:52,олЬГа кУзнеЦовА,8(9996) 68-19,4,пОДПискА на ГазетУ,4,2393.81,6.19,CanceLLed,"Задержка с доставкой, печалька...",06.06.2024,2564935263213718
2029946807103,09.06.2024 08:39,СеРгЕЙ СИдорОв,8(9802) 41-09,1,КОрМ длЯ СоБАк,2,890.14,109.86,cOmpLETEd,Ждём с нетерпением!,2024-06-05,6922887147578689
2029946806711,2024/06/02 05:16:11,АЛексЕй мИхаЙЛОв,8(9435) 87-74,5,МоЛОКО,1,2522.36,477.64,caNcelLed,Всё отлично!,2024/06/17,9295887703555329
2029946806711,2024/06/02 05:16:11,АЛексЕй мИхаЙЛОв,8(9435) 87-74,1,КОрМ для СОбАК,2,886.59,113.41,CAncEllEd,Всё отлично!,2024/06/17,9295887703555329
2029946806711,2024/06/02 05:16:11,АЛексЕй мИхаЙЛОв,8(9435) 87-74,4,ПОдписКа На газЕТу,2,1046.96,153.04,caNceLlED,Всё отлично!,2024/06/17,9295887703555329
2029946806711,2024/06/02 05:16:11,АЛексЕй мИхаЙЛОв,8(9435) 87-74,5,МолОКО,2,5628.26,371.74,CaNcelLeD,Всё отлично!,2024/06/17,9295887703555329
2029946806711,2024/06/02 05:16:11,АЛексЕй мИхаЙЛОв,8(9435) 87-74,4,поДПисКА нА гАЗЕТУ,1,589.13,10.87,canceLLEd,Всё отлично!,2024/06/17,9295887703555329
2029946805299,2024/06/08 10:54:57,ОЛьГа кУзнЕЦовА,+7 9673 17 79,2,игрУшКа МЯЧ,3,757.78,142.22,ProceSsING,Проверить наличие,07.06.2024,6534974373856406
2029946805299,2024/06/08 10:54:57,ОЛьГа кУзнЕЦовА,+7 9673 17 79,3,АМуНицИя длЯ соБаК,1,1153.21,46.79,prOCEsSinG,Проверить наличие,07.06.2024,6534974373856406
2029946805299,2024/06/08 10:54:57,ОЛьГа кУзнЕЦовА,+7 9673 17 79,1,кОРМ для СОБаК,1,417.62,82.38,PrOcESSiNg,Проверить наличие,07.06.2024,6534974373856406
2029946805299,2024/06/08 10:54:57,ОЛьГа кУзнЕЦовА,+7 9673 17 79,3,аМунИциЯ дЛя СобАК,4,4166.11,633.89,PROcESsiNg,Проверить наличие,07.06.2024,6534974373856406
2029946805299,2024/06/08 10:54:57,ОЛьГа кУзнЕЦовА,+7 9673 17 79,2,иГРуШКа мяч,2,492.14,107.86,prOcESSING,Проверить наличие,07.06.2024,6534974373856406
2029946804143,2024-06-23 18:13:45,сЕРгей СиДОРоВ,8(9583) 06-53,5,молОКо,5,13146.26,1853.74,cOMPlETEd,подарок вовремя,04.06.2024,7278807990420915
2029946803846,27.06.2024 17:23,НАталья вАСильевА,8(9162) 18-10,5,моЛокО,4,11013.81,986.19,cOMPleTED,спасибо за заказ,18.06.2024,1226867858574317
2029946803846,27.06.2024 17:23,НАталья вАСильевА,8(9162) 18-10,5,мОЛОко,2,5022.28,977.72,coMpLeted,спасибо за заказ,18.06.2024,1226867858574317
2029946802275,2024-06-03 14:06:30,аННа СмИрнова,8(9777) 87-09,2,игРушка МЯЧ,4,984.59,215.41,proCESsIng,Проверить наличие,08.06.2024,4500447750320540
2029946802275,2024-06-03 14:06:30,аННа СмИрнова,8(9777) 87-09,2,ИГрУшка мЯЧ,4,1057.07,142.93,ProcESSing,Проверить наличие,08.06.2024,4500447750320540
2029946802275,2024-06-03 14:06:30,аННа СмИрнова,8(9777) 87-09,1,КоРМ дЛя СобАк,2,875.76,124.24,proCeSSINg,Проверить наличие,08.06.2024,4500447750320540
2029946801810,2024-06-01 04:28:43,нАТАлЬя ваСИлЬЕва,+7(9463)46-80,1,КОРм дЛя СоБак,5,2137.35,362.65,cANCelLED,спасибо за заказ,06.06.2024,6759288989395781
2029946800967,2024-06-27 09:23:00,АлеКсей МИХайЛОВ,+7 9955 06 11,2,ИгруШкА мЯЧ,2,590.19,9.81,PrOCeSsinG,Проверить наличие,2024-06-01,6980774054862829
2029946800967,2024-06-27 09:23:00,АлеКсей МИХайЛОВ,+7 9955 06 11,1,КорМ ДЛЯ СОБаК,1,467.69,32.31,prOCESSiNg,Проверить наличие,2024-06-01,6980774054862829
2029946800967,2024-06-27 09:23:00,АлеКсей МИХайЛОВ,+7 9955 06 11,3,аМуНициЯ ДЛя СОбаК,2,2059.31,340.69,pRoceSsIng,Проверить наличие,2024-06-01,6980774054862829
2029946800967,2024-06-27 09:23:00,АлеКсей МИХайЛОВ,+7 9955 06 11,1,КоРм ДЛЯ сОБаК,2,865.67,134.33,PRoCeSSING,Проверить наличие,2024-06-01,6980774054862829
2029946799915,2024/06/09 02:45:17,АЛЕкСеЙ михАЙЛОВ,8(9184) 65-90,2,иГрУШка мЯч,1,261.67,38.33,PrOcesSInG,спасибо за заказ,2024-06-12,3782721436076254
2029946799915,2024/06/09 02:45:17,АЛЕкСеЙ михАЙЛОВ,8(9184) 65-90,3,аМуницИЯ ДЛя СОБАК,5,5933.56,66.44,PrOCeSSinG,спасибо за заказ,2024-06-12,3782721436076254
2029946799915,2024/06/09 02:45:17,АЛЕкСеЙ михАЙЛОВ,8(9184) 65-90,5,МоЛОКО,1,2686.12,313.88,PrOCESSING,спасибо за заказ,2024-06-12,3782721436076254
2029946799915,2024/06/09 02:45:17,АЛЕкСеЙ михАЙЛОВ,8(9184) 65-90,4,подПиСкА на ГазЕту,5,2741.54,258.46,PROceSsinG,спасибо за заказ,2024-06-12,3782721436076254
2029946799915,2024/06/09 02:45:17,АЛЕкСеЙ михАЙЛОВ,8(9184) 65-90,5,МолоКО,4,10228.81,1771.19,pRocEsSing,спасибо за заказ,2024-06-12,3782721436076254
2029946798681,17.06.2024 13:39,михаил оРЛОВ,+7(9302)53-07,2,иГрУшка Мяч,2,539.22,60.78,canCelleD,Нужно уточнить сроки,2024/06/04,5707066500525605
2029946798681,17.06.2024 13:39,михаил оРЛОВ,+7(9302)53-07,2,ИГрУШка мяЧ,3,883.34,16.66,CANcellEd,Нужно уточнить сроки,2024/06/04,5707066500525605
2029946797529,2024-06-06 03:00:45,ЕЛенА нОВИкОВА,8(9240) 97-17,5,мОЛоко,3,8524.54,475.46,caNcelleD,подарок вовремя,23.06.2024,5203617257287636
2029946797529,2024-06-06 03:00:45,ЕЛенА нОВИкОВА,8(9240) 97-17,5,МоЛОКО,4,11490.24,509.76,CaNCelleD,подарок вовремя,23.06.2024,5203617257287636
2029946797529,2024-06-06 03:00:45,ЕЛенА нОВИкОВА,8(9240) 97-17,1,кОРМ ДЛя сОбаК,5,2299.1,200.9,CanCeLLED,подарок вовремя,23.06.2024,5203617257287636
2029946797529,2024-06-06 03:00:45,ЕЛенА нОВИкОВА,8(9240) 97-17,5,мОЛОкО,5,12858.73,2141.27,CAncelLeD,подарок вовремя,23.06.2024,5203617257287636
2029946796333,2024/06/24 13:48:31,ИВаН ИваноВ,8(9885) 79-60,2,ИгруШка мяЧ,5,1455.22,44.78,CoMPletEd,"Задержка с доставкой, печалька...",2024/06/12,4312300004635533
2029946796333,2024/06/24 13:48:31,ИВаН ИваноВ,8(9885) 79-60,5,МоЛОКО,2,5288.34,711.66,COmPLEtED,"Задержка с доставкой, печалька...",2024/06/12,4312300004635533
2029946796333,2024/06/24 13:48:31,ИВаН ИваноВ,8(9885) 79-60,1,Корм ДЛя сОбАК,4,1898.61,101.39,COmPLEtEd,"Задержка с доставкой, печалька...",2024/06/12,4312300004635533
2029946796333,2024/06/24 13:48:31,ИВаН ИваноВ,8(9885) 79-60,5,мОЛОКО,4,11912.26,87.74,cOmpLeted,"Задержка с доставкой, печалька...",2024/06/12,4312300004635533
2029946796333,2024/06/24 13:48:31,ИВаН ИваноВ,8(9885) 79-60,1,КОрм ДЛя СобАК,1,412.27,87.73,CoMplEted,"Задержка с доставкой, печалька...",2024/06/12,4312300004635533
2029946795629,2024-06-17 08:13:41,НАТаЛЬя ВАСиЛьЕВА,+7 9400 40 80,3,АмУниЦИя дЛЯ СОбак,3,3116.04,483.96,proCessing,подарок вовремя,24.06.2024,2411768206642971
2029946795629,2024-06-17 08:13:41,НАТаЛЬя ВАСиЛьЕВА,+7 9400 40 80,4,ПОдписКА На гаЗету,3,1781.29,18.71,prOCessInG,подарок вовремя,24.06.2024,2411768206642971
2029946795629,2024-06-17 08:13:41,НАТаЛЬя ВАСиЛьЕВА,+7 9400 40 80,3,АМунициЯ длЯ СобаК,2,2230.87,169.13,pRoCesSInG,подарок вовремя,24.06.2024,2411768206642971
2029946794131,18.06.2024 04:23,аЛЕКсЕЙ МИХАЙлОВ,+7(9429)88-47,3,амУницИЯ Для собАК,2,2086.67,313.33,caNCElleD,спасибо за заказ,2024-06-05,4155693468189509
2029946794131,18.06.2024 04:23,аЛЕКсЕЙ МИХАЙлОВ,+7(9429)88-47,4,ПОдпиСКА На гаЗеТУ,2,1036.37,163.63,CAncELLed,спасибо за заказ,2024-06-05,4155693468189509
2029946793709,27.06.2024 01:17,натальЯ ВАсИльеВа,+7 9097 08 37,2,ИГрУШКа мЯч,3,752.83,147.17,PrOceSsIng,"Задержка с доставкой, печалька...",18.06.2024,8787284115921524
2029946793709,27.06.2024 01:17,натальЯ ВАсИльеВа,+7 9097 08 37,3,аМунИцИЯ для СОбАК,1,993.45,206.55,prOcESSIng,"Задержка с доставкой, печалька...",18.06.2024,8787284115921524
2029946793709,27.06.2024 01:17,натальЯ ВАсИльеВа,+7 9097 08 37,1,корм длЯ сОбАК,5,2433.69,66.31,PROCesSing,"Задержка с доставкой, печалька...",18.06.2024,8787284115921524
2029946793709,27.06.2024 01:17,натальЯ ВАсИльеВа,+7 9097 08 37,2,ИГрушка мЯЧ,2,592.92,7.08,pRocESSING,"Задержка с доставкой, печалька...",18.06.2024,8787284115921524
2029946792600,2024/06/15 16:10:30,МихАИл ОрлОВ,8(9391) 85-85,5,МолоКо,2,5687.31,312.69,cAncELLed,Ждём с нетерпением!,03.06.2024,2006287056437741
2029946792600,2024/06/15 16:10:30,МихАИл ОрлОВ,8(9391) 85-85,4,пОДПиСКа НА гаЗЕтУ,2,997.03,202.97,CancEllEd,Ждём с нетерпением!,03.06.2024,2006287056437741
2029946791219,2024-06-20 23:50:15,елеНА ноВИКова,+7(9629)39-49,5,МолОко,5,13640.42,1359.58,prOcESsIng,Проверить наличие,2024-06-28,1017748701803156
2029946791219,2024-06-20 23:50:15,елеНА ноВИКова,+7(9629)39-49,3,АМунИЦИя Для собаК,4,4270.59,529.41,PrOCEssinG,Проверить наличие,2024-06-28,1017748701803156
2029946791219,2024-06-20 23:50:15,елеНА ноВИКова,+7(9629)39-49,2,игРуШКА мЯЧ,1,273.61,26.39,procESsINg,Проверить наличие,2024-06-28,1017748701803156
2029946790995,2024-06-24 22:08:50,сЕргЕЙ СИДорОВ,+7 9546 18 85,2,иГРуШкА МЯЧ,2,542.54,57.46,CANCeLLED,Всё отлично!,23.06.2024,0224593135830003
2029946790995,2024-06-24 22:08:50,сЕргЕЙ СИДорОВ,+7 9546 18 85,5,моЛоКо,4,11400.95,599.05,CaNCELled,Всё отлично!,23.06.2024,0224593135830003
2029946790995,2024-06-24 22:08:50,сЕргЕЙ СИДорОВ,+7 9546 18 85,1,корМ ДлЯ сОБак,2,938.43,61.57,cANceLLEd,Всё отлично!,23.06.2024,0224593135830003
2029946789995,02.06.2024 07:12,ДМитрий кузнецОВ,+7(9684)53-07,3,амУНиЦИя дЛЯ соБаК,5,5543.25,456.75,pROcEssiNg,спасибо за заказ,18.06.2024,3145592635385002
2029946789995,02.06.2024 07:12,ДМитрий кузнецОВ,+7(9684)53-07,2,ИгрУшКа мяч,4,1142.06,57.94,PROceSSinG,спасибо за заказ,18.06.2024,3145592635385002
2029946789995,02.06.2024 07:12,ДМитрий кузнецОВ,+7(9684)53-07,5,молОкО,2,5712.26,287.74,PrOCeSsINg,спасибо за заказ,18.06.2024,3145592635385002
2029946789995,02.06.2024 07:12,ДМитрий кузнецОВ,+7(9684)53-07,3,амУНИЦия длЯ соБАк,1,987.32,212.68,PrOcESsing,спасибо за заказ,18.06.2024,3145592635385002
2029946789995,02.06.2024 07:12,ДМитрий кузнецОВ,+7(9684)53-07,3,аМУНиЦИя дЛя собаК,4,4543.95,256.05,pROceSSing,спасибо за заказ,18.06.2024,3145592635385002
2029946788770,28.06.2024 02:51,СергеЙ сидОРов,+7(9188)74-29,5,моЛОКО,4,10983.89,1016.11,PrOcesSINg,Всё отлично!,2024-06-04,6494723921932732
2029946788770,28.06.2024 02:51,СергеЙ сидОРов,+7(9188)74-29,3,АмУНиЦИя ДЛЯ СОБАк,4,4059.55,740.45,PrOCesSing,Всё отлично!,2024-06-04,6494723921932732
2029946788770,28.06.2024 02:51,СергеЙ сидОРов,+7(9188)74-29,5,моЛоКО,4,9881.26,2118.74,pROCeSSinG,Всё отлично!,2024-06-04,6494723921932732
2029946787487,2024-06-05 17:33:37,Анна сМИрНОВа,+7 9347 35 83,4,поДПиСКА нА гАзету,4,2027.73,372.27,coMPleTeD,"Задержка с доставкой, печалька...",2024-06-26,7827828700252843
2029946786429,2024-06-02 14:37:16,ЕЛеНА НоВикОва,+7(9809)82-88,4,пОДПИСКа нА газету,1,573.98,26.02,pROcESsinG,Ждём с нетерпением!,2024-06-23,8285922638182158
2029946786429,2024-06-02 14:37:16,ЕЛеНА НоВикОва,+7(9809)82-88,1,КОРм ДлЯ собак,1,475.34,24.66,pROCESsing,Ждём с нетерпением!,2024-06-23,8285922638182158
2029946786429,2024-06-02 14:37:16,ЕЛеНА НоВикОва,+7(9809)82-88,5,мОлоКо,5,12451.46,2548.54,pRoCEsSInG,Ждём с нетерпением!,2024-06-23,8285922638182158
2029946786429,2024-06-02 14:37:16,ЕЛеНА НоВикОва,+7(9809)82-88,4,пОдпиСКа на ГАзеТУ,1,568.55,31.45,procESSInG,Ждём с нетерпением!,2024-06-23,8285922638182158
2029946785508,2024/06/24 16:21:21,дмИтРИЙ КузнецоВ,+7 9429 14 79,2,иГРУШка мяЧ,5,1312.27,187.73,CompLeTed,Всё отлично!,2024-06-07,8193911111509599
2029946785508,2024/06/24 16:21:21,дмИтРИЙ КузнецоВ,+7 9429 14 79,5,МОЛоКО,5,13632.97,1367.03,cOMPlEtED,Всё отлично!,2024-06-07,8193911111509599
2029946785508,2024/06/24 16:21:21,дмИтРИЙ КузнецоВ,+7 9429 14 79,5,мОЛОКо,3,7479.17,1520.83,COmPleTED,Всё отлично!,2024-06-07,8193911111509599
2029946785508,2024/06/24 16:21:21,дмИтРИЙ КузнецоВ,+7 9429 14 79,2,ИгРушка МЯЧ,2,480.52,119.48,COMPLEtEd,Всё отлично!,2024-06-07,8193911111509599
2029946785508,2024/06/24 16:21:21,дмИтРИЙ КузнецоВ,+7 9429 14 79,2,иГРУШКа мЯч,3,874.35,25.65,cOMPlEteD,Всё отлично!,2024-06-07,8193911111509599
2029946784679,12.06.2024 01:11,анНа смирнова,8(9324) 37-55,2,иГРУшка МЯЧ,5,1360.87,139.13,caNcelLed,подарок вовремя,2024/06/04,5695237455149505
2029946784679,12.06.2024 01:11,анНа смирнова,8(9324) 37-55,4,ПОдпИсКа нА гАЗеТу,5,2492.49,507.51,canCEllED,подарок вовремя,2024/06/04,5695237455149505
2029946784679,12.06.2024 01:11,анНа смирнова,8(9324) 37-55,4,поДПиска нА гАзЕту,3,1783.52,16.48,CaNCeLLeD,подарок вовремя,2024/06/04,5695237455149505
2029946784679,12.06.2024 01:11,анНа смирнова,8(9324) 37-55,3,амуНициЯ Для сОбак,4,3920.2,879.8,CanCELled,подарок вовремя,2024/06/04,5695237455149505
2029946784679,12.06.2024 01:11,анНа смирнова,8(9324) 37-55,2,иГруШКА МяЧ,1,293.49,6.51,canCeLLeD,подарок вовремя,2024/06/04,5695237455149505
2029946783191,16.06.2024 06:08,МиХАИл оРлОв,+7(9069)19-63,3,АмУнИЦИя ДЛЯ СОБак,2,2248.6,151.4,prOcESsiNG,"Задержка с доставкой, печалька...",2024-06-16,1029877553014849
2029946783191,16.06.2024 06:08,МиХАИл оРлОв,+7(9069)19-63,3,АМуНИЦиЯ Для СОбаК,1,1163.05,36.95,prOcESSinG,"Задержка с доставкой, печалька...",2024-06-16,1029877553014849
2029946782178,2024/06/14 16:34:31,МИхаИл орлоВ,+7 9415 26 37,4,ПодПиСКА на гаЗЕту,4,2089.92,310.08,CanCeLlED,Нужно уточнить сроки,2024/06/06,0484481971285720
2029946781880,2024/06/05 03:53:12,ИВан ивАнОв,+7 9880 63 62,1,КОрм ДЛЯ сОБак,1,425.71,74.29,CANcELled,Проверить наличие,2024-06-20,2378520010292258
2029946781880,2024/06/05 03:53:12,ИВан ивАнОв,+7 9880 63 62,1,корМ дЛЯ сОбАк,1,417.4,82.6,CANCELled,Проверить наличие,2024-06-20,2378520010292258
2029946781880,2024/06/05 03:53:12,ИВан ивАнОв,+7 9880 63 62,4,ПОДПИСкА НА ГаЗЕТУ,4,2016.4,383.6,cancElLEd,Проверить наличие,2024-06-20,2378520010292258
2029946781880,2024/06/05 03:53:12,ИВан ивАнОв,+7 9880 63 62,4,поДПисКа на газетУ,2,987.68,212.32,CanCELlEd,Проверить наличие,2024-06-20,2378520010292258
2029946781880,2024/06/05 03:53:12,ИВан ивАнОв,+7 9880 63 62,4,подпиСКа На ГаЗЕтУ,4,2152.9,247.1,CAncELlED,Проверить наличие,2024-06-20,2378520010292258
2029946780205,2024/06/19 21:26:40,СЕрГей сИДОрОв,8(9453) 02-84,5,мОлОкО,2,5038.89,961.11,caNCeLlEd,подарок вовремя,2024/06/12,8733259256751256
2029946780205,2024/06/19 21:26:40,СЕрГей сИДОрОв,8(9453) 02-84,2,иГРУШКа мяч,2,525.92,74.08,cANCELLeD,подарок вовремя,2024/06/12,8733259256751256
2029946780205,2024/06/19 21:26:40,СЕрГей сИДОрОв,8(9453) 02-84,5,МолокО,5,14717.12,282.88,CanCElLEd,подарок вовремя,2024/06/12,8733259256751256
2029946780205,2024/06/19 21:26:40,СЕрГей сИДОрОв,8(9453) 02-84,5,МоЛоКО,2,5065.88,934.12,cancELlED,подарок вовремя,2024/06/12,8733259256751256
2029946779968,2024-06-24 17:42:39,дМиТрий кУЗнЕЦОв,+7 9190 67 69,2,игРУШКа Мяч,2,521.83,78.17,comPlETed,Нужно уточнить сроки,2024/06/19,8558360844176250
2029946778267,2024-06-27 20:28:09,АЛекСЕй МИхаЙЛОВ,+7(9331)09-45,2,ИГрУшкА мяч,5,1294.97,205.03,COmPlEtEd,спасибо за заказ,2024/06/09,2394475936856822
2029946777913,2024/06/16 09:49:06,алЕкСЕй МИХаЙЛов,+7 9204 23 39,5,моЛокО,2,5336.41,663.59,cOMpLETeD,Всё отлично!,25.06.2024,2441556172636105
2029946777913,2024/06/16 09:49:06,алЕкСЕй МИХаЙЛов,+7 9204 23 39,1,Корм ДлЯ СобаК,4,1860.16,139.84,COMPleted,Всё отлично!,25.06.2024,2441556172636105
2029946777913,2024/06/16 09:49:06,алЕкСЕй МИХаЙЛов,+7 9204 23 39,2,иГруШКА мЯч,4,1048.75,151.25,CoMpleted,Всё отлично!,25.06.2024,2441556172636105
2029946776156,2024/06/11 16:14:02,ОлЬГА КузнЕЦОвА,+7(9738)50-41,1,КОРм ДлЯ СоБАк,4,1998.05,1.95,caNCelLeD,"Задержка с доставкой, печалька...",2024-06-12,8125497360404804
2029946775547,22.06.2024 01:53,ивАн ИВанОВ,8(9388) 45-78,3,АМуницИЯ дЛЯ собАк,1,1041.94,158.06,prOCeSsINg,подарок вовремя,2024-06-07,3756262894337087
2029946775547,22.06.2024 01:53,ивАн ИВанОВ,8(9388) 45-78,1,корМ ДЛЯ сОБак,1,407.64,92.36,PROcESSiNg,подарок вовремя,2024-06-07,3756262894337087
2029946775547,22.06.2024 01:53,ивАн ИВанОВ,8(9388) 45-78,5,МолОКо,4,11868.32,131.68,PrOcEsSing,подарок вовремя,2024-06-07,3756262894337087
2029946775547,22.06.2024 01:53,ивАн ИВанОВ,8(9388) 45-78,5,мОлоко,2,5583.83,416.17,proceSsinG,подарок вовремя,2024-06-07,3756262894337087
2029946775547,22.06.2024 01:53,ивАн ИВанОВ,8(9388) 45-78,5,МоЛОкО,1,2504.38,495.62,PrOcessiNG,подарок вовремя,2024-06-07,3756262894337087
2029946774333,2024-06-14 01:20:43,МИхАил ОРлов,8(9726) 80-94,5,мОлоко,4,11046.77,953.23,COmPlEtEd,Ждём с нетерпением!,23.06.2024,3300251430621267
2029946774333,2024-06-14 01:20:43,МИхАил ОРлов,8(9726) 80-94,2,игрушКА Мяч,5,1453.37,46.63,CompLeted,Ждём с нетерпением!,23.06.2024,3300251430621267
2029946774333,2024-06-14 01:20:43,МИхАил ОРлов,8(9726) 80-94,3,амунИЦИЯ для СоБаК,1,977.32,222.68,coMpLETED,Ждём с нетерпением!,23.06.2024,3300251430621267
2029946774333,2024-06-14 01:20:43,МИхАил ОРлов,8(9726) 80-94,3,АМУНициЯ Для СОбАК,4,4792.83,7.17,COMPleTED,Ждём с нетерпением!,23.06.2024,3300251430621267
2029946773158,27.06.2024 09:39,ЕлЕна НовикОва,8(9780) 62-66,3,аМунИЦиЯ длЯ СОбак,2,2386.31,13.69,cancEllEd,Проверить наличие,2024-06-12,1898887804249520
2029946773158,27.06.2024 09:39,ЕлЕна НовикОва,8(9780) 62-66,3,аМУнИЦИя ДлЯ сОбАк,2,2203.27,196.73,CANCElLed,Проверить наличие,2024-06-12,1898887804249520
2029946773158,27.06.2024 09:39,ЕлЕна НовикОва,8(9780) 62-66,4,пОдПисКА НА газеТу,2,1087.94,112.06,cAncELled,Проверить наличие,2024-06-12,1898887804249520
2029946773158,27.06.2024 09:39,ЕлЕна НовикОва,8(9780) 62-66,2,иГрушКА МЯЧ,5,1229.74,270.26,caNcelLed,Проверить наличие,2024-06-12,1898887804249520
2029946772257,2024/06/20 17:28:23,мАРИЯ ПеТровА,+7 9262 35 83,3,АмуНИцИя дЛя сОБаК,3,3532.08,67.92,cOmPLETed,Ждём с нетерпением!,18.06.2024,3220633473583647
2029946772257,2024/06/20 17:28:23,мАРИЯ ПеТровА,+7 9262 35 83,4,Подписка На ГазеТУ,4,2135.57,264.43,COmplEteD,Ждём с нетерпением!,18.06.2024,3220633473583647
2029946772257,2024/06/20 17:28:23,мАРИЯ ПеТровА,+7 9262 35 83,2,игрУШкА МЯЧ,1,268.04,31.96,CoMPleTeD,Ждём с нетерпением!,18.06.2024,3220633473583647
2029946772257,2024/06/20 17:28:23,мАРИЯ ПеТровА,+7 9262 35 83,3,АмунИЦИя ДЛЯ СОбАК,1,996.39,203.61,CoMPLEteD,Ждём с нетерпением!,18.06.2024,3220633473583647
2029946771413,2024-06-24 00:06:32,Елена НОвикОвА,+7(9487)57-76,3,амунИцИя дЛЯ СОБАК,5,5169.26,830.74,cAnCELlEd,спасибо за заказ,02.06.2024,6595686090284556
2029946771413,2024-06-24 00:06:32,Елена НОвикОвА,+7(9487)57-76,2,игРУшка мЯЧ,5,1250.54,249.46,CAnCElled,спасибо за заказ,02.06.2024,6595686090284556
2029946771413,2024-06-24 00:06:32,Елена НОвикОвА,+7(9487)57-76,5,моЛоко,4,10831.95,1168.05,CaNCelleD,спасибо за заказ,02.06.2024,6595686090284556
2029946771413,2024-06-24 00:06:32,Елена НОвикОвА,+7(9487)57-76,5,МОлоКО,1,2728.43,271.57,CAncELlEd,спасибо за заказ,02.06.2024,6595686090284556
2029946770970,2024/06/07 04:01:22,оЛЬга КуЗНецоВа,+7 9299 59 26,1,КорМ дЛЯ СоБак,2,930.8,69.2,cAncELLED,Ждём с нетерпением!,2024/06/09,8464506495889506
2029946770970,2024/06/07 04:01:22,оЛЬга КуЗНецоВа,+7 9299 59 26,5,МоЛОКО,4,10332.34,1667.66,cAnCELleD,Ждём с нетерпением!,2024/06/09,8464506495889506
2029946770970,2024/06/07 04:01:22,оЛЬга КуЗНецоВа,+7 9299 59 26,3,АмунИцИЯ дЛя СоБАК,3,3232.06,367.94,CANceLLEd,Ждём с нетерпением!,2024/06/09,8464506495889506
2029946770970,2024/06/07 04:01:22,оЛЬга КуЗНецоВа,+7 9299 59 26,2,иГРУшКА МЯч,3,765.87,134.13,canCelLeD,Ждём с нетерпением!,2024/06/09,8464506495889506
2029946769920,2024/06/15 16:50:07,оЛЬгА куЗнЕЦовА,+7 9330 39 19,1,кОрм для СобАК,1,426.99,73.01,CAnCElleD,Ждём с нетерпением!,2024/06/08,6934859710638063
2029946769920,2024/06/15 16:50:07,оЛЬгА куЗнЕЦовА,+7 9330 39 19,3,аМУНиЦия ДлЯ СоБАк,2,2396.33,3.67,cANcELleD,Ждём с нетерпением!,2024/06/08,6934859710638063
2029946769920,2024/06/15 16:50:07,оЛЬгА куЗнЕЦовА,+7 9330 39 19,1,коРМ длЯ соБак,2,992.42,7.58,CAnCELLED,Ждём с нетерпением!,2024/06/08,6934859710638063
2029946768292,2024/06/30 20:24:54,ДМитРий КуЗНецОВ,8(9498) 96-17,4,ПОдПИска НА ГазетУ,2,1073.95,126.05,CanCelLeD,Проверить наличие,2024/06/26,4566406198187580
2029946768292,2024/06/30 20:24:54,ДМитРий КуЗНецОВ,8(9498) 96-17,4,ПоДпИсКА НА газеТу,1,565.31,34.69,CAnCElLeD,Проверить наличие,2024/06/26,4566406198187580
2029946767942,2024/06/06 01:29:10,ДмИТриЙ КУЗНецОВ,+7 9814 70 51,4,ПОДПиСКа НА ГазЕтУ,5,2811.24,188.76,cOMpleTeD,спасибо за заказ,2024/06/09,0089596587951164
2029946767942,2024/06/06 01:29:10,ДмИТриЙ КУЗНецОВ,+7 9814 70 51,5,молокО,3,8473.73,526.27,CoMPLETeD,спасибо за заказ,2024/06/09,0089596587951164
2029946767942,2024/06/06 01:29:10,ДмИТриЙ КУЗНецОВ,+7 9814 70 51,2,ИГРушкА мяч,2,483.04,116.96,CoMpLeTEd,спасибо за заказ,2024/06/09,0089596587951164
2029946766682,15.06.2024 16:22,аЛексЕЙ МихаЙЛОв,+7 9075 91 56,2,ИгРушКА мяЧ,1,262.22,37.78,cANCeLLeD,подарок вовремя,2024-06-30,1682001808623242
2029946765125,08.06.2024 06:05,МаРия ПеТРовА,8(9398) 75-44,3,АМУНИцИЯ дЛя сОбАк,4,4664.87,135.13,pROcESsINg,Всё отлично!,2024/06/05,4246273948453614
2029946765125,08.06.2024 06:05,МаРия ПеТРовА,8(9398) 75-44,5,мОЛОКО,1,2684.1,315.9,PROCessiNG,Всё отлично!,2024/06/05,4246273948453614
2029946765125,08.06.2024 06:05,МаРия ПеТРовА,8(9398) 75-44,2,ИГРушКА МЯЧ,2,542.78,57.22,PRocesSINg,Всё отлично!,2024/06/05,4246273948453614
2029946765125,08.06.2024 06:05,МаРия ПеТРовА,8(9398) 75-44,4,ПоДПИска на ГаЗЕТУ,5,2653.86,346.14,proCesSiNg,Всё отлично!,2024/06/05,4246273948453614
2029946765125,08.06.2024 06:05,МаРия ПеТРовА,8(9398) 75-44,4,пОдписКА НА ГазЕту,1,514.32,85.68,proCEssing,Всё отлично!,2024/06/05,4246273948453614
2029946764549,2024/06/10 09:15:28,МАриЯ ПЕТрОВА,8(9299) 58-16,1,КОрМ для сОБак,3,1441.63,58.37,CANCElLeD,Проверить наличие,21.06.2024,7879873778999284
2029946763238,2024-06-06 16:08:44,иВАН ивАнОВ,+7 9116 41 46,3,амуНиЦИя ДЛя СобАк,5,5441.4,558.6,CANCElLeD,"Задержка с доставкой, печалька...",2024/06/09,9918968567281909
2029946763238,2024-06-06 16:08:44,иВАН ивАнОВ,+7 9116 41 46,5,мОЛоКо,1,2442.78,557.22,cAncElLEd,"Задержка с доставкой, печалька...",2024/06/09,9918968567281909
2029946763238,2024-06-06 16:08:44,иВАН ивАнОВ,+7 9116 41 46,5,молоко,1,2966.51,33.49,CancelLEd,"Задержка с доставкой, печалька...",2024/06/09,9918968567281909
2029946762748,2024/06/14 21:54:42,ИвАн ивАноВ,+7 9618 01 15,5,моЛокО,4,9801.32,2198.68,CANceLled,Ждём с нетерпением!,2024/06/01,3729092952556389
2029946762748,2024/06/14 21:54:42,ИвАн ивАноВ,+7 9618 01 15,5,моЛоКо,4,10291.18,1708.82,CANCELlEd,Ждём с нетерпением!,2024/06/01,3729092952556389
2029946761683,28.06.2024 18:55,МаРия ПЕТРоВА,+7(9188)60-80,5,молоКо,3,8297.44,702.56,cOMpleTEd,"Задержка с доставкой, печалька...",2024-06-15,3303565325558738
2029946761683,28.06.2024 18:55,МаРия ПЕТРоВА,+7(9188)60-80,3,АМуНиЦИЯ ДлЯ Собак,2,1932.11,467.89,COmPlEtED,"Задержка с доставкой, печалька...",2024-06-15,3303565325558738
2029946761683,28.06.2024 18:55,МаРия ПЕТРоВА,+7(9188)60-80,4,ПОдпИска На ГазЕтУ,3,1661.62,138.38,COmPleTED,"Задержка с доставкой, печалька...",2024-06-15,3303565325558738
2029946761683,28.06.2024 18:55,МаРия ПЕТРоВА,+7(9188)60-80,2,ИГРУШКА Мяч,3,822.07,77.93,COmPlEteD,"Задержка с доставкой, печалька...",2024-06-15,3303565325558738
2029946760382,04.06.2024 06:12,ОЛЬГа кУзНеЦоВА,8(9633) 75-79,1,КоРМ ДлЯ СОБак,1,444.18,55.82,CANCelled,подарок вовремя,2024/06/05,9047834293945358
2029946759619,2024/06/30 09:47:11,иВан ИВанОв,+7 9701 02 10,2,игруШКа МЯЧ,2,598.07,1.93,cOMPlEted,Ждём с нетерпением!,14.06.2024,3286665347707474
2029946759619,2024/06/30 09:47:11,иВан ИВанОв,+7 9701 02 10,1,корМ ДлЯ сОбАк,5,2492.76,7.24,cOMpleTEd,Ждём с нетерпением!,14.06.2024,3286665347707474
2029946758747,2024-06-15 14:50:12,оЛЬГА КузнЕцОВА,8(9899) 07-04,1,КОрМ длЯ СОбаК,2,812.62,187.38,cAncELled,спасибо за заказ,08.06.2024,3838144007690375
2029946758747,2024-06-15 14:50:12,оЛЬГА КузнЕцОВА,8(9899) 07-04,1,Корм для СОбак,3,1344.45,155.55,CAnCELLed,спасибо за заказ,08.06.2024,3838144007690375
2029946757248,2024-06-12 05:36:42,мИХАИЛ ОрлОв,+7 9434 36 38,4,ПоДпиСКА нА гАЗетУ,5,2405.91,594.09,cOmPLeTeD,спасибо за заказ,29.06.2024,8540671989928153
2029946757248,2024-06-12 05:36:42,мИХАИЛ ОрлОв,+7 9434 36 38,3,АМунИциЯ дЛя сОБАк,3,3336.33,263.67,cOmpLeteD,спасибо за заказ,29.06.2024,8540671989928153
2029946757248,2024-06-12 05:36:42,мИХАИЛ ОрлОв,+7 9434 36 38,1,КоРМ ДЛя СоБак,4,1732.56,267.44,ComPLETEd,спасибо за заказ,29.06.2024,8540671989928153
2029946756844,2024/06/10 05:33:51,НатАЛЬя вАсИльева,+7 9426 12 46,1,коРМ длЯ Собак,3,1281.46,218.54,PrOcESsIng,спасибо за заказ,28.06.2024,3946476362438443
2029946756844,2024/06/10 05:33:51,НатАЛЬя вАсИльева,+7 9426 12 46,3,АмуницИЯ ДлЯ собАк,1,999.48,200.52,pRoceSSInG,спасибо за заказ,28.06.2024,3946476362438443
2029946756844,2024/06/10 05:33:51,НатАЛЬя вАсИльева,+7 9426 12 46,2,игРУшкА МЯч,3,807.32,92.68,procesSIng,спасибо за заказ,28.06.2024,3946476362438443
2029946755269,2024/06/27 14:08:53,нАТАлЬя ВАсИльеВА,+7 9899 55 16,3,аМУнИцИя дЛя СоБАк,1,1040.03,159.97,comPlEtED,Нужно уточнить сроки,14.06.2024,9196495933045914
2029946755269,2024/06/27 14:08:53,нАТАлЬя ВАсИльеВА,+7 9899 55 16,3,амунИЦИЯ ДЛЯ собак,4,3991.51,808.49,coMPLetED,Нужно уточнить сроки,14.06.2024,9196495933045914
2029946755269,2024/06/27 14:08:53,нАТАлЬя ВАсИльеВА,+7 9899 55 16,2,ИГруШкА МЯЧ,5,1471.02,28.98,COMPLeTED,Нужно уточнить сроки,14.06.2024,9196495933045914
2029946754602,2024/06/29 08:34:34,ИВАн ивАНОв,+7 9470 62 19,1,КоРМ длЯ соБАК,4,1915.41,84.59,caNcELLeD,спасибо за заказ,2024/06/28,9890742476294924
2029946754602,2024/06/29 08:34:34,ИВАн ивАНОв,+7 9470 62 19,1,КОрм ДЛя соБАк,2,964.71,35.29,CaNcElLED,спасибо за заказ,2024/06/28,9890742476294924
2029946753990,2024/06/10 18:32:00,НатАлЬя ВаСИЛьеВА,8(9746) 36-02,1,КОРм ДЛЯ сОБАК,3,1403.48,96.52,COmPLeTed,Ждём с нетерпением!,2024/06/25,2592855030393869
2029946753990,2024/06/10 18:32:00,НатАлЬя ВаСИЛьеВА,8(9746) 36-02,1,КорМ ДлЯ собак,1,481.16,18.84,cOmpleTeD,Ждём с нетерпением!,2024/06/25,2592855030393869
2029946753990,2024/06/10 18:32:00,НатАлЬя ВаСИЛьеВА,8(9746) 36-02,2,ИГРУшКА мяЧ,3,885.07,14.93,CoMpleTeD,Ждём с нетерпением!,2024/06/25,2592855030393869
2029946752120,2024-06-07 09:25:21,ивАн ИВаНоВ,+7 9425 04 77,4,пОДпиСКА На ГазЕТУ,1,588.97,11.03,CoMplEted,Проверить наличие,23.06.2024,9106389889996033
2029946752120,2024-06-07 09:25:21,ивАн ИВаНоВ,+7 9425 04 77,5,молоКО,5,13676.42,1323.58,ComPleTEd,Проверить наличие,23.06.2024,9106389889996033
2029946752120,2024-06-07 09:25:21,ивАн ИВаНоВ,+7 9425 04 77,2,ИГрУшКа Мяч,4,1008.53,191.47,COmpLetED,Проверить наличие,23.06.2024,9106389889996033
2029946752120,2024-06-07 09:25:21,ивАн ИВаНоВ,+7 9425 04 77,5,МОлокО,4,11665.79,334.21,cOmpLEted,Проверить наличие,23.06.2024,9106389889996033
2029946752120,2024-06-07 09:25:21,ивАн ИВаНоВ,+7 9425 04 77,3,АмУНиЦИя дЛя сОБАк,1,1043.06,156.94,compleTed,Проверить наличие,23.06.2024,9106389889996033
2029944959802,2024/06/28 17:48:43,аЛЕкСеЙ мИХаЙЛов,+7 9737 87 92,1,кОРм ДлЯ сОбАк,1,440.57,59.43,cOMPlETEd,"Задержка с доставкой, печалька...",2024-06-17,8223777647172321
2029944959802,2024/06/28 17:48:43,аЛЕкСеЙ мИХаЙЛов,+7 9737 87 92,4,ПОДПИСКА нА ГАзеТу,1,494.12,105.88,coMpLeted,"Задержка с доставкой, печалька...",2024-06-17,8223777647172321
2029944959802,2024/06/28 17:48:43,аЛЕкСеЙ мИХаЙЛов,+7 9737 87 92,4,поДпиСКА нА ГАЗеТу,1,497.76,102.24,COmpLETED,"Задержка с доставкой, печалька...",2024-06-17,8223777647172321
2029944959802,2024/06/28 17:48:43,аЛЕкСеЙ мИХаЙЛов,+7 9737 87 92,2,игРУшка МяЧ,3,848.8,51.2,coMPLeTEd,"Задержка с доставкой, печалька...",2024-06-17,8223777647172321
2029944958659,2024/06/06 16:59:46,МИхАИЛ ОрЛоВ,+7(9385)13-64,1,корМ ДЛя Собак,1,410.61,89.39,PrOcesSing,спасибо за заказ,12.06.2024,1349861520984283
2029944958659,2024/06/06 16:59:46,МИхАИЛ ОрЛоВ,+7(9385)13-64,4,поДПиСКа на ГАзЕТУ,5,2958.78,41.22,PROcESsInG,спасибо за заказ,12.06.2024,1349861520984283
2029944958659,2024/06/06 16:59:46,МИхАИЛ ОрЛоВ,+7(9385)13-64,5,мОлокО,2,5081.9,918.1,processING,спасибо за заказ,12.06.2024,1349861520984283
2029944958659,2024/06/06 16:59:46,МИхАИЛ ОрЛоВ,+7(9385)13-64,3,аМуНицИя дЛЯ СобАк,2,2335.24,64.76,pRoCeSsiNG,спасибо за заказ,12.06.2024,1349861520984283
2029944957425,2024/06/12 06:16:27,СергЕй СидОрОВ,+7(9824)81-73,3,амунИЦИя для собАК,1,1109.65,90.35,comPLETEd,подарок вовремя,2024/06/10,2821441202510075
2029944957425,2024/06/12 06:16:27,СергЕй СидОрОВ,+7(9824)81-73,3,амунИция ДЛЯ соБАК,4,4378.93,421.07,cOMPLeTEd,подарок вовремя,2024/06/10,2821441202510075
2029944956898,2024-06-01 01:19:16,МаРия пЕтРовА,8(9772) 84-26,2,игРуШкА МЯч,4,1164.87,35.13,CoMPletEd,Всё отлично!,2024-06-26,6962693131671959
2029944956898,2024-06-01 01:19:16,МаРия пЕтРовА,8(9772) 84-26,1,корм для СобАК,4,1728.97,271.03,COmPLEtEd,Всё отлично!,2024-06-26,6962693131671959
2029944955779,22.06.2024 10:04,МАрИя ПетРОВА,8(9827) 55-44,3,АмУнИцИЯ дЛя сОбак,2,1973.96,426.04,CANceLlEd,спасибо за заказ,09.06.2024,6599788595612229
2029944955779,22.06.2024 10:04,МАрИя ПетРОВА,8(9827) 55-44,2,иГрУшка МЯч,2,587.26,12.74,CaNCElLEd,спасибо за заказ,09.06.2024,6599788595612229
2029944955779,22.06.2024 10:04,МАрИя ПетРОВА,8(9827) 55-44,5,МОЛоко,4,11193.41,806.59,cANCellEd,спасибо за заказ,09.06.2024,6599788595612229
2029944955779,22.06.2024 10:04,МАрИя ПетРОВА,8(9827) 55-44,4,ПОДпИСка НА гаЗету,4,2391.24,8.76,CAnCelLEd,спасибо за заказ,09.06.2024,6599788595612229
2029944955779,22.06.2024 10:04,МАрИя ПетРОВА,8(9827) 55-44,1,корм дЛя сОбАк,4,1980.85,19.15,caNCeLlEd,спасибо за заказ,09.06.2024,6599788595612229
2029944954645,2024-06-30 17:24:17,ЕЛЕна НОВикОва,8(9153) 84-28,5,мОлоКо,1,2406.24,593.76,CaNCelleD,Всё отлично!,2024-06-05,9836252340701456
2029944954645,2024-06-30 17:24:17,ЕЛЕна НОВикОва,8(9153) 84-28,4,ПодПИска НА гаЗЕТУ,5,2709.58,290.42,cANcellEd,Всё отлично!,2024-06-05,9836252340701456
2029944954645,2024-06-30 17:24:17,ЕЛЕна НОВикОва,8(9153) 84-28,5,МОлОко,2,4803.18,1196.82,CaNcELLed,Всё отлично!,2024-06-05,9836252340701456
2029944953525,2024-06-17 15:18:26,ивАн Иванов,+7 9264 38 60,1,КОРМ ДЛЯ сОБАК,1,445.66,54.34,ComPlEtED,подарок вовремя,2024/06/02,2353001974156365
2029944952135,2024/06/18 03:52:54,елена нОвИкОва,+7 9363 56 97,5,МолоКО,1,2868.55,131.45,PrOcEsSInG,Всё отлично!,2024-06-12,8900626404229157
2029944951131,2024-06-03 17:04:15,елЕна НовиКова,8(9636) 63-65,2,ИГрушКа МЯч,4,1007.25,192.75,cOMpleTED,Проверить наличие,22.06.2024,7782323409201001
2029944951131,2024-06-03 17:04:15,елЕна НовиКова,8(9636) 63-65,1,корм ДЛЯ СОбаК,3,1356.62,143.38,COMpLEted,Проверить наличие,22.06.2024,7782323409201001
2029944951131,2024-06-03 17:04:15,елЕна НовиКова,8(9636) 63-65,4,ПодПИска На ГаЗЕТу,1,525.85,74.15,COmpLeteD,Проверить наличие,22.06.2024,7782323409201001
2029944950231,01.06.2024 05:17,ИвАн ИвАнов,+7(9537)23-39,2,иГрУШка мяч,1,277.9,22.1,caNCellED,спасибо за заказ,2024-06-11,4983498343126085
2029944950231,01.06.2024 05:17,ИвАн ИвАнов,+7(9537)23-39,4,подпиСКА нА газеТу,4,2218.78,181.22,CanCeLLED,спасибо за заказ,2024-06-11,4983498343126085
2029944949195,17.06.2024 23:07,анНА СмиРНОВА,8(9287) 01-00,4,пОДПИСКА На газЕТУ,2,1144.23,55.77,coMpleTeD,спасибо за заказ,30.06.2024,8144735126965327
2029944949195,17.06.2024 23:07,анНА СмиРНОВА,8(9287) 01-00,1,КОРм ДлЯ сОБаК,4,1794.21,205.79,cOMpLETED,спасибо за заказ,30.06.2024,8144735126965327
2029944949195,17.06.2024 23:07,анНА СмиРНОВА,8(9287) 01-00,2,игрУшКа мяч,1,261.75,38.25,coMpLEtED,спасибо за заказ,30.06.2024,8144735126965327
2029944948665,2024-06-18 15:34:09,еЛЕнА НОВикоВА,+7(9050)73-98,3,амуНициЯ ДЛЯ СОБак,2,2051.61,348.39,PROceSsInG,Всё отлично!,16.06.2024,8776739090023302
2029944948665,2024-06-18 15:34:09,еЛЕнА НОВикоВА,+7(9050)73-98,2,ИгРуШКА мяч,2,542.87,57.13,pROCEssINg,Всё отлично!,16.06.2024,8776739090023302
2029944947261,2024-06-03 00:48:11,НаТАЛьЯ ВАсИльевА,+7 9944 46 09,1,КОрМ для сОБаК,4,1783.42,216.58,pROCesSIng,"Задержка с доставкой, печалька...",2024/06/11,1729016150896248
2029944947261,2024-06-03 00:48:11,НаТАЛьЯ ВАсИльевА,+7 9944 46 09,5,моЛОКО,2,5489.73,510.27,pRocesSINg,"Задержка с доставкой, печалька...",2024/06/11,1729016150896248
2029944947261,2024-06-03 00:48:11,НаТАЛьЯ ВАсИльевА,+7 9944 46 09,5,МОЛоКо,3,7856.34,1143.66,PROceSSing,"Задержка с доставкой, печалька...",2024/06/11,1729016150896248
2029944947261,2024-06-03 00:48:11,НаТАЛьЯ ВАсИльевА,+7 9944 46 09,4,ПодПисКа На ГАЗеТУ,1,486.31,113.69,proCesSinG,"Задержка с доставкой, печалька...",2024/06/11,1729016150896248
2029944947261,2024-06-03 00:48:11,НаТАЛьЯ ВАсИльевА,+7 9944 46 09,3,АМунИцИя дЛЯ соБАК,2,2342.12,57.88,procesSinG,"Задержка с доставкой, печалька...",2024/06/11,1729016150896248
2029944946990,2024-06-02 23:15:56,дмИтрИЙ КУзНЕЦов,8(9271) 67-79,1,КорМ дЛя СобАк,5,2116.48,383.52,CompLeteD,Всё отлично!,01.06.2024,3886527362349179
2029944946990,2024-06-02 23:15:56,дмИтрИЙ КУзНЕЦов,8(9271) 67-79,3,амУницИЯ для СобАК,5,5518.63,481.37,complEteD,Всё отлично!,01.06.2024,3886527362349179
2029944946990,2024-06-02 23:15:56,дмИтрИЙ КУзНЕЦов,8(9271) 67-79,2,иГрУшка МяЧ,1,262.53,37.47,cOmPleTEd,Всё отлично!,01.06.2024,3886527362349179
2029944946990,2024-06-02 23:15:56,дмИтрИЙ КУзНЕЦов,8(9271) 67-79,4,подПисКа НА ГАЗету,2,1061.56,138.44,cOMpLeTeD,Всё отлично!,01.06.2024,3886527362349179
2029944946990,2024-06-02 23:15:56,дмИтрИЙ КУзНЕЦов,8(9271) 67-79,1,корм дЛЯ СОБаК,1,409.57,90.43,complEtEd,Всё отлично!,01.06.2024,3886527362349179
2029944945469,23.06.2024 07:59,ДмИТрИЙ КузнЕЦоВ,8(9836) 92-90,2,ИгруШКа МЯЧ,2,561.49,38.51,caNCELlED,Нужно уточнить сроки,2024/06/24,4684808244214094
2029944944505,01.06.2024 22:58,СЕргЕЙ сИДоРОв,8(9917) 60-50,2,ИгРушКА мяЧ,1,240.97,59.03,COmpLETed,"Задержка с доставкой, печалька...",02.06.2024,2829939873930023
2029944943165,28.06.2024 13:11,ДМИТРий кузнЕЦоВ,8(9365) 31-20,3,амУНициЯ для СобАк,3,2889.64,710.36,completed,"Задержка с доставкой, печалька...",2024-06-14,8654939082151684
2029944943165,28.06.2024 13:11,ДМИТРий кузнЕЦоВ,8(9365) 31-20,2,иГруШКа мяч,1,297.11,2.89,COmplETEd,"Задержка с доставкой, печалька...",2024-06-14,8654939082151684
2029944943165,28.06.2024 13:11,ДМИТРий кузнЕЦоВ,8(9365) 31-20,5,мОлОко,5,13411.06,1588.94,ComPleTeD,"Задержка с доставкой, печалька...",2024-06-14,8654939082151684
2029944943165,28.06.2024 13:11,ДМИТРий кузнЕЦоВ,8(9365) 31-20,2,ИГруШкА Мяч,1,261.72,38.28,COmPleTED,"Задержка с доставкой, печалька...",2024-06-14,8654939082151684
2029944942787,26.06.2024 21:21,МарИЯ пеТрОВА,8(9414) 43-28,2,иГрУшКА МЯЧ,2,599.2,0.8,COMPleteD,Проверить наличие,2024-06-04,5787017585535125
2029944942787,26.06.2024 21:21,МарИЯ пеТрОВА,8(9414) 43-28,1,КоРМ ДЛя собАк,5,2058.71,441.29,cOMPleTEd,Проверить наличие,2024-06-04,5787017585535125
2029944941225,2024/06/03 13:36:19,ИвАН иВАНОв,+7 9855 94 17,1,КоРм дЛя СОБаК,2,944.9,55.1,CAnceLled,спасибо за заказ,14.06.2024,8472769889584914
2029944941225,2024/06/03 13:36:19,ИвАН иВАНОв,+7 9855 94 17,4,ПоДПИСка на газЕту,4,2102.89,297.11,cANcelLed,спасибо за заказ,14.06.2024,8472769889584914
2029944941225,2024/06/03 13:36:19,ИвАН иВАНОв,+7 9855 94 17,5,мОЛоКо,4,11560.63,439.37,cAncELled,спасибо за заказ,14.06.2024,8472769889584914
2029944941225,2024/06/03 13:36:19,ИвАН иВАНОв,+7 9855 94 17,4,пОдпИсКА На ГАЗеТУ,1,583.41,16.59,canCelLED,спасибо за заказ,14.06.2024,8472769889584914
2029944940528,2024-06-22 03:13:41,АннА СМиРнОвА,8(9357) 67-01,2,ИгРушКА мЯч,1,261.01,38.99,cOmpLeTED,"Задержка с доставкой, печалька...",2024-06-04,1400081201009517
2029944940528,2024-06-22 03:13:41,АннА СМиРнОвА,8(9357) 67-01,2,игРуШкА мяЧ,1,266.32,33.68,CoMplETed,"Задержка с доставкой, печалька...",2024-06-04,1400081201009517
2029944939923,07.06.2024 19:08,иван ИваноВ,+7 9309 91 98,5,молОКО,1,2599.05,400.95,caNCELLeD,"Задержка с доставкой, печалька...",28.06.2024,6615202983766196
2029944938237,22.06.2024 11:40,оЛьга кузНЕцовА,+7(9745)08-49,1,КоРМ ДЛя соБАк,1,442.5,57.5,caNCeLLEd,подарок вовремя,2024/06/28,8053789979928687
2029944938237,22.06.2024 11:40,оЛьга кузНЕцовА,+7(9745)08-49,5,МОЛОКО,1,2940.54,59.46,cAncELleD,подарок вовремя,2024/06/28,8053789979928687
2029944938237,22.06.2024 11:40,оЛьга кузНЕцовА,+7(9745)08-49,5,МоЛОКо,3,7417.7,1582.3,cANCELLED,подарок вовремя,2024/06/28,8053789979928687
2029944937410,2024/06/29 10:57:51,ДМИтрИй КУЗНЕЦОв,+7 9313 19 71,4,ПОдПИСкА на ГазЕТу,1,589.93,10.07,coMPLEteD,"Задержка с доставкой, печалька...",2024/06/07,9602541085219196
2029944937410,2024/06/29 10:57:51,ДМИтрИй КУЗНЕЦОв,+7 9313 19 71,5,мОЛоКО,2,5670.24,329.76,COmPlETeD,"Задержка с доставкой, печалька...",2024/06/07,9602541085219196
2029944937410,2024/06/29 10:57:51,ДМИтрИй КУЗНЕЦОв,+7 9313 19 71,3,АМунИЦИя для СОБАК,2,2082.24,317.76,coMPLEtED,"Задержка с доставкой, печалька...",2024/06/07,9602541085219196
2029944936412,2024/06/29 17:36:43,АННа смирнОВа,8(9658) 95-39,5,МОЛокО,2,5847.13,152.87,CaNCelLeD,подарок вовремя,2024-06-08,7855236115613681
2029944936412,2024/06/29 17:36:43,АННа смирнОВа,8(9658) 95-39,4,ПодПиска на газету,4,2165.57,234.43,CANCELled,подарок вовремя,2024-06-08,7855236115613681
2029944935744,25.06.2024 01:42,АнНА СМиРНОва,8(9661) 76-40,4,пОдПИСКа На гАзетУ,2,1141.78,58.22,cancELlED,спасибо за заказ,26.06.2024,0333638224784593
2029944935744,25.06.2024 01:42,АнНА СМиРНОва,8(9661) 76-40,1,КОРМ Для СОбАк,2,906.79,93.21,CANCELLeD,спасибо за заказ,26.06.2024,0333638224784593
2029944935744,25.06.2024 01:42,АнНА СМиРНОва,8(9661) 76-40,4,ПОДПисКА на ГазЕтУ,4,2090.59,309.41,CaNcElLed,спасибо за заказ,26.06.2024,0333638224784593
2029944935744,25.06.2024 01:42,АнНА СМиРНОва,8(9661) 76-40,1,КоРм ДлЯ СоБак,2,864.99,135.01,CAncelleD,спасибо за заказ,26.06.2024,0333638224784593
2029944934213,2024-06-14 12:23:36,алеКСей миХАЙЛОв,+7(9840)17-47,2,ИгРУШка МяЧ,4,1198.9,1.1,pRoCessING,Ждём с нетерпением!,2024-06-29,1215492744254959
2029944934213,2024-06-14 12:23:36,алеКСей миХАЙЛОв,+7(9840)17-47,4,пОДпИСкА на ГАЗету,3,1482.66,317.34,PrOcEsSing,Ждём с нетерпением!,2024-06-29,1215492744254959
2029944934213,2024-06-14 12:23:36,алеКСей миХАЙЛОв,+7(9840)17-47,2,игрУшкА мяч,2,528.53,71.47,ProCEsSING,Ждём с нетерпением!,2024-06-29,1215492744254959
2029944933138,2024-06-30 02:54:14,СЕргЕй СИдОров,+7 9378 00 75,1,кОРм длЯ сОБАК,2,981.78,18.22,PROCESSing,"Задержка с доставкой, печалька...",01.06.2024,3741658751578386
2029944933138,2024-06-30 02:54:14,СЕргЕй СИдОров,+7 9378 00 75,3,АмунИцИя для сОбак,1,1165.08,34.92,pROcESSing,"Задержка с доставкой, печалька...",01.06.2024,3741658751578386
2029944933138,2024-06-30 02:54:14,СЕргЕй СИдОров,+7 9378 00 75,3,аМУнИцИЯ ДлЯ СоБак,3,3055.19,544.81,PROcEssINg,"Задержка с доставкой, печалька...",01.06.2024,3741658751578386
2029944932308,2024/06/25 22:37:12,АнНа смирНОвА,+7 9928 45 31,3,амуницИя ДЛя собАк,2,2166.02,233.98,cAncElLEd,спасибо за заказ,2024-06-27,7805610385910448
2029944932308,2024/06/25 22:37:12,АнНа смирНОвА,+7 9928 45 31,4,пОдПИСка нА ГАзеТУ,1,584.94,15.06,CancelleD,спасибо за заказ,2024-06-27,7805610385910448
2029944932308,2024/06/25 22:37:12,АнНа смирНОвА,+7 9928 45 31,1,кОрм ДЛЯ СОбАК,5,2286.17,213.83,caNCEllEd,спасибо за заказ,2024-06-27,7805610385910448
2029944932308,2024/06/25 22:37:12,АнНа смирНОвА,+7 9928 45 31,2,игрУшка МяЧ,2,526.97,73.03,caNCElLeD,спасибо за заказ,2024-06-27,7805610385910448
2029944932308,2024/06/25 22:37:12,АнНа смирНОвА,+7 9928 45 31,5,моЛОКО,1,2418.69,581.31,caNCElled,спасибо за заказ,2024-06-27,7805610385910448
2029944931445,14.06.2024 04:44,иВАН ИВаНОв,8(9377) 16-12,4,ПОдПисКа на ГАзЕту,1,545.22,54.78,CanCellED,"Задержка с доставкой, печалька...",25.06.2024,5163537639424840
2029944931445,14.06.2024 04:44,иВАН ИВаНОв,8(9377) 16-12,5,МоЛокО,5,14110.77,889.23,CANCeLlEd,"Задержка с доставкой, печалька...",25.06.2024,5163537639424840
2029944931445,14.06.2024 04:44,иВАН ИВаНОв,8(9377) 16-12,1,кОрм длЯ собАК,4,1966.23,33.77,canCellEd,"Задержка с доставкой, печалька...",25.06.2024,5163537639424840
2029944931445,14.06.2024 04:44,иВАН ИВаНОв,8(9377) 16-12,1,кОРм для собак,5,2120.25,379.75,cancElleD,"Задержка с доставкой, печалька...",25.06.2024,5163537639424840
2029944930797,09.06.2024 15:23,наТАЛЬЯ вАсИлЬЕВа,8(9132) 29-33,4,ПОДписКА На гАЗету,5,2755.69,244.31,PROceSSIng,спасибо за заказ,2024-06-15,5478919168952654
2029944930797,09.06.2024 15:23,наТАЛЬЯ вАсИлЬЕВа,8(9132) 29-33,2,ИгрУШКА МЯЧ,2,510.87,89.13,PrOCESSING,спасибо за заказ,2024-06-15,5478919168952654
2029944929101,2024/06/04 09:46:17,ДМиТРий КУзНЕцов,+7 9471 71 98,1,КОРМ длЯ соБак,3,1390.35,109.65,CanceLLED,спасибо за заказ,17.06.2024,6149489136313492
2029944929101,2024/06/04 09:46:17,ДМиТРий КУзНЕцов,+7 9471 71 98,5,мОЛоКо,2,5129.6,870.4,CAncelleD,спасибо за заказ,17.06.2024,6149489136313492
2029944929101,2024/06/04 09:46:17,ДМиТРий КУзНЕцов,+7 9471 71 98,3,АмУнИЦия Для собаК,1,981.61,218.39,CaNceLleD,спасибо за заказ,17.06.2024,6149489136313492
2029944929101,2024/06/04 09:46:17,ДМиТРий КУзНЕцов,+7 9471 71 98,3,АМуНИцИЯ дЛЯ сОБаК,5,5386.13,613.87,CANCeLled,спасибо за заказ,17.06.2024,6149489136313492
2029944929101,2024/06/04 09:46:17,ДМиТРий КУзНЕцов,+7 9471 71 98,1,корМ длЯ СоБАК,2,923.84,76.16,CaNCELLed,спасибо за заказ,17.06.2024,6149489136313492
2029944928985,16.06.2024 03:11,ОЛьГА КУзНецоВА,+7 9896 45 88,2,иГрушКа МяЧ,1,294.48,5.52,cOMpletED,Нужно уточнить сроки,2024-06-08,9825062580459503
2029944928985,16.06.2024 03:11,ОЛьГА КУзНецоВА,+7 9896 45 88,3,аМуниция Для СобаК,2,2120.54,279.46,cOMpLEtED,Нужно уточнить сроки,2024-06-08,9825062580459503
2029944928985,16.06.2024 03:11,ОЛьГА КУзНецоВА,+7 9896 45 88,4,пОдПИСка На гАзЕТу,1,577.46,22.54,CoMplETed,Нужно уточнить сроки,2024-06-08,9825062580459503
2029944928985,16.06.2024 03:11,ОЛьГА КУзНецоВА,+7 9896 45 88,3,Амуниция ДлЯ СобАК,4,4408.26,391.74,cOMPLeTed,Нужно уточнить сроки,2024-06-08,9825062580459503
2029944928985,16.06.2024 03:11,ОЛьГА КУзНецоВА,+7 9896 45 88,5,мОЛоКО,1,2673.71,326.29,COmpLeTeD,Нужно уточнить сроки,2024-06-08,9825062580459503
2029944927518,2024/06/08 19:58:38,МаРИЯ пЕтровА,8(9797) 37-17,3,АмУНИция ДЛя сОБак,1,1000.14,199.86,coMPLeTED,Всё отлично!,11.06.2024,5590226753861590
2029944927518,2024/06/08 19:58:38,МаРИЯ пЕтровА,8(9797) 37-17,4,пОдпИска На гАЗету,2,1032.38,167.62,coMpLeted,Всё отлично!,11.06.2024,5590226753861590
2029944927518,2024/06/08 19:58:38,МаРИЯ пЕтровА,8(9797) 37-17,2,игРУшкА МяЧ,3,781.19,118.81,cOmPLEteD,Всё отлично!,11.06.2024,5590226753861590
2029944927518,2024/06/08 19:58:38,МаРИЯ пЕтровА,8(9797) 37-17,5,МолокО,4,10248.91,1751.09,CoMplEtEd,Всё отлично!,11.06.2024,5590226753861590
2029944927518,2024/06/08 19:58:38,МаРИЯ пЕтровА,8(9797) 37-17,2,ИгрУшКА мЯЧ,3,744.93,155.07,CoMpLETEd,Всё отлично!,11.06.2024,5590226753861590
2029944926954,09.06.2024 11:38,НАТалья вАсилЬеВА,+7 9078 61 55,3,аМУнИЦия Для собаК,5,5739.03,260.97,CompLEtEd,"Задержка с доставкой, печалька...",2024/06/21,4491415109941168
2029944926954,09.06.2024 11:38,НАТалья вАсилЬеВА,+7 9078 61 55,4,подпискА НА ГАЗЕтУ,2,1041.86,158.14,CompLETeD,"Задержка с доставкой, печалька...",2024/06/21,4491415109941168
2029944925664,2024/06/18 11:13:19,елеНа НОвИКоВа,+7 9592 88 90,2,игрушкА мяЧ,4,1011.58,188.42,comPLEtEd,Всё отлично!,20.06.2024,1219955190450472
2029944925664,2024/06/18 11:13:19,елеНа НОвИКоВа,+7 9592 88 90,2,ИГрУшКА Мяч,2,593.73,6.27,ComPLeted,Всё отлично!,20.06.2024,1219955190450472
2029944925664,2024/06/18 11:13:19,елеНа НОвИКоВа,+7 9592 88 90,5,МОлОко,2,4959.41,1040.59,ComPLeTEd,Всё отлично!,20.06.2024,1219955190450472
2029944924732,16.06.2024 11:22,оЛЬГа КУзнеЦоВа,+7 9204 28 29,4,ПОдписКа На ГаЗеТу,2,1064.54,135.46,caNcelLEd,спасибо за заказ,2024-06-15,9707159072243974
2029944923195,2024-06-08 06:40:00,АЛЕкСеЙ МиХАйЛОВ,+7 9547 37 35,3,АМУниЦИЯ длЯ соБАК,5,5258.2,741.8,ComPLEted,Ждём с нетерпением!,2024/06/29,5338844253801180
2029944923195,2024-06-08 06:40:00,АЛЕкСеЙ МиХАйЛОВ,+7 9547 37 35,2,иГРушкА мяЧ,4,1174.99,25.01,cOmPLEteD,Ждём с нетерпением!,2024/06/29,5338844253801180
2029944923195,2024-06-08 06:40:00,АЛЕкСеЙ МиХАйЛОВ,+7 9547 37 35,3,АмуНициЯ для СОбАк,5,5332.32,667.68,COMPLetEd,Ждём с нетерпением!,2024/06/29,5338844253801180
2029944923195,2024-06-08 06:40:00,АЛЕкСеЙ МиХАйЛОВ,+7 9547 37 35,1,корМ длЯ сОбаК,2,948.17,51.83,ComPlEtED,Ждём с нетерпением!,2024/06/29,5338844253801180
2029944922499,2024-06-26 11:47:55,аннА смИрновА,+7(9446)76-36,2,ИГрУшка МЯЧ,2,521.93,78.07,pROcEsSiNG,Ждём с нетерпением!,07.06.2024,0015232532058466
2029944922499,2024-06-26 11:47:55,аннА смИрновА,+7(9446)76-36,1,Корм Для СОБАк,1,464.88,35.12,pRocessing,Ждём с нетерпением!,07.06.2024,0015232532058466
2029944922499,2024-06-26 11:47:55,аннА смИрновА,+7(9446)76-36,5,моЛОко,1,2419.43,580.57,PrOCESsiNG,Ждём с нетерпением!,07.06.2024,0015232532058466
2029944921234,2024/06/21 23:36:38,МихАиЛ ОрлОВ,+7 9357 65 65,1,КОрм дЛЯ сОБаК,2,810.88,189.12,COmPLeTEd,Проверить наличие,2024-06-11,6382765130444129
2029944921234,2024/06/21 23:36:38,МихАиЛ ОрлОВ,+7 9357 65 65,2,ИГруШка Мяч,3,877.14,22.86,ComplETeD,Проверить наличие,2024-06-11,6382765130444129
2029944921234,2024/06/21 23:36:38,МихАиЛ ОрлОВ,+7 9357 65 65,5,мОЛОКо,1,2967.91,32.09,cOMplETeD,Проверить наличие,2024-06-11,6382765130444129
2029944921234,2024/06/21 23:36:38,МихАиЛ ОрлОВ,+7 9357 65 65,2,ИГРушКА мЯЧ,3,736.04,163.96,comPleTED,Проверить наличие,2024-06-11,6382765130444129
2029944921234,2024/06/21 23:36:38,МихАиЛ ОрлОВ,+7 9357 65 65,5,молоКо,1,2833.25,166.75,CoMplETeD,Проверить наличие,2024-06-11,6382765130444129
2029944920245,2024-06-22 22:45:20,МАРИЯ ПетРоВА,+7(9434)18-89,4,ПоДПиСКа НА ГАЗету,2,1118.0,82.0,completEd,Нужно уточнить сроки,2024-06-17,7977674094311817
2029944920245,2024-06-22 22:45:20,МАРИЯ ПетРоВА,+7(9434)18-89,3,амУНиЦИя ДЛя сОБак,3,3411.34,188.66,cOmpLeTed,Нужно уточнить сроки,2024-06-17,7977674094311817
2029944920245,2024-06-22 22:45:20,МАРИЯ ПетРоВА,+7(9434)18-89,3,АмунИция ДЛя собаК,2,2365.45,34.55,coMPLEteD,Нужно уточнить сроки,2024-06-17,7977674094311817
2029944920245,2024-06-22 22:45:20,МАРИЯ ПетРоВА,+7(9434)18-89,3,амуНиция длЯ соБАК,4,4420.34,379.66,cOMPLEtEd,Нужно уточнить сроки,2024-06-17,7977674094311817
2029944919452,28.06.2024 21:30,ЕлЕНа НоВиКОва,8(9526) 63-61,4,ПОдПиСкА На гАзеТУ,3,1650.01,149.99,COmPlEtEd,"Задержка с доставкой, печалька...",2024/06/20,1313799996584319
2029944919452,28.06.2024 21:30,ЕлЕНа НоВиКОва,8(9526) 63-61,4,пОДПИСка на Газету,3,1626.26,173.74,CoMpLEted,"Задержка с доставкой, печалька...",2024/06/20,1313799996584319
2029944919452,28.06.2024 21:30,ЕлЕНа НоВиКОва,8(9526) 63-61,4,ПОДпиСка На газЕту,5,2451.59,548.41,CoMpLEted,"Задержка с доставкой, печалька...",2024/06/20,1313799996584319
2029944919452,28.06.2024 21:30,ЕлЕНа НоВиКОва,8(9526) 63-61,3,амУНИЦия ДлЯ СоБак,4,4509.86,290.14,compleTed,"Задержка с доставкой, печалька...",2024/06/20,1313799996584319
2029944919452,28.06.2024 21:30,ЕлЕНа НоВиКОва,8(9526) 63-61,3,амуниЦия ДЛя СоБАк,5,5811.06,188.94,cOMpLEted,"Задержка с доставкой, печалька...",2024/06/20,1313799996584319
2029944918407,2024/06/30 21:33:05,ОльГа КузНЕЦова,+7(9654)55-47,2,ИгРУшКа МЯЧ,5,1409.41,90.59,CoMpLETed,Ждём с нетерпением!,25.06.2024,9897908747336592
2029944918407,2024/06/30 21:33:05,ОльГа КузНЕЦова,+7(9654)55-47,4,ПодПИсКа на ГАЗЕТу,4,2211.23,188.77,coMpLeTed,Ждём с нетерпением!,25.06.2024,9897908747336592
2029944918407,2024/06/30 21:33:05,ОльГа КузНЕЦова,+7(9654)55-47,1,кОрМ Для СоБаК,1,479.56,20.44,COMplEted,Ждём с нетерпением!,25.06.2024,9897908747336592
2029944918407,2024/06/30 21:33:05,ОльГа КузНЕЦова,+7(9654)55-47,5,мОлОКо,3,8059.18,940.82,coMpleteD,Ждём с нетерпением!,25.06.2024,9897908747336592
2029944918407,2024/06/30 21:33:05,ОльГа КузНЕЦова,+7(9654)55-47,5,мОЛоко,1,2831.67,168.33,coMPLeted,Ждём с нетерпением!,25.06.2024,9897908747336592
2029944917977,2024-06-19 18:16:46,АННа смИРНова,8(9441) 05-22,3,амУнИцИЯ дЛЯ сОбАК,4,4452.92,347.08,CancellED,"Задержка с доставкой, печалька...",2024/06/23,0700987519042276
2029944917977,2024-06-19 18:16:46,АННа смИРНова,8(9441) 05-22,1,кОрм дЛЯ СОбАК,3,1289.1,210.9,cANCeLleD,"Задержка с доставкой, печалька...",2024/06/23,0700987519042276
2029944917977,2024-06-19 18:16:46,АННа смИРНова,8(9441) 05-22,1,КОРм для СобаК,3,1375.33,124.67,CancELLED,"Задержка с доставкой, печалька...",2024/06/23,0700987519042276
2029944916214,29.06.2024 02:51,сЕРГей сидоРОв,8(9355) 31-80,2,игрУШКА мЯч,5,1301.56,198.44,COMPLetED,подарок вовремя,2024/06/16,6975556328642074
2029944915691,07.06.2024 00:59,НаталЬя ВАСИЛьева,8(9179) 31-22,5,мОЛОко,1,2845.12,154.88,coMPleTed,"Задержка с доставкой, печалька...",2024/06/26,4159754819928969
2029944915691,07.06.2024 00:59,НаталЬя ВАСИЛьева,8(9179) 31-22,3,аМуНИЦИЯ Для сОБАк,5,5945.2,54.8,COMpLetED,"Задержка с доставкой, печалька...",2024/06/26,4159754819928969
2029944914563,15.06.2024 11:00,МАРИЯ ПетровА,+7(9106)93-39,5,мОлОко,5,12526.97,2473.03,COmplEtEd,спасибо за заказ,19.06.2024,0895216155214198
2029944914563,15.06.2024 11:00,МАРИЯ ПетровА,+7(9106)93-39,4,поДпИсКа НА ГаЗЕТу,3,1651.34,148.66,coMPLEted,спасибо за заказ,19.06.2024,0895216155214198
2029944914563,15.06.2024 11:00,МАРИЯ ПетровА,+7(9106)93-39,2,ИГРУшКА мЯч,2,519.39,80.61,comPLetEd,спасибо за заказ,19.06.2024,0895216155214198
2029944913298,23.06.2024 19:31,дМИтриЙ кУзнЕцов,8(9108) 81-68,3,АМУНИЦия дЛЯ СобАк,3,3301.21,298.79,cOmpletEd,Всё отлично!,2024/06/28,0998797068797920
2029944913298,23.06.2024 19:31,дМИтриЙ кУзнЕцов,8(9108) 81-68,3,АмунИЦия ДЛЯ соБак,5,5525.09,474.91,cOMplEted,Всё отлично!,2024/06/28,0998797068797920
2029944913298,23.06.2024 19:31,дМИтриЙ кУзнЕцов,8(9108) 81-68,5,МоЛокО,5,12091.92,2908.08,COmplEteD,Всё отлично!,2024/06/28,0998797068797920
2029944913298,23.06.2024 19:31,дМИтриЙ кУзнЕцов,8(9108) 81-68,3,АмУниЦИЯ дЛЯ СОбак,5,5386.92,613.08,coMPleTed,Всё отлично!,2024/06/28,0998797068797920
2029944913298,23.06.2024 19:31,дМИтриЙ кУзнЕцов,8(9108) 81-68,1,корМ ДлЯ сОбАК,3,1392.04,107.96,cOmPleTed,Всё отлично!,2024/06/28,0998797068797920
2029944912812,07.06.2024 11:22,аНнА СМИРнОвА,+7 9427 84 20,2,иГрУшКа МяЧ,2,510.51,89.49,compLeTeD,Всё отлично!,2024-06-13,8743355794756770
2029944912812,07.06.2024 11:22,аНнА СМИРнОвА,+7 9427 84 20,2,игрушКа МЯЧ,1,263.27,36.73,COMpletEd,Всё отлично!,2024-06-13,8743355794756770
2029944911442,2024-06-23 13:49:41,АННА СМиРНОвА,+7(9141)28-72,5,МолОкО,3,7296.52,1703.48,CompLeTed,"Задержка с доставкой, печалька...",2024-06-11,3906203391529669
